platform,hash,path,guess_symbol,guess_type
ex5,76457d2014ea0cf99d49dea15a38cf2e,(OH) EA\(OH) 2way EA v05G.ex5,basket,unknown-ea
ex5,561f841f372811bd0244fda43f1b3ee3,(OH) EA\(Oh) Arbitrage Super Profit V04.ex5,basket,unknown-ea
ex5,e715d33f9d5dbd27416a29396bab07e1,(OH) EA\(Oh) CCI Currencies Strength ATR  Ranking Nearby  V09.ex5,basket,unknown-ea
ex5,78d2d1e6f21781aec512f2568081309e,(OH) EA\(oh) continue v06.ex5,basket,unknown-ea
ex5,d700112a0f8139746fc25040d40f5268,(OH) EA\(Oh) Elliott Wave 14 Correction Price Action v01.ex5,basket,unknown-ea
ex5,cc8296305e724e9b4123bc57a075acbe,(OH) EA\(oh) fibo gold v06.ex5,XAUUSD,unknown-ea
ex5,ed9e675bf5cee47710c4f2c87bfbe998,(OH) EA\(oh) Grid Lot Full Hedging Snowball EA .ex5,basket,grid-recovery
ex5,bec999339ffd490cac70cda803461569,(OH) EA\(Oh) Grid Upper lower V23.ex5,basket,grid-recovery
ex5,882ea5da0665dbdcfad5c92f3f9fcfae,(OH) EA\(oh) grid v04A.ex5,basket,grid-recovery
ex5,94a082a1754e256fcbd885cb45c85327,(OH) EA\(oh) grid v05.ex5,basket,grid-recovery
ex5,ca6a311dbb438f270f1b4c04f9fd0332,(OH) EA\(OH) Grid Lot Dif Hedging EA V04.ex5,basket,grid-recovery
ex5,e9b61ee75a442c8bdef9d6b620f98727,(OH) EA\(oh) Master GRID ATR Accumulative Deduction -B V23.ex5,basket,grid-recovery
ex5,ff2493c47d78a659aeadd46afcf8a366,(OH) EA\(oh) pun fix lot v05.ex5,basket,unknown-ea
ex5,14fb5e1cae4585ab8cc7477abbdaadf2,(OH) EA\(oh) pun lot hedging v15.ex5,basket,grid-recovery
ex5,2aebacc6fb9f56824f7c2547d64a4f98,(OH) EA\(oh) TP Revenge v06.ex5,basket,unknown-ea
ex5,270d677d2d7e218bf66a1d4e6473dbcd,(OH) EA\(Oh) ZZ EA V05A.ex5,basket,unknown-ea
ex5,cda93fd159731455b70af6e924ba64e1,(OH) EA\(Oh) ZZ EA V05B.ex5,basket,unknown-ea
ex5,2a32c823002a869158dc05b759a252a4,(OH) EA\(oh)  Bot V00.ex5,basket,unknown-ea
ex5,cffb6edee0892c13bf9fd0e5815dc9d1,(OH) EA\(oh)  Partial Arbitage add on lossing V04.ex5,basket,unknown-ea
ex5,1b38ce9da7a4cd45de5bd6f15d94cca6,(OH) EA\(OH) Price Action - Trend Line -Fibo -Martingale  V20.ex5,basket,grid-recovery
ex5,ead43265d6d374c68465b485bacf12d2,(OH) EA\(OH) Recovery Hedging System with SL V05.ex5,basket,grid-recovery
ex4,d82528c9a4d21cbe7d178c50ca460029,.EA OK\Broker Killer V2.2 by @SoftechFX_Robot\EA\Broker Killer v 2 .2 by @SoftechFX_Robot.ex4,basket,unknown-ea
ex4,2bdb2e814a3e6a207b636ee28c546192,.EA OK\BuRengNong201_FiniteLaser8.ex4,basket,unknown-ea
ex4,f01ac43903557d4c1b76aa48def39c7b,.EA OK\ClevrFX\ClevrFX_EA.ex4,basket,unknown-ea
ex4,df32053d28c1f31e074f6d58cee44349,.EA OK\CODE EA0608 EA_FLy_HiGhEr\EA\EA_FLy_HiGhEr.ex4,basket,unknown-ea
ex4,d0457840907e6fcca107f7bbacfb0fc4,.EA OK\EA_Golden_Elephant\EA_Golden_Elephant.ex4,XAUUSD,unknown-ea
ex4,78d9dc7f9e1f00bf81d87c0b5b7e88c3,.EA OK\eu95.ex4,basket,unknown-ea
ex4,2cb5ba92a7ccc1d35e4e1fbe378808cb,.EA OK\Forex Hacked Pro.ex4,basket,unknown-ea
ex4,77d094342c7f691965ad65f649524213,.EA OK\Forex thai\Forexthai4pip.ex4,basket,unknown-ea
ex4,a6bf584bb65540895c4a2d626b6cb078,.EA OK\Forex thai\forexthaipop.blogspot.com v.1.ex4,basket,unknown-ea
ex4,af2e5c79c9bb5aa023e9203854488a70,.EA OK\FXCore100 EA v5.1 LATEST\Fxcore100_BUY.ex4,basket,unknown-ea
ex4,5f55c1b6a3f416695b7244c8653420e1,.EA OK\FXCore100 EA v5.1 LATEST\Fxcore100_SELL.ex4,basket,unknown-ea
ex4,53a38c96ad7d07c997d26640c9cd42cd,.EA OK\Gold_Kangaroo\Gold_Kangaroo.ex4,XAUUSD,unknown-ea
ex4,be20270faab7f258b3084d1ad2e47650,".EA OK\Miracle MT4 (audcad , audnzd , nzdcad 15 min).ex4",basket,unknown-ea
ex4,c83f4820138361d39960620e6be63360,.EA OK\Money Tree EA\MQL4\Experts\MoneyTree_Buy.ex4,basket,unknown-ea
ex4,55110a476da4ada8a6c587be8168e2f9,.EA OK\Money Tree EA\MQL4\Experts\MoneyTree_Sell.ex4,basket,unknown-ea
ex4,efb47ca59aa23efc1a79ea54a1d70408,.EA OK\Money Tree EA\THE MONEY TREE ROBOT 5_fix.ex4,basket,unknown-ea
ex4,d3cbc055ae340697c9fc0485d552a4a7,.EA OK\Money Tree EA\THE MONEY TREE ROBOT.ex4,basket,unknown-ea
ex4,f82634e7b41f0d9e53991a6e2d798608,.EA OK\North East Way EA\MQL4\Experts\North East Way _V1.306_Fix .ex4,basket,unknown-ea
ex5,cf52ebb5ed7573a12fcf417c53645c69,.EA OK\North East Way EA\MQL5\Experts\North East Way MT5 v1.309_fix.ex5,basket,unknown-ea
ex4,806dd97810e0a46cbd538e5c34d9ee00,.EA OK\OverRich 88 V9\experts\Over Rich 88 V9_fix.ex4,basket,unknown-ea
ex4,abde8ba06af8d8e30afc16447c524b87,.EA OK\PipFinite EA\Expert\PipFinite_EA.ex4,basket,unknown-ea
ex4,abc73c546d86d4db0d527c0954704f04,.EA OK\Scalper Inside PRO v4.4 (no dll)\Scalper Inside PRO v4.4 @SoftechFX_Robot.ex4,basket,scalper
ex4,916d26d7fa2b75a94cc317d9af1a3698,.EA OK\TPS SUPER FIGHTER FIX @FinTechFx\EA\TPS Super Fighter EA_fix.ex4,basket,unknown-ea
ex5,2d25b70f456364158007eef16a9f3082,.EA OK\TradeGPT MT5\TradeGPT MT5 @PaidCrackedEA\EA\TradeGPT.ex5,basket,unknown-ea
ex4,89dea5bc7eedf1d2c2a9b4e7a0378fa1,.EA OK\Waka Waka EA V4.37 No DLL.ex4,basket,unknown-ea
ex4,ab9198b79a7171f5e06a4b1a3f1c5951,.Forexbookthai\.EA\.Not work\Link DL Hedging Profit EA v2\Link DL Hedging Profit EA v2 - Copy\Experts\Hedgingprofit EA v2.ex4,basket,grid-recovery
ex4,abd11e995330cf887b501a962212cd28,.Forexbookthai\.EA\1-AW Recovery\Experts\AW Recovery EA V3.3_NEW.ex4,basket,grid-recovery
ex4,b5a8ae8722993ea60cd64fbbd8c1dcec,.Forexbookthai\.EA\2-Equity Sentry\Equity Sentry v1.4c.ex4,basket,unknown-ea
ex4,b745c68bc327f2f4f43111b94060742c,.Forexbookthai\.EA\3-Rescue Bot\Rescue EA 456 OZ.ex4,basket,unknown-ea
ex4,0de720a673333b6237f84752f3bfc30d,.Forexbookthai\.EA\4-Mood\Experts\Mood 2.0.ex4,basket,unknown-ea
ex4,9e2dfee92bafa48efdd5a7d5aee5c5e4,.Forexbookthai\.EA\5-EA Close All Assist\Close All Assist.ex4,basket,unknown-ea
ex4,182d9c2d8a60eb063bfcda2fce7f2175,.Forexbookthai\.EA\EA Simulator v2\Link download EA Simulator v2\Experts\EA Simulator v202.ex4,basket,unknown-ea
ex4,3b8f6b81bc2c94e384a37001e00e02ba,.Forexbookthai\.EA\Link Download EA+VPS set 6990-20241008T104328Z-001\Link Download EA+VPS set 6990\Expert+Preset\Set3 Apadana\Experts\Apandana Golden V2.ex4,XAUUSD,unknown-ea
ex4,a5ff9a8c215e35ab2dbbc18837c1b580,.Forexbookthai\.EA\Link Download EA+VPS set 6990-20241008T104328Z-001\Link Download EA+VPS set 6990\Expert+Preset\Set4 Elise Hedging EA\Experts\Elise Hedging EA.ex4,basket,grid-recovery
ex4,68213855c036cafd2dd7c87bb330abdf,.Forexbookthai\.EA\Link Download EA+VPS set 6990-20241008T104328Z-001\Link Download EA+VPS set 6990\Expert+Preset\Set5 Alpha Striker SMC\Experts\Alpha Striker SMC.ex4,basket,unknown-ea
ex4,00d642752349f03f6657ed2dd4f3c179,.Forexbookthai\.EA\Link Download Grid V3\Experts\Hybrid-Grid v3.ex4,basket,grid-recovery
ex4,36866ad35cf2d7bda1651f278f441936,.Forexbookthai\.EA\Link Download Grid V3\Experts\ตัวเดโม่-ใช้ทดสอบกับเดโม่ก่อนใช้งานจริง\Hybrid-Grid v3 Demo.ex4,basket,grid-recovery
ex4,b6d3ef16747dfee8e7f3a973c9383c04,.Forexbookthai\EA\Link DL AI GEN XII\AI Gen XII EA V1.6 MT4 (1420+)\Experts\AI Gen XII v1.6.ex4,basket,unknown-ea
ex4,624e043f4967577b560444ea983c2ff6,.Forexbookthai\EA\Link DL AI GEN XII\AI Gen XII EA V1.90\Experts\AI Gen XII 1.9.ex4,basket,unknown-ea
ex4,752796306dde86892c2329586418a73b,.Forexbookthai\EA\Link DL AI GEN XII\AI Gen XII EA V2.3 MT4 (1421)\Experts\AI Gen XII v2.3 build 1421.ex4,basket,unknown-ea
ex4,5f990eb239ba172b591fc12f35c88642,.Forexbookthai\EA\Link DL AI GEN XII\AI_GEN_XII_EA_v2.9_Unlimit\MQL4\Experts\AI Gen XII MT4_2.6-fix.ex4,basket,unknown-ea
ex4,cb2d5de5420f142dfde04cb3b8562c05,.Forexbookthai\EA\Link DL AI GEN XII\AI_GEN_XII_EA_v2.9_Unlimit\MQL4\Experts\AI Gen XII MT4_2.71_fix.ex4,basket,unknown-ea
ex4,0ef3122614b823c01c8e4997b961de46,.Forexbookthai\EA\Link DL AI GEN XII\AI_GEN_XII_EA_v2.9_Unlimit\MQL4\Experts\AI Gen XII MT4_2.8_fix.ex4,basket,unknown-ea
ex4,cd3e529acea21a42288334ab5c076396,.Forexbookthai\EA\Link DL AI GEN XII\AI_GEN_XII_EA_v2.9_Unlimit\MQL4\Experts\AI Gen XII MT4_2.9_fix.ex4,basket,unknown-ea
ex4,60335dac02cd3d982c5e6a2be1ad7fcb,.Forexbookthai\EA\Link DL Atomic Analyst\Atomic Analyst.ex4,basket,unknown-ea
ex4,4dde8777ae22f550d4f882a48a1540b4,.Forexbookthai\EA\Link DL Aura Super Star\Aura Superstar MT4\Aura Superstar.ex4,basket,unknown-ea
ex5,bcb6add26c79b62f938b3c9d58f3b785,.Forexbookthai\EA\Link DL Aura Super Star\Aura Superstar MT5\Aura Superstar MT5.ex5,basket,unknown-ea
ex4,3d3a77a088349fa463dbf44d17afc933,.Forexbookthai\EA\Link DL Evening Scalper Pro\Experts\Evening Scalper Pro (fix no dll).ex4,basket,scalper
ex4,138d2edfc9236b00351a445e55cf803f,.Forexbookthai\EA\Link DL Evening Scalper Pro\Experts\Evening Scalper Pro 2.29.ex4,basket,scalper
ex4,810da6cf6e6aea0d7d63017859dd5c91,.Forexbookthai\EA\Link DL Evening Scalper Pro\Experts\Evening Scalper Pro 2.51.ex4,basket,scalper
ex4,239dfb8ac442fc8cfe0cfb5d2b50a073,.Forexbookthai\EA\Link DL Friday Pro\Experts\Friday Pro MT4-1.6.ex4,basket,unknown-ea
ex4,a38e20eb30b05b269f97c511f5b44fcb,.Forexbookthai\EA\Link DL Golden Garden\Experts\Gold Garden MT4_fix 1420 new.ex4,XAUUSD,unknown-ea
ex4,9a10b70c9886c4d608263d89fe88880e,.Forexbookthai\EA\Link DL Golden PickAxe\Experts\Golden Pickaxe V1.53 No DLL.ex4,XAUUSD,unknown-ea
ex4,780922619157773ec049205aa2870fe7,.Forexbookthai\EA\Link DL Golden PickAxe\Experts\Golden Pickaxe V2.19_fix.ex4,XAUUSD,unknown-ea
ex4,3feb855fd4d5c287d55e4ba5e658f9a2,.Forexbookthai\EA\Link DL Hercules\Experts\Hercules AI.ex4,basket,unknown-ea
ex4,aa9a7968f369ca266bf0e90808bc8123,.Forexbookthai\EA\Link DL Hunter Night\v6.28\Experts\Night Hunter Pro without DLL.ex4,basket,unknown-ea
ex4,8db8e1ba0851f835a6f86f670e693d86,.Forexbookthai\EA\Link DL Hunter Night\v6.56\Night Hunter Pro 6.56.ex4,basket,unknown-ea
ex4,bc5286bc3e9594dcfff4c695ee48e908,.Forexbookthai\EA\Link DL Yetti\Experts\Yetti 3.03.ex4,basket,unknown-ea
ex4,524261604c32105ec8470678f11affd0,.Forexbookthai\EA\Link download The power of Gold\The Power of Gold MT4_fix.ex4,XAUUSD,unknown-ea
ex4,08c2e8eb6aae4d9a1da4d219fb933d36,.Forexbookthai\EA\Link download Trade Assistance EA\Experts\Trade Assistant MT4_9.8_fix.ex4,basket,unknown-ea
ex4,e3a0397f637c4b6598a311a1d078a30c,.Forexbookthai\Jan 24\Link Download EA Sim v3.31\Experts\EA Simulator v331.ex4,basket,unknown-ea
ex4,5feb06b49d67b1e4bca159e5c140d78a,.Forexbookthai\Jan 24\MQL4\Experts\Close-all-panal.ex4,basket,unknown-ea
ex4,7003c71002e06e9290a6ab886a98f854,.Forexbookthai\Jan 24\MQL4\Experts\CloseTrades_After_Account_Loss_TooMuch.ex4,basket,unknown-ea
ex4,ae24c48d54d784268b9c2c7cb9b5a582,.Forexbookthai\Jan 24\MQL4\Experts\CloseTrades_After_Account_Profit_Reached.ex4,basket,unknown-ea
ex4,6e5aff5dc713abfccb445ce0c842db6b,.Forexbookthai\MQL4\Experts\100 pips daily scalper.ex4,basket,scalper
ex4,65881857acebffe27d86089b556fcb5d,.Forexbookthai\MQL4\Experts\AK47 Sniper.ex4,basket,unknown-ea
ex4,b32bdb9e492d2e6e97cb6a97377fd1ca,.Forexbookthai\MQL4\Experts\EA Dolly 1.09_all.ex4,basket,unknown-ea
ex4,3867bd54361ac9fa49cb9354c38d0487,.Forexbookthai\MQL4\Experts\SecretProfitLevels.ex4,basket,unknown-ea
ex4,bd4d3ea5cd3604b302826e0e1d92c13c,2024-03\Budak Ubat v1.70_fix\Budak Ubat v1.70_fix.ex4,basket,unknown-ea
ex4,4c30e0f403cc67ceb7a1821356bf87cd,2024-03\BuRengNong2071_FiniteTrendPro\BuRengNong2071_FiniteTrendPro.ex4,basket,trend
ex4,7aa2a0265862d8c0a40835812534872e,2024-03\Cash Freezing Ver. 2\Cash Freezing Ver. 2.ex4,basket,unknown-ea
ex5,feb18d5160aa45274fbc199cdffeb849,2024-03\Correlation EA MT5\Correlation EA MT5\Correlation EA 24.ex5,basket,unknown-ea
ex4,8e3e63d87e9256aea21e3f1e31b6dbaf,2024-03\EA Gold Stuff_fix\EA Gold Stuff_fix.ex4,XAUUSD,unknown-ea
ex4,635790cc86be5a35d27700c7bb5b63a2,2024-03\EA ok\Forex Recovery\Forex Recovery Bot MT4 (2).ex4,basket,grid-recovery
ex4,fd71ae5bdaa5ec6c239db70789a4515f,2024-03\EA ok\Forex Recovery\Forex Recovery Bot MT4.ex4,basket,grid-recovery
ex4,acbe69deb01d86f6753a33a1f04bcaa0,2024-03\EA ok\ProfitInfo Mark-C.ex4,basket,unknown-ea
ex4,935e4d99386f970e2193a414ba8d5bfd,2024-03\EA ok\ProfitInfo Mark-D.ex4,basket,unknown-ea
ex4,ebe43948a9cc281ebe677f4aa2da7a78,2024-03\FXOB_SD_RANGES_v6.035_Fixed\__MACOSX\._FXOB_SD_RANGES_v6.035_Fixed @EaFXSeller.ex4,basket,unknown-ea
ex4,7043f00a931dbc6a80177f4db0a491d2,2024-03\FXOB_SD_RANGES_v6.035_Fixed\FXOB_SD_RANGES_v6.035_Fixed @EaFXSeller.ex4,basket,unknown-ea
ex4,31ce8d7c93e363378438b3efa0b2c967,2024-03\GOLD Impulse with Alert No DLL\__MACOSX\._GOLD Impulse with Alert No DLL.ex4,XAUUSD,unknown-ea
ex4,1dc8b85408d8a9cf05a36011e527ea93,2024-03\GOLD Impulse with Alert No DLL\GOLD Impulse with Alert No DLL.ex4,XAUUSD,unknown-ea
ex4,f1aba1b3bc7263fe1e95eac46ce30a1f,2024-03\Gold_rush_pro_Fixed\gold_rush_pro_Fixed.ex4,XAUUSD,unknown-ea
ex4,01b2ae374c06104cca2c273a48af0949,2024-03\HalfTrend MTF with channels alerts\HalfTrend MTF with channels alerts.ex4,basket,trend
ex4,0244b3b6522afcc089b2684e4c22bb62,2024-03\Happy thaipop\Happy thaipop.ex4,basket,unknown-ea
ex4,3671cabc3aa8981b5231389e600fda48,2024-03\Hua-Koi v1.09\Hua-Koi v1.09.ex4,basket,unknown-ea
ex4,53ae2ea78abe9765785e60ef617e16a2,2024-03\Lot Driver F19 rebate v2\Lot Driver F19 rebate v2.ex4,basket,unknown-ea
ex4,20722d895659083f797018c1f6ce744f,2024-03\Lot2.1 2024.05.25\Lot2.1 2024.05.25\EA_Lot_1.ex4,basket,unknown-ea
ex4,5144b315a8538f23f0878d00f40a1e80,2024-03\Lot2.1 2024.05.25\Lot2.1 2024.05.25\EA_Lot_2.1.ex4,basket,unknown-ea
ex5,805505cf4ccbe10cc6c6f10cb158c999,2024-03\Lot2.1 2024.05.25\Lot2.1 2024.05.25\EA_Lot_2.1.ex5,basket,unknown-ea
ex4,88594daf3afa5b252449b8a1be72af52,2024-03\Lot2.1 2024.05.25\Lot2.1 2024.05.25\EA_Lot_2.ex4,basket,unknown-ea
ex5,c8ae1d055ad606b0ee0ed2fe81a109be,2024-03\Lot2.1 2024.05.25\Lot2.1 2024.05.25\EA_Lot_2.ex5,basket,unknown-ea
ex4,7bde1684b1aa443453912a893bc29c3f,2024-03\Lot2.1 2024.05.25\Lot2.1 2024.05.25\FAST_AI.ex4,basket,unknown-ea
ex4,6994a676767b30bbc1ec47811b945a1f,2024-03\Lot2.1 2024.05.25\Lot2.1 2024.05.25\FAST_Rebalance.ex4,basket,unknown-ea
ex4,b8fd1eb0c9c61670a923202f7dddfb81,2024-03\Lot2.1 2024.05.25\Lot2.1 2024.05.25\FAST_RebalanceV2.ex4,basket,unknown-ea
ex4,787b5575f9bf44f904dc62b763c672b8,2024-03\Lot2.1 2024.05.25\Lot2.1 2024.05.25\LotAll _3.1.ex4,basket,unknown-ea
ex4,7613bb9ef209c428295354e6837fc6e3,2024-03\Lot2.1 2024.05.25\Lot2.1 2024.05.25\LotALL3.ex4,basket,unknown-ea
ex4,a63132187e1a37cac51c27cd0651f140,2024-03\Lotte v17.04.06\Lotte v17.04.06.ex4,basket,unknown-ea
ex4,bb5080c21fabef3bb36e209bf570777e,2024-03\Order Dialog\Order Dialog.ex4,basket,unknown-ea
ex4,dd9aabc3833190c11bb91696e49a15f6,2024-06\ACC info Mark-B by NVF\ACC info Mark-B by NVF.ex4,basket,unknown-ea
ex4,8a981bc5ef3708606d550d5b6bc6a5f1,2024-06\CITY-GOLD HUNTER PROx2_fix (3)\CITY-GOLD HUNTER PROx2_fix (3).ex4,XAUUSD,unknown-ea
ex4,f1801a74558b1d978a76e6147b118a34,2024-06\Correlation Fix Build1420+\Correlation Fix Build1420+.ex4,basket,unknown-ea
ex4,d275d11d166b0e110da235d1f497bf40,2024-06\CP_GOLD_M5\CP_GOLD_M5\MQL4\Experts\CommunityPower 2.58.3.ex4,XAUUSD,unknown-ea
ex4,b36ccc3f9dadacf10cdbab775100bc7c,2024-06\DanceT\DanceT.ex4,basket,unknown-ea
ex4,bb2b9dd8a1b02fb889f4f1fd9b5c7c32,2024-06\EA-Gold-Stuff\EA-Gold-Stuff.ex4,XAUUSD,unknown-ea
ex4,6b087bd1ae64a1825fe265056b863d04,2024-06\EA. MACD divergence  V1.3\EA. MACD divergence  V1.3.ex4,basket,trend
ex4,27fd196ca1eda6a2c6cdd8616e34384a,2024-06\Exp - Assistant 57 NEW 20240503\Exp - Assistant 57 NEW 20240503.ex4,basket,unknown-ea
ex4,1b73caa25ea7bcc9b5f5c1b1dd956601,2024-06\Flexy The Dragon v2.8\Flexy The Dragon v2.8.ex4,basket,unknown-ea
ex4,3b8e006fe1f55fc33e4744d532121a40,2024-06\Forex Correlation EA_fix2\Forex Correlation EA_fix2.ex4,basket,unknown-ea
ex4,428a39d58f656ca3c2292ff264135cef,2024-06\Forex Correlation EA_fix\Forex Correlation EA_fix.ex4,basket,unknown-ea
ex4,13e758b58710bf495c2b3fa0e9d489e3,2024-06\FREE EA-20240608T074321Z-001\FREE EA\!Retrace Finder CCI.ex4,basket,unknown-ea
ex4,972eada71b495dc018cf77a69d7d05be,2024-06\FREE EA-20240608T074321Z-001\FREE EA\#KG Support and Resistance Alert_Revision 2.ex4,basket,unknown-ea
ex4,9e4cb8ab4caff8ce91962288f23585dc,2024-06\FREE EA-20240608T074321Z-001\FREE EA\#Macd.ex4,basket,trend
ex4,62851782dc6f9780785b05054d2ce7f7,2024-06\FREE EA-20240608T074321Z-001\FREE EA\#MTF Forex freedom Bar.ex4,basket,unknown-ea
ex4,36dc7f85ad54e1c2a4b62682625fe0c5,2024-06\FREE EA-20240608T074321Z-001\FREE EA\#MTF_CCI.ex4,basket,unknown-ea
ex4,092a9a20fecd4b9381d054de1fe21663,2024-06\FREE EA-20240608T074321Z-001\FREE EA\#TrainingTrader v2.ex4,basket,unknown-ea
ex4,aaa8efef5dfedd06ec5206d9fa7e4932,2024-06\FREE EA-20240608T074321Z-001\FREE EA\#TrainingTrader.ex4,basket,unknown-ea
ex4,97f446be39d00194ad4f6ea1df749063,2024-06\FREE EA-20240608T074321Z-001\FREE EA\0 - Session H-Line with Targets and Alerts.ex4,basket,unknown-ea
ex4,8780ce1a4b781442d90ca55c9b5fb8a2,2024-06\FREE EA-20240608T074321Z-001\FREE EA\0 - SL_Close_BE_Reverse.ex4,basket,unknown-ea
ex4,b6f23ed236df7092e702425345ce6415,2024-06\FREE EA-20240608T074321Z-001\FREE EA\1 MINUTE SCALPER.ex4,basket,scalper
ex4,d42ae29489440be71f27840d3910359a,2024-06\FREE EA-20240608T074321Z-001\FREE EA\1-ABHAFXS.ex4,basket,unknown-ea
ex4,e99b10ecae17b3792eb11c22f6a4512e,2024-06\FREE EA-20240608T074321Z-001\FREE EA\10-AutochartistALPARI.ex4,basket,unknown-ea
ex4,8591ec4439a692fec1d4535e19696957,2024-06\FREE EA-20240608T074321Z-001\FREE EA\100 pips a day_perky_mod21.ex4,basket,unknown-ea
ex4,ac2856e40533cf334ea5446bbb4dc5ea,2024-06\FREE EA-20240608T074321Z-001\FREE EA\100-GPzigzag.ex4,basket,unknown-ea
ex4,ef1be1fed03e92ec867251a6c69f26c3,2024-06\FREE EA-20240608T074321Z-001\FREE EA\101-GreatTradeMACDColor.ex4,basket,trend
ex4,af3b3b2303bb3b757a010b10ff3183d2,2024-06\FREE EA-20240608T074321Z-001\FREE EA\102-GreatTradeMACDColordemo.ex4,basket,trend
ex4,0e719cfd8d4db0b318aeae62148610d3,2024-06\FREE EA-20240608T074321Z-001\FREE EA\103-GreatTraderFT.ex4,basket,unknown-ea
ex4,a0b4da682f9a606df83381dc3b3e13c6,2024-06\FREE EA-20240608T074321Z-001\FREE EA\104-GreatTraderFTdemo.ex4,basket,unknown-ea
ex4,9f778c93378812adb0d83542bd65897b,2024-06\FREE EA-20240608T074321Z-001\FREE EA\105-GreatTraderNLD.ex4,basket,unknown-ea
ex4,a91f9e81db9ee867997f162c119eebe7,2024-06\FREE EA-20240608T074321Z-001\FREE EA\106-GreatTraderNLDdemo.ex4,basket,unknown-ea
ex4,a4d89fbed74579a09020be3ba881d992,2024-06\FREE EA-20240608T074321Z-001\FREE EA\107-GreatTraderPW.ex4,basket,unknown-ea
ex4,2deabd451261a324f3ba4509bda5a40f,2024-06\FREE EA-20240608T074321Z-001\FREE EA\108-GreatTraderPWdemo.ex4,basket,unknown-ea
ex4,29b686eec4517eabcff7d1cec7440e83,2024-06\FREE EA-20240608T074321Z-001\FREE EA\109-GreatTraderTLSM.ex4,basket,unknown-ea
ex4,bea239fc7fffbb54d5d0b6276498fd94,2024-06\FREE EA-20240608T074321Z-001\FREE EA\10pipsOnceADayOppositeLastNHourTrend.ex4,basket,trend
ex4,6767c31a751f931dabac34c353f95416,2024-06\FREE EA-20240608T074321Z-001\FREE EA\11-BARS.ex4,basket,unknown-ea
ex4,d68ca7ce0bcc2bb27b1d4fbf47294764,2024-06\FREE EA-20240608T074321Z-001\FREE EA\110-GreatTraderTLSMdemo.ex4,basket,unknown-ea
ex4,a55ba8a0f4ddad2ce3d0ca1d780a477e,2024-06\FREE EA-20240608T074321Z-001\FREE EA\111-gtrm.ex4,basket,unknown-ea
ex4,22bceb7459c13173e012d982389b6e2a,2024-06\FREE EA-20240608T074321Z-001\FREE EA\112-Guard.ex4,basket,unknown-ea
ex4,1c082816c672f473136e7867295c7f44,2024-06\FREE EA-20240608T074321Z-001\FREE EA\113-HeikenAshikuskus.ex4,basket,unknown-ea
ex4,5a1056d489a9cf71ad41b64c1e36afca,2024-06\FREE EA-20240608T074321Z-001\FREE EA\114-HeikenAshiSWAlert.ex4,basket,unknown-ea
ex4,903caed2defab563d5ae0507ba627312,2024-06\FREE EA-20240608T074321Z-001\FREE EA\115-HIDDENChannel.ex4,basket,unknown-ea
ex4,49ec70b7fbd8ac7bdcaa769590cb56ed,2024-06\FREE EA-20240608T074321Z-001\FREE EA\116-HIDDENTREND.ex4,basket,trend
ex4,7b1d7741831c06716b43bdc0706d65a8,2024-06\FREE EA-20240608T074321Z-001\FREE EA\117-HIDDENVOLNA.ex4,basket,unknown-ea
ex4,601c27816c8601355becf1cb7bc124db,2024-06\FREE EA-20240608T074321Z-001\FREE EA\118-HMAColornrp.ex4,basket,unknown-ea
ex4,02d13f21a88dfd6ba13b84f1f41161a8,2024-06\FREE EA-20240608T074321Z-001\FREE EA\119-IBFXCPR.ex4,basket,unknown-ea
ex4,2b1e34c49a7d6a6e281cb0e4364ddda3,2024-06\FREE EA-20240608T074321Z-001\FREE EA\12-BBandsStopvBAR.ex4,basket,unknown-ea
ex4,4674fe5fcb05f9aac04fe02f19860887,2024-06\FREE EA-20240608T074321Z-001\FREE EA\120-iCassierWorkTime.ex4,basket,unknown-ea
ex4,f880e09861d7bb7be24cc7b008ea72a7,2024-06\FREE EA-20240608T074321Z-001\FREE EA\121-ILRCAHA.ex4,basket,unknown-ea
ex4,13c6f8113c0abaf3ec3bf5638f190a0e,2024-06\FREE EA-20240608T074321Z-001\FREE EA\122-ILRCSignalAHA.ex4,basket,unknown-ea
ex4,e228620dee94da042af0b9c911bbd933,2024-06\FREE EA-20240608T074321Z-001\FREE EA\123-Info.ex4,basket,unknown-ea
ex4,089e7bd57bcd78b44952916b805def84,2024-06\FREE EA-20240608T074321Z-001\FREE EA\124-iOneThird.ex4,basket,unknown-ea
ex4,c03c1371d01181cd05cec6b000b86c1e,2024-06\FREE EA-20240608T074321Z-001\FREE EA\12431_Happy Fast Money v1.3.ex4,basket,unknown-ea
ex4,ff6ae8eaa678576158e4e0898d2c72b3,2024-06\FREE EA-20240608T074321Z-001\FREE EA\125-iSadukey.ex4,basket,unknown-ea
ex4,5813c735ff3f81fea0eb82e6c35057b6,2024-06\FREE EA-20240608T074321Z-001\FREE EA\126-iSessions.ex4,basket,unknown-ea
ex4,5d861a7653fade1556d9fa716882dd1b,2024-06\FREE EA-20240608T074321Z-001\FREE EA\127-KGPRICEACTIONDETECTOR.ex4,basket,unknown-ea
ex4,375a24f46e148c5dfead0290813de4e5,2024-06\FREE EA-20240608T074321Z-001\FREE EA\128-KGRangeCalculatorHLC.ex4,basket,unknown-ea
ex4,da534e2a1e55c8dda8eb1a5e72a56ccc,2024-06\FREE EA-20240608T074321Z-001\FREE EA\129-LaguerreACS.ex4,basket,unknown-ea
ex4,cd8dc5a6626e8dc9266a1254e87044d3,2024-06\FREE EA-20240608T074321Z-001\FREE EA\13-BBandsStopvrdb.ex4,basket,unknown-ea
ex4,27bcaebd6b9d4d17b43b68ab71efaf63,2024-06\FREE EA-20240608T074321Z-001\FREE EA\132-LauncherTRXFinal.ex4,basket,unknown-ea
ex4,8a6c3c5d28ea8085249ffaebc39a9637,2024-06\FREE EA-20240608T074321Z-001\FREE EA\133-LRCChannel.ex4,basket,unknown-ea
ex4,1c45499228c7583d0861f6a59e162562,2024-06\FREE EA-20240608T074321Z-001\FREE EA\134-LRCChannelD.ex4,basket,unknown-ea
ex4,75c98a3df6d2f1b973d1dcd369c5f667,2024-06\FREE EA-20240608T074321Z-001\FREE EA\135-MACDColour.ex4,basket,trend
ex4,df8ed372129dba7c0b202841183317f5,2024-06\FREE EA-20240608T074321Z-001\FREE EA\136-MACDMeter.ex4,basket,trend
ex4,c71e15d6fd393c95c4d36f7838a6cc6d,2024-06\FREE EA-20240608T074321Z-001\FREE EA\137-MACDTraditional.ex4,basket,trend
ex4,61930179c98df80be1931d6d9ef88c78,2024-06\FREE EA-20240608T074321Z-001\FREE EA\138-MAXNonLagMA.ex4,basket,unknown-ea
ex4,97b40d5d8cf33baf854aa6193e162e31,2024-06\FREE EA-20240608T074321Z-001\FREE EA\139-menitIndikator.ex4,basket,unknown-ea
ex4,055a5f9ebb216acb9c2091ea98957b6a,2024-06\FREE EA-20240608T074321Z-001\FREE EA\14-BinaryMath.ex4,basket,unknown-ea
ex4,f634815ffb4095611da8dea5a7085b62,2024-06\FREE EA-20240608T074321Z-001\FREE EA\140-MF.ex4,basket,unknown-ea
ex4,c9ffdf840eefc44196583236c948b536,2024-06\FREE EA-20240608T074321Z-001\FREE EA\141-MFCandles.ex4,basket,unknown-ea
ex4,dc64d866c74c5b2816c3dacf092ddde9,2024-06\FREE EA-20240608T074321Z-001\FREE EA\142-MPiHB.ex4,basket,unknown-ea
ex4,b63de882f08cde8793fe094a765b6672,2024-06\FREE EA-20240608T074321Z-001\FREE EA\143-MTArrZZx.ex4,basket,unknown-ea
ex4,a5772d0e444bafcfaff9df029c9b7312,2024-06\FREE EA-20240608T074321Z-001\FREE EA\144-MTArrZZxl.ex4,basket,unknown-ea
ex4,7c422ee38eb6ece32de7a509090683a7,2024-06\FREE EA-20240608T074321Z-001\FREE EA\145-MTClock.ex4,basket,unknown-ea
ex4,c62f2667d460f4f2a16a867283ae148b,2024-06\FREE EA-20240608T074321Z-001\FREE EA\146-MTFBrainTrendSig.ex4,basket,trend
ex4,79fb7e4a3af8ef2fa656c8b982cd5318,2024-06\FREE EA-20240608T074321Z-001\FREE EA\147-MTFBrainTrendSiground.ex4,basket,trend
ex4,7e3060cb32032a251237cffdb3d0d325,2024-06\FREE EA-20240608T074321Z-001\FREE EA\148-mtfchampion.ex4,basket,unknown-ea
ex4,fab0c028916399712feb3b6f90fc455e,2024-06\FREE EA-20240608T074321Z-001\FREE EA\149-MTFChannel.ex4,basket,unknown-ea
ex4,7bc49966f79653872896900378c2ba51,2024-06\FREE EA-20240608T074321Z-001\FREE EA\15 MINUTE SCALPER.ex4,basket,scalper
ex4,595d3073be148328394475d22e6f1cd9,2024-06\FREE EA-20240608T074321Z-001\FREE EA\15-BollingerBandsStop.ex4,basket,unknown-ea
ex4,9c05737e97d5db4ce995dbe589c59275,2024-06\FREE EA-20240608T074321Z-001\FREE EA\150-MTFPIVOTS.ex4,basket,unknown-ea
ex4,3fc37737e7acfca988985a543d5fc9d8,2024-06\FREE EA-20240608T074321Z-001\FREE EA\151-MTLWMA.ex4,basket,unknown-ea
ex4,a50d9dbc89148d141be6fb8fa683cc06,2024-06\FREE EA-20240608T074321Z-001\FREE EA\152-MTPrice.ex4,basket,unknown-ea
ex4,a7397b27d87f5ab2888d9aaa4ecc3f68,2024-06\FREE EA-20240608T074321Z-001\FREE EA\153-MTSemaforAlert.ex4,basket,unknown-ea
ex4,a20faf51d1edbaaa7fd6628d3c59bf47,2024-06\FREE EA-20240608T074321Z-001\FREE EA\154-MTSSLColor.ex4,basket,unknown-ea
ex4,4dd42edc420be6c3b6ec954d5b38c40a,2024-06\FREE EA-20240608T074321Z-001\FREE EA\155-MTStochastic.ex4,basket,unknown-ea
ex4,96dc162ffab4c8ec8cecf0366a9539b8,2024-06\FREE EA-20240608T074321Z-001\FREE EA\156-MTTJ.ex4,basket,unknown-ea
ex4,2ce786e2e395e2e98525576b978785d7,2024-06\FREE EA-20240608T074321Z-001\FREE EA\157-MTZigZag.ex4,basket,unknown-ea
ex4,989b5f501ae5ba135e3f2ea328f643fa,2024-06\FREE EA-20240608T074321Z-001\FREE EA\159-NeutralHedgeOverlay.ex4,basket,grid-recovery
ex4,6c865ccca3b6c99897c705d285c4ddaf,2024-06\FREE EA-20240608T074321Z-001\FREE EA\16-CCImulti.ex4,basket,unknown-ea
ex4,0f48a7d8ff525bde029e793c8a67eb7c,2024-06\FREE EA-20240608T074321Z-001\FREE EA\160-Nex4tMove.ex4,basket,unknown-ea
ex4,38c0ac2478806da6b9c4b58d6cac6dcf,2024-06\FREE EA-20240608T074321Z-001\FREE EA\161-NNEATrendPredictorPro.ex4,basket,trend
ex4,54bfbabc864e847de86f79c88a333c14,2024-06\FREE EA-20240608T074321Z-001\FREE EA\162-NOGEIS.jrUSDJPY.ex4,basket,unknown-ea
ex4,29cb6fff0c8d85d67ccbc301d153b11a,2024-06\FREE EA-20240608T074321Z-001\FREE EA\163-NRTRRoshveAlertmtf.ex4,basket,unknown-ea
ex4,7eeab29aaa0419cfabc22ddb1c6abd81,2024-06\FREE EA-20240608T074321Z-001\FREE EA\164-PalladaBB.ex4,basket,unknown-ea
ex4,bec77ef8589bbe098c51676f65703510,2024-06\FREE EA-20240608T074321Z-001\FREE EA\165-PalladaBBSig.ex4,basket,unknown-ea
ex4,d3f60a7ca4add915591a55df02c577e3,2024-06\FREE EA-20240608T074321Z-001\FREE EA\166-PalladaCommentator.ex4,basket,unknown-ea
ex4,ecbf56e1deff6c519da895fe9ea418ff,2024-06\FREE EA-20240608T074321Z-001\FREE EA\167-PalladaEA.DCEA.ex4,basket,unknown-ea
ex4,55fde92abc8eac7ff6fa4aff209bd90c,2024-06\FREE EA-20240608T074321Z-001\FREE EA\168-Palladaex4itSignal.ex4,basket,unknown-ea
ex4,caef5574199ff872b8e7a23bd01d522f,2024-06\FREE EA-20240608T074321Z-001\FREE EA\169-PalladaMainSignal.ex4,basket,unknown-ea
ex4,09124dcf8385557f8d036e130ac44936,2024-06\FREE EA-20240608T074321Z-001\FREE EA\17-ChannelSurfer.ex4,basket,unknown-ea
ex4,fd64d6aa46938ac37e0e13e41d6ae522,2024-06\FREE EA-20240608T074321Z-001\FREE EA\170-PalladaMTFCI.ex4,basket,unknown-ea
ex4,ba8a91186a93622b9d1a7486588dc002,2024-06\FREE EA-20240608T074321Z-001\FREE EA\171-PalladaMTFVQI.ex4,basket,unknown-ea
ex4,6c1313fecad1911f947f19cbd6a0e218,2024-06\FREE EA-20240608T074321Z-001\FREE EA\172-PalladaMTFWPRSTO.ex4,basket,unknown-ea
ex4,492f7e5436c3a45d109cfd51d11e4970,2024-06\FREE EA-20240608T074321Z-001\FREE EA\173-PalladaNLMA.ex4,basket,unknown-ea
ex4,18ff88f1e9879b22393427e804107766,2024-06\FREE EA-20240608T074321Z-001\FREE EA\174-PalladaSignalBoard.ex4,basket,unknown-ea
ex4,530796f728af827c3f8bb264794902b0,2024-06\FREE EA-20240608T074321Z-001\FREE EA\175-PalladaTrendPower.ex4,basket,trend
ex4,312662494b0899b016738ea85a3354dc,2024-06\FREE EA-20240608T074321Z-001\FREE EA\176-PalladaVelosity.ex4,basket,unknown-ea
ex4,5cae3af0e5632ccb5f59a383214d0b02,2024-06\FREE EA-20240608T074321Z-001\FREE EA\177-PalladaVolatmeter.ex4,basket,unknown-ea
ex4,df12e33ae2a49495f96ff23fd29565eb,2024-06\FREE EA-20240608T074321Z-001\FREE EA\178-PalladaVQI.ex4,basket,unknown-ea
ex4,151260b70fe088969db9651b7e222df2,2024-06\FREE EA-20240608T074321Z-001\FREE EA\179-PalladaVQIAllAverages.ex4,basket,unknown-ea
ex4,788353df04f2dc3c1b387f46690e2552,2024-06\FREE EA-20240608T074321Z-001\FREE EA\18-ChaosArrZZx.ex4,basket,unknown-ea
ex4,b69a6b26d7e04e8f40d3fcd2c4542fb4,2024-06\FREE EA-20240608T074321Z-001\FREE EA\180-pdfsnaketrend.ex4,basket,trend
ex4,9c924f57e8778dbe7d39ccee2d5828a7,2024-06\FREE EA-20240608T074321Z-001\FREE EA\181-pfddot.ex4,basket,unknown-ea
ex4,1863af0beca653fe50b778e1781060f2,2024-06\FREE EA-20240608T074321Z-001\FREE EA\182-pfdfiretrend.ex4,basket,trend
ex4,a0c7a125bbdc7f44dfc054f550e7553d,2024-06\FREE EA-20240608T074321Z-001\FREE EA\183-pfdflat.ex4,basket,unknown-ea
ex4,509ed2d26ee1a3ab19f51e904645d46e,2024-06\FREE EA-20240608T074321Z-001\FREE EA\184-pfdforcetrend.ex4,basket,trend
ex4,7246bca52a6f805a5a19ba9b67acdec7,2024-06\FREE EA-20240608T074321Z-001\FREE EA\185-pfdsigkom.ex4,basket,unknown-ea
ex4,548fc8b7f393c028ad9f2934b11ef373,2024-06\FREE EA-20240608T074321Z-001\FREE EA\186-pfdsnaketrend.ex4,basket,trend
ex4,e704deb6b4a3d4cdadea368cb619fee2,2024-06\FREE EA-20240608T074321Z-001\FREE EA\187-pfdturbo.ex4,basket,unknown-ea
ex4,101593d2a72ffe058ed7f571667c7606,2024-06\FREE EA-20240608T074321Z-001\FREE EA\188-pfdvol.ex4,basket,unknown-ea
ex4,338ca82664e5bd7731606e1e03183aac,2024-06\FREE EA-20240608T074321Z-001\FREE EA\19-ChaosClock.ex4,basket,unknown-ea
ex4,03b5d10e5c50e19ff9bc3efad55a5026,2024-06\FREE EA-20240608T074321Z-001\FREE EA\190-pipwarecharts.ex4,basket,unknown-ea
ex4,97d5854ae898bfe7f75f83df593413c6,2024-06\FREE EA-20240608T074321Z-001\FREE EA\191-pipwarecompass.ex4,basket,unknown-ea
ex4,c420decba0e39a0bd475ab81223b2aa9,2024-06\FREE EA-20240608T074321Z-001\FREE EA\193-pipwarethvtrix.ex4,basket,unknown-ea
ex4,f307db47575c6b480bd1091f98274590,2024-06\FREE EA-20240608T074321Z-001\FREE EA\194-PivotpointvTex4T.ex4,basket,unknown-ea
ex4,f6a63b1dc987cd261fab282adeae476d,2024-06\FREE EA-20240608T074321Z-001\FREE EA\195-PivotsMonthly.ex4,basket,unknown-ea
ex4,a06d1c636c451a10c6df217da121261f,2024-06\FREE EA-20240608T074321Z-001\FREE EA\196-PivotsWeekly.ex4,basket,unknown-ea
ex4,e52e8ef8a805461a12320abd0bff9b74,2024-06\FREE EA-20240608T074321Z-001\FREE EA\197-PreviousHighsAndLows.ex4,basket,unknown-ea
ex4,bef72c61e9b1694c91220cb88f563eb5,2024-06\FREE EA-20240608T074321Z-001\FREE EA\198-ProFx.ex4,basket,unknown-ea
ex4,2d75921205fdb9907b2236b29a74c3b8,2024-06\FREE EA-20240608T074321Z-001\FREE EA\199-QMovingAverage.ex4,basket,unknown-ea
ex4,17d01361eb436289e48a36d4631f0a49,2024-06\FREE EA-20240608T074321Z-001\FREE EA\1ClickCloseAllv01.ex4,basket,unknown-ea
ex4,694a51286f034b92d59a0d3a886bd040,2024-06\FREE EA-20240608T074321Z-001\FREE EA\1ClickCloseAllv03.ex4,basket,unknown-ea
ex4,6ee2dd798f00532db67363443b4123c8,2024-06\FREE EA-20240608T074321Z-001\FREE EA\2-ADX.ex4,basket,unknown-ea
ex4,c1b683987f12b772097a31ad919bef88,2024-06\FREE EA-20240608T074321Z-001\FREE EA\20-ChaosEntry.ex4,basket,unknown-ea
ex4,022c76e165ba6f20568eb0cafc97d8d4,2024-06\FREE EA-20240608T074321Z-001\FREE EA\200-QQEAD.ex4,basket,unknown-ea
ex4,2303d5d53cf838360421ac1b6a9662e0,2024-06\FREE EA-20240608T074321Z-001\FREE EA\201-QQEAlert.ex4,basket,unknown-ea
ex4,150e187c3bf480244bfd66cc9c35aaa6,2024-06\FREE EA-20240608T074321Z-001\FREE EA\202-quantumfilter.ex4,basket,unknown-ea
ex4,a4af7110ac16b4e8874fd17d881b8f6e,2024-06\FREE EA-20240608T074321Z-001\FREE EA\2020 iExposure alerts.ex4,basket,unknown-ea
ex4,6111d6cafc9225a4e748c26fd9b2ebc0,2024-06\FREE EA-20240608T074321Z-001\FREE EA\2020 ZigZag.ex4,basket,unknown-ea
ex4,a71b36309495342ddb363219cad0478b,2024-06\FREE EA-20240608T074321Z-001\FREE EA\2020.ex4,basket,unknown-ea
ex4,bcbf7b8afcc126f08cfa29ed55b04f7d,2024-06\FREE EA-20240608T074321Z-001\FREE EA\2020v2.ex4,basket,unknown-ea
ex4,cd9d786f528bee3aacd066329df15c1d,2024-06\FREE EA-20240608T074321Z-001\FREE EA\203-quantumfilterosc.ex4,basket,unknown-ea
ex4,6c29e39e34cf69900fb71469575d4cb1,2024-06\FREE EA-20240608T074321Z-001\FREE EA\204-quantumfiltersignals.ex4,basket,unknown-ea
ex4,80eda47ee838366716d49fe41361a96a,2024-06\FREE EA-20240608T074321Z-001\FREE EA\205-RadsT.ex4,basket,unknown-ea
ex4,929df9e4059b9066124f7c9640fc974a,2024-06\FREE EA-20240608T074321Z-001\FREE EA\206-rdbMARibbon.ex4,basket,unknown-ea
ex4,5a854da536e8903351311435b0e503dd,2024-06\FREE EA-20240608T074321Z-001\FREE EA\207-rdbMARibbonmtf.ex4,basket,unknown-ea
ex4,bd76192ec4f3bb5073161701d0b90a46,2024-06\FREE EA-20240608T074321Z-001\FREE EA\208-realMACD.ex4,basket,trend
ex4,386eff7b7eea1f95b0f00799a8c28f29,2024-06\FREE EA-20240608T074321Z-001\FREE EA\209-RSIdi.ex4,basket,unknown-ea
ex4,faa9b2cd9998ab72a4d0071eaea9a1b2,2024-06\FREE EA-20240608T074321Z-001\FREE EA\21-ChaosHeikenAshi.ex4,basket,unknown-ea
ex4,926fa471178383988162f46f629e0407,2024-06\FREE EA-20240608T074321Z-001\FREE EA\210-RSITCNEW.ex4,basket,unknown-ea
ex4,eb705364f2507cb1c72829b85c125a1c,2024-06\FREE EA-20240608T074321Z-001\FREE EA\211-SEFC.ex4,basket,unknown-ea
ex4,31c54904e192f74f23c493e13ee3f382,2024-06\FREE EA-20240608T074321Z-001\FREE EA\212-SEMIS.jrAUDCAD.ex4,basket,unknown-ea
ex4,87db94106632a5f177b964c66a01d16a,2024-06\FREE EA-20240608T074321Z-001\FREE EA\213-SEMIS.jrCHFJPY.ex4,basket,unknown-ea
ex4,2437ead9ac93f0b11eef2771af5f320c,2024-06\FREE EA-20240608T074321Z-001\FREE EA\214-SEMIS.jrGBPJPY.ex4,basket,unknown-ea
ex4,9413f13d5512dc4427c4d5f392bc1f18,2024-06\FREE EA-20240608T074321Z-001\FREE EA\215-SEMIS.jrUSDJPY.ex4,basket,unknown-ea
ex4,63c3a3d3e5d5d8c7ee3a5a762c69e22f,2024-06\FREE EA-20240608T074321Z-001\FREE EA\216-SHIAlex4Tron.ex4,basket,unknown-ea
ex4,72dd80c16694a1dcdaa0e020a60af67b,2024-06\FREE EA-20240608T074321Z-001\FREE EA\217-SHIChannelMTF.ex4,basket,unknown-ea
ex4,ec75533912dc1b7e074e8891a38e16b5,2024-06\FREE EA-20240608T074321Z-001\FREE EA\218-SHISIGNALARROW.ex4,basket,unknown-ea
ex4,6f9a6ba89b8456bfa73ebf4f5cb0a251,2024-06\FREE EA-20240608T074321Z-001\FREE EA\219-SHMA.ex4,basket,unknown-ea
ex4,8cc55ba6f26b5347601fe301705d9562,2024-06\FREE EA-20240608T074321Z-001\FREE EA\22-ChaosMoneyLine.ex4,basket,unknown-ea
ex4,2b2054eb4543c443971e43bb184c69ad,2024-06\FREE EA-20240608T074321Z-001\FREE EA\220-signalbarsareon.ex4,basket,unknown-ea
ex4,c555b900f73267ca82112b4dbf1095a7,2024-06\FREE EA-20240608T074321Z-001\FREE EA\221-SignalBarsD.ex4,basket,unknown-ea
ex4,e23968da26ce8fa4c23816bd0b7918d1,2024-06\FREE EA-20240608T074321Z-001\FREE EA\222-SlopeDirectionLineAlert.ex4,basket,unknown-ea
ex4,6c4852981a8fce759385426bbad3be94,2024-06\FREE EA-20240608T074321Z-001\FREE EA\223-smCScalperCandles.ex4,basket,scalper
ex4,38361fc83543d64352ca8e7d998bf5b3,2024-06\FREE EA-20240608T074321Z-001\FREE EA\224-smEmptyWindow.ex4,basket,unknown-ea
ex4,b9545368c0e3a5b35c974f8d1b2d5ca4,2024-06\FREE EA-20240608T074321Z-001\FREE EA\225-smHullMavg.ex4,basket,unknown-ea
ex4,ba60ce2a149dea22f58ca9af7f2828f9,2024-06\FREE EA-20240608T074321Z-001\FREE EA\226-smSuperTRIXPcol.ex4,basket,unknown-ea
ex4,a1b3509f71079cff6e2fede4ab20a6f1,2024-06\FREE EA-20240608T074321Z-001\FREE EA\227-SnakeBorders.ex4,basket,unknown-ea
ex4,b26f0a1dccfa32116fab905c75215688,2024-06\FREE EA-20240608T074321Z-001\FREE EA\228-SpreadandRange.ex4,basket,unknown-ea
ex4,9fb0df600e2ddb1632512af77aab6634,2024-06\FREE EA-20240608T074321Z-001\FREE EA\229-sRsTrendRiderAlert.ex4,basket,trend
ex4,6a53a445c316f56869787985ab419032,2024-06\FREE EA-20240608T074321Z-001\FREE EA\23-ChaosOscillator.ex4,basket,unknown-ea
ex4,8e2f2ff1d1ceed5c042dc278a3e81702,2024-06\FREE EA-20240608T074321Z-001\FREE EA\231-SSC.ex4,basket,unknown-ea
ex4,5dec088709caea5f3b74666969944c68,2024-06\FREE EA-20240608T074321Z-001\FREE EA\232-StatusMonitor.ex4,basket,unknown-ea
ex4,e2b3c3f782c312a4fc0a2d26f207dc52,2024-06\FREE EA-20240608T074321Z-001\FREE EA\233-StealthBUYSELL.ex4,basket,unknown-ea
ex4,1b06b8acb999c1e3f37455db1227ec00,2024-06\FREE EA-20240608T074321Z-001\FREE EA\234-StealthEarlybird.ex4,basket,unknown-ea
ex4,f1ca4b5f6237924b00ab101091c1728e,2024-06\FREE EA-20240608T074321Z-001\FREE EA\235-StealthHybrid.ex4,basket,unknown-ea
ex4,798f5572152415c84e56c52894d50438,2024-06\FREE EA-20240608T074321Z-001\FREE EA\236-StealthLCD.ex4,basket,unknown-ea
ex4,499fa0209d80af141aa82c0ec0a69f83,2024-06\FREE EA-20240608T074321Z-001\FREE EA\237-Stop.ex4,basket,unknown-ea
ex4,897bdc179553c7d71be343ed74d35cc3,2024-06\FREE EA-20240608T074321Z-001\FREE EA\238-StratmanMiniChart.ex4,basket,unknown-ea
ex4,e9305105a3aea72c31e3c366bd57ebb4,2024-06\FREE EA-20240608T074321Z-001\FREE EA\239-SwissArmyMixedhisto.ex4,basket,unknown-ea
ex4,95b76afbe294dea69f0434a97397a4b9,2024-06\FREE EA-20240608T074321Z-001\FREE EA\24-ChaosRSIOMA.ex4,basket,unknown-ea
ex4,7c292afb94f9b729726f7749c6753d40,2024-06\FREE EA-20240608T074321Z-001\FREE EA\240-SyncAdx.ex4,basket,unknown-ea
ex4,a9e9387ef7937abce4a318d4b68b7215,2024-06\FREE EA-20240608T074321Z-001\FREE EA\241-SyncCandles.ex4,basket,unknown-ea
ex4,a2d9441006e7613601d6f193859c12e3,2024-06\FREE EA-20240608T074321Z-001\FREE EA\242-SyncDynamicZoneFastStochastic.ex4,basket,unknown-ea
ex4,4a458a4cdfcf185dcda2ef8be26715fa,2024-06\FREE EA-20240608T074321Z-001\FREE EA\243-SyncDynamicZoneRSI.ex4,basket,unknown-ea
ex4,3d384472aa5e261118b823b963e8af64,2024-06\FREE EA-20240608T074321Z-001\FREE EA\244-SyncDynamicZoneSlowStochastic.ex4,basket,unknown-ea
ex4,89234ddcf5b3e2d6fe4d918eaca391ca,2024-06\FREE EA-20240608T074321Z-001\FREE EA\245-SyncDynamicZoneStochastic.ex4,basket,unknown-ea
ex4,10757178c2fb435d1e03e5355b4ef9e6,2024-06\FREE EA-20240608T074321Z-001\FREE EA\246-SyncHeikenAshi.ex4,basket,unknown-ea
ex4,e84650bab23efad9ee1a88015b647a48,2024-06\FREE EA-20240608T074321Z-001\FREE EA\247-SyncMA.ex4,basket,unknown-ea
ex4,0e454fdb30960b39d3a006985b6535bc,2024-06\FREE EA-20240608T074321Z-001\FREE EA\248-SyncMAPredictionLong.ex4,basket,unknown-ea
ex4,5cb2b39e5d6bc97cd6d1df318ba81f09,2024-06\FREE EA-20240608T074321Z-001\FREE EA\249-SyncMAPredictionShort.ex4,basket,unknown-ea
ex4,0e223cf49033fda45da529c130ae5df9,2024-06\FREE EA-20240608T074321Z-001\FREE EA\25-ChaosSignal.ex4,basket,unknown-ea
ex4,d4fb763d2789ec88f69563dfe944aa75,2024-06\FREE EA-20240608T074321Z-001\FREE EA\250-SyncMomentumAll.ex4,basket,unknown-ea
ex4,6dd73f5ac66d32da44fab6aff526af35,2024-06\FREE EA-20240608T074321Z-001\FREE EA\251-SyncMomentumBegin.ex4,basket,unknown-ea
ex4,5741f8b60f588165866aa16f657c3518,2024-06\FREE EA-20240608T074321Z-001\FREE EA\252-SyncMomentumIndex4.ex4,basket,unknown-ea
ex4,66190fdedc81f5c760d4198f811fb0c5,2024-06\FREE EA-20240608T074321Z-001\FREE EA\253-SyncNumb.ex4,basket,unknown-ea
ex4,fd0f98a675462617fd3173be0a1ff9a8,2024-06\FREE EA-20240608T074321Z-001\FREE EA\254-SyncOverallTrendAnalyzer.ex4,basket,trend
ex4,8b37c852966303b61cf2fcbc143d2030,2024-06\FREE EA-20240608T074321Z-001\FREE EA\256-SyncPriceChannel.ex4,basket,unknown-ea
ex4,9a9b3c00cd85c689ac9ceb50419be125,2024-06\FREE EA-20240608T074321Z-001\FREE EA\257-SyncTradingSystem.ex4,basket,unknown-ea
ex4,612a839421e3a42b93170be2a6f8bbdc,2024-06\FREE EA-20240608T074321Z-001\FREE EA\259-SyncVolatility.ex4,basket,unknown-ea
ex4,5ae46068f81ad4729aa38e1ca6fddbed,2024-06\FREE EA-20240608T074321Z-001\FREE EA\26-ChaosTAlpha.ex4,basket,unknown-ea
ex4,5712c43cc8f759036cceacb865f70c81,2024-06\FREE EA-20240608T074321Z-001\FREE EA\260-SyncZigZag.ex4,basket,unknown-ea
ex4,2dc8434006d052f152da02c17d0aa169,2024-06\FREE EA-20240608T074321Z-001\FREE EA\261-TabEMA.ex4,basket,unknown-ea
ex4,2bc44f44b632b8444b3c9ad65868e4c8,2024-06\FREE EA-20240608T074321Z-001\FREE EA\262-TanganJiwa.ex4,basket,unknown-ea
ex4,e55626e77d2befeb320251fb1ceaf73f,2024-06\FREE EA-20240608T074321Z-001\FREE EA\263-TH.Trix.ex4,basket,unknown-ea
ex4,26e2380105083f181d128acd290c8c9b,2024-06\FREE EA-20240608T074321Z-001\FREE EA\264-THCloudMTF.ex4,basket,unknown-ea
ex4,66f42abff10cbd9fc1c6ea76c528ef04,2024-06\FREE EA-20240608T074321Z-001\FREE EA\265-THCoralTH.ex4,basket,unknown-ea
ex4,1069adea289670c0d5a65a0dce995649,2024-06\FREE EA-20240608T074321Z-001\FREE EA\266-TheSecretTFPSARBar.ex4,basket,unknown-ea
ex4,fcb0d836d558f4f83344f0cc8ebba636,2024-06\FREE EA-20240608T074321Z-001\FREE EA\267-TheSecretTR.ex4,basket,unknown-ea
ex4,32fef9ffe0265364b665ba93bdf8375e,2024-06\FREE EA-20240608T074321Z-001\FREE EA\268-THHA.ex4,basket,unknown-ea
ex4,8c59ab1f368027715949ffd43111f6db,2024-06\FREE EA-20240608T074321Z-001\FREE EA\27-ChaosTimeFrame.ex4,basket,unknown-ea
ex4,c983c0d55d9338a625e9beeb9e62f208,2024-06\FREE EA-20240608T074321Z-001\FREE EA\270-THRSI.ex4,basket,unknown-ea
ex4,b96268b735ff7024e6768f16bce917bc,2024-06\FREE EA-20240608T074321Z-001\FREE EA\271-THTrix.ex4,basket,unknown-ea
ex4,151bc8e057bfc35d99cb9488f1312bbf,2024-06\FREE EA-20240608T074321Z-001\FREE EA\272-THTrixcalled.ex4,basket,unknown-ea
ex4,ec380241adf8d055907ad2f303644df7,2024-06\FREE EA-20240608T074321Z-001\FREE EA\273-THTRIXMTF.ex4,basket,unknown-ea
ex4,caa75ab3e6b20a2a6079ed7edb76c50a,2024-06\FREE EA-20240608T074321Z-001\FREE EA\274-THTzPivotsDBlack.ex4,basket,unknown-ea
ex4,f5bb346af158d24fb272bb06536feccc,2024-06\FREE EA-20240608T074321Z-001\FREE EA\275-THTzPivotsMWBlack.ex4,basket,unknown-ea
ex4,08c91acb68a66e1ce4f1e9d06a2c52ee,2024-06\FREE EA-20240608T074321Z-001\FREE EA\276-THVATRPips.ex4,basket,unknown-ea
ex4,c39f562587fa73d6aed1dcc863339ec2,2024-06\FREE EA-20240608T074321Z-001\FREE EA\277-THVCandleClock.ex4,basket,unknown-ea
ex4,011433a0efcd7060ac2166c39a26ea8b,2024-06\FREE EA-20240608T074321Z-001\FREE EA\278-thvchophistoBar..ex4,basket,unknown-ea
ex4,bec9b74e6cd142ea70349ef5d2566f97,2024-06\FREE EA-20240608T074321Z-001\FREE EA\279-THVCoral.ex4,basket,unknown-ea
ex4,9effc2aa535b72087123819d4493190b,2024-06\FREE EA-20240608T074321Z-001\FREE EA\28-ChaosTrendLine.ex4,basket,trend
ex4,c7ee4441ce3730f90907e821fc019c03,2024-06\FREE EA-20240608T074321Z-001\FREE EA\280-THVCoralTHICK.ex4,basket,unknown-ea
ex4,48cb9bc1a9c66c6c55de1b1b1c62222a,2024-06\FREE EA-20240608T074321Z-001\FREE EA\281-THVFFCal.ex4,basket,unknown-ea
ex4,0283c755b7d79d14c24b8b96d6fb9b68,2024-06\FREE EA-20240608T074321Z-001\FREE EA\282-THVGann.ex4,basket,unknown-ea
ex4,d7dccec91c76b9953a9643a002ae480f,2024-06\FREE EA-20240608T074321Z-001\FREE EA\283-THVHA.ex4,basket,unknown-ea
ex4,88766539e641aa48ca6a002ea37742dd,2024-06\FREE EA-20240608T074321Z-001\FREE EA\284-THVMarketHours.ex4,basket,unknown-ea
ex4,9a6bc9ea80d672fc3adb8f149387728c,2024-06\FREE EA-20240608T074321Z-001\FREE EA\285-THVMMPrice.ex4,basket,unknown-ea
ex4,e82f84c44c4dd494d505283ce3d62108,2024-06\FREE EA-20240608T074321Z-001\FREE EA\286-THVolumesEnhanced.ex4,basket,unknown-ea
ex4,5c81647a9e784243f6862fcf65cbf2f9,2024-06\FREE EA-20240608T074321Z-001\FREE EA\287-THVSDXTzPivots.ex4,basket,unknown-ea
ex4,0087f0df163ac335bb3922b19ce4613b,2024-06\FREE EA-20240608T074321Z-001\FREE EA\289-THVtrend.ex4,basket,trend
ex4,ec4ecf49b492677183cd9243f2176971,2024-06\FREE EA-20240608T074321Z-001\FREE EA\29-ChaosWave.ex4,basket,unknown-ea
ex4,1d7703ce6335c90fbaf055127b129983,2024-06\FREE EA-20240608T074321Z-001\FREE EA\290-THVTrix.Di.ex4,basket,unknown-ea
ex4,22b0d46212bfbc7c0efcbfbdd3bd7746,2024-06\FREE EA-20240608T074321Z-001\FREE EA\291-TOIS.jrEURJPYGBPCHF.ex4,basket,unknown-ea
ex4,07eadfb1ed5778f169ca94948cbfa65a,2024-06\FREE EA-20240608T074321Z-001\FREE EA\292-TraderWawasanBands.ex4,basket,unknown-ea
ex4,6881d3d90a8f357fa27776cbeee5dfc4,2024-06\FREE EA-20240608T074321Z-001\FREE EA\293-TraderWawasanBTsing.ex4,basket,unknown-ea
ex4,505390c516341db1609bc1b4d84fef9c,2024-06\FREE EA-20240608T074321Z-001\FREE EA\294-TraderwawasanGA.ex4,basket,unknown-ea
ex4,64528daebb38b9cb56a51fd588d44cc4,2024-06\FREE EA-20240608T074321Z-001\FREE EA\295-TraderWawasanHA.ex4,basket,unknown-ea
ex4,14080336ec2e3a9cf5186ea89e68c9ff,2024-06\FREE EA-20240608T074321Z-001\FREE EA\296-TraderWawasanHADM.ex4,basket,unknown-ea
ex4,d123cb347d4533998a52810b27778e03,2024-06\FREE EA-20240608T074321Z-001\FREE EA\297-TraderWawasanIndiRantai.ex4,basket,unknown-ea
ex4,06998a843d8aeed780382f4d8ba9caed,2024-06\FREE EA-20240608T074321Z-001\FREE EA\298-TraderWawasanMACD.ex4,basket,trend
ex4,5af01457fb637b6ac8c3d5116ecc6efa,2024-06\FREE EA-20240608T074321Z-001\FREE EA\299-TraderWawasanTE.ex4,basket,unknown-ea
ex4,26243fcc389152db60b773b6ba63f293,2024-06\FREE EA-20240608T074321Z-001\FREE EA\3 M A-C R O S S - I N V E R S E . V3.ex4,basket,unknown-ea
ex4,b27251c85bd9dc0364c3047a884476b6,2024-06\FREE EA-20240608T074321Z-001\FREE EA\3-antGUBreakout..ex4,basket,breakout
ex4,8ecb1932279385d3d2beae3d4990cc38,2024-06\FREE EA-20240608T074321Z-001\FREE EA\3-EMA-Cross-Inverse.ex4,basket,unknown-ea
ex4,256541c37a5d9868a1d020e126736802,2024-06\FREE EA-20240608T074321Z-001\FREE EA\3-EMA-Cross-NoClose.ex4,basket,unknown-ea
ex4,35599c00c3df52f7257a85566f6d8df8,2024-06\FREE EA-20240608T074321Z-001\FREE EA\30 BAY.ex4,basket,unknown-ea
ex4,d069f30533b6aba0ed146b8b6d2ee0e7,2024-06\FREE EA-20240608T074321Z-001\FREE EA\30 SEEL.ex4,basket,unknown-ea
ex4,cbb8969aaa1ae62efe660f58372a4828,2024-06\FREE EA-20240608T074321Z-001\FREE EA\30-ChaosZigZag.ex4,basket,unknown-ea
ex4,a76cfd2d1aff36f83da4f84af0ed2fc7,2024-06\FREE EA-20240608T074321Z-001\FREE EA\300-TraderWawasantimehalerter.ex4,basket,unknown-ea
ex4,b922eb98d2b38f58685a5a8cee3ab651,2024-06\FREE EA-20240608T074321Z-001\FREE EA\301-TrendBars.ex4,basket,trend
ex4,46bad5aaf971f9aeb6fc569e64f906ac,2024-06\FREE EA-20240608T074321Z-001\FREE EA\302-TrendFollowZeron.ex4,basket,trend
ex4,44a4a9110dd28311f875949bf89a350d,2024-06\FREE EA-20240608T074321Z-001\FREE EA\303-Trends.ex4,basket,trend
ex4,3f7c6b383c3844be30ec3bf3de3228b5,2024-06\FREE EA-20240608T074321Z-001\FREE EA\304-TrendSLsl.ex4,basket,trend
ex4,3952afa510364ad9553722e862350642,2024-06\FREE EA-20240608T074321Z-001\FREE EA\305-TurboJRSX.ex4,basket,unknown-ea
ex4,87f303a677b1fcac659e14c5d903fad3,2024-06\FREE EA-20240608T074321Z-001\FREE EA\306-ULTRATREND.ex4,basket,trend
ex4,31c75a539f97b08eb25bd3287aed97b3,2024-06\FREE EA-20240608T074321Z-001\FREE EA\307-UltraWizard.ex4,basket,unknown-ea
ex4,e259f4d6c342dac5f3b20145b12a6d15,2024-06\FREE EA-20240608T074321Z-001\FREE EA\308-varmo.ex4,basket,unknown-ea
ex4,60041a7bf4306b8442163f5152f0a449,2024-06\FREE EA-20240608T074321Z-001\FREE EA\309-VENOMA.ex4,basket,unknown-ea
ex4,7287b56cfab354161f491774117e218b,2024-06\FREE EA-20240608T074321Z-001\FREE EA\31-CrownHeadandShoulders.ex4,basket,unknown-ea
ex4,06b466cecc8237a564f7815086c205c6,2024-06\FREE EA-20240608T074321Z-001\FREE EA\310-VENOMB.ex4,basket,unknown-ea
ex4,eba1f05e77bcd99016c8d17661c6479c,2024-06\FREE EA-20240608T074321Z-001\FREE EA\311-Voltameter.ex4,basket,unknown-ea
ex4,3b3269cab3f64600f94c4c2f36f4eece,2024-06\FREE EA-20240608T074321Z-001\FREE EA\312-WaddahAttarex4plosion.ex4,basket,unknown-ea
ex4,728af2d883f0bebee3661cfc56afd770,2024-06\FREE EA-20240608T074321Z-001\FREE EA\313-WATR.ex4,basket,unknown-ea
ex4,ef2b4bc704ee1f8ed5adf084a09f01ba,2024-06\FREE EA-20240608T074321Z-001\FREE EA\314-wha.ex4,basket,unknown-ea
ex4,dfa91c69b4fc3d5ac4b3897fa2cdad19,2024-06\FREE EA-20240608T074321Z-001\FREE EA\315-whaa.ex4,basket,unknown-ea
ex4,075e938a4ef0bf09d8b7069dfba3de00,2024-06\FREE EA-20240608T074321Z-001\FREE EA\316-WSSA.ex4,basket,unknown-ea
ex4,a8fdcd873c81a9914d1fcb54ade5d659,2024-06\FREE EA-20240608T074321Z-001\FREE EA\317-WSSB.ex4,basket,unknown-ea
ex4,5f817be95a13bd068f30548b67037815,2024-06\FREE EA-20240608T074321Z-001\FREE EA\318-WSSC.ex4,basket,unknown-ea
ex4,f66773364faaedab074beb79ebfd4daa,2024-06\FREE EA-20240608T074321Z-001\FREE EA\319-WSSD.ex4,basket,unknown-ea
ex4,0113b931be04d26ea132498f275337dc,2024-06\FREE EA-20240608T074321Z-001\FREE EA\32-Cubex4.ex4,basket,unknown-ea
ex4,9209b7b69429cb74c4b87c95191e8824,2024-06\FREE EA-20240608T074321Z-001\FREE EA\320-WSSE.ex4,basket,unknown-ea
ex4,80502a4884f96ab57943e510075bfd46,2024-06\FREE EA-20240608T074321Z-001\FREE EA\321-WSSF.ex4,basket,unknown-ea
ex4,ee8170172898139fb2a1e43bb708eb7a,2024-06\FREE EA-20240608T074321Z-001\FREE EA\322-WSSG.ex4,basket,unknown-ea
ex4,758eab4ba0c3f8542095f639df12807d,2024-06\FREE EA-20240608T074321Z-001\FREE EA\323-WSSGraphics.ex4,basket,unknown-ea
ex4,1637589a79102a36e06916e76c8e7881,2024-06\FREE EA-20240608T074321Z-001\FREE EA\324-WSSH.ex4,basket,unknown-ea
ex4,5bd7592f2b5c1f83cce66cb03828ebac,2024-06\FREE EA-20240608T074321Z-001\FREE EA\325-WSSI.ex4,basket,unknown-ea
ex4,f0a154a35c56062bf5c448d0a9fccd4b,2024-06\FREE EA-20240608T074321Z-001\FREE EA\326-WSSJ.ex4,basket,unknown-ea
ex4,a4cb6698b9c20f2f7074f82dea0d1080,2024-06\FREE EA-20240608T074321Z-001\FREE EA\327-WSSK.ex4,basket,unknown-ea
ex4,484a8689a8517b867a627d3d87995553,2024-06\FREE EA-20240608T074321Z-001\FREE EA\328-WSSL.ex4,basket,unknown-ea
ex4,6384c73f739a750f3b28f9c7118814be,2024-06\FREE EA-20240608T074321Z-001\FREE EA\329-WSSM.ex4,basket,unknown-ea
ex4,b7083bc3a962f5f7c57bf32375e8eefa,2024-06\FREE EA-20240608T074321Z-001\FREE EA\330-wtmbar.ex4,basket,unknown-ea
ex4,474ad6e962e386015577c761938b1b25,2024-06\FREE EA-20240608T074321Z-001\FREE EA\331-wtmbase.ex4,basket,unknown-ea
ex4,cdc8bba2047cac3f6262a69c98cbc4bc,2024-06\FREE EA-20240608T074321Z-001\FREE EA\332-wtmlinecomments.ex4,basket,unknown-ea
ex4,44a25f224b974ccbfdf031fc3aaa557c,2024-06\FREE EA-20240608T074321Z-001\FREE EA\333-Xardwin.ex4,basket,unknown-ea
ex4,39418670a110b84958d3d8b19202aed8,2024-06\FREE EA-20240608T074321Z-001\FREE EA\334-XForecaster.ex4,basket,unknown-ea
ex4,28074c1154f1a4ffd585edb48f958bfe,2024-06\FREE EA-20240608T074321Z-001\FREE EA\335-xMeterMTF.ex4,basket,unknown-ea
ex4,fa0c9472accfeed738f087d0257208dc,2024-06\FREE EA-20240608T074321Z-001\FREE EA\336-XTanganJiwa.ex4,basket,unknown-ea
ex4,12b77bdba95ab851e25c36200dbb09f1,2024-06\FREE EA-20240608T074321Z-001\FREE EA\337-XTCTrend.ex4,basket,trend
ex4,a186a235a3c237b9db223c30086e743b,2024-06\FREE EA-20240608T074321Z-001\FREE EA\338-Zeron.ex4,basket,unknown-ea
ex4,78f6d190f5371ee52893030f7fd238d5,2024-06\FREE EA-20240608T074321Z-001\FREE EA\339-ZIGZAGFRACTALS.ex4,basket,unknown-ea
ex4,45af5409e4f12b1ff4a81d8f21b2faaa,2024-06\FREE EA-20240608T074321Z-001\FREE EA\34-cyberkreatifBrainTrendSingAlert.ex4,basket,trend
ex4,091dddd16b1c8c777f405ad7a77e1dea,2024-06\FREE EA-20240608T074321Z-001\FREE EA\340-ZUP.ex4,basket,unknown-ea
ex4,f24eb576e3ae5a6cf9e677c21f0ab1a5,2024-06\FREE EA-20240608T074321Z-001\FREE EA\341-zzf.ex4,basket,unknown-ea
ex4,3ad8e15772cfbde0a6125788b99b3061,2024-06\FREE EA-20240608T074321Z-001\FREE EA\35-cyberkreatifBrainTrendSingAlertMultiTime.ex4,basket,trend
ex4,27d4b110b5e1c3aa6abb795757f219c9,2024-06\FREE EA-20240608T074321Z-001\FREE EA\36-D.T.FIS.jrEURUSD.ex4,basket,unknown-ea
ex4,fd37c0bddbf9e42934f436f75e52dc80,2024-06\FREE EA-20240608T074321Z-001\FREE EA\37-DailyData.ex4,basket,unknown-ea
ex4,b76617e51fcd4ef33e85e463a6a9b0ca,2024-06\FREE EA-20240608T074321Z-001\FREE EA\38-Dailyrange.ex4,basket,unknown-ea
ex4,7ae5db1e7876c8b976268720b36ccc1f,2024-06\FREE EA-20240608T074321Z-001\FREE EA\39-DiDiIndex4.ex4,basket,unknown-ea
ex4,4ee7881f031d2deef9071187d7e43654,2024-06\FREE EA-20240608T074321Z-001\FREE EA\3agleEA.ex4,basket,unknown-ea
ex4,660a162d44595122f5b16f72f1889d06,2024-06\FREE EA-20240608T074321Z-001\FREE EA\3MA-CROSSv01.ex4,basket,unknown-ea
ex4,76bbc76ecdd27bdc681a87c40d872ca3,2024-06\FREE EA-20240608T074321Z-001\FREE EA\4-antiflet.ex4,basket,unknown-ea
ex4,30182e12202905b8afbf9cccb65e423c,2024-06\FREE EA-20240608T074321Z-001\FREE EA\40-Dinfibohigh.ex4,basket,unknown-ea
ex4,a5d4008958598d0a9ef1bce773566a24,2024-06\FREE EA-20240608T074321Z-001\FREE EA\41-DollyGraphicsvGMTShift.ex4,basket,unknown-ea
ex4,d7d2fa0910ce38c0c9510a14e2846271,2024-06\FREE EA-20240608T074321Z-001\FREE EA\42-Dollyvultimaforex4.ex4,basket,unknown-ea
ex4,ebd52fb0c30c4210599647774827058a,2024-06\FREE EA-20240608T074321Z-001\FREE EA\43-DonchianChannel.ex4,basket,unknown-ea
ex4,554d7935bd66d34aa97477e2bb0bd225,2024-06\FREE EA-20240608T074321Z-001\FREE EA\44-DoubleMACD.ex4,basket,trend
ex4,4a4142b5b29724ed6fc608ff226c4490,2024-06\FREE EA-20240608T074321Z-001\FREE EA\45-dpt.ex4,basket,unknown-ea
ex4,7021cad8764fe465e1fc229b567afe13,2024-06\FREE EA-20240608T074321Z-001\FREE EA\47-DXTradeInfo.ex4,basket,unknown-ea
ex4,9b909d8ca7ffe71c909b017c7f1f7632,2024-06\FREE EA-20240608T074321Z-001\FREE EA\48-EMACrossover.ex4,basket,unknown-ea
ex4,dd79aa5442494b05d031bfc1cc730679,2024-06\FREE EA-20240608T074321Z-001\FREE EA\49-Engine.ex4,basket,unknown-ea
ex4,eb1d65119f84a178acc2dfcc4c4f0579,2024-06\FREE EA-20240608T074321Z-001\FREE EA\4PMA.Psars.Rgrssn.STD.V2.ex4,basket,unknown-ea
ex4,7a1cae2c2f0ac49dfb6878ac337a2388,2024-06\FREE EA-20240608T074321Z-001\FREE EA\5-Arrows.ex4,basket,unknown-ea
ex4,d5da015a1db2086940e875ffbfbcf516,2024-06\FREE EA-20240608T074321Z-001\FREE EA\50-EngiWSSbreakoutfull.ex4,basket,breakout
ex4,830d9ba9986e65dd0295edcdbc800dba,2024-06\FREE EA-20240608T074321Z-001\FREE EA\51-Entryex4it.ex4,basket,unknown-ea
ex4,796a82bd78fd9b883ea0edbb1fa7bdf4,2024-06\FREE EA-20240608T074321Z-001\FREE EA\52-Entryex4itTrend.ex4,basket,trend
ex4,cc66a467e8eaa5fc563fcb47b250f731,2024-06\FREE EA-20240608T074321Z-001\FREE EA\53-eSmartTralling.ex4,basket,unknown-ea
ex4,6625d7d0237955ff7b8b80c1b2066a58,2024-06\FREE EA-20240608T074321Z-001\FREE EA\54-EVAXIS.jrPAIR.ex4,basket,unknown-ea
ex4,2530c1c9a7aeed720d0e559a3cda2aa4,2024-06\FREE EA-20240608T074321Z-001\FREE EA\55-ex4caliburFilters.ex4,basket,unknown-ea
ex4,55b9fdc9dd721a1a447925dfc33cbe27,2024-06\FREE EA-20240608T074321Z-001\FREE EA\56-FBSBreakout.ex4,basket,breakout
ex4,95e3811045f3e6b59ee35b1c1d662ff2,2024-06\FREE EA-20240608T074321Z-001\FREE EA\57-FBSBreakoutPivots.ex4,basket,breakout
ex4,2ef97eda9afb7d8a015c3055505e4020,2024-06\FREE EA-20240608T074321Z-001\FREE EA\58-FBSCandleStickPatterns.ex4,basket,unknown-ea
ex4,f0e4382c0b97fae0225c2b5ca1258870,2024-06\FREE EA-20240608T074321Z-001\FREE EA\59-FBSFisher.ex4,basket,unknown-ea
ex4,ed4ecd6594f558f04827c4e192f2bf86,2024-06\FREE EA-20240608T074321Z-001\FREE EA\5m_scalp_fix(mod_v1).ex4,basket,scalper
ex4,4c5c712641ba84b52047d5fa8e609a7c,2024-06\FREE EA-20240608T074321Z-001\FREE EA\6-ArtemisFastTrend.ex4,basket,trend
ex4,6afd5cb2209d4f1df63f68bdc1a49f02,2024-06\FREE EA-20240608T074321Z-001\FREE EA\60-FBSPivots.ex4,basket,unknown-ea
ex4,4c2fdd3b22c3b584778d1641667ad09d,2024-06\FREE EA-20240608T074321Z-001\FREE EA\61-FerruFxMultiinfolightchart.ex4,basket,unknown-ea
ex4,9ccb2520b2f5966b8ebff1797f2a97b9,2024-06\FREE EA-20240608T074321Z-001\FREE EA\62-FiboMA.ex4,basket,unknown-ea
ex4,11742a6085084cb9cd6ca70a2d465b41,2024-06\FREE EA-20240608T074321Z-001\FREE EA\63-FLATTRANDwMACDmtf.ex4,basket,trend
ex4,90c6ff40ec2060bb106c5fcf5ce72d10,2024-06\FREE EA-20240608T074321Z-001\FREE EA\64-FMSSIGNALS.ex4,basket,unknown-ea
ex4,e3223e9592571230896614e3e01dce73,2024-06\FREE EA-20240608T074321Z-001\FREE EA\67-Forex4Glaz.ex4,basket,unknown-ea
ex4,be30bef27f0e5c15f8288dd7bb7e3d97,2024-06\FREE EA-20240608T074321Z-001\FREE EA\68-Forex4ImpulsEURUSD.ex4,basket,unknown-ea
ex4,b94ed1cb245f426fa39451385ebb99d0,2024-06\FREE EA-20240608T074321Z-001\FREE EA\69-Forex4SabotageMarketInsight.ex4,basket,unknown-ea
ex4,36740250a2173706815381a1307ea219,2024-06\FREE EA-20240608T074321Z-001\FREE EA\7-ArtemisMainTrend.ex4,basket,trend
ex4,10545e6d82a031cefee14fcde9235728,2024-06\FREE EA-20240608T074321Z-001\FREE EA\70-Forex4SabotageMomentumEURUSD.ex4,basket,unknown-ea
ex4,30cc6e6001bd20aaa6ab8b06fac3aaac,2024-06\FREE EA-20240608T074321Z-001\FREE EA\71-Forex4SabotageMomentumGBPUSD.ex4,basket,unknown-ea
ex4,c9021cdd9b4c9df647a6332322e344bc,2024-06\FREE EA-20240608T074321Z-001\FREE EA\72-Forex4SabotageMomentumUSDCHF.ex4,basket,unknown-ea
ex4,33be3c7bd01036d0f2e2b09fa0e6dac3,2024-06\FREE EA-20240608T074321Z-001\FREE EA\73-Forex4SabotageSignal.ex4,basket,unknown-ea
ex4,4bdfe0731ee753b36782327481dd92bb,2024-06\FREE EA-20240608T074321Z-001\FREE EA\74-Forex4SabotageUSDJPY.ex4,basket,unknown-ea
ex4,62d6b63f8bfecf7e9bc41b60522f1eb3,2024-06\FREE EA-20240608T074321Z-001\FREE EA\75-Forex4Trend.ex4,basket,trend
ex4,08cce463bec9fbfb2ef55ec1364a695c,2024-06\FREE EA-20240608T074321Z-001\FREE EA\76-FTITopBottom.ex4,basket,unknown-ea
ex4,cc67cc59a2890a9855998a49d877d507,2024-06\FREE EA-20240608T074321Z-001\FREE EA\78-FXProfitLauncher.ex4,basket,unknown-ea
ex4,e1d947382de7254c84630619d86bc33d,2024-06\FREE EA-20240608T074321Z-001\FREE EA\79-FXProfitLauncherTargets.ex4,basket,unknown-ea
ex4,a95c78991d658384dfb51129159a1eb6,2024-06\FREE EA-20240608T074321Z-001\FREE EA\8-ASCTrendsigtimes.ex4,basket,trend
ex4,4fe247c2653138b291ec595cf23bebc6,2024-06\FREE EA-20240608T074321Z-001\FREE EA\80-FXSniper_sLSMA.ex4,basket,unknown-ea
ex4,4e6438ab6ff9ce04bd5df8db5263ecfd,2024-06\FREE EA-20240608T074321Z-001\FREE EA\81-FxSoniEntry.a.ex4,basket,unknown-ea
ex4,cc608abe8ea612212c26e15385ceb51a,2024-06\FREE EA-20240608T074321Z-001\FREE EA\82-FxSoniEntry.b.ex4,basket,unknown-ea
ex4,3cc09783f43f7f780bbb70821a8462c7,2024-06\FREE EA-20240608T074321Z-001\FREE EA\83-FxSoniTrend.ex4,basket,trend
ex4,c6084490f97ae70a854d93aa99515d75,2024-06\FREE EA-20240608T074321Z-001\FREE EA\84-FXSONITRENDANALIZERva.ex4,basket,trend
ex4,7c5612c1f3ece3f1ceae286b80e897e5,2024-06\FREE EA-20240608T074321Z-001\FREE EA\85-FxSoniTrendva.ex4,basket,trend
ex4,910e5079c0595d7e397ac3f0ec02ae58,2024-06\FREE EA-20240608T074321Z-001\FREE EA\87-garistrigger.ex4,basket,unknown-ea
ex4,e9f70750ca0ee193337d8bb2706356bf,2024-06\FREE EA-20240608T074321Z-001\FREE EA\88-GMACDSignals.ex4,basket,trend
ex4,78209268cbb09b6f3616550909807453,2024-06\FREE EA-20240608T074321Z-001\FREE EA\89-GMMASlow.ex4,basket,unknown-ea
ex4,6d056aa6339944355e332379b1f05804,2024-06\FREE EA-20240608T074321Z-001\FREE EA\9-ATRonChart.ex4,basket,unknown-ea
ex4,eed950fbf76d164ee5dbe294a4d52f1b,2024-06\FREE EA-20240608T074321Z-001\FREE EA\90-GoldenMA.ex4,XAUUSD,unknown-ea
ex4,7426fd6e1a0e29c9b289d4147ab15e55,2024-06\FREE EA-20240608T074321Z-001\FREE EA\91-GoldenMACD.ex4,XAUUSD,trend
ex4,5272848f47db5580c4cac1ddd86fb7fa,2024-06\FREE EA-20240608T074321Z-001\FREE EA\92-GoldenSuperk.ex4,XAUUSD,unknown-ea
ex4,c1ccd9fc964b40d4a8c6b42718ffb516,2024-06\FREE EA-20240608T074321Z-001\FREE EA\93-GoldenTendencyString.ex4,XAUUSD,unknown-ea
ex4,f6b77297dfb422bedb0bbee5394c1109,2024-06\FREE EA-20240608T074321Z-001\FREE EA\94-GoldenVaritey.ex4,XAUUSD,unknown-ea
ex4,55773b04823d6d9d42ddc6ae4dd83583,2024-06\FREE EA-20240608T074321Z-001\FREE EA\95-GPClock.ex4,basket,unknown-ea
ex4,c19362c19dd1fcfb3c14b5851c9c84e0,2024-06\FREE EA-20240608T074321Z-001\FREE EA\96-GPDAY.ex4,basket,unknown-ea
ex4,a7bb4a291f948b54b41133c186cf157e,2024-06\FREE EA-20240608T074321Z-001\FREE EA\97-GPMACDinColor.ex4,basket,trend
ex4,66531ef21b8cd1398f2d8f2c2a8bf2f1,2024-06\FREE EA-20240608T074321Z-001\FREE EA\98-GPStochasticMTF.ex4,basket,unknown-ea
ex4,59f0022c4ca47a677e83121b57f5fe32,2024-06\FREE EA-20240608T074321Z-001\FREE EA\99-GPTrend.ex4,basket,trend
ex4,087db92775fa5310ad89eef93034a1df,2024-06\FREE EA-20240608T074321Z-001\FREE EA\_23Macd.ex4,basket,trend
ex4,7f31f3f0e9d95755dcd38260716f3167,2024-06\FREE EA-20240608T074321Z-001\FREE EA\AbuHamzah Auto Modify.ex4,basket,unknown-ea
ex4,7973c1d50576babeb993425cdb3a98e2,2024-06\FREE EA-20240608T074321Z-001\FREE EA\Abyss EA.ex4,basket,unknown-ea
ex4,d00fd6d0845d30728ff6841bc32bca0d,2024-06\FREE EA-20240608T074321Z-001\FREE EA\Accelerator.ex4,basket,unknown-ea
ex4,d10e703974c7c4698d444d7b2fc22c30,2024-06\FREE EA-20240608T074321Z-001\FREE EA\Accelerator_Oscillator_w_MA.ex4,basket,unknown-ea
ex4,9b26aff1b895887df25f14a4c3d75ffb,2024-06\FREE EA-20240608T074321Z-001\FREE EA\account_info_horizontal_new(1).ex4,basket,unknown-ea
ex4,e80ecfc7d6ae3ddb5690f9f0d58b8486,2024-06\FREE EA-20240608T074321Z-001\FREE EA\Accumulation.ex4,basket,unknown-ea
ex4,bbc079a18bcf00750e6909229552b4f0,2024-06\FREE EA-20240608T074321Z-001\FREE EA\ADX CrossingAlertEmail.ex4,basket,unknown-ea
ex4,03aea9492b717ef0359600e3297c6430,2024-06\FREE EA-20240608T074321Z-001\FREE EA\AF-Global Expert Unlimited.ex4,basket,unknown-ea
ex4,576dc2368dbc73faeb7b8507d79df8b5,2024-06\FREE EA-20240608T074321Z-001\FREE EA\AladdinFX.ex4,basket,unknown-ea
ex4,99a4507a902da5348e079878bb4fa1f1,2024-06\FREE EA-20240608T074321Z-001\FREE EA\Algo_TDEA V4.1 FF.ex4,basket,unknown-ea
ex4,f09dac4991b0d1d67b761ae0f70f1e02,2024-06\FREE EA-20240608T074321Z-001\FREE EA\AlgoTec v1.ex4,basket,unknown-ea
ex4,ea27f29c71b30abb36fcedf9eb14a024,2024-06\FREE EA-20240608T074321Z-001\FREE EA\AlgoTradeScalper.ex4,basket,scalper
ex4,e0a32a3304d0243e123e33b0f7f027ba,2024-06\FREE EA-20240608T074321Z-001\FREE EA\Alligator.ex4,basket,unknown-ea
ex4,c009aa8d351c6b37258aed9d89548351,2024-06\FREE EA-20240608T074321Z-001\FREE EA\AlligatorFX.ex4,basket,unknown-ea
ex4,88ba7eef7f3135e236d21b4326e6c13b,2024-06\FREE EA-20240608T074321Z-001\FREE EA\AltrTrend.ex4,basket,trend
ex4,9db5068acc5008781d4d910918063545,2024-06\FREE EA-20240608T074321Z-001\FREE EA\AProxAlert.ex4,basket,unknown-ea
ex4,3c81284511743906956225af52769638,2024-06\FREE EA-20240608T074321Z-001\FREE EA\Arbitrage Dynamic.ex4,basket,unknown-ea
ex4,9bc414d6a48f85fac23de43e486935ac,2024-06\FREE EA-20240608T074321Z-001\FREE EA\Arrow_Alert.ex4,basket,unknown-ea
ex4,a7765b8fe95d638cfc042ee6868d63fa,2024-06\FREE EA-20240608T074321Z-001\FREE EA\ASC_SellBuy Sound.ex4,basket,unknown-ea
ex4,cd4fb50ef0b4b561acf8f65afa73fb2a,2024-06\FREE EA-20240608T074321Z-001\FREE EA\at all about the timing.ex4,basket,unknown-ea
ex4,83f75e17bbc746d91b7c96da2a61c432,2024-06\FREE EA-20240608T074321Z-001\FREE EA\ATM Machine Modified.ex4,basket,unknown-ea
ex4,fccd655288a387fafcd65245fa57bf08,2024-06\FREE EA-20240608T074321Z-001\FREE EA\ATR.ex4,basket,unknown-ea
ex4,913b7e00612ed68483456df854e82a98,2024-06\FREE EA-20240608T074321Z-001\FREE EA\ATRTrailStop_v3.ex4,basket,unknown-ea
ex4,f627b2d2490b1e4cbef7dc90cab4455a,2024-06\FREE EA-20240608T074321Z-001\FREE EA\Auto SL and TS.ex4,basket,unknown-ea
ex4,5661570e45ccd397726cfec0b0e2852f,2024-06\FREE EA-20240608T074321Z-001\FREE EA\Auto SL-TS-TP.ex4,basket,unknown-ea
ex4,2b7cf99c5675cd3e0ba7094294ae58d5,2024-06\FREE EA-20240608T074321Z-001\FREE EA\Auto-stop-Take-profit.ex4,basket,unknown-ea
ex4,b5d4a6ec24f4c060cb8030365ee8ddb5,2024-06\FREE EA-20240608T074321Z-001\FREE EA\Auto_converter.ex4,basket,unknown-ea
ex4,b702b6a3a1f0e885a9558c6e371a3f5e,2024-06\FREE EA-20240608T074321Z-001\FREE EA\Auto_Sessions_v_1.8.ex4,basket,unknown-ea
ex4,4b6a23013972f27c160f232b46c47f7e,2024-06\FREE EA-20240608T074321Z-001\FREE EA\AutoCashGeneratorUltimate.ex4,basket,unknown-ea
ex4,b72542062cc019cd9b3796d539bc31f5,2024-06\FREE EA-20240608T074321Z-001\FREE EA\Automated Forex Grail.ex4,basket,unknown-ea
ex4,9562d739af56865404e62cc676bdccaf,2024-06\FREE EA-20240608T074321Z-001\FREE EA\Automatic Stop Loss and Take Profit.ex4,basket,unknown-ea
ex4,c126785e2c1864d7724b35a4ec090ce7,2024-06\FREE EA-20240608T074321Z-001\FREE EA\AutoScaler.v2.0.ex4,basket,unknown-ea
ex4,29b5bf18b417a09ba7fb2538e2c2b72c,2024-06\FREE EA-20240608T074321Z-001\FREE EA\AutoT EA.ex4,basket,unknown-ea
ex4,5386d51b0a02f7bcf56ae52ced6dcf36,2024-06\FREE EA-20240608T074321Z-001\FREE EA\AveragePosition.ex4,basket,unknown-ea
ex4,06702ed08f4b67aa1c3e2b9855a5c2b7,2024-06\FREE EA-20240608T074321Z-001\FREE EA\averages - mtf - alerts 8.8(1).ex4,basket,unknown-ea
ex4,1ca908b2048f7dc791635191eb58549b,2024-06\FREE EA-20240608T074321Z-001\FREE EA\averages - mtf - alerts 8.8(2).ex4,basket,unknown-ea
ex4,a28f216fef46fcdd5941da03463d2a92,2024-06\FREE EA-20240608T074321Z-001\FREE EA\AweScalperEA.ex4,basket,scalper
ex4,6403e100026cee57968256be7bfaee7f,2024-06\FREE EA-20240608T074321Z-001\FREE EA\Awesome.ex4,basket,unknown-ea
ex4,b1f52fcb87d12f569f6d2964e3d7bd6d,2024-06\FREE EA-20240608T074321Z-001\FREE EA\Bands.ex4,basket,unknown-ea
ex4,fea94c28468a6ba6ae6c27b6dc9a67cc,2024-06\FREE EA-20240608T074321Z-001\FREE EA\basket_profit.ex4,basket,unknown-ea
ex4,09570d0bd4b2249c992f24289ee83b76,2024-06\FREE EA-20240608T074321Z-001\FREE EA\BB SWING.ex4,basket,unknown-ea
ex4,5a42af70a77b5bb4a7622bc9f498a64c,2024-06\FREE EA-20240608T074321Z-001\FREE EA\Bears.ex4,basket,unknown-ea
ex4,c4aa6f34ff47d31ff0ce2c13977791c5,2024-06\FREE EA-20240608T074321Z-001\FREE EA\BlackDiamon.ex4,basket,unknown-ea
ex4,125593a9a4ccdbc7dafbad39df8deb79,2024-06\FREE EA-20240608T074321Z-001\FREE EA\BlackDiamondEA V5.5_fix.ex4,basket,unknown-ea
ex4,6c05ba389b8917a03a9746250a1550ac,2024-06\FREE EA-20240608T074321Z-001\FREE EA\Blessing 3 v3.9.6.09.ex4,basket,unknown-ea
ex4,88f9e0dd61d04018d1fbad1a917819ad,2024-06\FREE EA-20240608T074321Z-001\FREE EA\BlessingLite_3_v3.9.6.25_beta.ex4,basket,unknown-ea
ex4,586939bb792bdfa40692f3e7151ecab2,2024-06\FREE EA-20240608T074321Z-001\FREE EA\BlessingLite_3_v3.9.6.34_gamma.ex4,basket,unknown-ea
ex4,160d04122a8897e55e624d0ee79e52e4,2024-06\FREE EA-20240608T074321Z-001\FREE EA\Blizard - ZZ.ex4,basket,unknown-ea
ex4,fd33f6c13b06cb9cf38d1e38391e2049,2024-06\FREE EA-20240608T074321Z-001\FREE EA\BOBasedPOEA_V5.ex4,basket,unknown-ea
ex4,e9b0e159300bf43becd40325f89a7ff8,2024-06\FREE EA-20240608T074321Z-001\FREE EA\Bogie-NN-IND-v8.ex4,basket,unknown-ea
ex4,a866ae2563d29234a13857133d366bef,2024-06\FREE EA-20240608T074321Z-001\FREE EA\Bogie-NN-v8-lib.ex4,basket,unknown-ea
ex4,5ebad232e815f08ff86853509d796c67,2024-06\FREE EA-20240608T074321Z-001\FREE EA\BogieNNb.ex4,basket,unknown-ea
ex4,67f68580e2d4e6f920d952b7b4086a34,2024-06\FREE EA-20240608T074321Z-001\FREE EA\Bollinger Bands.ex4,basket,unknown-ea
ex4,30cd065615937119770b897c21181677,2024-06\FREE EA-20240608T074321Z-001\FREE EA\Breakout EURUSD.ex4,basket,breakout
ex4,d84c1ba13714bce57bf8e74d0cabf68a,2024-06\FREE EA-20240608T074321Z-001\FREE EA\Breakout signal.ex4,basket,breakout
ex4,2e9e6e23853e634954d9d52e37590d0e,2024-06\FREE EA-20240608T074321Z-001\FREE EA\Bulls.ex4,basket,unknown-ea
ex4,a292e0ca403bcf0d6c98061b4ec92213,2024-06\FREE EA-20240608T074321Z-001\FREE EA\Candles pattern.ex4,basket,unknown-ea
ex4,2d2507256c24077b8d93db28b4aaf76d,2024-06\FREE EA-20240608T074321Z-001\FREE EA\CandlestickPatternsRecognition.ex4,basket,unknown-ea
ex4,55c80f0d2f0795346eb94bb1ee04be5a,2024-06\FREE EA-20240608T074321Z-001\FREE EA\Cash Hammer v2.0.ex4,basket,unknown-ea
ex4,92a44678061d15fde3e97cf4892c6639,2024-06\FREE EA-20240608T074321Z-001\FREE EA\CCFp.leveldiffMTF.ex4,basket,unknown-ea
ex4,3763a2bd566b650b558bb29927a01085,2024-06\FREE EA-20240608T074321Z-001\FREE EA\CCI EA Original.ex4,basket,unknown-ea
ex4,48636b3ebd8a4b413a8853ade0ca9e57,2024-06\FREE EA-20240608T074321Z-001\FREE EA\cci ma ea.ex4,basket,trend
ex4,0c34febf594b2e417a6d77d0d85cb04d,2024-06\FREE EA-20240608T074321Z-001\FREE EA\CCI.ex4,basket,unknown-ea
ex4,a36082ab5eddb8a1638cf4956e3f4f62,2024-06\FREE EA-20240608T074321Z-001\FREE EA\Channel trade.ex4,basket,unknown-ea
ex4,2afd430737dbe7beac0ac76cdbeb42e8,2024-06\FREE EA-20240608T074321Z-001\FREE EA\Chin Breakout Alert V[1].1.2s(m MTF).ex4,basket,breakout
ex4,466084493bbd6fc37608112d682c2d95,2024-06\FREE EA-20240608T074321Z-001\FREE EA\Close All OPEN Orders.ex4,basket,unknown-ea
ex4,a25081120854a1fdf58f1bfe4f29abec,2024-06\FREE EA-20240608T074321Z-001\FREE EA\Close All Settime.ex4,basket,unknown-ea
ex4,0bca24e88951a5fe7a5b906b2e2ac55e,2024-06\FREE EA-20240608T074321Z-001\FREE EA\Close and Reverse.ex4,basket,unknown-ea
ex4,353de08db520c0cfbb647107ff65759b,2024-06\FREE EA-20240608T074321Z-001\FREE EA\close-all-orders.ex4,basket,unknown-ea
ex4,7e753e7e82af923746c9dc5287becc47,2024-06\FREE EA-20240608T074321Z-001\FREE EA\CloseAllofChartSymbol.ex4,basket,unknown-ea
ex4,153cd2a63fc15484dd77301e12dbd9f7,2024-06\FREE EA-20240608T074321Z-001\FREE EA\CloseAtProfit.ex4,basket,unknown-ea
ex4,6d0f4dc5a4c676220eaad54d3aa40bb8,2024-06\FREE EA-20240608T074321Z-001\FREE EA\cm manual grid V_2.ex4,basket,grid-recovery
ex4,e299c17cfa096d6fd8f8ef44bce46b07,2024-06\FREE EA-20240608T074321Z-001\FREE EA\CodEx 4.ex4,basket,unknown-ea
ex4,bd68776035e8743d89c328bee979fd77,2024-06\FREE EA-20240608T074321Z-001\FREE EA\Communicator.ex4,basket,unknown-ea
ex4,25a5a7ad7ee58c3b963a8a19b25c4164,2024-06\FREE EA-20240608T074321Z-001\FREE EA\Correlates EA Free.ex4,basket,unknown-ea
ex4,d5259d5bffd89975c3bffad745b60411,2024-06\FREE EA-20240608T074321Z-001\FREE EA\CrossMA With SLTP.ex4,basket,unknown-ea
ex4,f41f0561dc4bf33ca7963a49c2a8cad8,2024-06\FREE EA-20240608T074321Z-001\FREE EA\CryptoTraderAdvisor.ex4,basket,unknown-ea
ex4,2f6a4bcc4a28b89df02899a9db5e578f,2024-06\FREE EA-20240608T074321Z-001\FREE EA\CS-IDX.ex4,basket,unknown-ea
ex4,bcb3217f9901528c54f166321b1ca27c,2024-06\FREE EA-20240608T074321Z-001\FREE EA\Currency-Strength-Meter-V.1.1.ex4,basket,unknown-ea
ex4,010291c0ec801f643b2b70c67d70f2f0,2024-06\FREE EA-20240608T074321Z-001\FREE EA\CurrencySlopeStrength.ex4,basket,unknown-ea
ex4,e98c655522f3685acb9f86778f13d65a,2024-06\FREE EA-20240608T074321Z-001\FREE EA\Custom Moving Averages.ex4,basket,trend
ex4,4a25ccf7b7ca113a2e7f747b21843a18,2024-06\FREE EA-20240608T074321Z-001\FREE EA\customcandlesmtf.ex4,basket,unknown-ea
ex4,3256801a8e30f88c1e1ab31af9a39b80,2024-06\FREE EA-20240608T074321Z-001\FREE EA\CustomRectangle.ex4,basket,unknown-ea
ex4,aa83aafdd6083805274156abf173de76,2024-06\FREE EA-20240608T074321Z-001\FREE EA\D T2 POR DEE V4 Trial 16 Aug 2020 .ex4,basket,unknown-ea
ex4,67dbb470d960cc5af17d07f06ebee7dc,2024-06\FREE EA-20240608T074321Z-001\FREE EA\D8D3_1.ex4,basket,unknown-ea
ex4,90c6e42bdceca8fdfd3474431869d799,2024-06\FREE EA-20240608T074321Z-001\FREE EA\D8D3_4.ex4,basket,unknown-ea
ex4,c7254c2cf958c018a8f41363ae36ca29,2024-06\FREE EA-20240608T074321Z-001\FREE EA\Daily Average Fibo Historical v1.1_.ex4,basket,unknown-ea
ex4,db34de9072296fd903b9718c6365ecb8,2024-06\FREE EA-20240608T074321Z-001\FREE EA\Daily breakout16.ex4,basket,breakout
ex4,7acdf464bfb27923acf3d3709beb295f,2024-06\FREE EA-20240608T074321Z-001\FREE EA\DailyBoxes.ex4,basket,unknown-ea
ex4,f101b3ea2ce8ea83a13df975fce5e6e9,2024-06\FREE EA-20240608T074321Z-001\FREE EA\DailyTrader TEST.ex4,basket,unknown-ea
ex4,6f6bf4fd9d96e675ccafe9ab8c9cf2b5,2024-06\FREE EA-20240608T074321Z-001\FREE EA\DayImpulse2DD.ex4,basket,unknown-ea
ex4,6571f255ac76318806ffb0bf55387fc4,2024-06\FREE EA-20240608T074321Z-001\FREE EA\DayImpulseOverlay.ex4,basket,unknown-ea
ex4,c0e7dcf2896709286edb2042caf0909d,2024-06\FREE EA-20240608T074321Z-001\FREE EA\DayTrading.ex4,basket,unknown-ea
ex4,5331125e63845c92bc1e920a2bb28cd1,2024-06\FREE EA-20240608T074321Z-001\FREE EA\DI Assistant Lite.ex4,basket,unknown-ea
ex4,4e20c3bfac11c2f072ce0c792dedbd51,2024-06\FREE EA-20240608T074321Z-001\FREE EA\Ding Dong Fibo HM.ex4,basket,unknown-ea
ex4,b0a08b0fe5eb7e976d9785a2e8416ae0,2024-06\FREE EA-20240608T074321Z-001\FREE EA\DLLSampleTester.ex4,basket,unknown-ea
ex4,2035ad3a529069e0855e3d2132f13972,2024-06\FREE EA-20240608T074321Z-001\FREE EA\DTOSC.ex4,basket,unknown-ea
ex4,4c0977b3d91c6e049cd30247621b1915,2024-06\FREE EA-20240608T074321Z-001\FREE EA\E-news-luckyw.ex4,basket,unknown-ea
ex4,5cd0eef30f416b3e1fef48c979f081e3,2024-06\FREE EA-20240608T074321Z-001\FREE EA\EA - Budak Ubat v1.51.ex4,basket,unknown-ea
ex4,e307cb2f7899f3f65de962130fe7d94b,2024-06\FREE EA-20240608T074321Z-001\FREE EA\Ea 11100.ex4,basket,unknown-ea
ex4,a1d259d2dd3fc1707a093b07907aa354,2024-06\FREE EA-20240608T074321Z-001\FREE EA\EA Beta Test v5.4.ex4,basket,unknown-ea
ex4,933e90ef1f1f664393ee0ccd212a8d34,2024-06\FREE EA-20240608T074321Z-001\FREE EA\EA BOSS.ex4,basket,unknown-ea
ex4,81327b8c130e6fc9f8b671e3fd6e4c0e,2024-06\FREE EA-20240608T074321Z-001\FREE EA\EA Fishing.ex4,basket,unknown-ea
ex4,88fbf6d3aedb1c278b4f6d6fa4978593,2024-06\FREE EA-20240608T074321Z-001\FREE EA\Ea jaring2.ex4,basket,unknown-ea
ex4,964f35e7203396bf4148934ef1956276,2024-06\FREE EA-20240608T074321Z-001\FREE EA\EA MACD MahaMongKhol.ex4,basket,trend
ex4,03ddb0617ac8b43a80b582335fb1d980,2024-06\FREE EA-20240608T074321Z-001\FREE EA\EA mahamongkol.ex4,basket,unknown-ea
ex4,dc50586a7abd34ba3d7ed37192f023bb,2024-06\FREE EA-20240608T074321Z-001\FREE EA\EA Profit V10 no-expired no-productkey.ex4,basket,unknown-ea
ex4,c42a30f53b5664ee7974054a9304f4b4,2024-06\FREE EA-20240608T074321Z-001\FREE EA\EA Profit V10 Trader ( THAILAND )2016.ex4,basket,unknown-ea
ex4,6804210e8edffcb566a1f69e134667b3,2024-06\FREE EA-20240608T074321Z-001\FREE EA\EA Profit V10 Trader ( THAILAND )2019.ex4,basket,unknown-ea
ex4,0721229d90b3daf0c58984995ab77d2c,2024-06\FREE EA-20240608T074321Z-001\FREE EA\EA Profit V12 (Protrader)2016.ex4,basket,unknown-ea
ex4,213c0f444d77105605bec17a505f6f80,2024-06\FREE EA-20240608T074321Z-001\FREE EA\EA Profit V12 .ex4,basket,unknown-ea
ex4,720070ff24d7e01f0860be2f654cbdfa,2024-06\FREE EA-20240608T074321Z-001\FREE EA\EA Profit V12 no-expired no-productkey.ex4,basket,unknown-ea
ex4,f099933d818d2d2c6fdfcf7d74d05c30,2024-06\FREE EA-20240608T074321Z-001\FREE EA\EA SCALP RENKO v2.3.ex4,basket,scalper
ex4,85ce5e0644b3c911c36e05ea43225716,2024-06\FREE EA-20240608T074321Z-001\FREE EA\EA SUPA {unlimited}.ex4,basket,unknown-ea
ex4,baec574681ab3d0fd7ec45dd3ed64097,2024-06\FREE EA-20240608T074321Z-001\FREE EA\EA-Martin.ex4,basket,unknown-ea
ex4,eae04bce3ae1de5664a361f90e896cbf,2024-06\FREE EA-20240608T074321Z-001\FREE EA\EA10.ex4,basket,unknown-ea
ex4,00d5ee6dc7ae5b9b3292b417fbf11133,2024-06\FREE EA-20240608T074321Z-001\FREE EA\EA_Easy2Gain_Gemini_3ex.ex4,basket,unknown-ea
ex4,241481e3895647fe69c4f11a31b1eb42,2024-06\FREE EA-20240608T074321Z-001\FREE EA\EA_FastProfit.ex4,basket,unknown-ea
ex4,c50329620c24b526f96bbc26567e57fa,2024-06\FREE EA-20240608T074321Z-001\FREE EA\EA_MoneyMakerMe.ex4,basket,unknown-ea
ex4,44e54f8a9a0c24f416a0a66b02ca3a07,2024-06\FREE EA-20240608T074321Z-001\FREE EA\EA_Pending_Order.ex4,basket,unknown-ea
ex4,ea1ebba35ce6828e1d52fc0c97767ea6,2024-06\FREE EA-20240608T074321Z-001\FREE EA\EAForexTH_AutoTrendLine_1.0.ex4,basket,trend
ex4,72eaa59ce7abec3a73af8e3cade4b4d9,2024-06\FREE EA-20240608T074321Z-001\FREE EA\EAForexTH_CrawlingGrid_2.2.ex4,basket,grid-recovery
ex4,e207e2c368d14b7846d4a3a4d8e326f8,2024-06\FREE EA-20240608T074321Z-001\FREE EA\EAForexTH_Fibo v1.0_EU_M1.ex4,basket,unknown-ea
ex4,9150f1fd74bd4896600d5e9b9642fca5,2024-06\FREE EA-20240608T074321Z-001\FREE EA\EAForexTH_MultiHedge_1.0.ex4,basket,grid-recovery
ex4,8f7f9c0ea976b077539dfdc099ec61ad,2024-06\FREE EA-20240608T074321Z-001\FREE EA\EAForexTH_Scalper_S3_1.0.ex4,basket,scalper
ex4,160ad6441b020bf9ad07acbde8511125,2024-06\FREE EA-20240608T074321Z-001\FREE EA\EASHARKULTIMATE.ex4,basket,unknown-ea
ex4,75aba18abd9c3c33a412d9133736bace,2024-06\FREE EA-20240608T074321Z-001\FREE EA\EchoFx_v3.0.ex4,basket,unknown-ea
ex4,c4eeb5712a1c3c6ca2bf3b3705f657fc,2024-06\FREE EA-20240608T074321Z-001\FREE EA\EliteFX Multi Pairs EA.ex4,basket,unknown-ea
ex4,abb9949180f5c66f112300d10db97ce6,2024-06\FREE EA-20240608T074321Z-001\FREE EA\EMA Close.ex4,basket,unknown-ea
ex4,5eaeece55c553fef316c05e00aa93d6f,2024-06\FREE EA-20240608T074321Z-001\FREE EA\EMA-Crossover.ex4,basket,unknown-ea
ex4,2feb204da1b105dac4d97e035e6964f6,2024-06\FREE EA-20240608T074321Z-001\FREE EA\ema-rsi_r2_ea_opt.ex4,basket,unknown-ea
ex4,2d6e10ca4779be914b4d70f3686c562e,2024-06\FREE EA-20240608T074321Z-001\FREE EA\EMA_Cross.ex4,basket,unknown-ea
ex4,6781997bdc01edfffcee0ab2626f683f,2024-06\FREE EA-20240608T074321Z-001\FREE EA\EMA_CROSS_v2.ex4,basket,unknown-ea
ex4,5997e6afd327b0fe69d6f59ed488b4fb,2024-06\FREE EA-20240608T074321Z-001\FREE EA\ema_crossmod.ex4,basket,unknown-ea
ex4,32c3136ffd27423aea864b144d5cea80,2024-06\FREE EA-20240608T074321Z-001\FREE EA\EmaCross.ex4,basket,unknown-ea
ex4,7771b615ac1f8dc80ebe5c3f30f45931,2024-06\FREE EA-20240608T074321Z-001\FREE EA\Engulfing_Candle_backwards_forwards.ex4,basket,unknown-ea
ex4,219c25a5851262e00e1fad983942c2c2,2024-06\FREE EA-20240608T074321Z-001\FREE EA\Envelope 2.ex4,basket,unknown-ea
ex4,7bf96cc06b0fd2f280641feb2047c8e9,2024-06\FREE EA-20240608T074321Z-001\FREE EA\escape.ex4,basket,unknown-ea
ex4,d8b663314b69297f521328095705b9c0,2024-06\FREE EA-20240608T074321Z-001\FREE EA\eSOAbridge.ex4,basket,unknown-ea
ex4,a2d4200756370139819d8516f33b3615,2024-06\FREE EA-20240608T074321Z-001\FREE EA\Expert Scalper.ex4,basket,scalper
ex4,571a03606408a71ab9eec3aeb1bdc85d,2024-06\FREE EA-20240608T074321Z-001\FREE EA\Expert+10_eng.ex4,basket,unknown-ea
ex4,e78e97bd4b6ff43d7c34a56d0e58ab4f,2024-06\FREE EA-20240608T074321Z-001\FREE EA\Expert.ex4,basket,unknown-ea
ex4,c792427c73b945aa1a7f24d190b735a1,2024-06\FREE EA-20240608T074321Z-001\FREE EA\FAPTS.ex4,basket,unknown-ea
ex4,4aa55efd7bff256c9282d7c9ea237be1,2024-06\FREE EA-20240608T074321Z-001\FREE EA\FapTurbo23.ex4,basket,unknown-ea
ex4,48646a4d0b39edd694abeb31dd397b76,2024-06\FREE EA-20240608T074321Z-001\FREE EA\FFCEA.ex4,basket,unknown-ea
ex4,69f44ee5721b4f8e6436ba372b09c1ce,2024-06\FREE EA-20240608T074321Z-001\FREE EA\fibonacci_pivot_lines.ex4,basket,unknown-ea
ex4,cf886ee6ceef63089fe5bd5a2399d0db,2024-06\FREE EA-20240608T074321Z-001\FREE EA\firebird v63f.ex4,basket,unknown-ea
ex4,7218171b8d1738771fc014fb1df90865,2024-06\FREE EA-20240608T074321Z-001\FREE EA\Fisher_Yur4ik.ex4,basket,unknown-ea
ex4,d9221743f11172de81987df1c81262e3,2024-06\FREE EA-20240608T074321Z-001\FREE EA\FlatTrend V2.ex4,basket,trend
ex4,fab367c38ae70b38b164671875532418,2024-06\FREE EA-20240608T074321Z-001\FREE EA\FLEXY GRID_1.9.ex4,basket,grid-recovery
ex4,716b7bf88962df0bfed68a51b79d5587,2024-06\FREE EA-20240608T074321Z-001\FREE EA\FLEXY GRID_1.957_BETA.ex4,basket,grid-recovery
ex4,38889eac7d18d5e37de9fb79ad477c58,2024-06\FREE EA-20240608T074321Z-001\FREE EA\FoldXEA.ex4,basket,unknown-ea
ex4,f2cd01dbe8a10159a6443fe23385509a,2024-06\FREE EA-20240608T074321Z-001\FREE EA\Follow The Candles EA.ex4,basket,unknown-ea
ex4,907010b726b362eba7232e0d32e81feb,2024-06\FREE EA-20240608T074321Z-001\FREE EA\FollowLine_v1.5.ex4,basket,unknown-ea
ex4,5c3cd0b215af82120aa208d738f4747f,2024-06\FREE EA-20240608T074321Z-001\FREE EA\Forex Auto Millions Pro EURUSD.ex4,basket,unknown-ea
ex4,6f8ea2ba29051d801067057ead00e7e7,2024-06\FREE EA-20240608T074321Z-001\FREE EA\Forex Fireball by Forex Robot Nation.ex4,basket,unknown-ea
ex4,aeb6fa952889299f235c223a3863f5cb,2024-06\FREE EA-20240608T074321Z-001\FREE EA\Forex Fix.ex4,basket,unknown-ea
ex4,3114e80bcb4c1a10bd19492e5ffe6648,2024-06\FREE EA-20240608T074321Z-001\FREE EA\Forex PiP Killer.._fix.ex4,basket,unknown-ea
ex4,1bf8969e3fa4139b74dce9b99d59e5d3,2024-06\FREE EA-20240608T074321Z-001\FREE EA\Forex Robotron v27.ex4,basket,unknown-ea
ex4,b5ec67bfd71148c086d3bbe4e4de28aa,2024-06\FREE EA-20240608T074321Z-001\FREE EA\ForexAI.ex4,basket,unknown-ea
ex4,123b62cff82e9cf653042173bae7514a,2024-06\FREE EA-20240608T074321Z-001\FREE EA\ForexAIEURUSD..ex4,basket,unknown-ea
ex4,438ed798553a5d4e1a2c0fbd16475d20,2024-06\FREE EA-20240608T074321Z-001\FREE EA\forexanni.ex4,basket,unknown-ea
ex4,f7e0d9aa13e59eef8ed6b47080ca66a8,2024-06\FREE EA-20240608T074321Z-001\FREE EA\ForexExpert.ex4,basket,unknown-ea
ex4,528b66ec2b781acb9ee0b80dd67e8093,2024-06\FREE EA-20240608T074321Z-001\FREE EA\forexmaven.ex4,basket,unknown-ea
ex4,abbc7cd150ce81cefc16a8ec79df9a18,2024-06\FREE EA-20240608T074321Z-001\FREE EA\ForexProfitSupreme-Meter.ex4,basket,unknown-ea
ex4,5f2c59a6880b6d37ee088ce1bc3774c0,2024-06\FREE EA-20240608T074321Z-001\FREE EA\ForexScalpingStrateries01.ex4,basket,scalper
ex4,3ebc16e9299f91dbe0d295d0fd9fcaee,2024-06\FREE EA-20240608T074321Z-001\FREE EA\Four MA Trade.ex4,basket,trend
ex4,ce4b0e431bbb6b09e6277e9948e3b8af,2024-06\FREE EA-20240608T074321Z-001\FREE EA\FractalsValuer.ex4,basket,unknown-ea
ex4,8778af793f2065782686c2beba35eea0,2024-06\FREE EA-20240608T074321Z-001\FREE EA\FSB-MT4 Bridge.ex4,basket,unknown-ea
ex4,b1b3a3041cd551de57238129203705a2,2024-06\FREE EA-20240608T074321Z-001\FREE EA\FTT ichimoku V1.ex4,basket,unknown-ea
ex4,a2a5b20af64ba5af0653d331a2d20e47,2024-06\FREE EA-20240608T074321Z-001\FREE EA\FTT-Advanced Hedged Grid 1.2 OL.ex4,basket,grid-recovery
ex4,fe740f177e6b669b609a11956e42f9ff,2024-06\FREE EA-20240608T074321Z-001\FREE EA\FTT-Advanced Hedged Grid 1.3 OL.ex4,basket,grid-recovery
ex4,eac7acfc0aafd15bc75a13abf601fe1b,2024-06\FREE EA-20240608T074321Z-001\FREE EA\FTT-M4A1.Carbine V1.2 FREE.ex4,basket,unknown-ea
ex4,77bc6a4327f6a58b337aadd23bf5e0ef,2024-06\FREE EA-20240608T074321Z-001\FREE EA\funtik.ex4,basket,unknown-ea
ex4,8572b29922c98485a2894b41e0535d61,2024-06\FREE EA-20240608T074321Z-001\FREE EA\FUZZYLOGIC.ex4,basket,unknown-ea
ex4,3bc112974f19b6ae85cb9eb8f80a84e3,2024-06\FREE EA-20240608T074321Z-001\FREE EA\Fx Setka Trader v2.ex4,basket,unknown-ea
ex4,7047f13d39dad9f1868f039e7d3fb5f1,2024-06\FREE EA-20240608T074321Z-001\FREE EA\FX5 Divergence v3.ex4,basket,unknown-ea
ex4,bcd1b873267a8184f62c9aba14942b02,2024-06\FREE EA-20240608T074321Z-001\FREE EA\FX_EA2.ex4,basket,unknown-ea
ex4,57d014716f0ed20522e7f0a1ac6b2a3c,2024-06\FREE EA-20240608T074321Z-001\FREE EA\FX_EAdemo.ex4,basket,unknown-ea
ex4,b429b30555f51ed62befbb5ee86b21a9,2024-06\FREE EA-20240608T074321Z-001\FREE EA\FXI Pivots.ex4,basket,unknown-ea
ex4,5338fe1fa6ec8c838e4ed95d6e5c1ed6,2024-06\FREE EA-20240608T074321Z-001\FREE EA\fxnolosssmallarrow.ex4,basket,unknown-ea
ex4,44c280b91ce0879b251e8b1625450c1a,2024-06\FREE EA-20240608T074321Z-001\FREE EA\FXPT_HiLoAlert.ex4,basket,unknown-ea
ex4,86d4cba0b8361d8db5bd25a8dfc0062a,2024-06\FREE EA-20240608T074321Z-001\FREE EA\Fxs.ex4,basket,unknown-ea
ex4,f295d957404b35a99f1e0dc1a6e96958,2024-06\FREE EA-20240608T074321Z-001\FREE EA\FxSlinger_ManagingOrderLine_Ver.01.ex4,basket,unknown-ea
ex4,cfec7ad12585f59424133c368faad4d1,2024-06\FREE EA-20240608T074321Z-001\FREE EA\FZ2.ex4,basket,unknown-ea
ex4,88b3f798c5b8e05cb8a375d7455df06e,2024-06\FREE EA-20240608T074321Z-001\FREE EA\FZ3 CCI.ex4,basket,unknown-ea
ex4,1f09cd81799929882c9142199099a021,2024-06\FREE EA-20240608T074321Z-001\FREE EA\FZ4.ex4,basket,unknown-ea
ex4,9365c6492429329452a94423833761a2,2024-06\FREE EA-20240608T074321Z-001\FREE EA\GBPJPY1H90PCWR.ex4,basket,unknown-ea
ex4,28bda8bcdf5c0a9575ab3a01e8a06054,2024-06\FREE EA-20240608T074321Z-001\FREE EA\Get_Profit.ex4,basket,unknown-ea
ex4,875372c6d4b8d29e4e1d0d40eb4c1f14,2024-06\FREE EA-20240608T074321Z-001\FREE EA\gods gift ea v 4c.ex4,basket,unknown-ea
ex4,115d39408918e4c8c0956c5100985128,2024-06\FREE EA-20240608T074321Z-001\FREE EA\GOLD MINING 7 b.ex4,XAUUSD,unknown-ea
ex4,cfee02f4806fef00581a8d6295811f5e,2024-06\FREE EA-20240608T074321Z-001\FREE EA\GOLD999A.ex4,XAUUSD,unknown-ea
ex4,7aa73136fe2590df3da1ff3812bf6216,2024-06\FREE EA-20240608T074321Z-001\FREE EA\GOLD999B.ex4,XAUUSD,unknown-ea
ex4,29f48d5a49f7bdda168e6c9a7cfec95b,2024-06\FREE EA-20240608T074321Z-001\FREE EA\GOLD999C.ex4,XAUUSD,unknown-ea
ex4,915d958567937ce8438fea4c77a32585,2024-06\FREE EA-20240608T074321Z-001\FREE EA\GOLD999D.ex4,XAUUSD,unknown-ea
ex4,039c7108a087dd64b447c37905683a4c,2024-06\FREE EA-20240608T074321Z-001\FREE EA\GOLD999D1.ex4,XAUUSD,unknown-ea
ex4,2721821e87a25b12a4af0205d8d902cb,2024-06\FREE EA-20240608T074321Z-001\FREE EA\GOLD999E.ex4,XAUUSD,unknown-ea
ex4,8d10cd5d0048e727591a6b3b7009e951,2024-06\FREE EA-20240608T074321Z-001\FREE EA\GOLD999F.ex4,XAUUSD,unknown-ea
ex4,268adc16f786c553538b59181d22a660,2024-06\FREE EA-20240608T074321Z-001\FREE EA\GOLD999G.ex4,XAUUSD,unknown-ea
ex4,4cdab718b8fa5fcb682e56ddc6514bf5,2024-06\FREE EA-20240608T074321Z-001\FREE EA\GOLD999H.ex4,XAUUSD,unknown-ea
ex4,95d7a593ec3ed9cbdae92f748b4144bc,2024-06\FREE EA-20240608T074321Z-001\FREE EA\GOLD999I.ex4,XAUUSD,unknown-ea
ex4,36620e0248ad8d085a2f74ece96f4e45,2024-06\FREE EA-20240608T074321Z-001\FREE EA\GOLD999J.ex4,XAUUSD,unknown-ea
ex4,90d57da76ed119b57d691e700effa719,2024-06\FREE EA-20240608T074321Z-001\FREE EA\GOLD999L.ex4,XAUUSD,unknown-ea
ex4,f18ddc737e4c0285b2e7346efb54ec91,2024-06\FREE EA-20240608T074321Z-001\FREE EA\GoldenProfit_AUTO.ex4,XAUUSD,unknown-ea
ex4,250895686832af1f7b9e9b18a6a32229,2024-06\FREE EA-20240608T074321Z-001\FREE EA\gomega.ex4,basket,unknown-ea
ex4,c11feba9831e2ccfaa5a8756962b1af5,2024-06\FREE EA-20240608T074321Z-001\FREE EA\GoWithFlow.ex4,basket,unknown-ea
ex4,70a23cdeb357585d72902eea9cda76b9,2024-06\FREE EA-20240608T074321Z-001\FREE EA\GPSForexRobotEURGBP.ex4,basket,unknown-ea
ex4,9432ef50fe0c0d80c9b187864c4a9718,2024-06\FREE EA-20240608T074321Z-001\FREE EA\GPSForexRobotEURGBP_edu.ex4,basket,unknown-ea
ex4,41a11c9cab9fb86bc02c603295d4227c,2024-06\FREE EA-20240608T074321Z-001\FREE EA\GPSForexRobotEURGBPv3.ex4,basket,unknown-ea
ex4,ac5a0bfb4b6d4d0484f2864f8283ab9a,2024-06\FREE EA-20240608T074321Z-001\FREE EA\GPSForexRobotEURUSD.ex4,basket,unknown-ea
ex4,c3d5a35b72dea7a534919a964166582a,2024-06\FREE EA-20240608T074321Z-001\FREE EA\GPSForexRobotEURUSD_edu.ex4,basket,unknown-ea
ex4,225a69ae4089626b71eba54922433461,2024-06\FREE EA-20240608T074321Z-001\FREE EA\GPSForexRobotEURUSDv3.ex4,basket,unknown-ea
ex4,d549ed4ceaa973c49d3b0927c23b3872,2024-06\FREE EA-20240608T074321Z-001\FREE EA\GPSForexRobotGBPUSDv3.ex4,basket,unknown-ea
ex4,90bd2adbe885c4b956d4e8726dfa8726,2024-06\FREE EA-20240608T074321Z-001\FREE EA\GPSForexRobotUSDCHF.ex4,basket,unknown-ea
ex4,35a861dd4e30a65c20a39e4287fc6248,2024-06\FREE EA-20240608T074321Z-001\FREE EA\GPSForexRobotUSDCHF_edu.ex4,basket,unknown-ea
ex4,b4fbd154e1c10d7c622f53c4e3f9bef0,2024-06\FREE EA-20240608T074321Z-001\FREE EA\GPSForexRobotUSDCHFv3.ex4,basket,unknown-ea
ex4,226c5cd05b7cb5666912b709ca4cff66,2024-06\FREE EA-20240608T074321Z-001\FREE EA\graal.ex4,basket,unknown-ea
ex4,2d398a5eeb0841a7e693f7c4c76bc887,2024-06\FREE EA-20240608T074321Z-001\FREE EA\GRAALUn.ex4,basket,unknown-ea
ex4,ed7e534e13d925c019bc155b1635c708,2024-06\FREE EA-20240608T074321Z-001\FREE EA\GRAIL.ex4,basket,unknown-ea
ex4,f93d665e6ca4b90413ab937f3590819b,2024-06\FREE EA-20240608T074321Z-001\FREE EA\Grid Bollinger.ex4,basket,grid-recovery
ex4,d95785141cafbcd999dd2e9fd0b264d8,2024-06\FREE EA-20240608T074321Z-001\FREE EA\GRID EA Manager- Full and Semi Auto.ex4,basket,grid-recovery
ex4,fc563677983639b8c964196a3871af51,2024-06\FREE EA-20240608T074321Z-001\FREE EA\Grid eaa.ex4,basket,grid-recovery
ex4,fd42d20107895f3dce4fd26d9d239389,2024-06\FREE EA-20240608T074321Z-001\FREE EA\GridMACDMEURUSD.ex4,basket,grid-recovery
ex4,eb9cf1103ae0da0574e8ed2f0eff59a1,2024-06\FREE EA-20240608T074321Z-001\FREE EA\GridMaster_fixed.ex4,basket,grid-recovery
ex4,ed8eecf88a6662f2cd116bf47c3454e8,2024-06\FREE EA-20240608T074321Z-001\FREE EA\GridX.ex4,basket,grid-recovery
ex4,32c61742ef4c715093c72e2fb49bca6d,2024-06\FREE EA-20240608T074321Z-001\FREE EA\gStdPivots.ex4,basket,unknown-ea
ex4,ff4e327c33a40a904e31f26c56673085,2024-06\FREE EA-20240608T074321Z-001\FREE EA\GUUFUJT EA.ex4,basket,unknown-ea
ex4,4e1a06b060ec94cdaa0d5876dd1365d2,2024-06\FREE EA-20240608T074321Z-001\FREE EA\HackBackTestEa(1).ex4,basket,unknown-ea
ex4,cef4dd24fc46104792e302dbc87db721,2024-06\FREE EA-20240608T074321Z-001\FREE EA\HalfTrend-1.02_1461306941.ex4,basket,trend
ex4,87bd3bc462e3ac66f171eb08a211bfa1,2024-06\FREE EA-20240608T074321Z-001\FREE EA\Hannibal.ex4,basket,unknown-ea
ex4,93f337cd8d670f4ca6744ca341127666,2024-06\FREE EA-20240608T074321Z-001\FREE EA\HedgeMadnessSELL.ex4,basket,grid-recovery
ex4,d03f1e564e7c7306acdf63001cbd21eb,2024-06\FREE EA-20240608T074321Z-001\FREE EA\Hedging eaa.ex4,basket,grid-recovery
ex4,d4f83d34011b17d472bc0c63410bfddd,2024-06\FREE EA-20240608T074321Z-001\FREE EA\Hedging_Forex_EA1_fix.ex4,basket,grid-recovery
ex4,dcb8bbdfc54dda073be6dda4221d2369,2024-06\FREE EA-20240608T074321Z-001\FREE EA\Heiken Ashi.ex4,basket,unknown-ea
ex4,dfe80609db60b6a017657b2c37148321,2024-06\FREE EA-20240608T074321Z-001\FREE EA\Heiken_Ashi_Smoothed.ex4,basket,unknown-ea
ex4,94ae2eaff0dd735884f663fbf39fb8ab,2024-06\FREE EA-20240608T074321Z-001\FREE EA\Hendra Robot.ex4,basket,unknown-ea
ex4,e01acffd52f63831fb7e06b462d8a202,2024-06\FREE EA-20240608T074321Z-001\FREE EA\HFT_Strategy_ForexBatch.com_.ex4,basket,unknown-ea
ex4,79e51004f535e7348cf1bc3e92637f7e,2024-06\FREE EA-20240608T074321Z-001\FREE EA\High risk High profits EA.ex4,basket,unknown-ea
ex4,5a1e1148b0c082df7c36b4121dc3c8c3,2024-06\FREE EA-20240608T074321Z-001\FREE EA\HighwayEA.v3.4.4.ex4,basket,unknown-ea
ex4,c8b183de0e739899f10361f326ff2c9d,2024-06\FREE EA-20240608T074321Z-001\FREE EA\Hist_StepMA_Stoch_KV1_Ex_03.ex4,basket,unknown-ea
ex4,674929406e50a31b9300a1dde7df53a3,2024-06\FREE EA-20240608T074321Z-001\FREE EA\HMA_v4_email_alert.ex4,basket,unknown-ea
ex4,93edcf0abea3c80952a596fcefe655c7,2024-06\FREE EA-20240608T074321Z-001\FREE EA\HPFZ.ex4,basket,unknown-ea
ex4,cf3f3fd1f94dda22c2cdf7ba1d9fdb35,2024-06\FREE EA-20240608T074321Z-001\FREE EA\HS-H4-EURGBP.ex4,basket,unknown-ea
ex4,bd930700658e9b1d06d1eeb7cca1b03d,2024-06\FREE EA-20240608T074321Z-001\FREE EA\HS-H4-GBPUSD.ex4,basket,unknown-ea
ex4,4bbdf4476bfec6d11b0123b0b408a7e7,2024-06\FREE EA-20240608T074321Z-001\FREE EA\HS-M5-EURGBP.ex4,basket,unknown-ea
ex4,07dbed50fde11f28be50d7a84461fdf8,2024-06\FREE EA-20240608T074321Z-001\FREE EA\HS-M5-GBPUSD.ex4,basket,unknown-ea
ex4,e5845c872fcab2bc08d4d7711818f8dc,2024-06\FREE EA-20240608T074321Z-001\FREE EA\hull - moving average bands (mtf + alerts + arrows).ex4,basket,trend
ex4,eb214bf38112af56dbf1293bd227de29,2024-06\FREE EA-20240608T074321Z-001\FREE EA\hybrid_Scalper.ex4,basket,scalper
ex4,df417f1fb7df99bdde6c03d5a2a850e3,2024-06\FREE EA-20240608T074321Z-001\FREE EA\i-IntradayFibonacci.ex4,basket,unknown-ea
ex4,453130b499deab8a3d6afdcfc789c317,2024-06\FREE EA-20240608T074321Z-001\FREE EA\iB_nn.ex4,basket,unknown-ea
ex4,1ce2a6b17316ee169e87d74b478f5a83,2024-06\FREE EA-20240608T074321Z-001\FREE EA\Ichimoku.ex4,basket,unknown-ea
ex4,803b5bd26cd412347fb137ea9aa145ae,2024-06\FREE EA-20240608T074321Z-001\FREE EA\iExposure.ex4,basket,unknown-ea
ex4,0ae43726b15cfc9e86ec4bbfb00075f5,2024-06\FREE EA-20240608T074321Z-001\FREE EA\Ilan__Z-Mod.ex4,basket,unknown-ea
ex4,a38bc90171e3237f2f6fc701b5c7ee0d,2024-06\FREE EA-20240608T074321Z-001\FREE EA\Ilan_test.ex4,basket,unknown-ea
ex4,5efab656964bf69b0a74d8a3ed5b81a4,2024-06\FREE EA-20240608T074321Z-001\FREE EA\Infoboard.ex4,basket,unknown-ea
ex4,083bf4bb32fb5b79e1f07f3c74db2256,2024-06\FREE EA-20240608T074321Z-001\FREE EA\Inside bars EA.ex4,basket,unknown-ea
ex4,9508d75ba8af81b5eea6d1c5457eda4d,2024-06\FREE EA-20240608T074321Z-001\FREE EA\Insider Trading Demo.ex4,basket,unknown-ea
ex4,320bd813f81f52ea55e6d8a9da5dcd18,2024-06\FREE EA-20240608T074321Z-001\FREE EA\Instant Trendline Filter.ex4,basket,trend
ex4,d136baca9abd48e5c13cead4ad0135e5,2024-06\FREE EA-20240608T074321Z-001\FREE EA\Investo MT4 Free.ex4,basket,unknown-ea
ex4,596a3e828f6e3362b1cae3e5381bdcd3,2024-06\FREE EA-20240608T074321Z-001\FREE EA\InwTrendLine2017V2.63(1).ex4,basket,trend
ex4,31a678fe0ea7d6ac27216c8bb198d699,2024-06\FREE EA-20240608T074321Z-001\FREE EA\IRRON2_EA - Trial.ex4,basket,unknown-ea
ex4,46d695afc50692e31e733965427bbcb4,2024-06\FREE EA-20240608T074321Z-001\FREE EA\ISATM_v1.5.ex4,basket,unknown-ea
ex4,153b83e5b4d9dac37790c53499e66720,2024-06\FREE EA-20240608T074321Z-001\FREE EA\JHK Irobot.ex4,basket,unknown-ea
ex4,84bd9b434aa2c425104442d0861eec14,2024-06\FREE EA-20240608T074321Z-001\FREE EA\JOIA-FX TURBO 3.ex4,basket,unknown-ea
ex4,423bdc9f468cebd788ee54f87492c2f8,2024-06\FREE EA-20240608T074321Z-001\FREE EA\JOIA-SCALPER TURBO2.ex4,basket,scalper
ex4,b012c30d08ec0393357f46929bb951ab,2024-06\FREE EA-20240608T074321Z-001\FREE EA\Kaufman - with filter (mtf + alerts + arrows).ex4,basket,unknown-ea
ex4,28e95499abaf6890bbd927fe75279c90,2024-06\FREE EA-20240608T074321Z-001\FREE EA\Kijun-sen+.ex4,basket,unknown-ea
ex4,9314e5a25c28a2abab6f101ba38fd078,2024-06\FREE EA-20240608T074321Z-001\FREE EA\killer_sell.ex4,basket,unknown-ea
ex4,2dfe964264ab4d4470a8073dbf63abac,2024-06\FREE EA-20240608T074321Z-001\FREE EA\laguerre.ex4,basket,unknown-ea
ex4,ed04229dc55da64515964a96a2915dd6,2024-06\FREE EA-20240608T074321Z-001\FREE EA\LaguerreFilter.ex4,basket,unknown-ea
ex4,23e54b9cf599adb31c082579adce197c,2024-06\FREE EA-20240608T074321Z-001\FREE EA\LastNHourTrend.ex4,basket,trend
ex4,6308f984e37dd12130827d188261eb88,2024-06\FREE EA-20240608T074321Z-001\FREE EA\Lenhune Forward For free V2.ex4,basket,unknown-ea
ex4,9c80cc36cd0793e6deb532ab8e52b218,2024-06\FREE EA-20240608T074321Z-001\FREE EA\Leverage.ex4,basket,unknown-ea
ex4,0f41875f4525fa77e158d6bf17dbc563,2024-06\FREE EA-20240608T074321Z-001\FREE EA\limits_martin2_1.ex4,basket,unknown-ea
ex4,9457903c914bac3632b81f4d6117d993,2024-06\FREE EA-20240608T074321Z-001\FREE EA\LionForce EA.ex4,basket,unknown-ea
ex4,2961aba174c57523528a41297d294e57,2024-06\FREE EA-20240608T074321Z-001\FREE EA\LocalTime.ex4,basket,unknown-ea
ex4,307c3ad0e6c16fddf369b2465164512b,2024-06\FREE EA-20240608T074321Z-001\FREE EA\Logical FreeEAForex.ex4,basket,unknown-ea
ex4,d6e83a035e66e1c1ce326f7d9911b7ab,2024-06\FREE EA-20240608T074321Z-001\FREE EA\Look trend.ex4,basket,trend
ex4,5c1e09033034078df1247bca886c6fb6,2024-06\FREE EA-20240608T074321Z-001\FREE EA\Lucky..ex4,basket,unknown-ea
ex4,8d33dbe59c91ab1eb800a1befacb4c19,2024-06\FREE EA-20240608T074321Z-001\FREE EA\MA Channel EA.ex4,basket,trend
ex4,25274c2bfb9723f35603ee38b1a87df0,2024-06\FREE EA-20240608T074321Z-001\FREE EA\MA rsi.ex4,basket,trend
ex4,73efbf28feff27042422efdb11aab2f5,2024-06\FREE EA-20240608T074321Z-001\FREE EA\ma2cci.ex4,basket,unknown-ea
ex4,28a1ab5db94ed935e42ea800ed2c72a3,2024-06\FREE EA-20240608T074321Z-001\FREE EA\MA_Candles.ex4,basket,unknown-ea
ex4,da4bb0f84176a69551f0adc66e2f4fdd,2024-06\FREE EA-20240608T074321Z-001\FREE EA\MA_Crossover_Labels.ex4,basket,unknown-ea
ex4,6c0bdf45b1181893dc0c775b781c35c3,2024-06\FREE EA-20240608T074321Z-001\FREE EA\MA_Crossover_Signal.ex4,basket,unknown-ea
ex4,3ba6e21755f28cf20c0ca6349f09d4d5,2024-06\FREE EA-20240608T074321Z-001\FREE EA\MA_Crossover_Styles_v1.3.ex4,basket,unknown-ea
ex4,d0895974e9d36db0a21e12b0f479c092,2024-06\FREE EA-20240608T074321Z-001\FREE EA\MA_in_ColorSNK.ex4,basket,unknown-ea
ex4,58747b128e616dd427aef4168387a18d,2024-06\FREE EA-20240608T074321Z-001\FREE EA\MA_MA_2-35_EA.ex4,basket,unknown-ea
ex4,98b1a77a11e76adefe2f9caa21afe457,2024-06\FREE EA-20240608T074321Z-001\FREE EA\MA_Reverse.ex4,basket,unknown-ea
ex4,25ff5796491da7148c67e642d463542d,2024-06\FREE EA-20240608T074321Z-001\FREE EA\MAB_TD_Sequential.ex4,basket,unknown-ea
ex4,6c261c3bdd606e348102bd3fcbb8f6b2,2024-06\FREE EA-20240608T074321Z-001\FREE EA\macd candles v3.ex4,basket,trend
ex4,ff58abedc2e340f2bf8f759b8774d94c,2024-06\FREE EA-20240608T074321Z-001\FREE EA\MACD Cross Martingale EA Ver 4.ex4,basket,grid-recovery
ex4,2cb415685d311af260bd024158fec373,2024-06\FREE EA-20240608T074321Z-001\FREE EA\MACD Crossover Alert.ex4,basket,trend
ex4,e66225acb150ab423a11cbb15bff0c34,2024-06\FREE EA-20240608T074321Z-001\FREE EA\MACD Sample.ex4,basket,trend
ex4,f72ded45094e2fec3353f4427440de70,2024-06\FREE EA-20240608T074321Z-001\FREE EA\MACD.ex4,basket,trend
ex4,0b5d68205a5dedf336875462a925dd2b,2024-06\FREE EA-20240608T074321Z-001\FREE EA\MACD_Colored_v103.ex4,basket,trend
ex4,b0e80bde8267ae1dd84dbc0c847995b3,2024-06\FREE EA-20240608T074321Z-001\FREE EA\MACD_Histogram.ex4,basket,trend
ex4,b9d123d36b6459d7e263567cddbe3863,2024-06\FREE EA-20240608T074321Z-001\FREE EA\MACrossoverMaster.ex4,basket,unknown-ea
ex4,486b03928fd93f21851050c670a3114c,2024-06\FREE EA-20240608T074321Z-001\FREE EA\Magic Machine Advance.ex4,basket,unknown-ea
ex4,48076ed61fe8f37ee59d140ecab5f76c,2024-06\FREE EA-20240608T074321Z-001\FREE EA\Magnified Market Price.ex4,basket,unknown-ea
ex4,f784477770a210776482d87841b9d984,2024-06\FREE EA-20240608T074321Z-001\FREE EA\Majorkiller peak.ex4,basket,unknown-ea
ex4,daf25cbbaf16b5b1edca6c697d5e3648,2024-06\FREE EA-20240608T074321Z-001\FREE EA\ManualBacktest_v2.ex4,basket,unknown-ea
ex4,2560b44c4fb5498eaa6c9c8b5cc7ec3a,2024-06\FREE EA-20240608T074321Z-001\FREE EA\ManualBacktest_v4_beta5.ex4,basket,unknown-ea
ex4,f0184663b44143a97748ca8f225c3559,2024-06\FREE EA-20240608T074321Z-001\FREE EA\ManualBacktest_v4_beta7.ex4,basket,unknown-ea
ex4,ad4cd129995569c560e534df07760dd9,2024-06\FREE EA-20240608T074321Z-001\FREE EA\ManualBacktest_v4_small.ex4,basket,unknown-ea
ex4,4c348abefc142ee1b498b2646d0c957e,2024-06\FREE EA-20240608T074321Z-001\FREE EA\Martingale BB SMA free.ex4,basket,grid-recovery
ex4,c72540e670d7f3f9196656b4a5eb6a6c,2024-06\FREE EA-20240608T074321Z-001\FREE EA\Martingale EnvBBrsi.ex4,basket,grid-recovery
ex4,0b18d32788deff2a8e2baa10f8345d9f,2024-06\FREE EA-20240608T074321Z-001\FREE EA\MARTINGALE VI HYBRID1.ex4,basket,grid-recovery
ex4,6a23180416c63573148472d4379e57c0,2024-06\FREE EA-20240608T074321Z-001\FREE EA\MaSaS V1.1.ex4,basket,unknown-ea
ex4,59b507a8023bbadac3d4697bc55996d8,2024-06\FREE EA-20240608T074321Z-001\FREE EA\Master.ex4,basket,unknown-ea
ex4,47ce71f44346a5e04b4fa7dc3e877c8a,2024-06\FREE EA-20240608T074321Z-001\FREE EA\Matrix VCS.ex4,basket,unknown-ea
ex4,e287929709472f3fb51792f2f7e24d2b,2024-06\FREE EA-20240608T074321Z-001\FREE EA\me_Close_All v1.1.ex4,basket,unknown-ea
ex4,951681ce49cc58528b66f745e3d38c36,2024-06\FREE EA-20240608T074321Z-001\FREE EA\me_Close_All v1.ex4,basket,unknown-ea
ex4,15cda556fbd8a576c869edaca53894f3,2024-06\FREE EA-20240608T074321Z-001\FREE EA\MegaDroid.ex4,basket,unknown-ea
ex4,7273069cde47f7ccb53fe65ad677f151,2024-06\FREE EA-20240608T074321Z-001\FREE EA\Mercury X Pro Trial 31 May.ex4,basket,unknown-ea
ex4,adc0424b1e07e41a87aa545d1b3e3aa7,2024-06\FREE EA-20240608T074321Z-001\FREE EA\metabot~.ex4,basket,unknown-ea
ex4,ff49767af13e2f663c6412387d4e2b46,2024-06\FREE EA-20240608T074321Z-001\FREE EA\metabot~~.ex4,basket,unknown-ea
ex4,d4b62b5c1f62479d878bbe30a28de71f,2024-06\FREE EA-20240608T074321Z-001\FREE EA\MetaNeural_EA_v218-rev2.ex4,basket,unknown-ea
ex4,aae370f9d55e9073851ee2e2e7418b5a,2024-06\FREE EA-20240608T074321Z-001\FREE EA\mGRID EA.ex4,basket,grid-recovery
ex4,713fb3881e71484e82d9aec505a93e56,2024-06\FREE EA-20240608T074321Z-001\FREE EA\Michael_S_Jenkins_-_Secret_Angle_Method_v1.21.ex4,basket,unknown-ea
ex4,dff3ad33588e5361862a50db742d82ac,2024-06\FREE EA-20240608T074321Z-001\FREE EA\milestone with dateExpire.ex4,basket,unknown-ea
ex4,c4df6113e82dcdae0603566a822fa2e7,2024-06\FREE EA-20240608T074321Z-001\FREE EA\milestone-20.5.ex4,basket,unknown-ea
ex4,84fd95e14b00874592ae05261eaaacf1,2024-06\FREE EA-20240608T074321Z-001\FREE EA\milestone.ex4,basket,unknown-ea
ex4,c57b1159fb1e04ce8a22e32c4ab10c50,2024-06\FREE EA-20240608T074321Z-001\FREE EA\milestone205.ex4,basket,unknown-ea
ex4,26d9754f8c045845f56ea1fc100acb67,2024-06\FREE EA-20240608T074321Z-001\FREE EA\MILKY EA (Demo) by [Mr.KENG].ex4,basket,unknown-ea
ex4,e123217162e7f7bd83cc8c6e0aca6d35,2024-06\FREE EA-20240608T074321Z-001\FREE EA\mindhero_alert(1).ex4,basket,unknown-ea
ex4,0e640ce45aad388fd97417dbf6f5b1fc,2024-06\FREE EA-20240608T074321Z-001\FREE EA\Mister Hide.ex4,basket,unknown-ea
ex4,ffb2802b46f05fbffe71158148ee98cb,2024-06\FREE EA-20240608T074321Z-001\FREE EA\Mm2019.ex4,basket,unknown-ea
ex4,a8d8cb74efa16bdda9b37c278209ad1b,2024-06\FREE EA-20240608T074321Z-001\FREE EA\Mm20200220.ex4,basket,unknown-ea
ex4,b08db9d514aaac48255332e2820e72d9,2024-06\FREE EA-20240608T074321Z-001\FREE EA\MM_contrary2020.ex4,basket,unknown-ea
ex4,e59f1e69e248ceee689806f2087b2977,2024-06\FREE EA-20240608T074321Z-001\FREE EA\Mm_GOLDm1.ex4,XAUUSD,unknown-ea
ex4,80ed9e8af495390e051d04d91b4ee270,2024-06\FREE EA-20240608T074321Z-001\FREE EA\Momentum.ex4,basket,unknown-ea
ex4,878f3b63b7f9c858ac730f2029dcf4b1,2024-06\FREE EA-20240608T074321Z-001\FREE EA\Monaco.ex4,basket,unknown-ea
ex4,1bcde5338476f5bd936cbe30c14538e4,2024-06\FREE EA-20240608T074321Z-001\FREE EA\MoneyMining-1.0.ex4,basket,unknown-ea
ex4,9159f46c4e5545c57eaa3f5a48355e17,2024-06\FREE EA-20240608T074321Z-001\FREE EA\MoneyMining-1.0A.ex4,basket,unknown-ea
ex4,36e6d5caec783bdac21bbca66bbe303e,2024-06\FREE EA-20240608T074321Z-001\FREE EA\MoneyMining2020.ex4,basket,unknown-ea
ex4,96a0f8bf5bbc4266351b136a12619fcd,2024-06\FREE EA-20240608T074321Z-001\FREE EA\MoneyMining2020_2.ex4,basket,unknown-ea
ex4,65de6c0d967fde6a56a46fd527318ea5,2024-06\FREE EA-20240608T074321Z-001\FREE EA\MoneyMiningV0.ex4,basket,unknown-ea
ex4,6121cef2d248c6fa93ba0b5219f6f900,2024-06\FREE EA-20240608T074321Z-001\FREE EA\MoTuBo_EA 1.07.ex4,basket,unknown-ea
ex4,fdd814107ed64a8b40b0c5f1371e61c4,2024-06\FREE EA-20240608T074321Z-001\FREE EA\Moving Average.ex4,basket,trend
ex4,4fd8d6c45793cac34f94f551a54caf2d,2024-06\FREE EA-20240608T074321Z-001\FREE EA\Moving_Averages 2020.ex4,basket,trend
ex4,9176ea60661f8ec638597bdcf4420580,2024-06\FREE EA-20240608T074321Z-001\FREE EA\MQL Random EA.ex4,basket,unknown-ea
ex4,2e281d15d89b47b8b7c0d6170dd4b5bf,2024-06\FREE EA-20240608T074321Z-001\FREE EA\MT4 Trading Simulator Pro.ex4,basket,unknown-ea
ex4,eaf2c77ee050ac8cdcf48956bba7ac5e,2024-06\FREE EA-20240608T074321Z-001\FREE EA\MT4 Trend Trading Systemv.2.ex4,basket,trend
ex4,1cff73c83f21194c784212df162297bc,2024-06\FREE EA-20240608T074321Z-001\FREE EA\MtApi.ex4,basket,unknown-ea
ex4,836f5bfce083605c617d822dd560443f,2024-06\FREE EA-20240608T074321Z-001\FREE EA\MTF Bollinger.ex4,basket,unknown-ea
ex4,bb6614cb8c641d0d49c50d98825cd52b,2024-06\FREE EA-20240608T074321Z-001\FREE EA\MTF_MACD_inColor.ex4,basket,trend
ex4,1537845ef6e0dbb0762b791822f4b5e7,2024-06\FREE EA-20240608T074321Z-001\FREE EA\Murrey Math.ex4,basket,unknown-ea
ex4,3dae17fd15cb91babd898dca21f87b4d,2024-06\FREE EA-20240608T074321Z-001\FREE EA\My MA100 BB10 Fractals PSAR MACD RSI Thai EA.ex4,basket,trend
ex4,39627b1c4e64aa8ad5e06f3d50974c0e,2024-06\FREE EA-20240608T074321Z-001\FREE EA\neoultimaforexbreakout-signal.ex4,basket,breakout
ex4,36687cbadda230b624e06978fcc8c53d,2024-06\FREE EA-20240608T074321Z-001\FREE EA\neoultimaforexbreakout-target.ex4,basket,breakout
ex4,97788129727bad18ef77178e8687e8ce,2024-06\FREE EA-20240608T074321Z-001\FREE EA\newlow.ex4,basket,unknown-ea
ex4,e83a43fa502af042ea2b8b99733b0bb8,2024-06\FREE EA-20240608T074321Z-001\FREE EA\NewYorkBox.ex4,basket,unknown-ea
ex4,8b5538f9eae17b889d0608603b4cd395,2024-06\FREE EA-20240608T074321Z-001\FREE EA\Nkpoette_s ATM Machine Modified.ex4,basket,unknown-ea
ex4,168a15cea703807cdf4ac377f51191ff,2024-06\FREE EA-20240608T074321Z-001\FREE EA\No Sleep EA-v3.2.ex4,basket,unknown-ea
ex4,8905c059b5cac0486586e81677595a25,2024-06\FREE EA-20240608T074321Z-001\FREE EA\No Sleep EA.ex4,basket,unknown-ea
ex4,6facdbaff3a79eb9c04b5735de623444,2024-06\FREE EA-20240608T074321Z-001\FREE EA\NumberMedology_KDLine_2.0.ex4,basket,unknown-ea
ex4,8cc98009cf17cfe1611273be57628e9e,2024-06\FREE EA-20240608T074321Z-001\FREE EA\Oracle EA.ex4,basket,unknown-ea
ex4,19f27b3b7647449a3bd276f22134b864,2024-06\FREE EA-20240608T074321Z-001\FREE EA\Order Alert_V1.ex4,basket,unknown-ea
ex4,b1abe6cd246bcf2e38a8866196786b37,2024-06\FREE EA-20240608T074321Z-001\FREE EA\Order Alert_V2.ex4,basket,unknown-ea
ex4,eee6b6244e5f31aca857bb2a6c0c0e51,2024-06\FREE EA-20240608T074321Z-001\FREE EA\OrderModifyStepper_V2.ex4,basket,unknown-ea
ex4,6d39707baebaa81e592ad5e1e1e602b2,2024-06\FREE EA-20240608T074321Z-001\FREE EA\OsMA.ex4,basket,unknown-ea
ex4,2468b2485c7effb8b9c310b912618d66,2024-06\FREE EA-20240608T074321Z-001\FREE EA\PA_Multi_IND_TF_EA V1.1(2).ex4,basket,unknown-ea
ex4,6f61ab9111d7a7c5e9383ccd4191bbc1,2024-06\FREE EA-20240608T074321Z-001\FREE EA\Parabolic.ex4,basket,unknown-ea
ex4,d9905e9244a54778b27a60e448e31afa,2024-06\FREE EA-20240608T074321Z-001\FREE EA\Pattern_Alert.ex4,basket,unknown-ea
ex4,a693d4768d3c2433b12e70964d1f7ffc,2024-06\FREE EA-20240608T074321Z-001\FREE EA\pattern_recognition.ex4,basket,unknown-ea
ex4,0b77b1cfce0dd91a884ff3ec96b90cac,2024-06\FREE EA-20240608T074321Z-001\FREE EA\PercentageChange.ex4,basket,unknown-ea
ex4,8eeeae8f3debc51096dc6e79a71e0740,2024-06\FREE EA-20240608T074321Z-001\FREE EA\PeriodConverter.ex4,basket,unknown-ea
ex4,71d850a641f1c23613b157b69be3c8d1,2024-06\FREE EA-20240608T074321Z-001\FREE EA\pfdbezub.ex4,basket,unknown-ea
ex4,f692c5adfcf905387cd969739a68b7e1,2024-06\FREE EA-20240608T074321Z-001\FREE EA\pfdtral.ex4,basket,unknown-ea
ex4,9ae9af22c3e183b6b577cee847a8a663,2024-06\FREE EA-20240608T074321Z-001\FREE EA\PHGRID200AB_Beta1.ex4,basket,grid-recovery
ex4,9c16506b35927abe5ffe2cdfcfc0bebf,2024-06\FREE EA-20240608T074321Z-001\FREE EA\PHGRID201_Demo.ex4,basket,grid-recovery
ex4,e373b1c4e84649393f880f4e13067335,2024-06\FREE EA-20240608T074321Z-001\FREE EA\Phoenix_EA_v5_6_03.ex4,basket,unknown-ea
ex4,3b7287ef152cc93bca4e494bda438fba,2024-06\FREE EA-20240608T074321Z-001\FREE EA\PinbarDetector.ex4,basket,unknown-ea
ex4,9930483d9f4be4c865c3ac874654d703,2024-06\FREE EA-20240608T074321Z-001\FREE EA\PipeClient.ex4,basket,unknown-ea
ex4,6ef54ceeb08f36a2f6fa7be21f42aec4,2024-06\FREE EA-20240608T074321Z-001\FREE EA\PipeClientPure.ex4,basket,unknown-ea
ex4,782b0885258b1159023e93f39a1339f6,2024-06\FREE EA-20240608T074321Z-001\FREE EA\pipsometer_5_decimal.ex4,basket,unknown-ea
ex4,21fdd6d3be6a90e34c49a53446ce8095,2024-06\FREE EA-20240608T074321Z-001\FREE EA\PipStepHedger EA.ex4,basket,grid-recovery
ex4,51a3d7d5b393722169c030be28f4045c,2024-06\FREE EA-20240608T074321Z-001\FREE EA\Pivot Points - Daily (Shifted).ex4,basket,unknown-ea
ex4,0ab50e68f65120c8dc5278edb7dfa80b,2024-06\FREE EA-20240608T074321Z-001\FREE EA\poisonIVY-vs-fishbonecortez84-T-z_3Ro-tweak_inc.ex4,basket,unknown-ea
ex4,84f4b419d7dc14f753cdde17c41d7d87,2024-06\FREE EA-20240608T074321Z-001\FREE EA\Predictive_Price_FPI.ex4,basket,unknown-ea
ex4,15e4d6e14e823247a3711692e4e8bd78,2024-06\FREE EA-20240608T074321Z-001\FREE EA\PriceAction.ex4,basket,unknown-ea
ex4,134347cbed803a54e0e1c0b37c10949a,2024-06\FREE EA-20240608T074321Z-001\FREE EA\PricerEA_v1.0.ex4,basket,unknown-ea
ex4,a2ef5a4e1db316b1e0b1d4f5f555f691,2024-06\FREE EA-20240608T074321Z-001\FREE EA\ProbMeter v1.1.ex4,basket,unknown-ea
ex4,00c86cb6233a7dcfba6f2a3d03aa4822,2024-06\FREE EA-20240608T074321Z-001\FREE EA\profitday pro.ex4,basket,unknown-ea
ex4,3d653259e2a454f39ff55065fa4be075,2024-06\FREE EA-20240608T074321Z-001\FREE EA\ProfitHunter.ex4,basket,unknown-ea
ex4,aa7a81e1022a79a50e908545a59c19bd,2024-06\FREE EA-20240608T074321Z-001\FREE EA\PTPRO_LicenseX.ex4,basket,unknown-ea
ex4,3fe6afd025bdfe0b171cf4f53ba1bd1d,2024-06\FREE EA-20240608T074321Z-001\FREE EA\Pump and Dump.ex4,basket,unknown-ea
ex4,6e0522902de5988b415899c7e347c3a3,2024-06\FREE EA-20240608T074321Z-001\FREE EA\PZ ADX Trader EA.ex4,basket,unknown-ea
ex4,a249127a3a006e4021288591f01b3a2e,2024-06\FREE EA-20240608T074321Z-001\FREE EA\PZ Parabolic SAR EA.ex4,basket,unknown-ea
ex4,f0f58685d1196cd6ed09478edaae6156,2024-06\FREE EA-20240608T074321Z-001\FREE EA\PZ_DayTrading.ex4,basket,unknown-ea
ex4,b37f983177c3f17e513e005c17fe45df,2024-06\FREE EA-20240608T074321Z-001\FREE EA\PZ_ReversalTrendFollowingEA.ex4,basket,trend
ex4,db1200d3e99d0e94fa6887126204677b,2024-06\FREE EA-20240608T074321Z-001\FREE EA\Ranger FF.ex4,basket,unknown-ea
ex4,2a855312de4ab8428682a85dbf81ec6e,2024-06\FREE EA-20240608T074321Z-001\FREE EA\RANGER M5.ex4,basket,unknown-ea
ex4,abb10494c21e0550029d79eea166669b,2024-06\FREE EA-20240608T074321Z-001\FREE EA\Ranger(7).ex4,basket,unknown-ea
ex4,13d11c90beb97dda3689b97b7549a423,2024-06\FREE EA-20240608T074321Z-001\FREE EA\RAVI FX Fisher(1).ex4,basket,unknown-ea
ex4,b0e6777372934b50d89a8bd0030c59cb,2024-06\FREE EA-20240608T074321Z-001\FREE EA\rbt.ex4,basket,unknown-ea
ex4,9dcef093f33ff4897f36fcc4441e9001,2024-06\FREE EA-20240608T074321Z-001\FREE EA\Rebate Maker EA.ex4,basket,unknown-ea
ex4,5bb6ac1e10090d3244374138f708139c,2024-06\FREE EA-20240608T074321Z-001\FREE EA\ReCharged_SMG EA(1).ex4,basket,unknown-ea
ex4,1154d92cd8daaea4959bd8fdec8d0d83,2024-06\FREE EA-20240608T074321Z-001\FREE EA\Recovery Hedging All Symbol.ex4,basket,grid-recovery
ex4,b9905174bd11579c798c16dd790e2ed1,2024-06\FREE EA-20240608T074321Z-001\FREE EA\Refresh_on_New_Bar_or_Minute.ex4,basket,unknown-ea
ex4,2833c82af29c2b26bbefc43782689c06,2024-06\FREE EA-20240608T074321Z-001\FREE EA\Regularized ema + alerts 1.2.ex4,basket,unknown-ea
ex4,5d8608d3d896f5da956a34c23f18e30e,2024-06\FREE EA-20240608T074321Z-001\FREE EA\Relax Time.ex4,basket,unknown-ea
ex4,fe90c41a08d4d051fac3b76185ac5125,2024-06\FREE EA-20240608T074321Z-001\FREE EA\Renko_Bull_Bear_Speed_Meter.ex4,basket,unknown-ea
ex4,5eae4e6b07411fdf27c79dfe705d735c,2024-06\FREE EA-20240608T074321Z-001\FREE EA\Renko_Chart.ex4,basket,unknown-ea
ex4,2a574b61b1796fbcb0de57beeb90dcf9,2024-06\FREE EA-20240608T074321Z-001\FREE EA\RenkoBar.ex4,basket,unknown-ea
ex4,45afb0d0abbb54966026b98241e575af,2024-06\FREE EA-20240608T074321Z-001\FREE EA\RenkoLiveChart_v3.0 (indi)[perso].ex4,basket,unknown-ea
ex4,d538a7fc899d80676501666bda60ec4a,2024-06\FREE EA-20240608T074321Z-001\FREE EA\RenkoLiveChart_v3.2.ex4,basket,unknown-ea
ex4,c33323ed01d3689671f1023658bed4d0,2024-06\FREE EA-20240608T074321Z-001\FREE EA\RenkoScalp_MSAlert_.ex4,basket,scalper
ex4,492d3b5f2d6da0396b5b96e089ff16e9,2024-06\FREE EA-20240608T074321Z-001\FREE EA\reversalgrail.ex4,basket,unknown-ea
ex4,9c1e9d9fb590c213ea1b5796b858ea7d,2024-06\FREE EA-20240608T074321Z-001\FREE EA\RFX.ex4,basket,unknown-ea
ex4,3124f9c7950888467ebe4648db54ca25,2024-06\FREE EA-20240608T074321Z-001\FREE EA\RICHES__TRAILNGSTOP.ex4,basket,unknown-ea
ex4,fbbaa755c1cb6399ad8c548e389ce816,2024-06\FREE EA-20240608T074321Z-001\FREE EA\Rider Grid v1.ex4,basket,grid-recovery
ex4,28ddc2fb742565079a26f54e6fe65180,2024-06\FREE EA-20240608T074321Z-001\FREE EA\Robot.ex4,basket,unknown-ea
ex4,40091b92fe209c862b459eb0419973cd,2024-06\FREE EA-20240608T074321Z-001\FREE EA\RoNz Auto SL-TS-TP.ex4,basket,unknown-ea
ex4,1aa6a6c7a8dc72067bc03f8f454760be,2024-06\FREE EA-20240608T074321Z-001\FREE EA\ronz_auto_sl_n_tp.ex4,basket,unknown-ea
ex4,8571af8fcf40ef590f0d5efdd4e7fcef,2024-06\FREE EA-20240608T074321Z-001\FREE EA\Rounding Levels Trade.ex4,basket,unknown-ea
ex4,b1b091cee9c5b8f974ed727f5505fcec,2024-06\FREE EA-20240608T074321Z-001\FREE EA\RSI.ex4,basket,unknown-ea
ex4,c2da19b44896dc6a5ea652aea75c585c,2024-06\FREE EA-20240608T074321Z-001\FREE EA\RSI_Divergence_12.ex4,basket,unknown-ea
ex4,b2b7b1531c54461334c34be0c8aed769,2024-06\FREE EA-20240608T074321Z-001\FREE EA\Rubber Multipair EA V1.2 (SL Added).ex4,basket,unknown-ea
ex4,cae0f7b4fdc8a12605e7624f6cad9203,2024-06\FREE EA-20240608T074321Z-001\FREE EA\s-Constant-Range-Bars.ex4,basket,unknown-ea
ex4,4900d50930472a0f16e7efb91e2e6e9f,2024-06\FREE EA-20240608T074321Z-001\FREE EA\SakhamGRID301.ex4,basket,grid-recovery
ex4,af34672bb7b174bef3191ccd36f33006,2024-06\FREE EA-20240608T074321Z-001\FREE EA\Sample_MA_Trader.ex4,basket,unknown-ea
ex4,ef75b4fdc8887f30cd6f67b0180b42d7,2024-06\FREE EA-20240608T074321Z-001\FREE EA\SCALP RR.ex4,basket,scalper
ex4,3f225237c6bc9735645721f227a91414,2024-06\FREE EA-20240608T074321Z-001\FREE EA\ScalperEA.ex4,basket,scalper
ex4,153e44e07457e0038c39a8b4cd9194de,2024-06\FREE EA-20240608T074321Z-001\FREE EA\Scalping Strategy System V2.0.ex4,basket,scalper
ex4,a88f69a21ee844dc3863d544c3553d97,2024-06\FREE EA-20240608T074321Z-001\FREE EA\SendOrderAdvanced.ex4,basket,unknown-ea
ex4,72f7656cccd09df0aa7e0e938b8c5df9,2024-06\FREE EA-20240608T074321Z-001\FREE EA\Session_Boxes_High_Low_Mid(1).ex4,basket,unknown-ea
ex4,4851fd02332c9961cf43ff26dd8e612f,2024-06\FREE EA-20240608T074321Z-001\FREE EA\SHMA.ex4,basket,unknown-ea
ex4,00752a07a0e05bb429560b8b436dd0ad,2024-06\FREE EA-20240608T074321Z-001\FREE EA\show_your_local_time.ex4,basket,unknown-ea
ex4,1a1559b4185058b5256a9876eb8262ac,2024-06\FREE EA-20240608T074321Z-001\FREE EA\sidus v.2.ex4,basket,unknown-ea
ex4,d3934628e10b27d309958edbc525d7bb,2024-06\FREE EA-20240608T074321Z-001\FREE EA\Simple ZigZag EA+martingale.ex4,basket,grid-recovery
ex4,b6d9b02c80bb8524d8b9d03356e71ff3,2024-06\FREE EA-20240608T074321Z-001\FREE EA\Simple2020.ex4,basket,unknown-ea
ex4,e71d367a145baec98642fc3e4fc052fc,2024-06\FREE EA-20240608T074321Z-001\FREE EA\Simple_Inverse2020.ex4,basket,unknown-ea
ex4,29c8de4eef99078c338ed546a96b87e7,2024-06\FREE EA-20240608T074321Z-001\FREE EA\Slave.ex4,basket,unknown-ea
ex4,6eb1ecd39b79de3f07ad732a7f459b90,2024-06\FREE EA-20240608T074321Z-001\FREE EA\smart s.ex4,basket,unknown-ea
ex4,88c7c8cd0cb896f8a8044faca7188dcf,2024-06\FREE EA-20240608T074321Z-001\FREE EA\smartass2.ex4,basket,unknown-ea
ex4,90b51eb8e5be7e839c230e1e6fabe4cf,2024-06\FREE EA-20240608T074321Z-001\FREE EA\smartassV2.ex4,basket,unknown-ea
ex4,1e409e66bb78ecf805a9c55abe2673e6,2024-06\FREE EA-20240608T074321Z-001\FREE EA\SmartForex_V6.ex4,basket,unknown-ea
ex4,475fe668070f4a1746c134bbc4aac44d,2024-06\FREE EA-20240608T074321Z-001\FREE EA\SmartGridEA.ex4,basket,grid-recovery
ex4,0be15c672cef461d0424b1e45e72cc82,2024-06\FREE EA-20240608T074321Z-001\FREE EA\SmartGridEA_noDLL.ex4,basket,grid-recovery
ex4,a4594bf616b85043717fdb9f14b151e1,2024-06\FREE EA-20240608T074321Z-001\FREE EA\SMC Trader Camel CCI MACD v2.ex4,basket,trend
ex4,37708d01ed3e250bad0b85ef51a4c772,2024-06\FREE EA-20240608T074321Z-001\FREE EA\smC4Scalper_Candles_v3.1.ex4,basket,scalper
ex4,bee744ea61f84de1bee269e2542e15a4,2024-06\FREE EA-20240608T074321Z-001\FREE EA\SMI.ex4,basket,unknown-ea
ex4,4e84bda7c0f337df654fb3a540121e96,2024-06\FREE EA-20240608T074321Z-001\FREE EA\SmoothCandle.ex4,basket,unknown-ea
ex4,c9f1b4f689cb09374c537cc9e1c5aea1,2024-06\FREE EA-20240608T074321Z-001\FREE EA\SnakeBorders.ex4,basket,unknown-ea
ex4,04931faa890a7b763ad5db4e511645b8,2024-06\FREE EA-20240608T074321Z-001\FREE EA\SNIPER PRO EA V 2.0_fix (1).ex4,basket,unknown-ea
ex4,6a0497a1aa02d8c75d759ccb3c2b89e1,2024-06\FREE EA-20240608T074321Z-001\FREE EA\Sniper.ex4,basket,unknown-ea
ex4,ce9e0727474b17605b508a7d75b6112d,2024-06\FREE EA-20240608T074321Z-001\FREE EA\Sniper_Stop_v2.ex4,basket,unknown-ea
ex4,e892ba28ab76491e50fe7507f922cc08,2024-06\FREE EA-20240608T074321Z-001\FREE EA\Sniper_Trend_A.ex4,basket,trend
ex4,4819ed0a736708d468e535f2cc73e8c4,2024-06\FREE EA-20240608T074321Z-001\FREE EA\Sniper_Trend_B.ex4,basket,trend
ex4,3f5ca7fd2bd4dd1289f1e1488a327e50,2024-06\FREE EA-20240608T074321Z-001\FREE EA\Solar Winds joy - histo.ex4,basket,unknown-ea
ex4,d18f0b4fda0971f270975275da9f3245,2024-06\FREE EA-20240608T074321Z-001\FREE EA\SPARROW_Pivot By JKM.ex4,basket,unknown-ea
ex4,ed5bcb5a75c4ecc078f310a63b722059,2024-06\FREE EA-20240608T074321Z-001\FREE EA\Spread.ex4,basket,unknown-ea
ex4,415410f9e712257f76e64fadf14f7f4f,2024-06\FREE EA-20240608T074321Z-001\FREE EA\Spread_Label_&_Alert.ex4,basket,unknown-ea
ex4,0c0880240c76a8d5aad759472a66d00e,2024-06\FREE EA-20240608T074321Z-001\FREE EA\starter.ex4,basket,unknown-ea
ex4,27eb877680a238674d512fd780f727ea,2024-06\FREE EA-20240608T074321Z-001\FREE EA\STARTUP FOREX ROBOT.ex4,basket,unknown-ea
ex4,75cb48a5cc258178cfe2991fe4b03f24,2024-06\FREE EA-20240608T074321Z-001\FREE EA\Statistic Trader Demo.ex4,basket,unknown-ea
ex4,0cc18905a03e7aa64615ef769fedfc8f,2024-06\FREE EA-20240608T074321Z-001\FREE EA\stdlib.ex4,basket,unknown-ea
ex4,a571a1c72b44dc76f620a8a0f47960f3,2024-06\FREE EA-20240608T074321Z-001\FREE EA\StepMA of rsi adaptive ema 2.8.ex4,basket,unknown-ea
ex4,def10bdc89f24858a3417ae3ae8cda3c,2024-06\FREE EA-20240608T074321Z-001\FREE EA\StepMA of rsi adaptive ema 2.9.ex4,basket,unknown-ea
ex4,02364506e52fb86b1c44eab1fd1226bd,2024-06\FREE EA-20240608T074321Z-001\FREE EA\StepMA of rsi adaptive tema 1.1.ex4,basket,unknown-ea
ex4,8965bd2817bc669b8c7497c825f0b03e,2024-06\FREE EA-20240608T074321Z-001\FREE EA\Stoc-Profit.ex4,basket,unknown-ea
ex4,011a5d273a86be25c20277af3e2d880b,2024-06\FREE EA-20240608T074321Z-001\FREE EA\Stochastic and Parabolic SAR.ex4,basket,unknown-ea
ex4,21d2eefa968071a6f52d84a098123282,2024-06\FREE EA-20240608T074321Z-001\FREE EA\Stochastic.ex4,basket,unknown-ea
ex4,fc39fa6b0bcffe17216a300fa67dbded,2024-06\FREE EA-20240608T074321Z-001\FREE EA\StochCrossAlert.ex4,basket,unknown-ea
ex4,f690757f2813b10529e24db5461397c7,2024-06\FREE EA-20240608T074321Z-001\FREE EA\stop_hunter.ex4,basket,unknown-ea
ex4,19377935af61ff17444374ff5f55d10c,2024-06\FREE EA-20240608T074321Z-001\FREE EA\Stoploss Follower.ex4,basket,unknown-ea
ex4,0b0368fa88cdad7730a432dca6d21efd,2024-06\FREE EA-20240608T074321Z-001\FREE EA\SU.ex4,basket,unknown-ea
ex4,0da46257e990b5733f781cbb59499976,2024-06\FREE EA-20240608T074321Z-001\FREE EA\super_hedging_v173.ex4,basket,grid-recovery
ex4,72da05b82b566a265d0f1e14f19a407d,2024-06\FREE EA-20240608T074321Z-001\FREE EA\super_hedging_v173~.ex4,basket,grid-recovery
ex4,2e2549d1711b7225cbe8cd657e65d1cf,2024-06\FREE EA-20240608T074321Z-001\FREE EA\super_smoother_riibbon.ex4,basket,unknown-ea
ex4,54604c13ce5fa5c8126a64c3a8902761,2024-06\FREE EA-20240608T074321Z-001\FREE EA\super_trend_nrp_mtf_4_1.ex4,basket,trend
ex4,7cba7b62bebc28db8c02afca31b591be,2024-06\FREE EA-20240608T074321Z-001\FREE EA\superscalper_v1.ex4,basket,scalper
ex4,7c2bf959af42810c23c524d64b4c0290,2024-06\FREE EA-20240608T074321Z-001\FREE EA\SuperSR7.ex4,basket,unknown-ea
ex4,b4e4ffa4ac64219ef026b98733a03ea4,2024-06\FREE EA-20240608T074321Z-001\FREE EA\SuperTrend (experiment) 1.31.ex4,basket,trend
ex4,4c926617f492cc729f81f96976df958b,2024-06\FREE EA-20240608T074321Z-001\FREE EA\SuperTrend averages 2.4.ex4,basket,trend
ex4,101cb53fd6ec047bfd740b23443d26ef,2024-06\FREE EA-20240608T074321Z-001\FREE EA\Supertrend EA Basic (1).ex4,basket,trend
ex4,b8af02ce536e78ab376b382a7bcfe888,2024-06\FREE EA-20240608T074321Z-001\FREE EA\SuperTrend nrp candles mtf 2.03.ex4,basket,trend
ex4,7b9a68b1fe124e67d20d2ab9d11ba289,2024-06\FREE EA-20240608T074321Z-001\FREE EA\SuperTrend nrp mtf (new format).ex4,basket,trend
ex4,963cfd250d15dbddeec016ff4d60a288,2024-06\FREE EA-20240608T074321Z-001\FREE EA\SuperTrend(1).ex4,basket,trend
ex4,c5dee8df48675a35bc28dcb6686c26e7,2024-06\FREE EA-20240608T074321Z-001\FREE EA\Supertrend.ex4,basket,trend
ex4,444526f9d29390b63d8a449e2b3165da,2024-06\FREE EA-20240608T074321Z-001\FREE EA\supertrendprofit4.ex4,basket,trend
ex4,baf8f5e23398d8179189a5affd5e6ffc,2024-06\FREE EA-20240608T074321Z-001\FREE EA\SUPERTRENDSURFER.ex4,basket,trend
ex4,44113715fdb1b28e4f153ed16b0738ae,2024-06\FREE EA-20240608T074321Z-001\FREE EA\SuperWinForexThai.ex4,basket,unknown-ea
ex4,968d68204a77f93d60fdca4ed06485f8,2024-06\FREE EA-20240608T074321Z-001\FREE EA\Support and Resistance Breakout Arrows-2.ex4,basket,breakout
ex4,df49ea550a3a9628afe4b139e7418266,2024-06\FREE EA-20240608T074321Z-001\FREE EA\SupportResistance.ex4,basket,unknown-ea
ex4,974e3942201bd54b539ba3fd25124e24,2024-06\FREE EA-20240608T074321Z-001\FREE EA\Suthin Srilachai 1042116 Lite.ex4,basket,unknown-ea
ex4,35bfb25e93966de1a9521a4a59313379,2024-06\FREE EA-20240608T074321Z-001\FREE EA\swb grid 4.1.0.3_h.ex4,basket,grid-recovery
ex4,147e0da3b329faedc5a715488432ddb4,2024-06\FREE EA-20240608T074321Z-001\FREE EA\SweetTrendEA.ex4,basket,trend
ex4,e6ea00a2b7ea5d1c453aae861734fd21,2024-06\FREE EA-20240608T074321Z-001\FREE EA\Swing_ZZ.ex4,basket,unknown-ea
ex4,e37d7a0fa37127952370363414d43e7a,2024-06\FREE EA-20240608T074321Z-001\FREE EA\Swiss Army EA v1.51.ex4,basket,unknown-ea
ex4,bb95460628bc8ed8f833b7412e839ff8,2024-06\FREE EA-20240608T074321Z-001\FREE EA\System 1.ex4,basket,unknown-ea
ex4,b436408cad27b2526b98fe236845ed9f,2024-06\FREE EA-20240608T074321Z-001\FREE EA\T 3 GANN HILO EA.ex4,basket,unknown-ea
ex4,41c8bb2a7e96950ac5f03a70f3ffaa27,2024-06\FREE EA-20240608T074321Z-001\FREE EA\t3-cci-Divergence.ex4,basket,unknown-ea
ex4,c621d5d537ec1f827cd666138bd1a572,2024-06\FREE EA-20240608T074321Z-001\FREE EA\Take Profit.ex4,basket,unknown-ea
ex4,e622f9766b09417c4011f58ca81e0e00,2024-06\FREE EA-20240608T074321Z-001\FREE EA\TCO FG.ex4,basket,unknown-ea
ex4,3026997862d0f8e839eba46267ba10ba,2024-06\FREE EA-20240608T074321Z-001\FREE EA\TDI-RT-Clone(1).ex4,basket,unknown-ea
ex4,388e312202afb674cb6d0e60e90b99da,2024-06\FREE EA-20240608T074321Z-001\FREE EA\TH_MTF_Bar1.4_alerts.ex4,basket,unknown-ea
ex4,2f03bdc7af3998a6ccee0352513f672c,2024-06\FREE EA-20240608T074321Z-001\FREE EA\The Jesing Magic V9 - Client.ex4,basket,unknown-ea
ex4,f026cd24530fed37c16c4889f0a15c75,2024-06\FREE EA-20240608T074321Z-001\FREE EA\The Jesing Magic V9 - Server.ex4,basket,unknown-ea
ex4,1539775474134e31c9ceb249c95f09a0,2024-06\FREE EA-20240608T074321Z-001\FREE EA\thegatan.ex4,basket,unknown-ea
ex4,c4b3754404ead40e92452921409aea65,2024-06\FREE EA-20240608T074321Z-001\FREE EA\theofx.ex4,basket,unknown-ea
ex4,28dff2a7cd34d0a69232dfd556f5e53b,2024-06\FREE EA-20240608T074321Z-001\FREE EA\Three Strategy.ex4,basket,unknown-ea
ex4,33c82ea48f01b0db0ff46c0fc1ec0135,2024-06\FREE EA-20240608T074321Z-001\FREE EA\THV4 CaveManager v1.3.ex4,basket,unknown-ea
ex4,cc6e66eaedc921a17c7511ec856db825,2024-06\FREE EA-20240608T074321Z-001\FREE EA\TickSniper_MT4.ex4,basket,unknown-ea
ex4,818543127754f9d5b8a4efc8c72bfbe3,2024-06\FREE EA-20240608T074321Z-001\FREE EA\tictac_nur_V2.ex4,basket,unknown-ea
ex4,707d83211053034866aef412fefcef87,2024-06\FREE EA-20240608T074321Z-001\FREE EA\tictac_nur_V3.ex4,basket,unknown-ea
ex4,1f525a5b66d50085e2d7760568ada0b5,2024-06\FREE EA-20240608T074321Z-001\FREE EA\tictac_nur_V4.ex4,basket,unknown-ea
ex4,e95ec1ae31642e8fd2da384d0c57bf6c,2024-06\FREE EA-20240608T074321Z-001\FREE EA\tictac_nur_V7-RC.ex4,basket,unknown-ea
ex4,a6f78d0b167b88084d19a9cf915b8b26,2024-06\FREE EA-20240608T074321Z-001\FREE EA\tictac_nur_V8-RC.ex4,basket,unknown-ea
ex4,c50eb8331de1e76631833c65f78f3e7c,2024-06\FREE EA-20240608T074321Z-001\FREE EA\TMA+CG.ex4,basket,unknown-ea
ex4,668da141d5aadfb1b31123b3234ca448,2024-06\FREE EA-20240608T074321Z-001\FREE EA\TMABand-Closer.ex4,basket,unknown-ea
ex4,89ddd20944659fa5d3cde2801d7efcf8,2024-06\FREE EA-20240608T074321Z-001\FREE EA\TMT - Daily Candle.ex4,basket,unknown-ea
ex4,31f4d1a2c8c898b482f959ab1a521633,2024-06\FREE EA-20240608T074321Z-001\FREE EA\TMT - EMA 20.ex4,basket,unknown-ea
ex4,cf0af65a725d1dfc8ff2f90ae6a8ae2e,2024-06\FREE EA-20240608T074321Z-001\FREE EA\TMT - EMA 7.ex4,basket,unknown-ea
ex4,33135fb9baaf8124531b6472d0030cb6,2024-06\FREE EA-20240608T074321Z-001\FREE EA\TMT - FxGlow MFI Meter.ex4,basket,unknown-ea
ex4,578618a630b980095e3a93133ec41102,2024-06\FREE EA-20240608T074321Z-001\FREE EA\TMT - FxGlow RSI Meter.ex4,basket,unknown-ea
ex4,4358fe7270f684f10daa9ba93ec5a41f,2024-06\FREE EA-20240608T074321Z-001\FREE EA\TMT - SR Levels.ex4,basket,unknown-ea
ex4,2c592763fe161a3cf07f21180e1a21b3,2024-06\FREE EA-20240608T074321Z-001\FREE EA\Total TP-TS.ex4,basket,unknown-ea
ex4,fe057c2400a4b62e463e1723c0bb2fb7,2024-06\FREE EA-20240608T074321Z-001\FREE EA\Total_TP_TS.ex4,basket,unknown-ea
ex4,6a8c31251fcd5fb5983e837f36169ce7,2024-06\FREE EA-20240608T074321Z-001\FREE EA\Trade Management Free Forex EA Robot.ex4,basket,unknown-ea
ex4,78786bc64cf10ed2558d48f5ca548e71,2024-06\FREE EA-20240608T074321Z-001\FREE EA\Trade Manager EA(1).ex4,basket,unknown-ea
ex4,7513ae1a951e0f7e1dd85bb7510cfcfa,2024-06\FREE EA-20240608T074321Z-001\FREE EA\trade metrics.ex4,basket,unknown-ea
ex4,bdca6a36aa22fbf7388d839894158b3f,2024-06\FREE EA-20240608T074321Z-001\FREE EA\Trade Simulator EA.ex4,basket,unknown-ea
ex4,d99bc5cc9f5a0bb88bbade8c0849abd6,2024-06\FREE EA-20240608T074321Z-001\FREE EA\TradeCopyMaster.ex4,basket,unknown-ea
ex4,0f42cbfef188f94322ab9ed7d59b7709,2024-06\FREE EA-20240608T074321Z-001\FREE EA\TradeCopySlave.ex4,basket,unknown-ea
ex4,8593b9017893ef3a6f31f8bdbe7b572e,2024-06\FREE EA-20240608T074321Z-001\FREE EA\TradePad_Current_Timeframe.ex4,basket,unknown-ea
ex4,2688c42f2b9351bb8e0baab581f7ccd7,2024-06\FREE EA-20240608T074321Z-001\FREE EA\TradersPowerExpert..ex4,basket,unknown-ea
ex4,6e225df8814731a0831ff8b04bb04f50,2024-06\FREE EA-20240608T074321Z-001\FREE EA\Trend pattern.ex4,basket,trend
ex4,f10994b6935af98e4da353b5ea14e0de,2024-06\FREE EA-20240608T074321Z-001\FREE EA\trend rider.ex4,basket,trend
ex4,6c4a780aee5618335b4511b023b1018c,2024-06\FREE EA-20240608T074321Z-001\FREE EA\Trend rollback ea FREE.ex4,basket,trend
ex4,fa6f9b48b03b424444990bc480298087,2024-06\FREE EA-20240608T074321Z-001\FREE EA\TrendLord.ex4,basket,trend
ex4,df90d1050ed94f275171b7b5df076f4e,2024-06\FREE EA-20240608T074321Z-001\FREE EA\TrendLord_Fixed.ex4,basket,trend
ex4,22a11d4b986ba95ec5b162334afa14ca,2024-06\FREE EA-20240608T074321Z-001\FREE EA\TrendRange_bars.ex4,basket,trend
ex4,5d8b4c9b31b04b46be407826a2f70a76,2024-06\FREE EA-20240608T074321Z-001\FREE EA\Trendsignal_c13.ex4,basket,trend
ex4,c8c3e1fae93c52e08310bf6ebe872c7a,2024-06\FREE EA-20240608T074321Z-001\FREE EA\TriadStrategiesFx.ex4,basket,unknown-ea
ex4,92f21645ad1ea193b57f6d8c8b23fd56,2024-06\FREE EA-20240608T074321Z-001\FREE EA\Triangular ArbitrageEA.ex4,basket,unknown-ea
ex4,bbd942172d35cdbf024c80ebefe04768,2024-06\FREE EA-20240608T074321Z-001\FREE EA\Triggerlines2.ex4,basket,unknown-ea
ex4,fe2c3f2c7b0278c50a35d3e9c189fd06,2024-06\FREE EA-20240608T074321Z-001\FREE EA\Triple Moving Average EA MT4.ex4,basket,trend
ex4,b78c5bfe427a04e6b24955257ae10d4d,2024-06\FREE EA-20240608T074321Z-001\FREE EA\triplema_crossover_ea-2.ex4,basket,unknown-ea
ex4,825102aa00bb1c51dd0e4e2d82219df3,2024-06\FREE EA-20240608T074321Z-001\FREE EA\triplema_crossover_ea.ex4,basket,unknown-ea
ex4,692966ca687eb558af9e0d86deea4910,2024-06\FREE EA-20240608T074321Z-001\FREE EA\TSR USDCHF 2019.ex4,basket,unknown-ea
ex4,b7552f52f2b60890100e19159dc18844,2024-06\FREE EA-20240608T074321Z-001\FREE EA\TSR V 8.00 2020-1.ex4,basket,unknown-ea
ex4,f04de3f61a06ecfc5613baa1ec6854b9,2024-06\FREE EA-20240608T074321Z-001\FREE EA\TSR V II(1).ex4,basket,unknown-ea
ex4,9ed54cc44a23b076fd15dc8efd7a7a49,2024-06\FREE EA-20240608T074321Z-001\FREE EA\TSR V7.00 2020F.ex4,basket,unknown-ea
ex4,f007a9341fd7f7ffbdbdd2fa779283c8,2024-06\FREE EA-20240608T074321Z-001\FREE EA\TSR-2018 v5.0_Fix.ex4,basket,unknown-ea
ex4,f167fe4c7c1a442450d1b2b6966cc5c5,2024-06\FREE EA-20240608T074321Z-001\FREE EA\TSR-2018.ex4,basket,unknown-ea
ex4,294ae4948df977a3202cd6883a264d9c,2024-06\FREE EA-20240608T074321Z-001\FREE EA\TSR-2019 v.6.0_fix.ex4,basket,unknown-ea
ex4,aa09bca615ad3a622b44357e8596bec2,2024-06\FREE EA-20240608T074321Z-001\FREE EA\TSR_2019_v2(1).ex4,basket,unknown-ea
ex4,5e40ca6d8f229885f760572e43ff61f3,2024-06\FREE EA-20240608T074321Z-001\FREE EA\Turbo-profit v.3.0.ex4,basket,unknown-ea
ex4,f8c08d4fd1609adb4dad85c17ccc62b1,2024-06\FREE EA-20240608T074321Z-001\FREE EA\Two_MA_Cross_EAtrade manager_v4bmin 60candlesindices.ex4,basket,unknown-ea
ex4,5149b46adb45d1e7d12391dccbac3c2d,2024-06\FREE EA-20240608T074321Z-001\FREE EA\ULTRON-3.1.ex4,basket,unknown-ea
ex4,25c0d520639706135e0e059f3992f85c,2024-06\FREE EA-20240608T074321Z-001\FREE EA\ULTRON.ex4,basket,unknown-ea
ex4,a252c1bbef77fd931d86c20a457d815b,2024-06\FREE EA-20240608T074321Z-001\FREE EA\ULTRON_PDV_105.ex4,basket,unknown-ea
ex4,680eac751e06b9f83f7ffc3cc644ac44,2024-06\FREE EA-20240608T074321Z-001\FREE EA\universalMACrossEAV1.3_MAMA.ex4,basket,unknown-ea
ex4,46925bfe4c8e6ec7479db3bf8675002c,2024-06\FREE EA-20240608T074321Z-001\FREE EA\UnNomGuaiV1.12.ex4,basket,unknown-ea
ex4,c6b6bcd443effc9d1098f5e8d0b5208d,2024-06\FREE EA-20240608T074321Z-001\FREE EA\UnNomGuaiV1.132.ex4,basket,unknown-ea
ex4,12cbb2b4f195e536693860d7318fdc35,2024-06\FREE EA-20240608T074321Z-001\FREE EA\UT_FAST.ex4,basket,unknown-ea
ex4,038c9e628cdada5096392f3c72fe22a8,2024-06\FREE EA-20240608T074321Z-001\FREE EA\validation.ex4,basket,unknown-ea
ex4,90f1e8e1eee43ada017587d3bbdd31a7,2024-06\FREE EA-20240608T074321Z-001\FREE EA\Virtual LimitOrder for BINARY OPTION.ex4,basket,unknown-ea
ex4,b26b328546336d96c98252d5c9a9eba4,2024-06\FREE EA-20240608T074321Z-001\FREE EA\Visual Trader.ex4,basket,unknown-ea
ex4,a10666015687e22b98a2ac385756bbe3,2024-06\FREE EA-20240608T074321Z-001\FREE EA\VisualMartiEA.ex4,basket,unknown-ea
ex4,adbcd298aab2a028568a73a2e117555c,2024-06\FREE EA-20240608T074321Z-001\FREE EA\walid Ema.ex4,basket,unknown-ea
ex4,f483885e4a8a6f396a5edf4ffc6b9902,2024-06\FREE EA-20240608T074321Z-001\FREE EA\WayGrow EA (Modify 2019).ex4,basket,unknown-ea
ex4,50bcfd218a348fb7e8a705032a3865cb,2024-06\FREE EA-20240608T074321Z-001\FREE EA\WINNER-FX TREND SCALPER ROBOT.ex4,basket,scalper
ex4,818ef0163fd6bad9c5ba8023edf1d613,2024-06\FREE EA-20240608T074321Z-001\FREE EA\WINNER-FX TSR V7.00-2020.ex4,basket,unknown-ea
ex4,190af679a271f94a3c7184e2066aa1a8,2024-06\FREE EA-20240608T074321Z-001\FREE EA\WTF EA V.4.1.ex4,basket,unknown-ea
ex4,d7c1927d443863731b08439b6b5f9afe,2024-06\FREE EA-20240608T074321Z-001\FREE EA\X3MA_EA_V2_0.ex4,basket,unknown-ea
ex4,07e4ca3b607fe2c537fa9173c94c4613,2024-06\FREE EA-20240608T074321Z-001\FREE EA\XAUUSD_only.ex4,XAUUSD,unknown-ea
ex4,2c842633d0da6f699aeda0e59fe3ed6e,2024-06\FREE EA-20240608T074321Z-001\FREE EA\XPERT (4).ex4,basket,unknown-ea
ex4,f7ed78d451d06974c616438a9f71eedb,2024-06\FREE EA-20240608T074321Z-001\FREE EA\XPERTdemo.ex4,basket,unknown-ea
ex4,b4e3d7732432e9ce4d9c4f4f49924678,2024-06\FREE EA-20240608T074321Z-001\FREE EA\XPERTdemo23-01-2020.ex4,basket,unknown-ea
ex4,74c1a9dea306f20303f233c77b76e8db,2024-06\FREE EA-20240608T074321Z-001\FREE EA\Yogi EA Free.ex4,basket,unknown-ea
ex4,b375aae72409282f4136538501da5cf9,2024-06\FREE EA-20240608T074321Z-001\FREE EA\ZAB Trade Expert V2.ex4,basket,unknown-ea
ex4,13526aa5541edaedcf5a4d9899db53f4,2024-06\FREE EA-20240608T074321Z-001\FREE EA\ZigZag.ex4,basket,unknown-ea
ex4,f07d012736bddc27fd8f815f2c21af38,2024-06\FREE EA-20240608T074321Z-001\FREE EA\ZONE_RECOVERY_AREA_VERSION_III.ex4,basket,grid-recovery
ex4,64b3d2fbf4dcd8c896766c1e7e8fb37a,2024-06\FREE EA-20240608T074321Z-001\FREE EA\Zoomio Economic News Updater Basic.ex4,basket,unknown-ea
ex4,73d7b92a0bac3486470c72cadf5f0c4a,2024-06\FX Sniper Autopilot Update 2\FX Sniper Autopilot Update 2\FX Sniper Autopilot Update 2.ex4,basket,unknown-ea
ex4,110654f59031d016b8bd40e63e17876c,2024-06\fxDreema (30)\fxDreema (30).ex4,basket,unknown-ea
ex4,4b00bfe17a0f831494d1c47b07cccee8,2024-06\GOLD EAgle EA V4.9 Nodll with Set MT4\GOLD EAgle EA V4.9 Nodll with Set MT4\GOLD EAgle EA MT4\Expert\GOLD EAgle 4.9.ex4,XAUUSD,unknown-ea
ex4,74dcebc951eab3a1b99da14f6ca0f312,2024-06\Gold Trade Pro BD\Gold Trade Pro BD.ex4,XAUUSD,unknown-ea
ex4,c57f56d80518b8229861d604f29726de,2024-06\Gold Trade Pro v3.1 Nodll\Gold Trade Pro v3.1 Nodll\Gold Trade Pro v3.1 @SoftechFX_Robot.ex4,XAUUSD,unknown-ea
ex4,d6c98478940a03a177ef53c478636847,2024-06\Gold Trade Pro V3.3 EA MT4 (1420)\Gold Trade Pro V3.3 EA MT4 (1420)\Gold Trade Pro V3.3 EA\MQL4\Experts\Gold Trade Pro 3.3.ex4,XAUUSD,unknown-ea
ex4,8fd3b1aaca34979aaa8db1705ae95a24,2024-06\GoldPulse AI V1.43_fix_1420\GoldPulse AI V1.43_fix_1420\GoldPulse AI V1.43_fix_1420 @SoftechFX_Robot.ex4,XAUUSD,unknown-ea
ex4,666229a48824e83c988d618edee4e84e,2024-06\GusJang_EU_2024_Trial2\GusJang_EU_2024_Trial2.ex4,basket,unknown-ea
ex4,4e030d348d74a90af634867bb9d14f8a,2024-06\Hedge Scalper EA 2024 MT4\Hedge Scalper EA 2024 MT4\Experts\Hedge Scalper EA 24_fix.ex4,basket,grid-recovery
ex4,3ba53b810818ddf06582062901cfdbc0,2024-06\Hedge Scalper EA 24_fix (3)\Hedge Scalper EA 24_fix (3).ex4,basket,grid-recovery
ex4,a9e66c18d46c1fa26accd56cdf7372d5,2024-06\HFT Rebate v5 PFN\HFT Rebate v5 PFN.ex4,basket,unknown-ea
ex4,b0918af1ce8755abd2a31eeaaf912ae2,2024-06\HS888 v2 by PorNongPonD\HS888 v2 by PorNongPonD.ex4,basket,unknown-ea
ex4,3fcbf557d38b61983593c0996be1b6fc,2024-06\KE Lot ComBo Pro\KE Lot ComBo Pro.ex4,basket,unknown-ea
ex4,901b056a5150e14383f86424297cf8db,2024-06\KE Lot ComBo\KE Lot ComBo.ex4,basket,unknown-ea
ex4,faf13c995582ea1ac9f58978186f77be,2024-06\KZM KITTISAK SRIJAN cut profit v1.2\KZM KITTISAK SRIJAN cut profit v1.2.ex4,basket,unknown-ea
ex4,e34ef7f030deaf61fc8e50fc764f6b4d,2024-06\LamBow EV Remap V3 (MT4 Unlimited)\LamBow EV Remap V3 (MT4 Unlimited).ex4,basket,unknown-ea
ex4,203694fa9cbbcc5df7f7590f078410c0,2024-06\MN RSI Martin Hold Profit Part Close\MN RSI Martin Hold Profit Part Close.ex4,basket,unknown-ea
ex4,67c9f035b456385cbd456d4dfdd66253,2024-06\New folder\(Oh) Supply Demand indy V07B.ex4,basket,unknown-ea
ex5,f4b751ba87e900d6b454a9bc32e073ae,2024-06\New folder\(Tom) Price Action - Trend Line -Fibo -Martingale 090423.ex5,basket,grid-recovery
ex4,d644c8572d3e60e699af8bc16f614890,2024-06\New folder\AA_Supply Demand Zone22_3g91.ex4,basket,unknown-ea
ex4,ee7c244e355237705d0afb95c1790506,2024-06\New folder\Add-On Artillery.ex4,basket,unknown-ea
ex5,3091b32d1036acbe1841781b63d67681,2024-06\New folder\EA News  COREJJ   27 Time filter .ex5,basket,unknown-ea
ex4,2b23e8a9991bdd9949e13c2ba606da6e,2024-06\New folder\Melee com.ex4,basket,unknown-ea
ex5,5cd10cde5f4c6e0a66ebc3f5c501878d,2024-06\New folder\PumLot V.1.1 exp mt5.ex5,basket,unknown-ea
ex4,5b49bd3994aa0c1a5b36db34cb877d12,2024-06\New folder\PumLot V.1.1 exp.ex4,basket,unknown-ea
ex5,9dc269dce9f36e413a3f7a266f457ea8,2024-06\New folder\ycp zigzag vs ema  v04.ex5,basket,unknown-ea
ex4,880e4c76c41403a3b814bbd4b4ee1d8b,2024-06\Perfect EA v8.4 (เวอร์ชั่นขจัด No News)\Perfect EA v8.4 (เวอร์ชั่นขจัด No News).ex4,basket,unknown-ea
ex4,543a4486dceae91f40aa86f8c28f7fcc,2024-06\PipFinite Trend Laser 1420+_fix\PipFinite Trend Laser 1420+_fix.ex4,basket,trend
ex4,e07fb4d0d54f854db37713439b0af63e,2024-06\PipFinite Trend PRO 1420+_fix\PipFinite Trend PRO 1420+_fix.ex4,basket,trend
ex4,8e9632af1ab5ace66f4eb0f2787cd6d8,2024-06\PipFinite Trend PRO_fix (5)\PipFinite Trend PRO_fix (5).ex4,basket,trend
ex4,f3d2146461503637f38d37b307a919a4,2024-06\Pluto MT4 EA\Pluto MT4 EA\Pluto MT4 EA.ex4,basket,unknown-ea
ex4,607f66a0ad1e9baa40b68f4d1fcc99f6,2024-06\SAR+STO EA V.6\SAR+STO EA V.6.ex4,basket,unknown-ea
ex4,ee899a38b5f659dd6e1aa357ce1b8b82,2024-06\Scalper Inside PRO V4.4 1420+_fix\Scalper Inside PRO V4.4 1420+_fix.ex4,basket,scalper
ex4,de5423b57169cc7da2a14c376a0d13cd,2024-06\Scalping XTendFX\Scalping XTendFX\Scalping XTendFX.ex4,basket,scalper
ex4,3f17cc5eae611be281d5fdd226c75976,2024-06\Tae Grid RSI 1.3\Tae Grid RSI 1.3.ex4,basket,grid-recovery
ex4,a8bebfaf3c1864b5b87806779fc39ad4,2024-06\Tae Vamprie Lots+ V1.0\Tae Vamprie Lots+ V1.0.ex4,basket,unknown-ea
ex4,6e80636805a66012ed351f3ab871bc80,2024-06\The Gold Reaper MT4 V1.5_fix_1420\The Gold Reaper MT4 V1.5_fix_1420\The Gold Reaper MT4 V1.5_fix_1420 @SoftechFX_Robot.ex4,XAUUSD,unknown-ea
ex4,fcb3b48732f7312ef5d86c3e88fa99f1,2024-06\Yetti3+NewsSherry\Yetti3+NewsSherry.ex4,basket,unknown-ea
ex5,1754d6dde692fd6351aa864c5c72c58f,2024-10\AI   ikiiGai Final Version6.01 Expire 30122024.ex5,basket,unknown-ea
ex4,2cc1cf2955a98a4023dcd47dde55cfa9,2024-10\AI Gen XII MT4_2.5_fix.ex4,basket,unknown-ea
ex4,bebe47a9808fafae5ab452b062e9c5f2,2024-10\Ai Mee Hed Pol.ex4,basket,unknown-ea
ex4,67535626d2a4bd04982a64889f061407,2024-10\AI Price Action Robot\AI Price Action Robot\MQL4\Experts\AI Price Action V2.7 Robot.ex4,basket,unknown-ea
ex4,d99fcd27129b16615487c17248f8328e,2024-10\BA_Victory_Trade_Profect.ex4,basket,unknown-ea
ex4,d4de53bc6efccd7dc7e1bce5f10b4888,2024-10\DPI.ex4,basket,unknown-ea
ex4,b98c3ec0075fe05e485eec9798419b07,2024-10\IL BOSS DEL TRADING© Scalper_1420.ex4,basket,scalper
ex4,846ee87d0081e0da74510f1824d2bfd6,2024-10\KRAPOOK FIVE FOX 2024 BLUE ATM 2.0iXP.ex4,basket,unknown-ea
ex4,0cf4c65b27ff3a2d7dade7b21753887b,2024-10\KZM + Rebalane xp.12.02.2025.ex4,basket,unknown-ea
ex4,5087fae5b3e0e494fbb4ef2d65a8bcb4,2024-10\KZM Expert 007\KZM Expert 007\MT4\Experts\FastClose Button.ex4,basket,unknown-ea
ex4,3e77a1a6d79842b67626078de6b14b3a,2024-10\KZM Expert 007\KZM Expert 007\MT4\Experts\KZM Expert.ex4,basket,unknown-ea
ex5,50e394c1f0250bbddb44a2321d69c07c,2024-10\KZM Expert 007\KZM Expert 007\MT5\Experts\KZM Expert.ex5,basket,unknown-ea
ex4,26656ff5385f76afa6736a2a2879ff3d,2024-10\Link Download GX12 Gold Scalper v4.0-20260107T120254Z-1-001\Link Download GX12 Gold Scalper v4.0\GX12 Gold Scalper V4.00\Experts\GX12 Gold Scalper v4.00.ex4,XAUUSD,scalper
ex4,ff0f909ba0e3d0626676761655d81a18,2024-10\Link Download GX12 Gold Scalper v4.0-20260107T120254Z-1-001\Link Download GX12 Gold Scalper v4.0\GX12 Gold Scalper V4.00\Experts\GX12 Gold scalper V4_fix.ex4,XAUUSD,scalper
ex4,cf7db514841964d38326235d4059bd60,2024-10\Link Download GX12 Gold Scalper v4.0-20260107T120254Z-1-001\Link Download GX12 Gold Scalper v4.0\GX12 Gold Scalper V4.00\Inidcators\L-Killer.ex4,XAUUSD,scalper
ex4,37e17b8e7f4bfb66306f0a714c40f870,2024-10\MooDeng.ex4,basket,unknown-ea
ex4,d3c8e23a78bf35f3b290efd88b415f0b,2024-10\Perceptrader AI v2.23 1420+_fix.ex4,basket,unknown-ea
ex4,854a52086c15374a0f9cf5f14eae6718,2024-10\RF_SMC\RF_CSM.ex4,basket,unknown-ea
ex4,9427a73dd2e3e454412f726a329fb8ee,2024-10\RF_SMC\RF_INFO.ex4,basket,unknown-ea
ex4,388d4ec1f5b46941053aa2160ff1e73a,2024-10\RF_SMC\RF_SMC.ex4,basket,unknown-ea
ex4,f82bca53e8c28918f95be0d343591a05,2024-10\Seper cci plus M5.ex4,basket,unknown-ea
ex4,f2f29ae2972b4d7974cd90c41867d92b,2024-10\Signalspro007 EA V12.1\MQL4\Experts\Signalspro007_V12.1_fix.ex4,basket,unknown-ea
ex4,630c7eae74a275e33e9f6a4a0ce8b98e,2024-10\Signalspro007 EA V12.1\MQL4\Experts\Signalspro007_V5_fix.ex4,basket,unknown-ea
ex4,d6e154ead7c9860b77817706ed309343,2024-12\AI_Nodiurnal_EA\Experts\AI Nodiurnal EA.ex4,basket,unknown-ea
ex4,5759d251f6f74c299a23a24fee0b8ef0,2024-12\Auto_SL-TS-TP\Auto_SL-TS-TP .ex4,basket,unknown-ea
ex4,d32780272c9a3aca2b00fd0a7aba5745,2024-12\AW_Reso_TrPrEA\AW_Reso_TrPrEA.ex4,basket,unknown-ea
ex4,342d6c1546384646b4cbe0fc5744a4c7,2024-12\BA_Alien Monster Pro\BA_Alien Monster Pro.ex4,basket,unknown-ea
ex4,e98b003c67ede21dd1abb2281c8bd061,2024-12\BA_PEACEFUL PRO\BA_PEACEFUL PRO.ex4,basket,unknown-ea
ex4,ab9b2ffa3ef22ec7e45e1a72ec52484b,2024-12\BuRengNong207_FiniteBreakOut\BuRengNong207_FiniteBreakOut.ex4,basket,breakout
ex4,71c5c9cf9efa64f0ddc7f568fe99fa8a,2024-12\ChartOverlay\ChartOverlay.ex4,basket,unknown-ea
ex5,6c634cea2fd9de477b40fe8bbbb840ef,2024-12\EA Black Dragon MT5 V13\EA Black Dragon MT5 V13\EA Black Dragon MT5 V13 @SoftechFX_Robot.ex5,basket,unknown-ea
ex4,797a991a9125e5545945b59526a9ef7b,2024-12\EA Rebalance V.5+ by [NVF]\EA Rebalance V.5+ by [NVF]\EA Rebalance V.5+ by [NVF].ex4,basket,unknown-ea
ex5,cc7161d5aeba21fa2accf1c50e5bbe3e,2024-12\EA Rebalance V.5+ by [NVF]\EA Rebalance V.5+ by [NVF]\EA Rebalance V.5+ by [NVF].ex5,basket,unknown-ea
ex4,753d95085802621fb8e6d690d7a26c30,2024-12\GS Happy Meal 007\GS Happy Meal 007\GS Happy Meal 007\EA\CloseAll_1.01.ex4,basket,unknown-ea
ex5,827c9f571c3e73faccf45a10b9bb3d65,2024-12\hs888-btcusd-pu_tf5-50kusc\HS888 Alein Species v5.0.2 (2024.12.15).ex5,basket,unknown-ea
ex5,af46128605cca3f2e8d5c9c0d37ef53c,2024-12\Lot comboV2  EXP02022025\Lot comboV2  EXP02022025.ex5,basket,unknown-ea
ex4,daa25a4859b5991ec5acd2893a0526aa,2024-12\North East Way EA 1.312_nodll\North East Way EA 1.312_nodll.ex4,basket,unknown-ea
ex4,4a9ebf5774b3d933e012de61d4046b5f,2024-12\PipFinite Breakout EDGE_fix\PipFinite Breakout EDGE_fix.ex4,basket,breakout
ex4,0d5b16e5091e614242ab25f717e50870,2024-12\Recovery Manager Pro MT4_fix\Recovery Manager Pro MT4_fix.ex4,basket,grid-recovery
ex4,1521309656611b71cb160eaf4626c210,2024-12\SMHA\SMHA.ex4,basket,unknown-ea
ex4,9a09852d7f5b655b834da109181cd99d,2025-04\143 E4.7.3 Krapook+Auto Lot+MaxDD 1.ex4,basket,unknown-ea
ex4,4e4868149372639c30930213ac60e862,2025-04\143 E4.7.4 v1.ex4,basket,unknown-ea
ex4,ac5c29e6b1ba23b7224c866f8fe418a9,2025-04\Ghost Bot 01 G07 (1).ex4,basket,unknown-ea
ex5,f32d7e020b3985dcfa5d66ace5015612,2025-04\New folder\(POR1) Xau_M15_R09.ex5,XAUUSD,unknown-ea
ex4,1b5cc880e1670270e9734f8f6c5c15cd,2025-04\New folder\4 Generals\EA\BuRengNong2073.ex4,basket,unknown-ea
ex4,036a79035e559db1fb5844ff3175da47,2025-04\New folder\4 Generals\EA\EA Re Mink-Kwan 1.7a.ex4,basket,unknown-ea
ex4,a54c9455d0bed02eefc03e0fef17bda1,2025-04\New folder\ARTGOLDPro_TFH1Complete.ex4,XAUUSD,unknown-ea
ex5,a897e390907650e17b89ca5f2b441808,2025-04\New folder\CHICKEN LITTILE EA 2 SYSTEM.ex5,basket,unknown-ea
ex4,9bd21a43502f9fa57f83353f2932cc55,2025-04\New folder\Combo-God_Blassing+BRN2073+RMK\MQL4\Experts\EA Re Mink-Kwan 1.6.ex4,basket,unknown-ea
ex4,0178ded986413307a1d29d99fa7ce46a,2025-04\New folder\Combo-God_Blassing+BRN2073+RMK\MQL4\Experts\God's Blessing Expert.ex4,basket,unknown-ea
ex4,11d3428636d875f1ef1dfb764329a193,2025-04\New folder\CorexG MT4 1.7\EA CoreX G MT4 V1.7 Build 1440.ex4,basket,unknown-ea
ex4,66a0ccb51ee1473ce374f9747d37db64,2025-04\New folder\EA 2050 Pro .ex4,basket,unknown-ea
ex5,15962a3752ab748a0d873652c739d440,2025-04\New folder\EA ExtraGold(M12)cent.ex5,XAUUSD,unknown-ea
ex5,2891599ad07e2f7891d9a827cd107b6c,2025-04\New folder\EA ExtraGold(SP20-40)M12.ex5,XAUUSD,unknown-ea
ex4,c3dba3fbabccca4de0ef6f70c697fb31,2025-04\New folder\EA NO WAY  RV 6.3.ex4,basket,unknown-ea
ex4,e0da4ae47b7182af4b9b6831b604bee5,2025-04\New folder\EX143 - Multi Group Scalping EA [Count N times To Modify Lot Size].ex4,basket,scalper
ex5,8f17bac6329a059d8d96693f42ad49a0,2025-04\New folder\Exp_Copytrade_MT5\EXP5 _ COPYLOT_Client_MT5.ex5,basket,unknown-ea
ex5,8e87a4dd10d982f22506b909ece0b9ef,2025-04\New folder\Exp_Copytrade_MT5\EXP5 _ COPYLOT_Master_MT5.ex5,basket,unknown-ea
ex5,4bfc43b867bcdc7adde4c2c29d58a7bc,2025-04\New folder\FAST_Rebalance  2.2 .ex5,basket,unknown-ea
ex5,b397de3e0e46a97f72c5c83d144d8550,2025-04\New folder\FastClose.ex5,basket,unknown-ea
ex4,918dae8a6f6040b33820bc239762c180,2025-04\New folder\Gold Buster MT4-2.3-fix-1428+.ex4,XAUUSD,unknown-ea
ex5,b6f7137d585f842ef108376d7590e511,2025-04\New folder\Grizzt [Hybrid]v1.3\Grizzy[Hybrid]v1.3.ex5,basket,unknown-ea
ex5,ddcaa8c3bb8d32503ed9c10f4f8a84be,2025-04\New folder\Grizzy[BUY]v1.0.ex5,basket,unknown-ea
ex4,36ee50362b9456d56a5bd8691e069216,2025-04\New folder\HedgeMaster X.ex4,basket,grid-recovery
ex4,d4bb0573f308bc3048d4a964e920d403,2025-04\New folder\K9_.ex4,basket,unknown-ea
ex4,3c5d8faf1a8f335148e3db6a2acd5dac,2025-04\New folder\KRAPOOK BLACK SCORPION 2.0A SNOWBALL.ex4,basket,unknown-ea
ex4,1778036ecb3b1ca7e5a137447b1d4ce2,2025-04\New folder\KRAPOOK BLUE ANT GOAL KEEPER 1.00.ex4,basket,unknown-ea
ex4,0ff43d4b3787f5f7cb2f2dddb5479d91,2025-04\New folder\KRAPOOK FIVE FOX LOT REBATE 4.10.ex4,basket,unknown-ea
ex4,b154299f249cbb7da952fe92bf681851,2025-04\New folder\KRAPOOK ORANGE ANT MIDFIELD 1.00.ex4,basket,unknown-ea
ex4,08ad754ec040cf030d68b51dc02d3deb,2025-04\New folder\KRAPOOK RED ANT FRONT HUNTER 1.00 .ex4,basket,unknown-ea
ex4,c90653b4ac71bd1738169a5f78486b44,2025-04\New folder\KRAPOOK RED ANT FRONT HUNTER 1.01.ex4,basket,unknown-ea
ex4,5e3c44419f105a62a6072b45e5a46061,2025-04\New folder\KRAPOOK YELLOW  ANT  BACK CENTER 1.00.ex4,basket,unknown-ea
ex4,65aeb08f70740ebe2c6e33475f0055f3,2025-04\New folder\MultiPairMartingaleEAV2.1.ex4,basket,grid-recovery
ex4,a23a982060a6971dac1e1cd4fdc55580,2025-04\New folder\MultiPairMartingaleEAV2.33edit.ex4,basket,grid-recovery
ex5,b2d92b283b0d39b410c115d631561190,2025-04\New folder\ProfitInfo MT5(Mark-B1) by NVF.ex5,basket,unknown-ea
ex5,94853f215c25357181bc94251739d7d8,2025-04\New folder\PUMLOT V. 7  + HEDGING REBALANCE EQUITY   EX6.ex5,basket,grid-recovery
ex5,64da58566449d1f5d5b4f5708ffb2d04,2025-04\New folder\PuN LoT XTime-r1.ex5,basket,unknown-ea
ex4,cc252e4cf0f32288f8d1f29f69e7e16f,2025-04\New folder\PZ_BalanceGuardian(1).ex4,basket,unknown-ea
ex5,f48ede24eba7041d9908684f9c41be06,2025-04\New folder\rebalance\EA Rebalance V.6 by [NVF].ex5,basket,unknown-ea
ex5,6ece77e6e745b1132062d04e460cffc0,2025-04\New folder\RoyalPrince_Goldy_Free_Trial.ex5,XAUUSD,unknown-ea
ex5,ed43b0139bb2ef5fe3c1bd388d524e02,2025-04\New folder\Scalping-EA-AsReMix.ex5,basket,scalper
ex4,228017dc627e37c9108337ac01feb859,2025-04\New folder\semi hft v2.30 MT4\SEMI HFT EA V2.30 PO FIX.ex4,basket,unknown-ea
ex5,bd49a2bf1be93201030fc79f499ef03d,2025-04\New folder\SmartProfitPatternEA_Momentum.ex5,basket,unknown-ea
ex5,0d076dbf7eb6a7883283506c09b58a8f,2025-04\New folder\SRISUTTHO GHOST BOT SN.XAUUSD NO.00000191 EX-30-04-25.ex5,XAUUSD,unknown-ea
ex4,5657edf79a00548b4e8fd36dcb5f7f04,2025-04\New folder\Zeus Gold Hedge V1.2_fix_1420.ex4,XAUUSD,grid-recovery
ex4,91ffc7a66c965b024f763ca683a41c1d,2025-06\Cibola v1.9.ex4\Cibola EA v1.9 MT4\Cibola v1.9.ex4,basket,unknown-ea
ex5,c7f1207a4126960d71a573445f8736e6,2025-06\EA ExtraGold(V2)M12\EA ExtraGold(V2)M12.ex5,XAUUSD,unknown-ea
ex4,e763535f80152b1a47df0e61ca428815,2025-06\GOLD-EAgleEA-V4-9- MT4(1421)\GOLD-EAgleV4-9-MT4-(1420).ex4,XAUUSD,unknown-ea
ex4,0d1b04d2f7d7d58fdd4c8e31cf579c20,2025-06\Hybrid_SemiAuto1.1\Hybrid_SemiAuto1.1.ex4,basket,unknown-ea
ex4,2851654f4e16f56e9a7f090e3c58c13f,2025-06\Hybrid_SemiAuto1_1.1\Hybrid_SemiAuto1_1.1.ex4,basket,unknown-ea
ex4,a6d092cbcb526d21bbe551e38927437f,2025-06\Hybrid_SemiAuto1_1_3_2_edit2\Hybrid_SemiAuto1_1_3_2_edit2.ex4,basket,unknown-ea
ex4,70ac6eb3f8e1a75321c02571e17bf806,2025-06\Hybrid_SemiAuto1_1_3_2_edit3\Hybrid_SemiAuto1_1_3_2_edit3.ex4,basket,unknown-ea
ex4,0edc86afc81b551cd6150e768828c63c,2025-06\MoonKnight Gold StealthTrade\MoonKnight Gold StealthTrade.ex4,XAUUSD,unknown-ea
ex4,3c5b20bfd0f4344b472c1e46af993653,2025-06\MultiPairMartingaleEA_v2_7_3.1\MultiPairMartingaleEA_v2_7_3.1.ex4,basket,grid-recovery
ex5,8030176782a6eda54f4a7f14bfc93f0b,2025-06\ProfitInfo MT5(Mark-C) by NVF (Bug)\ProfitInfo MT5(Mark-C) by NVF (Bug).ex5,basket,unknown-ea
ex5,b63298b32281721bec52be3114a57403,2025-06\Smart Money Concepts\Smart Money Concepts.ex5,basket,unknown-ea
ex4,0b91f044080113c1a2e96bf44b754985,2025-06\Trade Manager X v3.65\Trade Manager X v3.65.ex4,basket,unknown-ea
ex5,b223372f70bfeb8a96db1438db6f82d9,2025-07  _all done\[EX-127 - [Upgrade] .ex5,basket,unknown-ea
ex5,fc3e0ef11ef80f51c3777ae88ac99d64,2025-07  _all done\Advance Grid V1.ex5,basket,grid-recovery
ex4,3ee92004b0fa957d4450e6a52c6ebed7,2025-07  _all done\adxcrosses (1).ex4,basket,unknown-ea
ex4,4479864b89f2bbafe6ac9ec46a1b2486,2025-07  _all done\AlphaFlow EA MT4\AlphaFlow EA MT4.ex4,basket,unknown-ea
ex5,d8185b4b71351a3fd3ee5c81fff2fce1,2025-07  _all done\BOO - EA Gold Mean Reversion _ Fibo Scalping V4.2.ex5,XAUUSD,scalper
ex4,e6d8c640b13af196585ee5a983afa0cb,2025-07  _all done\BOO - Edition - EX85 - Gold Robot Scalping V.Editon.ex4,XAUUSD,scalper
ex4,beb5db385a16a93b1254758d6b167801,2025-07  _all done\Combo-God_Blassing+BRN2073+RMK_TF15_Cap5K_USC\MQL4\Experts\God's Blessing Expert.ex4,basket,unknown-ea
ex4,d697c0c5b1678341275a963cedeb78d1,2025-07  _all done\Custom Pending Orders + Martingale.ex4,basket,grid-recovery
ex4,771c97f0af6ae923de6f9dbf4fa5472c,2025-07  _all done\Custom Pending Orders + Martingalev33.ex4,basket,grid-recovery
ex4,16ae4b84b2f60067513bd6b964a961e3,2025-07  _all done\Deep+ Scalper EA V5 MT4\Experts\Deep+ Scalper EA V5.ex4,basket,scalper
ex4,f2c5117759be3f60b0e9cf33e8f871be,2025-07  _all done\Dong GOLD FUTURE 1.00\Dong GOLD FUTURE 1.00.ex4,XAUUSD,unknown-ea
ex4,fa4f0d4d4bab2fec414b63022b7d6323,2025-07  _all done\DynGridMAX AI BBQTH V2.3c (EXP30062025).ex4,basket,grid-recovery
ex5,7734eea1830e94e3657cc06c1eaa6eb1,2025-07  _all done\DynGridMAX AI BBQTH V2.3c (EXP30062025).ex5,basket,grid-recovery
ex4,1fd9e3c4d26e622268be199c5de7d10a,2025-07  _all done\EA HOPE V1.20_fix.ex4,basket,unknown-ea
ex5,571e7667f2cc967b3405f5ed1663c5b8,2025-07  _all done\EA Re Mink-Kwan 1.7a.ex5,basket,unknown-ea
ex5,88e5d686e412a5ed793cde724d9e7cc2,2025-07  _all done\EA_FORTUNE888_20251231\FORTUNE888.ex5,basket,unknown-ea
ex5,22df1d7b75ad6070d23e5ceb5710be64,2025-07  _all done\EA_FORTUNE888_20251231\Monitor FORTUNE888.ex5,basket,unknown-ea
ex4,013333bd94523d825c0cb4940313966b,2025-07  _all done\EABOT2.3.ex4,basket,unknown-ea
ex4,d9247531b154e283a38ea9d5da53ec8f,2025-07  _all done\EABOT2.5.ex4,basket,unknown-ea
ex4,b86ae73dab75f45e0e566d41f0fc182f,2025-07  _all done\Easy Breakout_fix.ex4,basket,breakout
ex4,1c64692ee76fff214c8638b234c6c7ba,2025-07  _all done\Entry Points Pro_fix.ex4,basket,unknown-ea
ex5,1f5ddfc6a007d56b55c3ee49304b697b,2025-07  _all done\EX - 127 2025.ex5,basket,unknown-ea
ex4,4e7ec27edca8ff18b9c8c2a27651104d,2025-07  _all done\EX175 - BB Strategy and Rebalance (1).ex4,basket,unknown-ea
ex5,ab0e6537b842b906e077bb995c2c1ddf,2025-07  _all done\EX39.PU-test.ex5,basket,unknown-ea
ex4,d19c1f7c99ddeec2f07be079dad9f22f,2025-07  _all done\EX52 - Close First Order and Only Profit Order  RV2.ex4,basket,unknown-ea
ex4,fb0ebdd0bef215b34b5aaa76eb94170d,2025-07  _all done\Exp_Copytrade_MT4\EXP _ COPYLOT_Client_MT4.ex4,basket,unknown-ea
ex4,11f499369e851f11b08eb8d3fde2ffd8,2025-07  _all done\Exp_Copytrade_MT4\EXP _ COPYLOT_Master_MT4.ex4,basket,unknown-ea
ex4,0a638ede66f93666c760116bd42eb6e9,2025-07  _all done\Experts\Gold Stuff EA V7.0.ex4,XAUUSD,unknown-ea
ex4,bb196d0a489f9c5d3e98867f846a7ac9,2025-07  _all done\GOLD Singha-M5.ex4,XAUUSD,unknown-ea
ex4,0ad670b83a8dba0986ee69b4879ae45c,2025-07  _all done\Gold trading.ex4,XAUUSD,unknown-ea
ex4,2d256e2b97656c36960ad43206ed5320,2025-07  _all done\Goldex AI 1.4\Expert\Goldex AI 1.4 @SoftechFX_Robot.ex4,XAUUSD,unknown-ea
ex4,c7a05ffcd2f4b4b1d3de749cfde7d40a,2025-07  _all done\GridSXR AI BBQTH V2.5c (EXP30062025).ex4,basket,grid-recovery
ex5,23bb279adef486c03e97bc2db4774d3b,2025-07  _all done\GridSXR AI BBQTH V2.5c (EXP30062025).ex5,basket,grid-recovery
ex4,f433d5f39e84315149df950c907a02f8,2025-07  _all done\Hedge Positive\Hedge Positive.ex4,basket,grid-recovery
ex5,094482eac37e7b5cbddc5eb0cca9d92e,2025-07  _all done\Hedging Bot V0.1.ex5,basket,grid-recovery
ex4,39f464f38d24af081ab0df7fa24234ad,2025-07  _all done\Hedging Martingale v2.ex4,basket,grid-recovery
ex4,5ecd3ada6a8e8f6028f8c73b9f47008b,2025-07  _all done\Hedging Martingale.ex4,basket,grid-recovery
ex4,1de8b8266eea79ea7d9f3c6f6afc2570,2025-07  _all done\Hybrid_SemiAutowithV1_1.ex4,basket,unknown-ea
ex5,ebdcd31860d439b301f15a58f4927ffa,2025-07  _all done\Hybrid_SemiAutowithV1_1exp15.7.25.ex5,basket,unknown-ea
ex5,33ec7bcfb5943fde4884cf2f7ced4f6d,2025-07  _all done\Hybrid_SemiAutowithV1_1exp30.7.25.ex5,basket,unknown-ea
ex4,44dd8e3b6a6af9ac45e33eeaa9400b79,2025-07  _all done\Hybrid_SemiAutowithV1_2exp15.7.25.ex4,basket,unknown-ea
ex4,bcd3203cd8bd002fe6257214d7f085f1,2025-07  _all done\Hybrid_SemiAutowithV1_2exp30.7.25.ex4,basket,unknown-ea
ex4,e820e12cd382d95e4122ce77944b5aac,2025-07  _all done\Hybrid_SemiAutowithV1_3_PendingGridFixed15.7.25.ex4,basket,grid-recovery
ex5,3080bbe230bd6c1fb10b8d7c9349b64e,2025-07  _all done\ME100 BOT V5 [XauH1](4)\ME100 BOT V5 [XauH1].ex5,XAUUSD,unknown-ea
ex5,d28cbd309bf623d8c2366134fc0e5b5c,2025-07  _all done\Mew_Statistic_v4a.ex5,basket,unknown-ea
ex5,603d01e5096597e493e60772c4ec9cc3,2025-07  _all done\MinkKwanProfitInfo_v2.2_EA.ex5,basket,unknown-ea
ex5,50bce2e0eecdbae285f97b88be68361a,2025-07  _all done\MinkKwanProfitInfo_v2.2_IN.ex5,basket,unknown-ea
ex4,a403be6c27de74b857c20fff643251a8,2025-07  _all done\miro1360_dynamicma (1).ex4,basket,unknown-ea
ex4,4cc9ebef1045c1dd7293bcf973258e3b,2025-07  _all done\miro1360_tdi_dev_1.0 (2).ex4,basket,unknown-ea
ex5,c9ea3efc959bddc93d5c564a08443f18,2025-07  _all done\Monitor FORTUNE888 FIX.ex5,basket,unknown-ea
ex5,79b38c95f8ae0fcd9b1d778b999bec38,2025-07  _all done\MoonKnight AI Grid Assistance V6.ex5,basket,grid-recovery
ex5,596395bd086f9dbcc0a668f20894d14b,2025-07  _all done\MoonKnight AI Grid Assistance.ex5,basket,grid-recovery
ex4,096faffbdcdcf737013875aee11f11b7,2025-07  _all done\MultiPairMartingaleEA.ex4,basket,grid-recovery
ex5,ca9386678bcc634bd6acb10aa18d4a98,2025-07  _all done\profit max (+TMA).ex5,basket,unknown-ea
ex5,3145afdfb56c35368473b4750f1e4e8c,2025-07  _all done\REBATE FINDER BOT.ex5,basket,unknown-ea
ex5,e6fb5a2294cb7dbf6af97d374cd646f3,2025-07  _all done\semi hft preset mt5\SEMI HFT EA MT5 FIX.ex5,basket,unknown-ea
ex4,d215bb92cffc02bf552c1fc2a74fa368,2025-07  _all done\SniperSXR BBQTH V1.0 (EXP30042025).ex4,basket,unknown-ea
ex4,3732ea688ce5d2a6df63a7fa057a0b61,2025-07  _all done\Stalker EA v5.2.ex4,basket,unknown-ea
ex4,618a68087311e238050b840b15142825,2025-07  _all done\Stalker.ex4,basket,unknown-ea
ex4,8dc639d97606e52409aee28fc07c847d,2025-07  _all done\Super Trend averages (alerts).ex4,basket,trend
ex5,6a9e2a03faa7bc7e7593272139496ece,2025-07  _all done\super trend averages (arrows + alerts).ex5,basket,trend
ex5,384c5790457624ae30be1d51536df0e4,2025-07  _all done\Supertrend atr avgs (alerts).ex5,basket,trend
ex4,a182beef8cc9ed91f7b37a2447678a37,2025-07  _all done\TMX-Trend v2.26.ex4,basket,trend
ex4,69cffbcbb5f4135eb9f3373c1aad04d6,2025-07  _all done\Zeus Gold Hedge V1.2.ex4,XAUUSD,grid-recovery
ex5,4eae7fbc96cea6bc630193474c528f4e,2025-08\(OH)  Fibo Harmonic Pattern V03_01.ex5,basket,unknown-ea
ex5,cab245b061dddfc6af70da4ff7a912db,2025-08\[189] - MGS[FastClose].ex5,basket,unknown-ea
ex5,5f277545508f50e4fa4f66eaf0bbe0b3,2025-08\AAA#IRSI SUMPIP LOT MARTINGLESEQUENCE.ex5,basket,unknown-ea
ex4,8df335f001f9c98a8aadc13ff6ef82ed,2025-08\Apocalypse v3.49\Apocalypse v3.49.ex4,basket,unknown-ea
ex4,85c31e0512a1e23981a2bd211e7b0bad,2025-08\EA Time Manager By Chakad\EA Time Manager.ex4,basket,unknown-ea
ex5,74bdc3484798095d5ff39796cf1b6ac6,2025-08\EX52 - )XAUUSD Mua  Mua   v1[Lock].ex5,XAUUSD,unknown-ea
ex5,eca653a2ed2a013dd6cef23ccc40a726,2025-08\EZmoney_pro\EZmoney_pro.ex5,basket,unknown-ea
ex5,7cbbed914d7183ae0e3757c3b3d3a9b9,2025-08\GapFillRSI\GapFillRSI.ex5,basket,unknown-ea
ex5,e0a20b2ccf9bbc7b826403f9547516ce,2025-08\Grid Profit-2-way  RV1[LOCK]V3.ex5,basket,grid-recovery
ex4,6d9fbece607ea15d53c36ac9490be24f,2025-08\Hybrid_SemiAutowithV1_4AccountLock.ex4\Hybrid_SemiAutowithV1_4AccountLock.ex4,basket,unknown-ea
ex4,f9f4df41c6748a759f1d55528610ebe4,2025-08\IceFX.TraderAgent.v2.6.0.364\Experts\TraderAgent.ex4,basket,unknown-ea
ex4,3f2fb3695cedaa330a0060e747b635a1,2025-08\me_CloseAll v3d\me_CloseAll v3d.ex4,basket,unknown-ea
ex4,43c0c6adf450397d224f1b78913e74be,2025-08\Multi-Session EA Controller By Chakad\Multi-Session EA Controller.ex4,basket,unknown-ea
ex4,6be4d130379353546e81868167a9d2dc,2025-08\NEVER DIE No1 Final\NEVER DIE No1 Final.ex4,basket,unknown-ea
ex5,985098caf02ac8c088568623c9a698b2,2025-08\ProfitInfo MT5(Mark-C7) by NVF\ProfitInfo MT5(Mark-C7) by NVF.ex5,basket,unknown-ea
ex5,7a6a0227b8f7f1485ab75be3774439f7,2025-08\V#IRSI SUMPIP LOT MARTINGLESEQUENCE.ex5,basket,unknown-ea
ex4,ec61229a7bb120d50d15b283437ecd21,2025-11\Bistion\Bistion\Bistion_v12.ex4,basket,unknown-ea
ex5,6fb1a507df195b2d9331369a0373f72f,2025-11\DAI Scalp Breakout EA V2.3 500USD\DAI Scalp Breakout EA V2.3 500USD.ex5,basket,breakout
ex5,b61c77a3e771273c66f771ea7a5cbcf0,2025-11\DAI Scalp Breakout EA V21.3\DAI Scalp Breakout EA V21.3.ex5,basket,breakout
ex5,b3d9292f114ab70ec4ec5e2adcfc1283,2025-11\DAI Scalp Breakout EA V21.4\DAI Scalp Breakout EA V21.4.ex5,basket,breakout
ex5,4ac74afc587bcd1a5dd9b2282f5125a6,2025-11\DUCK_Trand\DUCK_Trand.ex5,basket,unknown-ea
ex5,95ffbcb58947b5d1b47dbc60ed5f4a9d,2025-11\EA_RanThong_M1 BUG\EA_RanThong_M1 BUG.ex5,basket,unknown-ea
ex5,bb2d7d7afee1eb1ff8aba0f6191821ba,2025-11\EA_RunThong_M1 BUG edit\EA_RunThong_M1 BUG edit.ex5,basket,unknown-ea
ex5,8f4ef4edf985e4383d1b40763ea0bd7b,2025-11\EA_RunThong_M1_Final\EA_RunThong_M1_Final.ex5,basket,unknown-ea
ex5,1dd36d1af1b6241bacd0409f3ac635ea,2025-11\EA_RunThong_M1_Fixed\EA_RunThong_M1_Fixed.ex5,basket,unknown-ea
ex5,b4d9d5cecbf7b619257ac2c40b05edd5,2025-11\EX143\EX143.ex5,basket,unknown-ea
ex5,7f50e698f21350eb098f94f1877f0c26,2025-11\EX185 - EMA Cross Over and Modify TP-2\EX185 - EMA Cross Over and Modify TP-2\EX185 - EMA Cross Over and Modify TP.ex5,basket,unknown-ea
ex5,f9a6503179ebcf2b30abb791bb2f2559,2025-11\EX199- Multi Group Scalping EA [Fibonacci and RSI]\EX199- Multi Group Scalping EA [Fibonacci and RSI].ex5,basket,scalper
ex5,a23b8a85859b1219f32329f363aae91a,2025-11\EX200 - Multi Group Scalping EA [HFT]\EX200 - Multi Group Scalping EA [HFT].ex5,basket,scalper
ex5,b0b47a04e8a1649c8888c71d8da5136a,2025-11\Exposure MT5\Exposure MT5.ex5,basket,unknown-ea
ex5,71d94b0258dc67fa2e2fe35b4ffc0048,2025-11\HedgeGridEA\HedgeGridEA.ex5,basket,grid-recovery
ex5,541c0b4eb43d6e4fbb87016948798c3b,2025-11\JUM STO EA\JUM STO EA.ex5,basket,unknown-ea
ex5,8364ffe62b89339254566035793ed339,2025-11\Magic 20250101  Fast Close\Magic 20250101  Fast Close.ex5,basket,unknown-ea
ex5,b09b23b7348658500fdc8b1cddecf6b3,2025-11\OVERALL PERFORMANCE v1.00\งานนำเสนอ Microsoft PowerPoint ใหม่\OVERALL PERFORMANCE v1.00.ex5,basket,unknown-ea
ex4,2e040eba22e43b18c012eabf43a58e6b,2025-11\PetiteEA\PetiteEA\Petiteprofit_EAv1.92.ex4,basket,unknown-ea
ex4,cd8c5ccbc48e9e0f480194f4a3235932,2025-11\PetiteProfitv194\PetiteProfitv194.ex4,basket,unknown-ea
ex5,9efb1c9f8f1b2cbf3d3a3f48958dd441,2025-11\ProfitInfo MT5 [17ProMax] by NVF\ProfitInfo MT5 [17ProMax] by NVF.ex5,basket,unknown-ea
ex5,9a9d7fa91dbb29169b4e6356c13e4001,2025-11\SNOWBALL GENIUS HYBRID\SNOWBALL GENIUS HYBRID.ex5,basket,unknown-ea
ex5,f02941014be9223f49b5bf05871ba9a8,2025-11\TEMPO MODEL  v3.31_BTCUSD_H1_EX251231\TEMPO MODEL  v3.31_BTCUSD_H1_EX251231.ex5,basket,unknown-ea
ex5,7183d3857d7187a7bac5dad71153d48d,2025-11\ThongKhamBooster_NoLock\ThongKhamBooster_NoLock.ex5,basket,unknown-ea
ex5,04f80aeeb5c5eca7304a27247edbe182,2026-07\AI_Form_aiFable_Native (1).ex5,basket,unknown-ea
ex5,7e3b7d1bf0c531bba3c495e7ed718c06,2026-07\Boy_V1 (1).ex5,basket,unknown-ea
ex5,cbf00545d2550735a1fb4707a3436e9f,2026-07\Breakout Retest Pro EA Source Code (1).ex5,basket,breakout
ex5,97b16f076f109dec0e31db68b026b70a,2026-07\DRFX GRIDONLY-20260704T025653Z-3-001\DRFX GRIDONLY\DRFX_GridOnly.ex5,basket,grid-recovery
ex5,5568ed8a6d82beb844a32d2ef5a6ef7d,2026-07\DRFX_NEMENOVA-X-20260704T025634Z-3-001\DRFX_NEMENOVA-X\DRFX_NEMENOVA-X.ex5,basket,unknown-ea
ex5,8ab40e4395b1d00c8c3f60930f06d58d,2026-07\EA MLQ5 Popular Top10-20260704T025646Z-3-001\EA MLQ5 Popular Top10\AI TUNE MT5 EA.ex5,basket,unknown-ea
ex5,ac986a3d01ead81327dd10c4c7c8c5ee,2026-07\EA MLQ5 Popular Top10-20260704T025646Z-3-001\EA MLQ5 Popular Top10\GOLD HOUSE EA.ex5,XAUUSD,unknown-ea
ex5,d0fd0555da5eb37f7cad44cbc41e7816,2026-07\EA MLQ5 Popular Top10-20260704T025646Z-3-001\EA MLQ5 Popular Top10\GOLD INSANE V2 EA.ex5,XAUUSD,unknown-ea
ex5,b1c2976d0f31ae74651dd583ce3901ea,2026-07\EA MLQ5 Popular Top10-20260704T025646Z-3-001\EA MLQ5 Popular Top10\Gold Snap EA.ex5,XAUUSD,unknown-ea
ex5,0e65ed3e4675e5512717ff76486448b5,2026-07\EA MLQ5 Popular Top10-20260704T025646Z-3-001\EA MLQ5 Popular Top10\Gold Snap_1.1_market.ex5,XAUUSD,unknown-ea
ex5,58b060bef91676d872ae9fd97efd2989,2026-07\EA MLQ5 Popular Top10-20260704T025646Z-3-001\EA MLQ5 Popular Top10\Gold Strike AI.ex5,XAUUSD,unknown-ea
ex5,68a496b3fddff21b2ac01443517a45eb,2026-07\EA MLQ5 Popular Top10-20260704T025646Z-3-001\EA MLQ5 Popular Top10\GoldStorm EA MT5.ex5,XAUUSD,unknown-ea
ex5,26eba0b9f587a93cee2c332161549190,2026-07\EA MLQ5 Popular Top10-20260704T025646Z-3-001\EA MLQ5 Popular Top10\MHD Scalper Pro 9.5.ex5,basket,scalper
ex5,477396081f5612a7f9f42b1dcae19913,2026-07\EA MLQ5 Popular Top10-20260704T025646Z-3-001\EA MLQ5 Popular Top10\PythonX M1 Scalper XAUUSD.ex5,XAUUSD,scalper
ex5,02b4e28db5693a9285e8e572e5925b66,2026-07\EA MLQ5 Popular Top10-20260704T025646Z-3-001\EA MLQ5 Popular Top10\Quantum Athena EA.ex5,basket,unknown-ea
ex5,ef6abda8c943e587db03ce4f4fbf7e98,2026-07\EA MLQ5 Popular Top10-20260704T025646Z-3-001\EA MLQ5 Popular Top10\Quantum Queen EA.ex5,basket,unknown-ea
ex5,d748dc215ad8d71c89713d0364f31bd7,2026-07\EA MLQ5 Popular Top10-20260704T025646Z-3-001\EA MLQ5 Popular Top10\Quantum Queen MT5 version 3.7.ex5,basket,unknown-ea
ex5,4f5cdcfb716255098ee9c62c6e077cff,2026-07\EA MLQ5 Popular Top10-20260704T025646Z-3-001\EA MLQ5 Popular Top10\Quantum Valkyrie EA.ex5,basket,unknown-ea
ex5,b2d40a26d5ed95e24ea55b0b47251675,2026-07\EA MLQ5 Popular Top10-20260704T025646Z-3-001\EA MLQ5 Popular Top10\Sentinel KMZ EA.ex5,basket,unknown-ea
ex5,dc959851e60bb9bc0690523bef208a0b,2026-07\EA MLQ5 Popular Top10-20260704T025646Z-3-001\EA MLQ5 Popular Top10\TwisterPro Scalper EA.ex5,basket,scalper
ex5,d1fa97264a4b47a59aabd10b16415535,2026-07\EA MLQ5 Popular Top10-20260704T025646Z-3-001\EA MLQ5 Popular Top10\Ultron Smart Trader EA.ex5,basket,unknown-ea
ex5,6113fc10644f73954fd0926fc1545f43,2026-07\GridEIEI.ex5,basket,grid-recovery
ex5,8ae393978480eed898fe65c2adc9046d,2026-07\IR Whale Track Expiry-20260623T105004Z-3-001\IR Whale Track Expiry\IR Whale Track Expiry.ex5,basket,unknown-ea
ex5,171d77ee212e2d257eee653fd35ea890,2026-07\Quantum v119 ProfitSplit_V03(ปั่นลอต รับ  Rebate)\Quantum v119 ProfitSplit_V03(ปั่นลอต รับ  Rebate)\JTrader_Quantum_V119_ProfitSplit_v3.ex5,basket,unknown-ea
ex5,55deb9da5bc0351cfc22dfd70bd8993b,2026-07\Triple-Oscillator_Trend (1).ex5,basket,trend
ex5,9ea1cdc949604121f73b3adc68c792b0,2026-07\V2_15_SEMI_ORI_FINAL FULL(36) (1).ex5,basket,unknown-ea
ex5,851081f78f1570494f8f06463ceacc16,2026-07\V2_15_SEMI_ORI_FINAL.ex5,basket,unknown-ea
ex4,914063648e3183ba7a511016fe761b74,2026-07\Z26.ex4,basket,unknown-ea
ex4,e5a684265c346f52bea55d0860c5b8ea,2026-07\Z27.ex4,basket,unknown-ea
ex4,2db1c8905672bf63018fd28ca286f322,2026-07\Z30.ex4,basket,unknown-ea
ex4,ffc68ca796a7124eaa6a30c267c2a8f3,2026-07\Z46.ex4,basket,unknown-ea
ex4,a8033bdc83d8a8db25809bc05f501511,2026-07\Z47.ex4,basket,unknown-ea
ex4,9a13e07dd4341385904aef43bd849c7d,2026-07\Z52.ex4,basket,unknown-ea
ex4,c6b11616777e3dc5dc65534130ddffa9,2026-07\Z57.ex4,basket,unknown-ea
ex4,ea83aa42f2bb0c92a15c2076d17f59b9,2026-07\Z61.ex4,basket,unknown-ea
ex5,eaa1e6efbc1423854b749ab6638b5c87,2026-07\Zerqon_EA_v22.2_.ex5,basket,unknown-ea
ex5,b5f249a60b7b7083912db5e2dfe9735e,2026-07\ZyFer_Noname.ex5,basket,unknown-ea
ex5,79db2ccfaebf936d74e99c1eb27dd6a6,2026-4\CloseAtProfitTarget v4.2\CloseAtProfitTarget v4.2.ex5,basket,unknown-ea
ex5,f4cf6834a2183612c5a22dd64234db8e,2026-4\DeepSeekCommanderEA_v2_0_Gold\DeepSeekCommanderEA_v2_0_Gold.ex5,XAUUSD,unknown-ea
ex5,eda5063c94d2e545262cc847552da99a,2026-4\EA Demo complete\EA Demo complete.ex5,basket,unknown-ea
ex5,4975713fbfe8e630725ede846f6533fc,2026-4\EA_GapinFX_MT5\EA_GapinFX_MT5.ex5,basket,unknown-ea
ex5,dc4073a5726bf6160fefc6b40f885bf5,2026-4\FractalFibo_YModel_EA\FractalFibo_YModel_EA.ex5,basket,unknown-ea
ex5,7045614380f64caecf8b02a2075112ed,2026-4\Gann Made Easy MT5\Gann Made Easy MT5.ex5,basket,unknown-ea
ex5,2b59063bf8213dca383d4b6c9ca3c9e6,2026-4\Gemini_Llama_EA_v2_0_Gold\Gemini_Llama_EA_v2_0_Gold.ex5,XAUUSD,unknown-ea
ex5,4781dbca5558481f083fc9d995635759,2026-4\GeminiCommanderEA_v2_0_Gold\GeminiCommanderEA_v2_0_Gold.ex5,XAUUSD,unknown-ea
ex4,c6b5c4b16c77b1ede95245f744faf27d,2026-4\GOLDTRAP\GOLDTRAP.ex4,XAUUSD,unknown-ea
ex5,040cc10f907cc4551de02149d139b585,2026-4\groqCommanderEA_v2_0_Gold\groqCommanderEA_v2_0_Gold.ex5,XAUUSD,unknown-ea
ex5,957ca1bfe3a0d9d9c581224259804fe9,2026-4\Hedge EA Demo test\Hedge EA Demo test.ex5,basket,grid-recovery
ex5,5d0c202aae95cbd87357ef7e97e55f2d,2026-4\Private EA 3.16 MT5 - DLL\Private EA 3.16 MT5 - DLL\Expert\Private EA 3.16.ex5,basket,unknown-ea
ex5,1486b1152ba05ae027f962ca27062e51,2026-4\Private Wealth Ghost EA V1.0\Private Wealth Ghost EA V1.0.ex5,basket,unknown-ea
ex4,2d957b4dfe841d4a7be4911762cd1350,2026-4\SEAN_Dark_Gold_EA_v9_1\SEAN_Dark_Gold_EA_v9_1.ex4,XAUUSD,unknown-ea
ex4,be6430e3df7c1579e712226034f3e009,2026-4\SkyFX EA_fix\SkyFX EA_fix.ex4,basket,unknown-ea
ex5,409b97c5dca69eb1f25b48de933c1b16,2026-4\SL=2GRIDE MQL5\SL=2GRIDE MQL5.ex5,basket,grid-recovery
ex4,cfc931c506d43d2a678c012b306afbaa,2026-4\SL=2GRIDE NEW\SL=2GRIDE NEW.ex4,basket,grid-recovery
ex5,ecf8e75e90a1301d56a5519d847974aa,2026-4\THAMTHAU_EA_MANAGER_DUP.ex5\THAMTHAU_EA_MANAGER_DUP.ex5,basket,unknown-ea
ex5,25f5a79b6c363fe4a884f26efebd46cb,2026-4\The One 1.0.3 EA V1.0 MT5@YoForexPremium\The One 1.0.3 EA V1.0 MT5@YoForexPremium.ex5,basket,unknown-ea
ex4,612372849b2490c68872f2b824dbfa07,2026-4\Yetti Pro_fix\__MACOSX\._Yetti Pro_fix.ex4,basket,unknown-ea
ex4,4decbf5b0ba6f14050f204c354a0cd99,2026-4\Yetti Pro_fix\Yetti Pro_fix.ex4,basket,unknown-ea
ex5,756581b8d44ac47121d7b3637684d36c,2026-4\极光蓝Pro智能双核V1_03_带8套参数含BTC使用说明\极光蓝Pro智能双核V1.03-AVX2.ex5,basket,unknown-ea
ex5,c4b4c49521c2839cec58a1a88428b7ad,2026-4\极光蓝Pro智能双核V1_03_带8套参数含BTC使用说明\极光蓝Pro智能双核V1.03兼容版.ex5,basket,unknown-ea
ex5,c3b696438885fe529b09405d3aa1342b,EA fxdreema other id\(Niyombot B_3) Price Action ATR  Lot.D Group 3.ex5,basket,unknown-ea
ex5,ccc0c81875744d6ec4b6e8cec4d4b51d,EA fxdreema other id\(Niyombot) B2 Gold Deng M15 TLM.ex5,XAUUSD,unknown-ea
ex5,892d5fbb08445ff476a60777eda1d504,EA fxdreema other id\143 E4.7.4 v2.ex5,basket,unknown-ea
ex5,fba73703bbf91c458e92302db25bc897,EA fxdreema other id\43.Fast Shot Arbitrage 6.6.68.ex5,basket,unknown-ea
ex5,e312831e8a633709b542f9bcd5323d1f,EA fxdreema other id\BMA 5   27.5.68.ex5,basket,unknown-ea
ex5,328388d16d61a7c9fc9bd875abe1632d,EA fxdreema other id\BS Pofit888.ex5,basket,unknown-ea
ex5,b817f0b961c253a5db9a9bbf30676923,EA fxdreema other id\candleanglepro10x.ex5,basket,unknown-ea
ex5,b2ab7fbbafac0a820103006da85a145c,EA fxdreema other id\EA GOLD CENTER V.2 Expried 11.04.2025.ex5,XAUUSD,unknown-ea
ex5,a803f78442bf2e37a2b3a017baf8953e,EA fxdreema other id\EA Golden Fighter V.2.2.ex5,XAUUSD,unknown-ea
ex5,3433f25c17ffd17ec775ff32c7a7bd5e,EA fxdreema other id\EA Hunter Pro - Interstellar  ID.ex5,basket,unknown-ea
ex5,8e50ea2fb3ad76e1d84a687f90ca6804,EA fxdreema other id\EX170 - Zone Trading Strategy.ex5,basket,unknown-ea
ex5,ff88f6cd16ef285d294e2e37567ce692,EA fxdreema other id\EX175 FastClose  By Natong V01.ex5,basket,unknown-ea
ex5,79e9c18bbdccb32a137fa68bfd8dd105,EA fxdreema other id\EX97 X HFT Gold Robot Scalping V3.9 Balance Relot ATR off cut loss.ex5,XAUUSD,scalper
ex5,e4c059191d5f9193cda88ce84c6ae2e4,EA fxdreema other id\so cool  AV  order  unlimit mt5 FINAL.ex5,basket,unknown-ea
ex4,57b0813dafa78af46d0c5b14efd10f08,Rebate\GRID BREAKOUT.ex4,basket,grid-recovery
ex4,78f02de2600a04640962550a51a5e79d,Rebate\Grid_Dynamite_31-01-2024.ex4,basket,grid-recovery
ex4,c1a02c2344ece3312ae52135b61436c5,Rebate\LamBow EV Remap V3 (MT4 exp Mar2024).ex4,basket,unknown-ea
ex4,07d9a16a8ac4dc318893c3296a2a9081,Test EA ok3\Bonnitta EA MT4 DOWNLOADMQ4.COM.ex4,basket,unknown-ea
ex4,c3b6f96c51ae12c1b5ebf733a9796036,Test EA ok3\EA ok\Crypto Rebalance BOT.ex4,basket,unknown-ea
ex4,8fe777fdd29654c253df54c29decc70f,Test EA ok3\EA ok\Daylight 1.27\__MACOSX\Experts\._Daylight.ex4,basket,unknown-ea
ex4,d74d812fcff570f569da247cf4644eec,Test EA ok3\EA ok\Daylight 1.27\Experts\Daylight.ex4,basket,unknown-ea
ex4,e36c03920e31f278659179ee617d6fcc,Test EA ok3\EA ok\DEE dynamic\DEE-DYNAMIC ROBOT (info).ex4,basket,unknown-ea
ex4,63fdbbc92835013c5accc287defe40bf,Test EA ok3\EA ok\DEE dynamic\DEE-DYNAMIC ROBOT (reborn).ex4,basket,unknown-ea
ex4,c5952930a1f9cad2208f47a06d2a6681,Test EA ok3\EA ok\Forex Tramp EA\Experts\Forex Tramp 4.0.0 pb.ex4,basket,unknown-ea
ex4,bd5930e8be026b3018c33d02562d8551,Test EA ok3\EA ok\Greezly Bot Pro\Greezly Bot Pro\Experts\Greezly bot Pro.ex4,basket,unknown-ea
ex4,f8ab8de51d0f58fa69725670a1ffbe1b,Test EA ok3\EA ok\Nong Tom.ex4,basket,unknown-ea
ex4,d231e6ab4c14d3c5c18550cdb8b930b6,Test EA ok3\EA ok\PA Trend Following.ex4,basket,trend
ex4,becd856235afb7dcb76dd1d3989d0675,Test EA ok3\EA ok\Robot FX Saturn Scalping  1.0.ex4,basket,scalper
ex4,63f245ad34de1d3a7a3df55816db40a4,Test EA ok3\EA ok\STO Trend Following.ex4,basket,trend
ex4,6ea564bf311bced7b1521ec8c75da5ed,Test EA ok3\EA-HOKKYDJONG\EA-HOKKYDJONG.ex4,basket,unknown-ea
ex5,e23be99c522ac3c2d72dc69726a75936,Test EA ok3\Happy Gold MT5\Expert\Happy Gold MT5 (Scalp).ex5,XAUUSD,scalper
ex5,0b30202d83e01967a45db3366244eb75,Test EA ok3\Happy Gold MT5\Expert\Happy Gold MT5 (Swing).ex5,XAUUSD,unknown-ea
ex4,9f554adb7f6317b9634e46573ba596b4,Test EA ok3\Happy Gold MT5\Expert\Happy Gold v2.0 (Scalp)_fix.ex4,XAUUSD,scalper
ex4,c7381f5e4875d8ca85ff33c681340f62,Test EA ok3\Pegasus Pro  EA  V1.2\MQL4\Experts\Pegasus Pro.ex4,basket,unknown-ea
ex4,aba85d214f949db62d32c417830cc570,Test EA ok3\Rebalance Project EA EX_2024.03.20 .ex4,basket,unknown-ea
ex4,f984d291341568da997c0fa3af9b7d0c,Test EA ok3\Rebalance Project EA Gold  EX 2024.03.20.ex4,XAUUSD,unknown-ea
ex4,1a703d11b1b73fd7e9eef3af26ba2bf6,Test EA ok3\Tomm_Pending_HedgingGold (18)\Tomm_Pending_HedgingGold (18).ex4,XAUUSD,grid-recovery
ex4,ca8fa6b3723f3f149350cf9516c7ae99,Test EA ok3\Vibrix Group EA OFFICIAL\Vibrix Group EA ORIGINAL\Expert\Vibrix Group EA _fix.ex4,basket,unknown-ea
ex5,ad3fe3c30cb4588d9aec7b47590c44ac,wait for test\0 - MQ5\Boom And Crash Digger\Boom And Crash Digger.ex5,basket,unknown-ea
ex5,19eb0fe412b99c122a13566c2d5007e1,wait for test\0 - MQ5\BOOM AND CRASH m1 files fxd TP SL\for BOOM and CRASH fixed SL & TP.ex5,basket,unknown-ea
ex5,d6cf7b7a102483fc82001b272877a663,wait for test\0 - MQ5\Boom and Crash Vipers\Experts\Boom & Crash Vipers.ex5,basket,unknown-ea
ex5,2981b8b281f2cc0dae48a7c451eb489c,wait for test\0 - MQ5\BOOM&CRASH1000 Trailstopstrategy\JMAR EXPERTS for CRASH AND BOOM trailstop strategy.ex5,basket,unknown-ea
ex5,1d7c3e6bad2d178a8d35e3723db82da3,wait for test\0 - MQ5\Chappie G ex5 deriv\CHAPPIE G (100580607) (1).ex5,basket,unknown-ea
ex5,9f36fcff11b12f2ab56b8a0353b68107,wait for test\0 - MQ5\Cobra 2.0 mt5\Expert\COBRA 2.0 (Nasdaq) M15 .ex5,basket,unknown-ea
ex5,6a3f7d3b8bf00ffe6f7497e47e6e6f90,wait for test\0 - MQ5\Cobra 2.0 mt5\Expert\COBRA 2.0 (Nasdaq) M30 .ex5,basket,unknown-ea
ex5,09fc2952a7e61b8422d11a3cb6ca37c1,wait for test\0 - MQ5\Cobra 2.0 mt5\Expert\COBRA_MT5 (5).ex5,basket,unknown-ea
ex5,06007fbc892468c6897c3f2b64ddcb80,wait for test\0 - MQ5\EA Correllations\EA Correlations.ex5,basket,unknown-ea
ex5,e7fe2ecae5332bc762d17bd1bb98d593,wait for test\0 - MQ5\EA KedayanfxbruneiiHFTForex\EA KedayanHFTEdited.ex5,basket,unknown-ea
ex5,94382224dc2997561f1b23781cac6753,wait for test\0 - MQ5\EA Profit Planet\PROFIT PLANET CURRENCY MT5.ex5,basket,unknown-ea
ex4,3e21c469253eaab8957d5eedfc1a659f,wait for test\0 - MQ5\EA Profit Planet\PROFIT PLANET  CURRENCY  MT4 .ex4,basket,unknown-ea
ex4,c46b5861bb1e4ea23d6af27df93e8199,wait for test\0 - MQ5\elm\[ELM EA 2.0]\[ELM EA]_Professional_2.0[MT4].ex4,basket,unknown-ea
ex5,92d6056d3868bf0cf7dd2a444d7f9c0c,wait for test\0 - MQ5\elm\[ELM EA 2.0]\[ELM EA]_Professional_2.0[MT5].ex5,basket,unknown-ea
ex5,5282914433aa4360c9ff8df961ee51b5,wait for test\0 - MQ5\FTMO Expert\FTMO EA.ex5,basket,unknown-ea
ex4,35c00a27c3eb3744b781ec8771108e5a,wait for test\0 - MQ5\Galileo FX EA\EA\Galileo FX_MT4.ex4,basket,unknown-ea
ex5,1ad8e36ac52747370dd74a4ca33a5bd6,wait for test\0 - MQ5\Galileo FX EA\EA\Galileo FX_MT5.ex5,basket,unknown-ea
ex5,afdf24a161e9dd7cbe409c1f79dae2a6,wait for test\0 - MQ5\GAPS BOOM-CRASH 500 E A\Gaps BC-500 EA.ex5,basket,unknown-ea
ex5,21c0131d5ff84606be6c66f244d3b86e,wait for test\0 - MQ5\GAPS BOOM-CRASH 500 E A\HarmonicPatternFinderV3.ex5,basket,unknown-ea
ex5,ee1a5d6e2771a8c8a0c3b07800ba3911,wait for test\0 - MQ5\HFT Scalper\HFT Scalper.ex5,basket,scalper
ex5,864259bb7e41b78bb7cd32866cf48483,wait for test\0 - MQ5\Indigo Deriv\Indigo Deriv.ex5,basket,unknown-ea
ex5,59b92f4e664881704ec1e81d2f7e2afc,wait for test\0 - MQ5\JMAR ExPERT BOOM1000 moneyloss strategy m1\JMAR EXPERT BOOM1000.ex5,basket,unknown-ea
ex5,7cb5c715cbeb773509ec9eefddab8ead,wait for test\0 - MQ5\JMAR EXPERT CRASH1000 money loss strategy\JMAR EXPERT crash1000.ex5,basket,unknown-ea
ex5,3f29b34acaf5428772d5415a7c52ff37,wait for test\0 - MQ5\No Loss EA\No LossEA.ex5,basket,unknown-ea
ex5,1052300da40c25a5fdb90c960a1ca3ca,wait for test\0 - MQ5\No-Loss-Forex-Hedging-EA by @SoftechFX_Robot\No Loss Forex Hedging EA by @SoftechFX_Robot.ex5,basket,grid-recovery
ex5,2a68ed962c69a231295c53d6d121180d,wait for test\0 - MQ5\Volatility 74 EA MT5\volatility75(1s).ex5,basket,unknown-ea
ex4,78121c823000055ae16825065c85dce6,wait for test\0 - MQ5\wealth king nasdaqsoftware\1 Arrows_Signal.ex4,basket,unknown-ea
ex4,ea4311ca55226a3ba6ccc1cd285600b1,wait for test\0 - MQ5\wealth king nasdaqsoftware\Auto channel.ex4,basket,unknown-ea
ex4,219b88b4e574442579fbbe1f44f42741,wait for test\0 - MQ5\wealth king nasdaqsoftware\breakout-zones.ex4,basket,breakout
ex4,84689a6d6b270d636f70315560e39a2f,wait for test\0 - MQ5\wealth king nasdaqsoftware\Brilliant Reversals .ex4,basket,unknown-ea
ex4,463528d102c65e29879dbc5bb36b1693,wait for test\0 - MQ5\wealth king nasdaqsoftware\Buy-Sell_Alerts.ex4,basket,unknown-ea
ex4,5b2517e5e31e5ff013635a29c2df14be,wait for test\0 - MQ5\wealth king nasdaqsoftware\Engulfing Alert.ex4,basket,unknown-ea
ex4,7796689ad53e2c3448a2aab9745c4959,wait for test\0 - MQ5\wealth king nasdaqsoftware\supply-and-demand.ex4,basket,unknown-ea
ex4,dd336b9f21208f2e4cf4456c40d556c6,wait for test\0 - MQ5\wealth king nasdaqsoftware\TextSignal.ex4,basket,unknown-ea
ex5,b60cd11dc0d5f742aa94699168783041,wait for test\0 - MQ5\XT EurUsd EA MT5\EA\XT EurUsd EA MT5.ex5,basket,unknown-ea
ex4,3616bef29c1b9c2025b6b2b4d761f8bd,wait for test\16 sep\New folder\Forex Flex EA v4.91\v4.85\MQL4\Experts\Forex-Flex-EA-4.85.ex4,basket,unknown-ea
ex4,5c2f537acfbbf64937848889fb01b21a,wait for test\16 sep\New folder\Forex Flex EA v4.91\v4.91\MQL4\Experts\Forex-Flex-EA-4.91.ex4,basket,unknown-ea
ex4,63a6f06820ea1b8d5d352014f62fabb9,wait for test\16 sep\New folder\FX SCALPER X New Fixed\FX SCALPER X New Fix.ex4,basket,scalper
ex4,08b89bbb3c37fd206e4dbf426e7f1225,wait for test\2- OK\Adaptive Trading EA\MQL4\Experts\Adaptive Trading EA_fix.ex4,basket,unknown-ea
ex4,fc35840aa091bbd1d3bdcbf5d6b6510f,wait for test\2- OK\AI SCALPER V2.5 - RepublicTraders\AI SCALPER V2.5.ex4,basket,scalper
ex4,25e23eaaa9b2c641d9403a8dc4d012c9,wait for test\2- OK\CODE EA1104. EA FREEDOM PRO\Experts\EA FREEDOM PRO - FULL LICENSE.ex4,basket,unknown-ea
ex4,3bf531a21c8e77388c3c81db2272e06b,wait for test\2- OK\DNA Pro4 4012 EA\Experts\DNA Pro4 4012 EA.ex4,basket,unknown-ea
ex4,4a878ce493a24418634800f9498ab30f,wait for test\2- OK\EA Mustang v3.3\EA_Mustang_v_3.3 by @SoftechFX_Robot.ex4,basket,unknown-ea
ex4,63196d84cee8d778c332a216871862d6,wait for test\2- OK\Money Tree-Update by @SoftechFX_Robot\THE-MONEY-TREE LATEST BY @SoftechFX_Robot.ex4,basket,unknown-ea
ex4,9373197bd4c0c4ba941aa1ccd5a4234b,wait for test\2- OK\Pirate One EA V 1.60\MQL4\Experts\Pirate One 1.6_fix.ex4,basket,unknown-ea
ex4,9ec80bd8cc07b2cdcac1b809efff41bc,wait for test\2- OK\Scalper AvtomatFX\MQL4\Experts\Scalper_AvtomatFX.com V01.041.001_fix.ex4,basket,scalper
ex4,1086b0ab0f36de1fdc550e147d3ef5e1,wait for test\2- OK\Yetti EA By Mwape Fx\Experts\Yetti_Robot.ex4,basket,unknown-ea
ex4,a4d73cf9e9957712022127ad7a7578dd,wait for test\2- OK\YETTI PRO by @SoftechFX_Robot\Yetti Pro. by @SoftechFX_Robot.ex4,basket,unknown-ea
ex4,013469b34210d77a18754d6f21524287,wait for test\31 dec 23\BuRengNong20.1_Finite.ex4,basket,unknown-ea
ex4,8facf079eb8172b700f21300a84f01a8,wait for test\31 dec 23\DHW  The end of poverty V2.ex4,basket,unknown-ea
ex4,8e8aac4e6bf3dec4d08cf5f480dafaa0,wait for test\31 dec 23\Dynamic Algo Bot (exp2024).ex4,basket,unknown-ea
ex4,66f5ea422f1091eb92a90da6aa187276,wait for test\31 dec 23\EMA.ex4,basket,unknown-ea
ex4,452ded43f6bd0989589516aa44931a22,wait for test\31 dec 23\Experts\Gold-TradePro_V2.0-Robot.ex4,XAUUSD,unknown-ea
ex4,5227c82cd50b2fe15d0d86e0f0039a21,wait for test\31 dec 23\Fibonacci Day Trade.ex4,basket,unknown-ea
ex4,2a201a3b5f680bcd1d6a3ff62eb35fb5,wait for test\31 dec 23\Finding Buffalo 9.22BugFix.ex4,basket,unknown-ea
ex4,7f5dc8ed3d99b596c7f36e86fec09d8b,wait for test\31 dec 23\Fx Corr  (test).ex4,basket,unknown-ea
ex5,198c3d0531797346b869c07573cc27db,wait for test\31 dec 23\Gold-TradePro-NoDLL-V1-7.ex5,XAUUSD,unknown-ea
ex4,572867719ec766e632c2795e56491979,wait for test\31 dec 23\Grid Custom.ex4,basket,grid-recovery
ex5,5345bceee89ff71952d960e3269eea90,wait for test\31 dec 23\LamBow EV GPT AI Bot (MT5 exp2024).ex5,basket,unknown-ea
ex4,fc9867b9e74a0af7d2160edb539bc9b6,wait for test\31 dec 23\OH - Partial Arbitage 3 Pairs STO-ok.ex4,basket,unknown-ea
ex4,043b8abe7223b6ebbb02f8361409e637,wait for test\BA\11BA_GumkeeOriginal.ex4,basket,unknown-ea
ex4,84bbd644df45934c4756abd440d85ab4,wait for test\BA\BA_AvataricanoV.2.2_YayJun.ex4,basket,unknown-ea
ex4,5215a743152271aa65fd3ffd08b9d75a,wait for test\BA\BA_AvataricanoV.2.ex4,basket,unknown-ea
ex4,2cb674a26aae835d2975242fbf630157,wait for test\BA\BA_BroTher_BNE.ex4,basket,unknown-ea
ex4,26813ab8e845971c5433250fa93fe383,wait for test\BA\BA_Bug seeV.2.ex4,basket,unknown-ea
ex4,ee66d4509c2b83727f61fa5d4e993dcf,wait for test\BA\BA_Bughumnoy.ex4,basket,unknown-ea
ex4,44d37443ea4da72296af3cce2aa88677,wait for test\BA\BA_BughumnoyV.2.ex4,basket,unknown-ea
ex4,87501176ee14d6d55042e21844e71dc9,wait for test\BA\BA_BuySellBreakV.4 2312021.ex4,basket,unknown-ea
ex4,c0b67f4377971fc37bcebf374d9e76d4,wait for test\BA\BA_BuySellBreakV.4.ex4,basket,unknown-ea
ex5,18ef6cd5bca4e19e1c49eb49ff5b0d7b,wait for test\BA\BA_BuySellBreakV.4MT5.ex5,basket,unknown-ea
ex4,60f3f173f331d7688da63b29fe3fd3df,wait for test\BA\BA_Cheer!!!! DoyV.8.ex4,basket,unknown-ea
ex4,4458d6779c7ecd2fed649f69142027f1,wait for test\BA\BA_DECEMBER2023MT4.ex4,basket,unknown-ea
ex5,230719af10e91f61687dc6fbbc85c9ab,wait for test\BA\BA_DECEMBER2023MT5.ex5,basket,unknown-ea
ex4,a57f84a35e2a998a4c451b0afde459fc,wait for test\BA\BA_E Thohrae.ex4,basket,unknown-ea
ex4,5443a7f711115ca7bcc9a5a4512b685d,wait for test\BA\BA_Fate.ex4,basket,unknown-ea
ex4,fa16733cd75556792927606412422768,wait for test\BA\BA_FATHER.ex4,basket,unknown-ea
ex4,2d24ba0164973f69d96107d458751fc8,wait for test\BA\BA_FATHERV.2.ex4,basket,unknown-ea
ex4,1eddfe0bb9864514aa2995aa014ba636,wait for test\BA\BA_Gardener.ex4,basket,unknown-ea
ex4,bbbd7ece487d6133d0d02452809c5b71,wait for test\BA\BA_Handsome_BNE.ex4,basket,unknown-ea
ex4,912ce1dac2d400deeafe2cbccb77b489,wait for test\BA\BA_Hua DolV.2.ex4,basket,unknown-ea
ex4,f91deaceea8898ac6a5c854a5e4853f9,wait for test\BA\BA_HYPER.ex4,basket,unknown-ea
ex4,5a3cd23ef4ae78798e4f1446074df8cd,wait for test\BA\BA_Khunphan.ex4,basket,unknown-ea
ex4,8d596a785307a144d20a57e254038fc7,wait for test\BA\BA_Loog Saw San SaoyV.2.ex4,basket,unknown-ea
ex4,7411b29f17ff9a5181ed41fd785a2dde,wait for test\BA\BA_NumbawSawparn.ex4,basket,unknown-ea
ex4,226aac13a273f64cc16d6b258e84362e,wait for test\BA\BA_OWNER_BNE.ex4,basket,unknown-ea
ex4,39bd44dfb97ee38dfc75a35d1c6d7cb6,wait for test\BA\BA_PorbanjaigraV.10.ex4,basket,unknown-ea
ex4,22d1f19303308d20fb7d0ceb243e516a,wait for test\BA\BA_PorbanjaigraV.4.ex4,basket,unknown-ea
ex4,5c51cf472637095cf6e5775c844cd64b,wait for test\BA\BA_PortnoihoiSungV.2forGold.ex4,XAUUSD,unknown-ea
ex4,1021aeaf197c7fe11b6ef1d06c6e44f1,wait for test\BA\BA_QataricanoV.2.ex4,basket,unknown-ea
ex4,cf9602aa3b2740bbcf66e1e3831b2d00,wait for test\BA\BA_RodjanaV.4.ex4,basket,unknown-ea
ex4,a79bfe5bb73f8af78166321b19a882d3,wait for test\BA\BA_RSI PendingV.4.2.2Multi.ex4,basket,unknown-ea
ex4,32beb326314d05dd96d29fb756bcdb47,wait for test\BA\BA_SellBuyBreakV.4.ex4,basket,unknown-ea
ex4,d79741954819e76176a3fc58a8ad3479,wait for test\BA\BA_SemiAutoTradeV.2.2.ex4,basket,unknown-ea
ex4,edef6277cdfe18d2b5d70d8767777e5c,wait for test\BA\BA_SemiAutoTradeV.2.8Exp..ex4,basket,unknown-ea
ex4,52e397fcc65ccdbe9294d2370950c1ee,wait for test\BA\BA_SemiAutoTradeV.2.ex4,basket,unknown-ea
ex4,4bc82febb3b21fd3a5100b00c1be06a3,wait for test\BA\BA_SnakeSing.ex4,basket,unknown-ea
ex4,8bd009410bdfda3b9177f4fd6d8f9a80,wait for test\BA\BA_SnakeSingV.2.ex4,basket,unknown-ea
ex4,1251ab39b3557eccbc6edbb02053e1fe,wait for test\BA\BA_Thai_Ban.ex4,basket,unknown-ea
ex4,ee2b91edd12f6b34eb075cfdfaa908ac,wait for test\BA\BA_THESUN.ex4,basket,unknown-ea
ex4,56f4fc2b4652ceb2741d871dc9476c4b,wait for test\BA\BA_Tiger_Sleep_EatV.4.2.2.ex4,basket,unknown-ea
ex4,6558454e14798f904d0777a37b51d2df,wait for test\BA\BA_Time BombV.8.2.ex4,basket,unknown-ea
ex4,b9093e6b927f9dc56cba1de84af2a2d1,wait for test\BA\BA_TITANIC_Rebalance_BNE.ex4,basket,unknown-ea
ex4,27fabdc82ee1b8851d6ee78c46257553,wait for test\BA\BA_TradeAutoEdit_V.2.ex4,basket,unknown-ea
ex4,bf3aef9274712a06af72b10e07ff541a,wait for test\BA\BA_Vampire HunterV.2.ex4,basket,unknown-ea
ex4,0b6ecf749c742f257e8bde341feacae5,wait for test\BA\BA_VasanaaDeeV.2.ex4,basket,unknown-ea
ex4,0cb8616e926e288d06210984cbbffe8e,wait for test\BA\BA_VasanaaDeeV.4.ex4,basket,unknown-ea
ex4,72dce1883dcf2bc9ada3990ccd418245,wait for test\BA\BA_Working HumanV.2.ex4,basket,unknown-ea
ex4,0ec2cafa8e92638e63ac4c1733ea1a16,wait for test\BA\BA_YayJun_Mix_MOM_V.2.ex4,basket,unknown-ea
ex4,5c3128e054c2a41ee6e750fd83638e90,wait for test\BA\Zax Hedging Rebalance_BA.ex4,basket,grid-recovery
ex4,c6f31a2a3df8f4a9d8d375d86801b9a6,wait for test\RSI from pips_EA.ex4,basket,unknown-ea
ex4,3324bdadbd0d4881bbb319105e4e28e5,wait for test\test 3\Aura Gold\Aura Gold 3.8.ex4,XAUUSD,unknown-ea
ex4,a3cec374375f44d3dc79b79d14d807cd,wait for test\test 3\AW recovery\AW Recovery EA V3.3.ex4,basket,grid-recovery
ex4,fc6bcfe6025d89a8eb03087c856a70cb,wait for test\test 3\AW recovery\AW-Recovery-EA-v3.30\AW-Recovery-EA-v3.30.ex4,basket,grid-recovery
ex4,ec6a4fe563877afd719fbde90a3841c5,wait for test\test 3\Dark\Dark Mimas.ex4,basket,unknown-ea
ex4,0dba8e9643f19c662fb07ae492807559,wait for test\test 3\Dark\Dark Venus.ex4,basket,unknown-ea
ex4,e4dc4cb88e4959cd1a5322e742ef561a,wait for test\test 3\MARTAV 77 (Free)\MARTAV 77 (Free).ex4,basket,unknown-ea
ex4,5a37c2d99de67e2932740f42685904a6,wait for test\test 3\New Sure Fire HedgingV.1.7.ex4,basket,grid-recovery
ex4,be8fd7123c80fd5ea5c219a5a05e8bd0,wait for test\test 3\Yetti\Yetti Pro.ex4,basket,unknown-ea
ex4,3f2307979b7014ef8b222cc1d9b8dd1a,wait for test\test 3\Yetti\Yetti3_Mod2_newsWorking.ex4,basket,unknown-ea
ex4,5d6c9863b9725ebe90a3b2c4963fb5c4,wait for test\test 3\Yetti\YettiAUTOTRADE_EN_Fix.ex4,basket,unknown-ea
ex4,d57eb14d807d1026eb4bb742ba747001,wait for test\Waka Waka EA MT4\Waka Waka EA V4.29.ex4,basket,unknown-ea
