batch,ea,path,guess_symbol
01,Broker Killer v 2 .2 by @SoftechFX_Robot,.EA OK\Broker Killer V2.2 by @SoftechFX_Robot\EA\Broker Killer v 2 .2 by @SoftechFX_Robot.ex4,basket
01,BuRengNong201_FiniteLaser8,.EA OK\BuRengNong201_FiniteLaser8.ex4,basket
01,ClevrFX_EA,.EA OK\ClevrFX\ClevrFX_EA.ex4,basket
01,EA_FLy_HiGhEr,.EA OK\CODE EA0608 EA_FLy_HiGhEr\EA\EA_FLy_HiGhEr.ex4,basket
01,EA_Golden_Elephant,.EA OK\EA_Golden_Elephant\EA_Golden_Elephant.ex4,XAUUSD
01,eu95,.EA OK\eu95.ex4,basket
01,Forex Hacked Pro,.EA OK\Forex Hacked Pro.ex4,basket
01,Forexthai4pip,.EA OK\Forex thai\Forexthai4pip.ex4,basket
01,forexthaipop.blogspot.com v.1,.EA OK\Forex thai\forexthaipop.blogspot.com v.1.ex4,basket
01,Fxcore100_BUY,.EA OK\FXCore100 EA v5.1 LATEST\Fxcore100_BUY.ex4,basket
01,Fxcore100_SELL,.EA OK\FXCore100 EA v5.1 LATEST\Fxcore100_SELL.ex4,basket
01,Gold_Kangaroo,.EA OK\Gold_Kangaroo\Gold_Kangaroo.ex4,XAUUSD
01,"Miracle MT4 (audcad , audnzd , nzdcad 15 min)",".EA OK\Miracle MT4 (audcad , audnzd , nzdcad 15 min).ex4",basket
01,MoneyTree_Buy,.EA OK\Money Tree EA\MQL4\Experts\MoneyTree_Buy.ex4,basket
01,MoneyTree_Sell,.EA OK\Money Tree EA\MQL4\Experts\MoneyTree_Sell.ex4,basket
01,THE MONEY TREE ROBOT 5_fix,.EA OK\Money Tree EA\THE MONEY TREE ROBOT 5_fix.ex4,basket
01,THE MONEY TREE ROBOT,.EA OK\Money Tree EA\THE MONEY TREE ROBOT.ex4,basket
01,North East Way _V1.306_Fix ,.EA OK\North East Way EA\MQL4\Experts\North East Way _V1.306_Fix .ex4,basket
01,Over Rich 88 V9_fix,.EA OK\OverRich 88 V9\experts\Over Rich 88 V9_fix.ex4,basket
01,PipFinite_EA,.EA OK\PipFinite EA\Expert\PipFinite_EA.ex4,basket
01,Scalper Inside PRO v4.4 @SoftechFX_Robot,.EA OK\Scalper Inside PRO v4.4 (no dll)\Scalper Inside PRO v4.4 @SoftechFX_Robot.ex4,basket
01,TPS Super Fighter EA_fix,.EA OK\TPS SUPER FIGHTER FIX @FinTechFx\EA\TPS Super Fighter EA_fix.ex4,basket
01,Waka Waka EA V4.37 No DLL,.EA OK\Waka Waka EA V4.37 No DLL.ex4,basket
01,Hedgingprofit EA v2,.Forexbookthai\.EA\.Not work\Link DL Hedging Profit EA v2\Link DL Hedging Profit EA v2 - Copy\Experts\Hedgingprofit EA v2.ex4,basket
01,AW Recovery EA V3.3_NEW,.Forexbookthai\.EA\1-AW Recovery\Experts\AW Recovery EA V3.3_NEW.ex4,basket
01,Equity Sentry v1.4c,.Forexbookthai\.EA\2-Equity Sentry\Equity Sentry v1.4c.ex4,basket
01,Rescue EA 456 OZ,.Forexbookthai\.EA\3-Rescue Bot\Rescue EA 456 OZ.ex4,basket
01,Mood 2.0,.Forexbookthai\.EA\4-Mood\Experts\Mood 2.0.ex4,basket
01,Close All Assist,.Forexbookthai\.EA\5-EA Close All Assist\Close All Assist.ex4,basket
01,EA Simulator v202,.Forexbookthai\.EA\EA Simulator v2\Link download EA Simulator v2\Experts\EA Simulator v202.ex4,basket
01,Apandana Golden V2,.Forexbookthai\.EA\Link Download EA+VPS set 6990-20241008T104328Z-001\Link Download EA+VPS set 6990\Expert+Preset\Set3 Apadana\Experts\Apandana Golden V2.ex4,XAUUSD
01,Elise Hedging EA,.Forexbookthai\.EA\Link Download EA+VPS set 6990-20241008T104328Z-001\Link Download EA+VPS set 6990\Expert+Preset\Set4 Elise Hedging EA\Experts\Elise Hedging EA.ex4,basket
01,Alpha Striker SMC,.Forexbookthai\.EA\Link Download EA+VPS set 6990-20241008T104328Z-001\Link Download EA+VPS set 6990\Expert+Preset\Set5 Alpha Striker SMC\Experts\Alpha Striker SMC.ex4,basket
01,Hybrid-Grid v3,.Forexbookthai\.EA\Link Download Grid V3\Experts\Hybrid-Grid v3.ex4,basket
01,Hybrid-Grid v3 Demo,.Forexbookthai\.EA\Link Download Grid V3\Experts\ตัวเดโม่-ใช้ทดสอบกับเดโม่ก่อนใช้งานจริง\Hybrid-Grid v3 Demo.ex4,basket
01,AI Gen XII v1.6,.Forexbookthai\EA\Link DL AI GEN XII\AI Gen XII EA V1.6 MT4 (1420+)\Experts\AI Gen XII v1.6.ex4,basket
01,AI Gen XII 1.9,.Forexbookthai\EA\Link DL AI GEN XII\AI Gen XII EA V1.90\Experts\AI Gen XII 1.9.ex4,basket
01,AI Gen XII v2.3 build 1421,.Forexbookthai\EA\Link DL AI GEN XII\AI Gen XII EA V2.3 MT4 (1421)\Experts\AI Gen XII v2.3 build 1421.ex4,basket
01,AI Gen XII MT4_2.6-fix,.Forexbookthai\EA\Link DL AI GEN XII\AI_GEN_XII_EA_v2.9_Unlimit\MQL4\Experts\AI Gen XII MT4_2.6-fix.ex4,basket
01,AI Gen XII MT4_2.71_fix,.Forexbookthai\EA\Link DL AI GEN XII\AI_GEN_XII_EA_v2.9_Unlimit\MQL4\Experts\AI Gen XII MT4_2.71_fix.ex4,basket
01,AI Gen XII MT4_2.8_fix,.Forexbookthai\EA\Link DL AI GEN XII\AI_GEN_XII_EA_v2.9_Unlimit\MQL4\Experts\AI Gen XII MT4_2.8_fix.ex4,basket
01,AI Gen XII MT4_2.9_fix,.Forexbookthai\EA\Link DL AI GEN XII\AI_GEN_XII_EA_v2.9_Unlimit\MQL4\Experts\AI Gen XII MT4_2.9_fix.ex4,basket
01,Atomic Analyst,.Forexbookthai\EA\Link DL Atomic Analyst\Atomic Analyst.ex4,basket
01,Aura Superstar,.Forexbookthai\EA\Link DL Aura Super Star\Aura Superstar MT4\Aura Superstar.ex4,basket
01,Evening Scalper Pro (fix no dll),.Forexbookthai\EA\Link DL Evening Scalper Pro\Experts\Evening Scalper Pro (fix no dll).ex4,basket
01,Evening Scalper Pro 2.29,.Forexbookthai\EA\Link DL Evening Scalper Pro\Experts\Evening Scalper Pro 2.29.ex4,basket
01,Evening Scalper Pro 2.51,.Forexbookthai\EA\Link DL Evening Scalper Pro\Experts\Evening Scalper Pro 2.51.ex4,basket
01,Friday Pro MT4-1.6,.Forexbookthai\EA\Link DL Friday Pro\Experts\Friday Pro MT4-1.6.ex4,basket
01,Gold Garden MT4_fix 1420 new,.Forexbookthai\EA\Link DL Golden Garden\Experts\Gold Garden MT4_fix 1420 new.ex4,XAUUSD
01,Golden Pickaxe V1.53 No DLL,.Forexbookthai\EA\Link DL Golden PickAxe\Experts\Golden Pickaxe V1.53 No DLL.ex4,XAUUSD
02,Golden Pickaxe V2.19_fix,.Forexbookthai\EA\Link DL Golden PickAxe\Experts\Golden Pickaxe V2.19_fix.ex4,XAUUSD
02,Hercules AI,.Forexbookthai\EA\Link DL Hercules\Experts\Hercules AI.ex4,basket
02,Night Hunter Pro without DLL,.Forexbookthai\EA\Link DL Hunter Night\v6.28\Experts\Night Hunter Pro without DLL.ex4,basket
02,Night Hunter Pro 6.56,.Forexbookthai\EA\Link DL Hunter Night\v6.56\Night Hunter Pro 6.56.ex4,basket
02,Yetti 3.03,.Forexbookthai\EA\Link DL Yetti\Experts\Yetti 3.03.ex4,basket
02,The Power of Gold MT4_fix,.Forexbookthai\EA\Link download The power of Gold\The Power of Gold MT4_fix.ex4,XAUUSD
02,Trade Assistant MT4_9.8_fix,.Forexbookthai\EA\Link download Trade Assistance EA\Experts\Trade Assistant MT4_9.8_fix.ex4,basket
02,EA Simulator v331,.Forexbookthai\Jan 24\Link Download EA Sim v3.31\Experts\EA Simulator v331.ex4,basket
02,Close-all-panal,.Forexbookthai\Jan 24\MQL4\Experts\Close-all-panal.ex4,basket
02,CloseTrades_After_Account_Loss_TooMuch,.Forexbookthai\Jan 24\MQL4\Experts\CloseTrades_After_Account_Loss_TooMuch.ex4,basket
02,CloseTrades_After_Account_Profit_Reached,.Forexbookthai\Jan 24\MQL4\Experts\CloseTrades_After_Account_Profit_Reached.ex4,basket
02,100 pips daily scalper,.Forexbookthai\MQL4\Experts\100 pips daily scalper.ex4,basket
02,AK47 Sniper,.Forexbookthai\MQL4\Experts\AK47 Sniper.ex4,basket
02,EA Dolly 1.09_all,.Forexbookthai\MQL4\Experts\EA Dolly 1.09_all.ex4,basket
02,SecretProfitLevels,.Forexbookthai\MQL4\Experts\SecretProfitLevels.ex4,basket
02,Budak Ubat v1.70_fix,2024-03\Budak Ubat v1.70_fix\Budak Ubat v1.70_fix.ex4,basket
02,BuRengNong2071_FiniteTrendPro,2024-03\BuRengNong2071_FiniteTrendPro\BuRengNong2071_FiniteTrendPro.ex4,basket
02,Cash Freezing Ver. 2,2024-03\Cash Freezing Ver. 2\Cash Freezing Ver. 2.ex4,basket
02,EA Gold Stuff_fix,2024-03\EA Gold Stuff_fix\EA Gold Stuff_fix.ex4,XAUUSD
02,Forex Recovery Bot MT4 (2),2024-03\EA ok\Forex Recovery\Forex Recovery Bot MT4 (2).ex4,basket
02,Forex Recovery Bot MT4,2024-03\EA ok\Forex Recovery\Forex Recovery Bot MT4.ex4,basket
02,ProfitInfo Mark-C,2024-03\EA ok\ProfitInfo Mark-C.ex4,basket
02,ProfitInfo Mark-D,2024-03\EA ok\ProfitInfo Mark-D.ex4,basket
02,._FXOB_SD_RANGES_v6.035_Fixed @EaFXSeller,2024-03\FXOB_SD_RANGES_v6.035_Fixed\__MACOSX\._FXOB_SD_RANGES_v6.035_Fixed @EaFXSeller.ex4,basket
02,FXOB_SD_RANGES_v6.035_Fixed @EaFXSeller,2024-03\FXOB_SD_RANGES_v6.035_Fixed\FXOB_SD_RANGES_v6.035_Fixed @EaFXSeller.ex4,basket
02,._GOLD Impulse with Alert No DLL,2024-03\GOLD Impulse with Alert No DLL\__MACOSX\._GOLD Impulse with Alert No DLL.ex4,XAUUSD
02,GOLD Impulse with Alert No DLL,2024-03\GOLD Impulse with Alert No DLL\GOLD Impulse with Alert No DLL.ex4,XAUUSD
02,gold_rush_pro_Fixed,2024-03\Gold_rush_pro_Fixed\gold_rush_pro_Fixed.ex4,XAUUSD
02,HalfTrend MTF with channels alerts,2024-03\HalfTrend MTF with channels alerts\HalfTrend MTF with channels alerts.ex4,basket
02,Happy thaipop,2024-03\Happy thaipop\Happy thaipop.ex4,basket
02,Hua-Koi v1.09,2024-03\Hua-Koi v1.09\Hua-Koi v1.09.ex4,basket
02,Lot Driver F19 rebate v2,2024-03\Lot Driver F19 rebate v2\Lot Driver F19 rebate v2.ex4,basket
02,EA_Lot_1,2024-03\Lot2.1 2024.05.25\Lot2.1 2024.05.25\EA_Lot_1.ex4,basket
02,EA_Lot_2.1,2024-03\Lot2.1 2024.05.25\Lot2.1 2024.05.25\EA_Lot_2.1.ex4,basket
02,EA_Lot_2,2024-03\Lot2.1 2024.05.25\Lot2.1 2024.05.25\EA_Lot_2.ex4,basket
02,FAST_AI,2024-03\Lot2.1 2024.05.25\Lot2.1 2024.05.25\FAST_AI.ex4,basket
02,FAST_Rebalance,2024-03\Lot2.1 2024.05.25\Lot2.1 2024.05.25\FAST_Rebalance.ex4,basket
02,FAST_RebalanceV2,2024-03\Lot2.1 2024.05.25\Lot2.1 2024.05.25\FAST_RebalanceV2.ex4,basket
02,LotAll _3.1,2024-03\Lot2.1 2024.05.25\Lot2.1 2024.05.25\LotAll _3.1.ex4,basket
02,LotALL3,2024-03\Lot2.1 2024.05.25\Lot2.1 2024.05.25\LotALL3.ex4,basket
02,Lotte v17.04.06,2024-03\Lotte v17.04.06\Lotte v17.04.06.ex4,basket
02,Order Dialog,2024-03\Order Dialog\Order Dialog.ex4,basket
02,ACC info Mark-B by NVF,2024-06\ACC info Mark-B by NVF\ACC info Mark-B by NVF.ex4,basket
02,CITY-GOLD HUNTER PROx2_fix (3),2024-06\CITY-GOLD HUNTER PROx2_fix (3)\CITY-GOLD HUNTER PROx2_fix (3).ex4,XAUUSD
02,Correlation Fix Build1420+,2024-06\Correlation Fix Build1420+\Correlation Fix Build1420+.ex4,basket
02,CommunityPower 2.58.3,2024-06\CP_GOLD_M5\CP_GOLD_M5\MQL4\Experts\CommunityPower 2.58.3.ex4,XAUUSD
02,DanceT,2024-06\DanceT\DanceT.ex4,basket
02,EA-Gold-Stuff,2024-06\EA-Gold-Stuff\EA-Gold-Stuff.ex4,XAUUSD
02,EA. MACD divergence  V1.3,2024-06\EA. MACD divergence  V1.3\EA. MACD divergence  V1.3.ex4,basket
02,Exp - Assistant 57 NEW 20240503,2024-06\Exp - Assistant 57 NEW 20240503\Exp - Assistant 57 NEW 20240503.ex4,basket
03,Flexy The Dragon v2.8,2024-06\Flexy The Dragon v2.8\Flexy The Dragon v2.8.ex4,basket
03,Forex Correlation EA_fix2,2024-06\Forex Correlation EA_fix2\Forex Correlation EA_fix2.ex4,basket
03,Forex Correlation EA_fix,2024-06\Forex Correlation EA_fix\Forex Correlation EA_fix.ex4,basket
03,!Retrace Finder CCI,2024-06\FREE EA-20240608T074321Z-001\FREE EA\!Retrace Finder CCI.ex4,basket
03,#KG Support and Resistance Alert_Revision 2,2024-06\FREE EA-20240608T074321Z-001\FREE EA\#KG Support and Resistance Alert_Revision 2.ex4,basket
03,#Macd,2024-06\FREE EA-20240608T074321Z-001\FREE EA\#Macd.ex4,basket
03,#MTF Forex freedom Bar,2024-06\FREE EA-20240608T074321Z-001\FREE EA\#MTF Forex freedom Bar.ex4,basket
03,#MTF_CCI,2024-06\FREE EA-20240608T074321Z-001\FREE EA\#MTF_CCI.ex4,basket
03,#TrainingTrader v2,2024-06\FREE EA-20240608T074321Z-001\FREE EA\#TrainingTrader v2.ex4,basket
03,#TrainingTrader,2024-06\FREE EA-20240608T074321Z-001\FREE EA\#TrainingTrader.ex4,basket
03,0 - Session H-Line with Targets and Alerts,2024-06\FREE EA-20240608T074321Z-001\FREE EA\0 - Session H-Line with Targets and Alerts.ex4,basket
03,0 - SL_Close_BE_Reverse,2024-06\FREE EA-20240608T074321Z-001\FREE EA\0 - SL_Close_BE_Reverse.ex4,basket
03,1 MINUTE SCALPER,2024-06\FREE EA-20240608T074321Z-001\FREE EA\1 MINUTE SCALPER.ex4,basket
03,1-ABHAFXS,2024-06\FREE EA-20240608T074321Z-001\FREE EA\1-ABHAFXS.ex4,basket
03,10-AutochartistALPARI,2024-06\FREE EA-20240608T074321Z-001\FREE EA\10-AutochartistALPARI.ex4,basket
03,100 pips a day_perky_mod21,2024-06\FREE EA-20240608T074321Z-001\FREE EA\100 pips a day_perky_mod21.ex4,basket
03,100-GPzigzag,2024-06\FREE EA-20240608T074321Z-001\FREE EA\100-GPzigzag.ex4,basket
03,101-GreatTradeMACDColor,2024-06\FREE EA-20240608T074321Z-001\FREE EA\101-GreatTradeMACDColor.ex4,basket
03,102-GreatTradeMACDColordemo,2024-06\FREE EA-20240608T074321Z-001\FREE EA\102-GreatTradeMACDColordemo.ex4,basket
03,103-GreatTraderFT,2024-06\FREE EA-20240608T074321Z-001\FREE EA\103-GreatTraderFT.ex4,basket
03,104-GreatTraderFTdemo,2024-06\FREE EA-20240608T074321Z-001\FREE EA\104-GreatTraderFTdemo.ex4,basket
03,105-GreatTraderNLD,2024-06\FREE EA-20240608T074321Z-001\FREE EA\105-GreatTraderNLD.ex4,basket
03,106-GreatTraderNLDdemo,2024-06\FREE EA-20240608T074321Z-001\FREE EA\106-GreatTraderNLDdemo.ex4,basket
03,107-GreatTraderPW,2024-06\FREE EA-20240608T074321Z-001\FREE EA\107-GreatTraderPW.ex4,basket
03,108-GreatTraderPWdemo,2024-06\FREE EA-20240608T074321Z-001\FREE EA\108-GreatTraderPWdemo.ex4,basket
03,109-GreatTraderTLSM,2024-06\FREE EA-20240608T074321Z-001\FREE EA\109-GreatTraderTLSM.ex4,basket
03,10pipsOnceADayOppositeLastNHourTrend,2024-06\FREE EA-20240608T074321Z-001\FREE EA\10pipsOnceADayOppositeLastNHourTrend.ex4,basket
03,11-BARS,2024-06\FREE EA-20240608T074321Z-001\FREE EA\11-BARS.ex4,basket
03,110-GreatTraderTLSMdemo,2024-06\FREE EA-20240608T074321Z-001\FREE EA\110-GreatTraderTLSMdemo.ex4,basket
03,111-gtrm,2024-06\FREE EA-20240608T074321Z-001\FREE EA\111-gtrm.ex4,basket
03,112-Guard,2024-06\FREE EA-20240608T074321Z-001\FREE EA\112-Guard.ex4,basket
03,113-HeikenAshikuskus,2024-06\FREE EA-20240608T074321Z-001\FREE EA\113-HeikenAshikuskus.ex4,basket
03,114-HeikenAshiSWAlert,2024-06\FREE EA-20240608T074321Z-001\FREE EA\114-HeikenAshiSWAlert.ex4,basket
03,115-HIDDENChannel,2024-06\FREE EA-20240608T074321Z-001\FREE EA\115-HIDDENChannel.ex4,basket
03,116-HIDDENTREND,2024-06\FREE EA-20240608T074321Z-001\FREE EA\116-HIDDENTREND.ex4,basket
03,117-HIDDENVOLNA,2024-06\FREE EA-20240608T074321Z-001\FREE EA\117-HIDDENVOLNA.ex4,basket
03,118-HMAColornrp,2024-06\FREE EA-20240608T074321Z-001\FREE EA\118-HMAColornrp.ex4,basket
03,119-IBFXCPR,2024-06\FREE EA-20240608T074321Z-001\FREE EA\119-IBFXCPR.ex4,basket
03,12-BBandsStopvBAR,2024-06\FREE EA-20240608T074321Z-001\FREE EA\12-BBandsStopvBAR.ex4,basket
03,120-iCassierWorkTime,2024-06\FREE EA-20240608T074321Z-001\FREE EA\120-iCassierWorkTime.ex4,basket
03,121-ILRCAHA,2024-06\FREE EA-20240608T074321Z-001\FREE EA\121-ILRCAHA.ex4,basket
03,122-ILRCSignalAHA,2024-06\FREE EA-20240608T074321Z-001\FREE EA\122-ILRCSignalAHA.ex4,basket
03,123-Info,2024-06\FREE EA-20240608T074321Z-001\FREE EA\123-Info.ex4,basket
03,124-iOneThird,2024-06\FREE EA-20240608T074321Z-001\FREE EA\124-iOneThird.ex4,basket
03,12431_Happy Fast Money v1.3,2024-06\FREE EA-20240608T074321Z-001\FREE EA\12431_Happy Fast Money v1.3.ex4,basket
03,125-iSadukey,2024-06\FREE EA-20240608T074321Z-001\FREE EA\125-iSadukey.ex4,basket
03,126-iSessions,2024-06\FREE EA-20240608T074321Z-001\FREE EA\126-iSessions.ex4,basket
03,127-KGPRICEACTIONDETECTOR,2024-06\FREE EA-20240608T074321Z-001\FREE EA\127-KGPRICEACTIONDETECTOR.ex4,basket
03,128-KGRangeCalculatorHLC,2024-06\FREE EA-20240608T074321Z-001\FREE EA\128-KGRangeCalculatorHLC.ex4,basket
03,129-LaguerreACS,2024-06\FREE EA-20240608T074321Z-001\FREE EA\129-LaguerreACS.ex4,basket
04,13-BBandsStopvrdb,2024-06\FREE EA-20240608T074321Z-001\FREE EA\13-BBandsStopvrdb.ex4,basket
04,132-LauncherTRXFinal,2024-06\FREE EA-20240608T074321Z-001\FREE EA\132-LauncherTRXFinal.ex4,basket
04,133-LRCChannel,2024-06\FREE EA-20240608T074321Z-001\FREE EA\133-LRCChannel.ex4,basket
04,134-LRCChannelD,2024-06\FREE EA-20240608T074321Z-001\FREE EA\134-LRCChannelD.ex4,basket
04,135-MACDColour,2024-06\FREE EA-20240608T074321Z-001\FREE EA\135-MACDColour.ex4,basket
04,136-MACDMeter,2024-06\FREE EA-20240608T074321Z-001\FREE EA\136-MACDMeter.ex4,basket
04,137-MACDTraditional,2024-06\FREE EA-20240608T074321Z-001\FREE EA\137-MACDTraditional.ex4,basket
04,138-MAXNonLagMA,2024-06\FREE EA-20240608T074321Z-001\FREE EA\138-MAXNonLagMA.ex4,basket
04,139-menitIndikator,2024-06\FREE EA-20240608T074321Z-001\FREE EA\139-menitIndikator.ex4,basket
04,14-BinaryMath,2024-06\FREE EA-20240608T074321Z-001\FREE EA\14-BinaryMath.ex4,basket
04,140-MF,2024-06\FREE EA-20240608T074321Z-001\FREE EA\140-MF.ex4,basket
04,141-MFCandles,2024-06\FREE EA-20240608T074321Z-001\FREE EA\141-MFCandles.ex4,basket
04,142-MPiHB,2024-06\FREE EA-20240608T074321Z-001\FREE EA\142-MPiHB.ex4,basket
04,143-MTArrZZx,2024-06\FREE EA-20240608T074321Z-001\FREE EA\143-MTArrZZx.ex4,basket
04,144-MTArrZZxl,2024-06\FREE EA-20240608T074321Z-001\FREE EA\144-MTArrZZxl.ex4,basket
04,145-MTClock,2024-06\FREE EA-20240608T074321Z-001\FREE EA\145-MTClock.ex4,basket
04,146-MTFBrainTrendSig,2024-06\FREE EA-20240608T074321Z-001\FREE EA\146-MTFBrainTrendSig.ex4,basket
04,147-MTFBrainTrendSiground,2024-06\FREE EA-20240608T074321Z-001\FREE EA\147-MTFBrainTrendSiground.ex4,basket
04,148-mtfchampion,2024-06\FREE EA-20240608T074321Z-001\FREE EA\148-mtfchampion.ex4,basket
04,149-MTFChannel,2024-06\FREE EA-20240608T074321Z-001\FREE EA\149-MTFChannel.ex4,basket
04,15 MINUTE SCALPER,2024-06\FREE EA-20240608T074321Z-001\FREE EA\15 MINUTE SCALPER.ex4,basket
04,15-BollingerBandsStop,2024-06\FREE EA-20240608T074321Z-001\FREE EA\15-BollingerBandsStop.ex4,basket
04,150-MTFPIVOTS,2024-06\FREE EA-20240608T074321Z-001\FREE EA\150-MTFPIVOTS.ex4,basket
04,151-MTLWMA,2024-06\FREE EA-20240608T074321Z-001\FREE EA\151-MTLWMA.ex4,basket
04,152-MTPrice,2024-06\FREE EA-20240608T074321Z-001\FREE EA\152-MTPrice.ex4,basket
04,153-MTSemaforAlert,2024-06\FREE EA-20240608T074321Z-001\FREE EA\153-MTSemaforAlert.ex4,basket
04,154-MTSSLColor,2024-06\FREE EA-20240608T074321Z-001\FREE EA\154-MTSSLColor.ex4,basket
04,155-MTStochastic,2024-06\FREE EA-20240608T074321Z-001\FREE EA\155-MTStochastic.ex4,basket
04,156-MTTJ,2024-06\FREE EA-20240608T074321Z-001\FREE EA\156-MTTJ.ex4,basket
04,157-MTZigZag,2024-06\FREE EA-20240608T074321Z-001\FREE EA\157-MTZigZag.ex4,basket
04,159-NeutralHedgeOverlay,2024-06\FREE EA-20240608T074321Z-001\FREE EA\159-NeutralHedgeOverlay.ex4,basket
04,16-CCImulti,2024-06\FREE EA-20240608T074321Z-001\FREE EA\16-CCImulti.ex4,basket
04,160-Nex4tMove,2024-06\FREE EA-20240608T074321Z-001\FREE EA\160-Nex4tMove.ex4,basket
04,161-NNEATrendPredictorPro,2024-06\FREE EA-20240608T074321Z-001\FREE EA\161-NNEATrendPredictorPro.ex4,basket
04,162-NOGEIS.jrUSDJPY,2024-06\FREE EA-20240608T074321Z-001\FREE EA\162-NOGEIS.jrUSDJPY.ex4,basket
04,163-NRTRRoshveAlertmtf,2024-06\FREE EA-20240608T074321Z-001\FREE EA\163-NRTRRoshveAlertmtf.ex4,basket
04,164-PalladaBB,2024-06\FREE EA-20240608T074321Z-001\FREE EA\164-PalladaBB.ex4,basket
04,165-PalladaBBSig,2024-06\FREE EA-20240608T074321Z-001\FREE EA\165-PalladaBBSig.ex4,basket
04,166-PalladaCommentator,2024-06\FREE EA-20240608T074321Z-001\FREE EA\166-PalladaCommentator.ex4,basket
04,167-PalladaEA.DCEA,2024-06\FREE EA-20240608T074321Z-001\FREE EA\167-PalladaEA.DCEA.ex4,basket
04,168-Palladaex4itSignal,2024-06\FREE EA-20240608T074321Z-001\FREE EA\168-Palladaex4itSignal.ex4,basket
04,169-PalladaMainSignal,2024-06\FREE EA-20240608T074321Z-001\FREE EA\169-PalladaMainSignal.ex4,basket
04,17-ChannelSurfer,2024-06\FREE EA-20240608T074321Z-001\FREE EA\17-ChannelSurfer.ex4,basket
04,170-PalladaMTFCI,2024-06\FREE EA-20240608T074321Z-001\FREE EA\170-PalladaMTFCI.ex4,basket
04,171-PalladaMTFVQI,2024-06\FREE EA-20240608T074321Z-001\FREE EA\171-PalladaMTFVQI.ex4,basket
04,172-PalladaMTFWPRSTO,2024-06\FREE EA-20240608T074321Z-001\FREE EA\172-PalladaMTFWPRSTO.ex4,basket
04,173-PalladaNLMA,2024-06\FREE EA-20240608T074321Z-001\FREE EA\173-PalladaNLMA.ex4,basket
04,174-PalladaSignalBoard,2024-06\FREE EA-20240608T074321Z-001\FREE EA\174-PalladaSignalBoard.ex4,basket
04,175-PalladaTrendPower,2024-06\FREE EA-20240608T074321Z-001\FREE EA\175-PalladaTrendPower.ex4,basket
04,176-PalladaVelosity,2024-06\FREE EA-20240608T074321Z-001\FREE EA\176-PalladaVelosity.ex4,basket
05,177-PalladaVolatmeter,2024-06\FREE EA-20240608T074321Z-001\FREE EA\177-PalladaVolatmeter.ex4,basket
05,178-PalladaVQI,2024-06\FREE EA-20240608T074321Z-001\FREE EA\178-PalladaVQI.ex4,basket
05,179-PalladaVQIAllAverages,2024-06\FREE EA-20240608T074321Z-001\FREE EA\179-PalladaVQIAllAverages.ex4,basket
05,18-ChaosArrZZx,2024-06\FREE EA-20240608T074321Z-001\FREE EA\18-ChaosArrZZx.ex4,basket
05,180-pdfsnaketrend,2024-06\FREE EA-20240608T074321Z-001\FREE EA\180-pdfsnaketrend.ex4,basket
05,181-pfddot,2024-06\FREE EA-20240608T074321Z-001\FREE EA\181-pfddot.ex4,basket
05,182-pfdfiretrend,2024-06\FREE EA-20240608T074321Z-001\FREE EA\182-pfdfiretrend.ex4,basket
05,183-pfdflat,2024-06\FREE EA-20240608T074321Z-001\FREE EA\183-pfdflat.ex4,basket
05,184-pfdforcetrend,2024-06\FREE EA-20240608T074321Z-001\FREE EA\184-pfdforcetrend.ex4,basket
05,185-pfdsigkom,2024-06\FREE EA-20240608T074321Z-001\FREE EA\185-pfdsigkom.ex4,basket
05,186-pfdsnaketrend,2024-06\FREE EA-20240608T074321Z-001\FREE EA\186-pfdsnaketrend.ex4,basket
05,187-pfdturbo,2024-06\FREE EA-20240608T074321Z-001\FREE EA\187-pfdturbo.ex4,basket
05,188-pfdvol,2024-06\FREE EA-20240608T074321Z-001\FREE EA\188-pfdvol.ex4,basket
05,19-ChaosClock,2024-06\FREE EA-20240608T074321Z-001\FREE EA\19-ChaosClock.ex4,basket
05,190-pipwarecharts,2024-06\FREE EA-20240608T074321Z-001\FREE EA\190-pipwarecharts.ex4,basket
05,191-pipwarecompass,2024-06\FREE EA-20240608T074321Z-001\FREE EA\191-pipwarecompass.ex4,basket
05,193-pipwarethvtrix,2024-06\FREE EA-20240608T074321Z-001\FREE EA\193-pipwarethvtrix.ex4,basket
05,194-PivotpointvTex4T,2024-06\FREE EA-20240608T074321Z-001\FREE EA\194-PivotpointvTex4T.ex4,basket
05,195-PivotsMonthly,2024-06\FREE EA-20240608T074321Z-001\FREE EA\195-PivotsMonthly.ex4,basket
05,196-PivotsWeekly,2024-06\FREE EA-20240608T074321Z-001\FREE EA\196-PivotsWeekly.ex4,basket
05,197-PreviousHighsAndLows,2024-06\FREE EA-20240608T074321Z-001\FREE EA\197-PreviousHighsAndLows.ex4,basket
05,198-ProFx,2024-06\FREE EA-20240608T074321Z-001\FREE EA\198-ProFx.ex4,basket
05,199-QMovingAverage,2024-06\FREE EA-20240608T074321Z-001\FREE EA\199-QMovingAverage.ex4,basket
05,1ClickCloseAllv01,2024-06\FREE EA-20240608T074321Z-001\FREE EA\1ClickCloseAllv01.ex4,basket
05,1ClickCloseAllv03,2024-06\FREE EA-20240608T074321Z-001\FREE EA\1ClickCloseAllv03.ex4,basket
05,2-ADX,2024-06\FREE EA-20240608T074321Z-001\FREE EA\2-ADX.ex4,basket
05,20-ChaosEntry,2024-06\FREE EA-20240608T074321Z-001\FREE EA\20-ChaosEntry.ex4,basket
05,200-QQEAD,2024-06\FREE EA-20240608T074321Z-001\FREE EA\200-QQEAD.ex4,basket
05,201-QQEAlert,2024-06\FREE EA-20240608T074321Z-001\FREE EA\201-QQEAlert.ex4,basket
05,202-quantumfilter,2024-06\FREE EA-20240608T074321Z-001\FREE EA\202-quantumfilter.ex4,basket
05,2020 iExposure alerts,2024-06\FREE EA-20240608T074321Z-001\FREE EA\2020 iExposure alerts.ex4,basket
05,2020 ZigZag,2024-06\FREE EA-20240608T074321Z-001\FREE EA\2020 ZigZag.ex4,basket
05,2020,2024-06\FREE EA-20240608T074321Z-001\FREE EA\2020.ex4,basket
05,2020v2,2024-06\FREE EA-20240608T074321Z-001\FREE EA\2020v2.ex4,basket
05,203-quantumfilterosc,2024-06\FREE EA-20240608T074321Z-001\FREE EA\203-quantumfilterosc.ex4,basket
05,204-quantumfiltersignals,2024-06\FREE EA-20240608T074321Z-001\FREE EA\204-quantumfiltersignals.ex4,basket
05,205-RadsT,2024-06\FREE EA-20240608T074321Z-001\FREE EA\205-RadsT.ex4,basket
05,206-rdbMARibbon,2024-06\FREE EA-20240608T074321Z-001\FREE EA\206-rdbMARibbon.ex4,basket
05,207-rdbMARibbonmtf,2024-06\FREE EA-20240608T074321Z-001\FREE EA\207-rdbMARibbonmtf.ex4,basket
05,208-realMACD,2024-06\FREE EA-20240608T074321Z-001\FREE EA\208-realMACD.ex4,basket
05,209-RSIdi,2024-06\FREE EA-20240608T074321Z-001\FREE EA\209-RSIdi.ex4,basket
05,21-ChaosHeikenAshi,2024-06\FREE EA-20240608T074321Z-001\FREE EA\21-ChaosHeikenAshi.ex4,basket
05,210-RSITCNEW,2024-06\FREE EA-20240608T074321Z-001\FREE EA\210-RSITCNEW.ex4,basket
05,211-SEFC,2024-06\FREE EA-20240608T074321Z-001\FREE EA\211-SEFC.ex4,basket
05,212-SEMIS.jrAUDCAD,2024-06\FREE EA-20240608T074321Z-001\FREE EA\212-SEMIS.jrAUDCAD.ex4,basket
05,213-SEMIS.jrCHFJPY,2024-06\FREE EA-20240608T074321Z-001\FREE EA\213-SEMIS.jrCHFJPY.ex4,basket
05,214-SEMIS.jrGBPJPY,2024-06\FREE EA-20240608T074321Z-001\FREE EA\214-SEMIS.jrGBPJPY.ex4,basket
05,215-SEMIS.jrUSDJPY,2024-06\FREE EA-20240608T074321Z-001\FREE EA\215-SEMIS.jrUSDJPY.ex4,basket
05,216-SHIAlex4Tron,2024-06\FREE EA-20240608T074321Z-001\FREE EA\216-SHIAlex4Tron.ex4,basket
05,217-SHIChannelMTF,2024-06\FREE EA-20240608T074321Z-001\FREE EA\217-SHIChannelMTF.ex4,basket
06,218-SHISIGNALARROW,2024-06\FREE EA-20240608T074321Z-001\FREE EA\218-SHISIGNALARROW.ex4,basket
06,219-SHMA,2024-06\FREE EA-20240608T074321Z-001\FREE EA\219-SHMA.ex4,basket
06,22-ChaosMoneyLine,2024-06\FREE EA-20240608T074321Z-001\FREE EA\22-ChaosMoneyLine.ex4,basket
06,220-signalbarsareon,2024-06\FREE EA-20240608T074321Z-001\FREE EA\220-signalbarsareon.ex4,basket
06,221-SignalBarsD,2024-06\FREE EA-20240608T074321Z-001\FREE EA\221-SignalBarsD.ex4,basket
06,222-SlopeDirectionLineAlert,2024-06\FREE EA-20240608T074321Z-001\FREE EA\222-SlopeDirectionLineAlert.ex4,basket
06,223-smCScalperCandles,2024-06\FREE EA-20240608T074321Z-001\FREE EA\223-smCScalperCandles.ex4,basket
06,224-smEmptyWindow,2024-06\FREE EA-20240608T074321Z-001\FREE EA\224-smEmptyWindow.ex4,basket
06,225-smHullMavg,2024-06\FREE EA-20240608T074321Z-001\FREE EA\225-smHullMavg.ex4,basket
06,226-smSuperTRIXPcol,2024-06\FREE EA-20240608T074321Z-001\FREE EA\226-smSuperTRIXPcol.ex4,basket
06,227-SnakeBorders,2024-06\FREE EA-20240608T074321Z-001\FREE EA\227-SnakeBorders.ex4,basket
06,228-SpreadandRange,2024-06\FREE EA-20240608T074321Z-001\FREE EA\228-SpreadandRange.ex4,basket
06,229-sRsTrendRiderAlert,2024-06\FREE EA-20240608T074321Z-001\FREE EA\229-sRsTrendRiderAlert.ex4,basket
06,23-ChaosOscillator,2024-06\FREE EA-20240608T074321Z-001\FREE EA\23-ChaosOscillator.ex4,basket
06,231-SSC,2024-06\FREE EA-20240608T074321Z-001\FREE EA\231-SSC.ex4,basket
06,232-StatusMonitor,2024-06\FREE EA-20240608T074321Z-001\FREE EA\232-StatusMonitor.ex4,basket
06,233-StealthBUYSELL,2024-06\FREE EA-20240608T074321Z-001\FREE EA\233-StealthBUYSELL.ex4,basket
06,234-StealthEarlybird,2024-06\FREE EA-20240608T074321Z-001\FREE EA\234-StealthEarlybird.ex4,basket
06,235-StealthHybrid,2024-06\FREE EA-20240608T074321Z-001\FREE EA\235-StealthHybrid.ex4,basket
06,236-StealthLCD,2024-06\FREE EA-20240608T074321Z-001\FREE EA\236-StealthLCD.ex4,basket
06,237-Stop,2024-06\FREE EA-20240608T074321Z-001\FREE EA\237-Stop.ex4,basket
06,238-StratmanMiniChart,2024-06\FREE EA-20240608T074321Z-001\FREE EA\238-StratmanMiniChart.ex4,basket
06,239-SwissArmyMixedhisto,2024-06\FREE EA-20240608T074321Z-001\FREE EA\239-SwissArmyMixedhisto.ex4,basket
06,24-ChaosRSIOMA,2024-06\FREE EA-20240608T074321Z-001\FREE EA\24-ChaosRSIOMA.ex4,basket
06,240-SyncAdx,2024-06\FREE EA-20240608T074321Z-001\FREE EA\240-SyncAdx.ex4,basket
06,241-SyncCandles,2024-06\FREE EA-20240608T074321Z-001\FREE EA\241-SyncCandles.ex4,basket
06,242-SyncDynamicZoneFastStochastic,2024-06\FREE EA-20240608T074321Z-001\FREE EA\242-SyncDynamicZoneFastStochastic.ex4,basket
06,243-SyncDynamicZoneRSI,2024-06\FREE EA-20240608T074321Z-001\FREE EA\243-SyncDynamicZoneRSI.ex4,basket
06,244-SyncDynamicZoneSlowStochastic,2024-06\FREE EA-20240608T074321Z-001\FREE EA\244-SyncDynamicZoneSlowStochastic.ex4,basket
06,245-SyncDynamicZoneStochastic,2024-06\FREE EA-20240608T074321Z-001\FREE EA\245-SyncDynamicZoneStochastic.ex4,basket
06,246-SyncHeikenAshi,2024-06\FREE EA-20240608T074321Z-001\FREE EA\246-SyncHeikenAshi.ex4,basket
06,247-SyncMA,2024-06\FREE EA-20240608T074321Z-001\FREE EA\247-SyncMA.ex4,basket
06,248-SyncMAPredictionLong,2024-06\FREE EA-20240608T074321Z-001\FREE EA\248-SyncMAPredictionLong.ex4,basket
06,249-SyncMAPredictionShort,2024-06\FREE EA-20240608T074321Z-001\FREE EA\249-SyncMAPredictionShort.ex4,basket
06,25-ChaosSignal,2024-06\FREE EA-20240608T074321Z-001\FREE EA\25-ChaosSignal.ex4,basket
06,250-SyncMomentumAll,2024-06\FREE EA-20240608T074321Z-001\FREE EA\250-SyncMomentumAll.ex4,basket
06,251-SyncMomentumBegin,2024-06\FREE EA-20240608T074321Z-001\FREE EA\251-SyncMomentumBegin.ex4,basket
06,252-SyncMomentumIndex4,2024-06\FREE EA-20240608T074321Z-001\FREE EA\252-SyncMomentumIndex4.ex4,basket
06,253-SyncNumb,2024-06\FREE EA-20240608T074321Z-001\FREE EA\253-SyncNumb.ex4,basket
06,254-SyncOverallTrendAnalyzer,2024-06\FREE EA-20240608T074321Z-001\FREE EA\254-SyncOverallTrendAnalyzer.ex4,basket
06,256-SyncPriceChannel,2024-06\FREE EA-20240608T074321Z-001\FREE EA\256-SyncPriceChannel.ex4,basket
06,257-SyncTradingSystem,2024-06\FREE EA-20240608T074321Z-001\FREE EA\257-SyncTradingSystem.ex4,basket
06,259-SyncVolatility,2024-06\FREE EA-20240608T074321Z-001\FREE EA\259-SyncVolatility.ex4,basket
06,26-ChaosTAlpha,2024-06\FREE EA-20240608T074321Z-001\FREE EA\26-ChaosTAlpha.ex4,basket
06,260-SyncZigZag,2024-06\FREE EA-20240608T074321Z-001\FREE EA\260-SyncZigZag.ex4,basket
06,261-TabEMA,2024-06\FREE EA-20240608T074321Z-001\FREE EA\261-TabEMA.ex4,basket
06,262-TanganJiwa,2024-06\FREE EA-20240608T074321Z-001\FREE EA\262-TanganJiwa.ex4,basket
06,263-TH.Trix,2024-06\FREE EA-20240608T074321Z-001\FREE EA\263-TH.Trix.ex4,basket
06,264-THCloudMTF,2024-06\FREE EA-20240608T074321Z-001\FREE EA\264-THCloudMTF.ex4,basket
06,265-THCoralTH,2024-06\FREE EA-20240608T074321Z-001\FREE EA\265-THCoralTH.ex4,basket
07,266-TheSecretTFPSARBar,2024-06\FREE EA-20240608T074321Z-001\FREE EA\266-TheSecretTFPSARBar.ex4,basket
07,267-TheSecretTR,2024-06\FREE EA-20240608T074321Z-001\FREE EA\267-TheSecretTR.ex4,basket
07,268-THHA,2024-06\FREE EA-20240608T074321Z-001\FREE EA\268-THHA.ex4,basket
07,27-ChaosTimeFrame,2024-06\FREE EA-20240608T074321Z-001\FREE EA\27-ChaosTimeFrame.ex4,basket
07,270-THRSI,2024-06\FREE EA-20240608T074321Z-001\FREE EA\270-THRSI.ex4,basket
07,271-THTrix,2024-06\FREE EA-20240608T074321Z-001\FREE EA\271-THTrix.ex4,basket
07,272-THTrixcalled,2024-06\FREE EA-20240608T074321Z-001\FREE EA\272-THTrixcalled.ex4,basket
07,273-THTRIXMTF,2024-06\FREE EA-20240608T074321Z-001\FREE EA\273-THTRIXMTF.ex4,basket
07,274-THTzPivotsDBlack,2024-06\FREE EA-20240608T074321Z-001\FREE EA\274-THTzPivotsDBlack.ex4,basket
07,275-THTzPivotsMWBlack,2024-06\FREE EA-20240608T074321Z-001\FREE EA\275-THTzPivotsMWBlack.ex4,basket
07,276-THVATRPips,2024-06\FREE EA-20240608T074321Z-001\FREE EA\276-THVATRPips.ex4,basket
07,277-THVCandleClock,2024-06\FREE EA-20240608T074321Z-001\FREE EA\277-THVCandleClock.ex4,basket
07,278-thvchophistoBar.,2024-06\FREE EA-20240608T074321Z-001\FREE EA\278-thvchophistoBar..ex4,basket
07,279-THVCoral,2024-06\FREE EA-20240608T074321Z-001\FREE EA\279-THVCoral.ex4,basket
07,28-ChaosTrendLine,2024-06\FREE EA-20240608T074321Z-001\FREE EA\28-ChaosTrendLine.ex4,basket
07,280-THVCoralTHICK,2024-06\FREE EA-20240608T074321Z-001\FREE EA\280-THVCoralTHICK.ex4,basket
07,281-THVFFCal,2024-06\FREE EA-20240608T074321Z-001\FREE EA\281-THVFFCal.ex4,basket
07,282-THVGann,2024-06\FREE EA-20240608T074321Z-001\FREE EA\282-THVGann.ex4,basket
07,283-THVHA,2024-06\FREE EA-20240608T074321Z-001\FREE EA\283-THVHA.ex4,basket
07,284-THVMarketHours,2024-06\FREE EA-20240608T074321Z-001\FREE EA\284-THVMarketHours.ex4,basket
07,285-THVMMPrice,2024-06\FREE EA-20240608T074321Z-001\FREE EA\285-THVMMPrice.ex4,basket
07,286-THVolumesEnhanced,2024-06\FREE EA-20240608T074321Z-001\FREE EA\286-THVolumesEnhanced.ex4,basket
07,287-THVSDXTzPivots,2024-06\FREE EA-20240608T074321Z-001\FREE EA\287-THVSDXTzPivots.ex4,basket
07,289-THVtrend,2024-06\FREE EA-20240608T074321Z-001\FREE EA\289-THVtrend.ex4,basket
07,29-ChaosWave,2024-06\FREE EA-20240608T074321Z-001\FREE EA\29-ChaosWave.ex4,basket
07,290-THVTrix.Di,2024-06\FREE EA-20240608T074321Z-001\FREE EA\290-THVTrix.Di.ex4,basket
07,291-TOIS.jrEURJPYGBPCHF,2024-06\FREE EA-20240608T074321Z-001\FREE EA\291-TOIS.jrEURJPYGBPCHF.ex4,basket
07,292-TraderWawasanBands,2024-06\FREE EA-20240608T074321Z-001\FREE EA\292-TraderWawasanBands.ex4,basket
07,293-TraderWawasanBTsing,2024-06\FREE EA-20240608T074321Z-001\FREE EA\293-TraderWawasanBTsing.ex4,basket
07,294-TraderwawasanGA,2024-06\FREE EA-20240608T074321Z-001\FREE EA\294-TraderwawasanGA.ex4,basket
07,295-TraderWawasanHA,2024-06\FREE EA-20240608T074321Z-001\FREE EA\295-TraderWawasanHA.ex4,basket
07,296-TraderWawasanHADM,2024-06\FREE EA-20240608T074321Z-001\FREE EA\296-TraderWawasanHADM.ex4,basket
07,297-TraderWawasanIndiRantai,2024-06\FREE EA-20240608T074321Z-001\FREE EA\297-TraderWawasanIndiRantai.ex4,basket
07,298-TraderWawasanMACD,2024-06\FREE EA-20240608T074321Z-001\FREE EA\298-TraderWawasanMACD.ex4,basket
07,299-TraderWawasanTE,2024-06\FREE EA-20240608T074321Z-001\FREE EA\299-TraderWawasanTE.ex4,basket
07,3 M A-C R O S S - I N V E R S E . V3,2024-06\FREE EA-20240608T074321Z-001\FREE EA\3 M A-C R O S S - I N V E R S E . V3.ex4,basket
07,3-antGUBreakout.,2024-06\FREE EA-20240608T074321Z-001\FREE EA\3-antGUBreakout..ex4,basket
07,3-EMA-Cross-Inverse,2024-06\FREE EA-20240608T074321Z-001\FREE EA\3-EMA-Cross-Inverse.ex4,basket
07,3-EMA-Cross-NoClose,2024-06\FREE EA-20240608T074321Z-001\FREE EA\3-EMA-Cross-NoClose.ex4,basket
07,30 BAY,2024-06\FREE EA-20240608T074321Z-001\FREE EA\30 BAY.ex4,basket
07,30 SEEL,2024-06\FREE EA-20240608T074321Z-001\FREE EA\30 SEEL.ex4,basket
07,30-ChaosZigZag,2024-06\FREE EA-20240608T074321Z-001\FREE EA\30-ChaosZigZag.ex4,basket
07,300-TraderWawasantimehalerter,2024-06\FREE EA-20240608T074321Z-001\FREE EA\300-TraderWawasantimehalerter.ex4,basket
07,301-TrendBars,2024-06\FREE EA-20240608T074321Z-001\FREE EA\301-TrendBars.ex4,basket
07,302-TrendFollowZeron,2024-06\FREE EA-20240608T074321Z-001\FREE EA\302-TrendFollowZeron.ex4,basket
07,303-Trends,2024-06\FREE EA-20240608T074321Z-001\FREE EA\303-Trends.ex4,basket
07,304-TrendSLsl,2024-06\FREE EA-20240608T074321Z-001\FREE EA\304-TrendSLsl.ex4,basket
07,305-TurboJRSX,2024-06\FREE EA-20240608T074321Z-001\FREE EA\305-TurboJRSX.ex4,basket
07,306-ULTRATREND,2024-06\FREE EA-20240608T074321Z-001\FREE EA\306-ULTRATREND.ex4,basket
07,307-UltraWizard,2024-06\FREE EA-20240608T074321Z-001\FREE EA\307-UltraWizard.ex4,basket
08,308-varmo,2024-06\FREE EA-20240608T074321Z-001\FREE EA\308-varmo.ex4,basket
08,309-VENOMA,2024-06\FREE EA-20240608T074321Z-001\FREE EA\309-VENOMA.ex4,basket
08,31-CrownHeadandShoulders,2024-06\FREE EA-20240608T074321Z-001\FREE EA\31-CrownHeadandShoulders.ex4,basket
08,310-VENOMB,2024-06\FREE EA-20240608T074321Z-001\FREE EA\310-VENOMB.ex4,basket
08,311-Voltameter,2024-06\FREE EA-20240608T074321Z-001\FREE EA\311-Voltameter.ex4,basket
08,312-WaddahAttarex4plosion,2024-06\FREE EA-20240608T074321Z-001\FREE EA\312-WaddahAttarex4plosion.ex4,basket
08,313-WATR,2024-06\FREE EA-20240608T074321Z-001\FREE EA\313-WATR.ex4,basket
08,314-wha,2024-06\FREE EA-20240608T074321Z-001\FREE EA\314-wha.ex4,basket
08,315-whaa,2024-06\FREE EA-20240608T074321Z-001\FREE EA\315-whaa.ex4,basket
08,316-WSSA,2024-06\FREE EA-20240608T074321Z-001\FREE EA\316-WSSA.ex4,basket
08,317-WSSB,2024-06\FREE EA-20240608T074321Z-001\FREE EA\317-WSSB.ex4,basket
08,318-WSSC,2024-06\FREE EA-20240608T074321Z-001\FREE EA\318-WSSC.ex4,basket
08,319-WSSD,2024-06\FREE EA-20240608T074321Z-001\FREE EA\319-WSSD.ex4,basket
08,32-Cubex4,2024-06\FREE EA-20240608T074321Z-001\FREE EA\32-Cubex4.ex4,basket
08,320-WSSE,2024-06\FREE EA-20240608T074321Z-001\FREE EA\320-WSSE.ex4,basket
08,321-WSSF,2024-06\FREE EA-20240608T074321Z-001\FREE EA\321-WSSF.ex4,basket
08,322-WSSG,2024-06\FREE EA-20240608T074321Z-001\FREE EA\322-WSSG.ex4,basket
08,323-WSSGraphics,2024-06\FREE EA-20240608T074321Z-001\FREE EA\323-WSSGraphics.ex4,basket
08,324-WSSH,2024-06\FREE EA-20240608T074321Z-001\FREE EA\324-WSSH.ex4,basket
08,325-WSSI,2024-06\FREE EA-20240608T074321Z-001\FREE EA\325-WSSI.ex4,basket
08,326-WSSJ,2024-06\FREE EA-20240608T074321Z-001\FREE EA\326-WSSJ.ex4,basket
08,327-WSSK,2024-06\FREE EA-20240608T074321Z-001\FREE EA\327-WSSK.ex4,basket
08,328-WSSL,2024-06\FREE EA-20240608T074321Z-001\FREE EA\328-WSSL.ex4,basket
08,329-WSSM,2024-06\FREE EA-20240608T074321Z-001\FREE EA\329-WSSM.ex4,basket
08,330-wtmbar,2024-06\FREE EA-20240608T074321Z-001\FREE EA\330-wtmbar.ex4,basket
08,331-wtmbase,2024-06\FREE EA-20240608T074321Z-001\FREE EA\331-wtmbase.ex4,basket
08,332-wtmlinecomments,2024-06\FREE EA-20240608T074321Z-001\FREE EA\332-wtmlinecomments.ex4,basket
08,333-Xardwin,2024-06\FREE EA-20240608T074321Z-001\FREE EA\333-Xardwin.ex4,basket
08,334-XForecaster,2024-06\FREE EA-20240608T074321Z-001\FREE EA\334-XForecaster.ex4,basket
08,335-xMeterMTF,2024-06\FREE EA-20240608T074321Z-001\FREE EA\335-xMeterMTF.ex4,basket
08,336-XTanganJiwa,2024-06\FREE EA-20240608T074321Z-001\FREE EA\336-XTanganJiwa.ex4,basket
08,337-XTCTrend,2024-06\FREE EA-20240608T074321Z-001\FREE EA\337-XTCTrend.ex4,basket
08,338-Zeron,2024-06\FREE EA-20240608T074321Z-001\FREE EA\338-Zeron.ex4,basket
08,339-ZIGZAGFRACTALS,2024-06\FREE EA-20240608T074321Z-001\FREE EA\339-ZIGZAGFRACTALS.ex4,basket
08,34-cyberkreatifBrainTrendSingAlert,2024-06\FREE EA-20240608T074321Z-001\FREE EA\34-cyberkreatifBrainTrendSingAlert.ex4,basket
08,340-ZUP,2024-06\FREE EA-20240608T074321Z-001\FREE EA\340-ZUP.ex4,basket
08,341-zzf,2024-06\FREE EA-20240608T074321Z-001\FREE EA\341-zzf.ex4,basket
08,35-cyberkreatifBrainTrendSingAlertMultiTime,2024-06\FREE EA-20240608T074321Z-001\FREE EA\35-cyberkreatifBrainTrendSingAlertMultiTime.ex4,basket
08,36-D.T.FIS.jrEURUSD,2024-06\FREE EA-20240608T074321Z-001\FREE EA\36-D.T.FIS.jrEURUSD.ex4,basket
08,37-DailyData,2024-06\FREE EA-20240608T074321Z-001\FREE EA\37-DailyData.ex4,basket
08,38-Dailyrange,2024-06\FREE EA-20240608T074321Z-001\FREE EA\38-Dailyrange.ex4,basket
08,39-DiDiIndex4,2024-06\FREE EA-20240608T074321Z-001\FREE EA\39-DiDiIndex4.ex4,basket
08,3agleEA,2024-06\FREE EA-20240608T074321Z-001\FREE EA\3agleEA.ex4,basket
08,3MA-CROSSv01,2024-06\FREE EA-20240608T074321Z-001\FREE EA\3MA-CROSSv01.ex4,basket
08,4-antiflet,2024-06\FREE EA-20240608T074321Z-001\FREE EA\4-antiflet.ex4,basket
08,40-Dinfibohigh,2024-06\FREE EA-20240608T074321Z-001\FREE EA\40-Dinfibohigh.ex4,basket
08,41-DollyGraphicsvGMTShift,2024-06\FREE EA-20240608T074321Z-001\FREE EA\41-DollyGraphicsvGMTShift.ex4,basket
08,42-Dollyvultimaforex4,2024-06\FREE EA-20240608T074321Z-001\FREE EA\42-Dollyvultimaforex4.ex4,basket
08,43-DonchianChannel,2024-06\FREE EA-20240608T074321Z-001\FREE EA\43-DonchianChannel.ex4,basket
08,44-DoubleMACD,2024-06\FREE EA-20240608T074321Z-001\FREE EA\44-DoubleMACD.ex4,basket
09,45-dpt,2024-06\FREE EA-20240608T074321Z-001\FREE EA\45-dpt.ex4,basket
09,47-DXTradeInfo,2024-06\FREE EA-20240608T074321Z-001\FREE EA\47-DXTradeInfo.ex4,basket
09,48-EMACrossover,2024-06\FREE EA-20240608T074321Z-001\FREE EA\48-EMACrossover.ex4,basket
09,49-Engine,2024-06\FREE EA-20240608T074321Z-001\FREE EA\49-Engine.ex4,basket
09,4PMA.Psars.Rgrssn.STD.V2,2024-06\FREE EA-20240608T074321Z-001\FREE EA\4PMA.Psars.Rgrssn.STD.V2.ex4,basket
09,5-Arrows,2024-06\FREE EA-20240608T074321Z-001\FREE EA\5-Arrows.ex4,basket
09,50-EngiWSSbreakoutfull,2024-06\FREE EA-20240608T074321Z-001\FREE EA\50-EngiWSSbreakoutfull.ex4,basket
09,51-Entryex4it,2024-06\FREE EA-20240608T074321Z-001\FREE EA\51-Entryex4it.ex4,basket
09,52-Entryex4itTrend,2024-06\FREE EA-20240608T074321Z-001\FREE EA\52-Entryex4itTrend.ex4,basket
09,53-eSmartTralling,2024-06\FREE EA-20240608T074321Z-001\FREE EA\53-eSmartTralling.ex4,basket
09,54-EVAXIS.jrPAIR,2024-06\FREE EA-20240608T074321Z-001\FREE EA\54-EVAXIS.jrPAIR.ex4,basket
09,55-ex4caliburFilters,2024-06\FREE EA-20240608T074321Z-001\FREE EA\55-ex4caliburFilters.ex4,basket
09,56-FBSBreakout,2024-06\FREE EA-20240608T074321Z-001\FREE EA\56-FBSBreakout.ex4,basket
09,57-FBSBreakoutPivots,2024-06\FREE EA-20240608T074321Z-001\FREE EA\57-FBSBreakoutPivots.ex4,basket
09,58-FBSCandleStickPatterns,2024-06\FREE EA-20240608T074321Z-001\FREE EA\58-FBSCandleStickPatterns.ex4,basket
09,59-FBSFisher,2024-06\FREE EA-20240608T074321Z-001\FREE EA\59-FBSFisher.ex4,basket
09,5m_scalp_fix(mod_v1),2024-06\FREE EA-20240608T074321Z-001\FREE EA\5m_scalp_fix(mod_v1).ex4,basket
09,6-ArtemisFastTrend,2024-06\FREE EA-20240608T074321Z-001\FREE EA\6-ArtemisFastTrend.ex4,basket
09,60-FBSPivots,2024-06\FREE EA-20240608T074321Z-001\FREE EA\60-FBSPivots.ex4,basket
09,61-FerruFxMultiinfolightchart,2024-06\FREE EA-20240608T074321Z-001\FREE EA\61-FerruFxMultiinfolightchart.ex4,basket
09,62-FiboMA,2024-06\FREE EA-20240608T074321Z-001\FREE EA\62-FiboMA.ex4,basket
09,63-FLATTRANDwMACDmtf,2024-06\FREE EA-20240608T074321Z-001\FREE EA\63-FLATTRANDwMACDmtf.ex4,basket
09,64-FMSSIGNALS,2024-06\FREE EA-20240608T074321Z-001\FREE EA\64-FMSSIGNALS.ex4,basket
09,67-Forex4Glaz,2024-06\FREE EA-20240608T074321Z-001\FREE EA\67-Forex4Glaz.ex4,basket
09,68-Forex4ImpulsEURUSD,2024-06\FREE EA-20240608T074321Z-001\FREE EA\68-Forex4ImpulsEURUSD.ex4,basket
09,69-Forex4SabotageMarketInsight,2024-06\FREE EA-20240608T074321Z-001\FREE EA\69-Forex4SabotageMarketInsight.ex4,basket
09,7-ArtemisMainTrend,2024-06\FREE EA-20240608T074321Z-001\FREE EA\7-ArtemisMainTrend.ex4,basket
09,70-Forex4SabotageMomentumEURUSD,2024-06\FREE EA-20240608T074321Z-001\FREE EA\70-Forex4SabotageMomentumEURUSD.ex4,basket
09,71-Forex4SabotageMomentumGBPUSD,2024-06\FREE EA-20240608T074321Z-001\FREE EA\71-Forex4SabotageMomentumGBPUSD.ex4,basket
09,72-Forex4SabotageMomentumUSDCHF,2024-06\FREE EA-20240608T074321Z-001\FREE EA\72-Forex4SabotageMomentumUSDCHF.ex4,basket
09,73-Forex4SabotageSignal,2024-06\FREE EA-20240608T074321Z-001\FREE EA\73-Forex4SabotageSignal.ex4,basket
09,74-Forex4SabotageUSDJPY,2024-06\FREE EA-20240608T074321Z-001\FREE EA\74-Forex4SabotageUSDJPY.ex4,basket
09,75-Forex4Trend,2024-06\FREE EA-20240608T074321Z-001\FREE EA\75-Forex4Trend.ex4,basket
09,76-FTITopBottom,2024-06\FREE EA-20240608T074321Z-001\FREE EA\76-FTITopBottom.ex4,basket
09,78-FXProfitLauncher,2024-06\FREE EA-20240608T074321Z-001\FREE EA\78-FXProfitLauncher.ex4,basket
09,79-FXProfitLauncherTargets,2024-06\FREE EA-20240608T074321Z-001\FREE EA\79-FXProfitLauncherTargets.ex4,basket
09,8-ASCTrendsigtimes,2024-06\FREE EA-20240608T074321Z-001\FREE EA\8-ASCTrendsigtimes.ex4,basket
09,80-FXSniper_sLSMA,2024-06\FREE EA-20240608T074321Z-001\FREE EA\80-FXSniper_sLSMA.ex4,basket
09,81-FxSoniEntry.a,2024-06\FREE EA-20240608T074321Z-001\FREE EA\81-FxSoniEntry.a.ex4,basket
09,82-FxSoniEntry.b,2024-06\FREE EA-20240608T074321Z-001\FREE EA\82-FxSoniEntry.b.ex4,basket
09,83-FxSoniTrend,2024-06\FREE EA-20240608T074321Z-001\FREE EA\83-FxSoniTrend.ex4,basket
09,84-FXSONITRENDANALIZERva,2024-06\FREE EA-20240608T074321Z-001\FREE EA\84-FXSONITRENDANALIZERva.ex4,basket
09,85-FxSoniTrendva,2024-06\FREE EA-20240608T074321Z-001\FREE EA\85-FxSoniTrendva.ex4,basket
09,87-garistrigger,2024-06\FREE EA-20240608T074321Z-001\FREE EA\87-garistrigger.ex4,basket
09,88-GMACDSignals,2024-06\FREE EA-20240608T074321Z-001\FREE EA\88-GMACDSignals.ex4,basket
09,89-GMMASlow,2024-06\FREE EA-20240608T074321Z-001\FREE EA\89-GMMASlow.ex4,basket
09,9-ATRonChart,2024-06\FREE EA-20240608T074321Z-001\FREE EA\9-ATRonChart.ex4,basket
09,90-GoldenMA,2024-06\FREE EA-20240608T074321Z-001\FREE EA\90-GoldenMA.ex4,XAUUSD
09,91-GoldenMACD,2024-06\FREE EA-20240608T074321Z-001\FREE EA\91-GoldenMACD.ex4,XAUUSD
09,92-GoldenSuperk,2024-06\FREE EA-20240608T074321Z-001\FREE EA\92-GoldenSuperk.ex4,XAUUSD
10,93-GoldenTendencyString,2024-06\FREE EA-20240608T074321Z-001\FREE EA\93-GoldenTendencyString.ex4,XAUUSD
10,94-GoldenVaritey,2024-06\FREE EA-20240608T074321Z-001\FREE EA\94-GoldenVaritey.ex4,XAUUSD
10,95-GPClock,2024-06\FREE EA-20240608T074321Z-001\FREE EA\95-GPClock.ex4,basket
10,96-GPDAY,2024-06\FREE EA-20240608T074321Z-001\FREE EA\96-GPDAY.ex4,basket
10,97-GPMACDinColor,2024-06\FREE EA-20240608T074321Z-001\FREE EA\97-GPMACDinColor.ex4,basket
10,98-GPStochasticMTF,2024-06\FREE EA-20240608T074321Z-001\FREE EA\98-GPStochasticMTF.ex4,basket
10,99-GPTrend,2024-06\FREE EA-20240608T074321Z-001\FREE EA\99-GPTrend.ex4,basket
10,_23Macd,2024-06\FREE EA-20240608T074321Z-001\FREE EA\_23Macd.ex4,basket
10,AbuHamzah Auto Modify,2024-06\FREE EA-20240608T074321Z-001\FREE EA\AbuHamzah Auto Modify.ex4,basket
10,Abyss EA,2024-06\FREE EA-20240608T074321Z-001\FREE EA\Abyss EA.ex4,basket
10,Accelerator,2024-06\FREE EA-20240608T074321Z-001\FREE EA\Accelerator.ex4,basket
10,Accelerator_Oscillator_w_MA,2024-06\FREE EA-20240608T074321Z-001\FREE EA\Accelerator_Oscillator_w_MA.ex4,basket
10,account_info_horizontal_new(1),2024-06\FREE EA-20240608T074321Z-001\FREE EA\account_info_horizontal_new(1).ex4,basket
10,Accumulation,2024-06\FREE EA-20240608T074321Z-001\FREE EA\Accumulation.ex4,basket
10,ADX CrossingAlertEmail,2024-06\FREE EA-20240608T074321Z-001\FREE EA\ADX CrossingAlertEmail.ex4,basket
10,AF-Global Expert Unlimited,2024-06\FREE EA-20240608T074321Z-001\FREE EA\AF-Global Expert Unlimited.ex4,basket
10,AladdinFX,2024-06\FREE EA-20240608T074321Z-001\FREE EA\AladdinFX.ex4,basket
10,Algo_TDEA V4.1 FF,2024-06\FREE EA-20240608T074321Z-001\FREE EA\Algo_TDEA V4.1 FF.ex4,basket
10,AlgoTec v1,2024-06\FREE EA-20240608T074321Z-001\FREE EA\AlgoTec v1.ex4,basket
10,AlgoTradeScalper,2024-06\FREE EA-20240608T074321Z-001\FREE EA\AlgoTradeScalper.ex4,basket
10,Alligator,2024-06\FREE EA-20240608T074321Z-001\FREE EA\Alligator.ex4,basket
10,AlligatorFX,2024-06\FREE EA-20240608T074321Z-001\FREE EA\AlligatorFX.ex4,basket
10,AltrTrend,2024-06\FREE EA-20240608T074321Z-001\FREE EA\AltrTrend.ex4,basket
10,AProxAlert,2024-06\FREE EA-20240608T074321Z-001\FREE EA\AProxAlert.ex4,basket
10,Arbitrage Dynamic,2024-06\FREE EA-20240608T074321Z-001\FREE EA\Arbitrage Dynamic.ex4,basket
10,Arrow_Alert,2024-06\FREE EA-20240608T074321Z-001\FREE EA\Arrow_Alert.ex4,basket
10,ASC_SellBuy Sound,2024-06\FREE EA-20240608T074321Z-001\FREE EA\ASC_SellBuy Sound.ex4,basket
10,at all about the timing,2024-06\FREE EA-20240608T074321Z-001\FREE EA\at all about the timing.ex4,basket
10,ATM Machine Modified,2024-06\FREE EA-20240608T074321Z-001\FREE EA\ATM Machine Modified.ex4,basket
10,ATR,2024-06\FREE EA-20240608T074321Z-001\FREE EA\ATR.ex4,basket
10,ATRTrailStop_v3,2024-06\FREE EA-20240608T074321Z-001\FREE EA\ATRTrailStop_v3.ex4,basket
10,Auto SL and TS,2024-06\FREE EA-20240608T074321Z-001\FREE EA\Auto SL and TS.ex4,basket
10,Auto SL-TS-TP,2024-06\FREE EA-20240608T074321Z-001\FREE EA\Auto SL-TS-TP.ex4,basket
10,Auto-stop-Take-profit,2024-06\FREE EA-20240608T074321Z-001\FREE EA\Auto-stop-Take-profit.ex4,basket
10,Auto_converter,2024-06\FREE EA-20240608T074321Z-001\FREE EA\Auto_converter.ex4,basket
10,Auto_Sessions_v_1.8,2024-06\FREE EA-20240608T074321Z-001\FREE EA\Auto_Sessions_v_1.8.ex4,basket
10,AutoCashGeneratorUltimate,2024-06\FREE EA-20240608T074321Z-001\FREE EA\AutoCashGeneratorUltimate.ex4,basket
10,Automated Forex Grail,2024-06\FREE EA-20240608T074321Z-001\FREE EA\Automated Forex Grail.ex4,basket
10,Automatic Stop Loss and Take Profit,2024-06\FREE EA-20240608T074321Z-001\FREE EA\Automatic Stop Loss and Take Profit.ex4,basket
10,AutoScaler.v2.0,2024-06\FREE EA-20240608T074321Z-001\FREE EA\AutoScaler.v2.0.ex4,basket
10,AutoT EA,2024-06\FREE EA-20240608T074321Z-001\FREE EA\AutoT EA.ex4,basket
10,AveragePosition,2024-06\FREE EA-20240608T074321Z-001\FREE EA\AveragePosition.ex4,basket
10,averages - mtf - alerts 8.8(1),2024-06\FREE EA-20240608T074321Z-001\FREE EA\averages - mtf - alerts 8.8(1).ex4,basket
10,averages - mtf - alerts 8.8(2),2024-06\FREE EA-20240608T074321Z-001\FREE EA\averages - mtf - alerts 8.8(2).ex4,basket
10,AweScalperEA,2024-06\FREE EA-20240608T074321Z-001\FREE EA\AweScalperEA.ex4,basket
10,Awesome,2024-06\FREE EA-20240608T074321Z-001\FREE EA\Awesome.ex4,basket
10,Bands,2024-06\FREE EA-20240608T074321Z-001\FREE EA\Bands.ex4,basket
10,basket_profit,2024-06\FREE EA-20240608T074321Z-001\FREE EA\basket_profit.ex4,basket
10,BB SWING,2024-06\FREE EA-20240608T074321Z-001\FREE EA\BB SWING.ex4,basket
10,Bears,2024-06\FREE EA-20240608T074321Z-001\FREE EA\Bears.ex4,basket
11,BlackDiamon,2024-06\FREE EA-20240608T074321Z-001\FREE EA\BlackDiamon.ex4,basket
11,BlackDiamondEA V5.5_fix,2024-06\FREE EA-20240608T074321Z-001\FREE EA\BlackDiamondEA V5.5_fix.ex4,basket
11,Blessing 3 v3.9.6.09,2024-06\FREE EA-20240608T074321Z-001\FREE EA\Blessing 3 v3.9.6.09.ex4,basket
11,BlessingLite_3_v3.9.6.25_beta,2024-06\FREE EA-20240608T074321Z-001\FREE EA\BlessingLite_3_v3.9.6.25_beta.ex4,basket
11,BlessingLite_3_v3.9.6.34_gamma,2024-06\FREE EA-20240608T074321Z-001\FREE EA\BlessingLite_3_v3.9.6.34_gamma.ex4,basket
11,Blizard - ZZ,2024-06\FREE EA-20240608T074321Z-001\FREE EA\Blizard - ZZ.ex4,basket
11,BOBasedPOEA_V5,2024-06\FREE EA-20240608T074321Z-001\FREE EA\BOBasedPOEA_V5.ex4,basket
11,Bogie-NN-IND-v8,2024-06\FREE EA-20240608T074321Z-001\FREE EA\Bogie-NN-IND-v8.ex4,basket
11,Bogie-NN-v8-lib,2024-06\FREE EA-20240608T074321Z-001\FREE EA\Bogie-NN-v8-lib.ex4,basket
11,BogieNNb,2024-06\FREE EA-20240608T074321Z-001\FREE EA\BogieNNb.ex4,basket
11,Bollinger Bands,2024-06\FREE EA-20240608T074321Z-001\FREE EA\Bollinger Bands.ex4,basket
11,Breakout EURUSD,2024-06\FREE EA-20240608T074321Z-001\FREE EA\Breakout EURUSD.ex4,basket
11,Breakout signal,2024-06\FREE EA-20240608T074321Z-001\FREE EA\Breakout signal.ex4,basket
11,Bulls,2024-06\FREE EA-20240608T074321Z-001\FREE EA\Bulls.ex4,basket
11,Candles pattern,2024-06\FREE EA-20240608T074321Z-001\FREE EA\Candles pattern.ex4,basket
11,CandlestickPatternsRecognition,2024-06\FREE EA-20240608T074321Z-001\FREE EA\CandlestickPatternsRecognition.ex4,basket
11,Cash Hammer v2.0,2024-06\FREE EA-20240608T074321Z-001\FREE EA\Cash Hammer v2.0.ex4,basket
11,CCFp.leveldiffMTF,2024-06\FREE EA-20240608T074321Z-001\FREE EA\CCFp.leveldiffMTF.ex4,basket
11,CCI EA Original,2024-06\FREE EA-20240608T074321Z-001\FREE EA\CCI EA Original.ex4,basket
11,cci ma ea,2024-06\FREE EA-20240608T074321Z-001\FREE EA\cci ma ea.ex4,basket
11,CCI,2024-06\FREE EA-20240608T074321Z-001\FREE EA\CCI.ex4,basket
11,Channel trade,2024-06\FREE EA-20240608T074321Z-001\FREE EA\Channel trade.ex4,basket
11,Chin Breakout Alert V[1].1.2s(m MTF),2024-06\FREE EA-20240608T074321Z-001\FREE EA\Chin Breakout Alert V[1].1.2s(m MTF).ex4,basket
11,Close All OPEN Orders,2024-06\FREE EA-20240608T074321Z-001\FREE EA\Close All OPEN Orders.ex4,basket
11,Close All Settime,2024-06\FREE EA-20240608T074321Z-001\FREE EA\Close All Settime.ex4,basket
11,Close and Reverse,2024-06\FREE EA-20240608T074321Z-001\FREE EA\Close and Reverse.ex4,basket
11,close-all-orders,2024-06\FREE EA-20240608T074321Z-001\FREE EA\close-all-orders.ex4,basket
11,CloseAllofChartSymbol,2024-06\FREE EA-20240608T074321Z-001\FREE EA\CloseAllofChartSymbol.ex4,basket
11,CloseAtProfit,2024-06\FREE EA-20240608T074321Z-001\FREE EA\CloseAtProfit.ex4,basket
11,cm manual grid V_2,2024-06\FREE EA-20240608T074321Z-001\FREE EA\cm manual grid V_2.ex4,basket
11,CodEx 4,2024-06\FREE EA-20240608T074321Z-001\FREE EA\CodEx 4.ex4,basket
11,Communicator,2024-06\FREE EA-20240608T074321Z-001\FREE EA\Communicator.ex4,basket
11,Correlates EA Free,2024-06\FREE EA-20240608T074321Z-001\FREE EA\Correlates EA Free.ex4,basket
11,CrossMA With SLTP,2024-06\FREE EA-20240608T074321Z-001\FREE EA\CrossMA With SLTP.ex4,basket
11,CryptoTraderAdvisor,2024-06\FREE EA-20240608T074321Z-001\FREE EA\CryptoTraderAdvisor.ex4,basket
11,CS-IDX,2024-06\FREE EA-20240608T074321Z-001\FREE EA\CS-IDX.ex4,basket
11,Currency-Strength-Meter-V.1.1,2024-06\FREE EA-20240608T074321Z-001\FREE EA\Currency-Strength-Meter-V.1.1.ex4,basket
11,CurrencySlopeStrength,2024-06\FREE EA-20240608T074321Z-001\FREE EA\CurrencySlopeStrength.ex4,basket
11,Custom Moving Averages,2024-06\FREE EA-20240608T074321Z-001\FREE EA\Custom Moving Averages.ex4,basket
11,customcandlesmtf,2024-06\FREE EA-20240608T074321Z-001\FREE EA\customcandlesmtf.ex4,basket
11,CustomRectangle,2024-06\FREE EA-20240608T074321Z-001\FREE EA\CustomRectangle.ex4,basket
11,D T2 POR DEE V4 Trial 16 Aug 2020 ,2024-06\FREE EA-20240608T074321Z-001\FREE EA\D T2 POR DEE V4 Trial 16 Aug 2020 .ex4,basket
11,D8D3_1,2024-06\FREE EA-20240608T074321Z-001\FREE EA\D8D3_1.ex4,basket
11,D8D3_4,2024-06\FREE EA-20240608T074321Z-001\FREE EA\D8D3_4.ex4,basket
11,Daily Average Fibo Historical v1.1_,2024-06\FREE EA-20240608T074321Z-001\FREE EA\Daily Average Fibo Historical v1.1_.ex4,basket
11,Daily breakout16,2024-06\FREE EA-20240608T074321Z-001\FREE EA\Daily breakout16.ex4,basket
11,DailyBoxes,2024-06\FREE EA-20240608T074321Z-001\FREE EA\DailyBoxes.ex4,basket
11,DailyTrader TEST,2024-06\FREE EA-20240608T074321Z-001\FREE EA\DailyTrader TEST.ex4,basket
11,DayImpulse2DD,2024-06\FREE EA-20240608T074321Z-001\FREE EA\DayImpulse2DD.ex4,basket
11,DayImpulseOverlay,2024-06\FREE EA-20240608T074321Z-001\FREE EA\DayImpulseOverlay.ex4,basket
12,DayTrading,2024-06\FREE EA-20240608T074321Z-001\FREE EA\DayTrading.ex4,basket
12,DI Assistant Lite,2024-06\FREE EA-20240608T074321Z-001\FREE EA\DI Assistant Lite.ex4,basket
12,Ding Dong Fibo HM,2024-06\FREE EA-20240608T074321Z-001\FREE EA\Ding Dong Fibo HM.ex4,basket
12,DLLSampleTester,2024-06\FREE EA-20240608T074321Z-001\FREE EA\DLLSampleTester.ex4,basket
12,DTOSC,2024-06\FREE EA-20240608T074321Z-001\FREE EA\DTOSC.ex4,basket
12,E-news-luckyw,2024-06\FREE EA-20240608T074321Z-001\FREE EA\E-news-luckyw.ex4,basket
12,EA - Budak Ubat v1.51,2024-06\FREE EA-20240608T074321Z-001\FREE EA\EA - Budak Ubat v1.51.ex4,basket
12,Ea 11100,2024-06\FREE EA-20240608T074321Z-001\FREE EA\Ea 11100.ex4,basket
12,EA Beta Test v5.4,2024-06\FREE EA-20240608T074321Z-001\FREE EA\EA Beta Test v5.4.ex4,basket
12,EA BOSS,2024-06\FREE EA-20240608T074321Z-001\FREE EA\EA BOSS.ex4,basket
12,EA Fishing,2024-06\FREE EA-20240608T074321Z-001\FREE EA\EA Fishing.ex4,basket
12,Ea jaring2,2024-06\FREE EA-20240608T074321Z-001\FREE EA\Ea jaring2.ex4,basket
12,EA MACD MahaMongKhol,2024-06\FREE EA-20240608T074321Z-001\FREE EA\EA MACD MahaMongKhol.ex4,basket
12,EA mahamongkol,2024-06\FREE EA-20240608T074321Z-001\FREE EA\EA mahamongkol.ex4,basket
12,EA Profit V10 no-expired no-productkey,2024-06\FREE EA-20240608T074321Z-001\FREE EA\EA Profit V10 no-expired no-productkey.ex4,basket
12,EA Profit V10 Trader ( THAILAND )2016,2024-06\FREE EA-20240608T074321Z-001\FREE EA\EA Profit V10 Trader ( THAILAND )2016.ex4,basket
12,EA Profit V10 Trader ( THAILAND )2019,2024-06\FREE EA-20240608T074321Z-001\FREE EA\EA Profit V10 Trader ( THAILAND )2019.ex4,basket
12,EA Profit V12 (Protrader)2016,2024-06\FREE EA-20240608T074321Z-001\FREE EA\EA Profit V12 (Protrader)2016.ex4,basket
12,EA Profit V12 ,2024-06\FREE EA-20240608T074321Z-001\FREE EA\EA Profit V12 .ex4,basket
12,EA Profit V12 no-expired no-productkey,2024-06\FREE EA-20240608T074321Z-001\FREE EA\EA Profit V12 no-expired no-productkey.ex4,basket
12,EA SCALP RENKO v2.3,2024-06\FREE EA-20240608T074321Z-001\FREE EA\EA SCALP RENKO v2.3.ex4,basket
12,EA SUPA {unlimited},2024-06\FREE EA-20240608T074321Z-001\FREE EA\EA SUPA {unlimited}.ex4,basket
12,EA-Martin,2024-06\FREE EA-20240608T074321Z-001\FREE EA\EA-Martin.ex4,basket
12,EA10,2024-06\FREE EA-20240608T074321Z-001\FREE EA\EA10.ex4,basket
12,EA_Easy2Gain_Gemini_3ex,2024-06\FREE EA-20240608T074321Z-001\FREE EA\EA_Easy2Gain_Gemini_3ex.ex4,basket
12,EA_FastProfit,2024-06\FREE EA-20240608T074321Z-001\FREE EA\EA_FastProfit.ex4,basket
12,EA_MoneyMakerMe,2024-06\FREE EA-20240608T074321Z-001\FREE EA\EA_MoneyMakerMe.ex4,basket
12,EA_Pending_Order,2024-06\FREE EA-20240608T074321Z-001\FREE EA\EA_Pending_Order.ex4,basket
12,EAForexTH_AutoTrendLine_1.0,2024-06\FREE EA-20240608T074321Z-001\FREE EA\EAForexTH_AutoTrendLine_1.0.ex4,basket
12,EAForexTH_CrawlingGrid_2.2,2024-06\FREE EA-20240608T074321Z-001\FREE EA\EAForexTH_CrawlingGrid_2.2.ex4,basket
12,EAForexTH_Fibo v1.0_EU_M1,2024-06\FREE EA-20240608T074321Z-001\FREE EA\EAForexTH_Fibo v1.0_EU_M1.ex4,basket
12,EAForexTH_MultiHedge_1.0,2024-06\FREE EA-20240608T074321Z-001\FREE EA\EAForexTH_MultiHedge_1.0.ex4,basket
12,EAForexTH_Scalper_S3_1.0,2024-06\FREE EA-20240608T074321Z-001\FREE EA\EAForexTH_Scalper_S3_1.0.ex4,basket
12,EASHARKULTIMATE,2024-06\FREE EA-20240608T074321Z-001\FREE EA\EASHARKULTIMATE.ex4,basket
12,EchoFx_v3.0,2024-06\FREE EA-20240608T074321Z-001\FREE EA\EchoFx_v3.0.ex4,basket
12,EliteFX Multi Pairs EA,2024-06\FREE EA-20240608T074321Z-001\FREE EA\EliteFX Multi Pairs EA.ex4,basket
12,EMA Close,2024-06\FREE EA-20240608T074321Z-001\FREE EA\EMA Close.ex4,basket
12,EMA-Crossover,2024-06\FREE EA-20240608T074321Z-001\FREE EA\EMA-Crossover.ex4,basket
12,ema-rsi_r2_ea_opt,2024-06\FREE EA-20240608T074321Z-001\FREE EA\ema-rsi_r2_ea_opt.ex4,basket
12,EMA_Cross,2024-06\FREE EA-20240608T074321Z-001\FREE EA\EMA_Cross.ex4,basket
12,EMA_CROSS_v2,2024-06\FREE EA-20240608T074321Z-001\FREE EA\EMA_CROSS_v2.ex4,basket
12,ema_crossmod,2024-06\FREE EA-20240608T074321Z-001\FREE EA\ema_crossmod.ex4,basket
12,EmaCross,2024-06\FREE EA-20240608T074321Z-001\FREE EA\EmaCross.ex4,basket
12,Engulfing_Candle_backwards_forwards,2024-06\FREE EA-20240608T074321Z-001\FREE EA\Engulfing_Candle_backwards_forwards.ex4,basket
12,Envelope 2,2024-06\FREE EA-20240608T074321Z-001\FREE EA\Envelope 2.ex4,basket
12,escape,2024-06\FREE EA-20240608T074321Z-001\FREE EA\escape.ex4,basket
12,eSOAbridge,2024-06\FREE EA-20240608T074321Z-001\FREE EA\eSOAbridge.ex4,basket
12,Expert Scalper,2024-06\FREE EA-20240608T074321Z-001\FREE EA\Expert Scalper.ex4,basket
12,Expert+10_eng,2024-06\FREE EA-20240608T074321Z-001\FREE EA\Expert+10_eng.ex4,basket
12,Expert,2024-06\FREE EA-20240608T074321Z-001\FREE EA\Expert.ex4,basket
13,FAPTS,2024-06\FREE EA-20240608T074321Z-001\FREE EA\FAPTS.ex4,basket
13,FapTurbo23,2024-06\FREE EA-20240608T074321Z-001\FREE EA\FapTurbo23.ex4,basket
13,FFCEA,2024-06\FREE EA-20240608T074321Z-001\FREE EA\FFCEA.ex4,basket
13,fibonacci_pivot_lines,2024-06\FREE EA-20240608T074321Z-001\FREE EA\fibonacci_pivot_lines.ex4,basket
13,firebird v63f,2024-06\FREE EA-20240608T074321Z-001\FREE EA\firebird v63f.ex4,basket
13,Fisher_Yur4ik,2024-06\FREE EA-20240608T074321Z-001\FREE EA\Fisher_Yur4ik.ex4,basket
13,FlatTrend V2,2024-06\FREE EA-20240608T074321Z-001\FREE EA\FlatTrend V2.ex4,basket
13,FLEXY GRID_1.9,2024-06\FREE EA-20240608T074321Z-001\FREE EA\FLEXY GRID_1.9.ex4,basket
13,FLEXY GRID_1.957_BETA,2024-06\FREE EA-20240608T074321Z-001\FREE EA\FLEXY GRID_1.957_BETA.ex4,basket
13,FoldXEA,2024-06\FREE EA-20240608T074321Z-001\FREE EA\FoldXEA.ex4,basket
13,Follow The Candles EA,2024-06\FREE EA-20240608T074321Z-001\FREE EA\Follow The Candles EA.ex4,basket
13,FollowLine_v1.5,2024-06\FREE EA-20240608T074321Z-001\FREE EA\FollowLine_v1.5.ex4,basket
13,Forex Auto Millions Pro EURUSD,2024-06\FREE EA-20240608T074321Z-001\FREE EA\Forex Auto Millions Pro EURUSD.ex4,basket
13,Forex Fireball by Forex Robot Nation,2024-06\FREE EA-20240608T074321Z-001\FREE EA\Forex Fireball by Forex Robot Nation.ex4,basket
13,Forex Fix,2024-06\FREE EA-20240608T074321Z-001\FREE EA\Forex Fix.ex4,basket
13,Forex PiP Killer.._fix,2024-06\FREE EA-20240608T074321Z-001\FREE EA\Forex PiP Killer.._fix.ex4,basket
13,Forex Robotron v27,2024-06\FREE EA-20240608T074321Z-001\FREE EA\Forex Robotron v27.ex4,basket
13,ForexAI,2024-06\FREE EA-20240608T074321Z-001\FREE EA\ForexAI.ex4,basket
13,ForexAIEURUSD.,2024-06\FREE EA-20240608T074321Z-001\FREE EA\ForexAIEURUSD..ex4,basket
13,forexanni,2024-06\FREE EA-20240608T074321Z-001\FREE EA\forexanni.ex4,basket
13,ForexExpert,2024-06\FREE EA-20240608T074321Z-001\FREE EA\ForexExpert.ex4,basket
13,forexmaven,2024-06\FREE EA-20240608T074321Z-001\FREE EA\forexmaven.ex4,basket
13,ForexProfitSupreme-Meter,2024-06\FREE EA-20240608T074321Z-001\FREE EA\ForexProfitSupreme-Meter.ex4,basket
13,ForexScalpingStrateries01,2024-06\FREE EA-20240608T074321Z-001\FREE EA\ForexScalpingStrateries01.ex4,basket
13,Four MA Trade,2024-06\FREE EA-20240608T074321Z-001\FREE EA\Four MA Trade.ex4,basket
13,FractalsValuer,2024-06\FREE EA-20240608T074321Z-001\FREE EA\FractalsValuer.ex4,basket
13,FSB-MT4 Bridge,2024-06\FREE EA-20240608T074321Z-001\FREE EA\FSB-MT4 Bridge.ex4,basket
13,FTT ichimoku V1,2024-06\FREE EA-20240608T074321Z-001\FREE EA\FTT ichimoku V1.ex4,basket
13,FTT-Advanced Hedged Grid 1.2 OL,2024-06\FREE EA-20240608T074321Z-001\FREE EA\FTT-Advanced Hedged Grid 1.2 OL.ex4,basket
13,FTT-Advanced Hedged Grid 1.3 OL,2024-06\FREE EA-20240608T074321Z-001\FREE EA\FTT-Advanced Hedged Grid 1.3 OL.ex4,basket
13,FTT-M4A1.Carbine V1.2 FREE,2024-06\FREE EA-20240608T074321Z-001\FREE EA\FTT-M4A1.Carbine V1.2 FREE.ex4,basket
13,funtik,2024-06\FREE EA-20240608T074321Z-001\FREE EA\funtik.ex4,basket
13,FUZZYLOGIC,2024-06\FREE EA-20240608T074321Z-001\FREE EA\FUZZYLOGIC.ex4,basket
13,Fx Setka Trader v2,2024-06\FREE EA-20240608T074321Z-001\FREE EA\Fx Setka Trader v2.ex4,basket
13,FX5 Divergence v3,2024-06\FREE EA-20240608T074321Z-001\FREE EA\FX5 Divergence v3.ex4,basket
13,FX_EA2,2024-06\FREE EA-20240608T074321Z-001\FREE EA\FX_EA2.ex4,basket
13,FX_EAdemo,2024-06\FREE EA-20240608T074321Z-001\FREE EA\FX_EAdemo.ex4,basket
13,FXI Pivots,2024-06\FREE EA-20240608T074321Z-001\FREE EA\FXI Pivots.ex4,basket
13,fxnolosssmallarrow,2024-06\FREE EA-20240608T074321Z-001\FREE EA\fxnolosssmallarrow.ex4,basket
13,FXPT_HiLoAlert,2024-06\FREE EA-20240608T074321Z-001\FREE EA\FXPT_HiLoAlert.ex4,basket
13,Fxs,2024-06\FREE EA-20240608T074321Z-001\FREE EA\Fxs.ex4,basket
13,FxSlinger_ManagingOrderLine_Ver.01,2024-06\FREE EA-20240608T074321Z-001\FREE EA\FxSlinger_ManagingOrderLine_Ver.01.ex4,basket
13,FZ2,2024-06\FREE EA-20240608T074321Z-001\FREE EA\FZ2.ex4,basket
13,FZ3 CCI,2024-06\FREE EA-20240608T074321Z-001\FREE EA\FZ3 CCI.ex4,basket
13,FZ4,2024-06\FREE EA-20240608T074321Z-001\FREE EA\FZ4.ex4,basket
13,GBPJPY1H90PCWR,2024-06\FREE EA-20240608T074321Z-001\FREE EA\GBPJPY1H90PCWR.ex4,basket
13,Get_Profit,2024-06\FREE EA-20240608T074321Z-001\FREE EA\Get_Profit.ex4,basket
13,gods gift ea v 4c,2024-06\FREE EA-20240608T074321Z-001\FREE EA\gods gift ea v 4c.ex4,basket
13,GOLD MINING 7 b,2024-06\FREE EA-20240608T074321Z-001\FREE EA\GOLD MINING 7 b.ex4,XAUUSD
13,GOLD999A,2024-06\FREE EA-20240608T074321Z-001\FREE EA\GOLD999A.ex4,XAUUSD
14,GOLD999B,2024-06\FREE EA-20240608T074321Z-001\FREE EA\GOLD999B.ex4,XAUUSD
14,GOLD999C,2024-06\FREE EA-20240608T074321Z-001\FREE EA\GOLD999C.ex4,XAUUSD
14,GOLD999D,2024-06\FREE EA-20240608T074321Z-001\FREE EA\GOLD999D.ex4,XAUUSD
14,GOLD999D1,2024-06\FREE EA-20240608T074321Z-001\FREE EA\GOLD999D1.ex4,XAUUSD
14,GOLD999E,2024-06\FREE EA-20240608T074321Z-001\FREE EA\GOLD999E.ex4,XAUUSD
14,GOLD999F,2024-06\FREE EA-20240608T074321Z-001\FREE EA\GOLD999F.ex4,XAUUSD
14,GOLD999G,2024-06\FREE EA-20240608T074321Z-001\FREE EA\GOLD999G.ex4,XAUUSD
14,GOLD999H,2024-06\FREE EA-20240608T074321Z-001\FREE EA\GOLD999H.ex4,XAUUSD
14,GOLD999I,2024-06\FREE EA-20240608T074321Z-001\FREE EA\GOLD999I.ex4,XAUUSD
14,GOLD999J,2024-06\FREE EA-20240608T074321Z-001\FREE EA\GOLD999J.ex4,XAUUSD
14,GOLD999L,2024-06\FREE EA-20240608T074321Z-001\FREE EA\GOLD999L.ex4,XAUUSD
14,GoldenProfit_AUTO,2024-06\FREE EA-20240608T074321Z-001\FREE EA\GoldenProfit_AUTO.ex4,XAUUSD
14,gomega,2024-06\FREE EA-20240608T074321Z-001\FREE EA\gomega.ex4,basket
14,GoWithFlow,2024-06\FREE EA-20240608T074321Z-001\FREE EA\GoWithFlow.ex4,basket
14,GPSForexRobotEURGBP,2024-06\FREE EA-20240608T074321Z-001\FREE EA\GPSForexRobotEURGBP.ex4,basket
14,GPSForexRobotEURGBP_edu,2024-06\FREE EA-20240608T074321Z-001\FREE EA\GPSForexRobotEURGBP_edu.ex4,basket
14,GPSForexRobotEURGBPv3,2024-06\FREE EA-20240608T074321Z-001\FREE EA\GPSForexRobotEURGBPv3.ex4,basket
14,GPSForexRobotEURUSD,2024-06\FREE EA-20240608T074321Z-001\FREE EA\GPSForexRobotEURUSD.ex4,basket
14,GPSForexRobotEURUSD_edu,2024-06\FREE EA-20240608T074321Z-001\FREE EA\GPSForexRobotEURUSD_edu.ex4,basket
14,GPSForexRobotEURUSDv3,2024-06\FREE EA-20240608T074321Z-001\FREE EA\GPSForexRobotEURUSDv3.ex4,basket
14,GPSForexRobotGBPUSDv3,2024-06\FREE EA-20240608T074321Z-001\FREE EA\GPSForexRobotGBPUSDv3.ex4,basket
14,GPSForexRobotUSDCHF,2024-06\FREE EA-20240608T074321Z-001\FREE EA\GPSForexRobotUSDCHF.ex4,basket
14,GPSForexRobotUSDCHF_edu,2024-06\FREE EA-20240608T074321Z-001\FREE EA\GPSForexRobotUSDCHF_edu.ex4,basket
14,GPSForexRobotUSDCHFv3,2024-06\FREE EA-20240608T074321Z-001\FREE EA\GPSForexRobotUSDCHFv3.ex4,basket
14,graal,2024-06\FREE EA-20240608T074321Z-001\FREE EA\graal.ex4,basket
14,GRAALUn,2024-06\FREE EA-20240608T074321Z-001\FREE EA\GRAALUn.ex4,basket
14,GRAIL,2024-06\FREE EA-20240608T074321Z-001\FREE EA\GRAIL.ex4,basket
14,Grid Bollinger,2024-06\FREE EA-20240608T074321Z-001\FREE EA\Grid Bollinger.ex4,basket
14,GRID EA Manager- Full and Semi Auto,2024-06\FREE EA-20240608T074321Z-001\FREE EA\GRID EA Manager- Full and Semi Auto.ex4,basket
14,Grid eaa,2024-06\FREE EA-20240608T074321Z-001\FREE EA\Grid eaa.ex4,basket
14,GridMACDMEURUSD,2024-06\FREE EA-20240608T074321Z-001\FREE EA\GridMACDMEURUSD.ex4,basket
14,GridMaster_fixed,2024-06\FREE EA-20240608T074321Z-001\FREE EA\GridMaster_fixed.ex4,basket
14,GridX,2024-06\FREE EA-20240608T074321Z-001\FREE EA\GridX.ex4,basket
14,gStdPivots,2024-06\FREE EA-20240608T074321Z-001\FREE EA\gStdPivots.ex4,basket
14,GUUFUJT EA,2024-06\FREE EA-20240608T074321Z-001\FREE EA\GUUFUJT EA.ex4,basket
14,HackBackTestEa(1),2024-06\FREE EA-20240608T074321Z-001\FREE EA\HackBackTestEa(1).ex4,basket
14,HalfTrend-1.02_1461306941,2024-06\FREE EA-20240608T074321Z-001\FREE EA\HalfTrend-1.02_1461306941.ex4,basket
14,Hannibal,2024-06\FREE EA-20240608T074321Z-001\FREE EA\Hannibal.ex4,basket
14,HedgeMadnessSELL,2024-06\FREE EA-20240608T074321Z-001\FREE EA\HedgeMadnessSELL.ex4,basket
14,Hedging eaa,2024-06\FREE EA-20240608T074321Z-001\FREE EA\Hedging eaa.ex4,basket
14,Hedging_Forex_EA1_fix,2024-06\FREE EA-20240608T074321Z-001\FREE EA\Hedging_Forex_EA1_fix.ex4,basket
14,Heiken Ashi,2024-06\FREE EA-20240608T074321Z-001\FREE EA\Heiken Ashi.ex4,basket
14,Heiken_Ashi_Smoothed,2024-06\FREE EA-20240608T074321Z-001\FREE EA\Heiken_Ashi_Smoothed.ex4,basket
14,Hendra Robot,2024-06\FREE EA-20240608T074321Z-001\FREE EA\Hendra Robot.ex4,basket
14,HFT_Strategy_ForexBatch.com_,2024-06\FREE EA-20240608T074321Z-001\FREE EA\HFT_Strategy_ForexBatch.com_.ex4,basket
14,High risk High profits EA,2024-06\FREE EA-20240608T074321Z-001\FREE EA\High risk High profits EA.ex4,basket
14,HighwayEA.v3.4.4,2024-06\FREE EA-20240608T074321Z-001\FREE EA\HighwayEA.v3.4.4.ex4,basket
14,Hist_StepMA_Stoch_KV1_Ex_03,2024-06\FREE EA-20240608T074321Z-001\FREE EA\Hist_StepMA_Stoch_KV1_Ex_03.ex4,basket
14,HMA_v4_email_alert,2024-06\FREE EA-20240608T074321Z-001\FREE EA\HMA_v4_email_alert.ex4,basket
14,HPFZ,2024-06\FREE EA-20240608T074321Z-001\FREE EA\HPFZ.ex4,basket
15,HS-H4-EURGBP,2024-06\FREE EA-20240608T074321Z-001\FREE EA\HS-H4-EURGBP.ex4,basket
15,HS-H4-GBPUSD,2024-06\FREE EA-20240608T074321Z-001\FREE EA\HS-H4-GBPUSD.ex4,basket
15,HS-M5-EURGBP,2024-06\FREE EA-20240608T074321Z-001\FREE EA\HS-M5-EURGBP.ex4,basket
15,HS-M5-GBPUSD,2024-06\FREE EA-20240608T074321Z-001\FREE EA\HS-M5-GBPUSD.ex4,basket
15,hull - moving average bands (mtf + alerts + arrows),2024-06\FREE EA-20240608T074321Z-001\FREE EA\hull - moving average bands (mtf + alerts + arrows).ex4,basket
15,hybrid_Scalper,2024-06\FREE EA-20240608T074321Z-001\FREE EA\hybrid_Scalper.ex4,basket
15,i-IntradayFibonacci,2024-06\FREE EA-20240608T074321Z-001\FREE EA\i-IntradayFibonacci.ex4,basket
15,iB_nn,2024-06\FREE EA-20240608T074321Z-001\FREE EA\iB_nn.ex4,basket
15,Ichimoku,2024-06\FREE EA-20240608T074321Z-001\FREE EA\Ichimoku.ex4,basket
15,iExposure,2024-06\FREE EA-20240608T074321Z-001\FREE EA\iExposure.ex4,basket
15,Ilan__Z-Mod,2024-06\FREE EA-20240608T074321Z-001\FREE EA\Ilan__Z-Mod.ex4,basket
15,Ilan_test,2024-06\FREE EA-20240608T074321Z-001\FREE EA\Ilan_test.ex4,basket
15,Infoboard,2024-06\FREE EA-20240608T074321Z-001\FREE EA\Infoboard.ex4,basket
15,Inside bars EA,2024-06\FREE EA-20240608T074321Z-001\FREE EA\Inside bars EA.ex4,basket
15,Insider Trading Demo,2024-06\FREE EA-20240608T074321Z-001\FREE EA\Insider Trading Demo.ex4,basket
15,Instant Trendline Filter,2024-06\FREE EA-20240608T074321Z-001\FREE EA\Instant Trendline Filter.ex4,basket
15,Investo MT4 Free,2024-06\FREE EA-20240608T074321Z-001\FREE EA\Investo MT4 Free.ex4,basket
15,InwTrendLine2017V2.63(1),2024-06\FREE EA-20240608T074321Z-001\FREE EA\InwTrendLine2017V2.63(1).ex4,basket
15,IRRON2_EA - Trial,2024-06\FREE EA-20240608T074321Z-001\FREE EA\IRRON2_EA - Trial.ex4,basket
15,ISATM_v1.5,2024-06\FREE EA-20240608T074321Z-001\FREE EA\ISATM_v1.5.ex4,basket
15,JHK Irobot,2024-06\FREE EA-20240608T074321Z-001\FREE EA\JHK Irobot.ex4,basket
15,JOIA-FX TURBO 3,2024-06\FREE EA-20240608T074321Z-001\FREE EA\JOIA-FX TURBO 3.ex4,basket
15,JOIA-SCALPER TURBO2,2024-06\FREE EA-20240608T074321Z-001\FREE EA\JOIA-SCALPER TURBO2.ex4,basket
15,Kaufman - with filter (mtf + alerts + arrows),2024-06\FREE EA-20240608T074321Z-001\FREE EA\Kaufman - with filter (mtf + alerts + arrows).ex4,basket
15,Kijun-sen+,2024-06\FREE EA-20240608T074321Z-001\FREE EA\Kijun-sen+.ex4,basket
15,killer_sell,2024-06\FREE EA-20240608T074321Z-001\FREE EA\killer_sell.ex4,basket
15,laguerre,2024-06\FREE EA-20240608T074321Z-001\FREE EA\laguerre.ex4,basket
15,LaguerreFilter,2024-06\FREE EA-20240608T074321Z-001\FREE EA\LaguerreFilter.ex4,basket
15,LastNHourTrend,2024-06\FREE EA-20240608T074321Z-001\FREE EA\LastNHourTrend.ex4,basket
15,Lenhune Forward For free V2,2024-06\FREE EA-20240608T074321Z-001\FREE EA\Lenhune Forward For free V2.ex4,basket
15,Leverage,2024-06\FREE EA-20240608T074321Z-001\FREE EA\Leverage.ex4,basket
15,limits_martin2_1,2024-06\FREE EA-20240608T074321Z-001\FREE EA\limits_martin2_1.ex4,basket
15,LionForce EA,2024-06\FREE EA-20240608T074321Z-001\FREE EA\LionForce EA.ex4,basket
15,LocalTime,2024-06\FREE EA-20240608T074321Z-001\FREE EA\LocalTime.ex4,basket
15,Logical FreeEAForex,2024-06\FREE EA-20240608T074321Z-001\FREE EA\Logical FreeEAForex.ex4,basket
15,Look trend,2024-06\FREE EA-20240608T074321Z-001\FREE EA\Look trend.ex4,basket
15,Lucky.,2024-06\FREE EA-20240608T074321Z-001\FREE EA\Lucky..ex4,basket
15,MA Channel EA,2024-06\FREE EA-20240608T074321Z-001\FREE EA\MA Channel EA.ex4,basket
15,MA rsi,2024-06\FREE EA-20240608T074321Z-001\FREE EA\MA rsi.ex4,basket
15,ma2cci,2024-06\FREE EA-20240608T074321Z-001\FREE EA\ma2cci.ex4,basket
15,MA_Candles,2024-06\FREE EA-20240608T074321Z-001\FREE EA\MA_Candles.ex4,basket
15,MA_Crossover_Labels,2024-06\FREE EA-20240608T074321Z-001\FREE EA\MA_Crossover_Labels.ex4,basket
15,MA_Crossover_Signal,2024-06\FREE EA-20240608T074321Z-001\FREE EA\MA_Crossover_Signal.ex4,basket
15,MA_Crossover_Styles_v1.3,2024-06\FREE EA-20240608T074321Z-001\FREE EA\MA_Crossover_Styles_v1.3.ex4,basket
15,MA_in_ColorSNK,2024-06\FREE EA-20240608T074321Z-001\FREE EA\MA_in_ColorSNK.ex4,basket
15,MA_MA_2-35_EA,2024-06\FREE EA-20240608T074321Z-001\FREE EA\MA_MA_2-35_EA.ex4,basket
15,MA_Reverse,2024-06\FREE EA-20240608T074321Z-001\FREE EA\MA_Reverse.ex4,basket
15,MAB_TD_Sequential,2024-06\FREE EA-20240608T074321Z-001\FREE EA\MAB_TD_Sequential.ex4,basket
15,macd candles v3,2024-06\FREE EA-20240608T074321Z-001\FREE EA\macd candles v3.ex4,basket
15,MACD Cross Martingale EA Ver 4,2024-06\FREE EA-20240608T074321Z-001\FREE EA\MACD Cross Martingale EA Ver 4.ex4,basket
16,MACD Crossover Alert,2024-06\FREE EA-20240608T074321Z-001\FREE EA\MACD Crossover Alert.ex4,basket
16,MACD Sample,2024-06\FREE EA-20240608T074321Z-001\FREE EA\MACD Sample.ex4,basket
16,MACD,2024-06\FREE EA-20240608T074321Z-001\FREE EA\MACD.ex4,basket
16,MACD_Colored_v103,2024-06\FREE EA-20240608T074321Z-001\FREE EA\MACD_Colored_v103.ex4,basket
16,MACD_Histogram,2024-06\FREE EA-20240608T074321Z-001\FREE EA\MACD_Histogram.ex4,basket
16,MACrossoverMaster,2024-06\FREE EA-20240608T074321Z-001\FREE EA\MACrossoverMaster.ex4,basket
16,Magic Machine Advance,2024-06\FREE EA-20240608T074321Z-001\FREE EA\Magic Machine Advance.ex4,basket
16,Magnified Market Price,2024-06\FREE EA-20240608T074321Z-001\FREE EA\Magnified Market Price.ex4,basket
16,Majorkiller peak,2024-06\FREE EA-20240608T074321Z-001\FREE EA\Majorkiller peak.ex4,basket
16,ManualBacktest_v2,2024-06\FREE EA-20240608T074321Z-001\FREE EA\ManualBacktest_v2.ex4,basket
16,ManualBacktest_v4_beta5,2024-06\FREE EA-20240608T074321Z-001\FREE EA\ManualBacktest_v4_beta5.ex4,basket
16,ManualBacktest_v4_beta7,2024-06\FREE EA-20240608T074321Z-001\FREE EA\ManualBacktest_v4_beta7.ex4,basket
16,ManualBacktest_v4_small,2024-06\FREE EA-20240608T074321Z-001\FREE EA\ManualBacktest_v4_small.ex4,basket
16,Martingale BB SMA free,2024-06\FREE EA-20240608T074321Z-001\FREE EA\Martingale BB SMA free.ex4,basket
16,Martingale EnvBBrsi,2024-06\FREE EA-20240608T074321Z-001\FREE EA\Martingale EnvBBrsi.ex4,basket
16,MARTINGALE VI HYBRID1,2024-06\FREE EA-20240608T074321Z-001\FREE EA\MARTINGALE VI HYBRID1.ex4,basket
16,MaSaS V1.1,2024-06\FREE EA-20240608T074321Z-001\FREE EA\MaSaS V1.1.ex4,basket
16,Master,2024-06\FREE EA-20240608T074321Z-001\FREE EA\Master.ex4,basket
16,Matrix VCS,2024-06\FREE EA-20240608T074321Z-001\FREE EA\Matrix VCS.ex4,basket
16,me_Close_All v1.1,2024-06\FREE EA-20240608T074321Z-001\FREE EA\me_Close_All v1.1.ex4,basket
16,me_Close_All v1,2024-06\FREE EA-20240608T074321Z-001\FREE EA\me_Close_All v1.ex4,basket
16,MegaDroid,2024-06\FREE EA-20240608T074321Z-001\FREE EA\MegaDroid.ex4,basket
16,Mercury X Pro Trial 31 May,2024-06\FREE EA-20240608T074321Z-001\FREE EA\Mercury X Pro Trial 31 May.ex4,basket
16,metabot~,2024-06\FREE EA-20240608T074321Z-001\FREE EA\metabot~.ex4,basket
16,metabot~~,2024-06\FREE EA-20240608T074321Z-001\FREE EA\metabot~~.ex4,basket
16,MetaNeural_EA_v218-rev2,2024-06\FREE EA-20240608T074321Z-001\FREE EA\MetaNeural_EA_v218-rev2.ex4,basket
16,mGRID EA,2024-06\FREE EA-20240608T074321Z-001\FREE EA\mGRID EA.ex4,basket
16,Michael_S_Jenkins_-_Secret_Angle_Method_v1.21,2024-06\FREE EA-20240608T074321Z-001\FREE EA\Michael_S_Jenkins_-_Secret_Angle_Method_v1.21.ex4,basket
16,milestone with dateExpire,2024-06\FREE EA-20240608T074321Z-001\FREE EA\milestone with dateExpire.ex4,basket
16,milestone-20.5,2024-06\FREE EA-20240608T074321Z-001\FREE EA\milestone-20.5.ex4,basket
16,milestone,2024-06\FREE EA-20240608T074321Z-001\FREE EA\milestone.ex4,basket
16,milestone205,2024-06\FREE EA-20240608T074321Z-001\FREE EA\milestone205.ex4,basket
16,MILKY EA (Demo) by [Mr.KENG],2024-06\FREE EA-20240608T074321Z-001\FREE EA\MILKY EA (Demo) by [Mr.KENG].ex4,basket
16,mindhero_alert(1),2024-06\FREE EA-20240608T074321Z-001\FREE EA\mindhero_alert(1).ex4,basket
16,Mister Hide,2024-06\FREE EA-20240608T074321Z-001\FREE EA\Mister Hide.ex4,basket
16,Mm2019,2024-06\FREE EA-20240608T074321Z-001\FREE EA\Mm2019.ex4,basket
16,Mm20200220,2024-06\FREE EA-20240608T074321Z-001\FREE EA\Mm20200220.ex4,basket
16,MM_contrary2020,2024-06\FREE EA-20240608T074321Z-001\FREE EA\MM_contrary2020.ex4,basket
16,Mm_GOLDm1,2024-06\FREE EA-20240608T074321Z-001\FREE EA\Mm_GOLDm1.ex4,XAUUSD
16,Momentum,2024-06\FREE EA-20240608T074321Z-001\FREE EA\Momentum.ex4,basket
16,Monaco,2024-06\FREE EA-20240608T074321Z-001\FREE EA\Monaco.ex4,basket
16,MoneyMining-1.0,2024-06\FREE EA-20240608T074321Z-001\FREE EA\MoneyMining-1.0.ex4,basket
16,MoneyMining-1.0A,2024-06\FREE EA-20240608T074321Z-001\FREE EA\MoneyMining-1.0A.ex4,basket
16,MoneyMining2020,2024-06\FREE EA-20240608T074321Z-001\FREE EA\MoneyMining2020.ex4,basket
16,MoneyMining2020_2,2024-06\FREE EA-20240608T074321Z-001\FREE EA\MoneyMining2020_2.ex4,basket
16,MoneyMiningV0,2024-06\FREE EA-20240608T074321Z-001\FREE EA\MoneyMiningV0.ex4,basket
16,MoTuBo_EA 1.07,2024-06\FREE EA-20240608T074321Z-001\FREE EA\MoTuBo_EA 1.07.ex4,basket
16,Moving Average,2024-06\FREE EA-20240608T074321Z-001\FREE EA\Moving Average.ex4,basket
16,Moving_Averages 2020,2024-06\FREE EA-20240608T074321Z-001\FREE EA\Moving_Averages 2020.ex4,basket
16,MQL Random EA,2024-06\FREE EA-20240608T074321Z-001\FREE EA\MQL Random EA.ex4,basket
17,MT4 Trading Simulator Pro,2024-06\FREE EA-20240608T074321Z-001\FREE EA\MT4 Trading Simulator Pro.ex4,basket
17,MT4 Trend Trading Systemv.2,2024-06\FREE EA-20240608T074321Z-001\FREE EA\MT4 Trend Trading Systemv.2.ex4,basket
17,MtApi,2024-06\FREE EA-20240608T074321Z-001\FREE EA\MtApi.ex4,basket
17,MTF Bollinger,2024-06\FREE EA-20240608T074321Z-001\FREE EA\MTF Bollinger.ex4,basket
17,MTF_MACD_inColor,2024-06\FREE EA-20240608T074321Z-001\FREE EA\MTF_MACD_inColor.ex4,basket
17,Murrey Math,2024-06\FREE EA-20240608T074321Z-001\FREE EA\Murrey Math.ex4,basket
17,My MA100 BB10 Fractals PSAR MACD RSI Thai EA,2024-06\FREE EA-20240608T074321Z-001\FREE EA\My MA100 BB10 Fractals PSAR MACD RSI Thai EA.ex4,basket
17,neoultimaforexbreakout-signal,2024-06\FREE EA-20240608T074321Z-001\FREE EA\neoultimaforexbreakout-signal.ex4,basket
17,neoultimaforexbreakout-target,2024-06\FREE EA-20240608T074321Z-001\FREE EA\neoultimaforexbreakout-target.ex4,basket
17,newlow,2024-06\FREE EA-20240608T074321Z-001\FREE EA\newlow.ex4,basket
17,NewYorkBox,2024-06\FREE EA-20240608T074321Z-001\FREE EA\NewYorkBox.ex4,basket
17,Nkpoette_s ATM Machine Modified,2024-06\FREE EA-20240608T074321Z-001\FREE EA\Nkpoette_s ATM Machine Modified.ex4,basket
17,No Sleep EA-v3.2,2024-06\FREE EA-20240608T074321Z-001\FREE EA\No Sleep EA-v3.2.ex4,basket
17,No Sleep EA,2024-06\FREE EA-20240608T074321Z-001\FREE EA\No Sleep EA.ex4,basket
17,NumberMedology_KDLine_2.0,2024-06\FREE EA-20240608T074321Z-001\FREE EA\NumberMedology_KDLine_2.0.ex4,basket
17,Oracle EA,2024-06\FREE EA-20240608T074321Z-001\FREE EA\Oracle EA.ex4,basket
17,Order Alert_V1,2024-06\FREE EA-20240608T074321Z-001\FREE EA\Order Alert_V1.ex4,basket
17,Order Alert_V2,2024-06\FREE EA-20240608T074321Z-001\FREE EA\Order Alert_V2.ex4,basket
17,OrderModifyStepper_V2,2024-06\FREE EA-20240608T074321Z-001\FREE EA\OrderModifyStepper_V2.ex4,basket
17,OsMA,2024-06\FREE EA-20240608T074321Z-001\FREE EA\OsMA.ex4,basket
17,PA_Multi_IND_TF_EA V1.1(2),2024-06\FREE EA-20240608T074321Z-001\FREE EA\PA_Multi_IND_TF_EA V1.1(2).ex4,basket
17,Parabolic,2024-06\FREE EA-20240608T074321Z-001\FREE EA\Parabolic.ex4,basket
17,Pattern_Alert,2024-06\FREE EA-20240608T074321Z-001\FREE EA\Pattern_Alert.ex4,basket
17,pattern_recognition,2024-06\FREE EA-20240608T074321Z-001\FREE EA\pattern_recognition.ex4,basket
17,PercentageChange,2024-06\FREE EA-20240608T074321Z-001\FREE EA\PercentageChange.ex4,basket
17,PeriodConverter,2024-06\FREE EA-20240608T074321Z-001\FREE EA\PeriodConverter.ex4,basket
17,pfdbezub,2024-06\FREE EA-20240608T074321Z-001\FREE EA\pfdbezub.ex4,basket
17,pfdtral,2024-06\FREE EA-20240608T074321Z-001\FREE EA\pfdtral.ex4,basket
17,PHGRID200AB_Beta1,2024-06\FREE EA-20240608T074321Z-001\FREE EA\PHGRID200AB_Beta1.ex4,basket
17,PHGRID201_Demo,2024-06\FREE EA-20240608T074321Z-001\FREE EA\PHGRID201_Demo.ex4,basket
17,Phoenix_EA_v5_6_03,2024-06\FREE EA-20240608T074321Z-001\FREE EA\Phoenix_EA_v5_6_03.ex4,basket
17,PinbarDetector,2024-06\FREE EA-20240608T074321Z-001\FREE EA\PinbarDetector.ex4,basket
17,PipeClient,2024-06\FREE EA-20240608T074321Z-001\FREE EA\PipeClient.ex4,basket
17,PipeClientPure,2024-06\FREE EA-20240608T074321Z-001\FREE EA\PipeClientPure.ex4,basket
17,pipsometer_5_decimal,2024-06\FREE EA-20240608T074321Z-001\FREE EA\pipsometer_5_decimal.ex4,basket
17,PipStepHedger EA,2024-06\FREE EA-20240608T074321Z-001\FREE EA\PipStepHedger EA.ex4,basket
17,Pivot Points - Daily (Shifted),2024-06\FREE EA-20240608T074321Z-001\FREE EA\Pivot Points - Daily (Shifted).ex4,basket
17,poisonIVY-vs-fishbonecortez84-T-z_3Ro-tweak_inc,2024-06\FREE EA-20240608T074321Z-001\FREE EA\poisonIVY-vs-fishbonecortez84-T-z_3Ro-tweak_inc.ex4,basket
17,Predictive_Price_FPI,2024-06\FREE EA-20240608T074321Z-001\FREE EA\Predictive_Price_FPI.ex4,basket
17,PriceAction,2024-06\FREE EA-20240608T074321Z-001\FREE EA\PriceAction.ex4,basket
17,PricerEA_v1.0,2024-06\FREE EA-20240608T074321Z-001\FREE EA\PricerEA_v1.0.ex4,basket
17,ProbMeter v1.1,2024-06\FREE EA-20240608T074321Z-001\FREE EA\ProbMeter v1.1.ex4,basket
17,profitday pro,2024-06\FREE EA-20240608T074321Z-001\FREE EA\profitday pro.ex4,basket
17,ProfitHunter,2024-06\FREE EA-20240608T074321Z-001\FREE EA\ProfitHunter.ex4,basket
17,PTPRO_LicenseX,2024-06\FREE EA-20240608T074321Z-001\FREE EA\PTPRO_LicenseX.ex4,basket
17,Pump and Dump,2024-06\FREE EA-20240608T074321Z-001\FREE EA\Pump and Dump.ex4,basket
17,PZ ADX Trader EA,2024-06\FREE EA-20240608T074321Z-001\FREE EA\PZ ADX Trader EA.ex4,basket
17,PZ Parabolic SAR EA,2024-06\FREE EA-20240608T074321Z-001\FREE EA\PZ Parabolic SAR EA.ex4,basket
17,PZ_DayTrading,2024-06\FREE EA-20240608T074321Z-001\FREE EA\PZ_DayTrading.ex4,basket
17,PZ_ReversalTrendFollowingEA,2024-06\FREE EA-20240608T074321Z-001\FREE EA\PZ_ReversalTrendFollowingEA.ex4,basket
18,Ranger FF,2024-06\FREE EA-20240608T074321Z-001\FREE EA\Ranger FF.ex4,basket
18,RANGER M5,2024-06\FREE EA-20240608T074321Z-001\FREE EA\RANGER M5.ex4,basket
18,Ranger(7),2024-06\FREE EA-20240608T074321Z-001\FREE EA\Ranger(7).ex4,basket
18,RAVI FX Fisher(1),2024-06\FREE EA-20240608T074321Z-001\FREE EA\RAVI FX Fisher(1).ex4,basket
18,rbt,2024-06\FREE EA-20240608T074321Z-001\FREE EA\rbt.ex4,basket
18,Rebate Maker EA,2024-06\FREE EA-20240608T074321Z-001\FREE EA\Rebate Maker EA.ex4,basket
18,ReCharged_SMG EA(1),2024-06\FREE EA-20240608T074321Z-001\FREE EA\ReCharged_SMG EA(1).ex4,basket
18,Recovery Hedging All Symbol,2024-06\FREE EA-20240608T074321Z-001\FREE EA\Recovery Hedging All Symbol.ex4,basket
18,Refresh_on_New_Bar_or_Minute,2024-06\FREE EA-20240608T074321Z-001\FREE EA\Refresh_on_New_Bar_or_Minute.ex4,basket
18,Regularized ema + alerts 1.2,2024-06\FREE EA-20240608T074321Z-001\FREE EA\Regularized ema + alerts 1.2.ex4,basket
18,Relax Time,2024-06\FREE EA-20240608T074321Z-001\FREE EA\Relax Time.ex4,basket
18,Renko_Bull_Bear_Speed_Meter,2024-06\FREE EA-20240608T074321Z-001\FREE EA\Renko_Bull_Bear_Speed_Meter.ex4,basket
18,Renko_Chart,2024-06\FREE EA-20240608T074321Z-001\FREE EA\Renko_Chart.ex4,basket
18,RenkoBar,2024-06\FREE EA-20240608T074321Z-001\FREE EA\RenkoBar.ex4,basket
18,RenkoLiveChart_v3.0 (indi)[perso],2024-06\FREE EA-20240608T074321Z-001\FREE EA\RenkoLiveChart_v3.0 (indi)[perso].ex4,basket
18,RenkoLiveChart_v3.2,2024-06\FREE EA-20240608T074321Z-001\FREE EA\RenkoLiveChart_v3.2.ex4,basket
18,RenkoScalp_MSAlert_,2024-06\FREE EA-20240608T074321Z-001\FREE EA\RenkoScalp_MSAlert_.ex4,basket
18,reversalgrail,2024-06\FREE EA-20240608T074321Z-001\FREE EA\reversalgrail.ex4,basket
18,RFX,2024-06\FREE EA-20240608T074321Z-001\FREE EA\RFX.ex4,basket
18,RICHES__TRAILNGSTOP,2024-06\FREE EA-20240608T074321Z-001\FREE EA\RICHES__TRAILNGSTOP.ex4,basket
18,Rider Grid v1,2024-06\FREE EA-20240608T074321Z-001\FREE EA\Rider Grid v1.ex4,basket
18,Robot,2024-06\FREE EA-20240608T074321Z-001\FREE EA\Robot.ex4,basket
18,RoNz Auto SL-TS-TP,2024-06\FREE EA-20240608T074321Z-001\FREE EA\RoNz Auto SL-TS-TP.ex4,basket
18,ronz_auto_sl_n_tp,2024-06\FREE EA-20240608T074321Z-001\FREE EA\ronz_auto_sl_n_tp.ex4,basket
18,Rounding Levels Trade,2024-06\FREE EA-20240608T074321Z-001\FREE EA\Rounding Levels Trade.ex4,basket
18,RSI,2024-06\FREE EA-20240608T074321Z-001\FREE EA\RSI.ex4,basket
18,RSI_Divergence_12,2024-06\FREE EA-20240608T074321Z-001\FREE EA\RSI_Divergence_12.ex4,basket
18,Rubber Multipair EA V1.2 (SL Added),2024-06\FREE EA-20240608T074321Z-001\FREE EA\Rubber Multipair EA V1.2 (SL Added).ex4,basket
18,s-Constant-Range-Bars,2024-06\FREE EA-20240608T074321Z-001\FREE EA\s-Constant-Range-Bars.ex4,basket
18,SakhamGRID301,2024-06\FREE EA-20240608T074321Z-001\FREE EA\SakhamGRID301.ex4,basket
18,Sample_MA_Trader,2024-06\FREE EA-20240608T074321Z-001\FREE EA\Sample_MA_Trader.ex4,basket
18,SCALP RR,2024-06\FREE EA-20240608T074321Z-001\FREE EA\SCALP RR.ex4,basket
18,ScalperEA,2024-06\FREE EA-20240608T074321Z-001\FREE EA\ScalperEA.ex4,basket
18,Scalping Strategy System V2.0,2024-06\FREE EA-20240608T074321Z-001\FREE EA\Scalping Strategy System V2.0.ex4,basket
18,SendOrderAdvanced,2024-06\FREE EA-20240608T074321Z-001\FREE EA\SendOrderAdvanced.ex4,basket
18,Session_Boxes_High_Low_Mid(1),2024-06\FREE EA-20240608T074321Z-001\FREE EA\Session_Boxes_High_Low_Mid(1).ex4,basket
18,SHMA,2024-06\FREE EA-20240608T074321Z-001\FREE EA\SHMA.ex4,basket
18,show_your_local_time,2024-06\FREE EA-20240608T074321Z-001\FREE EA\show_your_local_time.ex4,basket
18,sidus v.2,2024-06\FREE EA-20240608T074321Z-001\FREE EA\sidus v.2.ex4,basket
18,Simple ZigZag EA+martingale,2024-06\FREE EA-20240608T074321Z-001\FREE EA\Simple ZigZag EA+martingale.ex4,basket
18,Simple2020,2024-06\FREE EA-20240608T074321Z-001\FREE EA\Simple2020.ex4,basket
18,Simple_Inverse2020,2024-06\FREE EA-20240608T074321Z-001\FREE EA\Simple_Inverse2020.ex4,basket
18,Slave,2024-06\FREE EA-20240608T074321Z-001\FREE EA\Slave.ex4,basket
18,smart s,2024-06\FREE EA-20240608T074321Z-001\FREE EA\smart s.ex4,basket
18,smartass2,2024-06\FREE EA-20240608T074321Z-001\FREE EA\smartass2.ex4,basket
18,smartassV2,2024-06\FREE EA-20240608T074321Z-001\FREE EA\smartassV2.ex4,basket
18,SmartForex_V6,2024-06\FREE EA-20240608T074321Z-001\FREE EA\SmartForex_V6.ex4,basket
18,SmartGridEA,2024-06\FREE EA-20240608T074321Z-001\FREE EA\SmartGridEA.ex4,basket
18,SmartGridEA_noDLL,2024-06\FREE EA-20240608T074321Z-001\FREE EA\SmartGridEA_noDLL.ex4,basket
18,SMC Trader Camel CCI MACD v2,2024-06\FREE EA-20240608T074321Z-001\FREE EA\SMC Trader Camel CCI MACD v2.ex4,basket
19,smC4Scalper_Candles_v3.1,2024-06\FREE EA-20240608T074321Z-001\FREE EA\smC4Scalper_Candles_v3.1.ex4,basket
19,SMI,2024-06\FREE EA-20240608T074321Z-001\FREE EA\SMI.ex4,basket
19,SmoothCandle,2024-06\FREE EA-20240608T074321Z-001\FREE EA\SmoothCandle.ex4,basket
19,SnakeBorders,2024-06\FREE EA-20240608T074321Z-001\FREE EA\SnakeBorders.ex4,basket
19,SNIPER PRO EA V 2.0_fix (1),2024-06\FREE EA-20240608T074321Z-001\FREE EA\SNIPER PRO EA V 2.0_fix (1).ex4,basket
19,Sniper,2024-06\FREE EA-20240608T074321Z-001\FREE EA\Sniper.ex4,basket
19,Sniper_Stop_v2,2024-06\FREE EA-20240608T074321Z-001\FREE EA\Sniper_Stop_v2.ex4,basket
19,Sniper_Trend_A,2024-06\FREE EA-20240608T074321Z-001\FREE EA\Sniper_Trend_A.ex4,basket
19,Sniper_Trend_B,2024-06\FREE EA-20240608T074321Z-001\FREE EA\Sniper_Trend_B.ex4,basket
19,Solar Winds joy - histo,2024-06\FREE EA-20240608T074321Z-001\FREE EA\Solar Winds joy - histo.ex4,basket
19,SPARROW_Pivot By JKM,2024-06\FREE EA-20240608T074321Z-001\FREE EA\SPARROW_Pivot By JKM.ex4,basket
19,Spread,2024-06\FREE EA-20240608T074321Z-001\FREE EA\Spread.ex4,basket
19,Spread_Label_&_Alert,2024-06\FREE EA-20240608T074321Z-001\FREE EA\Spread_Label_&_Alert.ex4,basket
19,starter,2024-06\FREE EA-20240608T074321Z-001\FREE EA\starter.ex4,basket
19,STARTUP FOREX ROBOT,2024-06\FREE EA-20240608T074321Z-001\FREE EA\STARTUP FOREX ROBOT.ex4,basket
19,Statistic Trader Demo,2024-06\FREE EA-20240608T074321Z-001\FREE EA\Statistic Trader Demo.ex4,basket
19,stdlib,2024-06\FREE EA-20240608T074321Z-001\FREE EA\stdlib.ex4,basket
19,StepMA of rsi adaptive ema 2.8,2024-06\FREE EA-20240608T074321Z-001\FREE EA\StepMA of rsi adaptive ema 2.8.ex4,basket
19,StepMA of rsi adaptive ema 2.9,2024-06\FREE EA-20240608T074321Z-001\FREE EA\StepMA of rsi adaptive ema 2.9.ex4,basket
19,StepMA of rsi adaptive tema 1.1,2024-06\FREE EA-20240608T074321Z-001\FREE EA\StepMA of rsi adaptive tema 1.1.ex4,basket
19,Stoc-Profit,2024-06\FREE EA-20240608T074321Z-001\FREE EA\Stoc-Profit.ex4,basket
19,Stochastic and Parabolic SAR,2024-06\FREE EA-20240608T074321Z-001\FREE EA\Stochastic and Parabolic SAR.ex4,basket
19,Stochastic,2024-06\FREE EA-20240608T074321Z-001\FREE EA\Stochastic.ex4,basket
19,StochCrossAlert,2024-06\FREE EA-20240608T074321Z-001\FREE EA\StochCrossAlert.ex4,basket
19,stop_hunter,2024-06\FREE EA-20240608T074321Z-001\FREE EA\stop_hunter.ex4,basket
19,Stoploss Follower,2024-06\FREE EA-20240608T074321Z-001\FREE EA\Stoploss Follower.ex4,basket
19,SU,2024-06\FREE EA-20240608T074321Z-001\FREE EA\SU.ex4,basket
19,super_hedging_v173,2024-06\FREE EA-20240608T074321Z-001\FREE EA\super_hedging_v173.ex4,basket
19,super_hedging_v173~,2024-06\FREE EA-20240608T074321Z-001\FREE EA\super_hedging_v173~.ex4,basket
19,super_smoother_riibbon,2024-06\FREE EA-20240608T074321Z-001\FREE EA\super_smoother_riibbon.ex4,basket
19,super_trend_nrp_mtf_4_1,2024-06\FREE EA-20240608T074321Z-001\FREE EA\super_trend_nrp_mtf_4_1.ex4,basket
19,superscalper_v1,2024-06\FREE EA-20240608T074321Z-001\FREE EA\superscalper_v1.ex4,basket
19,SuperSR7,2024-06\FREE EA-20240608T074321Z-001\FREE EA\SuperSR7.ex4,basket
19,SuperTrend (experiment) 1.31,2024-06\FREE EA-20240608T074321Z-001\FREE EA\SuperTrend (experiment) 1.31.ex4,basket
19,SuperTrend averages 2.4,2024-06\FREE EA-20240608T074321Z-001\FREE EA\SuperTrend averages 2.4.ex4,basket
19,Supertrend EA Basic (1),2024-06\FREE EA-20240608T074321Z-001\FREE EA\Supertrend EA Basic (1).ex4,basket
19,SuperTrend nrp candles mtf 2.03,2024-06\FREE EA-20240608T074321Z-001\FREE EA\SuperTrend nrp candles mtf 2.03.ex4,basket
19,SuperTrend nrp mtf (new format),2024-06\FREE EA-20240608T074321Z-001\FREE EA\SuperTrend nrp mtf (new format).ex4,basket
19,SuperTrend(1),2024-06\FREE EA-20240608T074321Z-001\FREE EA\SuperTrend(1).ex4,basket
19,Supertrend,2024-06\FREE EA-20240608T074321Z-001\FREE EA\Supertrend.ex4,basket
19,supertrendprofit4,2024-06\FREE EA-20240608T074321Z-001\FREE EA\supertrendprofit4.ex4,basket
19,SUPERTRENDSURFER,2024-06\FREE EA-20240608T074321Z-001\FREE EA\SUPERTRENDSURFER.ex4,basket
19,SuperWinForexThai,2024-06\FREE EA-20240608T074321Z-001\FREE EA\SuperWinForexThai.ex4,basket
19,Support and Resistance Breakout Arrows-2,2024-06\FREE EA-20240608T074321Z-001\FREE EA\Support and Resistance Breakout Arrows-2.ex4,basket
19,SupportResistance,2024-06\FREE EA-20240608T074321Z-001\FREE EA\SupportResistance.ex4,basket
19,Suthin Srilachai 1042116 Lite,2024-06\FREE EA-20240608T074321Z-001\FREE EA\Suthin Srilachai 1042116 Lite.ex4,basket
19,swb grid 4.1.0.3_h,2024-06\FREE EA-20240608T074321Z-001\FREE EA\swb grid 4.1.0.3_h.ex4,basket
19,SweetTrendEA,2024-06\FREE EA-20240608T074321Z-001\FREE EA\SweetTrendEA.ex4,basket
19,Swing_ZZ,2024-06\FREE EA-20240608T074321Z-001\FREE EA\Swing_ZZ.ex4,basket
19,Swiss Army EA v1.51,2024-06\FREE EA-20240608T074321Z-001\FREE EA\Swiss Army EA v1.51.ex4,basket
20,System 1,2024-06\FREE EA-20240608T074321Z-001\FREE EA\System 1.ex4,basket
20,T 3 GANN HILO EA,2024-06\FREE EA-20240608T074321Z-001\FREE EA\T 3 GANN HILO EA.ex4,basket
20,t3-cci-Divergence,2024-06\FREE EA-20240608T074321Z-001\FREE EA\t3-cci-Divergence.ex4,basket
20,Take Profit,2024-06\FREE EA-20240608T074321Z-001\FREE EA\Take Profit.ex4,basket
20,TCO FG,2024-06\FREE EA-20240608T074321Z-001\FREE EA\TCO FG.ex4,basket
20,TDI-RT-Clone(1),2024-06\FREE EA-20240608T074321Z-001\FREE EA\TDI-RT-Clone(1).ex4,basket
20,TH_MTF_Bar1.4_alerts,2024-06\FREE EA-20240608T074321Z-001\FREE EA\TH_MTF_Bar1.4_alerts.ex4,basket
20,The Jesing Magic V9 - Client,2024-06\FREE EA-20240608T074321Z-001\FREE EA\The Jesing Magic V9 - Client.ex4,basket
20,The Jesing Magic V9 - Server,2024-06\FREE EA-20240608T074321Z-001\FREE EA\The Jesing Magic V9 - Server.ex4,basket
20,thegatan,2024-06\FREE EA-20240608T074321Z-001\FREE EA\thegatan.ex4,basket
20,theofx,2024-06\FREE EA-20240608T074321Z-001\FREE EA\theofx.ex4,basket
20,Three Strategy,2024-06\FREE EA-20240608T074321Z-001\FREE EA\Three Strategy.ex4,basket
20,THV4 CaveManager v1.3,2024-06\FREE EA-20240608T074321Z-001\FREE EA\THV4 CaveManager v1.3.ex4,basket
20,TickSniper_MT4,2024-06\FREE EA-20240608T074321Z-001\FREE EA\TickSniper_MT4.ex4,basket
20,tictac_nur_V2,2024-06\FREE EA-20240608T074321Z-001\FREE EA\tictac_nur_V2.ex4,basket
20,tictac_nur_V3,2024-06\FREE EA-20240608T074321Z-001\FREE EA\tictac_nur_V3.ex4,basket
20,tictac_nur_V4,2024-06\FREE EA-20240608T074321Z-001\FREE EA\tictac_nur_V4.ex4,basket
20,tictac_nur_V7-RC,2024-06\FREE EA-20240608T074321Z-001\FREE EA\tictac_nur_V7-RC.ex4,basket
20,tictac_nur_V8-RC,2024-06\FREE EA-20240608T074321Z-001\FREE EA\tictac_nur_V8-RC.ex4,basket
20,TMA+CG,2024-06\FREE EA-20240608T074321Z-001\FREE EA\TMA+CG.ex4,basket
20,TMABand-Closer,2024-06\FREE EA-20240608T074321Z-001\FREE EA\TMABand-Closer.ex4,basket
20,TMT - Daily Candle,2024-06\FREE EA-20240608T074321Z-001\FREE EA\TMT - Daily Candle.ex4,basket
20,TMT - EMA 20,2024-06\FREE EA-20240608T074321Z-001\FREE EA\TMT - EMA 20.ex4,basket
20,TMT - EMA 7,2024-06\FREE EA-20240608T074321Z-001\FREE EA\TMT - EMA 7.ex4,basket
20,TMT - FxGlow MFI Meter,2024-06\FREE EA-20240608T074321Z-001\FREE EA\TMT - FxGlow MFI Meter.ex4,basket
20,TMT - FxGlow RSI Meter,2024-06\FREE EA-20240608T074321Z-001\FREE EA\TMT - FxGlow RSI Meter.ex4,basket
20,TMT - SR Levels,2024-06\FREE EA-20240608T074321Z-001\FREE EA\TMT - SR Levels.ex4,basket
20,Total TP-TS,2024-06\FREE EA-20240608T074321Z-001\FREE EA\Total TP-TS.ex4,basket
20,Total_TP_TS,2024-06\FREE EA-20240608T074321Z-001\FREE EA\Total_TP_TS.ex4,basket
20,Trade Management Free Forex EA Robot,2024-06\FREE EA-20240608T074321Z-001\FREE EA\Trade Management Free Forex EA Robot.ex4,basket
20,Trade Manager EA(1),2024-06\FREE EA-20240608T074321Z-001\FREE EA\Trade Manager EA(1).ex4,basket
20,trade metrics,2024-06\FREE EA-20240608T074321Z-001\FREE EA\trade metrics.ex4,basket
20,Trade Simulator EA,2024-06\FREE EA-20240608T074321Z-001\FREE EA\Trade Simulator EA.ex4,basket
20,TradeCopyMaster,2024-06\FREE EA-20240608T074321Z-001\FREE EA\TradeCopyMaster.ex4,basket
20,TradeCopySlave,2024-06\FREE EA-20240608T074321Z-001\FREE EA\TradeCopySlave.ex4,basket
20,TradePad_Current_Timeframe,2024-06\FREE EA-20240608T074321Z-001\FREE EA\TradePad_Current_Timeframe.ex4,basket
20,TradersPowerExpert.,2024-06\FREE EA-20240608T074321Z-001\FREE EA\TradersPowerExpert..ex4,basket
20,Trend pattern,2024-06\FREE EA-20240608T074321Z-001\FREE EA\Trend pattern.ex4,basket
20,trend rider,2024-06\FREE EA-20240608T074321Z-001\FREE EA\trend rider.ex4,basket
20,Trend rollback ea FREE,2024-06\FREE EA-20240608T074321Z-001\FREE EA\Trend rollback ea FREE.ex4,basket
20,TrendLord,2024-06\FREE EA-20240608T074321Z-001\FREE EA\TrendLord.ex4,basket
20,TrendLord_Fixed,2024-06\FREE EA-20240608T074321Z-001\FREE EA\TrendLord_Fixed.ex4,basket
20,TrendRange_bars,2024-06\FREE EA-20240608T074321Z-001\FREE EA\TrendRange_bars.ex4,basket
20,Trendsignal_c13,2024-06\FREE EA-20240608T074321Z-001\FREE EA\Trendsignal_c13.ex4,basket
20,TriadStrategiesFx,2024-06\FREE EA-20240608T074321Z-001\FREE EA\TriadStrategiesFx.ex4,basket
20,Triangular ArbitrageEA,2024-06\FREE EA-20240608T074321Z-001\FREE EA\Triangular ArbitrageEA.ex4,basket
20,Triggerlines2,2024-06\FREE EA-20240608T074321Z-001\FREE EA\Triggerlines2.ex4,basket
20,Triple Moving Average EA MT4,2024-06\FREE EA-20240608T074321Z-001\FREE EA\Triple Moving Average EA MT4.ex4,basket
20,triplema_crossover_ea-2,2024-06\FREE EA-20240608T074321Z-001\FREE EA\triplema_crossover_ea-2.ex4,basket
20,triplema_crossover_ea,2024-06\FREE EA-20240608T074321Z-001\FREE EA\triplema_crossover_ea.ex4,basket
21,TSR USDCHF 2019,2024-06\FREE EA-20240608T074321Z-001\FREE EA\TSR USDCHF 2019.ex4,basket
21,TSR V 8.00 2020-1,2024-06\FREE EA-20240608T074321Z-001\FREE EA\TSR V 8.00 2020-1.ex4,basket
21,TSR V II(1),2024-06\FREE EA-20240608T074321Z-001\FREE EA\TSR V II(1).ex4,basket
21,TSR V7.00 2020F,2024-06\FREE EA-20240608T074321Z-001\FREE EA\TSR V7.00 2020F.ex4,basket
21,TSR-2018 v5.0_Fix,2024-06\FREE EA-20240608T074321Z-001\FREE EA\TSR-2018 v5.0_Fix.ex4,basket
21,TSR-2018,2024-06\FREE EA-20240608T074321Z-001\FREE EA\TSR-2018.ex4,basket
21,TSR-2019 v.6.0_fix,2024-06\FREE EA-20240608T074321Z-001\FREE EA\TSR-2019 v.6.0_fix.ex4,basket
21,TSR_2019_v2(1),2024-06\FREE EA-20240608T074321Z-001\FREE EA\TSR_2019_v2(1).ex4,basket
21,Turbo-profit v.3.0,2024-06\FREE EA-20240608T074321Z-001\FREE EA\Turbo-profit v.3.0.ex4,basket
21,Two_MA_Cross_EAtrade manager_v4bmin 60candlesindices,2024-06\FREE EA-20240608T074321Z-001\FREE EA\Two_MA_Cross_EAtrade manager_v4bmin 60candlesindices.ex4,basket
21,ULTRON-3.1,2024-06\FREE EA-20240608T074321Z-001\FREE EA\ULTRON-3.1.ex4,basket
21,ULTRON,2024-06\FREE EA-20240608T074321Z-001\FREE EA\ULTRON.ex4,basket
21,ULTRON_PDV_105,2024-06\FREE EA-20240608T074321Z-001\FREE EA\ULTRON_PDV_105.ex4,basket
21,universalMACrossEAV1.3_MAMA,2024-06\FREE EA-20240608T074321Z-001\FREE EA\universalMACrossEAV1.3_MAMA.ex4,basket
21,UnNomGuaiV1.12,2024-06\FREE EA-20240608T074321Z-001\FREE EA\UnNomGuaiV1.12.ex4,basket
21,UnNomGuaiV1.132,2024-06\FREE EA-20240608T074321Z-001\FREE EA\UnNomGuaiV1.132.ex4,basket
21,UT_FAST,2024-06\FREE EA-20240608T074321Z-001\FREE EA\UT_FAST.ex4,basket
21,validation,2024-06\FREE EA-20240608T074321Z-001\FREE EA\validation.ex4,basket
21,Virtual LimitOrder for BINARY OPTION,2024-06\FREE EA-20240608T074321Z-001\FREE EA\Virtual LimitOrder for BINARY OPTION.ex4,basket
21,Visual Trader,2024-06\FREE EA-20240608T074321Z-001\FREE EA\Visual Trader.ex4,basket
21,VisualMartiEA,2024-06\FREE EA-20240608T074321Z-001\FREE EA\VisualMartiEA.ex4,basket
21,walid Ema,2024-06\FREE EA-20240608T074321Z-001\FREE EA\walid Ema.ex4,basket
21,WayGrow EA (Modify 2019),2024-06\FREE EA-20240608T074321Z-001\FREE EA\WayGrow EA (Modify 2019).ex4,basket
21,WINNER-FX TREND SCALPER ROBOT,2024-06\FREE EA-20240608T074321Z-001\FREE EA\WINNER-FX TREND SCALPER ROBOT.ex4,basket
21,WINNER-FX TSR V7.00-2020,2024-06\FREE EA-20240608T074321Z-001\FREE EA\WINNER-FX TSR V7.00-2020.ex4,basket
21,WTF EA V.4.1,2024-06\FREE EA-20240608T074321Z-001\FREE EA\WTF EA V.4.1.ex4,basket
21,X3MA_EA_V2_0,2024-06\FREE EA-20240608T074321Z-001\FREE EA\X3MA_EA_V2_0.ex4,basket
21,XAUUSD_only,2024-06\FREE EA-20240608T074321Z-001\FREE EA\XAUUSD_only.ex4,XAUUSD
21,XPERT (4),2024-06\FREE EA-20240608T074321Z-001\FREE EA\XPERT (4).ex4,basket
21,XPERTdemo,2024-06\FREE EA-20240608T074321Z-001\FREE EA\XPERTdemo.ex4,basket
21,XPERTdemo23-01-2020,2024-06\FREE EA-20240608T074321Z-001\FREE EA\XPERTdemo23-01-2020.ex4,basket
21,Yogi EA Free,2024-06\FREE EA-20240608T074321Z-001\FREE EA\Yogi EA Free.ex4,basket
21,ZAB Trade Expert V2,2024-06\FREE EA-20240608T074321Z-001\FREE EA\ZAB Trade Expert V2.ex4,basket
21,ZigZag,2024-06\FREE EA-20240608T074321Z-001\FREE EA\ZigZag.ex4,basket
21,ZONE_RECOVERY_AREA_VERSION_III,2024-06\FREE EA-20240608T074321Z-001\FREE EA\ZONE_RECOVERY_AREA_VERSION_III.ex4,basket
21,Zoomio Economic News Updater Basic,2024-06\FREE EA-20240608T074321Z-001\FREE EA\Zoomio Economic News Updater Basic.ex4,basket
21,FX Sniper Autopilot Update 2,2024-06\FX Sniper Autopilot Update 2\FX Sniper Autopilot Update 2\FX Sniper Autopilot Update 2.ex4,basket
21,fxDreema (30),2024-06\fxDreema (30)\fxDreema (30).ex4,basket
21,GOLD EAgle 4.9,2024-06\GOLD EAgle EA V4.9 Nodll with Set MT4\GOLD EAgle EA V4.9 Nodll with Set MT4\GOLD EAgle EA MT4\Expert\GOLD EAgle 4.9.ex4,XAUUSD
21,Gold Trade Pro BD,2024-06\Gold Trade Pro BD\Gold Trade Pro BD.ex4,XAUUSD
21,Gold Trade Pro v3.1 @SoftechFX_Robot,2024-06\Gold Trade Pro v3.1 Nodll\Gold Trade Pro v3.1 Nodll\Gold Trade Pro v3.1 @SoftechFX_Robot.ex4,XAUUSD
21,Gold Trade Pro 3.3,2024-06\Gold Trade Pro V3.3 EA MT4 (1420)\Gold Trade Pro V3.3 EA MT4 (1420)\Gold Trade Pro V3.3 EA\MQL4\Experts\Gold Trade Pro 3.3.ex4,XAUUSD
21,GoldPulse AI V1.43_fix_1420 @SoftechFX_Robot,2024-06\GoldPulse AI V1.43_fix_1420\GoldPulse AI V1.43_fix_1420\GoldPulse AI V1.43_fix_1420 @SoftechFX_Robot.ex4,XAUUSD
21,GusJang_EU_2024_Trial2,2024-06\GusJang_EU_2024_Trial2\GusJang_EU_2024_Trial2.ex4,basket
21,Hedge Scalper EA 24_fix,2024-06\Hedge Scalper EA 2024 MT4\Hedge Scalper EA 2024 MT4\Experts\Hedge Scalper EA 24_fix.ex4,basket
21,Hedge Scalper EA 24_fix (3),2024-06\Hedge Scalper EA 24_fix (3)\Hedge Scalper EA 24_fix (3).ex4,basket
21,HFT Rebate v5 PFN,2024-06\HFT Rebate v5 PFN\HFT Rebate v5 PFN.ex4,basket
21,HS888 v2 by PorNongPonD,2024-06\HS888 v2 by PorNongPonD\HS888 v2 by PorNongPonD.ex4,basket
21,KE Lot ComBo Pro,2024-06\KE Lot ComBo Pro\KE Lot ComBo Pro.ex4,basket
21,KE Lot ComBo,2024-06\KE Lot ComBo\KE Lot ComBo.ex4,basket
22,KZM KITTISAK SRIJAN cut profit v1.2,2024-06\KZM KITTISAK SRIJAN cut profit v1.2\KZM KITTISAK SRIJAN cut profit v1.2.ex4,basket
22,LamBow EV Remap V3 (MT4 Unlimited),2024-06\LamBow EV Remap V3 (MT4 Unlimited)\LamBow EV Remap V3 (MT4 Unlimited).ex4,basket
22,MN RSI Martin Hold Profit Part Close,2024-06\MN RSI Martin Hold Profit Part Close\MN RSI Martin Hold Profit Part Close.ex4,basket
22,(Oh) Supply Demand indy V07B,2024-06\New folder\(Oh) Supply Demand indy V07B.ex4,basket
22,AA_Supply Demand Zone22_3g91,2024-06\New folder\AA_Supply Demand Zone22_3g91.ex4,basket
22,Add-On Artillery,2024-06\New folder\Add-On Artillery.ex4,basket
22,Melee com,2024-06\New folder\Melee com.ex4,basket
22,PumLot V.1.1 exp,2024-06\New folder\PumLot V.1.1 exp.ex4,basket
22,Perfect EA v8.4 (เวอร์ชั่นขจัด No News),2024-06\Perfect EA v8.4 (เวอร์ชั่นขจัด No News)\Perfect EA v8.4 (เวอร์ชั่นขจัด No News).ex4,basket
22,PipFinite Trend Laser 1420+_fix,2024-06\PipFinite Trend Laser 1420+_fix\PipFinite Trend Laser 1420+_fix.ex4,basket
22,PipFinite Trend PRO 1420+_fix,2024-06\PipFinite Trend PRO 1420+_fix\PipFinite Trend PRO 1420+_fix.ex4,basket
22,PipFinite Trend PRO_fix (5),2024-06\PipFinite Trend PRO_fix (5)\PipFinite Trend PRO_fix (5).ex4,basket
22,Pluto MT4 EA,2024-06\Pluto MT4 EA\Pluto MT4 EA\Pluto MT4 EA.ex4,basket
22,SAR+STO EA V.6,2024-06\SAR+STO EA V.6\SAR+STO EA V.6.ex4,basket
22,Scalper Inside PRO V4.4 1420+_fix,2024-06\Scalper Inside PRO V4.4 1420+_fix\Scalper Inside PRO V4.4 1420+_fix.ex4,basket
22,Scalping XTendFX,2024-06\Scalping XTendFX\Scalping XTendFX\Scalping XTendFX.ex4,basket
22,Tae Grid RSI 1.3,2024-06\Tae Grid RSI 1.3\Tae Grid RSI 1.3.ex4,basket
22,Tae Vamprie Lots+ V1.0,2024-06\Tae Vamprie Lots+ V1.0\Tae Vamprie Lots+ V1.0.ex4,basket
22,The Gold Reaper MT4 V1.5_fix_1420 @SoftechFX_Robot,2024-06\The Gold Reaper MT4 V1.5_fix_1420\The Gold Reaper MT4 V1.5_fix_1420\The Gold Reaper MT4 V1.5_fix_1420 @SoftechFX_Robot.ex4,XAUUSD
22,Yetti3+NewsSherry,2024-06\Yetti3+NewsSherry\Yetti3+NewsSherry.ex4,basket
22,AI Gen XII MT4_2.5_fix,2024-10\AI Gen XII MT4_2.5_fix.ex4,basket
22,Ai Mee Hed Pol,2024-10\Ai Mee Hed Pol.ex4,basket
22,AI Price Action V2.7 Robot,2024-10\AI Price Action Robot\AI Price Action Robot\MQL4\Experts\AI Price Action V2.7 Robot.ex4,basket
22,BA_Victory_Trade_Profect,2024-10\BA_Victory_Trade_Profect.ex4,basket
22,DPI,2024-10\DPI.ex4,basket
22,IL BOSS DEL TRADING© Scalper_1420,2024-10\IL BOSS DEL TRADING© Scalper_1420.ex4,basket
22,KRAPOOK FIVE FOX 2024 BLUE ATM 2.0iXP,2024-10\KRAPOOK FIVE FOX 2024 BLUE ATM 2.0iXP.ex4,basket
22,KZM + Rebalane xp.12.02.2025,2024-10\KZM + Rebalane xp.12.02.2025.ex4,basket
22,FastClose Button,2024-10\KZM Expert 007\KZM Expert 007\MT4\Experts\FastClose Button.ex4,basket
22,KZM Expert,2024-10\KZM Expert 007\KZM Expert 007\MT4\Experts\KZM Expert.ex4,basket
22,GX12 Gold Scalper v4.00,2024-10\Link Download GX12 Gold Scalper v4.0-20260107T120254Z-1-001\Link Download GX12 Gold Scalper v4.0\GX12 Gold Scalper V4.00\Experts\GX12 Gold Scalper v4.00.ex4,XAUUSD
22,GX12 Gold scalper V4_fix,2024-10\Link Download GX12 Gold Scalper v4.0-20260107T120254Z-1-001\Link Download GX12 Gold Scalper v4.0\GX12 Gold Scalper V4.00\Experts\GX12 Gold scalper V4_fix.ex4,XAUUSD
22,L-Killer,2024-10\Link Download GX12 Gold Scalper v4.0-20260107T120254Z-1-001\Link Download GX12 Gold Scalper v4.0\GX12 Gold Scalper V4.00\Inidcators\L-Killer.ex4,XAUUSD
22,MooDeng,2024-10\MooDeng.ex4,basket
22,Perceptrader AI v2.23 1420+_fix,2024-10\Perceptrader AI v2.23 1420+_fix.ex4,basket
22,RF_CSM,2024-10\RF_SMC\RF_CSM.ex4,basket
22,RF_INFO,2024-10\RF_SMC\RF_INFO.ex4,basket
22,RF_SMC,2024-10\RF_SMC\RF_SMC.ex4,basket
22,Seper cci plus M5,2024-10\Seper cci plus M5.ex4,basket
22,Signalspro007_V12.1_fix,2024-10\Signalspro007 EA V12.1\MQL4\Experts\Signalspro007_V12.1_fix.ex4,basket
22,Signalspro007_V5_fix,2024-10\Signalspro007 EA V12.1\MQL4\Experts\Signalspro007_V5_fix.ex4,basket
22,AI Nodiurnal EA,2024-12\AI_Nodiurnal_EA\Experts\AI Nodiurnal EA.ex4,basket
22,Auto_SL-TS-TP ,2024-12\Auto_SL-TS-TP\Auto_SL-TS-TP .ex4,basket
22,AW_Reso_TrPrEA,2024-12\AW_Reso_TrPrEA\AW_Reso_TrPrEA.ex4,basket
22,BA_Alien Monster Pro,2024-12\BA_Alien Monster Pro\BA_Alien Monster Pro.ex4,basket
22,BA_PEACEFUL PRO,2024-12\BA_PEACEFUL PRO\BA_PEACEFUL PRO.ex4,basket
22,BuRengNong207_FiniteBreakOut,2024-12\BuRengNong207_FiniteBreakOut\BuRengNong207_FiniteBreakOut.ex4,basket
22,ChartOverlay,2024-12\ChartOverlay\ChartOverlay.ex4,basket
22,EA Rebalance V.5+ by [NVF],2024-12\EA Rebalance V.5+ by [NVF]\EA Rebalance V.5+ by [NVF]\EA Rebalance V.5+ by [NVF].ex4,basket
22,CloseAll_1.01,2024-12\GS Happy Meal 007\GS Happy Meal 007\GS Happy Meal 007\EA\CloseAll_1.01.ex4,basket
23,North East Way EA 1.312_nodll,2024-12\North East Way EA 1.312_nodll\North East Way EA 1.312_nodll.ex4,basket
23,PipFinite Breakout EDGE_fix,2024-12\PipFinite Breakout EDGE_fix\PipFinite Breakout EDGE_fix.ex4,basket
23,Recovery Manager Pro MT4_fix,2024-12\Recovery Manager Pro MT4_fix\Recovery Manager Pro MT4_fix.ex4,basket
23,SMHA,2024-12\SMHA\SMHA.ex4,basket
23,143 E4.7.3 Krapook+Auto Lot+MaxDD 1,2025-04\143 E4.7.3 Krapook+Auto Lot+MaxDD 1.ex4,basket
23,143 E4.7.4 v1,2025-04\143 E4.7.4 v1.ex4,basket
23,Ghost Bot 01 G07 (1),2025-04\Ghost Bot 01 G07 (1).ex4,basket
23,BuRengNong2073,2025-04\New folder\4 Generals\EA\BuRengNong2073.ex4,basket
23,EA Re Mink-Kwan 1.7a,2025-04\New folder\4 Generals\EA\EA Re Mink-Kwan 1.7a.ex4,basket
23,ARTGOLDPro_TFH1Complete,2025-04\New folder\ARTGOLDPro_TFH1Complete.ex4,XAUUSD
23,EA Re Mink-Kwan 1.6,2025-04\New folder\Combo-God_Blassing+BRN2073+RMK\MQL4\Experts\EA Re Mink-Kwan 1.6.ex4,basket
23,God's Blessing Expert,2025-04\New folder\Combo-God_Blassing+BRN2073+RMK\MQL4\Experts\God's Blessing Expert.ex4,basket
23,EA CoreX G MT4 V1.7 Build 1440,2025-04\New folder\CorexG MT4 1.7\EA CoreX G MT4 V1.7 Build 1440.ex4,basket
23,EA 2050 Pro ,2025-04\New folder\EA 2050 Pro .ex4,basket
23,EA NO WAY  RV 6.3,2025-04\New folder\EA NO WAY  RV 6.3.ex4,basket
23,EX143 - Multi Group Scalping EA [Count N times To Modify Lot Size],2025-04\New folder\EX143 - Multi Group Scalping EA [Count N times To Modify Lot Size].ex4,basket
23,Gold Buster MT4-2.3-fix-1428+,2025-04\New folder\Gold Buster MT4-2.3-fix-1428+.ex4,XAUUSD
23,HedgeMaster X,2025-04\New folder\HedgeMaster X.ex4,basket
23,K9_,2025-04\New folder\K9_.ex4,basket
23,KRAPOOK BLACK SCORPION 2.0A SNOWBALL,2025-04\New folder\KRAPOOK BLACK SCORPION 2.0A SNOWBALL.ex4,basket
23,KRAPOOK BLUE ANT GOAL KEEPER 1.00,2025-04\New folder\KRAPOOK BLUE ANT GOAL KEEPER 1.00.ex4,basket
23,KRAPOOK FIVE FOX LOT REBATE 4.10,2025-04\New folder\KRAPOOK FIVE FOX LOT REBATE 4.10.ex4,basket
23,KRAPOOK ORANGE ANT MIDFIELD 1.00,2025-04\New folder\KRAPOOK ORANGE ANT MIDFIELD 1.00.ex4,basket
23,KRAPOOK RED ANT FRONT HUNTER 1.00 ,2025-04\New folder\KRAPOOK RED ANT FRONT HUNTER 1.00 .ex4,basket
23,KRAPOOK RED ANT FRONT HUNTER 1.01,2025-04\New folder\KRAPOOK RED ANT FRONT HUNTER 1.01.ex4,basket
23,KRAPOOK YELLOW  ANT  BACK CENTER 1.00,2025-04\New folder\KRAPOOK YELLOW  ANT  BACK CENTER 1.00.ex4,basket
23,MultiPairMartingaleEAV2.1,2025-04\New folder\MultiPairMartingaleEAV2.1.ex4,basket
23,MultiPairMartingaleEAV2.33edit,2025-04\New folder\MultiPairMartingaleEAV2.33edit.ex4,basket
23,PZ_BalanceGuardian(1),2025-04\New folder\PZ_BalanceGuardian(1).ex4,basket
23,SEMI HFT EA V2.30 PO FIX,2025-04\New folder\semi hft v2.30 MT4\SEMI HFT EA V2.30 PO FIX.ex4,basket
23,Zeus Gold Hedge V1.2_fix_1420,2025-04\New folder\Zeus Gold Hedge V1.2_fix_1420.ex4,XAUUSD
23,Cibola v1.9,2025-06\Cibola v1.9.ex4\Cibola EA v1.9 MT4\Cibola v1.9.ex4,basket
23,GOLD-EAgleV4-9-MT4-(1420),2025-06\GOLD-EAgleEA-V4-9- MT4(1421)\GOLD-EAgleV4-9-MT4-(1420).ex4,XAUUSD
23,Hybrid_SemiAuto1.1,2025-06\Hybrid_SemiAuto1.1\Hybrid_SemiAuto1.1.ex4,basket
23,Hybrid_SemiAuto1_1.1,2025-06\Hybrid_SemiAuto1_1.1\Hybrid_SemiAuto1_1.1.ex4,basket
23,Hybrid_SemiAuto1_1_3_2_edit2,2025-06\Hybrid_SemiAuto1_1_3_2_edit2\Hybrid_SemiAuto1_1_3_2_edit2.ex4,basket
23,Hybrid_SemiAuto1_1_3_2_edit3,2025-06\Hybrid_SemiAuto1_1_3_2_edit3\Hybrid_SemiAuto1_1_3_2_edit3.ex4,basket
23,MoonKnight Gold StealthTrade,2025-06\MoonKnight Gold StealthTrade\MoonKnight Gold StealthTrade.ex4,XAUUSD
23,MultiPairMartingaleEA_v2_7_3.1,2025-06\MultiPairMartingaleEA_v2_7_3.1\MultiPairMartingaleEA_v2_7_3.1.ex4,basket
23,Trade Manager X v3.65,2025-06\Trade Manager X v3.65\Trade Manager X v3.65.ex4,basket
23,adxcrosses (1),2025-07  _all done\adxcrosses (1).ex4,basket
23,AlphaFlow EA MT4,2025-07  _all done\AlphaFlow EA MT4\AlphaFlow EA MT4.ex4,basket
23,BOO - Edition - EX85 - Gold Robot Scalping V.Editon,2025-07  _all done\BOO - Edition - EX85 - Gold Robot Scalping V.Editon.ex4,XAUUSD
23,God's Blessing Expert,2025-07  _all done\Combo-God_Blassing+BRN2073+RMK_TF15_Cap5K_USC\MQL4\Experts\God's Blessing Expert.ex4,basket
23,Custom Pending Orders + Martingale,2025-07  _all done\Custom Pending Orders + Martingale.ex4,basket
23,Custom Pending Orders + Martingalev33,2025-07  _all done\Custom Pending Orders + Martingalev33.ex4,basket
23,Deep+ Scalper EA V5,2025-07  _all done\Deep+ Scalper EA V5 MT4\Experts\Deep+ Scalper EA V5.ex4,basket
23,Dong GOLD FUTURE 1.00,2025-07  _all done\Dong GOLD FUTURE 1.00\Dong GOLD FUTURE 1.00.ex4,XAUUSD
23,DynGridMAX AI BBQTH V2.3c (EXP30062025),2025-07  _all done\DynGridMAX AI BBQTH V2.3c (EXP30062025).ex4,basket
23,EA HOPE V1.20_fix,2025-07  _all done\EA HOPE V1.20_fix.ex4,basket
24,EABOT2.3,2025-07  _all done\EABOT2.3.ex4,basket
24,EABOT2.5,2025-07  _all done\EABOT2.5.ex4,basket
24,Easy Breakout_fix,2025-07  _all done\Easy Breakout_fix.ex4,basket
24,Entry Points Pro_fix,2025-07  _all done\Entry Points Pro_fix.ex4,basket
24,EX175 - BB Strategy and Rebalance (1),2025-07  _all done\EX175 - BB Strategy and Rebalance (1).ex4,basket
24,EX52 - Close First Order and Only Profit Order  RV2,2025-07  _all done\EX52 - Close First Order and Only Profit Order  RV2.ex4,basket
24,EXP _ COPYLOT_Client_MT4,2025-07  _all done\Exp_Copytrade_MT4\EXP _ COPYLOT_Client_MT4.ex4,basket
24,EXP _ COPYLOT_Master_MT4,2025-07  _all done\Exp_Copytrade_MT4\EXP _ COPYLOT_Master_MT4.ex4,basket
24,Gold Stuff EA V7.0,2025-07  _all done\Experts\Gold Stuff EA V7.0.ex4,XAUUSD
24,GOLD Singha-M5,2025-07  _all done\GOLD Singha-M5.ex4,XAUUSD
24,Gold trading,2025-07  _all done\Gold trading.ex4,XAUUSD
24,Goldex AI 1.4 @SoftechFX_Robot,2025-07  _all done\Goldex AI 1.4\Expert\Goldex AI 1.4 @SoftechFX_Robot.ex4,XAUUSD
24,GridSXR AI BBQTH V2.5c (EXP30062025),2025-07  _all done\GridSXR AI BBQTH V2.5c (EXP30062025).ex4,basket
24,Hedge Positive,2025-07  _all done\Hedge Positive\Hedge Positive.ex4,basket
24,Hedging Martingale v2,2025-07  _all done\Hedging Martingale v2.ex4,basket
24,Hedging Martingale,2025-07  _all done\Hedging Martingale.ex4,basket
24,Hybrid_SemiAutowithV1_1,2025-07  _all done\Hybrid_SemiAutowithV1_1.ex4,basket
24,Hybrid_SemiAutowithV1_2exp15.7.25,2025-07  _all done\Hybrid_SemiAutowithV1_2exp15.7.25.ex4,basket
24,Hybrid_SemiAutowithV1_2exp30.7.25,2025-07  _all done\Hybrid_SemiAutowithV1_2exp30.7.25.ex4,basket
24,Hybrid_SemiAutowithV1_3_PendingGridFixed15.7.25,2025-07  _all done\Hybrid_SemiAutowithV1_3_PendingGridFixed15.7.25.ex4,basket
24,miro1360_dynamicma (1),2025-07  _all done\miro1360_dynamicma (1).ex4,basket
24,miro1360_tdi_dev_1.0 (2),2025-07  _all done\miro1360_tdi_dev_1.0 (2).ex4,basket
24,MultiPairMartingaleEA,2025-07  _all done\MultiPairMartingaleEA.ex4,basket
24,SniperSXR BBQTH V1.0 (EXP30042025),2025-07  _all done\SniperSXR BBQTH V1.0 (EXP30042025).ex4,basket
24,Stalker EA v5.2,2025-07  _all done\Stalker EA v5.2.ex4,basket
24,Stalker,2025-07  _all done\Stalker.ex4,basket
24,Super Trend averages (alerts),2025-07  _all done\Super Trend averages (alerts).ex4,basket
24,TMX-Trend v2.26,2025-07  _all done\TMX-Trend v2.26.ex4,basket
24,Zeus Gold Hedge V1.2,2025-07  _all done\Zeus Gold Hedge V1.2.ex4,XAUUSD
24,Apocalypse v3.49,2025-08\Apocalypse v3.49\Apocalypse v3.49.ex4,basket
24,EA Time Manager,2025-08\EA Time Manager By Chakad\EA Time Manager.ex4,basket
24,Hybrid_SemiAutowithV1_4AccountLock,2025-08\Hybrid_SemiAutowithV1_4AccountLock.ex4\Hybrid_SemiAutowithV1_4AccountLock.ex4,basket
24,TraderAgent,2025-08\IceFX.TraderAgent.v2.6.0.364\Experts\TraderAgent.ex4,basket
24,me_CloseAll v3d,2025-08\me_CloseAll v3d\me_CloseAll v3d.ex4,basket
24,Multi-Session EA Controller,2025-08\Multi-Session EA Controller By Chakad\Multi-Session EA Controller.ex4,basket
24,NEVER DIE No1 Final,2025-08\NEVER DIE No1 Final\NEVER DIE No1 Final.ex4,basket
24,Bistion_v12,2025-11\Bistion\Bistion\Bistion_v12.ex4,basket
24,Petiteprofit_EAv1.92,2025-11\PetiteEA\PetiteEA\Petiteprofit_EAv1.92.ex4,basket
24,PetiteProfitv194,2025-11\PetiteProfitv194\PetiteProfitv194.ex4,basket
24,Z26,2026-07\Z26.ex4,basket
24,Z27,2026-07\Z27.ex4,basket
24,Z30,2026-07\Z30.ex4,basket
24,Z46,2026-07\Z46.ex4,basket
24,Z47,2026-07\Z47.ex4,basket
24,Z52,2026-07\Z52.ex4,basket
24,Z57,2026-07\Z57.ex4,basket
24,Z61,2026-07\Z61.ex4,basket
24,GOLDTRAP,2026-4\GOLDTRAP\GOLDTRAP.ex4,XAUUSD
24,SEAN_Dark_Gold_EA_v9_1,2026-4\SEAN_Dark_Gold_EA_v9_1\SEAN_Dark_Gold_EA_v9_1.ex4,XAUUSD
24,SkyFX EA_fix,2026-4\SkyFX EA_fix\SkyFX EA_fix.ex4,basket
25,SL=2GRIDE NEW,2026-4\SL=2GRIDE NEW\SL=2GRIDE NEW.ex4,basket
25,._Yetti Pro_fix,2026-4\Yetti Pro_fix\__MACOSX\._Yetti Pro_fix.ex4,basket
25,Yetti Pro_fix,2026-4\Yetti Pro_fix\Yetti Pro_fix.ex4,basket
25,GRID BREAKOUT,Rebate\GRID BREAKOUT.ex4,basket
25,Grid_Dynamite_31-01-2024,Rebate\Grid_Dynamite_31-01-2024.ex4,basket
25,LamBow EV Remap V3 (MT4 exp Mar2024),Rebate\LamBow EV Remap V3 (MT4 exp Mar2024).ex4,basket
25,Bonnitta EA MT4 DOWNLOADMQ4.COM,Test EA ok3\Bonnitta EA MT4 DOWNLOADMQ4.COM.ex4,basket
25,Crypto Rebalance BOT,Test EA ok3\EA ok\Crypto Rebalance BOT.ex4,basket
25,._Daylight,Test EA ok3\EA ok\Daylight 1.27\__MACOSX\Experts\._Daylight.ex4,basket
25,Daylight,Test EA ok3\EA ok\Daylight 1.27\Experts\Daylight.ex4,basket
25,DEE-DYNAMIC ROBOT (info),Test EA ok3\EA ok\DEE dynamic\DEE-DYNAMIC ROBOT (info).ex4,basket
25,DEE-DYNAMIC ROBOT (reborn),Test EA ok3\EA ok\DEE dynamic\DEE-DYNAMIC ROBOT (reborn).ex4,basket
25,Forex Tramp 4.0.0 pb,Test EA ok3\EA ok\Forex Tramp EA\Experts\Forex Tramp 4.0.0 pb.ex4,basket
25,Greezly bot Pro,Test EA ok3\EA ok\Greezly Bot Pro\Greezly Bot Pro\Experts\Greezly bot Pro.ex4,basket
25,Nong Tom,Test EA ok3\EA ok\Nong Tom.ex4,basket
25,PA Trend Following,Test EA ok3\EA ok\PA Trend Following.ex4,basket
25,Robot FX Saturn Scalping  1.0,Test EA ok3\EA ok\Robot FX Saturn Scalping  1.0.ex4,basket
25,STO Trend Following,Test EA ok3\EA ok\STO Trend Following.ex4,basket
25,EA-HOKKYDJONG,Test EA ok3\EA-HOKKYDJONG\EA-HOKKYDJONG.ex4,basket
25,Happy Gold v2.0 (Scalp)_fix,Test EA ok3\Happy Gold MT5\Expert\Happy Gold v2.0 (Scalp)_fix.ex4,XAUUSD
25,Pegasus Pro,Test EA ok3\Pegasus Pro  EA  V1.2\MQL4\Experts\Pegasus Pro.ex4,basket
25,Rebalance Project EA EX_2024.03.20 ,Test EA ok3\Rebalance Project EA EX_2024.03.20 .ex4,basket
25,Rebalance Project EA Gold  EX 2024.03.20,Test EA ok3\Rebalance Project EA Gold  EX 2024.03.20.ex4,XAUUSD
25,Tomm_Pending_HedgingGold (18),Test EA ok3\Tomm_Pending_HedgingGold (18)\Tomm_Pending_HedgingGold (18).ex4,XAUUSD
25,Vibrix Group EA _fix,Test EA ok3\Vibrix Group EA OFFICIAL\Vibrix Group EA ORIGINAL\Expert\Vibrix Group EA _fix.ex4,basket
25,PROFIT PLANET  CURRENCY  MT4 ,wait for test\0 - MQ5\EA Profit Planet\PROFIT PLANET  CURRENCY  MT4 .ex4,basket
25,[ELM EA]_Professional_2.0[MT4],wait for test\0 - MQ5\elm\[ELM EA 2.0]\[ELM EA]_Professional_2.0[MT4].ex4,basket
25,Galileo FX_MT4,wait for test\0 - MQ5\Galileo FX EA\EA\Galileo FX_MT4.ex4,basket
25,1 Arrows_Signal,wait for test\0 - MQ5\wealth king nasdaqsoftware\1 Arrows_Signal.ex4,basket
25,Auto channel,wait for test\0 - MQ5\wealth king nasdaqsoftware\Auto channel.ex4,basket
25,breakout-zones,wait for test\0 - MQ5\wealth king nasdaqsoftware\breakout-zones.ex4,basket
25,Brilliant Reversals ,wait for test\0 - MQ5\wealth king nasdaqsoftware\Brilliant Reversals .ex4,basket
25,Buy-Sell_Alerts,wait for test\0 - MQ5\wealth king nasdaqsoftware\Buy-Sell_Alerts.ex4,basket
25,Engulfing Alert,wait for test\0 - MQ5\wealth king nasdaqsoftware\Engulfing Alert.ex4,basket
25,supply-and-demand,wait for test\0 - MQ5\wealth king nasdaqsoftware\supply-and-demand.ex4,basket
25,TextSignal,wait for test\0 - MQ5\wealth king nasdaqsoftware\TextSignal.ex4,basket
25,Forex-Flex-EA-4.85,wait for test\16 sep\New folder\Forex Flex EA v4.91\v4.85\MQL4\Experts\Forex-Flex-EA-4.85.ex4,basket
25,Forex-Flex-EA-4.91,wait for test\16 sep\New folder\Forex Flex EA v4.91\v4.91\MQL4\Experts\Forex-Flex-EA-4.91.ex4,basket
25,FX SCALPER X New Fix,wait for test\16 sep\New folder\FX SCALPER X New Fixed\FX SCALPER X New Fix.ex4,basket
25,Adaptive Trading EA_fix,wait for test\2- OK\Adaptive Trading EA\MQL4\Experts\Adaptive Trading EA_fix.ex4,basket
25,AI SCALPER V2.5,wait for test\2- OK\AI SCALPER V2.5 - RepublicTraders\AI SCALPER V2.5.ex4,basket
25,EA FREEDOM PRO - FULL LICENSE,wait for test\2- OK\CODE EA1104. EA FREEDOM PRO\Experts\EA FREEDOM PRO - FULL LICENSE.ex4,basket
25,DNA Pro4 4012 EA,wait for test\2- OK\DNA Pro4 4012 EA\Experts\DNA Pro4 4012 EA.ex4,basket
25,EA_Mustang_v_3.3 by @SoftechFX_Robot,wait for test\2- OK\EA Mustang v3.3\EA_Mustang_v_3.3 by @SoftechFX_Robot.ex4,basket
25,THE-MONEY-TREE LATEST BY @SoftechFX_Robot,wait for test\2- OK\Money Tree-Update by @SoftechFX_Robot\THE-MONEY-TREE LATEST BY @SoftechFX_Robot.ex4,basket
25,Pirate One 1.6_fix,wait for test\2- OK\Pirate One EA V 1.60\MQL4\Experts\Pirate One 1.6_fix.ex4,basket
25,Scalper_AvtomatFX.com V01.041.001_fix,wait for test\2- OK\Scalper AvtomatFX\MQL4\Experts\Scalper_AvtomatFX.com V01.041.001_fix.ex4,basket
25,Yetti_Robot,wait for test\2- OK\Yetti EA By Mwape Fx\Experts\Yetti_Robot.ex4,basket
25,Yetti Pro. by @SoftechFX_Robot,wait for test\2- OK\YETTI PRO by @SoftechFX_Robot\Yetti Pro. by @SoftechFX_Robot.ex4,basket
25,BuRengNong20.1_Finite,wait for test\31 dec 23\BuRengNong20.1_Finite.ex4,basket
26,DHW  The end of poverty V2,wait for test\31 dec 23\DHW  The end of poverty V2.ex4,basket
26,Dynamic Algo Bot (exp2024),wait for test\31 dec 23\Dynamic Algo Bot (exp2024).ex4,basket
26,EMA,wait for test\31 dec 23\EMA.ex4,basket
26,Gold-TradePro_V2.0-Robot,wait for test\31 dec 23\Experts\Gold-TradePro_V2.0-Robot.ex4,XAUUSD
26,Fibonacci Day Trade,wait for test\31 dec 23\Fibonacci Day Trade.ex4,basket
26,Finding Buffalo 9.22BugFix,wait for test\31 dec 23\Finding Buffalo 9.22BugFix.ex4,basket
26,Fx Corr  (test),wait for test\31 dec 23\Fx Corr  (test).ex4,basket
26,Grid Custom,wait for test\31 dec 23\Grid Custom.ex4,basket
26,OH - Partial Arbitage 3 Pairs STO-ok,wait for test\31 dec 23\OH - Partial Arbitage 3 Pairs STO-ok.ex4,basket
26,11BA_GumkeeOriginal,wait for test\BA\11BA_GumkeeOriginal.ex4,basket
26,BA_AvataricanoV.2.2_YayJun,wait for test\BA\BA_AvataricanoV.2.2_YayJun.ex4,basket
26,BA_AvataricanoV.2,wait for test\BA\BA_AvataricanoV.2.ex4,basket
26,BA_BroTher_BNE,wait for test\BA\BA_BroTher_BNE.ex4,basket
26,BA_Bug seeV.2,wait for test\BA\BA_Bug seeV.2.ex4,basket
26,BA_Bughumnoy,wait for test\BA\BA_Bughumnoy.ex4,basket
26,BA_BughumnoyV.2,wait for test\BA\BA_BughumnoyV.2.ex4,basket
26,BA_BuySellBreakV.4 2312021,wait for test\BA\BA_BuySellBreakV.4 2312021.ex4,basket
26,BA_BuySellBreakV.4,wait for test\BA\BA_BuySellBreakV.4.ex4,basket
26,BA_Cheer!!!! DoyV.8,wait for test\BA\BA_Cheer!!!! DoyV.8.ex4,basket
26,BA_DECEMBER2023MT4,wait for test\BA\BA_DECEMBER2023MT4.ex4,basket
26,BA_E Thohrae,wait for test\BA\BA_E Thohrae.ex4,basket
26,BA_Fate,wait for test\BA\BA_Fate.ex4,basket
26,BA_FATHER,wait for test\BA\BA_FATHER.ex4,basket
26,BA_FATHERV.2,wait for test\BA\BA_FATHERV.2.ex4,basket
26,BA_Gardener,wait for test\BA\BA_Gardener.ex4,basket
26,BA_Handsome_BNE,wait for test\BA\BA_Handsome_BNE.ex4,basket
26,BA_Hua DolV.2,wait for test\BA\BA_Hua DolV.2.ex4,basket
26,BA_HYPER,wait for test\BA\BA_HYPER.ex4,basket
26,BA_Khunphan,wait for test\BA\BA_Khunphan.ex4,basket
26,BA_Loog Saw San SaoyV.2,wait for test\BA\BA_Loog Saw San SaoyV.2.ex4,basket
26,BA_NumbawSawparn,wait for test\BA\BA_NumbawSawparn.ex4,basket
26,BA_OWNER_BNE,wait for test\BA\BA_OWNER_BNE.ex4,basket
26,BA_PorbanjaigraV.10,wait for test\BA\BA_PorbanjaigraV.10.ex4,basket
26,BA_PorbanjaigraV.4,wait for test\BA\BA_PorbanjaigraV.4.ex4,basket
26,BA_PortnoihoiSungV.2forGold,wait for test\BA\BA_PortnoihoiSungV.2forGold.ex4,XAUUSD
26,BA_QataricanoV.2,wait for test\BA\BA_QataricanoV.2.ex4,basket
26,BA_RodjanaV.4,wait for test\BA\BA_RodjanaV.4.ex4,basket
26,BA_RSI PendingV.4.2.2Multi,wait for test\BA\BA_RSI PendingV.4.2.2Multi.ex4,basket
26,BA_SellBuyBreakV.4,wait for test\BA\BA_SellBuyBreakV.4.ex4,basket
26,BA_SemiAutoTradeV.2.2,wait for test\BA\BA_SemiAutoTradeV.2.2.ex4,basket
26,BA_SemiAutoTradeV.2.8Exp.,wait for test\BA\BA_SemiAutoTradeV.2.8Exp..ex4,basket
26,BA_SemiAutoTradeV.2,wait for test\BA\BA_SemiAutoTradeV.2.ex4,basket
26,BA_SnakeSing,wait for test\BA\BA_SnakeSing.ex4,basket
26,BA_SnakeSingV.2,wait for test\BA\BA_SnakeSingV.2.ex4,basket
26,BA_Thai_Ban,wait for test\BA\BA_Thai_Ban.ex4,basket
26,BA_THESUN,wait for test\BA\BA_THESUN.ex4,basket
26,BA_Tiger_Sleep_EatV.4.2.2,wait for test\BA\BA_Tiger_Sleep_EatV.4.2.2.ex4,basket
26,BA_Time BombV.8.2,wait for test\BA\BA_Time BombV.8.2.ex4,basket
26,BA_TITANIC_Rebalance_BNE,wait for test\BA\BA_TITANIC_Rebalance_BNE.ex4,basket
26,BA_TradeAutoEdit_V.2,wait for test\BA\BA_TradeAutoEdit_V.2.ex4,basket
27,BA_Vampire HunterV.2,wait for test\BA\BA_Vampire HunterV.2.ex4,basket
27,BA_VasanaaDeeV.2,wait for test\BA\BA_VasanaaDeeV.2.ex4,basket
27,BA_VasanaaDeeV.4,wait for test\BA\BA_VasanaaDeeV.4.ex4,basket
27,BA_Working HumanV.2,wait for test\BA\BA_Working HumanV.2.ex4,basket
27,BA_YayJun_Mix_MOM_V.2,wait for test\BA\BA_YayJun_Mix_MOM_V.2.ex4,basket
27,Zax Hedging Rebalance_BA,wait for test\BA\Zax Hedging Rebalance_BA.ex4,basket
27,RSI from pips_EA,wait for test\RSI from pips_EA.ex4,basket
27,Aura Gold 3.8,wait for test\test 3\Aura Gold\Aura Gold 3.8.ex4,XAUUSD
27,AW Recovery EA V3.3,wait for test\test 3\AW recovery\AW Recovery EA V3.3.ex4,basket
27,AW-Recovery-EA-v3.30,wait for test\test 3\AW recovery\AW-Recovery-EA-v3.30\AW-Recovery-EA-v3.30.ex4,basket
27,Dark Mimas,wait for test\test 3\Dark\Dark Mimas.ex4,basket
27,Dark Venus,wait for test\test 3\Dark\Dark Venus.ex4,basket
27,MARTAV 77 (Free),wait for test\test 3\MARTAV 77 (Free)\MARTAV 77 (Free).ex4,basket
27,New Sure Fire HedgingV.1.7,wait for test\test 3\New Sure Fire HedgingV.1.7.ex4,basket
27,Yetti Pro,wait for test\test 3\Yetti\Yetti Pro.ex4,basket
27,Yetti3_Mod2_newsWorking,wait for test\test 3\Yetti\Yetti3_Mod2_newsWorking.ex4,basket
27,YettiAUTOTRADE_EN_Fix,wait for test\test 3\Yetti\YettiAUTOTRADE_EN_Fix.ex4,basket
27,Waka Waka EA V4.29,wait for test\Waka Waka EA MT4\Waka Waka EA V4.29.ex4,basket
