"report","window","last_deal","gap_days","gap_pct","eqdd_pct","verdict"
"AB_ADD0_BWD","2020.01.01..2023.01.01","2022.12.30","1","0.1","5.22","OK"
"AB_ADD0_IS","2023.01.01..2026.01.01","2025.12.31","0","0","5.73","OK"
"AB_ADD1_BWD","2020.01.01..2023.01.01","2022.12.30","1","0.1","5.04","OK"
"AB_ADD1_IS","2023.01.01..2026.01.01","2025.12.31","0","0","4.82","OK"
"AB_ADD1K21_IS","2023.01.01..2026.01.01","2025.12.31","0","0","3.5","OK"
"AB_ADD1K9_BWD","2020.01.01..2023.01.01","2022.12.30","1","0.1","5.02","OK"
"AB_ADD1K9_IS","2023.01.01..2026.01.01","2025.12.31","0","0","5.28","OK"
"AB_boss11_rec81_BASE","2024.01.01..2024.07.01","2024.06.28","2","1.1","6.21","OK"
"AB_boss11_rec81_VAR","2024.01.01..2024.07.01","2024.06.28","2","1.1","7.32","OK"
"AB_DON_ETH_PYR3_BWD","2020.01.01..2023.01.01","2022.12.30","1","0.1","5.23","OK"
"AB_DON_ETH_PYR3_IS","2023.01.01..2026.01.01","2025.12.31","0","0","5.78","OK"
"AB_H1STO_BWD","2020.01.01..2023.01.01","2022.12.30","1","0.1","5.27","OK"
"AB_H1STO_IS","2023.01.01..2026.01.01","2025.12.31","0","0","6.98","OK"
"AB_hrs_80_1_AUDNZD_BASE","2023.01.01..2025.12.31","2025.12.30","0","0","5.66","OK"
"AB_hrs_80_1_AUDNZD_VAR","2023.01.01..2025.12.31","2025.12.30","0","0","5.66","OK"
"AB_hrs_81_0_AUDNZD_BASE","2023.01.01..2025.12.31","2025.12.30","0","0","5.66","OK"
"AB_hrs_81_0_AUDNZD_VAR","2023.01.01..2025.12.31","2025.12.30","0","0","5.01","OK"
"AB_hrs_81_1_AUDNZD_BASE","2023.01.01..2025.12.31","2025.12.30","0","0","5.66","OK"
"AB_hrs_81_1_AUDNZD_VAR","2023.01.01..2025.12.31","2025.12.30","0","0","5.01","OK"
"AB_hrs_82_0_AUDNZD_BASE","2023.01.01..2025.12.31","2025.12.30","0","0","5.66","OK"
"AB_hrs_82_0_AUDNZD_VAR","2023.01.01..2025.12.31","2025.12.30","0","0","5.17","OK"
"AB_hrs_82_1_AUDNZD_BASE","2023.01.01..2025.12.31","2025.12.30","0","0","5.66","OK"
"AB_hrs_82_1_AUDNZD_VAR","2023.01.01..2025.12.31","2025.12.30","0","0","5.17","OK"
"AB_hrs_83_0_AUDNZD_BASE","2023.01.01..2025.12.31","2025.12.30","0","0","5.66","OK"
"AB_hrs_83_0_AUDNZD_VAR","2023.01.01..2025.12.31","2025.12.30","0","0","7.49","OK"
"AB_hrs_83_1_AUDNZD_BASE","2023.01.01..2025.12.31","2025.12.30","0","0","5.66","OK"
"AB_hrs_83_1_AUDNZD_VAR","2023.01.01..2025.12.31","2025.12.30","0","0","7.49","OK"
"AB_order027_audnzd_atrtp25_BASE","2023.01.01..2026.07.01","2026.06.30","0","0","4.26","OK"
"AB_order027_audnzd_atrtp25_VAR","2023.01.01..2026.07.01","2026.06.30","0","0","10.85","OK"
"AB_order027_audnzd_atrtp32_BASE","2023.01.01..2026.07.01","2026.06.30","0","0","4.26","OK"
"AB_order027_audnzd_atrtp32_VAR","2023.01.01..2026.07.01","2026.06.30","0","0","11.17","OK"
"AB_order027_audnzd_atrtp35_BASE","2023.01.01..2026.07.01","2026.06.30","0","0","4.26","OK"
"AB_order027_audnzd_atrtp35_VAR","2023.01.01..2026.07.01","2026.06.30","0","0","6.74","OK"
"AB_order027_audnzd_atrtp5_BASE","2023.01.01..2026.07.01","2026.06.30","0","0","4.26","OK"
"AB_order027_audnzd_atrtp5_VAR","2023.01.01..2026.07.01","2026.05.26","35.1","2.7","14.35","OK"
"AB_order029b_xau_slcap6_BASE","2023.01.01..2026.07.01","2026.01.30","151.9","11.9","23.34","SUSPECT"
"AB_order029b_xau_slcap6_VAR","2023.01.01..2026.07.01","2026.01.30","151.9","11.9","23.34","SUSPECT"
"AB_PA_BWD","2020.01.01..2023.01.01","2022.12.30","1","0.1","5.83","OK"
"AB_PA_IS","2023.01.01..2026.01.01","2025.12.31","0","0","5.94","OK"
"AB_PAH1_BWD","2020.01.01..2023.01.01","2022.12.30","1","0.1","5.52","OK"
"AB_PAH1_IS","2023.01.01..2026.01.01","2025.12.31","0","0","6.22","OK"
"AB_PAX_H4_BWD","2020.01.01..2023.01.01","2022.12.30","1","0.1","6.08","OK"
"AB_PAX_H4_IS","2023.01.01..2026.01.01","2025.12.31","0","0","5.32","OK"
"ADGATE_AB_off_M4","2019.01.01..2026.01.01","2025.12.31","0","0","12.29","OK"
"ADGATE_AB_on_M4","2019.01.01..2026.01.01","2025.12.31","0","0","5.39","OK"
"ADGATE_NEUT_NEWoff","2023.01.01..2026.01.01","2025.12.31","0.2","0","3.95","OK"
"ADGATE_NEUT_OLD","2023.01.01..2026.01.01","2025.12.31","0.2","0","3.95","OK"
"AGOIL_WTI_H1_buy_1922","2019.01.01..2022.01.01","2021.12.31","0","0","46.92","OK"
"AGOIL_WTI_H1_sell","2023.01.01..2026.01.01","2025.12.31","0","0","20.78","OK"
"AGOIL_WTI_H1_sell_1922","2019.01.01..2022.01.01","2021.12.31","0","0","55.36","OK"
"AGOIL_WTI_H1_smoke","2023.01.01..2026.01.01","2025.12.31","0","0","31.31","OK"
"AGP1_DN2326_BUY_st0p01","2023.01.01..2026.01.01","2025.12.31","0","0","31.52","OK"
"AGP1_DN2326_BUY_st0p02","2023.01.01..2026.01.01","2025.12.31","0","0","31.41","OK"
"AGP1_DN2326_BUY_st0p04","2023.01.01..2026.01.01","2025.12.31","0","0","31.54","OK"
"AGP1_DN2326_BUY_st0p08","2023.01.01..2026.01.01","2025.12.31","0","0","29.55","OK"
"AGP1_DN2326_BUY_st0p15","2023.01.01..2026.01.01","2025.12.31","0","0","29.59","OK"
"AGP1_DN2326_SELL_st0p01","2023.01.01..2026.01.01","2025.12.31","0","0","20.89","OK"
"AGP1_DN2326_SELL_st0p02","2023.01.01..2026.01.01","2025.12.31","0","0","20.97","OK"
"AGP1_DN2326_SELL_st0p04","2023.01.01..2026.01.01","2025.12.31","0","0","20.82","OK"
"AGP1_DN2326_SELL_st0p08","2023.01.01..2026.01.01","2025.12.31","0","0","20.77","OK"
"AGP1_DN2326_SELL_st0p15","2023.01.01..2026.01.01","2025.12.31","0","0","20.77","OK"
"AGP1_UP1922_BUY_st0p01","2019.01.01..2022.01.01","2021.12.31","0","0","40.97","OK"
"AGP1_UP1922_BUY_st0p02","2019.01.01..2022.01.01","2021.12.31","0","0","39.75","OK"
"AGP1_UP1922_BUY_st0p04","2019.01.01..2022.01.01","2021.12.31","0","0","39.57","OK"
"AGP1_UP1922_BUY_st0p08","2019.01.01..2022.01.01","2021.12.31","0","0","46.72","OK"
"AGP1_UP1922_BUY_st0p15","2019.01.01..2022.01.01","2021.12.31","0","0","47.57","OK"
"AGP1_UP1922_SELL_st0p01","2019.01.01..2022.01.01","2021.12.31","0","0","54.9","OK"
"AGP1_UP1922_SELL_st0p02","2019.01.01..2022.01.01","2021.12.31","0","0","54.66","OK"
"AGP1_UP1922_SELL_st0p04","2019.01.01..2022.01.01","2021.12.31","0","0","55.13","OK"
"AGP1_UP1922_SELL_st0p08","2019.01.01..2022.01.01","2021.12.31","0","0","55.11","OK"
"AGP1_UP1922_SELL_st0p15","2019.01.01..2022.01.01","2021.12.31","0","0","55.18","OK"
"AGP2_DN2326_BUY_st0p02","2023.01.01..2026.01.01","2025.12.31","0","0","29.21","OK"
"AGP2_DN2326_BUY_st0p05","2023.01.01..2026.01.01","2025.12.31","0","0","28.14","OK"
"AGP2_DN2326_BUY_st0p1","2023.01.01..2026.01.01","2025.12.31","0","0","19.09","OK"
"AGP2_DN2326_SELL_st0p02","2023.01.01..2026.01.01","2025.12.31","0","0","15.09","OK"
"AGP2_DN2326_SELL_st0p05","2023.01.01..2026.01.01","2025.12.31","0","0","14.06","OK"
"AGP2_DN2326_SELL_st0p1","2023.01.01..2026.01.01","2025.12.31","0","0","14.03","OK"
"AGP2_UP1922_BUY_st0p02","2019.01.01..2022.01.01","2021.12.31","0","0","27.83","OK"
"AGP2_UP1922_BUY_st0p05","2019.01.01..2022.01.01","2021.12.31","0","0","20.67","OK"
"AGP2_UP1922_BUY_st0p1","2019.01.01..2022.01.01","2021.12.31","0","0","11.35","OK"
"AGP2_UP1922_SELL_st0p02","2019.01.01..2022.01.01","2021.12.31","0","0","24.24","OK"
"AGP2_UP1922_SELL_st0p05","2019.01.01..2022.01.01","2021.12.31","0","0","24.7","OK"
"AGP2_UP1922_SELL_st0p1","2019.01.01..2022.01.01","2021.12.31","0","0","20.72","OK"
"AGP3_DN2326_st0p05","2023.01.01..2026.01.01","2025.12.31","0","0","27.89","OK"
"AGP3_DN2326_st0p1","2023.01.01..2026.01.01","2025.12.31","0","0","18.88","OK"
"AGP3_FULL1926_st0p05","2019.01.01..2026.01.01","2025.12.31","0","0","22","OK"
"AGP3_FULL1926_st0p08","2019.01.01..2026.01.01","2025.12.31","0","0","29.43","OK"
"AGP3_FULL1926_st0p1","2019.01.01..2026.01.01","2025.12.31","0","0","26.19","OK"
"AGP3_UP1922_st0p05","2019.01.01..2022.01.01","2021.12.31","0","0","19.65","OK"
"AGP3_UP1922_st0p1","2019.01.01..2022.01.01","2021.12.31","0","0","17.9","OK"
"AGP3B_d0p7_t0p7","2019.01.01..2026.01.01","2025.12.31","0","0","38.19","OK"
"AGP3B_d0p7_t1","2019.01.01..2026.01.01","2025.12.31","0","0","21.77","OK"
"AGP3B_d0p7_t1p5","2019.01.01..2026.01.01","2025.12.31","0","0","84.68","OK"
"AGP3B_d1_t0p7","2019.01.01..2026.01.01","2025.12.31","0","0","48.87","OK"
"AGP3B_d1_t1","2019.01.01..2026.01.01","2025.12.31","0","0","22","OK"
"AGP3B_d1_t1p5","2019.01.01..2026.01.01","2025.12.31","0","0","33.25","OK"
"AGP3B_d1p5_t0p7","2019.01.01..2026.01.01","2025.12.31","0","0","24.65","OK"
"AGP3B_d1p5_t1","2019.01.01..2026.01.01","2025.12.31","0","0","25.16","OK"
"AGP3B_d1p5_t1p5","2019.01.01..2026.01.01","2025.12.31","0","0","39.83","OK"
"AGP3B_d2_t1","2019.01.01..2026.01.01","2025.12.31","0","0","21.67","OK"
"AGP3B_slow_e100l20","2019.01.01..2026.01.01","2025.12.31","0","0","39.82","OK"
"AGP3B_slow_e100l40","2019.01.01..2026.01.01","2025.12.31","0","0","53.11","OK"
"AGP3B_slow_e200l40","2019.01.01..2026.01.01","2025.12.31","0","0","35.74","OK"
"AGP4_A_d1t1_BRENT_H1","2019.01.01..2026.01.01","2025.12.31","0.1","0","58.55","OK"
"AGP4_A_d1t1_BRENT_H4","2019.01.01..2026.01.01","2025.12.31","0","0","41.11","OK"
"AGP4_A_d1t1_WTI_H4","2019.01.01..2026.01.01","2025.12.31","0","0","32.58","OK"
"AGP4_B_d1t1p5_BRENT_H1","2019.01.01..2026.01.01","2025.12.31","0.1","0","36.6","OK"
"AGP4_B_d1t1p5_BRENT_H4","2019.01.01..2026.01.01","2025.12.31","0","0","40.41","OK"
"AGP4_B_d1t1p5_WTI_H4","2019.01.01..2026.01.01","2025.12.31","0","0","39.59","OK"
"AGP5_AUDUSD","2021.01.01..2026.01.01","2025.12.31","0","0","63.31","OK"
"AGP5_BTCUSD","2021.01.01..2026.01.01","2025.12.31","0","0","74.23","OK"
"AGP5_ETHUSD","2021.01.01..2026.01.01","2025.12.31","0","0","64.18","OK"
"AGP5_EURUSD","2021.01.01..2026.01.01","2025.12.31","0","0","34.86","OK"
"AGP5_GBPUSD","2021.01.01..2026.01.01","2021.01.04","1823","99.8","54.46","SUSPECT"
"AGP5_NAS100","2021.01.01..2026.01.01","2025.12.31","0","0","52.92","OK"
"AGP5_SOLUSD","2021.01.01..2026.01.01","2025.12.31","0","0","1.45","OK"
"AGP5_USDJPY","2021.01.01..2026.01.01","2025.12.31","0","0","92.38","OK"
"AGP5_XAUUSD","2021.01.01..2026.01.01","2025.12.31","0","0","87.91","OK"
"AGP6_AUDNZD_d0p7_t0p8","2019.01.01..2026.01.01","2025.12.31","0","0","18.84","OK"
"AGP6_AUDNZD_d0p7_t1p2","2019.01.01..2026.01.01","2025.12.31","0","0","13.7","OK"
"AGP6_AUDNZD_d0p7_t1p8","2019.01.01..2026.01.01","2025.12.31","0","0","14.05","OK"
"AGP6_AUDNZD_d1_t0p8","2019.01.01..2026.01.01","2025.12.31","0","0","18.88","OK"
"AGP6_AUDNZD_d1_t1p2","2019.01.01..2026.01.01","2025.12.31","0","0","13.69","OK"
"AGP6_AUDNZD_d1_t1p8","2019.01.01..2026.01.01","2025.12.31","0","0","14.05","OK"
"AGP6_AUDNZD_d1p5_t0p8","2019.01.01..2026.01.01","2025.12.31","0","0","19.08","OK"
"AGP6_AUDNZD_d1p5_t1p2","2019.01.01..2026.01.01","2025.12.31","0","0","13.78","OK"
"AGP6_AUDNZD_d1p5_t1p8","2019.01.01..2026.01.01","2025.12.31","0","0","14.05","OK"
"AGP6_BTCUSD_d0p7_t0p8","2019.01.01..2026.01.01","2025.03.18","288","11.3","99.5","SUSPECT"
"AGP6_BTCUSD_d0p7_t1p2","2019.01.01..2026.01.01","2025.12.31","0","0","85.87","OK"
"AGP6_BTCUSD_d0p7_t1p8","2019.01.01..2026.01.01","2024.08.22","496.6","19.4","99.76","SUSPECT"
"AGP6_BTCUSD_d1_t0p8","2019.01.01..2026.01.01","2024.08.21","498","19.5","99.84","SUSPECT"
"AGP6_BTCUSD_d1_t1p2","2019.01.01..2026.01.01","2025.12.31","0","0","76.37","OK"
"AGP6_BTCUSD_d1_t1p8","2019.01.01..2026.01.01","2025.12.31","0","0","58.88","OK"
"AGP6_BTCUSD_d1p5_t0p8","2019.01.01..2026.01.01","2025.12.31","0","0","82.7","OK"
"AGP6_BTCUSD_d1p5_t1p2","2019.01.01..2026.01.01","2025.12.31","0","0","30.92","OK"
"AGP6_BTCUSD_d1p5_t1p8","2019.01.01..2026.01.01","2025.12.31","0","0","41.42","OK"
"AGP6_EURUSD_d0p7_t0p8","2019.01.01..2026.01.01","2025.12.31","0","0","31.99","OK"
"AGP6_EURUSD_d0p7_t1p2","2019.01.01..2026.01.01","2025.12.31","0","0","45.84","OK"
"AGP6_EURUSD_d0p7_t1p8","2019.01.01..2026.01.01","2025.12.31","0","0","20.71","OK"
"AGP6_EURUSD_d1_t0p8","2019.01.01..2026.01.01","2025.12.31","0","0","31.9","OK"
"AGP6_EURUSD_d1_t1p2","2019.01.01..2026.01.01","2025.12.31","0","0","50.57","OK"
"AGP6_EURUSD_d1_t1p8","2019.01.01..2026.01.01","2025.12.31","0","0","20.67","OK"
"AGP6_EURUSD_d1p5_t0p8","2019.01.01..2026.01.01","2025.12.31","0","0","32.42","OK"
"AGP6_EURUSD_d1p5_t1p2","2019.01.01..2026.01.01","2025.12.31","0","0","29.59","OK"
"AGP6_EURUSD_d1p5_t1p8","2019.01.01..2026.01.01","2025.12.31","0","0","21.18","OK"
"AGP7_AUDCAD_FULL_t1p2","2019.01.01..2026.01.01","2025.12.31","0","0","29.86","OK"
"AGP7_AUDCAD_FULL_t1p8","2019.01.01..2026.01.01","2025.12.31","0","0","83.94","OK"
"AGP7_AUDNZD_DN_t1p2","2023.01.01..2026.01.01","2025.12.31","0","0","7.53","OK"
"AGP7_AUDNZD_DN_t1p8","2023.01.01..2026.01.01","2025.12.31","0","0","6.63","OK"
"AGP7_AUDNZD_UP_t1p2","2019.01.01..2022.01.01","2021.12.31","0","0","14.01","OK"
"AGP7_AUDNZD_UP_t1p8","2019.01.01..2022.01.01","2021.12.31","0","0","14.82","OK"
"AGP7_EURCHF_FULL_t1p2","2019.01.01..2026.01.01","2025.12.31","0","0","31.32","OK"
"AGP7_EURCHF_FULL_t1p8","2019.01.01..2026.01.01","2025.12.31","0","0","85.6","OK"
"AGP7_EURGBP_FULL_t1p2","2019.01.01..2026.01.01","2025.12.31","0","0","54.56","OK"
"AGP7_EURGBP_FULL_t1p8","2019.01.01..2026.01.01","2025.12.31","0","0","20.28","OK"
"AGP7_EURUSD_DN_t1p8","2023.01.01..2026.01.01","2025.12.31","0","0","85.56","OK"
"AGP7_EURUSD_UP_t1p8","2019.01.01..2022.01.01","2021.12.31","0","0","22.17","OK"
"AGP7_NZDCAD_FULL_t1p2","2019.01.01..2026.01.01","2025.12.31","0","0","21.64","OK"
"AGP7_NZDCAD_FULL_t1p8","2019.01.01..2026.01.01","2025.12.31","0","0","30.81","OK"
"AGP8_AUDCAD_DN","2023.01.01..2026.01.01","2025.12.31","0","0","63.9","OK"
"AGP8_AUDCAD_UP","2019.01.01..2022.01.01","2021.12.31","0","0","28.25","OK"
"AGP8_AUDNZD_DN_M4","2023.01.01..2026.01.01","2025.12.31","0","0","22.44","OK"
"AGP8_AUDNZD_UP_M4","2019.01.01..2022.01.01","2021.12.31","0","0","38.7","OK"
"AGP8_EURCHF_DN","2023.01.01..2026.01.01","2025.12.31","0","0","25.04","OK"
"AGP8_EURCHF_UP","2019.01.01..2022.01.01","2021.12.31","0","0","25.68","OK"
"AGP8_NZDCAD_DN","2023.01.01..2026.01.01","2025.12.31","0","0","17.61","OK"
"AGP8_NZDCAD_UP","2019.01.01..2022.01.01","2021.12.31","0","0","12.15","OK"
"AlligAO_EURUSD_H1_smoke","2023.01.01..2026.01.01","2025.12.18","13.5","1.2","1.25","OK"
"AlligAO_EURUSD_H4_smoke","2023.01.01..2026.01.01","2025.09.24","98.5","9","1.71","OK"
"AlligAO_GBPUSD_H1_smoke","2023.01.01..2026.01.01","2025.12.23","8.3","0.8","3.75","OK"
"AlligAO_GBPUSD_H4_smoke","2023.01.01..2026.01.01","2025.01.06","359.5","32.8","2.93","QUIET_TAIL"
"AlligAO_XAUUSD_H1_smoke","2023.01.01..2026.01.01","2025.12.04","27.3","2.5","17.47","OK"
"AlligAO_XAUUSD_H4_smoke","2023.01.01..2026.01.01","2025.11.06","55.5","5.1","10.29","OK"
"ARAN_EURUSD_H1_utc3","2023.01.01..2026.06.01","2026.05.29","2","0.2","0.91","OK"
"ARAN_GBPJPY_H1_smoke","2023.01.01..2026.06.01","2026.05.29","2.3","0.2","2.86","OK"
"ARAN_GBPUSD_H1_utc3","2023.01.01..2026.06.01","2026.05.29","2.4","0.2","1.13","OK"
"ARAN_USDJPY_H1_smoke","2023.01.01..2026.06.01","2026.05.27","4.3","0.3","1.01","OK"
"ART_AsReMix_FULL6Y","2020.01.01..2026.07.01","2026.06.30","0.8","0","16.37","OK"
"ART_AsReMix_M4","2025.07.01..2026.07.01","2026.06.30","0.8","0.2","15.28","OK"
"ART_AsReMix_M4_2022","2022.01.01..2023.01.01","2022.12.30","1.2","0.3","8.91","OK"
"ART_GapinFX_BWDOOS","2020.01.01..2023.01.01","2022.03.28","278.5","25.4","95.7","SUSPECT"
"ART_punfixlot_BWDOOS","2020.01.01..2023.01.01","2022.12.30","1","0.1","83.08","OK"
"ART_punfixlot_USDJPY_FULL","2023.01.01..2026.07.01","2026.06.30","0","0","17.66","OK"
"ART_punfixlot_USDJPY_M4","2025.07.01..2026.07.01","2026.06.30","0","0","3.42","OK"
"ASIA_XAU_M30_SMOKE_MAIN","2023.01.01..2025.12.31","2025.12.18","12.3","1.1","1.48","OK"
"ASSERT_TEST_L1","2024.01.01..2024.07.01","2024.06.28","2.4","1.3","2.6","OK"
"ASSERT_TEST_L2","2024.01.01..2024.07.01","2024.06.28","2.4","1.3","2.6","OK"
"B14_AUDNZD_BASE_2022","2022.01.01..2023.01.01","2022.11.21","41","11.2","6.71","QUIET_TAIL"
"B14_AUDNZD_BASE_2425","2024.01.01..2025.01.01","2024.12.31","0","0","2.18","OK"
"B14_AUDNZD_DYN_2022","2022.01.01..2023.01.01","2022.09.30","92","25.2","2.71","QUIET_TAIL"
"B14_AUDNZD_DYN_2425","2024.01.01..2025.01.01","2024.12.31","0","0","6.99","OK"
"B14_AUDNZD_DYN100_2022","2022.01.01..2023.01.01","2022.11.21","41","11.2","6.33","QUIET_TAIL"
"B14_AUDNZD_DYN100_2425","2024.01.01..2025.01.01","2024.12.31","0","0","2.95","OK"
"B14_AUDNZD_FIB_2425","2024.01.01..2025.01.01","2024.11.25","37","10.1","6.65","QUIET_TAIL"
"B14_AUDNZD_FIBs1_2022","2022.01.01..2023.01.01","2022.11.21","41","11.2","8.89","QUIET_TAIL"
"B14_AUDNZD_FIBs1_2425","2024.01.01..2025.01.01","2024.11.25","37","10.1","5.55","QUIET_TAIL"
"B14_AUDNZD_FIBs2_2425","2024.01.01..2025.01.01","2024.11.25","37","10.1","6.25","QUIET_TAIL"
"B14_AUDNZD_FIBs3_2425","2024.01.01..2025.01.01","2024.11.25","37","10.1","6.65","QUIET_TAIL"
"B16VAL_M0_CONFIRM","2023.01.01..2026.07.01","2026.06.30","0.7","0.1","7.15","OK"
"B16VAL_STEP0_REPRO","2023.01.01..2026.07.01","2026.06.30","0.7","0.1","7.08","OK"
"B16VAL_YR2020","2020.01.01..2021.01.01","2020.12.03","28.8","7.9","6.14","OK"
"B16VAL_YR2021","2021.01.01..2022.01.01","2021.12.29","2.3","0.6","9.73","OK"
"B16VAL_YR2022","2022.01.01..2023.01.01","2022.12.22","9.1","2.5","2.27","OK"
"B16VAL_YR2023","2023.01.01..2024.01.01","2023.12.13","18.1","5","7.08","OK"
"B16VAL_YR2024","2024.01.01..2025.01.01","2024.12.19","12.9","3.5","5.92","OK"
"B16VAL_YR2025","2025.01.01..2026.01.01","2025.12.30","1.9","0.5","2.61","OK"
"B16VAL_YR2026H1","2026.01.01..2026.07.01","2026.06.30","0.7","0.4","4.17","OK"
"BASKET_medH4_FULL","2020.01.01..2026.07.01","2026.04.30","61.5","2.6","6.83","OK"
"BASKET_slowH1_FULL","2020.01.01..2026.07.01","2026.06.29","1.3","0.1","5.26","OK"
"BEHAV_L1_NOW","2024.01.01..2024.07.01","2024.01.17","165.3","90.8","25.08","SUSPECT"
"BM091B_1_1_23","2020.01.01..2022.12.31","2020.02.12","1052.2","96.1","65.69","SUSPECT"
"BM091B_1_16_23","2020.01.01..2022.12.31","2022.12.30","0","0","82.4","OK"
"BM091B_1_16_31","2020.01.01..2022.12.31","2022.12.30","0","0","96","OK"
"BM091B_1_18_26","2020.01.01..2022.12.31","2022.12.14","16.5","1.5","28.61","OK"
"BOSS14_AUDCAD_FULL_ISPICK_M1","2023.01.01..2026.07.01","2026.05.13","48.2","3.8","6.38","OK"
"BOSS14_AUDCAD_M4CONFIRM","2024.01.01..2026.07.01","2026.05.13","48.2","5.3","3.19","OK"
"BOSS14_AUDCAD_OOS_M1","2025.07.01..2026.07.01","2026.06.30","0","0","2.19","OK"
"BOSS14_AUDJPY_PARITY_M1","2025.01.01..2026.07.01","2026.06.30","0","0","17.09","OK"
"BOSS14_AUDJPY_PARITY4_M1","2025.01.01..2026.07.01","2026.06.05","25.3","4.6","15.75","OK"
"BOSS14_AUDJPY_PARITY5_M1","2025.01.01..2026.07.01","2026.06.30","0","0","9.34","OK"
"BOSS14_AUDNZD_FULL_ISPICK_M1","2023.01.01..2026.07.01","2026.06.30","0","0","4.26","OK"
"BOSS14_AUDNZD_M4CONFIRM","2024.01.01..2026.07.01","2026.06.30","0","0","2.26","OK"
"BOSS14_AUDNZD_OOS_M1","2025.07.01..2026.07.01","2026.06.30","0","0","2.37","OK"
"BOSS14_CADJPY_FULL_ISPICK_M1","2023.01.01..2026.07.01","2026.04.30","61.5","4.8","3.71","OK"
"BOSS14_CADJPY_M4CONFIRM","2024.01.01..2026.07.01","2024.07.11","719.3","78.9","1.95","QUIET_TAIL"
"BOSS14_CADJPY_OOS_M1","2025.07.01..2026.07.01","2026.06.30","0","0","2.83","OK"
"BOSS14_EURCAD_OOS_M1","2025.07.01..2026.07.01","2026.06.30","0","0","12.7","OK"
"BOSS14_EURJPY_FULL_ISPICK_M1","2023.01.01..2026.07.01","2026.06.30","0","0","6","OK"
"BOSS14_EURJPY_M4CONFIRM","2024.01.01..2026.07.01","2026.06.30","0","0","10.02","OK"
"BOSS14_EURJPY_OOS_M1","2025.07.01..2026.07.01","2026.06.30","0","0","4.25","OK"
"BOSS14_EURUSD_FULL_ISPICK_M1","2023.01.01..2026.07.01","2025.02.03","513","40.2","4.39","QUIET_TAIL"
"BOSS14_EURUSD_M4CONFIRM","2024.01.01..2026.07.01","2025.02.03","513","56.2","4.5","QUIET_TAIL"
"BOSS14_EURUSD_OOS_M1","2025.07.01..2026.07.01","2026.06.30","0","0","1.55","OK"
"BOSS14_GBPAUD_OOS_P26_M1","2025.07.01..2026.07.01","2025.08.25","310","84.9","5.93","QUIET_TAIL"
"BOSS14_GBPAUD_P26_M1","2023.01.01..2026.07.01","2025.04.04","452.2","35.4","4.42","QUIET_TAIL"
"BOSS14_GBPJPY_OOS_M1","2025.07.01..2026.07.01","2026.06.30","0","0","4.79","OK"
"BOSS14_GBPUSD_OOS_M1","2025.07.01..2026.07.01","2026.06.18","12.5","3.4","9.65","OK"
"BOSS14_NZDUSD_FULL_ISPICK_M1","2023.01.01..2026.07.01","2026.06.30","0","0","3.45","OK"
"BOSS14_NZDUSD_OOS_M1","2025.07.01..2026.07.01","2026.06.25","6","1.6","1.07","OK"
"BOSS14_NZDUSD_SELL_FULL_ISPICK_M1","2023.01.01..2026.07.01","2026.06.30","0","0","3.45","OK"
"BOSS14_NZDUSD_SELL_OOS_M1","2025.07.01..2026.07.01","2026.06.25","6","1.6","1.07","OK"
"BOSS14_SWEEP_EURCAD_M1","2023.01.01..2026.07.01","2023.10.09","995.2","77.9","26.16","SUSPECT"
"BOSS14_SWEEP_EURCHF_M1","2023.01.01..2026.07.01","2023.07.20","1077","84.3","25.11","SUSPECT"
"BOSS14_SWEEP_EURJPY_M1","2023.01.01..2026.07.01","2024.10.31","607.6","47.6","26.66","SUSPECT"
"BOSS14_SWEEP_GBPAUD_M1","2023.01.01..2026.07.01","2025.04.09","447.6","35.1","20.13","SUSPECT"
"BOSS14_SWEEP_USDJPY_M1","2023.01.01..2026.07.01","2023.12.28","916","71.7","25.42","SUSPECT"
"BOSS14_SWEEP2_AUDCAD_M1","2023.01.01..2026.07.01","2026.06.30","0","0","8.65","OK"
"BOSS14_SWEEP2_AUDNZD_M1","2023.01.01..2026.07.01","2026.06.30","0","0","5.72","OK"
"BOSS14_SWEEP2_CADJPY_M1","2023.01.01..2026.07.01","2026.06.30","0","0","5.31","OK"
"BOSS14_SWEEP2_EURJPY_M1","2023.01.01..2026.07.01","2026.06.30","0","0","19.14","OK"
"BOSS14_SWEEP2_EURUSD_M1","2023.01.01..2026.07.01","2026.06.30","0","0","16.91","OK"
"BOSS14_SWEEP2_GBPJPY_M1","2023.01.01..2026.07.01","2026.06.30","0","0","10.28","OK"
"BOSS14_SWEEP2_GBPUSD_M1","2023.01.01..2026.07.01","2026.06.30","0","0","11.73","OK"
"BOSS14_SWEEP2_NZDJPY_M1","2023.01.01..2026.07.01","2026.06.30","0","0","7.3","OK"
"BOSS14_SWEEP2_NZDUSD_M1","2023.01.01..2026.07.01","2024.10.04","634.4","49.7","5.95","QUIET_TAIL"
"BOSS14_SWEEP2_USDCAD_M1","2023.01.01..2026.07.01","2025.02.03","513","40.2","8.13","QUIET_TAIL"
"BOSS14_SWEEP2_USDCHF_M1","2023.01.01..2026.07.01","2024.05.01","790.6","61.9","9.23","QUIET_TAIL"
"BOSS14_SWEEP2_USDJPY_M1","2023.01.01..2026.07.01","2026.06.30","0","0","7.8","OK"
"BOSS14_USDCAD_FULL_ISPICK_M1","2023.01.01..2026.07.01","2025.02.03","513","40.2","3.61","QUIET_TAIL"
"BOSS14_USDCAD_OOS_M1","2025.07.01..2026.07.01","2026.06.30","0","0","1.84","OK"
"BOSS14_USDJPY_FULL_ISPICK_M1","2023.01.01..2026.07.01","2026.06.30","0","0","6.15","OK"
"BOSS14_USDJPY_M4CONFIRM","2024.01.01..2026.07.01","2026.06.30","0","0","3.84","OK"
"BOSS14_USDJPY_OOS_M1","2025.07.01..2026.07.01","2026.06.30","0","0","3.63","OK"
"BOSS14_XAU_FULL_ISPICK_M1","2023.01.01..2026.07.01","2026.01.30","151.9","11.9","23.34","SUSPECT"
"BOSS14_XAU_M4CONFIRM","2024.01.01..2026.07.01","2026.01.30","151.9","16.7","19.95","SUSPECT"
"BOSS14_XAU_OOS_M1","2025.07.01..2026.07.01","2026.01.30","151.9","41.6","27.02","SUSPECT"
"BOSS16_KANG_XAU_H1_BUY","2023.01.01..2026.07.01","2026.06.30","0.7","0.1","10.85","OK"
"BOSS16_KANG_XAU_H1_SELL","2023.01.01..2026.07.01","2024.03.08","844.2","66.1","25.12","SUSPECT"
"BRK_BOTH_BWD","2020.01.01..2023.01.01","2022.12.05","26.9","2.5","0.67","OK"
"BRK_BOTH_FWD","2025.01.01..2026.07.01","2026.04.29","62.3","11.4","2.16","QUIET_TAIL"
"BRK_BOTH_HOLDOUT","2023.01.01..2025.01.01","2024.11.22","39.8","5.4","0.87","OK"
"BRK_BUYONLY_BWD","2020.01.01..2023.01.01","2022.12.05","26.9","2.5","0.65","OK"
"BRK_BUYONLY_FWD","2025.01.01..2026.07.01","2026.03.02","120.9","22.1","2.15","QUIET_TAIL"
"BRK_BUYONLY_HOLDOUT","2023.01.01..2025.01.01","2024.11.22","39.8","5.4","0.86","OK"
"BRK_FULLSPAN","2020.01.01..2026.07.01","2026.03.02","120.9","5.1","2.09","OK"
"BRKGBPH4_c0_IS","2023.01.01..2025.06.01","2025.05.27","4.5","0.5","1.09","OK"
"BRKGBPH4_c0_OOS","2025.06.01..2026.06.01","2026.05.26","5.2","1.4","0.45","OK"
"BRKGBPH4_c1_IS","2023.01.01..2025.06.01","2025.05.27","4.5","0.5","0.88","OK"
"BRKGBPH4_c1_OOS","2025.06.01..2026.06.01","2026.05.26","5.2","1.4","0.58","OK"
"BRKGBPH4_c2_IS","2023.01.01..2025.06.01","2025.05.27","4.5","0.5","0.83","OK"
"BRKGBPH4_c2_OOS","2025.06.01..2026.06.01","2026.05.25","7","1.9","0.35","OK"
"BRKGBPH4_c3_IS","2023.01.01..2025.06.01","2025.05.27","4.5","0.5","0.69","OK"
"BRKGBPH4_c3_OOS","2025.06.01..2026.06.01","2026.05.25","7","1.9","0.39","OK"
"BRKGBPH4_c4_IS","2023.01.01..2025.06.01","2025.05.27","4.5","0.5","0.8","OK"
"BRKGBPH4_c4_OOS","2025.06.01..2026.06.01","2026.05.25","7","1.9","0.31","OK"
"BRKGBPH4_c5_IS","2023.01.01..2025.06.01","2025.05.27","4.5","0.5","0.69","OK"
"BRKGBPH4_c5_OOS","2025.06.01..2026.06.01","2026.05.25","7","1.9","0.33","OK"
"BRKJPY_c0_IS","2023.01.01..2024.12.31","2024.12.30","1","0.1","0.21","OK"
"BRKJPY_c0_OOS","2025.01.01..2026.06.01","2026.05.28","3.5","0.7","0.24","OK"
"BRKJPY_c1_IS","2023.01.01..2024.12.31","2024.12.30","1","0.1","0.2","OK"
"BRKJPY_c1_OOS","2025.01.01..2026.06.01","2026.05.27","4.1","0.8","0.29","OK"
"BRKJPY_c10_IS","2023.01.01..2024.12.31","2024.12.27","3.2","0.4","0.16","OK"
"BRKJPY_c10_OOS","2025.01.01..2026.06.01","2026.05.28","3.5","0.7","0.35","OK"
"BRKJPY_c11_IS","2023.01.01..2024.12.31","2024.12.27","3.2","0.4","0.2","OK"
"BRKJPY_c11_OOS","2025.01.01..2026.06.01","2026.05.28","3.7","0.7","0.35","OK"
"BRKJPY_c2_IS","2023.01.01..2024.12.31","2024.12.30","1","0.1","0.24","OK"
"BRKJPY_c2_OOS","2025.01.01..2026.06.01","2026.05.28","3.7","0.7","0.37","OK"
"BRKJPY_c3_IS","2023.01.01..2024.12.31","2024.12.26","4.3","0.6","0.19","OK"
"BRKJPY_c3_OOS","2025.01.01..2026.06.01","2026.05.28","3.5","0.7","0.21","OK"
"BRKJPY_c4_IS","2023.01.01..2024.12.31","2024.12.27","3.2","0.4","0.16","OK"
"BRKJPY_c4_OOS","2025.01.01..2026.06.01","2026.05.27","4.1","0.8","0.29","OK"
"BRKJPY_c5_IS","2023.01.01..2024.12.31","2024.12.27","3.2","0.4","0.2","OK"
"BRKJPY_c5_OOS","2025.01.01..2026.06.01","2026.05.28","3.7","0.7","0.42","OK"
"BRKJPY_c6_IS","2023.01.01..2024.12.31","2024.12.26","4.3","0.6","0.19","OK"
"BRKJPY_c6_OOS","2025.01.01..2026.06.01","2026.05.28","3.5","0.7","0.19","OK"
"BRKJPY_c7_IS","2023.01.01..2024.12.31","2024.12.27","3.2","0.4","0.16","OK"
"BRKJPY_c7_OOS","2025.01.01..2026.06.01","2026.05.27","4.1","0.8","0.32","OK"
"BRKJPY_c8_IS","2023.01.01..2024.12.31","2024.12.27","3.2","0.4","0.2","OK"
"BRKJPY_c8_OOS","2025.01.01..2026.06.01","2026.05.28","3.7","0.7","0.38","OK"
"BRKJPY_c9_IS","2023.01.01..2024.12.31","2024.12.26","4.3","0.6","0.19","OK"
"BRKJPY_c9_OOS","2025.01.01..2026.06.01","2026.05.28","3.5","0.7","0.22","OK"
"BRKSMOKE_BRENT","2023.01.01..2026.06.01","2026.05.29","2","0.2","0.17","OK"
"BRKSMOKE_GBPJPY","2023.01.01..2026.06.01","2026.05.28","4","0.3","0.85","OK"
"BRKSMOKE_US30","2023.01.01..2026.06.01","2026.04.13","48.7","3.9","0.31","OK"
"BRKSMOKE_USDJPY","2023.01.01..2026.06.01","2026.05.27","4.1","0.3","0.29","OK"
"BRKSMOKE_WTI","2023.01.01..2026.06.01","2026.04.21","40.1","3.2","0.09","OK"
"BRKSMOKE_XAGUSD","2023.01.01..2026.06.01","2026.05.26","5.8","0.5","6.15","OK"
"BRKSMOKE_XAGUSD_BUYONLY","2023.01.01..2026.06.01","2026.05.26","5.8","0.5","3.49","OK"
"BRKTF_H4_BWD","2020.01.01..2023.01.01","2022.12.05","26.9","2.5","0.65","OK"
"BRKTF_H4_FWD","2025.01.01..2026.07.01","2026.03.02","120.9","22.1","2.15","QUIET_TAIL"
"BRKTF_H4_HOLDOUT","2023.01.01..2025.01.01","2024.11.22","39.8","5.4","0.86","OK"
"BRKTF_M15_BWD","2020.01.01..2023.01.01","2022.12.05","26.9","2.5","0.65","OK"
"BRKTF_M15_FWD","2025.01.01..2026.07.01","2026.03.02","120.9","22.1","2.15","QUIET_TAIL"
"BRKTF_M15_HOLDOUT","2023.01.01..2025.01.01","2024.11.22","39.8","5.4","0.86","OK"
"BRKTF_M30_BWD","2020.01.01..2023.01.01","2022.12.05","26.9","2.5","0.65","OK"
"BRKTF_M30_FWD","2025.01.01..2026.07.01","2026.03.02","120.9","22.1","2.15","QUIET_TAIL"
"BRKTF_M30_HOLDOUT","2023.01.01..2025.01.01","2024.11.22","39.8","5.4","0.86","OK"
"BRKTFV_H4_BWD","2020.01.01..2023.01.01","2022.06.13","201.8","18.4","0.22","QUIET_TAIL"
"BRKTFV_H4_FWD","2025.01.01..2026.07.01","2026.01.29","152.3","27.9","2.49","QUIET_TAIL"
"BRKTFV_H4_HOLDOUT","2023.01.01..2025.01.01","2024.05.21","224.7","30.7","0.52","QUIET_TAIL"
"BRKTFV_M15_BWD","2020.01.01..2023.01.01","2022.12.30","1.6","0.1","1.86","OK"
"BRKTFV_M15_FWD","2025.01.01..2026.07.01","2026.06.02","28.1","5.1","1.62","OK"
"BRKTFV_M15_HOLDOUT","2023.01.01..2025.01.01","2024.12.31","0","0","1.48","OK"
"BRKTFV_M30_BWD","2020.01.01..2023.01.01","2022.12.09","22.4","2","2.13","OK"
"BRKTFV_M30_FWD","2025.01.01..2026.07.01","2026.05.08","53.3","9.8","1.36","OK"
"BRKTFV_M30_HOLDOUT","2023.01.01..2025.01.01","2024.11.27","34.3","4.7","1.33","OK"
"BRKWFA_W1_IS_30","2020.01.01..2021.09.01","2021.05.26","97.1","15.9","0.75","QUIET_TAIL"
"BRKWFA_W1_IS_40","2020.01.01..2021.09.01","2021.05.26","97.1","15.9","0.65","QUIET_TAIL"
"BRKWFA_W1_IS_50","2020.01.01..2021.09.01","2021.05.26","97.1","15.9","0.65","QUIET_TAIL"
"BRKWFA_W1_OOS_40","2021.09.01..2022.12.01","2022.06.13","170.8","37.5","0.53","QUIET_TAIL"
"BRKWFA_W2_IS_30","2021.09.01..2023.06.01","2023.05.31","0.3","0","0.54","OK"
"BRKWFA_W2_IS_40","2021.09.01..2023.06.01","2023.05.31","0.3","0","0.54","OK"
"BRKWFA_W2_IS_50","2021.09.01..2023.06.01","2023.05.31","0","0","0.54","OK"
"BRKWFA_W2_OOS_30","2023.06.01..2024.09.01","2024.08.12","19.1","4.2","0.87","OK"
"BRKWFA_W3_IS_30","2023.06.01..2025.01.01","2024.11.22","39.8","6.9","0.87","OK"
"BRKWFA_W3_IS_40","2023.06.01..2025.01.01","2024.11.22","39.8","6.9","0.87","OK"
"BRKWFA_W3_IS_50","2023.06.01..2025.01.01","2024.11.22","39.8","6.9","0.87","OK"
"BRKWFA_W3_OOS_50","2025.01.01..2026.07.01","2026.03.02","120.9","22.1","2.14","QUIET_TAIL"
"BRKX_AUDUSD_H4_BWD","2020.01.01..2022.12.31","2022.04.21","253.2","23.1","0.42","QUIET_TAIL"
"BRKX_AUDUSD_H4_MAIN","2023.01.01..2026.07.01","2026.06.15","15.8","1.2","0.67","OK"
"BRKX_EURJPY_H4_BWD","2020.01.01..2022.12.31","2022.12.13","17.4","1.6","0.54","OK"
"BRKX_EURJPY_H4_MAIN","2023.01.01..2026.07.01","2026.06.17","13.5","1.1","0.63","OK"
"BRKX_EURUSD_H4_BWD","2020.01.01..2022.12.31","2022.12.30","0","0","0.35","OK"
"BRKX_EURUSD_H4_MAIN","2023.01.01..2026.07.01","2026.05.19","42.7","3.3","0.56","OK"
"BRKX_US30_D1_BWD","2020.01.01..2022.12.31","2022.11.08","52.2","4.8","0.19","OK"
"BRKX_US30_D1_MAIN","2023.01.01..2026.07.01","2026.06.25","5.3","0.4","0.16","OK"
"BRKX_US30_H4_BWD","2020.01.01..2022.12.31","2022.11.08","52.2","4.8","0.19","OK"
"BRKX_US30_H4_MAIN","2023.01.01..2026.07.01","2026.06.25","5.3","0.4","0.16","OK"
"BRKX_XAUUSD_D1_BWD","2020.01.01..2022.12.31","2022.12.05","25.9","2.4","0.65","OK"
"BRKX_XAUUSD_D1_MAIN","2023.01.01..2026.07.01","2026.03.02","120.9","9.5","2.11","OK"
"BRKX_XAUUSD_H4_BWD","2020.01.01..2022.12.31","2022.12.05","25.9","2.4","0.65","OK"
"BRKX_XAUUSD_H4_MAIN","2023.01.01..2026.07.01","2026.03.02","120.9","9.5","2.11","OK"
"BRKXAG_IS_locked","2023.01.01..2026.06.01","2026.05.26","5.8","0.5","3.48","OK"
"BRKXAG_OOS_bars60tp85","2020.01.01..2023.01.01","2022.12.27","4.3","0.4","4.03","OK"
"BRKXAG_OOS_locked","2020.01.01..2023.01.01","2022.12.27","4.3","0.4","3.34","OK"
"BRKXAUH4_c0_IS","2023.01.01..2025.06.01","2025.05.20","11.3","1.3","0.73","OK"
"BRKXAUH4_c0_OOS","2025.06.01..2026.06.01","2026.03.02","90.9","24.9","1.11","QUIET_TAIL"
"BRKXAUH4_c1_IS","2023.01.01..2025.06.01","2025.05.21","10.8","1.2","1.26","OK"
"BRKXAUH4_c1_OOS","2025.06.01..2026.06.01","2026.03.02","90.9","24.9","1.46","QUIET_TAIL"
"BRKXAUH4_c2_IS","2023.01.01..2025.06.01","2025.05.20","11.3","1.3","0.79","OK"
"BRKXAUH4_c2_OOS","2025.06.01..2026.06.01","2026.03.02","90.9","24.9","1.16","QUIET_TAIL"
"BRKXAUH4_c3_IS","2023.01.01..2025.06.01","2025.05.21","10.8","1.2","1.46","OK"
"BRKXAUH4_c3_OOS","2025.06.01..2026.06.01","2026.03.02","90.9","24.9","2.18","QUIET_TAIL"
"BRKXAUH4_c4_IS","2023.01.01..2025.06.01","2025.05.16","15.4","1.7","0.67","OK"
"BRKXAUH4_c4_OOS","2025.06.01..2026.06.01","2026.03.02","90.9","24.9","1.16","QUIET_TAIL"
"BRKXAUH4_c5_IS","2023.01.01..2025.06.01","2025.05.16","15.4","1.7","1.35","OK"
"BRKXAUH4_c5_OOS","2025.06.01..2026.06.01","2026.03.02","90.9","24.9","2.17","QUIET_TAIL"
"BTC_DON_D1_BWD","2020.01.01..2023.01.01","2022.12.30","1","0.1","3.45","OK"
"BTC_DON_D1_BWD_M1","2020.01.01..2023.01.01","2022.12.30","1","0.1","3.45","OK"
"BTC_DON_D1_M1","2023.01.01..2026.07.01","2026.06.30","0","0","3.38","OK"
"BTC_DON_D1_smoke","2023.01.01..2026.07.01","2026.06.30","0","0","3.38","OK"
"BTC_DON_H4_BWD","2020.01.01..2023.01.01","2022.12.30","1","0.1","3.57","OK"
"BTC_DON_H4_BWD_M1","2020.01.01..2023.01.01","2022.12.30","1","0.1","3.57","OK"
"BTC_DON_H4_M1","2023.01.01..2026.07.01","2026.06.30","0","0","6.36","OK"
"BTC_DON_H4_smoke","2023.01.01..2026.07.01","2026.06.30","0","0","6.34","OK"
"BTC_ST_D1_M1","2023.01.01..2026.07.01","2026.06.30","0","0","3.43","OK"
"BTC_ST_D1_smoke","2023.01.01..2026.07.01","2026.06.30","0","0","3.43","OK"
"BTC_ST_H1_smoke","2023.01.01..2026.07.01","2026.06.30","0.3","0","3.71","OK"
"BTC_ST_H4_BWD","2020.01.01..2023.01.01","2022.12.28","3.2","0.3","1.37","OK"
"BTC_ST_H4_BWD_M1","2020.01.01..2023.01.01","2022.12.28","3.3","0.3","1.37","OK"
"BTC_ST_H4_M1","2023.01.01..2026.07.01","2026.05.15","46.3","3.6","3.13","OK"
"BTC_ST_H4_smoke","2023.01.01..2026.07.01","2026.05.15","46.2","3.6","3.13","OK"
"BWD__Oh__Arbitrage_Super_Profit_V04","2020.01.01..2023.01.01","2022.12.30","1","0.1","1.47","OK"
"BWD__oh__continue_v06","2020.01.01..2023.01.01","2020.02.10","1055.2","96.3","41.76","SUSPECT"
"BWD__oh__fibo_gold_v06","2020.01.01..2023.01.01","2022.12.29","2.3","0.2","1.41","OK"
"BWD__Oh__Grid_Upper_lower_V23","2020.01.01..2023.01.01","2020.03.09","1027.9","93.8","87.05","SUSPECT"
"BWD__oh__grid_v05","2020.01.01..2023.01.01","2022.12.30","1","0.1","93.53","OK"
"BWD__oh__Master_GRID_ATR_Accumulative_Deduction__B_V23","2020.01.01..2023.01.01","2020.02.19","1046.3","95.5","71.75","SUSPECT"
"BWD__oh__pun_lot_hedging_v15","2020.01.01..2023.01.01","2020.05.12","963.8","87.9","81.18","SUSPECT"
"BWD_AAA_IRSI_SUMPIP_LOT_MARTINGLESEQUENCE","2020.01.01..2023.01.01","2020.04.28","977.7","89.2","51.13","SUSPECT"
"BWD_BOO___EA_Gold_Mean_Reversion___Fibo_Scalping_V4_2","2020.01.01..2023.01.01","2022.03.07","299.9","27.4","92.39","SUSPECT"
"BWD_EA_Black_Dragon_MT5_V13__SoftechFX_Robot","2020.01.01..2023.01.01","2021.04.29","611.8","55.8","52.36","SUSPECT"
"BWD_EA_GOLD_CENTER_V_2_Expried_11_04_2025","2020.01.01..2023.01.01","2021.05.28","583","53.2","35.52","SUSPECT"
"BWD_EX39_PU_test","2020.01.01..2023.01.01","2022.12.28","3.3","0.3","69.54","OK"
"BWD_IR_Whale_Track_Expiry","2020.01.01..2023.01.01","2020.02.24","1041.5","95","106.5","SUSPECT"
"BWD_JMAR_EXPERTS_for_CRASH_AND_BOOM_trailstop_strategy","2020.01.01..2023.01.01","2021.07.20","529.2","48.3","99.31","SUSPECT"
"BWD_Scalping_EA_AsReMix","2020.01.01..2023.01.01","2022.12.30","1.2","0.1","8.89","OK"
"BWD_SL_2GRIDE_MQL5","2020.01.01..2023.01.01","2022.12.30","1","0.1","10.87","OK"
"BWD_The_One_1_0_3_EA_V1_0_MT5_YoForexPremium","2020.01.01..2023.01.01","2022.12.30","1.1","0.1","31.52","OK"
"C091C_EX197_EURUSD_base","2023.01.01..2026.07.01","2026.06.30","0","0","7.37","OK"
"C091C_EX197_EURUSD_flatlot","2023.01.01..2026.07.01","2026.06.30","0","0","4.08","OK"
"C091C_OHRecov_EURUSD_base","2023.01.01..2026.07.01","2026.06.30","0","0","15.79","OK"
"C091C_TriArb_EURUSD_base","2023.01.01..2026.07.01","2023.01.06","1271.4","99.6","7.37","QUIET_TAIL"
"C091C_TriArb_EURUSD_flatlot","2023.01.01..2026.07.01","2024.10.03","635.6","49.8","20.2","SUSPECT"
"CCI_AUDUSD_BWD","2020.01.01..2022.12.31","2022.08.03","149.3","13.6","4.05","QUIET_TAIL"
"CCI_AUDUSD_MAIN","2023.01.01..2026.07.01","2026.06.17","13.1","1","1.94","OK"
"CCI_EURJPY_BWD","2020.01.01..2022.12.31","2022.11.10","50.4","4.6","3.48","OK"
"CCI_EURJPY_MAIN","2023.01.01..2026.07.01","2026.01.09","172.2","13.5","2.55","QUIET_TAIL"
"CCI_EURUSD_BWD","2020.01.01..2022.12.31","2022.11.10","50.4","4.6","1.81","OK"
"CCI_EURUSD_MAIN","2023.01.01..2026.07.01","2026.03.17","105.6","8.3","2.37","OK"
"CCI_GBPJPY_BWD","2020.01.01..2022.12.31","2022.11.10","50.4","4.6","3.48","OK"
"CCI_GBPJPY_MAIN","2023.01.01..2026.07.01","2026.01.09","172.2","13.5","1.8","QUIET_TAIL"
"CCI_GBPUSD_BWD","2020.01.01..2022.12.31","2022.11.10","50.4","4.6","3.44","OK"
"CCI_GBPUSD_MAIN","2023.01.01..2026.07.01","2026.06.17","13.1","1","2.39","OK"
"CCI_NZDUSD_BWD","2020.01.01..2022.12.31","2022.05.17","227.5","20.8","3.06","QUIET_TAIL"
"CCI_NZDUSD_MAIN","2023.01.01..2026.07.01","2026.06.17","13.1","1","2","OK"
"CCI_USDCAD_BWD","2020.01.01..2022.12.31","2022.08.03","149.3","13.6","6.07","QUIET_TAIL"
"CCI_USDCAD_MAIN","2023.01.01..2026.07.01","2026.06.17","13.1","1","2","OK"
"CCI_USDCHF_BWD","2020.01.01..2022.12.31","2022.08.03","149.3","13.6","5.81","QUIET_TAIL"
"CCI_USDCHF_MAIN","2023.01.01..2026.07.01","2026.06.17","13.1","1","2","OK"
"CCI_USDJPY_BWD","2020.01.01..2022.12.31","2022.08.03","149.3","13.6","4.58","QUIET_TAIL"
"CCI_USDJPY_MAIN","2023.01.01..2026.07.01","2026.06.17","13.1","1","2","OK"
"CENTS2_DEFAULT_BWD","2020.01.01..2022.12.31","2022.11.30","30.1","2.7","0.34","OK"
"CENTS2_DEFAULT_BWD_v2","2020.01.01..2022.12.31","2022.11.30","30.1","2.7","0.34","OK"
"CENTS5_FIXED_M15_v2","2023.01.01..2025.12.31","2025.12.29","1.4","0.1","1.52","OK"
"CENTS5_FIXED_M5_v2","2023.01.01..2025.12.31","2025.12.26","4.9","0.4","1.01","OK"
"CFGCHECK","2024.01.01..2024.02.01","2024.01.30","1.3","4.2","0.84","OK"
"CFGCHECK2","2024.01.01..2024.02.01","2024.01.30","1.3","4.2","15.83","OK"
"CLOSE_NR7_p10_H1_BWD","2020.01.01..2023.01.01","2022.12.30","1","0.1","73.71","OK"
"CLOSE_NR7_p10_H1_MAIN","2023.01.01..2026.07.01","2026.06.30","0","0","36.97","OK"
"CLOSE_NR7_p10_H4_BWD","2020.01.01..2023.01.01","2022.12.30","1","0.1","83.64","OK"
"CLOSE_NR7_p10_H4_MAIN","2023.01.01..2026.07.01","2026.06.26","4.3","0.3","46.98","OK"
"CLOSE_NR7_p14_H1_BWD","2020.01.01..2023.01.01","2022.12.30","1","0.1","58.81","OK"
"CLOSE_NR7_p14_H1_MAIN","2023.01.01..2026.07.01","2026.06.30","0","0","33.31","OK"
"CLOSE_NR7_p14_H4_BWD","2020.01.01..2023.01.01","2022.12.30","1","0.1","69.06","OK"
"CLOSE_NR7_p14_H4_MAIN","2023.01.01..2026.07.01","2026.06.30","0","0","38.74","OK"
"CLOSE_NR7_p4_H1_BWD","2020.01.01..2023.01.01","2022.12.30","1","0.1","65.94","OK"
"CLOSE_NR7_p4_H1_MAIN","2023.01.01..2026.07.01","2026.06.30","0","0","50.73","OK"
"CLOSE_NR7_p4_H4_BWD","2020.01.01..2023.01.01","2022.12.30","1","0.1","57","OK"
"CLOSE_NR7_p4_H4_MAIN","2023.01.01..2026.07.01","2026.06.30","0","0","27.12","OK"
"CLOSE_NR7_p7_H1_BWD","2020.01.01..2023.01.01","2022.12.30","1","0.1","83.42","OK"
"CLOSE_NR7_p7_H1_MAIN","2023.01.01..2026.07.01","2026.06.30","0","0","61.72","OK"
"CLOSE_NR7_p7_H4_BWD","2020.01.01..2023.01.01","2022.12.30","1","0.1","81.4","OK"
"CLOSE_NR7_p7_H4_MAIN","2023.01.01..2026.07.01","2026.06.26","4.3","0.3","46.16","OK"
"CLOSE_PD_b01_H1_BWD","2020.01.01..2023.01.01","2022.12.30","1","0.1","29.66","OK"
"CLOSE_PD_b01_H1_MAIN","2023.01.01..2026.07.01","2026.06.30","0.6","0","29.99","OK"
"CLOSE_PD_b01_H4_BWD","2020.01.01..2023.01.01","2022.12.30","1","0.1","29.27","OK"
"CLOSE_PD_b01_H4_MAIN","2023.01.01..2026.07.01","2026.06.30","0.3","0","49.04","OK"
"CLOSE_PD_b03_H1_BWD","2020.01.01..2023.01.01","2022.12.30","1","0.1","22.29","OK"
"CLOSE_PD_b03_H1_MAIN","2023.01.01..2026.07.01","2026.06.30","0.6","0","28.98","OK"
"CLOSE_PD_b03_H4_BWD","2020.01.01..2023.01.01","2022.12.30","1","0.1","38.71","OK"
"CLOSE_PD_b03_H4_MAIN","2023.01.01..2026.07.01","2026.06.30","0.3","0","56.34","OK"
"CLOSE_PD_b05_H1_BWD","2020.01.01..2023.01.01","2022.12.30","1","0.1","13.98","OK"
"CLOSE_PD_b05_H1_MAIN","2023.01.01..2026.07.01","2026.06.30","0.6","0","36.45","OK"
"CLOSE_PD_b05_H4_BWD","2020.01.01..2023.01.01","2022.12.30","1","0.1","35.46","OK"
"CLOSE_PD_b05_H4_MAIN","2023.01.01..2026.07.01","2026.06.26","4.5","0.4","72.16","OK"
"CM_HO_1.3","2023.01.01..2025.01.01","2024.12.31","0","0","24.17","OK"
"CM_HO_1.6","2023.01.01..2025.01.01","2024.12.31","0","0","28.68","OK"
"CMART_FULL","2020.01.01..2026.07.01","2026.06.30","0.5","0","21.38","OK"
"CMF_FULL","2020.01.01..2026.07.01","2026.06.30","0.8","0","16.46","OK"
"CMF_HO_1.5","2023.01.01..2025.01.01","2024.12.31","0","0","20.36","OK"
"CMF_HO_1","2023.01.01..2025.01.01","2024.12.31","0","0","3.46","OK"
"CMF_HO_2.5","2023.01.01..2025.01.01","2024.12.31","0","0","4.39","OK"
"CMFINE_0.8_BWD","2020.01.01..2023.01.01","2022.12.20","11.3","1","1.34","OK"
"CMFINE_0.8_FWD","2025.01.01..2026.07.01","2026.06.30","0.8","0.1","0.83","OK"
"CMFINE_0.8_HOLDOUT","2023.01.01..2025.01.01","2024.12.31","0","0","3.48","OK"
"CMFINE_1.2_BWD","2020.01.01..2023.01.01","2022.12.20","11.3","1","2.13","OK"
"CMFINE_1.2_FWD","2025.01.01..2026.07.01","2026.06.30","0.8","0.1","1.31","OK"
"CMFINE_1.2_HOLDOUT","2023.01.01..2025.01.01","2024.12.31","0","0","15.73","OK"
"CMFINE_2_BWD","2020.01.01..2023.01.01","2022.12.20","11.3","1","1.15","OK"
"CMFINE_2_FWD","2025.01.01..2026.07.01","2026.06.30","0.8","0.1","2.46","OK"
"CMFINE_2_HOLDOUT","2023.01.01..2025.01.01","2024.12.31","0","0","4.6","OK"
"CMFINE_3_BWD","2020.01.01..2023.01.01","2022.12.20","11.3","1","1.39","OK"
"CMFINE_3_FWD","2025.01.01..2026.07.01","2026.06.30","0.8","0.1","15.76","OK"
"CMFINE_3_HOLDOUT","2023.01.01..2025.01.01","2024.12.31","0","0","19.52","OK"
"CMLL_FIXED_1.5_BWD","2020.01.01..2023.01.01","2022.12.20","11.3","1","2.1","OK"
"CMLL_FIXED_1.5_FWD","2025.01.01..2026.07.01","2026.06.30","0.8","0.1","1.07","OK"
"CMLL_FIXED_1_BWD","2020.01.01..2023.01.01","2022.12.20","11.3","1","1.29","OK"
"CMLL_FIXED_1_FWD","2025.01.01..2026.07.01","2026.06.30","0.8","0.1","1.31","OK"
"CMLL_FIXED_2.5_BWD","2020.01.01..2023.01.01","2022.12.20","11.3","1","1.38","OK"
"CMLL_FIXED_2.5_FWD","2025.01.01..2026.07.01","2026.06.30","0.8","0.1","2.14","OK"
"CMLL_FIXED_4_BWD","2020.01.01..2023.01.01","2022.12.20","11.3","1","1.04","OK"
"CMLL_FIXED_4_FWD","2025.01.01..2026.07.01","2026.06.30","0.8","0.1","15.56","OK"
"CMLL_LINEAR_1.5_BWD","2020.01.01..2023.01.01","2022.12.20","11.3","1","3.03","OK"
"CMLL_LINEAR_1.5_FWD","2025.01.01..2026.07.01","2026.06.30","0.8","0.1","1.39","OK"
"CMLL_LINEAR_1_BWD","2020.01.01..2023.01.01","2022.12.20","11.3","1","3.2","OK"
"CMLL_LINEAR_1_FWD","2025.01.01..2026.07.01","2026.06.30","0.8","0.1","1.25","OK"
"CMLL_LINEAR_2.5_BWD","2020.01.01..2023.01.01","2022.12.20","11.3","1","2.79","OK"
"CMLL_LINEAR_2.5_FWD","2025.01.01..2026.07.01","2026.06.30","0.8","0.1","1.84","OK"
"CMLL_LINEAR_4_BWD","2020.01.01..2023.01.01","2022.12.20","11.3","1","1.64","OK"
"CMLL_LINEAR_4_FWD","2025.01.01..2026.07.01","2026.06.30","0.8","0.1","15.51","OK"
"CMLL_LOG_1.5_BWD","2020.01.01..2023.01.01","2022.12.20","11.3","1","3.03","OK"
"CMLL_LOG_1.5_FWD","2025.01.01..2026.07.01","2026.06.30","0.8","0.1","1.39","OK"
"CMLL_LOG_1_BWD","2020.01.01..2023.01.01","2022.12.20","11.3","1","3.2","OK"
"CMLL_LOG_1_FWD","2025.01.01..2026.07.01","2026.06.30","0.8","0.1","1.25","OK"
"CMLL_LOG_2.5_BWD","2020.01.01..2023.01.01","2022.12.20","11.3","1","2.79","OK"
"CMLL_LOG_2.5_FWD","2025.01.01..2026.07.01","2026.06.30","0.8","0.1","1.84","OK"
"CMLL_LOG_4_BWD","2020.01.01..2023.01.01","2022.12.20","11.3","1","1.64","OK"
"CMLL_LOG_4_FWD","2025.01.01..2026.07.01","2026.06.30","0.8","0.1","15.51","OK"
"CMOPT_false_false_1.3_BWD","2020.01.01..2023.01.01","2022.12.30","1.6","0.1","51.91","OK"
"CMOPT_false_false_1.3_FWD","2025.01.01..2026.07.01","2026.06.30","0.8","0.1","38.28","OK"
"CMOPT_false_false_1.6_BWD","2020.01.01..2023.01.01","2022.12.29","2.2","0.2","75.67","OK"
"CMOPT_false_false_1.6_FWD","2025.01.01..2026.07.01","2026.06.30","0.8","0.1","57.4","OK"
"CMOPT_false_true_1.3_BWD","2020.01.01..2023.01.01","2022.12.30","1","0.1","23.81","OK"
"CMOPT_false_true_1.3_FWD","2025.01.01..2026.07.01","2026.06.30","0.5","0.1","24.6","OK"
"CMOPT_false_true_1.6_BWD","2020.01.01..2023.01.01","2022.12.30","1","0.1","15.79","OK"
"CMOPT_false_true_1.6_FWD","2025.01.01..2026.07.01","2026.06.30","0.5","0.1","35.56","OK"
"CMOPT_true_false_1.3_BWD","2020.01.01..2023.01.01","2022.12.20","11.3","1","2.64","OK"
"CMOPT_true_false_1.3_FWD","2025.01.01..2026.07.01","2026.06.30","0.8","0.1","1.07","OK"
"CMOPT_true_false_1.6_BWD","2020.01.01..2023.01.01","2022.12.20","11.3","1","4.55","OK"
"CMOPT_true_false_1.6_FWD","2025.01.01..2026.07.01","2026.06.30","0.8","0.1","1.1","OK"
"CMOPT_true_true_1.3_BWD","2020.01.01..2023.01.01","2022.12.20","11.3","1","2.04","OK"
"CMOPT_true_true_1.3_FWD","2025.01.01..2026.07.01","2026.06.30","0.5","0.1","9.24","OK"
"CMOPT_true_true_1.6_BWD","2020.01.01..2023.01.01","2022.12.20","11.3","1","3.42","OK"
"CMOPT_true_true_1.6_FWD","2025.01.01..2026.07.01","2026.06.30","0.5","0.1","9.21","OK"
"COMM_BRK_BRENT_BWD","2020.06.01..2023.01.01","2022.08.30","123.5","13.1","0.15","QUIET_TAIL"
"COMM_BRK_BRENT_FWD","2025.01.01..2026.07.01","2026.06.11","19.6","3.6","0.19","OK"
"COMM_BRK_BRENT_HOLDOUT","2023.01.01..2025.01.01","2024.07.18","166.3","22.7","0.07","QUIET_TAIL"
"COMM_BRK_WTI_BWD","2020.06.01..2023.01.01","2022.07.13","171.2","18.1","0.08","QUIET_TAIL"
"COMM_BRK_WTI_FWD","2025.01.01..2026.07.01","2026.06.16","14.3","2.6","0.13","OK"
"COMM_BRK_WTI_HOLDOUT","2023.01.01..2025.01.01","2024.07.18","166.3","22.7","0.02","QUIET_TAIL"
"COMM_BRK_XAGUSD_BWD","2020.06.01..2023.01.01","2022.12.27","4.3","0.5","3.96","OK"
"COMM_BRK_XAGUSD_FWD","2025.01.01..2026.07.01","2026.06.16","14.8","2.7","5.19","OK"
"COMM_BRK_XAGUSD_HOLDOUT","2023.01.01..2025.01.01","2024.12.27","4.6","0.6","2.26","OK"
"COMM_ZEUS_BRENT_BWD","2020.06.01..2023.01.01","2022.03.08","298.3","31.6","0.28","QUIET_TAIL"
"COMM_ZEUS_BRENT_FWD","2025.01.01..2026.07.01","2026.05.04","57.2","10.5","0.63","QUIET_TAIL"
"COMM_ZEUS_BRENT_HOLDOUT","2023.01.01..2025.01.01","2024.04.19","256.8","35.1","0.56","QUIET_TAIL"
"COMM_ZEUS_WTI_BWD","2020.06.01..2023.01.01","2022.03.08","298.3","31.6","0.26","QUIET_TAIL"
"COMM_ZEUS_WTI_FWD","2025.01.01..2026.07.01","2026.06.08","22.7","4.2","0.68","OK"
"COMM_ZEUS_WTI_HOLDOUT","2023.01.01..2025.01.01","2023.10.19","439.1","60.1","0.63","QUIET_TAIL"
"COMM_ZEUS_XAGUSD_BWD","2020.06.01..2023.01.01","2021.02.01","698.2","74","1.46","QUIET_TAIL"
"COMM_ZEUS_XAGUSD_FWD","2025.01.01..2026.07.01","2026.01.29","152.3","27.9","6.45","QUIET_TAIL"
"COMM_ZEUS_XAGUSD_HOLDOUT","2023.01.01..2025.01.01","2024.10.23","69.7","9.5","3.86","OK"
"CONF_HO_F12S34_2017_19","2017.01.01..2019.12.31","2019.12.30","0.3","0","2.72","OK"
"CONF_HO_F12S34_2026H1","2026.01.01..2026.06.30","2026.06.17","12.1","6.7","0.42","OK"
"CONF_HO_F16S26_2017_19","2017.01.01..2019.12.31","2019.12.30","0.3","0","3.28","OK"
"CONF_HO_F16S26_2026H1","2026.01.01..2026.06.30","2026.06.17","12.1","6.7","0.42","OK"
"CONF_S1_MDX_F12_S21_G7_GBPUSD_D1_BWD","2020.01.01..2022.12.31","2022.11.24","36.9","3.4","1.78","OK"
"CONF_S1_MDX_F12_S21_G7_GBPUSD_D1_MAIN","2023.01.01..2025.12.31","2025.09.05","116.3","10.6","0.97","QUIET_TAIL"
"CONF_S1_MDX_F12_S21_G9_GBPUSD_D1_BWD","2020.01.01..2022.12.31","2022.11.24","36.9","3.4","1.78","OK"
"CONF_S1_MDX_F12_S21_G9_GBPUSD_D1_MAIN","2023.01.01..2025.12.31","2025.09.05","116.3","10.6","0.97","QUIET_TAIL"
"CONF_S1_MDX_F12_S26_G7_GBPUSD_D1_BWD","2020.01.01..2022.12.31","2022.11.24","36.9","3.4","1.78","OK"
"CONF_S1_MDX_F12_S26_G7_GBPUSD_D1_MAIN","2023.01.01..2025.12.31","2025.10.29","62.7","5.7","0.9","OK"
"CONF_S1_MDX_F12_S26_G9_GBPUSD_D1_BWD","2020.01.01..2022.12.31","2022.11.24","36.9","3.4","1.78","OK"
"CONF_S1_MDX_F12_S26_G9_GBPUSD_D1_MAIN","2023.01.01..2025.12.31","2025.10.29","62.7","5.7","0.9","OK"
"CONF_S1_MDX_F12_S34_G7_GBPUSD_D1_BWD","2020.01.01..2022.12.31","2022.11.24","36.9","3.4","0.8","OK"
"CONF_S1_MDX_F12_S34_G7_GBPUSD_D1_MAIN","2023.01.01..2025.12.31","2025.10.29","62.7","5.7","0.82","OK"
"CONF_S1_MDX_F12_S34_G9_GBPUSD_D1_BWD","2020.01.01..2022.12.31","2022.11.24","36.9","3.4","0.8","OK"
"CONF_S1_MDX_F12_S34_G9_GBPUSD_D1_MAIN","2023.01.01..2025.12.31","2025.10.29","62.7","5.7","0.82","OK"
"CONF_S1_MDX_F16_S21_G7_GBPUSD_D1_BWD","2020.01.01..2022.12.31","2022.11.24","36.9","3.4","0.88","OK"
"CONF_S1_MDX_F16_S21_G7_GBPUSD_D1_MAIN","2023.01.01..2025.12.31","2025.10.29","62.7","5.7","1.1","OK"
"CONF_S1_MDX_F16_S21_G9_GBPUSD_D1_BWD","2020.01.01..2022.12.31","2022.11.24","36.9","3.4","0.88","OK"
"CONF_S1_MDX_F16_S21_G9_GBPUSD_D1_MAIN","2023.01.01..2025.12.31","2025.10.29","62.7","5.7","1.1","OK"
"CONF_S1_MDX_F16_S26_G7_GBPUSD_D1_BWD","2020.01.01..2022.12.31","2022.11.24","36.9","3.4","0.82","OK"
"CONF_S1_MDX_F16_S26_G7_GBPUSD_D1_MAIN","2023.01.01..2025.12.31","2025.10.29","62.7","5.7","0.88","OK"
"CONF_S1_MDX_F16_S26_G9_GBPUSD_D1_BWD","2020.01.01..2022.12.31","2022.11.24","36.9","3.4","0.82","OK"
"CONF_S1_MDX_F16_S26_G9_GBPUSD_D1_MAIN","2023.01.01..2025.12.31","2025.10.29","62.7","5.7","0.88","OK"
"CONF_S1_MDX_F16_S34_G7_GBPUSD_D1_BWD","2020.01.01..2022.12.31","2022.11.24","36.9","3.4","0.8","OK"
"CONF_S1_MDX_F16_S34_G7_GBPUSD_D1_MAIN","2023.01.01..2025.12.31","2025.10.29","62.7","5.7","0.66","OK"
"CONF_S1_MDX_F16_S34_G9_GBPUSD_D1_BWD","2020.01.01..2022.12.31","2022.11.24","36.9","3.4","0.8","OK"
"CONF_S1_MDX_F16_S34_G9_GBPUSD_D1_MAIN","2023.01.01..2025.12.31","2025.10.29","62.7","5.7","0.66","OK"
"CONF_S1_MDX_F8_S21_G7_GBPUSD_D1_BWD","2020.01.01..2022.12.31","2022.12.13","17.4","1.6","1.72","OK"
"CONF_S1_MDX_F8_S21_G7_GBPUSD_D1_MAIN","2023.01.01..2025.12.31","2025.06.24","189.6","17.3","0.7","QUIET_TAIL"
"CONF_S1_MDX_F8_S21_G9_GBPUSD_D1_BWD","2020.01.01..2022.12.31","2022.12.13","17.4","1.6","1.72","OK"
"CONF_S1_MDX_F8_S21_G9_GBPUSD_D1_MAIN","2023.01.01..2025.12.31","2025.06.24","189.6","17.3","0.7","QUIET_TAIL"
"CONF_S1_MDX_F8_S26_G7_GBPUSD_D1_BWD","2020.01.01..2022.12.31","2022.11.03","57.4","5.2","1.29","OK"
"CONF_S1_MDX_F8_S26_G7_GBPUSD_D1_MAIN","2023.01.01..2025.12.31","2025.06.24","189.6","17.3","0.76","QUIET_TAIL"
"CONF_S1_MDX_F8_S26_G9_GBPUSD_D1_BWD","2020.01.01..2022.12.31","2022.11.03","57.4","5.2","1.29","OK"
"CONF_S1_MDX_F8_S26_G9_GBPUSD_D1_MAIN","2023.01.01..2025.12.31","2025.06.24","189.6","17.3","0.76","QUIET_TAIL"
"CONF_S1_MDX_F8_S34_G7_GBPUSD_D1_BWD","2020.01.01..2022.12.31","2022.11.24","36.9","3.4","1.76","OK"
"CONF_S1_MDX_F8_S34_G7_GBPUSD_D1_MAIN","2023.01.01..2025.12.31","2025.06.24","189.6","17.3","0.76","QUIET_TAIL"
"CONF_S1_MDX_F8_S34_G9_GBPUSD_D1_BWD","2020.01.01..2022.12.31","2022.11.24","36.9","3.4","1.76","OK"
"CONF_S1_MDX_F8_S34_G9_GBPUSD_D1_MAIN","2023.01.01..2025.12.31","2025.06.24","189.6","17.3","0.76","QUIET_TAIL"
"CONF_S2_RSIMOM_P14_L45_XAUUSD_H1_BWD","2020.01.01..2022.12.31","2022.12.29","1.3","0.1","4.72","OK"
"CONF_S2_RSIMOM_P14_L45_XAUUSD_H1_MAIN","2023.01.01..2025.12.31","2025.12.30","0.1","0","5.79","OK"
"CONF_S2_RSIMOM_P14_L45_XAUUSD_H4_BWD","2020.01.01..2022.12.31","2022.12.27","3.3","0.3","3.69","OK"
"CONF_S2_RSIMOM_P14_L45_XAUUSD_H4_MAIN","2023.01.01..2025.12.31","2025.12.30","0","0","5.36","OK"
"CONF_S2_RSIMOM_P14_L50_XAUUSD_H1_BWD","2020.01.01..2022.12.31","2022.12.29","1.3","0.1","4.09","OK"
"CONF_S2_RSIMOM_P14_L50_XAUUSD_H1_MAIN","2023.01.01..2025.12.31","2025.12.30","0.3","0","7.99","OK"
"CONF_S2_RSIMOM_P14_L50_XAUUSD_H4_BWD","2020.01.01..2022.12.31","2022.12.29","1.2","0.1","2.64","OK"
"CONF_S2_RSIMOM_P14_L50_XAUUSD_H4_MAIN","2023.01.01..2025.12.31","2025.12.30","0","0","8.8","OK"
"CONF_S2_RSIMOM_P14_L55_XAUUSD_H1_BWD","2020.01.01..2022.12.31","2022.12.30","0","0","7.4","OK"
"CONF_S2_RSIMOM_P14_L55_XAUUSD_H1_MAIN","2023.01.01..2025.12.31","2025.12.29","1.4","0.1","7.86","OK"
"CONF_S2_RSIMOM_P14_L55_XAUUSD_H4_BWD","2020.01.01..2022.12.31","2022.12.30","0","0","3.6","OK"
"CONF_S2_RSIMOM_P14_L55_XAUUSD_H4_MAIN","2023.01.01..2025.12.31","2025.12.30","0","0","5.74","OK"
"CONF_S2_RSIMOM_P21_L45_XAUUSD_H1_BWD","2020.01.01..2022.12.31","2022.12.29","1.3","0.1","2.73","OK"
"CONF_S2_RSIMOM_P21_L45_XAUUSD_H1_MAIN","2023.01.01..2025.12.31","2025.12.30","0.1","0","10.71","OK"
"CONF_S2_RSIMOM_P21_L45_XAUUSD_H4_BWD","2020.01.01..2022.12.31","2022.12.27","3.3","0.3","4.86","OK"
"CONF_S2_RSIMOM_P21_L45_XAUUSD_H4_MAIN","2023.01.01..2025.12.31","2025.12.30","0","0","14.61","OK"
"CONF_S2_RSIMOM_P21_L50_XAUUSD_H1_BWD","2020.01.01..2022.12.31","2022.12.29","1.3","0.1","4.67","OK"
"CONF_S2_RSIMOM_P21_L50_XAUUSD_H1_MAIN","2023.01.01..2025.12.31","2025.12.29","1.3","0.1","8.56","OK"
"CONF_S2_RSIMOM_P21_L50_XAUUSD_H4_BWD","2020.01.01..2022.12.31","2022.12.29","1.2","0.1","2.15","OK"
"CONF_S2_RSIMOM_P21_L50_XAUUSD_H4_MAIN","2023.01.01..2025.12.31","2025.12.30","0","0","5.01","OK"
"CONF_S2_RSIMOM_P21_L55_XAUUSD_H1_BWD","2020.01.01..2022.12.31","2022.12.30","0","0","5.81","OK"
"CONF_S2_RSIMOM_P21_L55_XAUUSD_H1_MAIN","2023.01.01..2025.12.31","2025.12.29","1.3","0.1","8.41","OK"
"CONF_S2_RSIMOM_P21_L55_XAUUSD_H4_BWD","2020.01.01..2022.12.31","2022.12.30","0","0","2.44","OK"
"CONF_S2_RSIMOM_P21_L55_XAUUSD_H4_MAIN","2023.01.01..2025.12.31","2025.12.30","0","0","5.44","OK"
"CONF_S2_RSIMOM_P9_L45_XAUUSD_H1_BWD","2020.01.01..2022.12.31","2022.12.29","1.3","0.1","4.29","OK"
"CONF_S2_RSIMOM_P9_L45_XAUUSD_H1_MAIN","2023.01.01..2025.12.31","2025.12.30","0.1","0","7.39","OK"
"CONF_S2_RSIMOM_P9_L45_XAUUSD_H4_BWD","2020.01.01..2022.12.31","2022.12.29","1.2","0.1","2.87","OK"
"CONF_S2_RSIMOM_P9_L45_XAUUSD_H4_MAIN","2023.01.01..2025.12.31","2025.12.30","0","0","4.95","OK"
"CONF_S2_RSIMOM_P9_L50_XAUUSD_H1_BWD","2020.01.01..2022.12.31","2022.12.30","0","0","7.04","OK"
"CONF_S2_RSIMOM_P9_L50_XAUUSD_H1_MAIN","2023.01.01..2025.12.31","2025.12.30","0.1","0","6.31","OK"
"CONF_S2_RSIMOM_P9_L50_XAUUSD_H4_BWD","2020.01.01..2022.12.31","2022.12.29","1.2","0.1","2.87","OK"
"CONF_S2_RSIMOM_P9_L50_XAUUSD_H4_MAIN","2023.01.01..2025.12.31","2025.12.30","0","0","13.55","OK"
"CONF_S2_RSIMOM_P9_L55_XAUUSD_H1_BWD","2020.01.01..2022.12.31","2022.12.30","0","0","12.23","OK"
"CONF_S2_RSIMOM_P9_L55_XAUUSD_H1_MAIN","2023.01.01..2025.12.31","2025.12.30","0.1","0","4.37","OK"
"CONF_S2_RSIMOM_P9_L55_XAUUSD_H4_BWD","2020.01.01..2022.12.31","2022.12.29","1.2","0.1","3.01","OK"
"CONF_S2_RSIMOM_P9_L55_XAUUSD_H4_MAIN","2023.01.01..2025.12.31","2025.12.29","1.3","0.1","5.55","OK"
"CONF_TEST1","2023.01.01..2025.12.31","2025.10.29","62.7","5.7","0.9","OK"
"CORR_BRK_XAU","2020.01.01..2026.07.01","2026.03.02","120.9","5.1","2.1","OK"
"CORR_ICHI_XAU","2020.01.01..2026.07.01","2026.06.30","0.7","0","10.59","OK"
"CORR_ICHI_XAU_medH4","2020.01.01..2026.07.01","2026.06.26","4.3","0.2","11.15","OK"
"CORR_KAU_XAU","2020.01.01..2026.07.01","2026.06.18","12.8","0.5","6.56","OK"
"CORR_SQZ_XAU_MAIN","2023.01.01..2026.07.01","2026.04.30","61.5","4.8","1.68","OK"
"CORR_ST_XAU","2020.01.01..2026.07.01","2026.06.15","15.8","0.7","4.82","OK"
"CORR_TL_XAU_MAIN","2023.01.01..2026.07.01","2026.05.07","54.6","4.3","7.65","OK"
"CORR_ZEUS_XAU_MAIN","2023.01.01..2026.07.01","2026.01.29","152.4","11.9","3.97","QUIET_TAIL"
"CORRGJ_AUDCAD","2023.01.01..2026.07.01","2026.05.13","48.2","3.8","7.95","OK"
"CORRGJ_AUDNZD","2023.01.01..2026.07.01","2026.06.30","0","0","5.1","OK"
"CORRGJ_CADJPY","2023.01.01..2026.07.01","2026.06.30","0","0","4.91","OK"
"CORRGJ_EURJPY","2023.01.01..2026.07.01","2026.06.30","0","0","14.14","OK"
"CORRGJ_EURUSD","2023.01.01..2026.07.01","2025.02.03","513","40.2","4.3","QUIET_TAIL"
"CORRGJ_GJ","2023.01.01..2026.07.01","2026.06.30","0","0","9.23","OK"
"CORRGJ_USDJPY","2023.01.01..2026.07.01","2026.06.30","0","0","7.34","OK"
"CORRGJ_XAU","2023.01.01..2026.07.01","2026.01.30","151.9","11.9","12.8","QUIET_TAIL"
"CRY_DON_ETHUSD_H4","2023.01.01..2026.07.01","2026.06.30","0","0","1.71","OK"
"CRY_DON_ETHUSD_H4_BWD","2020.01.01..2023.01.01","2022.12.30","1","0.1","2.53","OK"
"CRY_DON_SOLUSD_H4","2023.01.01..2026.07.01","2026.06.30","0","0","0.18","OK"
"CRY_ST_ETHUSD_H4","2023.01.01..2026.07.01","2026.06.30","0","0","1.25","OK"
"CRY_ST_ETHUSD_H4_BWD","2020.01.01..2023.01.01","2022.12.28","3.3","0.3","2.39","OK"
"CRY_ST_SOLUSD_H4","2023.01.01..2026.07.01","2026.06.26","4.3","0.3","0.07","OK"
"CRY_ST_SOLUSD_H4_BWD","2020.01.01..2023.01.01","2022.11.07","54.9","5","0.06","OK"
"CS_S1_EmaScalp_M1","2023.01.01..2025.12.31","2025.12.30","0.2","0","31.91","OK"
"CS_S1_EmaScalp_M15","2023.01.01..2025.12.31","2025.12.29","1.3","0.1","5.38","OK"
"CS_S1_EmaScalp_M5","2023.01.01..2025.12.31","2025.12.30","0.3","0","9.96","OK"
"CS_S2_RangeFade_M15","2023.01.01..2025.12.31","2025.12.30","0.8","0.1","0.25","OK"
"CS_S2_RangeFade_M5","2023.01.01..2025.12.31","2025.12.30","0.6","0.1","0.41","OK"
"CS_S3_MomentumBurst_M1","2023.01.01..2025.12.31","2025.12.30","0","0","31.55","OK"
"CS_S3_MomentumBurst_M15","2023.01.01..2025.12.31","2025.12.30","0.1","0","1.5","OK"
"CS_S3_MomentumBurst_M5","2023.01.01..2025.12.31","2025.12.30","0.1","0","4.32","OK"
"CS_S4_AsianPingPong_M15","2023.01.01..2025.12.31","2025.12.26","4.6","0.4","2","OK"
"CS_S4_AsianPingPong_M5","2023.01.01..2025.12.31","2025.12.29","1.6","0.1","10.46","OK"
"CSA_isolate3_M5","2023.01.01..2025.12.31","2025.07.25","158.9","14.5","99.82","SUSPECT"
"CSB_bd1_sl40_BWD","2020.01.01..2022.12.31","2022.12.28","2.2","0.2","0.27","OK"
"CSB_bd1_sl40_MAIN","2023.01.01..2025.12.31","2025.12.29","1.2","0.1","0.75","OK"
"CSB_bd1_sl80_BWD","2020.01.01..2022.12.31","2022.12.28","2.2","0.2","0.61","OK"
"CSB_bd1_sl80_MAIN","2023.01.01..2025.12.31","2025.12.29","1.2","0.1","0.89","OK"
"CSB_bd2_sl40_BWD","2020.01.01..2022.12.31","2022.12.28","2.5","0.2","0.09","OK"
"CSB_bd2_sl40_MAIN","2023.01.01..2025.12.31","2025.12.29","1.3","0.1","0.2","OK"
"CSB_bd2_sl80_BWD","2020.01.01..2022.12.31","2022.12.28","2.5","0.2","0.16","OK"
"CSB_bd2_sl80_MAIN","2023.01.01..2025.12.31","2025.12.29","1.3","0.1","0.3","OK"
"CSB_rb30_mr2000_BWD","2020.01.01..2022.12.31","2022.11.30","30.1","2.7","0.27","OK"
"CSB_rb30_mr2500_M5","2023.01.01..2025.12.31","2025.12.30","0.8","0.1","0.23","OK"
"CSB_rb30_mr3000_M5","2023.01.01..2025.12.31","2025.12.30","0.8","0.1","0.2","OK"
"CSB_S3_H1","2023.01.01..2025.12.31","2025.12.29","1.3","0.1","0.51","OK"
"CSB_S3_H4","2023.01.01..2025.12.31","2025.12.29","1.2","0.1","0.12","OK"
"CSC_rb15_mr1000_M5","2023.01.01..2025.12.31","2025.12.30","0.6","0.1","0.53","OK"
"CSC_rb15_mr2000_M5","2023.01.01..2025.12.31","2025.12.30","0.6","0.1","0.27","OK"
"CSC_rb30_mr1000_M5","2023.01.01..2025.12.31","2025.12.30","0.6","0.1","0.93","OK"
"CSC_rb30_mr2000_M5","2023.01.01..2025.12.31","2025.12.30","0.6","0.1","0.31","OK"
"CSC_sb2_ex150_BWD","2020.01.01..2022.12.31","2022.12.30","0","0","10.77","OK"
"CSC_sb2_ex150_MAIN","2023.01.01..2025.12.31","2025.12.30","0.1","0","8.51","OK"
"CSC_sb2_ex300_MAIN","2023.01.01..2025.12.31","2025.12.30","0.1","0","6","OK"
"CSC_sb2p5_ex150_BWD","2020.01.01..2022.12.31","2022.12.30","0.6","0.1","3.84","OK"
"CSC_sb2p5_ex150_MAIN","2023.01.01..2025.12.31","2025.12.30","0.1","0","3.03","OK"
"CSC_sb2p5_ex300_BWD","2020.01.01..2022.12.31","2022.12.22","8.1","0.7","2.75","OK"
"CSC_sb2p5_ex300_MAIN","2023.01.01..2025.12.31","2025.12.30","0.1","0","2.57","OK"
"CSC_sb3p5_ex150_BWD","2020.01.01..2022.12.31","2022.12.22","8.1","0.7","0.98","OK"
"CSC_sb3p5_ex150_MAIN","2023.01.01..2025.12.31","2025.12.24","6.8","0.6","0.76","OK"
"CSC_sb3p5_ex300_BWD","2020.01.01..2022.12.31","2022.12.22","8.1","0.7","0.78","OK"
"CSC_sb3p5_ex300_MAIN","2023.01.01..2025.12.31","2025.12.24","6.8","0.6","0.64","OK"
"CSR4A_BWD","2020.01.01..2022.12.31","2022.06.16","197.4","18","0.1","QUIET_TAIL"
"CSR4A_MAIN","2023.01.01..2025.12.31","2025.01.10","354.3","32.4","0.05","QUIET_TAIL"
"CSR4B_bd1p5_sl30_BWD","2020.01.01..2022.12.31","2022.12.28","2.2","0.2","0.11","OK"
"CSR4B_bd1p5_sl30_MAIN","2023.01.01..2025.12.31","2025.12.29","1.3","0.1","0.28","OK"
"CSR4B_bd1p5_sl50_BWD","2020.01.01..2022.12.31","2022.12.28","2.2","0.2","0.21","OK"
"CSR4B_bd1p5_sl50_MAIN","2023.01.01..2025.12.31","2025.12.29","1.3","0.1","0.43","OK"
"CSR4B_bd2p5_sl30_BWD","2020.01.01..2022.12.31","2022.12.27","3.2","0.3","0.03","OK"
"CSR4B_bd2p5_sl30_MAIN","2023.01.01..2025.12.31","2025.12.02","28.2","2.6","0.08","OK"
"CSR4B_bd2p5_sl50_BWD","2020.01.01..2022.12.31","2022.12.27","3.2","0.3","0.05","OK"
"CSR4B_bd2p5_sl50_MAIN","2023.01.01..2025.12.31","2025.12.02","28.2","2.6","0.13","OK"
"CSREG_gateoff_BWD","2020.01.01..2022.12.31","2022.12.28","2.2","0.2","0.25","OK"
"CSREG_gateoff_MAIN","2023.01.01..2025.12.31","2025.12.29","1.3","0.1","0.51","OK"
"CSREG_gateon_BWD","2020.01.01..2022.12.31","2022.12.28","2.2","0.2","0.21","OK"
"CSREG_gateon_MAIN","2023.01.01..2025.12.31","2025.12.29","1.3","0.1","0.36","OK"
"D1G_CAGE_ORIG_EURGBP_H1","2025.03.01..2026.07.01","2026.06.30","0","0","6.23","OK"
"D1G_CAGE_PEND0_EURGBP_H1","2025.03.01..2026.07.01","2026.06.30","0","0","6.23","OK"
"D1G_MKT_EURGBP_H1_BWD_M1","2020.01.01..2022.12.31","2022.12.30","0","0","22.44","OK"
"D1G_MKT_EURGBP_H1_REC_M1","2023.01.01..2026.07.01","2026.06.30","0","0","5.66","OK"
"D1G_MKT_NZDUSD_H4_BWD_M1","2020.01.01..2022.12.31","2022.12.30","0","0","16.36","OK"
"D1G_MKT_NZDUSD_H4_REC_M1","2023.01.01..2026.07.01","2026.06.30","0","0","7.81","OK"
"D1G_MKT_tp2_EURGBP_H1_BWD_M1","2020.01.01..2022.12.31","2022.12.30","0","0","22.44","OK"
"D1G_MKT_tp2_EURGBP_H1_REC_M1","2023.01.01..2026.07.01","2026.06.30","0","0","5.66","OK"
"D1G_MKT_tp5_EURGBP_H1_BWD_M1","2020.01.01..2022.12.31","2022.12.30","0","0","22.42","OK"
"D1G_MKT_tp5_EURGBP_H1_REC_M1","2023.01.01..2026.07.01","2026.06.30","0","0","5.73","OK"
"D1G_PEND_EURGBP_H1_BWD_M1","2020.01.01..2022.12.31","2022.12.30","0","0","25.99","OK"
"D1G_PEND_EURGBP_H1_REC_M1","2023.01.01..2026.07.01","2026.06.30","0","0","5.85","OK"
"D1G_PEND_NZDUSD_H4_BWD_M1","2020.01.01..2022.12.31","2022.12.30","0","0","16.36","OK"
"D1G_PEND_NZDUSD_H4_REC_M1","2023.01.01..2026.07.01","2026.06.30","0","0","7.81","OK"
"DEFCAP_Boss_11_GridTrend","2024.01.01..2024.07.01","2024.06.28","2","1.1","6.48","OK"
"DEFCAP_Boss_12_Breakout","2024.01.01..2024.07.01","2024.06.28","2.4","1.3","2.6","OK"
"DEFCAP_Boss_13_MeanRev","2024.01.01..2024.07.01","2024.06.28","2","1.1","3.12","OK"
"DEFCAP_Boss_14_GridLog","2024.01.01..2024.07.01","2024.06.06","24.2","13.3","2.29","QUIET_TAIL"
"DEFCAP_Boss_15_ST03","2024.01.01..2024.07.01","2024.06.28","2","1.1","3.01","OK"
"DEFCAP_Boss_16_KangarooGrid","2024.01.01..2024.07.01","2024.06.28","2","1.1","4.39","OK"
"DEFCAP_Boss_17_Wave5","2024.01.01..2024.07.01","2024.06.05","25.3","13.9","1.03","QUIET_TAIL"
"DEFCAP_Boss_18_JumStoch","2024.01.01..2024.07.01","2024.06.28","2.4","1.3","1.93","OK"
"DEFCAP_MDX","2024.01.01..2024.03.01","2024.02.08","21.5","35.8","0.13","QUIET_TAIL"
"DEFCAP_RSIMR","2024.01.01..2024.03.01","2024.02.29","0","0","0.42","OK"
"DEFCAP_SS4","2024.01.01..2024.03.01","2024.02.28","1.4","2.3","0.13","OK"
"DEFCAP_TRD","2024.01.01..2024.03.01","2024.02.16","13.2","22","0.18","QUIET_TAIL"
"DG_ARTCHECK_M1","2026.01.01..2026.07.01","2026.06.30","0.7","0.4","2.89","OK"
"DG_ARTCHECK_M4","2026.01.01..2026.07.01","2026.01.12","169.9","93.9","47.58","SUSPECT"
"DG_XAU_W1","2024.01.01..2026.07.01","2024.01.17","895.8","98.2","13.99","QUIET_TAIL"
"DG_XAU_W1_FLAT","2024.01.01..2026.07.01","2024.01.17","895.2","98.2","81.94","SUSPECT"
"DIAG_GoldReaper_M4","2026.01.01..2026.04.01","2026.03.31","0.8","0.9","2.97","OK"
"DONCH_EURUSD_H4_M2","2023.01.01..2026.06.01","2026.05.29","2","0.2","1.75","OK"
"DONCH_GBPJPY_H4_M2","2023.01.01..2026.06.01","2026.05.28","3.8","0.3","2.68","OK"
"DONCH_GBPUSD_H4_M2","2023.01.01..2026.06.01","2026.05.25","6.3","0.5","1.73","OK"
"DONCH_USDJPY_H4_IS_M2","2023.01.01..2025.06.01","2025.05.27","4.5","0.5","1.1","OK"
"DONCH_USDJPY_H4_M2","2023.01.01..2026.06.01","2026.05.29","2","0.2","1.28","OK"
"DONCH_USDJPY_H4_OOS_M2","2025.06.01..2026.06.01","2026.05.29","2","0.5","0.77","OK"
"DONCH_XAGUSD_H4_M2","2023.01.01..2026.06.01","2026.05.28","3.2","0.3","22.54","OK"
"DONCH_XAUUSD_H4_M2","2023.01.01..2026.06.01","2026.05.29","2","0.2","14.71","OK"
"DONCH_XAUUSD_H4_M2_d20","2023.01.01..2026.06.01","2026.05.29","2","0.2","15","OK"
"DONCH_XAUUSD_H4_M2_d40","2023.01.01..2026.06.01","2026.05.29","2","0.2","14.69","OK"
"DONCH_XAUUSD_H4_M2_d8","2023.01.01..2026.06.01","2026.05.29","2","0.2","14.2","OK"
"DONCHXAUD1_c0_IS","2023.01.01..2025.06.01","2025.05.16","15.4","1.7","0.67","OK"
"DONCHXAUD1_c0_OOS","2025.06.01..2026.06.01","2026.03.02","90.9","24.9","1.16","QUIET_TAIL"
"DONCHXAUD1_c1_IS","2023.01.01..2025.06.01","2025.05.16","15.4","1.7","1.35","OK"
"DONCHXAUD1_c1_OOS","2025.06.01..2026.06.01","2026.03.02","90.9","24.9","2.17","QUIET_TAIL"
"DONCHXAUD1_c2_IS","2023.01.01..2025.06.01","2025.04.22","39.8","4.5","0.6","OK"
"DONCHXAUD1_c2_OOS","2025.06.01..2026.06.01","2026.03.02","90.9","24.9","1.16","QUIET_TAIL"
"DONCHXAUD1_c3_IS","2023.01.01..2025.06.01","2025.04.22","39.7","4.5","1.23","OK"
"DONCHXAUD1_c3_OOS","2025.06.01..2026.06.01","2026.03.02","90.9","24.9","2.17","QUIET_TAIL"
"DONCHXAUD1_c4_IS","2023.01.01..2025.06.01","2025.04.22","39.8","4.5","0.61","OK"
"DONCHXAUD1_c4_OOS","2025.06.01..2026.06.01","2026.03.02","90.9","24.9","0.92","QUIET_TAIL"
"DONCHXAUD1_c5_IS","2023.01.01..2025.06.01","2025.04.22","39.7","4.5","1.24","OK"
"DONCHXAUD1_c5_OOS","2025.06.01..2026.06.01","2026.03.02","90.9","24.9","2.17","QUIET_TAIL"
"DONCHXAUH4_c0_IS","2023.01.01..2025.06.01","2025.05.16","15.4","1.7","0.67","OK"
"DONCHXAUH4_c0_OOS","2025.06.01..2026.06.01","2026.03.02","90.9","24.9","1.16","QUIET_TAIL"
"DONCHXAUH4_c1_IS","2023.01.01..2025.06.01","2025.05.16","15.4","1.7","1.35","OK"
"DONCHXAUH4_c1_OOS","2025.06.01..2026.06.01","2026.03.02","90.9","24.9","2.17","QUIET_TAIL"
"DONCHXAUH4_c2_IS","2023.01.01..2025.06.01","2025.04.22","39.8","4.5","0.6","OK"
"DONCHXAUH4_c2_OOS","2025.06.01..2026.06.01","2026.03.02","90.9","24.9","1.16","QUIET_TAIL"
"DONCHXAUH4_c3_IS","2023.01.01..2025.06.01","2025.04.22","39.7","4.5","1.23","OK"
"DONCHXAUH4_c3_OOS","2025.06.01..2026.06.01","2026.03.02","90.9","24.9","2.17","QUIET_TAIL"
"DONCHXAUH4_c4_IS","2023.01.01..2025.06.01","2025.04.22","39.8","4.5","0.61","OK"
"DONCHXAUH4_c4_OOS","2025.06.01..2026.06.01","2026.03.02","90.9","24.9","0.92","QUIET_TAIL"
"DONCHXAUH4_c5_IS","2023.01.01..2025.06.01","2025.04.22","39.7","4.5","1.24","OK"
"DONCHXAUH4_c5_OOS","2025.06.01..2026.06.01","2026.03.02","90.9","24.9","2.17","QUIET_TAIL"
"EA_RUNNER_v1_bars55_IS","2023.01.01..2026.06.01","2026.05.29","2","0.2","2.24","OK"
"EA_RUNNER_v1_bars55_OOS","2020.01.01..2023.01.01","2022.12.30","1","0.1","4","OK"
"EA_RUNNER_v1_bars55_PG_IS","2023.01.01..2026.06.01","2026.05.29","2","0.2","2.24","OK"
"EA_RUNNER_v1_IS_smoke","2023.01.01..2026.06.01","2026.05.29","2","0.2","2.71","OK"
"EMASTOREV_EURGBP_H1_MAIN","2023.01.01..2025.12.31","2025.12.26","4.3","0.4","0.09","OK"
"EMATREND_AUDUSD_H4_M2","2023.01.01..2026.06.01","2026.05.19","12.3","1","0.39","OK"
"EMATREND_CADJPY_H4_M2","2023.01.01..2026.06.01","2026.01.20","131.7","10.6","0.46","QUIET_TAIL"
"EMATREND_EURJPY_H4_M2","2023.01.01..2026.06.01","2026.05.15","16.7","1.3","0.5","OK"
"EMATREND_EURUSD_H4_M2","2023.01.01..2026.06.01","2026.05.14","17.2","1.4","0.89","OK"
"EMATREND_GBPJPY_H4_2015_noadx","2015.01.01..2026.06.01","2026.01.19","132.2","3.2","3.93","OK"
"EMATREND_GBPJPY_H4_IS_M2","2023.01.01..2025.06.01","2025.05.27","5","0.6","0.94","OK"
"EMATREND_GBPJPY_H4_M2","2023.01.01..2026.06.01","2026.01.19","132.2","10.6","0.94","QUIET_TAIL"
"EMATREND_GBPJPY_H4_OOS_M2","2025.06.01..2026.06.01","2026.01.19","132.2","36.2","0.08","QUIET_TAIL"
"EMATREND_GBPUSD_H4_2015_noadx","2015.01.01..2026.06.01","2026.05.14","17.2","0.4","2.37","OK"
"EMATREND_GBPUSD_H4_IS_M2","2023.01.01..2025.06.01","2025.05.06","25.3","2.9","0.34","OK"
"EMATREND_GBPUSD_H4_M2","2023.01.01..2026.06.01","2026.05.14","17.2","1.4","0.34","OK"
"EMATREND_GBPUSD_H4_OOS_M2","2025.06.01..2026.06.01","2026.05.14","17.2","4.7","0.24","OK"
"EMATREND_USDCHF_H4_IS_M2","2023.01.01..2025.06.01","2025.05.12","19.5","2.2","0.24","OK"
"EMATREND_USDCHF_H4_M2","2023.01.01..2026.06.01","2026.05.15","16.5","1.3","0.33","OK"
"EMATREND_USDCHF_H4_OOS_M2","2025.06.01..2026.06.01","2026.05.15","16.5","4.5","0.19","OK"
"EMATREND_USDJPY_H1_M2","2023.01.01..2026.06.01","2026.05.29","2","0.2","0.68","OK"
"EMATREND_USDJPY_H4_2015_noadx","2015.01.01..2026.06.01","2026.05.14","17","0.4","1.28","OK"
"EMATREND_USDJPY_H4_2020_noadx","2020.01.01..2026.06.01","2026.05.14","17","0.7","0.65","OK"
"EMATREND_USDJPY_H4_ema1020","2023.01.01..2026.06.01","2026.05.26","5.7","0.5","0.85","OK"
"EMATREND_USDJPY_H4_IS_M2","2023.01.01..2025.06.01","2025.05.01","30.2","3.4","0.33","OK"
"EMATREND_USDJPY_H4_IS_noadx","2023.01.01..2025.06.01","2025.05.01","30.2","3.4","0.5","OK"
"EMATREND_USDJPY_H4_IS2020","2020.01.01..2024.01.01","2023.11.07","54.2","3.7","0.56","OK"
"EMATREND_USDJPY_H4_M2","2023.01.01..2026.06.01","2026.05.14","17","1.4","0.48","OK"
"EMATREND_USDJPY_H4_noadx","2023.01.01..2026.06.01","2026.05.14","17","1.4","0.65","OK"
"EMATREND_USDJPY_H4_OOS_M2","2025.06.01..2026.06.01","2026.05.14","17","4.7","0.19","OK"
"EMATREND_USDJPY_H4_OOS_noadx","2025.06.01..2026.06.01","2026.05.14","17","4.7","0.19","OK"
"EMATREND_USDJPY_H4_OOS2024","2024.01.01..2026.06.01","2026.05.14","17","1.9","0.66","OK"
"EMATREND_USDJPY_H4_trail1","2020.01.01..2026.06.01","2026.05.14","17.2","0.7","0.33","OK"
"EMATREND_USDJPY_H4_trail2","2020.01.01..2026.06.01","2026.05.14","17","0.7","0.5","OK"
"EMATREND_XAGUSD_H4_M2","2023.01.01..2026.06.01","2026.04.15","46.7","3.7","4.67","OK"
"EMATREND_XAUUSD_H4_IS_M2","2023.01.01..2025.06.01","2025.05.15","16.7","1.9","1.69","OK"
"EMATREND_XAUUSD_H4_M2","2023.01.01..2026.06.01","2026.04.08","53.8","4.3","10.49","OK"
"EMATREND_XAUUSD_H4_OOS_M2","2025.06.01..2026.06.01","2026.04.08","53.8","14.7","10.66","QUIET_TAIL"
"ESR_AUDNZD_H1_BWD_M1","2020.01.01..2022.12.31","2022.12.30","0.8","0.1","0.19","OK"
"ESR_AUDNZD_H1_MAIN_M1","2023.01.01..2025.12.31","2025.12.30","0.8","0.1","0.41","OK"
"ESR_AUDNZD_H4_BWD_M1","2020.01.01..2022.12.31","2022.12.12","18.7","1.7","0.14","OK"
"ESR_AUDNZD_H4_MAIN_M1","2023.01.01..2025.12.31","2025.10.21","70.2","6.4","0.08","OK"
"ESR_EURCHF_H1_BWD_M1","2020.01.01..2022.12.31","2022.12.28","2.7","0.2","0.29","OK"
"ESR_EURCHF_H1_MAIN_M1","2023.01.01..2025.12.31","2025.11.26","34.4","3.1","0.21","OK"
"ESR_EURCHF_H4_BWD_M1","2020.01.01..2022.12.31","2022.11.09","51.4","4.7","0.13","OK"
"ESR_EURCHF_H4_MAIN_M1","2023.01.01..2025.12.31","2025.10.29","62.4","5.7","0.59","OK"
"ESR_EURGBP_H1_BWD_M1","2020.01.01..2022.12.31","2022.12.21","9.6","0.9","0.84","OK"
"ESR_EURGBP_H1_MAIN_M1","2023.01.01..2025.12.31","2025.12.23","7","0.6","0.85","OK"
"ESR_EURGBP_H4_BWD_M1","2020.01.01..2022.12.31","2022.06.28","186","17","0.26","QUIET_TAIL"
"ESR_EURGBP_H4_MAIN_M1","2023.01.01..2025.12.31","2025.12.01","29.6","2.7","0.13","OK"
"ESR_USDCHF_H1_BWD_M1","2020.01.01..2022.12.31","2022.12.30","0.5","0","0.64","OK"
"ESR_USDCHF_H1_MAIN_M1","2023.01.01..2025.12.31","2025.12.15","15.4","1.4","0.56","OK"
"ESR_USDCHF_H4_BWD_M1","2020.01.01..2022.12.31","2022.09.15","106.5","9.7","0.27","OK"
"ESR_USDCHF_H4_MAIN_M1","2023.01.01..2025.12.31","2025.12.01","29.4","2.7","0.31","OK"
"EURCHF_H4_smoke","2023.01.01..2026.06.01","2026.05.29","2","0.2","1.83","OK"
"EX_paH1_tp_IS","2023.01.01..2026.01.01","2025.12.31","0","0","7.22","OK"
"EX_stoH1_tp_IS","2023.01.01..2026.01.01","2025.12.31","0","0","3.88","OK"
"EX_tp4_IS","2023.01.01..2026.01.01","2025.12.31","0","0","4.25","OK"
"EX_tp8_IS","2023.01.01..2026.01.01","2025.12.31","0","0","5.9","OK"
"EX_tr2_IS","2023.01.01..2026.01.01","2025.12.18","13.3","1.2","3.61","OK"
"EXP_LEV_A_100","2024.01.01..2024.01.15","2024.01.12","2","14.3","0.78","OK"
"EXP_LEV_B_500","2024.01.01..2024.01.15","2024.01.12","2","14.3","0.78","OK"
"EXP_LEV_C_NUMERIC","2024.01.01..2024.01.15","2024.01.12","2","14.3","0.78","OK"
"EXP_LEV_D_NUMERIC100","2024.01.01..2024.01.15","2024.01.12","2","14.3","0.78","OK"
"EXP_LEV_E_9999","2024.01.01..2024.01.15","2024.01.12","2","14.3","0.78","OK"
"EXP_LEV_F_250","2024.01.01..2024.01.15","2024.01.12","2","14.3","0.78","OK"
"EXP_LEV_G_333","2024.01.01..2024.01.15","2024.01.12","2","14.3","0.78","OK"
"EXP_LEV_H_FORCEDMISMATCH","2024.01.01..2024.01.15","2024.01.12","2","14.3","0.78","OK"
"EXT_XAG_BWD","2020.01.01..2022.12.31","2022.12.30","0","0","2.54","OK"
"EXT_XAG_MAIN","2023.01.01..2026.07.01","2026.06.30","0.7","0.1","5.04","OK"
"EXT_XAU_F20_M05_BWD","2020.01.01..2022.12.31","2022.12.30","0","0","3.18","OK"
"EXT_XAU_F20_M05_MAIN","2023.01.01..2026.07.01","2026.06.30","0.3","0","3.54","OK"
"EXT_XAU_F20_M0618_BWD","2020.01.01..2022.12.31","2022.12.28","2.5","0.2","2.76","OK"
"EXT_XAU_F20_M0618_MAIN","2023.01.01..2026.07.01","2026.06.30","0.3","0","3.55","OK"
"EXT_XAU_F20_M075_BWD","2020.01.01..2022.12.31","2022.12.28","2.5","0.2","2.33","OK"
"EXT_XAU_F20_M075_MAIN","2023.01.01..2026.07.01","2026.06.30","0.3","0","3.68","OK"
"EXT_XAU_F236_M05_BWD","2020.01.01..2022.12.31","2022.12.30","0","0","1.79","OK"
"EXT_XAU_F236_M05_MAIN","2023.01.01..2026.07.01","2026.06.30","0.3","0","3.36","OK"
"EXT_XAU_F236_M0618_BWD","2020.01.01..2022.12.31","2022.12.28","2.5","0.2","1.41","OK"
"EXT_XAU_F236_M0618_MAIN","2023.01.01..2026.07.01","2026.06.30","0.3","0","3.38","OK"
"EXT_XAU_F236_M075_BWD","2020.01.01..2022.12.31","2022.12.28","2.5","0.2","1.29","OK"
"EXT_XAU_F236_M075_MAIN","2023.01.01..2026.07.01","2026.06.30","0.3","0","3.53","OK"
"EXT_XAU_F27_M05_BWD","2020.01.01..2022.12.31","2022.12.30","0","0","1.84","OK"
"EXT_XAU_F27_M05_MAIN","2023.01.01..2026.07.01","2026.06.30","0.3","0","2.07","OK"
"EXT_XAU_F27_M0618_BWD","2020.01.01..2022.12.31","2022.12.28","2.5","0.2","1.69","OK"
"EXT_XAU_F27_M0618_MAIN","2023.01.01..2026.07.01","2026.06.30","0.3","0","2.02","OK"
"EXT_XAU_F27_M075_BWD","2020.01.01..2022.12.31","2022.12.28","2.5","0.2","1.61","OK"
"EXT_XAU_F27_M075_MAIN","2023.01.01..2026.07.01","2026.06.30","0.3","0","1.65","OK"
"EXT_XAU_F30_M05_BWD","2020.01.01..2022.12.31","2022.12.30","0","0","1.65","OK"
"EXT_XAU_F30_M05_MAIN","2023.01.01..2026.07.01","2026.06.30","0.3","0","2.05","OK"
"EXT_XAU_F30_M0618_BWD","2020.01.01..2022.12.31","2022.12.28","2.5","0.2","1.61","OK"
"EXT_XAU_F30_M0618_MAIN","2023.01.01..2026.07.01","2026.06.30","0.3","0","1.86","OK"
"EXT_XAU_F30_M075_BWD","2020.01.01..2022.12.31","2022.12.28","2.5","0.2","1.38","OK"
"EXT_XAU_F30_M075_MAIN","2023.01.01..2026.07.01","2026.06.30","0.3","0","1.73","OK"
"FALSIFY_Boss_12_Breakout","2024.01.01..2024.07.01","2024.06.28","2.4","1.3","2.6","OK"
"FALSIFY_Boss_17_Wave5","2024.01.01..2024.07.01","2024.06.05","25.3","13.9","1.03","QUIET_TAIL"
"FLAG_BWD","2020.01.01..2023.01.01","2022.05.06","239.5","21.9","0.41","QUIET_TAIL"
"FLAG_FWD","2025.01.01..2026.07.01","2026.01.16","165.3","30.3","0.89","QUIET_TAIL"
"FLAG_HOLDOUT","2023.01.01..2025.01.01","2023.11.29","398.5","54.5","0.28","QUIET_TAIL"
"FXH_SQZ_EURUSD_BWD","2020.01.01..2023.01.01","2022.11.25","36.4","3.3","0.37","OK"
"FXH_SQZ_EURUSD_FWD","2025.01.01..2026.07.01","2026.06.11","19.1","3.5","0.21","OK"
"FXH_SQZ_EURUSD_HOLDOUT","2023.01.01..2025.01.01","2024.12.19","12.6","1.7","0.27","OK"
"FXH_SQZ_GBPUSD_BWD","2020.01.01..2023.01.01","2022.12.13","18.3","1.7","0.69","OK"
"FXH_SQZ_GBPUSD_FWD","2025.01.01..2026.07.01","2026.05.26","35.6","6.5","0.26","OK"
"FXH_SQZ_GBPUSD_HOLDOUT","2023.01.01..2025.01.01","2024.12.19","12.6","1.7","0.34","OK"
"FXH_TL_EURUSD_BWD","2020.01.01..2023.01.01","2022.12.30","1.5","0.1","1.27","OK"
"FXH_TL_EURUSD_FWD","2025.01.01..2026.07.01","2026.06.30","0.2","0","0.76","OK"
"FXH_TL_EURUSD_HOLDOUT","2023.01.01..2025.01.01","2024.12.30","1.3","0.2","0.36","OK"
"FXH_TL_GBPUSD_BWD","2020.01.01..2023.01.01","2022.12.30","1","0.1","0.96","OK"
"FXH_TL_GBPUSD_FWD","2025.01.01..2026.07.01","2026.06.30","0.2","0","0.87","OK"
"FXH_TL_GBPUSD_HOLDOUT","2023.01.01..2025.01.01","2024.12.31","0","0","1.01","OK"
"GJd15_M4_BWD","2020.01.01..2023.01.01","2022.11.02","59.3","5.4","11.5","OK"
"GJd15_M4_MAIN","2023.01.01..2026.07.01","2026.06.30","0","0","4.92","OK"
"GJYS_2021","2021.01.01..2022.01.01","2021.12.31","0","0","6.52","OK"
"GJYS_2022","2022.01.01..2023.01.01","2022.11.02","59.3","16.2","4.56","QUIET_TAIL"
"GJYS_2023","2023.01.01..2024.01.01","2023.12.21","10.4","2.8","5.43","OK"
"GJYS_2024","2024.01.01..2025.01.01","2024.11.08","53.7","14.7","5.98","QUIET_TAIL"
"GJYS_2025","2025.01.01..2026.01.01","2025.12.31","0","0","2.43","OK"
"GJYS_2026","2026.01.01..2026.07.01","2026.06.30","0","0","3.75","OK"
"GP_GapContinuation_H1","2023.01.01..2025.12.31","2025.06.23","190","17.4","0.53","QUIET_TAIL"
"GP_GapContinuation_H4","2023.01.01..2025.12.31","2025.06.24","190","17.4","0.48","QUIET_TAIL"
"GP_PivotBreakout_H1","2023.01.01..2025.12.31","2025.12.29","1.3","0.1","6.33","OK"
"GP_PivotBreakout_H4","2023.01.01..2025.12.31","2025.12.29","1.3","0.1","4.12","OK"
"GP_PivotBreakout_M15","2023.01.01..2025.12.31","2025.12.29","1.6","0.1","4.26","OK"
"GPA_mg0p15_BWD","2020.01.01..2022.12.31","2022.11.14","46","4.2","1.85","OK"
"GPA_mg0p15_MAIN","2023.01.01..2025.12.31","2025.10.27","64","5.8","0.82","OK"
"GPA_mg0p2_BWD","2020.01.01..2022.12.31","2022.11.14","46","4.2","1.9","OK"
"GPA_mg0p2_MAIN","2023.01.01..2025.12.31","2025.10.27","64","5.8","0.83","OK"
"GPB_sl1p5_tp1p5_BWD","2020.01.01..2022.12.31","2022.12.30","0","0","1.92","OK"
"GPB_sl1p5_tp1p5_MAIN","2023.01.01..2025.12.31","2025.12.29","1.3","0.1","4.54","OK"
"GPB_sl1p5_tp3_BWD","2020.01.01..2022.12.31","2022.12.30","0","0","2.52","OK"
"GPB_sl1p5_tp3_MAIN","2023.01.01..2025.12.31","2025.12.29","1.3","0.1","3.58","OK"
"GPB_sl2p5_tp1p5_BWD","2020.01.01..2022.12.31","2022.12.30","0","0","2.84","OK"
"GPB_sl2p5_tp1p5_MAIN","2023.01.01..2025.12.31","2025.12.30","0","0","5.51","OK"
"GPB_sl2p5_tp3_BWD","2020.01.01..2022.12.31","2022.12.30","0","0","3.98","OK"
"GPB_sl2p5_tp3_MAIN","2023.01.01..2025.12.31","2025.12.30","0","0","10.13","OK"
"GR_FF1_IS","2023.01.01..2025.06.01","2025.05.29","2.2","0.2","21.11","OK"
"GR_FF2_IS","2023.01.01..2025.06.01","2025.05.29","2.2","0.2","18.64","OK"
"GR_FF2_OOS","2025.06.01..2026.06.01","2026.05.29","2.1","0.6","11.99","OK"
"GR_FF3_IS","2023.01.01..2025.06.01","2025.05.29","2.2","0.2","17.83","OK"
"GSMC_run004_OOS_corr","2020.01.01..2023.01.01","2022.12.30","1.3","0.1","18.24","OK"
"HEDGE_AUDNZD_V1_M1","2023.01.01..2026.07.01","2026.06.30","0","0","4.26","OK"
"HEX_BASE_XAU_BWD","2020.01.01..2022.12.31","2022.12.30","0.5","0","65.44","OK"
"HEX_BASE_XAU_REC","2023.01.01..2026.07.01","2026.06.30","0","0","57.95","OK"
"IBOCO_GBPUSD_H4","2023.01.01..2026.06.01","2026.05.29","2","0.2","1.68","OK"
"IBOCO_XAUUSD_H4","2023.01.01..2026.06.01","2026.05.28","3.2","0.3","10.86","OK"
"ICHI_GBPJPY_H4_smoke","2023.01.01..2026.06.01","2026.05.29","2","0.2","2.96","OK"
"ICHI_GBPUSD_H4_smoke","2023.01.01..2026.06.01","2026.05.29","2.2","0.2","1.72","OK"
"ICHI_USDJPY_H4_smoke","2023.01.01..2026.06.01","2026.05.29","2","0.2","1.88","OK"
"ICHI_XAUUSD_H4_smoke","2023.01.01..2026.06.01","2026.05.29","2.2","0.2","9.96","OK"
"IchiADX_EURUSD_smoke","2023.01.01..2026.01.01","2025.12.23","8.3","0.8","4.13","OK"
"IchiADX_GBPUSD_smoke","2023.01.01..2026.01.01","2025.12.31","0.4","0","7.12","OK"
"IchiADX_JPYprobe_p1_adx25_trail","2023.01.01..2025.06.01","2025.05.28","3.8","0.4","4.48","OK"
"IchiADX_JPYprobe_p2_adx30_trail","2023.01.01..2025.06.01","2025.05.28","3.8","0.4","5.11","OK"
"IchiADX_JPYprobe_p3_adx20_tp3","2023.01.01..2025.06.01","2025.05.29","2.9","0.3","6.8","OK"
"IchiADX_JPYprobe_p4_adx25_tp4","2023.01.01..2025.06.01","2025.05.29","2.9","0.3","5.54","OK"
"IchiADX_JPYprobe_p5_adx20_trail35","2023.01.01..2025.06.01","2025.05.28","3.5","0.4","5.55","OK"
"IchiADX_USDJPY_IS","2023.01.01..2025.06.01","2025.05.28","3.8","0.4","4.47","OK"
"IchiADX_USDJPY_OOS","2025.06.01..2026.01.01","2025.12.31","0.2","0.1","1.71","OK"
"IchiADX_USDJPY_smoke","2023.01.01..2026.01.01","2025.12.31","0.2","0","4.47","OK"
"JS18_faithful_BUY_AUDUSD_BWD","2020.01.01..2022.12.31","2022.12.30","0.6","0.1","9.47","OK"
"JS18_faithful_BUY_AUDUSD_MAIN","2023.01.01..2025.12.31","2025.12.30","0","0","6.77","OK"
"JS18_faithful_BUY_EURUSD_BWD","2020.01.01..2022.12.31","2022.12.30","0","0","12.56","OK"
"JS18_faithful_BUY_EURUSD_MAIN","2023.01.01..2025.12.31","2025.12.30","0.3","0","8.44","OK"
"JS18_faithful_SELL_AUDUSD_BWD","2020.01.01..2022.12.31","2022.12.30","0.2","0","12.77","OK"
"JS18_faithful_SELL_AUDUSD_MAIN","2023.01.01..2025.12.31","2025.12.30","0","0","7.86","OK"
"JS18_faithful_SELL_EURUSD_BWD","2020.01.01..2022.12.31","2022.12.30","0.5","0","12.65","OK"
"JS18_faithful_SELL_EURUSD_MAIN","2023.01.01..2025.12.31","2025.12.30","0","0","8.02","OK"
"JS18_rev_BUY_AUDUSD_BWD","2020.01.01..2022.12.31","2022.12.30","0.2","0","10.15","OK"
"JS18_rev_BUY_AUDUSD_MAIN","2023.01.01..2025.12.31","2025.12.30","0","0","6.94","OK"
"JS18_rev_BUY_EURUSD_BWD","2020.01.01..2022.12.31","2022.12.30","0.5","0","10.13","OK"
"JS18_rev_BUY_EURUSD_MAIN","2023.01.01..2025.12.31","2025.12.30","0","0","8.03","OK"
"JS18_rev_SELL_AUDUSD_BWD","2020.01.01..2022.12.31","2022.12.30","0.7","0.1","11.98","OK"
"JS18_rev_SELL_AUDUSD_MAIN","2023.01.01..2025.12.31","2025.12.30","0.1","0","7.72","OK"
"JS18_rev_SELL_EURUSD_BWD","2020.01.01..2022.12.31","2022.12.30","0.1","0","9.38","OK"
"JS18_rev_SELL_EURUSD_MAIN","2023.01.01..2025.12.31","2025.12.30","0.4","0","7.62","OK"
"JS18bex_faithful_BUY_EURUSD_BWD","2020.01.01..2022.12.31","2022.12.30","0","0","4.09","OK"
"JS18bex_faithful_BUY_EURUSD_MAIN","2023.01.01..2025.12.31","2025.12.30","0.3","0","2.62","OK"
"JS18bex_faithful_SELL_EURUSD_BWD","2020.01.01..2022.12.31","2022.12.30","0.5","0","4.01","OK"
"JS18bex_faithful_SELL_EURUSD_MAIN","2023.01.01..2025.12.31","2025.12.30","0","0","1.46","OK"
"JS18bex_rev_BUY_EURUSD_BWD","2020.01.01..2022.12.31","2022.12.30","0.5","0","2.03","OK"
"JS18bex_rev_BUY_EURUSD_MAIN","2023.01.01..2025.12.31","2025.12.30","0","0","2.25","OK"
"JS18bex_rev_SELL_EURUSD_BWD","2020.01.01..2022.12.31","2022.12.30","0","0","2.13","OK"
"JS18bex_rev_SELL_EURUSD_MAIN","2023.01.01..2025.12.31","2025.12.30","0.4","0","1.65","OK"
"JS18h4_faithful_SELL_EURUSD_BWD","2020.01.01..2022.12.31","2022.12.30","0.4","0","1.59","OK"
"JS18h4_faithful_SELL_EURUSD_MAIN","2023.01.01..2025.12.31","2025.12.30","0","0","1.96","OK"
"JS18h4_rev_BUY_EURUSD_BWD","2020.01.01..2022.12.31","2022.12.30","0.2","0","2.1","OK"
"JS18h4_rev_BUY_EURUSD_MAIN","2023.01.01..2025.12.31","2025.12.30","0","0","1.28","OK"
"JUMT5_AUDJPY_H1","2023.01.01..2026.07.01","2026.06.30","0","0","25.1","OK"
"JUMT5_AUDJPY_H4","2023.01.01..2026.07.01","2026.06.30","0","0","18.3","OK"
"JUMT5_AUDJPY_M15","2023.01.01..2026.07.01","2026.06.30","0","0","15.05","OK"
"JUMT5_AUDUSD_H1","2023.01.01..2026.07.01","2026.06.30","0","0","9.58","OK"
"JUMT5_AUDUSD_H4","2023.01.01..2026.07.01","2026.06.30","0","0","10.31","OK"
"JUMT5_AUDUSD_M15","2023.01.01..2026.07.01","2026.06.30","0","0","14.77","OK"
"JUMT5_EURGBP_H1","2023.01.01..2026.07.01","2026.06.30","0","0","5.66","OK"
"JUMT5_EURGBP_H4","2023.01.01..2026.07.01","2026.06.30","0","0","6.78","OK"
"JUMT5_EURGBP_M15","2023.01.01..2026.07.01","2026.06.30","0","0","6.85","OK"
"JUMT5_GATE_EURUSD_H1","2023.01.01..2026.07.01","2026.06.30","0","0","8.23","OK"
"JUMT5_GBPJPY_H1","2023.01.01..2026.07.01","2026.06.30","0","0","29.01","OK"
"JUMT5_GBPJPY_H4","2023.01.01..2026.07.01","2026.06.30","0","0","39.32","OK"
"JUMT5_GBPJPY_M15","2023.01.01..2026.07.01","2026.06.30","0","0","30.23","OK"
"JUMT5_GBPUSD_H1","2023.01.01..2026.07.01","2026.06.30","0","0","18.82","OK"
"JUMT5_GBPUSD_H4","2023.01.01..2026.07.01","2026.06.30","0","0","10.39","OK"
"JUMT5_GBPUSD_M15","2023.01.01..2026.07.01","2026.06.30","0","0","16.71","OK"
"JUMT5_NZDUSD_H1","2023.01.01..2026.07.01","2026.06.30","0","0","12.34","OK"
"JUMT5_NZDUSD_H4","2023.01.01..2026.07.01","2026.06.30","0","0","7.81","OK"
"JUMT5_NZDUSD_M15","2023.01.01..2026.07.01","2026.06.30","0","0","14.05","OK"
"JUMT5OOS_AUDUSD_H1_IS","2023.01.01..2025.03.01","2025.02.28","0","0","7.68","OK"
"JUMT5OOS_AUDUSD_H1_OOS","2025.03.01..2026.07.01","2026.06.30","0","0","10.9","OK"
"JUMT5OOS_EURGBP_H1_IS","2023.01.01..2025.03.01","2025.02.28","0","0","4.71","OK"
"JUMT5OOS_EURGBP_H1_OOS","2025.03.01..2026.07.01","2026.06.30","0","0","6.23","OK"
"JUMT5OOS_EURUSD_H1_IS","2023.01.01..2025.03.01","2025.02.28","0","0","6.54","OK"
"JUMT5OOS_EURUSD_H1_OOS","2025.03.01..2026.07.01","2026.06.30","0","0","9.21","OK"
"JUMT5OOS_GBPUSD_H4_IS","2023.01.01..2025.03.01","2025.02.28","0","0","10.39","OK"
"JUMT5OOS_GBPUSD_H4_OOS","2025.03.01..2026.07.01","2026.06.30","0","0","6.03","OK"
"JUMT5OOS_NZDUSD_H4_IS","2023.01.01..2025.03.01","2025.02.28","0","0","7.81","OK"
"JUMT5OOS_NZDUSD_H4_OOS","2025.03.01..2026.07.01","2026.06.30","0","0","4.55","OK"
"KANG_XAU_BASE_2425","2024.01.01..2025.01.01","2024.12.19","12.9","3.5","5.93","OK"
"KANG_XAU_FIB_2425","2024.01.01..2025.01.01","2024.12.19","12.9","3.5","5.93","OK"
"KCH_def_H1_BWD","2020.01.01..2023.01.01","2022.12.30","1","0.1","8.28","OK"
"KCH_def_H1_MAIN","2023.01.01..2026.07.01","2026.06.30","0","0","8.52","OK"
"KCH_def_H4_BWD","2020.01.01..2023.01.01","2022.12.30","1","0.1","7.73","OK"
"KCH_def_H4_MAIN","2023.01.01..2026.07.01","2026.06.30","0","0","15.39","OK"
"KCH_mid_H1_BWD","2020.01.01..2023.01.01","2022.12.30","1","0.1","7.58","OK"
"KCH_mid_H1_MAIN","2023.01.01..2026.07.01","2026.06.30","0","0","7.13","OK"
"KCH_mid_H4_BWD","2020.01.01..2023.01.01","2022.12.30","1","0.1","8.31","OK"
"KCH_mid_H4_MAIN","2023.01.01..2026.07.01","2026.06.30","0","0","13.96","OK"
"KCH_tight_H1_BWD","2020.01.01..2023.01.01","2022.12.30","1","0.1","11.97","OK"
"KCH_tight_H1_MAIN","2023.01.01..2026.07.01","2026.06.30","0.4","0","5.74","OK"
"KCH_tight_H4_BWD","2020.01.01..2023.01.01","2022.12.30","1","0.1","11.98","OK"
"KCH_tight_H4_MAIN","2023.01.01..2026.07.01","2026.06.30","0","0","15.23","OK"
"KCH_wide_H1_BWD","2020.01.01..2023.01.01","2022.12.30","1","0.1","5.85","OK"
"KCH_wide_H1_MAIN","2023.01.01..2026.07.01","2026.06.30","0","0","6.87","OK"
"KCH_wide_H4_BWD","2020.01.01..2023.01.01","2022.12.30","1","0.1","8.5","OK"
"KCH_wide_H4_MAIN","2023.01.01..2026.07.01","2026.06.30","0","0","15.07","OK"
"KELTNER_GBPJPY_H4_smoke","2023.01.01..2026.06.01","2026.05.28","3.8","0.3","1.75","OK"
"KELTNER_GBPUSD_H4_smoke","2023.01.01..2026.06.01","2026.05.28","3.3","0.3","1.75","OK"
"KELTNER_USDJPY_H4_smoke","2023.01.01..2026.06.01","2026.05.28","3.2","0.3","1.55","OK"
"KELTNER_XAUUSD_H4_smoke","2023.01.01..2026.06.01","2026.05.28","3.2","0.3","8.17","OK"
"KER_GBPUSD_H4","2023.01.01..2026.06.01","2026.05.29","2.2","0.2","3.37","OK"
"KER_RECONF_IS","2023.01.01..2025.06.01","2025.05.29","2.8","0.3","2.68","OK"
"KER_RECONF_OOS","2025.06.01..2026.06.01","2026.05.15","16.8","4.6","5.11","OK"
"KER_XAUUSD_H4","2023.01.01..2026.06.01","2026.05.28","3.2","0.3","7.69","OK"
"KER_XAUUSD_H4_bo","2023.01.01..2026.06.01","2026.05.15","16.8","1.3","4.77","OK"
"KER_XAUUSD_H4_bo_IS","2023.01.01..2025.06.01","2025.05.29","2.8","0.3","2.68","OK"
"KER_XAUUSD_H4_bo_OOS","2025.06.01..2026.06.01","2026.05.15","16.8","4.6","5.11","OK"
"KER_XAUUSD_H4_IS","2023.01.01..2025.06.01","2025.05.29","2.2","0.2","3.92","OK"
"KER_XAUUSD_H4_OOS","2025.06.01..2026.06.01","2026.05.28","3.2","0.9","8.09","OK"
"KUMO_def_H1_BWD","2020.01.01..2023.01.01","2022.12.29","2.9","0.3","6.11","OK"
"KUMO_def_H1_MAIN","2023.01.01..2026.07.01","2026.06.25","5.3","0.4","5.89","OK"
"KUMO_def_H4_BWD","2020.01.01..2023.01.01","2022.12.30","1","0.1","4.9","OK"
"KUMO_def_H4_MAIN","2023.01.01..2026.07.01","2026.06.03","27.6","2.2","3.74","OK"
"KUMO_fast_H1_BWD","2020.01.01..2023.01.01","2022.12.29","2.9","0.3","6.14","OK"
"KUMO_fast_H1_MAIN","2023.01.01..2026.07.01","2026.06.30","0","0","5.6","OK"
"KUMO_fast_H4_BWD","2020.01.01..2023.01.01","2022.12.30","1","0.1","4.72","OK"
"KUMO_fast_H4_MAIN","2023.01.01..2026.07.01","2026.06.30","0","0","8.02","OK"
"KUMO_med_H1_BWD","2020.01.01..2023.01.01","2022.12.14","17.1","1.6","7.48","OK"
"KUMO_med_H1_MAIN","2023.01.01..2026.07.01","2026.06.25","5.8","0.5","6.36","OK"
"KUMO_med_H4_BWD","2020.01.01..2023.01.01","2022.12.27","4.5","0.4","4.68","OK"
"KUMO_med_H4_MAIN","2023.01.01..2026.07.01","2026.04.30","61.5","4.8","5.09","OK"
"KUMO_slow_H1_BWD","2020.01.01..2023.01.01","2022.12.16","15.8","1.4","5.26","OK"
"KUMO_slow_H1_MAIN","2023.01.01..2026.07.01","2026.06.29","1.3","0.1","3.92","OK"
"KUMO_slow_H4_BWD","2020.01.01..2023.01.01","2022.12.27","4.3","0.4","5.96","OK"
"KUMO_slow_H4_MAIN","2023.01.01..2026.07.01","2026.04.27","64.7","5.1","3.45","OK"
"LANE2_SMOKE_USDJPY","2025.07.01..2026.07.01","2026.06.30","0","0","3.63","OK"
"LANE3_SMOKE","2024.01.02..2024.01.10","2024.01.09","0","0","0.72","OK"
"LDN_TEST","2024.01.01..2025.01.01","2024.12.19","12.3","3.4","0.1","OK"
"LDN2_GBPUSD_BWD","2020.01.01..2023.01.01","2022.12.21","10.6","1","0.62","OK"
"LDN2_GBPUSD_FWD","2025.01.01..2026.07.01","2026.06.18","12.5","2.3","0.14","OK"
"LDN2_GBPUSD_HOLDOUT","2023.01.01..2025.01.01","2024.12.19","12.3","1.7","0.18","OK"
"LDN2_XAU_BWD","2020.01.01..2023.01.01","2022.12.28","3.3","0.3","0.9","OK"
"LDN2_XAU_FWD","2025.01.01..2026.07.01","2026.06.18","12.2","2.2","2.51","OK"
"LDN2_XAU_HOLDOUT","2023.01.01..2025.01.01","2024.12.19","12.4","1.7","0.94","OK"
"LDNOPT_c0.8_tp2_BWD","2020.01.01..2023.01.01","2022.12.21","10.6","1","0.64","OK"
"LDNOPT_c0.8_tp2_FWD","2025.01.01..2026.07.01","2026.06.18","12.5","2.3","0.14","OK"
"LDNOPT_c0.8_tp3_BWD","2020.01.01..2023.01.01","2022.12.21","10.6","1","0.62","OK"
"LDNOPT_c0.8_tp3_FWD","2025.01.01..2026.07.01","2026.06.18","12.5","2.3","0.14","OK"
"LDNOPT_c1.2_tp2_BWD","2020.01.01..2023.01.01","2022.12.29","2.6","0.2","1.08","OK"
"LDNOPT_c1.2_tp2_FWD","2025.01.01..2026.07.01","2026.06.18","12.5","2.3","0.47","OK"
"LDNOPT_c1.2_tp3_BWD","2020.01.01..2023.01.01","2022.12.29","2.6","0.2","1.54","OK"
"LDNOPT_c1.2_tp3_FWD","2025.01.01..2026.07.01","2026.06.18","12.5","2.3","0.48","OK"
"LDNOPT_c1.6_tp2_BWD","2020.01.01..2023.01.01","2022.12.30","1.5","0.1","2.46","OK"
"LDNOPT_c1.6_tp2_FWD","2025.01.01..2026.07.01","2026.06.30","0.6","0.1","0.71","OK"
"LDNOPT_c1.6_tp3_BWD","2020.01.01..2023.01.01","2022.12.30","1.5","0.1","3.31","OK"
"LDNOPT_c1.6_tp3_FWD","2025.01.01..2026.07.01","2026.06.30","0.6","0.1","0.74","OK"
"LDNOPT_c2_tp2_BWD","2020.01.01..2023.01.01","2022.12.30","1.5","0.1","3.1","OK"
"LDNOPT_c2_tp2_FWD","2025.01.01..2026.07.01","2026.06.30","0.6","0.1","0.85","OK"
"LDNOPT_c2_tp3_BWD","2020.01.01..2023.01.01","2022.12.30","1.5","0.1","4.11","OK"
"LDNOPT_c2_tp3_FWD","2025.01.01..2026.07.01","2026.06.30","0.6","0.1","0.97","OK"
"LEVFMT_TEST","2024.01.01..2024.07.01","2024.01.17","165.3","90.8","25.08","SUSPECT"
"LEVFMT_TEST2","2024.01.01..2024.07.01","2024.06.28","2","1.1","6.48","OK"
"LEVSWEEP_200","2024.01.01..2024.07.01","2024.06.28","2","1.1","6.48","OK"
"LEVSWEEP_500","2024.01.01..2024.07.01","2024.06.28","2","1.1","6.48","OK"
"LEVTEST_100","2024.01.01..2024.07.01","2024.06.28","2","1.1","6.48","OK"
"LEVTEST_L1_100","2024.01.01..2024.07.01","2024.01.17","165.3","90.8","25.08","SUSPECT"
"LNBREAK_EURUSD_H1_smoke","2023.01.01..2026.06.01","2026.05.29","2","0.2","0.85","OK"
"LNBREAK_GBPJPY_H1_smoke","2023.01.01..2026.06.01","2026.05.29","2.3","0.2","3.2","OK"
"LNBREAK_GBPUSD_H1_smoke","2023.01.01..2026.06.01","2026.05.29","2","0.2","0.6","OK"
"LNBREAK_GBPUSD_H1_tp4","2023.01.01..2026.06.01","2026.05.29","2","0.2","0.8","OK"
"LNBREAK_USDJPY_H1_smoke","2023.01.01..2026.06.01","2026.05.28","3.3","0.3","1.77","OK"
"LNBREAK_XAUUSD_H1_smoke","2023.01.01..2026.06.01","2026.05.29","2","0.2","6.69","OK"
"LO_PA_gap0.3","2023.01.01..2026.01.01","2025.12.31","0","0","5.98","OK"
"LO_PA_gap0.8","2023.01.01..2026.01.01","2025.12.31","0","0","5.82","OK"
"LO_PA_gap0.8_BWD","2020.01.01..2023.01.01","2022.12.30","1","0.1","6.03","OK"
"LO_PA_gap1.2","2023.01.01..2026.01.01","2025.12.31","0","0","6.55","OK"
"LO_STO_k9_lv20","2023.01.01..2026.01.01","2025.12.31","0","0","4.31","OK"
"LO_STO_k9_lv20_BWD","2020.01.01..2023.01.01","2022.12.30","1","0.1","4.5","OK"
"LO_STO_k9_lv25","2023.01.01..2026.01.01","2025.12.31","0","0","4.73","OK"
"M4_DON_ETH_PYR3","2023.01.01..2026.07.01","2026.06.30","0","0","5.79","OK"
"M4_ST_BTC_FULL","2023.01.01..2026.07.01","2026.06.30","0","0","1.91","OK"
"MACDDIV_GBP_D1_BWD","2020.01.01..2022.12.31","2022.11.24","36.9","3.4","1.78","OK"
"MACDDIV_GBP_D1_HOLDOUT2017","2017.01.01..2019.12.31","2019.12.30","0.3","0","2.12","OK"
"MACDDIV_GBP_D1_HOLDOUT2026","2026.01.01..2026.06.30","2026.06.17","12.1","6.7","0.42","OK"
"MACDDIV_GBP_D1_MAIN","2023.01.01..2025.12.31","2025.10.29","62.7","5.7","0.9","OK"
"MacdDiv_XAUH4_M4_BWD_2020_2022","2020.01.01..2022.12.31","2022.12.30","0","0","3.98","OK"
"MacdDiv_XAUH4_M4_HOLDOUT_2026H1","2026.01.01..2026.07.01","2026.06.23","7.7","4.3","5.74","OK"
"MacdDiv_XAUH4_M4_MAIN_2023_2025","2023.01.01..2025.12.31","2025.12.30","0","0","3.01","OK"
"MC_BRK_XAU_H4_c0","2023.12.01..2026.06.01","2026.03.02","90.9","10","1.08","QUIET_TAIL"
"MDX_AUDUSD_D1_MAIN_M1","2023.01.01..2025.12.31","2025.07.23","160.4","14.6","0.48","QUIET_TAIL"
"MDX_AUDUSD_H4_BWD","2020.01.01..2022.12.31","2022.12.13","17.4","1.6","2.25","OK"
"MDX_AUDUSD_H4_MAIN","2023.01.01..2026.07.01","2026.06.30","0","0","0.79","OK"
"MDX_AUDUSD_H4_MAIN_M1","2023.01.01..2025.12.31","2025.12.26","4.5","0.4","0.77","OK"
"MDX_EURJPY_H4_BWD","2020.01.01..2022.12.31","2022.12.30","0","0","2","OK"
"MDX_EURJPY_H4_MAIN","2023.01.01..2026.07.01","2026.06.30","0.3","0","1.09","OK"
"MDX_EURUSD_D1_MAIN_M1","2023.01.01..2025.12.31","2025.12.03","27.1","2.5","1.1","OK"
"MDX_EURUSD_H4_MAIN_M1","2023.01.01..2025.12.31","2025.12.30","0","0","0.96","OK"
"MDX_GBP_BWD","2020.01.01..2022.12.31","2022.12.30","0","0","1","OK"
"MDX_GBP_FULL","2020.01.01..2026.07.01","2026.06.30","0","0","1","OK"
"MDX_GBP_HOLDOUT","2025.07.01..2026.07.01","2026.06.30","0","0","0.8","OK"
"MDX_GBP_IS","2023.01.01..2025.06.30","2025.06.12","17.8","2","0.65","OK"
"MDX_GBP_SENS_bufhi","2023.01.01..2025.06.30","2025.06.12","17.8","2","0.89","OK"
"MDX_GBP_SENS_buflo","2023.01.01..2025.06.30","2025.06.12","17.8","2","0.65","OK"
"MDX_GBP_SENS_slowhi","2023.01.01..2025.06.30","2025.06.12","17.8","2","0.65","OK"
"MDX_GBP_SENS_slowlo","2023.01.01..2025.06.30","2025.06.12","17.8","2","0.87","OK"
"MDX_GBPJPY_D1_MAIN_M1","2023.01.01..2025.12.31","2025.11.20","40.6","3.7","1.99","OK"
"MDX_GBPJPY_H4_MAIN_M1","2023.01.01..2025.12.31","2025.12.30","0","0","1.81","OK"
"MDX_GBPUSD_D1_BWD_M1","2020.01.01..2022.12.31","2022.11.24","36.5","3.3","1.2","OK"
"MDX_GBPUSD_D1_BWD_M4","2020.01.01..2022.12.31","2022.11.24","36.3","3.3","1.2","OK"
"MDX_GBPUSD_D1_MAIN_M1","2023.01.01..2025.12.31","2025.09.19","102.6","9.4","0.73","OK"
"MDX_GBPUSD_D1_MAIN_M4","2023.01.01..2025.12.31","2025.09.19","102.6","9.4","0.73","OK"
"MDX_GBPUSD_H4_BWD","2020.01.01..2022.12.31","2022.12.30","0","0","0.84","OK"
"MDX_GBPUSD_H4_BWD_M1","2020.01.01..2022.12.31","2022.12.30","0","0","0.84","OK"
"MDX_GBPUSD_H4_BWD_M4","2020.01.01..2022.12.31","2022.12.30","0","0","1","OK"
"MDX_GBPUSD_H4_MAIN","2023.01.01..2026.07.01","2026.06.29","1.3","0.1","0.82","OK"
"MDX_GBPUSD_H4_MAIN_M1","2023.01.01..2025.12.31","2025.12.30","0","0","0.64","OK"
"MDX_GBPUSD_H4_MAIN_M4","2023.01.01..2025.12.31","2025.12.30","0","0","0.63","OK"
"MDX_US30_H4_BWD","2020.01.01..2022.12.31","2022.12.30","0","0","0.52","OK"
"MDX_US30_H4_MAIN","2023.01.01..2026.07.01","2026.06.30","0","0","1.3","OK"
"MDX_USDJPY_D1_BWD_M1","2020.01.01..2022.12.31","2022.12.30","0","0","0.74","OK"
"MDX_USDJPY_D1_BWD_M4","2020.01.01..2022.12.31","2022.12.30","0","0","1.04","OK"
"MDX_USDJPY_D1_MAIN_M1","2023.01.01..2025.12.31","2025.12.19","11.5","1.1","1.23","OK"
"MDX_USDJPY_D1_MAIN_M4","2023.01.01..2025.12.31","2025.12.19","11.5","1.1","1.36","OK"
"MDX_USDJPY_H4_BWD","2020.01.01..2022.12.31","2022.12.30","0","0","1.25","OK"
"MDX_USDJPY_H4_BWD_M1","2020.01.01..2022.12.31","2022.12.30","0","0","1.25","OK"
"MDX_USDJPY_H4_BWD_M4","2020.01.01..2022.12.31","2022.12.30","0","0","1.29","OK"
"MDX_USDJPY_H4_MAIN","2023.01.01..2026.07.01","2026.06.29","1.3","0.1","1.32","OK"
"MDX_USDJPY_H4_MAIN_M1","2023.01.01..2025.12.31","2025.12.09","21.6","2","0.85","OK"
"MDX_USDJPY_H4_MAIN_M4","2023.01.01..2025.12.31","2025.12.09","21.6","2","0.97","OK"
"MDX_XAGUSD_D1_MAIN_M1","2023.01.01..2025.12.31","2025.11.28","32.3","2.9","6.48","OK"
"MDX_XAGUSD_H4_BWD","2020.01.01..2022.12.31","2022.12.30","0.6","0.1","8.47","OK"
"MDX_XAGUSD_H4_MAIN","2023.01.01..2026.07.01","2026.06.30","0","0","17.01","OK"
"MDX_XAGUSD_H4_MAIN_M1","2023.01.01..2025.12.31","2025.12.19","11.2","1","5","OK"
"MDX_XAUUSD_D1_BWD","2020.01.01..2022.12.31","2022.12.30","0","0","2.3","OK"
"MDX_XAUUSD_D1_MAIN","2023.01.01..2026.07.01","2026.02.23","127.9","10","8.43","QUIET_TAIL"
"MDX_XAUUSD_H1_BWD","2020.01.01..2022.12.31","2022.12.30","0","0","1.8","OK"
"MDX_XAUUSD_H1_MAIN","2023.01.01..2026.07.01","2026.06.25","5.3","0.4","13.84","OK"
"MDX_XAUUSD_H2_BWD","2020.01.01..2022.12.31","2022.12.29","1.2","0.1","2.37","OK"
"MDX_XAUUSD_H2_MAIN","2023.01.01..2026.07.01","2026.06.24","6.9","0.5","7.61","OK"
"MDXTF_GBP_D1_BWD","2020.01.01..2022.12.31","2022.11.24","36.5","3.3","1.2","OK"
"MDXTF_GBP_D1_MAIN","2023.01.01..2026.07.01","2026.06.17","13.1","1","0.73","OK"
"MDXTF_GBP_H1_BWD","2020.01.01..2022.12.31","2022.12.30","0","0","2.64","OK"
"MDXTF_GBP_H1_MAIN","2023.01.01..2026.07.01","2026.06.30","0.3","0","2.82","OK"
"MDXTF_GBP_H2_BWD","2020.01.01..2022.12.31","2022.12.30","0","0","1.97","OK"
"MDXTF_GBP_H2_MAIN","2023.01.01..2026.07.01","2026.06.17","13.3","1","0.85","OK"
"MERGE03_AB_MODE91","2024.01.01..2024.07.01","2024.06.28","2","1.1","3.07","OK"
"MERGE03_PYR_SMOKE","2024.01.01..2024.07.01","2024.06.28","2","1.1","1.46","OK"
"MERGE04_ACCTGATE_TEST","2024.01.01..2024.07.01","2024.05.20","41.6","22.9","1.5","QUIET_TAIL"
"MERGE04_ACCTGATE_TEST2","2024.01.01..2024.07.01","2024.05.20","41.6","22.9","1.5","QUIET_TAIL"
"MERGE04_ACCTGATE_TEST3","2024.01.01..2024.07.01","2024.05.20","41.6","22.9","1.5","QUIET_TAIL"
"MERGE04_ACCTGATE_TEST4","2024.01.01..2024.07.01","2024.01.31","151.1","83","11.67","QUIET_TAIL"
"MERGE07_BOSS15_PARITY","2024.01.01..2024.07.01","2024.06.28","2","1.1","0.27","OK"
"MERGE07_RUNNER_PARITY","2024.01.01..2024.07.01","2024.06.28","2.1","1.2","0.81","OK"
"MG_AB_AUDJPY_2024_OFF","2024.06.01..2024.09.20","2024.07.11","70.8","63.8","0.24","QUIET_TAIL"
"MG_AB_AUDJPY_2024_ON","2024.06.01..2024.09.20","2024.07.11","70.8","63.8","0.24","QUIET_TAIL"
"MG_AB_USDJPY_2024_OFF","2024.06.01..2024.09.20","2024.07.10","71.2","64.1","0.35","QUIET_TAIL"
"MG_AB_USDJPY_2024_ON","2024.06.01..2024.09.20","2024.07.10","71.2","64.1","0.35","QUIET_TAIL"
"MG_BRK_AUDJPY_OFF","2024.06.01..2024.09.20","2024.09.19","0","0","0.72","OK"
"MG_BRK_AUDJPY_ON","2024.06.01..2024.09.20","2024.07.31","50.9","45.9","0.2","QUIET_TAIL"
"MG_BRK_USDJPY_OFF","2024.06.01..2024.09.20","2024.09.19","0.6","0.5","0.86","OK"
"MG_BRK_USDJPY_ON","2024.06.01..2024.09.20","2024.07.31","50.7","45.7","0.4","QUIET_TAIL"
"MG_CHFJPY_IS_lot01","2023.01.01..2026.06.01","2026.05.29","2","0.2","18.01","OK"
"MG_CHFJPY_OOS_corr","2020.01.01..2023.01.01","2022.12.30","1","0.1","23.75","OK"
"MG_FY24_AUDJPY_OFF","2024.01.01..2024.12.31","2024.12.30","0","0","0.74","OK"
"MG_FY24_AUDJPY_ON","2024.01.01..2024.12.31","2024.12.26","4.5","1.2","0.34","OK"
"MG_FY24_USDJPY_OFF","2024.01.01..2024.12.31","2024.12.30","0","0","1.3","OK"
"MG_FY24_USDJPY_ON","2024.01.01..2024.12.31","2024.12.27","3.8","1","0.58","OK"
"MG_HARD_USDJPY_OFF","2024.01.01..2024.12.31","2024.12.30","0","0","1.3","OK"
"MG_HARD_USDJPY_ON","2024.01.01..2024.12.31","2024.12.27","3.8","1","0.58","OK"
"MG_PROBE_LOTMULT","2024.06.01..2024.09.20","2024.07.11","70.8","63.8","0.07","QUIET_TAIL"
"MH_AUDJPY_medH4_BWD","2020.01.01..2023.01.01","2022.12.19","12.2","1.1","3.94","OK"
"MH_AUDJPY_medH4_MAIN","2023.01.01..2026.07.01","2026.05.12","49.6","3.9","8.35","OK"
"MH_AUDJPY_slowH1_BWD","2020.01.01..2023.01.01","2022.12.02","29.4","2.7","6.2","OK"
"MH_AUDJPY_slowH1_MAIN","2023.01.01..2026.07.01","2026.06.25","6","0.5","7.96","OK"
"MH_CADJPY_medH4_BWD","2020.01.01..2023.01.01","2022.12.30","1","0.1","3.46","OK"
"MH_CADJPY_medH4_MAIN","2023.01.01..2026.07.01","2026.06.16","15","1.2","3.85","OK"
"MH_CADJPY_slowH1_BWD","2020.01.01..2023.01.01","2022.12.19","12.4","1.1","3.17","OK"
"MH_CADJPY_slowH1_MAIN","2023.01.01..2026.07.01","2026.06.23","7.3","0.6","3.06","OK"
"MH_EURJPY_medH4_BWD","2020.01.01..2023.01.01","2022.12.27","4.9","0.4","5.97","OK"
"MH_EURJPY_medH4_MAIN","2023.01.01..2026.07.01","2026.06.25","5.2","0.4","13.67","OK"
"MH_EURJPY_slowH1_BWD","2020.01.01..2023.01.01","2022.12.16","15.6","1.4","8.05","OK"
"MH_EURJPY_slowH1_MAIN","2023.01.01..2026.07.01","2026.06.24","6.6","0.5","5.19","OK"
"MH_GBPJPY_medH4_BWD","2020.01.01..2023.01.01","2022.12.30","1","0.1","8.43","OK"
"MH_GBPJPY_medH4_MAIN","2023.01.01..2026.07.01","2026.06.30","0","0","7.39","OK"
"MH_GBPJPY_slowH1_BWD","2020.01.01..2023.01.01","2022.12.16","15.5","1.4","9.41","OK"
"MH_GBPJPY_slowH1_MAIN","2023.01.01..2026.07.01","2026.06.24","6.6","0.5","5.23","OK"
"MH_GBPUSD_medH4_BWD","2020.01.01..2023.01.01","2022.12.05","26.2","2.4","9.27","OK"
"MH_GBPUSD_medH4_MAIN","2023.01.01..2026.07.01","2026.06.22","8.4","0.7","9.06","OK"
"MH_GBPUSD_slowH1_BWD","2020.01.01..2023.01.01","2022.12.28","3.6","0.3","7.93","OK"
"MH_GBPUSD_slowH1_MAIN","2023.01.01..2026.07.01","2026.06.25","5.8","0.5","13.78","OK"
"MH_XAUUSD_medH4_BWD","2020.01.01..2023.01.01","2022.12.30","1","0.1","16.53","OK"
"MH_XAUUSD_medH4_MAIN","2023.01.01..2026.07.01","2026.06.26","4.3","0.3","11.6","OK"
"MH_XAUUSD_slowH1_BWD","2020.01.01..2023.01.01","2022.12.30","1.5","0.1","7.37","OK"
"MH_XAUUSD_slowH1_MAIN","2023.01.01..2026.07.01","2026.06.30","0.7","0.1","11.62","OK"
"MMLOT_A_fixed_baseline","2024.01.01..2024.07.01","2024.05.09","52.3","28.7","25.09","SUSPECT"
"MMLOT_B_ratio_1x","2024.01.01..2024.07.01","2024.06.28","2.4","1.3","22.66","OK"
"MMLOT_C_ratio_0p5x","2024.01.01..2024.07.01","2024.06.28","2.4","1.3","21.33","OK"
"MMLOT_D_ratio_2x","2024.01.01..2024.07.01","2024.06.28","2.4","1.3","23.19","OK"
"MMLOT_E_unit_indep","2024.01.01..2024.07.01","2024.01.08","174.4","95.8","25.01","SUSPECT"
"MMLOT_F_maxlot_clamp","2024.01.01..2024.07.01","2024.06.28","2.4","1.3","19.22","OK"
"MMLOT_K0_flat_default","2024.01.01..2024.07.01","2024.06.28","2","1.1","4.39","OK"
"MMLOT_K1_scaled_1x","2024.01.01..2024.07.01","2024.05.23","38.1","20.9","25.09","SUSPECT"
"MMLOT_K1_scaled_2x","2024.01.01..2024.07.01","2024.05.23","38.1","20.9","25.03","SUSPECT"
"MS5_0001_M2_AUDNZD","2026.04.01..2026.07.01","2026.06.17","13","14.3","0.36","QUIET_TAIL"
"MS5_0001_M2_USDJPY","2026.04.01..2026.07.01","2026.06.18","12.5","13.7","0.67","QUIET_TAIL"
"MS5_0002_M1_AUDNZD","2025.07.01..2026.07.01","2025.08.14","320.6","87.8","6.32","QUIET_TAIL"
"MS5_0002_M1_EURUSD","2025.07.01..2026.07.01","2026.06.30","0","0","2.39","OK"
"MS5_0002_M1_USDJPY","2025.07.01..2026.07.01","2025.08.14","320.6","87.8","6.19","QUIET_TAIL"
"MS5_0002_M1_XAUUSD","2025.07.01..2026.07.01","2025.08.14","320.6","87.8","3.56","QUIET_TAIL"
"MS5_0002_M2_AUDNZD","2026.04.01..2026.07.01","2026.05.06","55.9","61.4","18.11","SUSPECT"
"MS5_0002_M2_EURUSD","2026.04.01..2026.07.01","2026.04.30","61.9","68","20.44","SUSPECT"
"MS5_0002_M2_USDJPY","2026.04.01..2026.07.01","2026.04.27","64.9","71.3","12.04","QUIET_TAIL"
"MS5_0002_M2_XAUUSD","2026.04.01..2026.07.01","2026.04.28","63.9","70.2","15.9","SUSPECT"
"MS5_0004_M1_AUDNZD","2025.07.01..2026.07.01","2025.08.28","306.8","84.1","38.49","SUSPECT"
"MS5_0004_M1_EURUSD","2025.07.01..2026.07.01","2026.06.30","0","0","17.17","OK"
"MS5_0004_M1_USDJPY","2025.07.01..2026.07.01","2026.06.30","0","0","36.55","OK"
"MS5_0004_M2_AUDNZD","2026.04.01..2026.07.01","2026.06.30","0","0","6.39","OK"
"MS5_0004_M2_EURUSD","2026.04.01..2026.07.01","2026.06.30","0","0","37.97","OK"
"MS5_0004_M2_USDJPY","2026.04.01..2026.07.01","2026.06.02","28.3","31.1","42.96","SUSPECT"
"MS5_0006_M1_AUDNZD","2025.07.01..2026.07.01","2026.06.29","1.8","0.5","2.65","OK"
"MS5_0006_M1_EURUSD","2025.07.01..2026.07.01","2026.06.30","0.3","0.1","0.76","OK"
"MS5_0006_M1_USDJPY","2025.07.01..2026.07.01","2026.06.29","1.5","0.4","0.75","OK"
"MS5_0006_M1_XAUUSD","2025.07.01..2026.07.01","2026.06.30","0.8","0.2","20.46","OK"
"MS5_0006_M2_AUDNZD","2026.04.01..2026.07.01","2026.06.29","1.5","1.6","0.33","OK"
"MS5_0006_M2_EURUSD","2026.04.01..2026.07.01","2026.06.11","19.3","21.2","0.16","QUIET_TAIL"
"MS5_0006_M2_USDJPY","2026.04.01..2026.07.01","2026.06.24","6.5","7.1","0.12","OK"
"MS5_0006_M2_XAUUSD","2026.04.01..2026.07.01","2026.05.11","50.6","55.6","1.16","QUIET_TAIL"
"MS5_0008_M1_AUDNZD","2025.07.01..2026.07.01","2025.09.04","299.8","82.1","27.07","SUSPECT"
"MS5_0008_M1_EURUSD","2025.07.01..2026.07.01","2026.06.30","0","0","6.85","OK"
"MS5_0008_M1_USDJPY","2025.07.01..2026.07.01","2026.03.17","105.8","29","75.92","SUSPECT"
"MS5_0008_M2_AUDNZD","2026.04.01..2026.07.01","2026.06.30","0","0","1.1","OK"
"MS5_0008_M2_EURUSD","2026.04.01..2026.07.01","2026.06.30","0","0","4.07","OK"
"MS5_0008_M2_USDJPY","2026.04.01..2026.07.01","2026.06.30","0","0","1.8","OK"
"MS5_0008_M2_XAUUSD","2026.04.01..2026.07.01","2026.04.30","61.7","67.8","85.53","SUSPECT"
"MS5_0009_M1_AUDNZD","2025.07.01..2026.07.01","2026.06.30","0","0","35.65","OK"
"MS5_0009_M1_EURUSD","2025.07.01..2026.07.01","2026.06.30","0","0","25.64","OK"
"MS5_0009_M1_USDJPY","2025.07.01..2026.07.01","2026.06.30","0","0","32.65","OK"
"MS5_0009_M2_AUDNZD","2026.04.01..2026.07.01","2026.06.30","0","0","5.33","OK"
"MS5_0009_M2_EURUSD","2026.04.01..2026.07.01","2026.06.30","0","0","1.7","OK"
"MS5_0009_M2_USDJPY","2026.04.01..2026.07.01","2026.06.30","0","0","15.55","OK"
"MS5_0010_M1_AUDNZD","2025.07.01..2026.07.01","2026.06.30","0","0","30.08","OK"
"MS5_0010_M1_EURUSD","2025.07.01..2026.07.01","2026.06.30","0","0","7.7","OK"
"MS5_0010_M1_USDJPY","2025.07.01..2026.07.01","2026.06.30","0","0","9.04","OK"
"MS5_0010_M2_AUDNZD","2026.04.01..2026.07.01","2026.06.30","0","0","1.23","OK"
"MS5_0010_M2_EURUSD","2026.04.01..2026.07.01","2026.06.30","0","0","1.51","OK"
"MS5_0010_M2_USDJPY","2026.04.01..2026.07.01","2026.06.30","0","0","5.28","OK"
"MS5_0010_M2_XAUUSD","2026.04.01..2026.07.01","2026.06.30","0","0","41.57","OK"
"MS5_0012_M1_AUDNZD","2025.07.01..2026.07.01","2026.03.02","120.2","32.9","89.64","SUSPECT"
"MS5_0012_M1_EURUSD","2025.07.01..2026.07.01","2026.06.30","0","0","21.17","OK"
"MS5_0012_M1_USDJPY","2025.07.01..2026.07.01","2026.06.30","0","0","9.36","OK"
"MS5_0012_M2_AUDNZD","2026.04.01..2026.07.01","2026.06.30","0","0","3.13","OK"
"MS5_0012_M2_EURUSD","2026.04.01..2026.07.01","2026.06.30","0","0","5.8","OK"
"MS5_0012_M2_USDJPY","2026.04.01..2026.07.01","2026.06.30","0","0","1.61","OK"
"MS5_0013_M1_AUDNZD","2025.07.01..2026.07.01","2026.06.30","0","0","3.29","OK"
"MS5_0013_M1_EURUSD","2025.07.01..2026.07.01","2026.06.30","0","0","3.19","OK"
"MS5_0013_M1_USDJPY","2025.07.01..2026.07.01","2026.06.30","0","0","3.18","OK"
"MS5_0013_M1_XAUUSD","2025.07.01..2026.07.01","2026.06.30","0","0","3.41","OK"
"MS5_0013_M2_AUDNZD","2026.04.01..2026.07.01","2026.06.30","0","0","1.1","OK"
"MS5_0013_M2_EURUSD","2026.04.01..2026.07.01","2026.06.30","0","0","1.37","OK"
"MS5_0013_M2_USDJPY","2026.04.01..2026.07.01","2026.06.30","0","0","1.53","OK"
"MS5_0013_M2_XAUUSD","2026.04.01..2026.07.01","2026.06.30","0","0","1.53","OK"
"MS5_0014_M1_AUDNZD","2025.07.01..2026.07.01","2025.09.30","274","75.1","102.38","SUSPECT"
"MS5_0014_M1_EURUSD","2025.07.01..2026.07.01","2026.06.30","0","0","23.85","OK"
"MS5_0014_M1_USDJPY","2025.07.01..2026.07.01","2026.06.30","0","0","27.06","OK"
"MS5_0014_M1_XAUUSD","2025.07.01..2026.07.01","2026.01.28","153.7","42.1","96.24","SUSPECT"
"MS5_0014_M2_AUDNZD","2026.04.01..2026.07.01","2026.06.30","0","0","11.92","OK"
"MS5_0014_M2_EURUSD","2026.04.01..2026.07.01","2026.06.30","0","0","13.38","OK"
"MS5_0014_M2_USDJPY","2026.04.01..2026.07.01","2026.06.30","0","0","5.53","OK"
"MS5_0014_M2_XAUUSD","2026.04.01..2026.07.01","2026.04.22","69.6","76.5","54.65","SUSPECT"
"MS5_0015_M2_EURUSD","2026.04.01..2026.07.01","2026.06.30","0","0","0.62","OK"
"MS5_0016_M2_AUDNZD","2026.04.01..2026.07.01","2026.06.10","20.9","23","0.1","QUIET_TAIL"
"MS5_0016_M2_EURUSD","2026.04.01..2026.07.01","2026.06.30","0","0","0.45","OK"
"MS5_0017_M2_AUDNZD","2026.04.01..2026.07.01","2026.06.10","20.9","23","0.1","QUIET_TAIL"
"MS5_0017_M2_EURUSD","2026.04.01..2026.07.01","2026.06.30","0","0","0.45","OK"
"MS5_0022_M1_AUDNZD","2025.07.01..2026.07.01","2026.06.30","0","0","30.1","OK"
"MS5_0022_M1_EURUSD","2025.07.01..2026.07.01","2026.06.30","0","0","30.22","OK"
"MS5_0022_M1_USDJPY","2025.07.01..2026.07.01","2026.06.30","0","0","30.12","OK"
"MS5_0022_M1_XAUUSD","2025.07.01..2026.07.01","2026.06.30","0","0","38.12","OK"
"MS5_0022_M2_AUDNZD","2026.04.01..2026.07.01","2026.06.30","0","0","2.12","OK"
"MS5_0022_M2_EURUSD","2026.04.01..2026.07.01","2026.06.30","0","0","2.12","OK"
"MS5_0022_M2_USDJPY","2026.04.01..2026.07.01","2026.06.30","0","0","0.67","OK"
"MS5_0022_M2_XAUUSD","2026.04.01..2026.07.01","2026.06.30","0","0","0.67","OK"
"MS5_0030_M1_AUDNZD","2025.07.01..2026.07.01","2026.06.30","0","0","2.19","OK"
"MS5_0030_M1_EURUSD","2025.07.01..2026.07.01","2026.06.30","0","0","3.7","OK"
"MS5_0030_M2_AUDNZD","2026.04.01..2026.07.01","2026.06.30","0","0","0.61","OK"
"MS5_0030_M2_EURUSD","2026.04.01..2026.07.01","2026.06.30","0","0","0.42","OK"
"MS5_0030_M2_USDJPY","2026.04.01..2026.07.01","2026.06.30","0","0","1.31","OK"
"MS5_0033_M1_XAUUSD","2025.07.01..2026.07.01","2026.01.21","160.7","44","97.56","SUSPECT"
"MS5_0033_M2_AUDNZD","2026.04.01..2026.07.01","2026.06.30","0","0","0.04","OK"
"MS5_0033_M2_EURUSD","2026.04.01..2026.07.01","2026.06.30","0","0","0.1","OK"
"MS5_0033_M2_USDJPY","2026.04.01..2026.07.01","2026.06.30","0","0","0.14","OK"
"MS5_0033_M2_XAUUSD","2026.04.01..2026.07.01","2026.06.30","0","0","29.81","OK"
"MS5_0034_M1_AUDNZD","2025.07.01..2026.07.01","2025.09.24","279.3","76.5","66.3","SUSPECT"
"MS5_0034_M1_EURUSD","2025.07.01..2026.07.01","2026.06.30","0","0","45.62","OK"
"MS5_0034_M1_USDJPY","2025.07.01..2026.07.01","2026.02.05","145.6","39.9","52.38","SUSPECT"
"MS5_0034_M1_XAUUSD","2025.07.01..2026.07.01","2025.07.11","354.4","97.1","60.92","SUSPECT"
"MS5_0034_M2_AUDNZD","2026.04.01..2026.07.01","2026.06.30","0","0","4.05","OK"
"MS5_0034_M2_EURUSD","2026.04.01..2026.07.01","2026.06.30","0","0","5.93","OK"
"MS5_0034_M2_USDJPY","2026.04.01..2026.07.01","2026.06.17","13","14.3","53.04","SUSPECT"
"MS5_0034_M2_XAUUSD","2026.04.01..2026.07.01","2026.04.17","74.3","81.6","94.86","SUSPECT"
"MS5_0053_M1_AUDNZD","2025.07.01..2026.07.01","2026.06.30","0.5","0.1","22.81","OK"
"MS5_0053_M1_EURUSD","2025.07.01..2026.07.01","2026.06.30","0","0","12.92","OK"
"MS5_0053_M1_USDJPY","2025.07.01..2026.07.01","2026.06.30","0.8","0.2","14.66","OK"
"MS5_0053_M2_AUDNZD","2026.04.01..2026.07.01","2026.06.30","0.2","0.2","6.71","OK"
"MS5_0053_M2_EURUSD","2026.04.01..2026.07.01","2026.06.30","0","0","8.88","OK"
"MS5_0053_M2_USDJPY","2026.04.01..2026.07.01","2026.06.30","0","0","7.19","OK"
"MS5_0053_M2_XAUUSD","2026.04.01..2026.07.01","2026.04.01","90.5","99.5","0","QUIET_TAIL"
"MS5_0054_M1_AUDNZD","2025.07.01..2026.07.01","2025.07.22","343.9","94.2","83.2","SUSPECT"
"MS5_0054_M1_EURUSD","2025.07.01..2026.07.01","2025.07.08","357.2","97.9","74.54","SUSPECT"
"MS5_0054_M1_USDJPY","2025.07.01..2026.07.01","2025.07.01","364.6","99.9","55.51","SUSPECT"
"MS5_0054_M2_AUDNZD","2026.04.01..2026.07.01","2026.05.13","48.9","53.7","79.74","SUSPECT"
"MS5_0054_M2_EURUSD","2026.04.01..2026.07.01","2026.04.07","84.8","93.2","71.01","SUSPECT"
"MS5_0054_M2_USDJPY","2026.04.01..2026.07.01","2026.06.30","0","0","69.14","OK"
"MS5_0054_M2_XAUUSD","2026.04.01..2026.07.01","2026.04.01","90.9","99.9","97.4","SUSPECT"
"MS5_0060_M2_AUDNZD","2026.04.01..2026.07.01","2026.06.30","0","0","0.92","OK"
"MS5_0060_M2_EURUSD","2026.04.01..2026.07.01","2026.06.30","0","0","2.84","OK"
"MS5_0060_M2_USDJPY","2026.04.01..2026.07.01","2026.06.30","0","0","1.93","OK"
"MS5_0061_M1_EURUSD","2025.07.01..2026.07.01","2026.06.30","0","0","9.29","OK"
"MS5_0061_M2_AUDNZD","2026.04.01..2026.07.01","2026.06.30","0","0","0.69","OK"
"MS5_0061_M2_EURUSD","2026.04.01..2026.07.01","2026.06.30","0","0","9.07","OK"
"MS5_0067_M1_EURUSD","2025.07.01..2026.07.01","2026.06.30","0","0","0.93","OK"
"MS5_0067_M1_USDJPY","2025.07.01..2026.07.01","2026.06.30","0","0","1.83","OK"
"MS5_0067_M1_XAUUSD","2025.07.01..2026.07.01","2026.06.24","6.2","1.7","9.96","OK"
"MS5_0067_M2_AUDNZD","2026.04.01..2026.07.01","2026.06.30","0","0","0.13","OK"
"MS5_0067_M2_EURUSD","2026.04.01..2026.07.01","2026.06.30","0","0","0.69","OK"
"MS5_0067_M2_USDJPY","2026.04.01..2026.07.01","2026.06.30","0","0","1.67","OK"
"MS5_0067_M2_XAUUSD","2026.04.01..2026.07.01","2026.06.08","22.4","24.6","1.39","QUIET_TAIL"
"MS5_0086_M1_AUDNZD","2025.07.01..2026.07.01","2025.09.05","298.6","81.8","30.12","SUSPECT"
"MS5_0086_M1_USDJPY","2025.07.01..2026.07.01","2025.07.04","361.7","99.1","38.82","SUSPECT"
"MS5_0086_M2_AUDNZD","2026.04.01..2026.07.01","2026.06.17","13.5","14.8","6.11","QUIET_TAIL"
"MS5_0086_M2_USDJPY","2026.04.01..2026.07.01","2026.05.07","54","59.3","3.49","QUIET_TAIL"
"MS5_0086_M2_XAUUSD","2026.04.01..2026.07.01","2026.05.29","32.5","35.7","0.16","QUIET_TAIL"
"MS5_0092_M2_AUDNZD","2026.04.01..2026.07.01","2026.06.30","0","0","0.05","OK"
"MS5_0092_M2_EURUSD","2026.04.01..2026.07.01","2026.06.30","0","0","0.06","OK"
"MS5_0092_M2_USDJPY","2026.04.01..2026.07.01","2026.06.30","0","0","0.03","OK"
"MS5_0115_M1_AUDNZD","2025.07.01..2026.07.01","2026.06.30","0","0","40.85","OK"
"MS5_0115_M1_EURUSD","2025.07.01..2026.07.01","2026.06.30","0.7","0.2","29.3","OK"
"MS5_0115_M1_USDJPY","2025.07.01..2026.07.01","2026.06.26","4.7","1.3","18.09","OK"
"MS5_0115_M2_AUDNZD","2026.04.01..2026.07.01","2026.06.30","0","0","22.95","OK"
"MS5_0115_M2_EURUSD","2026.04.01..2026.07.01","2026.06.30","0.6","0.7","4.87","OK"
"MS5_0115_M2_USDJPY","2026.04.01..2026.07.01","2026.06.26","4.7","5.2","10.82","OK"
"MS5_0115_M2_XAUUSD","2026.04.01..2026.07.01","2026.04.06","85.1","93.5","102.62","SUSPECT"
"MS5_0116_M1_AUDNZD","2025.07.01..2026.07.01","2026.06.30","1","0.3","19.97","OK"
"MS5_0116_M1_EURUSD","2025.07.01..2026.07.01","2026.06.18","12.4","3.4","15.71","OK"
"MS5_0116_M1_USDJPY","2025.07.01..2026.07.01","2026.06.23","8","2.2","18.15","OK"
"MS5_0116_M2_AUDNZD","2026.04.01..2026.07.01","2026.06.30","1","1.1","8.13","OK"
"MS5_0116_M2_EURUSD","2026.04.01..2026.07.01","2026.06.18","12.3","13.5","14.88","QUIET_TAIL"
"MS5_0116_M2_USDJPY","2026.04.01..2026.07.01","2026.06.23","8","8.8","12.2","OK"
"MS5_0116_M2_XAUUSD","2026.04.01..2026.07.01","2026.04.08","83.8","92.1","69.79","SUSPECT"
"MS5_0122_M2_XAUUSD","2026.04.01..2026.07.01","2026.04.01","90.6","99.6","0","QUIET_TAIL"
"MS5_0126_M2_AUDNZD","2026.04.01..2026.07.01","2026.04.10","82","90.1","0.06","QUIET_TAIL"
"MS5_0126_M2_EURUSD","2026.04.01..2026.07.01","2026.04.06","85.5","94","0.1","QUIET_TAIL"
"MS5_0126_M2_USDJPY","2026.04.01..2026.07.01","2026.04.01","90.1","99","0.05","QUIET_TAIL"
"MS5_0136_M1_AUDNZD","2025.07.01..2026.07.01","2026.06.29","2","0.5","0.93","OK"
"MS5_0136_M1_EURUSD","2025.07.01..2026.07.01","2026.06.29","2","0.5","3.96","OK"
"MS5_0136_M1_USDJPY","2025.07.01..2026.07.01","2026.06.29","2","0.5","2.73","OK"
"MS5_0136_M1_XAUUSD","2025.07.01..2026.07.01","2026.06.24","6.3","1.7","0.75","OK"
"MS5_0136_M2_AUDNZD","2026.04.01..2026.07.01","2026.06.29","2","2.2","0.21","OK"
"MS5_0136_M2_EURUSD","2026.04.01..2026.07.01","2026.06.29","2","2.2","3.02","OK"
"MS5_0136_M2_USDJPY","2026.04.01..2026.07.01","2026.06.29","2","2.2","2.36","OK"
"MS5_0136_M2_XAUUSD","2026.04.01..2026.07.01","2026.06.24","6.3","6.9","4.82","OK"
"MS5_0138_M1_AUDNZD","2025.07.01..2026.07.01","2026.06.30","0","0","93.39","OK"
"MS5_0138_M1_EURUSD","2025.07.01..2026.07.01","2026.06.30","0","0","60.91","OK"
"MS5_0138_M1_USDJPY","2025.07.01..2026.07.01","2026.06.30","0","0","54.64","OK"
"MS5_0138_M2_AUDNZD","2026.04.01..2026.07.01","2026.06.30","0","0","40.66","OK"
"MS5_0138_M2_EURUSD","2026.04.01..2026.07.01","2026.06.30","0","0","25.12","OK"
"MS5_0138_M2_USDJPY","2026.04.01..2026.07.01","2026.06.30","0","0","34.19","OK"
"MS5_0138_M2_XAUUSD","2026.04.01..2026.07.01","2026.04.01","90.8","99.8","64.14","SUSPECT"
"MS5_0146_M1_EURUSD","2025.07.01..2026.07.01","2026.06.30","0","0","3.66","OK"
"MS5_0146_M1_USDJPY","2025.07.01..2026.07.01","2026.06.30","0","0","8.74","OK"
"MS5_0146_M1_XAUUSD","2025.07.01..2026.07.01","2025.07.01","364.5","99.9","57.72","SUSPECT"
"MS5_0146_M2_AUDNZD","2026.04.01..2026.07.01","2026.06.30","0","0","0.57","OK"
"MS5_0146_M2_EURUSD","2026.04.01..2026.07.01","2026.06.30","0","0","2.4","OK"
"MS5_0146_M2_USDJPY","2026.04.01..2026.07.01","2026.06.30","0","0","2.83","OK"
"MS5_0146_M2_XAUUSD","2026.04.01..2026.07.01","2026.06.30","0","0","20.1","OK"
"MS5_0147_M1_XAUUSD","2025.07.01..2026.07.01","2026.06.17","13.1","3.6","5.85","OK"
"MS5_0147_M2_USDJPY","2026.04.01..2026.07.01","2026.04.16","75.6","83.1","0.01","QUIET_TAIL"
"MS5_0147_M2_XAUUSD","2026.04.01..2026.07.01","2026.06.17","13","14.3","1.19","QUIET_TAIL"
"MS5_0155_M1_AUDNZD","2025.07.01..2026.07.01","2026.06.30","0","0","7.07","OK"
"MS5_0155_M1_EURUSD","2025.07.01..2026.07.01","2026.06.30","0","0","4.03","OK"
"MS5_0155_M1_USDJPY","2025.07.01..2026.07.01","2026.06.30","0","0","6.4","OK"
"MS5_0155_M1_XAUUSD","2025.07.01..2026.07.01","2026.06.30","0","0","52.75","OK"
"MS5_0155_M2_AUDNZD","2026.04.01..2026.07.01","2026.06.30","0","0","0.69","OK"
"MS5_0155_M2_EURUSD","2026.04.01..2026.07.01","2026.06.30","0","0","2.52","OK"
"MS5_0155_M2_USDJPY","2026.04.01..2026.07.01","2026.06.30","0","0","8.32","OK"
"MS5_0155_M2_XAUUSD","2026.04.01..2026.07.01","2026.06.30","0","0","41.27","OK"
"MS5_0157_M1_XAUUSD","2025.07.01..2026.07.01","2026.06.22","8.8","2.4","3.7","OK"
"MS5_0157_M2_AUDNZD","2026.04.01..2026.07.01","2026.06.30","0","0","0.78","OK"
"MS5_0157_M2_EURUSD","2026.04.01..2026.07.01","2026.06.30","0","0","0.9","OK"
"MS5_0157_M2_USDJPY","2026.04.01..2026.07.01","2026.06.30","0","0","2.23","OK"
"MS5_0157_M2_XAUUSD","2026.04.01..2026.07.01","2026.06.30","0","0","56.82","OK"
"MS5_0161_M1_AUDNZD","2025.07.01..2026.07.01","2025.08.20","315","86.3","45.03","SUSPECT"
"MS5_0161_M1_EURUSD","2025.07.01..2026.07.01","2025.07.08","357.3","97.9","43","SUSPECT"
"MS5_0161_M2_AUDNZD","2026.04.01..2026.07.01","2026.05.26","35.8","39.3","39.31","SUSPECT"
"MS5_0161_M2_EURUSD","2026.04.01..2026.07.01","2026.04.08","83.9","92.2","98.24","SUSPECT"
"MS5_0161_M2_USDJPY","2026.04.01..2026.07.01","2026.04.08","83.5","91.8","47.84","SUSPECT"
"MS5_0161_M2_XAUUSD","2026.04.01..2026.07.01","2026.04.02","89.4","98.2","67.91","SUSPECT"
"MS5_0167_M1_AUDNZD","2025.07.01..2026.07.01","2026.06.30","0.1","0","18.67","OK"
"MS5_0167_M1_EURUSD","2025.07.01..2026.07.01","2026.06.30","0.3","0.1","22.13","OK"
"MS5_0167_M1_XAUUSD","2025.07.01..2026.07.01","2025.12.23","189.9","52","73.96","SUSPECT"
"MS5_0167_M2_AUDNZD","2026.04.01..2026.07.01","2026.06.30","0.1","0.1","4.54","OK"
"MS5_0167_M2_EURUSD","2026.04.01..2026.07.01","2026.06.30","0.3","0.3","4.86","OK"
"MS5_0167_M2_USDJPY","2026.04.01..2026.07.01","2026.06.30","0.6","0.7","1","OK"
"MS5_0167_M2_XAUUSD","2026.04.01..2026.07.01","2026.06.30","0.7","0.8","3.57","OK"
"MS5_0170_M2_AUDNZD","2026.04.01..2026.07.01","2026.04.28","64","70.3","0.14","QUIET_TAIL"
"MS5_0170_M2_USDJPY","2026.04.01..2026.07.01","2026.06.15","16","17.6","0.1","QUIET_TAIL"
"MS5_0170_M2_XAUUSD","2026.04.01..2026.07.01","2026.06.30","0.3","0.3","0.01","OK"
"MS5_0177_M1_AUDNZD","2025.07.01..2026.07.01","2026.06.30","0","0","35.7","OK"
"MS5_0177_M1_EURUSD","2025.07.01..2026.07.01","2026.06.30","0","0","29.71","OK"
"MS5_0177_M1_USDJPY","2025.07.01..2026.07.01","2026.06.30","0","0","16.72","OK"
"MS5_0177_M1_XAUUSD","2025.07.01..2026.07.01","2026.06.30","0","0","58.12","OK"
"MS5_0177_M2_AUDNZD","2026.04.01..2026.07.01","2026.06.30","0","0","6.6","OK"
"MS5_0177_M2_EURUSD","2026.04.01..2026.07.01","2026.06.30","0","0","6.5","OK"
"MS5_0177_M2_USDJPY","2026.04.01..2026.07.01","2026.06.30","0","0","11.26","OK"
"MS5_0177_M2_XAUUSD","2026.04.01..2026.07.01","2026.06.30","0","0","16.11","OK"
"MS5_0179_M1_XAUUSD","2025.07.01..2026.07.01","2026.06.30","0","0","60.86","OK"
"MS5_0179_M2_XAUUSD","2026.04.01..2026.07.01","2026.06.30","0","0","29.27","OK"
"MS5_0186_M1_AUDNZD","2025.07.01..2026.07.01","2026.06.30","0","0","0.63","OK"
"MS5_0186_M1_USDJPY","2025.07.01..2026.07.01","2026.06.30","0","0","1.27","OK"
"MS5_0186_M1_XAUUSD","2025.07.01..2026.07.01","2026.06.30","0","0","13.57","OK"
"MS5_0186_M2_AUDNZD","2026.04.01..2026.07.01","2026.06.30","0","0","0.22","OK"
"MS5_0186_M2_USDJPY","2026.04.01..2026.07.01","2026.06.30","0","0","0.93","OK"
"MS5_0186_M2_XAUUSD","2026.04.01..2026.07.01","2026.06.30","0","0","7.69","OK"
"MS5_0189_M1_AUDNZD","2025.07.01..2026.07.01","2025.10.03","270.2","74","97.32","SUSPECT"
"MS5_0189_M1_EURUSD","2025.07.01..2026.07.01","2025.10.16","257.9","70.7","94.6","SUSPECT"
"MS5_0189_M1_USDJPY","2025.07.01..2026.07.01","2025.12.31","181.8","49.8","155.52","SUSPECT"
"MS5_0189_M1_XAUUSD","2025.07.01..2026.07.01","2026.06.30","0","0","476.39","OK"
"MS5_0189_M2_AUDNZD","2026.04.01..2026.07.01","2026.06.19","11.1","12.2","94.07","SUSPECT"
"MS5_0189_M2_EURUSD","2026.04.01..2026.07.01","2026.06.30","0.1","0.1","82.12","OK"
"MS5_0189_M2_USDJPY","2026.04.01..2026.07.01","2026.06.30","0.1","0.1","60.73","OK"
"MS5_0189_M2_XAUUSD","2026.04.01..2026.07.01","2026.04.20","72","79.1","107.59","SUSPECT"
"MS5_0190_M1_AUDNZD","2025.07.01..2026.07.01","2026.01.26","155.2","42.5","99.15","SUSPECT"
"MS5_0190_M1_USDJPY","2025.07.01..2026.07.01","2026.06.30","0","0","41.51","OK"
"MS5_0190_M1_XAUUSD","2025.07.01..2026.07.01","2026.06.30","0","0","7.96","OK"
"MS5_0190_M2_AUDNZD","2026.04.01..2026.07.01","2026.06.30","0","0","35.06","OK"
"MS5_0190_M2_EURUSD","2026.04.01..2026.07.01","2026.06.30","0","0","37.54","OK"
"MS5_0190_M2_USDJPY","2026.04.01..2026.07.01","2026.06.30","0","0","27.9","OK"
"MS5_0190_M2_XAUUSD","2026.04.01..2026.07.01","2026.06.30","0","0","16.68","OK"
"MS5_0193_M1_XAUUSD","2025.07.01..2026.07.01","2025.08.21","314","86","100.65","SUSPECT"
"MS5_0193_M2_AUDNZD","2026.04.01..2026.07.01","2026.06.30","0","0","46.76","OK"
"MS5_0193_M2_EURUSD","2026.04.01..2026.07.01","2026.06.30","0","0","51.02","OK"
"MS5_0193_M2_USDJPY","2026.04.01..2026.07.01","2026.06.30","0","0","30.97","OK"
"MS5_0193_M2_XAUUSD","2026.04.01..2026.07.01","2026.05.27","35","38.5","102.69","SUSPECT"
"MS5_0194_M1_XAUUSD","2025.07.01..2026.07.01","2026.06.30","0.5","0.1","17.17","OK"
"MS5_0194_M2_XAUUSD","2026.04.01..2026.07.01","2026.06.30","0.4","0.4","26.21","OK"
"MS5_0195_M1_USDJPY","2025.07.01..2026.07.01","2026.06.22","8.2","2.2","1.01","OK"
"MS5_0195_M1_XAUUSD","2025.07.01..2026.07.01","2026.06.30","0.8","0.2","16.89","OK"
"MS5_0195_M2_AUDNZD","2026.04.01..2026.07.01","2026.05.27","34.7","38.1","0.17","QUIET_TAIL"
"MS5_0195_M2_EURUSD","2026.04.01..2026.07.01","2026.04.02","89.7","98.6","0.11","QUIET_TAIL"
"MS5_0195_M2_USDJPY","2026.04.01..2026.07.01","2026.06.22","8.1","8.9","1.95","OK"
"MS5_0195_M2_XAUUSD","2026.04.01..2026.07.01","2026.06.30","0.8","0.9","35.98","OK"
"MS5_0198_M2_AUDNZD","2026.04.01..2026.07.01","2026.06.30","0","0","0.18","OK"
"MS5_0198_M2_EURUSD","2026.04.01..2026.07.01","2026.06.30","0","0","0.58","OK"
"MS5_0198_M2_USDJPY","2026.04.01..2026.07.01","2026.06.30","0","0","0.36","OK"
"MS5_0198_M2_XAUUSD","2026.04.01..2026.07.01","2026.06.30","0","0","9.83","OK"
"NEW_A_VwapSnapback_MAIN","2023.01.01..2025.12.31","2025.12.30","0","0","1.16","OK"
"NEW_B_AsianDrift_MAIN","2023.01.01..2025.12.31","2025.12.30","0.6","0.1","1.92","OK"
"NEW_C_VolRegime_MAIN","2023.01.01..2025.12.31","2025.12.30","0.5","0","6.9","OK"
"NEWA_es2_lb40_BWD","2020.01.01..2022.12.31","2022.12.30","0","0","3.12","OK"
"NEWA_es2_lb40_MAIN","2023.01.01..2025.12.31","2025.12.30","0.1","0","2.31","OK"
"NEWA_es2_lb90_BWD","2020.01.01..2022.12.31","2022.12.30","0.1","0","2.84","OK"
"NEWA_es2_lb90_MAIN","2023.01.01..2025.12.31","2025.12.30","0","0","1.3","OK"
"NEWA_es3_lb40_BWD","2020.01.01..2022.12.31","2022.12.29","1.1","0.1","1.15","OK"
"NEWA_es3_lb40_MAIN","2023.01.01..2025.12.31","2025.12.30","0","0","0.67","OK"
"NEWA_es3_lb90_BWD","2020.01.01..2022.12.31","2022.12.13","17.2","1.6","0.43","OK"
"NEWA_es3_lb90_MAIN","2023.01.01..2025.12.31","2025.12.23","7.9","0.7","0.38","OK"
"NEWB_md0p3_tp1p5_BWD","2020.01.01..2022.12.31","2022.12.27","3.5","0.3","2.24","OK"
"NEWB_md0p3_tp1p5_MAIN","2023.01.01..2025.12.31","2025.12.30","0.6","0.1","1.6","OK"
"NEWB_md0p3_tp3_BWD","2020.01.01..2022.12.31","2022.12.27","3.3","0.3","1.77","OK"
"NEWB_md0p3_tp3_MAIN","2023.01.01..2025.12.31","2025.12.30","0.6","0.1","2.78","OK"
"NEWB_md0p8_tp1p5_BWD","2020.01.01..2022.12.31","2022.12.27","3.5","0.3","1.71","OK"
"NEWB_md0p8_tp1p5_MAIN","2023.01.01..2025.12.31","2025.12.30","0.6","0.1","1.04","OK"
"NEWB_md0p8_tp3_BWD","2020.01.01..2022.12.31","2022.12.27","3.3","0.3","1.96","OK"
"NEWB_md0p8_tp3_MAIN","2023.01.01..2025.12.31","2025.12.30","0.6","0.1","2.21","OK"
"NEWBL_md0p8_tp4_BWD","2020.01.01..2022.12.31","2022.12.27","3.3","0.3","2.5","OK"
"NEWBL_md0p8_tp4_MAIN","2023.01.01..2025.12.31","2025.12.30","0.6","0.1","2.61","OK"
"NEWBL_md0p8_tp5_BWD","2020.01.01..2022.12.31","2022.12.27","3.3","0.3","2.94","OK"
"NEWBL_md0p8_tp5_MAIN","2023.01.01..2025.12.31","2025.12.30","0.6","0.1","2.79","OK"
"NEWC_dn10_em1_BWD","2020.01.01..2022.12.31","2022.12.27","3.2","0.3","7.22","OK"
"NEWC_dn10_em1_MAIN","2023.01.01..2025.12.31","2025.12.30","0.5","0","6.5","OK"
"NEWC_dn10_em1p3_BWD","2020.01.01..2022.12.31","2022.12.23","7.7","0.7","3.6","OK"
"NEWC_dn10_em1p3_MAIN","2023.01.01..2025.12.31","2025.12.30","0.5","0","6.07","OK"
"NEWC_dn30_em1_BWD","2020.01.01..2022.12.31","2022.12.27","3.2","0.3","5.07","OK"
"NEWC_dn30_em1_MAIN","2023.01.01..2025.12.31","2025.12.30","0.5","0","5.11","OK"
"NEWC_dn30_em1p3_BWD","2020.01.01..2022.12.31","2022.12.23","7.7","0.7","2.92","OK"
"NEWC_dn30_em1p3_MAIN","2023.01.01..2025.12.31","2025.12.30","0.5","0","5.17","OK"
"NEWCL_dn40_em1_BWD","2020.01.01..2022.12.31","2022.12.27","3.2","0.3","5.9","OK"
"NEWCL_dn40_em1_MAIN","2023.01.01..2025.12.31","2025.12.30","0.5","0","5.15","OK"
"NEWCL_dn55_em1_BWD","2020.01.01..2022.12.31","2022.12.27","3.2","0.3","4.9","OK"
"NEWCL_dn55_em1_MAIN","2023.01.01..2025.12.31","2025.12.30","0.5","0","4.2","OK"
"NEWSTRAT1_EMASCALP_MAIN","2023.01.01..2025.12.31","2025.12.30","0.2","0","38.93","OK"
"NR7_GBPJPY_H1_smoke","2023.01.01..2026.06.01","2026.05.29","2","0.2","6.81","OK"
"NR7_GBPJPY_H4_smoke","2023.01.01..2026.06.01","2026.05.29","2","0.2","2.3","OK"
"NR7_GBPUSD_H4_smoke","2023.01.01..2026.06.01","2026.05.29","2","0.2","1.58","OK"
"NR7_USDJPY_H1_smoke","2023.01.01..2026.06.01","2026.05.29","2.2","0.2","1.89","OK"
"NR7_USDJPY_H4_smoke","2023.01.01..2026.06.01","2026.05.29","2","0.2","1.44","OK"
"NR7_XAGUSD_H4_IS","2023.01.01..2025.01.01","2024.12.31","0","0","8.24","OK"
"NR7_XAGUSD_H4_OOS","2025.01.01..2026.06.01","2026.05.29","2","0.4","14.07","OK"
"NR7_XAGUSD_H4_smoke","2023.01.01..2026.06.01","2026.05.29","2","0.2","14.63","OK"
"NR7_XAU_H1_IS","2023.01.01..2025.01.01","2024.12.31","0","0","3.1","OK"
"NR7_XAU_H1_OOS","2025.01.01..2026.06.01","2026.05.29","2","0.4","10","OK"
"NR7_XAU_H1_smoke","2023.01.01..2026.06.01","2026.05.29","2","0.2","9.88","OK"
"NR7_XAU_H4_IS","2023.01.01..2025.01.01","2024.12.31","0","0","2.87","OK"
"NR7_XAU_H4_OOS","2025.01.01..2026.06.01","2026.05.29","2.2","0.4","6.94","OK"
"NR7_XAU_H4_smoke","2023.01.01..2026.06.01","2026.05.29","2.2","0.2","6.9","OK"
"NRBreakout_XAUUSD_OOS_P10_M1","2025.07.01..2026.07.01","2026.06.15","15.4","4.2","1.85","OK"
"NUI_EURUSD_cap12cut30_2022","2022.01.01..2023.01.01","2022.12.30","1","0.3","33.87","OK"
"NUI_EURUSD_cap12cut30_2425","2024.01.01..2025.01.01","2024.12.31","0","0","7.54","OK"
"NUI_EURUSD_cut30only_2022","2022.01.01..2023.01.01","2022.12.30","1","0.3","15.4","OK"
"NUI_EURUSD_cut30only_2425","2024.01.01..2025.01.01","2024.12.31","0","0","16.56","OK"
"NUI_EURUSD_H1_base_2425","2024.01.01..2025.01.01","2024.12.31","0","0","16.56","OK"
"NUI_EURUSD_H1_flat_2425","2024.01.01..2025.01.01","2024.12.31","0","0","19.52","OK"
"NUI_EURUSD_H1_single_2326","2023.01.01..2026.01.01","2025.12.31","0","0","1.66","OK"
"O076_EA01_XAU_BWD","2020.01.01..2022.12.31","2020.01.15","1080.6","98.7","121.41","SUSPECT"
"O076_EA01_XAU_MAIN","2023.01.01..2026.07.01","2023.03.10","1208","94.6","102.56","SUSPECT"
"O076_EA03_XAU_MAIN","2023.01.01..2026.07.01","2026.06.30","0.8","0.1","23.13","OK"
"O076_EA04_XAU_BWD","2020.01.01..2022.12.31","2020.02.13","1051.8","96.1","105.2","SUSPECT"
"O076_EA04_XAU_MAIN","2023.01.01..2026.07.01","2023.01.24","1253.8","98.2","103.96","SUSPECT"
"O076_EA05_XAU_MAIN","2023.01.01..2026.07.01","2023.01.12","1265.3","99.1","105","SUSPECT"
"O076_EA06_XAU_MAIN","2023.01.01..2026.07.01","2023.01.03","1274.9","99.8","131.91","SUSPECT"
"O076_EA07_XAU_BWD","2020.01.01..2022.12.31","2022.12.29","1.3","0.1","112.18","OK"
"O076_EA07_XAU_MAIN","2023.01.01..2026.07.01","2024.11.22","585.8","45.9","108.8","SUSPECT"
"O076_EA09_EUR_MAIN","2023.01.01..2026.07.01","2026.06.30","0.7","0.1","46.57","OK"
"O076_EA09_XAU_MAIN","2023.01.01..2026.07.01","2023.01.09","1268.2","99.3","100.01","SUSPECT"
"O076_EA10_EUR_MAIN","2023.01.01..2026.07.01","2023.08.23","1042.4","81.6","100.06","SUSPECT"
"O076_EA10_XAU_MAIN","2023.01.01..2026.07.01","2023.05.25","1132.7","88.7","100.01","SUSPECT"
"O076_EA11_EUR_BWD","2020.01.01..2022.12.31","2022.11.10","50.4","4.6","1.81","OK"
"O076_EA11_EUR_MAIN","2023.01.01..2026.07.01","2026.03.17","105.6","8.3","2.37","OK"
"O076_EA12_XAU_MAIN","2023.01.01..2026.07.01","2023.06.21","1105.2","86.5","100.02","SUSPECT"
"O084NY_b12_s1.5_H1_BWD","2020.01.01..2023.01.01","2022.12.30","1.3","0.1","3.64","OK"
"O084NY_b12_s1.5_H1_MAIN","2023.01.01..2026.01.01","2025.12.30","1.3","0.1","2.56","OK"
"O084NY_b12_s1.5_H4_BWD","2020.01.01..2023.01.01","2022.12.30","1","0.1","4.16","OK"
"O084NY_b12_s1.5_H4_MAIN","2023.01.01..2026.01.01","2025.12.24","7.9","0.7","1.69","OK"
"O084NY_b12_s2.0_H1_BWD","2020.01.01..2023.01.01","2022.12.30","1.3","0.1","3.3","OK"
"O084NY_b12_s2.0_H1_MAIN","2023.01.01..2026.01.01","2025.12.30","1.3","0.1","3.55","OK"
"O084NY_b12_s2.0_H4_BWD","2020.01.01..2023.01.01","2022.12.30","1","0.1","3.79","OK"
"O084NY_b12_s2.0_H4_MAIN","2023.01.01..2026.01.01","2025.12.24","7.9","0.7","2.1","OK"
"O084NY_b12_s3.0_H1_BWD","2020.01.01..2023.01.01","2022.12.30","1.3","0.1","3.8","OK"
"O084NY_b12_s3.0_H1_MAIN","2023.01.01..2026.01.01","2025.12.30","1.1","0.1","3.31","OK"
"O084NY_b12_s3.0_H4_BWD","2020.01.01..2023.01.01","2022.12.30","1","0.1","6.19","OK"
"O084NY_b12_s3.0_H4_MAIN","2023.01.01..2026.01.01","2025.12.24","7.9","0.7","2.67","OK"
"O084NY_b20_s1.5_H1_BWD","2020.01.01..2023.01.01","2022.12.30","1.3","0.1","4.62","OK"
"O084NY_b20_s1.5_H1_MAIN","2023.01.01..2026.01.01","2025.12.30","1.3","0.1","2.32","OK"
"O084NY_b20_s1.5_H4_BWD","2020.01.01..2023.01.01","2022.12.22","9.3","0.8","4.91","OK"
"O084NY_b20_s1.5_H4_MAIN","2023.01.01..2026.01.01","2025.12.24","7.9","0.7","1.5","OK"
"O084NY_b20_s2.0_H1_BWD","2020.01.01..2023.01.01","2022.12.30","1.3","0.1","3.59","OK"
"O084NY_b20_s2.0_H1_MAIN","2023.01.01..2026.01.01","2025.12.30","1.3","0.1","2.98","OK"
"O084NY_b20_s2.0_H4_BWD","2020.01.01..2023.01.01","2022.12.22","9.3","0.8","4.81","OK"
"O084NY_b20_s2.0_H4_MAIN","2023.01.01..2026.01.01","2025.12.24","7.9","0.7","1.9","OK"
"O084NY_b20_s3.0_H1_BWD","2020.01.01..2023.01.01","2022.12.30","1.3","0.1","4.24","OK"
"O084NY_b20_s3.0_H1_MAIN","2023.01.01..2026.01.01","2025.12.30","1.1","0.1","2.77","OK"
"O084NY_b20_s3.0_H4_BWD","2020.01.01..2023.01.01","2022.12.22","9.2","0.8","6.38","OK"
"O084NY_b20_s3.0_H4_MAIN","2023.01.01..2026.01.01","2025.12.24","7.9","0.7","2.85","OK"
"O084NY_b40_s1.5_H1_BWD","2020.01.01..2023.01.01","2022.12.30","1","0.1","4.18","OK"
"O084NY_b40_s1.5_H1_MAIN","2023.01.01..2026.01.01","2025.12.26","5.2","0.5","1.68","OK"
"O084NY_b40_s1.5_H4_BWD","2020.01.01..2023.01.01","2022.12.14","17.1","1.6","3.64","OK"
"O084NY_b40_s1.5_H4_MAIN","2023.01.01..2026.01.01","2025.12.24","7.9","0.7","1.52","OK"
"O084NY_b40_s2.0_H1_BWD","2020.01.01..2023.01.01","2022.12.30","1","0.1","3.16","OK"
"O084NY_b40_s2.0_H1_MAIN","2023.01.01..2026.01.01","2025.12.26","5.2","0.5","2.41","OK"
"O084NY_b40_s2.0_H4_BWD","2020.01.01..2023.01.01","2022.12.15","16.8","1.5","4.29","OK"
"O084NY_b40_s2.0_H4_MAIN","2023.01.01..2026.01.01","2025.12.24","7.9","0.7","1.92","OK"
"O084NY_b40_s3.0_H1_BWD","2020.01.01..2023.01.01","2022.12.30","1","0.1","3.24","OK"
"O084NY_b40_s3.0_H1_MAIN","2023.01.01..2026.01.01","2025.12.29","2.9","0.3","3","OK"
"O084NY_b40_s3.0_H4_BWD","2020.01.01..2023.01.01","2022.12.13","18.3","1.7","3.86","OK"
"O084NY_b40_s3.0_H4_MAIN","2023.01.01..2026.01.01","2025.12.24","7.9","0.7","2.7","OK"
"O084NYbs_b40_s1.5_H4_BWD","2020.01.01..2023.01.01","2022.12.14","17.1","1.6","7.06","OK"
"O084NYbs_b40_s1.5_H4_MAIN","2023.01.01..2026.01.01","2025.12.24","7.9","0.7","2.79","OK"
"O084NYbs_b40_s2.0_H1_BWD","2020.01.01..2023.01.01","2022.12.30","1","0.1","3.57","OK"
"O084NYbs_b40_s2.0_H1_MAIN","2023.01.01..2026.01.01","2025.12.30","1.5","0.1","4.49","OK"
"O084NYbs_b40_s2.0_H4_BWD","2020.01.01..2023.01.01","2022.12.15","16.8","1.5","5.68","OK"
"O084NYbs_b40_s2.0_H4_MAIN","2023.01.01..2026.01.01","2025.12.24","7.9","0.7","3.37","OK"
"O084NYbs_b40_s3.0_H1_BWD","2020.01.01..2023.01.01","2022.12.30","1","0.1","3.36","OK"
"O084NYbs_b40_s3.0_H1_MAIN","2023.01.01..2026.01.01","2025.12.31","0","0","4.36","OK"
"O091d_M_AUDNZD_BWD","2020.01.01..2023.01.01","2022.12.30","1","0.1","3.77","OK"
"O091d_M_AUDNZD_MAIN","2023.01.01..2026.01.01","2025.12.31","0","0","4.32","OK"
"O091d_M_EURUSD_BWD","2020.01.01..2023.01.01","2022.12.30","1","0.1","3.72","OK"
"O091d_M_EURUSD_MAIN","2023.01.01..2026.01.01","2025.12.31","0.4","0","1.52","OK"
"O091d_P_AUDNZD_BWD","2020.01.01..2023.01.01","2022.12.30","1","0.1","2.26","OK"
"O091d_P_AUDNZD_MAIN","2023.01.01..2026.01.01","2025.12.31","0","0","2.76","OK"
"O091d_P_EURUSD_BWD","2020.01.01..2023.01.01","2022.12.30","1.6","0.1","2.31","OK"
"O091d_P_EURUSD_MAIN","2023.01.01..2026.01.01","2025.12.31","0.6","0.1","1.58","OK"
"O095_BRK_EURUSD_H4_BWD","2020.01.01..2022.12.31","2022.12.30","0","0","0.39","OK"
"O095_BRK_EURUSD_H4_MAIN","2023.01.01..2026.07.01","2026.04.27","65","5.1","0.45","OK"
"O095_BRK_GBPUSD_H4_BWD","2020.01.01..2022.12.31","2022.01.20","344.2","31.4","0.38","QUIET_TAIL"
"O095_BRK_GBPUSD_H4_MAIN","2023.01.01..2026.07.01","2026.05.25","37","2.9","0.43","OK"
"O095_BRK_US30_H4_BWD","2020.01.01..2022.12.31","2022.11.08","52.2","4.8","0.19","OK"
"O095_BRK_US30_H4_MAIN","2023.01.01..2026.07.01","2026.06.25","5.3","0.4","0.16","OK"
"O095_BRK_USDJPY_H4_BWD","2020.01.01..2022.12.31","2022.12.16","14.8","1.4","0.35","OK"
"O095_BRK_USDJPY_H4_MAIN","2023.01.01..2026.07.01","2026.06.30","0.4","0","0.23","OK"
"O095_BRK_XAGUSD_H4_BWD","2020.01.01..2022.12.31","2022.12.27","3.3","0.3","4.23","OK"
"O095_BRK_XAGUSD_H4_MAIN","2023.01.01..2026.07.01","2026.06.16","14.8","1.2","5.15","OK"
"O095_EC_d1.5_tp150_H4_BWD","2020.01.01..2023.01.01","2022.02.07","328","29.9","7.73","QUIET_TAIL"
"O095_EC_d1.5_tp150_H4_MAIN","2023.01.01..2026.01.01","2024.05.24","586.3","53.5","5.23","QUIET_TAIL"
"O095_EC_d1.5_tp250_H4_BWD","2020.01.01..2023.01.01","2022.06.29","185.7","16.9","11.2","QUIET_TAIL"
"O095_EC_d1.5_tp250_H4_MAIN","2023.01.01..2026.01.01","2024.07.18","532","48.5","7.91","QUIET_TAIL"
"O095_EC_d1.5_tp400_H4_BWD","2020.01.01..2023.01.01","2022.06.29","185.7","16.9","10.35","QUIET_TAIL"
"O095_EC_d1.5_tp400_H4_MAIN","2023.01.01..2026.01.01","2025.03.05","301.2","27.5","10.08","QUIET_TAIL"
"O095_EC_d2.0_tp150_H4_BWD","2020.01.01..2023.01.01","2021.10.27","430.5","39.3","4.26","QUIET_TAIL"
"O095_EC_d2.0_tp150_H4_MAIN","2023.01.01..2026.01.01","2025.04.08","267.2","24.4","10.98","QUIET_TAIL"
"O095_EC_d2.0_tp250_H4_BWD","2020.01.01..2023.01.01","2021.10.27","430.5","39.3","6.26","QUIET_TAIL"
"O095_EC_d2.0_tp250_H4_MAIN","2023.01.01..2026.01.01","2024.06.03","576.3","52.6","9.89","QUIET_TAIL"
"O095_EC_d2.0_tp400_H4_BWD","2020.01.01..2023.01.01","2022.12.30","1","0.1","21.82","OK"
"O095_EC_d2.0_tp400_H4_MAIN","2023.01.01..2026.01.01","2025.12.29","3","0.3","11.93","OK"
"O095_EC_d2.5_tp150_H4_BWD","2020.01.01..2023.01.01","2021.10.29","428.3","39.1","8.48","QUIET_TAIL"
"O095_EC_d2.5_tp150_H4_MAIN","2023.01.01..2026.01.01","2024.05.30","580.5","53","4.89","QUIET_TAIL"
"O095_EC_d2.5_tp250_H4_BWD","2020.01.01..2023.01.01","2021.09.21","466.3","42.5","4.23","QUIET_TAIL"
"O095_EC_d2.5_tp250_H4_MAIN","2023.01.01..2026.01.01","2024.07.18","532","48.5","7.47","QUIET_TAIL"
"O095_EC_d2.5_tp400_H4_BWD","2020.01.01..2023.01.01","2021.10.29","428.2","39.1","4.23","QUIET_TAIL"
"O095_EC_d2.5_tp400_H4_MAIN","2023.01.01..2026.01.01","2024.05.24","586.3","53.5","9.11","QUIET_TAIL"
"O095_EG_d1.5_tp150_H4_BWD","2021.01.01..2023.01.01","2022.09.26","96.8","13.3","4.19","QUIET_TAIL"
"O095_EG_d1.5_tp150_H4_MAIN","2023.01.01..2026.01.01","2025.12.24","8","0.7","17.02","OK"
"O095_EG_d1.5_tp250_H4_BWD","2021.01.01..2023.01.01","2022.12.30","1","0.1","8.27","OK"
"O095_EG_d1.5_tp250_H4_MAIN","2023.01.01..2026.01.01","2025.12.31","0","0","18.23","OK"
"O095_EG_d1.5_tp400_H4_BWD","2021.01.01..2023.01.01","2022.12.30","1","0.1","7.52","OK"
"O095_EG_d1.5_tp400_H4_MAIN","2023.01.01..2026.01.01","2025.12.31","0","0","21.49","OK"
"O095_EG_d2.0_tp150_H4_BWD","2021.01.01..2023.01.01","2022.09.26","96.8","13.3","5.88","QUIET_TAIL"
"O095_EG_d2.0_tp150_H4_MAIN","2023.01.01..2026.01.01","2023.03.07","1030.2","94","3.74","QUIET_TAIL"
"O095_EG_d2.0_tp250_H4_BWD","2021.01.01..2023.01.01","2022.12.30","1","0.1","10.32","OK"
"O095_EG_d2.0_tp250_H4_MAIN","2023.01.01..2026.01.01","2025.12.31","0","0","13.67","OK"
"O095_EG_d2.0_tp400_H4_BWD","2021.01.01..2023.01.01","2022.12.30","1","0.1","9.58","OK"
"O095_EG_d2.0_tp400_H4_MAIN","2023.01.01..2026.01.01","2025.12.31","0","0","16.71","OK"
"O095_EG_d2.5_tp150_H4_BWD","2021.01.01..2023.01.01","2022.09.26","96.8","13.3","6.41","QUIET_TAIL"
"O095_EG_d2.5_tp150_H4_MAIN","2023.01.01..2026.01.01","2025.12.31","0","0","17.71","OK"
"O095_EG_d2.5_tp250_H4_BWD","2021.01.01..2023.01.01","2022.12.30","1","0.1","10.62","OK"
"O095_EG_d2.5_tp250_H4_MAIN","2023.01.01..2026.01.01","2025.12.31","0","0","23.55","OK"
"O095_EG_d2.5_tp400_H4_BWD","2021.01.01..2023.01.01","2022.12.30","1","0.1","9.87","OK"
"O095_EG_d2.5_tp400_H4_MAIN","2023.01.01..2026.01.01","2025.12.31","0","0","21.3","OK"
"O095A_ANCHOR_EURUSD_H1","2023.01.01..2026.07.01","2025.02.03","513","40.2","4.39","QUIET_TAIL"
"O095A_FLAT_AUDJPY_H1","2023.01.01..2026.07.01","2026.06.30","0","0","3.03","OK"
"O095A_FLAT_AUDJPY_H4","2023.01.01..2026.07.01","2026.06.30","0","0","1.5","OK"
"O095A_FLAT_AUDJPY_M15","2023.01.01..2026.07.01","2026.06.30","0","0","1.27","OK"
"O095A_FLAT_AUDUSD_H1","2023.01.01..2026.07.01","2026.06.30","0","0","2.1","OK"
"O095A_FLAT_AUDUSD_H4","2023.01.01..2026.07.01","2026.06.30","0","0","2.47","OK"
"O095A_FLAT_AUDUSD_M15","2023.01.01..2026.07.01","2026.06.30","0","0","2.2","OK"
"O095A_FLAT_CHFJPY_H1","2023.01.01..2026.07.01","2026.06.30","0","0","1.84","OK"
"O095A_FLAT_CHFJPY_H4","2023.01.01..2026.07.01","2026.06.30","0","0","0.87","OK"
"O095A_FLAT_CHFJPY_M15","2023.01.01..2026.07.01","2026.06.30","0","0","1.84","OK"
"O095A_FLAT_EURGBP_H1","2023.01.01..2026.07.01","2026.06.30","0","0","2.82","OK"
"O095A_FLAT_EURGBP_H4","2023.01.01..2026.07.01","2026.06.30","0","0","3.1","OK"
"O095A_FLAT_EURGBP_M15","2023.01.01..2026.07.01","2026.06.30","0","0","2.17","OK"
"O095A_FLAT_GBPAUD_H1","2023.01.01..2026.07.01","2026.06.30","0","0","1.8","OK"
"O095A_FLAT_GBPAUD_H4","2023.01.01..2026.07.01","2026.06.30","0","0","1.8","OK"
"O095A_FLAT_GBPAUD_M15","2023.01.01..2026.07.01","2026.06.30","0","0","1.79","OK"
"O095A_FLAT_GBPJPY_H1","2023.01.01..2026.07.01","2026.06.30","0","0","1.62","OK"
"O095A_FLAT_GBPJPY_H4","2023.01.01..2026.07.01","2026.06.30","0","0","1.98","OK"
"O095A_FLAT_GBPJPY_M15","2023.01.01..2026.07.01","2026.06.30","0","0","3.11","OK"
"O095A_FLAT_GBPUSD_H1","2023.01.01..2026.07.01","2026.06.30","0","0","2.32","OK"
"O095A_FLAT_GBPUSD_H4","2023.01.01..2026.07.01","2026.06.30","0","0","2.3","OK"
"O095A_FLAT_GBPUSD_M15","2023.01.01..2026.07.01","2026.06.30","0","0","2.12","OK"
"O095A_FLAT_NZDCAD_H1","2023.01.01..2026.07.01","2026.06.30","0","0","1.47","OK"
"O095A_FLAT_NZDCAD_H4","2023.01.01..2026.07.01","2026.06.30","0","0","1.67","OK"
"O095A_FLAT_NZDCAD_M15","2023.01.01..2026.07.01","2026.06.30","0","0","1.63","OK"
"O095A_FLAT_NZDUSD_H1","2023.01.01..2026.07.01","2026.06.30","0","0","2.57","OK"
"O095A_FLAT_NZDUSD_H4","2023.01.01..2026.07.01","2026.06.30","0","0","2.72","OK"
"O095A_FLAT_NZDUSD_M15","2023.01.01..2026.07.01","2026.06.23","8","0.6","3.05","OK"
"O095A_FLAT_USDCAD_H1","2023.01.01..2026.07.01","2025.02.03","513","40.2","1.07","QUIET_TAIL"
"O095A_FLAT_USDCAD_H4","2023.01.01..2026.07.01","2025.02.03","513","40.2","1.05","QUIET_TAIL"
"O095A_FLAT_USDCAD_M15","2023.01.01..2026.07.01","2026.06.30","0","0","1.05","OK"
"O095A_FULL_AUDJPY_H1","2023.01.01..2026.07.01","2026.06.30","0","0","13.48","OK"
"O095A_FULL_AUDJPY_H4","2023.01.01..2026.07.01","2026.06.02","28.2","2.2","4.55","OK"
"O095A_FULL_AUDJPY_M15","2023.01.01..2026.07.01","2026.06.30","0","0","5.6","OK"
"O095A_FULL_AUDUSD_H1","2023.01.01..2026.07.01","2026.06.30","0","0","5.69","OK"
"O095A_FULL_AUDUSD_M15","2023.01.01..2026.07.01","2026.06.19","11.3","0.9","9.03","OK"
"O095A_FULL_CHFJPY_H1","2023.01.01..2026.07.01","2026.06.30","0","0","7.54","OK"
"O095A_FULL_CHFJPY_H4","2023.01.01..2026.07.01","2026.06.30","0","0","13.84","OK"
"O095A_FULL_CHFJPY_M15","2023.01.01..2026.07.01","2026.06.30","0","0","13.99","OK"
"O095A_FULL_GBPAUD_H1","2023.01.01..2026.07.01","2026.02.23","127.9","10","25.37","SUSPECT"
"O095A_FULL_GBPAUD_H4","2023.01.01..2026.07.01","2025.04.07","449.2","35.2","8.3","QUIET_TAIL"
"O095A_FULL_GBPAUD_M15","2023.01.01..2026.07.01","2026.01.21","160.6","12.6","16.66","SUSPECT"
"O095A_FULL_GBPJPY_H1","2023.01.01..2026.07.01","2026.06.30","0","0","15.25","OK"
"O095A_FULL_GBPJPY_H4","2023.01.01..2026.07.01","2026.06.30","0","0","8.36","OK"
"O095A_FULL_GBPJPY_M15","2023.01.01..2026.07.01","2024.09.11","657.8","51.5","25.46","SUSPECT"
"O095A_FULL_GBPUSD_H1","2023.01.01..2026.07.01","2026.01.27","154","12.1","18.75","SUSPECT"
"O095A_FULL_GBPUSD_H4","2023.01.01..2026.07.01","2026.06.30","0","0","23.84","OK"
"O095A_FULL_GBPUSD_M15","2023.01.01..2026.07.01","2026.06.30","0","0","15.42","OK"
"O095A_FULL_USDCAD_H1","2023.01.01..2026.07.01","2026.06.30","0","0","9.96","OK"
"O095A_FULL_USDCAD_H4","2023.01.01..2026.07.01","2026.06.30","0","0","7.55","OK"
"O095A_FULL_USDCAD_M15","2023.01.01..2026.07.01","2026.06.30","0","0","7.58","OK"
"O098A_BWD_EURUSD_H1","2020.01.01..2023.01.01","2022.12.30","1.5","0.1","1.34","OK"
"O098A_BWD_EURUSD_H4","2020.01.01..2023.01.01","2022.12.29","2.5","0.2","0.64","OK"
"O098A_BWD_XAUUSD_H1","2020.01.01..2023.01.01","2022.12.30","1.7","0.2","1.99","OK"
"O098A_BWD_XAUUSD_H4","2020.01.01..2023.01.01","2022.12.28","3.5","0.3","0.55","OK"
"O098A_FVG_EURUSD_H1","2023.01.01..2026.01.01","2025.12.31","0","0","0.77","OK"
"O098A_FVG_EURUSD_H4","2023.01.01..2026.01.01","2025.12.31","0.3","0","0.89","OK"
"O098A_FVG_XAUUSD_H1","2023.01.01..2026.01.01","2025.12.30","1.1","0.1","1.73","OK"
"O098A_FVG_XAUUSD_H4","2023.01.01..2026.01.01","2025.12.30","1.2","0.1","0.48","OK"
"O098A_RR_EURUSD_H1_TP20","2023.01.01..2026.01.01","2025.12.31","0","0","0.87","OK"
"O098A_RR_EURUSD_H1_TP25","2023.01.01..2026.01.01","2025.12.31","0","0","0.83","OK"
"O098A_RR_EURUSD_H1_TP30","2023.01.01..2026.01.01","2025.12.31","0","0","0.67","OK"
"O098A_RR_EURUSD_H1_TP40","2023.01.01..2026.01.01","2025.12.31","0","0","0.97","OK"
"O098A_RR_EURUSD_H1_TP60","2023.01.01..2026.01.01","2025.12.31","0","0","1.15","OK"
"O098A_RR_EURUSD_H4_TP20","2023.01.01..2026.01.01","2025.12.31","0.3","0","0.88","OK"
"O098A_RR_EURUSD_H4_TP25","2023.01.01..2026.01.01","2025.12.31","0.3","0","0.97","OK"
"O098A_RR_EURUSD_H4_TP30","2023.01.01..2026.01.01","2025.12.31","0.3","0","0.94","OK"
"O098A_RR_XAUUSD_H1_TP20","2023.01.01..2026.01.01","2025.12.30","1.1","0.1","1.95","OK"
"O098A_RR_XAUUSD_H1_TP25","2023.01.01..2026.01.01","2025.12.30","1.1","0.1","1.92","OK"
"O098A_RR_XAUUSD_H1_TP30","2023.01.01..2026.01.01","2025.12.30","1.1","0.1","1.64","OK"
"O098A_RR_XAUUSD_H1_TP40","2023.01.01..2026.01.01","2025.12.30","1.1","0.1","2.05","OK"
"O098A_RR_XAUUSD_H1_TP60","2023.01.01..2026.01.01","2025.12.30","1.1","0.1","2.85","OK"
"O098A_RR_XAUUSD_H4_TP20","2023.01.01..2026.01.01","2025.12.30","1.2","0.1","0.36","OK"
"O098A_RR_XAUUSD_H4_TP25","2023.01.01..2026.01.01","2025.12.30","1.2","0.1","0.35","OK"
"O098A_RR_XAUUSD_H4_TP30","2023.01.01..2026.01.01","2025.12.30","1.2","0.1","0.41","OK"
"O098A_RR_XAUUSD_H4_TP40","2023.01.01..2026.01.01","2025.12.30","1.2","0.1","0.65","OK"
"O098A_RR_XAUUSD_H4_TP60","2023.01.01..2026.01.01","2025.12.30","1.2","0.1","0.86","OK"
"O098B_BWD_EURUSD_H1","2020.01.01..2023.01.01","2022.12.30","1","0.1","1.66","OK"
"O098B_BWD_EURUSD_H4","2020.01.01..2023.01.01","2022.12.28","3.3","0.3","0.63","OK"
"O098B_BWD_XAUUSD_H1","2020.01.01..2023.01.01","2022.12.30","1","0.1","5.47","OK"
"O098B_BWD_XAUUSD_H4","2020.01.01..2023.01.01","2022.12.30","1","0.1","3.43","OK"
"O098B_CONFIRM_EURUSD_H1","2023.01.01..2026.01.01","2025.12.31","0","0","0.42","OK"
"O098B_CONFIRM_EURUSD_H4","2023.01.01..2026.01.01","2025.12.31","0","0","0.58","OK"
"O098B_CONFIRM_XAUUSD_H1","2023.01.01..2026.01.01","2025.12.31","0","0","5.91","OK"
"O098B_CONFIRM_XAUUSD_H4","2023.01.01..2026.01.01","2025.12.31","0","0","3.03","OK"
"O098B_HOLDOUT_EURUSD_H4","2026.01.01..2026.07.01","2026.06.30","0.3","0.2","0.74","OK"
"O098B_HOLDOUT_XAUUSD_H4","2026.01.01..2026.07.01","2026.06.23","7.7","4.3","5.74","OK"
"O098B_M4_XAU_H4_BWD","2020.01.01..2023.01.01","2022.12.30","1","0.1","3.98","OK"
"O098B_M4_XAU_H4_HOLDOUT","2026.01.01..2026.07.01","2026.06.23","7.7","4.3","5.74","OK"
"O098B_M4_XAU_H4_MAIN","2023.01.01..2026.01.01","2025.12.31","0","0","3.01","OK"
"O098B_MACD_EURUSD_H1","2023.01.01..2026.01.01","2025.12.31","0.6","0.1","1.6","OK"
"O098B_MACD_EURUSD_H4","2023.01.01..2026.01.01","2025.12.31","0","0","0.73","OK"
"O098B_MACD_XAUUSD_H1","2023.01.01..2026.01.01","2025.12.31","0.7","0.1","6.92","OK"
"O098B_MACD_XAUUSD_H4","2023.01.01..2026.01.01","2025.12.31","0","0","6.36","OK"
"O098B_NB_EUR_H4_ATRp10","2023.01.01..2026.01.01","2025.12.31","0","0","0.61","OK"
"O098B_NB_EUR_H4_ATRp18","2023.01.01..2026.01.01","2025.12.31","0","0","0.6","OK"
"O098B_NB_EUR_H4_Buf0.10","2023.01.01..2026.01.01","2025.12.31","0","0","0.51","OK"
"O098B_NB_EUR_H4_Buf0.15","2023.01.01..2026.01.01","2025.12.31","0","0","0.49","OK"
"O098B_NB_EUR_H4_Fast14","2023.01.01..2026.01.01","2025.12.31","0","0","0.58","OK"
"O098B_NB_EUR_H4_Fast22","2023.01.01..2026.01.01","2025.12.31","0","0","0.6","OK"
"O098B_NB_EUR_H4_Slow32","2023.01.01..2026.01.01","2025.12.31","0","0","0.58","OK"
"O098B_NB_EUR_H4_Slow40","2023.01.01..2026.01.01","2025.12.31","0","0","0.58","OK"
"O098B_NB_EUR_H4_Slow44","2023.01.01..2026.01.01","2025.12.31","0","0","0.54","OK"
"O098B_NB_XAU_H4_ATRp14","2023.01.01..2026.01.01","2025.12.31","0","0","2.81","OK"
"O098B_NB_XAU_H4_ATRp26","2023.01.01..2026.01.01","2025.12.31","0","0","2.91","OK"
"O098B_NB_XAU_H4_Buf0.10","2023.01.01..2026.01.01","2025.12.31","0","0","2.84","OK"
"O098B_NB_XAU_H4_Buf0.25","2023.01.01..2026.01.01","2025.12.31","0","0","2.66","OK"
"O098B_NB_XAU_H4_Fast10","2023.01.01..2026.01.01","2025.12.31","0","0","3.44","OK"
"O098B_NB_XAU_H4_Fast16","2023.01.01..2026.01.01","2025.12.22","9.8","0.9","2.81","OK"
"O098B_NB_XAU_H4_Slow36","2023.01.01..2026.01.01","2025.12.31","0","0","3.08","OK"
"O098B_NB_XAU_H4_Slow40","2023.01.01..2026.01.01","2025.12.31","0","0","3.07","OK"
"O098B_NB_XAU_H4_Slow48","2023.01.01..2026.01.01","2025.12.31","0","0","3.04","OK"
"O098B_NBBWD_EUR_H4_ATRp10","2020.01.01..2023.01.01","2022.12.28","3.3","0.3","0.63","OK"
"O098B_NBBWD_EUR_H4_ATRp18","2020.01.01..2023.01.01","2022.12.28","3.3","0.3","0.62","OK"
"O098B_NBBWD_XAU_H4_ATRp14","2020.01.01..2023.01.01","2022.12.30","1","0.1","3.46","OK"
"O098B_NBBWD_XAU_H4_ATRp26","2020.01.01..2023.01.01","2022.12.30","1","0.1","3.71","OK"
"O098B_YS_EURUSD_H1_2023","2023.01.01..2024.01.01","2023.12.29","2","0.5","0.36","OK"
"O098B_YS_EURUSD_H1_2024","2024.01.01..2025.01.01","2024.12.31","0","0","0.28","OK"
"O098B_YS_EURUSD_H1_2025","2025.01.01..2026.01.01","2025.12.31","0","0","0.39","OK"
"O098B_YS_EURUSD_H4_2023","2023.01.01..2024.01.01","2023.12.29","2","0.5","0.58","OK"
"O098B_YS_EURUSD_H4_2024","2024.01.01..2025.01.01","2024.12.31","0","0","0.21","OK"
"O098B_YS_EURUSD_H4_2025","2025.01.01..2026.01.01","2025.12.31","0","0","0.3","OK"
"O098B_YS_XAUUSD_H1_2023","2023.01.01..2024.01.01","2023.12.29","2","0.5","1.53","OK"
"O098B_YS_XAUUSD_H1_2024","2024.01.01..2025.01.01","2024.12.31","0","0","2.98","OK"
"O098B_YS_XAUUSD_H1_2025","2025.01.01..2026.01.01","2025.12.31","0","0","6","OK"
"O098B_YS_XAUUSD_H4_2023","2023.01.01..2024.01.01","2023.12.22","9.3","2.5","1.14","OK"
"O098B_YS_XAUUSD_H4_2024","2024.01.01..2025.01.01","2024.12.31","0","0","1.37","OK"
"O098B_YS_XAUUSD_H4_2025","2025.01.01..2026.01.01","2025.12.31","0","0","3.26","OK"
"O098C_EURUSD_H1_BWD","2020.01.01..2022.12.31","2021.01.19","710.3","64.9","0.02","QUIET_TAIL"
"O098C_EURUSD_H1_rsi_40_60_BWD","2020.01.01..2022.12.31","2022.11.07","53.6","4.9","0.17","OK"
"O098C_EURUSD_H1_rsi_40_60_MAIN","2023.01.01..2026.01.01","2025.12.12","19.4","1.8","0.39","OK"
"O098C_EURUSD_H1_rsi_50_50_BWD","2020.01.01..2022.12.31","2022.12.29","1.5","0.1","0.72","OK"
"O098C_EURUSD_H1_rsi_50_50_MAIN","2023.01.01..2026.01.01","2025.12.31","0","0","0.51","OK"
"O098C_XAUUSD_H1_BWD","2020.01.01..2022.12.31","2020.01.03","1092","99.7","0.03","QUIET_TAIL"
"O098C_XAUUSD_H1_rsi_40_60_BWD","2020.01.01..2022.12.31","2022.12.19","11.7","1.1","0.23","OK"
"O098C_XAUUSD_H1_rsi_40_60_MAIN","2023.01.01..2026.01.01","2025.10.30","62.9","5.7","0.1","OK"
"O098C_XAUUSD_H1_rsi_50_50_BWD","2020.01.01..2022.12.31","2022.12.30","0.7","0.1","0.87","OK"
"O098C_XAUUSD_H1_rsi_50_50_MAIN","2023.01.01..2026.01.01","2025.12.30","1.2","0.1","0.41","OK"
"O098D_EURGBP_H1_BWD","2021.01.01..2023.01.01","2022.12.21","10.4","1.4","0.9","OK"
"O098D_EURGBP_H1_MAIN","2023.01.01..2026.01.01","2025.04.15","260.4","23.8","0.34","QUIET_TAIL"
"O098D_EURJPY_H1_BWD","2021.01.01..2023.01.01","2022.12.30","1","0.1","0.99","OK"
"O098D_EURJPY_H1_BWD_def","2021.01.01..2023.01.01","2022.12.30","1","0.1","0.99","OK"
"O098D_EURJPY_H1_BWD_thr0005","2021.01.01..2023.01.01","2022.12.30","1","0.1","0.85","OK"
"O098D_EURJPY_H1_BWD_thr0020","2021.01.01..2023.01.01","2022.12.27","5","0.7","0.49","OK"
"O098D_EURJPY_H1_BWD_tp4","2021.01.01..2023.01.01","2022.12.30","1","0.1","1.02","OK"
"O098D_EURJPY_H1_BWD_tp6","2021.01.01..2023.01.01","2022.12.30","1","0.1","1.5","OK"
"O098D_EURJPY_H1_MAIN","2023.01.01..2026.01.01","2025.12.23","8.7","0.8","1.22","OK"
"O098D_EURJPY_H1_MAIN_def","2023.01.01..2026.01.01","2025.12.23","8.7","0.8","1.22","OK"
"O098D_EURJPY_H1_MAIN_thr0005","2023.01.01..2026.01.01","2025.12.24","8","0.7","3.52","OK"
"O098D_EURJPY_H1_MAIN_thr0020","2023.01.01..2026.01.01","2025.03.11","295.3","26.9","1.2","QUIET_TAIL"
"O098D_EURJPY_H1_MAIN_tp4","2023.01.01..2026.01.01","2025.12.23","8.7","0.8","1.44","OK"
"O098D_EURJPY_H1_MAIN_tp6","2023.01.01..2026.01.01","2025.12.23","8.7","0.8","2.79","OK"
"O098D_EURJPY_H4_BWD_def","2021.01.01..2023.01.01","2022.12.30","1.7","0.2","0.99","OK"
"O098D_EURJPY_H4_BWD_tp4","2021.01.01..2023.01.01","2022.12.30","1.7","0.2","1.43","OK"
"O098D_EURJPY_H4_BWD_tp6","2021.01.01..2023.01.01","2022.12.30","1.7","0.2","1.48","OK"
"O098D_EURJPY_H4_MAIN_def","2023.01.01..2026.01.01","2025.12.23","8.5","0.8","0.97","OK"
"O098D_EURJPY_H4_MAIN_tp4","2023.01.01..2026.01.01","2025.12.23","8.5","0.8","1.85","OK"
"O098D_EURJPY_H4_MAIN_tp6","2023.01.01..2026.01.01","2025.12.23","8.5","0.8","1.6","OK"
"O098D_GBPJPY_H1_BWD","2021.01.01..2023.01.01","2022.12.30","1","0.1","2.28","OK"
"O098D_GBPJPY_H1_MAIN","2023.01.01..2026.01.01","2025.12.31","0","0","5.14","OK"
"O098D_SMOKE_EURJPY_H1_MAIN","2023.01.01..2026.01.01","2025.12.23","8.7","0.8","1.22","OK"
"O098E_FIXED_ATR_BWD","2021.01.01..2023.01.01","2022.12.30","1","0.1","4.24","OK"
"O098E_FIXED_ATR_MAIN","2023.01.01..2026.01.01","2025.12.31","0","0","4.64","OK"
"O098E_PARTIAL_BE_BWD","2021.01.01..2023.01.01","2022.12.30","1","0.1","6.58","OK"
"O098E_PARTIAL_BE_MAIN","2023.01.01..2026.01.01","2025.12.31","0","0","5.49","OK"
"O098E_SMOKE_MAIN","2023.01.01..2026.01.01","2025.12.31","0","0","4.64","OK"
"O098E_TRAILING_BWD","2021.01.01..2023.01.01","2022.12.30","1","0.1","6.57","OK"
"O098E_TRAILING_MAIN","2023.01.01..2026.01.01","2025.12.29","2","0.2","8.87","OK"
"O098F_AN_z20_BWD","2020.01.01..2022.12.31","2022.12.29","1.3","0.1","20.73","OK"
"O098F_AN_z20_MAIN","2023.01.01..2026.01.01","2025.12.31","0","0","15.09","OK"
"O098F_CD_EU_H1_z30_BWD","2020.01.01..2022.12.31","2022.12.27","3.6","0.3","7.74","OK"
"O098F_CD_EU_H1_z30_MAIN","2023.01.01..2026.01.01","2025.12.12","19.2","1.8","8.52","OK"
"O098F_CD_EU_H4_z25_BWD","2020.01.01..2022.12.31","2022.12.30","0","0","13.14","OK"
"O098F_CD_EU_H4_z25_MAIN","2023.01.01..2026.01.01","2025.12.01","30.5","2.8","4.08","OK"
"O098F_CD_EU_H4_z30_BWD","2020.01.01..2022.12.31","2022.12.30","0","0","11.8","OK"
"O098F_CD_EU_H4_z30_MAIN","2023.01.01..2026.01.01","2025.12.01","30.5","2.8","4.46","OK"
"O098F_CD_EU_H4_z30ex0_BWD","2020.01.01..2022.12.31","2022.12.30","0","0","21.34","OK"
"O098F_CD_EU_H4_z30ex0_MAIN","2023.01.01..2026.01.01","2025.12.31","0","0","9.3","OK"
"O098F_EU_z15_BWD","2020.01.01..2022.12.31","2022.12.30","0","0","18.81","OK"
"O098F_EU_z15_MAIN","2023.01.01..2026.01.01","2025.12.31","0.2","0","12.83","OK"
"O098F_EU_z20_BWD","2020.01.01..2022.12.31","2022.12.30","0","0","16.89","OK"
"O098F_EU_z20_MAIN","2023.01.01..2026.01.01","2025.12.31","0.2","0","10.45","OK"
"O098F_EU_z25_BWD","2020.01.01..2022.12.31","2022.12.30","0","0","14.77","OK"
"O098F_EU_z25_MAIN","2023.01.01..2026.01.01","2025.12.31","0.2","0","7.35","OK"
"O098F_S1_EURUSD_MAIN","2023.01.01..2026.01.01","2025.12.31","0.2","0","10.45","OK"
"O098G_cp_chf_BWD","2020.01.01..2022.12.31","2022.12.23","8","0.7","10","OK"
"O098G_cp_chf_MAIN","2023.01.01..2026.01.01","2025.12.31","0.8","0.1","8.31","OK"
"O098G_cp_gu_BWD","2020.01.01..2022.12.31","2022.12.30","0","0","12.14","OK"
"O098G_cp_gu_MAIN","2023.01.01..2026.01.01","2025.12.01","30.2","2.8","4.87","OK"
"O098G_e20_BWD","2020.01.01..2022.12.31","2022.12.30","0","0","13.62","OK"
"O098G_e20_MAIN","2023.01.01..2026.01.01","2025.12.31","0.3","0","4.21","OK"
"O098G_e225_BWD","2020.01.01..2022.12.31","2022.12.30","0","0","13.41","OK"
"O098G_e225_MAIN","2023.01.01..2026.01.01","2025.12.11","21","1.9","4.04","OK"
"O098G_e25_BWD","2020.01.01..2022.12.31","2022.12.30","0","0","13.14","OK"
"O098G_e25_HLD","2017.01.01..2019.12.31","2019.12.17","13.3","1.2","6.17","OK"
"O098G_e25_MAIN","2023.01.01..2026.01.01","2025.12.01","30.5","2.8","4.08","OK"
"O098G_e275_BWD","2020.01.01..2022.12.31","2022.12.30","0","0","12.12","OK"
"O098G_e275_MAIN","2023.01.01..2026.01.01","2025.12.01","30.5","2.8","4.75","OK"
"O098G_w120_BWD","2020.01.01..2022.12.31","2022.12.30","0","0","12.09","OK"
"O098G_w120_MAIN","2023.01.01..2026.01.01","2025.12.01","30.5","2.8","4.3","OK"
"O098G_w80_BWD","2020.01.01..2022.12.31","2022.12.30","0","0","13.07","OK"
"O098G_w80_MAIN","2023.01.01..2026.01.01","2025.12.01","30.5","2.8","6.74","OK"
"O098G_x03_BWD","2020.01.01..2022.12.31","2022.12.30","0","0","13.09","OK"
"O098G_x03_MAIN","2023.01.01..2026.01.01","2025.12.01","30.3","2.8","4.02","OK"
"O098G_x07_BWD","2020.01.01..2022.12.31","2022.12.30","0","0","13.03","OK"
"O098G_x07_MAIN","2023.01.01..2026.01.01","2025.12.01","30.5","2.8","4.6","OK"
"O098H_e20x03_BWD","2020.01.01..2022.12.31","2022.12.30","0","0","13.88","OK"
"O098H_e20x03_MAIN","2023.01.01..2026.01.01","2025.12.31","0","0","3.86","OK"
"O098H_s25_BWD","2020.01.01..2022.12.31","2022.12.22","8.8","0.8","10.18","OK"
"O098H_s25_MAIN","2023.01.01..2026.01.01","2025.11.27","34.5","3.1","3.73","OK"
"O098H_s30_BWD","2020.01.01..2022.12.31","2022.12.30","0","0","12.71","OK"
"O098H_s30_MAIN","2023.01.01..2026.01.01","2025.11.27","34.5","3.1","6.73","OK"
"O098H_s40_BWD","2020.01.01..2022.12.31","2022.12.30","0","0","13.11","OK"
"O098H_s40_MAIN","2023.01.01..2026.01.01","2025.12.01","30.3","2.8","4","OK"
"O098H_x02_BWD","2020.01.01..2022.12.31","2022.12.30","0","0","13.42","OK"
"O098H_x02_MAIN","2023.01.01..2026.01.01","2025.12.01","30.3","2.8","3.87","OK"
"O098H_x03_HLD","2017.01.01..2019.12.31","2019.12.17","13.2","1.2","5.26","OK"
"O098H_x04_BWD","2020.01.01..2022.12.31","2022.12.30","0","0","13.07","OK"
"O098H_x04_MAIN","2023.01.01..2026.01.01","2025.12.01","30.5","2.8","4.76","OK"
"O098H2_comb_BWD","2020.01.01..2022.12.31","2022.12.30","0","0","13.68","OK"
"O098H2_comb_HLD","2017.01.01..2019.12.31","2019.12.17","13.2","1.2","9.69","OK"
"O098H2_comb_MAIN","2023.01.01..2026.01.01","2025.12.31","0","0","4.03","OK"
"O098I_AUDNZD_H4_BWD","2020.01.01..2022.12.31","2022.12.16","14.7","1.3","1.53","OK"
"O098I_AUDNZD_H4_HLD","2017.01.01..2019.12.31","2019.12.30","0","0","0.96","OK"
"O098I_AUDNZD_H4_MAIN","2023.01.01..2026.01.01","2025.12.29","3","0.3","1","OK"
"O098I_EURGBP_H4_BWD","2020.01.01..2022.12.31","2022.12.30","0","0","1.85","OK"
"O098I_EURGBP_H4_HLD","2017.01.01..2019.12.31","2019.12.26","5","0.5","1.61","OK"
"O098I_EURGBP_H4_MAIN","2023.01.01..2026.01.01","2025.12.31","0.5","0","1.13","OK"
"O098J_EURGBP_H4","2023.01.01..2026.01.01","2025.12.26","5.7","0.5","0.23","OK"
"O098J_EURUSD_H4","2023.01.01..2026.01.01","2025.12.29","2.7","0.2","0.25","OK"
"O098J_GBPUSD_H4","2023.01.01..2026.01.01","2025.10.27","65.7","6","0.16","OK"
"O098J_XAUUSD_H1","2023.01.01..2026.01.01","2025.12.31","0.5","0","0.65","OK"
"O098J_XAUUSD_H4","2023.01.01..2026.01.01","2025.12.19","12.2","1.1","0.47","OK"
"O098J2_XAUUSD_H1_BWD","2020.01.01..2022.12.31","2022.12.16","14.8","1.4","0.68","OK"
"O098J2_XAUUSD_H1_HLD","2017.01.01..2019.12.31","2019.12.26","4","0.4","0.26","OK"
"O098J2_XAUUSD_H1_MAIN_M1","2023.01.01..2026.01.01","2025.12.31","0.5","0","0.79","OK"
"O098J2_XAUUSD_H4_BWD","2020.01.01..2022.12.31","2022.11.08","52.7","4.8","1.01","OK"
"O098J2_XAUUSD_H4_HLD","2017.01.01..2019.12.31","2019.12.27","3.3","0.3","0.23","OK"
"O098J2_XAUUSD_H4_MAIN_M1","2023.01.01..2026.01.01","2025.12.19","12.3","1.1","0.58","OK"
"O098J3_p3850_rr15_BWD","2020.01.01..2022.12.31","2022.12.16","14.8","1.4","0.25","OK"
"O098J3_p3850_rr15_MAIN","2023.01.01..2026.01.01","2025.12.31","0.5","0","0.49","OK"
"O098J3_p3850_rr25_BWD","2020.01.01..2022.12.31","2022.12.16","14.8","1.4","0.64","OK"
"O098J3_p3850_rr25_MAIN","2023.01.01..2026.01.01","2025.12.31","0.5","0","1.13","OK"
"O098J3_p3862_rr15_BWD","2020.01.01..2022.12.31","2022.12.16","14.8","1.4","0.34","OK"
"O098J3_p3862_rr15_MAIN","2023.01.01..2026.01.01","2025.12.31","0.5","0","0.43","OK"
"O098J3_p3862_rr25_BWD","2020.01.01..2022.12.31","2022.12.16","14.8","1.4","0.83","OK"
"O098J3_p3862_rr25_MAIN","2023.01.01..2026.01.01","2025.12.31","0.5","0","1.11","OK"
"O098J3_p5062_rr15_BWD","2020.01.01..2022.12.31","2022.12.16","14.9","1.4","0.31","OK"
"O098J3_p5062_rr15_MAIN","2023.01.01..2026.01.01","2025.12.04","27.9","2.5","0.11","OK"
"O098J3_p5062_rr25_BWD","2020.01.01..2022.12.31","2022.12.16","14.8","1.4","0.43","OK"
"O098J3_p5062_rr25_MAIN","2023.01.01..2026.01.01","2025.12.04","27.9","2.5","0.28","OK"
"O098J3_p5079_rr15_BWD","2020.01.01..2022.12.31","2022.12.16","14.9","1.4","0.66","OK"
"O098J3_p5079_rr15_MAIN","2023.01.01..2026.01.01","2025.12.30","2","0.2","0.17","OK"
"O098J3_p5079_rr25_BWD","2020.01.01..2022.12.31","2022.12.16","14.8","1.4","0.81","OK"
"O098J3_p5079_rr25_MAIN","2023.01.01..2026.01.01","2025.12.30","2","0.2","0.34","OK"
"O098J4_p3850_rr15_HLD","2017.01.01..2019.12.31","2019.12.19","11.9","1.1","0.25","OK"
"O098J4_p3862_rr15_HLD","2017.01.01..2019.12.31","2019.12.26","4.1","0.4","0.26","OK"
"O098K_maker_BWD","2020.01.01..2022.12.31","2022.12.30","0","0","13.6","OK"
"O098K_maker_HLD","2017.01.01..2019.12.31","2019.12.17","13.2","1.2","5.16","OK"
"O098K_maker_MAIN","2023.01.01..2026.01.01","2025.12.01","30.3","2.8","4.11","OK"
"O098L_obOFF_BWD","2020.01.01..2022.12.31","2022.12.23","7.3","0.7","0.28","OK"
"O098L_obOFF_MAIN","2023.01.01..2026.01.01","2025.12.22","9.6","0.9","0.12","OK"
"O098L_obON_BWD","2020.01.01..2022.12.31","2022.10.31","60.7","5.5","0.12","OK"
"O098L_obON_MAIN","2023.01.01..2026.01.01","2025.12.22","9.6","0.9","0.19","OK"
"O098L2_obOFF_BWD","2020.01.01..2022.12.31","2022.12.30","0.6","0.1","0.24","OK"
"O098L2_obOFF_MAIN","2023.01.01..2026.01.01","2025.12.30","1.5","0.1","0.18","OK"
"O098L2_obON_BWD","2020.01.01..2022.12.31","2022.12.20","10.8","1","0.2","OK"
"O098L2_obON_MAIN","2023.01.01..2026.01.01","2025.12.30","1.5","0.1","0.16","OK"
"O098L3_obOFF_HLD","2026.01.01..2026.07.01","2026.06.29","1.6","0.9","0.11","OK"
"O098L3_obON_HLD","2026.01.01..2026.07.01","2026.06.29","1.6","0.9","0.07","OK"
"O098M_AUDNZD_H4","2023.01.01..2026.01.01","2025.07.28","156.2","14.3","0.03","QUIET_TAIL"
"O098M_EURGBP_H4","2023.01.01..2026.01.01","2025.12.29","2.8","0.3","0.08","OK"
"O098M_EURUSD_H4","2023.01.01..2026.01.01","2024.09.19","468","42.7","0.02","QUIET_TAIL"
"O098M_XAUUSD_H4","2023.01.01..2026.01.01","2025.03.10","296.5","27.1","0.42","QUIET_TAIL"
"O104C_lam3200_BWD","2020.01.01..2023.01.01","2022.12.19","12.8","1.2","1.76","OK"
"O104C_lam3200_MAIN","2023.01.01..2026.01.01","2025.12.31","0","0","3.28","OK"
"O104C_lam800_BWD","2020.01.01..2023.01.01","2022.12.29","2.2","0.2","1.69","OK"
"O104C_lam800_MAIN","2023.01.01..2026.01.01","2025.12.31","0","0","3.04","OK"
"O104C_MA_f12s24_BWD","2020.01.01..2023.01.01","2022.12.27","4.3","0.4","3.64","OK"
"O104C_MA_f12s24_MAIN","2023.01.01..2026.01.01","2025.12.31","0","0","2.38","OK"
"O104C_MA_f12s32_BWD","2020.01.01..2023.01.01","2022.12.29","2.5","0.2","3.22","OK"
"O104C_MA_f12s32_MAIN","2023.01.01..2026.01.01","2025.12.31","0","0","2.83","OK"
"O104C_MA_f12s40_BWD","2020.01.01..2023.01.01","2022.12.22","9.3","0.8","2.06","OK"
"O104C_MA_f12s40_MAIN","2023.01.01..2026.01.01","2025.12.31","0","0","2.85","OK"
"O104C_MA_f16s24_BWD","2020.01.01..2023.01.01","2022.12.30","1","0.1","2.66","OK"
"O104C_MA_f16s24_MAIN","2023.01.01..2026.01.01","2025.12.31","0","0","3.46","OK"
"O104C_MA_f16s32_BWD","2020.01.01..2023.01.01","2022.12.29","2.3","0.2","1.39","OK"
"O104C_MA_f16s32_MAIN","2023.01.01..2026.01.01","2025.12.31","0","0","2.19","OK"
"O104C_MA_f16s40_BWD","2020.01.01..2023.01.01","2022.12.20","11.5","1","3.07","OK"
"O104C_MA_f16s40_MAIN","2023.01.01..2026.01.01","2025.12.31","0","0","5.72","OK"
"O104C_MA_f8s24_BWD","2020.01.01..2023.01.01","2022.12.30","1","0.1","2.22","OK"
"O104C_MA_f8s24_MAIN","2023.01.01..2026.01.01","2025.12.05","26.3","2.4","2.69","OK"
"O104C_MA_f8s32_BWD","2020.01.01..2023.01.01","2022.12.27","4.3","0.4","1.39","OK"
"O104C_MA_f8s32_MAIN","2023.01.01..2026.01.01","2025.12.05","26.3","2.4","2.68","OK"
"O104C_MA_f8s40_BWD","2020.01.01..2023.01.01","2022.12.19","12.9","1.2","2.24","OK"
"O104C_MA_f8s40_MAIN","2023.01.01..2026.01.01","2025.12.31","0","0","2.3","OK"
"O104C_SL1.5_BWD","2020.01.01..2023.01.01","2022.12.29","2.3","0.2","2.11","OK"
"O104C_SL1.5_MAIN","2023.01.01..2026.01.01","2025.12.31","0","0","2.32","OK"
"O104C_SL2.0_BWD","2020.01.01..2023.01.01","2022.12.29","2.3","0.2","1.39","OK"
"O104C_SL2.0_MAIN","2023.01.01..2026.01.01","2025.12.31","0","0","2.19","OK"
"O104C_SL3.0_BWD","2020.01.01..2023.01.01","2022.12.29","2.3","0.2","1.3","OK"
"O104C_SL3.0_MAIN","2023.01.01..2026.01.01","2025.12.31","0","0","3.1","OK"
"O106_GJ_d2.0_s3.0_H1_BWD","2020.01.01..2023.01.01","2022.11.02","59.8","5.5","13.98","OK"
"O106_GJ_d2.0_s3.0_H1_MAIN","2023.01.01..2026.01.01","2025.12.31","0","0","4.54","OK"
"O106_GJ_d2.0_s3.0_H4_BWD","2020.01.01..2023.01.01","2022.11.01","60.5","5.5","8.32","OK"
"O106_GJ_d2.0_s3.0_H4_MAIN","2023.01.01..2026.01.01","2025.12.31","0","0","5.33","OK"
"O106_GJ_d2.0_s4.0_H1_BWD","2020.01.01..2023.01.01","2022.11.02","59.5","5.4","18.8","OK"
"O106_GJ_d2.0_s4.0_H1_MAIN","2023.01.01..2026.01.01","2025.12.31","0","0","9.04","OK"
"O106_GJ_d2.0_s4.0_H4_BWD","2020.01.01..2023.01.01","2022.11.01","60.5","5.5","8.35","OK"
"O106_GJ_d2.0_s4.0_H4_MAIN","2023.01.01..2026.01.01","2025.12.31","0","0","5.33","OK"
"O106_GJ_d2.0_s6.0_H1_BWD","2020.01.01..2023.01.01","2022.10.31","61.8","5.6","16.33","OK"
"O106_GJ_d2.0_s6.0_H1_MAIN","2023.01.01..2026.01.01","2025.12.31","0","0","21.69","OK"
"O106_GJ_d2.0_s6.0_H4_BWD","2020.01.01..2023.01.01","2022.11.01","60.5","5.5","8.35","OK"
"O106_GJ_d2.0_s6.0_H4_MAIN","2023.01.01..2026.01.01","2025.12.31","0","0","5.33","OK"
"O106_GJ_d3.0_s3.0_H1_BWD","2020.01.01..2023.01.01","2022.11.02","59.8","5.5","7.56","OK"
"O106_GJ_d3.0_s3.0_H1_MAIN","2023.01.01..2026.01.01","2025.12.31","0","0","4.83","OK"
"O106_GJ_d3.0_s3.0_H4_BWD","2020.01.01..2023.01.01","2022.10.24","68.9","6.3","7.51","OK"
"O106_GJ_d3.0_s3.0_H4_MAIN","2023.01.01..2026.01.01","2025.12.31","0","0","6.18","OK"
"O106_GJ_d3.0_s4.0_H1_BWD","2020.01.01..2023.01.01","2022.11.02","59.5","5.4","10.13","OK"
"O106_GJ_d3.0_s4.0_H1_MAIN","2023.01.01..2026.01.01","2025.12.31","0","0","5.26","OK"
"O106_GJ_d3.0_s4.0_H4_BWD","2020.01.01..2023.01.01","2022.10.24","68.9","6.3","9.46","OK"
"O106_GJ_d3.0_s4.0_H4_MAIN","2023.01.01..2026.01.01","2025.12.31","0","0","6.18","OK"
"O106_GJ_d3.0_s6.0_H1_BWD","2020.01.01..2023.01.01","2022.12.20","11.8","1.1","18.94","OK"
"O106_GJ_d3.0_s6.0_H1_MAIN","2023.01.01..2026.01.01","2025.12.31","0","0","14.08","OK"
"O106_GJ_d3.0_s6.0_H4_BWD","2020.01.01..2023.01.01","2022.10.24","68.9","6.3","7.87","OK"
"O106_GJ_d3.0_s6.0_H4_MAIN","2023.01.01..2026.01.01","2025.12.31","0","0","6.18","OK"
"O106_GJ_d4.0_s3.0_H1_BWD","2020.01.01..2023.01.01","2022.10.31","61.3","5.6","8.8","OK"
"O106_GJ_d4.0_s3.0_H1_MAIN","2023.01.01..2026.01.01","2025.12.31","0","0","5.52","OK"
"O106_GJ_d4.0_s3.0_H4_BWD","2020.01.01..2023.01.01","2022.11.01","61","5.6","4.78","OK"
"O106_GJ_d4.0_s3.0_H4_MAIN","2023.01.01..2026.01.01","2025.12.31","0","0","6.47","OK"
"O106_GJ_d4.0_s4.0_H1_BWD","2020.01.01..2023.01.01","2022.11.01","60.2","5.5","9.12","OK"
"O106_GJ_d4.0_s4.0_H1_MAIN","2023.01.01..2026.01.01","2025.12.31","0","0","8.29","OK"
"O106_GJ_d4.0_s4.0_H4_BWD","2020.01.01..2023.01.01","2022.11.01","61","5.6","8.9","OK"
"O106_GJ_d4.0_s4.0_H4_MAIN","2023.01.01..2026.01.01","2025.12.31","0","0","5.81","OK"
"O106_GJ_d4.0_s6.0_H1_BWD","2020.01.01..2023.01.01","2022.11.03","58.8","5.4","6.9","OK"
"O106_GJ_d4.0_s6.0_H1_MAIN","2023.01.01..2026.01.01","2025.12.22","9.6","0.9","7.35","OK"
"O106_GJ_d4.0_s6.0_H4_BWD","2020.01.01..2023.01.01","2022.11.01","60.6","5.5","14.58","OK"
"O106_GJ_d4.0_s6.0_H4_MAIN","2023.01.01..2026.01.01","2025.12.31","0","0","5.81","OK"
"O106_M4_GJ_H4_BWD","2020.01.01..2023.01.01","2022.12.20","11.8","1.1","9.4","OK"
"O106_M4_GJ_H4_HOLDOUT","2026.01.01..2026.07.01","2026.06.30","0","0","3.75","OK"
"O106_M4_GJ_H4_MAIN","2023.01.01..2026.01.01","2025.12.31","0","0","9.23","OK"
"O106f_d1.5_tp150_H4_BWD","2020.01.01..2023.01.01","2022.11.02","59.3","5.4","6.04","OK"
"O106f_d1.5_tp150_H4_MAIN","2023.01.01..2026.01.01","2025.12.31","0","0","5.11","OK"
"O106f_d1.5_tp250_H4_BWD","2020.01.01..2023.01.01","2022.12.20","11.8","1.1","7.61","OK"
"O106f_d1.5_tp250_H4_MAIN","2023.01.01..2026.01.01","2025.12.31","0","0","4.08","OK"
"O106f_d1.5_tp400_H4_BWD","2020.01.01..2023.01.01","2022.12.20","11.8","1.1","10.08","OK"
"O106f_d1.5_tp400_H4_MAIN","2023.01.01..2026.01.01","2025.12.31","0","0","4.25","OK"
"O106f_d2.0_tp150_H4_BWD","2020.01.01..2023.01.01","2022.11.01","60.5","5.5","5.84","OK"
"O106f_d2.0_tp150_H4_MAIN","2023.01.01..2026.01.01","2025.12.22","10","0.9","7.87","OK"
"O106f_d2.0_tp250_H4_BWD","2020.01.01..2023.01.01","2022.11.01","60.5","5.5","8.35","OK"
"O106f_d2.0_tp250_H4_MAIN","2023.01.01..2026.01.01","2025.12.31","0","0","5.33","OK"
"O106f_d2.0_tp400_H4_BWD","2020.01.01..2023.01.01","2022.12.20","11.8","1.1","8.2","OK"
"O106f_d2.0_tp400_H4_MAIN","2023.01.01..2026.01.01","2025.12.31","0","0","11.47","OK"
"O106f_d2.5_tp150_H4_BWD","2020.01.01..2023.01.01","2022.11.02","59.6","5.4","7.8","OK"
"O106f_d2.5_tp150_H4_MAIN","2023.01.01..2026.01.01","2025.12.22","9.5","0.9","3.66","OK"
"O106f_d2.5_tp250_H4_BWD","2020.01.01..2023.01.01","2022.10.31","61.2","5.6","7.99","OK"
"O106f_d2.5_tp250_H4_MAIN","2023.01.01..2026.01.01","2025.12.31","0","0","5.67","OK"
"O106f_d2.5_tp400_H4_BWD","2020.01.01..2023.01.01","2022.10.31","61.2","5.6","11.27","OK"
"O106f_d2.5_tp400_H4_MAIN","2023.01.01..2026.01.01","2025.12.31","0","0","7.44","OK"
"O107_EMASTO_EURUSD_H1","2023.01.01..2026.01.01","2025.12.26","5.9","0.5","0.8","OK"
"O107_EMASTO_EURUSD_M15","2023.01.01..2026.01.01","2025.12.31","0","0","1.74","OK"
"O107_EMASTO_GBPUSD_H1","2023.01.01..2026.01.01","2025.12.12","19.3","1.8","0.69","OK"
"O107_EMASTO_GBPUSD_M15","2023.01.01..2026.01.01","2025.12.31","0.1","0","2.43","OK"
"O107_EMASTO_XAUUSD_H1","2023.01.01..2026.01.01","2025.12.31","0.9","0.1","2.47","OK"
"O107_EMASTO_XAUUSD_M15_retry","2023.01.01..2026.01.01","2025.12.31","0.2","0","5.62","OK"
"O107adx_AUDNZD_H1_BWD_1","2020.01.01..2023.01.01","2022.12.23","8","0.7","0.11","OK"
"O107adx_AUDNZD_H1_BWD_2","2020.01.01..2023.01.01","2022.12.14","17.7","1.6","0.37","OK"
"O107adx_AUDNZD_H1_BWD_3","2020.01.01..2023.01.01","2022.12.14","17.8","1.6","0.19","OK"
"O107adx_EURUSD_H1_BWD_1","2020.01.01..2023.01.01","2022.12.23","8.3","0.8","0.28","OK"
"O107adx_EURUSD_H1_BWD_2","2020.01.01..2023.01.01","2022.12.30","1.6","0.1","0.24","OK"
"O107adx_EURUSD_H1_BWD_3","2020.01.01..2023.01.01","2022.10.27","65.4","6","0.11","OK"
"O107m4_EUR_BWD","2020.01.01..2023.01.01","2022.12.30","1.6","0.1","0.23","OK"
"O107m4_EUR_HOLDOUT","2026.01.01..2026.07.01","2026.06.29","1.6","0.9","0.11","OK"
"O107m4_EUR_MAIN","2023.01.01..2026.01.01","2025.12.30","1.5","0.1","0.17","OK"
"O107opt_AUDNZD_H1_BWD_1","2020.01.01..2023.01.01","2022.12.23","8.6","0.8","0.27","OK"
"O107opt_AUDNZD_H1_BWD_2","2020.01.01..2023.01.01","2022.12.30","1.8","0.2","0.24","OK"
"O107opt_AUDNZD_H1_BWD_3","2020.01.01..2023.01.01","2022.12.23","8.1","0.7","0.18","OK"
"O107opt_EUR_H1_BWD_1","2020.01.01..2023.01.01","2022.11.22","39.4","3.6","0.22","OK"
"O107opt_EUR_H1_BWD_2","2020.01.01..2023.01.01","2022.11.22","39.4","3.6","0.21","OK"
"O107opt_EUR_H1_BWD_3","2020.01.01..2023.01.01","2022.12.07","24.5","2.2","0.71","OK"
"O107opt_EURGBP_H1_BWD_1","2020.01.01..2023.01.01","2022.12.21","10.6","1","0.51","OK"
"O107opt_EURGBP_H1_BWD_2","2020.01.01..2023.01.01","2022.12.30","1","0.1","0.69","OK"
"O107opt_EURGBP_H1_BWD_3","2020.01.01..2023.01.01","2022.12.19","12.5","1.1","0.88","OK"
"O107opt_XAU_H1_BWD_1","2020.01.01..2023.01.01","2022.11.30","31.3","2.9","1.35","OK"
"O107opt_XAU_H1_BWD_2","2020.01.01..2023.01.01","2022.12.28","3.5","0.3","3.36","OK"
"O107opt_XAU_H1_BWD_3","2020.01.01..2023.01.01","2022.12.30","1","0.1","4.18","OK"
"O107pl_AdxMax25_BWD","2020.01.01..2023.01.01","2022.12.23","8.4","0.8","0.21","OK"
"O107pl_AdxMax25_MAIN","2023.01.01..2026.01.01","2025.12.30","1.5","0.1","0.23","OK"
"O107pl_AdxMax35_BWD","2020.01.01..2023.01.01","2022.12.30","1.6","0.1","0.22","OK"
"O107pl_AdxMax35_MAIN","2023.01.01..2026.01.01","2025.12.30","1.5","0.1","0.18","OK"
"O107pl_OverSold25_BWD","2020.01.01..2023.01.01","2022.12.30","1.6","0.1","0.2","OK"
"O107pl_OverSold25_MAIN","2023.01.01..2026.01.01","2025.12.30","1.5","0.1","0.17","OK"
"O107pl_OverSold35_BWD","2020.01.01..2023.01.01","2022.12.30","1.6","0.1","0.25","OK"
"O107pl_OverSold35_MAIN","2023.01.01..2026.01.01","2025.12.30","1.5","0.1","0.27","OK"
"O107pl_SlAtrMult2.5_BWD","2020.01.01..2023.01.01","2022.12.30","1.6","0.1","0.31","OK"
"O107pl_SlAtrMult2.5_MAIN","2023.01.01..2026.01.01","2025.12.30","1.5","0.1","0.18","OK"
"O107pl_StoK17_BWD","2020.01.01..2023.01.01","2022.12.29","2.5","0.2","0.14","OK"
"O107pl_StoK17_MAIN","2023.01.01..2026.01.01","2025.12.17","14.2","1.3","0.17","OK"
"O107pl_StoK9_BWD","2020.01.01..2023.01.01","2022.12.30","1.6","0.1","0.28","OK"
"O107pl_StoK9_MAIN","2023.01.01..2026.01.01","2025.12.17","14.2","1.3","0.4","OK"
"O108_M_H1_BWD","2020.01.01..2023.01.01","2022.12.05","26.9","2.5","0.65","OK"
"O108_M_H1_MAIN","2023.01.01..2026.01.01","2025.12.02","29.9","2.7","1.24","OK"
"O108_P_H1_BWD","2020.01.01..2023.01.01","2022.12.05","26.9","2.5","0.61","OK"
"O108_P_H1_MAIN","2023.01.01..2026.01.01","2025.12.02","29.9","2.7","1.25","OK"
"O108_S_H1_BWD","2020.01.01..2023.01.01","2022.12.05","26.9","2.5","1.86","OK"
"O108_S_H1_MAIN","2023.01.01..2026.01.01","2025.12.02","29.9","2.7","3.46","OK"
"O108b_M55_H1_BWD","2020.01.01..2023.01.01","2022.12.13","18.3","1.7","1.74","OK"
"O108b_M55_H1_MAIN","2023.01.01..2026.01.01","2025.12.02","29.9","2.7","2.03","OK"
"O108b_P55_H1_BWD","2020.01.01..2023.01.01","2022.12.13","18.3","1.7","1.88","OK"
"O108b_P55_H1_MAIN","2023.01.01..2026.01.01","2025.12.02","29.9","2.7","2.13","OK"
"O108b_S55_H1_BWD","2020.01.01..2023.01.01","2022.12.13","18.3","1.7","5.21","OK"
"O108b_S55_H1_MAIN","2023.01.01..2026.01.01","2025.12.02","29.9","2.7","5.59","OK"
"O116_market_na_XAU_H1_BWD","2020.01.01..2022.12.31","2022.12.05","25.9","2.4","0.65","OK"
"O116_market_na_XAU_H1_REC","2023.01.01..2026.07.01","2026.03.02","120.9","9.5","2.11","OK"
"O116_split_000_XAU_H1_BWD","2020.01.01..2022.12.31","2022.12.05","25.9","2.4","1.86","OK"
"O116_split_000_XAU_H1_REC","2023.01.01..2026.07.01","2026.03.02","120.9","9.5","4.11","OK"
"O116_split_015_XAU_H1_BWD","2020.01.01..2022.12.31","2022.12.05","25.9","2.4","1.28","OK"
"O116_split_015_XAU_H1_REC","2023.01.01..2026.07.01","2026.03.02","120.9","9.5","3.96","OK"
"O116_split_m015_XAU_H1_BWD","2020.01.01..2022.12.31","2022.12.05","25.9","2.4","1.61","OK"
"O116_split_m015_XAU_H1_REC","2023.01.01..2026.07.01","2026.03.02","120.9","9.5","4.1","OK"
"O116_split_m030_XAU_H1_BWD","2020.01.01..2022.12.31","2022.12.05","25.9","2.4","1.62","OK"
"O116_split_m030_XAU_H1_REC","2023.01.01..2026.07.01","2026.03.02","120.9","9.5","4.09","OK"
"O116_TEST_MKT_XAU_REC","2023.01.01..2026.07.01","2026.03.02","120.9","9.5","2.11","OK"
"O116_XAUSPLIT_FULL","2020.01.01..2026.07.01","2026.03.02","120.9","5.1","3.92","OK"
"O116P2_GBPUSD_market_BWD_H1","2020.01.01..2022.12.31","2022.01.20","344.2","31.4","0.39","QUIET_TAIL"
"O116P2_GBPUSD_market_REC_H1","2023.01.01..2026.07.01","2026.05.25","37","2.9","0.46","OK"
"O116P2_GBPUSD_split_BWD_H1","2020.01.01..2022.12.31","2022.01.20","344.2","31.4","1.42","QUIET_TAIL"
"O116P2_GBPUSD_split_REC_H1","2023.01.01..2026.07.01","2026.05.26","35.2","2.8","1.17","OK"
"O116P2_US30_market_BWD_H1","2020.01.01..2022.12.31","2022.11.08","52.2","4.8","0.19","OK"
"O116P2_US30_market_REC_H1","2023.01.01..2026.07.01","2026.06.25","5.3","0.4","0.16","OK"
"O116P2_US30_split_BWD_H1","2020.01.01..2022.12.31","2022.11.08","52.2","4.8","0.37","OK"
"O116P2_US30_split_REC_H1","2023.01.01..2026.07.01","2026.06.25","5.3","0.4","0.33","OK"
"O116P2_XAGUSD_market_BWD_H1","2020.01.01..2022.12.31","2022.12.27","3.3","0.3","4.28","OK"
"O116P2_XAGUSD_market_REC_H1","2023.01.01..2026.07.01","2026.06.16","14.8","1.2","5.18","OK"
"O116P2_XAGUSD_split_BWD_H1","2020.01.01..2022.12.31","2022.12.28","2.6","0.2","10.85","OK"
"O116P2_XAGUSD_split_REC_H1","2023.01.01..2026.07.01","2026.06.17","13.1","1","17.16","OK"
"O116P2B_US30_b30_tp5_BWD","2020.01.01..2022.12.31","2022.12.27","3.3","0.3","0.2","OK"
"O116P2B_US30_b30_tp5_REC","2023.01.01..2026.07.01","2026.06.25","5.3","0.4","0.23","OK"
"O116P2B_US30_b40_tp4_BWD","2020.01.01..2022.12.31","2022.11.08","52.2","4.8","0.19","OK"
"O116P2B_US30_b40_tp4_REC","2023.01.01..2026.07.01","2026.06.25","5.3","0.4","0.1","OK"
"O116P2B_US30_b40_tp5_BWD","2020.01.01..2022.12.31","2022.11.08","52.2","4.8","0.19","OK"
"O116P2B_US30_b40_tp5_REC","2023.01.01..2026.07.01","2026.06.25","5.3","0.4","0.16","OK"
"O116P2B_US30_b40_tp6_BWD","2020.01.01..2022.12.31","2022.11.08","52.2","4.8","0.19","OK"
"O116P2B_US30_b40_tp6_REC","2023.01.01..2026.07.01","2026.06.30","0","0","0.21","OK"
"O116P2B_US30_b50_tp5_BWD","2020.01.01..2022.12.31","2022.11.08","52.2","4.8","0.19","OK"
"O116P2B_US30_b50_tp5_REC","2023.01.01..2026.07.01","2026.06.25","5.3","0.4","0.16","OK"
"O117D1_LB110_MB2_SW2_BWD","2020.01.01..2022.12.31","2022.11.24","36.9","3.4","1.78","OK"
"O117D1_LB110_MB2_SW2_MAIN","2023.01.01..2025.12.31","2025.10.29","62.7","5.7","0.9","OK"
"O117D1_LB110_MB2_SW3_BWD","2020.01.01..2022.12.31","2022.11.24","36.9","3.4","1.52","OK"
"O117D1_LB110_MB2_SW3_MAIN","2023.01.01..2025.12.31","2025.09.19","102.6","9.4","0.59","OK"
"O117D1_LB110_MB2_SW4_BWD","2020.01.01..2022.12.31","2022.08.18","134.6","12.3","1.03","QUIET_TAIL"
"O117D1_LB110_MB2_SW4_MAIN","2023.01.01..2025.12.31","2025.09.25","96.1","8.8","1.36","OK"
"O117D1_LB110_MB3_SW2_BWD","2020.01.01..2022.12.31","2022.11.24","36.9","3.4","1.78","OK"
"O117D1_LB110_MB3_SW2_MAIN","2023.01.01..2025.12.31","2025.10.29","62.7","5.7","0.9","OK"
"O117D1_LB110_MB3_SW3_BWD","2020.01.01..2022.12.31","2022.11.24","36.9","3.4","1.52","OK"
"O117D1_LB110_MB3_SW3_MAIN","2023.01.01..2025.12.31","2025.09.19","102.6","9.4","0.59","OK"
"O117D1_LB110_MB3_SW4_BWD","2020.01.01..2022.12.31","2022.08.18","134.6","12.3","1.03","QUIET_TAIL"
"O117D1_LB110_MB3_SW4_MAIN","2023.01.01..2025.12.31","2025.09.25","96.1","8.8","1.36","OK"
"O117D1_LB110_MB5_SW2_BWD","2020.01.01..2022.12.31","2022.11.24","36.9","3.4","1.55","OK"
"O117D1_LB110_MB5_SW2_MAIN","2023.01.01..2025.12.31","2025.10.29","62.7","5.7","0.67","OK"
"O117D1_LB110_MB5_SW3_BWD","2020.01.01..2022.12.31","2022.11.24","36.9","3.4","1.42","OK"
"O117D1_LB110_MB5_SW3_MAIN","2023.01.01..2025.12.31","2025.09.19","102.6","9.4","0.61","OK"
"O117D1_LB110_MB5_SW4_BWD","2020.01.01..2022.12.31","2022.08.18","134.6","12.3","1.03","QUIET_TAIL"
"O117D1_LB110_MB5_SW4_MAIN","2023.01.01..2025.12.31","2025.09.25","96.1","8.8","1.36","OK"
"O117D1_LB60_MB2_SW2_BWD","2020.01.01..2022.12.31","2022.11.24","36.9","3.4","1.78","OK"
"O117D1_LB60_MB2_SW2_MAIN","2023.01.01..2025.12.31","2025.10.29","62.7","5.7","0.9","OK"
"O117D1_LB60_MB2_SW3_BWD","2020.01.01..2022.12.31","2022.11.24","36.9","3.4","1.52","OK"
"O117D1_LB60_MB2_SW3_MAIN","2023.01.01..2025.12.31","2025.09.19","102.6","9.4","0.59","OK"
"O117D1_LB60_MB2_SW4_BWD","2020.01.01..2022.12.31","2022.08.18","134.6","12.3","1.03","QUIET_TAIL"
"O117D1_LB60_MB2_SW4_MAIN","2023.01.01..2025.12.31","2025.09.25","96.1","8.8","1.36","OK"
"O117D1_LB60_MB3_SW2_BWD","2020.01.01..2022.12.31","2022.11.24","36.9","3.4","1.78","OK"
"O117D1_LB60_MB3_SW2_MAIN","2023.01.01..2025.12.31","2025.10.29","62.7","5.7","0.9","OK"
"O117D1_LB60_MB3_SW3_BWD","2020.01.01..2022.12.31","2022.11.24","36.9","3.4","1.52","OK"
"O117D1_LB60_MB3_SW3_MAIN","2023.01.01..2025.12.31","2025.09.19","102.6","9.4","0.59","OK"
"O117D1_LB60_MB3_SW4_BWD","2020.01.01..2022.12.31","2022.08.18","134.6","12.3","1.03","QUIET_TAIL"
"O117D1_LB60_MB3_SW4_MAIN","2023.01.01..2025.12.31","2025.09.25","96.1","8.8","1.36","OK"
"O117D1_LB60_MB5_SW2_BWD","2020.01.01..2022.12.31","2022.11.24","36.9","3.4","1.55","OK"
"O117D1_LB60_MB5_SW2_MAIN","2023.01.01..2025.12.31","2025.10.29","62.7","5.7","0.67","OK"
"O117D1_LB60_MB5_SW3_BWD","2020.01.01..2022.12.31","2022.11.24","36.9","3.4","1.42","OK"
"O117D1_LB60_MB5_SW3_MAIN","2023.01.01..2025.12.31","2025.09.19","102.6","9.4","0.61","OK"
"O117D1_LB60_MB5_SW4_BWD","2020.01.01..2022.12.31","2022.08.18","134.6","12.3","1.03","QUIET_TAIL"
"O117D1_LB60_MB5_SW4_MAIN","2023.01.01..2025.12.31","2025.09.25","96.1","8.8","1.36","OK"
"O117D1_LB80_MB2_SW2_BWD","2020.01.01..2022.12.31","2022.11.24","36.9","3.4","1.78","OK"
"O117D1_LB80_MB2_SW2_MAIN","2023.01.01..2025.12.31","2025.10.29","62.7","5.7","0.9","OK"
"O117D1_LB80_MB2_SW3_BWD","2020.01.01..2022.12.31","2022.11.24","36.9","3.4","1.52","OK"
"O117D1_LB80_MB2_SW3_MAIN","2023.01.01..2025.12.31","2025.09.19","102.6","9.4","0.59","OK"
"O117D1_LB80_MB2_SW4_BWD","2020.01.01..2022.12.31","2022.08.18","134.6","12.3","1.03","QUIET_TAIL"
"O117D1_LB80_MB2_SW4_MAIN","2023.01.01..2025.12.31","2025.09.25","96.1","8.8","1.36","OK"
"O117D1_LB80_MB3_SW2_BWD","2020.01.01..2022.12.31","2022.11.24","36.9","3.4","1.78","OK"
"O117D1_LB80_MB3_SW2_MAIN","2023.01.01..2025.12.31","2025.10.29","62.7","5.7","0.9","OK"
"O117D1_LB80_MB3_SW3_BWD","2020.01.01..2022.12.31","2022.11.24","36.9","3.4","1.52","OK"
"O117D1_LB80_MB3_SW3_MAIN","2023.01.01..2025.12.31","2025.09.19","102.6","9.4","0.59","OK"
"O117D1_LB80_MB3_SW4_BWD","2020.01.01..2022.12.31","2022.08.18","134.6","12.3","1.03","QUIET_TAIL"
"O117D1_LB80_MB3_SW4_MAIN","2023.01.01..2025.12.31","2025.09.25","96.1","8.8","1.36","OK"
"O117D1_LB80_MB5_SW2_BWD","2020.01.01..2022.12.31","2022.11.24","36.9","3.4","1.55","OK"
"O117D1_LB80_MB5_SW2_MAIN","2023.01.01..2025.12.31","2025.10.29","62.7","5.7","0.67","OK"
"O117D1_LB80_MB5_SW3_BWD","2020.01.01..2022.12.31","2022.11.24","36.9","3.4","1.42","OK"
"O117D1_LB80_MB5_SW3_MAIN","2023.01.01..2025.12.31","2025.09.19","102.6","9.4","0.61","OK"
"O117D1_LB80_MB5_SW4_BWD","2020.01.01..2022.12.31","2022.08.18","134.6","12.3","1.03","QUIET_TAIL"
"O117D1_LB80_MB5_SW4_MAIN","2023.01.01..2025.12.31","2025.09.25","96.1","8.8","1.36","OK"
"O117D1_SW3MB5_HOLDOUT2017","2017.01.01..2019.12.31","2019.12.30","0.3","0","2.05","OK"
"O117D1_SW3MB5_HOLDOUT2026","2026.01.01..2026.06.30","2026.06.19","10.7","5.9","0.5","OK"
"O117F_barstr03_XAU_H1_BWD","2020.01.01..2022.12.31","2022.12.05","25.9","2.4","1.05","OK"
"O117F_barstr03_XAU_H1_REC","2023.01.01..2026.07.01","2026.03.02","120.9","9.5","2.12","OK"
"O117F_barstr05_XAU_H1_BWD","2020.01.01..2022.12.31","2022.12.05","25.9","2.4","1.21","OK"
"O117F_barstr05_XAU_H1_REC","2023.01.01..2026.07.01","2026.03.02","120.9","9.5","2.47","OK"
"O117F_barstr07_XAU_H1_BWD","2020.01.01..2022.12.31","2022.12.05","25.9","2.4","1.21","OK"
"O117F_barstr07_XAU_H1_REC","2023.01.01..2026.07.01","2026.03.02","120.9","9.5","2.5","OK"
"O117F_nofilter_XAU_H1_BWD","2020.01.01..2022.12.31","2022.12.05","25.9","2.4","0.65","OK"
"O117F_nofilter_XAU_H1_REC","2023.01.01..2026.07.01","2026.03.02","120.9","9.5","2.11","OK"
"O117R_g4060_XAU_H4_BWD","2020.01.01..2022.12.31","2022.12.30","0","0","1.33","OK"
"O117R_g4060_XAU_H4_MAIN","2023.01.01..2026.07.01","2026.06.23","7.7","0.6","4.54","OK"
"O117R_g4555_XAU_H4_BWD","2020.01.01..2022.12.31","2022.12.30","0","0","1.65","OK"
"O117R_g4555_XAU_H4_MAIN","2023.01.01..2026.07.01","2026.06.23","7.7","0.6","4.56","OK"
"O117R_g5050_XAU_H4_BWD","2020.01.01..2022.12.31","2022.12.30","0","0","1.75","OK"
"O117R_g5050_XAU_H4_MAIN","2023.01.01..2026.07.01","2026.06.23","7.7","0.6","5.01","OK"
"O117R_nofilter_XAU_H4_BWD","2020.01.01..2022.12.31","2022.12.30","0","0","3.43","OK"
"O117R_nofilter_XAU_H4_MAIN","2023.01.01..2026.07.01","2026.06.23","7.7","0.6","5.08","OK"
"O126_DIAG_demo","2023.01.01..2025.12.31","2025.12.30","0.5","0","0.18","OK"
"O126_DIAG_ra0","2023.01.01..2025.12.31","2025.12.30","0.5","0","0.18","OK"
"O126_SMC_ra0_sl2p4_BWD","2020.01.01..2022.12.31","2022.12.30","0.6","0.1","0.37","OK"
"O126_SMC_ra0_sl2p4_MAIN","2023.01.01..2025.12.31","2025.12.30","0.5","0","0.22","OK"
"O126_SMC_ra0_sl3_BWD","2020.01.01..2022.12.31","2022.12.30","0.6","0.1","0.24","OK"
"O126_SMC_ra0_sl3_MAIN","2023.01.01..2025.12.31","2025.12.30","0.5","0","0.18","OK"
"O126_SMC_ra0_sl3p6_BWD","2020.01.01..2022.12.31","2022.12.30","0.6","0.1","0.29","OK"
"O126_SMC_ra0_sl3p6_MAIN","2023.01.01..2025.12.31","2025.12.30","0.5","0","0.17","OK"
"O126_SMC_ra10_sl2p4_BWD","2020.01.01..2022.12.31","2022.12.30","0.6","0.1","0.22","OK"
"O126_SMC_ra10_sl2p4_MAIN","2023.01.01..2025.12.31","2025.12.30","0.5","0","0.26","OK"
"O126_SMC_ra10_sl3_BWD","2020.01.01..2022.12.31","2022.12.30","0.6","0.1","0.25","OK"
"O126_SMC_ra10_sl3_MAIN","2023.01.01..2025.12.31","2025.12.30","0.5","0","0.17","OK"
"O126_SMC_ra10_sl3p6_BWD","2020.01.01..2022.12.31","2022.12.30","0.6","0.1","0.3","OK"
"O126_SMC_ra10_sl3p6_MAIN","2023.01.01..2025.12.31","2025.12.30","0.5","0","0.17","OK"
"O126_SMC_ra15_sl2p4_BWD","2020.01.01..2022.12.31","2022.12.30","0.6","0.1","0.26","OK"
"O126_SMC_ra15_sl2p4_MAIN","2023.01.01..2025.12.31","2025.12.30","0.5","0","0.24","OK"
"O126_SMC_ra15_sl3_BWD","2020.01.01..2022.12.31","2022.12.30","0.6","0.1","0.26","OK"
"O126_SMC_ra15_sl3_MAIN","2023.01.01..2025.12.31","2025.12.30","0.5","0","0.15","OK"
"O126_SMC_ra15_sl3p6_BWD","2020.01.01..2022.12.31","2022.12.30","0.6","0.1","0.33","OK"
"O126_SMC_ra15_sl3p6_MAIN","2023.01.01..2025.12.31","2025.12.30","0.5","0","0.16","OK"
"O126_SMC_ra5_sl2p4_BWD","2020.01.01..2022.12.31","2022.12.30","0.6","0.1","0.33","OK"
"O126_SMC_ra5_sl2p4_MAIN","2023.01.01..2025.12.31","2025.12.30","0.5","0","0.23","OK"
"O126_SMC_ra5_sl3_BWD","2020.01.01..2022.12.31","2022.12.30","0.6","0.1","0.24","OK"
"O126_SMC_ra5_sl3_MAIN","2023.01.01..2025.12.31","2025.12.30","0.5","0","0.18","OK"
"O126_SMC_ra5_sl3p6_BWD","2020.01.01..2022.12.31","2022.12.30","0.6","0.1","0.3","OK"
"O126_SMC_ra5_sl3p6_MAIN","2023.01.01..2025.12.31","2025.12.30","0.5","0","0.17","OK"
"O126M4_SMC_ra0_sl2p4_BWD","2020.01.01..2022.12.31","2022.12.30","0.6","0.1","0.37","OK"
"O126M4_SMC_ra0_sl2p4_MAIN","2023.01.01..2025.12.31","2025.12.30","0.5","0","0.24","OK"
"O126M4_SMC_ra0_sl3_MAIN","2023.01.01..2025.12.31","2025.12.30","0.5","0","0.17","OK"
"O126M4_SMC_ra10_sl2p4_BWD","2020.01.01..2022.12.31","2022.12.30","0.6","0.1","0.22","OK"
"O126M4_SMC_ra10_sl2p4_MAIN","2023.01.01..2025.12.31","2025.12.30","0.5","0","0.29","OK"
"O132_93probe_post","2024.01.01..2024.07.01","2024.06.28","2","1.1","3.46","OK"
"O132_93probe_pre","2024.01.01..2024.07.01","2024.06.28","2","1.1","3.46","OK"
"O132_B18_recheck","2024.01.01..2024.07.01","2024.05.01","60.1","33","25","SUSPECT"
"O132b_93probe","2024.01.01..2024.07.01","2024.06.28","2","1.1","3.46","OK"
"O136_W1_92L4LIN_BWD","2020.01.01..2022.12.31","2022.12.05","25.6","2.3","3.51","OK"
"O136_W1_92L4LIN_MAIN","2023.01.01..2025.12.31","2025.12.16","14.3","1.3","6.7","OK"
"O136_W1_92L4N_BWD","2020.01.01..2022.12.31","2022.12.05","25.6","2.3","2.82","OK"
"O136_W1_92L4N_MAIN","2023.01.01..2025.12.31","2025.12.16","14.3","1.3","5.46","OK"
"O136_W1_92L6N_BWD","2020.01.01..2022.12.31","2022.12.05","25.6","2.3","2.82","OK"
"O136_W1_92L6N_MAIN","2023.01.01..2025.12.31","2025.12.16","14.3","1.3","5.46","OK"
"O136_W1_BASE_BWD","2020.01.01..2022.12.31","2022.12.05","25.6","2.3","1.78","OK"
"O136_W1_BASE_MAIN","2023.01.01..2025.12.31","2025.12.16","14.3","1.3","1.53","OK"
"O136_W2_B14_GJ_BASE_BWD_M1","2020.01.01..2022.12.31","2022.10.24","67.9","6.2","9.36","OK"
"O136_W2_B14_GJ_BASE_MAIN_M1","2023.01.01..2025.12.31","2025.12.30","0","0","6.18","OK"
"O136_W2_B14_GJ_LOG13_BWD_M1","2020.01.01..2022.12.31","2022.10.24","67.9","6.2","9.46","OK"
"O136_W2_B14_GJ_LOG13_MAIN_M1","2023.01.01..2025.12.31","2025.12.30","0","0","6.18","OK"
"O142_BTC_MAIN_M1","2023.01.01..2025.12.31","2023.03.13","1023.3","93.5","1.79","QUIET_TAIL"
"O142_BTC_MAIN_M4","2023.01.01..2025.12.31","2023.03.13","1023.3","93.5","1.75","QUIET_TAIL"
"O142_ETH_HOLDOUT_M1","2026.01.01..2026.06.30","2026.06.29","0","0","1.17","OK"
"O142_ETH_MAIN_M1","2023.01.01..2025.12.31","2025.05.08","236.7","21.6","1.69","QUIET_TAIL"
"O142_ETH_MAIN_M4","2023.01.01..2025.12.31","2025.05.08","236.7","21.6","1.67","QUIET_TAIL"
"O150_AUDNZD_M15_MAIN","2023.01.01..2025.12.31","2025.12.15","15.1","1.4","0.06","OK"
"O150_EURGBP_M15_MAIN","2023.01.01..2025.12.31","2025.12.18","12.2","1.1","0.09","OK"
"O150_EURUSD_M15_MAIN","2023.01.01..2025.12.31","2025.07.16","167.2","15.3","0.05","QUIET_TAIL"
"O150_EURUSD_M15_MAIN_v2","2023.01.01..2025.12.31","2025.09.02","119.5","10.9","0.09","QUIET_TAIL"
"O159_990025_STBTC_MAIN","2023.01.01..2025.12.31","2025.12.30","0","0","6.04","OK"
"O159_991003_BRKXAU_USDJPY_MAIN","2023.01.01..2025.12.31","2025.12.23","7.8","0.7","0.22","OK"
"O159_991005_BRKXAU_US30_MAIN","2023.01.01..2025.12.31","2025.12.12","18.3","1.7","0.13","OK"
"O159_991070_EMASTOREV_EURUSD_MAIN","2023.01.01..2025.12.31","2025.12.30","0.5","0","0.22","OK"
"O166_B14_AUDCAD_M4","2023.01.01..2025.12.31","2025.12.30","0","0","8.78","OK"
"O166_B14_AUDNZD_M4","2023.01.01..2025.12.31","2025.12.30","0","0","6.4","OK"
"O166_B14_CADJPY_M4","2023.01.01..2025.12.31","2024.07.12","536.3","49","4.62","QUIET_TAIL"
"O166_B14_EURJPY_M4_solo","2023.01.01..2025.12.31","2025.12.30","0","0","14.24","OK"
"O166_B14_EURUSD_M4","2023.01.01..2025.12.31","2025.02.03","331","30.2","4","QUIET_TAIL"
"O166_B14_GBPJPY_M4_solo","2023.01.01..2025.12.31","2025.12.30","0","0","6.33","OK"
"O166_B14_USDJPY_M4","2023.01.01..2025.12.31","2024.07.11","537.3","49.1","7.76","QUIET_TAIL"
"O166_B14_XAU_M4","2023.01.01..2025.12.31","2025.12.26","4.2","0.4","4.06","OK"
"O166_RSIMR_F2OOS_PINNED","2023.06.01..2024.09.01","2024.08.30","1","0.2","8.32","OK"
"O167_MDX_GBP_D1_MAIN_defaults","2023.01.01..2025.12.31","2025.10.29","62.7","5.7","0.91","OK"
"O167_MDX_GBP_D1_MAIN_demo","2023.01.01..2025.12.31","2025.09.19","102.6","9.4","0.73","OK"
"O167_MDX_GBP_HO2017","2017.01.01..2019.12.31","2019.12.30","0.3","0","1.54","OK"
"O167_MDX_GBP_HO2026","2026.01.01..2026.06.30","2026.06.17","12.1","6.7","0.35","OK"
"O167_MDX_UJ_BWD","2020.01.01..2022.12.31","2022.12.30","0","0","0.85","OK"
"O167_MDX_UJ_HO2017","2017.01.01..2019.12.31","2019.12.30","0","0","1.15","OK"
"O167_MDX_UJ_HO2026","2026.01.01..2026.06.30","2026.04.29","61.3","34.1","0.28","QUIET_TAIL"
"O167_MDX_UJ_MAIN","2023.01.01..2025.12.31","2025.12.19","11.5","1.1","1.27","OK"
"O167_TRD_EURJPY_HO2026_M4","2026.01.01..2026.06.30","2026.06.17","12.1","6.7","0.38","OK"
"O167_TRD_USDJPY_HO2026_M4","2026.01.01..2026.06.30","2026.06.29","0","0","0.23","OK"
"O167_TRD_XAGUSD_BWD_M4","2020.01.01..2022.12.31","2022.12.30","0","0","5.64","OK"
"O167_TRD_XAGUSD_HO2026_M4","2026.01.01..2026.06.30","2026.06.26","3.3","1.8","11.23","OK"
"O167_TRD_XAGUSD_MAIN_M4","2023.01.01..2025.12.31","2025.12.19","11.8","1.1","3.12","OK"
"O168_W1_IS_10","2020.01.01..2021.09.01","2021.08.31","0","0","4.74","OK"
"O168_W1_IS_8","2020.01.01..2021.09.01","2021.08.31","0","0","4.18","OK"
"O168_W1_IS_9","2020.01.01..2021.09.01","2021.08.31","0","0","3.77","OK"
"O168_W1_OOS_8","2021.09.01..2022.12.01","2022.11.30","0","0","7.88","OK"
"O168_W2_IS_10","2021.09.01..2023.06.01","2023.05.31","0","0","4.13","OK"
"O168_W2_IS_8","2021.09.01..2023.06.01","2023.05.31","0","0","7.88","OK"
"O168_W2_IS_9","2021.09.01..2023.06.01","2023.05.31","0","0","5.54","OK"
"O168_W2_OOS_9","2023.06.01..2024.09.01","2024.08.30","1","0.2","8.32","OK"
"O168_W3_IS_10","2023.06.01..2025.01.01","2024.12.31","0","0","3.94","OK"
"O168_W3_IS_8","2023.06.01..2025.01.01","2024.12.31","0","0","5.61","OK"
"O168_W3_IS_9","2023.06.01..2025.01.01","2024.12.31","0","0","8.32","OK"
"O168_W3_OOS_10","2025.01.01..2026.07.01","2026.06.30","0","0","2.58","OK"
"O169_SS4_rs0.0015_ax20","2023.01.01..2025.12.31","2025.09.02","119.5","10.9","0.08","QUIET_TAIL"
"O169_SS4_rs0.0015_ax25","2023.01.01..2025.12.31","2025.11.11","49.3","4.5","0.21","OK"
"O169_SS4_rs0.0015_ax28","2023.01.01..2025.12.31","2025.11.11","49.3","4.5","0.28","OK"
"O169_SS4_rs0.0015_ax35","2023.01.01..2025.12.31","2025.11.11","49.3","4.5","0.42","OK"
"O169_SS4_rs0.0030_ax20","2023.01.01..2025.12.31","2025.09.02","119.5","10.9","0.08","QUIET_TAIL"
"O169_SS4_rs0.0030_ax25","2023.01.01..2025.12.31","2025.09.02","119.5","10.9","0.09","QUIET_TAIL"
"O169_SS4_rs0.0030_ax28","2023.01.01..2025.12.31","2025.09.02","119.5","10.9","0.09","QUIET_TAIL"
"O169_SS4_rs0.0030_ax35","2023.01.01..2025.12.31","2025.09.25","96.3","8.8","0.15","OK"
"O169_SS4_rs0.0050_ax20","2023.01.01..2025.12.31","2025.07.16","167.2","15.3","0.06","QUIET_TAIL"
"O169_SS4_rs0.0050_ax25","2023.01.01..2025.12.31","2025.07.28","155.3","14.2","0.13","QUIET_TAIL"
"O169_SS4_rs0.0050_ax28","2023.01.01..2025.12.31","2025.07.28","155.3","14.2","0.16","QUIET_TAIL"
"O169_SS4_rs0.0050_ax35","2023.01.01..2025.12.31","2025.09.25","96.3","8.8","0.32","OK"
"O169_SS4_rs0.0080_ax20","2023.01.01..2025.12.31","2025.10.07","84.6","7.7","0.03","OK"
"O169_SS4_rs0.0080_ax25","2023.01.01..2025.12.31","2025.10.07","84.6","7.7","0.07","OK"
"O169_SS4_rs0.0080_ax28","2023.01.01..2025.12.31","2025.10.07","84.6","7.7","0.06","OK"
"O169_SS4_rs0.0080_ax35","2023.01.01..2025.12.31","2025.10.07","84.6","7.7","0.11","OK"
"O170_XAG_a15_s0.3_BWD","2020.01.01..2022.12.31","2022.12.30","0","0","6.41","OK"
"O170_XAG_a15_s0.3_MAIN","2023.01.01..2025.12.31","2025.12.19","11.8","1.1","5.3","OK"
"O170_XAG_a15_s0.5_BWD","2020.01.01..2022.12.31","2022.12.30","0","0","5.98","OK"
"O170_XAG_a15_s0.5_MAIN","2023.01.01..2025.12.31","2025.12.19","11.8","1.1","5.15","OK"
"O170_XAG_a15_s0.7_BWD","2020.01.01..2022.12.31","2022.12.30","0","0","6.14","OK"
"O170_XAG_a15_s0.7_MAIN","2023.01.01..2025.12.31","2025.12.19","11.8","1.1","4.89","OK"
"O170_XAG_a20_s0.3_BWD","2020.01.01..2022.12.31","2022.12.30","0","0","5.61","OK"
"O170_XAG_a20_s0.3_MAIN","2023.01.01..2025.12.31","2025.12.19","11.8","1.1","3.54","OK"
"O170_XAG_a20_s0.5_BWD","2020.01.01..2022.12.31","2022.12.30","0","0","5.59","OK"
"O170_XAG_a20_s0.5_MAIN","2023.01.01..2025.12.31","2025.12.19","11.8","1.1","3.09","OK"
"O170_XAG_a20_s0.7_BWD","2020.01.01..2022.12.31","2022.12.30","0","0","5.56","OK"
"O170_XAG_a20_s0.7_MAIN","2023.01.01..2025.12.31","2025.12.19","11.8","1.1","3.35","OK"
"O170_XAG_a25_s0.3_BWD","2020.01.01..2022.12.31","2022.12.28","2.6","0.2","3.88","OK"
"O170_XAG_a25_s0.3_MAIN","2023.01.01..2025.12.31","2025.12.19","11.8","1.1","2.52","OK"
"O170_XAG_a25_s0.5_BWD","2020.01.01..2022.12.31","2022.12.28","2.6","0.2","3.58","OK"
"O170_XAG_a25_s0.5_MAIN","2023.01.01..2025.12.31","2025.12.19","11.8","1.1","2.33","OK"
"O170_XAG_a25_s0.7_BWD","2020.01.01..2022.12.31","2022.12.28","2.6","0.2","4.19","OK"
"O170_XAG_a25_s0.7_MAIN","2023.01.01..2025.12.31","2025.12.19","11.8","1.1","2.18","OK"
"O170_XAG_a30_HOLDOUT","2026.01.01..2026.06.30","2026.06.26","3.3","1.8","9.67","OK"
"O170_XAG_a30_M4_BWD","2020.01.01..2022.12.31","2022.12.28","2.6","0.2","2.25","OK"
"O170_XAG_a30_M4_MAIN","2023.01.01..2025.12.31","2025.12.19","11.8","1.1","1.77","OK"
"O170_XAG_a30_s0.5_BWD","2020.01.01..2022.12.31","2022.12.28","2.6","0.2","2.24","OK"
"O170_XAG_a30_s0.5_MAIN","2023.01.01..2025.12.31","2025.12.19","11.8","1.1","1.76","OK"
"O170_XAG_a35_s0.5_BWD","2020.01.01..2022.12.31","2022.10.06","85.3","7.8","1.23","OK"
"O170_XAG_a35_s0.5_MAIN","2023.01.01..2025.12.31","2025.12.09","21.7","2","1.44","OK"
"O171_SS4_sa0.3_tp1.2","2023.01.01..2025.12.31","2025.11.21","39.4","3.6","0.18","OK"
"O171_SS4_sa0.3_tp1.8","2023.01.01..2025.12.31","2025.11.21","39.4","3.6","0.21","OK"
"O171_SS4_sa0.3_tp2.5","2023.01.01..2025.12.31","2025.11.21","39.4","3.6","0.24","OK"
"O171_SS4_sa0.5_tp1.2","2023.01.01..2025.12.31","2025.09.02","119.5","10.9","0.07","QUIET_TAIL"
"O171_SS4_sa0.5_tp1.8","2023.01.01..2025.12.31","2025.09.02","119.5","10.9","0.09","QUIET_TAIL"
"O171_SS4_sa0.5_tp2.5","2023.01.01..2025.12.31","2025.09.02","119.5","10.9","0.11","QUIET_TAIL"
"O171_SS4_sa0.8_tp1.2","2023.01.01..2025.12.31","2025.09.02","119.5","10.9","0.06","QUIET_TAIL"
"O171_SS4_sa0.8_tp1.8","2023.01.01..2025.12.31","2025.09.02","119.5","10.9","0.07","QUIET_TAIL"
"O175_XAG_ch2.0_BWD","2020.01.01..2022.12.31","2022.12.28","2.6","0.2","2.19","OK"
"O175_XAG_ch2.0_MAIN","2023.01.01..2025.12.31","2025.12.18","12.3","1.1","2.31","OK"
"O175_XAG_ch3.0_BWD","2020.01.01..2022.12.31","2022.12.28","2.5","0.2","2.1","OK"
"O175_XAG_ch3.0_MAIN","2023.01.01..2025.12.31","2025.12.29","1.6","0.1","3.91","OK"
"O175_XAG_sep0.4_BWD","2020.01.01..2022.12.31","2022.12.28","2.6","0.2","2.15","OK"
"O175_XAG_sep0.4_MAIN","2023.01.01..2025.12.31","2025.12.19","11.8","1.1","1.76","OK"
"O175_XAG_sep0.6_BWD","2020.01.01..2022.12.31","2022.12.28","2.6","0.2","2.4","OK"
"O175_XAG_sep0.6_MAIN","2023.01.01..2025.12.31","2025.12.19","11.8","1.1","1.54","OK"
"ON_MacdDiv_EURJPY_BWD","2020.01.01..2023.01.01","2022.12.30","1","0.1","2.04","OK"
"ON_MacdDiv_EURJPY_MAIN","2023.01.01..2026.07.01","2026.06.30","0.3","0","1.17","OK"
"ON_MacdDiv_GBPJPY_BWD","2020.01.01..2023.01.01","2022.12.12","19.2","1.8","1.6","OK"
"ON_MacdDiv_GBPJPY_MAIN","2023.01.01..2026.07.01","2026.06.09","21.5","1.7","1.79","OK"
"ON_MacdDiv_US30_BWD","2020.01.01..2023.01.01","2022.12.30","1","0.1","0.52","OK"
"ON_MacdDiv_US30_MAIN","2023.01.01..2026.07.01","2026.06.30","0","0","1.3","OK"
"ON_MacdDiv_USDJPY_BWD","2020.01.01..2023.01.01","2022.12.30","1","0.1","1.29","OK"
"ON_MacdDiv_USDJPY_MAIN","2023.01.01..2026.07.01","2026.06.29","1.3","0.1","1.35","OK"
"ON_MacdDiv_XAGUSD_BWD","2020.01.01..2023.01.01","2022.12.30","1.6","0.1","8.44","OK"
"ON_MacdDiv_XAGUSD_MAIN","2023.01.01..2026.07.01","2026.06.30","0","0","17.16","OK"
"ON_MacdDiv_XAUUSD_BWD","2020.01.01..2023.01.01","2022.12.30","1","0.1","3.98","OK"
"ON_MacdDiv_XAUUSD_MAIN","2023.01.01..2026.07.01","2026.06.23","7.7","0.6","5.08","OK"
"ORB_XAU_M15_SMOKE_MAIN","2023.01.01..2025.12.31","2025.12.30","0.2","0","2.44","OK"
"ORDER057_SB_SMOKE","2024.01.01..2024.07.01","2024.05.20","41.6","22.9","1.5","QUIET_TAIL"
"ORDER057_XAU_BASE_SB","2023.01.01..2026.07.01","2026.01.30","151.9","11.9","23.35","SUSPECT"
"ORDER057_XAU_FILTER_SB","2023.01.01..2026.07.01","2026.01.29","152.3","11.9","21.11","SUSPECT"
"ORDER125_B14_MH0_BWD","2020.01.01..2023.01.01","2022.11.01","60.5","5.5","8.2","OK"
"ORDER125_B14_MH0_BWD_M4","2020.01.01..2023.01.01","2022.12.20","11.8","1.1","9.4","OK"
"ORDER125_B14_MH0_MAIN","2023.01.01..2026.01.01","2025.12.31","0","0","5.33","OK"
"ORDER125_B14_MH0_MAIN_M4","2023.01.01..2026.01.01","2025.12.31","0","0","9.23","OK"
"ORDER125_B14_MH130_BWD","2020.01.01..2023.01.01","2022.11.01","60.5","5.5","12.38","OK"
"ORDER125_B14_MH130_MAIN","2023.01.01..2026.01.01","2025.12.31","0","0","5.33","OK"
"ORDER125_B14_MH390_BWD","2020.01.01..2023.01.01","2022.10.28","64.2","5.9","9.43","OK"
"ORDER125_B14_MH390_BWD_M4","2020.01.01..2023.01.01","2022.11.01","60.5","5.5","11.08","OK"
"ORDER125_B14_MH390_MAIN","2023.01.01..2026.01.01","2025.12.31","0","0","5.33","OK"
"ORDER125_B14_MH390_MAIN_M4","2023.01.01..2026.01.01","2025.12.31","0","0","9.23","OK"
"ORDER125_B14_repin_verify","2024.01.01..2024.07.01","2024.05.20","41.6","22.9","1.5","QUIET_TAIL"
"ORDER125_B18_rerun","2024.01.01..2024.07.01","2024.05.01","60.1","33","25","SUSPECT"
"ORDER166_990101_ZIGL_XAU","2020.01.01..2026.07.01","2026.03.02","120","5.1","3.55","OK"
"ORDER166_990110_ZEUS_AUDJPY_BWD","2020.01.01..2023.01.01","2022.12.30","1","0.1","13.34","OK"
"ORDER166_990110_ZEUS_AUDJPY_MAIN","2023.01.01..2026.07.01","2026.06.30","0","0","7.16","OK"
"ORDER166_990120_MacroGate","2024.01.01..2024.12.31","2024.12.30","0","0","1.32","OK"
"ORDER166_990201_USDJPY","2023.01.01..2026.07.01","2026.06.30","0","0","11.56","OK"
"ORDER166_990202_AUDNZD","2023.01.01..2026.07.01","2026.06.30","0","0","5.66","OK"
"ORDER166_990203_EURJPY","2023.01.01..2026.07.01","2026.06.30","0","0","5.83","OK"
"ORDER166_990204_AUDCAD","2023.01.01..2026.07.01","2026.06.30","0","0","6.5","OK"
"ORDER166_990205_CADJPY","2023.01.01..2026.07.01","2026.04.30","61.5","4.8","3.65","OK"
"ORDER166_990206_EURUSD","2023.01.01..2026.07.01","2025.02.03","513","40.2","4.09","QUIET_TAIL"
"ORDER166_990207_XAU","2023.01.01..2026.07.01","2026.01.30","151.9","11.9","14.44","QUIET_TAIL"
"ORDER166_990208_GBPJPY_BWD","2020.01.01..2023.01.01","2022.12.20","11.8","1.1","8.11","OK"
"ORDER166_990208_GBPJPY_MAIN","2023.01.01..2026.01.01","2025.12.31","0","0","5.29","OK"
"ORDER166_990301_W5XAU_BWD","2020.01.01..2023.01.01","2022.12.28","3.5","0.3","1.59","OK"
"ORDER166_990301_W5XAU_MAIN","2023.01.01..2026.07.01","2026.06.30","0.3","0","3.41","OK"
"ORDER166_990302_W5XAG_BWD","2020.01.01..2023.01.01","2022.12.30","1","0.1","2.64","OK"
"ORDER166_990302_W5XAG_MAIN","2023.01.01..2026.07.01","2026.06.30","0.7","0.1","5.08","OK"
"ORDER166_990303_W5USDJPY_BWD","2020.01.01..2023.01.01","2022.12.29","2.3","0.2","0.22","OK"
"ORDER166_990303_W5USDJPY_MAIN","2023.01.01..2026.07.01","2026.06.30","0.4","0","0.29","OK"
"ORDER167_990120_MacroGate_CSVFIX","2024.01.01..2024.12.31","2024.12.30","0","0","1.32","OK"
"ORDER167_990120_MacroGate_GLOBALFIX","2024.01.01..2024.12.31","2024.12.24","6.7","1.8","0.65","OK"
"ORDER168_990201_USDJPY_BWD_M1","2020.01.01..2023.01.01","2022.10.21","71.3","6.5","12.77","OK"
"ORDER168_990201_USDJPY_BWD_M4","2020.01.01..2023.01.01","2022.10.21","71.2","6.5","12.15","OK"
"ORDER168_990201_USDJPY_MAIN_M1","2023.01.01..2025.12.31","2025.12.30","0","0","11.56","OK"
"ORDER168_990204_AUDCAD_BWD_M1","2020.01.01..2023.01.01","2022.12.30","1","0.1","15.14","OK"
"ORDER168_990204_AUDCAD_BWD_M4","2020.01.01..2023.01.01","2021.04.20","620.6","56.6","6.87","QUIET_TAIL"
"ORDER168_990204_AUDCAD_MAIN_M1","2023.01.01..2025.12.31","2025.12.30","0","0","6.5","OK"
"OW_GBPJPY_H1_BWD","2020.01.01..2023.01.01","2022.12.30","1.6","0.1","41.18","OK"
"OW_GBPJPY_H1_MAIN","2023.01.01..2026.07.01","2026.06.30","0.8","0.1","41.31","OK"
"OW_GBPJPY_H4_BWD","2020.01.01..2023.01.01","2022.12.27","4.9","0.4","14.72","OK"
"OW_GBPJPY_H4_MAIN","2023.01.01..2026.07.01","2026.06.29","1.4","0.1","26.77","OK"
"OW_GBPUSD_H1_BWD","2020.01.01..2023.01.01","2022.12.30","1.3","0.1","38.45","OK"
"OW_GBPUSD_H1_MAIN","2023.01.01..2026.07.01","2026.06.30","0.3","0","28.1","OK"
"OW_GBPUSD_H4_BWD","2020.01.01..2023.01.01","2022.12.30","1","0.1","13.27","OK"
"OW_GBPUSD_H4_MAIN","2023.01.01..2026.07.01","2026.06.30","0","0","17.94","OK"
"OW_USDJPY_H1_BWD","2020.01.01..2023.01.01","2022.12.30","1.3","0.1","26.58","OK"
"OW_USDJPY_H1_MAIN","2023.01.01..2026.07.01","2026.06.30","0.4","0","26.84","OK"
"OW_USDJPY_H4_BWD","2020.01.01..2023.01.01","2022.12.30","1.6","0.1","12.64","OK"
"OW_USDJPY_H4_MAIN","2023.01.01..2026.07.01","2026.06.30","0.2","0","17.07","OK"
"OW_XAUUSD_H1_BWD","2020.01.01..2023.01.01","2022.12.30","1","0.1","37.89","OK"
"OW_XAUUSD_H1_MAIN","2023.01.01..2026.07.01","2026.06.30","0.2","0","44.81","OK"
"OW_XAUUSD_H4_BWD","2020.01.01..2023.01.01","2022.12.30","1","0.1","33.97","OK"
"OW_XAUUSD_H4_MAIN","2023.01.01..2026.07.01","2026.06.26","4.3","0.3","59.67","OK"
"OWX_def_rr15_w15_BWD","2020.01.01..2023.01.01","2022.12.30","1","0.1","28.83","OK"
"OWX_def_rr15_w15_MAIN","2023.01.01..2026.07.01","2026.06.26","4.3","0.3","75.97","OK"
"OWX_def_rr15_w30_BWD","2020.01.01..2023.01.01","2022.12.30","1","0.1","31.09","OK"
"OWX_def_rr15_w30_MAIN","2023.01.01..2026.07.01","2026.06.26","4.3","0.3","47.87","OK"
"OWX_def_rr25_w15_BWD","2020.01.01..2023.01.01","2022.12.30","1","0.1","20.16","OK"
"OWX_def_rr25_w15_MAIN","2023.01.01..2026.07.01","2026.06.26","4.2","0.3","81.08","OK"
"OWX_def_rr25_w30_BWD","2020.01.01..2023.01.01","2022.12.30","1","0.1","19.09","OK"
"OWX_def_rr25_w30_MAIN","2023.01.01..2026.07.01","2026.06.26","4.2","0.3","40.87","OK"
"OWX_fast_rr15_w15_BWD","2020.01.01..2023.01.01","2022.12.30","1","0.1","40.04","OK"
"OWX_fast_rr15_w15_MAIN","2023.01.01..2026.07.01","2026.06.30","0.8","0.1","92.93","OK"
"OWX_fast_rr15_w30_BWD","2020.01.01..2023.01.01","2022.12.30","1","0.1","20.32","OK"
"OWX_fast_rr15_w30_MAIN","2023.01.01..2026.07.01","2026.06.30","0.8","0.1","53.94","OK"
"OWX_fast_rr25_w15_BWD","2020.01.01..2023.01.01","2022.12.30","1","0.1","46.75","OK"
"OWX_fast_rr25_w15_MAIN","2023.01.01..2026.07.01","2026.06.30","0.8","0.1","82.91","OK"
"OWX_fast_rr25_w30_BWD","2020.01.01..2023.01.01","2022.12.30","1","0.1","29.14","OK"
"OWX_fast_rr25_w30_MAIN","2023.01.01..2026.07.01","2026.06.30","0.8","0.1","38.65","OK"
"OWX_slow_rr15_w15_BWD","2020.01.01..2023.01.01","2022.12.30","1","0.1","25.35","OK"
"OWX_slow_rr15_w15_MAIN","2023.01.01..2026.07.01","2026.06.30","0","0","47.7","OK"
"OWX_slow_rr15_w30_BWD","2020.01.01..2023.01.01","2022.12.30","1","0.1","22.02","OK"
"OWX_slow_rr15_w30_MAIN","2023.01.01..2026.07.01","2026.06.30","0","0","30.32","OK"
"OWX_slow_rr25_w15_BWD","2020.01.01..2023.01.01","2022.12.30","1","0.1","29.52","OK"
"OWX_slow_rr25_w15_MAIN","2023.01.01..2026.07.01","2026.06.30","0","0","48.15","OK"
"OWX_slow_rr25_w30_BWD","2020.01.01..2023.01.01","2022.12.30","1","0.1","30.42","OK"
"OWX_slow_rr25_w30_MAIN","2023.01.01..2026.07.01","2026.06.30","0","0","30.24","OK"
"P104_base_EURUSD_H1_BWD","2020.01.01..2022.12.31","2022.12.30","0.4","0","1.5","OK"
"P104_base_EURUSD_H1_REC","2023.01.01..2026.06.01","2026.05.29","2","0.2","0.49","OK"
"P104_base_EURUSD_H4_BWD","2020.01.01..2022.12.31","2022.12.27","3.5","0.3","0.86","OK"
"P104_base_EURUSD_H4_REC","2023.01.01..2026.06.01","2026.05.29","2","0.2","1.06","OK"
"P104_base_XAUUSD_H1_BWD","2020.01.01..2022.12.31","2022.12.29","1.3","0.1","4.79","OK"
"P104_base_XAUUSD_H1_REC","2023.01.01..2026.06.01","2026.05.29","2.2","0.2","5.18","OK"
"P104_base_XAUUSD_H4_BWD","2020.01.01..2022.12.31","2022.12.30","0","0","5.22","OK"
"P104_base_XAUUSD_H4_REC","2023.01.01..2026.06.01","2026.05.27","4.2","0.3","7.4","OK"
"P104_both_EURUSD_H1_BWD","2020.01.01..2022.12.31","2022.12.20","10.5","1","0.8","OK"
"P104_both_EURUSD_H1_REC","2023.01.01..2026.06.01","2026.05.28","3.7","0.3","0.51","OK"
"P104_both_EURUSD_H4_BWD","2020.01.01..2022.12.31","2022.12.22","8.7","0.8","0.46","OK"
"P104_both_EURUSD_H4_REC","2023.01.01..2026.06.01","2026.05.28","3.7","0.3","0.51","OK"
"P104_both_XAUUSD_H1_BWD","2020.01.01..2022.12.31","2022.12.30","0.3","0","0.85","OK"
"P104_both_XAUUSD_H1_REC","2023.01.01..2026.06.01","2026.05.25","6.9","0.6","3.93","OK"
"P104_both_XAUUSD_H4_BWD","2020.01.01..2022.12.31","2022.12.01","29.8","2.7","1.1","OK"
"P104_both_XAUUSD_H4_REC","2023.01.01..2026.06.01","2026.05.15","16.7","1.3","6.4","OK"
"P104_hp_EURUSD_H1_BWD","2020.01.01..2022.12.31","2022.12.20","10.5","1","0.8","OK"
"P104_hp_EURUSD_H1_REC","2023.01.01..2026.06.01","2026.05.28","3.7","0.3","0.51","OK"
"P104_hp_EURUSD_H4_BWD","2020.01.01..2022.12.31","2022.12.22","8.7","0.8","0.46","OK"
"P104_hp_EURUSD_H4_REC","2023.01.01..2026.06.01","2026.05.28","3.7","0.3","0.51","OK"
"P104_hp_XAUUSD_H1_BWD","2020.01.01..2022.12.31","2022.12.30","0.3","0","0.85","OK"
"P104_hp_XAUUSD_H1_REC","2023.01.01..2026.06.01","2026.05.25","6.9","0.6","3.93","OK"
"P104_hp_XAUUSD_H4_BWD","2020.01.01..2022.12.31","2022.12.01","29.8","2.7","1.1","OK"
"P104_hp_XAUUSD_H4_REC","2023.01.01..2026.06.01","2026.05.15","16.7","1.3","6.4","OK"
"P104_tanh_EURUSD_H1_BWD","2020.01.01..2022.12.31","2022.12.30","0.4","0","1.5","OK"
"P104_tanh_EURUSD_H1_REC","2023.01.01..2026.06.01","2026.05.29","2","0.2","0.49","OK"
"P104_tanh_EURUSD_H4_BWD","2020.01.01..2022.12.31","2022.12.27","3.5","0.3","0.86","OK"
"P104_tanh_EURUSD_H4_REC","2023.01.01..2026.06.01","2026.05.29","2","0.2","1.06","OK"
"P104_tanh_XAUUSD_H1_BWD","2020.01.01..2022.12.31","2022.12.29","1.3","0.1","4.79","OK"
"P104_tanh_XAUUSD_H1_REC","2023.01.01..2026.06.01","2026.05.29","2.2","0.2","5.18","OK"
"P104_tanh_XAUUSD_H4_BWD","2020.01.01..2022.12.31","2022.12.30","0","0","5.22","OK"
"P104_tanh_XAUUSD_H4_REC","2023.01.01..2026.06.01","2026.05.27","4.2","0.3","7.4","OK"
"P104_verify","2023.01.01..2026.06.01","2026.05.29","2.2","0.2","5.18","OK"
"P104b_hp129600_EURUSD_H1_BWD","2020.01.01..2022.12.31","2022.12.22","9","0.8","0.25","OK"
"P104b_hp129600_EURUSD_H1_REC","2023.01.01..2026.06.01","2026.05.29","2.5","0.2","0.29","OK"
"P104b_hp129600_EURUSD_H4_BWD","2020.01.01..2022.12.31","2022.07.22","161.5","14.7","0.35","QUIET_TAIL"
"P104b_hp129600_EURUSD_H4_REC","2023.01.01..2026.06.01","2025.12.03","179.3","14.4","0.68","QUIET_TAIL"
"P104b_hp129600_XAUUSD_H1_BWD","2020.01.01..2022.12.31","2022.12.16","14.3","1.3","0.78","OK"
"P104b_hp129600_XAUUSD_H1_REC","2023.01.01..2026.06.01","2026.05.26","5.2","0.4","1.7","OK"
"P104b_hp129600_XAUUSD_H4_BWD","2020.01.01..2022.12.31","2022.11.30","30","2.7","0.53","OK"
"P104b_hp129600_XAUUSD_H4_REC","2023.01.01..2026.06.01","2025.11.12","200.2","16.1","1.16","QUIET_TAIL"
"P104b_hp1600_EURUSD_H1_BWD","2020.01.01..2022.12.31","2022.12.30","0.4","0","1.65","OK"
"P104b_hp1600_EURUSD_H1_REC","2023.01.01..2026.06.01","2026.05.29","2.5","0.2","0.45","OK"
"P104b_hp1600_EURUSD_H4_BWD","2020.01.01..2022.12.31","2022.12.27","3.7","0.3","0.73","OK"
"P104b_hp1600_EURUSD_H4_REC","2023.01.01..2026.06.01","2026.05.28","3.7","0.3","0.61","OK"
"P104b_hp1600_XAUUSD_H1_BWD","2020.01.01..2022.12.31","2022.12.29","1.3","0.1","1.28","OK"
"P104b_hp1600_XAUUSD_H1_REC","2023.01.01..2026.06.01","2026.05.29","2.2","0.2","4.15","OK"
"P104b_hp1600_XAUUSD_H4_BWD","2020.01.01..2022.12.31","2022.12.30","0","0","1.5","OK"
"P104b_hp1600_XAUUSD_H4_REC","2023.01.01..2026.06.01","2026.05.27","4.2","0.3","3.83","OK"
"P105_ibs_EURUSD_H1_BWD","2020.01.01..2022.12.31","2022.12.30","0.1","0","3.37","OK"
"P105_ibs_EURUSD_H1_REC","2023.01.01..2026.06.01","2026.05.29","2","0.2","5.27","OK"
"P105_ibs_EURUSD_H4_BWD","2020.01.01..2022.12.31","2022.12.30","0.2","0","1.1","OK"
"P105_ibs_EURUSD_H4_REC","2023.01.01..2026.06.01","2026.05.29","2.3","0.2","2.79","OK"
"P105_ibs_XAUUSD_H1_BWD","2020.01.01..2022.12.31","2022.12.30","0.1","0","3.54","OK"
"P105_ibs_XAUUSD_H1_REC","2023.01.01..2026.06.01","2026.05.29","2","0.2","13.59","OK"
"P105_ibs_XAUUSD_H4_BWD","2020.01.01..2022.12.31","2022.12.30","0","0","2.32","OK"
"P105_ibs_XAUUSD_H4_REC","2023.01.01..2026.06.01","2026.05.28","3","0.2","12.14","OK"
"PA0_CONT_GBPUSD_H1_paf","2019.01.01..2026.01.01","2025.12.31","0","0","70.72","OK"
"PA0_CONT_GBPUSD_H1_pat","2019.01.01..2026.01.01","2025.12.31","0.3","0","37.78","OK"
"PA0_CONT_XAUUSD_H1_paf","2019.01.01..2026.01.01","2025.12.31","0","0","88.79","OK"
"PA0_CONT_XAUUSD_H1_pat","2019.01.01..2026.01.01","2025.12.31","0","0","45.22","OK"
"PA0_CONT_XAUUSD_H4_paf","2019.01.01..2026.01.01","2025.12.31","0","0","52.57","OK"
"PA0_CONT_XAUUSD_H4_pat","2019.01.01..2026.01.01","2025.12.31","0","0","54.71","OK"
"PA0_REV_AUDNZD_H1_paf","2019.01.01..2026.01.01","2025.12.31","0","0","43.92","OK"
"PA0_REV_AUDNZD_H1_pat","2019.01.01..2026.01.01","2025.12.31","0.3","0","9.02","OK"
"PA0_REV_EURGBP_H1_paf","2019.01.01..2026.01.01","2025.12.31","0.3","0","28.82","OK"
"PA0_REV_EURGBP_H1_pat","2019.01.01..2026.01.01","2025.12.16","15.5","0.6","7.63","OK"
"PA0_REV_EURUSD_H1_paf","2019.01.01..2026.01.01","2025.12.31","0.4","0","38.71","OK"
"PA0_REV_EURUSD_H1_pat","2019.01.01..2026.01.01","2025.12.03","28.1","1.1","14.01","OK"
"PA1_EURGBP_H1_REV_DN_paf","2023.01.01..2026.01.01","2025.12.31","0.3","0","12.8","OK"
"PA1_EURGBP_H1_REV_DN_pat","2023.01.01..2026.01.01","2025.12.16","15.5","1.4","5.14","OK"
"PA1_EURGBP_H1_REV_UP_paf","2019.01.01..2022.01.01","2021.12.31","0.5","0","17.59","OK"
"PA1_EURGBP_H1_REV_UP_pat","2019.01.01..2022.01.01","2021.12.22","9.5","0.9","7.63","OK"
"PA1_XAU_H1_CONT_DN_paf","2023.01.01..2026.01.01","2025.12.31","0","0","91.53","OK"
"PA1_XAU_H1_CONT_DN_pat","2023.01.01..2026.01.01","2025.12.31","0","0","25.92","OK"
"PA1_XAU_H1_CONT_UP_paf","2019.01.01..2022.01.01","2021.12.31","0","0","25.07","OK"
"PA1_XAU_H1_CONT_UP_pat","2019.01.01..2022.01.01","2021.12.31","0","0","22.65","OK"
"PAGRID_NEUT_NEW","2023.01.01..2026.01.01","2025.12.31","0.2","0","3.95","OK"
"PAGRID_NEUT_OLD2","2023.01.01..2026.01.01","2025.12.31","0.2","0","3.95","OK"
"PAGRID_OFF_DN_M4","2023.01.01..2026.01.01","2025.12.31","0","0","5.1","OK"
"PAGRID_OFF_UP_M4","2019.01.01..2022.01.01","2021.12.31","0","0","9.64","OK"
"PAGRID_ON_DN_M4","2023.01.01..2026.01.01","2025.12.31","0","0","5.1","OK"
"PAGRID_ON_UP_M4","2019.01.01..2022.01.01","2021.12.31","0","0","9.64","OK"
"PAGRID2_ON_DN_M4","2023.01.01..2026.01.01","2025.12.31","0","0","2.77","OK"
"PAGRID2_ON_UP_M4","2019.01.01..2022.01.01","2021.12.31","0","0","4.69","OK"
"PAR_MAIN","2024.06.01..2024.12.01","2024.11.22","8.9","4.9","0.62","OK"
"PAR_PORT","2024.01.01..2024.06.01","2024.05.31","0.7","0.5","0.54","OK"
"PREVDAY_GBPJPY_H1_smoke","2023.01.01..2026.06.01","2026.05.29","2","0.2","3.3","OK"
"PREVDAY_GBPUSD_H1_smoke","2023.01.01..2026.06.01","2026.05.29","2","0.2","1.7","OK"
"PREVDAY_USDJPY_H1_smoke","2023.01.01..2026.06.01","2026.05.28","3.6","0.3","1.37","OK"
"PREVDAY_XAUUSD_H1_buf05","2023.01.01..2026.06.01","2026.05.29","2","0.2","6.48","OK"
"PREVDAY_XAUUSD_H1_smoke","2023.01.01..2026.06.01","2026.05.29","2","0.2","6.51","OK"
"PREVDAY_XAUUSD_H4_smoke","2023.01.01..2026.06.01","2026.05.28","3.3","0.3","8.85","OK"
"PROBE_BRENT","2021.01.01..2023.01.01","2022.08.30","123.5","16.9","0.13","QUIET_TAIL"
"PROBE_WTI","2021.01.01..2023.01.01","2022.05.31","214.3","29.4","0.06","QUIET_TAIL"
"PROBE_XAGUSD","2021.01.01..2023.01.01","2022.12.27","4.3","0.6","3.68","OK"
"PS_EURGBP_c0_CRISIS","2022.08.01..2022.11.01","2022.10.31","0.7","0.8","0.43","OK"
"PS_EURGBP_c0_IS","2024.01.01..2024.06.01","2024.05.31","0","0","0.61","OK"
"PS_EURGBP_c0_OOS","2024.09.01..2025.01.01","2024.12.31","0","0","0.49","OK"
"PS_EURGBP_c1_CRISIS","2022.08.01..2022.11.01","2022.10.31","0.5","0.5","1.19","OK"
"PS_EURGBP_c1_IS","2024.01.01..2024.06.01","2024.05.31","0","0","0.77","OK"
"PS_EURGBP_c1_OOS","2024.09.01..2025.01.01","2024.12.31","0","0","0.49","OK"
"PS_EURGBP_c2_CRISIS","2022.08.01..2022.11.01","2022.10.31","0.7","0.8","1.2","OK"
"PS_EURGBP_c2_IS","2024.01.01..2024.06.01","2024.05.31","0","0","0.49","OK"
"PS_EURGBP_c2_OOS","2024.09.01..2025.01.01","2024.12.31","0","0","0.45","OK"
"PS_EURGBP_c3_CRISIS","2022.08.01..2022.11.01","2022.10.31","0.5","0.5","1.19","OK"
"PS_EURGBP_c3_IS","2024.01.01..2024.06.01","2024.05.31","0","0","0.81","OK"
"PS_EURGBP_c3_OOS","2024.09.01..2025.01.01","2024.12.31","0","0","0.49","OK"
"PS_EURGBP_c4_CRISIS","2022.08.01..2022.11.01","2022.10.31","0.5","0.5","1.2","OK"
"PS_EURGBP_c4_IS","2024.01.01..2024.06.01","2024.05.31","0","0","0.72","OK"
"PS_EURGBP_c4_OOS","2024.09.01..2025.01.01","2024.12.31","0","0","0.52","OK"
"PS_EURGBP_c5_CRISIS","2022.08.01..2022.11.01","2022.10.31","0.5","0.5","1.19","OK"
"PS_EURGBP_c5_IS","2024.01.01..2024.06.01","2024.05.31","0","0","0.51","OK"
"PS_EURGBP_c5_OOS","2024.09.01..2025.01.01","2024.12.31","0","0","0.46","OK"
"PS_EURUSD_c0_CRISIS","2022.08.01..2022.11.01","2022.10.31","0","0","0.38","OK"
"PS_EURUSD_c0_IS","2024.01.01..2024.06.01","2024.05.31","0","0","0.66","OK"
"PS_EURUSD_c0_OOS","2024.09.01..2025.01.01","2024.12.31","0.2","0.2","0.74","OK"
"PS_EURUSD_c1_CRISIS","2022.08.01..2022.11.01","2022.10.31","0","0","0.38","OK"
"PS_EURUSD_c1_IS","2024.01.01..2024.06.01","2024.05.31","0","0","0.32","OK"
"PS_EURUSD_c1_OOS","2024.09.01..2025.01.01","2024.12.31","0","0","0.41","OK"
"PS_EURUSD_c2_CRISIS","2022.08.01..2022.11.01","2022.10.31","0","0","0.39","OK"
"PS_EURUSD_c2_IS","2024.01.01..2024.06.01","2024.05.31","0","0","0.82","OK"
"PS_EURUSD_c2_OOS","2024.09.01..2025.01.01","2024.12.31","0.2","0.2","0.67","OK"
"PS_EURUSD_c3_CRISIS","2022.08.01..2022.11.01","2022.10.31","0.3","0.3","0.38","OK"
"PS_EURUSD_c3_IS","2024.01.01..2024.06.01","2024.05.31","0","0","0.48","OK"
"PS_EURUSD_c3_OOS","2024.09.01..2025.01.01","2024.12.31","0","0","0.5","OK"
"PS_EURUSD_c4_CRISIS","2022.08.01..2022.11.01","2022.10.31","0","0","0.36","OK"
"PS_EURUSD_c4_IS","2024.01.01..2024.06.01","2024.05.31","0","0","0.57","OK"
"PS_EURUSD_c4_OOS","2024.09.01..2025.01.01","2024.12.31","0.2","0.2","0.51","OK"
"PS_EURUSD_c5_CRISIS","2022.08.01..2022.11.01","2022.10.31","0","0","0.86","OK"
"PS_EURUSD_c5_IS","2024.01.01..2024.06.01","2024.05.31","0","0","0.5","OK"
"PS_EURUSD_c5_OOS","2024.09.01..2025.01.01","2024.12.31","0","0","0.66","OK"
"PS_USDCAD_c0_CRISIS","2022.08.01..2022.11.01","2022.10.31","0","0","0.65","OK"
"PS_USDCAD_c0_IS","2024.01.01..2024.06.01","2024.05.31","0.5","0.3","0.44","OK"
"PS_USDCAD_c0_OOS","2024.09.01..2025.01.01","2024.12.31","0","0","0.48","OK"
"PS_USDCAD_c1_CRISIS","2022.08.01..2022.11.01","2022.10.31","0","0","0.77","OK"
"PS_USDCAD_c1_IS","2024.01.01..2024.06.01","2024.05.31","0","0","0.72","OK"
"PS_USDCAD_c1_OOS","2024.09.01..2025.01.01","2024.12.31","0","0","0.41","OK"
"PS_USDCAD_c2_CRISIS","2022.08.01..2022.11.01","2022.10.31","0","0","0.54","OK"
"PS_USDCAD_c2_IS","2024.01.01..2024.06.01","2024.05.31","0","0","0.27","OK"
"PS_USDCAD_c2_OOS","2024.09.01..2025.01.01","2024.12.31","0","0","0.46","OK"
"PS_USDCAD_c3_CRISIS","2022.08.01..2022.11.01","2022.10.31","0","0","0.48","OK"
"PS_USDCAD_c3_IS","2024.01.01..2024.06.01","2024.05.31","0","0","0.65","OK"
"PS_USDCAD_c3_OOS","2024.09.01..2025.01.01","2024.12.31","0","0","0.37","OK"
"PS_USDCAD_c4_CRISIS","2022.08.01..2022.11.01","2022.10.31","0","0","0.48","OK"
"PS_USDCAD_c4_IS","2024.01.01..2024.06.01","2024.05.31","0","0","0.44","OK"
"PS_USDCAD_c4_OOS","2024.09.01..2025.01.01","2024.12.31","0","0","0.4","OK"
"PS_USDCAD_c5_CRISIS","2022.08.01..2022.11.01","2022.10.31","0","0","0.54","OK"
"PS_USDCAD_c5_IS","2024.01.01..2024.06.01","2024.05.31","0","0","0.33","OK"
"PS_USDCAD_c5_OOS","2024.09.01..2025.01.01","2024.12.31","0","0","0.69","OK"
"PVC_sl1p5_tp2p5_BWD","2020.01.01..2022.12.31","2022.12.30","0","0","2.6","OK"
"PVC_sl1p5_tp2p5_MAIN","2023.01.01..2025.12.31","2025.12.29","1.3","0.1","4.66","OK"
"PVC_sl1p5_tp3p5_BWD","2020.01.01..2022.12.31","2022.12.30","0","0","3.67","OK"
"PVC_sl1p5_tp3p5_MAIN","2023.01.01..2025.12.31","2025.12.30","0","0","4.15","OK"
"PVM4_BWD","2020.01.01..2022.12.31","2022.12.30","0","0","2.55","OK"
"PVM4_HOLD","2026.01.01..2026.06.30","2026.06.29","0","0","8.14","OK"
"PVM4_MAIN","2023.01.01..2025.12.31","2025.12.29","1.3","0.1","3.9","OK"
"QWEN_BRK55_half1","2025.01.01..2025.07.01","2025.04.23","68.9","38.1","1.68","QUIET_TAIL"
"QWEN_BRK55_half2","2025.07.01..2026.06.01","2026.03.02","90.9","27.1","1.51","QUIET_TAIL"
"QWEN_BRK55_IS","2023.01.01..2025.01.01","2024.11.22","39.5","5.4","1.25","OK"
"QWEN_BRK55_OOS","2025.01.01..2026.06.01","2026.03.02","90.9","17.6","1.68","QUIET_TAIL"
"QWEN_BRK8_half1","2025.01.01..2025.07.01","2025.05.16","45.4","25.1","0.57","QUIET_TAIL"
"QWEN_BRK8_half2","2025.07.01..2026.06.01","2026.02.23","97.3","29","1.2","QUIET_TAIL"
"QWEN_BRK8_IS","2023.01.01..2025.01.01","2024.11.22","39.8","5.4","0.97","OK"
"QWEN_BRK8_OOS","2025.01.01..2026.06.01","2026.02.23","97.3","18.9","1.18","QUIET_TAIL"
"QWEN_CBGBP_half1","2025.01.01..2025.07.01","2025.04.18","73.2","40.4","0.09","QUIET_TAIL"
"QWEN_CBGBP_half2","2025.07.01..2026.06.01","2026.05.22","9.3","2.8","0.09","OK"
"QWEN_CBGBP_IS","2023.01.01..2025.01.01","2024.12.26","5.3","0.7","0.08","OK"
"QWEN_CBGBP_M2_IS","2023.01.01..2025.01.01","2024.12.26","5.3","0.7","0.08","OK"
"QWEN_CBGBP_M2_OOS","2025.01.01..2026.06.01","2026.05.22","9.3","1.8","0.1","OK"
"QWEN_CBGBP_OOS","2025.01.01..2026.06.01","2026.05.22","9.3","1.8","0.1","OK"
"QWEN_MACDc_half1","2025.01.01..2025.07.01","2025.06.26","4.5","2.5","1.71","OK"
"QWEN_MACDc_half2","2025.07.01..2026.06.01","2026.05.29","2.2","0.7","2.66","OK"
"QWEN_MACDc_IS","2023.01.01..2025.01.01","2024.12.31","0","0","54.39","OK"
"QWEN_MACDc_M2_IS","2023.01.01..2025.01.01","2024.12.31","0","0","31.05","OK"
"QWEN_MACDc_M2_OOS","2025.01.01..2026.06.01","2026.05.29","2","0.4","1.74","OK"
"QWEN_MACDc_OOS","2025.01.01..2026.06.01","2026.05.29","2","0.4","1.74","OK"
"QWEN_MACDg_half1","2025.01.01..2025.07.01","2025.06.30","0","0","6.99","OK"
"QWEN_MACDg_half2","2025.07.01..2026.06.01","2026.05.28","3.3","1","9.86","OK"
"QWEN_MACDg_IS","2023.01.01..2025.01.01","2024.12.30","1.3","0.2","5.42","OK"
"QWEN_MACDg_M2_IS","2023.01.01..2025.01.01","2024.12.30","1.2","0.2","4.05","OK"
"QWEN_MACDg_M2_OOS","2025.01.01..2026.06.01","2026.05.29","2.2","0.4","2.05","OK"
"QWEN_MACDg_OOS","2025.01.01..2026.06.01","2026.05.29","2.2","0.4","2.05","OK"
"QWEN_MG_half1","2025.01.01..2025.07.01","2025.06.30","0","0","6.88","OK"
"QWEN_MG_IS","2023.01.01..2025.01.01","2023.06.27","553.2","75.7","89.12","SUSPECT"
"QWEN_MG_M2_IS","2023.01.01..2025.01.01","2023.06.27","553.2","75.7","89.12","SUSPECT"
"QWEN_MG_M2_OOS","2025.01.01..2026.06.01","2026.05.29","2","0.4","22.78","OK"
"QWEN_MG_OOS","2025.01.01..2026.06.01","2026.05.29","2","0.4","22.78","OK"
"QWEN_ST03rep_IS","2023.01.01..2025.01.01","2024.12.31","0.3","0","1.36","OK"
"QWEN_ST03rep_M2_IS","2023.01.01..2025.01.01","2024.12.31","0.3","0","1.36","OK"
"QWEN_ST03rep_M2_OOS","2025.01.01..2026.06.01","2026.05.29","2","0.4","2.83","OK"
"QWEN_ST03rep_OOS","2025.01.01..2026.06.01","2026.05.29","2","0.4","2.83","OK"
"REB_reb_sl2.0_tp0.8_MAIN","2023.01.01..2025.12.31","2025.12.30","0.5","0","0.25","OK"
"REB_reb_sl2.0_tp1.0_MAIN","2023.01.01..2025.12.31","2025.12.30","0.5","0","0.2","OK"
"REB_reb_sl2.0_tp1.2_MAIN","2023.01.01..2025.12.31","2025.12.30","0.5","0","0.19","OK"
"REB_reb_sl2.0_tp1.5_MAIN","2023.01.01..2025.12.31","2025.12.30","0.5","0","0.28","OK"
"REB_reb_sl2.5_tp0.8_MAIN","2023.01.01..2025.12.31","2025.12.30","0.5","0","0.19","OK"
"REB_reb_sl2.5_tp1.0_MAIN","2023.01.01..2025.12.31","2025.12.30","0.5","0","0.18","OK"
"REB_reb_sl2.5_tp1.2_MAIN","2023.01.01..2025.12.31","2025.12.30","0.5","0","0.17","OK"
"REB_reb_sl2.5_tp1.5_MAIN","2023.01.01..2025.12.31","2025.12.30","0.5","0","0.23","OK"
"REB_reb_sl3.0_tp0.8_MAIN","2023.01.01..2025.12.31","2025.12.30","0.5","0","0.19","OK"
"REB_reb_sl3.0_tp1.0_MAIN","2023.01.01..2025.12.31","2025.12.30","0.5","0","0.17","OK"
"REB_reb_sl3.0_tp1.2_MAIN","2023.01.01..2025.12.31","2025.12.30","0.5","0","0.18","OK"
"REB_reb_sl3.0_tp1.5_MAIN","2023.01.01..2025.12.31","2025.12.30","0.5","0","0.22","OK"
"REB_reb_sl3.5_tp0.8_MAIN","2023.01.01..2025.12.31","2025.12.30","0.5","0","0.19","OK"
"REB_reb_sl3.5_tp1.0_MAIN","2023.01.01..2025.12.31","2025.12.30","0.5","0","0.16","OK"
"REB_reb_sl3.5_tp1.2_MAIN","2023.01.01..2025.12.31","2025.12.30","0.5","0","0.18","OK"
"REB_reb_sl3.5_tp1.5_MAIN","2023.01.01..2025.12.31","2025.12.30","0.5","0","0.22","OK"
"REB_reb_sl4.0_tp0.8_MAIN","2023.01.01..2025.12.31","2025.12.30","0.5","0","0.2","OK"
"REB_reb_sl4.0_tp1.0_MAIN","2023.01.01..2025.12.31","2025.12.30","0.5","0","0.18","OK"
"REB_reb_sl4.0_tp1.2_MAIN","2023.01.01..2025.12.31","2025.12.30","0.5","0","0.18","OK"
"REB_reb_sl4.0_tp1.5_MAIN","2023.01.01..2025.12.31","2025.12.30","0.5","0","0.23","OK"
"REBV_reb_sl2.8_tp1.2_BWD","2020.01.01..2022.12.31","2022.12.30","0.6","0.1","0.28","OK"
"REBV_reb_sl2.8_tp1.2_HOLD","2026.01.01..2026.07.01","2026.06.29","1.6","0.9","0.11","OK"
"REBV_reb_sl2.8_tp1.2_MAIN","2023.01.01..2025.12.31","2025.12.30","0.5","0","0.2","OK"
"REBV_reb_sl3.5_tp0.96_BWD","2020.01.01..2022.12.31","2022.12.30","0.6","0.1","0.27","OK"
"REBV_reb_sl3.5_tp0.96_HOLD","2026.01.01..2026.07.01","2026.06.29","1.6","0.9","0.12","OK"
"REBV_reb_sl3.5_tp0.96_MAIN","2023.01.01..2025.12.31","2025.12.30","0.5","0","0.17","OK"
"REBV_reb_sl3.5_tp1.2_BWD","2020.01.01..2022.12.31","2022.12.30","0.6","0.1","0.29","OK"
"REBV_reb_sl3.5_tp1.2_HOLD","2026.01.01..2026.07.01","2026.06.29","1.6","0.9","0.12","OK"
"REBV_reb_sl3.5_tp1.2_MAIN","2023.01.01..2025.12.31","2025.12.30","0.5","0","0.18","OK"
"REBV_reb_sl3.5_tp1.44_BWD","2020.01.01..2022.12.31","2022.12.30","0.6","0.1","0.28","OK"
"REBV_reb_sl3.5_tp1.44_HOLD","2026.01.01..2026.07.01","2026.06.29","1.6","0.9","0.13","OK"
"REBV_reb_sl3.5_tp1.44_MAIN","2023.01.01..2025.12.31","2025.12.30","0.5","0","0.22","OK"
"REBV_reb_sl4.2_tp1.2_BWD","2020.01.01..2022.12.31","2022.12.30","0.6","0.1","0.37","OK"
"REBV_reb_sl4.2_tp1.2_HOLD","2026.01.01..2026.07.01","2026.06.29","1.6","0.9","0.14","OK"
"REBV_reb_sl4.2_tp1.2_MAIN","2023.01.01..2025.12.31","2025.12.30","0.5","0","0.19","OK"
"REC_AUDCAD_V82","2023.01.01..2026.07.01","2026.06.30","0","0","4.8","OK"
"REC_AUDNZD_V80","2023.01.01..2026.07.01","2026.06.30","0","0","4.26","OK"
"REC_AUDNZD_V81","2023.01.01..2026.07.01","2026.06.30","0","0","5.13","OK"
"REC_AUDNZD_V82","2023.01.01..2026.07.01","2026.06.30","0","0","4.63","OK"
"REC_AUDNZD_V82_M4","2024.01.01..2026.07.01","2026.06.30","0","0","4.04","OK"
"REC_USDJPY_V82","2023.01.01..2026.07.01","2026.06.30","0","0","6.44","OK"
"REGFAM_AUDCAD_base_BWD","2020.01.01..2023.01.01","2021.02.22","677.3","61.8","5.01","QUIET_TAIL"
"REGFAM_AUDCAD_base_FWD","2023.01.01..2026.07.01","2026.06.30","0","0","6.36","OK"
"REGFAM_AUDCAD_m1t20_BWD","2020.01.01..2023.01.01","2021.02.22","677.3","61.8","5.1","QUIET_TAIL"
"REGFAM_AUDCAD_m1t20_FWD","2023.01.01..2026.07.01","2026.05.13","48.2","3.8","5.42","OK"
"REGFAM_AUDCAD_m1t25_BWD","2020.01.01..2023.01.01","2021.02.22","677.3","61.8","5.1","QUIET_TAIL"
"REGFAM_AUDCAD_m1t25_FWD","2023.01.01..2026.07.01","2026.06.30","0","0","8.86","OK"
"REGFAM_CADJPY_base_BWD","2020.01.01..2023.01.01","2022.11.30","31.1","2.8","6","OK"
"REGFAM_CADJPY_base_FWD","2023.01.01..2026.07.01","2026.04.30","61.5","4.8","3.69","OK"
"REGFAM_CADJPY_m1t20_BWD","2020.01.01..2023.01.01","2022.11.30","31.1","2.8","6.13","OK"
"REGFAM_CADJPY_m1t20_FWD","2023.01.01..2026.07.01","2026.06.30","0","0","2.81","OK"
"REGFAM_CADJPY_m1t25_BWD","2020.01.01..2023.01.01","2022.11.28","33.8","3.1","4.9","OK"
"REGFAM_CADJPY_m1t25_FWD","2023.01.01..2026.07.01","2026.06.30","0","0","3.55","OK"
"REGFAM_EURJPY_base_BWD","2020.01.01..2023.01.01","2022.10.21","71.3","6.5","11.89","OK"
"REGFAM_EURJPY_base_FWD","2023.01.01..2026.07.01","2026.06.30","0","0","5.99","OK"
"REGFAM_EURJPY_m1t20_BWD","2020.01.01..2023.01.01","2022.12.30","1","0.1","11.67","OK"
"REGFAM_EURJPY_m1t20_FWD","2023.01.01..2026.07.01","2026.06.30","0","0","5.99","OK"
"REGFAM_EURJPY_m1t23_BWD","2020.01.01..2023.01.01","2022.12.30","1","0.1","6.84","OK"
"REGFAM_EURJPY_m1t23_FWD","2023.01.01..2026.07.01","2026.06.30","0","0","6.02","OK"
"REGFAM_EURJPY_m1t25_BWD","2020.01.01..2023.01.01","2022.12.30","1","0.1","5.94","OK"
"REGFAM_EURJPY_m1t25_FWD","2023.01.01..2026.07.01","2026.06.30","0","0","5.99","OK"
"REGFAM_EURJPY_m1t27_BWD","2020.01.01..2023.01.01","2022.12.30","1","0.1","5.8","OK"
"REGFAM_EURJPY_m1t27_FWD","2023.01.01..2026.07.01","2026.06.30","0","0","7.44","OK"
"REGFAM_EURUSD_base_BWD","2020.01.01..2023.01.01","2022.09.28","94.8","8.6","11.02","OK"
"REGFAM_EURUSD_base_FWD","2023.01.01..2026.07.01","2025.02.03","513","40.2","4.42","QUIET_TAIL"
"REGFAM_EURUSD_m1t20_BWD","2020.01.01..2023.01.01","2022.09.28","94.8","8.6","19.9","OK"
"REGFAM_EURUSD_m1t20_FWD","2023.01.01..2026.07.01","2025.02.03","513","40.2","5.08","QUIET_TAIL"
"REGFAM_EURUSD_m1t25_BWD","2020.01.01..2023.01.01","2022.09.28","94.8","8.6","23.94","OK"
"REGFAM_EURUSD_m1t25_FWD","2023.01.01..2026.07.01","2025.01.28","518.5","40.6","6.49","QUIET_TAIL"
"REGFAM_GBPAUD_base_BWD","2020.01.01..2023.01.01","2020.03.19","1017.8","92.9","6.05","QUIET_TAIL"
"REGFAM_GBPAUD_base_FWD","2023.01.01..2026.07.01","2025.04.07","449.9","35.2","5.11","QUIET_TAIL"
"REGFAM_GBPAUD_m1t20_BWD","2020.01.01..2023.01.01","2020.03.09","1027.4","93.7","4.44","QUIET_TAIL"
"REGFAM_GBPAUD_m1t20_FWD","2023.01.01..2026.07.01","2025.04.04","452.4","35.4","4.38","QUIET_TAIL"
"REGFAM_GBPAUD_m1t25_BWD","2020.01.01..2023.01.01","2020.03.09","1027.4","93.7","5.27","QUIET_TAIL"
"REGFAM_GBPAUD_m1t25_FWD","2023.01.01..2026.07.01","2025.04.04","452.7","35.5","4.45","QUIET_TAIL"
"REGFAM_GBPJPY_base_BWD","2020.01.01..2023.01.01","2022.11.02","59.5","5.4","9.65","OK"
"REGFAM_GBPJPY_base_FWD","2023.01.01..2026.07.01","2026.06.30","0","0","8.21","OK"
"REGFAM_GBPJPY_m1t20_BWD","2020.01.01..2023.01.01","2022.12.20","11.8","1.1","10.48","OK"
"REGFAM_GBPJPY_m1t20_FWD","2023.01.01..2026.07.01","2026.06.30","0","0","7.53","OK"
"REGFAM_GBPJPY_m1t25_BWD","2020.01.01..2023.01.01","2022.11.02","59.1","5.4","8.04","OK"
"REGFAM_GBPJPY_m1t25_FWD","2023.01.01..2026.07.01","2026.06.30","0","0","6.51","OK"
"REGFAM_NZDUSD_base_BWD","2020.01.01..2023.01.01","2020.03.19","1017.8","92.9","3.27","QUIET_TAIL"
"REGFAM_NZDUSD_base_FWD","2023.01.01..2026.07.01","2026.06.30","0","0","7.19","OK"
"REGFAM_NZDUSD_m1t20_BWD","2020.01.01..2023.01.01","2020.03.19","1017.8","92.9","3.35","QUIET_TAIL"
"REGFAM_NZDUSD_m1t20_FWD","2023.01.01..2026.07.01","2026.06.30","0","0","10.1","OK"
"REGFAM_NZDUSD_m1t25_BWD","2020.01.01..2023.01.01","2020.03.19","1017.6","92.8","5.12","QUIET_TAIL"
"REGFAM_NZDUSD_m1t25_FWD","2023.01.01..2026.07.01","2026.06.30","0","0","10.14","OK"
"REGFAM_USDJPY_base_BWD","2020.01.01..2023.01.01","2022.10.24","68.9","6.3","14.89","OK"
"REGFAM_USDJPY_base_FWD","2023.01.01..2026.07.01","2026.06.30","0","0","6.14","OK"
"REGFAM_USDJPY_m1t20_BWD","2020.01.01..2023.01.01","2022.10.21","71.2","6.5","4.38","OK"
"REGFAM_USDJPY_m1t20_FWD","2023.01.01..2026.07.01","2026.06.30","0","0","5","OK"
"REGFAM_USDJPY_m1t25_BWD","2020.01.01..2023.01.01","2022.10.21","71.3","6.5","4.36","OK"
"REGFAM_USDJPY_m1t25_FWD","2023.01.01..2026.07.01","2026.06.30","0","0","5.84","OK"
"REGIMEAB_AUDNZD_base_BWD","2020.01.01..2023.01.01","2022.11.21","41","3.7","7.92","OK"
"REGIMEAB_AUDNZD_base_FWD","2023.01.01..2026.07.01","2026.06.30","0","0","5.47","OK"
"REGIMEAB_AUDNZD_m1rng25_BWD","2020.01.01..2023.01.01","2022.10.11","81.5","7.4","6.06","OK"
"REGIMEAB_AUDNZD_m1rng25_FWD","2023.01.01..2026.07.01","2026.06.30","0","0","6.94","OK"
"REGIMEAB_AUDNZD_m1t20_BWD","2020.01.01..2023.01.01","2022.11.21","41","3.7","6.85","OK"
"REGIMEAB_AUDNZD_m1t20_FWD","2023.01.01..2026.07.01","2026.06.30","0","0","4.18","OK"
"REGIMEAB_AUDNZD_m1t25_BWD","2020.01.01..2023.01.01","2022.09.26","96.8","8.8","3.57","OK"
"REGIMEAB_AUDNZD_m1t25_FWD","2023.01.01..2026.07.01","2026.06.30","0","0","4.67","OK"
"REGIMEAB_AUDNZD_m1t30_BWD","2020.01.01..2023.01.01","2022.09.26","96.8","8.8","3.55","OK"
"REGIMEAB_AUDNZD_m1t30_FWD","2023.01.01..2026.07.01","2026.06.24","7","0.5","3.22","OK"
"REGIMEAB_AUDNZD_m2t20_BWD","2020.01.01..2023.01.01","2022.11.21","41","3.7","7.13","OK"
"REGIMEAB_AUDNZD_m2t20_FWD","2023.01.01..2026.07.01","2026.06.30","0","0","3.89","OK"
"REGIMEAB_AUDNZD_m2t25_BWD","2020.01.01..2023.01.01","2022.10.05","87.8","8","3.57","OK"
"REGIMEAB_AUDNZD_m2t25_FWD","2023.01.01..2026.07.01","2026.06.30","0","0","4.67","OK"
"REGIMEAB_AUDNZD_m2t30_BWD","2020.01.01..2023.01.01","2022.10.05","87.8","8","3.55","OK"
"REGIMEAB_AUDNZD_m2t30_FWD","2023.01.01..2026.07.01","2026.06.30","0","0","3.58","OK"
"REGIMEAB_XAU_base_BWD","2020.01.01..2023.01.01","2020.08.07","876.9","80","8.3","QUIET_TAIL"
"REGIMEAB_XAU_base_FWD","2023.01.01..2026.07.01","2026.01.30","151.9","11.9","23.35","SUSPECT"
"REGIMEAB_XAU_m1rng25_BWD","2020.01.01..2023.01.01","2020.08.05","878.9","80.2","4.84","QUIET_TAIL"
"REGIMEAB_XAU_m1rng25_FWD","2023.01.01..2026.07.01","2026.01.20","161.5","12.6","5.29","QUIET_TAIL"
"REGIMEAB_XAU_m1t20_BWD","2020.01.01..2023.01.01","2020.08.07","876.9","80","7.3","QUIET_TAIL"
"REGIMEAB_XAU_m1t20_FWD","2023.01.01..2026.07.01","2026.01.29","152.3","11.9","20.05","SUSPECT"
"REGIMEAB_XAU_m1t25_BWD","2020.01.01..2023.01.01","2020.08.07","876.9","80","7.3","QUIET_TAIL"
"REGIMEAB_XAU_m1t25_FWD","2023.01.01..2026.07.01","2026.01.29","152.3","11.9","21.11","SUSPECT"
"REGIMEAB_XAU_m1t30_BWD","2020.01.01..2023.01.01","2020.08.06","877.3","80","7.33","QUIET_TAIL"
"REGIMEAB_XAU_m1t30_FWD","2023.01.01..2026.07.01","2026.01.29","152.3","11.9","20.82","SUSPECT"
"REGIMEAB_XAU_m2t20_BWD","2020.01.01..2023.01.01","2020.08.07","876.9","80","7.33","QUIET_TAIL"
"REGIMEAB_XAU_m2t20_FWD","2023.01.01..2026.07.01","2026.01.29","152.3","11.9","20.46","SUSPECT"
"REGIMEAB_XAU_m2t25_BWD","2020.01.01..2023.01.01","2020.08.07","876.9","80","7.33","QUIET_TAIL"
"REGIMEAB_XAU_m2t25_FWD","2023.01.01..2026.07.01","2026.01.29","152.3","11.9","21.59","SUSPECT"
"REGIMEAB_XAU_m2t30_BWD","2020.01.01..2023.01.01","2020.08.06","877.3","80","7.33","QUIET_TAIL"
"REGIMEAB_XAU_m2t30_FWD","2023.01.01..2026.07.01","2026.01.29","152.3","11.9","21.12","SUSPECT"
"RESCUE1_ICHI_AUDJPY_H4","2023.01.01..2026.07.01","2026.06.30","0.2","0","1.74","OK"
"RESCUE1_ICHI_GBPJPY_H4","2023.01.01..2026.07.01","2026.06.30","0","0","2.83","OK"
"RESCUE1_KELTNER_GBPJPY_H4","2023.01.01..2026.07.01","2026.06.30","0","0","1.79","OK"
"RESCUE1_KELTNER_USDJPY_H4","2023.01.01..2026.07.01","2026.06.30","0","0","1.56","OK"
"RESCUE1_ZSCORE_AUDCAD_H4","2023.01.01..2026.07.01","2026.06.30","0.5","0","0.28","OK"
"RESCUE1_ZSCORE_AUDNZD_H4","2023.01.01..2026.07.01","2026.06.30","0","0","1.1","OK"
"RG_ADD0_IS","2023.01.01..2026.01.01","2025.12.31","0","0","5.73","OK"
"RG_DON_FIX","2023.01.01..2026.07.01","2026.06.30","0","0","14.31","OK"
"RG_ST_FIX","2023.01.01..2026.07.01","2026.06.30","0","0","5.62","OK"
"RSIMOM_B_XAU_H1_MAIN","2023.01.01..2025.12.31","2025.12.30","0.3","0","7.99","OK"
"RSIMOM_B_XAU_H4_MAIN","2023.01.01..2025.12.31","2025.12.30","0","0","8.8","OK"
"RSIMOM_T1A_P10_L52_BWD","2020.01.01..2022.12.31","2022.12.30","0","0","6.58","OK"
"RSIMOM_T1A_P10_L52_MAIN","2023.01.01..2025.12.31","2025.12.30","0.1","0","5.93","OK"
"RSIMOM_T1A_P10_L54_BWD","2020.01.01..2022.12.31","2022.12.30","0","0","12.15","OK"
"RSIMOM_T1A_P10_L54_MAIN","2023.01.01..2025.12.31","2025.12.30","0.1","0","3.91","OK"
"RSIMOM_T1A_P10_L55_BWD","2020.01.01..2022.12.31","2022.12.30","0","0","10.36","OK"
"RSIMOM_T1A_P10_L55_MAIN","2023.01.01..2025.12.31","2025.12.30","0.3","0","3.5","OK"
"RSIMOM_T1A_P10_L56_BWD","2020.01.01..2022.12.31","2022.12.30","0","0","8.5","OK"
"RSIMOM_T1A_P10_L56_MAIN","2023.01.01..2025.12.31","2025.12.30","0.3","0","4.08","OK"
"RSIMOM_T1A_P10_L58_BWD","2020.01.01..2022.12.31","2022.12.30","0","0","8.48","OK"
"RSIMOM_T1A_P10_L58_MAIN","2023.01.01..2025.12.31","2025.12.30","0.3","0","5.12","OK"
"RSIMOM_T1A_P11_L52_BWD","2020.01.01..2022.12.31","2022.12.30","0","0","5.27","OK"
"RSIMOM_T1A_P11_L52_MAIN","2023.01.01..2025.12.31","2025.12.30","0.1","0","6.17","OK"
"RSIMOM_T1A_P11_L54_BWD","2020.01.01..2022.12.31","2022.12.30","0","0","12.34","OK"
"RSIMOM_T1A_P11_L54_MAIN","2023.01.01..2025.12.31","2025.12.30","0.3","0","3.95","OK"
"RSIMOM_T1A_P11_L55_BWD","2020.01.01..2022.12.31","2022.12.30","0","0","11.32","OK"
"RSIMOM_T1A_P11_L55_MAIN","2023.01.01..2025.12.31","2025.12.30","0.3","0","5.41","OK"
"RSIMOM_T1A_P11_L56_BWD","2020.01.01..2022.12.31","2022.12.30","0","0","8.69","OK"
"RSIMOM_T1A_P11_L56_MAIN","2023.01.01..2025.12.31","2025.12.30","0.3","0","4.69","OK"
"RSIMOM_T1A_P11_L58_BWD","2020.01.01..2022.12.31","2022.12.30","0","0","8.16","OK"
"RSIMOM_T1A_P11_L58_MAIN","2023.01.01..2025.12.31","2025.12.30","0.3","0","6.33","OK"
"RSIMOM_T1A_P7_L52_BWD","2020.01.01..2022.12.31","2022.12.30","0","0","10.26","OK"
"RSIMOM_T1A_P7_L52_MAIN","2023.01.01..2025.12.31","2025.12.30","0.1","0","4.66","OK"
"RSIMOM_T1A_P7_L54_BWD","2020.01.01..2022.12.31","2022.12.30","0","0","12.28","OK"
"RSIMOM_T1A_P7_L54_MAIN","2023.01.01..2025.12.31","2025.12.30","0.1","0","4.6","OK"
"RSIMOM_T1A_P7_L55_BWD","2020.01.01..2022.12.31","2022.12.30","0","0","11.22","OK"
"RSIMOM_T1A_P7_L55_MAIN","2023.01.01..2025.12.31","2025.12.30","0.1","0","4.31","OK"
"RSIMOM_T1A_P7_L56_BWD","2020.01.01..2022.12.31","2022.12.30","0","0","11.93","OK"
"RSIMOM_T1A_P7_L56_MAIN","2023.01.01..2025.12.31","2025.12.30","0.1","0","4.62","OK"
"RSIMOM_T1A_P7_L58_BWD","2020.01.01..2022.12.31","2022.12.30","0","0","11.62","OK"
"RSIMOM_T1A_P7_L58_MAIN","2023.01.01..2025.12.31","2025.12.30","0.1","0","4.95","OK"
"RSIMOM_T1A_P8_L52_BWD","2020.01.01..2022.12.31","2022.12.30","0","0","13.16","OK"
"RSIMOM_T1A_P8_L52_MAIN","2023.01.01..2025.12.31","2025.12.30","0.1","0","6.6","OK"
"RSIMOM_T1A_P8_L54_BWD","2020.01.01..2022.12.31","2022.12.30","0","0","11.96","OK"
"RSIMOM_T1A_P8_L54_MAIN","2023.01.01..2025.12.31","2025.12.30","0.1","0","3.85","OK"
"RSIMOM_T1A_P8_L55_BWD","2020.01.01..2022.12.31","2022.12.30","0","0","10.83","OK"
"RSIMOM_T1A_P8_L55_MAIN","2023.01.01..2025.12.31","2025.12.30","0.1","0","4.33","OK"
"RSIMOM_T1A_P8_L56_BWD","2020.01.01..2022.12.31","2022.12.30","0","0","8.62","OK"
"RSIMOM_T1A_P8_L56_MAIN","2023.01.01..2025.12.31","2025.12.30","0.1","0","5.08","OK"
"RSIMOM_T1A_P8_L58_BWD","2020.01.01..2022.12.31","2022.12.30","0","0","9.98","OK"
"RSIMOM_T1A_P8_L58_MAIN","2023.01.01..2025.12.31","2025.12.30","0.1","0","4.33","OK"
"RSIMOM_T1A_P9_L52_BWD","2020.01.01..2022.12.31","2022.12.30","0","0","11.99","OK"
"RSIMOM_T1A_P9_L52_MAIN","2023.01.01..2025.12.31","2025.12.30","0.1","0","6.14","OK"
"RSIMOM_T1A_P9_L54_BWD","2020.01.01..2022.12.31","2022.12.30","0","0","10.8","OK"
"RSIMOM_T1A_P9_L54_MAIN","2023.01.01..2025.12.31","2025.12.30","0.1","0","5.31","OK"
"RSIMOM_T1A_P9_L55_BWD","2020.01.01..2022.12.31","2022.12.30","0","0","12.23","OK"
"RSIMOM_T1A_P9_L55_MAIN","2023.01.01..2025.12.31","2025.12.30","0.1","0","4.37","OK"
"RSIMOM_T1A_P9_L56_BWD","2020.01.01..2022.12.31","2022.12.30","0","0","7.34","OK"
"RSIMOM_T1A_P9_L56_MAIN","2023.01.01..2025.12.31","2025.12.30","0.1","0","3.7","OK"
"RSIMOM_T1A_P9_L58_BWD","2020.01.01..2022.12.31","2022.12.30","0","0","9.88","OK"
"RSIMOM_T1A_P9_L58_MAIN","2023.01.01..2025.12.31","2025.12.30","0.3","0","3.92","OK"
"RSIMOM_T1B_P18_L47_BWD","2020.01.01..2022.12.31","2022.12.29","1.3","0.1","3.15","OK"
"RSIMOM_T1B_P18_L47_MAIN","2023.01.01..2025.12.31","2025.12.30","0","0","9.8","OK"
"RSIMOM_T1B_P18_L49_BWD","2020.01.01..2022.12.31","2022.12.29","1.3","0.1","3.75","OK"
"RSIMOM_T1B_P18_L49_MAIN","2023.01.01..2025.12.31","2025.12.30","0.3","0","6.83","OK"
"RSIMOM_T1B_P18_L50_BWD","2020.01.01..2022.12.31","2022.12.29","1.3","0.1","5.43","OK"
"RSIMOM_T1B_P18_L50_MAIN","2023.01.01..2025.12.31","2025.12.30","0.3","0","4.96","OK"
"RSIMOM_T1B_P18_L51_BWD","2020.01.01..2022.12.31","2022.12.29","1.3","0.1","3.44","OK"
"RSIMOM_T1B_P18_L51_MAIN","2023.01.01..2025.12.31","2025.12.29","1.3","0.1","6.36","OK"
"RSIMOM_T1B_P18_L53_BWD","2020.01.01..2022.12.31","2022.12.30","0","0","5","OK"
"RSIMOM_T1B_P18_L53_MAIN","2023.01.01..2025.12.31","2025.12.29","1.3","0.1","6.48","OK"
"RSIMOM_T1B_P20_L47_BWD","2020.01.01..2022.12.31","2022.12.29","1.3","0.1","3.3","OK"
"RSIMOM_T1B_P20_L47_MAIN","2023.01.01..2025.12.31","2025.12.30","0.3","0","10.89","OK"
"RSIMOM_T1B_P20_L49_BWD","2020.01.01..2022.12.31","2022.12.29","1.3","0.1","3.23","OK"
"RSIMOM_T1B_P20_L49_MAIN","2023.01.01..2025.12.31","2025.12.30","0.3","0","11.98","OK"
"RSIMOM_T1B_P20_L50_BWD","2020.01.01..2022.12.31","2022.12.29","1.3","0.1","3.6","OK"
"RSIMOM_T1B_P20_L50_MAIN","2023.01.01..2025.12.31","2025.12.29","1.3","0.1","6.59","OK"
"RSIMOM_T1B_P20_L51_BWD","2020.01.01..2022.12.31","2022.12.29","1.3","0.1","5.23","OK"
"RSIMOM_T1B_P20_L51_MAIN","2023.01.01..2025.12.31","2025.12.29","1.3","0.1","6.58","OK"
"RSIMOM_T1B_P20_L53_BWD","2020.01.01..2022.12.31","2022.12.30","0","0","4.86","OK"
"RSIMOM_T1B_P20_L53_MAIN","2023.01.01..2025.12.31","2025.12.29","1.3","0.1","8.21","OK"
"RSIMOM_T1B_P21_L47_BWD","2020.01.01..2022.12.31","2022.12.29","1.3","0.1","3.48","OK"
"RSIMOM_T1B_P21_L47_MAIN","2023.01.01..2025.12.31","2025.12.30","0.3","0","8.19","OK"
"RSIMOM_T1B_P21_L49_BWD","2020.01.01..2022.12.31","2022.12.29","1.3","0.1","2.71","OK"
"RSIMOM_T1B_P21_L49_MAIN","2023.01.01..2025.12.31","2025.12.29","1.3","0.1","11.25","OK"
"RSIMOM_T1B_P21_L50_BWD","2020.01.01..2022.12.31","2022.12.29","1.3","0.1","4.67","OK"
"RSIMOM_T1B_P21_L50_MAIN","2023.01.01..2025.12.31","2025.12.29","1.3","0.1","8.56","OK"
"RSIMOM_T1B_P21_L51_BWD","2020.01.01..2022.12.31","2022.12.29","1.3","0.1","4.81","OK"
"RSIMOM_T1B_P21_L51_MAIN","2023.01.01..2025.12.31","2025.12.29","1.3","0.1","6.44","OK"
"RSIMOM_T1B_P21_L53_BWD","2020.01.01..2022.12.31","2022.12.30","0","0","4.22","OK"
"RSIMOM_T1B_P21_L53_MAIN","2023.01.01..2025.12.31","2025.12.29","1.3","0.1","6.66","OK"
"RSIMOM_T1B_P23_L47_BWD","2020.01.01..2022.12.31","2022.12.29","1.3","0.1","3.17","OK"
"RSIMOM_T1B_P23_L47_MAIN","2023.01.01..2025.12.31","2025.12.30","0.3","0","9.67","OK"
"RSIMOM_T1B_P23_L49_BWD","2020.01.01..2022.12.31","2022.12.29","1.3","0.1","3.63","OK"
"RSIMOM_T1B_P23_L49_MAIN","2023.01.01..2025.12.31","2025.12.29","1.3","0.1","10.06","OK"
"RSIMOM_T1B_P23_L50_BWD","2020.01.01..2022.12.31","2022.12.29","1.3","0.1","4.3","OK"
"RSIMOM_T1B_P23_L50_MAIN","2023.01.01..2025.12.31","2025.12.29","1.3","0.1","8.99","OK"
"RSIMOM_T1B_P23_L51_BWD","2020.01.01..2022.12.31","2022.12.29","1.3","0.1","5.03","OK"
"RSIMOM_T1B_P23_L51_MAIN","2023.01.01..2025.12.31","2025.12.29","1.3","0.1","6.14","OK"
"RSIMOM_T1B_P23_L53_BWD","2020.01.01..2022.12.31","2022.12.30","0","0","3.09","OK"
"RSIMOM_T1B_P23_L53_MAIN","2023.01.01..2025.12.31","2025.12.29","1.3","0.1","5.84","OK"
"RSIMOM_T1B_P25_L47_BWD","2020.01.01..2022.12.31","2022.12.29","1.3","0.1","3.31","OK"
"RSIMOM_T1B_P25_L47_MAIN","2023.01.01..2025.12.31","2025.12.30","0.3","0","7.65","OK"
"RSIMOM_T1B_P25_L49_BWD","2020.01.01..2022.12.31","2022.12.29","1.3","0.1","4.28","OK"
"RSIMOM_T1B_P25_L49_MAIN","2023.01.01..2025.12.31","2025.12.29","1.3","0.1","8.91","OK"
"RSIMOM_T1B_P25_L50_BWD","2020.01.01..2022.12.31","2022.12.29","1.3","0.1","4.35","OK"
"RSIMOM_T1B_P25_L50_MAIN","2023.01.01..2025.12.31","2025.12.29","1.3","0.1","9.86","OK"
"RSIMOM_T1B_P25_L51_BWD","2020.01.01..2022.12.31","2022.12.29","1.3","0.1","3.95","OK"
"RSIMOM_T1B_P25_L51_MAIN","2023.01.01..2025.12.31","2025.12.29","1.3","0.1","10.26","OK"
"RSIMOM_T1B_P25_L53_BWD","2020.01.01..2022.12.31","2022.12.30","0","0","3.28","OK"
"RSIMOM_T1B_P25_L53_MAIN","2023.01.01..2025.12.31","2025.12.29","1.3","0.1","6.48","OK"
"RSIMOM_T2A_SMA10_P14_BWD","2020.01.01..2022.12.31","2022.12.30","0","0","15.08","OK"
"RSIMOM_T2A_SMA10_P14_MAIN","2023.01.01..2025.12.31","2025.12.30","0","0","11.06","OK"
"RSIMOM_T2A_SMA10_P21_BWD","2020.01.01..2022.12.31","2022.12.30","0","0","11.1","OK"
"RSIMOM_T2A_SMA10_P21_MAIN","2023.01.01..2025.12.31","2025.12.30","0","0","10.01","OK"
"RSIMOM_T2A_SMA10_P9_BWD","2020.01.01..2022.12.31","2022.12.30","0","0","6.94","OK"
"RSIMOM_T2A_SMA10_P9_MAIN","2023.01.01..2025.12.31","2025.12.30","0","0","13.15","OK"
"RSIMOM_T2A_SMA14_P14_BWD","2020.01.01..2022.12.31","2022.12.30","0","0","10.71","OK"
"RSIMOM_T2A_SMA14_P14_MAIN","2023.01.01..2025.12.31","2025.12.30","0","0","12.14","OK"
"RSIMOM_T2A_SMA14_P21_BWD","2020.01.01..2022.12.31","2022.12.30","0","0","8.55","OK"
"RSIMOM_T2A_SMA14_P21_MAIN","2023.01.01..2025.12.31","2025.12.30","0","0","6.09","OK"
"RSIMOM_T2A_SMA14_P9_BWD","2020.01.01..2022.12.31","2022.12.30","0","0","11.48","OK"
"RSIMOM_T2A_SMA14_P9_MAIN","2023.01.01..2025.12.31","2025.12.30","0","0","12.62","OK"
"RSIMOM_T2A_SMA20_P14_BWD","2020.01.01..2022.12.31","2022.12.30","0","0","4.75","OK"
"RSIMOM_T2A_SMA20_P14_MAIN","2023.01.01..2025.12.31","2025.12.30","0","0","6.4","OK"
"RSIMOM_T2A_SMA20_P21_BWD","2020.01.01..2022.12.31","2022.12.30","0","0","3.72","OK"
"RSIMOM_T2A_SMA20_P21_MAIN","2023.01.01..2025.12.31","2025.12.30","0","0","7.95","OK"
"RSIMOM_T2A_SMA20_P9_BWD","2020.01.01..2022.12.31","2022.12.30","0","0","8.56","OK"
"RSIMOM_T2A_SMA20_P9_MAIN","2023.01.01..2025.12.31","2025.12.30","0","0","8.32","OK"
"RSIMOM_T2A_SMA30_P14_BWD","2020.01.01..2022.12.31","2022.12.30","0","0","10.22","OK"
"RSIMOM_T2A_SMA30_P14_MAIN","2023.01.01..2025.12.31","2025.12.30","0","0","6.54","OK"
"RSIMOM_T2A_SMA30_P21_BWD","2020.01.01..2022.12.31","2022.12.30","0","0","11.41","OK"
"RSIMOM_T2A_SMA30_P21_MAIN","2023.01.01..2025.12.31","2025.12.30","0.1","0","7.26","OK"
"RSIMOM_T2A_SMA30_P9_BWD","2020.01.01..2022.12.31","2022.12.30","0","0","9.65","OK"
"RSIMOM_T2A_SMA30_P9_MAIN","2023.01.01..2025.12.31","2025.12.30","0","0","12.52","OK"
"RSIMOM_T2C_LB10_P14_BWD","2020.01.01..2022.12.31","2022.12.30","0","0","6.73","OK"
"RSIMOM_T2C_LB10_P14_MAIN","2023.01.01..2025.12.31","2025.12.30","0","0","10.67","OK"
"RSIMOM_T2C_LB10_P21_BWD","2020.01.01..2022.12.31","2022.12.30","0","0","6.22","OK"
"RSIMOM_T2C_LB10_P21_MAIN","2023.01.01..2025.12.31","2025.12.30","0","0","10.99","OK"
"RSIMOM_T2C_LB10_P9_BWD","2020.01.01..2022.12.31","2022.12.30","0","0","7.55","OK"
"RSIMOM_T2C_LB10_P9_MAIN","2023.01.01..2025.12.31","2025.12.30","0","0","12.05","OK"
"RSIMOM_T2C_LB15_P14_BWD","2020.01.01..2022.12.31","2022.12.30","0","0","4.48","OK"
"RSIMOM_T2C_LB15_P14_MAIN","2023.01.01..2025.12.31","2025.12.30","0","0","6.31","OK"
"RSIMOM_T2C_LB15_P21_BWD","2020.01.01..2022.12.31","2022.12.30","0","0","3.23","OK"
"RSIMOM_T2C_LB15_P21_MAIN","2023.01.01..2025.12.31","2025.12.30","0","0","6.29","OK"
"RSIMOM_T2C_LB15_P9_BWD","2020.01.01..2022.12.31","2022.12.30","0","0","5.12","OK"
"RSIMOM_T2C_LB15_P9_MAIN","2023.01.01..2025.12.31","2025.12.30","0","0","10.04","OK"
"RSIMOM_T2C_LB20_P14_BWD","2020.01.01..2022.12.31","2022.12.30","0","0","3.45","OK"
"RSIMOM_T2C_LB20_P14_MAIN","2023.01.01..2025.12.31","2025.12.30","0","0","6.48","OK"
"RSIMOM_T2C_LB20_P21_BWD","2020.01.01..2022.12.31","2022.12.30","0","0","5.05","OK"
"RSIMOM_T2C_LB20_P21_MAIN","2023.01.01..2025.12.31","2025.12.30","0","0","5.95","OK"
"RSIMOM_T2C_LB20_P9_BWD","2020.01.01..2022.12.31","2022.12.30","0","0","5.18","OK"
"RSIMOM_T2C_LB20_P9_MAIN","2023.01.01..2025.12.31","2025.12.30","0","0","9.32","OK"
"RSIMOM_T2C_LB30_P14_BWD","2020.01.01..2022.12.31","2022.12.30","0","0","4.19","OK"
"RSIMOM_T2C_LB30_P14_MAIN","2023.01.01..2025.12.31","2025.12.30","0","0","6.22","OK"
"RSIMOM_T2C_LB30_P21_BWD","2020.01.01..2022.12.31","2022.12.30","0","0","3.83","OK"
"RSIMOM_T2C_LB30_P21_MAIN","2023.01.01..2025.12.31","2025.12.30","0","0","5.62","OK"
"RSIMOM_T2C_LB30_P9_BWD","2020.01.01..2022.12.31","2022.12.30","0","0","5.81","OK"
"RSIMOM_T2C_LB30_P9_MAIN","2023.01.01..2025.12.31","2025.12.30","0","0","11","OK"
"RSIMOMGBP_A_SMA14_P14_H4_BWD","2020.01.01..2022.12.31","2022.12.30","0","0","1.23","OK"
"RSIMOMGBP_A_SMA14_P14_H4_MAIN","2023.01.01..2025.12.31","2025.12.30","0","0","2.31","OK"
"RSIMOMGBP_A_SMA14_P21_H4_BWD","2020.01.01..2022.12.31","2022.12.30","0","0","1.72","OK"
"RSIMOMGBP_A_SMA14_P21_H4_MAIN","2023.01.01..2025.12.31","2025.12.30","0","0","1.41","OK"
"RSIMOMGBP_A_SMA14_P9_H4_BWD","2020.01.01..2022.12.31","2022.12.30","0","0","1.58","OK"
"RSIMOMGBP_A_SMA14_P9_H4_MAIN","2023.01.01..2025.12.31","2025.12.30","0","0","2.01","OK"
"RSIMOMGBP_A_SMA20_P14_H1_BWD","2020.01.01..2022.12.31","2022.12.30","0","0","2.99","OK"
"RSIMOMGBP_A_SMA20_P14_H4_BWD","2020.01.01..2022.12.31","2022.12.30","0","0","1.07","OK"
"RSIMOMGBP_A_SMA20_P14_H4_MAIN","2023.01.01..2025.12.31","2025.12.30","0","0","1.8","OK"
"RSIMOMGBP_A_SMA20_P21_H1_BWD","2020.01.01..2022.12.31","2022.12.30","0","0","3.72","OK"
"RSIMOMGBP_A_SMA20_P21_H1_MAIN","2023.01.01..2025.12.31","2025.12.30","0","0","3.28","OK"
"RSIMOMGBP_A_SMA20_P21_H4_BWD","2020.01.01..2022.12.31","2022.12.30","0","0","1.16","OK"
"RSIMOMGBP_A_SMA20_P21_H4_MAIN","2023.01.01..2025.12.31","2025.12.30","0","0","1.36","OK"
"RSIMOMGBP_A_SMA20_P9_H1_BWD","2020.01.01..2022.12.31","2022.12.30","0","0","3.44","OK"
"RSIMOMGBP_A_SMA20_P9_H1_MAIN","2023.01.01..2025.12.31","2025.12.30","0.3","0","2.21","OK"
"RSIMOMGBP_A_SMA20_P9_H4_BWD","2020.01.01..2022.12.31","2022.12.30","0","0","1.89","OK"
"RSIMOMGBP_A_SMA20_P9_H4_MAIN","2023.01.01..2025.12.31","2025.12.30","0","0","3.22","OK"
"RSIMOMGBP_A_SMA30_P14_H1_BWD","2020.01.01..2022.12.31","2022.12.30","0","0","3.52","OK"
"RSIMOMGBP_A_SMA30_P14_H1_MAIN","2023.01.01..2025.12.31","2025.12.30","0","0","4.17","OK"
"RSIMOMGBP_A_SMA30_P14_H4_BWD","2020.01.01..2022.12.31","2022.12.30","0","0","0.81","OK"
"RSIMOMGBP_A_SMA30_P14_H4_MAIN","2023.01.01..2025.12.31","2025.12.30","0","0","1.64","OK"
"RSIMOMGBP_A_SMA30_P21_H1_BWD","2020.01.01..2022.12.31","2022.12.30","0","0","4.62","OK"
"RSIMOMGBP_A_SMA30_P21_H1_MAIN","2023.01.01..2025.12.31","2025.12.30","0","0","3.83","OK"
"RSIMOMGBP_A_SMA30_P21_H4_BWD","2020.01.01..2022.12.31","2022.12.30","0","0","2.02","OK"
"RSIMOMGBP_A_SMA30_P21_H4_MAIN","2023.01.01..2025.12.31","2025.12.30","0","0","1.67","OK"
"RSIMOMGBP_A_SMA30_P9_H1_BWD","2020.01.01..2022.12.31","2022.12.30","0","0","3.32","OK"
"RSIMOMGBP_A_SMA30_P9_H1_MAIN","2023.01.01..2025.12.31","2025.12.30","0","0","2.79","OK"
"RSIMOMGBP_A_SMA30_P9_H4_BWD","2020.01.01..2022.12.31","2022.12.30","0","0","1.46","OK"
"RSIMOMGBP_A_SMA30_P9_H4_MAIN","2023.01.01..2025.12.31","2025.12.30","0","0","2.55","OK"
"RSIMOMGBP_B_P14_L45_H1_BWD","2020.01.01..2022.12.31","2022.12.30","0","0","1.5","OK"
"RSIMOMGBP_B_P14_L45_H4_BWD","2020.01.01..2022.12.31","2022.12.30","0","0","2.63","OK"
"RSIMOMGBP_B_P14_L45_H4_MAIN","2023.01.01..2025.12.31","2025.12.30","0","0","2.86","OK"
"RSIMOMGBP_B_P14_L50_H4_MAIN","2023.01.01..2025.12.31","2025.12.30","0","0","2.31","OK"
"RSIMOMGBP_B_P14_L55_H1_BWD","2020.01.01..2022.12.31","2022.12.30","0","0","2.12","OK"
"RSIMOMGBP_B_P14_L55_H4_BWD","2020.01.01..2022.12.31","2022.12.30","0","0","1.66","OK"
"RSIMOMGBP_B_P14_L55_H4_MAIN","2023.01.01..2025.12.31","2025.12.30","0","0","1.47","OK"
"RSIMOMGBP_B_P21_L45_H1_BWD","2020.01.01..2022.12.31","2022.12.29","1.3","0.1","1.44","OK"
"RSIMOMGBP_B_P21_L45_H1_MAIN","2023.01.01..2025.12.31","2025.12.30","0","0","1.39","OK"
"RSIMOMGBP_B_P21_L45_H4_MAIN","2023.01.01..2025.12.31","2025.12.18","12.3","1.1","2.11","OK"
"RSIMOMGBP_B_P21_L50_H1_BWD","2020.01.01..2022.12.31","2022.12.30","0","0","1.99","OK"
"RSIMOMGBP_B_P21_L50_H1_MAIN","2023.01.01..2025.12.31","2025.12.30","0","0","2.34","OK"
"RSIMOMGBP_B_P21_L50_H4_MAIN","2023.01.01..2025.12.31","2025.12.30","0","0","1.41","OK"
"RSIMOMGBP_B_P21_L55_H1_BWD","2020.01.01..2022.12.31","2022.12.30","0","0","2.81","OK"
"RSIMOMGBP_B_P21_L55_H1_MAIN","2023.01.01..2025.12.31","2025.12.30","0.3","0","1.77","OK"
"RSIMOMGBP_B_P21_L55_H4_BWD","2020.01.01..2022.12.31","2022.12.20","10.7","1","1.49","OK"
"RSIMOMGBP_B_P21_L55_H4_MAIN","2023.01.01..2025.12.31","2025.12.30","0","0","1.36","OK"
"RSIMOMGBP_B_P9_L45_H1_BWD","2020.01.01..2022.12.31","2022.12.30","0","0","1.87","OK"
"RSIMOMGBP_B_P9_L45_H1_MAIN","2023.01.01..2025.12.31","2025.12.30","0.3","0","2.11","OK"
"RSIMOMGBP_B_P9_L45_H4_MAIN","2023.01.01..2025.12.31","2025.12.30","0","0","1.36","OK"
"RSIMOMGBP_B_P9_L50_H1_BWD","2020.01.01..2022.12.31","2022.12.30","0","0","2.39","OK"
"RSIMOMGBP_B_P9_L50_H1_MAIN","2023.01.01..2025.12.31","2025.12.30","0","0","2.02","OK"
"RSIMOMGBP_B_P9_L50_H4_BWD","2020.01.01..2022.12.31","2022.12.30","0","0","0.92","OK"
"RSIMOMGBP_B_P9_L50_H4_MAIN","2023.01.01..2025.12.31","2025.12.30","0","0","2.75","OK"
"RSIMOMGBP_B_P9_L55_H1_BWD","2020.01.01..2022.12.31","2022.12.30","0","0","2.48","OK"
"RSIMOMGBP_B_P9_L55_H1_MAIN","2023.01.01..2025.12.31","2025.12.30","0","0","1.78","OK"
"RSIMOMGBP_B_P9_L55_H4_BWD","2020.01.01..2022.12.31","2022.12.30","0","0","1.96","OK"
"RSIMOMGBP_B_P9_L55_H4_MAIN","2023.01.01..2025.12.31","2025.12.30","0","0","1.52","OK"
"RSIMOMGBP_C_LB15_P14_H1_BWD","2020.01.01..2022.12.31","2022.12.30","0","0","2.58","OK"
"RSIMOMGBP_C_LB15_P14_H1_MAIN","2023.01.01..2025.12.31","2025.12.30","0","0","3.41","OK"
"RSIMOMGBP_C_LB15_P14_H4_BWD","2020.01.01..2022.12.31","2022.12.30","0","0","1.47","OK"
"RSIMOMGBP_C_LB15_P14_H4_MAIN","2023.01.01..2025.12.31","2025.12.30","0","0","2.2","OK"
"RSIMOMGBP_C_LB15_P21_H1_BWD","2020.01.01..2022.12.31","2022.12.30","0","0","3.14","OK"
"RSIMOMGBP_C_LB15_P21_H1_MAIN","2023.01.01..2025.12.31","2025.12.30","0","0","3.74","OK"
"RSIMOMGBP_C_LB15_P9_H1_BWD","2020.01.01..2022.12.31","2022.12.30","0","0","4.33","OK"
"RSIMOMGBP_C_LB15_P9_H1_MAIN","2023.01.01..2025.12.31","2025.12.30","0","0","3.27","OK"
"RSIMOMGBP_C_LB15_P9_H4_BWD","2020.01.01..2022.12.31","2022.12.30","0","0","2.05","OK"
"RSIMOMGBP_C_LB20_P14_H1_MAIN","2023.01.01..2025.12.31","2025.12.30","0","0","3.87","OK"
"RSIMOMGBP_C_LB20_P14_H4_BWD","2020.01.01..2022.12.31","2022.12.30","0","0","2.34","OK"
"RSIMOMGBP_C_LB20_P14_H4_MAIN","2023.01.01..2025.12.31","2025.12.30","0","0","4.53","OK"
"RSIMOMGBP_C_LB20_P21_H1_BWD","2020.01.01..2022.12.31","2022.12.30","0","0","4.63","OK"
"RSIMOMGBP_C_LB20_P21_H1_MAIN","2023.01.01..2025.12.31","2025.12.30","0","0","3.76","OK"
"RSIMOMGBP_C_LB20_P21_H4_BWD","2020.01.01..2022.12.31","2022.12.30","0","0","1.68","OK"
"RSIMOMGBP_C_LB20_P21_H4_MAIN","2023.01.01..2025.12.31","2025.12.30","0","0","2.64","OK"
"RSIMOMGBP_C_LB20_P9_H1_BWD","2020.01.01..2022.12.31","2022.12.30","0","0","3.84","OK"
"RSIMOMGBP_C_LB20_P9_H1_MAIN","2023.01.01..2025.12.31","2025.12.30","0","0","2.58","OK"
"RSIMOMGBP_C_LB20_P9_H4_BWD","2020.01.01..2022.12.31","2022.12.30","0","0","2.11","OK"
"RSIMOMGBP_C_LB20_P9_H4_MAIN","2023.01.01..2025.12.31","2025.12.30","0","0","4.43","OK"
"RSIMOMGBP_C_LB30_P14_H1_BWD","2020.01.01..2022.12.31","2022.12.30","0","0","3.16","OK"
"RSIMOMGBP_C_LB30_P14_H1_MAIN","2023.01.01..2025.12.31","2025.12.30","0","0","1.83","OK"
"RSIMOMGBP_C_LB30_P14_H4_BWD","2020.01.01..2022.12.31","2022.12.30","0","0","2.35","OK"
"RSIMOMGBP_C_LB30_P14_H4_MAIN","2023.01.01..2025.12.31","2025.12.30","0","0","1.81","OK"
"RSIMOMGBP_C_LB30_P21_H1_BWD","2020.01.01..2022.12.31","2022.12.30","0","0","2.08","OK"
"RSIMOMGBP_C_LB30_P21_H1_MAIN","2023.01.01..2025.12.31","2025.12.30","0","0","1.78","OK"
"RSIMOMGBP_C_LB30_P21_H4_BWD","2020.01.01..2022.12.31","2022.12.30","0","0","3.41","OK"
"RSIMOMGBP_C_LB30_P21_H4_MAIN","2023.01.01..2025.12.31","2025.12.30","0","0","1.6","OK"
"RSIMOMGBP_C_LB30_P9_H1_BWD","2020.01.01..2022.12.31","2022.12.30","0","0","1.9","OK"
"RSIMOMGBP_C_LB30_P9_H1_MAIN","2023.01.01..2025.12.31","2025.12.30","0","0","2.1","OK"
"RSIMR_ATR0.5_BWD","2020.01.01..2023.01.01","2022.12.15","16.5","1.5","19.14","OK"
"RSIMR_ATR0.5_FWD","2025.01.01..2026.07.01","2026.06.30","0","0","36.75","OK"
"RSIMR_ATR1.5_BWD","2020.01.01..2023.01.01","2022.12.15","16.5","1.5","37.79","OK"
"RSIMR_ATR1.5_FWD","2025.01.01..2026.07.01","2026.06.30","0","0","36.99","OK"
"RSIMR_ATR1_BWD","2020.01.01..2023.01.01","2022.12.15","16.5","1.5","18.83","OK"
"RSIMR_ATR1_FWD","2025.01.01..2026.07.01","2026.06.30","0","0","37.54","OK"
"RSIMR_ATR2_BWD","2020.01.01..2023.01.01","2022.12.15","16.2","1.5","20.71","OK"
"RSIMR_ATR2_FWD","2025.01.01..2026.07.01","2026.06.30","0","0","36.81","OK"
"RSIMR_ATR3_BWD","2020.01.01..2023.01.01","2022.12.16","15","1.4","26.4","OK"
"RSIMR_ATR3_FWD","2025.01.01..2026.07.01","2026.06.30","0","0","10.89","OK"
"RSIMR_ATR5_BWD","2020.01.01..2023.01.01","2022.12.15","16.2","1.5","14.95","OK"
"RSIMR_ATR5_FWD","2025.01.01..2026.07.01","2026.06.30","0","0","4.93","OK"
"RSIMR_ATRc_AUDUSD_5_BWD","2020.01.01..2023.01.01","2022.12.30","1","0.1","19.08","OK"
"RSIMR_ATRc_AUDUSD_5_FWD","2025.01.01..2026.07.01","2026.06.30","0","0","13.37","OK"
"RSIMR_ATRc_EURUSD_4_BWD","2020.01.01..2023.01.01","2022.12.30","1","0.1","32.85","OK"
"RSIMR_ATRc_EURUSD_4_FWD","2025.01.01..2026.07.01","2026.06.30","0","0","6.22","OK"
"RSIMR_ATRc_EURUSD_6_BWD","2020.01.01..2023.01.01","2022.12.30","1","0.1","10.45","OK"
"RSIMR_ATRc_EURUSD_6_FWD","2025.01.01..2026.07.01","2026.06.30","0","0","6.07","OK"
"RSIMR_ATRc_EURUSD_8_BWD","2020.01.01..2023.01.01","2022.12.30","1","0.1","7.52","OK"
"RSIMR_ATRc_EURUSD_8_FWD","2025.01.01..2026.07.01","2026.06.30","0","0","2.98","OK"
"RSIMR_ATRc_GBPUSD_5_BWD","2020.01.01..2023.01.01","2022.12.28","3.3","0.3","16.67","OK"
"RSIMR_ATRc_GBPUSD_5_FWD","2025.01.01..2026.07.01","2026.06.30","0","0","4.47","OK"
"RSIMR_ATRc_USDJPY_5_BWD","2020.01.01..2023.01.01","2022.12.30","1","0.1","54.37","OK"
"RSIMR_ATRc_USDJPY_5_FWD","2025.01.01..2026.07.01","2026.06.30","0","0","10.25","OK"
"RSIMR_ATRf_10_BWD","2020.01.01..2023.01.01","2022.12.30","1","0.1","4.72","OK"
"RSIMR_ATRf_10_FWD","2025.01.01..2026.07.01","2026.06.30","0","0","2.57","OK"
"RSIMR_ATRf_7_BWD","2020.01.01..2023.01.01","2022.12.30","1","0.1","13.01","OK"
"RSIMR_ATRf_7_FWD","2025.01.01..2026.07.01","2026.06.30","0","0","3.98","OK"
"RSIMR_ATRf_9_BWD","2020.01.01..2023.01.01","2022.12.30","1","0.1","5.33","OK"
"RSIMR_ATRf_9_FWD","2025.01.01..2026.07.01","2026.06.30","0","0","3.36","OK"
"RSIMR_CF_LIN_0.02","2025.01.01..2026.07.01","2026.06.30","0","0","37.05","OK"
"RSIMR_CF_LIN_0.03","2025.01.01..2026.07.01","2026.06.29","1.7","0.3","37.16","OK"
"RSIMR_CF_LOG_5","2025.01.01..2026.07.01","2026.06.30","0","0","37.54","OK"
"RSIMR_CONT_ESCALATED_LOG5_BWD","2020.01.01..2023.01.01","2022.12.30","1","0.1","5.35","OK"
"RSIMR_CONT_ESCALATED_LOG5_HOLDOUT","2026.01.01..2026.07.01","2026.06.30","0","0","3.63","OK"
"RSIMR_CONT_ESCALATED_LOG5_MAIN","2023.01.01..2026.01.01","2025.12.31","0","0","8.07","OK"
"RSIMR_CONT_FLATLOT_BWD","2020.01.01..2023.01.01","2022.12.30","1","0.1","4.12","OK"
"RSIMR_CONT_FLATLOT_MAIN","2023.01.01..2026.01.01","2025.12.31","0","0","1.57","OK"
"RSIMR_EURUSD_BWD_deepgrid","2020.01.01..2023.01.01","2022.12.15","16.2","1.5","31.71","OK"
"RSIMR_EURUSD_BWD_wideSL","2020.01.01..2023.01.01","2022.12.15","16.2","1.5","12.23","OK"
"RSIMR_EURUSD_smoke","2025.01.01..2026.07.01","2026.06.30","0","0","4.17","OK"
"RSIMR_EURUSD_wideSL","2025.01.01..2026.07.01","2026.06.30","0","0","3.57","OK"
"RSIMR_FAN_CENTER_BWD","2020.01.01..2023.01.01","2022.12.30","1","0.1","5.48","OK"
"RSIMR_FAN_CENTER_MAIN","2023.01.01..2026.01.01","2025.12.31","0","0","4.99","OK"
"RSIMR_FAN_DIST_HIGH_BWD","2020.01.01..2023.01.01","2022.12.30","1","0.1","4.43","OK"
"RSIMR_FAN_DIST_HIGH_MAIN","2023.01.01..2026.01.01","2025.12.31","0","0","4.57","OK"
"RSIMR_FAN_DIST_LOW_BWD","2020.01.01..2023.01.01","2022.12.30","1","0.1","8.34","OK"
"RSIMR_FAN_DIST_LOW_MAIN","2023.01.01..2026.01.01","2025.12.31","0.5","0","5.22","OK"
"RSIMR_FAN_RSI_OB_HIGH_BWD","2020.01.01..2023.01.01","2022.11.23","38.1","3.5","5.89","OK"
"RSIMR_FAN_RSI_OB_HIGH_MAIN","2023.01.01..2026.01.01","2025.12.10","21","1.9","5.53","OK"
"RSIMR_FAN_RSI_OB_LOW_BWD","2020.01.01..2023.01.01","2022.12.30","1","0.1","5.28","OK"
"RSIMR_FAN_RSI_OB_LOW_MAIN","2023.01.01..2026.01.01","2025.12.31","0","0","4.22","OK"
"RSIMR_FAN_RSI_OS_HIGH_BWD","2020.01.01..2023.01.01","2022.12.30","1","0.1","5.28","OK"
"RSIMR_FAN_RSI_OS_HIGH_MAIN","2023.01.01..2026.01.01","2025.12.31","0","0","8.23","OK"
"RSIMR_FAN_RSI_OS_LOW_BWD","2020.01.01..2023.01.01","2022.12.30","1","0.1","3.72","OK"
"RSIMR_FAN_RSI_OS_LOW_MAIN","2023.01.01..2026.01.01","2025.12.31","0","0","3.73","OK"
"RSIMR_FAN_SL_HIGH_BWD","2020.01.01..2023.01.01","2022.12.30","1","0.1","7.49","OK"
"RSIMR_FAN_SL_HIGH_MAIN","2023.01.01..2026.01.01","2025.12.31","0","0","5.45","OK"
"RSIMR_FAN_SL_LOW_BWD","2020.01.01..2023.01.01","2022.12.30","1","0.1","2.86","OK"
"RSIMR_FAN_SL_LOW_MAIN","2023.01.01..2026.01.01","2025.12.31","0","0","4.74","OK"
"RSIMR_FULLSPAN","2020.01.01..2026.07.01","2026.06.30","0","0","5.33","OK"
"RSIMR_HO_AUDUSD_M30","2023.01.01..2025.01.01","2024.12.31","0","0","6.21","OK"
"RSIMR_HO_EURJPY_M30","2023.01.01..2025.01.01","2024.12.31","0","0","14.83","OK"
"RSIMR_HO_EURUSD_H1_retry","2023.01.01..2025.01.01","2024.12.31","0","0","5.13","OK"
"RSIMR_HO_EURUSD_M30","2023.01.01..2025.01.01","2024.12.31","0","0","9.52","OK"
"RSIMR_L2_RSI25_75_SL15_BWD","2020.01.01..2023.01.01","2022.12.30","1","0.1","3.79","OK"
"RSIMR_L2_RSI25_75_SL15_MAIN","2023.01.01..2026.01.01","2025.12.31","0","0","4.1","OK"
"RSIMR_L2_RSI25_75_SL25_BWD","2020.01.01..2023.01.01","2022.12.30","1","0.1","5.48","OK"
"RSIMR_L2_RSI25_75_SL25_HOLDOUT","2026.01.01..2026.07.01","2026.06.30","0","0","2.14","OK"
"RSIMR_L2_RSI25_75_SL25_MAIN","2023.01.01..2026.01.01","2025.12.31","0","0","4.99","OK"
"RSIMR_L2_RSI25_75_SL35_BWD","2020.01.01..2023.01.01","2022.12.30","1","0.1","7.71","OK"
"RSIMR_L2_RSI25_75_SL35_MAIN","2023.01.01..2026.01.01","2025.12.31","0","0","9.2","OK"
"RSIMR_L2_RSI30_70_SL15_BWD","2020.01.01..2023.01.01","2022.12.30","1","0.1","2.88","OK"
"RSIMR_L2_RSI30_70_SL15_MAIN","2023.01.01..2026.01.01","2025.12.31","0","0","3.22","OK"
"RSIMR_L2_RSI30_70_SL25_BWD","2020.01.01..2023.01.01","2022.12.30","1","0.1","5.35","OK"
"RSIMR_L2_RSI30_70_SL25_MAIN","2023.01.01..2026.01.01","2025.12.31","0","0","8.07","OK"
"RSIMR_L2_RSI30_70_SL35_BWD","2020.01.01..2023.01.01","2022.12.30","1","0.1","7.26","OK"
"RSIMR_L2_RSI30_70_SL35_MAIN","2023.01.01..2026.01.01","2025.12.31","0","0","11.28","OK"
"RSIMR_L2_RSI35_65_SL15_BWD","2020.01.01..2023.01.01","2022.12.30","1","0.1","7.34","OK"
"RSIMR_L2_RSI35_65_SL15_MAIN","2023.01.01..2026.01.01","2025.12.31","0","0","3.64","OK"
"RSIMR_L2_RSI35_65_SL25_BWD","2020.01.01..2023.01.01","2022.12.30","1","0.1","3.72","OK"
"RSIMR_L2_RSI35_65_SL25_MAIN","2023.01.01..2026.01.01","2025.12.31","0","0","9.36","OK"
"RSIMR_L2_RSI35_65_SL35_BWD","2020.01.01..2023.01.01","2022.12.30","1","0.1","14.08","OK"
"RSIMR_L2_RSI35_65_SL35_MAIN","2023.01.01..2026.01.01","2025.12.31","0","0","11.44","OK"
"RSIMR_MJ_AUDJPY_H1_BWD","2020.01.01..2023.01.01","2022.12.30","1","0.1","17","OK"
"RSIMR_MJ_AUDJPY_H1_FWD","2025.01.01..2026.07.01","2026.06.30","0","0","2.42","OK"
"RSIMR_MJ_AUDJPY_M30_BWD","2020.01.01..2023.01.01","2022.12.30","1","0.1","18.77","OK"
"RSIMR_MJ_AUDJPY_M30_FWD","2025.01.01..2026.07.01","2026.06.30","0","0","2.36","OK"
"RSIMR_MJ_AUDUSD_H1_BWD","2020.01.01..2023.01.01","2022.12.30","1","0.1","21.94","OK"
"RSIMR_MJ_AUDUSD_H1_FWD","2025.01.01..2026.07.01","2026.06.30","0","0","4.59","OK"
"RSIMR_MJ_AUDUSD_M30_BWD","2020.01.01..2023.01.01","2022.12.30","1","0.1","13.01","OK"
"RSIMR_MJ_AUDUSD_M30_FWD","2025.01.01..2026.07.01","2026.06.30","0","0","4.47","OK"
"RSIMR_MJ_CHFJPY_H1_BWD","2020.01.01..2023.01.01","2022.12.30","1","0.1","12.93","OK"
"RSIMR_MJ_CHFJPY_H1_FWD","2025.01.01..2026.07.01","2026.06.30","0","0","7.03","OK"
"RSIMR_MJ_CHFJPY_M30_BWD","2020.01.01..2023.01.01","2022.12.30","1","0.1","15.9","OK"
"RSIMR_MJ_CHFJPY_M30_FWD","2025.01.01..2026.07.01","2026.06.30","0","0","5.65","OK"
"RSIMR_MJ_EURAUD_H1_BWD","2020.01.01..2023.01.01","2022.12.30","1","0.1","10.13","OK"
"RSIMR_MJ_EURAUD_H1_FWD","2025.01.01..2026.07.01","2026.06.30","0","0","10.69","OK"
"RSIMR_MJ_EURAUD_M30_BWD","2020.01.01..2023.01.01","2022.12.30","1","0.1","16.16","OK"
"RSIMR_MJ_EURAUD_M30_FWD","2025.01.01..2026.07.01","2026.06.30","0","0","6.85","OK"
"RSIMR_MJ_EURCHF_H1_BWD","2020.01.01..2023.01.01","2022.12.30","1","0.1","11.81","OK"
"RSIMR_MJ_EURCHF_H1_FWD","2025.01.01..2026.07.01","2026.06.30","0","0","3.14","OK"
"RSIMR_MJ_EURCHF_M30_BWD","2020.01.01..2023.01.01","2022.12.30","1","0.1","14.42","OK"
"RSIMR_MJ_EURCHF_M30_FWD","2025.01.01..2026.07.01","2026.06.30","0","0","4.07","OK"
"RSIMR_MJ_EURGBP_H1_BWD","2020.01.01..2023.01.01","2022.12.30","1","0.1","9.1","OK"
"RSIMR_MJ_EURGBP_H1_FWD","2025.01.01..2026.07.01","2026.06.30","0","0","3.55","OK"
"RSIMR_MJ_EURGBP_M30_BWD","2020.01.01..2023.01.01","2022.12.30","1","0.1","10.78","OK"
"RSIMR_MJ_EURGBP_M30_FWD","2025.01.01..2026.07.01","2026.06.30","0","0","4.88","OK"
"RSIMR_MJ_EURJPY_H1_BWD","2020.01.01..2023.01.01","2022.12.30","1","0.1","9.91","OK"
"RSIMR_MJ_EURJPY_H1_FWD","2025.01.01..2026.07.01","2026.06.30","0","0","9.06","OK"
"RSIMR_MJ_EURJPY_M30_BWD","2020.01.01..2023.01.01","2022.12.30","1","0.1","11.54","OK"
"RSIMR_MJ_EURJPY_M30_FWD","2025.01.01..2026.07.01","2026.06.30","0","0","6.17","OK"
"RSIMR_MJ_EURUSD_H1_BWD","2020.01.01..2023.01.01","2022.12.30","1","0.1","5.33","OK"
"RSIMR_MJ_EURUSD_H1_FWD","2025.01.01..2026.07.01","2026.06.30","0","0","3.36","OK"
"RSIMR_MJ_EURUSD_M30_BWD","2020.01.01..2023.01.01","2022.12.30","1","0.1","9.69","OK"
"RSIMR_MJ_EURUSD_M30_FWD","2025.01.01..2026.07.01","2026.06.30","0","0","3.51","OK"
"RSIMR_MJ_GBPJPY_H1_BWD","2020.01.01..2023.01.01","2022.12.30","1","0.1","15.53","OK"
"RSIMR_MJ_GBPJPY_H1_FWD","2025.01.01..2026.07.01","2026.06.30","0","0","6.55","OK"
"RSIMR_MJ_GBPJPY_M30_BWD","2020.01.01..2023.01.01","2022.12.30","1","0.1","27.2","OK"
"RSIMR_MJ_GBPJPY_M30_FWD","2025.01.01..2026.07.01","2026.06.30","0","0","3.07","OK"
"RSIMR_MJ_GBPUSD_H1_BWD","2020.01.01..2023.01.01","2022.12.30","1","0.1","14.53","OK"
"RSIMR_MJ_GBPUSD_H1_FWD","2025.01.01..2026.07.01","2026.06.30","0","0","4.49","OK"
"RSIMR_MJ_GBPUSD_M30_BWD","2020.01.01..2023.01.01","2022.12.30","1","0.1","13.36","OK"
"RSIMR_MJ_GBPUSD_M30_FWD","2025.01.01..2026.07.01","2026.06.30","0","0","4.47","OK"
"RSIMR_MJ_NZDUSD_H1_BWD","2020.01.01..2023.01.01","2022.12.30","1","0.1","11.04","OK"
"RSIMR_MJ_NZDUSD_H1_FWD","2025.01.01..2026.07.01","2026.06.30","0","0","1.73","OK"
"RSIMR_MJ_NZDUSD_M30_BWD","2020.01.01..2023.01.01","2022.12.30","1","0.1","14.28","OK"
"RSIMR_MJ_NZDUSD_M30_FWD","2025.01.01..2026.07.01","2026.06.30","0","0","3.16","OK"
"RSIMR_MJ_USDCAD_H1_BWD","2020.01.01..2023.01.01","2022.12.30","1","0.1","7.88","OK"
"RSIMR_MJ_USDCAD_H1_FWD","2025.01.01..2026.07.01","2026.06.30","0","0","4.61","OK"
"RSIMR_MJ_USDCAD_M30_BWD","2020.01.01..2023.01.01","2022.12.30","1","0.1","6.41","OK"
"RSIMR_MJ_USDCAD_M30_FWD","2025.01.01..2026.07.01","2026.06.30","0","0","5.37","OK"
"RSIMR_MJ_USDCHF_H1_BWD","2020.01.01..2023.01.01","2022.12.22","9.2","0.8","6.7","OK"
"RSIMR_MJ_USDCHF_H1_FWD","2025.01.01..2026.07.01","2026.06.30","0","0","2.32","OK"
"RSIMR_MJ_USDCHF_M30_BWD","2020.01.01..2023.01.01","2022.12.30","1","0.1","8.76","OK"
"RSIMR_MJ_USDCHF_M30_FWD","2025.01.01..2026.07.01","2026.06.30","0","0","2.59","OK"
"RSIMR_MJ_USDJPY_H1_BWD","2020.01.01..2023.01.01","2022.12.30","1","0.1","23.02","OK"
"RSIMR_MJ_USDJPY_H1_FWD","2025.01.01..2026.07.01","2026.06.30","0","0","3.36","OK"
"RSIMR_MJ_USDJPY_M30_BWD","2020.01.01..2023.01.01","2022.12.30","1","0.1","23.71","OK"
"RSIMR_MJ_USDJPY_M30_FWD","2025.01.01..2026.07.01","2026.06.30","0","0","4.62","OK"
"RSIMR_ST_AUDUSD_H1_BWD","2020.01.01..2023.01.01","2022.12.30","1","0.1","21.94","OK"
"RSIMR_ST_AUDUSD_H1_FWD","2025.01.01..2026.07.01","2026.06.30","0","0","4.59","OK"
"RSIMR_ST_AUDUSD_H4_BWD","2020.01.01..2023.01.01","2022.12.30","1","0.1","8.25","OK"
"RSIMR_ST_AUDUSD_H4_FWD","2025.01.01..2026.07.01","2026.06.30","0","0","2.81","OK"
"RSIMR_ST_AUDUSD_M30_BWD","2020.01.01..2023.01.01","2022.12.30","1","0.1","13.01","OK"
"RSIMR_ST_AUDUSD_M30_FWD","2025.01.01..2026.07.01","2026.06.30","0","0","4.47","OK"
"RSIMR_ST_EURUSD_H1_BWD","2020.01.01..2023.01.01","2022.12.30","1","0.1","5.33","OK"
"RSIMR_ST_EURUSD_H1_FWD","2025.01.01..2026.07.01","2026.06.30","0","0","3.36","OK"
"RSIMR_ST_EURUSD_H4_BWD","2020.01.01..2023.01.01","2022.12.30","1","0.1","17.49","OK"
"RSIMR_ST_EURUSD_H4_FWD","2025.01.01..2026.07.01","2026.06.30","0","0","1.23","OK"
"RSIMR_ST_EURUSD_M30_BWD","2020.01.01..2023.01.01","2022.12.30","1","0.1","9.69","OK"
"RSIMR_ST_EURUSD_M30_FWD","2025.01.01..2026.07.01","2026.06.30","0","0","3.51","OK"
"RSIMR_ST_GBPUSD_H1_BWD","2020.01.01..2023.01.01","2022.12.30","1","0.1","14.53","OK"
"RSIMR_ST_GBPUSD_H1_FWD","2025.01.01..2026.07.01","2026.06.30","0","0","4.49","OK"
"RSIMR_ST_GBPUSD_H4_BWD","2020.01.01..2023.01.01","2022.12.15","16.2","1.5","4.53","OK"
"RSIMR_ST_GBPUSD_H4_FWD","2025.01.01..2026.07.01","2026.06.30","0","0","1.94","OK"
"RSIMR_ST_GBPUSD_M30_BWD","2020.01.01..2023.01.01","2022.12.30","1","0.1","13.36","OK"
"RSIMR_ST_GBPUSD_M30_FWD","2025.01.01..2026.07.01","2026.06.30","0","0","4.47","OK"
"RSIMR_ST_USDJPY_H1_BWD","2020.01.01..2023.01.01","2022.12.30","1","0.1","23.02","OK"
"RSIMR_ST_USDJPY_H1_FWD","2025.01.01..2026.07.01","2026.06.30","0","0","3.36","OK"
"RSIMR_ST_USDJPY_H4_BWD","2020.01.01..2023.01.01","2022.12.30","1","0.1","15.95","OK"
"RSIMR_ST_USDJPY_H4_FWD","2025.01.01..2026.07.01","2026.06.30","0","0","3.52","OK"
"RSIMR_ST_USDJPY_M30_BWD","2020.01.01..2023.01.01","2022.12.30","1","0.1","23.71","OK"
"RSIMR_ST_USDJPY_M30_FWD","2025.01.01..2026.07.01","2026.06.30","0","0","4.62","OK"
"RSIMR_SW_FIXED","2020.01.01..2023.01.01","2022.12.15","16.2","1.5","12.24","OK"
"RSIMR_SW_LIN_0.01","2020.01.01..2023.01.01","2022.12.15","16.5","1.5","30.5","OK"
"RSIMR_SW_LIN_0.02","2020.01.01..2023.01.01","2022.12.15","16.5","1.5","17.58","OK"
"RSIMR_SW_LIN_0.03","2020.01.01..2023.01.01","2022.12.15","16.5","1.5","18.81","OK"
"RSIMR_SW_LOG_10","2020.01.01..2023.01.01","2022.12.15","16.5","1.5","60.88","OK"
"RSIMR_SW_LOG_2","2020.01.01..2023.01.01","2022.12.15","16.2","1.5","24.12","OK"
"RSIMR_SW_LOG_20","2020.01.01..2023.01.01","2022.12.14","17.4","1.6","95.32","OK"
"RSIMR_SW_LOG_5","2020.01.01..2023.01.01","2022.12.15","16.5","1.5","18.83","OK"
"RSIMR_SW_MART_1.3","2020.01.01..2023.01.01","2022.12.15","16.2","1.5","20.22","OK"
"RSIMR_SW_MART_1.5","2020.01.01..2023.01.01","2022.12.15","16.2","1.5","35.11","OK"
"RSIMR_SYM_AUDUSD_BWD","2020.01.01..2023.01.01","2022.12.30","1","0.1","34.36","OK"
"RSIMR_SYM_AUDUSD_FWD","2025.01.01..2026.07.01","2026.06.30","0","0","30.4","OK"
"RSIMR_SYM_GBPUSD_BWD","2020.01.01..2023.01.01","2022.12.16","15.8","1.4","46.6","OK"
"RSIMR_SYM_GBPUSD_FWD","2025.01.01..2026.07.01","2026.06.30","0","0","34.15","OK"
"RSIMR_SYM_USDJPY_BWD","2020.01.01..2023.01.01","2022.12.30","1","0.1","94.97","OK"
"RSIMR_SYM_USDJPY_FWD","2025.01.01..2026.07.01","2026.06.30","0.2","0","14.79","OK"
"S1X_EURJPY_H4_BWD_M1","2020.01.01..2022.12.31","2022.12.30","0","0","0.92","OK"
"S1X_EURJPY_H4_BWD_M4","2020.01.01..2022.12.31","2022.12.30","0","0","0.93","OK"
"S1X_EURJPY_H4_MAIN_M1","2023.01.01..2025.12.31","2025.12.24","6.9","0.6","0.56","OK"
"S1X_EURJPY_H4_MAIN_M4","2023.01.01..2025.12.31","2025.12.24","6.9","0.6","0.56","OK"
"S1X_GBPJPY_H4_BWD_M1","2020.01.01..2022.12.31","2022.12.30","0","0","1.92","OK"
"S1X_GBPJPY_H4_MAIN_M1","2023.01.01..2025.12.31","2025.12.30","0","0","1.27","OK"
"S1X_USDJPY_H4_BWD_M1","2020.01.01..2022.12.31","2022.12.30","0","0","0.8","OK"
"S1X_USDJPY_H4_BWD_M4","2020.01.01..2022.12.31","2022.12.30","0","0","0.8","OK"
"S1X_USDJPY_H4_MAIN_M1","2023.01.01..2025.12.31","2025.12.30","0","0","0.59","OK"
"S1X_USDJPY_H4_MAIN_M4","2023.01.01..2025.12.31","2025.12.30","0","0","0.59","OK"
"S1X_XAGUSD_H1_BWD_M1","2020.01.01..2022.12.31","2022.12.30","0","0","7.04","OK"
"S1X_XAGUSD_H1_MAIN_M1","2023.01.01..2025.12.31","2025.12.30","0.1","0","11.07","OK"
"S1X_XAGUSD_H4_BWD_M1","2020.01.01..2022.12.31","2022.12.30","0","0","5.19","OK"
"S1X_XAGUSD_H4_BWD_M4","2020.01.01..2022.12.31","2022.12.30","0","0","5.24","OK"
"S1X_XAGUSD_H4_MAIN_M1","2023.01.01..2025.12.31","2025.12.19","11.8","1.1","2.94","OK"
"S1X_XAGUSD_H4_MAIN_M4","2023.01.01..2025.12.31","2025.12.19","11.8","1.1","2.95","OK"
"S2AX_lb100_adx20_BWD","2020.01.01..2022.12.31","2022.12.30","0","0","6.16","OK"
"S2AX_lb100_adx20_MAIN","2023.01.01..2025.12.31","2025.12.30","0","0","4.41","OK"
"S2AX_lb100_adx25_BWD","2020.01.01..2022.12.31","2022.12.30","0","0","5.96","OK"
"S2AX_lb100_adx25_MAIN","2023.01.01..2025.12.31","2025.12.30","0","0","4.43","OK"
"S2AX_lb100_adx30_BWD","2020.01.01..2022.12.31","2022.12.30","0","0","5.09","OK"
"S2AX_lb100_adx30_MAIN","2023.01.01..2025.12.31","2025.12.30","0","0","4.49","OK"
"S2AX_lb60_adx20_BWD","2020.01.01..2022.12.31","2022.12.30","0","0","5.68","OK"
"S2AX_lb60_adx20_MAIN","2023.01.01..2025.12.31","2025.12.30","0","0","4.51","OK"
"S2AX_lb60_adx25_BWD","2020.01.01..2022.12.31","2022.12.30","0","0","6.92","OK"
"S2AX_lb60_adx25_MAIN","2023.01.01..2025.12.31","2025.12.30","0","0","4.45","OK"
"S2AX_lb60_adx30_BWD","2020.01.01..2022.12.31","2022.12.30","0","0","5.13","OK"
"S2AX_lb60_adx30_MAIN","2023.01.01..2025.12.31","2025.12.30","0","0","4.5","OK"
"S2SW_lb100_dm1_BWD","2020.01.01..2022.12.31","2022.12.30","0","0","7.16","OK"
"S2SW_lb100_dm1_MAIN","2023.01.01..2025.12.31","2025.12.30","0","0","4.35","OK"
"S2SW_lb100_dm2_BWD","2020.01.01..2022.12.31","2022.12.30","0","0","6.7","OK"
"S2SW_lb100_dm2_MAIN","2023.01.01..2025.12.31","2025.12.30","0","0","4.33","OK"
"S2SW_lb100_dm3_BWD","2020.01.01..2022.12.31","2022.12.30","0","0","6.07","OK"
"S2SW_lb100_dm3_MAIN","2023.01.01..2025.12.31","2025.12.30","0","0","4.34","OK"
"S2SW_lb140_dm1_BWD","2020.01.01..2022.12.31","2022.12.01","29.7","2.7","6.66","OK"
"S2SW_lb140_dm1_MAIN","2023.01.01..2025.12.31","2025.12.30","0","0","4.4","OK"
"S2SW_lb140_dm2_BWD","2020.01.01..2022.12.31","2022.12.01","29.7","2.7","6.65","OK"
"S2SW_lb140_dm2_MAIN","2023.01.01..2025.12.31","2025.12.30","0","0","4.42","OK"
"S2SW_lb140_dm3_BWD","2020.01.01..2022.12.31","2022.12.01","29.7","2.7","6.21","OK"
"S2SW_lb140_dm3_MAIN","2023.01.01..2025.12.31","2025.12.30","0","0","4.42","OK"
"S2SW_lb60_dm1_BWD","2020.01.01..2022.12.31","2022.12.30","0","0","6.25","OK"
"S2SW_lb60_dm1_MAIN","2023.01.01..2025.12.31","2025.12.30","0","0","4.44","OK"
"S2SW_lb60_dm2_BWD","2020.01.01..2022.12.31","2022.12.30","0","0","5.34","OK"
"S2SW_lb60_dm2_MAIN","2023.01.01..2025.12.31","2025.12.30","0","0","4.49","OK"
"S2SW_lb60_dm3_BWD","2020.01.01..2022.12.31","2022.12.30","0","0","5.3","OK"
"S2SW_lb60_dm3_MAIN","2023.01.01..2025.12.31","2025.12.30","0","0","4.62","OK"
"S3_HOLDOUT_2026H1","2026.01.01..2026.06.30","2026.06.24","5.3","2.9","0.02","OK"
"S3M4_BWD","2020.01.01..2022.12.31","2022.12.28","2.5","0.2","0.09","OK"
"S3M4_HOLD","2026.01.01..2026.06.30","2026.06.24","5.3","2.9","0.05","OK"
"S3M4_MAIN","2023.01.01..2025.12.31","2025.12.29","1.3","0.1","0.31","OK"
"S5SW_mr0p15_sofalse_BWD","2020.01.01..2022.12.31","2020.08.24","858.4","78.4","0.17","QUIET_TAIL"
"S5SW_mr0p15_sofalse_MAIN","2023.01.01..2025.12.31","2024.06.19","559.5","51.1","0.07","QUIET_TAIL"
"S5SW_mr0p15_sotrue_BWD","2020.01.01..2022.12.31","2020.08.24","858.4","78.4","0.25","QUIET_TAIL"
"S5SW_mr0p15_sotrue_MAIN","2023.01.01..2025.12.31","2024.06.19","559.5","51.1","0.09","QUIET_TAIL"
"S5SW_mr0p2_sofalse_BWD","2020.01.01..2022.12.31","2022.11.24","36.3","3.3","0.25","OK"
"S5SW_mr0p2_sofalse_MAIN","2023.01.01..2025.12.31","2024.06.19","559.5","51.1","0.23","QUIET_TAIL"
"S5SW_mr0p2_sotrue_BWD","2020.01.01..2022.12.31","2022.11.24","36.3","3.3","0.24","OK"
"S5TP_mr0p30_tp1p5_BWD","2020.01.01..2022.12.31","2022.12.30","0.4","0","0.96","OK"
"S5TP_mr0p30_tp1p5_MAIN","2023.01.01..2025.12.31","2025.12.18","12.3","1.1","1.5","OK"
"S5TP_mr0p30_tp2p5_BWD","2020.01.01..2022.12.31","2022.12.30","0.4","0","1.04","OK"
"S5TP_mr0p30_tp2p5_MAIN","2023.01.01..2025.12.31","2025.12.18","12.3","1.1","1.97","OK"
"S5TP_mr0p30_tp4_BWD","2020.01.01..2022.12.31","2022.12.30","0.4","0","1.45","OK"
"S5TP_mr0p30_tp4_MAIN","2023.01.01..2025.12.31","2025.12.18","12.3","1.1","2.09","OK"
"SENS_AUDCAD_V1","2023.01.01..2026.07.01","2026.06.30","0","0","5.58","OK"
"SENS_AUDCAD_V2","2023.01.01..2026.07.01","2026.06.30","0","0","6.14","OK"
"SENS_AUDCAD_V3","2023.01.01..2026.07.01","2026.06.30","0","0","8.77","OK"
"SENS_AUDCAD_V4","2023.01.01..2026.07.01","2026.06.30","0","0","6.44","OK"
"SENS_AUDCAD_V5","2023.01.01..2026.07.01","2026.06.30","0","0","6.77","OK"
"SENS_AUDCAD_V6","2023.01.01..2026.07.01","2026.06.30","0","0","7.35","OK"
"SENS_AUDCAD_V7","2023.01.01..2026.07.01","2026.06.30","0","0","2.17","OK"
"SENS_AUDCAD_V8","2023.01.01..2026.07.01","2026.06.30","0","0","10.34","OK"
"SENS_AUDNZD_V1","2023.01.01..2026.07.01","2026.06.30","0","0","4.14","OK"
"SENS_AUDNZD_V2","2023.01.01..2026.07.01","2026.06.30","0","0","3.67","OK"
"SENS_AUDNZD_V3","2023.01.01..2026.07.01","2026.06.30","0","0","4.25","OK"
"SENS_AUDNZD_V4","2023.01.01..2026.07.01","2026.06.30","0","0","4.98","OK"
"SENS_AUDNZD_V5","2023.01.01..2026.07.01","2026.06.30","0","0","4.76","OK"
"SENS_AUDNZD_V6","2023.01.01..2026.07.01","2026.06.30","0","0","7.21","OK"
"SENS_AUDNZD_V7","2023.01.01..2026.07.01","2026.06.30","0","0","3.42","OK"
"SENS_AUDNZD_V8","2023.01.01..2026.07.01","2026.06.30","0","0","4.81","OK"
"SENS_CADJPY_V1","2023.01.01..2026.07.01","2026.06.30","0","0","10.57","OK"
"SENS_CADJPY_V2","2023.01.01..2026.07.01","2026.06.30","0","0","5.59","OK"
"SENS_CADJPY_V3","2023.01.01..2026.07.01","2026.06.30","0","0","6.01","OK"
"SENS_CADJPY_V4","2023.01.01..2026.07.01","2026.03.09","113.8","8.9","4.7","OK"
"SENS_CADJPY_V5","2023.01.01..2026.07.01","2026.06.30","0","0","7.94","OK"
"SENS_CADJPY_V6","2023.01.01..2026.07.01","2026.06.30","0","0","4.71","OK"
"SENS_CADJPY_V7","2023.01.01..2026.07.01","2024.07.11","719.3","56.3","6.27","QUIET_TAIL"
"SENS_CADJPY_V8","2023.01.01..2026.07.01","2026.06.30","0","0","6.39","OK"
"SENS_EURJPY_V1","2023.01.01..2026.07.01","2026.06.30","0","0","16.35","OK"
"SENS_EURJPY_V2","2023.01.01..2026.07.01","2026.04.17","74.7","5.8","3.5","OK"
"SENS_EURJPY_V3","2023.01.01..2026.07.01","2026.04.17","74.7","5.8","9.96","OK"
"SENS_EURJPY_V4","2023.01.01..2026.07.01","2026.06.30","0","0","12.14","OK"
"SENS_EURJPY_V5","2023.01.01..2026.07.01","2026.06.30","0","0","20.68","OK"
"SENS_EURJPY_V6","2023.01.01..2026.07.01","2026.06.30","0","0","15.79","OK"
"SENS_EURJPY_V7","2023.01.01..2026.07.01","2026.06.17","13.3","1","5.63","OK"
"SENS_EURJPY_V8","2023.01.01..2026.07.01","2026.04.17","74.7","5.8","14.7","OK"
"SENS_EURUSD_V1","2023.01.01..2026.07.01","2025.02.28","488","38.2","7.24","QUIET_TAIL"
"SENS_EURUSD_V2","2023.01.01..2026.07.01","2025.02.03","513","40.2","4.67","QUIET_TAIL"
"SENS_EURUSD_V3","2023.01.01..2026.07.01","2025.02.03","513","40.2","12.78","QUIET_TAIL"
"SENS_EURUSD_V4","2023.01.01..2026.07.01","2025.01.02","544.1","42.6","2.78","QUIET_TAIL"
"SENS_EURUSD_V5","2023.01.01..2026.07.01","2025.02.03","513","40.2","3.5","QUIET_TAIL"
"SENS_EURUSD_V6","2023.01.01..2026.07.01","2025.02.03","513","40.2","11.75","QUIET_TAIL"
"SENS_EURUSD_V7","2023.01.01..2026.07.01","2025.01.13","533.8","41.8","1.61","QUIET_TAIL"
"SENS_EURUSD_V8","2023.01.01..2026.07.01","2025.02.03","513","40.2","6.5","QUIET_TAIL"
"SENS_USDJPY_V1","2023.01.01..2026.07.01","2026.06.30","0","0","11.36","OK"
"SENS_USDJPY_V2","2023.01.01..2026.07.01","2026.06.30","0","0","5.56","OK"
"SENS_USDJPY_V3","2023.01.01..2026.07.01","2026.06.30","0","0","3.47","OK"
"SENS_USDJPY_V4","2023.01.01..2026.07.01","2026.06.30","0","0","6.53","OK"
"SENS_USDJPY_V5","2023.01.01..2026.07.01","2026.06.30","0.5","0","7.34","OK"
"SENS_USDJPY_V6","2023.01.01..2026.07.01","2026.06.30","0","0","11.58","OK"
"SENS_USDJPY_V7","2023.01.01..2026.07.01","2026.06.30","0","0","7.4","OK"
"SENS_USDJPY_V8","2023.01.01..2026.07.01","2026.06.30","0","0","8.49","OK"
"SIG20_GBP_H4_pyramid","2023.01.01..2026.06.01","2026.05.29","2","0.2","2.01","OK"
"SIG20_GBP_H4_single","2023.01.01..2026.06.01","2026.05.29","2","0.2","1.36","OK"
"SIG20_XAU_H4_pyramid","2023.01.01..2026.06.01","2026.05.29","2","0.2","20.36","OK"
"SIG20_XAU_H4_single","2023.01.01..2026.06.01","2026.05.29","2","0.2","18.14","OK"
"SMCSTOfan_center_BWD","2020.01.01..2022.12.31","2022.12.30","0.6","0.1","0.23","OK"
"SMCSTOfan_center_MAIN","2023.01.01..2025.12.31","2025.12.30","0.5","0","0.17","OK"
"SMCSTOfan_fan__01_EmaPeriod_40_BWD","2020.01.01..2022.12.31","2022.12.30","0.6","0.1","0.23","OK"
"SMCSTOfan_fan__01_EmaPeriod_40_MAIN","2023.01.01..2025.12.31","2025.12.30","0.5","0","0.18","OK"
"SMCSTOfan_fan__01_EmaPeriod_60_BWD","2020.01.01..2022.12.31","2022.12.30","0.6","0.1","0.25","OK"
"SMCSTOfan_fan__01_EmaPeriod_60_MAIN","2023.01.01..2025.12.31","2025.12.30","0.5","0","0.2","OK"
"SMCSTOfan_fan__02_OverSold_24_BWD","2020.01.01..2022.12.31","2022.12.30","0.6","0.1","0.16","OK"
"SMCSTOfan_fan__02_OverSold_24_MAIN","2023.01.01..2025.12.31","2025.12.30","0.5","0","0.15","OK"
"SMCSTOfan_fan__02_OverSold_36_BWD","2020.01.01..2022.12.31","2022.12.30","0.6","0.1","0.27","OK"
"SMCSTOfan_fan__02_OverSold_36_MAIN","2023.01.01..2025.12.31","2025.12.30","0.5","0","0.26","OK"
"SMCSTOfan_fan__02_StoK_10_BWD","2020.01.01..2022.12.31","2022.12.30","0.6","0.1","0.3","OK"
"SMCSTOfan_fan__02_StoK_10_MAIN","2023.01.01..2025.12.31","2025.12.17","13.2","1.2","0.16","OK"
"SMCSTOfan_fan__02_StoK_16_BWD","2020.01.01..2022.12.31","2022.12.08","22.6","2.1","0.19","OK"
"SMCSTOfan_fan__02_StoK_16_MAIN","2023.01.01..2025.12.31","2025.12.17","13.2","1.2","0.15","OK"
"SMCSTOfan_fan__03_SlAtrMult_2.4_BWD","2020.01.01..2022.12.31","2022.12.30","0.6","0.1","0.37","OK"
"SMCSTOfan_fan__03_SlAtrMult_2.4_MAIN","2023.01.01..2025.12.31","2025.12.30","0.5","0","0.24","OK"
"SMCSTOfan_fan__03_SlAtrMult_3.6_BWD","2020.01.01..2022.12.31","2022.12.30","0.6","0.1","0.28","OK"
"SMCSTOfan_fan__03_SlAtrMult_3.6_MAIN","2023.01.01..2025.12.31","2025.12.30","0.5","0","0.17","OK"
"SMCSTOfan_fan__03_TpAtrMult_0.8_BWD","2020.01.01..2022.12.31","2022.12.30","0.6","0.1","0.24","OK"
"SMCSTOfan_fan__03_TpAtrMult_0.8_MAIN","2023.01.01..2025.12.31","2025.12.30","0.5","0","0.19","OK"
"SMCSTOfan_fan__03_TpAtrMult_1.2_BWD","2020.01.01..2022.12.31","2022.12.30","0.6","0.1","0.25","OK"
"SMCSTOfan_fan__03_TpAtrMult_1.2_MAIN","2023.01.01..2025.12.31","2025.12.30","0.5","0","0.18","OK"
"SMCSTOfan_fan__08_AdxMax_24_BWD","2020.01.01..2022.12.31","2022.12.23","7.3","0.7","0.25","OK"
"SMCSTOfan_fan__08_AdxMax_24_MAIN","2023.01.01..2025.12.31","2025.12.30","0.5","0","0.21","OK"
"SMCSTOfan_fan__08_AdxMax_36_BWD","2020.01.01..2022.12.31","2022.12.30","0.6","0.1","0.22","OK"
"SMCSTOfan_fan__08_AdxMax_36_MAIN","2023.01.01..2025.12.31","2025.12.30","0.5","0","0.18","OK"
"SMOKE_ST_XAU_H1","2023.01.01..2026.06.01","2026.05.21","10.1","0.8","5.43","OK"
"SMOKE_ST_XAU_H4","2023.01.01..2026.06.01","2026.05.28","3.2","0.3","4.8","OK"
"SNOW_DON_FIX","2023.01.01..2026.07.01","2026.06.30","0","0","5.78","OK"
"SNOW_DON_R035","2023.01.01..2026.07.01","2026.06.30","0","0","14.31","OK"
"SNOW_DON_R05","2023.01.01..2026.07.01","2026.06.30","0","0","20.52","OK"
"SNOW_DON_R1","2023.01.01..2026.07.01","2026.06.30","0","0","35.51","OK"
"SNOW_ST_FIX","2023.01.01..2026.07.01","2026.06.30","0","0","1.92","OK"
"SNOW_ST_R1","2023.01.01..2026.07.01","2026.06.30","0","0","5.62","OK"
"SPRCHK_ST_base","2026.01.01..2026.07.01","2026.06.15","15.8","8.7","3.37","OK"
"SPRCHK_ST_s20","2026.01.01..2026.07.01","2026.06.15","15.8","8.7","3.37","OK"
"SPRCHK_ST_s300","2026.01.01..2026.07.01","2026.06.15","15.8","8.7","3.37","OK"
"SPRCHK_ST_ts300","2026.01.01..2026.07.01","2026.06.15","15.8","8.7","3.37","OK"
"SQWFA_W1_IS_40","2020.01.01..2021.09.01","2021.06.29","63.5","10.4","0.45","QUIET_TAIL"
"SQWFA_W1_IS_60","2020.01.01..2021.09.01","2021.06.29","63.5","10.4","0.34","QUIET_TAIL"
"SQWFA_W1_IS_80","2020.01.01..2021.09.01","2021.06.29","63.5","10.4","0.34","QUIET_TAIL"
"SQWFA_W1_OOS_80","2021.09.01..2022.12.01","2022.11.11","19.7","4.3","0.44","OK"
"SQWFA_W2_IS_40","2021.09.01..2023.06.01","2023.05.30","1.6","0.3","0.69","OK"
"SQWFA_W2_IS_60","2021.09.01..2023.06.01","2023.05.30","1.6","0.3","0.44","OK"
"SQWFA_W2_IS_80","2021.09.01..2023.06.01","2023.05.30","1.6","0.3","0.44","OK"
"SQWFA_W2_OOS_60","2023.06.01..2024.09.01","2024.08.02","29.4","6.4","0.43","OK"
"SQWFA_W3_IS_40","2023.06.01..2025.01.01","2024.12.30","1.1","0.2","0.62","OK"
"SQWFA_W3_IS_60","2023.06.01..2025.01.01","2024.12.30","1.1","0.2","0.62","OK"
"SQWFA_W3_IS_80","2023.06.01..2025.01.01","2024.12.30","1.1","0.2","0.62","OK"
"SQWFA_W3_OOS_80","2025.01.01..2026.07.01","2026.06.17","13.1","2.4","1.31","OK"
"SQZ_BWD","2020.01.01..2023.01.01","2022.11.01","60.8","5.5","0.77","OK"
"SQZ_FULL","2020.01.01..2026.07.01","2026.06.24","6.9","0.3","3.61","OK"
"SQZ_FWD","2025.01.01..2026.07.01","2026.06.24","6.8","1.2","1.39","OK"
"SQZ_HO_1.5_4","2023.01.01..2025.01.01","2024.12.06","25.8","3.5","0.81","OK"
"SQZ_HO_2_3","2023.01.01..2025.01.01","2024.12.31","0.6","0.1","0.73","OK"
"SQZ_HOLDOUT","2023.01.01..2025.01.01","2024.12.06","25.8","3.5","0.81","OK"
"SQZ_SMOKE","2024.01.01..2026.07.01","2026.06.24","6.8","0.7","1.4","OK"
"SQZC_40_2.5_BWD","2020.01.01..2023.01.01","2022.12.23","8.2","0.7","1.18","OK"
"SQZC_40_2.5_FWD","2025.01.01..2026.07.01","2026.06.30","0.6","0.1","1.84","OK"
"SQZC_40_2_BWD","2020.01.01..2023.01.01","2022.12.01","30.3","2.8","0.55","OK"
"SQZC_40_2_FWD","2025.01.01..2026.07.01","2026.06.17","13.1","2.4","2.42","OK"
"SQZC_60_2.5_BWD","2020.01.01..2023.01.01","2022.12.20","11.4","1","1.49","OK"
"SQZC_60_2.5_FWD","2025.01.01..2026.07.01","2026.06.24","6.8","1.2","1.85","OK"
"SQZC_60_2_BWD","2020.01.01..2023.01.01","2022.12.01","30.3","2.8","0.52","OK"
"SQZC_60_2_FWD","2025.01.01..2026.07.01","2026.06.17","13.1","2.4","2.11","OK"
"SQZC_FULL","2020.01.01..2026.07.01","2026.06.17","13.1","0.6","2.06","OK"
"SQZC_HO_40_2.5","2023.01.01..2025.01.01","2024.12.19","12.8","1.8","0.84","OK"
"SQZC_HO_60_2","2023.01.01..2025.01.01","2024.12.31","0.6","0.1","0.58","OK"
"SQZCR_1.5_3_BWD","2020.01.01..2023.01.01","2022.12.01","30.3","2.8","0.52","OK"
"SQZCR_1.5_3_FWD","2025.01.01..2026.07.01","2026.06.17","13.1","2.4","2.11","OK"
"SQZCR_1.5_4_BWD","2020.01.01..2023.01.01","2022.12.01","30.3","2.8","0.63","OK"
"SQZCR_1.5_4_FWD","2025.01.01..2026.07.01","2026.06.17","13.1","2.4","2.34","OK"
"SQZCR_1.5_5_BWD","2020.01.01..2023.01.01","2022.12.05","26.9","2.5","0.63","OK"
"SQZCR_1.5_5_FWD","2025.01.01..2026.07.01","2026.06.17","13.1","2.4","2.24","OK"
"SQZCR_1_3_BWD","2020.01.01..2023.01.01","2022.12.01","30.3","2.8","0.34","OK"
"SQZCR_1_3_FWD","2025.01.01..2026.07.01","2026.06.17","13.1","2.4","1.71","OK"
"SQZCR_1_4_BWD","2020.01.01..2023.01.01","2022.12.01","30.3","2.8","0.44","OK"
"SQZCR_1_4_FWD","2025.01.01..2026.07.01","2026.06.17","13.1","2.4","2","OK"
"SQZCR_1_5_BWD","2020.01.01..2023.01.01","2022.12.05","26.9","2.5","0.43","OK"
"SQZCR_1_5_FWD","2025.01.01..2026.07.01","2026.06.17","13.1","2.4","1.69","OK"
"SQZCR_2_3_BWD","2020.01.01..2023.01.01","2022.12.01","30.3","2.8","0.76","OK"
"SQZCR_2_3_FWD","2025.01.01..2026.07.01","2026.06.17","13.1","2.4","2.77","OK"
"SQZCR_2_4_BWD","2020.01.01..2023.01.01","2022.12.01","30.3","2.8","0.73","OK"
"SQZCR_2_4_FWD","2025.01.01..2026.07.01","2026.06.17","13.1","2.4","3.23","OK"
"SQZCR_2_5_BWD","2020.01.01..2023.01.01","2022.12.05","26.9","2.5","0.72","OK"
"SQZCR_2_5_FWD","2025.01.01..2026.07.01","2026.06.17","13.1","2.4","2.8","OK"
"SQZCR_FULL","2020.01.01..2026.07.01","2026.06.17","13.1","0.6","1.63","OK"
"SQZCR_HO_1_3","2023.01.01..2025.01.01","2024.12.30","1.1","0.2","0.42","OK"
"SQZCR_HO_1_5","2023.01.01..2025.01.01","2024.12.30","1.1","0.2","0.62","OK"
"SQZOPT_1.5_3_BWD","2020.01.01..2023.01.01","2022.11.01","60.8","5.5","1","OK"
"SQZOPT_1.5_3_FWD","2025.01.01..2026.07.01","2026.06.23","7.5","1.4","1.59","OK"
"SQZOPT_1.5_4_BWD","2020.01.01..2023.01.01","2022.11.01","60.8","5.5","0.77","OK"
"SQZOPT_1.5_4_FWD","2025.01.01..2026.07.01","2026.06.24","6.8","1.2","1.39","OK"
"SQZOPT_1.5_5_BWD","2020.01.01..2023.01.01","2022.11.01","60.8","5.5","0.89","OK"
"SQZOPT_1.5_5_FWD","2025.01.01..2026.07.01","2026.06.24","6.8","1.2","1.39","OK"
"SQZOPT_1_3_BWD","2020.01.01..2023.01.01","2021.05.03","607.4","55.4","0.08","QUIET_TAIL"
"SQZOPT_1_3_FWD","2025.01.01..2026.07.01","2026.04.13","78.8","14.4","0.52","QUIET_TAIL"
"SQZOPT_1_4_BWD","2020.01.01..2023.01.01","2021.05.03","607.3","55.4","0.18","QUIET_TAIL"
"SQZOPT_1_4_FWD","2025.01.01..2026.07.01","2026.04.13","78.8","14.4","0.52","QUIET_TAIL"
"SQZOPT_1_5_BWD","2020.01.01..2023.01.01","2021.05.03","607.3","55.4","0.18","QUIET_TAIL"
"SQZOPT_1_5_FWD","2025.01.01..2026.07.01","2026.04.13","78.8","14.4","2.41","QUIET_TAIL"
"SQZOPT_2_3_BWD","2020.01.01..2023.01.01","2022.12.19","12.2","1.1","0.64","OK"
"SQZOPT_2_3_FWD","2025.01.01..2026.07.01","2026.06.24","6.9","1.3","3.67","OK"
"SQZOPT_2_4_BWD","2020.01.01..2023.01.01","2022.12.19","12.2","1.1","1.44","OK"
"SQZOPT_2_4_FWD","2025.01.01..2026.07.01","2026.06.24","6.8","1.2","3.63","OK"
"SQZOPT_2_5_BWD","2020.01.01..2023.01.01","2022.12.19","12.2","1.1","1.25","OK"
"SQZOPT_2_5_FWD","2025.01.01..2026.07.01","2026.06.24","6.8","1.2","3.59","OK"
"SS1_mo0p5_tp2_BWD","2020.01.01..2022.12.31","2022.12.30","0.4","0","1.22","OK"
"SS1_mo0p5_tp2_MAIN","2023.01.01..2025.12.31","2025.12.30","0.2","0","2.05","OK"
"SS1_mo0p5_tp3_BWD","2020.01.01..2022.12.31","2022.12.30","0.4","0","1.07","OK"
"SS1_mo0p5_tp3_MAIN","2023.01.01..2025.12.31","2025.12.30","0.2","0","1.96","OK"
"SS1_mo0p8_tp2_BWD","2020.01.01..2022.12.31","2022.12.30","0.4","0","1.13","OK"
"SS1_mo0p8_tp2_MAIN","2023.01.01..2025.12.31","2025.12.30","0.2","0","2.44","OK"
"SS1_mo0p8_tp3_BWD","2020.01.01..2022.12.31","2022.12.30","0.4","0","0.93","OK"
"SS1_mo0p8_tp3_MAIN","2023.01.01..2025.12.31","2025.12.30","0.2","0","2.02","OK"
"SS1_mo1p2_tp2_BWD","2020.01.01..2022.12.31","2022.12.29","1.5","0.1","1.24","OK"
"SS1_mo1p2_tp2_MAIN","2023.01.01..2025.12.31","2025.12.30","0.2","0","1.66","OK"
"SS1_mo1p2_tp3_BWD","2020.01.01..2022.12.31","2022.12.29","1.5","0.1","1.12","OK"
"SS1_mo1p2_tp3_MAIN","2023.01.01..2025.12.31","2025.12.30","0.2","0","2.5","OK"
"SS1F_tp2p5_BWD","2020.01.01..2022.12.31","2022.12.30","0.3","0","0.97","OK"
"SS1F_tp2p5_MAIN","2023.01.01..2025.12.31","2025.12.29","1.3","0.1","1.35","OK"
"SS1F_tp3p5_BWD","2020.01.01..2022.12.31","2022.12.30","0.3","0","0.95","OK"
"SS1F_tp3p5_MAIN","2023.01.01..2025.12.31","2025.12.29","1.3","0.1","1.95","OK"
"SS1H_ema100_HOLD","2026.01.01..2026.06.30","2026.06.26","3.3","1.8","3.39","OK"
"SS1H_ema200_HOLD","2026.01.01..2026.06.30","2026.06.26","3.5","1.9","2.67","OK"
"SS1H_tp3p5_HOLD","2026.01.01..2026.06.30","2026.06.26","3.5","1.9","2.74","OK"
"SS1L_base_off_BWD","2020.01.01..2022.12.31","2022.12.30","0.4","0","1.07","OK"
"SS1L_lot02_ctrl_MAIN","2023.01.01..2025.12.31","2025.12.30","0.2","0","3.88","OK"
"SS1L_part30_BWD","2020.01.01..2022.12.31","2022.12.30","0.4","0","2.1","OK"
"SS1L_part30_MAIN","2023.01.01..2025.12.31","2025.12.30","0.2","0","3.88","OK"
"SS1L_part50_BWD","2020.01.01..2022.12.31","2022.12.30","0.4","0","1.96","OK"
"SS1L_part50_MAIN","2023.01.01..2025.12.31","2025.12.30","0.3","0","3.54","OK"
"SS1L_trend_on_BWD","2020.01.01..2022.12.31","2022.12.30","0.3","0","0.97","OK"
"SS1L_trend_on_MAIN","2023.01.01..2025.12.31","2025.12.29","1.3","0.1","1.71","OK"
"SS1M4_tp3p5_BWD","2020.01.01..2022.12.31","2022.12.30","0.3","0","1.12","OK"
"SS1M4_tp3p5_HOLD","2026.01.01..2026.06.30","2026.06.26","3.5","1.9","2.83","OK"
"SS1M4_tp3p5_MAIN","2023.01.01..2025.12.31","2025.12.29","1.3","0.1","2.61","OK"
"SS1M4_tp4_BWD","2020.01.01..2022.12.31","2022.12.30","0.3","0","1.47","OK"
"SS1M4_tp4_HOLD","2026.01.01..2026.06.30","2026.06.26","3.5","1.9","2.85","OK"
"SS1M4_tp4_MAIN","2023.01.01..2025.12.31","2025.12.29","1.3","0.1","2.77","OK"
"SS1P_tp4_BWD","2020.01.01..2022.12.31","2022.12.30","0.3","0","0.93","OK"
"SS1P_tp4_HOLD","2026.01.01..2026.06.30","2026.06.26","3.5","1.9","2.83","OK"
"SS1P_tp4_MAIN","2023.01.01..2025.12.31","2025.12.29","1.3","0.1","2.19","OK"
"SS1P_tp5_BWD","2020.01.01..2022.12.31","2022.12.30","0.3","0","1.43","OK"
"SS1P_tp5_HOLD","2026.01.01..2026.06.30","2026.06.26","3.5","1.9","2.83","OK"
"SS1P_tp5_MAIN","2023.01.01..2025.12.31","2025.12.29","1.2","0.1","2.47","OK"
"SS1TF_ema100_mo0p5_BWD","2020.01.01..2022.12.31","2022.12.30","0.3","0","1.24","OK"
"SS1TF_ema100_mo0p5_MAIN","2023.01.01..2025.12.31","2025.12.29","1.3","0.1","1.67","OK"
"SS1TF_ema100_mo0p8_BWD","2020.01.01..2022.12.31","2022.12.30","0.3","0","1.1","OK"
"SS1TF_ema200_mo0p5_BWD","2020.01.01..2022.12.31","2022.12.30","0.3","0","0.97","OK"
"SS1TF_ema200_mo0p5_MAIN","2023.01.01..2025.12.31","2025.12.29","1.3","0.1","1.71","OK"
"SS1TF_ema200_mo0p8_BWD","2020.01.01..2022.12.31","2022.12.30","0.3","0","1.02","OK"
"SS1TF_ema200_mo0p8_MAIN","2023.01.01..2025.12.31","2025.12.29","1.3","0.1","1.93","OK"
"SS1TF_ema300_mo0p5_BWD","2020.01.01..2022.12.31","2022.12.30","0.3","0","0.98","OK"
"SS1TF_ema300_mo0p5_MAIN","2023.01.01..2025.12.31","2025.12.29","1.3","0.1","1.71","OK"
"SS1TF_ema300_mo0p8_BWD","2020.01.01..2022.12.31","2022.12.30","0.3","0","0.96","OK"
"SS1TF_ema300_mo0p8_MAIN","2023.01.01..2025.12.31","2025.12.29","1.3","0.1","2.41","OK"
"SS2_bd0p7_tp2_BWD","2020.01.01..2022.12.31","2022.12.30","0.3","0","0.79","OK"
"SS2_bd0p7_tp2_MAIN","2023.01.01..2025.12.31","2025.12.30","0.1","0","2.39","OK"
"SS2_bd0p7_tp3_BWD","2020.01.01..2022.12.31","2022.12.30","0.3","0","0.93","OK"
"SS2_bd0p7_tp3_MAIN","2023.01.01..2025.12.31","2025.12.30","0.1","0","2.11","OK"
"SS2_bd1_tp2_BWD","2020.01.01..2022.12.31","2022.12.30","0.3","0","0.67","OK"
"SS2_bd1_tp2_MAIN","2023.01.01..2025.12.31","2025.12.30","0.1","0","1.71","OK"
"SS2_bd1_tp3_BWD","2020.01.01..2022.12.31","2022.12.30","0.3","0","0.88","OK"
"SS2_bd1_tp3_MAIN","2023.01.01..2025.12.31","2025.12.30","0.1","0","1.72","OK"
"SS2_bd1p4_tp2_BWD","2020.01.01..2022.12.31","2022.12.29","1.3","0.1","1.1","OK"
"SS2_bd1p4_tp2_MAIN","2023.01.01..2025.12.31","2025.12.30","0.1","0","1.84","OK"
"SS2_bd1p4_tp3_BWD","2020.01.01..2022.12.31","2022.12.29","1.3","0.1","1.03","OK"
"SS2_bd1p4_tp3_MAIN","2023.01.01..2025.12.31","2025.12.30","0.1","0","1.8","OK"
"ST_MTF_mode1_H4filter_H1_smoke","2023.01.01..2026.06.01","2026.05.21","10.1","0.8","4.16","OK"
"ST_MTF_mode2_30k_smoke","2023.01.01..2026.06.01","2026.05.29","2","0.2","7.01","OK"
"ST_MTF_mode2_pyramid_smoke","2023.01.01..2026.06.01","2026.05.29","2","0.2","15.52","OK"
"ST_v1_AUDJPY_H4_M2","2023.01.01..2026.06.01","2026.05.28","3.7","0.3","1.48","OK"
"ST_v1_CHFJPY_H4_M2","2023.01.01..2026.06.01","2026.05.28","3.7","0.3","0.99","OK"
"ST_v1_EURUSD_H4_M2","2023.01.01..2026.06.01","2026.05.28","3.2","0.3","1.22","OK"
"ST_v1_GBPCHF_H4_M2","2023.01.01..2026.06.01","2026.05.29","2","0.2","2.17","OK"
"ST_v1_GBPJPY_H4_M2","2023.01.01..2026.06.01","2026.05.28","3.2","0.3","2.16","OK"
"ST_v1_GBPUSD_H4_M2","2023.01.01..2026.06.01","2026.05.29","2","0.2","1.05","OK"
"ST_v1_H4_IS_M4","2023.01.01..2025.06.01","2025.05.16","15.4","1.7","2.23","OK"
"ST_v1_H4_OOS_M4","2025.06.01..2026.06.01","2026.05.28","3.2","0.9","4.94","OK"
"ST_v1_NZDUSD_H4_M2","2023.01.01..2026.06.01","2026.05.15","17","1.4","1","OK"
"ST_v1_US30_H4_IS_M2","2023.01.01..2025.06.01","2025.04.08","53.3","6","0.27","OK"
"ST_v1_US30_H4_M2","2023.01.01..2026.06.01","2026.05.29","2","0.2","0.77","OK"
"ST_v1_US30_H4_OOS_M2","2025.06.01..2026.06.01","2026.05.29","2","0.5","0.57","OK"
"ST_v1_US30_H4_OOS_M4","2025.06.01..2026.06.01","2026.05.29","2","0.5","0.66","OK"
"ST_v1_USDJPY_H4_IS_M2","2023.01.01..2025.06.01","2025.05.30","1","0.1","0.69","OK"
"ST_v1_USDJPY_H4_M2","2023.01.01..2026.06.01","2026.03.23","69.3","5.6","0.91","OK"
"ST_v1_USDJPY_H4_OOS_M2","2025.06.01..2026.06.01","2026.03.23","69.3","19","0.47","QUIET_TAIL"
"ST_v1_XAGUSD_H4_M2","2023.01.01..2026.06.01","2026.04.08","53.8","4.3","12.75","OK"
"ST_XAU_H4_M0_FULL","2023.01.01..2026.07.01","2026.06.15","15.8","1.2","4.85","OK"
"ST03_CRISIS_BREXIT2016","2016.06.01..2016.07.15","2016.07.14","0.6","1.4","3.51","OK"
"ST03_CRISIS_CHF2015","2015.01.05..2015.02.06","2015.02.05","0.5","1.6","0.2","OK"
"ST03_CRISIS_COVID2020","2020.02.20..2020.04.10","2020.04.09","0.3","0.6","0.98","OK"
"ST03_EURUSD_tp30_CRISIS","2022.08.01..2022.11.01","2022.10.31","0.5","0.5","0.28","OK"
"ST03_EURUSD_tp30_OOS","2024.09.01..2025.01.01","2024.12.31","0.3","0.2","0.53","OK"
"ST03_EURUSD_tp50_CRISIS","2022.08.01..2022.11.01","2022.10.31","0.3","0.3","0.28","OK"
"ST03_EURUSD_tp50_OOS","2024.09.01..2025.01.01","2024.12.31","0.3","0.2","0.5","OK"
"ST03_LR2_SIZED12_CRISIS","2022.08.01..2022.11.01","2022.10.31","0.6","0.7","14.04","OK"
"ST03_PORTCORR_2020_2022","2020.01.01..2023.01.01","2022.12.30","1","0.1","3.69","OK"
"ST03_TUNE_1.5_BREXIT","2016.06.01..2016.07.15","2016.07.14","0.6","1.4","0.4","OK"
"ST03_TUNE_1.5_IS2024","2024.01.01..2024.03.01","2024.02.29","0.4","0.7","0.26","OK"
"ST03_TUNE_1.8_BREXIT","2016.06.01..2016.07.15","2016.07.14","0.6","1.4","3.51","OK"
"ST03_TUNE_1.8_IS2024","2024.01.01..2024.03.01","2024.02.29","0.4","0.7","0.26","OK"
"ST03_TUNE_2.2_BREXIT","2016.06.01..2016.07.15","2016.07.14","0.6","1.4","3.51","OK"
"ST03_TUNE_2.2_IS2024","2024.01.01..2024.03.01","2024.02.29","0.4","0.7","0.26","OK"
"ST03_VG_BREXIT2016","2016.06.01..2016.07.15","2016.07.14","0.6","1.4","3.51","OK"
"ST03_VG_IS2024","2024.01.01..2024.03.01","2024.02.29","0.4","0.7","0.26","OK"
"ST03_VG_WF3_2021H2","2021.07.01..2021.10.01","2021.09.30","0","0","1.71","OK"
"ST03_VG_WF5_2023H1","2023.01.01..2023.04.01","2023.03.31","0.1","0.1","0.27","OK"
"ST03_VG_WF6_2025H1","2025.01.01..2025.04.01","2025.03.31","0.3","0.3","1.14","OK"
"ST03_VG3_BREXIT","2016.06.01..2016.07.15","2016.07.14","0.6","1.4","0.4","OK"
"ST03_VG3_IS2024","2024.01.01..2024.03.01","2024.02.29","0.4","0.7","0.26","OK"
"ST03_VG3_IS2024_OFF","2024.01.01..2024.03.01","2024.02.29","0.4","0.7","0.26","OK"
"ST03_VGPROBE11","2016.06.01..2016.07.15","2016.07.14","0.6","1.4","0.4","OK"
"ST03_WF1_2020H2","2020.07.01..2020.10.01","2020.09.30","0.2","0.2","0.45","OK"
"ST03_WF2_2021H1","2021.01.01..2021.04.01","2021.03.31","0.5","0.6","0.39","OK"
"ST03_WF3_2021H2","2021.07.01..2021.10.01","2021.09.30","0","0","1.71","OK"
"ST03_WF4_2022H1","2022.01.01..2022.04.01","2022.03.31","0.3","0.3","0.45","OK"
"ST03_WF5_2023H1","2023.01.01..2023.04.01","2023.03.31","0.1","0.1","0.27","OK"
"ST03_WF6_2025H1","2025.01.01..2025.04.01","2025.03.31","0.3","0.3","1.14","OK"
"ST03B_STEP2_A_entry_v2","2024.01.01..2024.03.01","2024.02.29","0.2","0.3","0.34","OK"
"ST03B_STEP2_B_repro","2024.01.01..2024.03.01","2024.02.29","0.4","0.7","0.26","OK"
"ST03B_TG_BREXIT2016","2016.06.01..2016.07.15","2016.07.11","3.3","7.5","3.52","OK"
"ST03B_TG_COVID2020","2020.02.20..2020.04.10","2020.04.08","1.3","2.6","0.98","OK"
"ST03B_TG_GILT2022","2022.08.01..2022.11.01","2022.10.31","0.6","0.7","1.12","OK"
"ST03B_TG_IS2024","2024.01.01..2024.03.01","2024.02.29","0.4","0.7","0.26","OK"
"ST03B_TG_WF3_2021","2021.07.01..2021.10.01","2021.09.30","0","0","1.52","OK"
"ST03B_TG_WF5_2023","2023.01.01..2023.04.01","2023.03.30","1.6","1.8","0.25","OK"
"ST03B_TG_WF6_2025","2025.01.01..2025.04.01","2025.03.31","0.3","0.3","1.23","OK"
"ST03LAB_CAD_ESC","2023.01.01..2026.07.01","2026.06.30","0","0","57.09","OK"
"ST03LAB_CAD_FLAT","2023.01.01..2026.07.01","2024.07.24","706.1","55.3","99.69","SUSPECT"
"ST03LAB_GBP_ESC","2023.01.01..2026.07.01","2026.06.30","0","0","61.19","OK"
"ST03LAB_GBP_FLAT","2023.01.01..2026.07.01","2025.01.02","544.5","42.6","100.31","SUSPECT"
"ST03LIVE_2023","2023.01.01..2024.01.01","2023.12.29","2.2","0.6","56.33","OK"
"ST03LIVE_2024","2024.01.01..2025.01.01","2024.12.30","1.3","0.4","40.23","OK"
"ST03LIVE_2025","2025.01.01..2026.01.01","2025.03.19","287.1","78.7","66.58","SUSPECT"
"ST03LIVE_2025L","2025.01.01..2026.01.01","2025.12.31","0","0","69.15","OK"
"ST03LIVE_2026","2026.01.01..2026.07.01","2026.06.30","0","0","17.91","OK"
"ST03LIVE_FLAT","2023.01.01..2026.07.01","2024.12.20","558","43.7","85.46","SUSPECT"
"ST03LIVE_FULL","2023.01.01..2026.07.01","2026.06.30","0","0","61.19","OK"
"ST03LIVE_L_2023","2023.01.01..2024.01.01","2023.12.29","2.2","0.6","56.33","OK"
"ST03LIVE_L_2024","2024.01.01..2025.01.01","2024.12.30","1.3","0.4","40.23","OK"
"ST03LIVE_L_2025","2025.01.01..2026.01.01","2025.12.31","0","0","69.15","OK"
"ST03LIVE_L_2026","2026.01.01..2026.07.01","2026.06.30","0","0","17.91","OK"
"ST03LIVE_L_FLAT","2023.01.01..2026.07.01","2025.01.02","544.5","42.6","100.31","SUSPECT"
"ST03LIVE_L_FULL","2023.01.01..2026.07.01","2026.06.30","0","0","61.19","OK"
"ST03NKD_CAD_E1TP2","2023.01.01..2026.07.01","2026.06.30","0.3","0","25.12","OK"
"ST03NKD_CAD_E1TP3","2023.01.01..2026.07.01","2026.06.30","0.3","0","26.82","OK"
"ST03NKD_CAD_E2","2023.01.01..2026.07.01","2026.06.30","0.2","0","24.57","OK"
"ST03NKD_CAD_E3","2023.01.01..2026.07.01","2026.06.30","0.2","0","17.67","OK"
"ST03NKD_GBP_E1TP2","2023.01.01..2026.07.01","2026.06.30","0","0","28.16","OK"
"ST03NKD_GBP_E1TP3","2023.01.01..2026.07.01","2026.06.30","0","0","33.85","OK"
"ST03NKD_GBP_E2","2023.01.01..2026.07.01","2026.06.30","0","0","21.8","OK"
"ST03NKD_GBP_E3","2023.01.01..2026.07.01","2026.06.30","0","0","26.67","OK"
"ST03NKD_GBP_G1","2023.01.01..2026.07.01","2026.06.30","0","0","5.69","OK"
"ST03NKD_GBP_G2","2023.01.01..2026.07.01","2026.06.25","5.3","0.4","11.49","OK"
"ST03NKD_GBP_G3","2023.01.01..2026.07.01","2026.06.29","1.6","0.1","10.38","OK"
"ST03SP_ATR10_MAIN","2023.01.01..2025.12.31","2025.12.30","0","0","1.43","OK"
"ST03SP_ATR20_MAIN","2023.01.01..2025.12.31","2025.12.30","0","0","1.55","OK"
"ST03SP_FIXED_MAIN","2023.01.01..2025.12.31","2025.12.30","0","0","1.8","OK"
"ST085B_BWD_2020_2022","2020.01.01..2022.12.31","2022.12.30","0","0","3.27","OK"
"ST085B_ST085B_ATR10_M2.5_SL1.5","2023.01.01..2026.07.01","2026.06.04","26.4","2.1","4.49","OK"
"ST085B_ST085B_ATR10_M2.5_SL2.0","2023.01.01..2026.07.01","2026.06.04","26.4","2.1","4.73","OK"
"ST085B_ST085B_ATR10_M3.0_SL1.5","2023.01.01..2026.07.01","2026.06.15","15.8","1.2","5.02","OK"
"ST085B_ST085B_ATR10_M3.0_SL2.0","2023.01.01..2026.07.01","2026.06.15","15.8","1.2","4.85","OK"
"ST085B_ST085B_ATR10_M3.5_SL1.5","2023.01.01..2026.07.01","2026.06.15","15.8","1.2","4.26","OK"
"ST085B_ST085B_ATR10_M3.5_SL2.0","2023.01.01..2026.07.01","2026.06.15","15.8","1.2","4.1","OK"
"ST085B_ST085B_ATR14_M2.5_SL1.5","2023.01.01..2026.07.01","2026.06.04","26.4","2.1","5.4","OK"
"ST085B_ST085B_ATR14_M2.5_SL2.0","2023.01.01..2026.07.01","2026.06.04","26.4","2.1","4.97","OK"
"ST085B_ST085B_ATR14_M3.0_SL1.5","2023.01.01..2026.07.01","2026.06.12","18.8","1.5","3.86","OK"
"ST085B_ST085B_ATR14_M3.0_SL2.0","2023.01.01..2026.07.01","2026.06.12","18.8","1.5","4.24","OK"
"ST085B_ST085B_ATR14_M3.5_SL1.5","2023.01.01..2026.07.01","2026.06.15","15.8","1.2","3.83","OK"
"ST085B_ST085B_ATR14_M3.5_SL2.0","2023.01.01..2026.07.01","2026.06.15","15.8","1.2","3.85","OK"
"ST085B_ST085B_ATR7_M2.5_SL1.5","2023.01.01..2026.07.01","2026.06.12","18.8","1.5","5.53","OK"
"ST085B_ST085B_ATR7_M2.5_SL2.0","2023.01.01..2026.07.01","2026.06.12","18.8","1.5","5.23","OK"
"ST085B_ST085B_ATR7_M3.0_SL1.5","2023.01.01..2026.07.01","2026.06.04","26.4","2.1","4.19","OK"
"ST085B_ST085B_ATR7_M3.0_SL2.0","2023.01.01..2026.07.01","2026.06.04","26.4","2.1","4.4","OK"
"ST085B_ST085B_ATR7_M3.5_SL1.5","2023.01.01..2026.07.01","2026.06.04","26.4","2.1","4.14","OK"
"ST085B_ST085B_ATR7_M3.5_SL2.0","2023.01.01..2026.07.01","2026.06.04","26.4","2.1","4.17","OK"
"STF_BWD","2020.01.01..2023.01.01","2022.12.30","1","0.1","4.06","OK"
"STF_BWD_a22m4","2020.01.01..2023.01.01","2022.12.30","1","0.1","4.1","OK"
"STF_FWD","2025.01.01..2026.07.01","2026.06.30","0.6","0.1","5.89","OK"
"STF_FWD_a10m4","2025.01.01..2026.07.01","2026.06.30","0.6","0.1","10.33","OK"
"STF_FWD_a22m4","2025.01.01..2026.07.01","2026.06.30","0.5","0.1","6.64","OK"
"STF_HOLD_a22m4","2023.01.01..2025.01.01","2024.12.31","0.3","0","2.92","OK"
"STF_HOLDOUT","2023.01.01..2025.01.01","2024.12.31","0","0","2.02","OK"
"STFR_DON_BWD","2020.01.01..2023.01.01","2022.12.14","17.1","1.6","2.23","OK"
"STFR_DON_HOLD","2023.01.01..2025.01.01","2024.06.13","201.8","27.6","1.26","QUIET_TAIL"
"STMT_AUDNZD_H1_tap1","2023.01.01..2025.12.31","2025.12.30","0.4","0","1.09","OK"
"STMT_AUDNZD_H1_tap2","2023.01.01..2025.12.31","2025.08.05","147.4","13.5","0.11","QUIET_TAIL"
"STMT_EURGBP_H1_tap1","2023.01.01..2025.12.31","2025.12.30","0.3","0","0.53","OK"
"STMT_EURGBP_H1_tap2","2023.01.01..2025.12.31","2025.09.09","112.6","10.3","0.08","QUIET_TAIL"
"STMT_EURGBP_M30_tap1","2023.01.01..2025.12.31","2025.12.30","0.8","0.1","1.85","OK"
"STMT_EURGBP_M30_tap2","2023.01.01..2025.12.31","2025.11.28","32.6","3","0.06","OK"
"STMT_EURGBPH1_K14_tap1","2023.01.01..2025.12.31","2025.12.16","15","1.4","0.12","OK"
"STMT_EURGBPH1_K14_tap2","2023.01.01..2025.12.31","2025.06.02","211.5","19.3","0.04","QUIET_TAIL"
"STMT_EURGBPH1_K17_tap1","2023.01.01..2025.12.31","2025.12.30","0.2","0","0.37","OK"
"STMT_EURGBPH1_K17_tap2","2023.01.01..2025.12.31","2025.11.06","54.2","4.9","0.1","OK"
"STMT_EURGBPH1_K21_tap1","2023.01.01..2025.12.31","2025.12.16","15","1.4","0.14","OK"
"STMT_EURGBPH1_K21_tap1_BWD","2020.01.01..2022.12.31","2022.12.28","2.5","0.2","0.3","OK"
"STMT_EURGBPH1_K5_tap1","2023.01.01..2025.12.31","2025.10.10","81.6","7.5","0.05","OK"
"STMT_EURGBPH1_K9_tap1","2023.01.01..2025.12.31","2025.12.30","0.3","0","0.53","OK"
"STMT_EURGBPH1_K9_tap2","2023.01.01..2025.12.31","2025.09.09","112.6","10.3","0.08","QUIET_TAIL"
"STMT_EURUSD_M15_tap1","2023.01.01..2025.12.31","2025.12.30","0.4","0","1.24","OK"
"STMT_EURUSD_M15_tap2","2023.01.01..2025.12.31","2025.12.26","4.9","0.4","0.15","OK"
"STMT_EURUSD_M30_tap1","2023.01.01..2025.12.31","2025.12.29","1","0.1","0.56","OK"
"STMT_EURUSD_M30_tap2","2023.01.01..2025.12.31","2025.08.29","123.3","11.3","0.2","QUIET_TAIL"
"STMT_EURUSDM15_K14_tap1","2023.01.01..2025.12.31","2025.12.26","4.7","0.4","0.26","OK"
"STMT_EURUSDM15_K14_tap2","2023.01.01..2025.12.31","2025.08.22","130.9","12","0.07","QUIET_TAIL"
"STMT_EURUSDM15_K17_tap1","2023.01.01..2025.12.31","2025.12.09","21.7","2","0.33","OK"
"STMT_EURUSDM15_K21_tap1","2023.01.01..2025.12.31","2025.12.22","8.4","0.8","0.37","OK"
"STMT_EURUSDM15_K5_tap1","2023.01.01..2025.12.31","2025.12.12","18.5","1.7","0.14","OK"
"STMT_XAU_K17_tap2_base_BWD","2020.01.01..2022.12.31","2022.12.29","1.5","0.1","0.58","OK"
"STMT_XAU_K17_tap2_base_MAIN","2023.01.01..2025.12.31","2025.12.10","20.7","1.9","0.66","OK"
"STMT_XAU_K17_tap2_sw3_BWD","2020.01.01..2022.12.31","2022.12.23","7.7","0.7","0.12","OK"
"STMT_XAU_K17_tap2_sw3_MAIN","2023.01.01..2025.12.31","2025.12.10","20.7","1.9","0.48","OK"
"STMT_XAU_K17_tap2_zt40_BWD","2020.01.01..2022.12.31","2022.12.29","1.5","0.1","0.9","OK"
"STMT_XAU_K17_tap2_zt40_MAIN","2023.01.01..2025.12.31","2025.12.10","20.7","1.9","0.58","OK"
"STMT_XAU_K17_tap2_zt40sw3_BWD","2020.01.01..2022.12.31","2022.12.23","7.6","0.7","0.52","OK"
"STMT_XAU_K17_tap2_zt40sw3_MAIN","2023.01.01..2025.12.31","2025.12.10","20.7","1.9","0.76","OK"
"STMT_XAU_K17_tap2_zt60_BWD","2020.01.01..2022.12.31","2022.12.30","0.6","0.1","1.07","OK"
"STMT_XAU_K17_tap2_zt60_MAIN","2023.01.01..2025.12.31","2025.12.24","6.9","0.6","1.04","OK"
"STMT_XAUUSD_M15_tap1","2023.01.01..2025.12.31","2025.12.30","0.4","0","3.84","OK"
"STMT_XAUUSD_M15_tap2","2023.01.01..2025.12.31","2025.12.30","0.8","0.1","0.55","OK"
"STMT_XAUUSDM15_K14_tap1","2023.01.01..2025.12.31","2025.12.19","11.9","1.1","1.02","OK"
"STMT_XAUUSDM15_K17_tap1","2023.01.01..2025.12.31","2025.12.30","0.4","0","4.47","OK"
"STMT_XAUUSDM15_K17_tap2","2023.01.01..2025.12.31","2025.12.10","20.7","1.9","0.66","OK"
"STMT_XAUUSDM15_K21_tap1","2023.01.01..2025.12.31","2025.12.03","27.9","2.5","1.06","OK"
"STMT_XAUUSDM15_K5_tap1","2023.01.01..2025.12.31","2025.12.30","0.8","0.1","0.89","OK"
"STMT_XAUUSDM15_K9_tap1","2023.01.01..2025.12.31","2025.12.30","0.4","0","3.84","OK"
"STMT_XAUUSDM15_K9_tap2","2023.01.01..2025.12.31","2025.12.30","0.8","0.1","0.55","OK"
"STMT_XAUUSDM15_K9_tap3","2023.01.01..2025.12.31","2023.03.30","1006.8","91.9","0.02","QUIET_TAIL"
"STV1_XAU_RECONF_IS","2023.01.01..2025.06.01","2025.05.08","23.2","2.6","2.02","OK"
"STV1_XAU_RECONF_OOS","2025.06.01..2026.06.01","2026.05.28","3.2","0.9","4.97","OK"
"SW_F23.6_M0.382_BWD","2020.01.01..2022.12.31","2022.12.30","0","0","2.11","OK"
"SW_F23.6_M0.382_MAIN","2023.01.01..2026.07.01","2026.06.30","0.3","0","3.49","OK"
"SW_F23.6_M0.618_BWD","2020.01.01..2022.12.31","2022.12.28","2.5","0.2","1.39","OK"
"SW_F23.6_M0.618_MAIN","2023.01.01..2026.07.01","2026.06.30","0.3","0","3.38","OK"
"SW_F23.6_M1.0_BWD","2020.01.01..2022.12.31","2022.12.28","2.5","0.2","1.57","OK"
"SW_F23.6_M1.0_MAIN","2023.01.01..2026.07.01","2026.06.30","0.3","0","3.96","OK"
"SW_F38.2_M0.382_BWD","2020.01.01..2022.12.31","2022.12.29","1.5","0.1","2.27","OK"
"SW_F38.2_M0.382_MAIN","2023.01.01..2026.07.01","2026.06.30","0.3","0","2.2","OK"
"SW_F38.2_M0.618_BWD","2020.01.01..2022.12.31","2022.12.28","2.5","0.2","1.76","OK"
"SW_F38.2_M0.618_MAIN","2023.01.01..2026.07.01","2026.06.30","0.3","0","1.66","OK"
"SW_F38.2_M1.0_BWD","2020.01.01..2022.12.31","2022.12.28","2.5","0.2","1.67","OK"
"SW_F38.2_M1.0_MAIN","2023.01.01..2026.07.01","2026.06.30","0.3","0","1.86","OK"
"SW_F50_M0.382_BWD","2020.01.01..2022.12.31","2022.12.28","2.5","0.2","1.86","OK"
"SW_F50_M0.382_MAIN","2023.01.01..2026.07.01","2026.06.30","0.3","0","0.87","OK"
"SW_F50_M0.618_BWD","2020.01.01..2022.12.31","2022.12.28","2.5","0.2","1.68","OK"
"SW_F50_M0.618_MAIN","2023.01.01..2026.07.01","2026.06.30","0.3","0","0.88","OK"
"SW_F50_M1.0_BWD","2020.01.01..2022.12.31","2022.12.28","2.5","0.2","1.64","OK"
"SW_F50_M1.0_MAIN","2023.01.01..2026.07.01","2026.06.30","0.3","0","1","OK"
"SW_F61.8_M0.382_BWD","2020.01.01..2022.12.31","2022.12.28","2.5","0.2","1.57","OK"
"SW_F61.8_M0.382_MAIN","2023.01.01..2026.07.01","2026.06.30","0.3","0","0.81","OK"
"SW_F61.8_M0.618_BWD","2020.01.01..2022.12.31","2022.12.28","2.5","0.2","1.57","OK"
"SW_F61.8_M0.618_MAIN","2023.01.01..2026.07.01","2026.06.30","0.3","0","0.7","OK"
"SW_F61.8_M1.0_BWD","2020.01.01..2022.12.31","2022.12.28","2.5","0.2","1.36","OK"
"SW_F61.8_M1.0_MAIN","2023.01.01..2026.07.01","2026.06.30","0.3","0","0.55","OK"
"TEST_AcctSnapshot","2024.01.02..2024.01.05","2024.01.02","3","100","0.08","OK"
"TEST_AcctSnapshot_Test","2024.01.02..2024.01.05","2024.01.02","3","100","0.08","OK"
"TEST_NewsGuard_Test","2024.01.02..2024.01.05","2024.01.02","2.9","96.7","0.13","OK"
"TEST_PORTABLE5","2024.01.01..2024.06.01","2024.05.31","0.7","0.5","0.54","OK"
"TEST_RSIMOMGBP2","2023.01.01..2025.12.31","2025.12.30","0","0","2.31","OK"
"TEST_SMOKE_BREAKOUT_M2","2026.04.01..2026.07.01","2026.04.08","83.8","92.1","69.79","SUSPECT"
"TF_H1","2024.01.01..2024.04.01","2024.03.29","2","2.2","0.26","OK"
"TF_M15","2024.01.01..2024.04.01","2024.03.29","2","2.2","0.32","OK"
"TF_M30","2024.01.01..2024.04.01","2024.03.29","2","2.2","0.24","OK"
"TL_HO_tp5","2023.01.01..2025.01.01","2024.12.31","0.6","0.1","1.78","OK"
"TL_HO_tp6","2023.01.01..2025.01.01","2024.12.31","0.6","0.1","1.78","OK"
"TL2_BWD","2020.01.01..2023.01.01","2022.12.27","4.3","0.4","1.75","OK"
"TL2_FWD","2025.01.01..2026.07.01","2026.06.30","0","0","5.57","OK"
"TL2_HOLDOUT","2023.01.01..2025.01.01","2024.12.30","1.4","0.2","1.1","OK"
"TL2NG_BWD","2020.01.01..2023.01.01","2022.12.27","4.3","0.4","2.31","OK"
"TL2NG_FWD","2025.01.01..2026.07.01","2026.06.30","0","0","4.37","OK"
"TL2NG_HOLDOUT","2023.01.01..2025.01.01","2024.12.31","0.6","0.1","1.74","OK"
"TLBRK_FULLSPAN","2020.01.01..2026.07.01","2026.06.30","0.8","0","3.11","OK"
"TLBRK_SMOKE","2024.01.01..2026.07.01","2026.06.30","0.8","0.1","3.12","OK"
"TLOPT_tp3_false_BWD","2020.01.01..2023.01.01","2022.12.30","1.3","0.1","3.9","OK"
"TLOPT_tp3_false_FWD","2025.01.01..2026.07.01","2026.06.30","0.6","0.1","10.05","OK"
"TLOPT_tp3_true_BWD","2020.01.01..2023.01.01","2022.12.27","4.3","0.4","1.49","OK"
"TLOPT_tp3_true_FWD","2025.01.01..2026.07.01","2026.06.30","0.6","0.1","4.07","OK"
"TLOPT_tp4_false_BWD","2020.01.01..2023.01.01","2022.12.30","1","0.1","4.12","OK"
"TLOPT_tp4_false_FWD","2025.01.01..2026.07.01","2026.06.30","0.8","0.1","8.14","OK"
"TLOPT_tp4_true_BWD","2020.01.01..2023.01.01","2022.12.27","4.3","0.4","1.3","OK"
"TLOPT_tp4_true_FWD","2025.01.01..2026.07.01","2026.06.30","0.8","0.1","3.15","OK"
"TLOPT_tp5_false_BWD","2020.01.01..2023.01.01","2022.12.30","1","0.1","2.27","OK"
"TLOPT_tp5_false_FWD","2025.01.01..2026.07.01","2026.06.30","0.8","0.1","8.17","OK"
"TLOPT_tp5_true_BWD","2020.01.01..2023.01.01","2022.12.27","4.3","0.4","1.29","OK"
"TLOPT_tp5_true_FWD","2025.01.01..2026.07.01","2026.06.30","0.8","0.1","5.16","OK"
"TLOPT_tp6_false_BWD","2020.01.01..2023.01.01","2022.12.30","1","0.1","2.24","OK"
"TLOPT_tp6_false_FWD","2025.01.01..2026.07.01","2026.06.30","0","0","7.38","OK"
"TLOPT_tp6_true_BWD","2020.01.01..2023.01.01","2022.12.27","4.3","0.4","1.29","OK"
"TLOPT_tp6_true_FWD","2025.01.01..2026.07.01","2026.06.30","0","0","4.78","OK"
"TLR_1.5_5_BWD","2020.01.01..2023.01.01","2022.12.27","4.3","0.4","1.29","OK"
"TLR_1.5_5_FWD","2025.01.01..2026.07.01","2026.06.30","0.8","0.1","5.16","OK"
"TLR_1.5_6_BWD","2020.01.01..2023.01.01","2022.12.27","4.3","0.4","1.29","OK"
"TLR_1.5_6_FWD","2025.01.01..2026.07.01","2026.06.30","0","0","4.78","OK"
"TLR_1.5_7_BWD","2020.01.01..2023.01.01","2022.12.27","4.3","0.4","1.29","OK"
"TLR_1.5_7_FWD","2025.01.01..2026.07.01","2026.06.30","0","0","4.35","OK"
"TLR_1.5_8_BWD","2020.01.01..2023.01.01","2022.12.27","4.3","0.4","2.31","OK"
"TLR_1.5_8_FWD","2025.01.01..2026.07.01","2026.06.30","0","0","4.38","OK"
"TLR_1_5_BWD","2020.01.01..2023.01.01","2022.12.27","4.3","0.4","3.4","OK"
"TLR_1_5_FWD","2025.01.01..2026.07.01","2026.06.30","0.8","0.1","6.77","OK"
"TLR_1_6_BWD","2020.01.01..2023.01.01","2022.12.27","4.3","0.4","2.53","OK"
"TLR_1_6_FWD","2025.01.01..2026.07.01","2026.06.30","0","0","6.7","OK"
"TLR_1_7_BWD","2020.01.01..2023.01.01","2022.12.27","4.3","0.4","2.77","OK"
"TLR_1_7_FWD","2025.01.01..2026.07.01","2026.06.30","0","0","6.57","OK"
"TLR_1_8_BWD","2020.01.01..2023.01.01","2022.12.27","4.3","0.4","3.15","OK"
"TLR_1_8_FWD","2025.01.01..2026.07.01","2026.06.30","0","0","6.31","OK"
"TLR_BUF0.2","2020.01.01..2026.07.01","2026.06.30","0","0","4.28","OK"
"TLR_BUF0.3","2020.01.01..2026.07.01","2026.06.30","0","0","2.96","OK"
"TLR_FULL","2020.01.01..2026.07.01","2026.06.30","0","0","4.19","OK"
"TLR_HO_7","2023.01.01..2025.01.01","2024.12.31","0.6","0.1","1.88","OK"
"TLR_HO_8","2023.01.01..2025.01.01","2024.12.31","0.6","0.1","1.78","OK"
"TPLREG_B13_solo","2024.01.01..2024.07.01","2024.06.28","2","1.1","3.12","OK"
"TPLREG_B18_bisect1b","2024.01.01..2024.07.01","2024.05.01","60.1","33","25","SUSPECT"
"TPLREG_B18_bisect2","2024.01.01..2024.07.01","2024.05.01","60.1","33","25","SUSPECT"
"TPLREG_B18_determinism","2024.01.01..2024.07.01","2024.05.01","60.1","33","25","SUSPECT"
"TPLREG_B18_isoLabCore","2024.01.01..2024.07.01","2024.05.01","60","33","25.13","SUSPECT"
"TPLREG_B18_L2_hybrid","2024.01.01..2024.07.01","2024.06.28","2.4","1.3","1.91","OK"
"TPLREG_B18_nullhyp","2024.01.01..2024.07.01","2024.05.01","60","33","25.13","SUSPECT"
"TPLREG_B18_probe_killpos","2024.01.01..2024.07.01","2024.05.01","60","33","25.13","SUSPECT"
"TPLREG_Boss_11_GridTrend","2024.01.01..2024.07.01","2024.06.28","2","1.1","6.48","OK"
"TPLREG_Boss_12_Breakout","2024.01.01..2024.07.01","2024.06.28","2.4","1.3","2.6","OK"
"TPLREG_Boss_13_MeanRev","2024.01.01..2024.07.01","2024.06.28","2","1.1","3.12","OK"
"TPLREG_Boss_14_GridLog","2024.01.01..2024.07.01","2024.05.20","41.6","22.9","1.49","QUIET_TAIL"
"TPLREG_Boss_15_ST03","2024.01.01..2024.07.01","2024.06.28","2","1.1","3.01","OK"
"TPLREG_Boss_16_KangarooGrid","2024.01.01..2024.07.01","2024.06.28","2","1.1","4.39","OK"
"TPLREG_Boss_17_Wave5","2024.01.01..2024.07.01","2024.06.05","25.3","13.9","1.03","QUIET_TAIL"
"TPLREG_Boss_18_JumStoch","2024.01.01..2024.07.01","2024.06.28","2.4","1.3","1.93","OK"
"TSMOM_XAU_D1_SMOKE_BWD","2020.01.01..2022.12.31","2022.12.30","0","0","6.25","OK"
"TSMOM_XAU_D1_SMOKE_MAIN","2023.01.01..2025.12.31","2025.12.30","0","0","4.44","OK"
"US30_GL_audAxes","2023.01.01..2026.07.01","2026.06.25","5.2","0.4","2.27","OK"
"US30_GL_sell","2023.01.01..2026.07.01","2023.03.20","1198.6","93.9","0.74","QUIET_TAIL"
"US30_GL_tp0p5","2023.01.01..2026.07.01","2026.06.25","5.2","0.4","1.94","OK"
"US30_GL_xauAxes","2023.01.01..2026.07.01","2026.06.25","5.2","0.4","1.51","OK"
"US30_P7_BWD","2020.01.01..2023.01.01","2022.01.05","360.1","32.9","1.48","QUIET_TAIL"
"US30_P7_OOS","2025.07.01..2026.07.01","2026.06.25","5.2","1.4","1.64","OK"
"VAL_DON_ETH_BWD","2020.01.01..2023.01.01","2022.12.30","1","0.1","2.09","OK"
"VAL_DON_ETH_HOLD","2026.01.01..2026.07.01","2026.06.30","0","0","1.26","OK"
"VAL_ST_BTC_BWD","2020.01.01..2023.01.01","2022.12.28","3.3","0.3","2.08","OK"
"VAL_ST_BTC_HOLD","2026.01.01..2026.07.01","2026.06.30","0","0","1.57","OK"
"VERIFY_BOSS12_TASK3","2024.01.01..2024.07.01","2024.06.28","2.4","1.3","2.6","OK"
"VGF_COVID2020","2020.02.20..2020.04.10","2020.04.09","0.3","0.6","0.98","OK"
"VGF_GILT2022","2022.08.01..2022.11.01","2022.10.31","0.6","0.7","1.2","OK"
"VGF_OOS2024","2024.09.01..2024.11.01","2024.10.31","0","0","0.13","OK"
"VGF_WF3_2021","2021.07.01..2021.10.01","2021.09.30","0","0","1.49","OK"
"VGF_WF6_2025","2025.01.01..2025.04.01","2025.03.31","0.3","0.3","1.16","OK"
"VWS1_H1_HOLDOUT","2023.01.01..2025.01.01","2024.12.31","0.4","0.1","2.53","OK"
"VWS1_M15_BWD","2020.01.01..2023.01.01","2022.12.30","1.8","0.2","3.88","OK"
"VWS1_M15_FWD","2025.01.01..2026.07.01","2026.06.30","0.7","0.1","4.37","OK"
"VWS1_M15_HOLDOUT","2023.01.01..2025.01.01","2024.12.31","0.7","0.1","0.97","OK"
"W2_S1_TrendRider_MAIN","2023.01.01..2025.12.31","2025.12.23","7.3","0.7","3.48","OK"
"W2_SS2_NyIgnition_MAIN","2023.01.01..2025.12.31","2025.12.30","0.1","0","2.39","OK"
"W2_SS4_SweepRev_MAIN","2023.01.01..2025.12.31","2025.12.30","0","0","0.85","OK"
"W2A_S1_H1_BWD","2020.01.01..2022.12.31","2022.12.30","0.5","0","4.62","OK"
"W2A_S1_H1_MAIN","2023.01.01..2025.12.31","2025.12.30","0.3","0","2.43","OK"
"W2A_S1_H4_BWD","2020.01.01..2022.12.31","2022.12.30","0","0","2.57","OK"
"W2A_SS4_M15_BWD","2020.01.01..2022.12.31","2022.12.22","8.3","0.8","0.77","OK"
"W2A_SS4_M30_BWD","2020.01.01..2022.12.31","2022.12.29","1.2","0.1","1.23","OK"
"W2A_SS4_M30_MAIN","2023.01.01..2025.12.31","2025.12.22","8.9","0.8","1.15","OK"
"W2B_S1_a20_s0p3_c2_BWD","2020.01.01..2022.12.31","2022.12.30","0","0","2.71","OK"
"W2B_S1_a20_s0p3_c2_MAIN","2023.01.01..2025.12.31","2025.12.23","7.3","0.7","2.95","OK"
"W2B_S1_a20_s0p3_c2p5_BWD","2020.01.01..2022.12.31","2022.12.30","0","0","1.94","OK"
"W2B_S1_a20_s0p3_c2p5_MAIN","2023.01.01..2025.12.31","2025.12.23","7.3","0.7","2.62","OK"
"W2B_S1_a20_s0p3_c3_BWD","2020.01.01..2022.12.31","2022.12.29","1.7","0.2","2.1","OK"
"W2B_S1_a20_s0p3_c3_MAIN","2023.01.01..2025.12.31","2025.12.29","1.6","0.1","3.05","OK"
"W2B_S1_a20_s0p5_c2_BWD","2020.01.01..2022.12.31","2022.12.30","0","0","2.57","OK"
"W2B_S1_a20_s0p5_c2_MAIN","2023.01.01..2025.12.31","2025.12.23","7.3","0.7","3","OK"
"W2B_S1_a20_s0p5_c2p5_BWD","2020.01.01..2022.12.31","2022.12.30","0","0","1.71","OK"
"W2B_S1_a20_s0p5_c2p5_MAIN","2023.01.01..2025.12.31","2025.12.23","7.3","0.7","2.64","OK"
"W2B_S1_a20_s0p5_c3_BWD","2020.01.01..2022.12.31","2022.12.29","1.7","0.2","2.03","OK"
"W2B_S1_a20_s0p5_c3_MAIN","2023.01.01..2025.12.31","2025.12.29","1.6","0.1","3.08","OK"
"W2B_S1_a20_s0p8_c2_BWD","2020.01.01..2022.12.31","2022.12.30","0","0","2.86","OK"
"W2B_S1_a20_s0p8_c2_MAIN","2023.01.01..2025.12.31","2025.12.23","7.3","0.7","3","OK"
"W2B_S1_a20_s0p8_c2p5_BWD","2020.01.01..2022.12.31","2022.12.30","0","0","2.13","OK"
"W2B_S1_a20_s0p8_c2p5_MAIN","2023.01.01..2025.12.31","2025.12.23","7.3","0.7","2.64","OK"
"W2B_S1_a20_s0p8_c3_BWD","2020.01.01..2022.12.31","2022.12.29","1.7","0.2","2.18","OK"
"W2B_S1_a20_s0p8_c3_MAIN","2023.01.01..2025.12.31","2025.12.29","1.6","0.1","3.08","OK"
"W2B_S1_a25_s0p3_c2_BWD","2020.01.01..2022.12.31","2022.12.30","0","0","2.34","OK"
"W2B_S1_a25_s0p3_c2_MAIN","2023.01.01..2025.12.31","2025.12.19","11.9","1.1","2.97","OK"
"W2B_S1_a25_s0p3_c2p5_BWD","2020.01.01..2022.12.31","2022.12.30","0","0","2.78","OK"
"W2B_S1_a25_s0p3_c2p5_MAIN","2023.01.01..2025.12.31","2025.12.23","7.3","0.7","3.49","OK"
"W2B_S1_a25_s0p3_c3_BWD","2020.01.01..2022.12.31","2022.12.29","1.7","0.2","2.28","OK"
"W2B_S1_a25_s0p3_c3_MAIN","2023.01.01..2025.12.31","2025.12.29","1.6","0.1","4.12","OK"
"W2B_S1_a25_s0p5_c2_BWD","2020.01.01..2022.12.31","2022.12.30","0","0","2.34","OK"
"W2B_S1_a25_s0p5_c2_MAIN","2023.01.01..2025.12.31","2025.12.19","11.9","1.1","2.99","OK"
"W2B_S1_a25_s0p5_c2p5_BWD","2020.01.01..2022.12.31","2022.12.30","0","0","2.57","OK"
"W2B_S1_a25_s0p5_c2p5_MAIN","2023.01.01..2025.12.31","2025.12.23","7.3","0.7","3.48","OK"
"W2B_S1_a25_s0p5_c3_BWD","2020.01.01..2022.12.31","2022.12.29","1.7","0.2","2.04","OK"
"W2B_S1_a25_s0p5_c3_MAIN","2023.01.01..2025.12.31","2025.12.29","1.6","0.1","4.12","OK"
"W2B_S1_a25_s0p8_c2_BWD","2020.01.01..2022.12.31","2022.12.30","0","0","2.85","OK"
"W2B_S1_a25_s0p8_c2_MAIN","2023.01.01..2025.12.31","2025.12.19","11.9","1.1","2.98","OK"
"W2B_S1_a25_s0p8_c2p5_BWD","2020.01.01..2022.12.31","2022.12.30","0","0","3.4","OK"
"W2B_S1_a25_s0p8_c2p5_MAIN","2023.01.01..2025.12.31","2025.12.23","7.3","0.7","3.48","OK"
"W2B_S1_a25_s0p8_c3_BWD","2020.01.01..2022.12.31","2022.12.29","1.7","0.2","2.7","OK"
"W2B_S1_a25_s0p8_c3_MAIN","2023.01.01..2025.12.31","2025.12.29","1.6","0.1","4.1","OK"
"W2B_S1_a30_s0p3_c2_BWD","2020.01.01..2022.12.31","2022.12.30","0","0","1.45","OK"
"W2B_S1_a30_s0p3_c2_MAIN","2023.01.01..2025.12.31","2025.12.19","11.9","1.1","2.53","OK"
"W2B_S1_a30_s0p3_c2p5_BWD","2020.01.01..2022.12.31","2022.12.28","2.9","0.3","1.85","OK"
"W2B_S1_a30_s0p3_c2p5_MAIN","2023.01.01..2025.12.31","2025.12.23","7.3","0.7","2.97","OK"
"W2B_S1_a30_s0p3_c3_BWD","2020.01.01..2022.12.31","2022.12.28","2.7","0.2","1.94","OK"
"W2B_S1_a30_s0p3_c3_MAIN","2023.01.01..2025.12.31","2025.12.29","1.6","0.1","3.6","OK"
"W2B_S1_a30_s0p5_c2_BWD","2020.01.01..2022.12.31","2022.12.30","0","0","1.45","OK"
"W2B_S1_a30_s0p5_c2_MAIN","2023.01.01..2025.12.31","2025.12.19","11.9","1.1","2.53","OK"
"W2B_S1_a30_s0p5_c2p5_BWD","2020.01.01..2022.12.31","2022.12.28","2.9","0.3","1.85","OK"
"W2B_S1_a30_s0p5_c2p5_MAIN","2023.01.01..2025.12.31","2025.12.23","7.3","0.7","2.97","OK"
"W2B_S1_a30_s0p5_c3_BWD","2020.01.01..2022.12.31","2022.12.28","2.7","0.2","1.94","OK"
"W2B_S1_a30_s0p5_c3_MAIN","2023.01.01..2025.12.31","2025.12.29","1.6","0.1","3.6","OK"
"W2B_S1_a30_s0p8_c2_BWD","2020.01.01..2022.12.31","2022.12.30","0","0","1.91","OK"
"W2B_S1_a30_s0p8_c2_MAIN","2023.01.01..2025.12.31","2025.12.19","11.9","1.1","2.53","OK"
"W2B_S1_a30_s0p8_c2p5_BWD","2020.01.01..2022.12.31","2022.12.28","2.9","0.3","2.27","OK"
"W2B_S1_a30_s0p8_c2p5_MAIN","2023.01.01..2025.12.31","2025.12.23","7.3","0.7","2.96","OK"
"W2B_S1_a30_s0p8_c3_BWD","2020.01.01..2022.12.31","2022.12.28","2.7","0.2","2.22","OK"
"W2B_S1_a30_s0p8_c3_MAIN","2023.01.01..2025.12.31","2025.12.29","1.6","0.1","3.59","OK"
"W2B_SS4_a22_w0p3_t1p2_BWD","2020.01.01..2022.12.31","2022.12.15","15.3","1.4","0.54","OK"
"W2B_SS4_a22_w0p3_t1p2_MAIN","2023.01.01..2025.12.31","2025.12.11","19.2","1.8","0.44","OK"
"W2B_SS4_a22_w0p3_t1p8_BWD","2020.01.01..2022.12.31","2022.12.15","15.3","1.4","0.7","OK"
"W2B_SS4_a22_w0p3_t1p8_MAIN","2023.01.01..2025.12.31","2025.12.11","19.2","1.8","0.45","OK"
"W2B_SS4_a22_w0p3_t2p5_BWD","2020.01.01..2022.12.31","2022.12.15","15.3","1.4","0.87","OK"
"W2B_SS4_a22_w0p3_t2p5_MAIN","2023.01.01..2025.12.31","2025.12.11","19.2","1.8","0.52","OK"
"W2B_SS4_a22_w0p5_t1p2_BWD","2020.01.01..2022.12.31","2022.11.28","32.3","2.9","0.25","OK"
"W2B_SS4_a22_w0p5_t1p2_MAIN","2023.01.01..2025.12.31","2025.11.20","40.3","3.7","0.44","OK"
"W2B_SS4_a22_w0p5_t1p8_BWD","2020.01.01..2022.12.31","2022.11.28","32.3","2.9","0.39","OK"
"W2B_SS4_a22_w0p5_t1p8_MAIN","2023.01.01..2025.12.31","2025.11.20","40.2","3.7","0.45","OK"
"W2B_SS4_a22_w0p5_t2p5_BWD","2020.01.01..2022.12.31","2022.11.28","32.3","2.9","0.53","OK"
"W2B_SS4_a22_w0p5_t2p5_MAIN","2023.01.01..2025.12.31","2025.11.20","40.2","3.7","0.82","OK"
"W2B_SS4_a28_w0p3_t1p2_BWD","2020.01.01..2022.12.31","2022.12.22","8.3","0.8","0.79","OK"
"W2B_SS4_a28_w0p3_t1p2_MAIN","2023.01.01..2025.12.31","2025.12.30","0","0","0.59","OK"
"W2B_SS4_a28_w0p3_t1p8_BWD","2020.01.01..2022.12.31","2022.12.22","8.3","0.8","0.77","OK"
"W2B_SS4_a28_w0p3_t1p8_MAIN","2023.01.01..2025.12.31","2025.12.30","0","0","0.85","OK"
"W2B_SS4_a28_w0p3_t2p5_BWD","2020.01.01..2022.12.31","2022.12.22","8.3","0.8","0.87","OK"
"W2B_SS4_a28_w0p3_t2p5_MAIN","2023.01.01..2025.12.31","2025.12.30","0","0","1.13","OK"
"W2B_SS4_a28_w0p5_t1p2_BWD","2020.01.01..2022.12.31","2022.12.14","16.1","1.5","0.5","OK"
"W2B_SS4_a28_w0p5_t1p2_MAIN","2023.01.01..2025.12.31","2025.12.30","0.4","0","0.46","OK"
"W2B_SS4_a28_w0p5_t1p8_BWD","2020.01.01..2022.12.31","2022.12.14","16.1","1.5","0.62","OK"
"W2B_SS4_a28_w0p5_t1p8_MAIN","2023.01.01..2025.12.31","2025.12.30","0.4","0","0.69","OK"
"W2B_SS4_a28_w0p5_t2p5_BWD","2020.01.01..2022.12.31","2022.12.14","16.1","1.5","0.58","OK"
"W2B_SS4_a28_w0p5_t2p5_MAIN","2023.01.01..2025.12.31","2025.12.30","0.4","0","1.05","OK"
"W2B_SS4_a35_w0p3_t1p2_BWD","2020.01.01..2022.12.31","2022.12.27","3.2","0.3","1.23","OK"
"W2B_SS4_a35_w0p3_t1p2_MAIN","2023.01.01..2025.12.31","2025.12.30","0","0","1.68","OK"
"W2B_SS4_a35_w0p3_t1p8_BWD","2020.01.01..2022.12.31","2022.12.27","3.2","0.3","1.38","OK"
"W2B_SS4_a35_w0p3_t1p8_MAIN","2023.01.01..2025.12.31","2025.12.30","0","0","1.62","OK"
"W2B_SS4_a35_w0p3_t2p5_BWD","2020.01.01..2022.12.31","2022.12.27","3.2","0.3","1.75","OK"
"W2B_SS4_a35_w0p3_t2p5_MAIN","2023.01.01..2025.12.31","2025.12.30","0","0","1.79","OK"
"W2B_SS4_a35_w0p5_t1p2_BWD","2020.01.01..2022.12.31","2022.12.27","3.2","0.3","0.91","OK"
"W2B_SS4_a35_w0p5_t1p2_MAIN","2023.01.01..2025.12.31","2025.12.30","0.4","0","1.23","OK"
"W2B_SS4_a35_w0p5_t1p8_BWD","2020.01.01..2022.12.31","2022.12.27","3.2","0.3","1.13","OK"
"W2B_SS4_a35_w0p5_t1p8_MAIN","2023.01.01..2025.12.31","2025.12.30","0.4","0","1.06","OK"
"W2B_SS4_a35_w0p5_t2p5_BWD","2020.01.01..2022.12.31","2022.12.27","3.2","0.3","1.25","OK"
"W2B_SS4_a35_w0p5_t2p5_MAIN","2023.01.01..2025.12.31","2025.12.30","0.4","0","1.16","OK"
"W2C_SS1_EURUSD_M15_BWD","2020.01.01..2022.12.31","2022.12.30","0.4","0","1.1","OK"
"W2C_SS1_EURUSD_M15_MAIN","2023.01.01..2025.12.31","2025.12.30","0.5","0","1.11","OK"
"W2C_SS1_GBPUSD_M15_BWD","2020.01.01..2022.12.31","2022.12.30","0.3","0","0.77","OK"
"W2C_SS1_GBPUSD_M15_MAIN","2023.01.01..2025.12.31","2025.12.30","0.4","0","1.77","OK"
"W2C_SS1_USDJPY_M15_BWD","2020.01.01..2022.12.31","2022.12.30","0.5","0","0.61","OK"
"W2C_SS1_USDJPY_M15_MAIN","2023.01.01..2025.12.31","2025.12.30","0.4","0","0.74","OK"
"W2C_SS1_XAUUSD_M30_BWD","2020.01.01..2022.12.31","2022.12.30","0.4","0","1.04","OK"
"W2C_SS1_XAUUSD_M30_MAIN","2023.01.01..2025.12.31","2025.12.30","0.2","0","1.79","OK"
"W2D_S1_BWD_M4","2020.01.01..2022.12.31","2022.12.30","0","0","1.78","OK"
"W2D_S1_HOLDOUT","2026.01.01..2026.06.30","2026.06.29","0","0","4.87","OK"
"W2D_S1_MAIN_M4","2023.01.01..2025.12.31","2025.12.23","7.3","0.7","2.66","OK"
"W2D_SS4_rsi70_25_BWD","2020.01.01..2022.12.31","2022.11.28","32.5","3","0.34","OK"
"W2D_SS4_rsi70_25_MAIN","2023.01.01..2025.12.31","2025.12.16","14.2","1.3","0.52","OK"
"W2D_SS4_rsi70_30_BWD","2020.01.01..2022.12.31","2022.12.14","16.1","1.5","0.61","OK"
"W2D_SS4_rsi70_30_MAIN","2023.01.01..2025.12.31","2025.12.16","14.2","1.3","0.58","OK"
"W2D_SS4_rsi75_25_BWD","2020.01.01..2022.12.31","2022.11.28","32.5","3","0.32","OK"
"W2D_SS4_rsi75_25_MAIN","2023.01.01..2025.12.31","2025.12.16","14.2","1.3","0.52","OK"
"W2D_SS4_rsi75_30_BWD","2020.01.01..2022.12.31","2022.12.14","16.1","1.5","0.58","OK"
"W2D_SS4_rsi75_30_MAIN","2023.01.01..2025.12.31","2025.12.16","14.2","1.3","0.45","OK"
"W5_GBPJPY_BWD","2020.01.01..2023.01.01","2022.12.30","1","0.1","2.27","OK"
"W5_GBPJPY_MAIN","2023.01.01..2026.07.01","2026.06.30","0.7","0.1","1.26","OK"
"W5_US30_BWD","2020.01.01..2023.01.01","2022.12.13","18.2","1.7","0.29","OK"
"W5_US30_MAIN","2023.01.01..2026.07.01","2026.06.29","1.2","0.1","0.09","OK"
"W5_USDJPY_BWD","2020.01.01..2023.01.01","2022.12.30","1","0.1","0.59","OK"
"W5_USDJPY_MAIN","2023.01.01..2026.07.01","2026.06.30","0.4","0","0.76","OK"
"W5_XAGUSD_BWD","2020.01.01..2023.01.01","2022.12.30","1","0.1","2.55","OK"
"W5_XAGUSD_MAIN","2023.01.01..2026.07.01","2026.06.30","0.7","0.1","5.1","OK"
"W5_XAUUSD_BWD","2020.01.01..2023.01.01","2022.12.28","3.5","0.3","1.66","OK"
"W5_XAUUSD_MAIN","2023.01.01..2026.07.01","2026.06.30","0.3","0","3.56","OK"
"W5BEST_2020","2020.01.01..2021.01.01","2020.11.30","31.5","8.6","0.18","OK"
"W5BEST_2021","2021.01.01..2022.01.01","2021.12.17","14.3","3.9","0.17","OK"
"W5BEST_2022","2022.01.01..2023.01.01","2022.12.29","2.3","0.6","0.22","OK"
"W5BEST_2023","2023.01.01..2024.01.01","2023.12.29","2","0.5","0.28","OK"
"W5BEST_2024","2024.01.01..2025.01.01","2024.10.31","61.1","16.7","0.19","QUIET_TAIL"
"W5BEST_2025","2025.01.01..2026.01.01","2025.12.16","15.9","4.4","0.16","OK"
"W5OPT_f236_m0618_BWD","2020.01.01..2023.01.01","2022.12.30","1","0.1","0.59","OK"
"W5OPT_f236_m0618_MAIN","2023.01.01..2026.07.01","2026.06.30","0.4","0","0.76","OK"
"W5OPT_f236_m10_BWD","2020.01.01..2023.01.01","2022.12.30","1","0.1","0.48","OK"
"W5OPT_f236_m10_MAIN","2023.01.01..2026.07.01","2026.06.30","0.4","0","0.7","OK"
"W5OPT_f236_m1618_BWD","2020.01.01..2023.01.01","2022.12.29","2.3","0.2","0.51","OK"
"W5OPT_f236_m1618_MAIN","2023.01.01..2026.07.01","2026.06.30","0.4","0","0.44","OK"
"W5OPT_f382_m0618_BWD","2020.01.01..2023.01.01","2022.12.29","2.3","0.2","0.33","OK"
"W5OPT_f382_m0618_MAIN","2023.01.01..2026.07.01","2026.06.30","0.4","0","0.53","OK"
"W5OPT_f382_m10_BWD","2020.01.01..2023.01.01","2022.12.29","2.3","0.2","0.28","OK"
"W5OPT_f382_m10_MAIN","2023.01.01..2026.07.01","2026.06.30","0.4","0","0.47","OK"
"W5OPT_f382_m1618_BWD","2020.01.01..2023.01.01","2022.12.29","2.3","0.2","0.22","OK"
"W5OPT_f382_m1618_MAIN","2023.01.01..2026.07.01","2026.06.30","0.4","0","0.28","OK"
"W5OPT_f500_m0618_BWD","2020.01.01..2023.01.01","2022.12.29","2.3","0.2","0.41","OK"
"W5OPT_f500_m0618_MAIN","2023.01.01..2026.07.01","2026.06.30","0.8","0.1","0.41","OK"
"W5OPT_f500_m10_BWD","2020.01.01..2023.01.01","2022.12.29","2.3","0.2","0.42","OK"
"W5OPT_f500_m10_MAIN","2023.01.01..2026.07.01","2026.06.25","5.8","0.5","0.33","OK"
"W5OPT_f500_m1618_BWD","2020.01.01..2023.01.01","2022.12.29","2.3","0.2","0.33","OK"
"W5OPT_f500_m1618_MAIN","2023.01.01..2026.07.01","2026.06.25","5.8","0.5","0.35","OK"
"W5X_AUDJPY_H1_MAIN_M1","2023.01.01..2025.12.31","2025.12.12","18.9","1.7","1.13","OK"
"W5X_AUDJPY_H4_MAIN_M1","2023.01.01..2025.12.31","2025.12.24","6.3","0.6","1.12","OK"
"W5X_CHFJPY_H1_MAIN_M1","2023.01.01..2025.12.31","2025.12.29","1.5","0.1","1.4","OK"
"W5X_CHFJPY_H4_MAIN_M1","2023.01.01..2025.12.31","2025.12.30","0","0","0.95","OK"
"W5X_EURJPY_H1_MAIN_M1","2023.01.01..2025.12.31","2025.12.29","1.5","0.1","0.8","OK"
"W5X_EURJPY_H4_MAIN_M1","2023.01.01..2025.12.31","2025.12.30","0","0","1.33","OK"
"W5X_GBPJPY_H1_MAIN_M1","2023.01.01..2025.12.31","2025.12.23","7.4","0.7","1.58","OK"
"W5X_GBPJPY_H4_MAIN_M1","2023.01.01..2025.12.31","2025.12.30","0","0","1.42","OK"
"W5YS_USDJPY_2020","2020.01.01..2021.01.01","2020.12.31","0.3","0.1","0.59","OK"
"W5YS_USDJPY_2021","2021.01.01..2022.01.01","2021.12.29","2.3","0.6","0.46","OK"
"W5YS_USDJPY_2022","2022.01.01..2023.01.01","2022.12.30","1","0.3","0.36","OK"
"W5YS_USDJPY_2023","2023.01.01..2024.01.01","2023.12.29","2","0.5","0.55","OK"
"W5YS_USDJPY_2024","2024.01.01..2025.01.01","2024.12.18","13.4","3.7","0.49","OK"
"W5YS_USDJPY_2025","2025.01.01..2026.01.01","2025.12.31","0","0","0.62","OK"
"WAIT_BreakoutRetest_EURUSD_M1","2025.07.01..2026.07.01","2026.06.18","12.4","3.4","15.71","OK"
"WAIT_BreakoutRetest_EURUSD_M2","2026.04.01..2026.07.01","2026.06.18","12.3","13.5","14.88","QUIET_TAIL"
"WAIT_BreakoutRetest_XAUUSD_M1","2025.07.01..2026.07.01","2025.07.07","358.6","98.2","67.19","SUSPECT"
"WAIT_BreakoutRetest_XAUUSD_M2","2026.04.01..2026.07.01","2026.04.08","83.8","92.1","69.79","SUSPECT"
"WAIT_Niyombot_XAUUSD_M1","2025.07.01..2026.07.01","2025.07.03","362.3","99.3","94.26","SUSPECT"
"WAIT_Niyombot_XAUUSD_M2","2026.04.01..2026.07.01","2026.04.02","89.8","98.7","108.58","SUSPECT"
"WAIT_OH_Bot_EURUSD_M1","2025.07.01..2026.07.01","2026.06.30","0","0","42.9","OK"
"WAIT_OH_Bot_EURUSD_M2","2026.04.01..2026.07.01","2026.06.30","0","0","12.14","OK"
"WAIT_OH_Bot_XAUUSD_M1","2025.07.01..2026.07.01","2025.10.06","267.8","73.4","89.5","SUSPECT"
"WAIT_OH_Bot_XAUUSD_M2","2026.04.01..2026.07.01","2026.06.30","0","0","43.3","OK"
"WAVE5_GBP_BWD","2020.01.01..2022.12.31","2022.12.02","28.2","2.6","1.52","OK"
"WAVE5_GBP_MAIN","2023.01.01..2026.07.01","2026.06.30","0.3","0","0.66","OK"
"WAVE5_XAU_BWD","2020.01.01..2022.12.31","2022.12.28","2.5","0.2","1.76","OK"
"WAVE5_XAU_MAIN","2023.01.01..2026.07.01","2026.06.30","0.3","0","1.66","OK"
"WAVE5V_EUR_BWD","2020.01.01..2022.12.31","2022.12.30","0","0","1.26","OK"
"WAVE5V_EUR_MAIN","2023.01.01..2026.07.01","2026.06.29","2","0.2","1.74","OK"
"WAVE5V_GBP_BWD","2020.01.01..2022.12.31","2022.12.30","0.2","0","2.38","OK"
"WAVE5V_GBP_MAIN","2023.01.01..2026.07.01","2026.06.30","0.3","0","1.09","OK"
"WAVE5V_XAU_H4_BWD","2020.01.01..2022.12.31","2022.12.05","25.6","2.3","1.76","OK"
"WAVE5V_XAU_H4_MAIN","2023.01.01..2026.07.01","2026.06.26","4.8","0.4","1.52","OK"
"WF_RSIMR_CANON1_F1_IS__03_DistAtrMult=10","2020.01.01..2021.03.01","2021.02.26","2","0.5","4.74","OK"
"WF_RSIMR_CANON1_F1_IS__03_DistAtrMult=8","2020.01.01..2021.03.01","2021.02.26","2","0.5","4.18","OK"
"WF_RSIMR_CANON1_F1_IS__03_DistAtrMult=9","2020.01.01..2021.03.01","2021.02.26","2","0.5","3.77","OK"
"WF_RSIMR_CANON1_F1_OOS__03_DistAtrMult=8","2021.03.01..2022.01.01","2021.12.31","0","0","4.04","OK"
"WF_RSIMR_REGR_F1_IS__03_DistAtrMult=10","2020.01.01..2021.09.01","2021.08.31","0","0","4.74","OK"
"WF_RSIMR_REGR_F1_IS__03_DistAtrMult=8","2020.01.01..2021.09.01","2021.08.31","0","0","4.18","OK"
"WF_RSIMR_REGR_F1_IS__03_DistAtrMult=9","2020.01.01..2021.09.01","2021.08.31","0","0","3.77","OK"
"WF_RSIMR_REGR_F1_OOS__03_DistAtrMult=8","2021.09.01..2022.12.01","2022.11.30","0","0","7.88","OK"
"WF_RSIMR_REGR_F2_IS__03_DistAtrMult=10","2021.09.01..2023.06.01","2023.05.31","0","0","4.13","OK"
"WF_RSIMR_REGR_F2_IS__03_DistAtrMult=8","2021.09.01..2023.06.01","2023.05.31","0","0","7.88","OK"
"WF_RSIMR_REGR_F2_IS__03_DistAtrMult=9","2021.09.01..2023.06.01","2023.05.31","0","0","5.54","OK"
"WF_RSIMR_REGR_F2_OOS__03_DistAtrMult=9","2023.06.01..2024.09.01","2024.08.30","1","0.2","8.32","OK"
"WF_RSIMR_REGR_F2_OOS_PRIMARYRERUN__03_DistAtrMult=9","2023.06.01..2024.09.01","2024.08.30","1","0.2","8.32","OK"
"WF_RSIMR_REGR_F2_OOS_RERUN","2023.06.01..2024.09.01","2024.08.30","1","0.2","8.32","OK"
"WFA_W1_IS_10","2020.01.01..2021.09.01","2021.08.31","0","0","4.72","OK"
"WFA_W1_IS_8","2020.01.01..2021.09.01","2021.08.31","0","0","4.17","OK"
"WFA_W1_IS_9","2020.01.01..2021.09.01","2021.08.31","0","0","3.75","OK"
"WFA_W1_OOS_8","2021.09.01..2022.12.01","2022.11.30","0","0","7.85","OK"
"WFA_W2_IS_10","2021.09.01..2023.06.01","2023.05.31","0","0","4.11","OK"
"WFA_W2_IS_8","2021.09.01..2023.06.01","2023.05.31","0","0","7.85","OK"
"WFA_W2_IS_9","2021.09.01..2023.06.01","2023.05.31","0","0","5.53","OK"
"WFA_W2_OOS_9","2023.06.01..2024.09.01","2024.08.30","1","0.2","3.29","OK"
"WFA_W3_IS_10","2023.06.01..2025.01.01","2024.12.31","0","0","4.02","OK"
"WFA_W3_IS_8","2023.06.01..2025.01.01","2024.12.31","0","0","5.56","OK"
"WFA_W3_IS_9","2023.06.01..2025.01.01","2024.12.31","0","0","5.29","OK"
"WFA_W3_OOS_10","2025.01.01..2026.07.01","2026.06.30","0","0","2.57","OK"
"XAGMG_F20_M05_BWD","2020.01.01..2022.12.31","2022.12.30","0","0","2.18","OK"
"XAGMG_F20_M05_MAIN","2023.01.01..2026.07.01","2026.06.30","0.7","0.1","6.54","OK"
"XAGMG_F20_M0618_BWD","2020.01.01..2022.12.31","2022.12.30","0","0","2.13","OK"
"XAGMG_F20_M0618_MAIN","2023.01.01..2026.07.01","2026.06.30","0.7","0.1","5.28","OK"
"XAGMG_F236_M05_BWD","2020.01.01..2022.12.31","2022.12.30","0","0","3.07","OK"
"XAGMG_F236_M05_MAIN","2023.01.01..2026.07.01","2026.06.30","0.7","0.1","5.06","OK"
"XAGMG_F236_M0618_BWD","2020.01.01..2022.12.31","2022.12.30","0","0","2.54","OK"
"XAGMG_F236_M0618_MAIN","2023.01.01..2026.07.01","2026.06.30","0.7","0.1","5.04","OK"
"XAGMG_F27_M05_BWD","2020.01.01..2022.12.31","2022.12.30","0","0","3.13","OK"
"XAGMG_F27_M05_MAIN","2023.01.01..2026.07.01","2026.06.30","0","0","5.1","OK"
"XAGMG_F27_M0618_BWD","2020.01.01..2022.12.31","2022.12.30","0","0","2.6","OK"
"XAGMG_F27_M0618_MAIN","2023.01.01..2026.07.01","2026.06.30","0","0","5.08","OK"
"XAU_ATRTP_1","2023.01.01..2026.07.01","2026.01.29","152.7","12","23.83","SUSPECT"
"XAU_ATRTP_1_noslcap","2023.01.01..2026.07.01","2026.01.29","152.4","11.9","18.73","SUSPECT"
"XAU_ATRTP_2","2023.01.01..2026.07.01","2026.01.29","152.7","12","23.83","SUSPECT"
"XAU_ATRTP_2_noslcap","2023.01.01..2026.07.01","2026.01.29","152.4","11.9","21.16","SUSPECT"
"XAU_ATRTP_3p5","2023.01.01..2026.07.01","2026.01.29","152.7","12","23.83","SUSPECT"
"XAU_ATRTP_3p5_noslcap","2023.01.01..2026.07.01","2026.01.29","152.4","11.9","22.89","SUSPECT"
"XAU_ATRTP_5","2023.01.01..2026.07.01","2026.01.29","152.7","12","22.68","SUSPECT"
"XAU_ATRTP_5_noslcap","2023.01.01..2026.07.01","2026.01.29","152.3","11.9","37.77","SUSPECT"
"XAUNT_XAUUSD_H1","2023.01.01..2026.06.01","2026.05.29","2","0.2","4.79","OK"
"XAUYS_medH4_2020","2020.01.01..2021.01.01","2020.12.31","0","0","5.96","OK"
"XAUYS_medH4_2021","2021.01.01..2022.01.01","2021.12.31","0","0","10.72","OK"
"XAUYS_medH4_2022","2022.01.01..2023.01.01","2022.12.30","1","0.3","11","OK"
"XAUYS_medH4_2023","2023.01.01..2024.01.01","2023.11.07","54.9","15","5.74","QUIET_TAIL"
"XAUYS_medH4_2024","2024.01.01..2025.01.01","2024.12.31","0.2","0.1","15.53","OK"
"XAUYS_medH4_2025","2025.01.01..2026.01.01","2025.12.12","19.2","5.3","11.09","OK"
"XAUYS_slowH1_2020","2020.01.01..2021.01.01","2020.12.31","0.8","0.2","5.6","OK"
"XAUYS_slowH1_2021","2021.01.01..2022.01.01","2021.12.31","0.3","0.1","6.89","OK"
"XAUYS_slowH1_2022","2022.01.01..2023.01.01","2022.12.30","1.5","0.4","5.83","OK"
"XAUYS_slowH1_2023","2023.01.01..2024.01.01","2023.12.22","9.2","2.5","9.63","OK"
"XAUYS_slowH1_2024","2024.01.01..2025.01.01","2024.12.02","29.3","8","10.75","OK"
"XAUYS_slowH1_2025","2025.01.01..2026.01.01","2025.12.23","8.3","2.3","15.13","OK"
"XNY_H1_b20_none_m1t25_BWD","2020.01.01..2023.01.01","2022.12.28","3.2","0.3","6.32","OK"
"XNY_H1_b20_none_m1t25_MAIN","2023.01.01..2026.07.01","2026.06.30","0.6","0","5.41","OK"
"XNY_H1_b20_none_roff_BWD","2020.01.01..2023.01.01","2022.12.30","1.3","0.1","5.9","OK"
"XNY_H1_b20_none_roff_MAIN","2023.01.01..2026.07.01","2026.06.30","0.6","0","10.05","OK"
"XNY_H1_b20_NY_m1t25_BWD","2020.01.01..2023.01.01","2022.12.28","3.2","0.3","6.2","OK"
"XNY_H1_b20_NY_m1t25_MAIN","2023.01.01..2026.07.01","2026.06.29","1.6","0.1","3.49","OK"
"XNY_H1_b20_NY_roff_BWD","2020.01.01..2023.01.01","2022.12.30","1.3","0.1","4.55","OK"
"XNY_H1_b20_NY_roff_MAIN","2023.01.01..2026.07.01","2026.06.30","0.8","0.1","4.95","OK"
"XNY_H1_b40_none_m1t25_BWD","2020.01.01..2023.01.01","2022.12.27","4.2","0.4","5.09","OK"
"XNY_H1_b40_none_m1t25_MAIN","2023.01.01..2026.07.01","2026.06.30","0.6","0","5.01","OK"
"XNY_H1_b40_none_roff_BWD","2020.01.01..2023.01.01","2022.12.30","1","0.1","6.03","OK"
"XNY_H1_b40_none_roff_MAIN","2023.01.01..2026.07.01","2026.06.30","0.6","0","10.02","OK"
"XNY_H1_b40_NY_m1t25_BWD","2020.01.01..2023.01.01","2022.12.27","4.2","0.4","4.66","OK"
"XNY_H1_b40_NY_m1t25_MAIN","2023.01.01..2026.07.01","2026.06.29","1.6","0.1","2.88","OK"
"XNY_H1_b40_NY_roff_BWD","2020.01.01..2023.01.01","2022.12.30","1","0.1","4.64","OK"
"XNY_H1_b40_NY_roff_MAIN","2023.01.01..2026.07.01","2026.06.29","1.6","0.1","3.97","OK"
"XNY_H1_b8_none_m1t25_BWD","2020.01.01..2023.01.01","2022.12.30","1.3","0.1","4.81","OK"
"XNY_H1_b8_none_m1t25_MAIN","2023.01.01..2026.07.01","2026.06.30","0","0","4.94","OK"
"XNY_H1_b8_none_roff_BWD","2020.01.01..2023.01.01","2022.12.30","1","0.1","6.79","OK"
"XNY_H1_b8_none_roff_MAIN","2023.01.01..2026.07.01","2026.06.30","0","0","12.9","OK"
"XNY_H1_b8_NY_m1t25_BWD","2020.01.01..2023.01.01","2022.12.28","3.2","0.3","4.09","OK"
"XNY_H1_b8_NY_m1t25_MAIN","2023.01.01..2026.07.01","2026.06.29","1.6","0.1","3.57","OK"
"XNY_H1_b8_NY_roff_BWD","2020.01.01..2023.01.01","2022.12.30","1.3","0.1","5.63","OK"
"XNY_H1_b8_NY_roff_MAIN","2023.01.01..2026.07.01","2026.06.30","0.8","0.1","6.52","OK"
"XNY_H4_b20_none_m1t25_BWD","2020.01.01..2023.01.01","2022.12.22","9.3","0.8","4.4","OK"
"XNY_H4_b20_none_m1t25_MAIN","2023.01.01..2026.07.01","2026.06.30","0.8","0.1","3.94","OK"
"XNY_H4_b20_none_roff_BWD","2020.01.01..2023.01.01","2022.12.22","9.3","0.8","5.15","OK"
"XNY_H4_b20_none_roff_MAIN","2023.01.01..2026.07.01","2026.06.30","0.8","0.1","5.76","OK"
"XNY_H4_b20_NY_m1t25_BWD","2020.01.01..2023.01.01","2022.12.22","9.3","0.8","3.19","OK"
"XNY_H4_b20_NY_m1t25_MAIN","2023.01.01..2026.07.01","2026.06.26","4.3","0.3","4.6","OK"
"XNY_H4_b20_NY_roff_BWD","2020.01.01..2023.01.01","2022.12.22","9.3","0.8","3.8","OK"
"XNY_H4_b20_NY_roff_MAIN","2023.01.01..2026.07.01","2026.06.26","4.3","0.3","4.2","OK"
"XNY_H4_b40_none_m1t25_BWD","2020.01.01..2023.01.01","2022.12.05","26.3","2.4","5.44","OK"
"XNY_H4_b40_none_m1t25_MAIN","2023.01.01..2026.07.01","2026.06.26","4.3","0.3","4.61","OK"
"XNY_H4_b40_none_roff_BWD","2020.01.01..2023.01.01","2022.12.15","16.8","1.5","5.84","OK"
"XNY_H4_b40_none_roff_MAIN","2023.01.01..2026.07.01","2026.06.26","4.3","0.3","6.75","OK"
"XNY_H4_b40_NY_m1t25_BWD","2020.01.01..2023.01.01","2022.12.05","26.2","2.4","3.86","OK"
"XNY_H4_b40_NY_m1t25_MAIN","2023.01.01..2026.07.01","2026.06.26","4.3","0.3","3.41","OK"
"XNY_H4_b40_NY_roff_BWD","2020.01.01..2023.01.01","2022.12.15","16.8","1.5","4.95","OK"
"XNY_H4_b40_NY_roff_MAIN","2023.01.01..2026.07.01","2026.06.26","4.3","0.3","4.55","OK"
"XNY_H4_b8_none_m1t25_BWD","2020.01.01..2023.01.01","2022.12.30","1","0.1","3.42","OK"
"XNY_H4_b8_none_m1t25_MAIN","2023.01.01..2026.07.01","2026.06.30","0.3","0","5.7","OK"
"XNY_H4_b8_none_roff_BWD","2020.01.01..2023.01.01","2022.12.30","1","0.1","3.6","OK"
"XNY_H4_b8_none_roff_MAIN","2023.01.01..2026.07.01","2026.06.30","0.3","0","10.87","OK"
"XNY_H4_b8_NY_m1t25_BWD","2020.01.01..2023.01.01","2022.12.30","1","0.1","4.46","OK"
"XNY_H4_b8_NY_m1t25_MAIN","2023.01.01..2026.07.01","2026.06.30","0.8","0.1","7.94","OK"
"XNY_H4_b8_NY_roff_BWD","2020.01.01..2023.01.01","2022.12.30","1","0.1","4.18","OK"
"XNY_H4_b8_NY_roff_MAIN","2023.01.01..2026.07.01","2026.06.30","0.8","0.1","14.12","OK"
"YS_medH4_2020","2020.01.01..2021.01.01","2020.12.31","0","0","4.46","OK"
"YS_medH4_2021","2021.01.01..2022.01.01","2021.12.06","25.3","6.9","2.02","OK"
"YS_medH4_2022","2022.01.01..2023.01.01","2022.12.27","4.5","1.2","3.21","OK"
"YS_medH4_2023","2023.01.01..2024.01.01","2023.12.28","3.2","0.9","4.81","OK"
"YS_medH4_2024","2024.01.01..2025.01.01","2024.10.08","84.6","23.1","2.57","QUIET_TAIL"
"YS_medH4_2025","2025.01.01..2026.01.01","2025.12.31","0","0","3.83","OK"
"YS_slowH1_2020","2020.01.01..2021.01.01","2020.12.29","2.8","0.8","3.83","OK"
"YS_slowH1_2021","2021.01.01..2022.01.01","2021.12.31","0.5","0.1","2.14","OK"
"YS_slowH1_2022","2022.01.01..2023.01.01","2022.12.16","15.8","4.3","2.15","OK"
"YS_slowH1_2023","2023.01.01..2024.01.01","2023.12.28","3.2","0.9","2.32","OK"
"YS_slowH1_2024","2024.01.01..2025.01.01","2024.12.20","11.9","3.3","2.99","OK"
"YS_slowH1_2025","2025.01.01..2026.01.01","2025.12.31","0.2","0.1","2.69","OK"
"Z89_DEF_H1_M1","2023.01.01..2026.07.01","2026.06.30","0","0","6","OK"
"Z90_S1_p15_t20_sl30","2023.01.01..2026.07.01","2026.06.30","0","0","0.57","OK"
"Z90_S1_p15_t25_sl30","2023.01.01..2026.07.01","2026.06.30","0","0","0.24","OK"
"Z90_S1_p15_t30_sl30","2023.01.01..2026.07.01","2026.06.08","23","1.8","0.12","OK"
"Z90_S1_p20_t20_sl30","2023.01.01..2026.07.01","2026.06.30","0.5","0","0.42","OK"
"Z90_S1_p20_t25_sl25","2023.01.01..2026.07.01","2026.06.23","7.2","0.6","0.33","OK"
"Z90_S1_p20_t25_sl30","2023.01.01..2026.07.01","2026.06.23","7.1","0.6","0.31","OK"
"Z90_S1_p20_t25_sl35","2023.01.01..2026.07.01","2026.06.24","6.5","0.5","0.36","OK"
"Z90_S1_p20_t30_sl30","2023.01.01..2026.07.01","2026.06.08","23","1.8","0.24","OK"
"Z90_S1_p25_t20_sl30","2023.01.01..2026.07.01","2026.06.26","4.8","0.4","0.37","OK"
"Z90_S1_p25_t25_sl30","2023.01.01..2026.07.01","2026.06.25","5.3","0.4","0.34","OK"
"Z90_S1_p25_t30_sl30","2023.01.01..2026.07.01","2026.06.12","19","1.5","0.25","OK"
"Z90_S2_BWD","2020.01.01..2022.12.31","2022.12.21","9.3","0.8","1.06","OK"
"Z90_S3_2020","2020.01.01..2020.12.31","2020.12.30","0","0","0.45","OK"
"Z90_S3_2021","2021.01.01..2021.12.31","2021.12.24","6.2","1.7","0.31","OK"
"Z90_S3_2022","2022.01.01..2022.12.31","2022.12.21","9.3","2.6","0.39","OK"
"Z90_S3_2023","2023.01.01..2023.12.31","2023.12.28","2.3","0.6","0.12","OK"
"ZC_m1rng20_M1_BWD","2020.01.01..2023.01.01","2022.09.07","115.7","10.6","14.3","QUIET_TAIL"
"ZC_m1rng20_M1_MAIN","2023.01.01..2026.07.01","2026.06.30","0","0","15.31","OK"
"ZC_m1rng25_M4_BWD","2020.01.01..2023.01.01","2022.12.28","3.8","0.3","10.22","OK"
"ZC_m1rng25_M4_MAIN","2023.01.01..2026.07.01","2026.06.30","0","0","16.04","OK"
"ZC_m1rng30_M1_BWD","2020.01.01..2023.01.01","2022.09.12","110.6","10.1","8.77","QUIET_TAIL"
"ZC_m1rng30_M1_MAIN","2023.01.01..2026.07.01","2026.06.30","0","0","8.68","OK"
"ZC_m2t15_M1_BWD","2020.01.01..2023.01.01","2022.12.30","1","0.1","11.13","OK"
"ZC_m2t15_M1_MAIN","2023.01.01..2026.07.01","2026.06.02","28.5","2.2","10.13","OK"
"ZC_m2t18_M1_BWD","2020.01.01..2023.01.01","2022.12.30","1","0.1","11.13","OK"
"ZC_m2t18_M1_MAIN","2023.01.01..2026.07.01","2026.06.02","28.5","2.2","10.13","OK"
"ZC_m2t20_M4_BWD","2020.01.01..2023.01.01","2022.12.30","1","0.1","16.89","OK"
"ZC_m2t20_M4_MAIN","2023.01.01..2026.07.01","2026.06.30","0","0","9.96","OK"
"ZC_m2t22_M1_BWD","2020.01.01..2023.01.01","2022.12.30","1","0.1","10.83","OK"
"ZC_m2t22_M1_MAIN","2023.01.01..2026.07.01","2026.06.30","0","0","10.16","OK"
"ZIGL_ATR1.5_BWD","2020.01.01..2023.01.01","2022.11.04","57.3","5.2","21.59","OK"
"ZIGL_ATR1.5_FWD","2025.01.01..2026.07.01","2026.06.30","0","0","6.15","OK"
"ZIGL_ATR1_BWD","2020.01.01..2023.01.01","2022.12.30","1","0.1","24.78","OK"
"ZIGL_ATR1_FWD","2025.01.01..2026.07.01","2026.06.30","0","0","7.55","OK"
"ZIGL_ATR2.2_BWD","2020.01.01..2023.01.01","2022.12.30","1","0.1","14.59","OK"
"ZIGL_ATR2.2_FWD","2025.01.01..2026.07.01","2026.06.03","27.5","5","7.81","OK"
"ZIGL_ATR3_BWD","2020.01.01..2023.01.01","2022.09.22","100.5","9.2","12.5","OK"
"ZIGL_ATR3_FWD","2025.01.01..2026.07.01","2026.06.30","0","0","11.58","OK"
"ZIGL_ATR4_BWD","2020.01.01..2023.01.01","2022.09.13","109.1","10","10.55","QUIET_TAIL"
"ZIGL_ATR4_FWD","2025.01.01..2026.07.01","2026.06.08","23","4.2","6.7","OK"
"ZIGL_ATR5_BWD","2020.01.01..2023.01.01","2022.09.22","101","9.2","4.05","OK"
"ZIGL_ATR5_FWD","2025.01.01..2026.07.01","2026.06.23","7.6","1.4","4.12","OK"
"ZIGL_AUDCAD_baseline_M1","2025.01.01..2026.07.02","2026.07.01","0","0","1.25","OK"
"ZIGL_AUDCAD_M2","2025.01.01..2026.07.02","2026.05.13","49.3","9","0.67","OK"
"ZIGL_AUDCAD_V1","2025.01.01..2026.07.02","2026.07.01","0","0","0.72","OK"
"ZIGL_AUDCAD_V1_M1","2025.01.01..2026.07.02","2026.07.01","0","0","2.09","OK"
"ZIGL_AUDCAD_V2","2025.01.01..2026.07.02","2026.07.01","0","0","0.71","OK"
"ZIGL_AUDCAD_V3","2025.01.01..2026.07.02","2026.06.02","29.6","5.4","0.72","OK"
"ZIGL_AUDCHF_M2","2025.01.01..2026.07.02","2026.07.01","0","0","1.19","OK"
"ZIGL_AUDJPY_baseline_M1","2025.01.01..2026.07.02","2026.06.03","28.5","5.2","1.07","OK"
"ZIGL_AUDJPY_BWD2023_M1","2023.01.01..2024.01.01","2023.11.15","46.2","12.7","36.07","SUSPECT"
"ZIGL_AUDJPY_BWD2024_M1","2024.01.01..2025.01.01","2024.07.12","172.9","47.2","8.57","QUIET_TAIL"
"ZIGL_AUDJPY_IS","2025.01.01..2025.12.31","2025.12.30","0","0","14.73","OK"
"ZIGL_AUDJPY_lot10x_M1","2025.01.01..2026.07.02","2026.06.03","28.5","5.2","7.11","OK"
"ZIGL_AUDJPY_lot10x_v2_M1","2025.01.01..2026.07.02","2026.06.03","28.5","5.2","7.67","OK"
"ZIGL_AUDJPY_lot20x_M1","2025.01.01..2026.07.02","2026.06.03","28.5","5.2","14.73","OK"
"ZIGL_AUDJPY_lot8x_FULL3Y_M1","2023.01.01..2026.07.01","2026.06.03","27.5","2.2","12.17","OK"
"ZIGL_AUDJPY_M2","2025.01.01..2026.07.02","2026.06.03","28.5","5.2","1.07","OK"
"ZIGL_AUDJPY_OOS","2026.01.01..2026.07.02","2026.06.03","28.5","15.7","12.99","QUIET_TAIL"
"ZIGL_AUDJPY_V1","2025.01.01..2026.07.02","2026.06.30","1.2","0.2","1.38","OK"
"ZIGL_AUDJPY_V2","2025.01.01..2026.07.02","2026.06.02","29.5","5.4","1.04","OK"
"ZIGL_AUDJPY_V3","2025.01.01..2026.07.02","2026.06.05","26.3","4.8","2.69","OK"
"ZIGL_AUDNZD_baseline_M1","2025.01.01..2026.07.02","2026.07.01","0","0","0.84","OK"
"ZIGL_AUDNZD_M2","2025.01.01..2026.07.02","2026.05.26","36.1","6.6","0.48","OK"
"ZIGL_AUDUSD_baseline_M1","2025.01.01..2026.07.02","2026.05.29","33.3","6.1","1.08","OK"
"ZIGL_AUDUSD_BWD2023_M1","2023.01.01..2024.01.01","2023.01.27","338.9","92.8","4.38","QUIET_TAIL"
"ZIGL_AUDUSD_BWD2024_M1","2024.01.01..2025.01.01","2024.10.08","84.8","23.2","10.92","QUIET_TAIL"
"ZIGL_AUDUSD_IS","2025.01.01..2025.12.31","2025.12.30","0","0","7.98","OK"
"ZIGL_AUDUSD_lot10x_M1","2025.01.01..2026.07.02","2026.06.23","8.4","1.5","5.39","OK"
"ZIGL_AUDUSD_lot20x_M1","2025.01.01..2026.07.02","2026.06.23","8.4","1.5","12.92","OK"
"ZIGL_AUDUSD_M2","2025.01.01..2026.07.02","2026.05.29","33.3","6.1","1.21","OK"
"ZIGL_AUDUSD_OOS","2026.01.01..2026.07.02","2026.06.23","8.4","4.6","9.12","OK"
"ZIGL_CADCHF_M2","2025.01.01..2026.07.02","2025.02.11","505.1","92.3","0.69","QUIET_TAIL"
"ZIGL_CADJPY_M2","2025.01.01..2026.07.02","2026.07.01","0","0","2.25","OK"
"ZIGL_CHFJPY_M2","2025.01.01..2026.07.02","2026.04.21","71.2","13","2.51","QUIET_TAIL"
"ZIGL_EU_GridLean_M1","2025.01.01..2026.07.02","2026.02.11","140.4","25.7","1.96","QUIET_TAIL"
"ZIGL_EU_smoke_M2","2025.01.01..2026.07.02","2026.02.11","140.3","25.6","1.54","QUIET_TAIL"
"ZIGL_EU_smoke_TightM2","2025.01.01..2026.07.02","2025.01.13","534.5","97.7","0.21","QUIET_TAIL"
"ZIGL_EURAUD_M2","2025.01.01..2026.07.02","2025.04.09","448.8","82","0.35","QUIET_TAIL"
"ZIGL_EURCAD_baseline_M1","2025.01.01..2026.07.02","2025.10.17","257.3","47","1.3","QUIET_TAIL"
"ZIGL_EURCAD_IS","2025.01.01..2025.12.31","2025.12.30","0","0","6.48","OK"
"ZIGL_EURCAD_lot10x_M1","2025.01.01..2026.07.02","2026.07.01","0","0","13.39","OK"
"ZIGL_EURCAD_M2","2025.01.01..2026.07.02","2026.01.28","154.6","28.3","1.11","QUIET_TAIL"
"ZIGL_EURCAD_OOS","2026.01.01..2026.07.02","2026.07.01","0","0","7.26","OK"
"ZIGL_EURCHF_baseline_M1","2025.01.01..2026.07.02","2025.03.05","483","88.3","0.55","QUIET_TAIL"
"ZIGL_EURCHF_M2","2025.01.01..2026.07.02","2025.03.11","477.1","87.2","0.82","QUIET_TAIL"
"ZIGL_EURGBP_M2","2025.01.01..2026.07.02","2025.11.14","229.5","42","1.75","QUIET_TAIL"
"ZIGL_EURJPY_baseline_M1","2025.01.01..2026.07.02","2026.06.16","15.2","2.8","2.05","OK"
"ZIGL_EURJPY_M2","2025.01.01..2026.07.02","2026.06.16","15.2","2.8","2.16","OK"
"ZIGL_EURNZD_M2","2025.01.01..2026.07.02","2026.07.01","0","0","3.61","OK"
"ZIGL_GBPAUD_baseline_M1","2025.01.01..2026.07.02","2025.04.07","450.9","82.4","0.56","QUIET_TAIL"
"ZIGL_GBPAUD_M2","2025.01.01..2026.07.02","2025.04.07","450.9","82.4","0.56","QUIET_TAIL"
"ZIGL_GBPCAD_M2","2025.01.01..2026.07.02","2026.07.01","0","0","2.34","OK"
"ZIGL_GBPCHF_M2","2025.01.01..2026.07.02","2025.06.03","393.2","71.9","3","QUIET_TAIL"
"ZIGL_GBPJPY_M2","2025.01.01..2026.07.02","2026.04.30","62.5","11.4","1.94","QUIET_TAIL"
"ZIGL_GBPNZD_M2","2025.01.01..2026.07.02","2026.07.01","0","0","3.07","OK"
"ZIGL_GBPUSD_M2","2025.01.01..2026.07.02","2026.01.30","152.3","27.8","3.04","QUIET_TAIL"
"ZIGL_NZDCAD_M2","2025.01.01..2026.07.02","2026.07.01","0","0","1.88","OK"
"ZIGL_NZDCHF_M2","2025.01.01..2026.07.02","2025.04.03","454","83","0.73","QUIET_TAIL"
"ZIGL_NZDJPY_M2","2025.01.01..2026.07.02","2026.07.01","0","0","0.84","OK"
"ZIGL_NZDUSD_M2","2025.01.01..2026.07.02","2026.01.29","153.7","28.1","1.29","QUIET_TAIL"
"ZIGL_SELL1_BWD","2020.01.01..2023.01.01","2020.03.19","1017.8","92.9","3.68","QUIET_TAIL"
"ZIGL_SELL1_FWD","2025.01.01..2026.07.01","2025.11.06","236.2","43.3","25.46","SUSPECT"
"ZIGL_SELL2.2_BWD","2020.01.01..2023.01.01","2020.03.19","1017.3","92.8","4.11","QUIET_TAIL"
"ZIGL_SELL2.2_FWD","2025.01.01..2026.07.01","2025.04.11","445.3","81.6","6.78","QUIET_TAIL"
"ZIGL_SELL4_BWD","2020.01.01..2023.01.01","2020.03.19","1017.8","92.9","5.72","QUIET_TAIL"
"ZIGL_SELL4_FWD","2025.01.01..2026.07.01","2025.04.07","450","82.4","4.26","QUIET_TAIL"
"ZIGL_USDCAD_M2","2025.01.01..2026.07.02","2025.02.03","514","94","0.42","QUIET_TAIL"
"ZIGL_USDCHF_M2","2025.01.01..2026.07.02","2025.01.13","534.2","97.7","0.39","QUIET_TAIL"
"ZIGL_USDJPY_baseline_M1","2025.01.01..2026.07.02","2026.07.01","0","0","0.83","OK"
"ZIGL_USDJPY_M2","2025.01.01..2026.07.02","2026.07.01","0","0","0.83","OK"
"ZIGL_XAU_FULLSPAN","2020.01.01..2026.07.01","2026.01.29","152.4","6.4","4.22","OK"
"ZIGL_XAU_HO_1.5","2023.01.01..2025.01.01","2024.10.30","62.1","8.5","2.41","OK"
"ZIGL_XAU_HO_1","2023.01.01..2025.01.01","2024.11.06","55.6","7.6","1.93","OK"
"ZIGL_XAU_HO_2.2","2023.01.01..2025.01.01","2024.10.31","61.3","8.4","1.9","OK"
"ZIGL_XAU_HO_3","2023.01.01..2025.01.01","2024.10.30","62.8","8.6","1.14","OK"
"ZIGL_XAU_HO_4","2023.01.01..2025.01.01","2024.10.30","62.6","8.6","1.8","OK"
"ZIGL_XAU1.5_BWD","2020.01.01..2023.01.01","2022.03.10","296.5","27.1","1.57","QUIET_TAIL"
"ZIGL_XAU1.5_FWD","2025.01.01..2026.07.01","2026.01.29","152.9","28","5.71","QUIET_TAIL"
"ZIGL_XAU1_BWD","2020.01.01..2023.01.01","2022.03.09","297.8","27.2","1.5","QUIET_TAIL"
"ZIGL_XAU1_FWD","2025.01.01..2026.07.01","2026.01.29","152.4","27.9","4.38","QUIET_TAIL"
"ZIGL_XAU2.2_BWD","2020.01.01..2023.01.01","2020.08.06","877.3","80","0.58","QUIET_TAIL"
"ZIGL_XAU2.2_FWD","2025.01.01..2026.07.01","2026.01.29","152.8","28","1.66","QUIET_TAIL"
"ZIGL_XAU3_BWD","2020.01.01..2023.01.01","2020.08.07","876.3","80","1.52","QUIET_TAIL"
"ZIGL_XAU3_FWD","2025.01.01..2026.07.01","2026.01.29","152.9","28","1.91","QUIET_TAIL"
"ZIGL_XAU4_BWD","2020.01.01..2023.01.01","2020.08.06","877.3","80","0.55","QUIET_TAIL"
"ZIGL_XAU4_FWD","2025.01.01..2026.07.01","2026.01.29","152.9","28","1.36","QUIET_TAIL"
"ZKANG_BWD_14_30","2020.01.01..2022.12.31","2022.12.27","3.4","0.3","17.33","OK"
"ZKANG_BWD_21_30","2020.01.01..2022.12.31","2022.12.22","8.1","0.7","9.58","OK"
"ZM4_m1rng20_BWD","2020.01.01..2023.01.01","2022.09.07","115.7","10.6","15.04","SUSPECT"
"ZM4_m1rng20_MAIN","2023.01.01..2026.07.01","2026.06.30","0","0","12.24","OK"
"ZM4_m1rng30_BWD","2020.01.01..2023.01.01","2022.09.12","110.6","10.1","9.92","QUIET_TAIL"
"ZM4_m1rng30_MAIN","2023.01.01..2026.07.01","2026.06.30","0","0","8.55","OK"
"ZNOOP_AUDJPY_baseline","2023.01.01..2026.07.01","2026.06.03","27.5","2.2","12.16","OK"
"ZNOOP_AUDJPY_graft0","2023.01.01..2026.07.01","2026.06.03","27.5","2.2","12.16","OK"
"ZNOOP_AUDUSD_baseline","2023.01.01..2026.07.01","2026.06.23","7.4","0.6","9.23","OK"
"ZNOOP_AUDUSD_graft0","2023.01.01..2026.07.01","2026.06.23","7.4","0.6","9.23","OK"
"ZR_AUDNZD_H1_t2.0_BWD","2020.01.01..2023.01.01","2022.12.30","1.5","0.1","1.74","OK"
"ZR_AUDNZD_H1_t2.0_MAIN","2023.01.01..2026.07.01","2026.06.30","0.2","0","2.72","OK"
"ZR_AUDNZD_H1_t2.5_BWD","2020.01.01..2023.01.01","2022.12.30","1.5","0.1","1.05","OK"
"ZR_AUDNZD_H1_t2.5_MAIN","2023.01.01..2026.07.01","2026.06.23","8","0.6","1.68","OK"
"ZR_AUDNZD_H1_t3.0_BWD","2020.01.01..2023.01.01","2022.12.21","10.6","1","0.45","OK"
"ZR_AUDNZD_H1_t3.0_MAIN","2023.01.01..2026.07.01","2026.06.15","15","1.2","0.42","OK"
"ZR_AUDNZD_H4_t2.0_BWD","2020.01.01..2023.01.01","2022.12.22","9.5","0.9","1.4","OK"
"ZR_AUDNZD_H4_t2.0_MAIN","2023.01.01..2026.07.01","2026.06.30","0","0","1.3","OK"
"ZR_AUDNZD_H4_t2.5_BWD","2020.01.01..2023.01.01","2022.12.27","5","0.5","0.5","OK"
"ZR_AUDNZD_H4_t2.5_MAIN","2023.01.01..2026.07.01","2026.06.19","11.3","0.9","0.83","OK"
"ZR_AUDNZD_H4_t3.0_BWD","2020.01.01..2023.01.01","2022.12.02","29.3","2.7","0.26","OK"
"ZR_AUDNZD_H4_t3.0_MAIN","2023.01.01..2026.07.01","2026.06.18","12.2","1","0.38","OK"
"ZR_EURCHF_H1_t2.0_BWD","2020.01.01..2023.01.01","2022.12.30","1","0.1","2.49","OK"
"ZR_EURCHF_H1_t2.0_MAIN","2023.01.01..2026.07.01","2026.06.30","0","0","2.65","OK"
"ZR_EURCHF_H1_t2.5_BWD","2020.01.01..2023.01.01","2022.12.30","1","0.1","1.4","OK"
"ZR_EURCHF_H1_t2.5_MAIN","2023.01.01..2026.07.01","2026.06.30","0","0","1.56","OK"
"ZR_EURCHF_H1_t3.0_BWD","2020.01.01..2023.01.01","2022.12.28","3.8","0.3","1.04","OK"
"ZR_EURCHF_H1_t3.0_MAIN","2023.01.01..2026.07.01","2026.06.30","1","0.1","0.56","OK"
"ZR_EURCHF_H4_t2.0_BWD","2020.01.01..2023.01.01","2022.12.30","1.2","0.1","1.07","OK"
"ZR_EURCHF_H4_t2.0_MAIN","2023.01.01..2026.07.01","2026.06.22","9","0.7","1.48","OK"
"ZR_EURCHF_H4_t2.5_BWD","2020.01.01..2023.01.01","2022.12.22","9.3","0.8","0.33","OK"
"ZR_EURCHF_H4_t2.5_MAIN","2023.01.01..2026.07.01","2026.06.18","12.5","1","1.15","OK"
"ZR_EURCHF_H4_t3.0_BWD","2020.01.01..2023.01.01","2022.10.20","72.6","6.6","0.36","OK"
"ZR_EURCHF_H4_t3.0_MAIN","2023.01.01..2026.07.01","2026.05.08","53.3","4.2","0.51","OK"
"ZR_EURGBP_H1_t2.0_BWD","2020.01.01..2023.01.01","2022.12.30","1","0.1","7.35","OK"
"ZR_EURGBP_H1_t2.0_MAIN","2023.01.01..2026.07.01","2026.06.30","0.2","0","5.99","OK"
"ZR_EURGBP_H1_t2.5_BWD","2020.01.01..2023.01.01","2022.12.30","1.3","0.1","4.73","OK"
"ZR_EURGBP_H1_t2.5_MAIN","2023.01.01..2026.07.01","2026.06.30","1","0.1","3.95","OK"
"ZR_EURGBP_H1_t3.0_BWD","2020.01.01..2023.01.01","2022.12.28","3.3","0.3","1.82","OK"
"ZR_EURGBP_H1_t3.0_MAIN","2023.01.01..2026.07.01","2026.06.30","1","0.1","1.36","OK"
"ZR_EURGBP_H4_t2.0_BWD","2020.01.01..2023.01.01","2022.12.28","3.3","0.3","1.41","OK"
"ZR_EURGBP_H4_t2.0_MAIN","2023.01.01..2026.07.01","2026.06.29","1.3","0.1","1.13","OK"
"ZR_EURGBP_H4_t2.5_BWD","2020.01.01..2023.01.01","2022.12.27","4.5","0.4","0.69","OK"
"ZR_EURGBP_H4_t2.5_MAIN","2023.01.01..2026.07.01","2026.06.29","1.3","0.1","0.9","OK"
"ZR_EURGBP_H4_t3.0_BWD","2020.01.01..2023.01.01","2022.12.21","11","1","0.47","OK"
"ZR_EURGBP_H4_t3.0_MAIN","2023.01.01..2026.07.01","2026.06.29","1.3","0.1","0.29","OK"
"ZREG_AUDJPY_base_BWD","2020.01.01..2023.01.01","2022.12.30","1","0.1","16.66","OK"
"ZREG_AUDJPY_base_MAIN","2023.01.01..2026.07.01","2026.06.03","27.5","2.2","12.16","OK"
"ZREG_AUDJPY_m1rng25_BWD","2020.01.01..2023.01.01","2022.12.28","3.8","0.3","10.12","OK"
"ZREG_AUDJPY_m1rng25_MAIN","2023.01.01..2026.07.01","2026.06.30","0","0","15.15","OK"
"ZREG_AUDJPY_m1t20_BWD","2020.01.01..2023.01.01","2022.12.30","1","0.1","16.66","OK"
"ZREG_AUDJPY_m1t20_MAIN","2023.01.01..2026.07.01","2026.06.30","0","0","12.18","OK"
"ZREG_AUDJPY_m1t25_BWD","2020.01.01..2023.01.01","2022.12.30","1","0.1","28.86","OK"
"ZREG_AUDJPY_m1t25_MAIN","2023.01.01..2026.07.01","2026.06.30","0","0","15.01","OK"
"ZREG_AUDJPY_m1t30_BWD","2020.01.01..2023.01.01","2022.12.30","1","0.1","14.26","OK"
"ZREG_AUDJPY_m1t30_MAIN","2023.01.01..2026.07.01","2026.06.05","25.3","2","8.33","OK"
"ZREG_AUDJPY_m2t20_BWD","2020.01.01..2023.01.01","2022.12.30","1","0.1","10.83","OK"
"ZREG_AUDJPY_m2t20_MAIN","2023.01.01..2026.07.01","2026.06.02","28.5","2.2","10.16","OK"
"ZREG_AUDJPY_m2t25_BWD","2020.01.01..2023.01.01","2022.12.30","1","0.1","9.9","OK"
"ZREG_AUDJPY_m2t25_MAIN","2023.01.01..2026.07.01","2026.06.30","0","0","11.82","OK"
"ZREG_AUDJPY_m2t30_BWD","2020.01.01..2023.01.01","2022.10.21","71.2","6.5","12","OK"
"ZREG_AUDJPY_m2t30_MAIN","2023.01.01..2026.07.01","2026.06.02","28.2","2.2","20.06","OK"
"ZREG_AUDUSD_base_BWD","2020.01.01..2023.01.01","2021.02.26","673.9","61.5","9.07","QUIET_TAIL"
"ZREG_AUDUSD_base_MAIN","2023.01.01..2026.07.01","2026.06.23","7.4","0.6","9.23","OK"
"ZREG_AUDUSD_m1rng25_BWD","2020.01.01..2023.01.01","2022.12.13","18.3","1.7","42.62","OK"
"ZREG_AUDUSD_m1rng25_MAIN","2023.01.01..2026.07.01","2026.06.23","7.4","0.6","7.57","OK"
"ZREG_AUDUSD_m1t20_BWD","2020.01.01..2023.01.01","2021.02.25","674.1","61.5","9.07","QUIET_TAIL"
"ZREG_AUDUSD_m1t20_MAIN","2023.01.01..2026.07.01","2026.06.23","7.4","0.6","11.15","OK"
"ZREG_AUDUSD_m1t25_BWD","2020.01.01..2023.01.01","2021.02.25","674.1","61.5","10.94","QUIET_TAIL"
"ZREG_AUDUSD_m1t25_MAIN","2023.01.01..2026.07.01","2026.06.23","7.4","0.6","22.42","OK"
"ZREG_AUDUSD_m1t30_BWD","2020.01.01..2023.01.01","2021.02.26","673.9","61.5","9.07","QUIET_TAIL"
"ZREG_AUDUSD_m1t30_MAIN","2023.01.01..2026.07.01","2026.06.23","7.4","0.6","21.73","OK"
"ZREG_AUDUSD_m2t20_BWD","2020.01.01..2023.01.01","2022.05.04","241.1","22","23.41","SUSPECT"
"ZREG_AUDUSD_m2t20_MAIN","2023.01.01..2026.07.01","2026.06.23","7.4","0.6","26.3","OK"
"ZREG_AUDUSD_m2t25_BWD","2020.01.01..2023.01.01","2021.05.04","606.2","55.3","11.92","QUIET_TAIL"
"ZREG_AUDUSD_m2t25_MAIN","2023.01.01..2026.07.01","2026.06.23","7.4","0.6","16.62","OK"
"ZREG_AUDUSD_m2t30_BWD","2020.01.01..2023.01.01","2022.05.04","241.1","22","20.39","SUSPECT"
"ZREG_AUDUSD_m2t30_MAIN","2023.01.01..2026.07.01","2026.06.23","7.4","0.6","20.38","OK"
"ZSCORE_EUR_H4","2023.01.01..2026.06.01","2026.05.29","2","0.2","0.97","OK"
"ZSCORE_EURGBP_H4","2023.01.01..2026.06.01","2026.05.29","2.5","0.2","0.81","OK"
"ZST_s0_BWD","2020.01.01..2023.01.01","2022.12.28","3.8","0.3","10.22","OK"
"ZST_s0_MAIN","2023.01.01..2026.07.01","2026.06.30","0","0","16.04","OK"
"ZST_s0_Y2023","2023.01.01..2024.01.01","2023.12.29","2","0.5","16.04","OK"
"ZST_s15_BWD","2020.01.01..2023.01.01","2022.12.30","1","0.1","9.03","OK"
"ZST_s15_MAIN","2023.01.01..2026.07.01","2026.06.02","28.2","2.2","13.97","OK"
"ZST_s15_Y2023","2023.01.01..2024.01.01","2023.12.29","2","0.5","13.97","OK"
"ZST_s25_BWD","2020.01.01..2023.01.01","2022.12.28","3.8","0.3","10.22","OK"
"ZST_s25_MAIN","2023.01.01..2026.07.01","2026.06.30","0","0","16.04","OK"
"ZST_s25_Y2023","2023.01.01..2024.01.01","2023.12.29","2","0.5","16.04","OK"
"ZWFA_W1_IS_1","2020.01.01..2021.09.01","2020.08.10","386.3","63.4","1.5","QUIET_TAIL"
"ZWFA_W1_IS_2.2","2020.01.01..2021.09.01","2020.08.06","390.3","64.1","0.58","QUIET_TAIL"
"ZWFA_W1_IS_3","2020.01.01..2021.09.01","2020.08.07","389.3","63.9","1.52","QUIET_TAIL"
"ZWFA_W1_OOS_2.2","2021.09.01..2022.12.01","2022.03.08","267.3","58.6","1.98","QUIET_TAIL"
"ZWFA_W2_IS_1","2021.09.01..2023.06.01","2023.05.11","20.4","3.2","3.82","OK"
"ZWFA_W2_IS_2.2","2021.09.01..2023.06.01","2023.05.12","19.3","3","2.28","OK"
"ZWFA_W2_IS_3","2021.09.01..2023.06.01","2022.03.08","449.3","70.4","1.5","QUIET_TAIL"
"ZWFA_W2_OOS_3","2023.06.01..2024.09.01","2024.08.20","11.5","2.5","0.73","OK"
"ZWFA_W3_IS_1","2023.06.01..2025.01.01","2024.11.06","55.6","9.6","2.24","OK"
"ZWFA_W3_IS_2.2","2023.06.01..2025.01.01","2024.10.31","61.3","10.6","1.89","QUIET_TAIL"
"ZWFA_W3_IS_3","2023.06.01..2025.01.01","2024.10.30","62.8","10.8","0.73","QUIET_TAIL"
"ZWFA_W3_OOS_3","2025.01.01..2026.07.01","2026.01.29","152.9","28","1.91","QUIET_TAIL"
"ZYS_m1rng25_2020","2020.01.01..2021.01.01","2020.12.31","0","0","8.61","OK"
"ZYS_m1rng25_2021","2021.01.01..2022.01.01","2021.10.11","81.2","22.2","10.07","QUIET_TAIL"
"ZYS_m1rng25_2022","2022.01.01..2023.01.01","2022.12.28","3.8","1","10.93","OK"
"ZYS_m1rng25_2023","2023.01.01..2024.01.01","2023.12.29","2","0.5","16.04","OK"
"ZYS_m1rng25_2024","2024.01.01..2025.01.01","2024.07.10","174.7","47.7","2.36","QUIET_TAIL"
"ZYS_m1rng25_2025","2025.01.01..2026.01.01","2025.12.31","0","0","16.5","OK"
"ZYS_m1rng25_2026","2026.01.01..2026.07.01","2026.06.30","0","0","4.12","OK"
