<DATE>	<OPEN>	<HIGH>	<LOW>	<CLOSE>	<TICKVOL>	<VOL>	<SPREAD>
2020.01.10	136.04	144.52	134.59	142.62	33776	0	150
2020.01.13	143.72	146.21	141.40	143.45	21536	0	150
2020.01.14	143.46	169.89	142.76	163.49	62428	0	150
2020.01.15	163.44	171.05	158.41	164.50	67980	0	150
2020.01.16	164.49	166.48	157.89	162.44	51323	0	150
2020.01.17	162.62	173.31	161.31	170.13	59513	0	150
2020.01.20	165.09	166.92	160.43	166.24	38446	0	150
2020.01.21	166.19	169.06	164.02	168.17	31448	0	150
2020.01.22	168.24	170.23	165.01	166.77	32418	0	150
2020.01.23	166.74	167.08	158.11	161.48	45741	0	150
2020.01.24	161.49	163.50	154.43	162.36	38213	0	150
2020.01.27	166.27	170.99	164.16	170.43	42749	0	150
2020.01.28	170.42	173.59	168.58	171.33	36015	0	150
2020.01.29	171.66	177.79	171.18	174.91	40529	0	0
2020.01.30	174.99	184.26	169.81	184.12	42991	0	150
2020.01.31	184.22	185.98	174.44	179.91	40756	0	150
2020.02.03	190.31	194.29	185.79	188.66	43264	0	150
2020.02.04	188.71	190.58	183.69	186.67	38588	0	150
2020.02.05	186.66	207.02	186.41	205.93	39410	0	150
2020.02.06	206.03	215.37	200.48	212.60	54153	0	150
2020.02.07	212.58	223.48	210.06	218.76	59537	0	150
2020.02.10	224.76	228.86	216.14	221.81	55387	0	150
2020.02.11	221.79	238.79	217.17	236.63	53494	0	150
2020.02.12	236.87	275.13	235.67	269.55	80425	0	150
2020.02.13	269.99	277.11	255.65	262.07	95867	0	150
2020.02.14	261.92	284.90	259.47	281.98	77220	0	150
2020.02.17	251.12	262.64	241.96	259.47	102062	0	150
2020.02.18	259.41	285.68	258.56	280.53	88254	0	150
2020.02.19	279.72	286.09	251.06	261.63	86450	0	150
2020.02.20	261.21	265.94	244.94	258.61	114544	0	150
2020.02.21	258.62	267.67	253.58	262.22	75601	0	150
2020.02.24	271.11	277.26	256.17	261.19	69829	0	150
2020.02.25	261.21	265.78	244.00	249.56	77322	0	150
2020.02.26	249.55	252.24	214.70	223.06	96775	0	150
2020.02.27	223.07	237.55	209.11	225.43	97490	0	150
2020.02.28	225.40	233.75	213.03	225.60	99065	0	150
2020.03.02	214.12	233.71	214.03	232.26	68557	0	150
2020.03.03	231.98	232.38	219.39	223.14	57704	0	150
2020.03.04	223.09	227.43	219.77	222.16	47642	0	150
2020.03.05	222.17	233.63	222.09	230.36	49834	0	150
2020.03.06	230.14	240.96	226.10	240.21	56637	0	150
2020.03.09	208.76	210.57	189.18	197.64	128383	0	150
2020.03.10	197.63	205.49	194.45	202.26	78419	0	150
2020.03.11	202.27	202.79	180.95	192.01	77146	0	150
2020.03.12	192.02	195.00	123.34	127.87	129580	0	150
2020.03.13	127.77	143.66	87.73	128.05	155880	0	200
2020.03.16	119.97	132.72	99.78	108.83	93495	0	0
2020.03.17	108.85	120.61	106.62	118.61	45370	0	150
2020.03.18	118.62	119.88	109.56	115.86	38779	0	150
2020.03.19	115.87	140.77	114.45	136.84	41129	0	150
2020.03.20	136.87	152.69	115.25	124.46	46257	0	150
2020.03.23	124.20	137.35	118.75	131.69	40450	0	150
2020.03.24	131.68	143.48	130.64	139.14	40877	0	150
2020.03.25	139.13	142.19	132.32	135.10	36615	0	150
2020.03.26	134.79	138.23	132.91	136.01	52203	0	150
2020.03.27	136.00	140.95	133.99	136.72	45162	0	150
2020.03.30	124.89	134.15	123.33	133.39	41981	0	150
2020.03.31	133.52	134.76	129.74	134.02	40013	0	150
2020.04.01	134.43	134.45	128.25	131.37	34245	0	150
2020.04.02	131.43	148.98	131.10	139.93	62527	0	150
2020.04.03	139.53	146.14	137.24	139.99	61348	0	150
2020.04.06	141.54	166.77	141.28	163.36	73531	0	150
2020.04.07	163.00	175.75	161.55	162.79	86204	0	150
2020.04.08	162.37	173.92	161.93	171.38	76448	0	150
2020.04.09	171.61	173.10	164.63	169.68	60416	0	150
2020.04.10	169.71	170.41	151.69	157.97	77513	0	150
2020.04.13	162.87	163.98	149.13	155.94	77619	0	150
2020.04.14	156.45	161.40	154.98	158.25	63396	0	150
2020.04.15	158.23	160.76	154.43	156.89	28520	0	150
2020.04.16	156.90	173.90	147.50	171.76	35763	0	150
2020.04.17	171.89	174.46	167.73	170.28	27630	0	150
2020.04.20	181.02	185.90	165.92	171.08	33510	0	150
2020.04.21	170.50	174.18	167.66	171.98	32399	0	150
2020.04.22	171.98	183.58	169.31	182.32	26026	0	150
2020.04.23	181.80	193.44	177.71	188.28	28553	0	150
2020.04.24	188.27	190.25	182.56	187.56	25253	0	150
2020.04.27	196.70	198.70	188.87	193.01	40570	0	150
2020.04.28	193.03	197.18	191.74	195.69	40249	0	150
2020.04.29	195.75	218.75	195.21	216.16	43416	0	150
2020.04.30	216.11	226.72	201.61	210.89	50666	0	150
2020.05.01	210.96	216.86	204.57	208.80	45408	0	150
2020.05.04	206.66	210.91	194.38	206.47	45697	0	150
2020.05.05	206.74	211.43	200.58	204.24	43782	0	150
2020.05.06	204.32	210.51	201.32	204.82	43949	0	150
2020.05.07	204.66	214.60	195.98	211.06	44330	0	150
2020.05.08	211.02	216.27	206.43	213.53	44449	0	150
2020.05.11	188.15	193.01	175.67	186.06	48840	0	150
2020.05.12	186.65	191.68	183.11	188.88	45271	0	150
2020.05.13	188.89	198.69	186.28	197.49	41139	0	150
2020.05.14	197.51	205.46	195.03	202.01	45124	0	150
2020.05.15	202.02	203.84	190.77	192.65	48357	0	150
2020.05.18	207.26	216.23	205.39	212.17	61910	0	0
2020.05.19	212.18	215.08	208.58	211.88	37948	0	150
2020.05.20	211.82	214.76	204.82	209.77	37214	0	150
2020.05.21	209.81	210.79	190.64	198.16	39980	0	150
2020.05.22	198.07	208.53	195.38	207.97	45625	0	150
2020.05.25	205.70	207.19	197.25	204.18	40700	0	150
2020.05.26	204.17	204.30	196.05	201.45	39673	0	150
2020.05.27	201.48	207.02	199.60	205.74	37618	0	150
2020.05.28	205.75	214.92	203.79	213.84	39982	0	150
2020.05.29	213.84	224.06	212.85	219.33	41703	0	150
2020.06.01	234.30	241.89	228.91	241.03	46501	0	150
2020.06.02	241.05	252.59	225.36	235.76	45293	0	150
2020.06.03	235.75	242.24	232.59	240.94	43668	0	150
2020.06.04	241.00	245.94	235.41	240.90	43074	0	150
2020.06.05	240.93	247.25	238.42	240.05	45736	0	150
2020.06.08	241.27	244.81	240.28	241.68	41575	0	150
2020.06.09	241.67	249.29	233.12	242.79	37531	0	150
2020.06.10	242.88	249.72	241.50	247.11	37633	0	150
2020.06.11	247.12	249.37	224.66	231.63	43628	0	150
2020.06.12	231.60	238.64	227.26	237.08	42353	0	150
2020.06.15	233.33	233.46	217.28	231.95	44315	0	150
2020.06.16	231.82	235.18	228.08	232.94	39199	0	150
2020.06.17	232.90	236.45	226.93	230.27	36646	0	150
2020.06.18	229.80	233.69	227.19	228.07	34665	0	150
2020.06.19	228.05	231.78	225.72	228.34	35815	0	150
2020.06.22	228.22	244.33	226.23	244.01	39302	0	150
2020.06.23	243.99	246.13	239.95	242.64	39326	0	150
2020.06.24	242.65	248.46	230.12	233.99	39368	0	150
2020.06.25	233.98	234.76	226.45	232.83	36960	0	150
2020.06.26	232.00	234.04	226.67	229.73	38463	0	150
2020.06.29	224.12	227.25	220.23	226.60	37033	0	150
2020.06.30	226.87	229.12	222.12	224.75	50301	0	150
2020.07.01	224.89	232.11	223.35	230.66	56583	0	150
2020.07.02	230.67	231.49	222.36	225.55	60150	0	150
2020.07.03	225.53	227.55	224.64	226.10	51670	0	150
2020.07.06	224.23	240.04	222.79	237.51	73619	0	150
2020.07.07	237.52	243.09	233.63	237.81	122468	0	150
2020.07.08	237.79	248.26	236.39	245.60	136668	0	150
2020.07.09	245.61	247.66	237.26	240.54	129345	0	150
2020.07.10	240.51	241.39	234.90	238.51	105110	0	150
2020.07.13	237.93	244.39	236.55	238.13	118029	0	0
2020.07.14	238.07	241.30	236.22	240.63	108092	0	150
2020.07.15	240.51	240.77	235.92	237.31	99948	0	150
2020.07.16	237.31	238.46	229.18	231.94	107707	0	150
2020.07.17	231.97	233.82	230.80	231.68	95303	0	150
2020.07.20	235.07	239.16	233.36	235.66	97465	0	150
2020.07.21	235.75	246.21	234.78	244.49	102263	0	150
2020.07.22	244.71	245.46	240.94	245.14	98506	0	150
2020.07.23	245.15	279.56	244.80	272.47	153687	0	0
2020.07.24	272.46	286.26	267.71	285.11	159381	0	150
2020.07.27	309.17	329.02	309.08	323.62	224754	0	150
2020.07.28	323.60	333.16	305.60	319.13	218567	0	150
2020.07.29	319.06	324.53	312.26	321.95	186696	0	150
2020.07.30	323.11	341.81	313.78	337.93	171743	0	150
2020.07.31	337.96	347.41	328.06	345.02	176026	0	150
2020.08.03	374.66	397.53	366.53	390.16	228897	0	150
2020.08.04	390.16	402.61	379.87	387.37	234344	0	150
2020.08.05	387.33	401.42	383.68	399.90	215863	0	150
2020.08.06	399.93	406.92	391.88	396.04	131913	0	150
2020.08.07	396.07	397.86	363.10	376.78	161670	0	150
2020.08.10	392.56	399.39	384.61	394.43	132146	0	150
2020.08.11	394.42	397.83	365.29	372.37	152088	0	150
2020.08.12	370.61	388.89	365.52	385.66	106460	0	150
2020.08.13	385.51	412.38	375.92	409.82	91771	0	150
2020.08.14	409.91	444.13	409.61	437.86	101652	0	150
2020.08.17	429.84	446.49	419.78	437.53	98697	0	150
2020.08.18	435.15	439.35	413.43	426.52	91004	0	150
2020.08.19	421.61	428.87	392.99	403.57	105142	0	150
2020.08.20	403.58	417.75	401.62	415.32	83590	0	150
2020.08.21	415.34	418.74	393.72	395.52	90173	0	150
2020.08.24	392.32	408.07	386.97	400.67	66655	0	150
2020.08.25	400.15	409.76	369.20	376.87	82629	0	150
2020.08.26	376.90	392.83	376.76	389.05	67926	0	150
2020.08.27	389.05	396.65	370.54	379.00	75706	0	150
2020.08.28	379.04	397.51	378.18	393.05	57939	0	150
2020.08.31	422.01	438.41	417.28	431.41	71008	0	150
2020.09.01	431.46	485.25	428.88	481.55	87645	0	150
2020.09.02	481.55	488.18	420.60	435.74	106694	0	150
2020.09.03	435.68	450.22	390.95	405.68	119218	0	150
2020.09.04	405.68	406.98	358.45	390.64	117845	0	150
2020.09.07	351.24	359.67	322.36	344.38	112571	0	150
2020.09.08	345.08	356.05	330.22	334.97	104333	0	150
2020.09.09	334.97	358.42	324.66	352.51	95028	0	150
2020.09.10	352.54	376.96	349.49	364.89	108955	0	150
2020.09.11	364.41	371.98	355.11	367.68	84298	0	150
2020.09.14	361.10	383.89	355.08	375.35	97746	0	150
2020.09.15	375.35	381.77	361.76	364.95	93304	0	150
2020.09.16	363.31	372.88	354.25	365.20	85913	0	150
2020.09.17	365.20	393.69	362.59	391.58	102495	0	150
2020.09.18	391.76	393.46	374.69	380.34	85233	0	150
2020.09.21	368.23	375.92	330.42	345.71	102521	0	150
2020.09.22	345.89	348.77	334.68	344.25	88425	0	150
2020.09.23	344.25	346.14	312.75	322.21	76785	0	150
2020.09.24	321.50	348.39	315.88	344.94	93220	0	150
2020.09.25	344.91	357.33	336.75	353.87	85533	0	150
2020.09.28	352.44	367.49	351.61	362.10	76256	0	150
2020.09.29	362.17	363.32	349.29	356.91	71803	0	150
2020.09.30	357.32	359.82	350.60	355.99	66042	0	150
2020.10.01	356.36	369.47	344.54	350.84	77353	0	150
2020.10.02	350.66	353.49	333.54	345.41	85508	0	150
2020.10.05	351.46	355.34	347.90	351.15	51229	0	150
2020.10.06	351.14	354.60	335.84	336.67	53960	0	150
2020.10.07	336.91	342.22	332.29	340.07	63790	0	150
2020.10.08	340.07	352.83	333.33	351.40	62486	0	150
2020.10.09	350.98	365.89	346.72	362.85	61623	0	150
2020.10.12	371.59	388.96	364.82	386.78	65610	0	150
2020.10.13	386.25	394.53	373.69	379.30	66964	0	150
2020.10.14	379.50	387.05	372.47	376.15	54146	0	150
2020.10.15	376.14	381.12	369.30	379.46	63433	0	150
2020.10.16	379.79	379.79	360.36	365.92	67899	0	150
2020.10.19	375.09	384.10	372.12	378.99	52646	0	150
2020.10.20	378.97	380.23	365.57	367.44	63600	0	150
2020.10.21	366.16	399.83	366.16	394.43	82696	0	150
2020.10.22	395.94	419.03	389.45	417.29	81443	0	150
2020.10.23	417.29	420.83	400.87	408.56	65340	0	150
2020.10.26	407.32	410.90	381.97	391.61	65166	0	150
2020.10.27	391.60	410.18	389.40	402.68	64830	0	150
2020.10.28	403.39	409.00	379.96	384.95	79079	0	150
2020.10.29	384.98	393.71	380.08	388.25	75335	0	150
2020.10.30	389.53	392.03	372.87	383.80	71863	0	150
2020.11.02	396.03	403.93	377.54	385.02	71727	0	150
2020.11.03	385.08	385.53	369.85	382.64	61786	0	150
2020.11.04	382.42	408.08	376.14	400.35	63866	0	150
2020.11.05	400.33	417.91	393.56	413.58	86364	0	150
2020.11.06	413.57	449.00	412.39	447.06	93819	0	150
2020.11.09	450.48	458.84	433.48	447.24	73320	0	150
2020.11.10	446.62	454.79	438.18	451.69	66550	0	150
2020.11.11	451.65	475.98	449.00	466.33	75668	0	150
2020.11.12	463.95	469.70	451.68	462.43	70874	0	150
2020.11.13	462.47	474.45	457.06	471.84	75171	0	150
2020.11.16	442.38	465.50	439.66	457.90	70858	0	150
2020.11.17	457.87	484.51	457.56	480.15	86212	0	150
2020.11.18	480.20	494.73	457.21	473.96	91799	0	150
2020.11.19	473.95	480.33	464.42	472.31	82055	0	150
2020.11.20	472.72	513.99	468.61	508.29	104487	0	150
2020.11.23	570.88	607.95	550.28	605.39	129276	0	150
2020.11.24	605.38	622.22	590.21	599.07	135680	0	150
2020.11.25	599.12	605.87	573.79	578.21	107433	0	150
2020.11.26	578.21	578.83	480.17	513.37	145485	0	150
2020.11.27	513.39	530.36	493.36	514.57	110243	0	150
2020.11.30	565.25	613.83	562.75	604.82	118492	0	150
2020.12.01	604.83	635.59	563.45	594.59	122966	0	150
2020.12.02	594.58	603.66	574.78	597.29	115962	0	150
2020.12.03	597.81	623.16	585.82	614.91	98252	0	150
2020.12.04	614.85	619.94	576.77	579.88	97907	0	150
2020.12.07	598.46	602.99	583.85	587.94	72124	0	150
2020.12.08	587.77	594.48	558.62	565.29	79746	0	150
2020.12.09	565.49	576.91	529.73	575.03	116729	0	150
2020.12.10	575.03	576.68	547.53	563.07	91959	0	150
2020.12.11	563.07	564.20	534.42	548.67	95315	0	150
2020.12.14	591.01	592.28	575.00	585.46	70629	0	150
2020.12.15	585.48	596.40	578.58	588.13	71709	0	150
2020.12.16	588.19	631.90	580.37	629.03	88262	0	150
2020.12.17	629.00	675.89	626.06	640.17	135998	0	150
2020.12.18	640.19	663.53	629.23	651.06	113081	0	150
2020.12.21	630.91	647.21	595.42	617.87	109665	0	150
2020.12.22	617.51	633.27	587.06	622.08	108549	0	150
2020.12.23	621.81	637.64	591.53	596.15	119319	0	150
2020.12.24	596.17	608.95	551.08	606.12	128759	0	150
2020.12.28	677.25	746.22	676.11	726.26	138035	0	150
2020.12.29	726.15	738.66	687.76	723.94	134587	0	150
2020.12.30	723.77	756.90	715.79	747.45	127058	0	150
2020.12.31	747.45	754.94	721.53	737.96	114236	0	150
2021.01.04	946.60	1164.07	889.34	1006.35	139267	0	150
2021.01.05	1006.27	1131.80	974.85	1084.35	138760	0	150
2021.01.06	1084.31	1210.61	1057.82	1181.44	140275	0	150
2021.01.07	1181.68	1289.31	1159.48	1252.98	142697	0	150
2021.01.08	1252.98	1273.73	1065.72	1183.02	140248	0	160
2021.01.11	1261.59	1285.73	910.31	1031.09	141130	0	150
2021.01.12	1031.24	1149.40	1005.68	1077.16	139872	0	151
2021.01.13	1076.77	1125.94	985.19	1125.94	138173	0	150
2021.01.14	1125.94	1245.22	1086.18	1185.52	137238	0	163
2021.01.15	1185.38	1253.57	1070.48	1158.50	139846	0	155
2021.01.18	1265.07	1268.30	1181.74	1233.31	147917	0	150
2021.01.19	1235.88	1440.14	1233.15	1410.24	183138	0	150
2021.01.20	1410.13	1425.33	1234.35	1322.71	186368	0	150
2021.01.21	1322.66	1389.65	1162.12	1170.06	186706	0	150
2021.01.22	1170.50	1273.26	1039.56	1242.34	181006	0	150
2021.01.25	1345.63	1476.47	1309.16	1346.06	180724	0	150
2021.01.26	1342.36	1378.21	1244.24	1334.06	184751	0	150
2021.01.27	1333.86	1375.60	1206.31	1275.50	181719	0	150
2021.01.28	1277.70	1358.99	1218.48	1349.85	176256	0	150
2021.01.29	1349.92	1440.62	1286.75	1370.73	174014	0	150
2021.02.01	1301.66	1352.10	1270.86	1350.08	145285	0	0
2021.02.02	1350.10	1542.70	1343.28	1519.39	177448	0	150
2021.02.03	1519.47	1653.28	1508.47	1632.81	175774	0	158
2021.02.04	1632.79	1698.19	1555.80	1641.29	179875	0	160
2021.02.05	1641.27	1763.28	1589.07	1719.36	172747	0	166
2021.02.06	1706.90	1717.37	1684.38	1710.94	26524	0	150
2021.02.07	1710.58	1721.10	1496.94	1598.75	170671	0	157
2021.02.08	1594.80	1779.19	1565.74	1698.52	169618	0	156
2021.02.09	1698.49	1825.50	1698.32	1768.26	177726	0	165
2021.02.10	1768.22	1840.20	1678.51	1727.79	174678	0	175
2021.02.11	1727.85	1818.91	1703.08	1767.92	158961	0	178
2021.02.12	1768.32	1863.10	1739.67	1857.35	160537	0	173
2021.02.13	1794.45	1820.60	1784.51	1813.92	21114	0	185
2021.02.14	1814.02	1853.69	1785.39	1827.84	122221	0	150
2021.02.15	1827.77	1839.09	1665.68	1788.33	132279	0	165
2021.02.16	1788.15	1826.91	1722.17	1753.18	138507	0	162
2021.02.17	1753.11	1854.71	1731.58	1853.06	132762	0	183
2021.02.18	1853.15	1950.54	1827.80	1943.64	129348	0	392
2021.02.19	1943.62	1973.37	1888.34	1955.33	127139	0	389
2021.02.20	1993.24	2003.23	1949.76	1963.86	20461	0	386
2021.02.21	1963.78	1975.12	1805.18	1918.79	125386	0	293
2021.02.22	1918.79	1938.86	1554.87	1798.96	166236	0	364
2021.02.23	1798.92	1802.89	1366.88	1531.11	181215	0	46
2021.02.24	1535.22	1712.93	1497.41	1588.44	103536	0	11
2021.02.25	1589.53	1670.35	1520.65	1521.07	135187	0	0
2021.02.26	1522.96	1562.38	1397.13	1441.65	142524	0	26
2021.02.27	1440.27	1527.01	1426.73	1506.49	111520	0	74
2021.02.28	1506.70	1510.13	1290.71	1415.26	143039	0	0
2021.03.01	1412.37	1565.01	1396.31	1545.27	140061	0	26
2021.03.02	1546.03	1603.69	1455.07	1465.50	138917	0	9
2021.03.03	1466.87	1655.95	1462.26	1594.32	136803	0	39
2021.03.04	1594.68	1624.88	1502.93	1515.98	135974	0	49
2021.03.05	1515.45	1547.36	1440.96	1535.22	134622	0	0
2021.03.06	1532.09	1669.01	1512.86	1642.50	109924	0	0
2021.03.07	1642.59	1696.02	1628.41	1663.77	133158	0	69
2021.03.08	1660.87	1793.53	1659.63	1790.00	135440	0	3
2021.03.09	1789.97	1858.02	1770.81	1824.22	127361	0	0
2021.03.10	1824.05	1877.30	1755.84	1814.59	127148	0	16
2021.03.11	1815.70	1843.09	1723.15	1838.51	121006	0	0
2021.03.12	1839.65	1846.77	1720.00	1754.20	129076	0	20
2021.03.13	1758.33	1942.34	1726.56	1931.82	115603	0	41
2021.03.14	1931.91	1939.85	1833.88	1874.82	129787	0	0
2021.03.15	1874.82	1893.22	1730.83	1791.48	129593	0	0
2021.03.16	1791.48	1818.13	1710.01	1796.69	132050	0	0
2021.03.17	1794.11	1839.49	1743.02	1813.92	124759	0	60
2021.03.18	1812.66	1849.09	1756.73	1771.14	119632	0	0
2021.03.19	1770.41	1839.42	1730.98	1815.40	108632	0	53
2021.03.20	1822.75	1866.19	1799.17	1826.14	91679	0	98
2021.03.21	1827.39	1838.18	1749.75	1799.65	107962	0	47
2021.03.22	1799.34	1810.86	1673.89	1675.61	117795	0	0
2021.03.23	1675.32	1721.14	1650.71	1670.50	111691	0	0
2021.03.24	1668.80	1739.75	1577.51	1608.77	139298	0	45
2021.03.25	1611.08	1621.77	1542.20	1602.32	129720	0	85
2021.03.26	1600.35	1675.40	1576.87	1666.94	107172	0	65
2021.03.27	1682.92	1719.09	1670.11	1718.02	77104	0	150
2021.03.28	1717.28	1732.17	1660.35	1666.01	106697	0	76
2021.03.29	1662.64	1840.11	1662.64	1806.17	93825	0	0
2021.03.30	1805.74	1859.24	1784.49	1840.28	88891	0	31
2021.03.31	1839.88	1940.11	1768.79	1939.44	101333	0	0
2021.04.01	1939.18	1981.99	1881.02	1969.41	101130	0	63
2021.04.02	1968.80	2104.00	1946.87	2088.28	99927	0	0
2021.04.03	2086.79	2144.36	2001.00	2058.29	80987	0	0
2021.04.04	2059.81	2091.87	1975.00	2061.76	136044	0	0
2021.04.05	2062.05	2129.12	2003.00	2103.43	104139	0	0
2021.04.06	2103.44	2150.11	2041.88	2120.19	122717	0	0
2021.04.07	2120.47	2128.13	1928.72	1982.72	135115	0	0
2021.04.08	1987.67	2077.49	1946.31	2053.29	130843	0	16
2021.04.09	2053.62	2100.38	2041.75	2070.40	112516	0	0
2021.04.10	2074.11	2194.57	2054.47	2092.76	75185	0	0
2021.04.11	2094.14	2163.01	2081.91	2143.64	114774	0	0
2021.04.12	2140.61	2198.12	2102.00	2144.17	120679	0	0
2021.04.13	2143.98	2316.25	2134.23	2301.19	128395	0	0
2021.04.14	2301.16	2404.56	2266.35	2368.81	128249	0	211
2021.04.15	2368.81	2502.85	2367.37	2501.78	124284	0	220
2021.04.16	2501.77	2548.23	2301.83	2458.61	149081	0	214
2021.04.17	2447.26	2496.44	2311.49	2389.01	109240	0	150
2021.04.18	2388.99	2393.67	1950.71	2221.11	145852	0	0
2021.04.19	2221.78	2276.24	2073.80	2200.78	154945	0	1073
2021.04.20	2201.27	2327.39	2046.88	2300.90	159297	0	1220
2021.04.21	2300.56	2465.89	2235.10	2400.04	130211	0	51
2021.04.22	2400.26	2642.51	2312.44	2396.19	166780	0	230
2021.04.23	2395.97	2446.23	2103.78	2320.55	184371	0	466
2021.04.24	2308.00	2369.90	2163.46	2292.86	121530	0	363
2021.04.25	2293.22	2355.43	2163.66	2211.22	115171	0	234
2021.04.26	2215.68	2530.52	2165.71	2455.17	130728	0	364
2021.04.27	2455.96	2679.55	2427.95	2644.43	116170	0	217
2021.04.28	2637.98	2749.01	2558.50	2703.20	131624	0	127
2021.04.29	2702.97	2798.40	2667.27	2704.96	116352	0	381
2021.04.30	2704.96	2797.90	2694.81	2761.31	121539	0	331
2021.05.01	2747.04	2953.21	2736.71	2946.36	85732	0	260
2021.05.02	2940.20	2977.39	2850.74	2968.68	126629	0	316
2021.05.03	2966.30	3338.94	2925.49	3282.07	131908	0	332
2021.05.04	3285.40	3527.68	3160.34	3394.56	151878	0	6
2021.05.05	3394.67	3485.77	3201.85	3453.28	166407	0	87
2021.05.06	3459.03	3606.70	3376.35	3463.55	161310	0	0
2021.05.07	3463.17	3591.56	3349.54	3497.54	165094	0	240
2021.05.08	3477.34	3863.02	3424.91	3847.62	136935	0	380
2021.05.09	3847.05	3981.91	3721.00	3900.83	171348	0	237
2021.05.10	3908.12	4210.00	3627.88	3893.90	167021	0	229
2021.05.11	3901.21	4140.00	3767.21	4138.41	182867	0	189
2021.05.12	4139.47	4373.19	3927.90	4091.48	152748	0	0
2021.05.13	4098.87	4233.70	3538.33	3705.45	131262	0	0
2021.05.14	3684.18	4173.83	3608.77	3977.23	148488	0	0
2021.05.15	4033.22	4133.73	3652.01	3790.41	142870	0	567
2021.05.16	3790.54	3876.12	3344.75	3356.12	168383	0	410
2021.05.17	3356.31	3586.63	3110.81	3433.38	169606	0	0
2021.05.18	3433.38	3562.78	3185.95	3421.74	174322	0	260
2021.05.19	3430.34	3462.42	1792.15	2523.00	179735	0	0
2021.05.20	2523.00	2996.00	2148.78	2754.50	187366	0	0
2021.05.21	2762.12	2938.68	2233.11	2243.84	184537	0	0
2021.05.22	2382.66	2484.17	2145.00	2352.67	153952	0	227
2021.05.23	2354.18	2380.44	1715.53	2067.53	194477	0	0
2021.05.24	2066.92	2669.05	2037.87	2619.22	172214	0	0
2021.05.25	2620.18	2750.45	2378.18	2550.82	183544	0	229
2021.05.26	2544.88	2910.28	2527.90	2794.27	181518	0	0
2021.05.27	2795.75	2888.67	2631.28	2717.93	178598	0	62
2021.05.28	2719.44	2793.42	2410.27	2420.30	174731	0	242
2021.05.29	2358.74	2565.04	2208.00	2233.45	142777	0	391
2021.05.30	2235.68	2471.97	2175.40	2434.50	167457	0	253
2021.05.31	2435.31	2674.96	2270.16	2595.46	179150	0	348
2021.06.01	2597.28	2739.43	2517.25	2573.79	177458	0	311
2021.06.02	2573.80	2799.28	2545.13	2718.88	166732	0	141
2021.06.03	2718.88	2888.46	2658.58	2818.51	177335	0	267
2021.06.04	2819.52	2869.68	2550.00	2697.74	175972	0	321
2021.06.05	2731.06	2813.28	2579.87	2628.66	116872	0	376
2021.06.06	2630.57	2742.54	2543.74	2707.92	148894	0	360
2021.06.07	2708.87	2845.76	2617.96	2644.80	167020	0	357
2021.06.08	2645.11	2662.93	2303.00	2533.42	176633	0	174
2021.06.09	2534.52	2624.97	2403.00	2556.03	181642	0	160
2021.06.10	2558.38	2623.22	2428.01	2464.52	155093	0	318
2021.06.11	2467.22	2494.43	2360.47	2377.09	141361	0	0
2021.06.12	2330.30	2449.96	2248.00	2401.82	116877	0	253
2021.06.13	2401.71	2524.68	2301.25	2514.97	141610	0	116
2021.06.14	2514.96	2605.63	2457.98	2538.35	164375	0	331
2021.06.15	2538.91	2637.72	2504.95	2517.72	169732	0	326
2021.06.16	2519.23	2564.60	2379.00	2395.62	163617	0	246
2021.06.17	2397.24	2457.76	2300.45	2338.72	159208	0	252
2021.06.18	2340.83	2375.81	2134.31	2191.25	131310	0	241
2021.06.19	2217.52	2275.95	2163.52	2221.35	114556	0	260
2021.06.20	2222.22	2266.26	2038.23	2251.74	145713	0	347
2021.06.21	2253.77	2272.22	1885.28	1936.48	179591	0	310
2021.06.22	1937.59	1993.45	1705.10	1926.96	172123	0	269
2021.06.23	1928.27	2042.09	1817.95	1925.65	169949	0	189
2021.06.24	1925.67	2032.33	1881.04	2001.56	158598	0	274
2021.06.25	2002.05	2015.41	1787.59	1862.82	154287	0	186
2021.06.26	1838.53	1852.08	1713.54	1763.02	120244	0	327
2021.06.27	1763.64	1891.17	1746.67	1813.69	160563	0	321
2021.06.28	1813.43	2140.90	1809.18	2127.78	165406	0	283
2021.06.29	2129.19	2243.26	2057.94	2186.91	173591	0	375
2021.06.30	2186.93	2279.55	2085.90	2232.20	162798	0	256
2021.07.01	2235.28	2283.32	2063.15	2117.74	172539	0	391
2021.07.02	2117.74	2137.05	2013.99	2087.59	161624	0	266
2021.07.03	2105.04	2236.62	2101.12	2216.75	112901	0	403
2021.07.04	2218.04	2371.40	2184.13	2347.55	140993	0	360
2021.07.05	2347.96	2386.28	2153.47	2213.06	158482	0	321
2021.07.06	2214.07	2347.33	2190.18	2306.03	156267	0	374
2021.07.07	2307.00	2406.35	2261.78	2360.02	137087	0	391
2021.07.08	2360.34	2360.83	2121.55	2134.11	149968	0	314
2021.07.09	2135.86	2184.02	2043.48	2130.92	155831	0	304
2021.07.10	2136.77	2190.55	2071.21	2090.11	99404	0	375
2021.07.11	2092.17	2151.59	2077.73	2125.75	115976	0	370
2021.07.12	2127.04	2169.85	2001.91	2023.58	125344	0	247
2021.07.13	2024.21	2043.39	1913.04	1943.87	142118	0	341
2021.07.14	1944.73	2015.71	1858.93	1984.90	147148	0	344
2021.07.15	1985.82	2037.28	1876.83	1922.67	136642	0	248
2021.07.16	1923.33	1962.24	1845.91	1897.57	131762	0	402
2021.07.17	1891.70	1917.28	1854.58	1896.25	98521	0	362
2021.07.18	1896.60	1990.95	1872.94	1891.56	120569	0	319
2021.07.19	1891.92	1924.26	1802.28	1816.54	125955	0	114
2021.07.20	1817.07	1837.41	1714.81	1790.78	128175	0	308
2021.07.21	1792.27	2027.82	1749.32	1942.90	126804	0	299
2021.07.22	1942.89	2043.27	1933.61	2012.39	130191	0	273
2021.07.23	2011.85	2091.95	1985.65	2037.53	120549	0	401
2021.07.24	2043.79	2197.49	2043.15	2150.77	91574	0	376
2021.07.25	2151.41	2193.88	2104.15	2155.04	112554	0	401
2021.07.26	2155.75	2428.55	2151.97	2260.55	126424	0	375
2021.07.27	2260.57	2317.07	2143.92	2240.54	126632	0	395
2021.07.28	2240.89	2343.43	2235.46	2292.64	130743	0	340
2021.07.29	2292.51	2341.45	2260.30	2310.99	123562	0	338
2021.07.30	2310.76	2447.40	2302.73	2416.12	132867	0	295
2021.07.31	2440.40	2495.63	2410.62	2488.39	114058	0	337
2021.08.01	2489.36	2695.59	2488.08	2666.52	148689	0	331
2021.08.02	2667.66	2675.40	2503.08	2594.93	146741	0	380
2021.08.03	2593.93	2636.00	2437.01	2483.03	142177	0	324
2021.08.04	2481.76	2724.25	2455.22	2707.99	140776	0	234
2021.08.05	2706.59	2828.84	2520.91	2799.95	156390	0	67
2021.08.06	2802.43	2948.24	2717.93	2911.21	151293	0	315
2021.08.07	2874.22	3170.64	2863.24	3078.60	129234	0	355
2021.08.08	3078.94	3189.08	2945.08	2988.41	165466	0	164
2021.08.09	2988.23	3187.25	2888.93	3064.62	155437	0	254
2021.08.10	3066.96	3231.76	3030.58	3155.47	153903	0	330
2021.08.11	3154.81	3273.98	3117.47	3232.68	146914	0	231
2021.08.12	3233.17	3240.83	2975.96	3063.37	161457	0	93
2021.08.13	3064.04	3291.16	2983.65	3280.35	146366	0	341
2021.08.14	3279.20	3328.47	3210.86	3230.06	129808	0	348
2021.08.15	3227.81	3288.19	3107.60	3258.56	162068	0	256
2021.08.16	3258.84	3337.11	3128.00	3159.83	143826	0	260
2021.08.17	3161.81	3290.73	3009.25	3068.03	155796	0	281
2021.08.18	3068.56	3123.96	2945.31	3007.10	161430	0	255
2021.08.19	3005.75	3163.16	2955.09	3156.12	156725	0	350
2021.08.20	3155.65	3300.95	3142.48	3256.91	144934	0	211
2021.08.21	3282.68	3309.38	3205.48	3229.10	118113	0	354
2021.08.22	3228.21	3274.74	3123.31	3151.53	146127	0	291
2021.08.23	3151.18	3376.91	3138.25	3337.56	144399	0	112
2021.08.24	3338.25	3358.83	3141.84	3214.75	144389	0	288
2021.08.25	3215.31	3248.13	3074.48	3206.12	136741	0	15
2021.08.26	3206.01	3249.91	3050.82	3116.59	127953	0	249
2021.08.27	3116.50	3275.14	3057.00	3261.69	128277	0	359
2021.08.28	3274.35	3284.46	3210.22	3237.42	100979	0	389
2021.08.29	3236.86	3286.61	3150.94	3237.11	131184	0	328
2021.08.30	3235.57	3346.30	3140.90	3337.22	132213	0	82
2021.08.31	3336.63	3472.05	3185.71	3389.30	129584	0	314
2021.09.01	3388.62	3785.15	3369.34	3727.97	136738	0	278
2021.09.02	3725.40	3839.56	3721.14	3805.96	127934	0	167
2021.09.03	3805.71	4027.02	3705.25	3913.47	133982	0	208
2021.09.04	3927.50	3967.82	3831.06	3878.36	105788	0	304
2021.09.05	3876.85	3971.46	3831.49	3968.31	129100	0	403
2021.09.06	3967.47	3981.33	3861.26	3951.42	132869	0	401
2021.09.07	3951.03	3969.19	2998.00	3409.86	138849	0	254
2021.09.08	3412.52	3542.30	3202.17	3468.74	159482	0	395
2021.09.09	3469.39	3569.00	3381.39	3427.52	165561	0	352
2021.09.10	3428.50	3511.33	3202.64	3244.82	141584	0	198
2021.09.11	3179.16	3345.62	3141.00	3292.93	120481	0	402
2021.09.12	3292.53	3469.93	3227.25	3308.75	144429	0	403
2021.09.13	3315.66	3445.78	3100.90	3285.47	150624	0	345
2021.09.14	3286.31	3406.25	3258.64	3373.57	139013	0	401
2021.09.15	3373.17	3572.84	3323.05	3552.45	152683	0	359
2021.09.16	3552.79	3673.29	3475.85	3492.50	149080	0	381
2021.09.17	3495.02	3592.85	3356.86	3373.01	149471	0	401
2021.09.18	3396.74	3526.67	3362.64	3393.66	118666	0	401
2021.09.19	3393.92	3453.01	3299.00	3357.61	150106	0	402
2021.09.20	3357.62	3362.59	2914.45	3013.91	160013	0	401
2021.09.21	3013.84	3101.90	2748.00	2753.10	155005	0	401
2021.09.22	2753.51	3084.97	2648.00	3026.29	157342	0	322
2021.09.23	3024.34	3172.95	3006.24	3139.08	157932	0	374
2021.09.24	3139.14	3162.88	2724.36	2944.89	161893	0	343
2021.09.25	2957.79	2967.84	2798.00	2918.59	127962	0	401
2021.09.26	2919.56	3100.97	2735.52	3086.98	161520	0	359
2021.09.27	3085.85	3165.31	2948.00	2950.42	162992	0	376
2021.09.28	2951.88	3027.01	2800.36	2860.84	159698	0	403
2021.09.29	2860.82	2947.75	2778.20	2817.51	158218	0	339
2021.09.30	2818.34	3045.44	2801.69	2967.92	151958	0	307
2021.10.01	2970.04	3318.24	2961.78	3288.43	119650	0	401
2021.10.02	3316.74	3466.28	3255.53	3424.73	79860	0	395
2021.10.03	3424.74	3486.81	3336.81	3419.22	87333	0	350
2021.10.04	3421.65	3435.32	3261.99	3380.48	102767	0	401
2021.10.05	3381.31	3532.18	3352.35	3524.27	115281	0	401
2021.10.06	3522.97	3630.50	3334.42	3557.16	131515	0	401
2021.10.07	3558.49	3639.82	3466.31	3623.02	147185	0	401
2021.10.08	3624.89	3668.06	3524.69	3547.90	144112	0	38
2021.10.09	3570.39	3631.02	3534.93	3578.91	95937	0	401
2021.10.10	3576.82	3603.21	3475.28	3511.64	143182	0	401
2021.10.11	3511.37	3621.60	3362.48	3488.00	137063	0	401
2021.10.12	3489.54	3548.05	3400.86	3476.63	132387	0	401
2021.10.13	3475.99	3584.49	3408.40	3570.66	137481	0	401
2021.10.14	3571.99	3825.65	3561.51	3756.60	126920	0	401
2021.10.15	3756.38	3900.57	3730.54	3878.50	133739	0	322
2021.10.16	3835.88	3965.72	3799.00	3829.56	102782	0	317
2021.10.17	3829.45	3917.34	3634.52	3695.88	125252	0	368
2021.10.18	3695.90	3894.12	3669.06	3730.64	127391	0	401
2021.10.19	3730.19	3860.18	3710.57	3802.14	129352	0	401
2021.10.20	3804.03	4136.31	3797.91	4106.24	117376	0	0
2021.10.21	4105.60	4370.34	4005.00	4087.55	132047	0	328
2021.10.22	4086.20	4169.41	3879.40	3973.67	133627	0	317
2021.10.23	3945.16	4126.84	3935.64	4086.17	102607	0	401
2021.10.24	4084.36	4184.35	3958.81	4063.16	132189	0	401
2021.10.25	4063.58	4236.30	4055.47	4178.79	120151	0	331
2021.10.26	4176.96	4293.99	4124.71	4259.73	116890	0	401
2021.10.27	4256.49	4304.42	3924.76	3979.95	136208	0	401
2021.10.28	3979.00	4293.71	3886.00	4249.59	137955	0	276
2021.10.29	4250.41	4458.60	4202.33	4399.38	138614	0	349
2021.10.30	4412.52	4433.34	4234.92	4309.92	104034	0	308
2021.10.31	4308.94	4395.44	4158.39	4265.70	136882	0	401
2021.11.01	4264.20	4382.10	4141.57	4308.11	137582	0	401
2021.11.02	4309.73	4531.50	4270.97	4502.22	128719	0	201
2021.11.03	4502.30	4669.43	4454.97	4615.16	119495	0	201
2021.11.04	4615.39	4629.41	4420.63	4513.31	110155	0	201
2021.11.05	4513.09	4574.44	4443.64	4451.47	86916	0	257
2021.11.06	4463.01	4530.46	4361.95	4512.63	53742	0	418
2021.11.07	4512.54	4636.96	4500.80	4627.24	67970	0	417
2021.11.08	4627.22	4794.85	4586.60	4770.78	78378	0	254
2021.11.09	4770.81	4839.60	4710.51	4796.44	80390	0	257
2021.11.10	4796.43	4865.11	4467.46	4551.25	87302	0	309
2021.11.11	4551.27	4783.55	4526.70	4743.14	84668	0	256
2021.11.12	4743.03	4808.54	4507.49	4653.35	93726	0	257
2021.11.13	4641.75	4707.65	4582.53	4655.84	62864	0	429
2021.11.14	4655.90	4694.55	4515.33	4573.82	68087	0	405
2021.11.15	4573.66	4768.31	4541.31	4568.56	87149	0	255
2021.11.16	4568.70	4585.70	4104.87	4254.06	105814	0	252
2021.11.17	4254.05	4296.58	4064.00	4254.95	107066	0	255
2021.11.18	4254.26	4345.47	3960.57	4020.79	105949	0	252
2021.11.19	4019.39	4311.71	3957.93	4278.67	109545	0	256
2021.11.20	4281.10	4432.05	4204.16	4430.07	69663	0	406
2021.11.21	4430.16	4437.04	4303.66	4363.48	81779	0	415
2021.11.22	4363.29	4369.49	4022.45	4078.80	105835	0	256
2021.11.23	4078.67	4385.30	4059.36	4348.81	108767	0	257
2021.11.24	4350.50	4372.65	4165.31	4257.24	98022	0	255
2021.11.25	4257.36	4532.30	4236.30	4498.86	98891	0	257
2021.11.26	4498.85	4555.19	3909.82	4061.91	118046	0	257
2021.11.27	4069.29	4186.04	4028.80	4082.45	87817	0	401
2021.11.28	4082.38	4259.37	3965.90	4254.81	108161	0	398
2021.11.29	4254.80	4461.24	4221.35	4451.09	112024	0	257
2021.11.30	4451.10	4752.87	4348.41	4630.48	122404	0	257
2021.12.01	4630.42	4781.78	4532.60	4563.82	122101	0	257
2021.12.02	4565.41	4635.14	4433.25	4546.36	126104	0	257
2021.12.03	4540.23	4660.10	4040.62	4215.46	114095	0	256
2021.12.04	4197.85	4250.24	3791.20	4064.11	91187	0	391
2021.12.05	4064.14	4253.89	4036.40	4145.71	123915	0	491
2021.12.06	4145.69	4352.53	3920.26	4323.39	126544	0	257
2021.12.07	4322.81	4427.65	4262.88	4290.06	104381	0	201
2021.12.08	4288.80	4455.53	4226.07	4416.33	111826	0	201
2021.12.09	4415.40	4490.32	4074.92	4164.51	116639	0	201
2021.12.10	4164.48	4230.51	3929.72	3994.30	122716	0	257
2021.12.11	3958.14	4097.97	3831.94	4027.54	95650	0	201
2021.12.12	4027.02	4175.28	3986.68	4123.01	105207	0	201
2021.12.13	4123.06	4171.91	3669.12	3768.40	116901	0	201
2021.12.14	3768.19	3881.71	3683.96	3851.60	123171	0	201
2021.12.15	3851.59	4091.62	3640.76	4061.56	122854	0	201
2021.12.16	4061.31	4111.60	3977.53	4029.78	115952	0	201
2021.12.17	4029.73	4035.88	3696.81	3905.88	120338	0	201
2021.12.18	3901.88	3978.76	3766.08	3975.89	96096	0	201
2021.12.19	3976.05	4028.80	3885.54	3921.39	102949	0	201
2021.12.20	3921.40	3993.67	3753.35	3911.58	123056	0	201
2021.12.21	3912.21	4061.70	3889.90	4025.33	110256	0	201
2021.12.22	4025.30	4073.35	3935.35	4014.13	94953	0	201
2021.12.23	4013.88	4151.90	3892.76	4113.59	106276	0	201
2021.12.24	4113.00	4136.35	4037.85	4065.44	90260	0	256
2021.12.26	4121.92	4122.03	4004.26	4082.95	79712	0	201
2021.12.27	4082.95	4127.46	4032.35	4057.36	79997	0	201
2021.12.28	4059.03	4075.70	3757.45	3804.65	105275	0	201
2021.12.29	3804.66	3826.53	3694.39	3725.54	99839	0	201
2021.12.30	3725.71	3768.70	3582.52	3735.29	104160	0	201
2021.12.31	3735.24	3813.25	3620.13	3686.93	103961	0	201
2022.01.02	3748.59	3854.27	3716.10	3810.62	82895	0	201
2022.01.03	3809.67	3849.75	3678.57	3722.01	95523	0	201
2022.01.04	3721.83	3891.01	3710.42	3824.22	97320	0	201
2022.01.05	3824.24	3846.86	3549.34	3550.79	94470	0	252
2022.01.06	3551.33	3567.26	3297.37	3426.14	121571	0	201
2022.01.07	3426.10	3434.24	3061.84	3212.65	120592	0	201
2022.01.08	3178.88	3245.12	2998.59	3076.04	92064	0	201
2022.01.09	3075.93	3209.91	3055.99	3187.72	106597	0	201
2022.01.10	3187.78	3198.66	2928.87	3073.21	111998	0	201
2022.01.11	3073.20	3263.12	3050.75	3230.04	97923	0	201
2022.01.12	3230.04	3410.73	3204.66	3365.86	93039	0	201
2022.01.13	3365.97	3411.14	3231.79	3268.70	92327	0	201
2022.01.14	3268.72	3342.99	3187.91	3331.68	97978	0	201
2022.01.15	3313.52	3371.76	3274.18	3333.74	61477	0	201
2022.01.16	3334.08	3394.34	3272.15	3330.04	84954	0	201
2022.01.17	3329.20	3363.49	3150.21	3164.76	92104	0	201
2022.01.18	3165.02	3243.77	3081.38	3162.35	100384	0	201
2022.01.19	3162.35	3192.16	3044.58	3112.67	100993	0	201
2022.01.20	3112.67	3271.10	3078.16	3079.05	90242	0	201
2022.01.21	3078.80	3105.82	2555.16	2607.74	127778	0	201
2022.01.22	2535.97	2624.64	2316.96	2444.07	116762	0	201
2022.01.23	2443.82	2549.23	2362.95	2421.29	121695	0	201
2022.01.24	2420.91	2547.88	2155.72	2437.73	130808	0	201
2022.01.25	2437.59	2507.49	2346.43	2412.06	129473	0	150
2022.01.26	2412.11	2722.10	2403.81	2416.83	124549	0	201
2022.01.27	2417.49	2519.58	2313.96	2359.57	129169	0	201
2022.01.28	2359.10	2549.84	2327.34	2533.99	125752	0	201
2022.01.29	2515.34	2637.24	2515.34	2615.30	87351	0	201
2022.01.30	2615.27	2639.99	2541.72	2558.40	100029	0	201
2022.01.31	2558.43	2706.94	2476.22	2679.09	112183	0	201
2022.02.01	2678.85	2813.36	2673.30	2797.78	109322	0	201
2022.02.02	2796.67	2810.62	2599.00	2653.75	101915	0	227
2022.02.03	2653.12	2724.98	2575.14	2659.30	111217	0	250
2022.02.04	2659.57	2978.75	2642.76	2954.62	112500	0	250
2022.02.05	2956.25	3061.86	2946.37	3021.13	83155	0	250
2022.02.06	3021.07	3043.88	2951.60	2994.96	81260	0	250
2022.02.07	2994.89	3188.30	2982.66	3151.65	107949	0	250
2022.02.08	3152.20	3232.30	3025.63	3115.29	107714	0	250
2022.02.09	3115.26	3271.85	3054.77	3236.95	104002	0	250
2022.02.10	3236.95	3285.18	3085.57	3114.53	105145	0	250
2022.02.11	3114.87	3139.66	2905.84	2926.00	112026	0	250
2022.02.12	2893.30	2986.36	2856.59	2875.85	85731	0	250
2022.02.13	2875.78	2953.51	2836.10	2873.67	88315	0	250
2022.02.14	2873.67	2965.08	2830.23	2912.69	106672	0	250
2022.02.15	2913.56	3148.18	2911.78	3096.74	96644	0	250
2022.02.16	3096.88	3197.65	3043.80	3141.23	95831	0	250
2022.02.17	3141.18	3160.87	2852.03	2894.80	103729	0	250
2022.02.18	2894.10	2943.75	2751.42	2780.87	104713	0	250
2022.02.19	2774.21	2830.42	2694.50	2739.23	73808	0	250
2022.02.20	2739.28	2766.83	2574.55	2597.49	103489	0	250
2022.02.21	2597.49	2759.37	2575.19	2580.95	116405	0	250
2022.02.22	2581.85	2666.41	2497.98	2605.90	121186	0	210
2022.02.23	2605.84	2753.65	2590.76	2617.50	106265	0	250
2022.02.24	2617.74	2738.48	2299.67	2635.35	130736	0	250
2022.02.25	2635.08	2745.91	2542.98	2706.83	115700	0	250
2022.02.26	2792.05	2878.49	2726.56	2824.01	77041	0	250
2022.02.27	2823.97	2834.81	2557.73	2597.83	97464	0	250
2022.02.28	2614.49	2839.12	2567.89	2819.75	110320	0	250
2022.03.01	2819.75	3037.05	2819.00	2955.03	113868	0	250
2022.03.02	2955.27	3044.62	2913.33	2975.43	107228	0	250
2022.03.03	2975.10	2987.91	2783.30	2803.94	95524	0	250
2022.03.04	2804.11	2847.65	2597.03	2606.52	100563	0	250
2022.03.05	2610.54	2683.78	2587.88	2653.64	64322	0	250
2022.03.06	2653.74	2674.38	2587.75	2628.77	71930	0	250
2022.03.07	2628.61	2647.70	2443.37	2481.26	97382	0	250
2022.03.08	2480.68	2623.78	2477.57	2557.44	105202	0	250
2022.03.09	2557.51	2774.23	2554.99	2706.97	96276	0	250
2022.03.10	2706.99	2734.89	2550.52	2602.18	91979	0	250
2022.03.11	2602.12	2676.95	2521.40	2570.31	87526	0	250
2022.03.12	2569.04	2611.99	2560.50	2586.84	31412	0	250
2022.03.13	2586.88	2601.54	2531.62	2544.29	47536	0	250
2022.03.14	2544.22	2608.82	2491.48	2524.87	79012	0	250
2022.03.15	2524.92	2669.41	2505.59	2623.79	80108	0	250
2022.03.16	2623.79	2788.78	2602.59	2771.84	93192	0	250
2022.03.17	2771.85	2837.35	2742.79	2806.79	77093	0	250
2022.03.18	2806.78	2985.49	2766.89	2947.12	78513	0	250
2022.03.19	2952.01	2986.23	2920.98	2953.13	51234	0	250
2022.03.20	2953.14	2965.59	2817.38	2872.96	67114	0	250
2022.03.21	2872.96	2960.40	2830.96	2908.85	80975	0	250
2022.03.22	2908.87	3053.24	2882.73	3001.12	77022	0	250
2022.03.23	3001.22	3044.96	2919.44	2981.10	67706	0	250
2022.03.24	2981.07	3129.50	2971.69	3104.01	81592	0	250
2022.03.25	3104.00	3194.09	3075.22	3124.78	81401	0	250
2022.03.26	3121.66	3152.53	3084.50	3143.07	39868	0	250
2022.03.27	3143.13	3255.32	3125.25	3238.22	46926	0	250
2022.03.28	3238.11	3429.84	3223.23	3416.56	74191	0	250
2022.03.29	3416.88	3481.73	3315.80	3396.32	75290	0	250
2022.03.30	3396.31	3447.46	3331.91	3413.03	74037	0	250
2022.03.31	3413.04	3445.13	3260.05	3298.34	72668	0	250
2022.04.01	3298.33	3481.75	3209.82	3440.47	84809	0	250
2022.04.02	3450.06	3530.79	3425.90	3469.76	64132	0	250
2022.04.03	3469.83	3520.31	3412.01	3491.44	66797	0	204
2022.04.04	3491.38	3579.47	3406.91	3508.96	83277	0	250
2022.04.05	3508.96	3553.83	3415.02	3435.54	69779	0	250
2022.04.06	3441.46	3460.79	3173.25	3231.89	90572	0	250
2022.04.07	3231.82	3267.55	3140.82	3237.02	84719	0	250
2022.04.08	3237.04	3312.11	3196.16	3249.56	80028	0	250
2022.04.09	3220.95	3249.63	3172.14	3223.47	52364	0	250
2022.04.10	3223.46	3307.49	3220.99	3288.00	46095	0	250
2022.04.11	3288.01	3292.92	2966.06	2991.15	87370	0	250
2022.04.12	2991.20	3084.02	2947.46	2985.25	91201	0	250
2022.04.13	2985.24	3113.39	2983.25	3104.37	75312	0	250
2022.04.14	3104.38	3143.04	2973.95	3011.85	68136	0	250
2022.04.15	3011.85	3057.16	2991.82	3029.40	47531	0	250
2022.04.16	3033.74	3058.93	3008.41	3031.61	28337	0	250
2022.04.17	3031.73	3084.67	3020.54	3044.34	38334	0	250
2022.04.18	3044.55	3077.15	2881.98	3004.19	73337	0	250
2022.04.19	3004.24	3129.76	2993.39	3093.52	62609	0	250
2022.04.20	3093.63	3166.29	3030.58	3084.07	69181	0	250
2022.04.21	3084.07	3179.37	2991.84	2998.99	77034	0	250
2022.04.22	2999.20	3033.48	2931.94	2970.08	73442	0	250
2022.04.23	2962.87	2977.41	2914.20	2962.54	39959	0	250
2022.04.24	2962.89	2969.39	2880.77	2939.30	44460	0	250
2022.04.25	2939.50	3024.78	2785.28	2998.09	81714	0	250
2022.04.26	2997.93	3037.16	2797.03	2827.41	75307	0	250
2022.04.27	2827.77	2918.35	2764.51	2862.89	81475	0	250
2022.04.28	2865.12	2979.38	2852.35	2946.80	77348	0	250
2022.04.29	2946.80	2954.66	2774.87	2804.99	79122	0	250
2022.04.30	2806.28	2840.23	2769.15	2788.23	44276	0	250
2022.05.01	2788.27	2827.96	2713.42	2811.59	62906	0	250
2022.05.02	2811.41	2873.21	2776.12	2824.68	81475	0	250
2022.05.03	2824.68	2881.29	2752.23	2782.27	60650	0	250
2022.05.04	2780.81	2964.41	2767.52	2943.21	62859	0	250
2022.05.05	2943.32	2952.53	2680.62	2754.23	60607	0	250
2022.05.06	2754.27	2755.94	2630.66	2703.68	69934	0	250
2022.05.07	2686.52	2705.21	2650.90	2671.73	30953	0	250
2022.05.08	2671.75	2674.80	2482.14	2538.54	70040	0	250
2022.05.09	2538.54	2555.04	2222.42	2288.00	86264	0	250
2022.05.10	2289.16	2455.30	2198.06	2325.34	98547	0	250
2022.05.11	2325.04	2449.05	2020.00	2035.08	104373	0	250
2022.05.12	2035.13	2184.76	1702.60	1923.25	110226	0	250
2022.05.13	1923.21	2142.61	1863.56	2040.40	105529	0	250
2022.05.14	2072.11	2079.62	1947.50	1994.26	64586	0	250
2022.05.15	1994.27	2130.92	1989.39	2127.99	68986	0	250
2022.05.16	2128.02	2160.91	1975.52	2031.32	82313	0	250
2022.05.17	2031.34	2119.85	2005.51	2049.34	68619	0	250
2022.05.18	2049.26	2106.76	1932.90	1962.31	67590	0	250
2022.05.19	1962.42	2037.30	1899.40	2012.09	73272	0	250
2022.05.20	2012.50	2062.34	1919.07	1956.52	62703	0	250
2022.05.21	1956.36	1985.99	1933.87	1972.47	36047	0	250
2022.05.22	1972.42	2032.63	1962.24	2005.36	38922	0	250
2022.05.23	2005.79	2085.93	1973.12	1996.36	58480	0	250
2022.05.24	1996.36	2001.06	1910.12	1967.33	60716	0	250
2022.05.25	1967.31	2017.89	1930.60	1956.36	58477	0	250
2022.05.26	1956.94	1968.57	1734.80	1823.96	62379	0	250
2022.05.27	1823.96	1843.90	1710.36	1741.81	84845	0	250
2022.05.28	1731.36	1807.06	1704.00	1790.19	43887	0	250
2022.05.29	1790.20	1822.59	1760.62	1793.71	45025	0	250
2022.05.30	1793.71	1957.03	1791.38	1951.60	55746	0	250
2022.05.31	1951.49	2012.41	1923.03	1949.15	68783	0	250
2022.06.01	1950.19	1970.19	1760.47	1789.49	66531	0	250
2022.06.02	1789.95	1842.43	1779.73	1821.49	69406	0	250
2022.06.03	1821.54	1850.18	1733.79	1756.06	66041	0	250
2022.06.04	1785.51	1792.02	1745.35	1773.85	34999	0	250
2022.06.05	1773.86	1827.40	1770.63	1808.21	44864	0	249
2022.06.06	1808.19	1916.78	1799.89	1858.73	69625	0	238
2022.06.07	1858.73	1872.84	1723.12	1842.98	70425	0	246
2022.06.08	1842.96	1845.38	1750.41	1794.00	80958	0	250
2022.06.09	1793.99	1830.59	1774.26	1792.42	69642	0	250
2022.06.10	1792.41	1801.59	1657.82	1675.58	80134	0	249
2022.06.11	1674.98	1682.46	1498.51	1519.96	67744	0	224
2022.06.12	1520.29	1549.62	1421.86	1474.03	86383	0	202
2022.06.13	1474.03	1483.73	1163.62	1238.14	99766	0	250
2022.06.14	1238.14	1263.84	1074.33	1185.70	103300	0	250
2022.06.15	1186.48	1228.06	1011.69	1176.79	104020	0	250
2022.06.16	1177.05	1254.81	1078.60	1096.05	113135	0	250
2022.06.17	1096.45	1116.04	1048.21	1092.29	107429	0	250
2022.06.18	1078.28	1094.81	878.58	901.40	78483	0	250
2022.06.19	901.37	1155.36	898.32	1138.97	111080	0	248
2022.06.20	1138.85	1166.94	1050.48	1118.54	109541	0	248
2022.06.21	1118.58	1190.86	1088.17	1119.81	103797	0	247
2022.06.22	1119.79	1138.27	1041.40	1046.59	96718	0	247
2022.06.23	1046.71	1143.08	1042.99	1133.08	88526	0	228
2022.06.24	1133.09	1241.23	1119.43	1217.24	92792	0	241
2022.06.25	1213.14	1242.75	1178.23	1207.06	71212	0	250
2022.06.26	1206.90	1278.54	1205.69	1245.43	76475	0	250
2022.06.27	1245.44	1247.89	1172.47	1200.60	84481	0	249
2022.06.28	1200.58	1234.44	1149.96	1158.83	83558	0	250
2022.06.29	1158.83	1165.44	1084.54	1106.43	88684	0	241
2022.06.30	1106.62	1116.96	995.29	1009.12	93818	0	244
2022.07.01	1009.12	1112.76	999.34	1066.13	101209	0	242
2022.07.02	1065.72	1076.28	1031.13	1061.80	73435	0	246
2022.07.03	1061.73	1084.87	1038.35	1082.13	81946	0	246
2022.07.04	1082.15	1131.48	1042.85	1119.07	76128	0	241
2022.07.05	1119.06	1169.97	1072.37	1152.30	83685	0	245
2022.07.06	1152.13	1166.21	1109.15	1159.20	87668	0	248
2022.07.07	1159.17	1252.15	1152.58	1236.47	76892	0	250
2022.07.08	1236.50	1273.71	1190.96	1241.98	83215	0	250
2022.07.09	1227.26	1240.90	1202.78	1217.63	50080	0	248
2022.07.10	1217.44	1224.73	1133.70	1175.87	56454	0	250
2022.07.11	1175.84	1182.42	1127.20	1135.96	66882	0	247
2022.07.12	1135.88	1136.20	1030.71	1044.79	74241	0	243
2022.07.13	1044.96	1099.38	1004.58	1074.41	72953	0	239
2022.07.14	1074.41	1211.47	1070.45	1191.38	75012	0	248
2022.07.15	1191.40	1285.31	1178.78	1255.36	79494	0	250
2022.07.16	1255.34	1421.09	1190.47	1345.66	54061	0	227
2022.07.17	1345.96	1384.40	1318.04	1342.75	72257	0	250
2022.07.18	1342.75	1528.64	1333.76	1469.98	96562	0	250
2022.07.19	1470.01	1628.33	1467.34	1558.03	100705	0	241
2022.07.20	1558.32	1620.28	1485.55	1520.10	95254	0	249
2022.07.21	1520.13	1603.96	1463.31	1584.31	93794	0	250
2022.07.22	1584.46	1644.63	1516.31	1525.69	89838	0	250
2022.07.23	1537.51	1595.03	1487.58	1524.09	67867	0	250
2022.07.24	1524.10	1627.51	1514.45	1607.35	77811	0	250
2022.07.25	1607.36	1662.96	1454.66	1521.36	88313	0	250
2022.07.26	1521.43	1524.69	1356.26	1379.08	83979	0	250
2022.07.27	1379.10	1613.07	1365.96	1600.61	84198	0	250
2022.07.28	1600.47	1784.06	1593.73	1756.60	88602	0	250
2022.07.29	1756.68	1770.77	1656.30	1732.04	93430	0	250
2022.07.30	1715.64	1764.79	1685.65	1701.67	68378	0	250
2022.07.31	1701.67	1753.29	1672.85	1719.47	73036	0	250
2022.08.01	1719.47	1723.97	1610.34	1626.23	78110	0	250
2022.08.02	1626.48	1676.45	1559.02	1650.21	89813	0	250
2022.08.03	1650.22	1683.17	1589.02	1642.14	99194	0	250
2022.08.04	1642.24	1661.56	1579.12	1590.17	102553	0	250
2022.08.05	1590.17	1723.22	1580.46	1678.11	98623	0	250
2022.08.06	1697.66	1748.87	1684.90	1714.30	59161	0	250
2022.08.07	1714.33	1722.70	1667.96	1720.91	60490	0	250
2022.08.08	1721.10	1817.68	1689.71	1796.34	81659	0	246
2022.08.09	1796.59	1796.64	1668.12	1695.60	80862	0	250
2022.08.10	1695.62	1854.08	1655.79	1841.89	80947	0	250
2022.08.11	1841.89	1937.34	1828.64	1901.20	89748	0	250
2022.08.12	1901.20	1937.11	1852.70	1931.60	80996	0	250
2022.08.13	1922.34	2019.46	1917.13	1988.43	63796	0	241
2022.08.14	1988.43	2029.82	1905.58	1939.53	65604	0	250
2022.08.15	1939.53	2010.99	1872.22	1903.55	83386	0	250
2022.08.16	1903.55	1916.87	1851.14	1883.87	84981	0	250
2022.08.17	1883.88	1956.13	1818.13	1850.95	82026	0	250
2022.08.18	1850.94	1880.80	1819.71	1876.05	78475	0	250
2022.08.19	1876.12	1877.64	1673.58	1684.98	93284	0	250
2022.08.20	1646.30	1664.27	1527.37	1531.56	71367	0	250
2022.08.21	1531.61	1639.42	1522.59	1615.09	80439	0	250
2022.08.22	1614.78	1645.08	1528.99	1577.89	87860	0	250
2022.08.23	1577.81	1673.12	1562.72	1645.93	82163	0	250
2022.08.24	1645.93	1691.14	1604.24	1682.09	77814	0	250
2022.08.25	1682.09	1720.70	1650.47	1706.83	73890	0	250
2022.08.26	1706.81	1710.18	1537.40	1555.16	100634	0	250
2022.08.27	1554.86	1559.63	1446.17	1479.51	83700	0	250
2022.08.28	1479.49	1509.42	1456.38	1481.65	78155	0	250
2022.08.29	1481.68	1551.86	1420.98	1544.52	97286	0	250
2022.08.30	1544.52	1604.13	1472.62	1556.92	96397	0	250
2022.08.31	1556.92	1618.17	1515.71	1568.89	110037	0	250
2022.09.01	1568.88	1584.35	1512.20	1579.03	98154	0	248
2022.09.02	1579.03	1647.40	1545.25	1567.53	95203	0	250
2022.09.03	1578.44	1585.14	1533.02	1551.47	63770	0	250
2022.09.04	1551.47	1581.40	1539.39	1569.70	61678	0	250
2022.09.05	1569.35	1609.05	1556.16	1596.44	73351	0	250
2022.09.06	1596.46	1685.14	1553.60	1579.35	93851	0	250
2022.09.07	1579.31	1652.88	1489.10	1638.50	86812	0	231
2022.09.08	1638.72	1660.70	1593.60	1643.69	97692	0	250
2022.09.09	1643.69	1744.90	1625.08	1720.07	92102	0	250
2022.09.10	1713.22	1745.02	1705.85	1733.37	65336	0	250
2022.09.11	1733.36	1788.53	1732.92	1758.21	68461	0	250
2022.09.12	1758.24	1782.75	1692.46	1723.02	94222	0	250
2022.09.13	1722.75	1758.67	1566.19	1602.23	98465	0	250
2022.09.14	1602.18	1614.24	1544.57	1590.54	97289	0	250
2022.09.15	1591.09	1652.42	1455.96	1502.19	103308	0	250
2022.09.16	1502.19	1502.40	1404.41	1435.84	94763	0	250
2022.09.17	1438.00	1474.42	1406.72	1460.53	65703	0	250
2022.09.18	1460.53	1471.89	1364.51	1370.03	80884	0	250
2022.09.19	1370.03	1370.59	1278.89	1355.39	105921	0	250
2022.09.20	1355.82	1392.28	1328.04	1341.58	97294	0	250
2022.09.21	1341.64	1405.44	1304.45	1313.36	96917	0	250
2022.09.22	1313.33	1335.43	1218.55	1323.24	108128	0	237
2022.09.23	1323.14	1358.21	1260.69	1299.34	108837	0	235
2022.09.24	1324.68	1348.55	1310.10	1341.29	81010	0	150
2022.09.25	1341.28	1341.96	1279.50	1291.81	92253	0	150
2022.09.26	1291.67	1339.64	1268.63	1324.13	90239	0	150
2022.09.27	1324.13	1399.54	1303.01	1324.05	77456	0	150
2022.09.28	1324.10	1354.65	1253.05	1349.73	86398	0	150
2022.09.29	1349.74	1354.45	1287.77	1337.26	75407	0	150
2022.09.30	1337.27	1372.82	1314.22	1330.95	66278	0	150
2022.10.01	1322.43	1333.13	1302.03	1308.66	27050	0	150
2022.10.02	1308.71	1317.15	1285.54	1301.89	30966	0	150
2022.10.03	1301.91	1328.81	1261.72	1322.86	53334	0	150
2022.10.04	1322.86	1368.92	1314.52	1361.12	53245	0	150
2022.10.05	1361.12	1367.16	1315.90	1344.69	49661	0	150
2022.10.06	1344.69	1383.32	1344.60	1363.27	61194	0	150
2022.10.07	1363.23	1363.39	1316.86	1330.72	49612	0	150
2022.10.08	1332.86	1337.14	1317.21	1324.60	22710	0	150
2022.10.09	1324.60	1328.30	1302.88	1320.44	26612	0	150
2022.10.10	1320.40	1337.53	1295.84	1306.46	46237	0	150
2022.10.11	1306.46	1309.12	1265.82	1280.98	53603	0	150
2022.10.12	1280.98	1305.88	1272.93	1298.26	44655	0	150
2022.10.13	1298.27	1302.37	1191.59	1292.96	54314	0	150
2022.10.14	1292.95	1342.72	1282.58	1300.24	70334	0	150
2022.10.15	1291.25	1300.94	1276.21	1280.23	22234	0	150
2022.10.16	1280.21	1314.41	1262.94	1309.47	23981	0	150
2022.10.17	1309.49	1337.04	1290.03	1329.36	24194	0	150
2022.10.18	1329.36	1341.02	1285.70	1313.69	25576	0	150
2022.10.19	1313.76	1315.34	1286.71	1293.95	54065	0	150
2022.10.20	1293.58	1310.10	1270.74	1281.54	46368	0	150
2022.10.21	1281.70	1306.44	1252.87	1302.00	31862	0	150
2022.10.22	1298.32	1319.40	1293.83	1315.39	8637	0	150
2022.10.23	1315.43	1335.75	1298.25	1329.63	9550	0	150
2022.10.24	1329.93	1370.24	1323.48	1350.05	19923	0	150
2022.10.25	1350.05	1525.75	1334.18	1473.19	50017	0	150
2022.10.26	1473.19	1594.33	1446.20	1552.98	71604	0	150
2022.10.27	1552.97	1584.24	1506.88	1526.78	75364	0	150
2022.10.28	1526.71	1573.31	1481.34	1559.34	72705	0	150
2022.10.29	1555.55	1664.01	1547.28	1626.18	55457	0	150
2022.10.30	1626.18	1639.84	1576.05	1594.37	55822	0	150
2022.10.31	1594.39	1634.91	1545.08	1563.82	72379	0	150
2022.11.01	1563.71	1611.36	1549.46	1574.85	71104	0	150
2022.11.02	1574.85	1620.60	1501.68	1510.28	68800	0	150
2022.11.03	1510.36	1557.87	1501.17	1539.80	63147	0	150
2022.11.04	1539.79	1677.15	1523.15	1644.89	68093	0	150
2022.11.05	1647.50	1666.15	1622.26	1631.80	36912	0	150
2022.11.06	1631.88	1638.00	1602.22	1602.93	41747	0	150
2022.11.07	1602.54	1607.66	1545.09	1574.88	68331	0	150
2022.11.08	1574.90	1576.51	1211.27	1332.61	89751	0	150
2022.11.09	1332.66	1340.48	1043.66	1046.96	106362	0	150
2022.11.10	1046.95	1344.69	1014.96	1319.54	160884	0	150
2022.11.11	1317.64	1323.40	1197.48	1263.35	222493	0	640
2022.11.12	1215.07	1286.14	1171.50	1233.55	62954	0	150
2022.11.13	1232.87	1244.25	1178.15	1192.55	59363	0	4500
2022.11.14	1192.45	1276.13	1148.20	1213.82	183008	0	2500
2022.11.15	1212.29	1281.24	1200.38	1236.81	120679	0	1756
2022.11.16	1236.77	1258.19	1177.19	1197.42	67206	0	450
2022.11.17	1197.41	1218.53	1172.96	1197.20	60326	0	450
2022.11.18	1197.34	1224.13	1186.65	1199.11	45547	0	450
2022.11.19	1199.88	1209.70	1187.65	1201.67	17867	0	402
2022.11.20	1201.76	1223.25	1124.26	1133.57	36133	0	405
2022.11.21	1133.83	1144.71	1070.64	1086.08	82774	0	450
2022.11.22	1085.80	1132.96	1065.38	1121.30	80213	0	450
2022.11.23	1121.32	1179.44	1116.38	1159.88	76772	0	450
2022.11.24	1159.80	1207.56	1158.66	1186.96	65176	0	450
2022.11.25	1186.96	1200.53	1162.27	1190.22	56933	0	450
2022.11.26	1190.13	1224.20	1186.66	1200.77	44229	0	450
2022.11.27	1200.73	1216.39	1187.05	1206.15	41992	0	409
2022.11.28	1206.14	1208.24	1142.24	1163.73	62129	0	450
2022.11.29	1163.71	1218.42	1149.85	1210.16	59750	0	450
2022.11.30	1210.33	1290.74	1203.16	1288.01	61742	0	450
2022.12.01	1287.97	1301.29	1253.88	1267.51	57024	0	450
2022.12.02	1267.19	1288.55	1256.71	1282.16	51068	0	450
2022.12.03	1281.71	1296.69	1245.18	1252.35	45082	0	450
2022.12.04	1252.36	1274.22	1227.60	1267.80	57464	0	450
2022.12.05	1267.71	1300.99	1238.59	1251.12	64410	0	450
2022.12.06	1251.22	1262.94	1234.00	1247.64	45305	0	450
2022.12.07	1247.60	1270.05	1210.63	1224.41	46612	0	450
2022.12.08	1224.40	1284.82	1213.96	1270.16	47217	0	450
2022.12.09	1269.96	1286.94	1247.82	1251.55	48260	0	450
2022.12.10	1255.61	1275.53	1251.22	1259.03	24913	0	450
2022.12.11	1259.53	1276.02	1253.33	1256.67	28965	0	450
2022.12.12	1256.67	1271.07	1232.19	1267.00	41046	0	450
2022.12.13	1267.00	1338.07	1247.55	1311.20	54915	0	450
2022.12.14	1311.01	1343.68	1292.34	1302.54	51610	0	450
2022.12.15	1302.48	1306.84	1251.91	1256.37	50594	0	450
2022.12.16	1256.37	1271.58	1175.30	1187.40	64352	0	450
2022.12.17	1171.14	1178.81	1147.71	1171.07	40535	0	450
2022.12.18	1171.00	1189.56	1164.54	1175.03	36743	0	450
2022.12.19	1175.03	1187.61	1157.26	1168.05	49546	0	450
2022.12.20	1168.06	1225.03	1142.62	1208.36	56231	0	450
2022.12.21	1208.36	1214.97	1195.43	1204.06	44524	0	450
2022.12.22	1204.30	1229.38	1175.36	1206.85	45833	0	450
2022.12.23	1206.85	1223.53	1203.55	1213.80	40632	0	450
2022.12.26	1210.94	1218.71	1203.48	1208.82	25619	0	450
2022.12.27	1208.84	1229.87	1192.48	1203.44	35786	0	450
2022.12.28	1203.43	1208.62	1171.81	1179.21	39506	0	450
2022.12.29	1179.25	1198.28	1175.63	1186.61	35189	0	450
2022.12.30	1186.86	1197.59	1173.13	1189.86	35528	0	450
2023.01.02	1194.49	1216.21	1184.76	1211.42	24301	0	450
2023.01.03	1211.56	1212.08	1196.73	1203.47	28246	0	450
2023.01.04	1203.35	1263.00	1201.99	1244.70	46666	0	450
2023.01.05	1244.70	1254.49	1234.05	1243.75	31670	0	450
2023.01.06	1243.75	1268.64	1227.08	1257.81	37199	0	450
2023.01.07	1261.23	1266.75	1252.81	1256.31	13951	0	450
2023.01.08	1256.32	1271.05	1249.13	1261.69	22195	0	405
2023.01.09	1261.68	1336.65	1260.07	1310.32	54907	0	450
2023.01.10	1310.33	1338.97	1306.52	1330.46	46046	0	450
2023.01.11	1330.46	1337.01	1312.79	1334.37	44444	0	450
2023.01.12	1334.37	1429.46	1331.61	1417.21	67453	0	450
2023.01.13	1417.41	1452.42	1392.15	1446.04	64501	0	450
2023.01.14	1444.49	1584.48	1433.17	1529.59	67036	0	450
2023.01.15	1529.43	1558.21	1507.09	1542.92	62445	0	450
2023.01.16	1542.92	1595.19	1512.15	1569.92	74217	0	450
2023.01.17	1570.17	1597.03	1531.20	1571.32	68697	0	450
2023.01.18	1571.32	1600.05	1492.46	1519.03	74254	0	450
2023.01.19	1519.06	1555.23	1497.80	1535.54	63235	0	450
2023.01.20	1535.54	1640.76	1532.47	1627.10	63807	0	450
2023.01.21	1642.56	1667.64	1633.05	1652.82	53131	0	450
2023.01.22	1653.20	1654.96	1594.30	1618.44	62560	0	450
2023.01.23	1618.44	1638.61	1576.78	1622.11	64607	0	450
2023.01.24	1622.17	1634.70	1580.78	1589.46	57792	0	450
2023.01.25	1589.58	1614.14	1505.53	1608.90	69882	0	450
2023.01.26	1608.75	1630.25	1565.28	1593.44	69782	0	450
2023.01.27	1593.47	1611.87	1543.08	1590.16	61419	0	450
2023.01.28	1583.98	1597.71	1547.55	1558.22	36138	0	404
2023.01.29	1558.23	1651.88	1552.07	1633.26	61455	0	450
2023.01.30	1633.26	1644.45	1522.82	1547.40	68203	0	450
2023.01.31	1547.38	1595.78	1536.55	1567.84	60306	0	450
2023.02.01	1568.18	1637.80	1546.55	1625.10	61976	0	450
2023.02.02	1625.11	1703.57	1624.64	1627.56	68671	0	450
2023.02.03	1627.20	1666.38	1617.08	1648.04	65437	0	450
2023.02.04	1657.23	1685.28	1635.66	1670.01	37862	0	450
2023.02.05	1669.96	1679.11	1600.77	1612.75	53058	0	450
2023.02.06	1612.75	1649.14	1599.62	1628.44	55812	0	450
2023.02.07	1628.45	1668.39	1596.37	1657.76	59954	0	450
2023.02.08	1657.95	1688.24	1621.07	1643.08	59292	0	450
2023.02.09	1643.08	1648.43	1516.47	1533.51	65144	0	450
2023.02.10	1533.59	1547.86	1482.92	1498.57	64726	0	300
2023.02.11	1501.72	1529.82	1498.53	1527.39	40618	0	300
2023.02.12	1527.43	1540.73	1501.52	1504.27	45880	0	300
2023.02.13	1504.24	1519.18	1455.56	1479.09	69788	0	300
2023.02.14	1479.09	1561.86	1476.18	1549.11	65840	0	300
2023.02.15	1549.11	1674.82	1535.73	1658.21	64039	0	300
2023.02.16	1658.29	1734.39	1655.95	1675.06	75006	0	300
2023.02.17	1675.07	1714.15	1623.34	1685.38	75246	0	300
2023.02.18	1691.18	1706.12	1672.75	1679.85	40885	0	300
2023.02.19	1679.75	1718.48	1659.13	1678.23	52696	0	300
2023.02.20	1678.38	1712.24	1643.22	1692.70	70511	0	300
2023.02.21	1692.70	1708.47	1628.72	1634.27	74911	0	300
2023.02.22	1634.74	1659.04	1588.64	1611.71	78884	0	300
2023.02.23	1611.79	1671.06	1610.35	1636.87	76866	0	300
2023.02.24	1637.33	1656.81	1568.60	1594.87	72280	0	300
2023.02.25	1597.20	1606.34	1551.36	1567.20	46691	0	300
2023.02.26	1567.19	1643.23	1564.38	1635.06	52722	0	300
2023.02.27	1635.03	1657.41	1600.76	1619.70	66735	0	300
2023.02.28	1619.73	1640.02	1590.02	1598.17	64615	0	300
2023.03.01	1598.17	1661.72	1587.98	1649.50	67458	0	300
2023.03.02	1649.53	1670.17	1611.52	1632.90	61889	0	300
2023.03.03	1632.87	1650.11	1529.99	1552.27	61685	0	300
2023.03.04	1559.88	1570.20	1539.78	1549.96	29335	0	300
2023.03.05	1549.67	1581.07	1546.52	1565.01	41096	0	300
2023.03.06	1564.81	1575.37	1547.85	1559.29	56437	0	300
2023.03.07	1559.29	1577.04	1528.67	1543.26	52371	0	300
2023.03.08	1543.32	1563.59	1533.88	1545.45	54393	0	300
2023.03.09	1545.45	1548.62	1404.82	1429.28	102939	0	300
2023.03.10	1433.11	1445.09	1367.03	1422.95	111984	0	393
2023.03.11	1424.44	1486.70	1414.09	1476.19	94185	0	500
2023.03.12	1476.25	1566.98	1456.89	1554.70	108076	0	500
2023.03.13	1556.73	1700.54	1532.71	1669.99	143753	0	434
2023.03.14	1671.29	1782.18	1660.59	1703.08	140009	0	334
2023.03.15	1693.66	1720.69	1611.66	1649.69	124960	0	500
2023.03.16	1650.51	1693.98	1634.94	1657.10	150681	0	500
2023.03.17	1657.16	1765.63	1657.16	1742.77	144015	0	500
2023.03.18	1760.12	1842.95	1749.47	1793.74	134680	0	500
2023.03.19	1795.14	1844.39	1753.74	1797.06	170048	0	469
2023.03.20	1803.48	1815.67	1740.34	1759.99	175094	0	459
2023.03.21	1762.07	1836.75	1721.43	1798.62	177921	0	477
2023.03.22	1801.66	1821.84	1712.85	1735.60	123465	0	490
2023.03.23	1735.54	1858.66	1715.63	1818.76	122483	0	454
2023.03.24	1812.51	1822.18	1725.15	1748.09	150326	0	484
2023.03.25	1743.93	1762.35	1712.62	1729.94	56122	0	500
2023.03.26	1732.48	1799.23	1727.02	1759.37	59621	0	500
2023.03.27	1758.34	1782.57	1684.56	1706.23	154017	0	282
2023.03.28	1706.20	1794.60	1699.74	1772.66	143405	0	500
2023.03.29	1773.63	1825.23	1759.45	1800.73	142177	0	294
2023.03.30	1796.71	1827.80	1761.03	1793.17	99504	0	500
2023.03.31	1792.39	1845.77	1777.75	1812.09	82366	0	500
2023.04.01	1818.40	1837.15	1803.63	1811.36	46174	0	1200
2023.04.02	1812.59	1821.23	1766.29	1783.61	64977	0	1097
2023.04.03	1782.64	1838.13	1760.93	1778.09	101146	0	500
2023.04.04	1779.70	1890.16	1772.69	1876.23	70792	0	500
2023.04.05	1874.58	1937.39	1857.52	1904.03	62282	0	433
2023.04.06	1905.21	1912.02	1851.22	1860.75	141675	0	471
2023.04.07	1863.96	1881.14	1838.36	1851.32	55467	0	500
2023.04.08	1856.08	1878.01	1846.16	1852.91	32598	0	500
2023.04.09	1851.64	1865.45	1819.23	1854.91	65166	0	500
2023.04.10	1856.18	1904.39	1845.16	1883.99	75457	0	500
2023.04.11	1882.50	1936.67	1880.27	1891.56	135435	0	412
2023.04.12	1890.27	1932.30	1851.71	1906.73	63492	0	446
2023.04.13	1906.12	2021.76	1898.55	2006.17	92050	0	500
2023.04.14	2006.19	2128.44	2003.59	2104.65	109227	0	500
2023.04.15	2103.25	2111.34	2071.36	2086.60	37096	0	500
2023.04.16	2086.60	2141.08	2072.21	2121.04	45173	0	500
2023.04.17	2121.10	2131.36	2055.79	2074.90	81581	0	500
2023.04.18	2074.90	2122.63	2051.50	2092.14	57784	0	200
2023.04.19	2092.14	2107.18	1962.84	1978.69	69165	0	200
2023.04.20	1978.08	1982.04	1914.80	1936.43	82583	0	200
2023.04.21	1936.79	1955.64	1823.58	1836.00	63091	0	200
2023.04.22	1839.60	1885.91	1835.78	1867.85	27994	0	212
2023.04.23	1867.74	1881.70	1836.70	1847.31	39561	0	205
2023.04.24	1847.31	1888.36	1805.38	1838.41	59506	0	204
2023.04.25	1838.20	1863.02	1801.42	1858.84	57504	0	210
2023.04.26	1859.72	1963.52	1785.32	1864.75	72384	0	201
2023.04.27	1864.69	1938.12	1847.28	1918.26	84563	0	200
2023.04.28	1918.32	1924.50	1874.76	1895.82	56610	0	100
2023.04.29	1895.13	1918.47	1884.81	1902.94	24234	0	100
2023.04.30	1903.03	1938.59	1879.13	1892.26	39090	0	100
2023.05.01	1892.09	1897.70	1806.22	1806.61	59006	0	100
2023.05.02	1805.97	1881.37	1805.19	1869.53	55371	0	100
2023.05.03	1869.61	1894.12	1842.22	1873.07	57764	0	100
2023.05.04	1873.18	1917.75	1867.23	1877.59	55796	0	100
2023.05.05	1877.49	2000.51	1870.09	1988.31	63383	0	100
2023.05.06	1986.33	2018.83	1863.07	1897.19	46918	0	100
2023.05.07	1897.19	1935.71	1887.67	1919.42	41165	0	100
2023.05.08	1919.42	1923.83	1811.21	1840.44	83129	0	100
2023.05.09	1840.59	1861.33	1830.82	1848.36	59443	0	100
2023.05.10	1848.36	1887.80	1790.93	1857.69	63347	0	100
2023.05.11	1857.99	1857.99	1772.01	1795.27	76063	0	100
2023.05.12	1795.27	1801.55	1739.03	1787.85	69199	0	100
2023.05.13	1805.77	1816.93	1786.21	1802.93	29511	0	100
2023.05.14	1802.93	1823.87	1790.19	1798.50	34936	0	100
2023.05.15	1798.40	1846.99	1785.43	1825.32	59857	0	100
2023.05.16	1825.37	1832.29	1796.00	1820.52	54878	0	100
2023.05.17	1820.37	1836.51	1783.67	1825.56	58005	0	100
2023.05.18	1825.87	1831.39	1770.73	1795.57	51287	0	100
2023.05.19	1795.88	1829.03	1795.82	1811.47	39309	0	100
2023.05.20	1813.97	1828.71	1804.41	1816.22	14095	0	120
2023.05.21	1816.22	1828.83	1801.77	1804.94	19885	0	123
2023.05.22	1804.85	1827.71	1791.47	1817.27	39969	0	100
2023.05.23	1817.27	1872.72	1814.97	1853.27	41671	0	100
2023.05.24	1853.20	1856.69	1775.93	1803.37	38825	0	100
2023.05.25	1803.41	1816.98	1760.89	1809.00	37212	0	100
2023.05.26	1809.00	1838.14	1795.73	1834.23	27279	0	100
2023.05.27	1830.62	1835.78	1812.29	1827.31	7328	0	100
2023.05.28	1827.31	1859.39	1823.05	1852.89	15991	0	100
2023.05.29	1852.98	1927.47	1852.98	1892.32	38572	0	100
2023.05.30	1892.32	1916.76	1880.82	1903.15	38020	0	100
2023.05.31	1903.15	1914.14	1846.28	1865.07	35502	0	100
2023.06.01	1865.15	1888.40	1839.24	1868.73	37776	0	100
2023.06.02	1868.73	1910.76	1846.58	1903.97	37951	0	100
2023.06.03	1903.68	1908.15	1881.81	1887.72	10860	0	100
2023.06.04	1887.72	1913.87	1881.19	1903.98	11354	0	100
2023.06.05	1903.13	1912.49	1777.84	1804.43	45514	0	100
2023.06.06	1804.43	1898.11	1792.94	1875.83	49220	0	100
2023.06.07	1876.20	1897.01	1832.27	1840.63	49743	0	100
2023.06.08	1840.63	1860.79	1820.13	1852.11	36942	0	100
2023.06.09	1852.11	1854.49	1826.29	1835.70	34489	0	100
2023.06.10	1835.55	1844.16	1716.04	1742.67	39866	0	100
2023.06.11	1742.67	1777.42	1738.17	1769.63	21511	0	100
2023.06.12	1769.80	1771.36	1719.54	1738.15	43164	0	100
2023.06.13	1738.27	1764.52	1723.16	1737.32	44504	0	100
2023.06.14	1737.40	1748.83	1629.51	1637.05	34617	0	100
2023.06.15	1635.83	1669.90	1620.55	1667.60	53673	0	100
2023.06.16	1667.74	1727.07	1646.98	1725.30	47684	0	100
2023.06.17	1715.90	1767.09	1712.27	1727.18	17566	0	100
2023.06.18	1727.18	1746.46	1718.91	1728.95	18403	0	100
2023.06.19	1729.31	1749.51	1699.04	1729.15	43563	0	100
2023.06.20	1729.75	1790.96	1713.34	1784.29	64731	0	100
2023.06.21	1783.94	1899.35	1773.72	1878.94	86396	0	100
2023.06.22	1879.04	1932.15	1865.61	1887.27	71200	0	100
2023.06.23	1887.08	1935.91	1861.60	1905.61	75739	0	100
2023.06.24	1883.89	1898.66	1867.35	1877.22	45550	0	100
2023.06.25	1877.09	1929.46	1864.81	1893.84	66333	0	100
2023.06.26	1893.96	1908.40	1836.90	1850.73	72567	0	100
2023.06.27	1850.76	1911.66	1846.62	1892.31	63326	0	100
2023.06.28	1892.22	1896.89	1816.08	1830.23	69855	0	100
2023.06.29	1830.08	1878.67	1824.58	1848.13	56926	0	100
2023.06.30	1848.16	1945.50	1824.12	1925.82	97932	0	100
2023.07.01	1933.15	1943.76	1908.22	1921.68	31212	0	100
2023.07.02	1921.64	1927.71	1886.08	1917.83	36305	0	100
2023.07.03	1917.99	1975.79	1913.60	1957.73	69421	0	100
2023.07.04	1957.64	1966.36	1930.76	1941.76	56915	0	100
2023.07.05	1941.72	1942.30	1894.00	1910.11	62749	0	100
2023.07.06	1909.75	1957.60	1864.58	1882.57	72062	0	100
2023.07.07	1882.57	1886.22	1826.28	1864.59	59878	0	100
2023.07.08	1868.28	1872.82	1842.06	1847.70	21905	0	100
2023.07.09	1847.78	1878.88	1845.37	1868.14	25552	0	100
2023.07.10	1868.22	1905.62	1846.30	1891.43	46853	0	100
2023.07.11	1890.16	1893.76	1861.62	1873.04	42677	0	100
2023.07.12	1873.13	1901.22	1865.94	1872.23	50369	0	100
2023.07.13	1871.99	2013.72	1861.91	1984.78	71850	0	100
2023.07.14	1984.69	2029.83	1898.35	1914.41	77621	0	100
2023.07.15	1929.92	1943.22	1923.86	1931.20	21298	0	100
2023.07.16	1931.20	1943.60	1914.50	1928.76	24108	0	100
2023.07.17	1928.70	1937.80	1873.28	1889.27	46239	0	100
2023.07.18	1889.54	1920.12	1876.26	1893.74	44202	0	100
2023.07.19	1893.76	1921.52	1892.22	1896.99	39650	0	100
2023.07.20	1896.99	1928.28	1876.96	1887.09	48378	0	100
2023.07.21	1887.05	1904.66	1883.48	1893.85	29405	0	100
2023.07.22	1893.24	1897.20	1881.46	1886.88	11742	0	100
2023.07.23	1886.88	1904.00	1851.82	1892.03	26059	0	100
2023.07.24	1892.08	1893.01	1832.46	1849.39	45023	0	100
2023.07.25	1849.46	1867.44	1844.34	1861.27	28212	0	100
2023.07.26	1861.47	1887.30	1847.65	1879.19	31999	0	100
2023.07.27	1879.18	1885.70	1854.28	1857.54	26985	0	100
2023.07.28	1857.77	1882.14	1853.86	1875.32	19840	0	100
2023.07.29	1875.66	1885.88	1869.14	1882.95	7486	0	100
2023.07.30	1883.65	1884.98	1849.06	1864.71	13666	0	100
2023.07.31	1864.71	1876.42	1850.92	1852.20	22971	0	100
2023.08.01	1852.20	1863.92	1812.90	1848.45	35724	0	100
2023.08.02	1848.43	1878.28	1819.56	1840.41	42915	0	100
2023.08.03	1840.49	1856.84	1823.26	1841.84	31788	0	100
2023.08.04	1841.91	1849.28	1812.40	1818.68	34617	0	100
2023.08.05	1826.12	1836.36	1823.52	1831.79	8414	0	100
2023.08.06	1831.76	1836.66	1823.76	1829.03	10375	0	100
2023.08.07	1829.03	1843.28	1799.60	1823.61	33127	0	100
2023.08.08	1824.77	1870.52	1822.08	1861.95	37451	0	100
2023.08.09	1862.11	1875.04	1844.31	1850.60	37944	0	100
2023.08.10	1850.65	1863.80	1843.82	1847.83	31400	0	100
2023.08.11	1847.58	1855.02	1836.51	1843.15	36052	0	100
2023.08.12	1842.90	1852.00	1842.46	1845.59	18991	0	100
2023.08.13	1845.58	1859.98	1844.08	1852.71	29331	0	100
2023.08.14	1852.71	1853.72	1832.82	1842.27	40440	0	100
2023.08.15	1842.27	1845.18	1811.91	1826.92	27005	0	100
2023.08.16	1826.93	1829.18	1795.46	1807.18	37878	0	100
2023.08.17	1807.12	1812.94	1705.56	1715.74	58793	0	100
2023.08.18	1715.74	1719.68	1548.12	1655.51	93896	0	100
2023.08.19	1661.70	1695.48	1653.28	1669.55	22796	0	100
2023.08.20	1669.55	1694.00	1661.08	1687.77	19170	0	100
2023.08.21	1687.80	1689.22	1648.87	1670.79	56645	0	100
2023.08.22	1670.80	1675.07	1618.22	1629.37	56881	0	100
2023.08.23	1629.37	1699.79	1580.68	1683.22	69489	0	100
2023.08.24	1682.60	1684.94	1634.60	1648.23	51157	0	100
2023.08.25	1648.03	1674.53	1633.73	1648.45	56616	0	100
2023.08.26	1649.74	1653.94	1642.44	1645.60	10072	0	100
2023.08.27	1645.60	1658.92	1644.04	1653.09	20219	0	100
2023.08.28	1653.09	1661.69	1621.43	1644.66	57307	0	100
2023.08.29	1644.66	1745.54	1638.62	1725.12	68551	0	100
2023.08.30	1725.95	1734.58	1695.06	1702.57	55341	0	100
2023.08.31	1702.57	1726.64	1643.26	1647.61	53886	0	100
2023.09.01	1647.65	1653.71	1601.66	1626.53	68501	0	100
2023.09.02	1627.46	1644.06	1624.78	1632.62	11799	0	100
2023.09.03	1632.31	1642.50	1624.42	1639.98	14156	0	100
2023.09.04	1641.76	1644.88	1618.17	1626.68	36638	0	100
2023.09.05	1628.04	1646.02	1608.77	1628.36	52065	0	100
2023.09.06	1627.63	1668.12	1608.52	1626.71	41917	0	100
2023.09.07	1626.39	1640.94	1622.15	1637.17	37336	0	100
2023.09.08	1638.09	1658.02	1615.50	1635.75	56296	0	100
2023.09.09	1633.66	1638.34	1628.84	1632.39	7514	0	100
2023.09.10	1632.38	1636.40	1597.74	1617.94	27375	0	100
2023.09.11	1617.94	1627.12	1530.53	1540.36	71363	0	100
2023.09.12	1540.14	1623.92	1537.64	1597.77	73166	0	100
2023.09.13	1597.27	1618.09	1581.08	1602.89	65260	0	100
2023.09.14	1602.67	1643.82	1602.56	1627.41	61067	0	100
2023.09.15	1626.36	1635.63	1610.88	1621.94	39827	0	100
2023.09.16	1631.86	1653.27	1630.48	1634.24	21936	0	100
2023.09.17	1634.24	1637.82	1613.88	1616.72	31170	0	100
2023.09.18	1616.71	1669.06	1604.83	1636.68	62440	0	100
2023.09.19	1636.32	1660.63	1626.45	1641.99	57206	0	100
2023.09.20	1641.60	1649.26	1604.24	1623.78	58378	0	100
2023.09.21	1623.54	1629.36	1567.27	1587.07	68419	0	100
2023.09.22	1587.06	1602.02	1576.62	1590.80	51722	0	100
2023.09.23	1593.18	1597.56	1587.26	1592.67	16824	0	100
2023.09.24	1592.67	1600.74	1577.94	1589.78	18838	0	100
2023.09.25	1589.78	1596.62	1562.85	1585.16	55050	0	100
2023.09.26	1578.14	1598.04	1578.11	1585.32	39977	0	100
2023.09.27	1585.35	1632.53	1578.91	1593.04	53107	0	100
2023.09.28	1593.02	1667.85	1586.16	1655.60	64901	0	100
2023.09.29	1655.07	1687.71	1643.35	1667.02	56657	0	100
2023.09.30	1665.12	1694.22	1664.40	1679.46	23220	0	100
2023.10.01	1679.46	1691.66	1667.15	1673.47	27754	0	100
2023.10.02	1673.48	1752.47	1644.46	1664.61	81995	0	100
2023.10.03	1664.72	1670.13	1636.94	1656.04	65787	0	100
2023.10.04	1648.88	1659.75	1624.16	1640.90	64235	0	100
2023.10.05	1633.88	1654.11	1606.22	1616.07	55248	0	100
2023.10.06	1616.07	1654.72	1609.01	1646.16	59256	0	100
2023.10.07	1652.70	1655.50	1630.62	1633.11	15419	0	100
2023.10.08	1633.10	1641.82	1617.04	1636.17	25709	0	100
2023.10.09	1636.19	1638.72	1546.80	1575.63	59641	0	100
2023.10.10	1575.30	1594.54	1551.06	1558.99	59996	0	100
2023.10.11	1558.86	1578.02	1545.32	1562.80	59904	0	100
2023.10.12	1556.15	1568.70	1520.30	1535.16	59100	0	100
2023.10.13	1534.87	1562.31	1528.61	1558.21	50009	0	100
2023.10.14	1558.26	1562.10	1544.38	1554.58	37883	0	100
2023.10.15	1554.58	1566.04	1548.02	1563.75	28998	0	100
2023.10.16	1563.75	1639.56	1552.48	1587.33	63209	0	100
2023.10.17	1580.77	1604.70	1552.32	1559.46	57147	0	100
2023.10.18	1559.28	1585.62	1553.05	1561.14	52638	0	100
2023.10.19	1555.06	1574.81	1541.68	1566.42	55548	0	100
2023.10.20	1565.92	1630.78	1559.37	1602.56	70050	0	100
2023.10.21	1607.36	1643.75	1592.40	1629.49	34496	0	100
2023.10.22	1622.81	1647.39	1621.56	1640.11	35822	0	100
2023.10.23	1640.10	1723.39	1633.98	1708.27	79274	0	100
2023.10.24	1707.97	1854.05	1701.13	1770.69	105742	0	100
2023.10.25	1762.94	1816.86	1744.04	1786.89	88792	0	100
2023.10.26	1786.53	1865.77	1762.50	1797.55	87256	0	100
2023.10.27	1797.56	1811.08	1744.23	1780.41	76170	0	100
2023.10.28	1780.30	1795.15	1774.74	1778.54	54741	0	100
2023.10.29	1778.53	1807.08	1762.65	1797.03	57344	0	100
2023.10.30	1797.04	1829.92	1778.03	1800.78	73089	0	100
2023.10.31	1800.52	1819.58	1781.64	1813.42	69534	0	100
2023.11.01	1814.37	1855.93	1783.12	1855.05	51695	0	100
2023.11.02	1855.02	1874.98	1784.94	1804.03	85672	0	100
2023.11.03	1803.26	1832.42	1777.10	1827.94	73202	0	100
2023.11.04	1827.18	1847.78	1824.20	1843.02	23719	0	100
2023.11.05	1843.08	1913.57	1843.08	1869.01	58656	0	100
2023.11.06	1869.01	1914.86	1867.88	1891.69	71860	0	100
2023.11.07	1891.69	1907.32	1850.23	1892.38	65238	0	100
2023.11.08	1892.34	1904.54	1873.35	1886.81	64113	0	100
2023.11.09	1886.75	2087.26	1882.53	2058.12	95308	0	100
2023.11.10	2058.12	2136.11	2056.50	2091.63	91469	0	100
2023.11.11	2081.46	2093.28	2030.04	2045.45	52247	0	100
2023.11.12	2045.50	2067.48	2012.88	2059.44	59163	0	100
2023.11.13	2059.30	2118.42	2030.24	2059.53	97015	0	99
2023.11.14	2058.76	2071.00	1934.09	1980.96	85344	0	87
2023.11.15	1981.21	2062.73	1967.70	2046.61	73623	0	100
2023.11.16	2046.86	2091.60	1939.46	1955.03	87184	0	100
2023.11.17	1955.20	1991.18	1906.97	1946.04	93409	0	100
2023.11.18	1962.78	1971.87	1918.07	1960.40	73986	0	100
2023.11.19	1960.34	1988.06	1944.05	1983.01	38250	0	100
2023.11.20	1983.01	2067.02	1976.48	2025.20	77330	0	100
2023.11.21	2025.62	2035.81	1951.68	1985.40	79126	0	100
2023.11.22	1985.33	2091.65	1929.73	2080.77	79891	0	100
2023.11.23	2081.49	2088.18	2039.85	2067.87	69417	0	100
2023.11.24	2068.54	2133.36	2058.82	2087.00	73501	0	100
2023.11.25	2074.74	2090.90	2067.82	2083.56	18473	0	100
2023.11.26	2083.55	2094.44	2036.86	2073.54	36652	0	100
2023.11.27	2074.18	2081.54	1985.71	2014.75	72827	0	100
2023.11.28	2014.75	2075.68	1995.10	2054.07	82821	0	100
2023.11.29	2054.07	2075.34	2019.92	2028.28	79486	0	100
2023.11.30	2028.50	2052.45	2021.22	2045.38	67233	0	95
2023.12.01	2045.29	2111.03	2040.70	2090.66	81928	0	100
2023.12.02	2085.55	2186.51	2083.15	2168.81	73066	0	100
2023.12.03	2168.96	2184.80	2149.75	2183.35	51628	0	100
2023.12.04	2183.58	2274.84	2181.90	2233.93	105299	0	100
2023.12.05	2233.95	2309.28	2188.71	2272.49	99934	0	100
2023.12.06	2272.51	2311.91	2233.10	2247.39	114402	0	100
2023.12.07	2247.39	2383.39	2219.28	2369.04	87443	0	70
2023.12.08	2369.28	2390.53	2338.56	2368.39	104301	0	100
2023.12.09	2364.03	2403.04	2336.94	2354.49	42147	0	100
2023.12.10	2354.52	2376.64	2322.01	2359.01	35713	0	100
2023.12.11	2359.14	2367.23	2128.42	2216.04	96476	0	100
2023.12.12	2216.08	2242.60	2163.88	2171.33	79923	0	100
2023.12.13	2171.33	2266.32	2144.90	2260.77	83743	0	100
2023.12.14	2260.88	2316.58	2234.29	2298.95	79926	0	100
2023.12.15	2298.88	2332.08	2223.93	2245.72	74395	0	100
2023.12.16	2233.46	2261.28	2199.56	2228.03	34946	0	100
2023.12.17	2228.41	2245.42	2197.42	2236.47	41117	0	100
2023.12.18	2236.43	2236.98	2115.44	2214.85	86164	0	100
2023.12.19	2215.16	2253.80	2134.63	2184.26	83180	0	100
2023.12.20	2184.76	2265.32	2157.02	2178.93	87317	0	100
2023.12.21	2179.14	2279.51	2176.52	2248.02	92712	0	100
2023.12.22	2248.09	2343.10	2230.37	2314.32	88374	0	100
2023.12.23	2314.28	2331.74	2267.04	2290.99	34143	0	100
2023.12.24	2290.90	2326.63	2271.94	2278.37	44401	0	100
2023.12.26	2271.92	2286.40	2178.58	2223.28	79979	0	100
2023.12.27	2222.90	2376.91	2211.60	2360.21	69901	0	100
2023.12.28	2361.13	2446.83	2336.96	2345.63	95002	0	100
2023.12.29	2345.65	2386.15	2277.43	2284.64	80229	0	100
2023.12.30	2281.46	2322.14	2267.23	2300.61	39615	0	100
2023.12.31	2300.61	2319.82	2276.73	2281.32	43179	0	100
2024.01.02	2337.65	2433.05	2323.58	2366.31	90161	0	100
2024.01.03	2366.58	2385.25	1995.72	2226.32	110673	0	100
2024.01.04	2226.51	2296.24	2196.54	2274.72	88550	0	100
2024.01.05	2271.07	2289.62	2207.66	2247.07	84925	0	100
2024.01.06	2248.88	2278.04	2217.70	2240.98	34816	0	100
2024.01.07	2241.35	2258.20	2222.13	2240.61	32891	0	100
2024.01.08	2240.52	2360.20	2167.46	2338.12	85429	0	100
2024.01.09	2338.64	2371.48	2227.45	2317.70	78826	0	100
2024.01.10	2317.33	2533.01	2316.12	2527.42	105002	0	100
2024.01.11	2526.75	2689.76	2510.06	2602.96	108198	0	100
2024.01.12	2603.13	2716.53	2499.91	2523.34	104329	0	100
2024.01.13	2495.93	2579.66	2494.12	2571.58	69003	0	100
2024.01.14	2572.08	2588.38	2477.31	2524.89	49549	0	100
2024.01.15	2524.93	2550.98	2467.12	2518.57	61632	0	100
2024.01.16	2518.57	2613.46	2497.53	2604.78	61562	0	100
2024.01.17	2605.11	2610.66	2514.38	2522.17	58381	0	100
2024.01.18	2523.09	2545.36	2421.77	2452.62	61248	0	100
2024.01.19	2452.99	2501.10	2412.28	2486.09	57540	0	100
2024.01.20	2487.88	2495.16	2451.40	2460.88	22975	0	100
2024.01.21	2460.93	2479.78	2460.93	2470.39	18872	0	100
2024.01.22	2470.41	2471.34	2302.04	2324.27	73192	0	100
2024.01.23	2324.32	2348.60	2164.52	2200.11	99341	0	100
2024.01.24	2200.78	2261.90	2194.20	2213.48	73064	0	100
2024.01.25	2213.67	2240.70	2169.30	2216.15	42366	0	100
2024.01.26	2213.31	2280.80	2193.80	2258.76	50414	0	100
2024.01.27	2266.70	2282.01	2250.26	2270.87	23707	0	100
2024.01.28	2270.88	2307.15	2246.37	2262.12	46460	0	100
2024.01.29	2262.04	2313.14	2232.89	2305.56	52297	0	100
2024.01.30	2305.49	2391.43	2296.20	2379.21	71838	0	100
2024.01.31	2379.57	2381.10	2261.61	2277.20	84179	0	100
2024.02.01	2277.25	2310.32	2238.18	2302.69	59505	0	100
2024.02.02	2302.52	2322.75	2280.50	2294.64	55348	0	100
2024.02.03	2306.82	2327.62	2291.18	2298.84	43238	0	100
2024.02.04	2299.02	2309.06	2265.21	2298.56	44908	0	100
2024.02.05	2298.51	2335.71	2267.18	2285.39	67751	0	100
2024.02.06	2285.39	2391.32	2282.74	2379.21	52648	0	100
2024.02.07	2379.45	2443.84	2351.42	2429.46	76887	0	100
2024.02.08	2429.28	2461.90	2410.00	2425.40	45528	0	100
2024.02.09	2425.24	2523.98	2417.92	2503.46	58368	0	100
2024.02.10	2495.82	2516.60	2483.26	2510.15	34805	0	100
2024.02.11	2510.78	2540.04	2492.02	2503.56	36295	0	100
2024.02.12	2503.85	2653.38	2471.20	2632.10	57209	0	100
2024.02.13	2631.95	2686.85	2590.00	2632.48	69264	0	100
2024.02.14	2632.48	2788.16	2617.37	2779.96	73977	0	100
2024.02.15	2779.69	2867.86	2762.11	2796.03	94944	0	100
2024.02.16	2795.99	2859.35	2748.14	2791.51	76902	0	100
2024.02.17	2790.48	2811.51	2719.12	2784.85	50793	0	100
2024.02.18	2785.73	2847.14	2765.47	2846.92	40579	0	100
2024.02.19	2846.92	2968.90	2843.92	2968.01	71758	0	100
2024.02.20	2967.03	3004.60	2874.91	2987.81	85500	0	100
2024.02.21	2987.73	3033.50	2868.09	2927.19	85141	0	100
2024.02.22	2927.19	3034.86	2905.70	2984.22	83200	0	100
2024.02.23	2984.19	2991.49	2905.44	2941.86	70835	0	100
2024.02.24	2921.65	3004.92	2905.45	2983.64	35557	0	100
2024.02.25	2984.30	3120.48	2983.00	3107.82	53400	0	100
2024.02.26	3107.84	3198.16	3036.58	3185.68	73426	0	100
2024.02.27	3185.27	3290.50	3167.14	3249.15	90650	0	100
2024.02.28	3249.08	3490.88	3188.39	3318.37	112645	0	100
2024.02.29	3323.23	3520.90	3312.99	3349.71	114058	0	100
2024.03.01	3349.41	3452.82	3302.39	3428.29	96492	0	100
2024.03.02	3435.08	3461.40	3397.56	3411.54	46348	0	100
2024.03.03	3411.19	3485.82	3364.74	3478.71	57652	0	100
2024.03.04	3478.25	3610.02	3434.70	3582.73	101763	0	100
2024.03.05	3584.74	3827.59	3202.32	3522.74	132430	0	110
2024.03.06	3522.74	3901.18	3439.35	3847.46	127816	0	111
2024.03.07	3847.43	3939.66	3735.84	3874.17	107873	0	110
2024.03.08	3874.18	4000.63	3824.80	3914.46	104452	0	110
2024.03.09	3886.14	3949.30	3878.02	3910.19	36584	0	111
2024.03.10	3910.19	3969.58	3872.78	3904.81	56483	0	117
2024.03.11	3904.75	4089.54	3729.92	4027.84	96539	0	110
2024.03.12	4032.20	4091.92	3825.11	3950.12	87229	0	112
2024.03.13	3947.75	4084.46	3931.01	3991.50	74510	0	100
2024.03.14	3989.85	4013.49	3719.23	3840.22	88084	0	100
2024.03.15	3837.29	3930.44	3562.76	3628.57	122973	0	110
2024.03.16	3669.13	3780.31	3566.36	3615.58	73993	0	111
2024.03.17	3615.72	3655.72	3409.12	3631.67	103371	0	111
2024.03.18	3631.60	3675.60	3452.30	3502.22	112717	0	110
2024.03.19	3507.60	3546.14	3199.84	3272.74	146390	0	112
2024.03.20	3277.47	3492.38	3054.76	3461.25	144324	0	110
2024.03.21	3460.70	3586.80	3410.68	3482.76	116152	0	110
2024.03.22	3483.51	3542.12	3281.04	3317.22	112760	0	110
2024.03.23	3287.28	3434.10	3270.52	3381.66	61647	0	110
2024.03.24	3386.61	3422.70	3298.70	3407.73	80119	0	176
2024.03.25	3407.76	3657.58	3404.06	3623.13	93249	0	112
2024.03.26	3628.34	3678.50	3542.40	3570.44	91297	0	110
2024.03.27	3570.44	3664.24	3457.89	3508.97	92752	0	100
2024.03.28	3509.45	3611.02	3461.90	3560.54	82501	0	100
2024.03.29	3560.54	3583.40	3471.00	3497.23	64678	0	100
2024.03.30	3522.58	3549.17	3486.80	3506.54	28566	0	100
2024.03.31	3507.54	3653.46	3495.90	3631.84	39221	0	100
2024.04.01	3631.84	3649.58	3413.57	3496.80	74945	0	100
2024.04.02	3496.80	3514.79	3212.26	3270.27	100956	0	100
2024.04.03	3270.21	3367.98	3203.39	3306.21	91882	0	100
2024.04.04	3306.21	3445.28	3251.03	3324.56	87660	0	100
2024.04.05	3324.56	3347.06	3211.07	3334.04	102939	0	100
2024.04.06	3321.62	3364.14	3307.24	3359.70	38971	0	100
2024.04.07	3361.31	3419.74	3344.16	3399.95	51369	0	100
2024.04.08	3399.95	3710.19	3395.29	3688.25	100945	0	100
2024.04.09	3688.25	3728.70	3451.75	3511.55	96715	0	100
2024.04.10	3511.42	3552.28	3412.21	3511.61	91900	0	100
2024.04.11	3512.42	3617.16	3473.07	3523.66	90819	0	100
2024.04.12	3523.80	3552.40	3074.30	3227.11	87155	0	100
2024.04.13	3218.20	3296.60	2803.30	2914.56	94372	0	100
2024.04.14	2916.97	3104.21	2862.71	3068.22	117410	0	100
2024.04.15	3068.11	3281.13	3025.16	3082.75	113070	0	100
2024.04.16	3082.80	3128.78	2989.70	3070.70	120989	0	100
2024.04.17	3070.63	3123.72	2914.38	2971.85	94401	0	100
2024.04.18	2972.22	3095.81	2953.15	3069.39	108977	0	100
2024.04.19	3069.75	3128.03	2864.74	3079.32	103587	0	100
2024.04.20	3100.20	3171.10	3018.70	3156.32	76480	0	100
2024.04.21	3156.95	3197.60	3116.83	3149.07	54786	0	100
2024.04.22	3149.07	3236.50	3129.10	3190.48	73063	0	100
2024.04.23	3190.63	3265.51	3153.17	3209.21	62589	0	100
2024.04.24	3208.61	3292.34	3102.06	3130.08	73885	0	100
2024.04.25	3129.97	3177.70	3071.17	3172.38	75615	0	100
2024.04.26	3172.86	3191.00	3101.11	3142.68	63856	0	100
2024.04.27	3149.60	3281.40	3066.92	3234.47	43458	0	100
2024.04.28	3235.01	3358.36	3231.02	3309.28	48227	0	100
2024.04.29	3309.28	3311.80	3114.79	3174.93	79307	0	100
2024.04.30	3174.93	3249.30	2915.78	2961.57	97495	0	100
2024.05.01	2961.81	3025.70	2813.25	2937.24	101767	0	100
2024.05.02	2937.25	3011.54	2890.38	2985.96	75833	0	100
2024.05.03	2985.85	3128.15	2958.11	3114.35	70896	0	100
2024.05.04	3111.81	3159.20	3093.40	3126.74	40814	0	100
2024.05.05	3126.74	3171.34	3073.49	3136.88	47635	0	100
2024.05.06	3136.73	3220.82	3045.62	3076.30	70852	0	100
2024.05.07	3076.30	3129.54	3020.71	3047.90	61061	0	100
2024.05.08	3047.90	3061.34	2936.04	2950.62	73984	0	100
2024.05.09	2950.62	3028.41	2942.38	3021.27	57034	0	100
2024.05.10	3021.27	3058.22	2878.07	2892.31	52537	0	100
2024.05.11	2905.70	2942.90	2894.21	2921.40	29462	0	100
2024.05.12	2921.20	2953.76	2899.83	2922.14	23674	0	100
2024.05.13	2921.58	2994.50	2864.50	2953.44	52043	0	100
2024.05.14	2953.35	2959.31	2859.10	2890.64	45255	0	100
2024.05.15	2890.70	3030.45	2862.27	3022.90	50561	0	100
2024.05.16	3022.82	3042.15	2924.80	2937.59	46946	0	100
2024.05.17	2937.76	3120.87	2923.58	3089.85	48749	0	100
2024.05.18	3087.07	3126.42	3083.52	3111.92	27950	0	100
2024.05.19	3119.52	3137.28	3058.05	3074.19	35402	0	100
2024.05.20	3074.19	3574.90	3047.28	3501.25	61056	0	100
2024.05.21	3500.83	3839.94	3486.74	3745.50	104992	0	100
2024.05.22	3745.50	3820.96	3653.25	3747.89	107858	0	100
2024.05.23	3747.89	3945.50	3520.90	3752.56	117033	0	100
2024.05.24	3752.18	3899.08	3627.49	3731.18	100657	0	100
2024.05.25	3736.09	3776.73	3707.80	3745.64	48908	0	100
2024.05.26	3744.16	3880.51	3729.86	3858.22	58027	0	100
2024.05.27	3858.22	3973.00	3816.77	3888.41	69906	0	100
2024.05.28	3888.41	3926.46	3769.25	3828.25	60767	0	100
2024.05.29	3828.25	3883.01	3741.03	3749.21	62802	0	100
2024.05.30	3749.07	3823.80	3700.97	3737.67	62524	0	100
2024.05.31	3737.67	3844.95	3719.90	3790.16	68018	0	100
2024.06.01	3781.63	3809.50	3738.26	3802.21	26052	0	100
2024.06.02	3803.07	3835.24	3750.00	3784.60	39743	0	100
2024.06.03	3784.55	3849.10	3757.20	3769.80	47718	0	100
2024.06.04	3769.95	3831.70	3730.90	3805.75	57478	0	100
2024.06.05	3805.97	3887.28	3777.67	3864.69	55347	0	100
2024.06.06	3864.72	3879.23	3758.41	3798.28	53517	0	100
2024.06.07	3798.69	3838.97	3576.23	3689.44	53166	0	100
2024.06.08	3692.34	3707.83	3660.61	3672.59	26937	0	100
2024.06.09	3672.76	3711.51	3665.83	3699.01	18964	0	100
2024.06.10	3698.89	3721.84	3643.20	3670.10	40170	0	100
2024.06.11	3670.10	3676.77	3430.20	3486.57	98871	0	100
2024.06.12	3486.63	3655.50	3461.42	3553.60	89616	0	100
2024.06.13	3553.85	3573.90	3426.56	3476.26	80436	0	100
2024.06.14	3476.26	3529.51	3361.24	3411.21	92962	0	100
2024.06.15	3502.40	3588.41	3461.49	3550.63	58859	0	100
2024.06.16	3550.95	3608.05	3539.12	3597.62	41724	0	100
2024.06.17	3597.98	3650.78	3463.27	3513.32	67215	0	100
2024.06.18	3512.97	3530.40	3351.15	3459.29	106451	0	100
2024.06.19	3459.29	3585.35	3450.55	3551.19	120419	0	100
2024.06.20	3551.40	3623.72	3483.30	3523.49	108992	0	100
2024.06.21	3523.57	3544.42	3444.00	3520.62	108765	0	100
2024.06.22	3515.04	3526.25	3473.00	3493.96	59776	0	100
2024.06.23	3493.75	3518.98	3409.01	3433.29	45939	0	100
2024.06.24	3433.37	3437.99	3235.25	3308.91	120733	0	100
2024.06.25	3309.05	3427.55	3305.08	3410.83	86432	0	100
2024.06.26	3410.99	3424.03	3324.48	3389.28	89448	0	100
2024.06.27	3389.28	3473.26	3358.93	3438.96	59234	0	29
2024.06.28	3438.86	3483.86	3360.10	3383.32	71567	0	100
2024.06.29	3375.60	3403.09	3361.97	3377.91	24873	0	100
2024.06.30	3377.73	3429.53	3348.80	3415.86	38074	0	100
2024.07.01	3415.86	3518.78	3403.30	3462.31	59299	0	100
2024.07.02	3462.33	3465.73	3396.87	3415.33	62304	0	100
2024.07.03	3415.13	3427.09	3248.19	3255.35	82443	0	100
2024.07.04	3255.70	3309.48	3088.16	3142.57	96424	0	100
2024.07.05	3142.78	3168.00	2811.98	2974.11	123826	0	0
2024.07.06	2978.66	3073.59	2954.93	3062.65	77050	0	100
2024.07.07	3062.95	3080.82	2954.09	2998.02	75010	0	100
2024.07.08	2998.10	3095.37	2822.40	2996.66	114779	0	25
2024.07.09	2996.66	3112.99	2984.13	3072.16	79036	0	100
2024.07.10	3072.26	3149.76	3023.73	3096.04	61742	0	100
2024.07.11	3096.14	3215.34	3054.69	3115.95	66881	0	100
2024.07.12	3116.04	3157.93	3046.67	3109.47	70631	0	100
2024.07.13	3119.32	3167.98	3114.12	3161.80	33418	0	100
2024.07.14	3162.71	3226.01	3144.45	3200.21	41022	0	100
2024.07.15	3200.21	3447.45	3195.78	3434.46	80514	0	100
2024.07.16	3434.46	3499.63	3347.30	3439.33	87468	0	100
2024.07.17	3439.28	3517.69	3376.00	3415.95	63987	0	100
2024.07.18	3415.95	3489.16	3367.08	3413.46	62954	0	100
2024.07.19	3413.46	3541.52	3375.59	3506.18	68309	0	100
2024.07.20	3513.53	3539.82	3481.58	3523.08	70809	0	100
2024.07.21	3523.78	3529.85	3412.39	3497.93	42313	0	100
2024.07.22	3497.93	3562.48	3435.86	3489.91	56675	0	100
2024.07.23	3489.91	3540.05	3390.91	3482.01	84018	0	100
2024.07.24	3481.89	3500.03	3357.53	3375.19	53990	0	100
2024.07.25	3374.34	3375.71	3086.43	3153.00	90460	0	100
2024.07.26	3152.68	3285.43	3149.16	3255.05	63629	0	100
2024.07.27	3264.93	3327.67	3190.25	3241.74	41155	0	100
2024.07.28	3241.16	3294.29	3197.91	3258.91	36936	0	100
2024.07.29	3258.86	3396.01	3251.20	3321.24	61440	0	100
2024.07.30	3320.89	3365.20	3232.50	3280.37	61786	0	100
2024.07.31	3280.02	3347.64	3215.84	3221.09	64000	0	100
2024.08.01	3220.66	3244.08	3077.28	3168.53	80125	0	100
2024.08.02	3168.45	3215.52	2981.96	3016.15	86645	0	100
2024.08.03	3000.36	3012.44	2876.44	2892.73	64715	0	100
2024.08.04	2892.14	2932.19	2626.82	2751.10	73741	0	100
2024.08.05	2751.38	2751.97	2117.86	2436.66	172082	0	100
2024.08.06	2436.04	2553.23	2411.69	2488.70	121946	0	100
2024.08.07	2488.64	2551.30	2308.52	2348.41	140350	0	100
2024.08.08	2349.12	2605.78	2312.89	2569.69	141625	0	100
2024.08.09	2569.69	2723.65	2551.94	2593.07	129063	0	100
2024.08.10	2603.17	2644.64	2574.39	2604.27	68865	0	100
2024.08.11	2603.67	2719.89	2539.95	2556.80	94940	0	100
2024.08.12	2556.36	2722.36	2509.43	2680.56	146942	0	100
2024.08.13	2680.19	2749.75	2611.30	2698.92	130284	0	100
2024.08.14	2698.80	2781.78	2632.94	2675.84	110823	0	100
2024.08.15	2676.47	2679.53	2516.72	2549.70	114509	0	100
2024.08.16	2548.93	2630.24	2533.67	2607.92	93194	0	100
2024.08.17	2601.07	2627.04	2586.67	2613.70	35216	0	125
2024.08.18	2613.40	2686.56	2593.99	2665.22	52393	0	100
2024.08.19	2664.55	2665.38	2563.47	2615.49	88623	0	100
2024.08.20	2615.48	2695.86	2554.65	2589.04	105966	0	100
2024.08.21	2588.52	2663.23	2535.31	2630.19	90512	0	100
2024.08.22	2630.45	2647.05	2583.55	2623.93	72527	0	100
2024.08.23	2623.97	2762.72	2615.44	2754.09	83815	0	100
2024.08.24	2774.86	2819.59	2741.58	2791.70	44009	0	100
2024.08.25	2791.43	2792.78	2733.00	2770.37	54463	0	100
2024.08.26	2770.37	2792.92	2671.59	2688.43	77854	0	100
2024.08.27	2688.15	2699.87	2559.89	2580.65	75628	0	100
2024.08.28	2580.79	2584.71	2395.79	2536.27	116155	0	100
2024.08.29	2536.58	2595.92	2509.99	2540.10	90276	0	100
2024.08.30	2540.09	2549.27	2430.10	2517.78	102849	0	100
2024.08.31	2517.62	2533.18	2491.14	2506.10	54835	0	100
2024.09.01	2506.47	2526.97	2437.12	2501.55	88077	0	100
2024.09.02	2501.51	2563.31	2400.51	2553.19	114515	0	100
2024.09.03	2553.20	2562.15	2434.00	2462.17	104544	0	100
2024.09.04	2462.30	2489.24	2305.82	2454.49	118189	0	100
2024.09.05	2454.49	2469.32	2347.01	2366.64	85870	0	100
2024.09.06	2366.63	2407.52	2165.14	2168.95	101757	0	100
2024.09.07	2216.57	2311.07	2206.18	2270.48	46817	0	100
2024.09.08	2270.43	2308.95	2240.62	2276.33	51696	0	100
2024.09.09	2276.53	2352.90	2272.49	2341.36	97246	0	100
2024.09.10	2341.61	2395.33	2320.90	2377.75	78536	0	100
2024.09.11	2377.75	2399.18	2276.96	2347.45	85488	0	100
2024.09.12	2347.20	2391.65	2314.82	2351.40	69086	0	100
2024.09.13	2351.26	2429.14	2337.12	2423.10	62580	0	100
2024.09.14	2448.21	2459.41	2377.62	2416.36	28054	0	100
2024.09.15	2415.57	2430.66	2356.10	2363.24	31197	0	100
2024.09.16	2362.76	2363.70	2251.92	2273.96	86097	0	100
2024.09.17	2273.79	2393.65	2262.76	2344.11	74877	0	100
2024.09.18	2344.29	2364.02	2277.22	2325.17	92103	0	100
2024.09.19	2325.30	2494.60	2325.03	2464.57	89663	0	100
2024.09.20	2465.35	2571.69	2437.36	2540.00	86643	0	100
2024.09.21	2545.68	2587.18	2528.30	2565.32	33207	0	100
2024.09.22	2565.06	2631.56	2551.60	2572.80	53401	0	100
2024.09.23	2572.04	2702.75	2524.56	2661.35	91786	0	100
2024.09.24	2661.29	2667.14	2590.98	2649.80	76031	0	100
2024.09.25	2649.39	2673.18	2564.45	2579.67	75671	0	100
2024.09.26	2579.67	2665.82	2554.75	2630.98	85795	0	100
2024.09.27	2630.98	2727.80	2615.39	2693.99	80166	0	100
2024.09.28	2694.01	2709.03	2652.28	2675.12	35426	0	100
2024.09.29	2675.35	2683.35	2633.96	2660.72	57801	0	100
2024.09.30	2660.72	2671.58	2574.30	2612.79	88865	0	100
2024.10.01	2612.79	2658.12	2413.03	2450.44	109181	0	100
2024.10.02	2450.44	2498.10	2359.51	2384.90	115060	0	100
2024.10.03	2385.18	2402.55	2309.30	2341.34	108752	0	100
2024.10.04	2341.59	2439.92	2332.51	2428.19	80601	0	100
2024.10.05	2423.74	2427.54	2389.03	2391.46	33506	0	100
2024.10.06	2391.37	2456.56	2391.28	2437.69	37741	0	100
2024.10.07	2437.69	2519.78	2415.24	2440.70	87902	0	100
2024.10.08	2440.79	2469.34	2399.36	2441.31	99152	0	100
2024.10.09	2441.27	2471.83	2351.42	2354.70	89574	0	31
2024.10.10	2354.70	2417.74	2327.30	2365.66	98653	0	0
2024.10.11	2365.66	2470.21	2359.54	2456.16	80862	0	100
2024.10.12	2450.12	2485.07	2433.39	2469.84	37264	0	100
2024.10.13	2469.35	2489.24	2435.68	2459.09	49238	0	100
2024.10.14	2459.00	2640.71	2442.28	2621.60	97958	0	100
2024.10.15	2621.72	2687.35	2536.11	2570.95	107098	0	100
2024.10.16	2570.96	2646.40	2567.97	2617.21	106841	0	100
2024.10.17	2616.87	2647.05	2574.88	2596.75	99913	0	100
2024.10.18	2596.85	2675.18	2595.57	2642.61	95312	0	100
2024.10.19	2641.94	2663.07	2634.06	2644.70	27348	0	100
2024.10.20	2644.35	2719.03	2635.41	2711.17	46705	0	100
2024.10.21	2711.37	2768.27	2654.13	2674.25	89944	0	100
2024.10.22	2674.09	2682.95	2604.63	2632.23	88284	0	100
2024.10.23	2632.23	2642.67	2446.90	2512.27	92261	0	100
2024.10.24	2512.16	2559.48	2499.29	2535.29	90060	0	100
2024.10.25	2535.29	2564.03	2449.27	2474.30	104538	0	100
2024.10.26	2489.38	2503.31	2379.00	2486.67	59077	0	100
2024.10.27	2486.35	2507.01	2460.94	2488.14	53019	0	100
2024.10.28	2488.09	2540.59	2469.05	2515.14	92436	0	100
2024.10.29	2515.13	2681.46	2514.35	2619.72	99282	0	100
2024.10.30	2619.68	2720.65	2600.07	2677.94	96877	0	100
2024.10.31	2677.98	2683.79	2499.68	2516.16	84682	0	100
2024.11.01	2516.64	2584.57	2465.80	2518.25	90365	0	100
2024.11.02	2511.47	2521.97	2474.70	2493.05	35671	0	100
2024.11.03	2492.95	2497.37	2409.41	2468.19	70259	0	100
2024.11.04	2468.19	2489.40	2355.72	2369.01	90165	0	100
2024.11.05	2369.01	2478.75	2364.72	2414.13	87956	0	100
2024.11.06	2414.06	2705.43	2407.62	2689.29	115771	0	100
2024.11.07	2689.07	2919.41	2686.82	2893.19	114794	0	100
2024.11.08	2893.19	2984.66	2866.41	2943.01	107787	0	100
2024.11.09	2964.02	3095.46	2956.69	3077.49	69886	0	100
2024.11.10	3077.19	3250.78	3069.45	3170.34	121080	0	100
2024.11.11	3170.34	3372.95	3107.87	3327.09	149228	0	100
2024.11.12	3327.10	3446.57	3210.06	3280.49	164734	0	100
2024.11.13	3280.52	3338.01	3120.78	3154.03	146311	0	100
2024.11.14	3154.08	3242.01	3059.77	3118.51	126453	0	100
2024.11.15	3118.51	3130.86	3014.84	3091.27	135666	0	100
2024.11.16	3101.22	3185.18	3072.65	3155.60	82820	0	100
2024.11.17	3155.60	3165.95	3035.46	3061.53	94993	0	100
2024.11.18	3061.65	3199.60	3043.31	3150.22	106185	0	100
2024.11.19	3150.45	3226.47	3071.63	3095.62	97917	0	100
2024.11.20	3095.33	3161.40	3031.71	3080.28	95820	0	100
2024.11.21	3080.21	3389.60	3035.55	3347.99	117379	0	100
2024.11.22	3347.99	3429.57	3262.92	3320.40	116672	0	100
2024.11.23	3312.75	3499.98	3311.86	3420.50	75444	0	100
2024.11.24	3420.50	3453.37	3286.47	3346.32	93486	0	100
2024.11.25	3346.32	3546.02	3304.84	3438.57	126213	0	100
2024.11.26	3438.41	3472.22	3253.98	3321.24	138783	0	0
2024.11.27	3321.15	3650.01	3301.08	3636.96	109924	0	100
2024.11.28	3636.96	3689.42	3531.09	3570.94	97697	0	100
2024.11.29	3570.91	3649.60	3535.50	3593.14	86521	0	100
2024.11.30	3598.82	3735.30	3570.38	3720.50	65627	0	100
2024.12.01	3720.46	3748.90	3661.30	3707.60	73714	0	100
2024.12.02	3707.65	3763.51	3556.53	3615.38	125668	0	100
2024.12.03	3615.63	3670.65	3501.40	3613.96	131767	0	67
2024.12.04	3614.54	3896.01	3599.85	3844.03	109108	0	100
2024.12.05	3843.84	3960.20	3772.69	3859.42	124095	0	100
2024.12.06	3858.33	4096.10	3690.56	4029.76	124763	0	100
2024.12.07	4031.72	4035.06	3974.23	4008.13	51671	0	100
2024.12.08	4008.13	4017.14	3927.20	3993.11	55532	0	100
2024.12.09	3993.24	4019.93	3510.42	3698.46	110422	0	100
2024.12.10	3698.04	3783.02	3515.96	3640.41	143395	0	100
2024.12.11	3640.66	3843.30	3565.16	3831.01	116819	0	100
2024.12.12	3830.71	3988.50	3799.87	3865.76	111080	0	100
2024.12.13	3866.03	3968.95	3837.58	3902.41	99787	0	100
2024.12.14	3897.73	3946.06	3824.21	3846.71	52739	0	100
2024.12.15	3844.73	3917.51	3830.75	3854.91	58917	0	100
2024.12.16	3854.91	4108.12	3849.70	4047.52	114440	0	100
2024.12.17	4047.52	4054.33	3916.90	3932.55	93908	0	100
2024.12.18	3932.42	3937.63	3639.80	3689.95	107225	0	100
2024.12.19	3689.16	3717.82	3325.35	3416.05	131307	0	100
2024.12.20	3415.51	3498.10	3096.56	3438.45	173175	0	100
2024.12.21	3470.10	3554.70	3302.10	3316.42	93928	0	100
2024.12.22	3316.57	3401.00	3218.27	3280.26	97794	0	100
2024.12.23	3280.26	3454.90	3215.00	3418.10	128087	0	100
2024.12.24	3418.39	3537.40	3353.00	3486.77	108139	0	100
2024.12.26	3464.17	3512.10	3301.93	3332.84	105453	0	100
2024.12.27	3332.80	3439.99	3302.30	3314.35	93012	0	100
2024.12.28	3316.10	3407.10	3311.20	3396.73	34086	0	100
2024.12.29	3396.85	3421.80	3327.80	3343.47	47526	0	100
2024.12.30	3343.57	3429.93	3297.00	3313.47	83131	0	100
2024.12.31	3313.50	3447.17	3309.94	3345.28	81956	0	100
2025.01.02	3360.83	3505.69	3345.67	3450.11	70433	0	100
2025.01.03	3450.06	3629.30	3418.90	3612.00	59621	0	100
2025.01.04	3615.25	3671.40	3580.74	3657.22	35938	0	100
2025.01.05	3657.44	3675.40	3593.78	3644.16	37987	0	100
2025.01.06	3644.16	3744.46	3608.97	3667.94	72972	0	100
2025.01.07	3667.94	3702.07	3360.18	3361.93	97829	0	100
2025.01.08	3362.09	3414.59	3206.11	3297.47	132932	0	83
2025.01.09	3297.47	3356.76	3156.05	3206.75	117065	0	100
2025.01.10	3206.05	3320.88	3186.95	3263.98	113669	0	100
2025.01.11	3272.92	3318.61	3217.30	3305.13	46537	0	100
2025.01.12	3305.26	3307.36	3223.00	3264.03	54725	0	100
2025.01.13	3263.95	3336.65	2919.34	3112.53	139134	0	100
2025.01.14	3112.46	3255.67	3111.13	3214.18	101293	0	100
2025.01.15	3214.51	3474.80	3184.70	3432.09	93043	0	100
2025.01.16	3432.21	3460.10	3263.88	3318.91	104268	0	100
2025.01.17	3318.87	3526.87	3267.68	3473.86	90889	0	100
2025.01.18	3471.30	3495.60	3247.80	3271.04	78475	0	100
2025.01.19	3270.93	3445.01	3125.80	3228.86	134274	0	100
2025.01.20	3227.60	3447.55	3139.10	3280.95	163311	0	100
2025.01.21	3280.80	3367.80	3200.90	3332.08	132086	0	100
2025.01.22	3332.21	3365.54	3239.11	3257.76	93942	0	100
2025.01.23	3257.62	3297.64	3182.55	3248.26	101486	0	100
2025.01.24	3248.75	3427.29	3246.74	3330.06	104368	0	100
2025.01.25	3326.16	3349.33	3268.79	3338.43	50413	0	100
2025.01.26	3338.59	3360.83	3291.58	3295.34	52388	0	100
2025.01.27	3295.34	3309.26	3019.17	3157.89	147319	0	100
2025.01.28	3158.03	3222.78	3050.10	3051.14	105978	0	100
2025.01.29	3050.90	3180.98	3037.75	3140.04	128865	0	100
2025.01.30	3140.26	3283.04	3090.90	3244.34	115804	0	100
2025.01.31	3244.33	3437.43	3213.41	3317.35	156390	0	100
2025.02.01	3294.94	3330.70	3142.10	3148.79	108589	0	100
2025.02.02	3148.79	3162.79	2893.02	2905.69	185159	0	100
2025.02.03	2905.69	2935.61	2149.77	2817.20	264415	0	100
2025.02.04	2819.04	2922.70	2637.29	2639.24	205411	0	100
2025.02.05	2639.24	2827.10	2632.31	2787.02	160642	0	100
2025.02.06	2787.02	2858.16	2674.03	2709.19	206170	0	100
2025.02.07	2709.22	2798.78	2576.17	2588.17	217096	0	100
2025.02.08	2583.50	2667.70	2578.13	2638.02	76762	0	100
2025.02.09	2638.02	2698.50	2521.85	2552.36	105613	0	100
2025.02.10	2552.38	2694.00	2527.69	2663.69	177510	0	100
2025.02.11	2663.49	2725.00	2581.33	2621.45	175468	0	100
2025.02.12	2621.38	2695.07	2547.01	2682.31	179191	0	100
2025.02.13	2682.39	2795.19	2612.90	2666.70	200138	0	100
2025.02.14	2666.50	2792.00	2662.55	2744.68	82645	0	100
2025.02.15	2718.53	2739.16	2665.30	2700.80	95726	0	100
2025.02.16	2700.99	2726.12	2659.11	2686.96	116252	0	100
2025.02.17	2686.75	2849.15	2637.00	2776.20	94309	0	100
2025.02.18	2776.25	2776.90	2604.20	2650.55	102213	0	100
2025.02.19	2650.70	2735.95	2646.85	2708.70	75674	0	100
2025.02.20	2708.60	2771.00	2707.20	2726.30	66995	0	100
2025.02.21	2726.30	2845.50	2613.40	2640.12	96747	0	100
2025.02.22	2641.69	2797.43	2632.88	2765.97	101839	0	100
2025.02.23	2765.18	2831.14	2745.37	2807.36	128050	0	100
2025.02.24	2807.36	2851.50	2622.60	2635.60	110314	0	100
2025.02.25	2635.65	2637.00	2303.90	2510.45	170162	0	100
2025.02.26	2510.35	2530.00	2249.10	2340.00	120313	0	100
2025.02.27	2339.80	2379.20	2227.00	2279.10	135324	0	100
2025.02.28	2279.00	2311.40	2052.60	2223.18	168866	0	100
2025.03.01	2214.78	2280.03	2147.57	2227.78	154710	0	100
2025.03.02	2228.07	2540.18	2171.71	2523.91	154825	0	100
2025.03.03	2523.70	2550.30	2090.60	2109.30	146509	0	100
2025.03.04	2109.70	2220.40	1977.40	2176.50	174154	0	100
2025.03.05	2176.50	2272.40	2154.30	2234.85	141255	0	100
2025.03.06	2234.30	2319.50	2176.05	2212.50	126165	0	100
2025.03.07	2213.30	2257.15	2101.60	2138.19	134378	0	100
2025.03.08	2143.10	2233.71	2104.11	2214.91	116616	0	100
2025.03.09	2215.30	2216.69	1997.41	2044.37	125414	0	100
2025.03.10	2044.46	2151.75	1808.10	1867.20	149673	0	100
2025.03.11	1867.00	1962.20	1747.70	1935.70	155993	0	100
2025.03.12	1935.65	1955.10	1829.45	1890.75	121721	0	100
2025.03.13	1890.75	1917.20	1821.05	1841.30	104970	0	100
2025.03.14	1841.30	1944.95	1838.85	1924.75	71670	0	100
2025.03.15	1922.45	1949.40	1903.80	1943.55	32700	0	100
2025.03.16	1943.55	1957.64	1860.29	1894.35	92361	0	100
2025.03.17	1894.35	1951.75	1869.65	1934.65	67794	0	100
2025.03.18	1934.65	1948.60	1871.55	1905.55	61733	0	100
2025.03.19	1905.55	2056.45	1904.65	2033.80	82195	0	100
2025.03.20	2033.80	2070.00	1950.70	1978.00	74936	0	100
2025.03.21	1978.00	1995.00	1932.85	1973.76	91328	0	100
2025.03.22	1972.85	2003.61	1963.08	1992.73	107202	0	100
2025.03.23	1992.73	2020.00	1974.35	1991.83	163266	0	100
2025.03.24	1991.83	2102.80	1976.90	2085.05	167303	0	100
2025.03.25	2084.85	2097.60	2036.30	2064.80	164812	0	100
2025.03.26	2064.85	2078.45	1980.53	2009.61	185052	0	100
2025.03.27	2009.61	2036.55	1985.60	2006.27	241046	0	200
2025.03.28	2006.27	2018.46	1860.29	1875.28	239382	0	200
2025.03.29	1883.57	1911.75	1796.42	1816.45	167963	0	200
2025.03.30	1816.20	1847.85	1784.70	1813.69	208677	0	200
2025.03.31	1813.69	1853.43	1766.35	1818.22	238038	0	200
2025.04.01	1818.24	1926.37	1814.92	1911.82	244834	0	200
2025.04.02	1911.86	1954.37	1850.95	1880.14	195115	0	200
2025.04.03	1880.14	1883.66	1748.52	1797.29	144300	0	200
2025.04.04	1797.29	1834.32	1757.58	1817.46	133258	0	200
2025.04.05	1817.49	1825.58	1763.60	1789.12	37310	0	200
2025.04.06	1789.16	1815.27	1552.21	1573.05	85447	0	200
2025.04.07	1573.39	1636.42	1409.01	1569.17	229442	0	200
2025.04.08	1569.01	1617.04	1452.80	1480.00	189396	0	200
2025.04.09	1480.62	1676.56	1383.61	1671.75	195760	0	200
2025.04.10	1671.83	1687.52	1471.11	1529.62	156258	0	200
2025.04.11	1529.62	1589.10	1502.96	1569.89	119903	0	200
2025.04.12	1571.38	1667.58	1544.40	1648.18	63853	0	200
2025.04.13	1648.18	1655.24	1561.28	1589.94	87127	0	200
2025.04.14	1589.90	1690.08	1571.40	1634.52	146585	0	200
2025.04.15	1634.52	1660.02	1585.57	1594.23	124805	0	200
2025.04.16	1594.13	1612.57	1537.90	1572.87	112292	0	200
2025.04.17	1572.87	1615.41	1562.05	1583.44	76271	0	200
2025.04.18	1583.44	1595.99	1572.31	1592.16	45660	0	200
2025.04.19	1592.17	1629.91	1583.90	1612.94	29976	0	200
2025.04.20	1613.01	1621.16	1564.56	1588.91	58043	0	200
2025.04.21	1588.93	1657.58	1562.92	1576.91	103604	0	200
2025.04.22	1576.71	1726.12	1538.74	1695.43	118218	0	200
2025.04.23	1695.43	1834.38	1693.42	1794.38	117778	0	200
2025.04.24	1794.29	1806.59	1722.26	1762.04	86151	0	200
2025.04.25	1762.22	1827.55	1738.55	1799.04	122027	0	200
2025.04.26	1799.07	1840.56	1779.91	1805.77	63081	0	200
2025.04.27	1805.77	1857.25	1782.30	1802.28	67098	0	200
2025.04.28	1802.28	1826.94	1744.30	1785.08	104950	0	200
2025.04.29	1785.08	1842.33	1780.57	1808.35	82679	0	200
2025.04.30	1808.35	1816.13	1731.50	1793.56	87697	0	200
2025.05.01	1793.23	1873.05	1788.41	1839.46	72132	0	200
2025.05.02	1839.41	1870.55	1812.63	1846.79	81052	0	200
2025.05.03	1846.71	1846.71	1809.62	1838.37	26338	0	200
2025.05.04	1838.41	1849.24	1817.84	1835.65	49143	0	200
2025.05.05	1835.65	1836.50	1780.97	1808.03	76100	0	200
2025.05.06	1808.03	1831.98	1750.61	1774.20	88444	0	200
2025.05.07	1774.20	1849.09	1764.43	1797.61	84912	0	200
2025.05.08	1797.61	2198.43	1795.56	2184.64	158108	0	200
2025.05.09	2184.66	2489.86	2157.24	2339.62	221839	0	200
2025.05.10	2337.07	2511.77	2316.67	2490.78	124254	0	200
2025.05.11	2490.78	2605.10	2434.78	2509.93	186662	0	200
2025.05.12	2509.93	2623.14	2406.91	2484.80	207985	0	200
2025.05.13	2484.80	2738.39	2414.36	2689.13	176772	0	200
2025.05.14	2689.13	2724.01	2547.28	2599.76	178798	0	200
2025.05.15	2599.76	2646.54	2477.86	2536.89	183149	0	200
2025.05.16	2536.89	2648.53	2511.56	2571.01	143594	0	200
2025.05.17	2570.84	2570.84	2446.89	2488.77	116782	0	200
2025.05.18	2488.77	2587.04	2322.72	2394.08	132872	0	200
2025.05.19	2394.22	2547.04	2348.26	2520.23	197939	0	200
2025.05.20	2520.23	2587.59	2443.58	2513.43	159110	0	200
2025.05.21	2513.43	2615.94	2452.80	2508.99	179085	0	200
2025.05.22	2508.99	2692.02	2498.30	2640.97	163905	0	200
2025.05.23	2640.97	2732.81	2498.39	2542.35	153760	0	200
2025.05.24	2534.44	2567.48	2503.64	2552.47	85653	0	244
2025.05.25	2552.47	2553.25	2462.78	2523.71	123232	0	200
2025.05.26	2523.71	2599.36	2507.75	2565.78	112723	0	200
2025.05.27	2565.78	2712.85	2508.92	2668.52	140575	0	200
2025.05.28	2668.61	2689.64	2608.28	2634.23	144345	0	200
2025.05.29	2634.23	2787.99	2622.01	2643.05	171270	0	200
2025.05.30	2643.05	2667.95	2531.80	2576.97	63259	0	200
2025.05.31	2569.26	2573.05	2475.72	2542.57	109011	0	200
2025.06.01	2542.57	2550.54	2468.55	2525.93	81924	0	200
2025.06.02	2525.93	2565.15	2475.42	2540.33	125690	0	200
2025.06.03	2540.33	2653.61	2539.14	2614.58	117017	0	200
2025.06.04	2614.58	2678.38	2572.00	2604.51	105923	0	200
2025.06.05	2604.51	2640.23	2392.24	2397.50	104588	0	200
2025.06.06	2397.17	2530.46	2382.55	2499.17	106731	0	200
2025.06.07	2499.17	2524.87	2456.21	2521.05	50933	0	200
2025.06.08	2521.05	2542.83	2490.70	2529.89	58467	0	200
2025.06.09	2529.89	2591.80	2476.47	2588.55	81637	0	200
2025.06.10	2588.55	2805.37	2588.55	2772.73	140448	0	200
2025.06.11	2772.73	2878.04	2742.90	2814.23	145750	0	200
2025.06.12	2814.23	2830.30	2615.27	2638.46	124476	0	200
2025.06.13	2638.46	2659.14	2436.94	2545.68	165125	0	200
2025.06.14	2545.68	2582.31	2487.82	2507.95	67386	0	200
2025.06.15	2507.95	2557.62	2490.21	2501.66	68931	0	200
2025.06.16	2501.66	2678.97	2495.86	2668.36	110450	0	200
2025.06.17	2668.22	2670.27	2451.83	2509.03	143474	0	200
2025.06.18	2508.89	2546.84	2464.78	2527.18	116060	0	200
2025.06.19	2527.18	2545.66	2483.37	2505.44	69814	0	200
2025.06.20	2505.44	2567.13	2364.30	2425.35	88648	0	200
2025.06.21	2425.35	2442.76	2376.69	2402.14	45467	0	200
2025.06.22	2402.14	2404.03	2111.28	2186.15	172230	0	200
2025.06.23	2186.16	2378.36	2172.02	2346.34	147845	0	200
2025.06.24	2346.46	2480.67	2333.67	2447.98	137034	0	200
2025.06.25	2447.98	2467.22	2388.73	2437.54	102378	0	200
2025.06.26	2437.08	2519.68	2406.21	2444.03	105769	0	200
2025.06.27	2444.03	2461.96	2380.30	2425.09	108955	0	200
2025.06.28	2418.54	2443.64	2404.48	2428.68	29504	0	200
2025.06.29	2428.68	2462.43	2423.64	2430.98	56778	0	200
2025.06.30	2430.98	2523.29	2408.80	2501.07	72938	0	200
2025.07.01	2501.07	2502.61	2392.90	2413.04	64066	0	200
2025.07.02	2413.04	2605.83	2373.02	2589.13	82725	0	200
2025.07.03	2589.13	2634.19	2554.82	2598.70	104831	0	200
2025.07.04	2598.70	2603.17	2473.96	2489.95	138008	0	200
2025.07.05	2489.95	2529.75	2486.80	2506.05	33374	0	200
2025.07.06	2506.05	2570.17	2503.13	2545.09	36325	0	200
2025.07.07	2545.09	2605.59	2512.69	2533.60	64728	0	200
2025.07.08	2533.60	2628.09	2522.45	2598.10	68609	0	200
2025.07.09	2598.10	2795.25	2589.61	2737.75	78752	0	200
2025.07.10	2737.39	2841.82	2735.07	2819.20	71895	0	200
2025.07.11	2819.00	3040.46	2818.30	2974.50	119670	0	200
2025.07.12	2974.50	2996.20	2903.50	2916.50	40823	0	200
2025.07.13	2916.50	3020.30	2914.40	2991.39	35234	0	200
2025.07.14	2991.39	3082.84	2939.31	3003.54	97278	0	200
2025.07.15	3003.57	3097.34	2931.96	3040.77	120139	0	200
2025.07.16	3040.77	3424.20	3039.61	3380.31	132689	0	200
2025.07.17	3380.36	3480.34	3310.03	3421.20	210407	0	200
2025.07.18	3421.20	3675.17	3418.30	3517.95	133079	0	200
2025.07.19	3517.95	3609.13	3507.41	3564.18	281828	0	200
2025.07.20	3564.18	3824.50	3539.23	3740.54	240831	0	200
2025.07.21	3740.40	3862.84	3681.70	3765.97	133721	0	200
2025.07.22	3765.97	3809.22	3621.26	3717.15	104618	0	200
2025.07.23	3717.15	3765.00	3542.90	3567.40	57648	0	200
2025.07.24	3567.40	3771.90	3504.45	3735.80	57573	0	200
2025.07.25	3735.80	3745.70	3573.00	3683.79	65438	0	200
2025.07.26	3684.01	3778.15	3683.76	3744.75	100345	0	498
2025.07.27	3744.75	3867.51	3730.75	3822.00	156456	0	501
2025.07.28	3822.10	3939.50	3752.40	3786.80	49207	0	210
2025.07.29	3786.80	3885.40	3714.10	3763.50	51701	0	200
2025.07.30	3763.60	3832.20	3672.25	3768.40	49815	0	200
2025.07.31	3768.40	3876.40	3716.20	3733.20	39870	0	200
2025.08.01	3733.20	3756.40	3488.50	3540.09	73999	0	200
2025.08.02	3540.09	3551.76	3370.61	3422.48	283304	0	200
2025.08.03	3422.46	3514.86	3354.06	3491.61	235025	0	200
2025.08.04	3491.54	3717.80	3482.40	3699.30	42126	0	200
2025.08.05	3699.30	3736.00	3554.60	3574.70	49587	0	200
2025.08.06	3574.70	3698.50	3545.40	3674.60	42186	0	200
2025.08.07	3674.60	3880.40	3647.50	3874.50	39690	0	200
2025.08.08	3874.50	4069.20	3859.20	4058.31	51040	0	200
2025.08.09	4058.29	4293.80	4007.14	4291.36	211964	0	200
2025.08.10	4291.53	4333.41	4160.54	4217.07	249721	0	200
2025.08.11	4217.19	4364.30	4164.60	4242.30	65108	0	200
2025.08.12	4242.30	4637.60	4188.80	4620.50	57189	0	200
2025.08.13	4620.40	4749.50	4561.80	4717.80	62060	0	250
2025.08.14	4717.80	4789.30	4452.45	4534.90	83942	0	260
2025.08.15	4534.90	4669.80	4368.30	4427.82	64999	0	240
2025.08.16	4426.82	4468.29	4378.64	4434.12	117450	0	200
2025.08.17	4434.12	4577.02	4397.61	4469.90	176737	0	200
2025.08.18	4469.91	4536.18	4227.08	4333.72	312088	0	200
2025.08.19	4333.07	4389.11	4113.18	4158.80	311192	0	200
2025.08.20	4158.80	4371.04	4061.81	4354.49	290459	0	200
2025.08.21	4354.49	4378.29	4202.92	4240.76	302845	0	200
2025.08.22	4240.76	4867.29	4206.04	4848.55	297431	0	200
2025.08.23	4848.05	4886.14	4659.38	4750.65	49875	0	200
2025.08.24	4749.95	4954.85	4706.98	4784.93	43067	0	200
2025.08.25	4784.93	4821.96	4333.46	4349.21	104018	0	200
2025.08.26	4350.07	4611.93	4310.67	4585.15	143866	0	200
2025.08.27	4585.15	4663.10	4512.75	4594.16	143002	0	200
2025.08.28	4594.13	4633.24	4428.83	4458.75	154238	0	200
2025.08.29	4458.75	4516.97	4268.07	4321.28	148006	0	200
2025.08.30	4321.28	4414.40	4257.46	4343.56	70318	0	200
2025.08.31	4343.56	4498.01	4338.99	4454.88	64604	0	200
2025.09.01	4454.88	4490.47	4262.72	4288.76	115151	0	200
2025.09.02	4288.76	4416.35	4211.86	4312.81	141699	0	200
2025.09.03	4312.81	4490.68	4282.80	4465.68	101242	0	200
2025.09.04	4465.68	4484.52	4264.86	4305.58	102107	0	200
2025.09.05	4305.60	4489.77	4254.47	4338.54	106775	0	200
2025.09.06	4338.61	4338.99	4237.42	4279.41	75731	0	200
2025.09.07	4279.41	4315.42	4268.93	4300.54	50444	0	200
2025.09.08	4300.54	4384.20	4278.27	4298.80	96482	0	200
2025.09.09	4298.70	4381.74	4276.62	4304.62	92109	0	200
2025.09.10	4304.62	4453.83	4284.77	4329.53	114206	0	200
2025.09.11	4330.36	4478.44	4328.46	4417.88	126683	0	200
2025.09.12	4418.07	4695.65	4416.08	4673.61	89731	0	200
2025.09.13	4673.71	4767.84	4607.10	4659.71	70587	0	200
2025.09.14	4659.70	4694.21	4580.25	4619.94	54045	0	200
2025.09.15	4619.94	4671.63	4466.60	4511.65	92979	0	200
2025.09.16	4511.65	4538.77	4425.30	4499.29	66023	0	200
2025.09.17	4499.29	4557.36	4411.08	4502.89	82811	0	200
2025.09.18	4502.89	4645.85	4487.82	4606.42	85845	0	200
2025.09.19	4606.42	4622.52	4436.87	4461.22	74417	0	200
2025.09.20	4461.22	4511.14	4448.60	4486.53	31399	0	200
2025.09.21	4486.53	4503.44	4447.29	4477.35	35821	0	200
2025.09.22	4477.35	4480.46	4060.64	4184.29	110896	0	200
2025.09.23	4184.29	4231.43	4117.82	4177.51	109427	0	200
2025.09.24	4177.32	4209.09	4073.42	4167.19	101714	0	200
2025.09.25	4167.19	4173.56	3823.37	3886.89	133450	0	200
2025.09.26	3887.08	4070.69	3851.19	4011.78	131518	0	200
2025.09.27	4011.78	4041.89	3982.79	4008.34	52414	0	200
2025.09.28	4008.34	4066.61	3967.34	4052.53	46679	0	200
2025.09.29	4052.62	4236.69	4043.18	4228.29	101704	0	200
2025.09.30	4228.29	4246.68	4093.47	4197.32	108826	0	200
2025.10.01	4197.47	4346.70	4119.33	4336.97	129651	0	200
2025.10.02	4336.98	4520.43	4291.38	4493.22	165964	0	200
2025.10.03	4493.22	4596.97	4430.61	4537.99	117686	0	200
2025.10.04	4537.99	4540.29	4442.75	4477.19	40527	0	200
2025.10.05	4477.19	4619.89	4469.39	4499.63	53099	0	200
2025.10.06	4499.63	4737.65	4489.43	4689.58	86607	0	200
2025.10.07	4689.58	4756.59	4448.96	4511.02	77801	0	200
2025.10.08	4511.02	4558.52	4412.32	4504.27	95764	0	200
2025.10.09	4504.18	4538.99	4266.78	4338.70	144824	0	200
2025.10.10	4338.71	4395.86	3847.86	3862.77	212457	0	200
2025.10.11	3866.60	3986.24	3436.93	3698.06	150883	0	200
2025.10.12	3698.16	4198.96	3647.06	4138.50	90050	0	200
2025.10.13	4138.50	4291.80	4043.97	4289.41	161416	0	200
2025.10.14	4289.43	4293.29	3890.86	4119.21	256161	0	200
2025.10.15	4119.14	4217.06	3930.56	3962.68	260481	0	200
2025.10.16	3962.96	4085.47	3826.28	3851.77	261120	0	200
2025.10.17	3851.80	3950.98	3673.59	3858.65	263722	0	200
2025.10.18	3859.30	3929.06	3819.61	3886.57	214451	0	200
2025.10.19	3886.46	4028.40	3827.60	4002.08	229039	0	200
2025.10.20	4002.18	4085.06	3909.51	3998.88	242945	0	200
2025.10.21	3998.92	4111.63	3840.72	3955.64	233825	0	200
2025.10.22	3955.70	3967.85	3770.02	3780.61	242804	0	200
2025.10.23	3780.60	3934.34	3709.11	3830.04	203371	0	200
2025.10.24	3829.96	4023.94	3822.13	3938.91	237727	0	200
2025.10.25	3938.88	3968.89	3912.92	3945.28	174540	0	200
2025.10.26	3945.35	4098.46	3920.45	4061.87	204718	0	200
2025.10.27	4062.22	4252.87	4054.68	4127.91	243504	0	200
2025.10.28	4127.90	4175.19	3959.43	3978.98	235870	0	200
2025.10.29	3979.10	4036.82	3838.05	3951.03	241723	0	200
2025.10.30	3951.16	3963.61	3677.64	3755.61	203558	0	200
2025.10.31	3755.55	3903.08	3746.55	3858.22	251328	0	200
2025.11.01	3857.50	3906.79	3829.08	3865.24	192688	0	200
2025.11.02	3865.31	3916.18	3837.63	3860.34	216847	0	200
2025.11.03	3860.35	3915.58	3557.28	3600.60	256632	0	200
2025.11.04	3600.61	3653.13	3054.17	3211.37	261058	0	200
2025.11.05	3211.58	3479.51	3166.36	3441.13	254357	0	200
2025.11.06	3441.22	3455.13	3243.13	3323.76	254947	0	200
2025.11.07	3323.74	3469.45	3190.21	3466.51	250368	0	200
2025.11.08	3466.49	3483.22	3353.50	3404.13	206272	0	200
2025.11.09	3404.13	3596.18	3356.87	3579.86	237233	0	200
2025.11.10	3579.91	3657.72	3505.90	3540.14	254284	0	200
2025.11.11	3540.15	3646.34	3406.24	3415.17	259039	0	200
2025.11.12	3415.13	3587.09	3370.37	3421.46	253387	0	200
2025.11.13	3421.48	3564.44	3150.03	3176.55	261061	0	200
2025.11.14	3176.58	3269.36	3067.11	3158.54	254725	0	200
2025.11.15	3158.54	3227.33	3086.02	3154.92	185225	0	200
2025.11.16	3154.88	3245.73	3023.22	3070.92	246654	0	200
2025.11.17	3070.91	3219.08	2954.66	3004.66	256746	0	200
2025.11.18	3004.81	3167.65	2941.87	3095.64	258051	0	200
2025.11.19	3095.64	3127.21	2869.15	2987.79	248934	0	200
2025.11.20	2987.64	3060.04	2787.40	2875.31	248503	0	200
2025.11.21	2874.43	2901.62	2619.17	2764.26	253097	0	200
2025.11.22	2764.19	2781.44	2708.81	2745.29	208601	0	200
2025.11.23	2745.05	2856.42	2739.17	2839.81	239276	0	200
2025.11.24	2839.80	2982.82	2761.25	2957.58	245837	0	200
2025.11.25	2957.55	2978.54	2855.13	2929.16	237420	0	200
2025.11.26	2929.08	3043.79	2887.03	3020.96	228129	0	200
2025.11.27	3020.99	3070.60	2984.97	3031.25	216546	0	200
2025.11.28	3031.49	3097.39	2993.00	3036.22	217566	0	200
2025.11.29	3036.23	3052.47	2962.71	2994.00	178590	0	200
2025.11.30	2993.96	3051.99	2975.84	3021.64	193929	0	200
2025.12.01	3021.64	3035.27	2717.21	2790.40	237645	0	200
2025.12.02	2790.43	3033.38	2781.07	2995.24	222623	0	200
2025.12.03	2995.23	3168.87	2985.71	3163.39	218563	0	200
2025.12.04	3163.39	3238.87	3064.57	3122.75	110620	0	200
2025.12.05	3122.65	3192.22	2983.47	3019.52	213067	0	200
2025.12.06	3019.56	3067.94	3005.75	3042.22	154437	0	200
2025.12.07	3042.27	3149.17	2908.80	3084.33	137271	0	200
2025.12.08	3084.26	3179.39	3013.11	3145.92	215390	0	200
2025.12.09	3145.91	3395.65	3090.21	3300.97	225930	0	200
2025.12.10	3300.89	3445.69	3287.67	3339.45	232163	0	200
2025.12.11	3339.53	3354.90	3144.16	3248.96	224207	0	200
2025.12.12	3249.24	3265.61	3045.06	3080.76	225550	0	200
2025.12.13	3080.31	3131.61	3077.57	3111.08	154306	0	200
2025.12.14	3111.08	3129.07	3049.53	3081.30	183787	0	200
2025.12.15	3081.32	3176.14	2892.34	2944.20	227158	0	200
2025.12.16	2944.76	2978.78	2877.30	2949.40	219260	0	200
2025.12.17	2949.49	3027.65	2788.60	2817.39	200254	0	200
2025.12.18	2817.87	2994.16	2773.33	2825.55	224747	0	200
2025.12.19	2826.89	3015.40	2806.22	2974.52	214666	0	200
2025.12.20	2974.51	2990.99	2963.39	2976.65	134629	0	200
2025.12.21	2976.65	3010.41	2941.56	2971.59	181224	0	200
2025.12.22	2971.63	3074.19	2961.66	2985.30	214195	0	200
2025.12.23	2985.57	3033.02	2897.77	2971.60	217829	0	200
2025.12.24	2971.60	2977.16	2884.78	2947.46	182067	0	200
2025.12.26	2943.69	2990.55	2888.24	2920.95	190674	0	200
2025.12.27	2920.92	2937.49	2911.88	2931.71	118074	0	200
2025.12.28	2931.73	2957.24	2921.02	2934.31	55722	0	200
2025.12.29	2934.47	3052.62	2905.55	2932.18	156110	0	200
2025.12.30	2932.19	3004.37	2913.45	2964.13	107377	0	200
2025.12.31	2964.22	3022.37	2955.93	2975.63	92690	0	200
2026.01.02	2984.31	3146.67	2982.30	3127.37	167121	0	200
2026.01.03	3127.37	3141.77	3073.43	3118.01	131059	0	200
2026.01.04	3118.00	3163.82	3110.32	3141.67	149966	0	200
2026.01.05	3141.67	3262.82	3127.58	3236.55	183755	0	200
2026.01.06	3236.56	3305.81	3179.22	3272.80	175818	0	200
2026.01.07	3272.67	3298.16	3121.23	3145.41	216480	0	200
2026.01.08	3145.46	3179.73	3048.83	3114.96	210895	0	200
2026.01.09	3115.01	3143.27	3054.29	3080.50	201815	0	200
2026.01.10	3080.51	3098.29	3069.56	3080.54	98495	0	200
2026.01.11	3080.54	3141.88	3073.12	3115.30	128934	0	200
2026.01.12	3115.29	3166.25	3060.75	3088.37	200938	0	200
2026.01.13	3088.39	3217.81	3084.12	3207.85	193225	0	200
2026.01.14	3207.84	3401.57	3207.73	3371.68	208824	0	200
2026.01.15	3371.69	3382.72	3272.14	3297.11	222736	0	200
2026.01.16	3297.11	3324.84	3249.64	3291.19	198946	0	200
2026.01.17	3291.21	3327.36	3279.91	3310.06	134390	0	200
2026.01.18	3310.06	3366.38	3293.17	3339.17	150956	0	200
2026.01.19	3339.17	3353.55	3175.27	3209.83	186218	0	200
2026.01.20	3209.79	3211.52	2975.60	2987.93	188746	0	200
2026.01.21	2988.01	3065.39	2862.31	3027.89	222601	0	200
2026.01.22	3027.90	3041.33	2901.96	2941.76	202501	0	200
2026.01.23	2941.77	3014.07	2887.44	2939.14	197722	0	200
2026.01.24	2938.84	2964.94	2938.43	2952.79	114100	0	200
2026.01.25	2952.81	2959.22	2782.91	2814.73	160951	0	200
2026.01.26	2814.89	2946.19	2782.29	2924.04	192764	0	200
2026.01.27	2923.92	3026.25	2894.67	3010.77	174730	0	200
2026.01.28	3010.77	3040.76	2978.23	3015.93	194488	0	200
2026.01.29	3015.95	3021.70	2749.61	2814.20	202867	0	200
2026.01.30	2814.28	2823.54	2631.27	2700.51	231231	0	200
2026.01.31	2699.64	2709.43	2235.25	2415.34	182903	0	200
2026.02.01	2415.41	2473.15	2276.75	2287.09	234137	0	200
2026.02.02	2287.16	2393.94	2154.91	2339.37	248089	0	200
2026.02.03	2339.37	2356.50	2107.57	2280.00	236581	0	200
2026.02.04	2280.11	2291.65	2071.46	2124.08	243095	0	200
2026.02.05	2123.93	2167.34	1819.10	1845.12	255460	0	200
2026.02.06	1844.90	2090.04	1742.03	2051.35	257194	0	200
2026.02.07	2051.36	2116.68	1992.22	2098.44	231987	0	200
2026.02.08	2098.40	2142.29	2063.95	2091.49	227036	0	200
2026.02.09	2093.27	2147.97	2006.26	2119.94	242117	0	200
2026.02.10	2120.06	2123.64	1988.02	2006.45	237208	0	200
2026.02.11	2006.45	2029.89	1900.86	1967.98	237876	0	150
2026.02.12	1968.04	1999.16	1895.85	1920.95	229722	0	150
2026.02.13	1920.90	2070.78	1917.70	2051.63	230263	0	150
2026.02.14	2051.63	2098.25	2040.65	2084.12	182542	0	150
2026.02.15	2084.01	2101.46	1927.18	1956.93	227270	0	150
2026.02.16	1957.49	2021.47	1936.04	1997.22	222108	0	150
2026.02.17	1997.20	2013.94	1939.57	1997.82	226278	0	150
2026.02.18	1997.81	2037.24	1921.86	1940.02	219197	0	150
2026.02.19	1940.02	1985.84	1905.05	1946.96	211498	0	150
2026.02.20	1946.55	1979.98	1921.56	1972.73	213691	0	150
2026.02.21	1972.76	1993.68	1954.45	1979.71	149620	0	150
2026.02.22	1980.56	1981.57	1933.73	1948.58	109900	0	150
2026.02.23	1949.62	1959.54	1835.94	1862.77	133974	0	150
2026.02.24	1862.35	1868.06	1800.59	1852.46	140841	0	150
2026.02.25	1852.70	2146.32	1845.57	2094.89	139131	0	150
2026.02.26	2100.10	2114.63	1974.95	2029.63	147132	0	150
2026.02.27	2030.10	2062.85	1906.53	1919.13	138554	0	150
2026.02.28	1920.21	1970.16	1834.46	1958.80	122447	0	150
2026.03.01	1959.12	2053.39	1906.44	1928.62	143737	0	150
2026.03.02	1928.30	2087.54	1913.31	2042.21	151800	0	150
2026.03.03	2042.65	2057.76	1927.90	1969.24	152324	0	150
2026.03.04	1967.75	2198.21	1944.22	2147.86	151004	0	150
2026.03.05	2150.70	2163.55	2053.31	2079.57	147008	0	150
2026.03.06	2080.00	2092.29	1954.83	1981.65	142225	0	150
2026.03.07	1983.31	1995.04	1947.28	1965.40	113974	0	150
2026.03.08	1965.32	1978.82	1924.16	1958.02	128997	0	150
2026.03.09	1957.80	2052.85	1912.92	2026.40	128704	0	150
2026.03.10	2025.05	2087.39	1988.80	2042.09	114774	0	150
2026.03.11	2041.90	2085.16	2006.15	2066.17	110293	0	150
2026.03.12	2068.05	2094.61	2017.05	2062.29	101108	0	150
2026.03.13	2062.65	2207.17	2054.97	2111.18	128007	0	150
2026.03.14	2110.97	2115.77	2065.21	2086.62	100049	0	150
2026.03.15	2085.96	2138.05	2081.57	2129.64	103626	0	150
2026.03.16	2131.00	2346.95	2122.82	2343.86	115367	0	150
2026.03.17	2345.10	2430.18	2295.48	2327.44	106901	0	150
2026.03.18	2327.80	2349.31	2152.35	2188.15	91168	0	150
2026.03.19	2186.50	2232.96	2098.00	2144.88	113297	0	150
2026.03.20	2145.60	2175.45	2115.67	2132.46	101715	0	150
2026.03.21	2132.87	2166.63	2129.39	2154.21	72537	0	150
2026.03.22	2153.92	2155.47	2049.48	2058.88	94741	0	150
2026.03.23	2058.30	2196.04	2021.74	2160.48	119871	0	150
2026.03.24	2160.50	2173.96	2101.33	2147.27	100304	0	150
2026.03.25	2146.90	2197.94	2138.69	2165.10	99311	0	150
2026.03.26	2165.40	2180.67	2031.89	2060.99	86944	0	150
2026.03.27	2062.60	2074.77	1969.05	1982.86	90916	0	150
2026.03.28	1984.20	2038.55	1978.06	2022.18	64185	0	150
2026.03.29	2022.82	2023.27	1981.60	1997.21	70526	0	150
2026.03.30	2000.50	2081.78	1936.62	2021.90	95764	0	150
2026.03.31	2020.20	2119.97	2009.64	2103.86	98284	0	150
2026.04.01	2104.90	2166.19	2080.34	2143.16	90415	0	150
2026.04.02	2142.70	2163.92	2015.44	2067.64	84003	0	150
2026.04.03	2067.60	2078.60	2041.39	2052.64	46849	0	150
2026.04.04	2052.24	2082.67	2043.31	2061.48	29528	0	150
2026.04.05	2062.52	2073.75	2020.93	2068.04	49270	0	150
2026.04.06	2067.80	2173.18	2050.08	2148.62	80828	0	150
2026.04.07	2148.20	2148.60	2060.10	2113.23	84352	0	150
2026.04.08	2114.60	2272.30	2114.60	2209.61	96805	0	150
2026.04.09	2209.30	2228.48	2156.63	2211.53	77934	0	150
2026.04.10	2213.00	2257.85	2175.80	2255.41	81157	0	150
2026.04.11	2254.99	2329.68	2229.34	2297.42	37753	0	150
2026.04.12	2297.24	2308.18	2176.38	2211.81	57762	0	150
2026.04.13	2213.60	2268.92	2174.79	2254.50	82052	0	150
2026.04.14	2252.60	2416.15	2250.21	2310.90	90689	0	150
2026.04.15	2315.20	2385.82	2309.33	2362.79	80410	0	150
2026.04.16	2362.60	2380.49	2284.79	2349.67	89809	0	150
2026.04.17	2349.90	2465.28	2317.66	2427.41	90988	0	150
2026.04.18	2427.17	2442.55	2339.53	2352.30	53989	0	150
2026.04.19	2353.83	2359.77	2273.79	2283.40	72564	0	150
2026.04.20	2281.25	2344.62	2252.68	2339.03	94723	0	150
2026.04.21	2337.80	2347.07	2285.78	2320.14	86092	0	150
2026.04.22	2315.20	2423.86	2302.17	2392.77	82086	0	150
2026.04.23	2391.60	2406.53	2284.98	2323.13	89545	0	150
2026.04.24	2325.00	2338.97	2300.26	2326.51	86710	0	150
2026.04.25	2325.73	2327.71	2300.92	2313.04	67017	0	150
2026.04.26	2313.17	2376.53	2306.69	2363.43	80934	0	150
2026.04.27	2365.02	2404.44	2265.63	2292.35	114182	0	150
2026.04.28	2290.00	2310.62	2257.27	2295.56	103786	0	150
2026.04.29	2294.20	2346.23	2218.82	2241.91	110492	0	150
2026.04.30	2238.70	2277.71	2229.93	2264.88	84817	0	150
2026.05.01	2262.50	2325.01	2251.76	2282.23	94135	0	150
2026.05.02	2284.36	2312.56	2283.95	2310.86	60592	0	150
2026.05.03	2311.15	2343.38	2297.00	2328.37	74596	0	150
2026.05.04	2327.28	2397.96	2307.99	2348.72	110707	0	150
2026.05.05	2348.80	2398.33	2343.22	2381.66	100126	0	150
2026.05.06	2381.50	2422.95	2336.86	2348.75	111081	0	150
2026.05.07	2350.00	2356.38	2279.14	2288.83	98530	0	150
2026.05.08	2288.30	2320.81	2264.83	2305.25	98943	0	150
2026.05.09	2304.93	2337.07	2299.25	2329.42	59572	0	150
2026.05.10	2328.64	2368.83	2310.72	2328.41	78458	0	150
2026.05.11	2328.37	2382.37	2302.55	2336.58	112921	0	150
2026.05.12	2336.90	2344.38	2254.87	2283.21	101131	0	150
2026.05.13	2284.00	2322.09	2232.51	2261.64	98305	0	150
2026.05.14	2262.00	2318.58	2237.07	2295.74	98958	0	150
2026.05.15	2297.00	2300.59	2203.06	2217.13	98656	0	150
2026.05.16	2218.52	2229.35	2168.62	2179.93	55733	0	150
2026.05.17	2180.57	2196.78	2166.79	2187.61	77999	0	150
2026.05.18	2187.04	2192.98	2076.26	2115.51	104613	0	150
2026.05.19	2114.90	2144.40	2092.54	2115.92	73108	0	150
2026.05.20	2115.80	2146.24	2100.13	2133.89	72210	0	150
2026.05.21	2132.90	2154.41	2102.09	2135.99	69551	0	150
2026.05.22	2135.60	2138.50	2054.74	2069.01	62775	0	150
2026.05.23	2070.77	2142.55	2007.45	2141.77	53888	0	150
2026.05.24	2141.19	2141.19	2076.43	2088.72	49227	0	150
2026.05.25	2089.46	2138.95	2059.10	2106.24	56586	0	150
2026.05.26	2106.30	2137.73	2051.96	2074.70	74372	0	150
2026.05.27	2075.00	2093.17	2039.14	2059.46	70383	0	150
2026.05.28	2058.90	2058.90	1963.68	2010.69	87354	0	150
2026.05.29	2010.40	2042.37	1973.17	2013.78	69226	0	150
2026.05.30	2015.08	2028.28	1998.76	2023.31	43362	0	150
2026.05.31	2023.97	2033.97	1990.65	2004.39	48746	0	150
2026.06.01	2003.35	2019.38	1954.94	2001.52	87129	0	150
2026.06.02	2002.30	2005.85	1879.58	1904.96	86178	0	150
2026.06.03	1903.10	1907.97	1768.68	1774.05	104155	0	150
2026.06.04	1778.30	1847.57	1715.57	1769.66	126181	0	150
2026.06.05	1772.25	1780.39	1537.88	1600.91	138203	0	150
2026.06.06	1602.46	1617.97	1504.56	1555.46	546541	0	150
2026.06.07	1557.00	1646.65	1550.37	1627.27	137515	0	150
2026.06.08	1626.82	1717.55	1622.42	1687.03	132018	0	150
2026.06.09	1689.10	1713.17	1612.07	1657.82	127585	0	150
2026.06.10	1658.60	1665.45	1604.58	1623.97	125901	0	150
2026.06.11	1628.00	1690.99	1602.00	1669.70	115443	0	150
2026.06.12	1669.95	1689.10	1648.99	1663.19	110932	0	150
2026.06.13	1664.18	1684.27	1658.02	1675.08	64499	0	150
2026.06.14	1675.09	1695.15	1653.31	1668.88	75814	0	150
2026.06.15	1668.88	1847.32	1667.03	1814.18	111346	0	150
2026.06.16	1815.20	1837.31	1756.79	1794.50	118403	0	150
2026.06.17	1795.50	1807.19	1727.03	1741.45	113756	0	150
2026.06.18	1744.85	1760.52	1668.95	1708.59	115088	0	150
2026.06.19	1707.75	1716.85	1676.65	1704.19	100555	0	150
2026.06.20	1704.49	1747.01	1698.36	1728.32	72330	0	150
2026.06.21	1728.04	1743.46	1714.36	1717.06	75078	0	150
2026.06.22	1717.26	1776.86	1698.66	1730.60	170491	0	150
2026.06.23	1731.65	1734.69	1634.30	1661.26	140982	0	150
2026.06.24	1661.35	1688.54	1550.03	1611.06	135368	0	150
2026.06.25	1610.60	1656.47	1529.59	1556.27	98765	0	150
2026.06.26	1557.10	1590.85	1508.87	1568.03	115269	0	150
2026.06.27	1567.34	1607.38	1565.36	1577.30	66549	0	150
2026.06.28	1579.85	1586.12	1553.44	1570.48	84350	0	150
2026.06.29	1569.39	1634.15	1545.12	1614.72	109708	0	150
2026.06.30	1614.80	1619.79	1547.33	1573.08	79012	0	150
2026.07.01	1572.60	1629.96	1550.20	1614.89	106706	0	150
2026.07.02	1615.50	1721.76	1594.70	1704.11	113052	0	150
2026.07.03	1703.10	1770.50	1689.39	1760.89	82863	0	150
2026.07.04	1763.03	1804.43	1741.94	1786.42	64353	0	150
2026.07.05	1784.90	1791.77	1746.96	1775.25	67329	0	150
2026.07.06	1772.75	1805.47	1727.20	1792.10	94391	0	150
2026.07.07	1791.15	1830.59	1755.35	1781.02	88775	0	150
2026.07.08	1782.25	1787.18	1710.48	1734.13	99712	0	150
2026.07.09	1734.20	1759.09	1719.48	1746.04	88739	0	150
2026.07.10	1746.75	1809.34	1735.45	1788.65	72994	0	150
2026.07.11	1788.19	1827.46	1785.71	1824.30	42953	0	150
2026.07.12	1824.84	1827.02	1777.40	1819.38	56939	0	150
2026.07.13	1819.72	1842.78	1748.10	1764.21	96066	0	150
2026.07.14	1764.85	1885.71	1750.17	1873.78	83076	0	150
2026.07.15	1873.60	1943.74	1862.42	1922.17	80341	0	150
2026.07.16	1921.70	1926.46	1860.44	1869.97	103006	0	150
2026.07.17	1869.20	1878.84	1800.81	1841.38	115290	0	150
2026.07.18	1841.81	1865.31	1833.08	1855.44	39385	0	150
2026.07.19	1854.92	1876.92	1850.95	1863.49	62051	0	150
2026.07.20	1864.76	1915.84	1840.89	1902.00	137081	0	150
2026.07.21	1902.90	1949.82	1891.75	1921.14	106653	0	150
2026.07.22	1921.40	1954.77	1908.13	1924.98	87843	0	150
2026.07.23	1925.30	1937.46	1921.43	1932.07	10206	0	150
