time,profit
2023.01.03 03:14:40,12.55
2023.01.03 03:14:40,4.63
2023.01.03 11:02:40,17.46
2023.01.03 22:20:40,48.42
2023.01.03 22:20:40,29.90
2023.01.03 22:20:40,10.94
2023.01.03 22:20:40,-7.40
2023.01.03 22:20:40,-7.14
2023.01.03 22:20:40,-13.76
2023.01.03 22:20:40,-18.82
2023.01.03 22:20:40,-23.72
2023.01.04 14:32:40,17.11
2023.01.04 17:14:40,11.90
2023.01.04 17:14:40,7.02
2023.01.04 19:34:40,17.34
2023.01.05 10:03:40,11.04
2023.01.05 10:03:40,5.70
2023.01.05 10:03:40,0.55
2023.01.05 19:24:40,190.78
2023.01.05 19:24:40,101.60
2023.01.05 19:24:40,68.09
2023.01.05 19:24:40,36.46
2023.01.05 19:24:40,0.53
2023.01.05 19:24:40,-22.10
2023.01.05 19:24:40,-40.29
2023.01.05 19:24:40,-58.42
2023.01.05 19:24:40,-76.49
2023.01.05 19:24:40,-23.98
2023.01.05 19:24:40,-28.60
2023.01.05 19:24:40,-33.99
2023.01.05 19:24:40,-38.75
2023.01.06 07:46:20,11.07
2023.01.06 07:46:20,6.17
2023.01.06 17:00:40,13.10
2023.01.06 17:00:40,7.36
2023.01.06 17:00:40,2.86
2023.01.06 17:00:40,-1.79
2023.01.09 09:42:40,12.96
2023.01.09 09:42:40,8.24
2023.01.09 09:42:40,2.75
2023.01.09 09:42:40,-5.40
2023.01.09 21:16:40,32.62
2023.01.09 21:16:40,3.46
2023.01.09 21:16:40,-1.49
2023.01.09 21:16:40,-6.07
2023.01.09 21:16:40,-11.39
2023.01.11 14:13:40,11.14
2023.01.11 14:13:40,6.00
2023.01.11 14:13:40,0.95
2023.01.12 01:10:40,17.92
2023.01.12 11:35:40,17.07
2023.01.12 15:33:40,17.08
2023.01.12 18:17:40,11.04
2023.01.12 18:17:40,6.38
2023.01.12 18:17:40,1.05
2023.01.12 20:09:40,11.33
2023.01.12 20:09:40,6.41
2023.01.13 08:19:40,11.96
2023.01.13 08:19:40,7.23
2023.01.13 16:39:40,17.19
2023.01.16 13:25:40,34.39
2023.01.16 13:25:40,15.67
2023.01.16 13:25:40,-1.08
2023.01.16 13:25:40,-5.79
2023.01.16 13:25:40,-10.52
2023.01.16 13:25:40,-15.26
2023.01.17 04:32:40,346.83
2023.01.17 04:32:40,214.72
2023.01.17 04:32:40,165.44
2023.01.17 04:32:40,117.09
2023.01.17 04:32:40,67.65
2023.01.17 04:32:40,9.96
2023.01.17 04:32:40,-26.49
2023.01.17 04:32:40,-71.08
2023.01.17 04:32:40,-104.27
2023.01.17 04:32:40,-78.36
2023.01.17 04:32:40,-100.31
2023.01.17 04:32:40,-120.39
2023.01.17 04:32:40,-140.04
2023.01.17 04:32:40,-40.87
2023.01.17 04:32:40,-48.26
2023.01.17 04:32:40,-53.33
2023.01.17 04:32:40,-58.76
2023.01.17 14:34:40,35.65
2023.01.17 14:34:40,15.24
2023.01.17 14:34:40,-0.89
2023.01.17 14:34:40,-5.65
2023.01.17 14:34:40,-10.67
2023.01.17 14:34:40,-15.38
2023.01.17 19:10:40,11.19
2023.01.17 19:10:40,6.06
2023.01.18 04:40:40,23.53
2023.01.18 04:44:40,12.38
2023.01.18 04:44:40,6.24
2023.01.18 06:10:40,17.18
2023.01.18 09:38:40,100.64
2023.01.18 09:38:40,37.89
2023.01.18 09:38:40,18.70
2023.01.18 09:38:40,-1.85
2023.01.18 09:38:40,-20.42
2023.01.18 09:38:40,-9.78
2023.01.18 09:38:40,-27.86
2023.01.18 09:38:40,-32.80
2023.01.18 09:38:40,-37.52
2023.01.18 11:30:40,12.28
2023.01.18 11:30:40,7.54
2023.01.18 11:30:40,2.89
2023.01.18 13:57:40,11.18
2023.01.18 13:57:40,5.91
2023.01.18 13:57:40,0.76
2023.01.19 03:17:20,17.22
2023.01.20 03:51:40,57.10
2023.01.20 03:51:40,33.50
2023.01.20 03:51:40,11.95
2023.01.20 03:51:40,-7.25
2023.01.20 03:51:40,-9.37
2023.01.20 03:51:40,-16.80
2023.01.20 03:51:40,-22.10
2023.01.20 03:51:40,-27.33
2023.01.20 12:51:40,12.04
2023.01.20 12:51:40,6.53
2023.01.20 19:30:20,34.34
2023.01.20 19:30:20,3.02
2023.01.20 19:30:20,-1.76
2023.01.20 19:30:20,-6.44
2023.01.20 19:30:20,-12.02
2023.01.23 08:06:40,11.06
2023.01.23 08:06:40,6.32
2023.01.24 12:33:40,12.12
2023.01.24 12:33:40,6.84
2023.01.24 12:33:40,2.00
2023.01.24 12:33:40,-2.95
2023.01.25 14:35:20,10.97
2023.01.25 14:35:20,6.25
2023.01.26 10:12:40,11.74
2023.01.26 10:12:40,6.65
2023.01.26 10:12:40,1.82
2023.01.26 10:12:40,-3.17
2023.01.27 01:28:40,33.40
2023.01.27 01:28:40,3.28
2023.01.27 01:28:40,-1.35
2023.01.27 01:28:40,-6.01
2023.01.27 01:28:40,-10.95
2023.01.30 10:47:40,12.11
2023.01.30 10:47:40,6.52
2023.01.30 10:47:40,1.78
2023.01.30 10:47:40,-3.34
2023.01.31 03:07:40,10.95
2023.01.31 03:07:40,6.19
2023.01.31 17:49:40,11.01
2023.01.31 17:49:40,6.34
2023.01.31 17:49:40,1.55
2023.02.01 11:06:40,35.16
2023.02.01 11:06:40,4.00
2023.02.01 11:06:40,-0.88
2023.02.01 11:06:40,-6.87
2023.02.01 11:06:40,-13.58
2023.02.02 14:37:40,11.83
2023.02.02 14:37:40,6.90
2023.02.03 16:21:40,11.90
2023.02.03 16:21:40,7.12
2023.02.03 16:21:40,2.47
2023.02.03 16:21:40,-2.79
2023.02.06 01:38:40,17.54
2023.02.07 10:27:40,36.67
2023.02.07 10:27:40,18.20
2023.02.07 10:27:40,-0.09
2023.02.07 10:27:40,-6.84
2023.02.07 10:27:40,-12.13
2023.02.07 10:27:40,-16.85
2023.02.07 20:37:40,10.94
2023.02.07 20:37:40,6.28
2023.02.09 03:08:40,10.95
2023.02.09 03:08:40,6.23
2023.02.09 07:47:40,13.43
2023.02.09 07:47:40,3.83
2023.02.09 10:00:40,33.85
2023.02.09 10:00:40,3.37
2023.02.09 10:00:40,-1.31
2023.02.09 10:00:40,-5.96
2023.02.09 10:00:40,-10.79
2023.02.10 10:00:40,17.48
2023.02.10 11:18:40,46.67
2023.02.10 11:18:40,27.72
2023.02.10 11:18:40,8.09
2023.02.10 11:18:40,-3.90
2023.02.10 11:18:40,-9.14
2023.02.10 11:18:40,-13.76
2023.02.10 11:18:40,-18.50
2023.02.13 01:20:40,11.85
2023.02.13 01:20:40,6.42
2023.02.13 11:51:40,17.16
2023.02.15 14:05:40,17.05
2023.02.15 18:38:40,11.02
2023.02.15 18:38:40,6.41
2023.02.20 04:10:40,10.74
2023.02.20 04:10:40,6.01
2023.02.20 04:10:40,0.90
2023.02.21 14:53:40,11.15
2023.02.21 14:53:40,5.94
2023.02.23 11:53:20,190.57
2023.02.23 11:53:20,145.58
2023.02.23 11:53:20,69.05
2023.02.23 11:53:20,35.82
2023.02.23 11:53:20,3.39
2023.02.23 11:53:20,-28.82
2023.02.23 11:53:20,-36.71
2023.02.23 11:53:20,-55.35
2023.02.23 11:53:20,-73.15
2023.02.23 11:53:20,-91.30
2023.02.23 11:53:20,-27.36
2023.02.23 11:53:20,-31.84
2023.02.23 11:53:20,-36.96
2023.02.23 11:53:20,-45.01
2023.02.24 01:13:40,10.89
2023.02.24 01:13:40,6.31
2023.02.24 11:43:40,41.12
2023.02.24 11:43:40,20.73
2023.02.24 11:43:40,2.51
2023.02.24 11:43:40,-4.52
2023.02.24 11:43:40,-9.02
2023.02.24 11:43:40,-13.63
2023.02.24 11:43:40,-18.23
2023.02.28 10:09:40,17.25
2023.02.28 17:53:40,43.94
2023.02.28 17:53:40,26.10
2023.02.28 17:53:40,7.37
2023.02.28 17:53:40,-2.95
2023.02.28 17:53:40,-7.50
2023.02.28 17:53:40,-12.51
2023.02.28 17:53:40,-18.54
2023.03.01 09:34:40,33.25
2023.03.01 09:34:40,3.36
2023.03.01 09:34:40,-1.17
2023.03.01 09:34:40,-5.61
2023.03.01 09:34:40,-11.04
2023.03.03 10:56:40,11.14
2023.03.03 10:56:40,6.17
2023.03.06 03:06:40,11.59
2023.03.06 03:06:40,7.28
2023.03.06 10:03:40,10.43
2023.03.06 10:03:40,6.00
2023.03.06 10:03:40,0.81
2023.03.07 01:58:40,11.12
2023.03.07 01:58:40,6.61
2023.03.07 10:46:40,33.19
2023.03.07 10:46:40,15.54
2023.03.07 10:46:40,-0.67
2023.03.07 10:46:40,-5.48
2023.03.07 10:46:40,-10.25
2023.03.07 10:46:40,-14.69
2023.03.08 16:21:20,10.81
2023.03.08 16:21:20,6.23
2023.03.09 10:36:40,10.13
2023.03.09 10:36:40,5.70
2023.03.09 10:36:40,1.20
2023.03.09 23:59:20,11.65
2023.03.09 23:59:20,6.52
2023.03.09 23:59:20,1.69
2023.03.09 23:59:20,-2.72
2023.03.10 04:30:40,19.05
2023.03.10 04:30:40,12.32
2023.03.10 05:36:40,10.16
2023.03.10 05:36:40,5.71
2023.03.10 05:36:40,1.20
2023.03.10 10:01:40,41.32
2023.03.10 10:01:40,23.48
2023.03.10 10:01:40,-4.20
2023.03.10 10:01:40,-8.78
2023.03.10 10:01:40,-13.64
2023.03.10 10:01:40,-18.28
2023.03.10 11:09:40,10.74
2023.03.10 11:09:40,6.09
2023.03.10 11:09:40,1.21
2023.03.10 16:49:40,11.97
2023.03.10 16:49:40,7.16
2023.03.10 16:49:40,2.71
2023.03.10 16:49:40,-1.81
2023.03.13 01:17:40,35.93
2023.03.13 01:17:40,3.31
2023.03.13 01:17:40,-1.36
2023.03.13 01:17:40,-5.84
2023.03.13 01:17:40,-10.58
2023.03.13 03:56:40,10.79
2023.03.13 03:56:40,6.31
2023.03.13 10:52:40,11.14
2023.03.13 10:52:40,5.92
2023.03.13 12:30:40,12.32
2023.03.13 12:30:40,7.60
2023.03.13 12:30:40,2.68
2023.03.13 14:43:40,11.38
2023.03.13 14:43:40,5.98
2023.03.13 16:48:40,37.23
2023.03.13 16:48:40,17.35
2023.03.13 16:48:40,-0.20
2023.03.13 16:48:40,-4.88
2023.03.13 16:48:40,-9.64
2023.03.13 16:48:40,-15.27
2023.03.13 19:15:40,10.89
2023.03.13 19:15:40,6.11
2023.03.14 11:31:40,11.14
2023.03.14 11:31:40,6.25
2023.03.14 17:54:20,40.40
2023.03.14 17:54:20,21.12
2023.03.14 17:54:20,3.09
2023.03.14 17:54:20,-4.14
2023.03.14 17:54:20,-8.58
2023.03.14 17:54:20,-14.65
2023.03.14 17:54:20,-19.34
2023.03.15 12:28:40,10.73
2023.03.15 12:28:40,5.71
2023.03.15 12:28:40,1.18
2023.03.15 13:12:40,17.33
2023.03.15 14:21:40,17.37
2023.03.15 15:07:40,11.31
2023.03.15 15:07:40,6.11
2023.03.15 15:07:40,0.84
2023.03.15 17:18:40,119.90
2023.03.15 17:18:40,86.63
2023.03.15 17:18:40,51.79
2023.03.15 17:18:40,10.05
2023.03.15 17:18:40,-12.87
2023.03.15 17:18:40,-35.79
2023.03.15 17:18:40,-56.00
2023.03.15 17:18:40,-18.84
2023.03.15 17:18:40,-23.43
2023.03.15 17:18:40,-28.18
2023.03.15 17:18:40,-33.45
2023.03.15 18:55:40,12.28
2023.03.15 18:55:40,7.14
2023.03.15 21:28:40,49.85
2023.03.15 21:28:40,28.55
2023.03.15 21:28:40,7.56
2023.03.15 21:28:40,-2.64
2023.03.15 21:28:40,-7.15
2023.03.15 21:28:40,-11.97
2023.03.15 21:28:40,-16.80
2023.03.16 02:52:40,17.34
2023.03.16 10:12:40,12.13
2023.03.16 10:12:40,7.13
2023.03.16 10:12:40,2.53
2023.03.16 10:12:40,-3.08
2023.03.16 11:25:20,36.42
2023.03.16 11:25:20,3.72
2023.03.16 11:25:20,-0.84
2023.03.16 11:25:20,-5.83
2023.03.16 11:25:20,-11.31
2023.03.16 13:50:40,10.91
2023.03.16 13:50:40,6.39
2023.03.16 16:52:40,37.36
2023.03.16 16:52:40,3.33
2023.03.16 16:52:40,-1.32
2023.03.16 16:52:40,-7.36
2023.03.16 16:52:40,-12.02
2023.03.16 17:52:40,13.21
2023.03.16 17:52:40,8.60
2023.03.16 17:52:40,3.16
2023.03.16 19:21:40,11.04
2023.03.16 19:21:40,6.40
2023.03.17 14:22:40,11.48
2023.03.17 14:22:40,6.77
2023.03.17 14:22:40,2.06
2023.03.17 14:22:40,-3.07
2023.03.20 03:54:40,11.84
2023.03.20 03:54:40,6.84
2023.03.20 03:54:40,2.30
2023.03.20 03:54:40,-2.52
2023.03.20 09:33:40,17.39
2023.03.20 11:14:40,18.23
2023.03.20 13:07:40,91.70
2023.03.20 13:07:40,31.14
2023.03.20 13:07:40,11.58
2023.03.20 13:07:40,-8.16
2023.03.20 13:07:40,-27.72
2023.03.20 13:07:40,-12.20
2023.03.20 13:07:40,-16.88
2023.03.20 13:07:40,-21.51
2023.03.20 13:07:40,-26.28
2023.03.20 15:41:40,11.30
2023.03.20 15:41:40,6.64
2023.03.20 20:56:40,36.47
2023.03.20 20:56:40,15.62
2023.03.20 20:56:40,-0.78
2023.03.20 20:56:40,-5.36
2023.03.20 20:56:40,-11.20
2023.03.20 20:56:40,-15.90
2023.03.21 11:06:40,11.56
2023.03.21 11:06:40,6.50
2023.03.21 11:06:40,1.87
2023.03.21 14:50:40,17.97
2023.03.21 17:23:40,35.31
2023.03.21 17:23:40,15.20
2023.03.21 17:23:40,-0.83
2023.03.21 17:23:40,-5.48
2023.03.21 17:23:40,-10.04
2023.03.21 17:23:40,-15.29
2023.03.21 18:43:40,10.52
2023.03.21 18:43:40,5.67
2023.03.21 18:43:40,0.97
2023.03.22 20:59:40,38.30
2023.03.22 20:59:40,5.01
2023.03.22 20:59:40,0.47
2023.03.22 20:59:40,-4.45
2023.03.22 20:59:40,-9.03
2023.03.23 11:30:40,11.55
2023.03.23 11:30:40,6.45
2023.03.23 11:30:40,1.68
2023.03.23 21:21:40,11.08
2023.03.23 21:21:40,6.57
2023.03.24 11:05:40,17.28
2023.03.24 16:29:40,60.58
2023.03.24 16:29:40,40.18
2023.03.24 16:29:40,19.42
2023.03.24 16:29:40,-0.49
2023.03.24 16:29:40,-5.94
2023.03.24 16:29:40,-10.88
2023.03.24 16:29:40,-15.77
2023.03.24 16:29:40,-22.33
2023.03.24 19:03:40,10.94
2023.03.24 19:03:40,6.11
2023.03.27 09:53:40,10.91
2023.03.27 09:53:40,6.30
2023.03.27 12:51:40,11.43
2023.03.27 12:51:40,6.20
2023.03.28 03:53:40,40.89
2023.03.28 03:53:40,22.42
2023.03.28 03:53:40,4.01
2023.03.28 03:53:40,-3.93
2023.03.28 03:53:40,-8.56
2023.03.28 03:53:40,-13.41
2023.03.28 03:53:40,-18.55
2023.03.28 14:55:40,11.14
2023.03.28 14:55:40,6.36
2023.03.29 03:18:40,33.55
2023.03.29 03:18:40,3.66
2023.03.29 03:18:40,-1.14
2023.03.29 03:18:40,-5.74
2023.03.29 03:18:40,-10.73
2023.03.29 14:36:40,17.16
2023.03.30 13:06:40,17.31
2023.03.30 16:04:40,11.16
2023.03.30 16:04:40,6.64
2023.03.31 02:33:40,10.36
2023.03.31 02:33:40,5.71
2023.03.31 02:33:40,1.06
2023.04.03 18:11:40,120.51
2023.04.03 18:11:40,87.31
2023.04.03 18:11:40,51.64
2023.04.03 18:11:40,19.71
2023.04.03 18:11:40,-7.11
2023.04.03 18:11:40,-25.18
2023.04.03 18:11:40,-45.00
2023.04.03 18:11:40,-64.45
2023.04.03 18:11:40,-21.22
2023.04.03 18:11:40,-25.77
2023.04.03 18:11:40,-30.40
2023.04.03 18:11:40,-35.49
2023.04.04 11:27:40,11.00
2023.04.04 11:27:40,5.85
2023.04.04 11:27:40,1.28
2023.04.04 17:03:40,12.28
2023.04.04 17:03:40,7.66
2023.04.04 17:03:40,3.12
2023.04.04 17:03:40,-1.56
2023.04.05 19:46:20,10.87
2023.04.05 19:46:20,6.17
2023.04.06 10:05:40,35.25
2023.04.06 10:05:40,3.65
2023.04.06 10:05:40,-1.46
2023.04.06 10:05:40,-6.86
2023.04.06 10:05:40,-11.93
2023.04.07 17:44:40,17.19
2023.04.10 14:51:40,11.71
2023.04.10 14:51:40,5.62
2023.04.11 18:01:40,17.32
2023.04.12 17:33:40,17.31
2023.04.13 12:18:00,10.79
2023.04.13 12:18:00,6.25
2023.04.13 21:21:40,10.62
2023.04.13 21:21:40,5.95
2023.04.13 21:21:40,1.02
2023.04.14 21:19:40,11.42
2023.04.14 21:19:40,5.15
2023.04.14 21:19:40,0.60
2023.04.19 10:10:40,12.97
2023.04.19 10:10:40,8.02
2023.04.21 17:09:40,10.95
2023.04.21 17:09:40,5.64
2023.04.21 17:09:40,0.70
2023.04.24 16:06:20,17.12
2023.04.26 13:43:40,41.20
2023.04.26 13:43:40,21.48
2023.04.26 13:43:40,2.90
2023.04.26 13:43:40,-3.91
2023.04.26 13:43:40,-8.61
2023.04.26 13:43:40,-13.90
2023.04.26 13:43:40,-18.50
2023.04.27 15:06:40,532.56
2023.04.27 15:06:40,460.33
2023.04.27 15:06:40,382.59
2023.04.27 15:06:40,250.10
2023.04.27 15:06:40,191.22
2023.04.27 15:06:40,130.26
2023.04.27 15:06:40,69.89
2023.04.27 15:06:40,8.45
2023.04.27 15:06:40,-39.98
2023.04.27 15:06:40,-87.07
2023.04.27 15:06:40,-142.57
2023.04.27 15:06:40,-133.08
2023.04.27 15:06:40,-164.89
2023.04.27 15:06:40,-196.80
2023.04.27 15:06:40,-233.33
2023.04.27 15:06:40,-152.09
2023.04.27 15:06:40,-170.09
2023.04.27 15:06:40,-188.11
2023.04.27 15:06:40,-206.52
2023.04.27 15:06:40,-56.14
2023.04.27 15:06:40,-60.68
2023.04.27 15:06:40,-65.40
2023.04.27 15:06:40,-70.23
2023.04.28 04:53:40,12.01
2023.04.28 04:53:40,7.50
2023.04.28 04:53:40,2.54
2023.04.28 04:53:40,-2.28
2023.04.28 06:24:40,16.02
2023.04.28 06:24:40,11.43
2023.04.28 06:24:40,6.91
2023.04.28 06:24:40,1.94
2023.04.28 07:00:40,17.52
2023.04.28 07:00:40,6.30
2023.04.28 07:00:40,1.20
2023.04.28 09:41:40,17.19
2023.04.28 12:58:40,10.95
2023.04.28 12:58:40,6.38
2023.04.28 17:51:40,17.18
2023.05.01 06:45:40,10.60
2023.05.01 06:45:40,6.02
2023.05.01 06:45:40,0.83
2023.05.03 13:47:40,194.59
2023.05.03 13:47:40,147.61
2023.05.03 13:47:40,71.10
2023.05.03 13:47:40,39.14
2023.05.03 13:47:40,6.40
2023.05.03 13:47:40,-24.59
2023.05.03 13:47:40,-35.23
2023.05.03 13:47:40,-53.41
2023.05.03 13:47:40,-75.61
2023.05.03 13:47:40,-93.61
2023.05.03 13:47:40,-27.95
2023.05.03 13:47:40,-32.85
2023.05.03 13:47:40,-40.70
2023.05.03 13:47:40,-50.29
2023.05.04 00:11:40,11.71
2023.05.04 00:11:40,6.76
2023.05.04 13:06:40,11.36
2023.05.04 13:06:40,6.25
2023.05.04 17:53:40,11.11
2023.05.04 17:53:40,6.21
2023.05.05 10:39:40,10.80
2023.05.05 10:39:40,6.13
2023.05.05 10:39:40,1.45
2023.05.05 18:30:20,96.53
2023.05.05 18:30:20,63.94
2023.05.05 18:30:20,14.90
2023.05.05 18:30:20,-3.43
2023.05.05 18:30:20,-22.23
2023.05.05 18:30:20,-41.21
2023.05.05 18:30:20,-15.12
2023.05.05 18:30:20,-20.11
2023.05.05 18:30:20,-24.87
2023.05.05 18:30:20,-29.61
2023.05.08 17:36:40,33.68
2023.05.08 17:36:40,3.71
2023.05.08 17:36:40,-0.80
2023.05.08 17:36:40,-5.41
2023.05.08 17:36:40,-10.02
2023.05.09 10:39:40,11.34
2023.05.09 10:39:40,6.75
2023.05.10 15:30:20,11.82
2023.05.10 15:30:20,7.21
2023.05.10 15:30:20,2.48
2023.05.10 15:30:20,-2.41
2023.05.10 19:10:20,11.59
2023.05.10 19:10:20,5.64
2023.05.12 04:05:40,34.69
2023.05.12 04:05:40,4.12
2023.05.12 04:05:40,-1.03
2023.05.12 04:05:40,-5.90
2023.05.12 04:05:40,-10.84
2023.05.12 12:41:40,10.40
2023.05.12 12:41:40,5.56
2023.05.12 12:41:40,1.18
2023.05.15 09:02:40,17.37
2023.05.16 16:43:40,10.84
2023.05.16 16:43:40,6.33
2023.05.19 14:55:40,17.10
2023.05.22 12:04:40,11.39
2023.05.22 12:04:40,5.61
2023.05.24 13:20:40,167.94
2023.05.24 13:20:40,86.64
2023.05.24 13:20:40,56.12
2023.05.24 13:20:40,25.77
2023.05.24 13:20:40,-3.86
2023.05.24 13:20:40,-19.58
2023.05.24 13:20:40,-37.13
2023.05.24 13:20:40,-54.41
2023.05.24 13:20:40,-72.27
2023.05.24 13:20:40,-22.46
2023.05.24 13:20:40,-26.94
2023.05.24 13:20:40,-31.26
2023.05.24 13:20:40,-35.77
2023.05.24 23:33:40,10.61
2023.05.24 23:33:40,5.75
2023.05.24 23:33:40,1.21
2023.05.25 22:17:40,12.53
2023.05.25 22:17:40,5.18
2023.05.30 10:12:40,45.56
2023.05.30 10:12:40,27.42
2023.05.30 10:12:40,8.07
2023.05.30 10:12:40,-9.29
2023.05.30 10:12:40,-6.77
2023.05.30 10:12:40,-11.30
2023.05.30 10:12:40,-16.02
2023.05.30 10:12:40,-20.30
2023.05.30 18:11:40,10.64
2023.05.30 18:11:40,5.52
2023.05.30 18:11:40,1.04
2023.05.31 09:45:40,17.82
2023.05.31 17:58:40,11.54
2023.05.31 17:58:40,7.06
2023.06.01 10:13:40,33.46
2023.06.01 10:13:40,14.64
2023.06.01 10:13:40,-1.06
2023.06.01 10:13:40,-5.44
2023.06.01 10:13:40,-9.88
2023.06.01 10:13:40,-14.64
2023.06.01 16:11:40,11.26
2023.06.01 16:11:40,6.79
2023.06.01 16:11:40,2.51
2023.06.01 16:11:40,-2.16
2023.06.02 03:43:20,12.69
2023.06.02 03:43:20,6.16
2023.06.02 03:43:20,1.69
2023.06.02 03:43:20,-3.00
2023.06.02 17:55:40,11.02
2023.06.02 17:55:40,5.99
2023.06.05 17:00:40,37.65
2023.06.05 17:00:40,5.06
2023.06.05 17:00:40,0.68
2023.06.05 17:00:40,-3.77
2023.06.05 17:00:40,-8.10
2023.06.05 20:00:40,11.48
2023.06.05 20:00:40,5.68
2023.06.07 08:59:40,10.46
2023.06.07 08:59:40,5.90
2023.06.07 08:59:40,1.33
2023.06.08 15:23:40,14.69
2023.06.08 15:23:40,10.03
2023.06.08 15:23:40,5.37
2023.06.08 15:23:40,1.03
2023.06.09 05:57:40,11.40
2023.06.09 05:57:40,5.64
2023.06.09 15:33:20,34.80
2023.06.09 15:33:20,17.26
2023.06.09 15:33:20,-0.20
2023.06.09 15:33:20,-6.81
2023.06.09 15:33:20,-11.16
2023.06.09 15:33:20,-15.63
2023.06.12 13:23:40,10.80
2023.06.12 13:23:40,6.42
2023.06.13 09:45:40,31.90
2023.06.13 09:45:40,3.52
2023.06.13 09:45:40,-1.35
2023.06.13 09:45:40,-5.89
2023.06.13 09:45:40,-10.25
2023.06.13 18:13:40,11.74
2023.06.13 18:13:40,7.41
2023.06.15 04:13:40,17.09
2023.06.15 18:03:40,17.60
2023.06.16 05:47:40,11.33
2023.06.16 05:47:40,6.46
2023.06.16 09:38:40,12.26
2023.06.16 09:38:40,6.05
2023.06.16 19:12:20,10.85
2023.06.16 19:12:20,6.47
2023.06.21 09:26:40,31.58
2023.06.21 09:26:40,3.61
2023.06.21 09:26:40,-0.82
2023.06.21 09:26:40,-5.23
2023.06.21 09:26:40,-10.00
2023.06.22 17:26:40,17.61
2023.06.23 13:07:20,11.13
2023.06.23 13:07:20,5.40
2023.06.23 13:07:20,0.48
2023.06.26 14:40:20,17.85
2023.06.27 12:37:40,11.47
2023.06.27 12:37:40,5.15
2023.06.27 12:37:40,0.81
2023.06.27 20:17:20,10.84
2023.06.27 20:17:20,6.48
2023.06.30 17:22:20,10.19
2023.06.30 17:22:20,6.03
2023.06.30 17:22:20,1.45
2023.07.06 15:16:40,33.66
2023.07.06 15:16:40,3.56
2023.07.06 15:16:40,-1.13
2023.07.06 15:16:40,-6.15
2023.07.06 15:16:40,-10.43
2023.07.11 05:37:40,559.08
2023.07.11 05:37:40,479.86
2023.07.11 05:37:40,411.28
2023.07.11 05:37:40,341.24
2023.07.11 05:37:40,208.00
2023.07.11 05:37:40,151.48
2023.07.11 05:37:40,95.75
2023.07.11 05:37:40,38.36
2023.07.11 05:37:40,-13.08
2023.07.11 05:37:40,-66.02
2023.07.11 05:37:40,-108.88
2023.07.11 05:37:40,-157.85
2023.07.11 05:37:40,-142.98
2023.07.11 05:37:40,-190.70
2023.07.11 05:37:40,-233.13
2023.07.11 05:37:40,-266.71
2023.07.11 05:37:40,-172.14
2023.07.11 05:37:40,-189.17
2023.07.11 05:37:40,-206.66
2023.07.11 05:37:40,-223.40
2023.07.11 05:37:40,-60.18
2023.07.11 05:37:40,-64.48
2023.07.11 05:37:40,-68.94
2023.07.11 05:37:40,-73.71
2023.07.11 17:11:20,34.40
2023.07.11 17:11:20,16.14
2023.07.11 17:11:20,-0.97
2023.07.11 17:11:20,-5.89
2023.07.11 17:11:20,-10.70
2023.07.11 17:11:20,-15.14
2023.07.12 11:03:40,10.90
2023.07.12 11:03:40,6.40
2023.07.12 16:26:40,11.25
2023.07.12 16:26:40,6.75
2023.07.12 16:26:40,1.99
2023.07.12 16:26:40,-2.92
2023.07.13 05:16:40,11.47
2023.07.13 05:16:40,6.77
2023.07.14 04:35:20,46.35
2023.07.14 04:35:20,28.66
2023.07.14 04:35:20,9.18
2023.07.14 04:35:20,-9.50
2023.07.14 04:35:20,-6.73
2023.07.14 04:35:20,-11.81
2023.07.14 04:35:20,-17.29
2023.07.14 04:35:20,-21.81
2023.07.14 11:18:40,17.31
2023.07.14 17:35:40,31.04
2023.07.14 17:35:40,3.36
2023.07.14 17:35:40,-1.01
2023.07.14 17:35:40,-5.52
2023.07.14 17:35:40,-9.87
2023.07.17 15:54:40,11.23
2023.07.17 15:54:40,6.15
2023.07.17 15:54:40,1.84
2023.07.18 16:38:40,11.04
2023.07.18 16:38:40,6.64
2023.07.18 16:38:40,1.68
2023.07.18 16:47:40,10.48
2023.07.18 16:47:40,5.78
2023.07.18 16:47:40,1.11
2023.07.19 12:11:40,17.17
2023.07.20 15:04:40,45.73
2023.07.20 15:04:40,27.05
2023.07.20 15:04:40,9.11
2023.07.20 15:04:40,-8.08
2023.07.20 15:04:40,-6.39
2023.07.20 15:04:40,-11.03
2023.07.20 15:04:40,-16.99
2023.07.20 15:04:40,-22.32
2023.07.21 10:25:40,37.14
2023.07.21 10:25:40,4.57
2023.07.21 10:25:40,-0.45
2023.07.21 10:25:40,-5.64
2023.07.21 10:25:40,-10.18
2023.07.21 11:05:40,17.87
2023.07.24 04:48:40,34.74
2023.07.24 04:48:40,16.14
2023.07.24 04:48:40,-0.32
2023.07.24 04:48:40,-5.04
2023.07.24 04:48:40,-10.52
2023.07.24 04:48:40,-14.84
2023.07.27 10:39:40,11.76
2023.07.27 10:39:40,6.95
2023.07.27 10:39:40,2.01
2023.07.27 10:39:40,-3.18
2023.07.27 16:07:40,10.92
2023.07.27 16:07:40,6.45
2023.07.27 20:04:40,17.40
2023.07.27 20:12:40,13.56
2023.07.27 20:12:40,8.58
2023.07.27 21:37:40,10.98
2023.07.27 21:37:40,6.18
2023.07.28 06:28:40,263.63
2023.07.28 06:28:40,228.70
2023.07.28 06:28:40,196.25
2023.07.28 06:28:40,164.91
2023.07.28 06:28:40,76.50
2023.07.28 06:28:40,58.71
2023.07.28 06:28:40,38.73
2023.07.28 06:28:40,19.49
2023.07.28 06:28:40,-5.02
2023.07.28 06:28:40,-9.35
2023.07.28 06:28:40,-14.63
2023.07.28 06:28:40,-20.18
2023.07.28 06:28:59,19.62
2023.07.28 06:28:59,-0.90
2023.07.28 06:36:40,22.84
2023.07.28 06:36:40,3.09
2023.07.28 06:40:40,20.12
2023.07.28 06:40:40,11.45
2023.07.28 06:40:40,-2.89
2023.07.28 07:02:40,13.18
2023.07.28 07:02:40,7.77
2023.07.28 07:14:40,18.59
2023.07.28 08:33:40,62.67
2023.07.28 08:33:40,39.74
2023.07.28 08:33:40,-3.23
2023.07.28 08:33:40,-6.60
2023.07.28 08:33:40,-11.28
2023.07.28 08:33:40,-23.49
2023.07.28 08:33:40,-31.97
2023.07.28 09:50:20,39.17
2023.07.28 09:50:20,15.74
2023.07.28 09:50:20,-1.46
2023.07.28 09:50:20,-7.07
2023.07.28 09:50:20,-11.78
2023.07.28 09:50:20,-16.54
2023.07.28 11:24:40,11.71
2023.07.28 11:24:40,5.58
2023.07.28 15:17:40,11.77
2023.07.28 15:17:40,6.91
2023.07.28 19:43:40,17.68
2023.07.31 04:37:40,11.24
2023.07.31 04:37:40,6.91
2023.07.31 09:51:40,10.62
2023.07.31 09:51:40,6.38
2023.08.02 11:02:40,125.93
2023.08.02 11:02:40,95.68
2023.08.02 11:02:40,64.85
2023.08.02 11:02:40,29.59
2023.08.02 11:02:40,-1.56
2023.08.02 11:02:40,-22.62
2023.08.02 11:02:40,-41.19
2023.08.02 11:02:40,-62.96
2023.08.02 11:02:40,-20.86
2023.08.02 11:02:40,-25.74
2023.08.02 11:02:40,-30.26
2023.08.02 11:02:40,-34.97
2023.08.02 17:06:40,11.47
2023.08.02 17:06:40,6.93
2023.08.02 17:06:40,2.41
2023.08.02 17:06:40,-2.84
2023.08.03 10:28:40,13.19
2023.08.03 10:28:40,6.32
2023.08.03 10:28:40,2.08
2023.08.03 10:28:40,-3.32
2023.08.03 17:15:40,11.69
2023.08.03 17:15:40,5.25
2023.08.03 17:15:40,1.02
2023.08.04 12:03:40,10.25
2023.08.04 12:03:40,5.78
2023.08.04 12:03:40,1.55
2023.08.07 03:15:40,11.72
2023.08.07 03:15:40,5.31
2023.08.07 18:45:40,11.42
2023.08.07 18:45:40,6.79
2023.08.07 18:45:40,2.19
2023.08.07 18:45:40,-2.63
2023.08.08 08:59:40,17.60
2023.08.08 10:20:40,49.54
2023.08.08 10:20:40,32.52
2023.08.08 10:20:40,14.89
2023.08.08 10:20:40,-2.02
2023.08.08 10:20:40,-5.02
2023.08.08 10:20:40,-9.27
2023.08.08 10:20:40,-13.67
2023.08.08 10:20:40,-18.00
2023.08.08 14:38:40,10.80
2023.08.08 14:38:40,6.27
2023.08.08 17:43:40,32.31
2023.08.08 17:43:40,3.75
2023.08.08 17:43:40,-0.91
2023.08.08 17:43:40,-5.27
2023.08.08 17:43:40,-10.43
2023.08.10 11:07:40,17.13
2023.08.10 16:46:40,11.40
2023.08.10 16:46:40,5.88
2023.08.14 19:50:40,11.12
2023.08.14 19:50:40,6.53
2023.08.18 09:42:40,112.58
2023.08.18 09:42:40,81.55
2023.08.18 09:42:40,50.43
2023.08.18 09:42:40,19.72
2023.08.18 09:42:40,-5.55
2023.08.18 09:42:40,-23.00
2023.08.18 09:42:40,-42.94
2023.08.18 09:42:40,-59.62
2023.08.18 09:42:40,-19.51
2023.08.18 09:42:40,-23.94
2023.08.18 09:42:40,-28.42
2023.08.18 09:42:40,-32.63
2023.08.21 05:15:40,31.45
2023.08.21 05:15:40,3.53
2023.08.21 05:15:40,-1.06
2023.08.21 05:15:40,-5.21
2023.08.21 05:15:40,-10.78
2023.08.21 18:18:40,17.34
2023.08.22 11:56:40,29.97
2023.08.22 11:56:40,3.21
2023.08.22 11:56:40,-0.91
2023.08.22 11:56:40,-5.13
2023.08.22 11:56:40,-9.47
2023.08.23 17:35:40,17.04
2023.08.24 06:23:40,32.88
2023.08.24 06:23:40,16.27
2023.08.24 06:23:40,-0.85
2023.08.24 06:23:40,-6.07
2023.08.24 06:23:40,-10.22
2023.08.24 06:23:40,-14.72
2023.08.24 22:38:40,10.56
2023.08.24 22:38:40,6.38
2023.08.24 22:38:40,2.25
2023.08.24 22:38:40,-1.92
2023.08.25 21:21:20,10.09
2023.08.25 21:21:20,5.83
2023.08.25 21:21:20,1.68
2023.08.29 10:11:20,29.59
2023.08.29 10:11:20,3.30
2023.08.29 10:11:20,-0.96
2023.08.29 10:11:20,-5.09
2023.08.29 10:11:20,-9.29
2023.08.31 11:10:40,10.73
2023.08.31 11:10:40,6.51
2023.08.31 11:10:40,2.34
2023.08.31 11:10:40,-1.91
2023.09.01 15:30:40,18.74
2023.09.01 16:55:40,31.96
2023.09.01 16:55:40,3.53
2023.09.01 16:55:40,-1.46
2023.09.01 16:55:40,-5.71
2023.09.01 16:55:40,-10.89
2023.09.05 17:01:40,18.24
2023.09.06 09:04:40,40.28
2023.09.06 09:04:40,20.05
2023.09.06 09:04:40,2.52
2023.09.06 09:04:40,-4.47
2023.09.06 09:04:40,-8.61
2023.09.06 09:04:40,-12.77
2023.09.06 09:04:40,-16.99
2023.09.07 14:59:20,11.49
2023.09.07 14:59:20,5.57
2023.09.08 04:25:40,35.65
2023.09.08 04:25:40,15.89
2023.09.08 04:25:40,-0.60
2023.09.08 04:25:40,-4.71
2023.09.08 04:25:40,-8.94
2023.09.08 04:25:40,-15.18
2023.09.11 00:14:40,10.28
2023.09.11 00:14:40,5.79
2023.09.11 00:14:40,1.43
2023.09.11 08:05:40,11.55
2023.09.11 08:05:40,5.69
2023.09.11 12:59:40,30.77
2023.09.11 12:59:40,3.51
2023.09.11 12:59:40,-0.75
2023.09.11 12:59:40,-4.84
2023.09.11 12:59:40,-9.25
2023.09.12 18:21:40,10.64
2023.09.12 18:21:40,6.41
2023.09.14 03:39:40,29.90
2023.09.14 03:39:40,3.37
2023.09.14 03:39:40,-0.96
2023.09.14 03:39:40,-5.57
2023.09.14 03:39:40,-9.73
2023.09.14 19:26:20,10.64
2023.09.14 19:26:20,6.47
2023.09.15 10:59:40,10.15
2023.09.15 10:59:40,5.95
2023.09.15 10:59:40,1.20
2023.09.21 10:30:40,15.36
2023.09.21 10:30:40,10.20
2023.09.21 10:30:40,6.12
2023.09.21 11:53:40,10.86
2023.09.21 11:53:40,6.59
2023.09.22 07:12:40,42.07
2023.09.22 07:12:40,22.58
2023.09.22 07:12:40,0.41
2023.09.22 07:12:40,-10.46
2023.09.22 07:12:40,-14.68
2023.09.22 07:12:40,-18.78
2023.09.25 10:25:40,10.02
2023.09.25 10:25:40,5.79
2023.09.25 10:25:40,1.45
2023.09.27 02:50:40,10.83
2023.09.27 02:50:40,6.50
2023.09.28 17:28:40,31.20
2023.09.28 17:28:40,15.01
2023.09.28 17:28:40,-0.53
2023.09.28 17:28:40,-4.86
2023.09.28 17:28:40,-9.63
2023.09.28 17:28:40,-13.77
2023.10.02 10:34:20,17.13
2023.10.02 15:04:20,31.04
2023.10.02 15:04:20,14.37
2023.10.02 15:04:20,-0.69
2023.10.02 15:04:20,-4.71
2023.10.02 15:04:20,-9.36
2023.10.02 15:04:20,-13.37
2023.10.03 14:02:40,18.06
2023.10.03 17:12:40,34.60
2023.10.03 17:12:40,30.25
2023.10.04 13:00:40,130.04
2023.10.04 13:00:40,-7.11
2023.10.04 13:00:40,-31.61
2023.10.04 13:00:40,-12.07
2023.10.04 13:00:40,-16.37
2023.10.04 13:00:40,-20.41
2023.10.04 13:00:40,-24.43
2023.10.06 09:07:20,10.57
2023.10.06 09:07:20,6.54
2023.10.10 09:03:40,17.38
2023.10.11 15:04:40,10.62
2023.10.11 15:04:40,6.48
2023.10.16 20:55:40,17.07
2023.10.17 16:16:20,13.89
2023.10.17 16:16:20,3.66
2023.10.17 16:16:20,-0.50
2023.10.19 19:02:40,17.93
2023.10.19 23:30:40,10.92
2023.10.19 23:30:40,6.13
2023.10.27 16:32:40,463.78
2023.10.27 16:32:40,393.38
2023.10.27 16:32:40,267.51
2023.10.27 16:32:40,198.57
2023.10.27 16:32:40,144.56
2023.10.27 16:32:40,89.50
2023.10.27 16:32:40,28.71
2023.10.27 16:32:40,-12.13
2023.10.27 16:32:40,-55.46
2023.10.27 16:32:40,-97.93
2023.10.27 16:32:40,-96.65
2023.10.27 16:32:40,-127.82
2023.10.27 16:32:40,-156.62
2023.10.27 16:32:40,-185.29
2023.10.27 16:32:40,-122.14
2023.10.27 16:32:40,-138.38
2023.10.27 16:32:40,-154.41
2023.10.27 16:32:40,-170.57
2023.10.27 16:32:40,-46.71
2023.10.27 16:32:40,-50.82
2023.10.27 16:32:40,-59.42
2023.10.27 16:32:40,-80.50
2023.10.31 06:32:40,87.09
2023.10.31 06:32:40,54.55
2023.10.31 06:32:40,14.96
2023.10.31 06:32:40,-1.30
2023.10.31 06:32:40,-17.40
2023.10.31 06:32:40,-34.73
2023.10.31 06:32:40,-13.39
2023.10.31 06:32:40,-17.79
2023.10.31 06:32:40,-22.32
2023.10.31 06:32:40,-26.54
2023.10.31 11:12:40,10.87
2023.10.31 11:12:40,6.40
2023.11.01 05:09:20,10.46
2023.11.01 05:09:20,6.18
2023.11.01 05:09:20,2.16
2023.11.01 05:09:20,-1.78
2023.11.06 04:55:20,10.97
2023.11.06 04:55:20,6.33
2023.11.06 04:55:20,1.99
2023.11.06 04:55:20,-2.27
2023.11.10 12:44:40,17.24
2023.11.13 17:07:40,41.73
2023.11.13 17:07:40,25.82
2023.11.13 17:07:40,10.12
2023.11.13 17:07:40,-5.99
2023.11.13 17:07:40,-5.47
2023.11.13 17:07:40,-9.46
2023.11.13 17:07:40,-13.38
2023.11.13 17:07:40,-17.52
2023.11.14 15:30:40,11.44
2023.11.14 15:30:40,7.39
2023.11.15 16:19:40,17.07
2023.11.16 20:11:40,83.28
2023.11.16 20:11:40,55.18
2023.11.16 20:11:40,14.63
2023.11.16 20:11:40,-1.34
2023.11.16 20:11:40,-19.63
2023.11.16 20:11:40,-35.74
2023.11.16 20:11:40,-13.04
2023.11.16 20:11:40,-17.04
2023.11.16 20:11:40,-21.20
2023.11.16 20:11:40,-25.36
2023.11.17 21:43:40,31.27
2023.11.17 21:43:40,14.81
2023.11.17 21:43:40,-0.75
2023.11.17 21:43:40,-4.95
2023.11.17 21:43:40,-9.37
2023.11.17 21:43:40,-13.80
2023.11.20 11:00:20,17.47
2023.11.21 06:31:40,17.21
2023.11.21 18:13:40,43.57
2023.11.21 18:13:40,27.23
2023.11.21 18:13:40,10.34
2023.11.21 18:13:40,-8.43
2023.11.21 18:13:40,-6.55
2023.11.21 18:13:40,-11.07
2023.11.21 18:13:40,-15.49
2023.11.21 18:13:40,-19.83
2023.11.22 17:25:40,17.01
2023.11.28 01:14:40,83.63
2023.11.28 01:14:40,53.63
2023.11.28 01:14:40,14.11
2023.11.28 01:14:40,-2.26
2023.11.28 01:14:40,-18.58
2023.11.28 01:14:40,-35.06
2023.11.28 01:14:40,-12.83
2023.11.28 01:14:40,-16.91
2023.11.28 01:14:40,-21.15
2023.11.28 01:14:40,-25.42
2023.11.29 03:20:20,17.07
2023.11.29 10:08:40,31.20
2023.11.29 10:08:40,3.58
2023.11.29 10:08:40,-1.10
2023.11.29 10:08:40,-5.38
2023.11.29 10:08:40,-10.57
2023.11.30 17:05:20,17.00
2023.11.30 20:52:40,89.34
2023.11.30 20:52:40,27.79
2023.11.30 20:52:40,10.79
2023.11.30 20:52:40,-5.77
2023.11.30 20:52:40,-25.63
2023.11.30 20:52:40,-10.43
2023.11.30 20:52:40,-15.18
2023.11.30 20:52:40,-19.87
2023.11.30 20:52:40,-23.97
2023.12.04 00:03:00,11.04
2023.12.04 00:03:00,6.80
2023.12.04 09:30:40,12.29
2023.12.04 09:30:40,8.21
2023.12.04 19:36:40,41.85
2023.12.04 19:36:40,1.03
2023.12.04 19:36:40,-3.44
2023.12.04 19:36:40,-7.80
2023.12.04 19:36:40,-11.97
2023.12.05 09:50:40,10.73
2023.12.05 09:50:40,6.53
2023.12.05 09:50:40,1.99
2023.12.05 09:50:40,-2.17
2023.12.05 11:30:40,11.25
2023.12.05 11:30:40,6.91
2023.12.05 11:30:40,2.76
2023.12.05 11:30:40,-2.08
2023.12.07 06:52:40,10.79
2023.12.07 06:52:40,6.48
2023.12.07 10:28:40,17.86
2023.12.07 16:29:40,17.38
2023.12.07 19:46:40,26.01
2023.12.08 02:18:40,39.56
2023.12.08 02:18:40,5.68
2023.12.08 02:18:40,1.27
2023.12.08 02:18:40,-4.07
2023.12.08 02:18:40,-13.17
2023.12.08 11:06:20,486.45
2023.12.08 11:06:20,251.98
2023.12.08 11:06:20,105.90
2023.12.08 11:06:20,58.59
2023.12.08 11:06:20,16.83
2023.12.08 11:06:20,-18.91
2023.12.08 11:06:20,-53.29
2023.12.08 11:06:20,-84.07
2023.12.08 11:06:20,-118.16
2023.12.08 11:06:20,-84.77
2023.12.08 11:06:20,-101.53
2023.12.08 11:06:20,-119.23
2023.12.08 11:06:20,-135.93
2023.12.08 11:06:20,-38.33
2023.12.08 11:06:20,-43.28
2023.12.08 11:06:20,-47.50
2023.12.08 11:06:20,-51.87
2023.12.08 15:12:40,33.14
2023.12.08 15:12:40,3.96
2023.12.08 15:12:40,-0.48
2023.12.08 15:12:40,-6.00
2023.12.08 15:12:40,-10.49
2023.12.11 02:03:40,12.86
2023.12.11 02:03:40,5.77
2023.12.11 02:03:40,-0.45
2023.12.11 09:43:40,17.30
2023.12.11 18:41:40,10.97
2023.12.11 18:41:40,6.36
2023.12.12 03:04:20,36.49
2023.12.12 03:04:20,19.31
2023.12.12 03:04:20,0.54
2023.12.12 03:04:20,-8.26
2023.12.12 03:04:20,-12.43
2023.12.12 03:04:20,-16.56
2023.12.13 09:08:40,11.13
2023.12.13 09:08:40,6.95
2023.12.13 09:08:40,2.44
2023.12.13 09:08:40,-1.78
2023.12.13 16:00:40,11.73
2023.12.13 16:00:40,7.47
2023.12.13 16:00:40,1.52
2023.12.13 21:42:40,17.87
2023.12.14 00:44:40,17.38
2023.12.14 05:28:40,11.95
2023.12.14 05:28:40,7.18
2023.12.14 05:28:40,2.52
2023.12.14 05:28:40,-1.97
2023.12.14 17:08:40,209.63
2023.12.14 17:08:40,148.93
2023.12.14 17:08:40,73.13
2023.12.14 17:08:40,40.42
2023.12.14 17:08:40,6.23
2023.12.14 17:08:40,-34.17
2023.12.14 17:08:40,-37.59
2023.12.14 17:08:40,-55.15
2023.12.14 17:08:40,-73.62
2023.12.14 17:08:40,-97.73
2023.12.14 17:08:40,-28.80
2023.12.14 17:08:40,-33.41
2023.12.14 17:08:40,-37.69
2023.12.14 17:08:40,-42.00
2023.12.15 10:15:40,11.93
2023.12.15 10:15:40,7.63
2023.12.15 10:15:40,3.29
2023.12.15 10:15:40,-1.46
2023.12.18 12:33:40,11.79
2023.12.18 12:33:40,6.74
2023.12.19 02:35:40,32.98
2023.12.19 02:35:40,3.72
2023.12.19 02:35:40,-1.22
2023.12.19 02:35:40,-5.88
2023.12.19 02:35:40,-10.35
2023.12.19 04:51:40,19.54
2023.12.19 08:36:40,16.80
2023.12.19 08:36:40,11.54
2023.12.19 08:36:40,-2.16
2023.12.19 08:36:40,-7.62
2023.12.19 08:42:40,14.90
2023.12.19 08:42:40,4.68
2023.12.19 08:42:40,0.14
2023.12.19 11:11:40,17.11
2023.12.20 12:57:40,43.79
2023.12.20 12:57:40,22.30
2023.12.20 12:57:40,4.89
2023.12.20 12:57:40,-3.26
2023.12.20 12:57:40,-10.03
2023.12.20 12:57:40,-16.04
2023.12.20 12:57:40,-24.05
2023.12.20 17:40:40,11.02
2023.12.20 17:40:40,6.77
2023.12.20 17:40:40,2.41
2023.12.20 17:40:40,-2.21
2023.12.21 02:13:20,10.18
2023.12.21 02:13:20,5.87
2023.12.21 02:13:20,1.59
2023.12.26 17:12:40,11.84
2023.12.26 17:12:40,7.53
2023.12.26 17:12:40,2.86
2023.12.26 17:12:40,-1.62
2023.12.27 17:53:40,17.07
2023.12.28 01:56:40,81.27
2023.12.28 01:56:40,27.82
2023.12.28 01:56:40,10.46
2023.12.28 01:56:40,-7.53
2023.12.28 01:56:40,-25.23
2023.12.28 01:56:40,-10.56
2023.12.28 01:56:40,-15.00
2023.12.28 01:56:40,-19.31
2023.12.28 01:56:40,-23.58
2023.12.28 11:37:40,12.18
2023.12.28 11:37:40,6.07
2023.12.28 20:09:40,12.15
2023.12.28 20:09:40,6.62
2023.12.28 20:09:40,-1.05
2023.12.29 02:05:40,31.10
2023.12.29 02:05:40,3.31
2023.12.29 02:05:40,-0.93
2023.12.29 02:05:40,-5.21
2023.12.29 02:05:40,-9.78
2023.12.29 10:16:40,10.85
2023.12.29 10:16:40,6.39
2023.12.29 17:46:00,31.28
2023.12.29 17:46:00,3.51
2023.12.29 17:46:00,-1.09
2023.12.29 17:46:00,-6.04
2023.12.29 17:46:00,-10.46
2023.12.29 18:01:40,17.14
2024.01.02 13:19:40,10.90
2024.01.02 13:19:40,6.52
2024.01.03 09:56:40,34.34
2024.01.03 09:56:40,3.81
2024.01.03 09:56:40,-0.42
2024.01.03 09:56:40,-5.13
2024.01.03 09:56:40,-10.65
2024.01.03 16:00:40,10.38
2024.01.03 16:00:40,6.08
2024.01.03 16:00:40,1.87
2024.01.04 06:20:40,17.19
2024.01.04 12:04:40,10.67
2024.01.04 12:04:40,6.35
2024.01.05 16:06:40,17.03
2024.01.08 05:20:40,171.59
2024.01.08 05:20:40,87.72
2024.01.08 05:20:40,56.85
2024.01.08 05:20:40,26.79
2024.01.08 05:20:40,-10.44
2024.01.08 05:20:40,-22.65
2024.01.08 05:20:40,-39.71
2024.01.08 05:20:40,-56.83
2024.01.08 05:20:40,-74.18
2024.01.08 05:20:40,-23.19
2024.01.08 05:20:40,-27.97
2024.01.08 05:20:40,-32.15
2024.01.08 05:20:40,-36.94
2024.01.08 09:47:20,32.14
2024.01.08 09:47:20,3.78
2024.01.08 09:47:20,-0.83
2024.01.08 09:47:20,-5.26
2024.01.08 09:47:20,-10.24
2024.01.09 15:53:40,10.92
2024.01.09 15:53:40,6.08
2024.01.10 04:30:40,11.65
2024.01.10 04:30:40,7.41
2024.01.10 04:30:40,2.85
2024.01.10 04:30:40,-1.79
2024.01.10 22:59:40,17.22
2024.01.11 22:16:40,42.45
2024.01.11 22:16:40,25.68
2024.01.11 22:16:40,9.19
2024.01.11 22:16:40,-7.42
2024.01.11 22:16:40,-6.13
2024.01.11 22:16:40,-10.27
2024.01.11 22:16:40,-14.60
2024.01.11 22:16:40,-18.85
2024.01.15 10:23:40,30.88
2024.01.15 10:23:40,3.58
2024.01.15 10:23:40,-0.74
2024.01.15 10:23:40,-5.36
2024.01.15 10:23:40,-10.19
2024.01.16 09:01:40,10.71
2024.01.16 09:01:40,6.62
2024.01.16 17:59:40,10.54
2024.01.16 17:59:40,5.74
2024.01.16 17:59:40,1.58
2024.01.17 14:00:40,30.44
2024.01.17 14:00:40,14.14
2024.01.17 14:00:40,-0.52
2024.01.17 14:00:40,-4.72
2024.01.17 14:00:40,-8.86
2024.01.17 14:00:40,-13.05
2024.01.18 16:21:20,10.77
2024.01.18 16:21:20,6.30
2024.01.19 12:14:40,10.37
2024.01.19 12:14:40,5.56
2024.01.19 12:14:40,1.35
2024.01.22 15:34:40,9.89
2024.01.22 15:34:40,5.84
2024.01.22 15:34:40,1.45
2024.01.23 05:09:40,12.13
2024.01.23 05:09:40,7.76
2024.01.23 05:09:40,2.91
2024.01.23 08:51:40,11.30
2024.01.23 08:51:40,6.93
2024.01.23 08:51:40,2.88
2024.01.23 08:51:40,-1.31
2024.01.24 20:58:20,11.43
2024.01.24 20:58:20,7.13
2024.01.24 20:58:20,1.92
2024.01.24 20:58:20,-3.10
2024.01.25 15:55:40,10.88
2024.01.25 15:55:40,6.46
2024.01.25 15:55:40,2.29
2024.01.25 15:55:40,-1.88
2024.01.26 11:00:40,10.71
2024.01.26 11:00:40,6.59
2024.01.26 11:00:40,2.47
2024.01.26 11:00:40,-2.28
2024.01.29 17:16:40,31.59
2024.01.29 17:16:40,3.62
2024.01.29 17:16:40,-0.91
2024.01.29 17:16:40,-5.04
2024.01.29 17:16:40,-9.19
2024.01.31 17:57:40,10.94
2024.01.31 17:57:40,6.81
2024.02.01 19:12:40,12.01
2024.02.01 19:12:40,6.56
2024.02.01 19:12:40,2.42
2024.02.01 19:12:40,-3.19
2024.02.05 11:52:40,11.29
2024.02.05 11:52:40,7.14
2024.02.05 11:52:40,1.91
2024.02.05 11:52:40,-2.17
2024.02.06 16:13:40,10.71
2024.02.06 16:13:40,6.39
2024.02.08 04:15:40,30.64
2024.02.08 04:15:40,3.55
2024.02.08 04:15:40,-0.66
2024.02.08 04:15:40,-5.03
2024.02.08 04:15:40,-9.59
2024.02.13 09:36:40,10.01
2024.02.13 09:36:40,5.89
2024.02.13 09:36:40,1.89
2024.02.15 16:09:40,10.11
2024.02.15 16:09:40,5.94
2024.02.15 16:09:40,1.48
2024.02.22 10:15:40,17.85
2024.02.22 16:04:40,30.56
2024.02.22 16:04:40,14.14
2024.02.22 16:04:40,-0.39
2024.02.22 16:04:40,-4.96
2024.02.22 16:04:40,-8.96
2024.02.22 16:04:40,-12.98
2024.02.29 05:07:20,10.62
2024.02.29 05:07:20,6.55
2024.02.29 17:03:40,10.67
2024.02.29 17:03:40,6.43
2024.03.04 09:04:40,42.91
2024.03.04 09:04:40,26.32
2024.03.04 09:04:40,8.71
2024.03.04 09:04:40,-7.90
2024.03.04 09:04:40,-6.99
2024.03.04 09:04:40,-11.01
2024.03.04 09:04:40,-15.07
2024.03.04 09:04:40,-19.15
2024.03.04 15:19:40,9.91
2024.03.04 15:19:40,5.62
2024.03.04 15:19:40,1.65
2024.03.06 09:07:40,11.66
2024.03.06 09:07:40,7.50
2024.03.07 09:34:40,17.11
2024.03.07 19:00:40,79.61
2024.03.07 19:00:40,27.66
2024.03.07 19:00:40,9.78
2024.03.07 19:00:40,-6.48
2024.03.07 19:00:40,-25.59
2024.03.07 19:00:40,-10.45
2024.03.07 19:00:40,-14.72
2024.03.07 19:00:40,-18.97
2024.03.07 19:00:40,-23.12
2024.03.08 11:36:40,10.20
2024.03.08 11:36:40,6.09
2024.03.08 11:36:40,1.96
2024.03.11 02:36:40,11.12
2024.03.11 02:36:40,6.68
2024.03.12 05:45:40,32.10
2024.03.12 05:45:40,3.46
2024.03.12 05:45:40,-0.94
2024.03.12 05:45:40,-6.07
2024.03.12 05:45:40,-10.44
2024.03.14 01:00:00,30.72
2024.03.14 01:00:00,3.30
2024.03.14 01:00:00,-0.87
2024.03.14 01:00:00,-5.46
2024.03.14 01:00:00,-9.95
2024.03.15 14:16:40,11.30
2024.03.15 14:16:40,5.73
2024.03.18 20:01:40,11.29
2024.03.18 20:01:40,7.21
2024.03.18 20:01:40,3.12
2024.03.18 20:01:40,-1.22
2024.03.19 06:40:40,12.21
2024.03.19 06:40:40,7.67
2024.03.19 06:40:40,3.17
2024.03.19 08:24:40,10.66
2024.03.19 08:24:40,6.48
2024.03.19 12:56:20,11.32
2024.03.19 12:56:20,5.88
2024.03.20 06:40:40,10.72
2024.03.20 06:40:40,6.33
2024.03.20 22:05:40,10.49
2024.03.20 22:05:40,6.52
2024.03.20 22:05:40,2.45
2024.03.21 11:30:40,184.31
2024.03.21 11:30:40,89.61
2024.03.21 11:30:40,73.37
2024.03.21 11:30:40,56.27
2024.03.21 11:30:40,40.40
2024.03.21 11:30:40,5.84
2024.03.21 11:30:40,1.64
2024.03.21 11:30:40,-2.55
2024.03.21 11:30:40,-9.27
2024.03.21 16:26:40,9.97
2024.03.21 16:26:40,5.92
2024.03.21 16:26:40,1.72
2024.03.22 11:17:40,10.70
2024.03.22 11:17:40,6.67
2024.03.26 11:01:40,10.00
2024.03.26 11:01:40,5.81
2024.03.26 11:01:40,1.74
2024.03.27 14:33:40,17.03
2024.03.28 17:00:20,88.11
2024.03.28 17:00:20,31.15
2024.03.28 17:00:20,14.04
2024.03.28 17:00:20,-1.99
2024.03.28 17:00:20,-19.55
2024.03.28 17:00:20,-9.58
2024.03.28 17:00:20,-13.96
2024.03.28 17:00:20,-32.22
2024.03.28 17:00:20,-37.05
2024.04.02 09:11:20,30.53
2024.04.02 09:11:20,2.74
2024.04.02 09:11:20,-1.17
2024.04.02 09:11:20,-5.33
2024.04.02 09:11:20,-9.47
2024.04.03 18:11:40,10.80
2024.04.03 18:11:40,6.84
2024.04.03 18:11:40,2.69
2024.04.03 18:11:40,-1.79
2024.04.04 09:41:20,10.10
2024.04.04 09:41:20,6.03
2024.04.04 09:41:20,2.03
2024.04.05 18:13:40,11.14
2024.04.05 18:13:40,6.34
2024.04.08 01:08:40,31.06
2024.04.08 01:08:40,3.52
2024.04.08 01:08:40,-0.78
2024.04.08 01:08:40,-4.83
2024.04.08 01:08:40,-8.81
2024.04.10 15:30:40,10.30
2024.04.10 15:30:40,6.30
2024.04.10 15:30:40,2.31
2024.04.11 15:25:40,11.66
2024.04.11 15:25:40,7.33
2024.04.11 15:25:40,3.25
2024.04.11 15:25:40,-0.75
2024.04.15 00:45:40,10.45
2024.04.15 00:45:40,5.60
2024.04.15 00:45:40,1.47
2024.04.15 09:16:40,10.30
2024.04.15 09:16:40,5.78
2024.04.15 09:16:40,1.64
2024.04.16 16:39:40,44.65
2024.04.16 16:39:40,27.26
2024.04.16 16:39:40,11.73
2024.04.16 16:39:40,-5.34
2024.04.16 16:39:40,-5.24
2024.04.16 16:39:40,-9.38
2024.04.16 16:39:40,-13.28
2024.04.16 16:39:40,-19.92
2024.04.17 10:47:20,17.01
2024.04.18 13:14:40,10.57
2024.04.18 13:14:40,5.81
2024.04.18 13:14:40,1.74
2024.04.19 05:13:40,10.64
2024.04.19 05:13:40,6.60
2024.04.19 05:13:40,2.52
2024.04.19 05:58:40,40.25
2024.04.19 05:58:40,13.88
2024.04.19 05:58:40,-0.83
2024.04.19 05:58:40,-5.02
2024.04.19 05:58:40,-8.90
2024.04.19 05:58:40,-15.15
2024.04.24 10:13:40,10.67
2024.04.24 10:13:40,6.79
2024.04.25 07:50:20,11.20
2024.04.25 07:50:20,6.28
2024.04.25 07:50:20,2.23
2024.04.25 07:50:20,-2.37
2024.04.25 15:58:40,32.83
2024.04.25 15:58:40,4.34
2024.04.25 15:58:40,0.25
2024.04.25 15:58:40,-3.75
2024.04.25 15:58:40,-7.62
2024.04.25 22:16:20,10.44
2024.04.25 22:16:20,6.58
2024.04.26 09:47:40,10.83
2024.04.26 09:47:40,6.55
2024.04.26 11:01:40,64.14
2024.04.26 11:01:40,43.27
2024.04.26 11:01:40,6.74
2024.04.26 11:01:40,2.17
2024.04.26 11:01:40,-1.87
2024.04.26 11:01:40,-5.90
2024.04.26 11:06:40,14.54
2024.04.26 11:06:40,4.44
2024.04.26 15:30:40,10.82
2024.04.26 15:30:40,6.87
2024.04.26 20:17:40,10.45
2024.04.26 20:17:40,6.55
2024.04.29 04:35:40,29.85
2024.04.29 07:16:40,202.92
2024.04.29 07:16:40,75.74
2024.04.29 07:16:40,43.72
2024.04.29 07:16:40,7.94
2024.04.29 07:16:40,-10.66
2024.04.29 07:16:40,-27.64
2024.04.29 07:16:40,-43.86
2024.04.29 07:16:40,-15.35
2024.04.29 07:16:40,-19.57
2024.04.29 07:16:40,-24.62
2024.04.29 07:16:40,-29.99
2024.04.29 07:36:20,17.25
2024.04.29 07:42:40,11.54
2024.04.29 07:42:40,5.78
2024.04.29 07:59:40,107.76
2024.04.29 07:59:40,75.40
2024.04.29 07:59:40,25.15
2024.04.29 07:59:40,4.41
2024.04.29 07:59:40,-12.65
2024.04.29 07:59:40,-51.33
2024.04.29 07:59:40,-17.00
2024.04.29 07:59:40,-20.89
2024.04.29 07:59:40,-34.26
2024.04.29 07:59:40,-42.41
2024.04.29 08:02:40,11.34
2024.04.29 08:02:40,7.45
2024.04.29 08:02:40,1.58
2024.04.29 08:02:40,-2.97
2024.04.29 08:26:40,13.94
2024.04.29 08:26:40,6.70
2024.04.29 08:26:40,2.77
2024.04.29 08:26:40,-1.67
2024.04.29 08:44:40,12.25
2024.04.29 08:44:40,4.64
2024.04.29 08:44:40,0.40
2024.04.29 10:08:40,12.70
2024.04.29 10:08:40,8.24
2024.04.29 10:08:40,3.44
2024.04.29 10:08:40,-0.69
2024.04.29 10:11:40,12.05
2024.04.29 10:11:40,6.52
2024.04.29 10:41:40,37.91
2024.04.29 10:41:40,17.71
2024.04.29 10:41:40,0.30
2024.04.29 10:41:40,-4.67
2024.04.29 10:41:40,-10.17
2024.04.29 10:41:40,-17.46
2024.04.29 11:13:40,10.77
2024.04.29 11:13:40,6.23
2024.04.29 14:33:40,14.71
2024.04.29 14:33:40,4.63
2024.04.29 19:43:40,41.81
2024.04.29 19:43:40,6.55
2024.04.29 19:43:40,2.69
2024.04.29 19:43:40,-1.68
2024.04.29 19:43:40,-5.66
2024.04.29 20:14:40,10.15
2024.04.29 20:14:40,5.57
2024.04.29 20:14:40,1.55
2024.04.30 03:39:40,11.37
2024.04.30 03:39:40,5.67
2024.05.01 23:11:40,17.44
2024.05.01 23:11:40,13.48
2024.05.01 23:11:40,9.53
2024.05.01 23:11:40,5.14
2024.05.01 23:16:40,11.96
2024.05.01 23:16:40,7.16
2024.05.01 23:25:40,13.68
2024.05.01 23:25:40,5.71
2024.05.01 23:32:40,13.79
2024.05.01 23:32:40,8.10
2024.05.01 23:37:20,11.18
2024.05.01 23:37:20,6.21
2024.05.01 23:46:40,12.25
2024.05.01 23:46:40,7.16
2024.05.01 23:46:40,1.84
2024.05.01 23:55:40,124.91
2024.05.01 23:55:40,67.13
2024.05.01 23:55:40,21.72
2024.05.01 23:55:40,2.59
2024.05.01 23:55:40,-25.92
2024.05.01 23:55:40,-47.01
2024.05.01 23:55:40,-16.25
2024.05.01 23:55:40,-21.94
2024.05.01 23:55:40,-31.68
2024.05.01 23:55:40,-38.55
2024.05.02 00:59:40,11.41
2024.05.02 00:59:40,7.25
2024.05.02 00:59:40,3.08
2024.05.02 00:59:40,-3.38
2024.05.02 01:03:40,10.76
2024.05.02 01:03:40,5.94
2024.05.02 01:03:40,0.91
2024.05.02 01:59:40,12.73
2024.05.02 01:59:40,4.30
2024.05.02 09:12:40,36.85
2024.05.02 09:12:40,20.43
2024.05.02 09:12:40,4.48
2024.05.02 09:12:40,-2.95
2024.05.02 09:12:40,-7.23
2024.05.02 09:12:40,-12.43
2024.05.02 09:12:40,-19.73
2024.05.02 15:49:40,15.28
2024.05.02 15:49:40,1.89
2024.05.03 02:24:20,17.21
2024.05.03 09:30:40,31.31
2024.05.03 09:30:40,14.96
2024.05.03 09:30:40,-0.45
2024.05.03 09:30:40,-4.40
2024.05.03 09:30:40,-8.46
2024.05.03 09:30:40,-12.80
2024.05.06 11:17:40,17.25
2024.05.08 04:41:40,10.74
2024.05.08 04:41:40,6.86
2024.05.10 18:47:20,17.07
2024.05.14 15:41:20,11.46
2024.05.14 15:41:20,5.84
2024.05.16 02:35:40,178.29
2024.05.16 02:35:40,137.68
2024.05.16 02:35:40,98.89
2024.05.16 02:35:40,40.07
2024.05.16 02:35:40,13.21
2024.05.16 02:35:40,-14.46
2024.05.16 02:35:40,-43.94
2024.05.16 02:35:40,-40.61
2024.05.16 02:35:40,-56.07
2024.05.16 02:35:40,-71.88
2024.05.16 02:35:40,-87.90
2024.05.16 02:35:40,-26.30
2024.05.16 02:35:40,-30.83
2024.05.16 02:35:40,-34.77
2024.05.16 02:35:40,-38.75
2024.05.16 10:53:40,32.86
2024.05.16 10:53:40,16.48
2024.05.16 10:53:40,-0.45
2024.05.16 10:53:40,-4.59
2024.05.16 10:53:40,-9.50
2024.05.16 10:53:40,-13.76
2024.05.22 14:32:20,9.84
2024.05.22 14:32:20,5.81
2024.05.22 14:32:20,1.60
2024.05.28 10:41:40,10.60
2024.05.28 10:41:40,6.40
2024.05.30 09:02:40,30.39
2024.05.30 09:02:40,14.22
2024.05.30 09:02:40,-0.24
2024.05.30 09:02:40,-4.07
2024.05.30 09:02:40,-7.90
2024.05.30 09:02:40,-11.68
2024.05.30 20:45:40,17.00
2024.06.04 11:34:40,75.39
2024.06.04 11:34:40,26.95
2024.06.04 11:34:40,10.89
2024.06.04 11:34:40,-5.24
2024.06.04 11:34:40,-20.69
2024.06.04 11:34:40,-9.40
2024.06.04 11:34:40,-13.37
2024.06.04 11:34:40,-17.33
2024.06.04 11:34:40,-21.87
2024.06.04 18:09:40,11.26
2024.06.04 18:09:40,6.95
2024.06.06 02:06:40,29.66
2024.06.06 02:06:40,13.81
2024.06.06 02:06:40,-0.57
2024.06.06 02:06:40,-4.52
2024.06.06 02:06:40,-8.35
2024.06.06 02:06:40,-12.27
2024.06.07 15:30:40,10.09
2024.06.07 15:30:40,5.80
2024.06.07 15:30:40,1.74
2024.06.12 13:30:40,17.05
2024.06.12 16:00:40,31.60
2024.06.12 16:00:40,3.79
2024.06.12 16:00:40,-0.07
2024.06.12 16:00:40,-4.64
2024.06.12 16:00:40,-11.39
2024.06.13 10:53:20,9.86
2024.06.13 10:53:20,5.68
2024.06.13 10:53:20,1.82
2024.06.14 06:23:40,10.85
2024.06.14 06:23:40,6.94
2024.06.14 12:38:40,31.84
2024.06.14 12:38:40,4.02
2024.06.14 12:38:40,-2.01
2024.06.14 12:38:40,-5.84
2024.06.14 12:38:40,-9.62
2024.06.14 17:27:40,10.60
2024.06.14 17:27:40,6.77
2024.06.14 17:27:40,2.90
2024.06.18 11:18:40,17.11
2024.06.20 10:30:40,82.64
2024.06.20 10:30:40,56.31
2024.06.20 10:30:40,16.60
2024.06.20 10:30:40,1.21
2024.06.20 10:30:40,-14.23
2024.06.20 10:30:40,-29.37
2024.06.20 10:30:40,-11.16
2024.06.20 10:30:40,-15.14
2024.06.20 10:30:40,-19.06
2024.06.20 10:30:40,-23.31
2024.06.21 17:59:40,11.00
2024.06.21 17:59:40,6.67
2024.06.24 13:07:20,10.32
2024.06.24 13:07:20,6.53
2024.06.24 13:07:20,2.57
2024.06.24 13:07:20,-1.47
2024.06.26 17:47:40,11.50
2024.06.26 17:47:40,6.04
2024.07.03 13:12:40,9.73
2024.07.03 13:12:40,5.84
2024.07.03 13:12:40,1.62
2024.07.04 09:30:40,30.79
2024.07.04 09:30:40,4.05
2024.07.04 09:30:40,0.17
2024.07.04 09:30:40,-3.65
2024.07.04 09:30:40,-10.15
2024.07.05 16:57:40,10.47
2024.07.05 16:57:40,5.53
2024.07.05 16:57:40,1.39
2024.07.11 15:42:40,65.98
2024.07.11 15:42:40,12.70
2024.07.11 15:42:40,8.74
2024.07.11 15:42:40,4.73
2024.07.11 15:42:40,0.99
2024.07.11 16:01:40,17.80
2024.07.11 16:19:40,48.14
2024.07.11 16:19:40,27.91
2024.07.11 16:19:40,7.22
2024.07.11 16:19:40,-3.14
2024.07.11 16:19:40,-13.08
2024.07.11 16:19:40,-21.22
2024.07.11 16:19:40,-25.14
2024.07.12 02:28:40,15.03
2024.07.12 02:28:40,10.01
2024.07.12 02:32:40,16.31
2024.07.12 02:32:40,8.75
2024.07.12 02:32:40,0.61
2024.07.12 02:47:40,15.91
2024.07.12 02:47:40,11.79
2024.07.12 02:47:40,4.37
2024.07.12 02:47:40,-0.68
2024.07.12 04:02:40,15.81
2024.07.12 04:02:40,3.80
2024.07.12 04:02:40,-0.41
2024.07.12 15:08:20,34.33
2024.07.12 15:08:20,4.80
2024.07.12 15:08:20,0.73
2024.07.12 15:08:20,-4.73
2024.07.12 15:08:20,-9.43
2024.07.12 16:09:40,11.09
2024.07.12 16:09:40,7.17
2024.07.15 19:42:20,12.52
2024.07.15 19:42:20,8.43
2024.07.16 02:47:40,37.35
2024.07.16 02:47:40,4.36
2024.07.16 02:47:40,0.54
2024.07.16 02:47:40,-6.97
2024.07.16 02:47:40,-13.96
2024.07.17 09:01:40,28.71
2024.07.17 09:01:40,2.93
2024.07.17 09:01:40,-0.86
2024.07.17 09:01:40,-4.70
2024.07.17 09:01:40,-8.80
2024.07.17 15:18:40,10.23
2024.07.17 15:18:40,6.02
2024.07.17 15:18:40,1.53
2024.07.18 06:45:40,10.14
2024.07.18 06:45:40,6.28
2024.07.18 06:45:40,1.15
2024.07.19 08:41:40,10.55
2024.07.19 08:41:40,6.55
2024.07.22 08:58:40,10.26
2024.07.22 08:58:40,6.25
2024.07.22 08:58:40,2.32
2024.07.22 08:58:40,-1.64
2024.07.22 13:50:40,31.52
2024.07.22 13:50:40,4.02
2024.07.22 13:50:40,-0.74
2024.07.22 13:50:40,-5.24
2024.07.22 13:50:40,-9.09
2024.07.23 10:56:40,17.25
2024.07.24 06:02:40,17.53
2024.07.24 17:02:40,11.69
2024.07.24 17:02:40,7.23
2024.07.25 03:31:40,11.63
2024.07.25 03:31:40,7.62
2024.07.25 03:31:40,3.66
2024.07.25 06:06:40,10.88
2024.07.25 06:06:40,6.58
2024.07.25 14:59:40,182.20
2024.07.25 14:59:40,140.02
2024.07.25 14:59:40,62.65
2024.07.25 14:59:40,33.95
2024.07.25 14:59:40,5.98
2024.07.25 14:59:40,-25.92
2024.07.25 14:59:40,-37.21
2024.07.25 14:59:40,-53.24
2024.07.25 14:59:40,-71.00
2024.07.25 14:59:40,-88.03
2024.07.25 14:59:40,-26.32
2024.07.25 14:59:40,-30.40
2024.07.25 14:59:40,-34.52
2024.07.25 14:59:40,-38.71
2024.07.26 02:28:40,81.87
2024.07.26 02:28:40,31.15
2024.07.26 02:28:40,12.13
2024.07.26 02:28:40,-6.58
2024.07.26 02:28:40,-22.68
2024.07.26 02:28:40,-9.74
2024.07.26 02:28:40,-13.71
2024.07.26 02:28:40,-17.67
2024.07.26 02:28:40,-21.71
2024.07.26 16:06:40,10.54
2024.07.26 16:06:40,6.56
2024.07.26 16:06:40,1.92
2024.07.26 16:06:40,-1.98
2024.07.29 03:04:40,11.43
2024.07.29 03:04:40,6.32
2024.07.30 08:06:40,11.78
2024.07.30 08:06:40,6.67
2024.07.30 08:06:40,1.70
2024.07.30 08:06:40,-2.66
2024.07.30 18:05:40,10.60
2024.07.30 18:05:40,6.72
2024.07.30 20:22:40,11.32
2024.07.30 20:22:40,6.28
2024.07.31 05:11:40,33.79
2024.07.31 05:11:40,17.21
2024.07.31 05:11:40,-1.01
2024.07.31 05:11:40,-5.52
2024.07.31 05:11:40,-9.47
2024.07.31 05:11:40,-15.45
2024.07.31 06:45:40,12.29
2024.07.31 06:45:40,7.77
2024.07.31 06:56:40,12.48
2024.07.31 06:56:40,7.68
2024.07.31 06:57:40,20.32
2024.07.31 06:57:40,9.64
2024.07.31 06:57:40,5.58
2024.07.31 06:59:40,12.69
2024.07.31 06:59:40,7.49
2024.07.31 09:55:40,18.05
2024.07.31 09:55:40,10.16
2024.07.31 09:55:40,-10.35
2024.07.31 10:50:40,18.78
2024.08.01 04:06:40,17.23
2024.08.01 09:30:40,190.39
2024.08.01 09:30:40,102.75
2024.08.01 09:30:40,70.83
2024.08.01 09:30:40,40.31
2024.08.01 09:30:40,11.94
2024.08.01 09:30:40,-24.11
2024.08.01 09:30:40,-47.36
2024.08.01 09:30:40,-63.89
2024.08.01 09:30:40,-80.00
2024.08.01 09:30:40,-24.32
2024.08.01 09:30:40,-28.73
2024.08.01 09:30:40,-36.61
2024.08.01 09:30:40,-41.51
2024.08.01 11:05:40,30.61
2024.08.01 11:05:40,3.59
2024.08.01 11:05:40,-0.79
2024.08.01 11:05:40,-4.99
2024.08.01 11:05:40,-9.63
2024.08.01 15:00:40,11.00
2024.08.01 15:00:40,6.86
2024.08.01 20:08:40,31.07
2024.08.01 20:08:40,3.58
2024.08.01 20:08:40,-0.63
2024.08.01 20:08:40,-4.70
2024.08.01 20:08:40,-8.83
2024.08.02 04:20:40,11.05
2024.08.02 04:20:40,6.78
2024.08.02 04:20:40,2.16
2024.08.02 04:20:40,-1.88
2024.08.02 15:34:40,17.54
2024.08.02 15:56:40,36.04
2024.08.02 15:56:40,15.33
2024.08.02 15:56:40,-0.46
2024.08.02 15:56:40,-4.70
2024.08.02 15:56:40,-8.90
2024.08.02 15:56:40,-13.07
2024.08.02 19:08:40,10.83
2024.08.02 19:08:40,6.48
2024.08.05 02:00:40,11.53
2024.08.05 02:00:40,6.98
2024.08.05 02:00:40,2.67
2024.08.05 02:00:40,-2.19
2024.08.05 03:55:40,40.64
2024.08.05 03:55:40,4.05
2024.08.05 03:55:40,-0.45
2024.08.05 03:55:40,-4.94
2024.08.05 03:55:40,-9.51
2024.08.05 07:10:40,17.64
2024.08.05 07:26:40,20.46
2024.08.05 07:56:40,92.88
2024.08.05 07:56:40,19.32
2024.08.05 07:56:40,-3.30
2024.08.05 07:56:40,-5.15
2024.08.05 07:56:40,-9.40
2024.08.05 07:56:40,-13.99
2024.08.05 07:56:40,-19.25
2024.08.05 08:03:40,41.59
2024.08.05 08:03:40,5.39
2024.08.05 08:03:40,0.22
2024.08.05 08:03:40,-8.96
2024.08.05 08:03:40,-13.22
2024.08.05 09:04:40,12.53
2024.08.05 09:04:40,7.94
2024.08.05 09:26:40,11.28
2024.08.05 09:26:40,6.15
2024.08.05 10:01:40,44.63
2024.08.05 10:01:40,5.43
2024.08.05 10:01:40,0.39
2024.08.05 10:01:40,-5.99
2024.08.05 10:01:40,-10.39
2024.08.05 10:29:40,36.46
2024.08.05 10:29:40,4.90
2024.08.05 10:29:40,-1.48
2024.08.05 10:29:40,-6.15
2024.08.05 10:29:40,-12.85
2024.08.05 11:27:40,12.52
2024.08.05 11:27:40,7.58
2024.08.05 12:53:20,36.25
2024.08.05 12:53:20,4.73
2024.08.05 12:53:20,-1.84
2024.08.05 12:53:20,-7.46
2024.08.05 12:53:20,-12.82
2024.08.05 14:05:40,11.37
2024.08.05 14:05:40,6.83
2024.08.05 15:49:40,11.97
2024.08.05 15:49:40,7.62
2024.08.05 16:50:40,39.00
2024.08.05 16:50:40,5.17
2024.08.05 16:50:40,0.55
2024.08.05 16:50:40,-3.81
2024.08.05 16:50:40,-8.41
2024.08.05 17:03:40,12.30
2024.08.05 17:03:40,6.87
2024.08.05 17:57:40,14.24
2024.08.05 17:57:40,3.34
2024.08.05 18:08:40,33.61
2024.08.05 18:08:40,3.38
2024.08.05 18:08:40,-1.72
2024.08.05 18:08:40,-6.43
2024.08.05 18:08:40,-11.72
2024.08.05 21:59:40,47.10
2024.08.05 21:59:40,5.58
2024.08.05 21:59:40,-0.42
2024.08.05 21:59:40,-4.84
2024.08.05 21:59:40,-9.06
2024.08.06 01:48:40,17.07
2024.08.06 03:10:40,18.82
2024.08.06 03:40:40,58.04
2024.08.06 03:40:40,37.76
2024.08.06 03:40:40,14.73
2024.08.06 03:40:40,-9.45
2024.08.06 03:40:40,-6.73
2024.08.06 03:40:40,-11.41
2024.08.06 03:40:40,-15.77
2024.08.06 03:40:40,-20.36
2024.08.06 05:36:40,40.23
2024.08.06 05:36:40,22.57
2024.08.06 05:36:40,5.68
2024.08.06 05:36:40,-2.81
2024.08.06 05:36:40,-8.89
2024.08.06 05:36:40,-13.29
2024.08.06 05:36:40,-18.80
2024.08.06 10:42:40,12.54
2024.08.06 10:42:40,6.86
2024.08.06 10:42:40,2.42
2024.08.06 14:01:40,10.11
2024.08.06 14:01:40,5.97
2024.08.06 14:01:40,1.43
2024.08.06 19:30:40,11.30
2024.08.06 19:30:40,6.32
2024.08.06 23:57:20,11.13
2024.08.06 23:57:20,6.38
2024.08.07 04:36:40,10.50
2024.08.07 04:36:40,5.95
2024.08.07 04:36:40,1.32
2024.08.07 04:46:40,20.85
2024.08.07 07:21:40,12.61
2024.08.07 07:21:40,8.11
2024.08.07 07:21:40,-0.34
2024.08.07 13:07:40,63.02
2024.08.07 13:07:40,7.06
2024.08.07 13:07:40,-5.36
2024.08.07 13:07:40,-10.01
2024.08.07 13:07:40,-14.40
2024.08.07 13:07:40,-19.68
2024.08.07 20:38:40,31.71
2024.08.07 20:38:40,15.31
2024.08.07 20:38:40,-0.50
2024.08.07 20:38:40,-4.67
2024.08.07 20:38:40,-9.06
2024.08.07 20:38:40,-15.40
2024.08.08 05:25:40,13.17
2024.08.08 05:25:40,8.80
2024.08.08 05:25:40,0.92
2024.08.08 05:25:40,-3.45
2024.08.08 12:19:40,11.41
2024.08.08 12:19:40,6.62
2024.08.08 12:19:40,2.07
2024.08.08 12:19:40,-2.50
2024.08.09 10:20:20,17.03
2024.08.09 17:46:40,10.23
2024.08.09 17:46:40,5.64
2024.08.09 17:46:40,1.26
2024.08.13 08:00:40,10.72
2024.08.13 08:00:40,6.26
2024.08.13 08:00:40,2.20
2024.08.13 08:00:40,-2.15
2024.08.13 14:27:40,30.00
2024.08.13 14:27:40,3.36
2024.08.13 14:27:40,-0.78
2024.08.13 14:27:40,-4.95
2024.08.13 14:27:40,-9.05
2024.08.14 06:40:40,30.42
2024.08.14 06:40:40,3.28
2024.08.14 06:40:40,-1.25
2024.08.14 06:40:40,-5.45
2024.08.14 06:40:40,-9.62
2024.08.14 15:30:20,11.57
2024.08.14 15:30:20,7.05
2024.08.14 15:30:20,2.54
2024.08.15 16:57:40,17.04
2024.08.16 14:50:40,31.06
2024.08.16 14:50:40,3.61
2024.08.16 14:50:40,-0.48
2024.08.16 14:50:40,-4.46
2024.08.16 14:50:40,-11.39
2024.08.19 06:43:40,17.15
2024.08.19 11:20:40,81.88
2024.08.19 11:20:40,29.09
2024.08.19 11:20:40,10.30
2024.08.19 11:20:40,-6.85
2024.08.19 11:20:40,-25.86
2024.08.19 11:20:40,-10.85
2024.08.19 11:20:40,-15.58
2024.08.19 11:20:40,-20.38
2024.08.19 11:20:40,-24.65
2024.08.19 18:42:40,11.42
2024.08.19 18:42:40,6.85
2024.08.20 10:40:40,36.09
2024.08.20 10:40:40,15.12
2024.08.20 10:40:40,-0.38
2024.08.20 10:40:40,-4.47
2024.08.20 10:40:40,-8.89
2024.08.20 10:40:40,-13.02
2024.08.20 17:35:40,11.11
2024.08.20 17:35:40,6.43
2024.08.21 17:00:40,25.36
2024.08.21 17:05:20,47.61
2024.08.21 17:05:20,-0.95
2024.08.21 17:05:20,-5.36
2024.08.21 17:05:20,-9.61
2024.08.21 17:05:20,-13.75
2024.08.21 21:00:40,11.32
2024.08.21 21:00:40,6.26
2024.08.22 04:37:40,32.11
2024.08.22 04:37:40,3.83
2024.08.22 04:37:40,-0.41
2024.08.22 04:37:40,-4.66
2024.08.22 04:37:40,-12.73
2024.08.22 11:21:40,10.95
2024.08.22 11:21:40,6.05
2024.08.23 04:56:40,30.31
2024.08.23 04:56:40,3.11
2024.08.23 04:56:40,-1.01
2024.08.23 04:56:40,-5.13
2024.08.23 04:56:40,-9.68
2024.08.23 19:15:40,11.07
2024.08.23 19:15:40,6.86
2024.08.26 17:00:20,33.46
2024.08.26 17:00:20,13.26
2024.08.26 17:00:20,-0.87
2024.08.26 17:00:20,-5.05
2024.08.26 17:00:20,-9.37
2024.08.26 17:00:20,-13.90
2024.08.28 16:06:40,17.11
2024.08.29 11:04:40,34.89
2024.08.29 11:04:40,18.53
2024.08.29 11:04:40,0.26
2024.08.29 11:04:40,-4.04
2024.08.29 11:04:40,-8.41
2024.08.29 11:04:40,-12.80
2024.08.29 15:56:40,10.60
2024.08.29 15:56:40,5.50
2024.08.29 15:56:40,0.94
2024.08.30 03:52:40,11.20
2024.08.30 03:52:40,6.67
2024.08.30 17:46:40,11.26
2024.08.30 17:46:40,6.47
2024.08.30 17:46:40,2.33
2024.08.30 17:46:40,-2.01
2024.09.02 07:13:40,30.66
2024.09.02 07:13:40,3.56
2024.09.02 07:13:40,-0.95
2024.09.02 07:13:40,-5.11
2024.09.02 07:13:40,-9.50
2024.09.02 17:20:40,31.84
2024.09.02 17:20:40,3.39
2024.09.02 17:20:40,-0.86
2024.09.02 17:20:40,-5.17
2024.09.02 17:20:40,-9.32
2024.09.03 07:12:20,10.89
2024.09.03 07:12:20,6.48
2024.09.04 14:37:40,17.24
2024.09.05 09:24:40,17.15
2024.09.06 09:30:40,10.34
2024.09.06 09:30:40,6.02
2024.09.06 09:30:40,1.69
2024.09.06 15:30:20,61.96
2024.09.06 15:30:20,44.08
2024.09.06 15:30:20,20.52
2024.09.06 15:30:20,-11.09
2024.09.06 15:30:20,-7.12
2024.09.06 15:30:20,-11.74
2024.09.06 15:30:20,-16.24
2024.09.06 15:30:20,-20.79
2024.09.06 15:30:40,13.93
2024.09.06 15:30:40,6.58
2024.09.06 15:30:40,2.39
2024.09.06 15:30:40,-1.93
2024.09.06 18:00:40,12.47
2024.09.06 18:00:40,6.81
2024.09.09 16:13:40,10.37
2024.09.09 16:13:40,6.20
2024.09.09 16:13:40,1.39
2024.09.10 17:13:40,10.46
2024.09.10 17:13:40,6.01
2024.09.10 17:13:40,1.76
2024.09.11 07:12:40,17.02
2024.09.11 17:14:40,10.79
2024.09.11 17:14:40,6.38
2024.09.12 15:30:20,10.34
2024.09.12 15:30:20,5.73
2024.09.12 15:30:20,1.21
2024.09.13 04:01:40,11.21
2024.09.13 04:01:40,6.35
2024.09.13 12:40:40,10.95
2024.09.13 12:40:40,6.65
2024.09.16 08:49:40,10.48
2024.09.16 08:49:40,5.44
2024.09.16 08:49:40,1.15
2024.09.17 02:08:40,198.53
2024.09.17 02:08:40,152.30
2024.09.17 02:08:40,74.90
2024.09.17 02:08:40,44.49
2024.09.17 02:08:40,10.08
2024.09.17 02:08:40,-24.31
2024.09.17 02:08:40,-32.64
2024.09.17 02:08:40,-50.30
2024.09.17 02:08:40,-70.46
2024.09.17 02:08:40,-88.27
2024.09.17 02:08:40,-26.65
2024.09.17 02:08:40,-31.09
2024.09.17 02:08:40,-35.43
2024.09.17 02:08:40,-50.05
2024.09.17 17:11:40,11.35
2024.09.17 17:11:40,6.75
2024.09.18 05:40:40,82.91
2024.09.18 05:40:40,30.24
2024.09.18 05:40:40,11.63
2024.09.18 05:40:40,-7.77
2024.09.18 05:40:40,-25.08
2024.09.18 05:40:40,-11.12
2024.09.18 05:40:40,-15.44
2024.09.18 05:40:40,-19.84
2024.09.18 05:40:40,-24.08
2024.09.18 21:00:40,11.95
2024.09.18 21:00:40,7.58
2024.09.18 21:00:40,3.33
2024.09.18 21:00:40,-1.03
2024.09.19 03:02:20,17.43
2024.09.19 08:23:40,36.89
2024.09.19 08:23:40,15.22
2024.09.19 08:23:40,-0.39
2024.09.19 08:23:40,-4.62
2024.09.19 08:23:40,-10.36
2024.09.19 08:23:40,-17.21
2024.09.19 13:08:40,11.23
2024.09.19 13:08:40,6.98
2024.09.19 15:23:40,10.41
2024.09.19 15:23:40,5.48
2024.09.19 15:23:40,1.13
2024.09.19 23:53:40,10.11
2024.09.19 23:53:40,5.88
2024.09.19 23:53:40,1.63
2024.09.20 05:52:20,34.12
2024.09.20 05:52:20,4.11
2024.09.20 05:52:20,-0.09
2024.09.20 05:52:20,-4.32
2024.09.20 05:52:20,-8.59
2024.09.20 06:07:20,11.09
2024.09.20 06:07:20,6.33
2024.09.20 09:51:40,12.20
2024.09.20 09:51:40,7.69
2024.09.20 09:51:40,1.82
2024.09.20 14:03:40,17.16
2024.09.20 21:04:40,39.84
2024.09.20 21:04:40,21.84
2024.09.20 21:04:40,4.67
2024.09.20 21:04:40,-4.14
2024.09.20 21:04:40,-8.61
2024.09.20 21:04:40,-15.42
2024.09.20 21:04:40,-19.60
2024.09.23 11:09:40,10.87
2024.09.23 11:09:40,6.63
2024.09.23 16:21:40,30.65
2024.09.23 16:21:40,2.99
2024.09.23 16:21:40,-1.30
2024.09.23 16:21:40,-5.53
2024.09.23 16:21:40,-9.72
2024.09.24 13:41:20,36.11
2024.09.24 13:41:20,19.17
2024.09.24 13:41:20,2.22
2024.09.24 13:41:20,-3.61
2024.09.24 13:41:20,-7.87
2024.09.24 13:41:20,-12.16
2024.09.24 13:41:20,-16.56
2024.09.25 13:13:40,10.16
2024.09.25 13:13:40,5.69
2024.09.25 13:13:40,1.16
2024.09.26 10:30:40,28.69
2024.09.26 23:45:40,12.01
2024.09.26 23:45:40,7.28
2024.09.26 23:45:40,3.07
2024.09.26 23:45:40,-4.20
2024.09.27 08:22:40,17.23
2024.09.27 09:22:40,92.35
2024.09.27 09:22:40,75.55
2024.09.27 09:22:40,52.25
2024.09.27 09:22:40,8.84
2024.09.27 09:22:40,-6.53
2024.09.27 09:22:40,-10.89
2024.09.27 09:22:40,-15.17
2024.09.27 09:23:40,22.82
2024.09.27 09:23:40,15.40
2024.09.27 09:45:40,14.30
2024.09.27 09:45:40,3.57
2024.09.27 10:35:20,54.50
2024.09.27 10:35:20,36.63
2024.09.27 10:35:20,17.70
2024.09.27 10:35:20,-0.01
2024.09.27 10:35:20,-15.93
2024.09.27 10:35:20,-35.01
2024.09.27 10:35:20,-39.80
2024.09.30 02:11:40,10.22
2024.09.30 02:11:40,5.99
2024.09.30 02:11:40,0.83
2024.09.30 07:58:40,10.74
2024.09.30 07:58:40,6.50
2024.09.30 11:42:20,33.53
2024.09.30 11:42:20,2.50
2024.09.30 11:42:20,-1.94
2024.09.30 11:42:20,-6.22
2024.09.30 11:42:20,-10.43
2024.10.01 03:49:40,17.09
2024.10.01 11:06:40,36.10
2024.10.01 11:06:40,17.27
2024.10.01 11:06:40,0.08
2024.10.01 11:06:40,-4.56
2024.10.01 11:06:40,-8.89
2024.10.01 11:06:40,-13.24
2024.10.02 10:30:20,10.00
2024.10.02 10:30:20,5.68
2024.10.02 10:30:20,1.39
2024.10.02 17:39:40,17.47
2024.10.03 09:30:40,90.88
2024.10.03 09:30:40,56.90
2024.10.03 09:30:40,16.10
2024.10.03 09:30:40,-0.65
2024.10.03 09:30:40,-17.23
2024.10.03 09:30:40,-34.36
2024.10.03 09:30:40,-13.04
2024.10.03 09:30:40,-17.84
2024.10.03 09:30:40,-21.97
2024.10.03 09:30:40,-26.23
2024.10.03 18:04:40,10.80
2024.10.03 18:04:40,6.42
2024.10.03 18:04:40,2.22
2024.10.03 18:04:40,-2.39
2024.10.04 15:32:40,19.71
2024.10.04 20:10:40,10.14
2024.10.04 20:10:40,6.02
2024.10.04 20:10:40,1.34
2024.10.09 16:32:40,9.99
2024.10.09 16:32:40,5.76
2024.10.09 16:32:40,1.35
2024.10.11 17:28:40,10.90
2024.10.11 17:28:40,6.29
2024.10.15 08:15:20,36.53
2024.10.15 08:15:20,20.06
2024.10.15 08:15:20,0.79
2024.10.15 08:15:20,-6.92
2024.10.15 08:15:20,-13.54
2024.10.15 08:15:20,-17.65
2024.10.17 11:16:40,33.38
2024.10.17 11:16:40,13.63
2024.10.17 11:16:40,-0.84
2024.10.17 11:16:40,-5.25
2024.10.17 11:16:40,-9.36
2024.10.17 11:16:40,-13.57
2024.10.18 18:52:20,10.62
2024.10.18 18:52:20,6.58
2024.10.21 10:49:40,10.37
2024.10.21 10:49:40,6.20
2024.10.21 10:49:40,0.77
2024.10.22 07:10:40,17.37
2024.10.23 06:04:40,11.09
2024.10.23 06:04:40,7.12
2024.10.23 15:41:20,17.06
2024.10.24 18:03:20,159.98
2024.10.24 18:03:20,84.15
2024.10.24 18:03:20,54.65
2024.10.24 18:03:20,26.73
2024.10.24 18:03:20,-2.40
2024.10.24 18:03:20,-21.75
2024.10.24 18:03:20,-37.68
2024.10.24 18:03:20,-56.69
2024.10.24 18:03:20,-72.45
2024.10.24 18:03:20,-22.17
2024.10.24 18:03:20,-26.42
2024.10.24 18:03:20,-30.38
2024.10.24 18:03:20,-34.41
2024.10.28 00:03:00,33.07
2024.10.28 00:03:00,4.30
2024.10.28 00:03:00,0.26
2024.10.28 00:03:00,-4.14
2024.10.28 00:03:00,-8.08
2024.10.28 04:03:20,12.32
2024.10.28 04:03:20,5.66
2024.10.28 13:21:40,34.96
2024.10.28 13:21:40,4.19
2024.10.28 13:21:40,-1.40
2024.10.28 13:21:40,-6.05
2024.10.28 13:21:40,-10.04
2024.10.28 18:50:40,9.86
2024.10.28 18:50:40,5.75
2024.10.28 18:50:40,1.79
2024.10.31 03:54:40,10.74
2024.10.31 03:54:40,6.49
2024.10.31 03:54:40,2.43
2024.10.31 07:03:40,28.97
2024.10.31 07:03:40,3.26
2024.10.31 07:03:40,-0.88
2024.10.31 07:03:40,-5.04
2024.10.31 07:03:40,-9.09
2024.10.31 12:58:40,32.27
2024.10.31 12:58:40,16.53
2024.10.31 12:58:40,0.17
2024.10.31 12:58:40,-3.97
2024.10.31 12:58:40,-7.95
2024.10.31 12:58:40,-11.99
2024.11.04 02:07:20,17.07
2024.11.04 17:36:40,10.90
2024.11.04 17:36:40,6.79
2024.11.04 17:36:40,2.04
2024.11.04 17:36:40,-2.00
2024.11.05 16:08:40,29.14
2024.11.05 16:08:40,3.10
2024.11.05 16:08:40,-0.97
2024.11.05 16:08:40,-5.06
2024.11.05 16:08:40,-9.10
2024.11.06 04:37:40,9.92
2024.11.06 04:37:40,5.92
2024.11.06 04:37:40,1.37
2024.11.07 15:37:20,11.23
2024.11.07 15:37:20,6.03
2024.11.08 18:50:20,17.01
2024.11.11 04:30:40,41.56
2024.11.11 04:30:40,25.17
2024.11.11 04:30:40,9.31
2024.11.11 04:30:40,-7.85
2024.11.11 04:30:40,-6.50
2024.11.11 04:30:40,-10.46
2024.11.11 04:30:40,-14.82
2024.11.11 04:30:40,-19.21
2024.11.12 07:06:40,9.88
2024.11.12 07:06:40,5.96
2024.11.12 07:06:40,1.80
2024.11.12 15:31:40,9.82
2024.11.12 15:31:40,5.75
2024.11.12 15:31:40,1.84
2024.11.15 10:07:40,33.90
2024.11.15 10:07:40,18.43
2024.11.15 10:07:40,3.01
2024.11.15 10:07:40,-3.15
2024.11.15 10:07:40,-7.51
2024.11.15 10:07:40,-11.52
2024.11.15 10:07:40,-15.59
2024.11.15 19:36:40,17.07
2024.11.18 03:06:40,37.53
2024.11.18 03:06:40,20.50
2024.11.18 03:06:40,1.22
2024.11.18 03:06:40,-2.71
2024.11.18 03:06:40,-7.14
2024.11.18 03:06:40,-11.74
2024.11.18 14:51:40,10.80
2024.11.18 14:51:40,6.77
2024.11.19 10:38:40,10.35
2024.11.19 10:38:40,6.44
2024.11.19 10:38:40,2.41
2024.11.19 10:38:40,-1.81
2024.11.19 16:28:40,11.21
2024.11.19 16:28:40,5.96
2024.11.19 16:28:40,2.05
2024.11.19 16:28:40,-2.13
2024.11.20 10:20:40,17.05
2024.11.20 17:21:40,35.13
2024.11.20 17:21:40,19.14
2024.11.20 17:21:40,3.41
2024.11.20 17:21:40,-3.13
2024.11.20 17:21:40,-7.16
2024.11.20 17:21:40,-11.61
2024.11.20 17:21:40,-16.58
2024.11.21 10:35:40,10.79
2024.11.21 10:35:40,6.88
2024.11.22 08:08:40,43.51
2024.11.22 08:08:40,26.71
2024.11.22 08:08:40,9.16
2024.11.22 08:08:40,-7.53
2024.11.22 08:08:40,-5.77
2024.11.22 08:08:40,-10.29
2024.11.22 08:08:40,-14.31
2024.11.22 08:08:40,-20.11
2024.11.22 12:09:40,17.26
2024.11.22 15:20:40,10.51
2024.11.22 15:20:40,6.58
2024.11.22 17:59:40,37.08
2024.11.22 17:59:40,20.35
2024.11.22 17:59:40,3.41
2024.11.22 17:59:40,-3.20
2024.11.22 17:59:40,-8.04
2024.11.22 17:59:40,-12.58
2024.11.22 17:59:40,-16.45
2024.11.25 10:01:40,10.07
2024.11.25 10:01:40,5.90
2024.11.25 10:01:40,1.99
2024.11.26 14:15:40,10.78
2024.11.26 14:15:40,6.81
2024.11.26 14:15:40,2.84
2024.11.26 14:15:40,-1.09
2024.11.27 09:44:40,17.54
2024.11.28 11:05:40,80.27
2024.11.28 11:05:40,29.34
2024.11.28 11:05:40,12.48
2024.11.28 11:05:40,-7.43
2024.11.28 11:05:40,-24.13
2024.11.28 11:05:40,-10.13
2024.11.28 11:05:40,-14.23
2024.11.28 11:05:40,-18.32
2024.11.28 11:05:40,-22.56
2024.11.29 03:18:40,17.60
2024.11.29 12:16:40,36.31
2024.11.29 12:16:40,19.22
2024.11.29 12:16:40,2.34
2024.11.29 12:16:40,-3.74
2024.11.29 12:16:40,-8.17
2024.11.29 12:16:40,-12.43
2024.11.29 12:16:40,-16.43
2024.11.29 19:57:40,10.81
2024.11.29 19:57:40,6.35
2024.12.02 14:35:40,11.07
2024.12.02 14:35:40,6.83
2024.12.03 10:09:40,42.33
2024.12.03 10:09:40,26.29
2024.12.03 10:09:40,9.77
2024.12.03 10:09:40,-6.75
2024.12.03 10:09:40,-6.10
2024.12.03 10:09:40,-10.50
2024.12.03 10:09:40,-14.77
2024.12.03 10:09:40,-18.77
2024.12.03 18:01:40,31.32
2024.12.03 18:01:40,3.74
2024.12.03 18:01:40,-0.35
2024.12.03 18:01:40,-4.69
2024.12.03 18:01:40,-8.77
2024.12.04 12:46:40,17.33
2024.12.05 08:49:40,10.76
2024.12.05 08:49:40,6.32
2024.12.05 08:49:40,2.06
2024.12.05 08:49:40,-1.97
2024.12.05 15:14:40,11.64
2024.12.05 15:14:40,5.54
2024.12.06 08:41:40,31.70
2024.12.06 08:41:40,14.67
2024.12.06 08:41:40,-0.89
2024.12.06 08:41:40,-4.91
2024.12.06 08:41:40,-8.96
2024.12.06 08:41:40,-12.98
2024.12.06 15:30:40,17.13
2024.12.06 15:58:40,31.36
2024.12.06 15:58:40,3.10
2024.12.06 15:58:40,-0.96
2024.12.06 15:58:40,-4.98
2024.12.06 15:58:40,-9.09
2024.12.09 10:00:40,30.60
2024.12.09 10:00:40,3.40
2024.12.09 10:00:40,-0.73
2024.12.09 10:00:40,-5.44
2024.12.09 10:00:40,-10.11
2024.12.09 18:01:40,17.34
2024.12.11 04:05:40,30.40
2024.12.11 04:05:40,2.98
2024.12.11 04:05:40,-1.07
2024.12.11 04:05:40,-5.26
2024.12.11 04:05:40,-9.31
2024.12.11 11:13:40,37.77
2024.12.11 11:13:40,1.64
2024.12.11 11:13:40,-2.43
2024.12.11 11:13:40,-6.86
2024.12.11 11:13:40,-11.00
2024.12.12 09:51:20,17.11
2024.12.12 10:29:40,10.88
2024.12.12 10:29:40,6.92
2024.12.12 10:29:40,2.87
2024.12.12 10:29:40,-1.80
2024.12.12 14:37:40,10.70
2024.12.12 14:37:40,6.53
2024.12.12 16:49:20,34.74
2024.12.12 16:49:20,4.60
2024.12.12 16:49:20,0.63
2024.12.12 16:49:20,-3.52
2024.12.12 16:49:20,-17.72
2024.12.13 13:15:40,10.02
2024.12.13 13:15:40,5.70
2024.12.13 13:15:40,1.38
2024.12.17 05:31:40,29.30
2024.12.17 05:31:40,3.31
2024.12.17 05:31:40,-0.78
2024.12.17 05:31:40,-4.94
2024.12.17 05:31:40,-8.93
2024.12.17 10:41:40,10.97
2024.12.17 10:41:40,6.89
2024.12.18 02:41:40,10.71
2024.12.18 02:41:40,6.42
2024.12.18 22:02:40,11.15
2024.12.18 22:02:40,6.77
2024.12.18 22:02:40,2.87
2024.12.18 22:02:40,-1.38
2024.12.19 04:52:40,13.18
2024.12.19 04:52:40,8.68
2024.12.19 04:52:40,3.98
2024.12.19 04:52:40,-0.03
2024.12.19 09:00:40,17.86
2024.12.19 11:43:40,17.24
2024.12.19 18:05:20,10.64
2024.12.19 18:05:20,6.72
2024.12.23 17:58:40,157.81
2024.12.23 17:58:40,83.04
2024.12.23 17:58:40,55.88
2024.12.23 17:58:40,26.22
2024.12.23 17:58:40,-3.26
2024.12.23 17:58:40,-17.48
2024.12.23 17:58:40,-36.16
2024.12.23 17:58:40,-53.82
2024.12.23 17:58:40,-70.46
2024.12.23 17:58:40,-23.64
2024.12.23 17:58:40,-28.22
2024.12.23 17:58:40,-34.31
2024.12.23 17:58:40,-38.14
2024.12.26 13:13:40,29.93
2024.12.26 13:13:40,3.09
2024.12.26 13:13:40,-0.86
2024.12.26 13:13:40,-5.34
2024.12.26 13:13:40,-9.22
2024.12.27 09:50:40,27.93
2024.12.27 09:50:40,3.04
2024.12.27 09:50:40,-0.77
2024.12.27 09:50:40,-4.54
2024.12.27 09:50:40,-8.42
2024.12.30 14:04:40,10.83
2024.12.30 14:04:40,6.52
2024.12.30 17:16:40,17.16
2024.12.31 09:39:20,10.69
2024.12.31 09:39:20,6.67
2025.01.02 01:57:40,43.30
2025.01.02 01:57:40,26.57
2025.01.02 01:57:40,8.35
2025.01.02 01:57:40,-7.78
2025.01.02 01:57:40,-5.93
2025.01.02 01:57:40,-9.89
2025.01.02 01:57:40,-13.86
2025.01.02 01:57:40,-17.97
2025.01.02 10:25:40,10.46
2025.01.02 10:25:40,6.50
2025.01.02 10:25:40,2.54
2025.01.02 10:25:40,-1.30
2025.01.02 15:25:40,10.40
2025.01.02 15:25:40,6.17
2025.01.02 15:25:40,1.85
2025.01.03 11:31:40,31.20
2025.01.03 11:31:40,3.65
2025.01.03 11:31:40,-0.61
2025.01.03 11:31:40,-4.71
2025.01.03 11:31:40,-9.87
2025.01.06 07:24:40,10.52
2025.01.06 07:24:40,6.48
2025.01.06 15:15:40,29.79
2025.01.06 15:15:40,13.85
2025.01.06 15:15:40,-0.45
2025.01.06 15:15:40,-4.54
2025.01.06 15:15:40,-8.42
2025.01.06 15:15:40,-12.34
2025.01.06 17:11:40,10.67
2025.01.06 17:11:40,6.53
2025.01.07 09:31:40,33.61
2025.01.07 09:31:40,4.58
2025.01.07 09:31:40,0.53
2025.01.07 09:31:40,-3.31
2025.01.07 09:31:40,-7.76
2025.01.10 11:04:20,17.14
2025.01.10 17:06:40,10.67
2025.01.10 17:06:40,6.56
2025.01.14 03:32:40,83.53
2025.01.14 03:32:40,32.27
2025.01.14 03:32:40,13.98
2025.01.14 03:32:40,-11.88
2025.01.14 03:32:40,-27.75
2025.01.14 03:32:40,-10.89
2025.01.14 03:32:40,-15.20
2025.01.14 03:32:40,-19.17
2025.01.14 03:32:40,-23.21
2025.01.14 18:19:20,10.85
2025.01.14 18:19:20,6.16
2025.01.15 09:53:40,10.16
2025.01.15 09:53:40,6.21
2025.01.15 09:53:40,2.23
2025.01.16 03:27:40,17.46
2025.01.16 08:21:40,78.54
2025.01.16 08:21:40,28.64
2025.01.16 08:21:40,13.17
2025.01.16 08:21:40,-3.69
2025.01.16 08:21:40,-24.49
2025.01.16 08:21:40,-10.67
2025.01.16 08:21:40,-14.68
2025.01.16 08:21:40,-18.52
2025.01.16 08:21:40,-22.52
2025.01.20 15:31:40,11.09
2025.01.20 15:31:40,7.03
2025.01.20 15:31:40,2.70
2025.01.21 04:33:40,10.59
2025.01.21 04:33:40,6.62
2025.01.21 04:33:40,2.10
2025.01.21 04:33:40,-1.83
2025.01.21 20:52:40,10.20
2025.01.21 20:52:40,5.46
2025.01.21 20:52:40,1.51
2025.01.23 15:15:40,34.45
2025.01.23 15:15:40,18.89
2025.01.23 15:15:40,2.87
2025.01.23 15:15:40,-3.13
2025.01.23 15:15:40,-6.97
2025.01.23 15:15:40,-10.94
2025.01.23 15:15:40,-14.77
2025.01.24 05:41:40,11.77
2025.01.24 05:41:40,7.68
2025.01.24 05:41:40,3.78
2025.01.24 08:44:40,11.17
2025.01.24 08:44:40,5.98
2025.01.24 12:12:40,10.17
2025.01.24 12:12:40,6.28
2025.01.24 12:12:40,1.43
2025.01.27 00:04:40,11.12
2025.01.27 00:04:40,7.21
2025.01.27 00:04:40,2.25
2025.01.27 11:16:40,9.70
2025.01.27 11:16:40,5.69
2025.01.27 11:16:40,1.77
2025.01.28 06:13:40,11.77
2025.01.28 06:13:40,7.64
2025.01.28 06:13:40,-1.58
2025.01.29 03:09:40,9.63
2025.01.29 03:09:40,5.70
2025.01.29 03:09:40,1.79
2025.01.29 09:41:40,10.56
2025.01.29 09:41:40,6.68
2025.01.29 09:41:40,2.40
2025.01.29 09:41:40,-1.60
2025.01.30 11:20:40,17.51
2025.01.31 17:53:40,85.25
2025.01.31 17:53:40,55.31
2025.01.31 17:53:40,15.99
2025.01.31 17:53:40,0.23
2025.01.31 17:53:40,-15.54
2025.01.31 17:53:40,-34.15
2025.01.31 17:53:40,-12.66
2025.01.31 17:53:40,-16.82
2025.01.31 17:53:40,-20.76
2025.01.31 17:53:40,-25.07
2025.02.03 00:03:00,14.80
2025.02.03 00:03:00,10.62
2025.02.03 10:10:40,11.24
2025.02.03 10:10:40,6.99
2025.02.03 10:10:40,1.94
2025.02.03 10:10:40,-2.25
2025.02.03 13:28:40,10.61
2025.02.03 13:28:40,6.63
2025.02.03 17:24:40,55.64
2025.02.03 17:24:40,9.92
2025.02.03 17:24:40,5.70
2025.02.03 17:24:40,-5.53
2025.02.03 17:24:40,-9.54
2025.02.03 23:32:40,9.91
2025.02.03 23:32:40,5.53
2025.02.03 23:32:40,1.58
2025.02.04 07:07:40,36.27
2025.02.04 07:07:40,5.17
2025.02.04 07:07:40,0.24
2025.02.04 07:07:40,-9.09
2025.02.04 07:07:40,-13.14
2025.02.04 19:37:40,30.17
2025.02.04 19:37:40,3.52
2025.02.04 19:37:40,-0.47
2025.02.04 19:37:40,-4.43
2025.02.04 19:37:40,-8.47
2025.02.05 03:05:40,10.79
2025.02.05 03:05:40,6.90
2025.02.06 12:54:20,17.01
2025.02.06 21:33:40,17.00
2025.02.07 14:13:40,93.72
2025.02.07 14:13:40,52.81
2025.02.07 14:13:40,13.63
2025.02.07 14:13:40,-2.66
2025.02.07 14:13:40,-20.53
2025.02.07 14:13:40,-36.51
2025.02.07 14:13:40,-14.37
2025.02.07 14:13:40,-18.53
2025.02.07 14:13:40,-22.95
2025.02.07 14:13:40,-27.22
2025.02.07 15:39:40,10.46
2025.02.07 15:39:40,6.13
2025.02.07 15:39:40,1.79
2025.02.07 17:55:00,10.60
2025.02.07 17:55:00,6.49
2025.02.07 19:16:40,40.90
2025.02.07 19:16:40,21.72
2025.02.07 19:16:40,1.08
2025.02.07 19:16:40,-3.07
2025.02.07 19:16:40,-9.92
2025.02.07 19:16:40,-13.90
2025.02.10 09:39:40,10.06
2025.02.10 09:39:40,5.69
2025.02.10 09:39:40,1.71
2025.02.10 16:25:20,10.91
2025.02.10 16:25:20,6.32
2025.02.10 16:25:20,2.19
2025.02.10 16:25:20,-2.31
2025.02.12 02:33:40,11.11
2025.02.12 02:33:40,7.16
2025.02.12 17:00:40,17.07
2025.02.17 03:04:20,85.62
2025.02.17 03:04:20,58.04
2025.02.17 03:04:20,15.62
2025.02.17 03:04:20,-2.78
2025.02.17 03:04:20,-21.06
2025.02.17 03:04:20,-38.67
2025.02.17 03:04:20,-13.71
2025.02.17 03:04:20,-17.73
2025.02.17 03:04:20,-21.86
2025.02.17 03:04:20,-25.94
2025.02.17 14:00:40,10.70
2025.02.17 14:00:40,6.63
2025.02.18 10:28:40,10.97
2025.02.18 10:28:40,6.84
2025.02.18 10:28:40,1.95
2025.02.18 10:28:40,-2.76
2025.02.19 03:31:40,9.86
2025.02.19 03:31:40,5.81
2025.02.19 03:31:40,1.83
2025.02.19 18:09:40,10.81
2025.02.19 18:09:40,6.27
2025.02.20 03:05:40,11.04
2025.02.20 03:05:40,7.01
2025.02.21 03:38:20,78.86
2025.02.21 03:38:20,28.82
2025.02.21 03:38:20,12.48
2025.02.21 03:38:20,-6.11
2025.02.21 03:38:20,-27.23
2025.02.21 03:38:20,-10.82
2025.02.21 03:38:20,-15.25
2025.02.21 03:38:20,-19.34
2025.02.21 03:38:20,-23.65
2025.02.21 16:46:40,9.97
2025.02.21 16:46:40,5.61
2025.02.21 16:46:40,1.50
2025.02.24 21:05:40,10.77
2025.02.24 21:05:40,6.56
2025.02.24 21:05:40,2.32
2025.02.24 21:05:40,-1.81
2025.02.25 06:39:40,9.88
2025.02.25 06:39:40,5.84
2025.02.25 06:39:40,1.79
2025.02.25 12:43:40,10.03
2025.02.25 12:43:40,5.96
2025.02.25 12:43:40,1.60
2025.02.26 21:06:20,10.18
2025.02.26 21:06:20,5.57
2025.02.26 21:06:20,1.42
2025.02.28 04:12:40,10.78
2025.02.28 04:12:40,6.70
2025.02.28 06:35:40,30.85
2025.02.28 06:35:40,3.53
2025.02.28 06:35:40,-1.12
2025.02.28 06:35:40,-5.31
2025.02.28 06:35:40,-10.04
2025.02.28 16:40:40,32.00
2025.02.28 16:40:40,3.69
2025.02.28 16:40:40,-0.54
2025.02.28 16:40:40,-4.64
2025.02.28 16:40:40,-8.88
2025.03.03 09:59:20,10.11
2025.03.03 09:59:20,5.79
2025.03.03 09:59:20,1.46
2025.03.03 14:02:40,17.36
2025.03.03 17:49:40,29.62
2025.03.03 17:49:40,3.38
2025.03.03 17:49:40,-0.97
2025.03.03 17:49:40,-5.15
2025.03.03 17:49:40,-9.50
2025.03.03 22:18:00,10.70
2025.03.03 22:18:00,6.50
2025.03.04 08:28:40,31.44
2025.03.04 08:28:40,14.75
2025.03.04 08:28:40,-1.02
2025.03.04 08:28:40,-5.16
2025.03.04 08:28:40,-9.42
2025.03.04 08:28:40,-13.45
2025.03.04 13:37:40,10.16
2025.03.04 13:37:40,6.02
2025.03.04 13:37:40,1.77
2025.03.04 19:15:40,10.73
2025.03.04 19:15:40,6.64
2025.03.05 09:39:20,17.16
2025.03.05 15:55:40,36.83
2025.03.05 15:55:40,19.43
2025.03.05 15:55:40,2.61
2025.03.05 15:55:40,-3.69
2025.03.05 15:55:40,-7.93
2025.03.05 15:55:40,-12.32
2025.03.05 15:55:40,-16.51
2025.03.06 14:41:20,17.13
2025.03.06 17:06:40,46.17
2025.03.06 17:06:40,29.12
2025.03.06 17:06:40,10.40
2025.03.06 17:06:40,-6.05
2025.03.06 17:06:40,-6.32
2025.03.06 17:06:40,-10.46
2025.03.06 17:06:40,-14.69
2025.03.06 17:06:40,-18.77
2025.03.07 04:55:40,31.59
2025.03.07 04:55:40,3.22
2025.03.07 04:55:40,-1.42
2025.03.07 04:55:40,-5.68
2025.03.07 04:55:40,-10.22
2025.03.07 15:30:40,11.18
2025.03.07 15:30:40,6.62
2025.03.07 15:30:40,2.17
2025.03.07 15:30:40,-2.01
2025.03.10 14:04:40,10.82
2025.03.10 14:04:40,6.52
2025.03.10 14:04:40,-0.17
2025.03.10 20:40:20,10.65
2025.03.10 20:40:20,6.54
2025.03.11 15:57:40,13.32
2025.03.11 15:57:40,8.89
2025.03.11 20:09:00,12.68
2025.03.11 20:09:00,5.70
2025.03.11 20:09:00,1.50
2025.03.11 20:09:00,-2.86
2025.03.12 10:03:40,10.54
2025.03.12 10:03:40,6.11
2025.03.12 10:03:40,0.84
2025.03.12 17:20:40,36.01
2025.03.12 17:20:40,19.11
2025.03.12 17:20:40,0.40
2025.03.12 17:20:40,-3.84
2025.03.12 17:20:40,-8.18
2025.03.12 17:20:40,-12.28
2025.03.13 20:17:20,17.00
2025.03.13 23:37:40,31.19
2025.03.13 23:37:40,3.56
2025.03.13 23:37:40,-0.72
2025.03.13 23:37:40,-5.16
2025.03.13 23:37:40,-9.86
2025.03.14 15:13:20,35.96
2025.03.14 15:13:20,19.22
2025.03.14 15:13:20,1.88
2025.03.14 15:13:20,-3.61
2025.03.14 15:13:20,-7.64
2025.03.14 15:13:20,-11.93
2025.03.14 15:13:20,-15.99
2025.03.17 16:08:40,17.31
2025.03.18 10:08:40,17.22
2025.03.19 10:43:20,96.10
2025.03.19 10:43:20,65.98
2025.03.19 10:43:20,37.70
2025.03.19 10:43:20,4.86
2025.03.19 10:43:20,-12.19
2025.03.19 10:43:20,-28.30
2025.03.19 10:43:20,-45.67
2025.03.19 10:43:20,-15.71
2025.03.19 10:43:20,-19.91
2025.03.19 10:43:20,-23.97
2025.03.19 10:43:20,-28.20
2025.03.19 21:38:40,10.37
2025.03.19 21:38:40,6.05
2025.03.19 21:38:40,1.58
2025.03.20 12:08:40,17.08
2025.03.21 04:10:40,36.51
2025.03.21 04:10:40,19.39
2025.03.21 04:10:40,-1.91
2025.03.21 04:10:40,-6.70
2025.03.21 04:10:40,-10.87
2025.03.21 04:10:40,-15.21
2025.03.24 02:54:40,10.83
2025.03.24 02:54:40,6.62
2025.03.25 02:40:40,17.24
2025.03.25 17:54:40,43.15
2025.03.25 17:54:40,27.01
2025.03.25 17:54:40,8.96
2025.03.25 17:54:40,-7.39
2025.03.25 17:54:40,-5.91
2025.03.25 17:54:40,-10.07
2025.03.25 17:54:40,-14.18
2025.03.25 17:54:40,-18.26
2025.03.27 14:04:40,10.64
2025.03.27 14:04:40,6.56
2025.03.27 14:04:40,2.13
2025.03.27 14:04:40,-1.84
2025.03.28 10:45:00,29.82
2025.03.28 10:45:00,3.34
2025.03.28 10:45:00,-1.03
2025.03.28 10:45:00,-5.53
2025.03.28 10:45:00,-9.55
2025.03.31 05:30:40,17.78
2025.04.02 04:03:20,35.83
2025.04.02 04:03:20,19.20
2025.04.02 04:03:20,2.70
2025.04.02 04:03:20,-3.60
2025.04.02 04:03:20,-7.67
2025.04.02 04:03:20,-11.76
2025.04.02 04:03:20,-15.95
2025.04.02 18:04:40,10.51
2025.04.02 18:04:40,6.34
2025.04.02 18:04:40,2.19
2025.04.02 23:27:40,14.99
2025.04.02 23:27:40,7.21
2025.04.02 23:27:40,2.90
2025.04.02 23:27:40,-1.36
2025.04.03 00:13:40,11.79
2025.04.03 00:13:40,7.58
2025.04.03 09:19:40,33.33
2025.04.03 09:19:40,3.94
2025.04.03 09:19:40,-0.97
2025.04.03 09:19:40,-6.26
2025.04.03 09:19:40,-12.23
2025.04.03 13:15:40,18.57
2025.04.03 17:00:20,34.66
2025.04.03 17:00:20,13.51
2025.04.03 17:00:20,-1.11
2025.04.03 17:00:20,-5.26
2025.04.03 17:00:20,-9.61
2025.04.03 17:00:20,-13.77
2025.04.04 04:09:40,10.68
2025.04.04 04:09:40,6.21
2025.04.04 04:09:40,1.27
2025.04.04 13:10:40,34.63
2025.04.04 13:10:40,15.12
2025.04.04 13:10:40,-0.49
2025.04.04 13:10:40,-4.68
2025.04.04 13:10:40,-8.87
2025.04.04 13:10:40,-13.32
2025.04.04 17:43:40,11.66
2025.04.04 17:43:40,7.12
2025.04.04 18:03:40,10.50
2025.04.04 18:03:40,5.88
2025.04.04 18:03:40,1.28
2025.04.04 20:41:40,11.20
2025.04.04 20:41:40,6.50
2025.04.04 22:55:40,11.75
2025.04.04 22:55:40,7.31
2025.04.04 22:55:40,2.33
2025.04.04 22:55:40,-4.13
2025.04.07 01:03:40,13.00
2025.04.07 01:03:40,8.38
2025.04.07 01:26:40,33.60
2025.04.07 01:26:40,4.14
2025.04.07 01:26:40,-0.95
2025.04.07 01:26:40,-6.50
2025.04.07 01:26:40,-10.93
2025.04.07 10:14:40,17.39
2025.04.07 14:13:40,46.40
2025.04.07 14:13:40,28.36
2025.04.07 14:13:40,10.00
2025.04.07 14:13:40,-8.58
2025.04.07 14:13:40,-6.49
2025.04.07 14:13:40,-10.68
2025.04.07 14:13:40,-15.21
2025.04.07 14:13:40,-20.03
2025.04.07 17:16:40,20.41
2025.04.07 17:16:40,15.97
2025.04.07 17:16:40,11.90
2025.04.07 17:16:40,7.52
2025.04.07 17:39:40,14.41
2025.04.07 17:39:40,3.55
2025.04.07 17:39:40,-0.63
2025.04.07 18:59:40,10.72
2025.04.07 18:59:40,6.65
2025.04.07 23:41:20,39.65
2025.04.07 23:41:20,21.64
2025.04.07 23:41:20,1.57
2025.04.07 23:41:20,-3.77
2025.04.07 23:41:20,-7.84
2025.04.07 23:41:20,-13.25
2025.04.07 23:41:20,-19.75
2025.04.08 10:31:40,10.74
2025.04.08 10:31:40,6.67
2025.04.08 13:38:40,11.01
2025.04.08 13:38:40,6.31
2025.04.08 13:38:40,1.97
2025.04.08 13:38:40,-2.22
2025.04.08 16:25:40,11.10
2025.04.08 16:25:40,6.93
2025.04.08 17:57:40,11.45
2025.04.08 17:57:40,7.16
2025.04.08 17:57:40,2.31
2025.04.08 17:57:40,-2.12
2025.04.08 20:35:40,11.59
2025.04.08 20:35:40,7.34
2025.04.08 20:35:40,3.02
2025.04.08 20:35:40,-2.12
2025.04.09 02:28:40,30.01
2025.04.09 02:28:40,3.31
2025.04.09 02:28:40,-0.87
2025.04.09 02:28:40,-5.18
2025.04.09 02:28:40,-9.34
2025.04.09 07:01:20,10.40
2025.04.09 07:01:20,5.95
2025.04.09 07:01:20,1.52
2025.04.09 09:42:40,10.41
2025.04.09 09:42:40,6.16
2025.04.09 09:42:40,1.57
2025.04.09 13:08:20,11.02
2025.04.09 13:08:20,6.67
2025.04.09 20:24:40,17.28
2025.04.09 20:24:40,12.76
2025.04.09 20:24:40,8.05
2025.04.09 20:24:40,3.91
2025.04.09 20:36:20,13.50
2025.04.09 20:36:20,6.21
2025.04.09 20:36:20,1.79
2025.04.09 20:36:20,-2.30
2025.04.09 21:08:20,13.34
2025.04.09 21:08:20,7.29
2025.04.09 21:08:20,2.34
2025.04.10 07:51:40,12.35
2025.04.10 07:51:40,7.81
2025.04.10 07:51:40,-2.51
2025.04.10 10:37:40,32.22
2025.04.10 10:37:40,3.86
2025.04.10 10:37:40,-1.52
2025.04.10 10:37:40,-5.88
2025.04.10 10:37:40,-9.99
2025.04.10 13:21:40,17.03
2025.04.10 14:26:40,36.92
2025.04.10 14:26:40,20.00
2025.04.10 14:26:40,0.60
2025.04.10 14:26:40,-4.20
2025.04.10 14:26:40,-8.35
2025.04.10 14:26:40,-12.69
2025.04.10 15:02:20,11.82
2025.04.10 15:02:20,6.14
2025.04.10 15:02:20,-0.05
2025.04.10 18:17:40,11.73
2025.04.10 18:17:40,6.88
2025.04.10 20:45:20,17.08
2025.04.11 09:26:40,84.14
2025.04.11 09:26:40,26.58
2025.04.11 09:26:40,9.75
2025.04.11 09:26:40,-7.85
2025.04.11 09:26:40,-24.74
2025.04.11 09:26:40,-10.44
2025.04.11 09:26:40,-14.62
2025.04.11 09:26:40,-19.24
2025.04.11 09:26:40,-23.97
2025.04.11 10:20:40,10.85
2025.04.11 10:20:40,6.50
2025.04.11 10:20:40,1.97
2025.04.11 12:26:40,10.92
2025.04.11 12:26:40,6.71
2025.04.11 12:26:40,2.06
2025.04.11 12:26:40,-2.16
2025.04.11 13:17:40,33.78
2025.04.11 13:17:40,3.00
2025.04.11 13:17:40,-1.46
2025.04.11 13:17:40,-5.89
2025.04.11 13:17:40,-10.27
2025.04.11 15:07:40,11.01
2025.04.11 15:07:40,6.76
2025.04.11 17:42:20,17.09
2025.04.14 00:03:40,39.93
2025.04.14 00:03:40,22.93
2025.04.14 00:03:40,5.87
2025.04.14 00:03:40,-2.86
2025.04.14 00:03:40,-7.33
2025.04.14 00:03:40,-11.61
2025.04.14 00:03:40,-15.84
2025.04.14 03:54:40,10.99
2025.04.14 03:54:40,6.56
2025.04.14 17:52:20,42.13
2025.04.14 17:52:20,22.15
2025.04.14 17:52:20,5.02
2025.04.14 17:52:20,-2.94
2025.04.14 17:52:20,-8.20
2025.04.14 17:52:20,-13.14
2025.04.14 17:52:20,-17.69
2025.04.15 09:02:40,11.95
2025.04.15 09:02:40,7.73
2025.04.15 09:02:40,1.42
2025.04.15 15:20:40,11.81
2025.04.15 15:20:40,7.41
2025.04.15 15:20:40,1.58
2025.04.16 02:25:20,30.62
2025.04.16 02:25:20,3.37
2025.04.16 02:25:20,-0.95
2025.04.16 02:25:20,-5.61
2025.04.16 02:25:20,-10.23
2025.04.16 15:02:40,11.09
2025.04.16 15:02:40,6.74
2025.04.17 17:10:20,17.48
2025.04.18 03:34:20,36.22
2025.04.18 03:34:20,14.80
2025.04.18 03:34:20,-0.63
2025.04.18 03:34:20,-5.48
2025.04.18 03:34:20,-9.80
2025.04.18 03:34:20,-14.03
2025.04.21 01:52:40,10.13
2025.04.21 01:52:40,5.89
2025.04.21 01:52:40,1.64
2025.04.21 10:45:40,11.18
2025.04.21 10:45:40,6.59
2025.04.21 10:45:40,2.29
2025.04.21 17:18:40,34.23
2025.04.21 17:18:40,4.14
2025.04.21 17:18:40,-1.90
2025.04.21 17:18:40,-6.61
2025.04.21 17:18:40,-10.93
2025.04.22 09:11:20,17.05
2025.04.22 13:57:40,10.79
2025.04.22 13:57:40,6.49
2025.04.23 13:31:40,10.86
2025.04.23 13:31:40,6.26
2025.04.25 04:12:40,10.23
2025.04.25 04:12:40,5.78
2025.04.25 04:12:40,1.56
2025.04.25 13:05:40,47.14
2025.04.25 13:05:40,27.53
2025.04.25 13:05:40,9.94
2025.04.25 13:05:40,-8.23
2025.04.25 13:05:40,-7.31
2025.04.25 13:05:40,-11.53
2025.04.25 13:05:40,-16.06
2025.04.25 13:05:40,-20.52
2025.04.25 17:33:40,10.84
2025.04.25 17:33:40,6.54
2025.04.28 10:54:40,33.44
2025.04.28 10:54:40,3.63
2025.04.28 10:54:40,-1.65
2025.04.28 10:54:40,-5.97
2025.04.28 10:54:40,-10.78
2025.04.29 11:09:40,10.64
2025.04.29 11:09:40,6.21
2025.04.29 11:09:40,1.99
2025.04.30 12:31:40,11.05
2025.04.30 12:31:40,6.47
2025.04.30 12:31:40,2.16
2025.04.30 12:31:40,-2.25
2025.05.01 06:54:40,11.24
2025.05.01 06:54:40,6.68
2025.05.01 21:03:40,17.18
2025.05.02 15:30:20,103.29
2025.05.02 15:30:20,70.06
2025.05.02 15:30:20,40.18
2025.05.02 15:30:20,5.79
2025.05.02 15:30:20,-10.93
2025.05.02 15:30:20,-29.26
2025.05.02 15:30:20,-45.92
2025.05.02 15:30:20,-16.98
2025.05.02 15:30:20,-21.91
2025.05.02 15:30:20,-26.18
2025.05.02 15:30:20,-30.93
2025.05.05 09:30:40,12.41
2025.05.05 09:30:40,6.10
2025.05.06 10:31:40,11.00
2025.05.06 10:31:40,6.81
2025.05.07 10:22:40,45.42
2025.05.07 10:22:40,28.25
2025.05.07 10:22:40,8.79
2025.05.07 10:22:40,-8.32
2025.05.07 10:22:40,-6.69
2025.05.07 10:22:40,-11.22
2025.05.07 10:22:40,-16.37
2025.05.07 10:22:40,-21.08
2025.05.07 19:06:40,17.22
2025.05.08 11:36:40,10.47
2025.05.08 11:36:40,5.73
2025.05.08 11:36:40,1.35
2025.05.09 05:09:40,34.42
2025.05.09 05:09:40,13.85
2025.05.09 05:09:40,-0.65
2025.05.09 05:09:40,-4.94
2025.05.09 05:09:40,-9.36
2025.05.09 05:09:40,-13.70
2025.05.12 14:54:40,10.93
2025.05.12 14:54:40,6.11
2025.05.13 11:29:40,11.61
2025.05.13 11:29:40,7.47
2025.05.14 11:09:40,10.72
2025.05.14 11:09:40,6.31
2025.05.14 11:09:40,2.20
2025.05.14 11:09:40,-2.00
2025.05.15 07:55:40,17.45
2025.05.16 15:52:40,10.60
2025.05.16 15:52:40,6.12
2025.05.16 15:52:40,1.78
2025.05.20 08:45:40,10.79
2025.05.20 08:45:40,6.24
2025.05.20 21:06:40,97.45
2025.05.20 21:06:40,58.68
2025.05.20 21:06:40,15.48
2025.05.20 21:06:40,-4.07
2025.05.20 21:06:40,-22.43
2025.05.20 21:06:40,-40.68
2025.05.20 21:06:40,-14.45
2025.05.20 21:06:40,-19.22
2025.05.20 21:06:40,-23.70
2025.05.20 21:06:40,-27.95
2025.05.21 14:25:40,33.05
2025.05.21 14:25:40,14.77
2025.05.21 14:25:40,-0.66
2025.05.21 14:25:40,-5.00
2025.05.21 14:25:40,-9.43
2025.05.21 14:25:40,-14.18
2025.05.22 03:54:40,11.01
2025.05.22 03:54:40,6.15
2025.05.26 17:30:40,11.72
2025.05.26 17:30:40,7.35
2025.05.26 17:30:40,2.15
2025.05.26 17:30:40,-2.34
2025.05.27 08:30:40,10.34
2025.05.27 08:30:40,6.11
2025.05.27 08:30:40,1.65
2025.05.28 16:14:40,10.81
2025.05.28 16:14:40,6.29
2025.05.30 14:04:40,31.68
2025.05.30 14:04:40,3.70
2025.05.30 14:04:40,-1.43
2025.05.30 14:04:40,-5.67
2025.05.30 14:04:40,-10.09
2025.05.30 17:52:40,12.33
2025.05.30 17:52:40,7.53
2025.06.02 04:00:40,11.77
2025.06.02 04:00:40,6.36
2025.06.02 04:00:40,2.12
2025.06.02 04:00:40,-2.06
2025.06.03 15:10:20,11.08
2025.06.03 15:10:20,6.71
2025.06.04 15:05:20,11.43
2025.06.04 15:05:20,7.11
2025.06.04 15:05:20,1.45
2025.06.04 15:05:20,-2.78
2025.06.05 01:00:00,10.98
2025.06.05 01:00:00,6.59
2025.06.05 01:00:00,2.16
2025.06.05 01:00:00,-2.15
2025.06.05 17:10:40,11.25
2025.06.05 17:10:40,6.53
2025.06.05 17:10:40,1.91
2025.06.05 17:10:40,-2.38
2025.06.09 00:03:00,17.26
2025.06.11 11:31:40,10.10
2025.06.11 11:31:40,5.93
2025.06.11 11:31:40,1.19
2025.06.12 12:53:40,10.23
2025.06.12 12:53:40,5.56
2025.06.12 12:53:40,1.22
2025.06.16 01:10:40,17.81
2025.06.18 18:10:40,168.11
2025.06.18 18:10:40,86.52
2025.06.18 18:10:40,56.88
2025.06.18 18:10:40,23.89
2025.06.18 18:10:40,-5.36
2025.06.18 18:10:40,-19.37
2025.06.18 18:10:40,-36.90
2025.06.18 18:10:40,-54.43
2025.06.18 18:10:40,-71.46
2025.06.18 18:10:40,-23.02
2025.06.18 18:10:40,-27.37
2025.06.18 18:10:40,-32.30
2025.06.18 18:10:40,-36.45
2025.06.19 10:30:40,31.93
2025.06.19 10:30:40,3.03
2025.06.19 10:30:40,-1.17
2025.06.19 10:30:40,-5.63
2025.06.19 10:30:40,-9.75
2025.06.20 20:34:40,17.19
2025.06.23 08:22:20,17.08
2025.06.24 01:06:40,118.30
2025.06.24 01:06:40,89.53
2025.06.24 01:06:40,59.42
2025.06.24 01:06:40,30.37
2025.06.24 01:06:40,-0.18
2025.06.24 01:06:40,-16.95
2025.06.24 01:06:40,-62.12
2025.06.24 01:06:40,-78.69
2025.06.24 01:06:40,-23.91
2025.06.24 01:06:40,-28.27
2025.06.24 01:06:40,-32.73
2025.06.24 01:06:40,-36.95
2025.06.24 14:54:40,29.75
2025.06.24 14:54:40,3.26
2025.06.24 14:54:40,-0.88
2025.06.24 14:54:40,-5.31
2025.06.24 14:54:40,-9.70
2025.06.25 10:15:40,17.11
2025.06.26 01:00:20,30.65
2025.06.26 01:00:20,3.50
2025.06.26 01:00:20,-0.67
2025.06.26 01:00:20,-4.84
2025.06.26 01:00:20,-9.10
2025.06.26 09:13:40,10.82
2025.06.26 09:13:40,6.54
2025.06.26 16:43:40,10.48
2025.06.26 16:43:40,6.03
2025.06.26 16:43:40,0.93
2025.06.27 13:09:40,10.84
2025.06.27 13:09:40,6.23
2025.06.30 00:03:00,33.27
2025.06.30 00:03:00,15.57
2025.06.30 00:03:00,-0.54
2025.06.30 00:03:00,-5.16
2025.06.30 00:03:00,-9.51
2025.06.30 00:03:00,-13.66
2025.06.30 17:15:20,10.24
2025.06.30 17:15:20,5.79
2025.06.30 17:15:20,1.55
2025.07.02 12:14:40,10.83
2025.07.02 12:14:40,6.42
2025.07.02 15:16:40,31.36
2025.07.02 15:16:40,3.52
2025.07.02 15:16:40,-0.78
2025.07.02 15:16:40,-5.07
2025.07.02 15:16:40,-9.97
2025.07.03 15:30:00,11.23
2025.07.03 15:30:00,6.71
2025.07.03 15:30:00,2.09
2025.07.03 15:30:40,11.81
2025.07.03 15:30:40,6.94
2025.07.03 15:30:40,2.14
2025.07.08 03:32:40,17.15
2025.07.09 02:50:40,17.04
2025.07.10 20:34:40,88.83
2025.07.10 20:34:40,59.73
2025.07.10 20:34:40,16.76
2025.07.10 20:34:40,0.04
2025.07.10 20:34:40,-21.70
2025.07.10 20:34:40,-38.22
2025.07.10 20:34:40,-13.69
2025.07.10 20:34:40,-17.88
2025.07.10 20:34:40,-22.43
2025.07.10 20:34:40,-33.03
2025.07.11 07:15:20,10.77
2025.07.11 07:15:20,6.68
2025.07.11 07:15:20,2.02
2025.07.11 07:15:20,-2.22
2025.07.11 16:55:40,10.71
2025.07.11 16:55:40,6.35
2025.07.14 09:38:20,30.83
2025.07.14 09:38:20,14.32
2025.07.14 09:38:20,-0.75
2025.07.14 09:38:20,-4.84
2025.07.14 09:38:20,-9.00
2025.07.14 09:38:20,-13.08
2025.07.15 09:30:40,10.73
2025.07.15 09:30:40,6.50
2025.07.16 14:50:40,30.76
2025.07.16 14:50:40,3.46
2025.07.16 14:50:40,-0.69
2025.07.16 14:50:40,-4.80
2025.07.16 14:50:40,-8.86
2025.07.18 10:06:20,10.62
2025.07.18 10:06:20,6.27
2025.07.18 10:06:20,2.23
2025.07.18 10:06:20,-2.12
2025.07.21 00:03:30,11.25
2025.07.21 00:03:30,7.09
2025.07.21 00:03:30,3.06
2025.07.21 09:30:40,10.41
2025.07.21 09:30:40,6.26
2025.07.21 09:30:40,1.35
2025.07.22 11:33:40,10.22
2025.07.22 11:33:40,6.01
2025.07.22 11:33:40,0.82
2025.07.22 15:10:40,10.46
2025.07.22 15:10:40,6.03
2025.07.22 15:10:40,1.94
2025.07.22 18:27:40,31.03
2025.07.22 18:27:40,3.07
2025.07.22 18:27:40,-1.07
2025.07.22 18:27:40,-5.50
2025.07.22 18:27:40,-10.08
2025.07.23 03:25:40,9.92
2025.07.23 03:25:40,5.81
2025.07.23 03:25:40,1.60
2025.07.23 05:21:40,13.84
2025.07.23 05:21:40,9.18
2025.07.23 13:19:20,11.77
2025.07.23 13:19:20,7.24
2025.07.23 13:19:20,2.08
2025.07.23 13:19:20,-2.05
2025.07.25 10:42:40,11.03
2025.07.25 10:42:40,6.89
2025.07.25 10:42:40,2.67
2025.07.25 10:42:40,-1.64
2025.07.28 13:13:40,30.47
2025.07.28 13:13:40,3.55
2025.07.28 13:13:40,-1.31
2025.07.28 13:13:40,-5.67
2025.07.28 13:13:40,-9.75
2025.07.29 17:56:40,17.20
2025.07.30 16:12:40,11.23
2025.07.30 16:12:40,6.91
2025.07.31 05:58:40,12.18
2025.07.31 05:58:40,8.14
2025.07.31 10:32:40,77.19
2025.07.31 10:32:40,27.28
2025.07.31 10:32:40,9.44
2025.07.31 10:32:40,-6.75
2025.07.31 10:32:40,-23.66
2025.07.31 10:32:40,-9.96
2025.07.31 10:32:40,-14.23
2025.07.31 10:32:40,-18.60
2025.07.31 10:32:40,-22.85
2025.07.31 17:03:40,17.05
2025.08.01 11:08:20,78.61
2025.08.01 11:08:20,26.75
2025.08.01 11:08:20,10.45
2025.08.01 11:08:20,-5.54
2025.08.01 11:08:20,-21.63
2025.08.01 11:08:20,-10.35
2025.08.01 11:08:20,-14.65
2025.08.01 11:08:20,-19.06
2025.08.01 11:08:20,-23.07
2025.08.01 19:32:20,17.00
2025.08.04 17:26:40,17.13
2025.08.05 18:45:20,99.97
2025.08.05 18:45:20,68.66
2025.08.05 18:45:20,37.05
2025.08.05 18:45:20,3.38
2025.08.05 18:45:20,-14.51
2025.08.05 18:45:20,-31.00
2025.08.05 18:45:20,-47.27
2025.08.05 18:45:20,-16.16
2025.08.05 18:45:20,-21.23
2025.08.05 18:45:20,-25.31
2025.08.05 18:45:20,-29.98
2025.08.07 14:56:40,10.74
2025.08.07 14:56:40,6.43
2025.08.07 14:56:40,2.02
2025.08.07 14:56:40,-2.05
2025.08.08 13:59:20,10.27
2025.08.08 13:59:20,5.70
2025.08.08 13:59:20,1.24
2025.08.11 11:05:40,10.49
2025.08.11 11:05:40,6.33
2025.08.11 11:05:40,2.24
2025.08.11 11:05:40,-2.02
2025.08.12 04:57:40,10.87
2025.08.12 04:57:40,6.59
2025.08.12 04:57:40,2.45
2025.08.12 04:57:40,-2.52
2025.08.13 16:54:20,29.67
2025.08.13 16:54:20,3.25
2025.08.13 16:54:20,-0.88
2025.08.13 16:54:20,-4.98
2025.08.13 16:54:20,-9.35
2025.08.14 09:05:40,17.00
2025.08.14 15:32:40,31.04
2025.08.14 15:32:40,3.40
2025.08.14 15:32:40,-0.74
2025.08.14 15:32:40,-5.15
2025.08.14 15:32:40,-9.94
2025.08.15 04:50:40,30.56
2025.08.15 04:50:40,3.44
2025.08.15 04:50:40,-0.77
2025.08.15 04:50:40,-4.86
2025.08.15 04:50:40,-9.16
2025.08.19 13:59:40,17.20
2025.08.20 03:56:40,10.47
2025.08.20 03:56:40,6.39
2025.08.20 03:56:40,2.24
2025.08.20 03:56:40,-1.86
2025.08.20 15:01:20,32.54
2025.08.20 15:01:20,2.96
2025.08.20 15:01:20,-1.69
2025.08.20 15:01:20,-5.89
2025.08.20 15:01:20,-9.97
2025.08.22 17:12:40,31.00
2025.08.22 17:12:40,3.68
2025.08.22 17:12:40,-0.33
2025.08.22 17:12:40,-4.53
2025.08.22 17:12:40,-8.75
2025.08.26 03:07:20,10.19
2025.08.26 03:07:20,6.05
2025.08.26 03:07:20,1.89
2025.08.29 02:57:00,10.62
2025.08.29 02:57:00,6.36
2025.08.29 02:57:00,2.15
2025.08.29 02:57:00,-2.07
2025.09.02 04:56:40,17.30
2025.09.02 17:25:40,39.30
2025.09.02 17:25:40,20.65
2025.09.02 17:25:40,3.62
2025.09.02 17:25:40,-3.33
2025.09.02 17:25:40,-7.39
2025.09.02 17:25:40,-12.03
2025.09.02 17:25:40,-16.18
2025.09.08 00:35:40,17.09
2025.09.09 11:15:40,43.80
2025.09.09 11:15:40,6.60
2025.09.09 11:15:40,2.48
2025.09.09 11:15:40,-7.26
2025.09.09 11:15:40,-11.35
2025.09.11 12:47:40,33.30
2025.09.11 12:47:40,3.97
2025.09.11 12:47:40,-1.25
2025.09.11 12:47:40,-6.47
2025.09.11 12:47:40,-11.54
2025.09.16 04:26:20,10.74
2025.09.16 04:26:20,6.28
2025.09.16 16:39:40,10.71
2025.09.16 16:39:40,6.50
2025.09.17 13:10:40,29.57
2025.09.17 13:10:40,3.29
2025.09.17 13:10:40,-0.83
2025.09.17 13:10:40,-5.05
2025.09.17 13:10:40,-9.09
2025.09.18 11:14:40,10.68
2025.09.18 11:14:40,6.39
2025.09.19 06:31:40,30.08
2025.09.19 06:31:40,3.28
2025.09.19 06:31:40,-0.79
2025.09.19 06:31:40,-4.82
2025.09.19 06:31:40,-9.13
2025.09.24 09:32:20,10.32
2025.09.24 09:32:20,5.54
2025.09.24 09:32:20,1.33
2025.09.25 23:34:40,10.84
2025.09.25 23:34:40,6.58
2025.09.29 11:19:40,10.43
2025.09.29 11:19:40,6.36
2025.09.29 11:19:40,2.26
2025.09.29 11:19:40,-1.81
2025.10.01 10:24:40,17.04
2025.10.01 15:16:40,18.25
2025.10.03 17:15:40,98.82
2025.10.03 17:15:40,66.36
2025.10.03 17:15:40,37.13
2025.10.03 17:15:40,4.03
2025.10.03 17:15:40,-14.56
2025.10.03 17:15:40,-31.05
2025.10.03 17:15:40,-48.46
2025.10.03 17:15:40,-16.66
2025.10.03 17:15:40,-20.94
2025.10.03 17:15:40,-25.26
2025.10.03 17:15:40,-29.73
2025.10.06 00:03:00,27.92
2025.10.06 03:03:20,11.11
2025.10.06 03:03:20,5.65
2025.10.06 03:03:20,0.82
2025.10.06 23:20:40,17.20
2025.10.07 18:57:20,10.73
2025.10.07 18:57:20,6.61
2025.10.08 12:53:40,17.41
2025.10.10 09:37:40,318.52
2025.10.10 09:37:40,265.85
2025.10.10 09:37:40,164.38
2025.10.10 09:37:40,121.72
2025.10.10 09:37:40,74.92
2025.10.10 09:37:40,31.12
2025.10.10 09:37:40,-6.03
2025.10.10 09:37:40,-34.41
2025.10.10 09:37:40,-62.32
2025.10.10 09:37:40,-90.58
2025.10.10 09:37:40,-68.07
2025.10.10 09:37:40,-83.91
2025.10.10 09:37:40,-100.69
2025.10.10 09:37:40,-206.75
2025.10.10 09:37:40,-55.63
2025.10.10 09:37:40,-60.99
2025.10.10 09:37:40,-64.94
2025.10.10 09:37:40,-69.55
2025.10.13 10:28:40,37.34
2025.10.13 10:28:40,21.41
2025.10.13 10:28:40,1.24
2025.10.13 10:28:40,-7.74
2025.10.13 10:28:40,-11.76
2025.10.13 10:28:40,-15.82
2025.10.13 14:50:40,10.01
2025.10.13 14:50:40,6.08
2025.10.13 14:50:40,1.72
2025.10.15 18:44:40,10.63
2025.10.15 18:44:40,6.51
2025.10.15 18:44:40,2.49
2025.10.15 18:44:40,-1.87
2025.10.16 09:39:40,9.84
2025.10.16 09:39:40,5.81
2025.10.16 09:39:40,1.38
2025.10.16 19:32:40,10.82
2025.10.16 19:32:40,6.49
2025.10.16 19:32:40,2.37
2025.10.16 19:32:40,-1.66
2025.10.20 02:19:40,10.01
2025.10.20 02:19:40,5.80
2025.10.20 02:19:40,1.61
2025.10.20 07:24:40,30.10
2025.10.20 07:24:40,3.37
2025.10.20 07:24:40,-1.17
2025.10.20 07:24:40,-5.43
2025.10.20 07:24:40,-9.70
2025.10.21 08:09:40,11.08
2025.10.21 08:09:40,6.62
2025.10.22 02:58:40,29.48
2025.10.22 02:58:40,3.34
2025.10.22 02:58:40,-0.61
2025.10.22 02:58:40,-4.88
2025.10.22 02:58:40,-8.90
2025.10.23 19:11:40,17.19
2025.10.28 07:46:40,31.70
2025.10.28 07:46:40,15.74
2025.10.28 07:46:40,-0.40
2025.10.28 07:46:40,-4.43
2025.10.28 07:46:40,-8.59
2025.10.28 07:46:40,-12.70
2025.10.28 19:00:40,10.54
2025.10.28 19:00:40,6.59
2025.10.28 19:00:40,2.41
2025.10.28 19:00:40,-1.83
2025.10.29 14:32:40,11.06
2025.10.29 14:32:40,6.19
2025.10.30 06:19:40,29.68
2025.10.30 06:19:40,3.45
2025.10.30 06:19:40,-0.93
2025.10.30 06:19:40,-5.19
2025.10.30 06:19:40,-9.12
2025.10.30 12:29:40,17.31
2025.10.31 04:42:40,31.48
2025.10.31 04:42:40,3.50
2025.10.31 04:42:40,-1.65
2025.10.31 04:42:40,-5.78
2025.10.31 04:42:40,-9.66
2025.10.31 15:37:40,10.60
2025.10.31 15:37:40,6.69
2025.10.31 15:37:40,2.73
2025.11.03 10:45:40,10.81
2025.11.03 10:45:40,6.78
2025.11.04 12:02:40,17.07
2025.11.05 03:07:40,10.52
2025.11.05 03:07:40,6.59
2025.11.07 15:47:40,102.63
2025.11.07 15:47:40,73.79
2025.11.07 15:47:40,46.39
2025.11.07 15:47:40,18.53
2025.11.07 15:47:40,-5.65
2025.11.07 15:47:40,-22.70
2025.11.07 15:47:40,-39.30
2025.11.07 15:47:40,-57.49
2025.11.07 15:47:40,-18.35
2025.11.07 15:47:40,-22.51
2025.11.07 15:47:40,-26.42
2025.11.07 15:47:40,-30.65
2025.11.11 06:20:40,17.00
2025.11.12 06:52:40,17.24
2025.11.13 10:10:40,17.21
2025.11.13 19:00:40,10.71
2025.11.13 19:00:40,6.76
2025.11.18 08:08:40,9.90
2025.11.18 08:08:40,5.64
2025.11.18 08:08:40,1.58
2025.11.20 03:42:40,10.61
2025.11.20 03:42:40,6.64
2025.11.20 03:42:40,2.71
2025.11.20 03:42:40,-1.47
2025.11.21 17:39:40,430.09
2025.11.21 17:39:40,292.71
2025.11.21 17:39:40,236.94
2025.11.21 17:39:40,184.54
2025.11.21 17:39:40,132.64
2025.11.21 17:39:40,61.88
2025.11.21 17:39:40,20.42
2025.11.21 17:39:40,-19.37
2025.11.21 17:39:40,-59.42
2025.11.21 17:39:40,-79.61
2025.11.21 17:39:40,-108.00
2025.11.21 17:39:40,-134.96
2025.11.21 17:39:40,-161.92
2025.11.21 17:39:40,-108.17
2025.11.21 17:39:40,-123.68
2025.11.21 17:39:40,-139.55
2025.11.21 17:39:40,-154.97
2025.11.21 17:39:40,-42.64
2025.11.21 17:39:40,-46.86
2025.11.21 17:39:40,-50.90
2025.11.21 17:39:40,-55.11
2025.11.24 10:49:40,33.73
2025.11.24 10:49:40,18.02
2025.11.24 10:49:40,-2.07
2025.11.24 10:49:40,-6.06
2025.11.24 10:49:40,-10.00
2025.11.24 10:49:40,-14.37
2025.11.25 08:56:40,10.36
2025.11.25 08:56:40,6.23
2025.11.25 08:56:40,2.36
2025.11.25 08:56:40,-1.72
2025.11.26 07:55:40,11.69
2025.11.26 07:55:40,7.31
2025.11.26 07:55:40,3.08
2025.11.26 07:55:40,-1.11
2025.11.28 12:44:40,10.39
2025.11.28 12:44:40,6.31
2025.11.28 12:44:40,2.45
2025.11.28 12:44:40,-1.59
2025.12.01 04:15:40,9.98
2025.12.01 04:15:40,6.06
2025.12.01 04:15:40,1.95
2025.12.02 11:30:40,10.63
2025.12.02 11:30:40,6.72
2025.12.02 11:30:40,2.30
2025.12.02 11:30:40,-2.27
2025.12.04 12:15:20,9.65
2025.12.04 12:15:20,5.77
2025.12.04 12:15:20,1.83
2025.12.05 12:09:40,31.19
2025.12.05 12:09:40,15.28
2025.12.05 12:09:40,-0.70
2025.12.05 12:09:40,-4.67
2025.12.05 12:09:40,-9.12
2025.12.05 12:09:40,-13.03
2025.12.09 17:57:40,17.47
2025.12.11 22:13:40,17.20
2025.12.15 04:41:40,79.32
2025.12.15 04:41:40,51.85
2025.12.15 04:41:40,13.97
2025.12.15 04:41:40,-1.98
2025.12.15 04:41:40,-18.09
2025.12.15 04:41:40,-33.49
2025.12.15 04:41:40,-12.46
2025.12.15 04:41:40,-16.39
2025.12.15 04:41:40,-20.38
2025.12.15 04:41:40,-24.68
2025.12.16 16:14:40,30.48
2025.12.16 16:14:40,13.92
2025.12.16 16:14:40,-0.48
2025.12.16 16:14:40,-4.40
2025.12.16 16:14:40,-8.34
2025.12.16 16:14:40,-12.54
2025.12.17 15:00:40,10.87
2025.12.17 15:00:40,6.37
2025.12.19 09:50:40,17.22
2025.12.19 21:57:40,17.56
2025.12.23 09:24:40,86.16
2025.12.23 09:24:40,56.28
2025.12.23 09:24:40,15.15
2025.12.23 09:24:40,-0.49
2025.12.23 09:24:40,-15.92
2025.12.23 09:24:40,-31.66
2025.12.23 09:24:40,-12.90
2025.12.23 09:24:40,-17.60
2025.12.23 09:24:40,-21.80
2025.12.23 09:24:40,-25.67
2025.12.23 21:11:40,10.34
2025.12.23 21:11:40,6.47
2025.12.23 21:11:40,2.37
2025.12.23 21:11:40,-1.94
2025.12.24 16:55:40,10.96
2025.12.24 16:55:40,6.97
2025.12.24 16:55:40,2.79
2025.12.24 16:55:40,-1.34
2025.12.26 02:51:40,10.59
2025.12.26 02:51:40,5.64
2025.12.26 02:51:40,1.28
2025.12.30 10:19:40,11.13
2025.12.30 10:19:40,6.77
2025.12.30 10:19:40,1.75
2025.12.30 10:19:40,-2.24
2026.01.05 02:37:40,10.39
2026.01.05 02:37:40,6.31
2026.01.05 02:37:40,2.25
2026.01.05 02:37:40,-1.61
2026.01.05 10:26:20,9.51
2026.01.05 10:26:20,5.72
2026.01.05 10:26:20,1.84
2026.01.06 01:03:40,29.86
2026.01.06 01:03:40,3.58
2026.01.06 01:03:40,-0.54
2026.01.06 01:03:40,-4.51
2026.01.06 01:03:40,-8.37
2026.01.06 22:54:40,10.63
2026.01.06 22:54:40,6.51
2026.01.08 09:51:40,11.15
2026.01.08 09:51:40,7.15
2026.01.09 07:59:40,30.62
2026.01.09 07:59:40,12.98
2026.01.09 07:59:40,-0.59
2026.01.09 07:59:40,-4.58
2026.01.09 07:59:40,-8.46
2026.01.09 07:59:40,-12.52
2026.01.12 09:20:40,17.05
2026.01.13 04:29:40,10.57
2026.01.13 04:29:40,6.77
2026.01.14 10:31:40,88.00
2026.01.14 10:31:40,61.24
2026.01.14 10:31:40,33.16
2026.01.14 10:31:40,3.68
2026.01.14 10:31:40,-11.56
2026.01.14 10:31:40,-26.80
2026.01.14 10:31:40,-42.19
2026.01.14 10:31:40,-14.60
2026.01.14 10:31:40,-18.42
2026.01.14 10:31:40,-22.30
2026.01.14 10:31:40,-26.28
2026.01.16 04:40:40,19.56
2026.01.19 01:24:40,38.35
2026.01.19 01:24:40,20.31
2026.01.19 01:24:40,2.22
2026.01.19 01:24:40,-3.79
2026.01.19 01:24:40,-8.85
2026.01.19 01:24:40,-12.87
2026.01.19 01:24:40,-16.91
2026.01.19 16:27:40,10.62
2026.01.19 16:27:40,6.74
2026.01.20 09:42:40,18.34
2026.01.21 21:31:40,98.99
2026.01.21 21:31:40,71.43
2026.01.21 21:31:40,42.37
2026.01.21 21:31:40,15.61
2026.01.21 21:31:40,-6.43
2026.01.21 21:31:40,-21.88
2026.01.21 21:31:40,-37.04
2026.01.21 21:31:40,-52.18
2026.01.21 21:31:40,-16.86
2026.01.21 21:31:40,-20.67
2026.01.21 21:31:40,-24.56
2026.01.21 21:31:40,-28.50
2026.01.22 06:11:20,9.84
2026.01.22 06:11:20,5.71
2026.01.22 06:11:20,1.50
2026.01.23 09:09:40,17.24
2026.01.23 09:43:40,90.24
2026.01.23 09:43:40,75.10
2026.01.23 09:43:40,59.84
2026.01.23 09:43:40,44.30
2026.01.23 09:43:40,7.13
2026.01.23 09:43:40,2.84
2026.01.23 09:43:40,-0.94
2026.01.23 09:43:40,-5.14
2026.01.23 19:26:40,14.63
2026.01.23 19:26:40,5.08
2026.01.23 20:29:40,11.35
2026.01.23 20:29:40,6.21
2026.01.26 03:35:40,14.14
2026.01.26 03:35:40,6.50
2026.01.26 03:35:40,1.60
2026.01.26 03:35:40,-2.33
2026.01.26 11:02:40,45.85
2026.01.26 11:02:40,29.73
2026.01.26 11:02:40,13.57
2026.01.26 11:02:40,-2.44
2026.01.26 11:02:40,-5.30
2026.01.26 11:02:40,-11.04
2026.01.26 11:02:40,-14.96
2026.01.26 11:02:40,-36.67
2026.01.26 13:05:40,17.86
2026.01.26 15:33:40,11.04
2026.01.26 15:33:40,6.73
2026.01.26 15:33:40,1.80
2026.01.26 15:33:40,-2.30
2026.01.26 22:00:40,32.04
2026.01.26 22:00:40,15.37
2026.01.26 22:00:40,-0.74
2026.01.26 22:00:40,-4.73
2026.01.26 22:00:40,-8.80
2026.01.26 22:00:40,-12.75
2026.01.27 11:52:40,18.40
2026.01.27 11:52:40,14.29
2026.01.27 11:52:40,10.35
2026.01.27 12:05:40,14.06
2026.01.27 12:05:40,4.69
2026.01.27 14:22:40,9.93
2026.01.27 14:22:40,6.01
2026.01.27 14:22:40,2.07
2026.01.27 22:53:40,17.66
2026.01.28 07:02:40,84.97
2026.01.28 07:02:40,29.75
2026.01.28 07:02:40,13.61
2026.01.28 07:02:40,-4.84
2026.01.28 07:02:40,-21.24
2026.01.28 07:02:40,-9.42
2026.01.28 07:02:40,-13.73
2026.01.28 07:02:40,-18.33
2026.01.28 07:02:40,-22.38
2026.01.28 10:51:40,11.46
2026.01.28 10:51:40,7.41
2026.01.28 17:45:40,31.53
2026.01.28 17:45:40,3.80
2026.01.28 17:45:40,-0.29
2026.01.28 17:45:40,-4.86
2026.01.28 17:45:40,-8.95
2026.01.29 17:20:40,32.55
2026.01.29 17:20:40,4.03
2026.01.29 17:20:40,-0.87
2026.01.29 17:20:40,-5.22
2026.01.29 17:20:40,-9.16
2026.01.29 19:21:40,11.89
2026.01.29 19:21:40,6.13
2026.01.29 19:21:40,0.27
2026.01.30 04:20:40,29.85
2026.01.30 04:20:40,3.28
2026.01.30 04:20:40,-0.67
2026.01.30 04:20:40,-4.67
2026.01.30 04:20:40,-8.65
2026.01.30 16:28:40,17.30
2026.01.30 17:55:40,35.02
2026.01.30 17:55:40,4.51
2026.01.30 17:55:40,0.43
2026.01.30 17:55:40,-3.47
2026.01.30 17:55:40,-7.53
2026.02.02 03:01:20,10.37
2026.02.02 03:01:20,5.84
2026.02.02 03:01:20,0.84
2026.02.02 11:03:40,10.47
2026.02.02 11:03:40,6.58
2026.02.03 09:37:40,32.25
2026.02.03 09:37:40,15.21
2026.02.03 09:37:40,-0.10
2026.02.03 09:37:40,-4.29
2026.02.03 09:37:40,-8.39
2026.02.03 09:37:40,-12.54
2026.02.04 03:43:40,17.36
2026.02.09 00:05:00,19.50
2026.02.09 03:30:40,102.75
2026.02.09 03:30:40,56.13
2026.02.09 03:30:40,15.92
2026.02.09 03:30:40,0.34
2026.02.09 03:30:40,-15.61
2026.02.09 03:30:40,-31.24
2026.02.09 03:30:40,-11.67
2026.02.09 03:30:40,-15.86
2026.02.09 03:30:40,-19.95
2026.02.09 03:30:40,-24.27
2026.02.09 09:07:40,31.33
2026.02.09 09:07:40,3.33
2026.02.09 09:07:40,-0.65
2026.02.09 09:07:40,-4.94
2026.02.09 09:07:40,-11.96
2026.02.09 16:32:40,29.11
2026.02.09 16:32:40,3.16
2026.02.09 16:32:40,-0.72
2026.02.09 16:32:40,-4.74
2026.02.09 16:32:40,-9.59
2026.02.10 05:01:40,10.94
2026.02.10 05:01:40,6.83
2026.02.10 05:01:40,2.53
2026.02.10 05:01:40,-1.51
2026.02.10 16:41:40,11.00
2026.02.10 16:41:40,6.92
2026.02.11 02:32:40,17.03
2026.02.11 15:39:40,24.86
2026.02.11 16:47:40,12.26
2026.02.11 16:47:40,7.54
2026.02.11 16:47:40,-0.95
2026.02.12 13:15:40,213.91
2026.02.12 13:15:40,115.83
2026.02.12 13:15:40,85.66
2026.02.12 13:15:40,56.68
2026.02.12 13:15:40,-44.61
2026.02.12 13:15:40,-41.68
2026.02.12 13:15:40,-58.14
2026.02.12 13:15:40,-73.86
2026.02.12 13:15:40,-90.76
2026.02.12 13:15:40,-26.61
2026.02.12 13:15:40,-31.34
2026.02.12 13:15:40,-35.35
2026.02.12 13:15:40,-39.45
2026.02.12 16:21:40,10.98
2026.02.12 16:21:40,6.74
2026.02.12 16:21:40,2.76
2026.02.12 16:21:40,-1.16
2026.02.12 18:12:40,10.66
2026.02.12 18:12:40,6.55
2026.02.13 03:03:40,31.67
2026.02.13 03:03:40,3.67
2026.02.13 03:03:40,-0.51
2026.02.13 03:03:40,-4.63
2026.02.13 03:03:40,-8.66
2026.02.17 09:23:20,10.84
2026.02.17 09:23:20,6.48
2026.02.17 09:23:20,2.09
2026.02.17 09:23:20,-2.23
2026.02.18 14:10:40,10.78
2026.02.18 14:10:40,6.49
2026.02.19 05:33:40,17.94
2026.02.19 12:21:40,42.32
2026.02.19 12:21:40,24.03
2026.02.19 12:21:40,8.58
2026.02.19 12:21:40,-6.97
2026.02.19 12:21:40,-6.36
2026.02.19 12:21:40,-10.41
2026.02.19 12:21:40,-14.86
2026.02.19 12:21:40,-19.21
2026.02.19 16:27:40,29.48
2026.02.19 16:27:40,3.13
2026.02.19 16:27:40,-0.90
2026.02.19 16:27:40,-5.01
2026.02.19 16:27:40,-9.12
2026.02.23 03:11:40,10.59
2026.02.23 03:11:40,6.44
2026.02.24 09:06:40,10.39
2026.02.24 09:06:40,6.16
2026.02.24 09:06:40,2.27
2026.02.25 05:27:40,17.19
2026.02.25 11:20:40,10.53
2026.02.25 11:20:40,6.63
2026.02.26 12:35:40,80.38
2026.02.26 12:35:40,25.12
2026.02.26 12:35:40,9.63
2026.02.26 12:35:40,-8.06
2026.02.26 12:35:40,-23.54
2026.02.26 12:35:40,-9.81
2026.02.26 12:35:40,-14.45
2026.02.26 12:35:40,-18.75
2026.02.26 12:35:40,-23.43
2026.02.27 15:08:40,10.40
2026.02.27 15:08:40,6.52
2026.02.27 15:08:40,2.64
2026.02.27 15:08:40,-1.91
2026.03.02 01:52:40,17.36
2026.03.02 09:43:40,77.41
2026.03.02 09:43:40,27.72
2026.03.02 09:43:40,11.91
2026.03.02 09:43:40,-6.18
2026.03.02 09:43:40,-24.17
2026.03.02 09:43:40,-10.08
2026.03.02 09:43:40,-13.93
2026.03.02 09:43:40,-17.75
2026.03.02 09:43:40,-21.59
2026.03.02 13:30:40,10.92
2026.03.02 13:30:40,6.50
2026.03.03 08:38:40,17.00
2026.03.03 18:19:20,85.16
2026.03.03 18:19:20,55.98
2026.03.03 18:19:20,16.02
2026.03.03 18:19:20,-1.57
2026.03.03 18:19:20,-18.94
2026.03.03 18:19:20,-38.05
2026.03.03 18:19:20,-13.74
2026.03.03 18:19:20,-17.68
2026.03.03 18:19:20,-22.01
2026.03.03 18:19:20,-25.87
2026.03.04 11:26:40,9.68
2026.03.04 11:26:40,5.63
2026.03.04 11:26:40,1.69
2026.03.04 13:12:40,10.70
2026.03.04 13:12:40,6.57
2026.03.04 13:12:40,2.06
2026.03.04 13:12:40,-1.97
2026.03.05 16:22:20,10.50
2026.03.05 16:22:20,6.61
2026.03.06 16:30:40,9.91
2026.03.06 16:30:40,6.01
2026.03.06 16:30:40,1.90
2026.03.09 10:49:40,17.01
2026.03.10 03:58:20,71.31
2026.03.10 03:58:20,25.31
2026.03.10 03:58:20,10.08
2026.03.10 03:58:20,-5.45
2026.03.10 03:58:20,-21.90
2026.03.10 03:58:20,-9.70
2026.03.10 03:58:20,-13.54
2026.03.10 03:58:20,-17.33
2026.03.10 03:58:20,-21.35
2026.03.10 16:18:40,10.31
2026.03.10 16:18:40,6.31
2026.03.10 16:18:40,2.32
2026.03.10 16:18:40,-1.64
2026.03.11 12:09:40,12.03
2026.03.11 12:09:40,8.19
2026.03.11 12:09:40,4.23
2026.03.11 13:42:40,28.95
2026.03.11 13:42:40,2.92
2026.03.11 13:42:40,-1.03
2026.03.11 13:42:40,-4.84
2026.03.11 13:42:40,-8.94
2026.03.12 18:10:40,10.47
2026.03.12 18:10:40,6.68
2026.03.16 09:16:40,17.08
2026.03.16 13:24:40,80.90
2026.03.16 13:24:40,54.43
2026.03.16 13:24:40,15.45
2026.03.16 13:24:40,-0.08
2026.03.16 13:24:40,-15.55
2026.03.16 13:24:40,-32.38
2026.03.16 13:24:40,-11.92
2026.03.16 13:24:40,-16.26
2026.03.16 13:24:40,-20.12
2026.03.16 13:24:40,-23.91
2026.03.17 21:29:40,10.53
2026.03.17 21:29:40,6.51
2026.03.18 23:16:40,10.04
2026.03.18 23:16:40,6.30
2026.03.18 23:16:40,2.30
2026.03.18 23:16:40,-1.59
2026.03.19 12:47:40,17.35
2026.03.19 16:49:40,11.27
2026.03.19 16:49:40,7.01
2026.03.20 05:37:20,80.32
2026.03.20 05:37:20,53.70
2026.03.20 05:37:20,14.37
2026.03.20 05:37:20,-0.84
2026.03.20 05:37:20,-18.43
2026.03.20 05:37:20,-34.14
2026.03.20 05:37:20,-13.29
2026.03.20 05:37:20,-17.14
2026.03.20 05:37:20,-21.08
2026.03.20 05:37:20,-25.20
2026.03.20 19:19:40,17.14
2026.03.23 11:59:40,81.58
2026.03.23 11:59:40,55.21
2026.03.23 11:59:40,15.99
2026.03.23 11:59:40,-0.52
2026.03.23 11:59:40,-16.58
2026.03.23 11:59:40,-33.39
2026.03.23 11:59:40,-12.14
2026.03.23 11:59:40,-15.92
2026.03.23 11:59:40,-20.01
2026.03.23 11:59:40,-23.93
2026.03.23 14:15:40,33.58
2026.03.23 14:15:40,2.87
2026.03.23 14:15:40,-1.01
2026.03.23 14:15:40,-5.08
2026.03.23 14:15:40,-9.72
2026.03.23 17:33:40,11.54
2026.03.23 17:33:40,7.34
2026.03.24 16:28:40,10.79
2026.03.24 16:28:40,6.84
2026.03.24 23:03:20,29.69
2026.03.24 23:03:20,3.18
2026.03.24 23:03:20,-1.10
2026.03.24 23:03:20,-4.99
2026.03.24 23:03:20,-9.14
2026.03.26 23:12:40,9.62
2026.03.26 23:12:40,5.65
2026.03.26 23:12:40,1.86
2026.03.30 03:07:40,10.93
2026.03.30 03:07:40,7.16
2026.03.31 03:55:40,36.16
2026.03.31 03:55:40,20.74
2026.03.31 03:55:40,1.67
2026.03.31 03:55:40,-3.38
2026.03.31 03:55:40,-7.27
2026.03.31 03:55:40,-12.09
2026.03.31 03:55:40,-16.12
2026.03.31 16:48:40,17.45
2026.03.31 17:57:40,12.44
2026.03.31 17:57:40,8.65
2026.04.01 03:30:40,39.83
2026.04.01 03:30:40,21.67
2026.04.01 03:30:40,-2.00
2026.04.01 03:30:40,-4.47
2026.04.01 03:30:40,-8.41
2026.04.01 03:30:40,-12.37
2026.04.01 03:30:40,-16.30
2026.04.01 15:44:40,17.10
2026.04.02 09:02:40,36.89
2026.04.02 09:02:40,19.82
2026.04.02 09:02:40,4.01
2026.04.02 09:02:40,-3.77
2026.04.02 09:02:40,-8.25
2026.04.02 09:02:40,-12.25
2026.04.02 09:02:40,-16.02
2026.04.03 23:17:40,11.31
2026.04.03 23:17:40,7.52
2026.04.03 23:17:40,3.65
2026.04.06 10:53:40,10.35
2026.04.06 10:53:40,6.43
2026.04.06 10:53:40,2.23
2026.04.06 10:53:40,-1.96
2026.04.08 02:26:40,10.85
2026.04.08 02:26:40,6.50
2026.04.09 00:54:40,34.67
2026.04.09 00:54:40,18.57
2026.04.09 00:54:40,3.08
2026.04.09 00:54:40,-3.22
2026.04.09 00:54:40,-7.22
2026.04.09 00:54:40,-11.03
2026.04.09 00:54:40,-14.84
2026.04.09 16:20:40,10.47
2026.04.09 16:20:40,6.66
2026.04.13 01:27:40,40.83
2026.04.13 01:27:40,23.01
2026.04.13 01:27:40,7.94
2026.04.13 01:27:40,-7.15
2026.04.13 01:27:40,-5.55
2026.04.13 01:27:40,-9.38
2026.04.13 01:27:40,-13.26
2026.04.13 01:27:40,-17.37
2026.04.13 17:25:40,17.01
2026.04.16 06:05:40,46.80
2026.04.16 06:05:40,26.12
2026.04.16 06:05:40,9.80
2026.04.16 06:05:40,-5.85
2026.04.16 06:05:40,-5.41
2026.04.16 06:05:40,-9.69
2026.04.16 06:05:40,-13.68
2026.04.16 06:05:40,-17.77
2026.04.17 17:32:40,9.81
2026.04.17 17:32:40,6.00
2026.04.17 17:32:40,2.12
2026.04.20 22:16:40,17.12
2026.04.22 14:29:40,29.92
2026.04.22 14:29:40,14.63
2026.04.22 14:29:40,-0.20
2026.04.22 14:29:40,-4.38
2026.04.22 14:29:40,-8.15
2026.04.22 14:29:40,-13.04
2026.04.28 06:30:40,17.68
2026.04.29 17:57:40,43.54
2026.04.29 17:57:40,27.95
2026.04.29 17:57:40,12.81
2026.04.29 17:57:40,-8.85
2026.04.29 17:57:40,-6.13
2026.04.29 17:57:40,-10.28
2026.04.29 17:57:40,-14.14
2026.04.29 17:57:40,-18.37
2026.04.30 11:48:40,10.28
2026.04.30 11:48:40,6.32
2026.04.30 11:48:40,2.23
2026.04.30 13:29:40,16.04
2026.04.30 13:29:40,11.95
2026.04.30 13:43:40,10.63
2026.04.30 13:43:40,6.70
2026.04.30 14:29:20,17.32
2026.04.30 14:44:40,14.07
2026.04.30 14:44:40,9.22
2026.04.30 15:24:40,114.51
2026.04.30 15:24:40,81.28
2026.04.30 15:24:40,53.86
2026.04.30 15:24:40,23.94
2026.04.30 15:24:40,-4.08
2026.04.30 15:24:40,-19.60
2026.04.30 15:24:40,-36.70
2026.04.30 15:24:40,-54.66
2026.04.30 15:24:40,-17.52
2026.04.30 15:24:40,-29.03
2026.04.30 15:24:40,-33.58
2026.04.30 15:24:40,-37.71
2026.04.30 17:12:40,11.39
2026.04.30 17:12:40,6.07
2026.04.30 17:44:20,35.20
2026.04.30 17:44:20,17.42
2026.04.30 17:44:20,-0.06
2026.04.30 17:44:20,-4.41
2026.04.30 17:44:20,-8.45
2026.04.30 17:44:20,-13.78
2026.04.30 17:55:40,10.67
2026.04.30 17:55:40,6.48
2026.04.30 17:55:40,1.00
2026.05.01 03:01:40,10.54
2026.05.01 03:01:40,6.69
2026.05.01 09:45:40,51.55
2026.05.01 09:45:40,7.98
2026.05.01 09:45:40,3.29
2026.05.01 09:45:40,-0.82
2026.05.01 09:45:40,-6.17
2026.05.01 14:12:40,12.86
2026.05.01 14:12:40,8.19
2026.05.01 14:12:40,-3.95
2026.05.01 17:57:40,10.74
2026.05.01 17:57:40,6.26
2026.05.04 06:46:40,14.73
2026.05.04 06:46:40,10.14
2026.05.04 06:46:40,6.31
2026.05.04 06:46:40,1.55
2026.05.04 07:05:40,30.96
2026.05.04 07:05:40,3.31
2026.05.04 07:05:40,-0.88
2026.05.04 07:05:40,-5.00
2026.05.04 07:05:40,-9.20
2026.05.04 21:59:40,12.36
2026.05.04 21:59:40,8.24
2026.05.04 21:59:40,4.25
2026.05.04 21:59:40,-0.64
2026.05.05 11:25:20,12.21
2026.05.05 11:25:20,4.79
2026.05.05 16:06:40,10.52
2026.05.05 16:06:40,6.71
2026.05.06 07:27:40,45.23
2026.05.06 07:27:40,30.06
2026.05.06 07:27:40,3.30
2026.05.06 07:27:40,-3.87
2026.05.06 07:27:40,-7.74
2026.05.06 07:27:40,-15.11
2026.05.06 07:46:40,17.32
2026.05.06 08:00:20,45.66
2026.05.06 08:00:20,26.17
2026.05.06 08:00:20,9.34
2026.05.06 08:00:20,-1.55
2026.05.06 08:00:20,-8.68
2026.05.06 08:00:20,-12.62
2026.05.06 08:00:20,-17.42
2026.05.06 18:08:40,11.37
2026.05.06 18:08:40,6.97
2026.05.11 17:44:40,17.17
2026.05.14 16:45:20,40.42
2026.05.14 16:45:20,24.12
2026.05.14 16:45:20,8.85
2026.05.14 16:45:20,-6.33
2026.05.14 16:45:20,-5.53
2026.05.14 16:45:20,-9.39
2026.05.14 16:45:20,-13.41
2026.05.14 16:45:20,-18.56
2026.05.18 06:56:40,11.46
2026.05.18 06:56:40,6.95
2026.05.18 06:56:40,-1.13
2026.05.19 15:41:40,11.04
2026.05.19 15:41:40,7.09
2026.05.19 15:41:40,3.28
2026.05.19 15:41:40,-3.94
2026.05.21 09:12:40,11.32
2026.05.21 09:12:40,7.19
2026.05.21 09:12:40,-1.30
2026.05.22 19:07:40,10.55
2026.05.22 19:07:40,6.67
2026.05.26 09:56:40,35.33
2026.05.26 09:56:40,19.79
2026.05.26 09:56:40,2.88
2026.05.26 09:56:40,-3.14
2026.05.26 09:56:40,-7.14
2026.05.26 09:56:40,-11.00
2026.05.26 09:56:40,-15.24
2026.05.28 06:30:40,10.81
2026.05.28 06:30:40,6.58
2026.05.28 17:40:40,9.94
2026.05.28 17:40:40,6.05
2026.05.28 17:40:40,1.16
2026.05.29 23:59:59,6.78
2026.05.29 23:59:59,-9.95
2026.05.29 23:59:59,-25.11
2026.05.29 23:59:59,-10.05
2026.05.29 23:59:59,12.18
2026.05.29 23:59:59,-13.84
2026.05.29 23:59:59,-18.23
2026.05.29 23:59:59,-22.02
