schema_version,created_utc,input_sha256,h3_run_id,window,year,symbol,tf,source_position_id,source_deal_id,entry_utc,exit_utc,source_net_realized,session_state,macro_state,local_state,vol_state
BOSS19_P5_SESSION_ATTRIBUTION_V1,2026-09-03T23:50:00Z,e54f1cfaf58df97acb8fb39c1e6e8bf4614f1ff3a7c9bcbc1b5acff762665dd6,H3-C01-BWD,BWD,2020,XAUUSD,M15,83,7,2020-01-02T13:02:40Z,2020-01-03T09:06:40Z,21.19000000,LONDON_NY_OVERLAP,NEUTRAL,RANGE,LOW
BOSS19_P5_SESSION_ATTRIBUTION_V1,2026-09-03T23:50:00Z,e54f1cfaf58df97acb8fb39c1e6e8bf4614f1ff3a7c9bcbc1b5acff762665dd6,H3-C01-BWD,BWD,2020,XAUUSD,M15,84,6,2020-01-02T13:51:40Z,2020-01-03T09:06:40Z,17.76000000,LONDON_NY_OVERLAP,NEUTRAL,TREND_UP,NORMAL
BOSS19_P5_SESSION_ATTRIBUTION_V1,2026-09-03T23:50:00Z,e54f1cfaf58df97acb8fb39c1e6e8bf4614f1ff3a7c9bcbc1b5acff762665dd6,H3-C01-BWD,BWD,2020,XAUUSD,M15,85,5,2020-01-02T15:28:40Z,2020-01-03T09:06:40Z,28.66000000,LONDON_NY_OVERLAP,NEUTRAL,TREND_UP,NORMAL
BOSS19_P5_SESSION_ATTRIBUTION_V1,2026-09-03T23:50:00Z,e54f1cfaf58df97acb8fb39c1e6e8bf4614f1ff3a7c9bcbc1b5acff762665dd6,H3-C01-BWD,BWD,2020,XAUUSD,M15,89,13,2020-01-03T09:44:40Z,2020-01-05T23:05:00Z,26.17000000,LONDON,NEUTRAL,TREND_UP,NORMAL
BOSS19_P5_SESSION_ATTRIBUTION_V1,2026-09-03T23:50:00Z,e54f1cfaf58df97acb8fb39c1e6e8bf4614f1ff3a7c9bcbc1b5acff762665dd6,H3-C01-BWD,BWD,2020,XAUUSD,M15,90,12,2020-01-03T18:38:40Z,2020-01-05T23:05:00Z,22.71000000,NEW_YORK_ONLY,NEUTRAL,TREND_UP,NORMAL
BOSS19_P5_SESSION_ATTRIBUTION_V1,2026-09-03T23:50:00Z,e54f1cfaf58df97acb8fb39c1e6e8bf4614f1ff3a7c9bcbc1b5acff762665dd6,H3-C01-BWD,BWD,2020,XAUUSD,M15,91,11,2020-01-05T23:05:00Z,2020-01-05T23:05:00Z,40.06000000,OUTSIDE_DEFINED_SESSION,NEUTRAL,TREND_UP,NORMAL
BOSS19_P5_SESSION_ATTRIBUTION_V1,2026-09-03T23:50:00Z,e54f1cfaf58df97acb8fb39c1e6e8bf4614f1ff3a7c9bcbc1b5acff762665dd6,H3-C01-BWD,BWD,2020,XAUUSD,M15,95,15,2020-01-05T23:05:40Z,2020-01-08T00:11:40Z,22.18000000,OUTSIDE_DEFINED_SESSION,NEUTRAL,TREND_UP,NORMAL
BOSS19_P5_SESSION_ATTRIBUTION_V1,2026-09-03T23:50:00Z,e54f1cfaf58df97acb8fb39c1e6e8bf4614f1ff3a7c9bcbc1b5acff762665dd6,H3-C01-BWD,BWD,2020,XAUUSD,M15,99,19,2020-01-08T00:18:40Z,2020-02-21T06:07:40Z,-11.82000000,ASIA,NEUTRAL,TREND_UP,EXTREME
BOSS19_P5_SESSION_ATTRIBUTION_V1,2026-09-03T23:50:00Z,e54f1cfaf58df97acb8fb39c1e6e8bf4614f1ff3a7c9bcbc1b5acff762665dd6,H3-C01-BWD,BWD,2020,XAUUSD,M15,100,18,2020-01-08T00:25:40Z,2020-02-21T06:07:40Z,-15.74000000,ASIA,NEUTRAL,TREND_UP,EXTREME
BOSS19_P5_SESSION_ATTRIBUTION_V1,2026-09-03T23:50:00Z,e54f1cfaf58df97acb8fb39c1e6e8bf4614f1ff3a7c9bcbc1b5acff762665dd6,H3-C01-BWD,BWD,2020,XAUUSD,M15,104,25,2020-02-21T07:27:40Z,2020-02-23T23:10:40Z,29.81000000,LONDON,NEUTRAL,TREND_UP,NORMAL
BOSS19_P5_SESSION_ATTRIBUTION_V1,2026-09-03T23:50:00Z,e54f1cfaf58df97acb8fb39c1e6e8bf4614f1ff3a7c9bcbc1b5acff762665dd6,H3-C01-BWD,BWD,2020,XAUUSD,M15,105,24,2020-02-21T13:02:40Z,2020-02-23T23:10:40Z,25.32000000,LONDON_NY_OVERLAP,NEUTRAL,TREND_UP,NORMAL
BOSS19_P5_SESSION_ATTRIBUTION_V1,2026-09-03T23:50:00Z,e54f1cfaf58df97acb8fb39c1e6e8bf4614f1ff3a7c9bcbc1b5acff762665dd6,H3-C01-BWD,BWD,2020,XAUUSD,M15,106,23,2020-02-21T13:20:40Z,2020-02-23T23:10:40Z,41.66000000,LONDON_NY_OVERLAP,NEUTRAL,TREND_UP,NORMAL
BOSS19_P5_SESSION_ATTRIBUTION_V1,2026-09-03T23:50:00Z,e54f1cfaf58df97acb8fb39c1e6e8bf4614f1ff3a7c9bcbc1b5acff762665dd6,H3-C01-BWD,BWD,2020,XAUUSD,M15,110,31,2020-02-23T23:11:40Z,2020-05-14T13:34:40Z,-12.33000000,OUTSIDE_DEFINED_SESSION,RISK_OFF,TREND_UP,NORMAL
BOSS19_P5_SESSION_ATTRIBUTION_V1,2026-09-03T23:50:00Z,e54f1cfaf58df97acb8fb39c1e6e8bf4614f1ff3a7c9bcbc1b5acff762665dd6,H3-C01-BWD,BWD,2020,XAUUSD,M15,112,29,2020-02-23T23:12:40Z,2020-05-14T13:34:40Z,-43.12000000,OUTSIDE_DEFINED_SESSION,RISK_OFF,TREND_UP,NORMAL
BOSS19_P5_SESSION_ATTRIBUTION_V1,2026-09-03T23:50:00Z,e54f1cfaf58df97acb8fb39c1e6e8bf4614f1ff3a7c9bcbc1b5acff762665dd6,H3-C01-BWD,BWD,2020,XAUUSD,M15,111,30,2020-02-23T23:12:40Z,2020-05-14T13:34:40Z,-16.95000000,OUTSIDE_DEFINED_SESSION,RISK_OFF,TREND_UP,NORMAL
BOSS19_P5_SESSION_ATTRIBUTION_V1,2026-09-03T23:50:00Z,e54f1cfaf58df97acb8fb39c1e6e8bf4614f1ff3a7c9bcbc1b5acff762665dd6,H3-C01-BWD,BWD,2020,XAUUSD,M15,116,37,2020-05-14T13:59:40Z,2020-06-24T10:01:40Z,17.31000000,LONDON_NY_OVERLAP,STRESS,RANGE,NORMAL
BOSS19_P5_SESSION_ATTRIBUTION_V1,2026-09-03T23:50:00Z,e54f1cfaf58df97acb8fb39c1e6e8bf4614f1ff3a7c9bcbc1b5acff762665dd6,H3-C01-BWD,BWD,2020,XAUUSD,M15,117,36,2020-05-15T12:33:40Z,2020-06-24T10:01:40Z,8.91000000,LONDON_NY_OVERLAP,STRESS,RANGE,NORMAL
BOSS19_P5_SESSION_ATTRIBUTION_V1,2026-09-03T23:50:00Z,e54f1cfaf58df97acb8fb39c1e6e8bf4614f1ff3a7c9bcbc1b5acff762665dd6,H3-C01-BWD,BWD,2020,XAUUSD,M15,118,35,2020-05-15T15:59:20Z,2020-06-24T10:01:40Z,-0.58000000,LONDON_NY_OVERLAP,STRESS,TREND_UP,NORMAL
BOSS19_P5_SESSION_ATTRIBUTION_V1,2026-09-03T23:50:00Z,e54f1cfaf58df97acb8fb39c1e6e8bf4614f1ff3a7c9bcbc1b5acff762665dd6,H3-C01-BWD,BWD,2020,XAUUSD,M15,242,39,2020-06-26T15:37:40Z,2020-07-01T15:23:40Z,8.53000000,LONDON_NY_OVERLAP,STRESS,RANGE,NORMAL
BOSS19_P5_SESSION_ATTRIBUTION_V1,2026-09-03T23:50:00Z,e54f1cfaf58df97acb8fb39c1e6e8bf4614f1ff3a7c9bcbc1b5acff762665dd6,H3-C01-BWD,BWD,2020,XAUUSD,M15,246,43,2020-07-01T15:58:40Z,2020-07-02T13:01:40Z,8.57000000,LONDON_NY_OVERLAP,STRESS,TREND_DOWN,HIGH
BOSS19_P5_SESSION_ATTRIBUTION_V1,2026-09-03T23:50:00Z,e54f1cfaf58df97acb8fb39c1e6e8bf4614f1ff3a7c9bcbc1b5acff762665dd6,H3-C01-BWD,BWD,2020,XAUUSD,M15,247,42,2020-07-02T09:13:40Z,2020-07-02T12:29:40Z,7.13000000,LONDON,NEUTRAL,RANGE,NORMAL
BOSS19_P5_SESSION_ATTRIBUTION_V1,2026-09-03T23:50:00Z,e54f1cfaf58df97acb8fb39c1e6e8bf4614f1ff3a7c9bcbc1b5acff762665dd6,H3-C01-BWD,BWD,2020,XAUUSD,M15,251,47,2020-07-02T13:17:40Z,2021-02-26T05:57:40Z,81.83000000,LONDON_NY_OVERLAP,NEUTRAL,TRANSITION,NORMAL
BOSS19_P5_SESSION_ATTRIBUTION_V1,2026-09-03T23:50:00Z,e54f1cfaf58df97acb8fb39c1e6e8bf4614f1ff3a7c9bcbc1b5acff762665dd6,H3-C01-BWD,BWD,2020,XAUUSD,M15,252,46,2020-07-02T13:56:40Z,2020-11-30T02:58:40Z,54.79000000,LONDON_NY_OVERLAP,NEUTRAL,TRANSITION,NORMAL
BOSS19_P5_SESSION_ATTRIBUTION_V1,2026-09-03T23:50:00Z,e54f1cfaf58df97acb8fb39c1e6e8bf4614f1ff3a7c9bcbc1b5acff762665dd6,H3-C01-BWD,BWD,2021,XAUUSD,M15,256,49,2021-02-26T08:38:40Z,2021-02-26T11:23:40Z,8.51000000,LONDON,NEUTRAL,TREND_DOWN,HIGH
BOSS19_P5_SESSION_ATTRIBUTION_V1,2026-09-03T23:50:00Z,e54f1cfaf58df97acb8fb39c1e6e8bf4614f1ff3a7c9bcbc1b5acff762665dd6,H3-C01-BWD,BWD,2021,XAUUSD,M15,260,51,2021-03-01T06:35:40Z,2021-04-21T13:45:40Z,-5.57000000,ASIA,NEUTRAL,TREND_UP,NORMAL
BOSS19_P5_SESSION_ATTRIBUTION_V1,2026-09-03T23:50:00Z,e54f1cfaf58df97acb8fb39c1e6e8bf4614f1ff3a7c9bcbc1b5acff762665dd6,H3-C01-BWD,BWD,2021,XAUUSD,M15,264,53,2021-04-21T13:57:40Z,2021-05-07T12:32:40Z,22.73000000,LONDON_NY_OVERLAP,NEUTRAL,RANGE,NORMAL
BOSS19_P5_SESSION_ATTRIBUTION_V1,2026-09-03T23:50:00Z,e54f1cfaf58df97acb8fb39c1e6e8bf4614f1ff3a7c9bcbc1b5acff762665dd6,H3-C01-BWD,BWD,2021,XAUUSD,M15,268,55,2021-05-07T12:50:40Z,2021-05-18T12:31:40Z,27.28000000,LONDON_NY_OVERLAP,NEUTRAL,TREND_UP,NORMAL
BOSS19_P5_SESSION_ATTRIBUTION_V1,2026-09-03T23:50:00Z,e54f1cfaf58df97acb8fb39c1e6e8bf4614f1ff3a7c9bcbc1b5acff762665dd6,H3-C01-BWD,BWD,2021,XAUUSD,M15,413,61,2021-05-19T12:58:40Z,2021-05-19T18:45:40Z,7.08000000,LONDON_NY_OVERLAP,NEUTRAL,TREND_DOWN,NORMAL
BOSS19_P5_SESSION_ATTRIBUTION_V1,2026-09-03T23:50:00Z,e54f1cfaf58df97acb8fb39c1e6e8bf4614f1ff3a7c9bcbc1b5acff762665dd6,H3-C01-BWD,BWD,2021,XAUUSD,M15,414,60,2021-05-19T13:38:40Z,2021-05-19T18:10:40Z,7.67000000,LONDON_NY_OVERLAP,NEUTRAL,RANGE,HIGH
BOSS19_P5_SESSION_ATTRIBUTION_V1,2026-09-03T23:50:00Z,e54f1cfaf58df97acb8fb39c1e6e8bf4614f1ff3a7c9bcbc1b5acff762665dd6,H3-C01-BWD,BWD,2021,XAUUSD,M15,415,59,2021-05-19T13:42:40Z,2021-05-19T14:24:40Z,7.02000000,LONDON_NY_OVERLAP,NEUTRAL,RANGE,HIGH
BOSS19_P5_SESSION_ATTRIBUTION_V1,2026-09-03T23:50:00Z,e54f1cfaf58df97acb8fb39c1e6e8bf4614f1ff3a7c9bcbc1b5acff762665dd6,H3-C01-BWD,BWD,2021,XAUUSD,M15,419,63,2021-05-19T19:51:40Z,2021-05-26T02:09:40Z,28.88000000,NEW_YORK_ONLY,NEUTRAL,RANGE,EXTREME
BOSS19_P5_SESSION_ATTRIBUTION_V1,2026-09-03T23:50:00Z,e54f1cfaf58df97acb8fb39c1e6e8bf4614f1ff3a7c9bcbc1b5acff762665dd6,H3-C01-BWD,BWD,2021,XAUUSD,M15,423,65,2021-05-26T12:31:40Z,2022-02-24T04:12:40Z,-185.78000000,LONDON_NY_OVERLAP,NEUTRAL,TREND_UP,NORMAL
BOSS19_P5_SESSION_ATTRIBUTION_V1,2026-09-03T23:50:00Z,e54f1cfaf58df97acb8fb39c1e6e8bf4614f1ff3a7c9bcbc1b5acff762665dd6,H3-C01-BWD,BWD,2022,XAUUSD,M15,427,71,2022-02-24T09:56:40Z,2022-03-07T01:44:40Z,42.87000000,LONDON,STRESS,TREND_UP,EXTREME
BOSS19_P5_SESSION_ATTRIBUTION_V1,2026-09-03T23:50:00Z,e54f1cfaf58df97acb8fb39c1e6e8bf4614f1ff3a7c9bcbc1b5acff762665dd6,H3-C01-BWD,BWD,2022,XAUUSD,M15,428,70,2022-02-24T10:11:40Z,2022-03-07T01:44:40Z,36.65000000,LONDON,STRESS,TREND_UP,EXTREME
BOSS19_P5_SESSION_ATTRIBUTION_V1,2026-09-03T23:50:00Z,e54f1cfaf58df97acb8fb39c1e6e8bf4614f1ff3a7c9bcbc1b5acff762665dd6,H3-C01-BWD,BWD,2022,XAUUSD,M15,429,69,2022-02-24T10:17:40Z,2022-03-07T01:44:40Z,60.88000000,LONDON,STRESS,TREND_UP,EXTREME
BOSS19_P5_SESSION_ATTRIBUTION_V1,2026-09-03T23:50:00Z,e54f1cfaf58df97acb8fb39c1e6e8bf4614f1ff3a7c9bcbc1b5acff762665dd6,H3-C01-BWD,BWD,2022,XAUUSD,M15,436,75,2022-03-07T13:52:40Z,2022-03-11T12:32:20Z,11.85000000,LONDON_NY_OVERLAP,STRESS,RANGE,EXTREME
BOSS19_P5_SESSION_ATTRIBUTION_V1,2026-09-03T23:50:00Z,e54f1cfaf58df97acb8fb39c1e6e8bf4614f1ff3a7c9bcbc1b5acff762665dd6,H3-C01-BWD,BWD,2022,XAUUSD,M15,437,74,2022-03-07T13:56:40Z,2022-03-07T14:08:40Z,9.87000000,LONDON_NY_OVERLAP,STRESS,RANGE,EXTREME
BOSS19_P5_SESSION_ATTRIBUTION_V1,2026-09-03T23:50:00Z,e54f1cfaf58df97acb8fb39c1e6e8bf4614f1ff3a7c9bcbc1b5acff762665dd6,H3-C01-BWD,BWD,2022,XAUUSD,M15,441,77,2022-03-11T12:59:40Z,2022-03-11T13:34:40Z,10.15000000,LONDON_NY_OVERLAP,STRESS,RANGE,EXTREME
BOSS19_P5_SESSION_ATTRIBUTION_V1,2026-09-03T23:50:00Z,e54f1cfaf58df97acb8fb39c1e6e8bf4614f1ff3a7c9bcbc1b5acff762665dd6,H3-C01-BWD,BWD,2022,XAUUSD,M15,442,79,2022-03-11T16:31:20Z,2022-03-13T22:24:40Z,10.67000000,NEW_YORK_ONLY,STRESS,RANGE,EXTREME
BOSS19_P5_SESSION_ATTRIBUTION_V1,2026-09-03T23:50:00Z,e54f1cfaf58df97acb8fb39c1e6e8bf4614f1ff3a7c9bcbc1b5acff762665dd6,H3-C01-BWD,BWD,2022,XAUUSD,M15,449,81,2022-03-13T22:49:40Z,2022-03-13T23:47:40Z,10.59000000,OUTSIDE_DEFINED_SESSION,STRESS,TRANSITION,EXTREME
BOSS19_P5_SESSION_ATTRIBUTION_V1,2026-09-03T23:50:00Z,e54f1cfaf58df97acb8fb39c1e6e8bf4614f1ff3a7c9bcbc1b5acff762665dd6,H3-C01-BWD,BWD,2022,XAUUSD,M15,477,83,2022-03-16T19:46:40Z,2022-03-22T14:05:00Z,12.87000000,NEW_YORK_ONLY,NEUTRAL,RANGE,EXTREME
BOSS19_P5_SESSION_ATTRIBUTION_V1,2026-09-03T23:50:00Z,e54f1cfaf58df97acb8fb39c1e6e8bf4614f1ff3a7c9bcbc1b5acff762665dd6,H3-C01-BWD,BWD,2022,XAUUSD,M15,484,89,2022-03-23T17:08:40Z,2022-12-30T21:58:59Z,-337.44000000,NEW_YORK_ONLY,NEUTRAL,RANGE,HIGH
BOSS19_P5_SESSION_ATTRIBUTION_V1,2026-09-03T23:50:00Z,e54f1cfaf58df97acb8fb39c1e6e8bf4614f1ff3a7c9bcbc1b5acff762665dd6,H3-C01-BWD,BWD,2022,XAUUSD,M15,485,88,2022-03-23T19:58:40Z,2022-12-30T21:58:59Z,-348.40000000,NEW_YORK_ONLY,NEUTRAL,TREND_UP,NORMAL
BOSS19_P5_SESSION_ATTRIBUTION_V1,2026-09-03T23:50:00Z,e54f1cfaf58df97acb8fb39c1e6e8bf4614f1ff3a7c9bcbc1b5acff762665dd6,H3-C01-BWD,BWD,2022,XAUUSD,M15,486,87,2022-03-24T14:18:40Z,2022-12-30T21:58:59Z,-714.00000000,LONDON_NY_OVERLAP,NEUTRAL,TREND_UP,HIGH
BOSS19_P5_SESSION_ATTRIBUTION_V1,2026-09-03T23:50:00Z,e54f1cfaf58df97acb8fb39c1e6e8bf4614f1ff3a7c9bcbc1b5acff762665dd6,H3-C01-MAIN,MAIN,2023,XAUUSD,M15,2,7,2023-01-03T02:40:40Z,2023-01-09T02:38:40Z,39.97000000,ASIA,RISK_OFF,TREND_UP,NORMAL
BOSS19_P5_SESSION_ATTRIBUTION_V1,2026-09-03T23:50:00Z,e54f1cfaf58df97acb8fb39c1e6e8bf4614f1ff3a7c9bcbc1b5acff762665dd6,H3-C01-MAIN,MAIN,2023,XAUUSD,M15,3,6,2023-01-03T03:08:40Z,2023-01-09T02:38:40Z,33.22000000,ASIA,RISK_OFF,TREND_UP,NORMAL
BOSS19_P5_SESSION_ATTRIBUTION_V1,2026-09-03T23:50:00Z,e54f1cfaf58df97acb8fb39c1e6e8bf4614f1ff3a7c9bcbc1b5acff762665dd6,H3-C01-MAIN,MAIN,2023,XAUUSD,M15,4,5,2023-01-03T07:28:40Z,2023-01-09T02:38:40Z,52.94000000,LONDON,RISK_OFF,TREND_UP,NORMAL
BOSS19_P5_SESSION_ATTRIBUTION_V1,2026-09-03T23:50:00Z,e54f1cfaf58df97acb8fb39c1e6e8bf4614f1ff3a7c9bcbc1b5acff762665dd6,H3-C01-MAIN,MAIN,2023,XAUUSD,M15,68,9,2023-01-10T14:30:40Z,2023-01-13T15:46:40Z,32.91000000,LONDON_NY_OVERLAP,RISK_OFF,RANGE,NORMAL
BOSS19_P5_SESSION_ATTRIBUTION_V1,2026-09-03T23:50:00Z,e54f1cfaf58df97acb8fb39c1e6e8bf4614f1ff3a7c9bcbc1b5acff762665dd6,H3-C01-MAIN,MAIN,2023,XAUUSD,M15,72,11,2023-01-16T01:58:40Z,2023-03-17T14:42:40Z,-11.96000000,ASIA,NEUTRAL,TREND_UP,NORMAL
BOSS19_P5_SESSION_ATTRIBUTION_V1,2026-09-03T23:50:00Z,e54f1cfaf58df97acb8fb39c1e6e8bf4614f1ff3a7c9bcbc1b5acff762665dd6,H3-C01-MAIN,MAIN,2023,XAUUSD,M15,76,17,2023-03-17T17:28:40Z,2023-04-04T14:18:40Z,42.09000000,NEW_YORK_ONLY,RISK_OFF,TREND_UP,EXTREME
BOSS19_P5_SESSION_ATTRIBUTION_V1,2026-09-03T23:50:00Z,e54f1cfaf58df97acb8fb39c1e6e8bf4614f1ff3a7c9bcbc1b5acff762665dd6,H3-C01-MAIN,MAIN,2023,XAUUSD,M15,77,16,2023-03-17T17:55:40Z,2023-04-04T14:18:40Z,34.82000000,NEW_YORK_ONLY,RISK_OFF,TREND_UP,EXTREME
BOSS19_P5_SESSION_ATTRIBUTION_V1,2026-09-03T23:50:00Z,e54f1cfaf58df97acb8fb39c1e6e8bf4614f1ff3a7c9bcbc1b5acff762665dd6,H3-C01-MAIN,MAIN,2023,XAUUSD,M15,78,15,2023-03-17T18:43:20Z,2023-04-04T14:18:40Z,55.08000000,NEW_YORK_ONLY,RISK_OFF,TREND_UP,EXTREME
BOSS19_P5_SESSION_ATTRIBUTION_V1,2026-09-03T23:50:00Z,e54f1cfaf58df97acb8fb39c1e6e8bf4614f1ff3a7c9bcbc1b5acff762665dd6,H3-C01-MAIN,MAIN,2023,XAUUSD,M15,82,19,2023-04-05T12:34:40Z,2023-05-03T22:01:20Z,22.74000000,LONDON_NY_OVERLAP,RISK_OFF,RANGE,NORMAL
BOSS19_P5_SESSION_ATTRIBUTION_V1,2026-09-03T23:50:00Z,e54f1cfaf58df97acb8fb39c1e6e8bf4614f1ff3a7c9bcbc1b5acff762665dd6,H3-C01-MAIN,MAIN,2023,XAUUSD,M15,149,23,2023-05-04T14:17:40Z,2023-12-03T23:16:40Z,-122.75000000,LONDON_NY_OVERLAP,NEUTRAL,TRANSITION,HIGH
BOSS19_P5_SESSION_ATTRIBUTION_V1,2026-09-03T23:50:00Z,e54f1cfaf58df97acb8fb39c1e6e8bf4614f1ff3a7c9bcbc1b5acff762665dd6,H3-C01-MAIN,MAIN,2023,XAUUSD,M15,150,22,2023-05-04T14:32:40Z,2023-12-03T23:16:40Z,-131.74000000,LONDON_NY_OVERLAP,NEUTRAL,TRANSITION,HIGH
BOSS19_P5_SESSION_ATTRIBUTION_V1,2026-09-03T23:50:00Z,e54f1cfaf58df97acb8fb39c1e6e8bf4614f1ff3a7c9bcbc1b5acff762665dd6,H3-C01-MAIN,MAIN,2023,XAUUSD,M15,154,29,2023-12-03T23:18:40Z,2023-12-03T23:27:40Z,49.68000000,OUTSIDE_DEFINED_SESSION,NEUTRAL,TREND_UP,HIGH
BOSS19_P5_SESSION_ATTRIBUTION_V1,2026-09-03T23:50:00Z,e54f1cfaf58df97acb8fb39c1e6e8bf4614f1ff3a7c9bcbc1b5acff762665dd6,H3-C01-MAIN,MAIN,2023,XAUUSD,M15,155,28,2023-12-03T23:19:40Z,2023-12-03T23:27:40Z,43.00000000,OUTSIDE_DEFINED_SESSION,NEUTRAL,TREND_UP,HIGH
BOSS19_P5_SESSION_ATTRIBUTION_V1,2026-09-03T23:50:00Z,e54f1cfaf58df97acb8fb39c1e6e8bf4614f1ff3a7c9bcbc1b5acff762665dd6,H3-C01-MAIN,MAIN,2023,XAUUSD,M15,156,27,2023-12-03T23:21:40Z,2023-12-03T23:27:40Z,72.64000000,OUTSIDE_DEFINED_SESSION,NEUTRAL,TREND_UP,HIGH
BOSS19_P5_SESSION_ATTRIBUTION_V1,2026-09-03T23:50:00Z,e54f1cfaf58df97acb8fb39c1e6e8bf4614f1ff3a7c9bcbc1b5acff762665dd6,H3-C01-MAIN,MAIN,2023,XAUUSD,M15,160,31,2023-12-03T23:33:40Z,2024-03-08T13:31:40Z,-37.25000000,OUTSIDE_DEFINED_SESSION,NEUTRAL,TREND_UP,EXTREME
BOSS19_P5_SESSION_ATTRIBUTION_V1,2026-09-03T23:50:00Z,e54f1cfaf58df97acb8fb39c1e6e8bf4614f1ff3a7c9bcbc1b5acff762665dd6,H3-C01-MAIN,MAIN,2024,XAUUSD,M15,164,35,2024-03-08T17:05:40Z,2024-03-28T20:49:40Z,31.61000000,NEW_YORK_ONLY,NEUTRAL,TREND_UP,EXTREME
BOSS19_P5_SESSION_ATTRIBUTION_V1,2026-09-03T23:50:00Z,e54f1cfaf58df97acb8fb39c1e6e8bf4614f1ff3a7c9bcbc1b5acff762665dd6,H3-C01-MAIN,MAIN,2024,XAUUSD,M15,165,34,2024-03-08T17:19:40Z,2024-03-28T20:49:40Z,25.10000000,NEW_YORK_ONLY,NEUTRAL,TREND_UP,EXTREME
BOSS19_P5_SESSION_ATTRIBUTION_V1,2026-09-03T23:50:00Z,e54f1cfaf58df97acb8fb39c1e6e8bf4614f1ff3a7c9bcbc1b5acff762665dd6,H3-C01-MAIN,MAIN,2024,XAUUSD,M15,169,41,2024-03-31T22:05:00Z,2024-04-02T22:21:40Z,48.45000000,OUTSIDE_DEFINED_SESSION,NEUTRAL,TREND_UP,EXTREME
BOSS19_P5_SESSION_ATTRIBUTION_V1,2026-09-03T23:50:00Z,e54f1cfaf58df97acb8fb39c1e6e8bf4614f1ff3a7c9bcbc1b5acff762665dd6,H3-C01-MAIN,MAIN,2024,XAUUSD,M15,170,40,2024-03-31T23:43:40Z,2024-04-02T22:21:40Z,41.08000000,OUTSIDE_DEFINED_SESSION,NEUTRAL,TREND_UP,EXTREME
BOSS19_P5_SESSION_ATTRIBUTION_V1,2026-09-03T23:50:00Z,e54f1cfaf58df97acb8fb39c1e6e8bf4614f1ff3a7c9bcbc1b5acff762665dd6,H3-C01-MAIN,MAIN,2024,XAUUSD,M15,171,39,2024-04-01T00:31:40Z,2024-04-02T22:21:40Z,67.40000000,ASIA,RISK_ON,TREND_UP,EXTREME
BOSS19_P5_SESSION_ATTRIBUTION_V1,2026-09-03T23:50:00Z,e54f1cfaf58df97acb8fb39c1e6e8bf4614f1ff3a7c9bcbc1b5acff762665dd6,H3-C01-MAIN,MAIN,2024,XAUUSD,M15,199,43,2024-04-03T14:00:40Z,2024-04-03T14:30:40Z,8.08000000,LONDON_NY_OVERLAP,NEUTRAL,RANGE,HIGH
BOSS19_P5_SESSION_ATTRIBUTION_V1,2026-09-03T23:50:00Z,e54f1cfaf58df97acb8fb39c1e6e8bf4614f1ff3a7c9bcbc1b5acff762665dd6,H3-C01-MAIN,MAIN,2024,XAUUSD,M15,203,47,2024-04-03T16:23:40Z,2024-04-08T02:36:40Z,46.41000000,NEW_YORK_ONLY,NEUTRAL,RANGE,EXTREME
BOSS19_P5_SESSION_ATTRIBUTION_V1,2026-09-03T23:50:00Z,e54f1cfaf58df97acb8fb39c1e6e8bf4614f1ff3a7c9bcbc1b5acff762665dd6,H3-C01-MAIN,MAIN,2024,XAUUSD,M15,204,46,2024-04-03T20:20:20Z,2024-04-08T02:36:40Z,38.34000000,NEW_YORK_ONLY,NEUTRAL,TREND_UP,HIGH
BOSS19_P5_SESSION_ATTRIBUTION_V1,2026-09-03T23:50:00Z,e54f1cfaf58df97acb8fb39c1e6e8bf4614f1ff3a7c9bcbc1b5acff762665dd6,H3-C01-MAIN,MAIN,2024,XAUUSD,M15,208,49,2024-04-08T02:39:20Z,2024-04-12T07:58:40Z,45.63000000,ASIA,NEUTRAL,RANGE,EXTREME
BOSS19_P5_SESSION_ATTRIBUTION_V1,2026-09-03T23:50:00Z,e54f1cfaf58df97acb8fb39c1e6e8bf4614f1ff3a7c9bcbc1b5acff762665dd6,H3-C01-MAIN,MAIN,2024,XAUUSD,M15,212,55,2024-04-12T14:11:40Z,2024-07-17T00:40:40Z,-10.88000000,LONDON_NY_OVERLAP,RISK_ON,TREND_UP,EXTREME
BOSS19_P5_SESSION_ATTRIBUTION_V1,2026-09-03T23:50:00Z,e54f1cfaf58df97acb8fb39c1e6e8bf4614f1ff3a7c9bcbc1b5acff762665dd6,H3-C01-MAIN,MAIN,2024,XAUUSD,M15,213,54,2024-04-12T14:19:20Z,2024-07-17T00:40:40Z,-20.87000000,LONDON_NY_OVERLAP,RISK_ON,TREND_UP,EXTREME
BOSS19_P5_SESSION_ATTRIBUTION_V1,2026-09-03T23:50:00Z,e54f1cfaf58df97acb8fb39c1e6e8bf4614f1ff3a7c9bcbc1b5acff762665dd6,H3-C01-MAIN,MAIN,2024,XAUUSD,M15,214,53,2024-04-12T15:00:40Z,2024-07-17T00:40:40Z,-61.70000000,LONDON_NY_OVERLAP,RISK_ON,TREND_UP,EXTREME
BOSS19_P5_SESSION_ATTRIBUTION_V1,2026-09-03T23:50:00Z,e54f1cfaf58df97acb8fb39c1e6e8bf4614f1ff3a7c9bcbc1b5acff762665dd6,H3-C01-MAIN,MAIN,2024,XAUUSD,M15,218,57,2024-07-17T02:08:40Z,2024-09-12T12:46:40Z,6.28000000,ASIA,NEUTRAL,TREND_UP,NORMAL
BOSS19_P5_SESSION_ATTRIBUTION_V1,2026-09-03T23:50:00Z,e54f1cfaf58df97acb8fb39c1e6e8bf4614f1ff3a7c9bcbc1b5acff762665dd6,H3-C01-MAIN,MAIN,2024,XAUUSD,M15,222,63,2024-09-12T13:38:40Z,2024-09-20T06:51:40Z,56.82000000,LONDON_NY_OVERLAP,RISK_OFF,TREND_UP,HIGH
BOSS19_P5_SESSION_ATTRIBUTION_V1,2026-09-03T23:50:00Z,e54f1cfaf58df97acb8fb39c1e6e8bf4614f1ff3a7c9bcbc1b5acff762665dd6,H3-C01-MAIN,MAIN,2024,XAUUSD,M15,223,62,2024-09-12T14:47:40Z,2024-09-20T06:51:40Z,46.34000000,LONDON_NY_OVERLAP,RISK_OFF,TREND_UP,HIGH
BOSS19_P5_SESSION_ATTRIBUTION_V1,2026-09-03T23:50:00Z,e54f1cfaf58df97acb8fb39c1e6e8bf4614f1ff3a7c9bcbc1b5acff762665dd6,H3-C01-MAIN,MAIN,2024,XAUUSD,M15,224,61,2024-09-13T01:06:40Z,2024-09-20T06:51:40Z,73.32000000,ASIA,RISK_OFF,TREND_UP,NORMAL
BOSS19_P5_SESSION_ATTRIBUTION_V1,2026-09-03T23:50:00Z,e54f1cfaf58df97acb8fb39c1e6e8bf4614f1ff3a7c9bcbc1b5acff762665dd6,H3-C01-MAIN,MAIN,2024,XAUUSD,M15,228,67,2024-09-20T11:09:40Z,2024-09-25T02:58:40Z,51.16000000,LONDON,NEUTRAL,TREND_UP,NORMAL
BOSS19_P5_SESSION_ATTRIBUTION_V1,2026-09-03T23:50:00Z,e54f1cfaf58df97acb8fb39c1e6e8bf4614f1ff3a7c9bcbc1b5acff762665dd6,H3-C01-MAIN,MAIN,2024,XAUUSD,M15,229,66,2024-09-20T16:00:40Z,2024-09-25T02:58:40Z,41.57000000,NEW_YORK_ONLY,NEUTRAL,TREND_UP,HIGH
BOSS19_P5_SESSION_ATTRIBUTION_V1,2026-09-03T23:50:00Z,e54f1cfaf58df97acb8fb39c1e6e8bf4614f1ff3a7c9bcbc1b5acff762665dd6,H3-C01-MAIN,MAIN,2024,XAUUSD,M15,359,71,2024-09-26T08:21:40Z,2024-10-18T18:52:40Z,34.58000000,LONDON,NEUTRAL,RANGE,NORMAL
BOSS19_P5_SESSION_ATTRIBUTION_V1,2026-09-03T23:50:00Z,e54f1cfaf58df97acb8fb39c1e6e8bf4614f1ff3a7c9bcbc1b5acff762665dd6,H3-C01-MAIN,MAIN,2024,XAUUSD,M15,360,70,2024-09-26T11:06:40Z,2024-10-18T18:52:40Z,25.04000000,LONDON,NEUTRAL,TREND_UP,NORMAL
BOSS19_P5_SESSION_ATTRIBUTION_V1,2026-09-03T23:50:00Z,e54f1cfaf58df97acb8fb39c1e6e8bf4614f1ff3a7c9bcbc1b5acff762665dd6,H3-C01-MAIN,MAIN,2024,XAUUSD,M15,364,75,2024-10-21T02:57:40Z,2024-10-30T05:34:40Z,45.97000000,ASIA,NEUTRAL,TREND_UP,NORMAL
BOSS19_P5_SESSION_ATTRIBUTION_V1,2026-09-03T23:50:00Z,e54f1cfaf58df97acb8fb39c1e6e8bf4614f1ff3a7c9bcbc1b5acff762665dd6,H3-C01-MAIN,MAIN,2024,XAUUSD,M15,365,74,2024-10-21T13:01:20Z,2024-10-30T05:34:40Z,36.54000000,LONDON_NY_OVERLAP,NEUTRAL,TREND_UP,NORMAL
BOSS19_P5_SESSION_ATTRIBUTION_V1,2026-09-03T23:50:00Z,e54f1cfaf58df97acb8fb39c1e6e8bf4614f1ff3a7c9bcbc1b5acff762665dd6,H3-C01-MAIN,MAIN,2024,XAUUSD,M15,384,77,2024-10-30T16:46:40Z,2025-02-04T13:23:40Z,-30.19000000,NEW_YORK_ONLY,NEUTRAL,RANGE,NORMAL
BOSS19_P5_SESSION_ATTRIBUTION_V1,2026-09-03T23:50:00Z,e54f1cfaf58df97acb8fb39c1e6e8bf4614f1ff3a7c9bcbc1b5acff762665dd6,H3-C01-MAIN,MAIN,2025,XAUUSD,M15,388,83,2025-02-04T15:00:40Z,2025-02-10T09:08:40Z,54.28000000,LONDON_NY_OVERLAP,RISK_OFF,TREND_UP,NORMAL
BOSS19_P5_SESSION_ATTRIBUTION_V1,2026-09-03T23:50:00Z,e54f1cfaf58df97acb8fb39c1e6e8bf4614f1ff3a7c9bcbc1b5acff762665dd6,H3-C01-MAIN,MAIN,2025,XAUUSD,M15,389,82,2025-02-05T02:10:40Z,2025-02-10T09:08:40Z,46.04000000,ASIA,RISK_OFF,TREND_UP,NORMAL
BOSS19_P5_SESSION_ATTRIBUTION_V1,2026-09-03T23:50:00Z,e54f1cfaf58df97acb8fb39c1e6e8bf4614f1ff3a7c9bcbc1b5acff762665dd6,H3-C01-MAIN,MAIN,2025,XAUUSD,M15,390,81,2025-02-05T05:48:40Z,2025-02-10T09:08:40Z,74.00000000,ASIA,RISK_OFF,TREND_UP,NORMAL
BOSS19_P5_SESSION_ATTRIBUTION_V1,2026-09-03T23:50:00Z,e54f1cfaf58df97acb8fb39c1e6e8bf4614f1ff3a7c9bcbc1b5acff762665dd6,H3-C01-MAIN,MAIN,2025,XAUUSD,M15,394,89,2025-02-10T13:20:40Z,2025-03-13T16:43:40Z,48.64000000,LONDON_NY_OVERLAP,NEUTRAL,TREND_UP,NORMAL
BOSS19_P5_SESSION_ATTRIBUTION_V1,2026-09-03T23:50:00Z,e54f1cfaf58df97acb8fb39c1e6e8bf4614f1ff3a7c9bcbc1b5acff762665dd6,H3-C01-MAIN,MAIN,2025,XAUUSD,M15,395,88,2025-02-10T23:40:40Z,2025-03-13T16:43:40Z,39.89000000,OUTSIDE_DEFINED_SESSION,NEUTRAL,TREND_UP,NORMAL
BOSS19_P5_SESSION_ATTRIBUTION_V1,2026-09-03T23:50:00Z,e54f1cfaf58df97acb8fb39c1e6e8bf4614f1ff3a7c9bcbc1b5acff762665dd6,H3-C01-MAIN,MAIN,2025,XAUUSD,M15,396,87,2025-02-11T01:11:40Z,2025-03-13T16:43:40Z,60.70000000,ASIA,RISK_OFF,TREND_UP,NORMAL
BOSS19_P5_SESSION_ATTRIBUTION_V1,2026-09-03T23:50:00Z,e54f1cfaf58df97acb8fb39c1e6e8bf4614f1ff3a7c9bcbc1b5acff762665dd6,H3-C01-MAIN,MAIN,2025,XAUUSD,M15,400,91,2025-03-14T09:36:40Z,2025-03-27T10:36:40Z,47.73000000,LONDON,RISK_OFF,TREND_UP,NORMAL
BOSS19_P5_SESSION_ATTRIBUTION_V1,2026-09-03T23:50:00Z,e54f1cfaf58df97acb8fb39c1e6e8bf4614f1ff3a7c9bcbc1b5acff762665dd6,H3-C01-MAIN,MAIN,2025,XAUUSD,M15,404,97,2025-03-28T01:30:40Z,2025-04-01T01:47:40Z,69.79000000,ASIA,NEUTRAL,TREND_UP,NORMAL
BOSS19_P5_SESSION_ATTRIBUTION_V1,2026-09-03T23:50:00Z,e54f1cfaf58df97acb8fb39c1e6e8bf4614f1ff3a7c9bcbc1b5acff762665dd6,H3-C01-MAIN,MAIN,2025,XAUUSD,M15,405,96,2025-03-28T05:33:40Z,2025-04-01T01:47:40Z,58.43000000,ASIA,NEUTRAL,TREND_UP,NORMAL
BOSS19_P5_SESSION_ATTRIBUTION_V1,2026-09-03T23:50:00Z,e54f1cfaf58df97acb8fb39c1e6e8bf4614f1ff3a7c9bcbc1b5acff762665dd6,H3-C01-MAIN,MAIN,2025,XAUUSD,M15,406,95,2025-03-30T22:05:00Z,2025-04-01T01:47:40Z,95.74000000,OUTSIDE_DEFINED_SESSION,RISK_OFF,RANGE,NORMAL
BOSS19_P5_SESSION_ATTRIBUTION_V1,2026-09-03T23:50:00Z,e54f1cfaf58df97acb8fb39c1e6e8bf4614f1ff3a7c9bcbc1b5acff762665dd6,H3-C01-MAIN,MAIN,2025,XAUUSD,M15,410,99,2025-04-01T05:38:20Z,2025-04-11T08:23:40Z,68.78000000,ASIA,RISK_OFF,TREND_UP,NORMAL
BOSS19_P5_SESSION_ATTRIBUTION_V1,2026-09-03T23:50:00Z,e54f1cfaf58df97acb8fb39c1e6e8bf4614f1ff3a7c9bcbc1b5acff762665dd6,H3-C01-MAIN,MAIN,2025,XAUUSD,M15,414,101,2025-04-11T13:33:40Z,2025-04-16T14:01:20Z,74.60000000,LONDON_NY_OVERLAP,STRESS,TREND_UP,EXTREME
BOSS19_P5_SESSION_ATTRIBUTION_V1,2026-09-03T23:50:00Z,e54f1cfaf58df97acb8fb39c1e6e8bf4614f1ff3a7c9bcbc1b5acff762665dd6,H3-C01-MAIN,MAIN,2025,XAUUSD,M15,418,105,2025-04-16T16:24:40Z,2025-04-21T13:01:40Z,86.96000000,NEW_YORK_ONLY,STRESS,TREND_UP,EXTREME
BOSS19_P5_SESSION_ATTRIBUTION_V1,2026-09-03T23:50:00Z,e54f1cfaf58df97acb8fb39c1e6e8bf4614f1ff3a7c9bcbc1b5acff762665dd6,H3-C01-MAIN,MAIN,2025,XAUUSD,M15,419,104,2025-04-16T22:01:40Z,2025-04-21T13:01:40Z,74.09000000,OUTSIDE_DEFINED_SESSION,STRESS,TREND_UP,HIGH
BOSS19_P5_SESSION_ATTRIBUTION_V1,2026-09-03T23:50:00Z,e54f1cfaf58df97acb8fb39c1e6e8bf4614f1ff3a7c9bcbc1b5acff762665dd6,H3-C01-MAIN,MAIN,2025,XAUUSD,M15,423,111,2025-04-21T23:18:40Z,2025-09-02T15:58:40Z,-23.22000000,OUTSIDE_DEFINED_SESSION,RISK_OFF,TREND_UP,HIGH
BOSS19_P5_SESSION_ATTRIBUTION_V1,2026-09-03T23:50:00Z,e54f1cfaf58df97acb8fb39c1e6e8bf4614f1ff3a7c9bcbc1b5acff762665dd6,H3-C01-MAIN,MAIN,2025,XAUUSD,M15,424,110,2025-04-22T01:45:40Z,2025-09-02T15:58:40Z,-39.63000000,ASIA,STRESS,TREND_UP,EXTREME
BOSS19_P5_SESSION_ATTRIBUTION_V1,2026-09-03T23:50:00Z,e54f1cfaf58df97acb8fb39c1e6e8bf4614f1ff3a7c9bcbc1b5acff762665dd6,H3-C01-MAIN,MAIN,2025,XAUUSD,M15,425,109,2025-04-22T02:45:40Z,2025-09-02T15:58:40Z,-112.10000000,ASIA,STRESS,TREND_UP,EXTREME
BOSS19_P5_SESSION_ATTRIBUTION_V1,2026-09-03T23:50:00Z,e54f1cfaf58df97acb8fb39c1e6e8bf4614f1ff3a7c9bcbc1b5acff762665dd6,H3-C01-MAIN,MAIN,2025,XAUUSD,M15,429,117,2025-09-02T18:38:40Z,2025-09-08T07:32:40Z,74.18000000,NEW_YORK_ONLY,NEUTRAL,TREND_UP,NORMAL
BOSS19_P5_SESSION_ATTRIBUTION_V1,2026-09-03T23:50:00Z,e54f1cfaf58df97acb8fb39c1e6e8bf4614f1ff3a7c9bcbc1b5acff762665dd6,H3-C01-MAIN,MAIN,2025,XAUUSD,M15,430,116,2025-09-03T00:25:20Z,2025-09-08T07:32:40Z,62.72000000,ASIA,NEUTRAL,TREND_UP,NORMAL
BOSS19_P5_SESSION_ATTRIBUTION_V1,2026-09-03T23:50:00Z,e54f1cfaf58df97acb8fb39c1e6e8bf4614f1ff3a7c9bcbc1b5acff762665dd6,H3-C01-MAIN,MAIN,2025,XAUUSD,M15,431,115,2025-09-03T13:14:40Z,2025-09-08T07:32:40Z,100.94000000,LONDON_NY_OVERLAP,NEUTRAL,TREND_UP,NORMAL
BOSS19_P5_SESSION_ATTRIBUTION_V1,2026-09-03T23:50:00Z,e54f1cfaf58df97acb8fb39c1e6e8bf4614f1ff3a7c9bcbc1b5acff762665dd6,H3-C01-MAIN,MAIN,2025,XAUUSD,M15,435,123,2025-09-08T12:54:40Z,2025-09-16T14:17:40Z,72.16000000,LONDON_NY_OVERLAP,NEUTRAL,TREND_UP,NORMAL
BOSS19_P5_SESSION_ATTRIBUTION_V1,2026-09-03T23:50:00Z,e54f1cfaf58df97acb8fb39c1e6e8bf4614f1ff3a7c9bcbc1b5acff762665dd6,H3-C01-MAIN,MAIN,2025,XAUUSD,M15,436,122,2025-09-08T13:50:40Z,2025-09-16T14:17:40Z,59.57000000,LONDON_NY_OVERLAP,NEUTRAL,TREND_UP,NORMAL
BOSS19_P5_SESSION_ATTRIBUTION_V1,2026-09-03T23:50:00Z,e54f1cfaf58df97acb8fb39c1e6e8bf4614f1ff3a7c9bcbc1b5acff762665dd6,H3-C01-MAIN,MAIN,2025,XAUUSD,M15,437,121,2025-09-09T02:08:40Z,2025-09-16T14:17:40Z,95.52000000,ASIA,NEUTRAL,TREND_UP,NORMAL
BOSS19_P5_SESSION_ATTRIBUTION_V1,2026-09-03T23:50:00Z,e54f1cfaf58df97acb8fb39c1e6e8bf4614f1ff3a7c9bcbc1b5acff762665dd6,H3-C01-MAIN,MAIN,2025,XAUUSD,M15,447,125,2025-09-17T18:00:20Z,2025-09-23T08:31:40Z,60.59000000,NEW_YORK_ONLY,NEUTRAL,RANGE,NORMAL
BOSS19_P5_SESSION_ATTRIBUTION_V1,2026-09-03T23:50:00Z,e54f1cfaf58df97acb8fb39c1e6e8bf4614f1ff3a7c9bcbc1b5acff762665dd6,H3-C01-MAIN,MAIN,2025,XAUUSD,M15,451,129,2025-09-23T09:00:40Z,2025-09-30T03:13:40Z,73.67000000,LONDON,NEUTRAL,TREND_UP,NORMAL
BOSS19_P5_SESSION_ATTRIBUTION_V1,2026-09-03T23:50:00Z,e54f1cfaf58df97acb8fb39c1e6e8bf4614f1ff3a7c9bcbc1b5acff762665dd6,H3-C01-MAIN,MAIN,2025,XAUUSD,M15,452,128,2025-09-23T09:23:40Z,2025-09-30T03:13:40Z,60.76000000,LONDON,NEUTRAL,TREND_UP,NORMAL
BOSS19_P5_SESSION_ATTRIBUTION_V1,2026-09-03T23:50:00Z,e54f1cfaf58df97acb8fb39c1e6e8bf4614f1ff3a7c9bcbc1b5acff762665dd6,H3-C01-MAIN,MAIN,2025,XAUUSD,M15,456,131,2025-09-30T05:03:40Z,2025-10-06T05:07:40Z,71.52000000,ASIA,NEUTRAL,TREND_UP,NORMAL
BOSS19_P5_SESSION_ATTRIBUTION_V1,2026-09-03T23:50:00Z,e54f1cfaf58df97acb8fb39c1e6e8bf4614f1ff3a7c9bcbc1b5acff762665dd6,H3-C01-MAIN,MAIN,2025,XAUUSD,M15,460,135,2025-10-06T15:54:40Z,2025-10-08T09:54:40Z,86.50000000,LONDON_NY_OVERLAP,NEUTRAL,TREND_UP,HIGH
BOSS19_P5_SESSION_ATTRIBUTION_V1,2026-09-03T23:50:00Z,e54f1cfaf58df97acb8fb39c1e6e8bf4614f1ff3a7c9bcbc1b5acff762665dd6,H3-C01-MAIN,MAIN,2025,XAUUSD,M15,461,134,2025-10-06T22:25:40Z,2025-10-08T09:54:40Z,72.14000000,OUTSIDE_DEFINED_SESSION,NEUTRAL,TREND_UP,NORMAL
BOSS19_P5_SESSION_ATTRIBUTION_V1,2026-09-03T23:50:00Z,e54f1cfaf58df97acb8fb39c1e6e8bf4614f1ff3a7c9bcbc1b5acff762665dd6,H3-C01-MAIN,MAIN,2025,XAUUSD,M15,468,137,2025-10-09T04:28:40Z,2025-10-09T13:47:40Z,18.47000000,ASIA,NEUTRAL,RANGE,HIGH
BOSS19_P5_SESSION_ATTRIBUTION_V1,2026-09-03T23:50:00Z,e54f1cfaf58df97acb8fb39c1e6e8bf4614f1ff3a7c9bcbc1b5acff762665dd6,H3-C01-MAIN,MAIN,2025,XAUUSD,M15,475,139,2025-10-09T14:50:40Z,2025-10-09T16:34:40Z,21.98000000,LONDON_NY_OVERLAP,NEUTRAL,TRANSITION,HIGH
BOSS19_P5_SESSION_ATTRIBUTION_V1,2026-09-03T23:50:00Z,e54f1cfaf58df97acb8fb39c1e6e8bf4614f1ff3a7c9bcbc1b5acff762665dd6,H3-C01-MAIN,MAIN,2025,XAUUSD,M15,479,145,2025-10-10T15:24:40Z,2025-10-13T23:35:40Z,111.43000000,LONDON_NY_OVERLAP,NEUTRAL,RANGE,HIGH
BOSS19_P5_SESSION_ATTRIBUTION_V1,2026-09-03T23:50:00Z,e54f1cfaf58df97acb8fb39c1e6e8bf4614f1ff3a7c9bcbc1b5acff762665dd6,H3-C01-MAIN,MAIN,2025,XAUUSD,M15,480,144,2025-10-12T22:23:40Z,2025-10-13T23:35:40Z,95.03000000,OUTSIDE_DEFINED_SESSION,NEUTRAL,RANGE,EXTREME
BOSS19_P5_SESSION_ATTRIBUTION_V1,2026-09-03T23:50:00Z,e54f1cfaf58df97acb8fb39c1e6e8bf4614f1ff3a7c9bcbc1b5acff762665dd6,H3-C01-MAIN,MAIN,2025,XAUUSD,M15,481,143,2025-10-12T23:04:40Z,2025-10-13T23:35:40Z,155.70000000,OUTSIDE_DEFINED_SESSION,NEUTRAL,TREND_UP,EXTREME
BOSS19_P5_SESSION_ATTRIBUTION_V1,2026-09-03T23:50:00Z,e54f1cfaf58df97acb8fb39c1e6e8bf4614f1ff3a7c9bcbc1b5acff762665dd6,H3-C01-MAIN,MAIN,2025,XAUUSD,M15,485,149,2025-10-14T01:24:40Z,2025-10-16T11:26:40Z,98.58000000,ASIA,NEUTRAL,TREND_UP,NORMAL
BOSS19_P5_SESSION_ATTRIBUTION_V1,2026-09-03T23:50:00Z,e54f1cfaf58df97acb8fb39c1e6e8bf4614f1ff3a7c9bcbc1b5acff762665dd6,H3-C01-MAIN,MAIN,2025,XAUUSD,M15,486,148,2025-10-14T03:48:40Z,2025-10-16T11:26:40Z,80.57000000,ASIA,NEUTRAL,TREND_UP,NORMAL
BOSS19_P5_SESSION_ATTRIBUTION_V1,2026-09-03T23:50:00Z,e54f1cfaf58df97acb8fb39c1e6e8bf4614f1ff3a7c9bcbc1b5acff762665dd6,H3-C01-MAIN,MAIN,2025,XAUUSD,M15,490,155,2025-10-16T14:13:40Z,2025-12-22T04:10:40Z,80.46000000,LONDON_NY_OVERLAP,NEUTRAL,RANGE,HIGH
BOSS19_P5_SESSION_ATTRIBUTION_V1,2026-09-03T23:50:00Z,e54f1cfaf58df97acb8fb39c1e6e8bf4614f1ff3a7c9bcbc1b5acff762665dd6,H3-C01-MAIN,MAIN,2025,XAUUSD,M15,491,154,2025-10-16T16:17:40Z,2025-12-22T04:10:40Z,61.99000000,NEW_YORK_ONLY,NEUTRAL,TREND_UP,HIGH
BOSS19_P5_SESSION_ATTRIBUTION_V1,2026-09-03T23:50:00Z,e54f1cfaf58df97acb8fb39c1e6e8bf4614f1ff3a7c9bcbc1b5acff762665dd6,H3-C01-MAIN,MAIN,2025,XAUUSD,M15,492,153,2025-10-16T19:53:40Z,2025-12-22T04:10:40Z,87.04000000,NEW_YORK_ONLY,NEUTRAL,TREND_UP,HIGH
BOSS19_P5_SESSION_ATTRIBUTION_V1,2026-09-03T23:50:00Z,e54f1cfaf58df97acb8fb39c1e6e8bf4614f1ff3a7c9bcbc1b5acff762665dd6,H3-C01-MAIN,MAIN,2025,XAUUSD,M15,496,161,2025-12-22T06:58:40Z,2025-12-30T21:59:59Z,-86.27000000,ASIA,NEUTRAL,TREND_UP,NORMAL
BOSS19_P5_SESSION_ATTRIBUTION_V1,2026-09-03T23:50:00Z,e54f1cfaf58df97acb8fb39c1e6e8bf4614f1ff3a7c9bcbc1b5acff762665dd6,H3-C01-MAIN,MAIN,2025,XAUUSD,M15,497,160,2025-12-22T16:18:40Z,2025-12-30T21:59:59Z,-107.91000000,NEW_YORK_ONLY,NEUTRAL,TREND_UP,NORMAL
BOSS19_P5_SESSION_ATTRIBUTION_V1,2026-09-03T23:50:00Z,e54f1cfaf58df97acb8fb39c1e6e8bf4614f1ff3a7c9bcbc1b5acff762665dd6,H3-C01-MAIN,MAIN,2025,XAUUSD,M15,498,159,2025-12-22T23:52:40Z,2025-12-30T21:59:59Z,-257.52000000,OUTSIDE_DEFINED_SESSION,NEUTRAL,TREND_UP,NORMAL
BOSS19_P5_SESSION_ATTRIBUTION_V1,2026-09-03T23:50:00Z,e54f1cfaf58df97acb8fb39c1e6e8bf4614f1ff3a7c9bcbc1b5acff762665dd6,H3-C02-BWD,BWD,2020,XAUUSD,H1,2,7,2020-01-02T12:50:40Z,2020-01-03T08:01:20Z,20.92000000,LONDON_NY_OVERLAP,NEUTRAL,RANGE,LOW
BOSS19_P5_SESSION_ATTRIBUTION_V1,2026-09-03T23:50:00Z,e54f1cfaf58df97acb8fb39c1e6e8bf4614f1ff3a7c9bcbc1b5acff762665dd6,H3-C02-BWD,BWD,2020,XAUUSD,H1,3,6,2020-01-02T13:51:40Z,2020-01-03T08:01:20Z,17.49000000,LONDON_NY_OVERLAP,NEUTRAL,RANGE,LOW
BOSS19_P5_SESSION_ATTRIBUTION_V1,2026-09-03T23:50:00Z,e54f1cfaf58df97acb8fb39c1e6e8bf4614f1ff3a7c9bcbc1b5acff762665dd6,H3-C02-BWD,BWD,2020,XAUUSD,H1,4,5,2020-01-02T14:37:40Z,2020-01-03T08:01:20Z,28.12000000,LONDON_NY_OVERLAP,NEUTRAL,RANGE,NORMAL
BOSS19_P5_SESSION_ATTRIBUTION_V1,2026-09-03T23:50:00Z,e54f1cfaf58df97acb8fb39c1e6e8bf4614f1ff3a7c9bcbc1b5acff762665dd6,H3-C02-BWD,BWD,2020,XAUUSD,H1,8,13,2020-01-03T09:28:00Z,2020-01-05T23:05:00Z,28.04000000,LONDON,NEUTRAL,TREND_UP,NORMAL
BOSS19_P5_SESSION_ATTRIBUTION_V1,2026-09-03T23:50:00Z,e54f1cfaf58df97acb8fb39c1e6e8bf4614f1ff3a7c9bcbc1b5acff762665dd6,H3-C02-BWD,BWD,2020,XAUUSD,H1,9,12,2020-01-03T11:43:40Z,2020-01-05T23:05:00Z,24.58000000,LONDON,NEUTRAL,TREND_UP,NORMAL
BOSS19_P5_SESSION_ATTRIBUTION_V1,2026-09-03T23:50:00Z,e54f1cfaf58df97acb8fb39c1e6e8bf4614f1ff3a7c9bcbc1b5acff762665dd6,H3-C02-BWD,BWD,2020,XAUUSD,H1,10,11,2020-01-05T23:05:00Z,2020-01-05T23:05:00Z,43.80000000,OUTSIDE_DEFINED_SESSION,NEUTRAL,TREND_UP,NORMAL
BOSS19_P5_SESSION_ATTRIBUTION_V1,2026-09-03T23:50:00Z,e54f1cfaf58df97acb8fb39c1e6e8bf4614f1ff3a7c9bcbc1b5acff762665dd6,H3-C02-BWD,BWD,2020,XAUUSD,H1,14,19,2020-01-05T23:05:40Z,2020-01-08T00:17:40Z,22.51000000,OUTSIDE_DEFINED_SESSION,NEUTRAL,TREND_UP,NORMAL
BOSS19_P5_SESSION_ATTRIBUTION_V1,2026-09-03T23:50:00Z,e54f1cfaf58df97acb8fb39c1e6e8bf4614f1ff3a7c9bcbc1b5acff762665dd6,H3-C02-BWD,BWD,2020,XAUUSD,H1,15,18,2020-01-07T23:22:40Z,2020-01-08T00:17:40Z,20.50000000,OUTSIDE_DEFINED_SESSION,NEUTRAL,TREND_UP,NORMAL
BOSS19_P5_SESSION_ATTRIBUTION_V1,2026-09-03T23:50:00Z,e54f1cfaf58df97acb8fb39c1e6e8bf4614f1ff3a7c9bcbc1b5acff762665dd6,H3-C02-BWD,BWD,2020,XAUUSD,H1,16,17,2020-01-07T23:23:40Z,2020-01-08T00:17:40Z,33.80000000,OUTSIDE_DEFINED_SESSION,NEUTRAL,TREND_UP,NORMAL
BOSS19_P5_SESSION_ATTRIBUTION_V1,2026-09-03T23:50:00Z,e54f1cfaf58df97acb8fb39c1e6e8bf4614f1ff3a7c9bcbc1b5acff762665dd6,H3-C02-BWD,BWD,2020,XAUUSD,H1,20,21,2020-01-08T00:25:40Z,2020-02-21T06:34:40Z,-13.54000000,ASIA,NEUTRAL,TREND_UP,HIGH
BOSS19_P5_SESSION_ATTRIBUTION_V1,2026-09-03T23:50:00Z,e54f1cfaf58df97acb8fb39c1e6e8bf4614f1ff3a7c9bcbc1b5acff762665dd6,H3-C02-BWD,BWD,2020,XAUUSD,H1,24,27,2020-02-21T08:07:40Z,2020-02-23T23:10:40Z,28.06000000,LONDON,NEUTRAL,TREND_UP,NORMAL
BOSS19_P5_SESSION_ATTRIBUTION_V1,2026-09-03T23:50:00Z,e54f1cfaf58df97acb8fb39c1e6e8bf4614f1ff3a7c9bcbc1b5acff762665dd6,H3-C02-BWD,BWD,2020,XAUUSD,H1,25,26,2020-02-21T13:16:40Z,2020-02-23T23:10:40Z,23.57000000,LONDON_NY_OVERLAP,NEUTRAL,TREND_UP,NORMAL
BOSS19_P5_SESSION_ATTRIBUTION_V1,2026-09-03T23:50:00Z,e54f1cfaf58df97acb8fb39c1e6e8bf4614f1ff3a7c9bcbc1b5acff762665dd6,H3-C02-BWD,BWD,2020,XAUUSD,H1,26,25,2020-02-21T13:47:40Z,2020-02-23T23:10:40Z,38.16000000,LONDON_NY_OVERLAP,NEUTRAL,TREND_UP,NORMAL
BOSS19_P5_SESSION_ATTRIBUTION_V1,2026-09-03T23:50:00Z,e54f1cfaf58df97acb8fb39c1e6e8bf4614f1ff3a7c9bcbc1b5acff762665dd6,H3-C02-BWD,BWD,2020,XAUUSD,H1,30,33,2020-02-23T23:11:40Z,2020-05-14T13:34:40Z,-12.33000000,OUTSIDE_DEFINED_SESSION,RISK_OFF,TREND_UP,NORMAL
BOSS19_P5_SESSION_ATTRIBUTION_V1,2026-09-03T23:50:00Z,e54f1cfaf58df97acb8fb39c1e6e8bf4614f1ff3a7c9bcbc1b5acff762665dd6,H3-C02-BWD,BWD,2020,XAUUSD,H1,32,31,2020-02-23T23:12:40Z,2020-05-14T13:34:40Z,-43.12000000,OUTSIDE_DEFINED_SESSION,RISK_OFF,TREND_UP,NORMAL
BOSS19_P5_SESSION_ATTRIBUTION_V1,2026-09-03T23:50:00Z,e54f1cfaf58df97acb8fb39c1e6e8bf4614f1ff3a7c9bcbc1b5acff762665dd6,H3-C02-BWD,BWD,2020,XAUUSD,H1,31,32,2020-02-23T23:12:40Z,2020-05-14T13:34:40Z,-16.95000000,OUTSIDE_DEFINED_SESSION,RISK_OFF,TREND_UP,NORMAL
BOSS19_P5_SESSION_ATTRIBUTION_V1,2026-09-03T23:50:00Z,e54f1cfaf58df97acb8fb39c1e6e8bf4614f1ff3a7c9bcbc1b5acff762665dd6,H3-C02-BWD,BWD,2020,XAUUSD,H1,36,39,2020-05-14T13:59:40Z,2020-06-24T10:01:40Z,17.31000000,LONDON_NY_OVERLAP,STRESS,RANGE,NORMAL
BOSS19_P5_SESSION_ATTRIBUTION_V1,2026-09-03T23:50:00Z,e54f1cfaf58df97acb8fb39c1e6e8bf4614f1ff3a7c9bcbc1b5acff762665dd6,H3-C02-BWD,BWD,2020,XAUUSD,H1,37,38,2020-05-15T12:33:40Z,2020-06-24T10:01:40Z,8.91000000,LONDON_NY_OVERLAP,STRESS,TREND_UP,NORMAL
BOSS19_P5_SESSION_ATTRIBUTION_V1,2026-09-03T23:50:00Z,e54f1cfaf58df97acb8fb39c1e6e8bf4614f1ff3a7c9bcbc1b5acff762665dd6,H3-C02-BWD,BWD,2020,XAUUSD,H1,38,37,2020-05-15T15:59:20Z,2020-06-24T10:01:40Z,-0.58000000,LONDON_NY_OVERLAP,STRESS,TREND_UP,NORMAL
BOSS19_P5_SESSION_ATTRIBUTION_V1,2026-09-03T23:50:00Z,e54f1cfaf58df97acb8fb39c1e6e8bf4614f1ff3a7c9bcbc1b5acff762665dd6,H3-C02-BWD,BWD,2020,XAUUSD,H1,117,43,2020-06-30T14:33:40Z,2020-07-08T13:32:40Z,32.71000000,LONDON_NY_OVERLAP,STRESS,RANGE,NORMAL
BOSS19_P5_SESSION_ATTRIBUTION_V1,2026-09-03T23:50:00Z,e54f1cfaf58df97acb8fb39c1e6e8bf4614f1ff3a7c9bcbc1b5acff762665dd6,H3-C02-BWD,BWD,2020,XAUUSD,H1,118,42,2020-06-30T14:50:40Z,2020-07-08T13:32:40Z,25.57000000,LONDON_NY_OVERLAP,STRESS,RANGE,NORMAL
BOSS19_P5_SESSION_ATTRIBUTION_V1,2026-09-03T23:50:00Z,e54f1cfaf58df97acb8fb39c1e6e8bf4614f1ff3a7c9bcbc1b5acff762665dd6,H3-C02-BWD,BWD,2020,XAUUSD,H1,125,45,2020-07-12T23:11:40Z,2020-07-14T10:18:40Z,10.62000000,OUTSIDE_DEFINED_SESSION,NEUTRAL,RANGE,NORMAL
BOSS19_P5_SESSION_ATTRIBUTION_V1,2026-09-03T23:50:00Z,e54f1cfaf58df97acb8fb39c1e6e8bf4614f1ff3a7c9bcbc1b5acff762665dd6,H3-C02-BWD,BWD,2020,XAUUSD,H1,129,49,2020-07-14T11:58:40Z,2020-11-27T13:30:40Z,51.69000000,LONDON,STRESS,RANGE,NORMAL
BOSS19_P5_SESSION_ATTRIBUTION_V1,2026-09-03T23:50:00Z,e54f1cfaf58df97acb8fb39c1e6e8bf4614f1ff3a7c9bcbc1b5acff762665dd6,H3-C02-BWD,BWD,2020,XAUUSD,H1,130,48,2020-07-14T14:29:40Z,2020-07-16T17:05:40Z,7.82000000,LONDON_NY_OVERLAP,STRESS,RANGE,NORMAL
BOSS19_P5_SESSION_ATTRIBUTION_V1,2026-09-03T23:50:00Z,e54f1cfaf58df97acb8fb39c1e6e8bf4614f1ff3a7c9bcbc1b5acff762665dd6,H3-C02-BWD,BWD,2020,XAUUSD,H1,134,53,2020-12-01T10:39:40Z,2021-02-04T14:40:40Z,30.31000000,LONDON,NEUTRAL,RANGE,NORMAL
BOSS19_P5_SESSION_ATTRIBUTION_V1,2026-09-03T23:50:00Z,e54f1cfaf58df97acb8fb39c1e6e8bf4614f1ff3a7c9bcbc1b5acff762665dd6,H3-C02-BWD,BWD,2020,XAUUSD,H1,135,52,2020-12-01T11:12:20Z,2021-02-04T14:04:40Z,29.35000000,LONDON,NEUTRAL,RANGE,NORMAL
BOSS19_P5_SESSION_ATTRIBUTION_V1,2026-09-03T23:50:00Z,e54f1cfaf58df97acb8fb39c1e6e8bf4614f1ff3a7c9bcbc1b5acff762665dd6,H3-C02-BWD,BWD,2021,XAUUSD,H1,139,59,2021-02-05T05:34:40Z,2021-02-16T23:07:40Z,12.46000000,ASIA,NEUTRAL,TREND_DOWN,NORMAL
BOSS19_P5_SESSION_ATTRIBUTION_V1,2026-09-03T23:50:00Z,e54f1cfaf58df97acb8fb39c1e6e8bf4614f1ff3a7c9bcbc1b5acff762665dd6,H3-C02-BWD,BWD,2021,XAUUSD,H1,140,56,2021-02-05T08:12:40Z,2021-02-05T13:06:40Z,9.36000000,LONDON,NEUTRAL,TREND_DOWN,NORMAL
BOSS19_P5_SESSION_ATTRIBUTION_V1,2026-09-03T23:50:00Z,e54f1cfaf58df97acb8fb39c1e6e8bf4614f1ff3a7c9bcbc1b5acff762665dd6,H3-C02-BWD,BWD,2021,XAUUSD,H1,141,58,2021-02-05T17:10:40Z,2021-02-16T13:00:40Z,12.34000000,NEW_YORK_ONLY,NEUTRAL,TREND_DOWN,NORMAL
BOSS19_P5_SESSION_ATTRIBUTION_V1,2026-09-03T23:50:00Z,e54f1cfaf58df97acb8fb39c1e6e8bf4614f1ff3a7c9bcbc1b5acff762665dd6,H3-C02-BWD,BWD,2021,XAUUSD,H1,148,65,2021-02-22T06:11:40Z,2021-05-07T12:37:40Z,-15.16000000,ASIA,NEUTRAL,TRANSITION,NORMAL
BOSS19_P5_SESSION_ATTRIBUTION_V1,2026-09-03T23:50:00Z,e54f1cfaf58df97acb8fb39c1e6e8bf4614f1ff3a7c9bcbc1b5acff762665dd6,H3-C02-BWD,BWD,2021,XAUUSD,H1,149,64,2021-02-22T13:15:40Z,2021-05-07T12:37:40Z,-23.13000000,LONDON_NY_OVERLAP,NEUTRAL,RANGE,NORMAL
BOSS19_P5_SESSION_ATTRIBUTION_V1,2026-09-03T23:50:00Z,e54f1cfaf58df97acb8fb39c1e6e8bf4614f1ff3a7c9bcbc1b5acff762665dd6,H3-C02-BWD,BWD,2021,XAUUSD,H1,150,63,2021-02-22T15:30:20Z,2021-05-07T12:37:40Z,-62.22000000,LONDON_NY_OVERLAP,NEUTRAL,RANGE,NORMAL
BOSS19_P5_SESSION_ATTRIBUTION_V1,2026-09-03T23:50:00Z,e54f1cfaf58df97acb8fb39c1e6e8bf4614f1ff3a7c9bcbc1b5acff762665dd6,H3-C02-BWD,BWD,2021,XAUUSD,H1,154,67,2021-05-10T13:30:40Z,2021-05-19T13:38:40Z,26.88000000,LONDON_NY_OVERLAP,NEUTRAL,TREND_UP,NORMAL
BOSS19_P5_SESSION_ATTRIBUTION_V1,2026-09-03T23:50:00Z,e54f1cfaf58df97acb8fb39c1e6e8bf4614f1ff3a7c9bcbc1b5acff762665dd6,H3-C02-BWD,BWD,2021,XAUUSD,H1,158,73,2021-05-19T13:42:40Z,2022-02-24T03:09:40Z,-181.23000000,LONDON_NY_OVERLAP,NEUTRAL,RANGE,NORMAL
BOSS19_P5_SESSION_ATTRIBUTION_V1,2026-09-03T23:50:00Z,e54f1cfaf58df97acb8fb39c1e6e8bf4614f1ff3a7c9bcbc1b5acff762665dd6,H3-C02-BWD,BWD,2021,XAUUSD,H1,159,72,2021-05-25T14:03:40Z,2022-02-24T03:09:40Z,-183.28000000,LONDON_NY_OVERLAP,NEUTRAL,RANGE,LOW
BOSS19_P5_SESSION_ATTRIBUTION_V1,2026-09-03T23:50:00Z,e54f1cfaf58df97acb8fb39c1e6e8bf4614f1ff3a7c9bcbc1b5acff762665dd6,H3-C02-BWD,BWD,2021,XAUUSD,H1,160,71,2021-05-25T18:05:20Z,2022-02-24T03:09:40Z,-380.12000000,NEW_YORK_ONLY,NEUTRAL,RANGE,NORMAL
BOSS19_P5_SESSION_ATTRIBUTION_V1,2026-09-03T23:50:00Z,e54f1cfaf58df97acb8fb39c1e6e8bf4614f1ff3a7c9bcbc1b5acff762665dd6,H3-C02-BWD,BWD,2022,XAUUSD,H1,164,79,2022-02-24T04:10:40Z,2022-02-24T10:24:40Z,39.11000000,ASIA,STRESS,TREND_UP,NORMAL
BOSS19_P5_SESSION_ATTRIBUTION_V1,2026-09-03T23:50:00Z,e54f1cfaf58df97acb8fb39c1e6e8bf4614f1ff3a7c9bcbc1b5acff762665dd6,H3-C02-BWD,BWD,2022,XAUUSD,H1,165,78,2022-02-24T04:12:40Z,2022-02-24T10:24:40Z,32.89000000,ASIA,STRESS,TREND_UP,NORMAL
BOSS19_P5_SESSION_ATTRIBUTION_V1,2026-09-03T23:50:00Z,e54f1cfaf58df97acb8fb39c1e6e8bf4614f1ff3a7c9bcbc1b5acff762665dd6,H3-C02-BWD,BWD,2022,XAUUSD,H1,166,77,2022-02-24T04:15:40Z,2022-02-24T10:24:40Z,53.36000000,ASIA,STRESS,TREND_UP,NORMAL
BOSS19_P5_SESSION_ATTRIBUTION_V1,2026-09-03T23:50:00Z,e54f1cfaf58df97acb8fb39c1e6e8bf4614f1ff3a7c9bcbc1b5acff762665dd6,H3-C02-BWD,BWD,2022,XAUUSD,H1,173,81,2022-02-27T23:10:00Z,2022-02-27T23:14:40Z,8.11000000,OUTSIDE_DEFINED_SESSION,NEUTRAL,TREND_DOWN,EXTREME
BOSS19_P5_SESSION_ATTRIBUTION_V1,2026-09-03T23:50:00Z,e54f1cfaf58df97acb8fb39c1e6e8bf4614f1ff3a7c9bcbc1b5acff762665dd6,H3-C02-BWD,BWD,2022,XAUUSD,H1,177,87,2022-03-01T10:30:40Z,2022-03-04T19:40:00Z,44.93000000,LONDON,STRESS,TRANSITION,EXTREME
BOSS19_P5_SESSION_ATTRIBUTION_V1,2026-09-03T23:50:00Z,e54f1cfaf58df97acb8fb39c1e6e8bf4614f1ff3a7c9bcbc1b5acff762665dd6,H3-C02-BWD,BWD,2022,XAUUSD,H1,178,86,2022-03-01T15:45:40Z,2022-03-04T19:40:00Z,37.46000000,LONDON_NY_OVERLAP,STRESS,RANGE,EXTREME
BOSS19_P5_SESSION_ATTRIBUTION_V1,2026-09-03T23:50:00Z,e54f1cfaf58df97acb8fb39c1e6e8bf4614f1ff3a7c9bcbc1b5acff762665dd6,H3-C02-BWD,BWD,2022,XAUUSD,H1,179,85,2022-03-01T16:52:40Z,2022-03-04T19:40:00Z,59.98000000,NEW_YORK_ONLY,STRESS,RANGE,EXTREME
BOSS19_P5_SESSION_ATTRIBUTION_V1,2026-09-03T23:50:00Z,e54f1cfaf58df97acb8fb39c1e6e8bf4614f1ff3a7c9bcbc1b5acff762665dd6,H3-C02-BWD,BWD,2022,XAUUSD,H1,184,92,2022-03-06T23:13:00Z,2022-03-08T14:40:40Z,46.09000000,OUTSIDE_DEFINED_SESSION,STRESS,TREND_UP,EXTREME
BOSS19_P5_SESSION_ATTRIBUTION_V1,2026-09-03T23:50:00Z,e54f1cfaf58df97acb8fb39c1e6e8bf4614f1ff3a7c9bcbc1b5acff762665dd6,H3-C02-BWD,BWD,2022,XAUUSD,H1,183,93,2022-03-06T23:13:00Z,2022-03-08T14:40:40Z,53.96000000,OUTSIDE_DEFINED_SESSION,STRESS,TREND_UP,EXTREME
BOSS19_P5_SESSION_ATTRIBUTION_V1,2026-09-03T23:50:00Z,e54f1cfaf58df97acb8fb39c1e6e8bf4614f1ff3a7c9bcbc1b5acff762665dd6,H3-C02-BWD,BWD,2022,XAUUSD,H1,185,91,2022-03-07T01:03:40Z,2022-03-08T14:40:40Z,76.42000000,ASIA,STRESS,TREND_UP,EXTREME
BOSS19_P5_SESSION_ATTRIBUTION_V1,2026-09-03T23:50:00Z,e54f1cfaf58df97acb8fb39c1e6e8bf4614f1ff3a7c9bcbc1b5acff762665dd6,H3-C02-BWD,BWD,2022,XAUUSD,H1,189,99,2022-03-08T14:53:20Z,2022-09-23T09:51:40Z,-546.13000000,LONDON_NY_OVERLAP,STRESS,TREND_UP,EXTREME
BOSS19_P5_SESSION_ATTRIBUTION_V1,2026-09-03T23:50:00Z,e54f1cfaf58df97acb8fb39c1e6e8bf4614f1ff3a7c9bcbc1b5acff762665dd6,H3-C02-BWD,BWD,2022,XAUUSD,H1,190,98,2022-03-08T15:05:40Z,2022-09-23T09:51:40Z,-554.53000000,LONDON_NY_OVERLAP,STRESS,TREND_UP,EXTREME
BOSS19_P5_SESSION_ATTRIBUTION_V1,2026-09-03T23:50:00Z,e54f1cfaf58df97acb8fb39c1e6e8bf4614f1ff3a7c9bcbc1b5acff762665dd6,H3-C02-BWD,BWD,2022,XAUUSD,H1,191,97,2022-03-08T15:07:40Z,2022-09-23T09:51:40Z,-1125.88000000,LONDON_NY_OVERLAP,STRESS,TREND_UP,EXTREME
BOSS19_P5_SESSION_ATTRIBUTION_V1,2026-09-03T23:50:00Z,e54f1cfaf58df97acb8fb39c1e6e8bf4614f1ff3a7c9bcbc1b5acff762665dd6,H3-C02-MAIN,MAIN,2023,XAUUSD,H1,2,7,2023-01-03T02:40:40Z,2023-01-09T02:38:40Z,39.97000000,ASIA,RISK_OFF,TREND_UP,NORMAL
BOSS19_P5_SESSION_ATTRIBUTION_V1,2026-09-03T23:50:00Z,e54f1cfaf58df97acb8fb39c1e6e8bf4614f1ff3a7c9bcbc1b5acff762665dd6,H3-C02-MAIN,MAIN,2023,XAUUSD,H1,3,6,2023-01-03T03:08:40Z,2023-01-09T02:38:40Z,33.22000000,ASIA,RISK_OFF,TREND_UP,NORMAL
BOSS19_P5_SESSION_ATTRIBUTION_V1,2026-09-03T23:50:00Z,e54f1cfaf58df97acb8fb39c1e6e8bf4614f1ff3a7c9bcbc1b5acff762665dd6,H3-C02-MAIN,MAIN,2023,XAUUSD,H1,4,5,2023-01-03T07:28:40Z,2023-01-09T02:38:40Z,52.94000000,LONDON,RISK_OFF,TREND_UP,NORMAL
BOSS19_P5_SESSION_ATTRIBUTION_V1,2026-09-03T23:50:00Z,e54f1cfaf58df97acb8fb39c1e6e8bf4614f1ff3a7c9bcbc1b5acff762665dd6,H3-C02-MAIN,MAIN,2023,XAUUSD,H1,8,13,2023-01-11T08:50:40Z,2023-01-19T19:26:40Z,36.80000000,LONDON,RISK_OFF,TREND_UP,LOW
BOSS19_P5_SESSION_ATTRIBUTION_V1,2026-09-03T23:50:00Z,e54f1cfaf58df97acb8fb39c1e6e8bf4614f1ff3a7c9bcbc1b5acff762665dd6,H3-C02-MAIN,MAIN,2023,XAUUSD,H1,9,12,2023-01-12T13:34:40Z,2023-01-19T19:26:40Z,31.95000000,LONDON_NY_OVERLAP,RISK_OFF,RANGE,LOW
BOSS19_P5_SESSION_ATTRIBUTION_V1,2026-09-03T23:50:00Z,e54f1cfaf58df97acb8fb39c1e6e8bf4614f1ff3a7c9bcbc1b5acff762665dd6,H3-C02-MAIN,MAIN,2023,XAUUSD,H1,10,11,2023-01-12T13:54:40Z,2023-01-19T19:26:40Z,49.48000000,LONDON_NY_OVERLAP,RISK_OFF,RANGE,LOW
BOSS19_P5_SESSION_ATTRIBUTION_V1,2026-09-03T23:50:00Z,e54f1cfaf58df97acb8fb39c1e6e8bf4614f1ff3a7c9bcbc1b5acff762665dd6,H3-C02-MAIN,MAIN,2023,XAUUSD,H1,14,15,2023-01-20T08:09:40Z,2023-03-17T17:52:40Z,-7.52000000,LONDON,RISK_OFF,TREND_UP,NORMAL
BOSS19_P5_SESSION_ATTRIBUTION_V1,2026-09-03T23:50:00Z,e54f1cfaf58df97acb8fb39c1e6e8bf4614f1ff3a7c9bcbc1b5acff762665dd6,H3-C02-MAIN,MAIN,2023,XAUUSD,H1,18,21,2023-03-17T18:29:40Z,2023-04-13T12:30:40Z,34.84000000,NEW_YORK_ONLY,RISK_OFF,TREND_UP,EXTREME
BOSS19_P5_SESSION_ATTRIBUTION_V1,2026-09-03T23:50:00Z,e54f1cfaf58df97acb8fb39c1e6e8bf4614f1ff3a7c9bcbc1b5acff762665dd6,H3-C02-MAIN,MAIN,2023,XAUUSD,H1,19,20,2023-03-17T18:52:40Z,2023-04-13T12:30:40Z,27.57000000,NEW_YORK_ONLY,RISK_OFF,TREND_UP,EXTREME
BOSS19_P5_SESSION_ATTRIBUTION_V1,2026-09-03T23:50:00Z,e54f1cfaf58df97acb8fb39c1e6e8bf4614f1ff3a7c9bcbc1b5acff762665dd6,H3-C02-MAIN,MAIN,2023,XAUUSD,H1,20,19,2023-03-20T07:06:40Z,2023-04-13T12:30:40Z,42.16000000,LONDON,RISK_OFF,TREND_UP,EXTREME
BOSS19_P5_SESSION_ATTRIBUTION_V1,2026-09-03T23:50:00Z,e54f1cfaf58df97acb8fb39c1e6e8bf4614f1ff3a7c9bcbc1b5acff762665dd6,H3-C02-MAIN,MAIN,2023,XAUUSD,H1,24,25,2023-04-13T12:45:40Z,2023-12-03T23:15:40Z,-145.20000000,LONDON_NY_OVERLAP,NEUTRAL,TREND_UP,NORMAL
BOSS19_P5_SESSION_ATTRIBUTION_V1,2026-09-03T23:50:00Z,e54f1cfaf58df97acb8fb39c1e6e8bf4614f1ff3a7c9bcbc1b5acff762665dd6,H3-C02-MAIN,MAIN,2023,XAUUSD,H1,25,24,2023-04-13T14:00:40Z,2023-12-03T23:15:40Z,-154.53000000,LONDON_NY_OVERLAP,NEUTRAL,TREND_UP,NORMAL
BOSS19_P5_SESSION_ATTRIBUTION_V1,2026-09-03T23:50:00Z,e54f1cfaf58df97acb8fb39c1e6e8bf4614f1ff3a7c9bcbc1b5acff762665dd6,H3-C02-MAIN,MAIN,2023,XAUUSD,H1,30,30,2023-12-03T23:16:40Z,2023-12-03T23:27:40Z,49.35000000,OUTSIDE_DEFINED_SESSION,NEUTRAL,TREND_UP,HIGH
BOSS19_P5_SESSION_ATTRIBUTION_V1,2026-09-03T23:50:00Z,e54f1cfaf58df97acb8fb39c1e6e8bf4614f1ff3a7c9bcbc1b5acff762665dd6,H3-C02-MAIN,MAIN,2023,XAUUSD,H1,29,31,2023-12-03T23:16:40Z,2023-12-03T23:27:40Z,56.03000000,OUTSIDE_DEFINED_SESSION,NEUTRAL,TREND_UP,HIGH
BOSS19_P5_SESSION_ATTRIBUTION_V1,2026-09-03T23:50:00Z,e54f1cfaf58df97acb8fb39c1e6e8bf4614f1ff3a7c9bcbc1b5acff762665dd6,H3-C02-MAIN,MAIN,2023,XAUUSD,H1,31,29,2023-12-03T23:19:40Z,2023-12-03T23:27:40Z,85.34000000,OUTSIDE_DEFINED_SESSION,NEUTRAL,TREND_UP,HIGH
BOSS19_P5_SESSION_ATTRIBUTION_V1,2026-09-03T23:50:00Z,e54f1cfaf58df97acb8fb39c1e6e8bf4614f1ff3a7c9bcbc1b5acff762665dd6,H3-C02-MAIN,MAIN,2023,XAUUSD,H1,35,33,2023-12-03T23:33:40Z,2024-03-08T13:31:40Z,-37.25000000,OUTSIDE_DEFINED_SESSION,NEUTRAL,TREND_UP,HIGH
BOSS19_P5_SESSION_ATTRIBUTION_V1,2026-09-03T23:50:00Z,e54f1cfaf58df97acb8fb39c1e6e8bf4614f1ff3a7c9bcbc1b5acff762665dd6,H3-C02-MAIN,MAIN,2024,XAUUSD,H1,39,37,2024-03-08T17:05:40Z,2024-03-28T20:49:40Z,31.61000000,NEW_YORK_ONLY,NEUTRAL,TREND_UP,EXTREME
BOSS19_P5_SESSION_ATTRIBUTION_V1,2026-09-03T23:50:00Z,e54f1cfaf58df97acb8fb39c1e6e8bf4614f1ff3a7c9bcbc1b5acff762665dd6,H3-C02-MAIN,MAIN,2024,XAUUSD,H1,40,36,2024-03-08T17:19:40Z,2024-03-28T20:49:40Z,25.10000000,NEW_YORK_ONLY,NEUTRAL,TREND_UP,EXTREME
BOSS19_P5_SESSION_ATTRIBUTION_V1,2026-09-03T23:50:00Z,e54f1cfaf58df97acb8fb39c1e6e8bf4614f1ff3a7c9bcbc1b5acff762665dd6,H3-C02-MAIN,MAIN,2024,XAUUSD,H1,44,43,2024-03-31T22:05:00Z,2024-04-02T22:21:40Z,48.45000000,OUTSIDE_DEFINED_SESSION,NEUTRAL,TREND_UP,EXTREME
BOSS19_P5_SESSION_ATTRIBUTION_V1,2026-09-03T23:50:00Z,e54f1cfaf58df97acb8fb39c1e6e8bf4614f1ff3a7c9bcbc1b5acff762665dd6,H3-C02-MAIN,MAIN,2024,XAUUSD,H1,45,42,2024-03-31T23:43:40Z,2024-04-02T22:21:40Z,41.08000000,OUTSIDE_DEFINED_SESSION,NEUTRAL,TREND_UP,EXTREME
BOSS19_P5_SESSION_ATTRIBUTION_V1,2026-09-03T23:50:00Z,e54f1cfaf58df97acb8fb39c1e6e8bf4614f1ff3a7c9bcbc1b5acff762665dd6,H3-C02-MAIN,MAIN,2024,XAUUSD,H1,46,41,2024-04-01T00:31:40Z,2024-04-02T22:21:40Z,67.40000000,ASIA,RISK_ON,TREND_UP,EXTREME
BOSS19_P5_SESSION_ATTRIBUTION_V1,2026-09-03T23:50:00Z,e54f1cfaf58df97acb8fb39c1e6e8bf4614f1ff3a7c9bcbc1b5acff762665dd6,H3-C02-MAIN,MAIN,2024,XAUUSD,H1,50,49,2024-04-03T16:31:40Z,2024-04-08T02:38:40Z,51.37000000,NEW_YORK_ONLY,NEUTRAL,TREND_UP,EXTREME
BOSS19_P5_SESSION_ATTRIBUTION_V1,2026-09-03T23:50:00Z,e54f1cfaf58df97acb8fb39c1e6e8bf4614f1ff3a7c9bcbc1b5acff762665dd6,H3-C02-MAIN,MAIN,2024,XAUUSD,H1,51,48,2024-04-03T22:27:40Z,2024-04-08T02:38:40Z,45.67000000,OUTSIDE_DEFINED_SESSION,NEUTRAL,TREND_UP,EXTREME
BOSS19_P5_SESSION_ATTRIBUTION_V1,2026-09-03T23:50:00Z,e54f1cfaf58df97acb8fb39c1e6e8bf4614f1ff3a7c9bcbc1b5acff762665dd6,H3-C02-MAIN,MAIN,2024,XAUUSD,H1,52,47,2024-04-05T14:26:40Z,2024-04-08T02:38:40Z,76.78000000,LONDON_NY_OVERLAP,NEUTRAL,RANGE,EXTREME
BOSS19_P5_SESSION_ATTRIBUTION_V1,2026-09-03T23:50:00Z,e54f1cfaf58df97acb8fb39c1e6e8bf4614f1ff3a7c9bcbc1b5acff762665dd6,H3-C02-MAIN,MAIN,2024,XAUUSD,H1,56,51,2024-04-09T08:33:40Z,2024-04-12T14:03:40Z,46.77000000,LONDON,NEUTRAL,TREND_UP,EXTREME
BOSS19_P5_SESSION_ATTRIBUTION_V1,2026-09-03T23:50:00Z,e54f1cfaf58df97acb8fb39c1e6e8bf4614f1ff3a7c9bcbc1b5acff762665dd6,H3-C02-MAIN,MAIN,2024,XAUUSD,H1,60,55,2024-04-12T14:14:40Z,2024-07-16T19:58:40Z,-20.54000000,LONDON_NY_OVERLAP,RISK_ON,TREND_UP,EXTREME
BOSS19_P5_SESSION_ATTRIBUTION_V1,2026-09-03T23:50:00Z,e54f1cfaf58df97acb8fb39c1e6e8bf4614f1ff3a7c9bcbc1b5acff762665dd6,H3-C02-MAIN,MAIN,2024,XAUUSD,H1,61,54,2024-04-12T14:55:40Z,2024-07-16T19:58:40Z,-30.53000000,LONDON_NY_OVERLAP,RISK_ON,TREND_UP,EXTREME
BOSS19_P5_SESSION_ATTRIBUTION_V1,2026-09-03T23:50:00Z,e54f1cfaf58df97acb8fb39c1e6e8bf4614f1ff3a7c9bcbc1b5acff762665dd6,H3-C02-MAIN,MAIN,2024,XAUUSD,H1,65,57,2024-07-17T01:24:40Z,2024-09-12T12:41:40Z,6.37000000,ASIA,NEUTRAL,TREND_UP,NORMAL
BOSS19_P5_SESSION_ATTRIBUTION_V1,2026-09-03T23:50:00Z,e54f1cfaf58df97acb8fb39c1e6e8bf4614f1ff3a7c9bcbc1b5acff762665dd6,H3-C02-MAIN,MAIN,2024,XAUUSD,H1,69,63,2024-09-12T13:09:40Z,2024-09-18T18:23:40Z,56.90000000,LONDON_NY_OVERLAP,RISK_OFF,RANGE,NORMAL
BOSS19_P5_SESSION_ATTRIBUTION_V1,2026-09-03T23:50:00Z,e54f1cfaf58df97acb8fb39c1e6e8bf4614f1ff3a7c9bcbc1b5acff762665dd6,H3-C02-MAIN,MAIN,2024,XAUUSD,H1,70,62,2024-09-12T13:42:40Z,2024-09-18T18:23:40Z,46.42000000,LONDON_NY_OVERLAP,RISK_OFF,RANGE,NORMAL
BOSS19_P5_SESSION_ATTRIBUTION_V1,2026-09-03T23:50:00Z,e54f1cfaf58df97acb8fb39c1e6e8bf4614f1ff3a7c9bcbc1b5acff762665dd6,H3-C02-MAIN,MAIN,2024,XAUUSD,H1,71,61,2024-09-12T18:55:40Z,2024-09-18T18:23:40Z,71.90000000,NEW_YORK_ONLY,RISK_OFF,TREND_UP,NORMAL
BOSS19_P5_SESSION_ATTRIBUTION_V1,2026-09-03T23:50:00Z,e54f1cfaf58df97acb8fb39c1e6e8bf4614f1ff3a7c9bcbc1b5acff762665dd6,H3-C02-MAIN,MAIN,2024,XAUUSD,H1,99,65,2024-09-19T08:55:40Z,2024-09-19T12:49:40Z,10.91000000,LONDON,NEUTRAL,RANGE,NORMAL
BOSS19_P5_SESSION_ATTRIBUTION_V1,2026-09-03T23:50:00Z,e54f1cfaf58df97acb8fb39c1e6e8bf4614f1ff3a7c9bcbc1b5acff762665dd6,H3-C02-MAIN,MAIN,2024,XAUUSD,H1,103,71,2024-09-19T15:46:40Z,2024-09-24T14:51:40Z,57.35000000,LONDON_NY_OVERLAP,NEUTRAL,RANGE,HIGH
BOSS19_P5_SESSION_ATTRIBUTION_V1,2026-09-03T23:50:00Z,e54f1cfaf58df97acb8fb39c1e6e8bf4614f1ff3a7c9bcbc1b5acff762665dd6,H3-C02-MAIN,MAIN,2024,XAUUSD,H1,104,70,2024-09-20T06:01:40Z,2024-09-24T14:51:40Z,48.52000000,ASIA,NEUTRAL,TREND_UP,NORMAL
BOSS19_P5_SESSION_ATTRIBUTION_V1,2026-09-03T23:50:00Z,e54f1cfaf58df97acb8fb39c1e6e8bf4614f1ff3a7c9bcbc1b5acff762665dd6,H3-C02-MAIN,MAIN,2024,XAUUSD,H1,105,69,2024-09-20T06:50:40Z,2024-09-24T14:51:40Z,77.80000000,ASIA,NEUTRAL,TREND_UP,NORMAL
BOSS19_P5_SESSION_ATTRIBUTION_V1,2026-09-03T23:50:00Z,e54f1cfaf58df97acb8fb39c1e6e8bf4614f1ff3a7c9bcbc1b5acff762665dd6,H3-C02-MAIN,MAIN,2024,XAUUSD,H1,109,77,2024-09-24T16:44:40Z,2024-10-18T05:45:40Z,38.60000000,NEW_YORK_ONLY,NEUTRAL,TREND_UP,NORMAL
BOSS19_P5_SESSION_ATTRIBUTION_V1,2026-09-03T23:50:00Z,e54f1cfaf58df97acb8fb39c1e6e8bf4614f1ff3a7c9bcbc1b5acff762665dd6,H3-C02-MAIN,MAIN,2024,XAUUSD,H1,110,76,2024-09-24T19:43:20Z,2024-10-18T05:45:40Z,29.08000000,NEW_YORK_ONLY,NEUTRAL,TREND_UP,NORMAL
BOSS19_P5_SESSION_ATTRIBUTION_V1,2026-09-03T23:50:00Z,e54f1cfaf58df97acb8fb39c1e6e8bf4614f1ff3a7c9bcbc1b5acff762665dd6,H3-C02-MAIN,MAIN,2024,XAUUSD,H1,111,75,2024-09-26T10:20:40Z,2024-10-18T05:45:40Z,45.46000000,LONDON,NEUTRAL,TREND_UP,NORMAL
BOSS19_P5_SESSION_ATTRIBUTION_V1,2026-09-03T23:50:00Z,e54f1cfaf58df97acb8fb39c1e6e8bf4614f1ff3a7c9bcbc1b5acff762665dd6,H3-C02-MAIN,MAIN,2024,XAUUSD,H1,115,83,2024-10-20T22:05:20Z,2024-10-30T05:34:40Z,53.15000000,OUTSIDE_DEFINED_SESSION,NEUTRAL,TREND_UP,NORMAL
BOSS19_P5_SESSION_ATTRIBUTION_V1,2026-09-03T23:50:00Z,e54f1cfaf58df97acb8fb39c1e6e8bf4614f1ff3a7c9bcbc1b5acff762665dd6,H3-C02-MAIN,MAIN,2024,XAUUSD,H1,116,82,2024-10-21T03:37:40Z,2024-10-30T05:34:40Z,43.72000000,ASIA,NEUTRAL,TREND_UP,NORMAL
BOSS19_P5_SESSION_ATTRIBUTION_V1,2026-09-03T23:50:00Z,e54f1cfaf58df97acb8fb39c1e6e8bf4614f1ff3a7c9bcbc1b5acff762665dd6,H3-C02-MAIN,MAIN,2024,XAUUSD,H1,117,81,2024-10-22T13:46:40Z,2024-10-30T05:34:40Z,70.14000000,LONDON_NY_OVERLAP,NEUTRAL,TREND_UP,NORMAL
BOSS19_P5_SESSION_ATTRIBUTION_V1,2026-09-03T23:50:00Z,e54f1cfaf58df97acb8fb39c1e6e8bf4614f1ff3a7c9bcbc1b5acff762665dd6,H3-C02-MAIN,MAIN,2024,XAUUSD,H1,124,87,2024-10-31T18:33:40Z,2024-11-01T17:40:40Z,10.45000000,NEW_YORK_ONLY,NEUTRAL,TRANSITION,NORMAL
BOSS19_P5_SESSION_ATTRIBUTION_V1,2026-09-03T23:50:00Z,e54f1cfaf58df97acb8fb39c1e6e8bf4614f1ff3a7c9bcbc1b5acff762665dd6,H3-C02-MAIN,MAIN,2024,XAUUSD,H1,125,86,2024-11-01T05:58:40Z,2024-11-01T10:36:40Z,9.62000000,ASIA,NEUTRAL,TREND_DOWN,NORMAL
BOSS19_P5_SESSION_ATTRIBUTION_V1,2026-09-03T23:50:00Z,e54f1cfaf58df97acb8fb39c1e6e8bf4614f1ff3a7c9bcbc1b5acff762665dd6,H3-C02-MAIN,MAIN,2024,XAUUSD,H1,144,93,2024-11-18T13:39:40Z,2024-11-21T11:16:40Z,65.95000000,LONDON_NY_OVERLAP,NEUTRAL,RANGE,NORMAL
BOSS19_P5_SESSION_ATTRIBUTION_V1,2026-09-03T23:50:00Z,e54f1cfaf58df97acb8fb39c1e6e8bf4614f1ff3a7c9bcbc1b5acff762665dd6,H3-C02-MAIN,MAIN,2024,XAUUSD,H1,145,92,2024-11-18T16:00:40Z,2024-11-21T11:16:40Z,55.11000000,NEW_YORK_ONLY,NEUTRAL,RANGE,NORMAL
BOSS19_P5_SESSION_ATTRIBUTION_V1,2026-09-03T23:50:00Z,e54f1cfaf58df97acb8fb39c1e6e8bf4614f1ff3a7c9bcbc1b5acff762665dd6,H3-C02-MAIN,MAIN,2024,XAUUSD,H1,146,91,2024-11-19T03:05:40Z,2024-11-21T11:16:40Z,90.14000000,ASIA,RISK_OFF,TREND_UP,NORMAL
BOSS19_P5_SESSION_ATTRIBUTION_V1,2026-09-03T23:50:00Z,e54f1cfaf58df97acb8fb39c1e6e8bf4614f1ff3a7c9bcbc1b5acff762665dd6,H3-C02-MAIN,MAIN,2024,XAUUSD,H1,150,99,2024-11-22T02:37:40Z,2025-01-22T00:51:20Z,17.34000000,ASIA,NEUTRAL,TREND_UP,NORMAL
BOSS19_P5_SESSION_ATTRIBUTION_V1,2026-09-03T23:50:00Z,e54f1cfaf58df97acb8fb39c1e6e8bf4614f1ff3a7c9bcbc1b5acff762665dd6,H3-C02-MAIN,MAIN,2024,XAUUSD,H1,151,98,2024-11-22T07:40:40Z,2025-01-22T00:51:20Z,6.21000000,LONDON,NEUTRAL,TREND_UP,NORMAL
BOSS19_P5_SESSION_ATTRIBUTION_V1,2026-09-03T23:50:00Z,e54f1cfaf58df97acb8fb39c1e6e8bf4614f1ff3a7c9bcbc1b5acff762665dd6,H3-C02-MAIN,MAIN,2024,XAUUSD,H1,152,97,2024-11-22T09:41:40Z,2025-01-22T00:51:20Z,-9.82000000,LONDON,NEUTRAL,TREND_UP,NORMAL
BOSS19_P5_SESSION_ATTRIBUTION_V1,2026-09-03T23:50:00Z,e54f1cfaf58df97acb8fb39c1e6e8bf4614f1ff3a7c9bcbc1b5acff762665dd6,H3-C02-MAIN,MAIN,2025,XAUUSD,H1,156,105,2025-01-22T05:52:40Z,2025-01-31T15:12:40Z,50.69000000,ASIA,RISK_OFF,TREND_UP,LOW
BOSS19_P5_SESSION_ATTRIBUTION_V1,2026-09-03T23:50:00Z,e54f1cfaf58df97acb8fb39c1e6e8bf4614f1ff3a7c9bcbc1b5acff762665dd6,H3-C02-MAIN,MAIN,2025,XAUUSD,H1,157,104,2025-01-24T02:10:20Z,2025-01-31T15:12:40Z,43.90000000,ASIA,RISK_OFF,RANGE,LOW
BOSS19_P5_SESSION_ATTRIBUTION_V1,2026-09-03T23:50:00Z,e54f1cfaf58df97acb8fb39c1e6e8bf4614f1ff3a7c9bcbc1b5acff762665dd6,H3-C02-MAIN,MAIN,2025,XAUUSD,H1,158,103,2025-01-24T03:04:40Z,2025-01-31T15:12:40Z,67.92000000,ASIA,RISK_OFF,RANGE,LOW
BOSS19_P5_SESSION_ATTRIBUTION_V1,2026-09-03T23:50:00Z,e54f1cfaf58df97acb8fb39c1e6e8bf4614f1ff3a7c9bcbc1b5acff762665dd6,H3-C02-MAIN,MAIN,2025,XAUUSD,H1,162,111,2025-02-03T14:50:40Z,2025-02-07T15:33:40Z,54.59000000,LONDON_NY_OVERLAP,RISK_OFF,RANGE,NORMAL
BOSS19_P5_SESSION_ATTRIBUTION_V1,2026-09-03T23:50:00Z,e54f1cfaf58df97acb8fb39c1e6e8bf4614f1ff3a7c9bcbc1b5acff762665dd6,H3-C02-MAIN,MAIN,2025,XAUUSD,H1,163,110,2025-02-04T13:30:40Z,2025-02-07T15:33:40Z,46.09000000,LONDON_NY_OVERLAP,RISK_OFF,TREND_UP,NORMAL
BOSS19_P5_SESSION_ATTRIBUTION_V1,2026-09-03T23:50:00Z,e54f1cfaf58df97acb8fb39c1e6e8bf4614f1ff3a7c9bcbc1b5acff762665dd6,H3-C02-MAIN,MAIN,2025,XAUUSD,H1,164,109,2025-02-04T15:33:40Z,2025-02-07T15:33:40Z,73.58000000,LONDON_NY_OVERLAP,RISK_OFF,TREND_UP,NORMAL
BOSS19_P5_SESSION_ATTRIBUTION_V1,2026-09-03T23:50:00Z,e54f1cfaf58df97acb8fb39c1e6e8bf4614f1ff3a7c9bcbc1b5acff762665dd6,H3-C02-MAIN,MAIN,2025,XAUUSD,H1,168,117,2025-02-10T07:31:40Z,2025-03-13T14:49:40Z,48.93000000,LONDON,NEUTRAL,RANGE,NORMAL
BOSS19_P5_SESSION_ATTRIBUTION_V1,2026-09-03T23:50:00Z,e54f1cfaf58df97acb8fb39c1e6e8bf4614f1ff3a7c9bcbc1b5acff762665dd6,H3-C02-MAIN,MAIN,2025,XAUUSD,H1,169,116,2025-02-10T10:04:20Z,2025-03-13T14:49:40Z,39.49000000,LONDON,NEUTRAL,TREND_UP,NORMAL
BOSS19_P5_SESSION_ATTRIBUTION_V1,2026-09-03T23:50:00Z,e54f1cfaf58df97acb8fb39c1e6e8bf4614f1ff3a7c9bcbc1b5acff762665dd6,H3-C02-MAIN,MAIN,2025,XAUUSD,H1,170,115,2025-02-10T23:33:40Z,2025-03-13T14:49:40Z,61.66000000,OUTSIDE_DEFINED_SESSION,NEUTRAL,TREND_UP,NORMAL
BOSS19_P5_SESSION_ATTRIBUTION_V1,2026-09-03T23:50:00Z,e54f1cfaf58df97acb8fb39c1e6e8bf4614f1ff3a7c9bcbc1b5acff762665dd6,H3-C02-MAIN,MAIN,2025,XAUUSD,H1,174,123,2025-03-13T16:32:40Z,2025-03-27T10:30:40Z,61.68000000,NEW_YORK_ONLY,RISK_OFF,TREND_UP,NORMAL
BOSS19_P5_SESSION_ATTRIBUTION_V1,2026-09-03T23:50:00Z,e54f1cfaf58df97acb8fb39c1e6e8bf4614f1ff3a7c9bcbc1b5acff762665dd6,H3-C02-MAIN,MAIN,2025,XAUUSD,H1,175,122,2025-03-14T09:09:40Z,2025-03-27T10:30:40Z,50.05000000,LONDON,RISK_OFF,TREND_UP,NORMAL
BOSS19_P5_SESSION_ATTRIBUTION_V1,2026-09-03T23:50:00Z,e54f1cfaf58df97acb8fb39c1e6e8bf4614f1ff3a7c9bcbc1b5acff762665dd6,H3-C02-MAIN,MAIN,2025,XAUUSD,H1,176,121,2025-03-18T01:56:40Z,2025-03-27T10:30:40Z,78.42000000,ASIA,RISK_OFF,TREND_UP,LOW
BOSS19_P5_SESSION_ATTRIBUTION_V1,2026-09-03T23:50:00Z,e54f1cfaf58df97acb8fb39c1e6e8bf4614f1ff3a7c9bcbc1b5acff762665dd6,H3-C02-MAIN,MAIN,2025,XAUUSD,H1,180,129,2025-03-28T01:14:40Z,2025-04-01T01:47:40Z,71.26000000,ASIA,NEUTRAL,TREND_UP,NORMAL
BOSS19_P5_SESSION_ATTRIBUTION_V1,2026-09-03T23:50:00Z,e54f1cfaf58df97acb8fb39c1e6e8bf4614f1ff3a7c9bcbc1b5acff762665dd6,H3-C02-MAIN,MAIN,2025,XAUUSD,H1,181,128,2025-03-28T02:07:40Z,2025-04-01T01:47:40Z,59.90000000,ASIA,NEUTRAL,TREND_UP,NORMAL
BOSS19_P5_SESSION_ATTRIBUTION_V1,2026-09-03T23:50:00Z,e54f1cfaf58df97acb8fb39c1e6e8bf4614f1ff3a7c9bcbc1b5acff762665dd6,H3-C02-MAIN,MAIN,2025,XAUUSD,H1,182,127,2025-03-30T22:05:00Z,2025-04-01T01:47:40Z,98.68000000,OUTSIDE_DEFINED_SESSION,RISK_OFF,TREND_UP,NORMAL
BOSS19_P5_SESSION_ATTRIBUTION_V1,2026-09-03T23:50:00Z,e54f1cfaf58df97acb8fb39c1e6e8bf4614f1ff3a7c9bcbc1b5acff762665dd6,H3-C02-MAIN,MAIN,2025,XAUUSD,H1,186,133,2025-04-01T05:38:20Z,2025-04-11T10:11:40Z,73.26000000,ASIA,RISK_OFF,TREND_UP,NORMAL
BOSS19_P5_SESSION_ATTRIBUTION_V1,2026-09-03T23:50:00Z,e54f1cfaf58df97acb8fb39c1e6e8bf4614f1ff3a7c9bcbc1b5acff762665dd6,H3-C02-MAIN,MAIN,2025,XAUUSD,H1,187,132,2025-04-02T23:40:40Z,2025-04-11T10:11:40Z,65.01000000,OUTSIDE_DEFINED_SESSION,RISK_OFF,RANGE,EXTREME
BOSS19_P5_SESSION_ATTRIBUTION_V1,2026-09-03T23:50:00Z,e54f1cfaf58df97acb8fb39c1e6e8bf4614f1ff3a7c9bcbc1b5acff762665dd6,H3-C02-MAIN,MAIN,2025,XAUUSD,H1,191,139,2025-04-11T16:08:20Z,2025-04-16T18:55:20Z,92.91000000,NEW_YORK_ONLY,STRESS,TREND_UP,EXTREME
BOSS19_P5_SESSION_ATTRIBUTION_V1,2026-09-03T23:50:00Z,e54f1cfaf58df97acb8fb39c1e6e8bf4614f1ff3a7c9bcbc1b5acff762665dd6,H3-C02-MAIN,MAIN,2025,XAUUSD,H1,192,138,2025-04-16T00:02:40Z,2025-04-16T18:55:20Z,80.12000000,ASIA,STRESS,RANGE,HIGH
BOSS19_P5_SESSION_ATTRIBUTION_V1,2026-09-03T23:50:00Z,e54f1cfaf58df97acb8fb39c1e6e8bf4614f1ff3a7c9bcbc1b5acff762665dd6,H3-C02-MAIN,MAIN,2025,XAUUSD,H1,193,137,2025-04-16T03:28:40Z,2025-04-16T18:55:20Z,129.94000000,ASIA,STRESS,TREND_UP,HIGH
BOSS19_P5_SESSION_ATTRIBUTION_V1,2026-09-03T23:50:00Z,e54f1cfaf58df97acb8fb39c1e6e8bf4614f1ff3a7c9bcbc1b5acff762665dd6,H3-C02-MAIN,MAIN,2025,XAUUSD,H1,197,145,2025-04-16T22:11:40Z,2025-04-22T02:34:40Z,105.28000000,OUTSIDE_DEFINED_SESSION,STRESS,TREND_UP,HIGH
BOSS19_P5_SESSION_ATTRIBUTION_V1,2026-09-03T23:50:00Z,e54f1cfaf58df97acb8fb39c1e6e8bf4614f1ff3a7c9bcbc1b5acff762665dd6,H3-C02-MAIN,MAIN,2025,XAUUSD,H1,198,144,2025-04-21T00:44:40Z,2025-04-22T02:34:40Z,91.62000000,ASIA,RISK_OFF,TREND_UP,EXTREME
BOSS19_P5_SESSION_ATTRIBUTION_V1,2026-09-03T23:50:00Z,e54f1cfaf58df97acb8fb39c1e6e8bf4614f1ff3a7c9bcbc1b5acff762665dd6,H3-C02-MAIN,MAIN,2025,XAUUSD,H1,199,143,2025-04-21T03:00:20Z,2025-04-22T02:34:40Z,152.74000000,ASIA,RISK_OFF,TREND_UP,HIGH
BOSS19_P5_SESSION_ATTRIBUTION_V1,2026-09-03T23:50:00Z,e54f1cfaf58df97acb8fb39c1e6e8bf4614f1ff3a7c9bcbc1b5acff762665dd6,H3-C02-MAIN,MAIN,2025,XAUUSD,H1,203,149,2025-04-22T03:03:40Z,2025-09-03T11:33:40Z,-34.76000000,ASIA,STRESS,TREND_UP,EXTREME
BOSS19_P5_SESSION_ATTRIBUTION_V1,2026-09-03T23:50:00Z,e54f1cfaf58df97acb8fb39c1e6e8bf4614f1ff3a7c9bcbc1b5acff762665dd6,H3-C02-MAIN,MAIN,2025,XAUUSD,H1,204,148,2025-04-22T03:40:40Z,2025-09-03T11:33:40Z,-51.94000000,ASIA,STRESS,TREND_UP,EXTREME
BOSS19_P5_SESSION_ATTRIBUTION_V1,2026-09-03T23:50:00Z,e54f1cfaf58df97acb8fb39c1e6e8bf4614f1ff3a7c9bcbc1b5acff762665dd6,H3-C02-MAIN,MAIN,2025,XAUUSD,H1,208,155,2025-09-03T13:28:40Z,2025-09-08T14:55:40Z,74.89000000,LONDON_NY_OVERLAP,NEUTRAL,TREND_UP,NORMAL
BOSS19_P5_SESSION_ATTRIBUTION_V1,2026-09-03T23:50:00Z,e54f1cfaf58df97acb8fb39c1e6e8bf4614f1ff3a7c9bcbc1b5acff762665dd6,H3-C02-MAIN,MAIN,2025,XAUUSD,H1,209,154,2025-09-03T17:00:40Z,2025-09-08T14:55:40Z,62.45000000,NEW_YORK_ONLY,NEUTRAL,TREND_UP,NORMAL
BOSS19_P5_SESSION_ATTRIBUTION_V1,2026-09-03T23:50:00Z,e54f1cfaf58df97acb8fb39c1e6e8bf4614f1ff3a7c9bcbc1b5acff762665dd6,H3-C02-MAIN,MAIN,2025,XAUUSD,H1,210,153,2025-09-05T12:39:40Z,2025-09-08T14:55:40Z,106.34000000,LONDON_NY_OVERLAP,NEUTRAL,RANGE,NORMAL
BOSS19_P5_SESSION_ATTRIBUTION_V1,2026-09-03T23:50:00Z,e54f1cfaf58df97acb8fb39c1e6e8bf4614f1ff3a7c9bcbc1b5acff762665dd6,H3-C02-MAIN,MAIN,2025,XAUUSD,H1,214,159,2025-09-09T02:09:40Z,2025-09-22T09:18:40Z,60.75000000,ASIA,NEUTRAL,TREND_UP,NORMAL
BOSS19_P5_SESSION_ATTRIBUTION_V1,2026-09-03T23:50:00Z,e54f1cfaf58df97acb8fb39c1e6e8bf4614f1ff3a7c9bcbc1b5acff762665dd6,H3-C02-MAIN,MAIN,2025,XAUUSD,H1,215,158,2025-09-09T13:35:40Z,2025-09-22T09:18:40Z,48.16000000,LONDON_NY_OVERLAP,NEUTRAL,TREND_UP,NORMAL
BOSS19_P5_SESSION_ATTRIBUTION_V1,2026-09-03T23:50:00Z,e54f1cfaf58df97acb8fb39c1e6e8bf4614f1ff3a7c9bcbc1b5acff762665dd6,H3-C02-MAIN,MAIN,2025,XAUUSD,H1,219,165,2025-09-22T15:51:20Z,2025-09-29T11:15:40Z,80.13000000,LONDON_NY_OVERLAP,NEUTRAL,TREND_UP,NORMAL
BOSS19_P5_SESSION_ATTRIBUTION_V1,2026-09-03T23:50:00Z,e54f1cfaf58df97acb8fb39c1e6e8bf4614f1ff3a7c9bcbc1b5acff762665dd6,H3-C02-MAIN,MAIN,2025,XAUUSD,H1,220,164,2025-09-22T19:01:40Z,2025-09-29T11:15:40Z,67.27000000,NEW_YORK_ONLY,NEUTRAL,TREND_UP,NORMAL
BOSS19_P5_SESSION_ATTRIBUTION_V1,2026-09-03T23:50:00Z,e54f1cfaf58df97acb8fb39c1e6e8bf4614f1ff3a7c9bcbc1b5acff762665dd6,H3-C02-MAIN,MAIN,2025,XAUUSD,H1,221,163,2025-09-23T08:31:40Z,2025-09-29T11:15:40Z,110.40000000,LONDON,NEUTRAL,TREND_UP,NORMAL
BOSS19_P5_SESSION_ATTRIBUTION_V1,2026-09-03T23:50:00Z,e54f1cfaf58df97acb8fb39c1e6e8bf4614f1ff3a7c9bcbc1b5acff762665dd6,H3-C02-MAIN,MAIN,2025,XAUUSD,H1,225,171,2025-09-30T00:04:40Z,2025-10-06T03:43:40Z,88.27000000,ASIA,NEUTRAL,TREND_UP,NORMAL
BOSS19_P5_SESSION_ATTRIBUTION_V1,2026-09-03T23:50:00Z,e54f1cfaf58df97acb8fb39c1e6e8bf4614f1ff3a7c9bcbc1b5acff762665dd6,H3-C02-MAIN,MAIN,2025,XAUUSD,H1,226,170,2025-09-30T01:36:40Z,2025-10-06T03:43:40Z,74.49000000,ASIA,NEUTRAL,TREND_UP,NORMAL
BOSS19_P5_SESSION_ATTRIBUTION_V1,2026-09-03T23:50:00Z,e54f1cfaf58df97acb8fb39c1e6e8bf4614f1ff3a7c9bcbc1b5acff762665dd6,H3-C02-MAIN,MAIN,2025,XAUUSD,H1,227,169,2025-09-30T03:42:40Z,2025-10-06T03:43:40Z,121.40000000,ASIA,NEUTRAL,TREND_UP,NORMAL
BOSS19_P5_SESSION_ATTRIBUTION_V1,2026-09-03T23:50:00Z,e54f1cfaf58df97acb8fb39c1e6e8bf4614f1ff3a7c9bcbc1b5acff762665dd6,H3-C02-MAIN,MAIN,2025,XAUUSD,H1,231,177,2025-10-06T05:07:40Z,2025-10-08T09:46:40Z,100.17000000,ASIA,NEUTRAL,TREND_UP,NORMAL
BOSS19_P5_SESSION_ATTRIBUTION_V1,2026-09-03T23:50:00Z,e54f1cfaf58df97acb8fb39c1e6e8bf4614f1ff3a7c9bcbc1b5acff762665dd6,H3-C02-MAIN,MAIN,2025,XAUUSD,H1,232,176,2025-10-06T14:43:20Z,2025-10-08T09:46:40Z,85.02000000,LONDON_NY_OVERLAP,NEUTRAL,TREND_UP,NORMAL
BOSS19_P5_SESSION_ATTRIBUTION_V1,2026-09-03T23:50:00Z,e54f1cfaf58df97acb8fb39c1e6e8bf4614f1ff3a7c9bcbc1b5acff762665dd6,H3-C02-MAIN,MAIN,2025,XAUUSD,H1,233,175,2025-10-06T22:25:40Z,2025-10-08T09:46:40Z,141.30000000,OUTSIDE_DEFINED_SESSION,NEUTRAL,TREND_UP,NORMAL
BOSS19_P5_SESSION_ATTRIBUTION_V1,2026-09-03T23:50:00Z,e54f1cfaf58df97acb8fb39c1e6e8bf4614f1ff3a7c9bcbc1b5acff762665dd6,H3-C02-MAIN,MAIN,2025,XAUUSD,H1,246,179,2025-10-09T19:27:40Z,2025-10-13T05:09:40Z,88.60000000,NEW_YORK_ONLY,NEUTRAL,RANGE,HIGH
BOSS19_P5_SESSION_ATTRIBUTION_V1,2026-09-03T23:50:00Z,e54f1cfaf58df97acb8fb39c1e6e8bf4614f1ff3a7c9bcbc1b5acff762665dd6,H3-C02-MAIN,MAIN,2025,XAUUSD,H1,250,185,2025-10-13T10:51:40Z,2025-10-15T06:46:40Z,111.65000000,LONDON,NEUTRAL,TREND_UP,HIGH
BOSS19_P5_SESSION_ATTRIBUTION_V1,2026-09-03T23:50:00Z,e54f1cfaf58df97acb8fb39c1e6e8bf4614f1ff3a7c9bcbc1b5acff762665dd6,H3-C02-MAIN,MAIN,2025,XAUUSD,H1,251,184,2025-10-13T14:52:40Z,2025-10-15T06:46:40Z,94.20000000,LONDON_NY_OVERLAP,NEUTRAL,TREND_UP,HIGH
BOSS19_P5_SESSION_ATTRIBUTION_V1,2026-09-03T23:50:00Z,e54f1cfaf58df97acb8fb39c1e6e8bf4614f1ff3a7c9bcbc1b5acff762665dd6,H3-C02-MAIN,MAIN,2025,XAUUSD,H1,252,183,2025-10-13T23:33:40Z,2025-10-15T06:46:40Z,155.10000000,OUTSIDE_DEFINED_SESSION,NEUTRAL,TREND_UP,HIGH
BOSS19_P5_SESSION_ATTRIBUTION_V1,2026-09-03T23:50:00Z,e54f1cfaf58df97acb8fb39c1e6e8bf4614f1ff3a7c9bcbc1b5acff762665dd6,H3-C02-MAIN,MAIN,2025,XAUUSD,H1,256,191,2025-10-15T08:09:40Z,2025-10-16T20:54:40Z,113.78000000,LONDON,NEUTRAL,TREND_UP,HIGH
BOSS19_P5_SESSION_ATTRIBUTION_V1,2026-09-03T23:50:00Z,e54f1cfaf58df97acb8fb39c1e6e8bf4614f1ff3a7c9bcbc1b5acff762665dd6,H3-C02-MAIN,MAIN,2025,XAUUSD,H1,257,190,2025-10-16T01:42:40Z,2025-10-16T20:54:40Z,97.93000000,ASIA,NEUTRAL,TREND_UP,HIGH
BOSS19_P5_SESSION_ATTRIBUTION_V1,2026-09-03T23:50:00Z,e54f1cfaf58df97acb8fb39c1e6e8bf4614f1ff3a7c9bcbc1b5acff762665dd6,H3-C02-MAIN,MAIN,2025,XAUUSD,H1,258,189,2025-10-16T12:37:40Z,2025-10-16T20:54:40Z,159.44000000,LONDON_NY_OVERLAP,NEUTRAL,TREND_UP,HIGH
BOSS19_P5_SESSION_ATTRIBUTION_V1,2026-09-03T23:50:00Z,e54f1cfaf58df97acb8fb39c1e6e8bf4614f1ff3a7c9bcbc1b5acff762665dd6,H3-C02-MAIN,MAIN,2025,XAUUSD,H1,262,195,2025-10-16T22:08:40Z,2025-12-23T00:07:40Z,66.62000000,OUTSIDE_DEFINED_SESSION,NEUTRAL,TREND_UP,HIGH
BOSS19_P5_SESSION_ATTRIBUTION_V1,2026-09-03T23:50:00Z,e54f1cfaf58df97acb8fb39c1e6e8bf4614f1ff3a7c9bcbc1b5acff762665dd6,H3-C02-MAIN,MAIN,2025,XAUUSD,H1,263,194,2025-10-16T22:18:40Z,2025-12-23T00:07:40Z,48.15000000,OUTSIDE_DEFINED_SESSION,NEUTRAL,TREND_UP,HIGH
BOSS19_P5_SESSION_ATTRIBUTION_V1,2026-09-03T23:50:00Z,e54f1cfaf58df97acb8fb39c1e6e8bf4614f1ff3a7c9bcbc1b5acff762665dd6,H3-C02-MAIN,MAIN,2025,XAUUSD,H1,267,201,2025-12-23T01:52:40Z,2025-12-30T21:59:59Z,-154.66000000,ASIA,NEUTRAL,TREND_UP,NORMAL
BOSS19_P5_SESSION_ATTRIBUTION_V1,2026-09-03T23:50:00Z,e54f1cfaf58df97acb8fb39c1e6e8bf4614f1ff3a7c9bcbc1b5acff762665dd6,H3-C02-MAIN,MAIN,2025,XAUUSD,H1,268,200,2025-12-23T23:42:20Z,2025-12-30T21:59:59Z,-175.46000000,OUTSIDE_DEFINED_SESSION,NEUTRAL,TREND_UP,NORMAL
BOSS19_P5_SESSION_ATTRIBUTION_V1,2026-09-03T23:50:00Z,e54f1cfaf58df97acb8fb39c1e6e8bf4614f1ff3a7c9bcbc1b5acff762665dd6,H3-C02-MAIN,MAIN,2025,XAUUSD,H1,269,199,2025-12-26T01:05:40Z,2025-12-30T21:59:59Z,-387.76000000,ASIA,NEUTRAL,RANGE,NORMAL
BOSS19_P5_SESSION_ATTRIBUTION_V1,2026-09-03T23:50:00Z,e54f1cfaf58df97acb8fb39c1e6e8bf4614f1ff3a7c9bcbc1b5acff762665dd6,H3-C03-BWD,BWD,2020,XAUUSD,H4,2,7,2020-01-02T12:50:40Z,2020-01-03T08:01:20Z,20.92000000,LONDON_NY_OVERLAP,NEUTRAL,TREND_UP,LOW
BOSS19_P5_SESSION_ATTRIBUTION_V1,2026-09-03T23:50:00Z,e54f1cfaf58df97acb8fb39c1e6e8bf4614f1ff3a7c9bcbc1b5acff762665dd6,H3-C03-BWD,BWD,2020,XAUUSD,H4,3,6,2020-01-02T13:51:40Z,2020-01-03T08:01:20Z,17.49000000,LONDON_NY_OVERLAP,NEUTRAL,TREND_UP,LOW
BOSS19_P5_SESSION_ATTRIBUTION_V1,2026-09-03T23:50:00Z,e54f1cfaf58df97acb8fb39c1e6e8bf4614f1ff3a7c9bcbc1b5acff762665dd6,H3-C03-BWD,BWD,2020,XAUUSD,H4,4,5,2020-01-02T14:37:40Z,2020-01-03T08:01:20Z,28.12000000,LONDON_NY_OVERLAP,NEUTRAL,TREND_UP,LOW
BOSS19_P5_SESSION_ATTRIBUTION_V1,2026-09-03T23:50:00Z,e54f1cfaf58df97acb8fb39c1e6e8bf4614f1ff3a7c9bcbc1b5acff762665dd6,H3-C03-BWD,BWD,2020,XAUUSD,H4,8,13,2020-01-03T09:28:00Z,2020-01-05T23:05:00Z,28.04000000,LONDON,NEUTRAL,TREND_UP,NORMAL
BOSS19_P5_SESSION_ATTRIBUTION_V1,2026-09-03T23:50:00Z,e54f1cfaf58df97acb8fb39c1e6e8bf4614f1ff3a7c9bcbc1b5acff762665dd6,H3-C03-BWD,BWD,2020,XAUUSD,H4,9,12,2020-01-03T11:43:40Z,2020-01-05T23:05:00Z,24.58000000,LONDON,NEUTRAL,TREND_UP,NORMAL
BOSS19_P5_SESSION_ATTRIBUTION_V1,2026-09-03T23:50:00Z,e54f1cfaf58df97acb8fb39c1e6e8bf4614f1ff3a7c9bcbc1b5acff762665dd6,H3-C03-BWD,BWD,2020,XAUUSD,H4,10,11,2020-01-05T23:05:00Z,2020-01-05T23:05:00Z,43.80000000,OUTSIDE_DEFINED_SESSION,NEUTRAL,TREND_UP,NORMAL
BOSS19_P5_SESSION_ATTRIBUTION_V1,2026-09-03T23:50:00Z,e54f1cfaf58df97acb8fb39c1e6e8bf4614f1ff3a7c9bcbc1b5acff762665dd6,H3-C03-BWD,BWD,2020,XAUUSD,H4,14,19,2020-01-05T23:05:40Z,2020-01-08T00:17:40Z,22.51000000,OUTSIDE_DEFINED_SESSION,NEUTRAL,TREND_UP,NORMAL
BOSS19_P5_SESSION_ATTRIBUTION_V1,2026-09-03T23:50:00Z,e54f1cfaf58df97acb8fb39c1e6e8bf4614f1ff3a7c9bcbc1b5acff762665dd6,H3-C03-BWD,BWD,2020,XAUUSD,H4,15,18,2020-01-07T23:22:40Z,2020-01-08T00:17:40Z,20.50000000,OUTSIDE_DEFINED_SESSION,NEUTRAL,TREND_UP,NORMAL
BOSS19_P5_SESSION_ATTRIBUTION_V1,2026-09-03T23:50:00Z,e54f1cfaf58df97acb8fb39c1e6e8bf4614f1ff3a7c9bcbc1b5acff762665dd6,H3-C03-BWD,BWD,2020,XAUUSD,H4,16,17,2020-01-07T23:23:40Z,2020-01-08T00:17:40Z,33.80000000,OUTSIDE_DEFINED_SESSION,NEUTRAL,TREND_UP,NORMAL
BOSS19_P5_SESSION_ATTRIBUTION_V1,2026-09-03T23:50:00Z,e54f1cfaf58df97acb8fb39c1e6e8bf4614f1ff3a7c9bcbc1b5acff762665dd6,H3-C03-BWD,BWD,2020,XAUUSD,H4,20,21,2020-01-08T00:25:40Z,2020-02-21T06:34:40Z,-13.54000000,ASIA,NEUTRAL,TREND_UP,NORMAL
BOSS19_P5_SESSION_ATTRIBUTION_V1,2026-09-03T23:50:00Z,e54f1cfaf58df97acb8fb39c1e6e8bf4614f1ff3a7c9bcbc1b5acff762665dd6,H3-C03-BWD,BWD,2020,XAUUSD,H4,24,27,2020-02-21T08:07:40Z,2020-02-23T23:10:40Z,28.06000000,LONDON,NEUTRAL,TREND_UP,LOW
BOSS19_P5_SESSION_ATTRIBUTION_V1,2026-09-03T23:50:00Z,e54f1cfaf58df97acb8fb39c1e6e8bf4614f1ff3a7c9bcbc1b5acff762665dd6,H3-C03-BWD,BWD,2020,XAUUSD,H4,25,26,2020-02-21T13:16:40Z,2020-02-23T23:10:40Z,23.57000000,LONDON_NY_OVERLAP,NEUTRAL,TREND_UP,LOW
BOSS19_P5_SESSION_ATTRIBUTION_V1,2026-09-03T23:50:00Z,e54f1cfaf58df97acb8fb39c1e6e8bf4614f1ff3a7c9bcbc1b5acff762665dd6,H3-C03-BWD,BWD,2020,XAUUSD,H4,26,25,2020-02-21T13:47:40Z,2020-02-23T23:10:40Z,38.16000000,LONDON_NY_OVERLAP,NEUTRAL,TREND_UP,LOW
BOSS19_P5_SESSION_ATTRIBUTION_V1,2026-09-03T23:50:00Z,e54f1cfaf58df97acb8fb39c1e6e8bf4614f1ff3a7c9bcbc1b5acff762665dd6,H3-C03-BWD,BWD,2020,XAUUSD,H4,30,33,2020-02-23T23:11:40Z,2020-05-14T13:34:40Z,-12.33000000,OUTSIDE_DEFINED_SESSION,RISK_OFF,TREND_UP,NORMAL
BOSS19_P5_SESSION_ATTRIBUTION_V1,2026-09-03T23:50:00Z,e54f1cfaf58df97acb8fb39c1e6e8bf4614f1ff3a7c9bcbc1b5acff762665dd6,H3-C03-BWD,BWD,2020,XAUUSD,H4,32,31,2020-02-23T23:12:40Z,2020-05-14T13:34:40Z,-43.12000000,OUTSIDE_DEFINED_SESSION,RISK_OFF,TREND_UP,NORMAL
BOSS19_P5_SESSION_ATTRIBUTION_V1,2026-09-03T23:50:00Z,e54f1cfaf58df97acb8fb39c1e6e8bf4614f1ff3a7c9bcbc1b5acff762665dd6,H3-C03-BWD,BWD,2020,XAUUSD,H4,31,32,2020-02-23T23:12:40Z,2020-05-14T13:34:40Z,-16.95000000,OUTSIDE_DEFINED_SESSION,RISK_OFF,TREND_UP,NORMAL
BOSS19_P5_SESSION_ATTRIBUTION_V1,2026-09-03T23:50:00Z,e54f1cfaf58df97acb8fb39c1e6e8bf4614f1ff3a7c9bcbc1b5acff762665dd6,H3-C03-BWD,BWD,2020,XAUUSD,H4,36,39,2020-05-14T13:59:40Z,2020-06-24T10:01:40Z,17.31000000,LONDON_NY_OVERLAP,STRESS,RANGE,NORMAL
BOSS19_P5_SESSION_ATTRIBUTION_V1,2026-09-03T23:50:00Z,e54f1cfaf58df97acb8fb39c1e6e8bf4614f1ff3a7c9bcbc1b5acff762665dd6,H3-C03-BWD,BWD,2020,XAUUSD,H4,37,38,2020-05-15T12:33:40Z,2020-06-24T10:01:40Z,8.91000000,LONDON_NY_OVERLAP,STRESS,TREND_UP,NORMAL
BOSS19_P5_SESSION_ATTRIBUTION_V1,2026-09-03T23:50:00Z,e54f1cfaf58df97acb8fb39c1e6e8bf4614f1ff3a7c9bcbc1b5acff762665dd6,H3-C03-BWD,BWD,2020,XAUUSD,H4,38,37,2020-05-15T15:59:20Z,2020-06-24T10:01:40Z,-0.58000000,LONDON_NY_OVERLAP,STRESS,TREND_UP,NORMAL
BOSS19_P5_SESSION_ATTRIBUTION_V1,2026-09-03T23:50:00Z,e54f1cfaf58df97acb8fb39c1e6e8bf4614f1ff3a7c9bcbc1b5acff762665dd6,H3-C03-BWD,BWD,2020,XAUUSD,H4,42,45,2020-07-01T07:13:40Z,2020-07-21T10:14:40Z,23.78000000,LONDON,STRESS,TREND_UP,NORMAL
BOSS19_P5_SESSION_ATTRIBUTION_V1,2026-09-03T23:50:00Z,e54f1cfaf58df97acb8fb39c1e6e8bf4614f1ff3a7c9bcbc1b5acff762665dd6,H3-C03-BWD,BWD,2020,XAUUSD,H4,43,44,2020-07-07T14:10:40Z,2020-07-21T10:14:40Z,21.27000000,LONDON_NY_OVERLAP,NEUTRAL,TREND_UP,NORMAL
BOSS19_P5_SESSION_ATTRIBUTION_V1,2026-09-03T23:50:00Z,e54f1cfaf58df97acb8fb39c1e6e8bf4614f1ff3a7c9bcbc1b5acff762665dd6,H3-C03-BWD,BWD,2020,XAUUSD,H4,44,43,2020-07-08T08:29:40Z,2020-07-21T10:14:40Z,29.62000000,LONDON,NEUTRAL,TREND_UP,NORMAL
BOSS19_P5_SESSION_ATTRIBUTION_V1,2026-09-03T23:50:00Z,e54f1cfaf58df97acb8fb39c1e6e8bf4614f1ff3a7c9bcbc1b5acff762665dd6,H3-C03-BWD,BWD,2020,XAUUSD,H4,48,51,2020-07-21T12:11:40Z,2020-07-22T16:24:40Z,37.51000000,LONDON_NY_OVERLAP,NEUTRAL,TREND_UP,LOW
BOSS19_P5_SESSION_ATTRIBUTION_V1,2026-09-03T23:50:00Z,e54f1cfaf58df97acb8fb39c1e6e8bf4614f1ff3a7c9bcbc1b5acff762665dd6,H3-C03-BWD,BWD,2020,XAUUSD,H4,49,50,2020-07-21T12:22:40Z,2020-07-22T16:24:40Z,31.49000000,LONDON_NY_OVERLAP,NEUTRAL,TREND_UP,LOW
BOSS19_P5_SESSION_ATTRIBUTION_V1,2026-09-03T23:50:00Z,e54f1cfaf58df97acb8fb39c1e6e8bf4614f1ff3a7c9bcbc1b5acff762665dd6,H3-C03-BWD,BWD,2020,XAUUSD,H4,50,49,2020-07-21T23:03:40Z,2020-07-22T16:24:40Z,52.52000000,OUTSIDE_DEFINED_SESSION,NEUTRAL,TREND_UP,LOW
BOSS19_P5_SESSION_ATTRIBUTION_V1,2026-09-03T23:50:00Z,e54f1cfaf58df97acb8fb39c1e6e8bf4614f1ff3a7c9bcbc1b5acff762665dd6,H3-C03-BWD,BWD,2020,XAUUSD,H4,54,57,2020-07-23T00:07:40Z,2020-07-26T23:43:40Z,37.74000000,ASIA,NEUTRAL,TREND_UP,NORMAL
BOSS19_P5_SESSION_ATTRIBUTION_V1,2026-09-03T23:50:00Z,e54f1cfaf58df97acb8fb39c1e6e8bf4614f1ff3a7c9bcbc1b5acff762665dd6,H3-C03-BWD,BWD,2020,XAUUSD,H4,55,56,2020-07-23T08:27:40Z,2020-07-26T23:43:40Z,31.73000000,LONDON,NEUTRAL,TREND_UP,NORMAL
BOSS19_P5_SESSION_ATTRIBUTION_V1,2026-09-03T23:50:00Z,e54f1cfaf58df97acb8fb39c1e6e8bf4614f1ff3a7c9bcbc1b5acff762665dd6,H3-C03-BWD,BWD,2020,XAUUSD,H4,56,55,2020-07-23T08:41:40Z,2020-07-26T23:43:40Z,51.44000000,LONDON,NEUTRAL,TREND_UP,NORMAL
BOSS19_P5_SESSION_ATTRIBUTION_V1,2026-09-03T23:50:00Z,e54f1cfaf58df97acb8fb39c1e6e8bf4614f1ff3a7c9bcbc1b5acff762665dd6,H3-C03-BWD,BWD,2020,XAUUSD,H4,60,63,2020-07-27T02:11:40Z,2020-07-27T23:36:40Z,40.52000000,ASIA,NEUTRAL,TREND_UP,NORMAL
BOSS19_P5_SESSION_ATTRIBUTION_V1,2026-09-03T23:50:00Z,e54f1cfaf58df97acb8fb39c1e6e8bf4614f1ff3a7c9bcbc1b5acff762665dd6,H3-C03-BWD,BWD,2020,XAUUSD,H4,61,62,2020-07-27T02:45:40Z,2020-07-27T23:36:40Z,34.35000000,ASIA,NEUTRAL,TREND_UP,NORMAL
BOSS19_P5_SESSION_ATTRIBUTION_V1,2026-09-03T23:50:00Z,e54f1cfaf58df97acb8fb39c1e6e8bf4614f1ff3a7c9bcbc1b5acff762665dd6,H3-C03-BWD,BWD,2020,XAUUSD,H4,62,61,2020-07-27T03:08:40Z,2020-07-27T23:36:40Z,56.38000000,ASIA,NEUTRAL,TREND_UP,NORMAL
BOSS19_P5_SESSION_ATTRIBUTION_V1,2026-09-03T23:50:00Z,e54f1cfaf58df97acb8fb39c1e6e8bf4614f1ff3a7c9bcbc1b5acff762665dd6,H3-C03-BWD,BWD,2020,XAUUSD,H4,66,69,2020-07-28T01:02:40Z,2020-08-04T19:38:40Z,39.33000000,ASIA,NEUTRAL,TREND_UP,NORMAL
BOSS19_P5_SESSION_ATTRIBUTION_V1,2026-09-03T23:50:00Z,e54f1cfaf58df97acb8fb39c1e6e8bf4614f1ff3a7c9bcbc1b5acff762665dd6,H3-C03-BWD,BWD,2020,XAUUSD,H4,67,68,2020-07-28T01:10:40Z,2020-08-04T19:38:40Z,33.01000000,ASIA,NEUTRAL,TREND_UP,NORMAL
BOSS19_P5_SESSION_ATTRIBUTION_V1,2026-09-03T23:50:00Z,e54f1cfaf58df97acb8fb39c1e6e8bf4614f1ff3a7c9bcbc1b5acff762665dd6,H3-C03-BWD,BWD,2020,XAUUSD,H4,68,67,2020-07-31T07:01:40Z,2020-08-04T19:38:40Z,61.30000000,LONDON,NEUTRAL,TREND_UP,NORMAL
BOSS19_P5_SESSION_ATTRIBUTION_V1,2026-09-03T23:50:00Z,e54f1cfaf58df97acb8fb39c1e6e8bf4614f1ff3a7c9bcbc1b5acff762665dd6,H3-C03-BWD,BWD,2020,XAUUSD,H4,72,75,2020-08-04T22:03:40Z,2020-08-06T14:09:20Z,46.22000000,OUTSIDE_DEFINED_SESSION,NEUTRAL,TREND_UP,NORMAL
BOSS19_P5_SESSION_ATTRIBUTION_V1,2026-09-03T23:50:00Z,e54f1cfaf58df97acb8fb39c1e6e8bf4614f1ff3a7c9bcbc1b5acff762665dd6,H3-C03-BWD,BWD,2020,XAUUSD,H4,73,74,2020-08-04T23:47:40Z,2020-08-06T14:09:20Z,38.90000000,OUTSIDE_DEFINED_SESSION,NEUTRAL,TREND_UP,NORMAL
BOSS19_P5_SESSION_ATTRIBUTION_V1,2026-09-03T23:50:00Z,e54f1cfaf58df97acb8fb39c1e6e8bf4614f1ff3a7c9bcbc1b5acff762665dd6,H3-C03-BWD,BWD,2020,XAUUSD,H4,74,73,2020-08-05T06:53:40Z,2020-08-06T14:09:20Z,63.16000000,ASIA,NEUTRAL,TREND_UP,NORMAL
BOSS19_P5_SESSION_ATTRIBUTION_V1,2026-09-03T23:50:00Z,e54f1cfaf58df97acb8fb39c1e6e8bf4614f1ff3a7c9bcbc1b5acff762665dd6,H3-C03-BWD,BWD,2020,XAUUSD,H4,81,79,2020-08-12T07:36:40Z,2020-08-12T08:48:40Z,10.05000000,LONDON,NEUTRAL,TRANSITION,HIGH
BOSS19_P5_SESSION_ATTRIBUTION_V1,2026-09-03T23:50:00Z,e54f1cfaf58df97acb8fb39c1e6e8bf4614f1ff3a7c9bcbc1b5acff762665dd6,H3-C03-BWD,BWD,2020,XAUUSD,H4,82,78,2020-08-12T08:17:40Z,2020-08-12T08:32:40Z,9.75000000,LONDON,NEUTRAL,TRANSITION,HIGH
BOSS19_P5_SESSION_ATTRIBUTION_V1,2026-09-03T23:50:00Z,e54f1cfaf58df97acb8fb39c1e6e8bf4614f1ff3a7c9bcbc1b5acff762665dd6,H3-C03-BWD,BWD,2020,XAUUSD,H4,83,81,2020-08-13T16:50:40Z,2020-08-13T18:20:40Z,10.92000000,NEW_YORK_ONLY,NEUTRAL,RANGE,HIGH
BOSS19_P5_SESSION_ATTRIBUTION_V1,2026-09-03T23:50:00Z,e54f1cfaf58df97acb8fb39c1e6e8bf4614f1ff3a7c9bcbc1b5acff762665dd6,H3-C03-BWD,BWD,2020,XAUUSD,H4,87,83,2020-08-13T19:51:40Z,2020-08-14T06:53:40Z,12.09000000,NEW_YORK_ONLY,NEUTRAL,RANGE,HIGH
BOSS19_P5_SESSION_ATTRIBUTION_V1,2026-09-03T23:50:00Z,e54f1cfaf58df97acb8fb39c1e6e8bf4614f1ff3a7c9bcbc1b5acff762665dd6,H3-C03-BWD,BWD,2020,XAUUSD,H4,88,87,2020-08-17T13:29:40Z,2020-08-19T18:09:40Z,12.97000000,LONDON_NY_OVERLAP,NEUTRAL,RANGE,HIGH
BOSS19_P5_SESSION_ATTRIBUTION_V1,2026-09-03T23:50:00Z,e54f1cfaf58df97acb8fb39c1e6e8bf4614f1ff3a7c9bcbc1b5acff762665dd6,H3-C03-BWD,BWD,2020,XAUUSD,H4,89,86,2020-08-17T14:00:40Z,2020-08-19T14:58:40Z,12.85000000,LONDON_NY_OVERLAP,NEUTRAL,RANGE,HIGH
BOSS19_P5_SESSION_ATTRIBUTION_V1,2026-09-03T23:50:00Z,e54f1cfaf58df97acb8fb39c1e6e8bf4614f1ff3a7c9bcbc1b5acff762665dd6,H3-C03-BWD,BWD,2020,XAUUSD,H4,96,89,2020-08-20T00:52:40Z,2020-08-20T08:14:40Z,12.12000000,ASIA,NEUTRAL,RANGE,HIGH
BOSS19_P5_SESSION_ATTRIBUTION_V1,2026-09-03T23:50:00Z,e54f1cfaf58df97acb8fb39c1e6e8bf4614f1ff3a7c9bcbc1b5acff762665dd6,H3-C03-BWD,BWD,2020,XAUUSD,H4,100,91,2020-08-20T11:47:40Z,2020-08-20T13:06:40Z,12.05000000,LONDON,NEUTRAL,TRANSITION,HIGH
BOSS19_P5_SESSION_ATTRIBUTION_V1,2026-09-03T23:50:00Z,e54f1cfaf58df97acb8fb39c1e6e8bf4614f1ff3a7c9bcbc1b5acff762665dd6,H3-C03-BWD,BWD,2020,XAUUSD,H4,101,93,2020-08-20T19:06:40Z,2020-08-21T07:14:40Z,14.86000000,NEW_YORK_ONLY,NEUTRAL,TRANSITION,HIGH
BOSS19_P5_SESSION_ATTRIBUTION_V1,2026-09-03T23:50:00Z,e54f1cfaf58df97acb8fb39c1e6e8bf4614f1ff3a7c9bcbc1b5acff762665dd6,H3-C03-BWD,BWD,2020,XAUUSD,H4,102,95,2020-08-27T13:15:40Z,2020-08-27T13:34:40Z,13.89000000,LONDON_NY_OVERLAP,NEUTRAL,RANGE,NORMAL
BOSS19_P5_SESSION_ATTRIBUTION_V1,2026-09-03T23:50:00Z,e54f1cfaf58df97acb8fb39c1e6e8bf4614f1ff3a7c9bcbc1b5acff762665dd6,H3-C03-BWD,BWD,2020,XAUUSD,H4,106,97,2020-08-28T15:13:40Z,2020-09-02T13:31:40Z,15.83000000,LONDON_NY_OVERLAP,NEUTRAL,RANGE,NORMAL
BOSS19_P5_SESSION_ATTRIBUTION_V1,2026-09-03T23:50:00Z,e54f1cfaf58df97acb8fb39c1e6e8bf4614f1ff3a7c9bcbc1b5acff762665dd6,H3-C03-BWD,BWD,2020,XAUUSD,H4,113,101,2020-09-09T18:58:40Z,2020-09-17T09:30:40Z,15.87000000,NEW_YORK_ONLY,STRESS,RANGE,NORMAL
BOSS19_P5_SESSION_ATTRIBUTION_V1,2026-09-03T23:50:00Z,e54f1cfaf58df97acb8fb39c1e6e8bf4614f1ff3a7c9bcbc1b5acff762665dd6,H3-C03-BWD,BWD,2020,XAUUSD,H4,114,100,2020-09-10T13:56:40Z,2020-09-10T18:24:40Z,14.22000000,LONDON_NY_OVERLAP,NEUTRAL,RANGE,NORMAL
BOSS19_P5_SESSION_ATTRIBUTION_V1,2026-09-03T23:50:00Z,e54f1cfaf58df97acb8fb39c1e6e8bf4614f1ff3a7c9bcbc1b5acff762665dd6,H3-C03-BWD,BWD,2020,XAUUSD,H4,118,103,2020-09-18T00:06:40Z,2022-03-06T23:30:40Z,-380.38000000,ASIA,NEUTRAL,RANGE,NORMAL
BOSS19_P5_SESSION_ATTRIBUTION_V1,2026-09-03T23:50:00Z,e54f1cfaf58df97acb8fb39c1e6e8bf4614f1ff3a7c9bcbc1b5acff762665dd6,H3-C03-BWD,BWD,2022,XAUUSD,H4,122,109,2022-03-07T01:43:40Z,2022-03-08T15:06:40Z,53.21000000,ASIA,STRESS,TREND_UP,EXTREME
BOSS19_P5_SESSION_ATTRIBUTION_V1,2026-09-03T23:50:00Z,e54f1cfaf58df97acb8fb39c1e6e8bf4614f1ff3a7c9bcbc1b5acff762665dd6,H3-C03-BWD,BWD,2022,XAUUSD,H4,123,108,2022-03-08T06:36:40Z,2022-03-08T15:06:40Z,45.87000000,ASIA,STRESS,TREND_UP,EXTREME
BOSS19_P5_SESSION_ATTRIBUTION_V1,2026-09-03T23:50:00Z,e54f1cfaf58df97acb8fb39c1e6e8bf4614f1ff3a7c9bcbc1b5acff762665dd6,H3-C03-BWD,BWD,2022,XAUUSD,H4,124,107,2022-03-08T06:57:40Z,2022-03-08T15:06:40Z,75.46000000,ASIA,STRESS,TREND_UP,EXTREME
BOSS19_P5_SESSION_ATTRIBUTION_V1,2026-09-03T23:50:00Z,e54f1cfaf58df97acb8fb39c1e6e8bf4614f1ff3a7c9bcbc1b5acff762665dd6,H3-C03-BWD,BWD,2022,XAUUSD,H4,128,113,2022-03-08T15:07:40Z,2022-12-30T21:58:59Z,-473.96000000,LONDON_NY_OVERLAP,STRESS,TREND_UP,EXTREME
BOSS19_P5_SESSION_ATTRIBUTION_V1,2026-09-03T23:50:00Z,e54f1cfaf58df97acb8fb39c1e6e8bf4614f1ff3a7c9bcbc1b5acff762665dd6,H3-C03-BWD,BWD,2022,XAUUSD,H4,129,112,2022-03-08T16:57:40Z,2022-12-30T21:58:59Z,-482.36000000,NEW_YORK_ONLY,STRESS,TREND_UP,EXTREME
BOSS19_P5_SESSION_ATTRIBUTION_V1,2026-09-03T23:50:00Z,e54f1cfaf58df97acb8fb39c1e6e8bf4614f1ff3a7c9bcbc1b5acff762665dd6,H3-C03-MAIN,MAIN,2023,XAUUSD,H4,2,7,2023-01-03T02:40:40Z,2023-01-09T02:38:40Z,39.97000000,ASIA,RISK_OFF,RANGE,LOW
BOSS19_P5_SESSION_ATTRIBUTION_V1,2026-09-03T23:50:00Z,e54f1cfaf58df97acb8fb39c1e6e8bf4614f1ff3a7c9bcbc1b5acff762665dd6,H3-C03-MAIN,MAIN,2023,XAUUSD,H4,3,6,2023-01-03T03:08:40Z,2023-01-09T02:38:40Z,33.22000000,ASIA,RISK_OFF,RANGE,LOW
BOSS19_P5_SESSION_ATTRIBUTION_V1,2026-09-03T23:50:00Z,e54f1cfaf58df97acb8fb39c1e6e8bf4614f1ff3a7c9bcbc1b5acff762665dd6,H3-C03-MAIN,MAIN,2023,XAUUSD,H4,4,5,2023-01-03T07:28:40Z,2023-01-09T02:38:40Z,52.94000000,LONDON,RISK_OFF,RANGE,LOW
BOSS19_P5_SESSION_ATTRIBUTION_V1,2026-09-03T23:50:00Z,e54f1cfaf58df97acb8fb39c1e6e8bf4614f1ff3a7c9bcbc1b5acff762665dd6,H3-C03-MAIN,MAIN,2023,XAUUSD,H4,8,13,2023-01-11T08:50:40Z,2023-01-19T19:26:40Z,36.80000000,LONDON,RISK_OFF,TREND_UP,NORMAL
BOSS19_P5_SESSION_ATTRIBUTION_V1,2026-09-03T23:50:00Z,e54f1cfaf58df97acb8fb39c1e6e8bf4614f1ff3a7c9bcbc1b5acff762665dd6,H3-C03-MAIN,MAIN,2023,XAUUSD,H4,9,12,2023-01-12T13:34:40Z,2023-01-19T19:26:40Z,31.95000000,LONDON_NY_OVERLAP,RISK_OFF,TREND_UP,LOW
BOSS19_P5_SESSION_ATTRIBUTION_V1,2026-09-03T23:50:00Z,e54f1cfaf58df97acb8fb39c1e6e8bf4614f1ff3a7c9bcbc1b5acff762665dd6,H3-C03-MAIN,MAIN,2023,XAUUSD,H4,10,11,2023-01-12T13:54:40Z,2023-01-19T19:26:40Z,49.48000000,LONDON_NY_OVERLAP,RISK_OFF,TREND_UP,LOW
BOSS19_P5_SESSION_ATTRIBUTION_V1,2026-09-03T23:50:00Z,e54f1cfaf58df97acb8fb39c1e6e8bf4614f1ff3a7c9bcbc1b5acff762665dd6,H3-C03-MAIN,MAIN,2023,XAUUSD,H4,14,19,2023-01-20T08:09:40Z,2023-03-17T18:43:20Z,0.96000000,LONDON,RISK_OFF,TREND_UP,NORMAL
BOSS19_P5_SESSION_ATTRIBUTION_V1,2026-09-03T23:50:00Z,e54f1cfaf58df97acb8fb39c1e6e8bf4614f1ff3a7c9bcbc1b5acff762665dd6,H3-C03-MAIN,MAIN,2023,XAUUSD,H4,15,18,2023-01-25T20:03:00Z,2023-03-17T18:43:20Z,-3.58000000,NEW_YORK_ONLY,NEUTRAL,TREND_UP,NORMAL
BOSS19_P5_SESSION_ATTRIBUTION_V1,2026-09-03T23:50:00Z,e54f1cfaf58df97acb8fb39c1e6e8bf4614f1ff3a7c9bcbc1b5acff762665dd6,H3-C03-MAIN,MAIN,2023,XAUUSD,H4,16,17,2023-02-01T20:33:40Z,2023-03-17T18:43:20Z,-9.92000000,NEW_YORK_ONLY,NEUTRAL,RANGE,NORMAL
BOSS19_P5_SESSION_ATTRIBUTION_V1,2026-09-03T23:50:00Z,e54f1cfaf58df97acb8fb39c1e6e8bf4614f1ff3a7c9bcbc1b5acff762665dd6,H3-C03-MAIN,MAIN,2023,XAUUSD,H4,20,25,2023-03-17T18:52:40Z,2023-04-13T12:54:40Z,36.14000000,NEW_YORK_ONLY,RISK_OFF,TREND_UP,EXTREME
BOSS19_P5_SESSION_ATTRIBUTION_V1,2026-09-03T23:50:00Z,e54f1cfaf58df97acb8fb39c1e6e8bf4614f1ff3a7c9bcbc1b5acff762665dd6,H3-C03-MAIN,MAIN,2023,XAUUSD,H4,21,24,2023-03-20T07:06:40Z,2023-04-13T12:54:40Z,29.66000000,LONDON,RISK_OFF,TREND_UP,EXTREME
BOSS19_P5_SESSION_ATTRIBUTION_V1,2026-09-03T23:50:00Z,e54f1cfaf58df97acb8fb39c1e6e8bf4614f1ff3a7c9bcbc1b5acff762665dd6,H3-C03-MAIN,MAIN,2023,XAUUSD,H4,22,23,2023-03-20T07:24:40Z,2023-04-13T12:54:40Z,44.76000000,LONDON,RISK_OFF,TREND_UP,EXTREME
BOSS19_P5_SESSION_ATTRIBUTION_V1,2026-09-03T23:50:00Z,e54f1cfaf58df97acb8fb39c1e6e8bf4614f1ff3a7c9bcbc1b5acff762665dd6,H3-C03-MAIN,MAIN,2023,XAUUSD,H4,41,29,2023-04-20T06:44:40Z,2023-04-21T06:30:40Z,11.80000000,ASIA,NEUTRAL,RANGE,NORMAL
BOSS19_P5_SESSION_ATTRIBUTION_V1,2026-09-03T23:50:00Z,e54f1cfaf58df97acb8fb39c1e6e8bf4614f1ff3a7c9bcbc1b5acff762665dd6,H3-C03-MAIN,MAIN,2023,XAUUSD,H4,42,28,2023-04-20T12:32:40Z,2023-04-21T05:30:40Z,10.99000000,LONDON_NY_OVERLAP,NEUTRAL,RANGE,NORMAL
BOSS19_P5_SESSION_ATTRIBUTION_V1,2026-09-03T23:50:00Z,e54f1cfaf58df97acb8fb39c1e6e8bf4614f1ff3a7c9bcbc1b5acff762665dd6,H3-C03-MAIN,MAIN,2023,XAUUSD,H4,43,31,2023-05-02T16:10:40Z,2023-05-03T12:15:40Z,11.56000000,NEW_YORK_ONLY,NEUTRAL,RANGE,NORMAL
BOSS19_P5_SESSION_ATTRIBUTION_V1,2026-09-03T23:50:00Z,e54f1cfaf58df97acb8fb39c1e6e8bf4614f1ff3a7c9bcbc1b5acff762665dd6,H3-C03-MAIN,MAIN,2023,XAUUSD,H4,47,37,2023-05-03T14:52:40Z,2023-05-03T22:01:20Z,54.64000000,LONDON_NY_OVERLAP,NEUTRAL,TRANSITION,NORMAL
BOSS19_P5_SESSION_ATTRIBUTION_V1,2026-09-03T23:50:00Z,e54f1cfaf58df97acb8fb39c1e6e8bf4614f1ff3a7c9bcbc1b5acff762665dd6,H3-C03-MAIN,MAIN,2023,XAUUSD,H4,48,36,2023-05-03T18:00:40Z,2023-05-03T22:01:20Z,45.48000000,NEW_YORK_ONLY,NEUTRAL,RANGE,NORMAL
BOSS19_P5_SESSION_ATTRIBUTION_V1,2026-09-03T23:50:00Z,e54f1cfaf58df97acb8fb39c1e6e8bf4614f1ff3a7c9bcbc1b5acff762665dd6,H3-C03-MAIN,MAIN,2023,XAUUSD,H4,49,35,2023-05-03T20:55:40Z,2023-05-03T22:01:20Z,72.62000000,NEW_YORK_ONLY,NEUTRAL,RANGE,NORMAL
BOSS19_P5_SESSION_ATTRIBUTION_V1,2026-09-03T23:50:00Z,e54f1cfaf58df97acb8fb39c1e6e8bf4614f1ff3a7c9bcbc1b5acff762665dd6,H3-C03-MAIN,MAIN,2023,XAUUSD,H4,95,41,2023-06-05T14:02:40Z,2023-06-07T15:47:40Z,8.67000000,LONDON_NY_OVERLAP,NEUTRAL,RANGE,LOW
BOSS19_P5_SESSION_ATTRIBUTION_V1,2026-09-03T23:50:00Z,e54f1cfaf58df97acb8fb39c1e6e8bf4614f1ff3a7c9bcbc1b5acff762665dd6,H3-C03-MAIN,MAIN,2023,XAUUSD,H4,96,40,2023-06-06T12:20:40Z,2023-06-06T13:47:40Z,8.74000000,LONDON_NY_OVERLAP,NEUTRAL,RANGE,LOW
BOSS19_P5_SESSION_ATTRIBUTION_V1,2026-09-03T23:50:00Z,e54f1cfaf58df97acb8fb39c1e6e8bf4614f1ff3a7c9bcbc1b5acff762665dd6,H3-C03-MAIN,MAIN,2023,XAUUSD,H4,196,43,2023-06-16T10:54:20Z,2023-06-16T13:31:40Z,8.32000000,LONDON,RISK_ON,RANGE,NORMAL
BOSS19_P5_SESSION_ATTRIBUTION_V1,2026-09-03T23:50:00Z,e54f1cfaf58df97acb8fb39c1e6e8bf4614f1ff3a7c9bcbc1b5acff762665dd6,H3-C03-MAIN,MAIN,2023,XAUUSD,H4,383,45,2023-07-07T12:30:20Z,2023-07-07T12:30:40Z,8.49000000,LONDON_NY_OVERLAP,NEUTRAL,RANGE,LOW
BOSS19_P5_SESSION_ATTRIBUTION_V1,2026-09-03T23:50:00Z,e54f1cfaf58df97acb8fb39c1e6e8bf4614f1ff3a7c9bcbc1b5acff762665dd6,H3-C03-MAIN,MAIN,2023,XAUUSD,H4,384,47,2023-07-07T15:03:20Z,2023-07-07T15:12:40Z,6.95000000,LONDON_NY_OVERLAP,NEUTRAL,RANGE,LOW
BOSS19_P5_SESSION_ATTRIBUTION_V1,2026-09-03T23:50:00Z,e54f1cfaf58df97acb8fb39c1e6e8bf4614f1ff3a7c9bcbc1b5acff762665dd6,H3-C03-MAIN,MAIN,2023,XAUUSD,H4,388,53,2023-07-11T06:35:40Z,2023-07-18T11:16:40Z,34.44000000,ASIA,NEUTRAL,TRANSITION,LOW
BOSS19_P5_SESSION_ATTRIBUTION_V1,2026-09-03T23:50:00Z,e54f1cfaf58df97acb8fb39c1e6e8bf4614f1ff3a7c9bcbc1b5acff762665dd6,H3-C03-MAIN,MAIN,2023,XAUUSD,H4,389,52,2023-07-12T01:44:40Z,2023-07-18T11:16:40Z,28.56000000,ASIA,NEUTRAL,RANGE,LOW
BOSS19_P5_SESSION_ATTRIBUTION_V1,2026-09-03T23:50:00Z,e54f1cfaf58df97acb8fb39c1e6e8bf4614f1ff3a7c9bcbc1b5acff762665dd6,H3-C03-MAIN,MAIN,2023,XAUUSD,H4,390,51,2023-07-12T12:30:40Z,2023-07-18T11:16:40Z,43.80000000,LONDON_NY_OVERLAP,NEUTRAL,RANGE,LOW
BOSS19_P5_SESSION_ATTRIBUTION_V1,2026-09-03T23:50:00Z,e54f1cfaf58df97acb8fb39c1e6e8bf4614f1ff3a7c9bcbc1b5acff762665dd6,H3-C03-MAIN,MAIN,2023,XAUUSD,H4,394,57,2023-07-18T14:09:40Z,2023-11-27T01:27:40Z,-63.25000000,LONDON_NY_OVERLAP,NEUTRAL,TREND_UP,LOW
BOSS19_P5_SESSION_ATTRIBUTION_V1,2026-09-03T23:50:00Z,e54f1cfaf58df97acb8fb39c1e6e8bf4614f1ff3a7c9bcbc1b5acff762665dd6,H3-C03-MAIN,MAIN,2023,XAUUSD,H4,395,56,2023-07-18T14:42:40Z,2023-11-27T01:27:40Z,-69.28000000,LONDON_NY_OVERLAP,NEUTRAL,TREND_UP,LOW
BOSS19_P5_SESSION_ATTRIBUTION_V1,2026-09-03T23:50:00Z,e54f1cfaf58df97acb8fb39c1e6e8bf4614f1ff3a7c9bcbc1b5acff762665dd6,H3-C03-MAIN,MAIN,2023,XAUUSD,H4,399,63,2023-11-28T14:16:40Z,2023-12-01T17:49:40Z,37.40000000,LONDON_NY_OVERLAP,NEUTRAL,TREND_UP,LOW
BOSS19_P5_SESSION_ATTRIBUTION_V1,2026-09-03T23:50:00Z,e54f1cfaf58df97acb8fb39c1e6e8bf4614f1ff3a7c9bcbc1b5acff762665dd6,H3-C03-MAIN,MAIN,2023,XAUUSD,H4,400,62,2023-11-28T16:02:40Z,2023-12-01T17:49:40Z,30.53000000,NEW_YORK_ONLY,NEUTRAL,TREND_UP,LOW
BOSS19_P5_SESSION_ATTRIBUTION_V1,2026-09-03T23:50:00Z,e54f1cfaf58df97acb8fb39c1e6e8bf4614f1ff3a7c9bcbc1b5acff762665dd6,H3-C03-MAIN,MAIN,2023,XAUUSD,H4,401,61,2023-11-28T16:45:40Z,2023-12-01T17:49:40Z,47.34000000,NEW_YORK_ONLY,NEUTRAL,TREND_UP,LOW
BOSS19_P5_SESSION_ATTRIBUTION_V1,2026-09-03T23:50:00Z,e54f1cfaf58df97acb8fb39c1e6e8bf4614f1ff3a7c9bcbc1b5acff762665dd6,H3-C03-MAIN,MAIN,2023,XAUUSD,H4,405,69,2023-12-01T18:34:40Z,2023-12-03T23:23:40Z,50.09000000,NEW_YORK_ONLY,NEUTRAL,TREND_UP,NORMAL
BOSS19_P5_SESSION_ATTRIBUTION_V1,2026-09-03T23:50:00Z,e54f1cfaf58df97acb8fb39c1e6e8bf4614f1ff3a7c9bcbc1b5acff762665dd6,H3-C03-MAIN,MAIN,2023,XAUUSD,H4,407,67,2023-12-03T23:16:40Z,2023-12-03T23:23:40Z,75.68000000,OUTSIDE_DEFINED_SESSION,NEUTRAL,TREND_UP,NORMAL
BOSS19_P5_SESSION_ATTRIBUTION_V1,2026-09-03T23:50:00Z,e54f1cfaf58df97acb8fb39c1e6e8bf4614f1ff3a7c9bcbc1b5acff762665dd6,H3-C03-MAIN,MAIN,2023,XAUUSD,H4,406,68,2023-12-03T23:16:40Z,2023-12-03T23:23:40Z,44.36000000,OUTSIDE_DEFINED_SESSION,NEUTRAL,TREND_UP,NORMAL
BOSS19_P5_SESSION_ATTRIBUTION_V1,2026-09-03T23:50:00Z,e54f1cfaf58df97acb8fb39c1e6e8bf4614f1ff3a7c9bcbc1b5acff762665dd6,H3-C03-MAIN,MAIN,2023,XAUUSD,H4,411,75,2023-12-03T23:26:40Z,2024-03-08T08:30:40Z,-33.36000000,OUTSIDE_DEFINED_SESSION,NEUTRAL,TREND_UP,NORMAL
BOSS19_P5_SESSION_ATTRIBUTION_V1,2026-09-03T23:50:00Z,e54f1cfaf58df97acb8fb39c1e6e8bf4614f1ff3a7c9bcbc1b5acff762665dd6,H3-C03-MAIN,MAIN,2023,XAUUSD,H4,413,73,2023-12-03T23:27:40Z,2024-03-08T08:30:40Z,-93.44000000,OUTSIDE_DEFINED_SESSION,NEUTRAL,TREND_UP,NORMAL
BOSS19_P5_SESSION_ATTRIBUTION_V1,2026-09-03T23:50:00Z,e54f1cfaf58df97acb8fb39c1e6e8bf4614f1ff3a7c9bcbc1b5acff762665dd6,H3-C03-MAIN,MAIN,2023,XAUUSD,H4,412,74,2023-12-03T23:27:40Z,2024-03-08T08:30:40Z,-40.04000000,OUTSIDE_DEFINED_SESSION,NEUTRAL,TREND_UP,NORMAL
BOSS19_P5_SESSION_ATTRIBUTION_V1,2026-09-03T23:50:00Z,e54f1cfaf58df97acb8fb39c1e6e8bf4614f1ff3a7c9bcbc1b5acff762665dd6,H3-C03-MAIN,MAIN,2024,XAUUSD,H4,418,80,2024-03-08T13:31:40Z,2024-03-20T22:16:40Z,32.08000000,LONDON_NY_OVERLAP,NEUTRAL,TREND_UP,NORMAL
BOSS19_P5_SESSION_ATTRIBUTION_V1,2026-09-03T23:50:00Z,e54f1cfaf58df97acb8fb39c1e6e8bf4614f1ff3a7c9bcbc1b5acff762665dd6,H3-C03-MAIN,MAIN,2024,XAUUSD,H4,417,81,2024-03-08T13:31:40Z,2024-03-20T22:16:40Z,38.59000000,LONDON_NY_OVERLAP,NEUTRAL,TREND_UP,NORMAL
BOSS19_P5_SESSION_ATTRIBUTION_V1,2026-09-03T23:50:00Z,e54f1cfaf58df97acb8fb39c1e6e8bf4614f1ff3a7c9bcbc1b5acff762665dd6,H3-C03-MAIN,MAIN,2024,XAUUSD,H4,419,79,2024-03-08T17:04:40Z,2024-03-20T22:16:40Z,51.12000000,NEW_YORK_ONLY,NEUTRAL,TREND_UP,HIGH
BOSS19_P5_SESSION_ATTRIBUTION_V1,2026-09-03T23:50:00Z,e54f1cfaf58df97acb8fb39c1e6e8bf4614f1ff3a7c9bcbc1b5acff762665dd6,H3-C03-MAIN,MAIN,2024,XAUUSD,H4,423,87,2024-03-28T16:27:40Z,2024-04-02T13:48:40Z,45.44000000,NEW_YORK_ONLY,RISK_ON,RANGE,HIGH
BOSS19_P5_SESSION_ATTRIBUTION_V1,2026-09-03T23:50:00Z,e54f1cfaf58df97acb8fb39c1e6e8bf4614f1ff3a7c9bcbc1b5acff762665dd6,H3-C03-MAIN,MAIN,2024,XAUUSD,H4,425,85,2024-03-28T20:49:40Z,2024-04-02T13:48:40Z,63.60000000,NEW_YORK_ONLY,RISK_ON,RANGE,HIGH
BOSS19_P5_SESSION_ATTRIBUTION_V1,2026-09-03T23:50:00Z,e54f1cfaf58df97acb8fb39c1e6e8bf4614f1ff3a7c9bcbc1b5acff762665dd6,H3-C03-MAIN,MAIN,2024,XAUUSD,H4,424,86,2024-03-28T20:49:40Z,2024-04-02T13:48:40Z,38.62000000,NEW_YORK_ONLY,RISK_ON,RANGE,HIGH
BOSS19_P5_SESSION_ATTRIBUTION_V1,2026-09-03T23:50:00Z,e54f1cfaf58df97acb8fb39c1e6e8bf4614f1ff3a7c9bcbc1b5acff762665dd6,H3-C03-MAIN,MAIN,2024,XAUUSD,H4,429,93,2024-04-02T14:24:40Z,2024-04-05T15:26:40Z,48.49000000,LONDON_NY_OVERLAP,NEUTRAL,TREND_UP,EXTREME
BOSS19_P5_SESSION_ATTRIBUTION_V1,2026-09-03T23:50:00Z,e54f1cfaf58df97acb8fb39c1e6e8bf4614f1ff3a7c9bcbc1b5acff762665dd6,H3-C03-MAIN,MAIN,2024,XAUUSD,H4,430,92,2024-04-02T22:16:40Z,2024-04-05T15:26:40Z,41.44000000,OUTSIDE_DEFINED_SESSION,NEUTRAL,TREND_UP,EXTREME
BOSS19_P5_SESSION_ATTRIBUTION_V1,2026-09-03T23:50:00Z,e54f1cfaf58df97acb8fb39c1e6e8bf4614f1ff3a7c9bcbc1b5acff762665dd6,H3-C03-MAIN,MAIN,2024,XAUUSD,H4,431,91,2024-04-03T16:23:40Z,2024-04-05T15:26:40Z,67.18000000,NEW_YORK_ONLY,NEUTRAL,TREND_UP,EXTREME
BOSS19_P5_SESSION_ATTRIBUTION_V1,2026-09-03T23:50:00Z,e54f1cfaf58df97acb8fb39c1e6e8bf4614f1ff3a7c9bcbc1b5acff762665dd6,H3-C03-MAIN,MAIN,2024,XAUUSD,H4,435,99,2024-04-08T02:34:40Z,2024-04-12T07:09:40Z,58.27000000,ASIA,NEUTRAL,TREND_UP,EXTREME
BOSS19_P5_SESSION_ATTRIBUTION_V1,2026-09-03T23:50:00Z,e54f1cfaf58df97acb8fb39c1e6e8bf4614f1ff3a7c9bcbc1b5acff762665dd6,H3-C03-MAIN,MAIN,2024,XAUUSD,H4,436,98,2024-04-08T02:37:40Z,2024-04-12T07:09:40Z,49.87000000,ASIA,NEUTRAL,TREND_UP,EXTREME
BOSS19_P5_SESSION_ATTRIBUTION_V1,2026-09-03T23:50:00Z,e54f1cfaf58df97acb8fb39c1e6e8bf4614f1ff3a7c9bcbc1b5acff762665dd6,H3-C03-MAIN,MAIN,2024,XAUUSD,H4,437,97,2024-04-08T02:39:20Z,2024-04-12T07:09:40Z,82.92000000,ASIA,NEUTRAL,TREND_UP,EXTREME
BOSS19_P5_SESSION_ATTRIBUTION_V1,2026-09-03T23:50:00Z,e54f1cfaf58df97acb8fb39c1e6e8bf4614f1ff3a7c9bcbc1b5acff762665dd6,H3-C03-MAIN,MAIN,2024,XAUUSD,H4,441,105,2024-04-12T14:03:40Z,2024-07-16T19:59:40Z,-12.44000000,LONDON_NY_OVERLAP,RISK_ON,TREND_UP,EXTREME
BOSS19_P5_SESSION_ATTRIBUTION_V1,2026-09-03T23:50:00Z,e54f1cfaf58df97acb8fb39c1e6e8bf4614f1ff3a7c9bcbc1b5acff762665dd6,H3-C03-MAIN,MAIN,2024,XAUUSD,H4,442,104,2024-04-12T14:15:40Z,2024-07-16T19:59:40Z,-22.43000000,LONDON_NY_OVERLAP,RISK_ON,TREND_UP,EXTREME
BOSS19_P5_SESSION_ATTRIBUTION_V1,2026-09-03T23:50:00Z,e54f1cfaf58df97acb8fb39c1e6e8bf4614f1ff3a7c9bcbc1b5acff762665dd6,H3-C03-MAIN,MAIN,2024,XAUUSD,H4,443,103,2024-04-12T14:58:40Z,2024-07-16T19:59:40Z,-64.82000000,LONDON_NY_OVERLAP,RISK_ON,TREND_UP,EXTREME
BOSS19_P5_SESSION_ATTRIBUTION_V1,2026-09-03T23:50:00Z,e54f1cfaf58df97acb8fb39c1e6e8bf4614f1ff3a7c9bcbc1b5acff762665dd6,H3-C03-MAIN,MAIN,2024,XAUUSD,H4,447,107,2024-07-17T01:41:40Z,2024-09-12T12:45:40Z,8.01000000,ASIA,NEUTRAL,TREND_UP,NORMAL
BOSS19_P5_SESSION_ATTRIBUTION_V1,2026-09-03T23:50:00Z,e54f1cfaf58df97acb8fb39c1e6e8bf4614f1ff3a7c9bcbc1b5acff762665dd6,H3-C03-MAIN,MAIN,2024,XAUUSD,H4,451,113,2024-09-12T13:38:40Z,2024-09-20T06:50:40Z,55.30000000,LONDON_NY_OVERLAP,RISK_OFF,RANGE,NORMAL
BOSS19_P5_SESSION_ATTRIBUTION_V1,2026-09-03T23:50:00Z,e54f1cfaf58df97acb8fb39c1e6e8bf4614f1ff3a7c9bcbc1b5acff762665dd6,H3-C03-MAIN,MAIN,2024,XAUUSD,H4,452,112,2024-09-12T14:46:40Z,2024-09-20T06:50:40Z,44.82000000,LONDON_NY_OVERLAP,RISK_OFF,RANGE,NORMAL
BOSS19_P5_SESSION_ATTRIBUTION_V1,2026-09-03T23:50:00Z,e54f1cfaf58df97acb8fb39c1e6e8bf4614f1ff3a7c9bcbc1b5acff762665dd6,H3-C03-MAIN,MAIN,2024,XAUUSD,H4,453,111,2024-09-13T01:01:40Z,2024-09-20T06:50:40Z,70.28000000,ASIA,RISK_OFF,TREND_UP,NORMAL
BOSS19_P5_SESSION_ATTRIBUTION_V1,2026-09-03T23:50:00Z,e54f1cfaf58df97acb8fb39c1e6e8bf4614f1ff3a7c9bcbc1b5acff762665dd6,H3-C03-MAIN,MAIN,2024,XAUUSD,H4,457,119,2024-09-20T11:00:40Z,2024-09-26T10:45:20Z,55.11000000,LONDON,NEUTRAL,TREND_UP,NORMAL
BOSS19_P5_SESSION_ATTRIBUTION_V1,2026-09-03T23:50:00Z,e54f1cfaf58df97acb8fb39c1e6e8bf4614f1ff3a7c9bcbc1b5acff762665dd6,H3-C03-MAIN,MAIN,2024,XAUUSD,H4,458,118,2024-09-20T16:00:40Z,2024-09-26T10:45:20Z,45.52000000,NEW_YORK_ONLY,NEUTRAL,TREND_UP,NORMAL
BOSS19_P5_SESSION_ATTRIBUTION_V1,2026-09-03T23:50:00Z,e54f1cfaf58df97acb8fb39c1e6e8bf4614f1ff3a7c9bcbc1b5acff762665dd6,H3-C03-MAIN,MAIN,2024,XAUUSD,H4,459,117,2024-09-23T13:54:40Z,2024-09-26T10:45:20Z,73.46000000,LONDON_NY_OVERLAP,NEUTRAL,TREND_UP,NORMAL
BOSS19_P5_SESSION_ATTRIBUTION_V1,2026-09-03T23:50:00Z,e54f1cfaf58df97acb8fb39c1e6e8bf4614f1ff3a7c9bcbc1b5acff762665dd6,H3-C03-MAIN,MAIN,2024,XAUUSD,H4,463,121,2024-09-26T11:39:40Z,2024-10-21T02:28:40Z,28.54000000,LONDON,NEUTRAL,TREND_UP,NORMAL
BOSS19_P5_SESSION_ATTRIBUTION_V1,2026-09-03T23:50:00Z,e54f1cfaf58df97acb8fb39c1e6e8bf4614f1ff3a7c9bcbc1b5acff762665dd6,H3-C03-MAIN,MAIN,2024,XAUUSD,H4,467,127,2024-10-21T12:30:20Z,2025-01-30T15:56:40Z,-23.90000000,LONDON_NY_OVERLAP,NEUTRAL,TREND_UP,LOW
BOSS19_P5_SESSION_ATTRIBUTION_V1,2026-09-03T23:50:00Z,e54f1cfaf58df97acb8fb39c1e6e8bf4614f1ff3a7c9bcbc1b5acff762665dd6,H3-C03-MAIN,MAIN,2024,XAUUSD,H4,468,126,2024-10-22T19:58:40Z,2025-01-30T15:56:40Z,-32.41000000,NEW_YORK_ONLY,NEUTRAL,TREND_UP,LOW
BOSS19_P5_SESSION_ATTRIBUTION_V1,2026-09-03T23:50:00Z,e54f1cfaf58df97acb8fb39c1e6e8bf4614f1ff3a7c9bcbc1b5acff762665dd6,H3-C03-MAIN,MAIN,2024,XAUUSD,H4,469,125,2024-10-23T08:31:40Z,2025-01-30T15:56:40Z,-81.84000000,LONDON,NEUTRAL,TREND_UP,LOW
BOSS19_P5_SESSION_ATTRIBUTION_V1,2026-09-03T23:50:00Z,e54f1cfaf58df97acb8fb39c1e6e8bf4614f1ff3a7c9bcbc1b5acff762665dd6,H3-C03-MAIN,MAIN,2025,XAUUSD,H4,473,133,2025-01-31T12:19:40Z,2025-02-05T06:24:40Z,54.27000000,LONDON_NY_OVERLAP,NEUTRAL,TREND_UP,LOW
BOSS19_P5_SESSION_ATTRIBUTION_V1,2026-09-03T23:50:00Z,e54f1cfaf58df97acb8fb39c1e6e8bf4614f1ff3a7c9bcbc1b5acff762665dd6,H3-C03-MAIN,MAIN,2025,XAUUSD,H4,474,132,2025-01-31T15:05:40Z,2025-02-05T06:24:40Z,45.12000000,LONDON_NY_OVERLAP,NEUTRAL,TREND_UP,LOW
BOSS19_P5_SESSION_ATTRIBUTION_V1,2026-09-03T23:50:00Z,e54f1cfaf58df97acb8fb39c1e6e8bf4614f1ff3a7c9bcbc1b5acff762665dd6,H3-C03-MAIN,MAIN,2025,XAUUSD,H4,475,131,2025-02-03T14:47:40Z,2025-02-05T06:24:40Z,73.52000000,LONDON_NY_OVERLAP,RISK_OFF,TREND_UP,NORMAL
BOSS19_P5_SESSION_ATTRIBUTION_V1,2026-09-03T23:50:00Z,e54f1cfaf58df97acb8fb39c1e6e8bf4614f1ff3a7c9bcbc1b5acff762665dd6,H3-C03-MAIN,MAIN,2025,XAUUSD,H4,479,139,2025-02-05T09:24:40Z,2025-02-11T01:13:40Z,56.08000000,LONDON,RISK_OFF,TREND_UP,NORMAL
BOSS19_P5_SESSION_ATTRIBUTION_V1,2026-09-03T23:50:00Z,e54f1cfaf58df97acb8fb39c1e6e8bf4614f1ff3a7c9bcbc1b5acff762665dd6,H3-C03-MAIN,MAIN,2025,XAUUSD,H4,480,138,2025-02-05T15:46:40Z,2025-02-11T01:13:40Z,47.08000000,LONDON_NY_OVERLAP,RISK_OFF,TREND_UP,NORMAL
BOSS19_P5_SESSION_ATTRIBUTION_V1,2026-09-03T23:50:00Z,e54f1cfaf58df97acb8fb39c1e6e8bf4614f1ff3a7c9bcbc1b5acff762665dd6,H3-C03-MAIN,MAIN,2025,XAUUSD,H4,481,137,2025-02-10T06:46:40Z,2025-02-11T01:13:40Z,84.08000000,ASIA,NEUTRAL,TREND_UP,NORMAL
BOSS19_P5_SESSION_ATTRIBUTION_V1,2026-09-03T23:50:00Z,e54f1cfaf58df97acb8fb39c1e6e8bf4614f1ff3a7c9bcbc1b5acff762665dd6,H3-C03-MAIN,MAIN,2025,XAUUSD,H4,485,143,2025-02-11T02:13:40Z,2025-03-18T01:56:40Z,38.24000000,ASIA,RISK_OFF,TREND_UP,NORMAL
BOSS19_P5_SESSION_ATTRIBUTION_V1,2026-09-03T23:50:00Z,e54f1cfaf58df97acb8fb39c1e6e8bf4614f1ff3a7c9bcbc1b5acff762665dd6,H3-C03-MAIN,MAIN,2025,XAUUSD,H4,486,142,2025-02-20T07:33:40Z,2025-03-18T01:56:40Z,37.15000000,LONDON,NEUTRAL,TREND_UP,NORMAL
BOSS19_P5_SESSION_ATTRIBUTION_V1,2026-09-03T23:50:00Z,e54f1cfaf58df97acb8fb39c1e6e8bf4614f1ff3a7c9bcbc1b5acff762665dd6,H3-C03-MAIN,MAIN,2025,XAUUSD,H4,490,149,2025-03-18T07:19:20Z,2025-03-30T22:05:00Z,62.89000000,LONDON,RISK_OFF,TREND_UP,NORMAL
BOSS19_P5_SESSION_ATTRIBUTION_V1,2026-09-03T23:50:00Z,e54f1cfaf58df97acb8fb39c1e6e8bf4614f1ff3a7c9bcbc1b5acff762665dd6,H3-C03-MAIN,MAIN,2025,XAUUSD,H4,491,148,2025-03-18T12:13:20Z,2025-03-30T22:05:00Z,50.69000000,LONDON_NY_OVERLAP,RISK_OFF,TREND_UP,NORMAL
BOSS19_P5_SESSION_ATTRIBUTION_V1,2026-09-03T23:50:00Z,e54f1cfaf58df97acb8fb39c1e6e8bf4614f1ff3a7c9bcbc1b5acff762665dd6,H3-C03-MAIN,MAIN,2025,XAUUSD,H4,492,147,2025-03-19T05:55:40Z,2025-03-30T22:05:00Z,78.58000000,ASIA,RISK_OFF,TREND_UP,NORMAL
BOSS19_P5_SESSION_ATTRIBUTION_V1,2026-09-03T23:50:00Z,e54f1cfaf58df97acb8fb39c1e6e8bf4614f1ff3a7c9bcbc1b5acff762665dd6,H3-C03-MAIN,MAIN,2025,XAUUSD,H4,496,155,2025-03-31T02:22:40Z,2025-04-11T00:21:40Z,83.37000000,ASIA,RISK_OFF,TREND_UP,NORMAL
BOSS19_P5_SESSION_ATTRIBUTION_V1,2026-09-03T23:50:00Z,e54f1cfaf58df97acb8fb39c1e6e8bf4614f1ff3a7c9bcbc1b5acff762665dd6,H3-C03-MAIN,MAIN,2025,XAUUSD,H4,497,154,2025-03-31T04:51:40Z,2025-04-11T00:21:40Z,72.19000000,ASIA,RISK_OFF,TREND_UP,NORMAL
BOSS19_P5_SESSION_ATTRIBUTION_V1,2026-09-03T23:50:00Z,e54f1cfaf58df97acb8fb39c1e6e8bf4614f1ff3a7c9bcbc1b5acff762665dd6,H3-C03-MAIN,MAIN,2025,XAUUSD,H4,498,153,2025-03-31T06:13:40Z,2025-04-11T00:21:40Z,122.02000000,ASIA,RISK_OFF,TREND_UP,NORMAL
BOSS19_P5_SESSION_ATTRIBUTION_V1,2026-09-03T23:50:00Z,e54f1cfaf58df97acb8fb39c1e6e8bf4614f1ff3a7c9bcbc1b5acff762665dd6,H3-C03-MAIN,MAIN,2025,XAUUSD,H4,502,161,2025-04-11T00:41:40Z,2025-04-16T08:03:40Z,93.50000000,ASIA,STRESS,TRANSITION,EXTREME
BOSS19_P5_SESSION_ATTRIBUTION_V1,2026-09-03T23:50:00Z,e54f1cfaf58df97acb8fb39c1e6e8bf4614f1ff3a7c9bcbc1b5acff762665dd6,H3-C03-MAIN,MAIN,2025,XAUUSD,H4,503,160,2025-04-11T08:23:40Z,2025-04-16T08:03:40Z,78.34000000,LONDON,STRESS,RANGE,EXTREME
BOSS19_P5_SESSION_ATTRIBUTION_V1,2026-09-03T23:50:00Z,e54f1cfaf58df97acb8fb39c1e6e8bf4614f1ff3a7c9bcbc1b5acff762665dd6,H3-C03-MAIN,MAIN,2025,XAUUSD,H4,504,159,2025-04-11T13:32:40Z,2025-04-16T08:03:40Z,126.38000000,LONDON_NY_OVERLAP,STRESS,RANGE,EXTREME
BOSS19_P5_SESSION_ATTRIBUTION_V1,2026-09-03T23:50:00Z,e54f1cfaf58df97acb8fb39c1e6e8bf4614f1ff3a7c9bcbc1b5acff762665dd6,H3-C03-MAIN,MAIN,2025,XAUUSD,H4,508,167,2025-04-16T15:41:40Z,2025-04-21T13:04:40Z,97.39000000,LONDON_NY_OVERLAP,STRESS,TREND_UP,EXTREME
BOSS19_P5_SESSION_ATTRIBUTION_V1,2026-09-03T23:50:00Z,e54f1cfaf58df97acb8fb39c1e6e8bf4614f1ff3a7c9bcbc1b5acff762665dd6,H3-C03-MAIN,MAIN,2025,XAUUSD,H4,509,166,2025-04-16T18:22:40Z,2025-04-21T13:04:40Z,82.15000000,NEW_YORK_ONLY,STRESS,TREND_UP,EXTREME
BOSS19_P5_SESSION_ATTRIBUTION_V1,2026-09-03T23:50:00Z,e54f1cfaf58df97acb8fb39c1e6e8bf4614f1ff3a7c9bcbc1b5acff762665dd6,H3-C03-MAIN,MAIN,2025,XAUUSD,H4,510,165,2025-04-16T22:05:40Z,2025-04-21T13:04:40Z,138.54000000,OUTSIDE_DEFINED_SESSION,STRESS,TREND_UP,EXTREME
BOSS19_P5_SESSION_ATTRIBUTION_V1,2026-09-03T23:50:00Z,e54f1cfaf58df97acb8fb39c1e6e8bf4614f1ff3a7c9bcbc1b5acff762665dd6,H3-C03-MAIN,MAIN,2025,XAUUSD,H4,514,173,2025-04-21T23:17:40Z,2025-09-02T15:58:40Z,-22.57000000,OUTSIDE_DEFINED_SESSION,RISK_OFF,TREND_UP,HIGH
BOSS19_P5_SESSION_ATTRIBUTION_V1,2026-09-03T23:50:00Z,e54f1cfaf58df97acb8fb39c1e6e8bf4614f1ff3a7c9bcbc1b5acff762665dd6,H3-C03-MAIN,MAIN,2025,XAUUSD,H4,515,172,2025-04-22T01:45:40Z,2025-09-02T15:58:40Z,-38.98000000,ASIA,STRESS,TREND_UP,HIGH
BOSS19_P5_SESSION_ATTRIBUTION_V1,2026-09-03T23:50:00Z,e54f1cfaf58df97acb8fb39c1e6e8bf4614f1ff3a7c9bcbc1b5acff762665dd6,H3-C03-MAIN,MAIN,2025,XAUUSD,H4,516,171,2025-04-22T02:45:40Z,2025-09-02T15:58:40Z,-110.80000000,ASIA,STRESS,TREND_UP,HIGH
BOSS19_P5_SESSION_ATTRIBUTION_V1,2026-09-03T23:50:00Z,e54f1cfaf58df97acb8fb39c1e6e8bf4614f1ff3a7c9bcbc1b5acff762665dd6,H3-C03-MAIN,MAIN,2025,XAUUSD,H4,520,179,2025-09-02T18:38:40Z,2025-09-08T07:32:40Z,74.18000000,NEW_YORK_ONLY,NEUTRAL,TREND_UP,NORMAL
BOSS19_P5_SESSION_ATTRIBUTION_V1,2026-09-03T23:50:00Z,e54f1cfaf58df97acb8fb39c1e6e8bf4614f1ff3a7c9bcbc1b5acff762665dd6,H3-C03-MAIN,MAIN,2025,XAUUSD,H4,521,178,2025-09-03T00:25:20Z,2025-09-08T07:32:40Z,62.72000000,ASIA,NEUTRAL,TREND_UP,NORMAL
BOSS19_P5_SESSION_ATTRIBUTION_V1,2026-09-03T23:50:00Z,e54f1cfaf58df97acb8fb39c1e6e8bf4614f1ff3a7c9bcbc1b5acff762665dd6,H3-C03-MAIN,MAIN,2025,XAUUSD,H4,522,177,2025-09-03T13:14:40Z,2025-09-08T07:32:40Z,100.94000000,LONDON_NY_OVERLAP,NEUTRAL,TREND_UP,NORMAL
BOSS19_P5_SESSION_ATTRIBUTION_V1,2026-09-03T23:50:00Z,e54f1cfaf58df97acb8fb39c1e6e8bf4614f1ff3a7c9bcbc1b5acff762665dd6,H3-C03-MAIN,MAIN,2025,XAUUSD,H4,526,185,2025-09-08T12:54:40Z,2025-09-16T14:17:40Z,72.16000000,LONDON_NY_OVERLAP,NEUTRAL,TREND_UP,NORMAL
BOSS19_P5_SESSION_ATTRIBUTION_V1,2026-09-03T23:50:00Z,e54f1cfaf58df97acb8fb39c1e6e8bf4614f1ff3a7c9bcbc1b5acff762665dd6,H3-C03-MAIN,MAIN,2025,XAUUSD,H4,527,184,2025-09-08T13:50:40Z,2025-09-16T14:17:40Z,59.57000000,LONDON_NY_OVERLAP,NEUTRAL,TREND_UP,NORMAL
BOSS19_P5_SESSION_ATTRIBUTION_V1,2026-09-03T23:50:00Z,e54f1cfaf58df97acb8fb39c1e6e8bf4614f1ff3a7c9bcbc1b5acff762665dd6,H3-C03-MAIN,MAIN,2025,XAUUSD,H4,528,183,2025-09-09T02:08:40Z,2025-09-16T14:17:40Z,95.52000000,ASIA,NEUTRAL,TREND_UP,NORMAL
BOSS19_P5_SESSION_ATTRIBUTION_V1,2026-09-03T23:50:00Z,e54f1cfaf58df97acb8fb39c1e6e8bf4614f1ff3a7c9bcbc1b5acff762665dd6,H3-C03-MAIN,MAIN,2025,XAUUSD,H4,532,191,2025-09-22T06:38:40Z,2025-09-29T02:21:40Z,79.15000000,ASIA,NEUTRAL,RANGE,NORMAL
BOSS19_P5_SESSION_ATTRIBUTION_V1,2026-09-03T23:50:00Z,e54f1cfaf58df97acb8fb39c1e6e8bf4614f1ff3a7c9bcbc1b5acff762665dd6,H3-C03-MAIN,MAIN,2025,XAUUSD,H4,533,190,2025-09-22T09:23:40Z,2025-09-29T02:21:40Z,66.79000000,LONDON,NEUTRAL,TREND_UP,NORMAL
BOSS19_P5_SESSION_ATTRIBUTION_V1,2026-09-03T23:50:00Z,e54f1cfaf58df97acb8fb39c1e6e8bf4614f1ff3a7c9bcbc1b5acff762665dd6,H3-C03-MAIN,MAIN,2025,XAUUSD,H4,534,189,2025-09-22T16:11:20Z,2025-09-29T02:21:40Z,108.86000000,NEW_YORK_ONLY,NEUTRAL,TREND_UP,NORMAL
BOSS19_P5_SESSION_ATTRIBUTION_V1,2026-09-03T23:50:00Z,e54f1cfaf58df97acb8fb39c1e6e8bf4614f1ff3a7c9bcbc1b5acff762665dd6,H3-C03-MAIN,MAIN,2025,XAUUSD,H4,538,197,2025-09-29T05:05:40Z,2025-10-05T22:59:40Z,88.47000000,ASIA,NEUTRAL,TREND_UP,NORMAL
BOSS19_P5_SESSION_ATTRIBUTION_V1,2026-09-03T23:50:00Z,e54f1cfaf58df97acb8fb39c1e6e8bf4614f1ff3a7c9bcbc1b5acff762665dd6,H3-C03-MAIN,MAIN,2025,XAUUSD,H4,539,196,2025-09-29T11:18:40Z,2025-10-05T22:59:40Z,74.69000000,LONDON,NEUTRAL,TREND_UP,NORMAL
BOSS19_P5_SESSION_ATTRIBUTION_V1,2026-09-03T23:50:00Z,e54f1cfaf58df97acb8fb39c1e6e8bf4614f1ff3a7c9bcbc1b5acff762665dd6,H3-C03-MAIN,MAIN,2025,XAUUSD,H4,540,195,2025-09-30T00:05:40Z,2025-10-05T22:59:40Z,123.38000000,ASIA,NEUTRAL,TREND_UP,NORMAL
BOSS19_P5_SESSION_ATTRIBUTION_V1,2026-09-03T23:50:00Z,e54f1cfaf58df97acb8fb39c1e6e8bf4614f1ff3a7c9bcbc1b5acff762665dd6,H3-C03-MAIN,MAIN,2025,XAUUSD,H4,544,203,2025-10-05T23:04:40Z,2025-10-08T03:07:20Z,97.05000000,OUTSIDE_DEFINED_SESSION,NEUTRAL,TREND_UP,NORMAL
BOSS19_P5_SESSION_ATTRIBUTION_V1,2026-09-03T23:50:00Z,e54f1cfaf58df97acb8fb39c1e6e8bf4614f1ff3a7c9bcbc1b5acff762665dd6,H3-C03-MAIN,MAIN,2025,XAUUSD,H4,545,202,2025-10-06T03:47:40Z,2025-10-08T03:07:20Z,81.90000000,ASIA,NEUTRAL,TREND_UP,NORMAL
BOSS19_P5_SESSION_ATTRIBUTION_V1,2026-09-03T23:50:00Z,e54f1cfaf58df97acb8fb39c1e6e8bf4614f1ff3a7c9bcbc1b5acff762665dd6,H3-C03-MAIN,MAIN,2025,XAUUSD,H4,546,201,2025-10-06T08:02:20Z,2025-10-08T03:07:20Z,133.48000000,LONDON,NEUTRAL,TREND_UP,NORMAL
BOSS19_P5_SESSION_ATTRIBUTION_V1,2026-09-03T23:50:00Z,e54f1cfaf58df97acb8fb39c1e6e8bf4614f1ff3a7c9bcbc1b5acff762665dd6,H3-C03-MAIN,MAIN,2025,XAUUSD,H4,550,209,2025-10-08T05:05:40Z,2025-10-14T01:12:40Z,106.51000000,ASIA,NEUTRAL,TREND_UP,NORMAL
BOSS19_P5_SESSION_ATTRIBUTION_V1,2026-09-03T23:50:00Z,e54f1cfaf58df97acb8fb39c1e6e8bf4614f1ff3a7c9bcbc1b5acff762665dd6,H3-C03-MAIN,MAIN,2025,XAUUSD,H4,551,208,2025-10-08T09:53:40Z,2025-10-14T01:12:40Z,90.58000000,LONDON,NEUTRAL,TREND_UP,NORMAL
BOSS19_P5_SESSION_ATTRIBUTION_V1,2026-09-03T23:50:00Z,e54f1cfaf58df97acb8fb39c1e6e8bf4614f1ff3a7c9bcbc1b5acff762665dd6,H3-C03-MAIN,MAIN,2025,XAUUSD,H4,552,207,2025-10-13T05:04:40Z,2025-10-14T01:12:40Z,157.22000000,ASIA,NEUTRAL,TREND_UP,HIGH
BOSS19_P5_SESSION_ATTRIBUTION_V1,2026-09-03T23:50:00Z,e54f1cfaf58df97acb8fb39c1e6e8bf4614f1ff3a7c9bcbc1b5acff762665dd6,H3-C03-MAIN,MAIN,2025,XAUUSD,H4,556,215,2025-10-14T03:17:20Z,2025-10-16T15:29:40Z,112.02000000,ASIA,NEUTRAL,TREND_UP,NORMAL
BOSS19_P5_SESSION_ATTRIBUTION_V1,2026-09-03T23:50:00Z,e54f1cfaf58df97acb8fb39c1e6e8bf4614f1ff3a7c9bcbc1b5acff762665dd6,H3-C03-MAIN,MAIN,2025,XAUUSD,H4,557,214,2025-10-14T05:08:40Z,2025-10-16T15:29:40Z,94.01000000,ASIA,NEUTRAL,TREND_UP,NORMAL
BOSS19_P5_SESSION_ATTRIBUTION_V1,2026-09-03T23:50:00Z,e54f1cfaf58df97acb8fb39c1e6e8bf4614f1ff3a7c9bcbc1b5acff762665dd6,H3-C03-MAIN,MAIN,2025,XAUUSD,H4,558,213,2025-10-15T06:43:40Z,2025-10-16T15:29:40Z,153.56000000,ASIA,NEUTRAL,TREND_UP,HIGH
BOSS19_P5_SESSION_ATTRIBUTION_V1,2026-09-03T23:50:00Z,e54f1cfaf58df97acb8fb39c1e6e8bf4614f1ff3a7c9bcbc1b5acff762665dd6,H3-C03-MAIN,MAIN,2025,XAUUSD,H4,562,221,2025-10-16T16:28:00Z,2025-12-22T13:09:20Z,80.14000000,NEW_YORK_ONLY,NEUTRAL,TREND_UP,HIGH
BOSS19_P5_SESSION_ATTRIBUTION_V1,2026-09-03T23:50:00Z,e54f1cfaf58df97acb8fb39c1e6e8bf4614f1ff3a7c9bcbc1b5acff762665dd6,H3-C03-MAIN,MAIN,2025,XAUUSD,H4,563,220,2025-10-16T19:55:40Z,2025-12-22T13:09:20Z,61.67000000,NEW_YORK_ONLY,NEUTRAL,TREND_UP,HIGH
BOSS19_P5_SESSION_ATTRIBUTION_V1,2026-09-03T23:50:00Z,e54f1cfaf58df97acb8fb39c1e6e8bf4614f1ff3a7c9bcbc1b5acff762665dd6,H3-C03-MAIN,MAIN,2025,XAUUSD,H4,564,219,2025-10-16T20:53:40Z,2025-12-22T13:09:20Z,86.40000000,NEW_YORK_ONLY,NEUTRAL,TREND_UP,HIGH
BOSS19_P5_SESSION_ATTRIBUTION_V1,2026-09-03T23:50:00Z,e54f1cfaf58df97acb8fb39c1e6e8bf4614f1ff3a7c9bcbc1b5acff762665dd6,H3-C03-MAIN,MAIN,2025,XAUUSD,H4,568,227,2025-12-22T16:31:20Z,2025-12-30T21:59:59Z,-110.46000000,NEW_YORK_ONLY,NEUTRAL,TREND_UP,NORMAL
BOSS19_P5_SESSION_ATTRIBUTION_V1,2026-09-03T23:50:00Z,e54f1cfaf58df97acb8fb39c1e6e8bf4614f1ff3a7c9bcbc1b5acff762665dd6,H3-C03-MAIN,MAIN,2025,XAUUSD,H4,569,226,2025-12-23T00:07:40Z,2025-12-30T21:59:59Z,-131.31000000,ASIA,NEUTRAL,TREND_UP,NORMAL
BOSS19_P5_SESSION_ATTRIBUTION_V1,2026-09-03T23:50:00Z,e54f1cfaf58df97acb8fb39c1e6e8bf4614f1ff3a7c9bcbc1b5acff762665dd6,H3-C03-MAIN,MAIN,2025,XAUUSD,H4,570,225,2025-12-23T01:11:40Z,2025-12-30T21:59:59Z,-305.90000000,ASIA,NEUTRAL,TREND_UP,NORMAL
BOSS19_P5_SESSION_ATTRIBUTION_V1,2026-09-03T23:50:00Z,e54f1cfaf58df97acb8fb39c1e6e8bf4614f1ff3a7c9bcbc1b5acff762665dd6,H3-C04-BWD,BWD,2020,EURUSD,M15,2,3,2020-01-02T01:20:40Z,2020-01-02T04:43:40Z,1.44000000,ASIA,NEUTRAL,RANGE,NORMAL
BOSS19_P5_SESSION_ATTRIBUTION_V1,2026-09-03T23:50:00Z,e54f1cfaf58df97acb8fb39c1e6e8bf4614f1ff3a7c9bcbc1b5acff762665dd6,H3-C04-BWD,BWD,2020,EURUSD,M15,105,7,2020-01-06T08:56:40Z,2020-03-06T08:53:40Z,5.68000000,LONDON,NEUTRAL,RANGE,NORMAL
BOSS19_P5_SESSION_ATTRIBUTION_V1,2026-09-03T23:50:00Z,e54f1cfaf58df97acb8fb39c1e6e8bf4614f1ff3a7c9bcbc1b5acff762665dd6,H3-C04-BWD,BWD,2020,EURUSD,M15,106,6,2020-01-06T09:59:40Z,2020-03-06T08:53:40Z,4.25000000,LONDON,NEUTRAL,RANGE,NORMAL
BOSS19_P5_SESSION_ATTRIBUTION_V1,2026-09-03T23:50:00Z,e54f1cfaf58df97acb8fb39c1e6e8bf4614f1ff3a7c9bcbc1b5acff762665dd6,H3-C04-BWD,BWD,2020,EURUSD,M15,110,13,2020-03-06T10:03:40Z,2020-03-09T01:49:40Z,16.74000000,LONDON,STRESS,TREND_UP,EXTREME
BOSS19_P5_SESSION_ATTRIBUTION_V1,2026-09-03T23:50:00Z,e54f1cfaf58df97acb8fb39c1e6e8bf4614f1ff3a7c9bcbc1b5acff762665dd6,H3-C04-BWD,BWD,2020,EURUSD,M15,111,12,2020-03-06T10:21:40Z,2020-03-09T01:49:40Z,14.89000000,LONDON,STRESS,TREND_UP,EXTREME
BOSS19_P5_SESSION_ATTRIBUTION_V1,2026-09-03T23:50:00Z,e54f1cfaf58df97acb8fb39c1e6e8bf4614f1ff3a7c9bcbc1b5acff762665dd6,H3-C04-BWD,BWD,2020,EURUSD,M15,112,11,2020-03-06T11:16:40Z,2020-03-09T01:49:40Z,26.10000000,LONDON,STRESS,TREND_UP,EXTREME
BOSS19_P5_SESSION_ATTRIBUTION_V1,2026-09-03T23:50:00Z,e54f1cfaf58df97acb8fb39c1e6e8bf4614f1ff3a7c9bcbc1b5acff762665dd6,H3-C04-BWD,BWD,2020,EURUSD,M15,116,15,2020-03-09T01:50:20Z,2020-07-23T15:43:40Z,3.24000000,ASIA,STRESS,TREND_UP,EXTREME
BOSS19_P5_SESSION_ATTRIBUTION_V1,2026-09-03T23:50:00Z,e54f1cfaf58df97acb8fb39c1e6e8bf4614f1ff3a7c9bcbc1b5acff762665dd6,H3-C04-BWD,BWD,2020,EURUSD,M15,153,21,2020-07-24T17:20:40Z,2020-07-29T18:42:40Z,16.09000000,NEW_YORK_ONLY,NEUTRAL,TREND_UP,NORMAL
BOSS19_P5_SESSION_ATTRIBUTION_V1,2026-09-03T23:50:00Z,e54f1cfaf58df97acb8fb39c1e6e8bf4614f1ff3a7c9bcbc1b5acff762665dd6,H3-C04-BWD,BWD,2020,EURUSD,M15,154,20,2020-07-27T00:20:40Z,2020-07-29T18:42:40Z,13.64000000,ASIA,NEUTRAL,TREND_UP,NORMAL
BOSS19_P5_SESSION_ATTRIBUTION_V1,2026-09-03T23:50:00Z,e54f1cfaf58df97acb8fb39c1e6e8bf4614f1ff3a7c9bcbc1b5acff762665dd6,H3-C04-BWD,BWD,2020,EURUSD,M15,155,19,2020-07-27T00:44:40Z,2020-07-29T18:42:40Z,22.22000000,ASIA,NEUTRAL,TREND_UP,NORMAL
BOSS19_P5_SESSION_ATTRIBUTION_V1,2026-09-03T23:50:00Z,e54f1cfaf58df97acb8fb39c1e6e8bf4614f1ff3a7c9bcbc1b5acff762665dd6,H3-C04-BWD,BWD,2020,EURUSD,M15,162,23,2020-07-30T13:03:40Z,2020-07-31T16:39:40Z,2.88000000,LONDON_NY_OVERLAP,NEUTRAL,RANGE,NORMAL
BOSS19_P5_SESSION_ATTRIBUTION_V1,2026-09-03T23:50:00Z,e54f1cfaf58df97acb8fb39c1e6e8bf4614f1ff3a7c9bcbc1b5acff762665dd6,H3-C04-BWD,BWD,2020,EURUSD,M15,166,25,2020-07-31T16:52:40Z,2020-08-03T00:16:40Z,3.42000000,NEW_YORK_ONLY,NEUTRAL,TREND_DOWN,HIGH
BOSS19_P5_SESSION_ATTRIBUTION_V1,2026-09-03T23:50:00Z,e54f1cfaf58df97acb8fb39c1e6e8bf4614f1ff3a7c9bcbc1b5acff762665dd6,H3-C04-BWD,BWD,2020,EURUSD,M15,170,27,2020-08-04T07:18:00Z,2020-08-18T12:19:40Z,13.14000000,LONDON,NEUTRAL,RANGE,NORMAL
BOSS19_P5_SESSION_ATTRIBUTION_V1,2026-09-03T23:50:00Z,e54f1cfaf58df97acb8fb39c1e6e8bf4614f1ff3a7c9bcbc1b5acff762665dd6,H3-C04-BWD,BWD,2020,EURUSD,M15,174,29,2020-08-18T13:28:40Z,2020-12-01T20:54:40Z,4.56000000,LONDON_NY_OVERLAP,NEUTRAL,TREND_UP,NORMAL
BOSS19_P5_SESSION_ATTRIBUTION_V1,2026-09-03T23:50:00Z,e54f1cfaf58df97acb8fb39c1e6e8bf4614f1ff3a7c9bcbc1b5acff762665dd6,H3-C04-BWD,BWD,2020,EURUSD,M15,190,31,2020-12-02T13:37:40Z,2021-02-02T10:15:40Z,4.92000000,LONDON_NY_OVERLAP,NEUTRAL,RANGE,NORMAL
BOSS19_P5_SESSION_ATTRIBUTION_V1,2026-09-03T23:50:00Z,e54f1cfaf58df97acb8fb39c1e6e8bf4614f1ff3a7c9bcbc1b5acff762665dd6,H3-C04-BWD,BWD,2021,EURUSD,M15,293,37,2021-02-05T13:35:40Z,2021-02-11T13:09:40Z,13.64000000,LONDON_NY_OVERLAP,NEUTRAL,RANGE,NORMAL
BOSS19_P5_SESSION_ATTRIBUTION_V1,2026-09-03T23:50:00Z,e54f1cfaf58df97acb8fb39c1e6e8bf4614f1ff3a7c9bcbc1b5acff762665dd6,H3-C04-BWD,BWD,2021,EURUSD,M15,294,36,2021-02-05T15:05:40Z,2021-02-11T13:09:40Z,11.43000000,LONDON_NY_OVERLAP,NEUTRAL,TREND_UP,NORMAL
BOSS19_P5_SESSION_ATTRIBUTION_V1,2026-09-03T23:50:00Z,e54f1cfaf58df97acb8fb39c1e6e8bf4614f1ff3a7c9bcbc1b5acff762665dd6,H3-C04-BWD,BWD,2021,EURUSD,M15,295,35,2021-02-05T18:46:40Z,2021-02-11T13:09:40Z,18.43000000,NEW_YORK_ONLY,NEUTRAL,TREND_UP,NORMAL
BOSS19_P5_SESSION_ATTRIBUTION_V1,2026-09-03T23:50:00Z,e54f1cfaf58df97acb8fb39c1e6e8bf4614f1ff3a7c9bcbc1b5acff762665dd6,H3-C04-BWD,BWD,2021,EURUSD,M15,365,39,2021-02-16T08:58:40Z,2021-05-25T07:07:40Z,3.37000000,LONDON,NEUTRAL,RANGE,LOW
BOSS19_P5_SESSION_ATTRIBUTION_V1,2026-09-03T23:50:00Z,e54f1cfaf58df97acb8fb39c1e6e8bf4614f1ff3a7c9bcbc1b5acff762665dd6,H3-C04-BWD,BWD,2021,EURUSD,M15,402,41,2021-05-27T10:23:40Z,2021-05-27T13:34:40Z,2.16000000,LONDON,NEUTRAL,RANGE,NORMAL
BOSS19_P5_SESSION_ATTRIBUTION_V1,2026-09-03T23:50:00Z,e54f1cfaf58df97acb8fb39c1e6e8bf4614f1ff3a7c9bcbc1b5acff762665dd6,H3-C04-BWD,BWD,2021,EURUSD,M15,406,43,2021-05-27T14:02:40Z,2021-05-28T05:43:40Z,2.30000000,LONDON_NY_OVERLAP,NEUTRAL,RANGE,NORMAL
BOSS19_P5_SESSION_ATTRIBUTION_V1,2026-09-03T23:50:00Z,e54f1cfaf58df97acb8fb39c1e6e8bf4614f1ff3a7c9bcbc1b5acff762665dd6,H3-C04-BWD,BWD,2021,EURUSD,M15,410,45,2021-05-28T08:17:20Z,2021-05-28T10:46:40Z,2.22000000,LONDON,NEUTRAL,RANGE,NORMAL
BOSS19_P5_SESSION_ATTRIBUTION_V1,2026-09-03T23:50:00Z,e54f1cfaf58df97acb8fb39c1e6e8bf4614f1ff3a7c9bcbc1b5acff762665dd6,H3-C04-BWD,BWD,2021,EURUSD,M15,414,47,2021-05-28T15:36:20Z,2021-06-02T09:32:40Z,2.44000000,LONDON_NY_OVERLAP,NEUTRAL,RANGE,HIGH
BOSS19_P5_SESSION_ATTRIBUTION_V1,2026-09-03T23:50:00Z,e54f1cfaf58df97acb8fb39c1e6e8bf4614f1ff3a7c9bcbc1b5acff762665dd6,H3-C04-BWD,BWD,2021,EURUSD,M15,418,51,2021-06-02T13:34:40Z,2021-06-03T12:23:40Z,2.36000000,LONDON_NY_OVERLAP,NEUTRAL,TREND_DOWN,NORMAL
BOSS19_P5_SESSION_ATTRIBUTION_V1,2026-09-03T23:50:00Z,e54f1cfaf58df97acb8fb39c1e6e8bf4614f1ff3a7c9bcbc1b5acff762665dd6,H3-C04-BWD,BWD,2021,EURUSD,M15,419,50,2021-06-02T15:13:40Z,2021-06-03T06:13:40Z,2.13000000,LONDON_NY_OVERLAP,NEUTRAL,RANGE,NORMAL
BOSS19_P5_SESSION_ATTRIBUTION_V1,2026-09-03T23:50:00Z,e54f1cfaf58df97acb8fb39c1e6e8bf4614f1ff3a7c9bcbc1b5acff762665dd6,H3-C04-BWD,BWD,2021,EURUSD,M15,429,53,2021-06-04T12:56:40Z,2022-12-30T21:54:59Z,-187.41000000,LONDON_NY_OVERLAP,NEUTRAL,RANGE,NORMAL
BOSS19_P5_SESSION_ATTRIBUTION_V1,2026-09-03T23:50:00Z,e54f1cfaf58df97acb8fb39c1e6e8bf4614f1ff3a7c9bcbc1b5acff762665dd6,H3-C04-MAIN,MAIN,2023,EURUSD,M15,29,5,2023-01-04T07:41:40Z,2023-01-09T16:48:40Z,15.95000000,LONDON,RISK_OFF,RANGE,LOW
BOSS19_P5_SESSION_ATTRIBUTION_V1,2026-09-03T23:50:00Z,e54f1cfaf58df97acb8fb39c1e6e8bf4614f1ff3a7c9bcbc1b5acff762665dd6,H3-C04-MAIN,MAIN,2023,EURUSD,M15,30,4,2023-01-04T08:14:40Z,2023-01-09T16:48:40Z,13.09000000,LONDON,RISK_OFF,RANGE,NORMAL
BOSS19_P5_SESSION_ATTRIBUTION_V1,2026-09-03T23:50:00Z,e54f1cfaf58df97acb8fb39c1e6e8bf4614f1ff3a7c9bcbc1b5acff762665dd6,H3-C04-MAIN,MAIN,2023,EURUSD,M15,37,7,2023-01-10T14:27:40Z,2023-02-06T16:56:40Z,3.93000000,LONDON_NY_OVERLAP,RISK_OFF,RANGE,NORMAL
BOSS19_P5_SESSION_ATTRIBUTION_V1,2026-09-03T23:50:00Z,e54f1cfaf58df97acb8fb39c1e6e8bf4614f1ff3a7c9bcbc1b5acff762665dd6,H3-C04-MAIN,MAIN,2023,EURUSD,M15,41,9,2023-02-07T17:53:40Z,2023-02-07T18:16:20Z,2.92000000,NEW_YORK_ONLY,RISK_OFF,RANGE,NORMAL
BOSS19_P5_SESSION_ATTRIBUTION_V1,2026-09-03T23:50:00Z,e54f1cfaf58df97acb8fb39c1e6e8bf4614f1ff3a7c9bcbc1b5acff762665dd6,H3-C04-MAIN,MAIN,2023,EURUSD,M15,63,11,2023-02-08T07:46:40Z,2023-03-22T18:41:40Z,10.76000000,LONDON,RISK_OFF,RANGE,LOW
BOSS19_P5_SESSION_ATTRIBUTION_V1,2026-09-03T23:50:00Z,e54f1cfaf58df97acb8fb39c1e6e8bf4614f1ff3a7c9bcbc1b5acff762665dd6,H3-C04-MAIN,MAIN,2023,EURUSD,M15,67,13,2023-03-22T18:48:40Z,2023-04-13T12:54:40Z,12.80000000,NEW_YORK_ONLY,NEUTRAL,TREND_UP,NORMAL
BOSS19_P5_SESSION_ATTRIBUTION_V1,2026-09-03T23:50:00Z,e54f1cfaf58df97acb8fb39c1e6e8bf4614f1ff3a7c9bcbc1b5acff762665dd6,H3-C04-MAIN,MAIN,2023,EURUSD,M15,125,15,2023-04-18T07:51:40Z,2023-05-04T06:14:40Z,11.09000000,LONDON,NEUTRAL,RANGE,LOW
BOSS19_P5_SESSION_ATTRIBUTION_V1,2026-09-03T23:50:00Z,e54f1cfaf58df97acb8fb39c1e6e8bf4614f1ff3a7c9bcbc1b5acff762665dd6,H3-C04-MAIN,MAIN,2023,EURUSD,M15,132,17,2023-05-04T11:07:40Z,2023-05-04T12:27:40Z,2.80000000,LONDON,NEUTRAL,RANGE,NORMAL
BOSS19_P5_SESSION_ATTRIBUTION_V1,2026-09-03T23:50:00Z,e54f1cfaf58df97acb8fb39c1e6e8bf4614f1ff3a7c9bcbc1b5acff762665dd6,H3-C04-MAIN,MAIN,2023,EURUSD,M15,253,19,2023-05-08T06:14:40Z,2023-07-13T07:13:40Z,6.41000000,ASIA,NEUTRAL,TREND_UP,LOW
BOSS19_P5_SESSION_ATTRIBUTION_V1,2026-09-03T23:50:00Z,e54f1cfaf58df97acb8fb39c1e6e8bf4614f1ff3a7c9bcbc1b5acff762665dd6,H3-C04-MAIN,MAIN,2023,EURUSD,M15,257,25,2023-07-13T12:03:40Z,2025-04-11T00:33:20Z,-24.24000000,LONDON_NY_OVERLAP,NEUTRAL,TREND_UP,NORMAL
BOSS19_P5_SESSION_ATTRIBUTION_V1,2026-09-03T23:50:00Z,e54f1cfaf58df97acb8fb39c1e6e8bf4614f1ff3a7c9bcbc1b5acff762665dd6,H3-C04-MAIN,MAIN,2023,EURUSD,M15,258,24,2023-07-13T16:07:40Z,2025-04-11T00:33:20Z,-26.45000000,NEW_YORK_ONLY,NEUTRAL,TREND_UP,NORMAL
BOSS19_P5_SESSION_ATTRIBUTION_V1,2026-09-03T23:50:00Z,e54f1cfaf58df97acb8fb39c1e6e8bf4614f1ff3a7c9bcbc1b5acff762665dd6,H3-C04-MAIN,MAIN,2023,EURUSD,M15,259,23,2023-07-13T19:22:40Z,2025-04-11T00:33:20Z,-56.43000000,NEW_YORK_ONLY,NEUTRAL,TREND_UP,NORMAL
BOSS19_P5_SESSION_ATTRIBUTION_V1,2026-09-03T23:50:00Z,e54f1cfaf58df97acb8fb39c1e6e8bf4614f1ff3a7c9bcbc1b5acff762665dd6,H3-C04-MAIN,MAIN,2025,EURUSD,M15,263,31,2025-04-11T00:35:40Z,2025-04-21T07:57:40Z,21.28000000,ASIA,STRESS,TREND_UP,EXTREME
BOSS19_P5_SESSION_ATTRIBUTION_V1,2026-09-03T23:50:00Z,e54f1cfaf58df97acb8fb39c1e6e8bf4614f1ff3a7c9bcbc1b5acff762665dd6,H3-C04-MAIN,MAIN,2025,EURUSD,M15,265,29,2025-04-11T08:02:40Z,2025-04-21T07:57:40Z,28.91000000,LONDON,STRESS,TREND_UP,EXTREME
BOSS19_P5_SESSION_ATTRIBUTION_V1,2026-09-03T23:50:00Z,e54f1cfaf58df97acb8fb39c1e6e8bf4614f1ff3a7c9bcbc1b5acff762665dd6,H3-C04-MAIN,MAIN,2025,EURUSD,M15,264,30,2025-04-11T08:02:40Z,2025-04-21T07:57:40Z,17.86000000,LONDON,STRESS,TREND_UP,EXTREME
BOSS19_P5_SESSION_ATTRIBUTION_V1,2026-09-03T23:50:00Z,e54f1cfaf58df97acb8fb39c1e6e8bf4614f1ff3a7c9bcbc1b5acff762665dd6,H3-C04-MAIN,MAIN,2025,EURUSD,M15,290,33,2025-04-22T03:03:40Z,2025-04-22T07:03:20Z,3.73000000,ASIA,STRESS,RANGE,NORMAL
BOSS19_P5_SESSION_ATTRIBUTION_V1,2026-09-03T23:50:00Z,e54f1cfaf58df97acb8fb39c1e6e8bf4614f1ff3a7c9bcbc1b5acff762665dd6,H3-C04-MAIN,MAIN,2025,EURUSD,M15,330,35,2025-04-24T19:39:20Z,2025-06-12T08:16:40Z,10.74000000,NEW_YORK_ONLY,NEUTRAL,RANGE,HIGH
BOSS19_P5_SESSION_ATTRIBUTION_V1,2026-09-03T23:50:00Z,e54f1cfaf58df97acb8fb39c1e6e8bf4614f1ff3a7c9bcbc1b5acff762665dd6,H3-C04-MAIN,MAIN,2025,EURUSD,M15,334,41,2025-06-12T09:52:40Z,2025-06-26T08:33:40Z,16.03000000,LONDON,NEUTRAL,TREND_UP,NORMAL
BOSS19_P5_SESSION_ATTRIBUTION_V1,2026-09-03T23:50:00Z,e54f1cfaf58df97acb8fb39c1e6e8bf4614f1ff3a7c9bcbc1b5acff762665dd6,H3-C04-MAIN,MAIN,2025,EURUSD,M15,335,40,2025-06-12T10:30:40Z,2025-06-26T08:33:40Z,13.24000000,LONDON,NEUTRAL,TREND_UP,HIGH
BOSS19_P5_SESSION_ATTRIBUTION_V1,2026-09-03T23:50:00Z,e54f1cfaf58df97acb8fb39c1e6e8bf4614f1ff3a7c9bcbc1b5acff762665dd6,H3-C04-MAIN,MAIN,2025,EURUSD,M15,336,39,2025-06-12T12:30:40Z,2025-06-26T08:33:40Z,20.92000000,LONDON_NY_OVERLAP,NEUTRAL,TREND_UP,HIGH
BOSS19_P5_SESSION_ATTRIBUTION_V1,2026-09-03T23:50:00Z,e54f1cfaf58df97acb8fb39c1e6e8bf4614f1ff3a7c9bcbc1b5acff762665dd6,H3-C04-MAIN,MAIN,2025,EURUSD,M15,355,43,2025-06-27T12:57:40Z,2025-09-16T16:18:40Z,5.71000000,LONDON_NY_OVERLAP,NEUTRAL,RANGE,NORMAL
BOSS19_P5_SESSION_ATTRIBUTION_V1,2026-09-03T23:50:00Z,e54f1cfaf58df97acb8fb39c1e6e8bf4614f1ff3a7c9bcbc1b5acff762665dd6,H3-C04-MAIN,MAIN,2025,EURUSD,M15,410,47,2025-09-17T18:00:40Z,2025-12-30T21:59:59Z,-20.18000000,NEW_YORK_ONLY,NEUTRAL,RANGE,LOW
BOSS19_P5_SESSION_ATTRIBUTION_V1,2026-09-03T23:50:00Z,e54f1cfaf58df97acb8fb39c1e6e8bf4614f1ff3a7c9bcbc1b5acff762665dd6,H3-C04-MAIN,MAIN,2025,EURUSD,M15,411,46,2025-09-17T18:07:40Z,2025-12-30T21:59:59Z,-22.48000000,NEW_YORK_ONLY,NEUTRAL,RANGE,LOW
BOSS19_P5_SESSION_ATTRIBUTION_V1,2026-09-03T23:50:00Z,e54f1cfaf58df97acb8fb39c1e6e8bf4614f1ff3a7c9bcbc1b5acff762665dd6,H3-C05-BWD,BWD,2020,EURUSD,H1,50,5,2020-01-02T15:56:40Z,2020-03-06T09:41:40Z,5.44000000,LONDON_NY_OVERLAP,NEUTRAL,RANGE,NORMAL
BOSS19_P5_SESSION_ATTRIBUTION_V1,2026-09-03T23:50:00Z,e54f1cfaf58df97acb8fb39c1e6e8bf4614f1ff3a7c9bcbc1b5acff762665dd6,H3-C05-BWD,BWD,2020,EURUSD,H1,51,4,2020-01-02T15:59:40Z,2020-03-06T09:41:40Z,4.09000000,LONDON_NY_OVERLAP,NEUTRAL,RANGE,NORMAL
BOSS19_P5_SESSION_ATTRIBUTION_V1,2026-09-03T23:50:00Z,e54f1cfaf58df97acb8fb39c1e6e8bf4614f1ff3a7c9bcbc1b5acff762665dd6,H3-C05-BWD,BWD,2020,EURUSD,H1,55,11,2020-03-06T10:05:40Z,2020-03-09T01:49:40Z,15.97000000,LONDON,STRESS,TREND_UP,EXTREME
BOSS19_P5_SESSION_ATTRIBUTION_V1,2026-09-03T23:50:00Z,e54f1cfaf58df97acb8fb39c1e6e8bf4614f1ff3a7c9bcbc1b5acff762665dd6,H3-C05-BWD,BWD,2020,EURUSD,H1,56,10,2020-03-06T10:28:40Z,2020-03-09T01:49:40Z,14.12000000,LONDON,STRESS,TREND_UP,EXTREME
BOSS19_P5_SESSION_ATTRIBUTION_V1,2026-09-03T23:50:00Z,e54f1cfaf58df97acb8fb39c1e6e8bf4614f1ff3a7c9bcbc1b5acff762665dd6,H3-C05-BWD,BWD,2020,EURUSD,H1,57,9,2020-03-06T14:16:40Z,2020-03-09T01:49:40Z,24.56000000,LONDON_NY_OVERLAP,STRESS,TREND_UP,EXTREME
BOSS19_P5_SESSION_ATTRIBUTION_V1,2026-09-03T23:50:00Z,e54f1cfaf58df97acb8fb39c1e6e8bf4614f1ff3a7c9bcbc1b5acff762665dd6,H3-C05-BWD,BWD,2020,EURUSD,H1,61,13,2020-03-09T01:50:20Z,2020-07-23T15:43:40Z,3.24000000,ASIA,STRESS,TREND_UP,EXTREME
BOSS19_P5_SESSION_ATTRIBUTION_V1,2026-09-03T23:50:00Z,e54f1cfaf58df97acb8fb39c1e6e8bf4614f1ff3a7c9bcbc1b5acff762665dd6,H3-C05-BWD,BWD,2020,EURUSD,H1,65,19,2020-07-24T17:20:40Z,2020-07-29T18:42:40Z,16.12000000,NEW_YORK_ONLY,NEUTRAL,RANGE,NORMAL
BOSS19_P5_SESSION_ATTRIBUTION_V1,2026-09-03T23:50:00Z,e54f1cfaf58df97acb8fb39c1e6e8bf4614f1ff3a7c9bcbc1b5acff762665dd6,H3-C05-BWD,BWD,2020,EURUSD,H1,66,18,2020-07-27T00:20:40Z,2020-07-29T18:42:40Z,13.63000000,ASIA,NEUTRAL,TREND_UP,NORMAL
BOSS19_P5_SESSION_ATTRIBUTION_V1,2026-09-03T23:50:00Z,e54f1cfaf58df97acb8fb39c1e6e8bf4614f1ff3a7c9bcbc1b5acff762665dd6,H3-C05-BWD,BWD,2020,EURUSD,H1,67,17,2020-07-27T00:44:40Z,2020-07-29T18:42:40Z,22.16000000,ASIA,NEUTRAL,TREND_UP,NORMAL
BOSS19_P5_SESSION_ATTRIBUTION_V1,2026-09-03T23:50:00Z,e54f1cfaf58df97acb8fb39c1e6e8bf4614f1ff3a7c9bcbc1b5acff762665dd6,H3-C05-BWD,BWD,2020,EURUSD,H1,71,25,2020-07-30T17:34:40Z,2020-09-01T13:21:40Z,16.02000000,NEW_YORK_ONLY,NEUTRAL,RANGE,NORMAL
BOSS19_P5_SESSION_ATTRIBUTION_V1,2026-09-03T23:50:00Z,e54f1cfaf58df97acb8fb39c1e6e8bf4614f1ff3a7c9bcbc1b5acff762665dd6,H3-C05-BWD,BWD,2020,EURUSD,H1,72,24,2020-07-30T23:15:40Z,2020-09-01T13:21:40Z,13.62000000,OUTSIDE_DEFINED_SESSION,NEUTRAL,TREND_UP,NORMAL
BOSS19_P5_SESSION_ATTRIBUTION_V1,2026-09-03T23:50:00Z,e54f1cfaf58df97acb8fb39c1e6e8bf4614f1ff3a7c9bcbc1b5acff762665dd6,H3-C05-BWD,BWD,2020,EURUSD,H1,73,23,2020-07-31T00:01:40Z,2020-09-01T13:21:40Z,22.32000000,ASIA,NEUTRAL,TREND_UP,NORMAL
BOSS19_P5_SESSION_ATTRIBUTION_V1,2026-09-03T23:50:00Z,e54f1cfaf58df97acb8fb39c1e6e8bf4614f1ff3a7c9bcbc1b5acff762665dd6,H3-C05-BWD,BWD,2020,EURUSD,H1,83,31,2020-09-10T08:44:40Z,2020-11-30T09:58:20Z,9.09000000,LONDON,NEUTRAL,RANGE,NORMAL
BOSS19_P5_SESSION_ATTRIBUTION_V1,2026-09-03T23:50:00Z,e54f1cfaf58df97acb8fb39c1e6e8bf4614f1ff3a7c9bcbc1b5acff762665dd6,H3-C05-BWD,BWD,2020,EURUSD,H1,84,30,2020-09-10T12:31:40Z,2020-11-30T09:58:20Z,6.34000000,LONDON_NY_OVERLAP,NEUTRAL,RANGE,NORMAL
BOSS19_P5_SESSION_ATTRIBUTION_V1,2026-09-03T23:50:00Z,e54f1cfaf58df97acb8fb39c1e6e8bf4614f1ff3a7c9bcbc1b5acff762665dd6,H3-C05-BWD,BWD,2020,EURUSD,H1,85,29,2020-09-10T12:37:40Z,2020-11-30T09:58:20Z,7.29000000,LONDON_NY_OVERLAP,NEUTRAL,RANGE,NORMAL
BOSS19_P5_SESSION_ATTRIBUTION_V1,2026-09-03T23:50:00Z,e54f1cfaf58df97acb8fb39c1e6e8bf4614f1ff3a7c9bcbc1b5acff762665dd6,H3-C05-BWD,BWD,2020,EURUSD,H1,89,37,2020-12-01T15:17:40Z,2020-12-03T12:58:40Z,15.11000000,LONDON_NY_OVERLAP,NEUTRAL,RANGE,NORMAL
BOSS19_P5_SESSION_ATTRIBUTION_V1,2026-09-03T23:50:00Z,e54f1cfaf58df97acb8fb39c1e6e8bf4614f1ff3a7c9bcbc1b5acff762665dd6,H3-C05-BWD,BWD,2020,EURUSD,H1,90,36,2020-12-01T15:46:40Z,2020-12-03T12:58:40Z,12.87000000,LONDON_NY_OVERLAP,NEUTRAL,RANGE,NORMAL
BOSS19_P5_SESSION_ATTRIBUTION_V1,2026-09-03T23:50:00Z,e54f1cfaf58df97acb8fb39c1e6e8bf4614f1ff3a7c9bcbc1b5acff762665dd6,H3-C05-BWD,BWD,2020,EURUSD,H1,91,35,2020-12-01T16:21:40Z,2020-12-03T12:58:40Z,21.29000000,NEW_YORK_ONLY,NEUTRAL,RANGE,NORMAL
BOSS19_P5_SESSION_ATTRIBUTION_V1,2026-09-03T23:50:00Z,e54f1cfaf58df97acb8fb39c1e6e8bf4614f1ff3a7c9bcbc1b5acff762665dd6,H3-C05-BWD,BWD,2020,EURUSD,H1,149,39,2020-12-07T13:19:40Z,2020-12-07T21:59:40Z,2.54000000,LONDON_NY_OVERLAP,NEUTRAL,TRANSITION,NORMAL
BOSS19_P5_SESSION_ATTRIBUTION_V1,2026-09-03T23:50:00Z,e54f1cfaf58df97acb8fb39c1e6e8bf4614f1ff3a7c9bcbc1b5acff762665dd6,H3-C05-BWD,BWD,2020,EURUSD,H1,153,41,2020-12-08T08:45:40Z,2020-12-08T15:27:40Z,2.56000000,LONDON,NEUTRAL,RANGE,LOW
BOSS19_P5_SESSION_ATTRIBUTION_V1,2026-09-03T23:50:00Z,e54f1cfaf58df97acb8fb39c1e6e8bf4614f1ff3a7c9bcbc1b5acff762665dd6,H3-C05-BWD,BWD,2020,EURUSD,H1,223,43,2020-12-10T13:40:40Z,2020-12-10T14:07:40Z,2.54000000,LONDON_NY_OVERLAP,NEUTRAL,RANGE,NORMAL
BOSS19_P5_SESSION_ATTRIBUTION_V1,2026-09-03T23:50:00Z,e54f1cfaf58df97acb8fb39c1e6e8bf4614f1ff3a7c9bcbc1b5acff762665dd6,H3-C05-BWD,BWD,2020,EURUSD,H1,224,45,2020-12-10T14:58:40Z,2020-12-10T15:27:40Z,2.37000000,LONDON_NY_OVERLAP,NEUTRAL,RANGE,NORMAL
BOSS19_P5_SESSION_ATTRIBUTION_V1,2026-09-03T23:50:00Z,e54f1cfaf58df97acb8fb39c1e6e8bf4614f1ff3a7c9bcbc1b5acff762665dd6,H3-C05-BWD,BWD,2020,EURUSD,H1,228,51,2020-12-11T01:09:40Z,2020-12-30T01:40:40Z,12.72000000,ASIA,NEUTRAL,RANGE,NORMAL
BOSS19_P5_SESSION_ATTRIBUTION_V1,2026-09-03T23:50:00Z,e54f1cfaf58df97acb8fb39c1e6e8bf4614f1ff3a7c9bcbc1b5acff762665dd6,H3-C05-BWD,BWD,2020,EURUSD,H1,229,50,2020-12-16T08:30:40Z,2020-12-30T01:40:40Z,10.58000000,LONDON,NEUTRAL,RANGE,LOW
BOSS19_P5_SESSION_ATTRIBUTION_V1,2026-09-03T23:50:00Z,e54f1cfaf58df97acb8fb39c1e6e8bf4614f1ff3a7c9bcbc1b5acff762665dd6,H3-C05-BWD,BWD,2020,EURUSD,H1,230,49,2020-12-16T08:34:40Z,2020-12-30T01:40:40Z,16.46000000,LONDON,NEUTRAL,RANGE,LOW
BOSS19_P5_SESSION_ATTRIBUTION_V1,2026-09-03T23:50:00Z,e54f1cfaf58df97acb8fb39c1e6e8bf4614f1ff3a7c9bcbc1b5acff762665dd6,H3-C05-BWD,BWD,2021,EURUSD,H1,237,57,2021-01-03T23:49:40Z,2021-01-08T08:04:40Z,2.80000000,OUTSIDE_DEFINED_SESSION,NEUTRAL,RANGE,NORMAL
BOSS19_P5_SESSION_ATTRIBUTION_V1,2026-09-03T23:50:00Z,e54f1cfaf58df97acb8fb39c1e6e8bf4614f1ff3a7c9bcbc1b5acff762665dd6,H3-C05-BWD,BWD,2021,EURUSD,H1,238,56,2021-01-04T08:17:40Z,2021-01-04T18:09:40Z,2.40000000,LONDON,NEUTRAL,RANGE,NORMAL
BOSS19_P5_SESSION_ATTRIBUTION_V1,2026-09-03T23:50:00Z,e54f1cfaf58df97acb8fb39c1e6e8bf4614f1ff3a7c9bcbc1b5acff762665dd6,H3-C05-BWD,BWD,2021,EURUSD,H1,239,55,2021-01-04T09:18:40Z,2021-01-04T15:30:40Z,2.47000000,LONDON,NEUTRAL,RANGE,NORMAL
BOSS19_P5_SESSION_ATTRIBUTION_V1,2026-09-03T23:50:00Z,e54f1cfaf58df97acb8fb39c1e6e8bf4614f1ff3a7c9bcbc1b5acff762665dd6,H3-C05-BWD,BWD,2021,EURUSD,H1,243,61,2021-01-08T11:15:40Z,2021-01-08T15:23:40Z,2.48000000,LONDON,NEUTRAL,RANGE,NORMAL
BOSS19_P5_SESSION_ATTRIBUTION_V1,2026-09-03T23:50:00Z,e54f1cfaf58df97acb8fb39c1e6e8bf4614f1ff3a7c9bcbc1b5acff762665dd6,H3-C05-BWD,BWD,2021,EURUSD,H1,244,60,2021-01-08T13:41:40Z,2021-01-08T14:53:20Z,2.40000000,LONDON_NY_OVERLAP,NEUTRAL,RANGE,NORMAL
BOSS19_P5_SESSION_ATTRIBUTION_V1,2026-09-03T23:50:00Z,e54f1cfaf58df97acb8fb39c1e6e8bf4614f1ff3a7c9bcbc1b5acff762665dd6,H3-C05-BWD,BWD,2021,EURUSD,H1,275,63,2021-01-20T06:36:40Z,2021-05-25T07:04:40Z,1.81000000,ASIA,NEUTRAL,TREND_UP,LOW
BOSS19_P5_SESSION_ATTRIBUTION_V1,2026-09-03T23:50:00Z,e54f1cfaf58df97acb8fb39c1e6e8bf4614f1ff3a7c9bcbc1b5acff762665dd6,H3-C05-BWD,BWD,2021,EURUSD,H1,318,67,2021-05-31T14:56:40Z,2022-12-30T21:54:59Z,-193.21000000,LONDON_NY_OVERLAP,NEUTRAL,TRANSITION,NORMAL
BOSS19_P5_SESSION_ATTRIBUTION_V1,2026-09-03T23:50:00Z,e54f1cfaf58df97acb8fb39c1e6e8bf4614f1ff3a7c9bcbc1b5acff762665dd6,H3-C05-BWD,BWD,2021,EURUSD,H1,319,66,2021-06-01T14:00:40Z,2022-12-30T21:54:59Z,-195.21000000,LONDON_NY_OVERLAP,NEUTRAL,RANGE,NORMAL
BOSS19_P5_SESSION_ATTRIBUTION_V1,2026-09-03T23:50:00Z,e54f1cfaf58df97acb8fb39c1e6e8bf4614f1ff3a7c9bcbc1b5acff762665dd6,H3-C05-MAIN,MAIN,2023,EURUSD,H1,5,3,2023-01-04T08:13:40Z,2023-01-04T15:09:20Z,2.98000000,LONDON,RISK_OFF,TREND_DOWN,NORMAL
BOSS19_P5_SESSION_ATTRIBUTION_V1,2026-09-03T23:50:00Z,e54f1cfaf58df97acb8fb39c1e6e8bf4614f1ff3a7c9bcbc1b5acff762665dd6,H3-C05-MAIN,MAIN,2023,EURUSD,H1,48,7,2023-01-06T15:40:20Z,2023-02-23T17:14:40Z,4.11000000,LONDON_NY_OVERLAP,RISK_OFF,TREND_DOWN,NORMAL
BOSS19_P5_SESSION_ATTRIBUTION_V1,2026-09-03T23:50:00Z,e54f1cfaf58df97acb8fb39c1e6e8bf4614f1ff3a7c9bcbc1b5acff762665dd6,H3-C05-MAIN,MAIN,2023,EURUSD,H1,49,6,2023-01-06T17:45:40Z,2023-02-22T19:24:40Z,3.97000000,NEW_YORK_ONLY,RISK_OFF,RANGE,NORMAL
BOSS19_P5_SESSION_ATTRIBUTION_V1,2026-09-03T23:50:00Z,e54f1cfaf58df97acb8fb39c1e6e8bf4614f1ff3a7c9bcbc1b5acff762665dd6,H3-C05-MAIN,MAIN,2023,EURUSD,H1,53,9,2023-02-24T00:53:40Z,2023-02-24T11:35:40Z,2.57000000,ASIA,RISK_OFF,TREND_DOWN,LOW
BOSS19_P5_SESSION_ATTRIBUTION_V1,2026-09-03T23:50:00Z,e54f1cfaf58df97acb8fb39c1e6e8bf4614f1ff3a7c9bcbc1b5acff762665dd6,H3-C05-MAIN,MAIN,2023,EURUSD,H1,57,11,2023-02-28T13:57:40Z,2023-03-21T10:58:40Z,11.71000000,LONDON_NY_OVERLAP,RISK_OFF,RANGE,LOW
BOSS19_P5_SESSION_ATTRIBUTION_V1,2026-09-03T23:50:00Z,e54f1cfaf58df97acb8fb39c1e6e8bf4614f1ff3a7c9bcbc1b5acff762665dd6,H3-C05-MAIN,MAIN,2023,EURUSD,H1,61,17,2023-03-22T09:19:40Z,2023-04-04T14:33:40Z,16.34000000,LONDON,NEUTRAL,TREND_UP,LOW
BOSS19_P5_SESSION_ATTRIBUTION_V1,2026-09-03T23:50:00Z,e54f1cfaf58df97acb8fb39c1e6e8bf4614f1ff3a7c9bcbc1b5acff762665dd6,H3-C05-MAIN,MAIN,2023,EURUSD,H1,63,15,2023-03-22T18:00:40Z,2023-04-04T14:33:40Z,22.36000000,NEW_YORK_ONLY,NEUTRAL,TREND_UP,LOW
BOSS19_P5_SESSION_ATTRIBUTION_V1,2026-09-03T23:50:00Z,e54f1cfaf58df97acb8fb39c1e6e8bf4614f1ff3a7c9bcbc1b5acff762665dd6,H3-C05-MAIN,MAIN,2023,EURUSD,H1,62,16,2023-03-22T18:00:40Z,2023-04-04T14:33:40Z,13.76000000,NEW_YORK_ONLY,NEUTRAL,TREND_UP,LOW
BOSS19_P5_SESSION_ATTRIBUTION_V1,2026-09-03T23:50:00Z,e54f1cfaf58df97acb8fb39c1e6e8bf4614f1ff3a7c9bcbc1b5acff762665dd6,H3-C05-MAIN,MAIN,2023,EURUSD,H1,79,19,2023-04-06T14:57:40Z,2023-04-07T12:30:40Z,3.51000000,LONDON_NY_OVERLAP,RISK_OFF,RANGE,LOW
BOSS19_P5_SESSION_ATTRIBUTION_V1,2026-09-03T23:50:00Z,e54f1cfaf58df97acb8fb39c1e6e8bf4614f1ff3a7c9bcbc1b5acff762665dd6,H3-C05-MAIN,MAIN,2023,EURUSD,H1,134,25,2023-04-12T05:53:40Z,2023-07-12T13:19:40Z,8.44000000,ASIA,NEUTRAL,RANGE,LOW
BOSS19_P5_SESSION_ATTRIBUTION_V1,2026-09-03T23:50:00Z,e54f1cfaf58df97acb8fb39c1e6e8bf4614f1ff3a7c9bcbc1b5acff762665dd6,H3-C05-MAIN,MAIN,2023,EURUSD,H1,135,24,2023-04-12T12:30:40Z,2023-07-12T13:19:40Z,5.65000000,LONDON_NY_OVERLAP,NEUTRAL,RANGE,LOW
BOSS19_P5_SESSION_ATTRIBUTION_V1,2026-09-03T23:50:00Z,e54f1cfaf58df97acb8fb39c1e6e8bf4614f1ff3a7c9bcbc1b5acff762665dd6,H3-C05-MAIN,MAIN,2023,EURUSD,H1,136,23,2023-04-12T14:14:40Z,2023-07-12T13:19:40Z,5.85000000,LONDON_NY_OVERLAP,NEUTRAL,RANGE,LOW
BOSS19_P5_SESSION_ATTRIBUTION_V1,2026-09-03T23:50:00Z,e54f1cfaf58df97acb8fb39c1e6e8bf4614f1ff3a7c9bcbc1b5acff762665dd6,H3-C05-MAIN,MAIN,2023,EURUSD,H1,140,31,2023-07-12T14:19:40Z,2023-07-14T09:14:20Z,13.63000000,LONDON_NY_OVERLAP,NEUTRAL,TREND_UP,NORMAL
BOSS19_P5_SESSION_ATTRIBUTION_V1,2026-09-03T23:50:00Z,e54f1cfaf58df97acb8fb39c1e6e8bf4614f1ff3a7c9bcbc1b5acff762665dd6,H3-C05-MAIN,MAIN,2023,EURUSD,H1,141,30,2023-07-12T16:10:40Z,2023-07-14T09:14:20Z,11.45000000,NEW_YORK_ONLY,NEUTRAL,TREND_UP,NORMAL
BOSS19_P5_SESSION_ATTRIBUTION_V1,2026-09-03T23:50:00Z,e54f1cfaf58df97acb8fb39c1e6e8bf4614f1ff3a7c9bcbc1b5acff762665dd6,H3-C05-MAIN,MAIN,2023,EURUSD,H1,142,29,2023-07-13T03:18:20Z,2023-07-14T09:14:20Z,18.98000000,ASIA,NEUTRAL,TREND_UP,LOW
BOSS19_P5_SESSION_ATTRIBUTION_V1,2026-09-03T23:50:00Z,e54f1cfaf58df97acb8fb39c1e6e8bf4614f1ff3a7c9bcbc1b5acff762665dd6,H3-C05-MAIN,MAIN,2023,EURUSD,H1,146,33,2023-07-18T07:07:40Z,2025-04-11T08:43:00Z,-27.38000000,LONDON,NEUTRAL,TREND_UP,LOW
BOSS19_P5_SESSION_ATTRIBUTION_V1,2026-09-03T23:50:00Z,e54f1cfaf58df97acb8fb39c1e6e8bf4614f1ff3a7c9bcbc1b5acff762665dd6,H3-C05-MAIN,MAIN,2025,EURUSD,H1,153,35,2025-04-16T00:12:40Z,2025-05-01T14:54:40Z,4.35000000,ASIA,STRESS,RANGE,HIGH
BOSS19_P5_SESSION_ATTRIBUTION_V1,2026-09-03T23:50:00Z,e54f1cfaf58df97acb8fb39c1e6e8bf4614f1ff3a7c9bcbc1b5acff762665dd6,H3-C05-MAIN,MAIN,2025,EURUSD,H1,157,39,2025-05-02T03:25:40Z,2025-05-08T15:39:40Z,4.32000000,ASIA,RISK_OFF,TREND_DOWN,NORMAL
BOSS19_P5_SESSION_ATTRIBUTION_V1,2026-09-03T23:50:00Z,e54f1cfaf58df97acb8fb39c1e6e8bf4614f1ff3a7c9bcbc1b5acff762665dd6,H3-C05-MAIN,MAIN,2025,EURUSD,H1,158,38,2025-05-02T09:39:40Z,2025-05-02T12:30:40Z,3.77000000,LONDON,RISK_OFF,RANGE,NORMAL
BOSS19_P5_SESSION_ATTRIBUTION_V1,2026-09-03T23:50:00Z,e54f1cfaf58df97acb8fb39c1e6e8bf4614f1ff3a7c9bcbc1b5acff762665dd6,H3-C05-MAIN,MAIN,2025,EURUSD,H1,192,41,2025-05-14T08:04:40Z,2025-05-25T22:10:40Z,14.14000000,LONDON,NEUTRAL,RANGE,NORMAL
BOSS19_P5_SESSION_ATTRIBUTION_V1,2026-09-03T23:50:00Z,e54f1cfaf58df97acb8fb39c1e6e8bf4614f1ff3a7c9bcbc1b5acff762665dd6,H3-C05-MAIN,MAIN,2025,EURUSD,H1,196,43,2025-05-26T01:53:40Z,2025-06-12T09:08:40Z,13.18000000,ASIA,RISK_OFF,TREND_UP,NORMAL
BOSS19_P5_SESSION_ATTRIBUTION_V1,2026-09-03T23:50:00Z,e54f1cfaf58df97acb8fb39c1e6e8bf4614f1ff3a7c9bcbc1b5acff762665dd6,H3-C05-MAIN,MAIN,2025,EURUSD,H1,200,47,2025-06-12T09:53:40Z,2025-06-26T08:14:40Z,13.87000000,LONDON,NEUTRAL,TREND_UP,NORMAL
BOSS19_P5_SESSION_ATTRIBUTION_V1,2026-09-03T23:50:00Z,e54f1cfaf58df97acb8fb39c1e6e8bf4614f1ff3a7c9bcbc1b5acff762665dd6,H3-C05-MAIN,MAIN,2025,EURUSD,H1,201,46,2025-06-12T12:30:40Z,2025-06-26T08:14:40Z,11.08000000,LONDON_NY_OVERLAP,NEUTRAL,TREND_UP,NORMAL
BOSS19_P5_SESSION_ATTRIBUTION_V1,2026-09-03T23:50:00Z,e54f1cfaf58df97acb8fb39c1e6e8bf4614f1ff3a7c9bcbc1b5acff762665dd6,H3-C05-MAIN,MAIN,2025,EURUSD,H1,205,53,2025-06-30T15:46:40Z,2025-09-17T18:08:40Z,9.65000000,LONDON_NY_OVERLAP,NEUTRAL,RANGE,NORMAL
BOSS19_P5_SESSION_ATTRIBUTION_V1,2026-09-03T23:50:00Z,e54f1cfaf58df97acb8fb39c1e6e8bf4614f1ff3a7c9bcbc1b5acff762665dd6,H3-C05-MAIN,MAIN,2025,EURUSD,H1,206,52,2025-06-30T20:26:20Z,2025-09-17T18:08:40Z,7.00000000,NEW_YORK_ONLY,NEUTRAL,TREND_UP,NORMAL
BOSS19_P5_SESSION_ATTRIBUTION_V1,2026-09-03T23:50:00Z,e54f1cfaf58df97acb8fb39c1e6e8bf4614f1ff3a7c9bcbc1b5acff762665dd6,H3-C05-MAIN,MAIN,2025,EURUSD,H1,207,51,2025-07-01T08:54:40Z,2025-09-17T18:08:40Z,8.93000000,LONDON,NEUTRAL,TREND_UP,NORMAL
BOSS19_P5_SESSION_ATTRIBUTION_V1,2026-09-03T23:50:00Z,e54f1cfaf58df97acb8fb39c1e6e8bf4614f1ff3a7c9bcbc1b5acff762665dd6,H3-C05-MAIN,MAIN,2025,EURUSD,H1,223,55,2025-09-18T07:40:40Z,2025-12-30T21:59:59Z,-15.62000000,LONDON,NEUTRAL,RANGE,NORMAL
BOSS19_P5_SESSION_ATTRIBUTION_V1,2026-09-03T23:50:00Z,e54f1cfaf58df97acb8fb39c1e6e8bf4614f1ff3a7c9bcbc1b5acff762665dd6,H3-C06-BWD,BWD,2020,EURUSD,H4,5,3,2020-01-13T09:02:40Z,2020-01-13T09:30:40Z,1.49000000,LONDON,NEUTRAL,RANGE,NORMAL
BOSS19_P5_SESSION_ATTRIBUTION_V1,2026-09-03T23:50:00Z,e54f1cfaf58df97acb8fb39c1e6e8bf4614f1ff3a7c9bcbc1b5acff762665dd6,H3-C06-BWD,BWD,2020,EURUSD,H4,6,7,2020-01-15T11:09:40Z,2020-01-16T15:18:40Z,1.63000000,LONDON,NEUTRAL,RANGE,NORMAL
BOSS19_P5_SESSION_ATTRIBUTION_V1,2026-09-03T23:50:00Z,e54f1cfaf58df97acb8fb39c1e6e8bf4614f1ff3a7c9bcbc1b5acff762665dd6,H3-C06-BWD,BWD,2020,EURUSD,H4,7,6,2020-01-15T14:33:40Z,2020-01-15T15:08:40Z,1.52000000,LONDON_NY_OVERLAP,NEUTRAL,RANGE,NORMAL
BOSS19_P5_SESSION_ATTRIBUTION_V1,2026-09-03T23:50:00Z,e54f1cfaf58df97acb8fb39c1e6e8bf4614f1ff3a7c9bcbc1b5acff762665dd6,H3-C06-BWD,BWD,2020,EURUSD,H4,170,13,2020-02-26T08:49:40Z,2020-02-27T13:58:40Z,8.43000000,LONDON,RISK_OFF,RANGE,HIGH
BOSS19_P5_SESSION_ATTRIBUTION_V1,2026-09-03T23:50:00Z,e54f1cfaf58df97acb8fb39c1e6e8bf4614f1ff3a7c9bcbc1b5acff762665dd6,H3-C06-BWD,BWD,2020,EURUSD,H4,171,12,2020-02-26T12:11:40Z,2020-02-27T13:58:40Z,7.06000000,LONDON_NY_OVERLAP,RISK_OFF,TRANSITION,HIGH
BOSS19_P5_SESSION_ATTRIBUTION_V1,2026-09-03T23:50:00Z,e54f1cfaf58df97acb8fb39c1e6e8bf4614f1ff3a7c9bcbc1b5acff762665dd6,H3-C06-BWD,BWD,2020,EURUSD,H4,172,11,2020-02-27T06:50:40Z,2020-02-27T13:58:40Z,11.78000000,ASIA,RISK_OFF,RANGE,EXTREME
BOSS19_P5_SESSION_ATTRIBUTION_V1,2026-09-03T23:50:00Z,e54f1cfaf58df97acb8fb39c1e6e8bf4614f1ff3a7c9bcbc1b5acff762665dd6,H3-C06-BWD,BWD,2020,EURUSD,H4,176,19,2020-02-27T15:05:40Z,2020-03-02T08:13:40Z,9.19000000,LONDON_NY_OVERLAP,RISK_OFF,RANGE,EXTREME
BOSS19_P5_SESSION_ATTRIBUTION_V1,2026-09-03T23:50:00Z,e54f1cfaf58df97acb8fb39c1e6e8bf4614f1ff3a7c9bcbc1b5acff762665dd6,H3-C06-BWD,BWD,2020,EURUSD,H4,177,18,2020-02-27T15:43:40Z,2020-03-02T08:13:40Z,7.80000000,LONDON_NY_OVERLAP,RISK_OFF,RANGE,EXTREME
BOSS19_P5_SESSION_ATTRIBUTION_V1,2026-09-03T23:50:00Z,e54f1cfaf58df97acb8fb39c1e6e8bf4614f1ff3a7c9bcbc1b5acff762665dd6,H3-C06-BWD,BWD,2020,EURUSD,H4,178,17,2020-02-28T08:11:40Z,2020-03-02T08:13:40Z,12.98000000,LONDON,STRESS,TREND_UP,EXTREME
BOSS19_P5_SESSION_ATTRIBUTION_V1,2026-09-03T23:50:00Z,e54f1cfaf58df97acb8fb39c1e6e8bf4614f1ff3a7c9bcbc1b5acff762665dd6,H3-C06-BWD,BWD,2020,EURUSD,H4,182,25,2020-03-02T11:35:20Z,2020-03-03T15:19:40Z,10.93000000,LONDON,STRESS,TREND_UP,EXTREME
BOSS19_P5_SESSION_ATTRIBUTION_V1,2026-09-03T23:50:00Z,e54f1cfaf58df97acb8fb39c1e6e8bf4614f1ff3a7c9bcbc1b5acff762665dd6,H3-C06-BWD,BWD,2020,EURUSD,H4,183,24,2020-03-02T11:57:40Z,2020-03-03T15:19:40Z,9.41000000,LONDON,STRESS,TREND_UP,EXTREME
BOSS19_P5_SESSION_ATTRIBUTION_V1,2026-09-03T23:50:00Z,e54f1cfaf58df97acb8fb39c1e6e8bf4614f1ff3a7c9bcbc1b5acff762665dd6,H3-C06-BWD,BWD,2020,EURUSD,H4,184,23,2020-03-02T13:20:20Z,2020-03-03T15:19:40Z,15.80000000,LONDON_NY_OVERLAP,STRESS,TREND_UP,EXTREME
BOSS19_P5_SESSION_ATTRIBUTION_V1,2026-09-03T23:50:00Z,e54f1cfaf58df97acb8fb39c1e6e8bf4614f1ff3a7c9bcbc1b5acff762665dd6,H3-C06-BWD,BWD,2020,EURUSD,H4,188,31,2020-03-05T20:36:40Z,2020-03-06T11:35:40Z,11.33000000,NEW_YORK_ONLY,STRESS,TREND_UP,EXTREME
BOSS19_P5_SESSION_ATTRIBUTION_V1,2026-09-03T23:50:00Z,e54f1cfaf58df97acb8fb39c1e6e8bf4614f1ff3a7c9bcbc1b5acff762665dd6,H3-C06-BWD,BWD,2020,EURUSD,H4,189,30,2020-03-05T21:43:40Z,2020-03-06T11:35:40Z,9.68000000,OUTSIDE_DEFINED_SESSION,STRESS,TREND_UP,EXTREME
BOSS19_P5_SESSION_ATTRIBUTION_V1,2026-09-03T23:50:00Z,e54f1cfaf58df97acb8fb39c1e6e8bf4614f1ff3a7c9bcbc1b5acff762665dd6,H3-C06-BWD,BWD,2020,EURUSD,H4,190,29,2020-03-06T08:31:40Z,2020-03-06T11:35:40Z,16.22000000,LONDON,STRESS,TREND_UP,EXTREME
BOSS19_P5_SESSION_ATTRIBUTION_V1,2026-09-03T23:50:00Z,e54f1cfaf58df97acb8fb39c1e6e8bf4614f1ff3a7c9bcbc1b5acff762665dd6,H3-C06-BWD,BWD,2020,EURUSD,H4,194,37,2020-03-08T22:34:40Z,2020-03-09T01:50:20Z,13.49000000,OUTSIDE_DEFINED_SESSION,STRESS,TREND_UP,EXTREME
BOSS19_P5_SESSION_ATTRIBUTION_V1,2026-09-03T23:50:00Z,e54f1cfaf58df97acb8fb39c1e6e8bf4614f1ff3a7c9bcbc1b5acff762665dd6,H3-C06-BWD,BWD,2020,EURUSD,H4,195,36,2020-03-08T22:42:40Z,2020-03-09T01:50:20Z,11.64000000,OUTSIDE_DEFINED_SESSION,STRESS,TREND_UP,EXTREME
BOSS19_P5_SESSION_ATTRIBUTION_V1,2026-09-03T23:50:00Z,e54f1cfaf58df97acb8fb39c1e6e8bf4614f1ff3a7c9bcbc1b5acff762665dd6,H3-C06-BWD,BWD,2020,EURUSD,H4,196,35,2020-03-08T23:38:40Z,2020-03-09T01:50:20Z,19.60000000,OUTSIDE_DEFINED_SESSION,STRESS,TREND_UP,EXTREME
BOSS19_P5_SESSION_ATTRIBUTION_V1,2026-09-03T23:50:00Z,e54f1cfaf58df97acb8fb39c1e6e8bf4614f1ff3a7c9bcbc1b5acff762665dd6,H3-C06-BWD,BWD,2020,EURUSD,H4,200,41,2020-03-09T01:52:20Z,2020-07-23T14:56:40Z,4.44000000,ASIA,STRESS,TREND_UP,EXTREME
BOSS19_P5_SESSION_ATTRIBUTION_V1,2026-09-03T23:50:00Z,e54f1cfaf58df97acb8fb39c1e6e8bf4614f1ff3a7c9bcbc1b5acff762665dd6,H3-C06-BWD,BWD,2020,EURUSD,H4,201,40,2020-03-09T13:38:40Z,2020-07-23T14:56:40Z,2.50000000,LONDON_NY_OVERLAP,STRESS,TREND_UP,EXTREME
BOSS19_P5_SESSION_ATTRIBUTION_V1,2026-09-03T23:50:00Z,e54f1cfaf58df97acb8fb39c1e6e8bf4614f1ff3a7c9bcbc1b5acff762665dd6,H3-C06-BWD,BWD,2020,EURUSD,H4,205,47,2020-07-24T14:31:40Z,2020-07-29T17:41:40Z,15.56000000,LONDON_NY_OVERLAP,NEUTRAL,TREND_UP,NORMAL
BOSS19_P5_SESSION_ATTRIBUTION_V1,2026-09-03T23:50:00Z,e54f1cfaf58df97acb8fb39c1e6e8bf4614f1ff3a7c9bcbc1b5acff762665dd6,H3-C06-BWD,BWD,2020,EURUSD,H4,206,46,2020-07-24T20:19:40Z,2020-07-29T17:41:40Z,13.00000000,NEW_YORK_ONLY,NEUTRAL,TREND_UP,NORMAL
BOSS19_P5_SESSION_ATTRIBUTION_V1,2026-09-03T23:50:00Z,e54f1cfaf58df97acb8fb39c1e6e8bf4614f1ff3a7c9bcbc1b5acff762665dd6,H3-C06-BWD,BWD,2020,EURUSD,H4,207,45,2020-07-27T00:38:40Z,2020-07-29T17:41:40Z,21.04000000,ASIA,NEUTRAL,TREND_UP,NORMAL
BOSS19_P5_SESSION_ATTRIBUTION_V1,2026-09-03T23:50:00Z,e54f1cfaf58df97acb8fb39c1e6e8bf4614f1ff3a7c9bcbc1b5acff762665dd6,H3-C06-BWD,BWD,2020,EURUSD,H4,211,53,2020-07-30T17:05:40Z,2020-09-01T02:38:40Z,15.88000000,NEW_YORK_ONLY,NEUTRAL,TREND_UP,NORMAL
BOSS19_P5_SESSION_ATTRIBUTION_V1,2026-09-03T23:50:00Z,e54f1cfaf58df97acb8fb39c1e6e8bf4614f1ff3a7c9bcbc1b5acff762665dd6,H3-C06-BWD,BWD,2020,EURUSD,H4,212,52,2020-07-30T18:59:40Z,2020-09-01T02:38:40Z,13.41000000,NEW_YORK_ONLY,NEUTRAL,TREND_UP,NORMAL
BOSS19_P5_SESSION_ATTRIBUTION_V1,2026-09-03T23:50:00Z,e54f1cfaf58df97acb8fb39c1e6e8bf4614f1ff3a7c9bcbc1b5acff762665dd6,H3-C06-BWD,BWD,2020,EURUSD,H4,213,51,2020-07-30T23:16:40Z,2020-09-01T02:38:40Z,22.04000000,OUTSIDE_DEFINED_SESSION,NEUTRAL,TREND_UP,NORMAL
BOSS19_P5_SESSION_ATTRIBUTION_V1,2026-09-03T23:50:00Z,e54f1cfaf58df97acb8fb39c1e6e8bf4614f1ff3a7c9bcbc1b5acff762665dd6,H3-C06-BWD,BWD,2020,EURUSD,H4,340,57,2020-09-10T12:33:40Z,2020-09-10T16:45:40Z,2.92000000,LONDON_NY_OVERLAP,NEUTRAL,RANGE,NORMAL
BOSS19_P5_SESSION_ATTRIBUTION_V1,2026-09-03T23:50:00Z,e54f1cfaf58df97acb8fb39c1e6e8bf4614f1ff3a7c9bcbc1b5acff762665dd6,H3-C06-BWD,BWD,2020,EURUSD,H4,341,56,2020-09-10T13:49:40Z,2020-09-10T14:46:40Z,2.96000000,LONDON_NY_OVERLAP,NEUTRAL,RANGE,NORMAL
BOSS19_P5_SESSION_ATTRIBUTION_V1,2026-09-03T23:50:00Z,e54f1cfaf58df97acb8fb39c1e6e8bf4614f1ff3a7c9bcbc1b5acff762665dd6,H3-C06-BWD,BWD,2020,EURUSD,H4,411,59,2020-09-14T12:49:40Z,2020-11-30T14:19:20Z,5.80000000,LONDON_NY_OVERLAP,NEUTRAL,RANGE,NORMAL
BOSS19_P5_SESSION_ATTRIBUTION_V1,2026-09-03T23:50:00Z,e54f1cfaf58df97acb8fb39c1e6e8bf4614f1ff3a7c9bcbc1b5acff762665dd6,H3-C06-BWD,BWD,2020,EURUSD,H4,415,65,2020-12-01T15:19:40Z,2020-12-03T14:14:40Z,14.51000000,LONDON_NY_OVERLAP,NEUTRAL,TREND_UP,LOW
BOSS19_P5_SESSION_ATTRIBUTION_V1,2026-09-03T23:50:00Z,e54f1cfaf58df97acb8fb39c1e6e8bf4614f1ff3a7c9bcbc1b5acff762665dd6,H3-C06-BWD,BWD,2020,EURUSD,H4,416,64,2020-12-01T15:55:40Z,2020-12-03T14:14:40Z,12.27000000,LONDON_NY_OVERLAP,NEUTRAL,TREND_UP,LOW
BOSS19_P5_SESSION_ATTRIBUTION_V1,2026-09-03T23:50:00Z,e54f1cfaf58df97acb8fb39c1e6e8bf4614f1ff3a7c9bcbc1b5acff762665dd6,H3-C06-BWD,BWD,2020,EURUSD,H4,417,63,2020-12-01T20:40:40Z,2020-12-03T14:14:40Z,20.09000000,NEW_YORK_ONLY,NEUTRAL,TREND_UP,LOW
BOSS19_P5_SESSION_ATTRIBUTION_V1,2026-09-03T23:50:00Z,e54f1cfaf58df97acb8fb39c1e6e8bf4614f1ff3a7c9bcbc1b5acff762665dd6,H3-C06-BWD,BWD,2020,EURUSD,H4,421,71,2020-12-16T08:31:40Z,2021-01-06T07:10:40Z,12.96000000,LONDON,NEUTRAL,TREND_UP,LOW
BOSS19_P5_SESSION_ATTRIBUTION_V1,2026-09-03T23:50:00Z,e54f1cfaf58df97acb8fb39c1e6e8bf4614f1ff3a7c9bcbc1b5acff762665dd6,H3-C06-BWD,BWD,2020,EURUSD,H4,422,70,2020-12-16T08:53:40Z,2021-01-06T07:10:40Z,10.65000000,LONDON,NEUTRAL,TREND_UP,LOW
BOSS19_P5_SESSION_ATTRIBUTION_V1,2026-09-03T23:50:00Z,e54f1cfaf58df97acb8fb39c1e6e8bf4614f1ff3a7c9bcbc1b5acff762665dd6,H3-C06-BWD,BWD,2020,EURUSD,H4,423,69,2020-12-17T04:24:40Z,2021-01-06T07:10:40Z,17.10000000,ASIA,NEUTRAL,TREND_UP,NORMAL
BOSS19_P5_SESSION_ATTRIBUTION_V1,2026-09-03T23:50:00Z,e54f1cfaf58df97acb8fb39c1e6e8bf4614f1ff3a7c9bcbc1b5acff762665dd6,H3-C06-BWD,BWD,2021,EURUSD,H4,442,73,2021-01-12T19:32:40Z,2021-01-13T10:28:40Z,2.73000000,NEW_YORK_ONLY,NEUTRAL,RANGE,NORMAL
BOSS19_P5_SESSION_ATTRIBUTION_V1,2026-09-03T23:50:00Z,e54f1cfaf58df97acb8fb39c1e6e8bf4614f1ff3a7c9bcbc1b5acff762665dd6,H3-C06-BWD,BWD,2021,EURUSD,H4,506,75,2021-01-26T15:32:40Z,2021-01-26T16:52:40Z,2.82000000,LONDON_NY_OVERLAP,NEUTRAL,RANGE,LOW
BOSS19_P5_SESSION_ATTRIBUTION_V1,2026-09-03T23:50:00Z,e54f1cfaf58df97acb8fb39c1e6e8bf4614f1ff3a7c9bcbc1b5acff762665dd6,H3-C06-BWD,BWD,2021,EURUSD,H4,642,79,2021-02-10T07:32:20Z,2021-05-19T06:25:40Z,4.19000000,LONDON,NEUTRAL,TRANSITION,LOW
BOSS19_P5_SESSION_ATTRIBUTION_V1,2026-09-03T23:50:00Z,e54f1cfaf58df97acb8fb39c1e6e8bf4614f1ff3a7c9bcbc1b5acff762665dd6,H3-C06-BWD,BWD,2021,EURUSD,H4,643,78,2021-02-16T08:58:40Z,2021-05-19T06:25:40Z,2.34000000,LONDON,NEUTRAL,TREND_UP,LOW
BOSS19_P5_SESSION_ATTRIBUTION_V1,2026-09-03T23:50:00Z,e54f1cfaf58df97acb8fb39c1e6e8bf4614f1ff3a7c9bcbc1b5acff762665dd6,H3-C06-BWD,BWD,2021,EURUSD,H4,647,81,2021-05-25T12:14:40Z,2022-12-30T21:54:59Z,-197.45000000,LONDON_NY_OVERLAP,NEUTRAL,TREND_UP,NORMAL
BOSS19_P5_SESSION_ATTRIBUTION_V1,2026-09-03T23:50:00Z,e54f1cfaf58df97acb8fb39c1e6e8bf4614f1ff3a7c9bcbc1b5acff762665dd6,H3-C06-MAIN,MAIN,2023,EURUSD,H4,5,7,2023-01-04T05:02:40Z,2023-01-05T14:33:40Z,3.03000000,ASIA,RISK_OFF,TRANSITION,NORMAL
BOSS19_P5_SESSION_ATTRIBUTION_V1,2026-09-03T23:50:00Z,e54f1cfaf58df97acb8fb39c1e6e8bf4614f1ff3a7c9bcbc1b5acff762665dd6,H3-C06-MAIN,MAIN,2023,EURUSD,H4,6,6,2023-01-04T07:44:40Z,2023-01-05T13:30:40Z,2.97000000,LONDON,RISK_OFF,TRANSITION,NORMAL
BOSS19_P5_SESSION_ATTRIBUTION_V1,2026-09-03T23:50:00Z,e54f1cfaf58df97acb8fb39c1e6e8bf4614f1ff3a7c9bcbc1b5acff762665dd6,H3-C06-MAIN,MAIN,2023,EURUSD,H4,7,5,2023-01-04T08:16:40Z,2023-01-04T12:39:20Z,2.87000000,LONDON,RISK_OFF,TRANSITION,NORMAL
BOSS19_P5_SESSION_ATTRIBUTION_V1,2026-09-03T23:50:00Z,e54f1cfaf58df97acb8fb39c1e6e8bf4614f1ff3a7c9bcbc1b5acff762665dd6,H3-C06-MAIN,MAIN,2023,EURUSD,H4,11,13,2023-01-06T15:12:40Z,2023-02-24T13:30:40Z,4.21000000,LONDON_NY_OVERLAP,RISK_OFF,RANGE,NORMAL
BOSS19_P5_SESSION_ATTRIBUTION_V1,2026-09-03T23:50:00Z,e54f1cfaf58df97acb8fb39c1e6e8bf4614f1ff3a7c9bcbc1b5acff762665dd6,H3-C06-MAIN,MAIN,2023,EURUSD,H4,12,12,2023-01-06T15:39:40Z,2023-02-24T11:41:40Z,4.14000000,LONDON_NY_OVERLAP,RISK_OFF,RANGE,NORMAL
BOSS19_P5_SESSION_ATTRIBUTION_V1,2026-09-03T23:50:00Z,e54f1cfaf58df97acb8fb39c1e6e8bf4614f1ff3a7c9bcbc1b5acff762665dd6,H3-C06-MAIN,MAIN,2023,EURUSD,H4,13,11,2023-01-06T17:44:40Z,2023-02-22T19:34:20Z,3.94000000,NEW_YORK_ONLY,RISK_OFF,RANGE,NORMAL
BOSS19_P5_SESSION_ATTRIBUTION_V1,2026-09-03T23:50:00Z,e54f1cfaf58df97acb8fb39c1e6e8bf4614f1ff3a7c9bcbc1b5acff762665dd6,H3-C06-MAIN,MAIN,2023,EURUSD,H4,17,19,2023-02-27T13:41:40Z,2023-03-08T00:05:40Z,2.89000000,LONDON_NY_OVERLAP,RISK_OFF,TREND_DOWN,LOW
BOSS19_P5_SESSION_ATTRIBUTION_V1,2026-09-03T23:50:00Z,e54f1cfaf58df97acb8fb39c1e6e8bf4614f1ff3a7c9bcbc1b5acff762665dd6,H3-C06-MAIN,MAIN,2023,EURUSD,H4,18,18,2023-02-27T15:05:40Z,2023-03-01T00:10:40Z,2.55000000,LONDON_NY_OVERLAP,RISK_OFF,TREND_DOWN,LOW
BOSS19_P5_SESSION_ATTRIBUTION_V1,2026-09-03T23:50:00Z,e54f1cfaf58df97acb8fb39c1e6e8bf4614f1ff3a7c9bcbc1b5acff762665dd6,H3-C06-MAIN,MAIN,2023,EURUSD,H4,19,17,2023-02-28T08:53:40Z,2023-02-28T18:15:40Z,2.66000000,LONDON,RISK_OFF,TREND_DOWN,LOW
BOSS19_P5_SESSION_ATTRIBUTION_V1,2026-09-03T23:50:00Z,e54f1cfaf58df97acb8fb39c1e6e8bf4614f1ff3a7c9bcbc1b5acff762665dd6,H3-C06-MAIN,MAIN,2023,EURUSD,H4,23,21,2023-03-08T15:27:20Z,2023-03-08T17:12:40Z,2.57000000,LONDON_NY_OVERLAP,RISK_OFF,TRANSITION,LOW
BOSS19_P5_SESSION_ATTRIBUTION_V1,2026-09-03T23:50:00Z,e54f1cfaf58df97acb8fb39c1e6e8bf4614f1ff3a7c9bcbc1b5acff762665dd6,H3-C06-MAIN,MAIN,2023,EURUSD,H4,24,25,2023-03-10T00:25:40Z,2023-03-15T12:09:40Z,3.20000000,ASIA,RISK_OFF,RANGE,LOW
BOSS19_P5_SESSION_ATTRIBUTION_V1,2026-09-03T23:50:00Z,e54f1cfaf58df97acb8fb39c1e6e8bf4614f1ff3a7c9bcbc1b5acff762665dd6,H3-C06-MAIN,MAIN,2023,EURUSD,H4,25,24,2023-03-10T13:30:40Z,2023-03-15T11:21:40Z,2.88000000,LONDON_NY_OVERLAP,RISK_OFF,RANGE,LOW
BOSS19_P5_SESSION_ATTRIBUTION_V1,2026-09-03T23:50:00Z,e54f1cfaf58df97acb8fb39c1e6e8bf4614f1ff3a7c9bcbc1b5acff762665dd6,H3-C06-MAIN,MAIN,2023,EURUSD,H4,29,29,2023-03-15T12:30:40Z,2023-03-21T08:11:40Z,13.99000000,LONDON_NY_OVERLAP,RISK_OFF,TREND_UP,LOW
BOSS19_P5_SESSION_ATTRIBUTION_V1,2026-09-03T23:50:00Z,e54f1cfaf58df97acb8fb39c1e6e8bf4614f1ff3a7c9bcbc1b5acff762665dd6,H3-C06-MAIN,MAIN,2023,EURUSD,H4,30,28,2023-03-16T05:28:20Z,2023-03-21T08:11:40Z,11.58000000,ASIA,RISK_OFF,RANGE,NORMAL
BOSS19_P5_SESSION_ATTRIBUTION_V1,2026-09-03T23:50:00Z,e54f1cfaf58df97acb8fb39c1e6e8bf4614f1ff3a7c9bcbc1b5acff762665dd6,H3-C06-MAIN,MAIN,2023,EURUSD,H4,34,35,2023-03-21T10:42:20Z,2023-03-23T06:28:40Z,16.78000000,LONDON,RISK_OFF,RANGE,NORMAL
BOSS19_P5_SESSION_ATTRIBUTION_V1,2026-09-03T23:50:00Z,e54f1cfaf58df97acb8fb39c1e6e8bf4614f1ff3a7c9bcbc1b5acff762665dd6,H3-C06-MAIN,MAIN,2023,EURUSD,H4,35,34,2023-03-21T11:56:40Z,2023-03-23T06:28:40Z,14.20000000,LONDON,RISK_OFF,RANGE,NORMAL
BOSS19_P5_SESSION_ATTRIBUTION_V1,2026-09-03T23:50:00Z,e54f1cfaf58df97acb8fb39c1e6e8bf4614f1ff3a7c9bcbc1b5acff762665dd6,H3-C06-MAIN,MAIN,2023,EURUSD,H4,36,33,2023-03-22T18:00:40Z,2023-03-23T06:28:40Z,23.37000000,NEW_YORK_ONLY,NEUTRAL,TREND_UP,LOW
BOSS19_P5_SESSION_ATTRIBUTION_V1,2026-09-03T23:50:00Z,e54f1cfaf58df97acb8fb39c1e6e8bf4614f1ff3a7c9bcbc1b5acff762665dd6,H3-C06-MAIN,MAIN,2023,EURUSD,H4,40,41,2023-04-04T14:19:20Z,2023-07-12T13:53:40Z,7.60000000,LONDON_NY_OVERLAP,NEUTRAL,TREND_UP,LOW
BOSS19_P5_SESSION_ATTRIBUTION_V1,2026-09-03T23:50:00Z,e54f1cfaf58df97acb8fb39c1e6e8bf4614f1ff3a7c9bcbc1b5acff762665dd6,H3-C06-MAIN,MAIN,2023,EURUSD,H4,41,40,2023-04-12T12:31:40Z,2023-07-12T13:53:40Z,5.49000000,LONDON_NY_OVERLAP,NEUTRAL,RANGE,LOW
BOSS19_P5_SESSION_ATTRIBUTION_V1,2026-09-03T23:50:00Z,e54f1cfaf58df97acb8fb39c1e6e8bf4614f1ff3a7c9bcbc1b5acff762665dd6,H3-C06-MAIN,MAIN,2023,EURUSD,H4,42,39,2023-04-13T08:00:40Z,2023-07-12T13:53:40Z,6.16000000,LONDON,NEUTRAL,TREND_UP,LOW
BOSS19_P5_SESSION_ATTRIBUTION_V1,2026-09-03T23:50:00Z,e54f1cfaf58df97acb8fb39c1e6e8bf4614f1ff3a7c9bcbc1b5acff762665dd6,H3-C06-MAIN,MAIN,2023,EURUSD,H4,46,47,2023-07-12T14:53:40Z,2023-07-18T05:15:40Z,13.28000000,LONDON_NY_OVERLAP,NEUTRAL,TREND_UP,LOW
BOSS19_P5_SESSION_ATTRIBUTION_V1,2026-09-03T23:50:00Z,e54f1cfaf58df97acb8fb39c1e6e8bf4614f1ff3a7c9bcbc1b5acff762665dd6,H3-C06-MAIN,MAIN,2023,EURUSD,H4,47,46,2023-07-13T00:20:40Z,2023-07-18T05:15:40Z,11.31000000,ASIA,NEUTRAL,TREND_UP,NORMAL
BOSS19_P5_SESSION_ATTRIBUTION_V1,2026-09-03T23:50:00Z,e54f1cfaf58df97acb8fb39c1e6e8bf4614f1ff3a7c9bcbc1b5acff762665dd6,H3-C06-MAIN,MAIN,2023,EURUSD,H4,48,45,2023-07-13T08:27:40Z,2023-07-18T05:15:40Z,18.28000000,LONDON,NEUTRAL,TREND_UP,LOW
BOSS19_P5_SESSION_ATTRIBUTION_V1,2026-09-03T23:50:00Z,e54f1cfaf58df97acb8fb39c1e6e8bf4614f1ff3a7c9bcbc1b5acff762665dd6,H3-C06-MAIN,MAIN,2023,EURUSD,H4,73,49,2023-07-26T18:44:40Z,2023-07-26T23:35:40Z,2.31000000,NEW_YORK_ONLY,RISK_ON,RANGE,LOW
BOSS19_P5_SESSION_ATTRIBUTION_V1,2026-09-03T23:50:00Z,e54f1cfaf58df97acb8fb39c1e6e8bf4614f1ff3a7c9bcbc1b5acff762665dd6,H3-C06-MAIN,MAIN,2023,EURUSD,H4,74,53,2023-07-27T07:40:40Z,2023-07-27T12:21:20Z,2.42000000,LONDON,RISK_ON,RANGE,NORMAL
BOSS19_P5_SESSION_ATTRIBUTION_V1,2026-09-03T23:50:00Z,e54f1cfaf58df97acb8fb39c1e6e8bf4614f1ff3a7c9bcbc1b5acff762665dd6,H3-C06-MAIN,MAIN,2023,EURUSD,H4,75,52,2023-07-27T10:05:40Z,2023-07-27T12:15:40Z,2.86000000,LONDON,RISK_ON,RANGE,NORMAL
BOSS19_P5_SESSION_ATTRIBUTION_V1,2026-09-03T23:50:00Z,e54f1cfaf58df97acb8fb39c1e6e8bf4614f1ff3a7c9bcbc1b5acff762665dd6,H3-C06-MAIN,MAIN,2023,EURUSD,H4,118,55,2023-09-01T13:33:40Z,2023-11-28T15:04:40Z,4.97000000,LONDON_NY_OVERLAP,NEUTRAL,RANGE,NORMAL
BOSS19_P5_SESSION_ATTRIBUTION_V1,2026-09-03T23:50:00Z,e54f1cfaf58df97acb8fb39c1e6e8bf4614f1ff3a7c9bcbc1b5acff762665dd6,H3-C06-MAIN,MAIN,2023,EURUSD,H4,122,57,2023-11-28T17:00:40Z,2023-12-27T16:19:40Z,9.20000000,NEW_YORK_ONLY,NEUTRAL,TREND_UP,LOW
BOSS19_P5_SESSION_ATTRIBUTION_V1,2026-09-03T23:50:00Z,e54f1cfaf58df97acb8fb39c1e6e8bf4614f1ff3a7c9bcbc1b5acff762665dd6,H3-C06-MAIN,MAIN,2024,EURUSD,H4,129,59,2024-01-04T09:30:40Z,2024-01-04T13:32:40Z,2.37000000,LONDON,NEUTRAL,RANGE,NORMAL
BOSS19_P5_SESSION_ATTRIBUTION_V1,2026-09-03T23:50:00Z,e54f1cfaf58df97acb8fb39c1e6e8bf4614f1ff3a7c9bcbc1b5acff762665dd6,H3-C06-MAIN,MAIN,2024,EURUSD,H4,130,61,2024-01-05T15:01:40Z,2024-01-05T16:55:40Z,2.17000000,LONDON_NY_OVERLAP,NEUTRAL,RANGE,NORMAL
BOSS19_P5_SESSION_ATTRIBUTION_V1,2026-09-03T23:50:00Z,e54f1cfaf58df97acb8fb39c1e6e8bf4614f1ff3a7c9bcbc1b5acff762665dd6,H3-C06-MAIN,MAIN,2024,EURUSD,H4,221,67,2024-02-20T09:35:40Z,2024-03-06T15:54:40Z,10.11000000,LONDON,RISK_ON,RANGE,LOW
BOSS19_P5_SESSION_ATTRIBUTION_V1,2026-09-03T23:50:00Z,e54f1cfaf58df97acb8fb39c1e6e8bf4614f1ff3a7c9bcbc1b5acff762665dd6,H3-C06-MAIN,MAIN,2024,EURUSD,H4,222,66,2024-02-20T13:30:40Z,2024-03-06T15:54:40Z,8.31000000,LONDON_NY_OVERLAP,RISK_ON,TRANSITION,LOW
BOSS19_P5_SESSION_ATTRIBUTION_V1,2026-09-03T23:50:00Z,e54f1cfaf58df97acb8fb39c1e6e8bf4614f1ff3a7c9bcbc1b5acff762665dd6,H3-C06-MAIN,MAIN,2024,EURUSD,H4,223,65,2024-02-20T14:21:40Z,2024-03-06T15:54:40Z,13.02000000,LONDON_NY_OVERLAP,RISK_ON,TRANSITION,LOW
BOSS19_P5_SESSION_ATTRIBUTION_V1,2026-09-03T23:50:00Z,e54f1cfaf58df97acb8fb39c1e6e8bf4614f1ff3a7c9bcbc1b5acff762665dd6,H3-C06-MAIN,MAIN,2024,EURUSD,H4,227,73,2024-03-07T15:38:40Z,2024-08-14T09:03:40Z,-1.17000000,LONDON_NY_OVERLAP,NEUTRAL,TREND_UP,LOW
BOSS19_P5_SESSION_ATTRIBUTION_V1,2026-09-03T23:50:00Z,e54f1cfaf58df97acb8fb39c1e6e8bf4614f1ff3a7c9bcbc1b5acff762665dd6,H3-C06-MAIN,MAIN,2024,EURUSD,H4,228,72,2024-03-07T16:54:40Z,2024-08-14T09:03:40Z,-2.90000000,NEW_YORK_ONLY,NEUTRAL,TREND_UP,LOW
BOSS19_P5_SESSION_ATTRIBUTION_V1,2026-09-03T23:50:00Z,e54f1cfaf58df97acb8fb39c1e6e8bf4614f1ff3a7c9bcbc1b5acff762665dd6,H3-C06-MAIN,MAIN,2024,EURUSD,H4,229,71,2024-03-08T13:30:40Z,2024-08-14T09:03:40Z,-8.90000000,LONDON_NY_OVERLAP,NEUTRAL,TREND_UP,LOW
BOSS19_P5_SESSION_ATTRIBUTION_V1,2026-09-03T23:50:00Z,e54f1cfaf58df97acb8fb39c1e6e8bf4614f1ff3a7c9bcbc1b5acff762665dd6,H3-C06-MAIN,MAIN,2024,EURUSD,H4,233,79,2024-08-14T13:09:40Z,2024-08-21T15:26:40Z,9.80000000,LONDON_NY_OVERLAP,RISK_OFF,TREND_UP,NORMAL
BOSS19_P5_SESSION_ATTRIBUTION_V1,2026-09-03T23:50:00Z,e54f1cfaf58df97acb8fb39c1e6e8bf4614f1ff3a7c9bcbc1b5acff762665dd6,H3-C06-MAIN,MAIN,2024,EURUSD,H4,234,78,2024-08-19T14:10:20Z,2024-08-21T15:26:40Z,8.61000000,LONDON_NY_OVERLAP,NEUTRAL,TREND_UP,NORMAL
BOSS19_P5_SESSION_ATTRIBUTION_V1,2026-09-03T23:50:00Z,e54f1cfaf58df97acb8fb39c1e6e8bf4614f1ff3a7c9bcbc1b5acff762665dd6,H3-C06-MAIN,MAIN,2024,EURUSD,H4,235,77,2024-08-19T14:34:40Z,2024-08-21T15:26:40Z,14.14000000,LONDON_NY_OVERLAP,NEUTRAL,TREND_UP,NORMAL
BOSS19_P5_SESSION_ATTRIBUTION_V1,2026-09-03T23:50:00Z,e54f1cfaf58df97acb8fb39c1e6e8bf4614f1ff3a7c9bcbc1b5acff762665dd6,H3-C06-MAIN,MAIN,2024,EURUSD,H4,239,85,2024-08-21T17:48:40Z,2025-04-11T00:32:40Z,5.32000000,NEW_YORK_ONLY,NEUTRAL,TREND_UP,NORMAL
BOSS19_P5_SESSION_ATTRIBUTION_V1,2026-09-03T23:50:00Z,e54f1cfaf58df97acb8fb39c1e6e8bf4614f1ff3a7c9bcbc1b5acff762665dd6,H3-C06-MAIN,MAIN,2024,EURUSD,H4,240,84,2024-08-21T18:17:40Z,2025-04-11T00:32:40Z,3.70000000,NEW_YORK_ONLY,NEUTRAL,TREND_UP,NORMAL
BOSS19_P5_SESSION_ATTRIBUTION_V1,2026-09-03T23:50:00Z,e54f1cfaf58df97acb8fb39c1e6e8bf4614f1ff3a7c9bcbc1b5acff762665dd6,H3-C06-MAIN,MAIN,2024,EURUSD,H4,241,83,2024-08-23T15:11:40Z,2025-04-11T00:32:40Z,5.03000000,LONDON_NY_OVERLAP,RISK_OFF,TREND_UP,NORMAL
BOSS19_P5_SESSION_ATTRIBUTION_V1,2026-09-03T23:50:00Z,e54f1cfaf58df97acb8fb39c1e6e8bf4614f1ff3a7c9bcbc1b5acff762665dd6,H3-C06-MAIN,MAIN,2025,EURUSD,H4,245,91,2025-04-11T08:02:40Z,2025-06-12T09:54:20Z,14.09000000,LONDON,STRESS,TREND_UP,EXTREME
BOSS19_P5_SESSION_ATTRIBUTION_V1,2026-09-03T23:50:00Z,e54f1cfaf58df97acb8fb39c1e6e8bf4614f1ff3a7c9bcbc1b5acff762665dd6,H3-C06-MAIN,MAIN,2025,EURUSD,H4,246,90,2025-04-11T08:43:20Z,2025-06-12T09:54:20Z,10.67000000,LONDON,STRESS,TREND_UP,EXTREME
BOSS19_P5_SESSION_ATTRIBUTION_V1,2026-09-03T23:50:00Z,e54f1cfaf58df97acb8fb39c1e6e8bf4614f1ff3a7c9bcbc1b5acff762665dd6,H3-C06-MAIN,MAIN,2025,EURUSD,H4,247,89,2025-04-11T08:50:40Z,2025-06-12T09:54:20Z,14.61000000,LONDON,STRESS,TREND_UP,EXTREME
BOSS19_P5_SESSION_ATTRIBUTION_V1,2026-09-03T23:50:00Z,e54f1cfaf58df97acb8fb39c1e6e8bf4614f1ff3a7c9bcbc1b5acff762665dd6,H3-C06-MAIN,MAIN,2025,EURUSD,H4,251,97,2025-06-12T10:51:40Z,2025-06-30T18:17:40Z,16.22000000,LONDON,NEUTRAL,TREND_UP,NORMAL
BOSS19_P5_SESSION_ATTRIBUTION_V1,2026-09-03T23:50:00Z,e54f1cfaf58df97acb8fb39c1e6e8bf4614f1ff3a7c9bcbc1b5acff762665dd6,H3-C06-MAIN,MAIN,2025,EURUSD,H4,252,96,2025-06-12T12:30:40Z,2025-06-30T18:17:40Z,13.43000000,LONDON_NY_OVERLAP,NEUTRAL,TREND_UP,NORMAL
BOSS19_P5_SESSION_ATTRIBUTION_V1,2026-09-03T23:50:00Z,e54f1cfaf58df97acb8fb39c1e6e8bf4614f1ff3a7c9bcbc1b5acff762665dd6,H3-C06-MAIN,MAIN,2025,EURUSD,H4,253,95,2025-06-25T18:43:40Z,2025-06-30T18:17:40Z,22.83000000,NEW_YORK_ONLY,NEUTRAL,TREND_UP,NORMAL
BOSS19_P5_SESSION_ATTRIBUTION_V1,2026-09-03T23:50:00Z,e54f1cfaf58df97acb8fb39c1e6e8bf4614f1ff3a7c9bcbc1b5acff762665dd6,H3-C06-MAIN,MAIN,2025,EURUSD,H4,257,99,2025-07-01T01:20:40Z,2025-12-30T21:59:59Z,-18.53000000,ASIA,NEUTRAL,TREND_UP,NORMAL
BOSS19_P5_SESSION_ATTRIBUTION_V1,2026-09-03T23:50:00Z,e54f1cfaf58df97acb8fb39c1e6e8bf4614f1ff3a7c9bcbc1b5acff762665dd6,H3-C07-BWD,BWD,2020,GBPUSD,M15,92,5,2020-01-06T09:35:40Z,2020-08-28T14:49:40Z,14.38000000,LONDON,NEUTRAL,TRANSITION,NORMAL
BOSS19_P5_SESSION_ATTRIBUTION_V1,2026-09-03T23:50:00Z,e54f1cfaf58df97acb8fb39c1e6e8bf4614f1ff3a7c9bcbc1b5acff762665dd6,H3-C07-BWD,BWD,2020,GBPUSD,M15,93,4,2020-01-06T10:42:40Z,2020-08-28T14:49:40Z,11.02000000,LONDON,NEUTRAL,TREND_UP,HIGH
BOSS19_P5_SESSION_ATTRIBUTION_V1,2026-09-03T23:50:00Z,e54f1cfaf58df97acb8fb39c1e6e8bf4614f1ff3a7c9bcbc1b5acff762665dd6,H3-C07-BWD,BWD,2020,GBPUSD,M15,97,7,2020-08-31T00:01:40Z,2020-12-04T14:19:40Z,15.33000000,ASIA,NEUTRAL,TREND_UP,NORMAL
BOSS19_P5_SESSION_ATTRIBUTION_V1,2026-09-03T23:50:00Z,e54f1cfaf58df97acb8fb39c1e6e8bf4614f1ff3a7c9bcbc1b5acff762665dd6,H3-C07-BWD,BWD,2020,GBPUSD,M15,122,9,2020-12-07T19:12:40Z,2020-12-17T07:24:40Z,18.29000000,NEW_YORK_ONLY,NEUTRAL,RANGE,EXTREME
BOSS19_P5_SESSION_ATTRIBUTION_V1,2026-09-03T23:50:00Z,e54f1cfaf58df97acb8fb39c1e6e8bf4614f1ff3a7c9bcbc1b5acff762665dd6,H3-C07-BWD,BWD,2020,GBPUSD,M15,126,11,2020-12-17T11:16:40Z,2021-02-09T02:25:40Z,14.85000000,LONDON,NEUTRAL,TREND_UP,NORMAL
BOSS19_P5_SESSION_ATTRIBUTION_V1,2026-09-03T23:50:00Z,e54f1cfaf58df97acb8fb39c1e6e8bf4614f1ff3a7c9bcbc1b5acff762665dd6,H3-C07-BWD,BWD,2021,GBPUSD,M15,130,15,2021-02-09T19:00:40Z,2021-02-18T12:47:40Z,15.70000000,NEW_YORK_ONLY,NEUTRAL,TREND_UP,LOW
BOSS19_P5_SESSION_ATTRIBUTION_V1,2026-09-03T23:50:00Z,e54f1cfaf58df97acb8fb39c1e6e8bf4614f1ff3a7c9bcbc1b5acff762665dd6,H3-C07-BWD,BWD,2021,GBPUSD,M15,131,14,2021-02-10T08:34:40Z,2021-02-18T12:47:40Z,12.57000000,LONDON,NEUTRAL,TREND_UP,LOW
BOSS19_P5_SESSION_ATTRIBUTION_V1,2026-09-03T23:50:00Z,e54f1cfaf58df97acb8fb39c1e6e8bf4614f1ff3a7c9bcbc1b5acff762665dd6,H3-C07-BWD,BWD,2021,GBPUSD,M15,135,21,2021-02-19T08:51:40Z,2021-02-24T01:06:40Z,17.76000000,LONDON,NEUTRAL,TREND_UP,LOW
BOSS19_P5_SESSION_ATTRIBUTION_V1,2026-09-03T23:50:00Z,e54f1cfaf58df97acb8fb39c1e6e8bf4614f1ff3a7c9bcbc1b5acff762665dd6,H3-C07-BWD,BWD,2021,GBPUSD,M15,136,20,2021-02-19T13:07:40Z,2021-02-24T01:06:40Z,14.92000000,LONDON_NY_OVERLAP,NEUTRAL,TREND_UP,NORMAL
BOSS19_P5_SESSION_ATTRIBUTION_V1,2026-09-03T23:50:00Z,e54f1cfaf58df97acb8fb39c1e6e8bf4614f1ff3a7c9bcbc1b5acff762665dd6,H3-C07-BWD,BWD,2021,GBPUSD,M15,137,19,2021-02-22T01:23:40Z,2021-02-24T01:06:40Z,24.22000000,ASIA,NEUTRAL,TREND_UP,LOW
BOSS19_P5_SESSION_ATTRIBUTION_V1,2026-09-03T23:50:00Z,e54f1cfaf58df97acb8fb39c1e6e8bf4614f1ff3a7c9bcbc1b5acff762665dd6,H3-C07-BWD,BWD,2021,GBPUSD,M15,142,24,2021-02-24T01:22:40Z,2022-12-30T21:54:59Z,-224.84000000,ASIA,NEUTRAL,TREND_UP,NORMAL
BOSS19_P5_SESSION_ATTRIBUTION_V1,2026-09-03T23:50:00Z,e54f1cfaf58df97acb8fb39c1e6e8bf4614f1ff3a7c9bcbc1b5acff762665dd6,H3-C07-BWD,BWD,2021,GBPUSD,M15,141,25,2021-02-24T01:22:40Z,2022-12-30T21:54:59Z,-222.08000000,ASIA,NEUTRAL,TREND_UP,NORMAL
BOSS19_P5_SESSION_ATTRIBUTION_V1,2026-09-03T23:50:00Z,e54f1cfaf58df97acb8fb39c1e6e8bf4614f1ff3a7c9bcbc1b5acff762665dd6,H3-C07-MAIN,MAIN,2023,GBPUSD,M15,29,5,2023-01-04T08:06:40Z,2023-01-16T01:58:40Z,23.01000000,LONDON,RISK_OFF,RANGE,NORMAL
BOSS19_P5_SESSION_ATTRIBUTION_V1,2026-09-03T23:50:00Z,e54f1cfaf58df97acb8fb39c1e6e8bf4614f1ff3a7c9bcbc1b5acff762665dd6,H3-C07-MAIN,MAIN,2023,GBPUSD,M15,30,4,2023-01-04T08:16:40Z,2023-01-16T01:58:40Z,18.86000000,LONDON,RISK_OFF,RANGE,NORMAL
BOSS19_P5_SESSION_ATTRIBUTION_V1,2026-09-03T23:50:00Z,e54f1cfaf58df97acb8fb39c1e6e8bf4614f1ff3a7c9bcbc1b5acff762665dd6,H3-C07-MAIN,MAIN,2023,GBPUSD,M15,55,11,2023-01-17T11:56:20Z,2023-04-04T09:06:40Z,21.36000000,LONDON,NEUTRAL,RANGE,NORMAL
BOSS19_P5_SESSION_ATTRIBUTION_V1,2026-09-03T23:50:00Z,e54f1cfaf58df97acb8fb39c1e6e8bf4614f1ff3a7c9bcbc1b5acff762665dd6,H3-C07-MAIN,MAIN,2023,GBPUSD,M15,56,10,2023-01-17T15:01:40Z,2023-04-04T09:06:40Z,17.28000000,LONDON_NY_OVERLAP,NEUTRAL,TREND_UP,NORMAL
BOSS19_P5_SESSION_ATTRIBUTION_V1,2026-09-03T23:50:00Z,e54f1cfaf58df97acb8fb39c1e6e8bf4614f1ff3a7c9bcbc1b5acff762665dd6,H3-C07-MAIN,MAIN,2023,GBPUSD,M15,57,9,2023-01-18T08:17:40Z,2023-04-04T09:06:40Z,26.85000000,LONDON,NEUTRAL,TREND_UP,NORMAL
BOSS19_P5_SESSION_ATTRIBUTION_V1,2026-09-03T23:50:00Z,e54f1cfaf58df97acb8fb39c1e6e8bf4614f1ff3a7c9bcbc1b5acff762665dd6,H3-C07-MAIN,MAIN,2023,GBPUSD,M15,61,13,2023-04-04T09:51:40Z,2023-05-08T10:33:20Z,13.10000000,LONDON,NEUTRAL,TREND_UP,NORMAL
BOSS19_P5_SESSION_ATTRIBUTION_V1,2026-09-03T23:50:00Z,e54f1cfaf58df97acb8fb39c1e6e8bf4614f1ff3a7c9bcbc1b5acff762665dd6,H3-C07-MAIN,MAIN,2023,GBPUSD,M15,113,15,2023-05-10T12:30:40Z,2023-05-10T14:42:40Z,2.71000000,LONDON_NY_OVERLAP,RISK_OFF,RANGE,LOW
BOSS19_P5_SESSION_ATTRIBUTION_V1,2026-09-03T23:50:00Z,e54f1cfaf58df97acb8fb39c1e6e8bf4614f1ff3a7c9bcbc1b5acff762665dd6,H3-C07-MAIN,MAIN,2023,GBPUSD,M15,237,19,2023-05-15T09:54:40Z,2023-06-14T10:00:20Z,14.62000000,LONDON,RISK_OFF,TREND_UP,LOW
BOSS19_P5_SESSION_ATTRIBUTION_V1,2026-09-03T23:50:00Z,e54f1cfaf58df97acb8fb39c1e6e8bf4614f1ff3a7c9bcbc1b5acff762665dd6,H3-C07-MAIN,MAIN,2023,GBPUSD,M15,238,18,2023-05-15T15:38:40Z,2023-06-14T10:00:20Z,11.85000000,LONDON_NY_OVERLAP,RISK_OFF,TREND_UP,LOW
BOSS19_P5_SESSION_ATTRIBUTION_V1,2026-09-03T23:50:00Z,e54f1cfaf58df97acb8fb39c1e6e8bf4614f1ff3a7c9bcbc1b5acff762665dd6,H3-C07-MAIN,MAIN,2023,GBPUSD,M15,242,21,2023-06-14T12:54:40Z,2023-06-16T06:33:40Z,14.31000000,LONDON_NY_OVERLAP,RISK_ON,TREND_UP,LOW
BOSS19_P5_SESSION_ATTRIBUTION_V1,2026-09-03T23:50:00Z,e54f1cfaf58df97acb8fb39c1e6e8bf4614f1ff3a7c9bcbc1b5acff762665dd6,H3-C07-MAIN,MAIN,2023,GBPUSD,M15,246,23,2023-06-16T12:16:40Z,2023-07-12T13:37:40Z,14.15000000,LONDON_NY_OVERLAP,RISK_ON,TREND_UP,NORMAL
BOSS19_P5_SESSION_ATTRIBUTION_V1,2026-09-03T23:50:00Z,e54f1cfaf58df97acb8fb39c1e6e8bf4614f1ff3a7c9bcbc1b5acff762665dd6,H3-C07-MAIN,MAIN,2023,GBPUSD,M15,250,29,2023-07-13T07:07:40Z,2024-08-23T14:02:40Z,8.39000000,LONDON,NEUTRAL,RANGE,NORMAL
BOSS19_P5_SESSION_ATTRIBUTION_V1,2026-09-03T23:50:00Z,e54f1cfaf58df97acb8fb39c1e6e8bf4614f1ff3a7c9bcbc1b5acff762665dd6,H3-C07-MAIN,MAIN,2023,GBPUSD,M15,251,28,2023-07-13T08:18:40Z,2024-08-23T14:02:40Z,5.51000000,LONDON,NEUTRAL,TREND_UP,NORMAL
BOSS19_P5_SESSION_ATTRIBUTION_V1,2026-09-03T23:50:00Z,e54f1cfaf58df97acb8fb39c1e6e8bf4614f1ff3a7c9bcbc1b5acff762665dd6,H3-C07-MAIN,MAIN,2023,GBPUSD,M15,252,27,2023-07-13T09:44:40Z,2024-08-23T14:02:40Z,7.59000000,LONDON,NEUTRAL,TREND_UP,NORMAL
BOSS19_P5_SESSION_ATTRIBUTION_V1,2026-09-03T23:50:00Z,e54f1cfaf58df97acb8fb39c1e6e8bf4614f1ff3a7c9bcbc1b5acff762665dd6,H3-C07-MAIN,MAIN,2024,GBPUSD,M15,256,35,2024-08-23T14:05:20Z,2024-09-20T07:09:40Z,14.93000000,LONDON_NY_OVERLAP,RISK_OFF,RANGE,NORMAL
BOSS19_P5_SESSION_ATTRIBUTION_V1,2026-09-03T23:50:00Z,e54f1cfaf58df97acb8fb39c1e6e8bf4614f1ff3a7c9bcbc1b5acff762665dd6,H3-C07-MAIN,MAIN,2024,GBPUSD,M15,257,34,2024-08-23T14:33:40Z,2024-09-20T07:09:40Z,12.75000000,LONDON_NY_OVERLAP,RISK_OFF,TREND_UP,EXTREME
BOSS19_P5_SESSION_ATTRIBUTION_V1,2026-09-03T23:50:00Z,e54f1cfaf58df97acb8fb39c1e6e8bf4614f1ff3a7c9bcbc1b5acff762665dd6,H3-C07-MAIN,MAIN,2024,GBPUSD,M15,258,33,2024-08-23T15:15:40Z,2024-09-20T07:09:40Z,21.28000000,LONDON_NY_OVERLAP,RISK_OFF,TREND_UP,EXTREME
BOSS19_P5_SESSION_ATTRIBUTION_V1,2026-09-03T23:50:00Z,e54f1cfaf58df97acb8fb39c1e6e8bf4614f1ff3a7c9bcbc1b5acff762665dd6,H3-C07-MAIN,MAIN,2024,GBPUSD,M15,292,37,2024-09-20T16:10:40Z,2024-09-23T07:09:40Z,2.59000000,NEW_YORK_ONLY,NEUTRAL,RANGE,EXTREME
BOSS19_P5_SESSION_ATTRIBUTION_V1,2026-09-03T23:50:00Z,e54f1cfaf58df97acb8fb39c1e6e8bf4614f1ff3a7c9bcbc1b5acff762665dd6,H3-C07-MAIN,MAIN,2024,GBPUSD,M15,302,39,2024-09-23T10:38:40Z,2024-10-01T15:05:40Z,2.83000000,LONDON,NEUTRAL,TREND_DOWN,HIGH
BOSS19_P5_SESSION_ATTRIBUTION_V1,2026-09-03T23:50:00Z,e54f1cfaf58df97acb8fb39c1e6e8bf4614f1ff3a7c9bcbc1b5acff762665dd6,H3-C07-MAIN,MAIN,2024,GBPUSD,M15,306,41,2024-10-02T07:13:40Z,2024-10-02T13:01:40Z,2.87000000,LONDON,RISK_OFF,RANGE,NORMAL
BOSS19_P5_SESSION_ATTRIBUTION_V1,2026-09-03T23:50:00Z,e54f1cfaf58df97acb8fb39c1e6e8bf4614f1ff3a7c9bcbc1b5acff762665dd6,H3-C07-MAIN,MAIN,2024,GBPUSD,M15,313,43,2024-10-04T07:57:40Z,2025-04-21T00:01:40Z,12.16000000,LONDON,NEUTRAL,RANGE,NORMAL
BOSS19_P5_SESSION_ATTRIBUTION_V1,2026-09-03T23:50:00Z,e54f1cfaf58df97acb8fb39c1e6e8bf4614f1ff3a7c9bcbc1b5acff762665dd6,H3-C07-MAIN,MAIN,2025,GBPUSD,M15,317,49,2025-04-21T00:35:40Z,2025-05-26T00:21:40Z,18.44000000,ASIA,RISK_OFF,TREND_UP,NORMAL
BOSS19_P5_SESSION_ATTRIBUTION_V1,2026-09-03T23:50:00Z,e54f1cfaf58df97acb8fb39c1e6e8bf4614f1ff3a7c9bcbc1b5acff762665dd6,H3-C07-MAIN,MAIN,2025,GBPUSD,M15,318,48,2025-04-21T05:06:40Z,2025-05-26T00:21:40Z,15.31000000,ASIA,RISK_OFF,TREND_UP,NORMAL
BOSS19_P5_SESSION_ATTRIBUTION_V1,2026-09-03T23:50:00Z,e54f1cfaf58df97acb8fb39c1e6e8bf4614f1ff3a7c9bcbc1b5acff762665dd6,H3-C07-MAIN,MAIN,2025,GBPUSD,M15,319,47,2025-04-21T09:12:40Z,2025-05-26T00:21:40Z,24.58000000,LONDON,RISK_OFF,TREND_UP,NORMAL
BOSS19_P5_SESSION_ATTRIBUTION_V1,2026-09-03T23:50:00Z,e54f1cfaf58df97acb8fb39c1e6e8bf4614f1ff3a7c9bcbc1b5acff762665dd6,H3-C07-MAIN,MAIN,2025,GBPUSD,M15,323,51,2025-05-26T01:50:40Z,2025-06-26T03:05:40Z,13.39000000,ASIA,RISK_OFF,TREND_UP,NORMAL
BOSS19_P5_SESSION_ATTRIBUTION_V1,2026-09-03T23:50:00Z,e54f1cfaf58df97acb8fb39c1e6e8bf4614f1ff3a7c9bcbc1b5acff762665dd6,H3-C07-MAIN,MAIN,2025,GBPUSD,M15,327,53,2025-06-26T08:05:40Z,2025-12-30T21:59:59Z,-31.39000000,LONDON,NEUTRAL,TREND_UP,NORMAL
BOSS19_P5_SESSION_ATTRIBUTION_V1,2026-09-03T23:50:00Z,e54f1cfaf58df97acb8fb39c1e6e8bf4614f1ff3a7c9bcbc1b5acff762665dd6,H3-C08-BWD,BWD,2020,GBPUSD,H1,5,3,2020-01-06T10:39:40Z,2020-01-06T14:04:40Z,3.49000000,LONDON,NEUTRAL,RANGE,NORMAL
BOSS19_P5_SESSION_ATTRIBUTION_V1,2026-09-03T23:50:00Z,e54f1cfaf58df97acb8fb39c1e6e8bf4614f1ff3a7c9bcbc1b5acff762665dd6,H3-C08-BWD,BWD,2020,GBPUSD,H1,9,5,2020-01-07T08:30:40Z,2020-08-31T14:32:40Z,13.28000000,LONDON,NEUTRAL,RANGE,NORMAL
BOSS19_P5_SESSION_ATTRIBUTION_V1,2026-09-03T23:50:00Z,e54f1cfaf58df97acb8fb39c1e6e8bf4614f1ff3a7c9bcbc1b5acff762665dd6,H3-C08-BWD,BWD,2020,GBPUSD,H1,13,11,2020-09-01T02:38:40Z,2020-12-31T07:59:40Z,22.76000000,ASIA,NEUTRAL,TREND_UP,NORMAL
BOSS19_P5_SESSION_ATTRIBUTION_V1,2026-09-03T23:50:00Z,e54f1cfaf58df97acb8fb39c1e6e8bf4614f1ff3a7c9bcbc1b5acff762665dd6,H3-C08-BWD,BWD,2020,GBPUSD,H1,14,10,2020-09-01T07:53:40Z,2020-12-31T07:59:40Z,19.24000000,LONDON,NEUTRAL,TREND_UP,NORMAL
BOSS19_P5_SESSION_ATTRIBUTION_V1,2026-09-03T23:50:00Z,e54f1cfaf58df97acb8fb39c1e6e8bf4614f1ff3a7c9bcbc1b5acff762665dd6,H3-C08-BWD,BWD,2020,GBPUSD,H1,15,9,2020-09-01T11:02:40Z,2020-12-31T07:59:40Z,32.11000000,LONDON,NEUTRAL,TREND_UP,NORMAL
BOSS19_P5_SESSION_ATTRIBUTION_V1,2026-09-03T23:50:00Z,e54f1cfaf58df97acb8fb39c1e6e8bf4614f1ff3a7c9bcbc1b5acff762665dd6,H3-C08-BWD,BWD,2021,GBPUSD,H1,19,13,2021-01-04T03:42:20Z,2021-02-10T08:47:40Z,14.83000000,ASIA,NEUTRAL,TREND_UP,NORMAL
BOSS19_P5_SESSION_ATTRIBUTION_V1,2026-09-03T23:50:00Z,e54f1cfaf58df97acb8fb39c1e6e8bf4614f1ff3a7c9bcbc1b5acff762665dd6,H3-C08-BWD,BWD,2021,GBPUSD,H1,41,17,2021-02-12T14:44:40Z,2021-03-05T13:32:40Z,2.90000000,LONDON_NY_OVERLAP,NEUTRAL,RANGE,LOW
BOSS19_P5_SESSION_ATTRIBUTION_V1,2026-09-03T23:50:00Z,e54f1cfaf58df97acb8fb39c1e6e8bf4614f1ff3a7c9bcbc1b5acff762665dd6,H3-C08-BWD,BWD,2021,GBPUSD,H1,42,16,2021-02-12T15:53:40Z,2021-03-05T09:34:40Z,3.03000000,LONDON_NY_OVERLAP,NEUTRAL,RANGE,LOW
BOSS19_P5_SESSION_ATTRIBUTION_V1,2026-09-03T23:50:00Z,e54f1cfaf58df97acb8fb39c1e6e8bf4614f1ff3a7c9bcbc1b5acff762665dd6,H3-C08-BWD,BWD,2021,GBPUSD,H1,46,23,2021-03-05T13:42:40Z,2021-03-23T09:22:40Z,3.07000000,LONDON_NY_OVERLAP,NEUTRAL,TREND_DOWN,NORMAL
BOSS19_P5_SESSION_ATTRIBUTION_V1,2026-09-03T23:50:00Z,e54f1cfaf58df97acb8fb39c1e6e8bf4614f1ff3a7c9bcbc1b5acff762665dd6,H3-C08-BWD,BWD,2021,GBPUSD,H1,47,20,2021-03-05T14:09:40Z,2021-03-05T14:55:40Z,3.05000000,LONDON_NY_OVERLAP,NEUTRAL,TREND_DOWN,NORMAL
BOSS19_P5_SESSION_ATTRIBUTION_V1,2026-09-03T23:50:00Z,e54f1cfaf58df97acb8fb39c1e6e8bf4614f1ff3a7c9bcbc1b5acff762665dd6,H3-C08-BWD,BWD,2021,GBPUSD,H1,48,22,2021-03-09T07:50:40Z,2021-03-10T06:12:40Z,3.03000000,LONDON,NEUTRAL,RANGE,NORMAL
BOSS19_P5_SESSION_ATTRIBUTION_V1,2026-09-03T23:50:00Z,e54f1cfaf58df97acb8fb39c1e6e8bf4614f1ff3a7c9bcbc1b5acff762665dd6,H3-C08-BWD,BWD,2021,GBPUSD,H1,55,27,2021-03-26T09:59:40Z,2021-04-19T12:53:40Z,15.02000000,LONDON,NEUTRAL,RANGE,LOW
BOSS19_P5_SESSION_ATTRIBUTION_V1,2026-09-03T23:50:00Z,e54f1cfaf58df97acb8fb39c1e6e8bf4614f1ff3a7c9bcbc1b5acff762665dd6,H3-C08-BWD,BWD,2021,GBPUSD,H1,56,26,2021-03-29T08:28:40Z,2021-04-19T12:53:40Z,11.90000000,LONDON,NEUTRAL,RANGE,LOW
BOSS19_P5_SESSION_ATTRIBUTION_V1,2026-09-03T23:50:00Z,e54f1cfaf58df97acb8fb39c1e6e8bf4614f1ff3a7c9bcbc1b5acff762665dd6,H3-C08-BWD,BWD,2021,GBPUSD,H1,60,31,2021-04-19T14:36:40Z,2021-05-10T12:23:40Z,15.23000000,LONDON_NY_OVERLAP,NEUTRAL,TREND_UP,NORMAL
BOSS19_P5_SESSION_ATTRIBUTION_V1,2026-09-03T23:50:00Z,e54f1cfaf58df97acb8fb39c1e6e8bf4614f1ff3a7c9bcbc1b5acff762665dd6,H3-C08-BWD,BWD,2021,GBPUSD,H1,61,30,2021-04-20T03:06:20Z,2021-05-10T12:23:40Z,12.48000000,ASIA,NEUTRAL,TREND_UP,LOW
BOSS19_P5_SESSION_ATTRIBUTION_V1,2026-09-03T23:50:00Z,e54f1cfaf58df97acb8fb39c1e6e8bf4614f1ff3a7c9bcbc1b5acff762665dd6,H3-C08-BWD,BWD,2021,GBPUSD,H1,65,33,2021-05-10T12:53:40Z,2022-12-30T21:54:59Z,-217.66000000,LONDON_NY_OVERLAP,NEUTRAL,TREND_UP,NORMAL
BOSS19_P5_SESSION_ATTRIBUTION_V1,2026-09-03T23:50:00Z,e54f1cfaf58df97acb8fb39c1e6e8bf4614f1ff3a7c9bcbc1b5acff762665dd6,H3-C08-MAIN,MAIN,2023,GBPUSD,H1,8,3,2023-01-03T14:33:40Z,2023-01-03T16:30:40Z,4.11000000,LONDON_NY_OVERLAP,RISK_OFF,RANGE,HIGH
BOSS19_P5_SESSION_ATTRIBUTION_V1,2026-09-03T23:50:00Z,e54f1cfaf58df97acb8fb39c1e6e8bf4614f1ff3a7c9bcbc1b5acff762665dd6,H3-C08-MAIN,MAIN,2023,GBPUSD,H1,9,5,2023-01-04T08:09:40Z,2023-01-04T15:11:40Z,4.48000000,LONDON,RISK_OFF,RANGE,NORMAL
BOSS19_P5_SESSION_ATTRIBUTION_V1,2026-09-03T23:50:00Z,e54f1cfaf58df97acb8fb39c1e6e8bf4614f1ff3a7c9bcbc1b5acff762665dd6,H3-C08-MAIN,MAIN,2023,GBPUSD,H1,13,7,2023-01-04T15:47:20Z,2023-01-16T01:58:40Z,21.28000000,LONDON_NY_OVERLAP,RISK_OFF,TRANSITION,NORMAL
BOSS19_P5_SESSION_ATTRIBUTION_V1,2026-09-03T23:50:00Z,e54f1cfaf58df97acb8fb39c1e6e8bf4614f1ff3a7c9bcbc1b5acff762665dd6,H3-C08-MAIN,MAIN,2023,GBPUSD,H1,71,13,2023-01-17T11:55:40Z,2023-04-04T08:16:40Z,21.01000000,LONDON,NEUTRAL,RANGE,NORMAL
BOSS19_P5_SESSION_ATTRIBUTION_V1,2026-09-03T23:50:00Z,e54f1cfaf58df97acb8fb39c1e6e8bf4614f1ff3a7c9bcbc1b5acff762665dd6,H3-C08-MAIN,MAIN,2023,GBPUSD,H1,72,12,2023-01-17T15:01:40Z,2023-04-04T08:16:40Z,16.93000000,LONDON_NY_OVERLAP,NEUTRAL,TRANSITION,NORMAL
BOSS19_P5_SESSION_ATTRIBUTION_V1,2026-09-03T23:50:00Z,e54f1cfaf58df97acb8fb39c1e6e8bf4614f1ff3a7c9bcbc1b5acff762665dd6,H3-C08-MAIN,MAIN,2023,GBPUSD,H1,73,11,2023-01-18T08:17:40Z,2023-04-04T08:16:40Z,26.15000000,LONDON,NEUTRAL,TREND_UP,NORMAL
BOSS19_P5_SESSION_ATTRIBUTION_V1,2026-09-03T23:50:00Z,e54f1cfaf58df97acb8fb39c1e6e8bf4614f1ff3a7c9bcbc1b5acff762665dd6,H3-C08-MAIN,MAIN,2023,GBPUSD,H1,77,15,2023-04-04T09:45:40Z,2023-05-05T15:47:40Z,13.15000000,LONDON,NEUTRAL,TREND_UP,LOW
BOSS19_P5_SESSION_ATTRIBUTION_V1,2026-09-03T23:50:00Z,e54f1cfaf58df97acb8fb39c1e6e8bf4614f1ff3a7c9bcbc1b5acff762665dd6,H3-C08-MAIN,MAIN,2023,GBPUSD,H1,132,17,2023-05-09T14:52:40Z,2023-05-11T06:57:40Z,2.76000000,LONDON_NY_OVERLAP,RISK_OFF,TRANSITION,LOW
BOSS19_P5_SESSION_ATTRIBUTION_V1,2026-09-03T23:50:00Z,e54f1cfaf58df97acb8fb39c1e6e8bf4614f1ff3a7c9bcbc1b5acff762665dd6,H3-C08-MAIN,MAIN,2023,GBPUSD,H1,154,19,2023-05-16T08:14:40Z,2023-06-14T12:37:20Z,13.29000000,LONDON,RISK_OFF,RANGE,LOW
BOSS19_P5_SESSION_ATTRIBUTION_V1,2026-09-03T23:50:00Z,e54f1cfaf58df97acb8fb39c1e6e8bf4614f1ff3a7c9bcbc1b5acff762665dd6,H3-C08-MAIN,MAIN,2023,GBPUSD,H1,158,25,2023-06-14T13:44:20Z,2023-07-11T01:24:20Z,17.58000000,LONDON_NY_OVERLAP,RISK_ON,TREND_UP,LOW
BOSS19_P5_SESSION_ATTRIBUTION_V1,2026-09-03T23:50:00Z,e54f1cfaf58df97acb8fb39c1e6e8bf4614f1ff3a7c9bcbc1b5acff762665dd6,H3-C08-MAIN,MAIN,2023,GBPUSD,H1,159,24,2023-06-15T13:58:40Z,2023-07-11T01:24:20Z,14.87000000,LONDON_NY_OVERLAP,NEUTRAL,TREND_UP,NORMAL
BOSS19_P5_SESSION_ATTRIBUTION_V1,2026-09-03T23:50:00Z,e54f1cfaf58df97acb8fb39c1e6e8bf4614f1ff3a7c9bcbc1b5acff762665dd6,H3-C08-MAIN,MAIN,2023,GBPUSD,H1,160,23,2023-06-15T14:32:40Z,2023-07-11T01:24:20Z,24.39000000,LONDON_NY_OVERLAP,NEUTRAL,TREND_UP,NORMAL
BOSS19_P5_SESSION_ATTRIBUTION_V1,2026-09-03T23:50:00Z,e54f1cfaf58df97acb8fb39c1e6e8bf4614f1ff3a7c9bcbc1b5acff762665dd6,H3-C08-MAIN,MAIN,2023,GBPUSD,H1,164,31,2023-07-11T06:19:40Z,2023-07-13T12:59:40Z,17.99000000,ASIA,NEUTRAL,TREND_UP,LOW
BOSS19_P5_SESSION_ATTRIBUTION_V1,2026-09-03T23:50:00Z,e54f1cfaf58df97acb8fb39c1e6e8bf4614f1ff3a7c9bcbc1b5acff762665dd6,H3-C08-MAIN,MAIN,2023,GBPUSD,H1,165,30,2023-07-11T10:37:40Z,2023-07-13T12:59:40Z,15.07000000,LONDON,NEUTRAL,TREND_UP,NORMAL
BOSS19_P5_SESSION_ATTRIBUTION_V1,2026-09-03T23:50:00Z,e54f1cfaf58df97acb8fb39c1e6e8bf4614f1ff3a7c9bcbc1b5acff762665dd6,H3-C08-MAIN,MAIN,2023,GBPUSD,H1,166,29,2023-07-12T01:15:40Z,2023-07-13T12:59:40Z,24.36000000,ASIA,NEUTRAL,TREND_UP,LOW
BOSS19_P5_SESSION_ATTRIBUTION_V1,2026-09-03T23:50:00Z,e54f1cfaf58df97acb8fb39c1e6e8bf4614f1ff3a7c9bcbc1b5acff762665dd6,H3-C08-MAIN,MAIN,2023,GBPUSD,H1,170,35,2023-07-13T13:58:40Z,2024-08-27T09:16:40Z,5.31000000,LONDON_NY_OVERLAP,NEUTRAL,TREND_UP,NORMAL
BOSS19_P5_SESSION_ATTRIBUTION_V1,2026-09-03T23:50:00Z,e54f1cfaf58df97acb8fb39c1e6e8bf4614f1ff3a7c9bcbc1b5acff762665dd6,H3-C08-MAIN,MAIN,2023,GBPUSD,H1,171,34,2023-07-13T19:22:40Z,2024-08-27T09:16:40Z,2.43000000,NEW_YORK_ONLY,NEUTRAL,TREND_UP,NORMAL
BOSS19_P5_SESSION_ATTRIBUTION_V1,2026-09-03T23:50:00Z,e54f1cfaf58df97acb8fb39c1e6e8bf4614f1ff3a7c9bcbc1b5acff762665dd6,H3-C08-MAIN,MAIN,2024,GBPUSD,H1,175,37,2024-08-27T18:47:40Z,2024-09-24T14:09:40Z,12.59000000,NEW_YORK_ONLY,NEUTRAL,TREND_UP,NORMAL
BOSS19_P5_SESSION_ATTRIBUTION_V1,2026-09-03T23:50:00Z,e54f1cfaf58df97acb8fb39c1e6e8bf4614f1ff3a7c9bcbc1b5acff762665dd6,H3-C08-MAIN,MAIN,2024,GBPUSD,H1,179,39,2024-09-24T22:54:40Z,2025-05-26T01:46:40Z,10.69000000,OUTSIDE_DEFINED_SESSION,NEUTRAL,TREND_UP,NORMAL
BOSS19_P5_SESSION_ATTRIBUTION_V1,2026-09-03T23:50:00Z,e54f1cfaf58df97acb8fb39c1e6e8bf4614f1ff3a7c9bcbc1b5acff762665dd6,H3-C08-MAIN,MAIN,2025,GBPUSD,H1,264,45,2025-06-02T06:39:20Z,2025-06-26T02:51:40Z,17.14000000,ASIA,RISK_OFF,TRANSITION,NORMAL
BOSS19_P5_SESSION_ATTRIBUTION_V1,2026-09-03T23:50:00Z,e54f1cfaf58df97acb8fb39c1e6e8bf4614f1ff3a7c9bcbc1b5acff762665dd6,H3-C08-MAIN,MAIN,2025,GBPUSD,H1,265,44,2025-06-04T14:07:40Z,2025-06-26T02:51:40Z,14.20000000,LONDON_NY_OVERLAP,NEUTRAL,RANGE,NORMAL
BOSS19_P5_SESSION_ATTRIBUTION_V1,2026-09-03T23:50:00Z,e54f1cfaf58df97acb8fb39c1e6e8bf4614f1ff3a7c9bcbc1b5acff762665dd6,H3-C08-MAIN,MAIN,2025,GBPUSD,H1,266,43,2025-06-05T12:30:40Z,2025-06-26T02:51:40Z,22.66000000,LONDON_NY_OVERLAP,NEUTRAL,RANGE,LOW
BOSS19_P5_SESSION_ATTRIBUTION_V1,2026-09-03T23:50:00Z,e54f1cfaf58df97acb8fb39c1e6e8bf4614f1ff3a7c9bcbc1b5acff762665dd6,H3-C08-MAIN,MAIN,2025,GBPUSD,H1,270,49,2025-06-26T07:16:40Z,2025-12-30T21:59:59Z,-30.26000000,LONDON,NEUTRAL,TREND_UP,NORMAL
BOSS19_P5_SESSION_ATTRIBUTION_V1,2026-09-03T23:50:00Z,e54f1cfaf58df97acb8fb39c1e6e8bf4614f1ff3a7c9bcbc1b5acff762665dd6,H3-C08-MAIN,MAIN,2025,GBPUSD,H1,271,48,2025-06-26T08:34:40Z,2025-12-30T21:59:59Z,-33.02000000,LONDON,NEUTRAL,TREND_UP,NORMAL
BOSS19_P5_SESSION_ATTRIBUTION_V1,2026-09-03T23:50:00Z,e54f1cfaf58df97acb8fb39c1e6e8bf4614f1ff3a7c9bcbc1b5acff762665dd6,H3-C09-BWD,BWD,2020,GBPUSD,H4,17,3,2020-01-09T13:48:40Z,2020-01-13T01:08:40Z,3.42000000,LONDON_NY_OVERLAP,NEUTRAL,TRANSITION,NORMAL
BOSS19_P5_SESSION_ATTRIBUTION_V1,2026-09-03T23:50:00Z,e54f1cfaf58df97acb8fb39c1e6e8bf4614f1ff3a7c9bcbc1b5acff762665dd6,H3-C09-BWD,BWD,2020,GBPUSD,H4,18,5,2020-01-17T09:19:40Z,2020-01-17T09:32:40Z,3.61000000,LONDON,NEUTRAL,RANGE,NORMAL
BOSS19_P5_SESSION_ATTRIBUTION_V1,2026-09-03T23:50:00Z,e54f1cfaf58df97acb8fb39c1e6e8bf4614f1ff3a7c9bcbc1b5acff762665dd6,H3-C09-BWD,BWD,2020,GBPUSD,H4,94,7,2020-01-24T09:30:00Z,2020-08-28T14:55:40Z,14.05000000,LONDON,NEUTRAL,RANGE,NORMAL
BOSS19_P5_SESSION_ATTRIBUTION_V1,2026-09-03T23:50:00Z,e54f1cfaf58df97acb8fb39c1e6e8bf4614f1ff3a7c9bcbc1b5acff762665dd6,H3-C09-BWD,BWD,2020,GBPUSD,H4,98,13,2020-08-31T14:55:40Z,2020-12-17T10:58:20Z,20.68000000,LONDON_NY_OVERLAP,NEUTRAL,TREND_UP,NORMAL
BOSS19_P5_SESSION_ATTRIBUTION_V1,2026-09-03T23:50:00Z,e54f1cfaf58df97acb8fb39c1e6e8bf4614f1ff3a7c9bcbc1b5acff762665dd6,H3-C09-BWD,BWD,2020,GBPUSD,H4,99,12,2020-09-01T02:38:40Z,2020-12-17T10:58:20Z,17.28000000,ASIA,NEUTRAL,TREND_UP,NORMAL
BOSS19_P5_SESSION_ATTRIBUTION_V1,2026-09-03T23:50:00Z,e54f1cfaf58df97acb8fb39c1e6e8bf4614f1ff3a7c9bcbc1b5acff762665dd6,H3-C09-BWD,BWD,2020,GBPUSD,H4,100,11,2020-09-01T07:54:20Z,2020-12-17T10:58:20Z,28.33000000,LONDON,NEUTRAL,TREND_UP,NORMAL
BOSS19_P5_SESSION_ATTRIBUTION_V1,2026-09-03T23:50:00Z,e54f1cfaf58df97acb8fb39c1e6e8bf4614f1ff3a7c9bcbc1b5acff762665dd6,H3-C09-BWD,BWD,2020,GBPUSD,H4,179,19,2020-12-22T23:52:40Z,2021-11-11T08:21:40Z,-0.79000000,OUTSIDE_DEFINED_SESSION,NEUTRAL,TRANSITION,EXTREME
BOSS19_P5_SESSION_ATTRIBUTION_V1,2026-09-03T23:50:00Z,e54f1cfaf58df97acb8fb39c1e6e8bf4614f1ff3a7c9bcbc1b5acff762665dd6,H3-C09-BWD,BWD,2020,GBPUSD,H4,180,18,2020-12-23T07:10:40Z,2021-11-10T21:20:40Z,-0.89000000,LONDON,NEUTRAL,TRANSITION,EXTREME
BOSS19_P5_SESSION_ATTRIBUTION_V1,2026-09-03T23:50:00Z,e54f1cfaf58df97acb8fb39c1e6e8bf4614f1ff3a7c9bcbc1b5acff762665dd6,H3-C09-BWD,BWD,2020,GBPUSD,H4,181,17,2020-12-23T13:55:40Z,2020-12-28T15:57:40Z,3.95000000,LONDON_NY_OVERLAP,NEUTRAL,TRANSITION,EXTREME
BOSS19_P5_SESSION_ATTRIBUTION_V1,2026-09-03T23:50:00Z,e54f1cfaf58df97acb8fb39c1e6e8bf4614f1ff3a7c9bcbc1b5acff762665dd6,H3-C09-BWD,BWD,2021,GBPUSD,H4,185,21,2021-11-11T10:02:20Z,2021-11-11T18:08:40Z,2.84000000,LONDON,NEUTRAL,TREND_DOWN,HIGH
BOSS19_P5_SESSION_ATTRIBUTION_V1,2026-09-03T23:50:00Z,e54f1cfaf58df97acb8fb39c1e6e8bf4614f1ff3a7c9bcbc1b5acff762665dd6,H3-C09-BWD,BWD,2021,GBPUSD,H4,186,23,2021-11-12T15:19:40Z,2021-11-12T15:50:40Z,2.80000000,LONDON_NY_OVERLAP,NEUTRAL,TREND_DOWN,NORMAL
BOSS19_P5_SESSION_ATTRIBUTION_V1,2026-09-03T23:50:00Z,e54f1cfaf58df97acb8fb39c1e6e8bf4614f1ff3a7c9bcbc1b5acff762665dd6,H3-C09-BWD,BWD,2021,GBPUSD,H4,187,25,2021-11-16T07:17:40Z,2021-11-16T14:13:40Z,2.87000000,LONDON,NEUTRAL,TREND_DOWN,NORMAL
BOSS19_P5_SESSION_ATTRIBUTION_V1,2026-09-03T23:50:00Z,e54f1cfaf58df97acb8fb39c1e6e8bf4614f1ff3a7c9bcbc1b5acff762665dd6,H3-C09-BWD,BWD,2021,GBPUSD,H4,191,27,2021-11-17T07:00:40Z,2021-11-17T10:07:20Z,2.71000000,LONDON,NEUTRAL,TREND_DOWN,NORMAL
BOSS19_P5_SESSION_ATTRIBUTION_V1,2026-09-03T23:50:00Z,e54f1cfaf58df97acb8fb39c1e6e8bf4614f1ff3a7c9bcbc1b5acff762665dd6,H3-C09-BWD,BWD,2021,GBPUSD,H4,192,31,2021-11-17T13:32:40Z,2021-11-19T09:00:40Z,3.12000000,LONDON_NY_OVERLAP,NEUTRAL,TREND_DOWN,NORMAL
BOSS19_P5_SESSION_ATTRIBUTION_V1,2026-09-03T23:50:00Z,e54f1cfaf58df97acb8fb39c1e6e8bf4614f1ff3a7c9bcbc1b5acff762665dd6,H3-C09-BWD,BWD,2021,GBPUSD,H4,193,30,2021-11-18T02:26:40Z,2021-11-18T13:19:40Z,2.84000000,ASIA,NEUTRAL,RANGE,NORMAL
BOSS19_P5_SESSION_ATTRIBUTION_V1,2026-09-03T23:50:00Z,e54f1cfaf58df97acb8fb39c1e6e8bf4614f1ff3a7c9bcbc1b5acff762665dd6,H3-C09-BWD,BWD,2021,GBPUSD,H4,197,33,2021-11-19T15:39:40Z,2021-11-19T20:57:40Z,2.68000000,LONDON_NY_OVERLAP,NEUTRAL,RANGE,NORMAL
BOSS19_P5_SESSION_ATTRIBUTION_V1,2026-09-03T23:50:00Z,e54f1cfaf58df97acb8fb39c1e6e8bf4614f1ff3a7c9bcbc1b5acff762665dd6,H3-C09-BWD,BWD,2021,GBPUSD,H4,222,39,2021-12-20T12:44:20Z,2022-03-07T08:17:40Z,2.05000000,LONDON_NY_OVERLAP,RISK_OFF,TRANSITION,NORMAL
BOSS19_P5_SESSION_ATTRIBUTION_V1,2026-09-03T23:50:00Z,e54f1cfaf58df97acb8fb39c1e6e8bf4614f1ff3a7c9bcbc1b5acff762665dd6,H3-C09-BWD,BWD,2021,GBPUSD,H4,223,36,2021-12-20T13:45:40Z,2021-12-20T15:44:40Z,2.82000000,LONDON_NY_OVERLAP,RISK_OFF,TRANSITION,NORMAL
BOSS19_P5_SESSION_ATTRIBUTION_V1,2026-09-03T23:50:00Z,e54f1cfaf58df97acb8fb39c1e6e8bf4614f1ff3a7c9bcbc1b5acff762665dd6,H3-C09-BWD,BWD,2021,GBPUSD,H4,224,38,2021-12-21T19:37:20Z,2022-03-04T13:43:20Z,2.14000000,NEW_YORK_ONLY,RISK_OFF,RANGE,NORMAL
BOSS19_P5_SESSION_ATTRIBUTION_V1,2026-09-03T23:50:00Z,e54f1cfaf58df97acb8fb39c1e6e8bf4614f1ff3a7c9bcbc1b5acff762665dd6,H3-C09-BWD,BWD,2022,GBPUSD,H4,228,41,2022-03-07T12:35:40Z,2022-03-07T12:59:20Z,2.95000000,LONDON_NY_OVERLAP,STRESS,TREND_DOWN,EXTREME
BOSS19_P5_SESSION_ATTRIBUTION_V1,2026-09-03T23:50:00Z,e54f1cfaf58df97acb8fb39c1e6e8bf4614f1ff3a7c9bcbc1b5acff762665dd6,H3-C09-BWD,BWD,2022,GBPUSD,H4,232,47,2022-03-21T14:11:40Z,2022-12-30T21:54:59Z,-115.53000000,LONDON_NY_OVERLAP,NEUTRAL,RANGE,HIGH
BOSS19_P5_SESSION_ATTRIBUTION_V1,2026-09-03T23:50:00Z,e54f1cfaf58df97acb8fb39c1e6e8bf4614f1ff3a7c9bcbc1b5acff762665dd6,H3-C09-BWD,BWD,2022,GBPUSD,H4,233,46,2022-03-22T11:45:40Z,2022-12-30T21:54:59Z,-118.50000000,LONDON,NEUTRAL,RANGE,EXTREME
BOSS19_P5_SESSION_ATTRIBUTION_V1,2026-09-03T23:50:00Z,e54f1cfaf58df97acb8fb39c1e6e8bf4614f1ff3a7c9bcbc1b5acff762665dd6,H3-C09-BWD,BWD,2022,GBPUSD,H4,234,45,2022-03-22T13:22:40Z,2022-12-30T21:54:59Z,-241.34000000,LONDON_NY_OVERLAP,NEUTRAL,RANGE,EXTREME
BOSS19_P5_SESSION_ATTRIBUTION_V1,2026-09-03T23:50:00Z,e54f1cfaf58df97acb8fb39c1e6e8bf4614f1ff3a7c9bcbc1b5acff762665dd6,H3-C09-MAIN,MAIN,2023,GBPUSD,H4,2,7,2023-01-06T19:05:40Z,2023-02-03T21:00:40Z,3.40000000,NEW_YORK_ONLY,RISK_OFF,RANGE,NORMAL
BOSS19_P5_SESSION_ATTRIBUTION_V1,2026-09-03T23:50:00Z,e54f1cfaf58df97acb8fb39c1e6e8bf4614f1ff3a7c9bcbc1b5acff762665dd6,H3-C09-MAIN,MAIN,2023,GBPUSD,H4,3,6,2023-01-09T02:15:40Z,2023-02-03T15:00:40Z,3.80000000,ASIA,RISK_OFF,RANGE,NORMAL
BOSS19_P5_SESSION_ATTRIBUTION_V1,2026-09-03T23:50:00Z,e54f1cfaf58df97acb8fb39c1e6e8bf4614f1ff3a7c9bcbc1b5acff762665dd6,H3-C09-MAIN,MAIN,2023,GBPUSD,H4,4,5,2023-01-09T08:49:40Z,2023-01-09T10:36:40Z,4.94000000,LONDON,RISK_OFF,RANGE,NORMAL
BOSS19_P5_SESSION_ATTRIBUTION_V1,2026-09-03T23:50:00Z,e54f1cfaf58df97acb8fb39c1e6e8bf4614f1ff3a7c9bcbc1b5acff762665dd6,H3-C09-MAIN,MAIN,2023,GBPUSD,H4,8,9,2023-02-07T17:57:40Z,2023-02-07T18:12:20Z,3.81000000,NEW_YORK_ONLY,RISK_OFF,TREND_DOWN,NORMAL
BOSS19_P5_SESSION_ATTRIBUTION_V1,2026-09-03T23:50:00Z,e54f1cfaf58df97acb8fb39c1e6e8bf4614f1ff3a7c9bcbc1b5acff762665dd6,H3-C09-MAIN,MAIN,2023,GBPUSD,H4,9,13,2023-02-09T08:23:20Z,2023-02-10T10:06:40Z,3.85000000,LONDON,NEUTRAL,TREND_DOWN,NORMAL
BOSS19_P5_SESSION_ATTRIBUTION_V1,2026-09-03T23:50:00Z,e54f1cfaf58df97acb8fb39c1e6e8bf4614f1ff3a7c9bcbc1b5acff762665dd6,H3-C09-MAIN,MAIN,2023,GBPUSD,H4,10,12,2023-02-09T12:46:40Z,2023-02-09T18:41:40Z,3.90000000,LONDON_NY_OVERLAP,NEUTRAL,TREND_DOWN,NORMAL
BOSS19_P5_SESSION_ATTRIBUTION_V1,2026-09-03T23:50:00Z,e54f1cfaf58df97acb8fb39c1e6e8bf4614f1ff3a7c9bcbc1b5acff762665dd6,H3-C09-MAIN,MAIN,2023,GBPUSD,H4,14,15,2023-02-10T14:48:40Z,2023-02-10T15:47:40Z,3.96000000,LONDON_NY_OVERLAP,RISK_OFF,RANGE,LOW
BOSS19_P5_SESSION_ATTRIBUTION_V1,2026-09-03T23:50:00Z,e54f1cfaf58df97acb8fb39c1e6e8bf4614f1ff3a7c9bcbc1b5acff762665dd6,H3-C09-MAIN,MAIN,2023,GBPUSD,H4,15,19,2023-02-14T07:01:40Z,2023-02-14T14:31:40Z,4.17000000,LONDON,RISK_OFF,RANGE,LOW
BOSS19_P5_SESSION_ATTRIBUTION_V1,2026-09-03T23:50:00Z,e54f1cfaf58df97acb8fb39c1e6e8bf4614f1ff3a7c9bcbc1b5acff762665dd6,H3-C09-MAIN,MAIN,2023,GBPUSD,H4,16,18,2023-02-14T10:12:40Z,2023-02-14T13:30:40Z,4.75000000,LONDON,RISK_OFF,RANGE,LOW
BOSS19_P5_SESSION_ATTRIBUTION_V1,2026-09-03T23:50:00Z,e54f1cfaf58df97acb8fb39c1e6e8bf4614f1ff3a7c9bcbc1b5acff762665dd6,H3-C09-MAIN,MAIN,2023,GBPUSD,H4,20,23,2023-02-14T14:41:40Z,2023-02-15T07:00:40Z,5.02000000,LONDON_NY_OVERLAP,RISK_OFF,RANGE,LOW
BOSS19_P5_SESSION_ATTRIBUTION_V1,2026-09-03T23:50:00Z,e54f1cfaf58df97acb8fb39c1e6e8bf4614f1ff3a7c9bcbc1b5acff762665dd6,H3-C09-MAIN,MAIN,2023,GBPUSD,H4,21,22,2023-02-14T15:03:40Z,2023-02-14T15:46:40Z,3.94000000,LONDON_NY_OVERLAP,RISK_OFF,RANGE,LOW
BOSS19_P5_SESSION_ATTRIBUTION_V1,2026-09-03T23:50:00Z,e54f1cfaf58df97acb8fb39c1e6e8bf4614f1ff3a7c9bcbc1b5acff762665dd6,H3-C09-MAIN,MAIN,2023,GBPUSD,H4,49,29,2023-03-13T02:32:40Z,2023-03-23T07:27:40Z,22.88000000,ASIA,RISK_OFF,RANGE,NORMAL
BOSS19_P5_SESSION_ATTRIBUTION_V1,2026-09-03T23:50:00Z,e54f1cfaf58df97acb8fb39c1e6e8bf4614f1ff3a7c9bcbc1b5acff762665dd6,H3-C09-MAIN,MAIN,2023,GBPUSD,H4,50,28,2023-03-13T14:45:40Z,2023-03-23T07:27:40Z,19.19000000,LONDON_NY_OVERLAP,RISK_OFF,TRANSITION,NORMAL
BOSS19_P5_SESSION_ATTRIBUTION_V1,2026-09-03T23:50:00Z,e54f1cfaf58df97acb8fb39c1e6e8bf4614f1ff3a7c9bcbc1b5acff762665dd6,H3-C09-MAIN,MAIN,2023,GBPUSD,H4,51,27,2023-03-13T17:38:40Z,2023-03-23T07:27:40Z,31.04000000,NEW_YORK_ONLY,RISK_OFF,TRANSITION,NORMAL
BOSS19_P5_SESSION_ATTRIBUTION_V1,2026-09-03T23:50:00Z,e54f1cfaf58df97acb8fb39c1e6e8bf4614f1ff3a7c9bcbc1b5acff762665dd6,H3-C09-MAIN,MAIN,2023,GBPUSD,H4,55,35,2023-03-30T12:39:40Z,2023-04-28T14:58:40Z,18.34000000,LONDON_NY_OVERLAP,NEUTRAL,TREND_UP,LOW
BOSS19_P5_SESSION_ATTRIBUTION_V1,2026-09-03T23:50:00Z,e54f1cfaf58df97acb8fb39c1e6e8bf4614f1ff3a7c9bcbc1b5acff762665dd6,H3-C09-MAIN,MAIN,2023,GBPUSD,H4,56,34,2023-03-31T01:21:40Z,2023-04-28T14:58:40Z,14.68000000,ASIA,NEUTRAL,TREND_UP,LOW
BOSS19_P5_SESSION_ATTRIBUTION_V1,2026-09-03T23:50:00Z,e54f1cfaf58df97acb8fb39c1e6e8bf4614f1ff3a7c9bcbc1b5acff762665dd6,H3-C09-MAIN,MAIN,2023,GBPUSD,H4,57,33,2023-04-04T07:44:40Z,2023-04-28T14:58:40Z,22.20000000,LONDON,NEUTRAL,TREND_UP,LOW
BOSS19_P5_SESSION_ATTRIBUTION_V1,2026-09-03T23:50:00Z,e54f1cfaf58df97acb8fb39c1e6e8bf4614f1ff3a7c9bcbc1b5acff762665dd6,H3-C09-MAIN,MAIN,2023,GBPUSD,H4,61,41,2023-05-04T14:32:40Z,2023-06-15T16:16:40Z,16.47000000,LONDON_NY_OVERLAP,NEUTRAL,RANGE,LOW
BOSS19_P5_SESSION_ATTRIBUTION_V1,2026-09-03T23:50:00Z,e54f1cfaf58df97acb8fb39c1e6e8bf4614f1ff3a7c9bcbc1b5acff762665dd6,H3-C09-MAIN,MAIN,2023,GBPUSD,H4,62,40,2023-05-05T06:40:40Z,2023-06-15T16:16:40Z,13.70000000,ASIA,RISK_OFF,RANGE,LOW
BOSS19_P5_SESSION_ATTRIBUTION_V1,2026-09-03T23:50:00Z,e54f1cfaf58df97acb8fb39c1e6e8bf4614f1ff3a7c9bcbc1b5acff762665dd6,H3-C09-MAIN,MAIN,2023,GBPUSD,H4,63,39,2023-05-05T15:47:40Z,2023-06-15T16:16:40Z,22.05000000,LONDON_NY_OVERLAP,RISK_OFF,RANGE,LOW
BOSS19_P5_SESSION_ATTRIBUTION_V1,2026-09-03T23:50:00Z,e54f1cfaf58df97acb8fb39c1e6e8bf4614f1ff3a7c9bcbc1b5acff762665dd6,H3-C09-MAIN,MAIN,2023,GBPUSD,H4,67,45,2023-06-16T06:12:20Z,2023-07-12T01:04:20Z,15.35000000,ASIA,RISK_ON,TREND_UP,LOW
BOSS19_P5_SESSION_ATTRIBUTION_V1,2026-09-03T23:50:00Z,e54f1cfaf58df97acb8fb39c1e6e8bf4614f1ff3a7c9bcbc1b5acff762665dd6,H3-C09-MAIN,MAIN,2023,GBPUSD,H4,68,44,2023-06-16T11:53:40Z,2023-07-12T01:04:20Z,12.62000000,LONDON,RISK_ON,TREND_UP,LOW
BOSS19_P5_SESSION_ATTRIBUTION_V1,2026-09-03T23:50:00Z,e54f1cfaf58df97acb8fb39c1e6e8bf4614f1ff3a7c9bcbc1b5acff762665dd6,H3-C09-MAIN,MAIN,2023,GBPUSD,H4,72,51,2023-07-12T13:19:40Z,2024-08-23T08:47:40Z,6.94000000,LONDON_NY_OVERLAP,NEUTRAL,TREND_UP,NORMAL
BOSS19_P5_SESSION_ATTRIBUTION_V1,2026-09-03T23:50:00Z,e54f1cfaf58df97acb8fb39c1e6e8bf4614f1ff3a7c9bcbc1b5acff762665dd6,H3-C09-MAIN,MAIN,2023,GBPUSD,H4,73,50,2023-07-13T02:46:40Z,2024-08-23T08:47:40Z,4.11000000,ASIA,NEUTRAL,TREND_UP,NORMAL
BOSS19_P5_SESSION_ATTRIBUTION_V1,2026-09-03T23:50:00Z,e54f1cfaf58df97acb8fb39c1e6e8bf4614f1ff3a7c9bcbc1b5acff762665dd6,H3-C09-MAIN,MAIN,2023,GBPUSD,H4,74,49,2023-07-13T08:10:40Z,2024-08-23T08:47:40Z,4.79000000,LONDON,NEUTRAL,TREND_UP,NORMAL
BOSS19_P5_SESSION_ATTRIBUTION_V1,2026-09-03T23:50:00Z,e54f1cfaf58df97acb8fb39c1e6e8bf4614f1ff3a7c9bcbc1b5acff762665dd6,H3-C09-MAIN,MAIN,2024,GBPUSD,H4,79,56,2024-08-23T14:02:40Z,2024-09-18T18:34:40Z,12.06000000,LONDON_NY_OVERLAP,RISK_OFF,TREND_UP,NORMAL
BOSS19_P5_SESSION_ATTRIBUTION_V1,2026-09-03T23:50:00Z,e54f1cfaf58df97acb8fb39c1e6e8bf4614f1ff3a7c9bcbc1b5acff762665dd6,H3-C09-MAIN,MAIN,2024,GBPUSD,H4,78,57,2024-08-23T14:02:40Z,2024-09-18T18:34:40Z,14.24000000,LONDON_NY_OVERLAP,RISK_OFF,TREND_UP,NORMAL
BOSS19_P5_SESSION_ATTRIBUTION_V1,2026-09-03T23:50:00Z,e54f1cfaf58df97acb8fb39c1e6e8bf4614f1ff3a7c9bcbc1b5acff762665dd6,H3-C09-MAIN,MAIN,2024,GBPUSD,H4,80,55,2024-08-23T14:13:40Z,2024-09-18T18:34:40Z,19.89000000,LONDON_NY_OVERLAP,RISK_OFF,TREND_UP,NORMAL
BOSS19_P5_SESSION_ATTRIBUTION_V1,2026-09-03T23:50:00Z,e54f1cfaf58df97acb8fb39c1e6e8bf4614f1ff3a7c9bcbc1b5acff762665dd6,H3-C09-MAIN,MAIN,2024,GBPUSD,H4,84,63,2024-09-20T06:07:40Z,2025-05-23T11:20:40Z,14.04000000,ASIA,NEUTRAL,TREND_UP,EXTREME
BOSS19_P5_SESSION_ATTRIBUTION_V1,2026-09-03T23:50:00Z,e54f1cfaf58df97acb8fb39c1e6e8bf4614f1ff3a7c9bcbc1b5acff762665dd6,H3-C09-MAIN,MAIN,2024,GBPUSD,H4,85,62,2024-09-23T14:15:40Z,2025-05-23T11:20:40Z,11.70000000,LONDON_NY_OVERLAP,NEUTRAL,TREND_UP,EXTREME
BOSS19_P5_SESSION_ATTRIBUTION_V1,2026-09-03T23:50:00Z,e54f1cfaf58df97acb8fb39c1e6e8bf4614f1ff3a7c9bcbc1b5acff762665dd6,H3-C09-MAIN,MAIN,2024,GBPUSD,H4,86,61,2024-09-24T08:31:40Z,2025-05-23T11:20:40Z,20.10000000,LONDON,NEUTRAL,TREND_UP,HIGH
BOSS19_P5_SESSION_ATTRIBUTION_V1,2026-09-03T23:50:00Z,e54f1cfaf58df97acb8fb39c1e6e8bf4614f1ff3a7c9bcbc1b5acff762665dd6,H3-C09-MAIN,MAIN,2025,GBPUSD,H4,90,69,2025-05-23T17:49:40Z,2025-06-26T03:05:40Z,17.46000000,NEW_YORK_ONLY,RISK_OFF,TREND_UP,NORMAL
BOSS19_P5_SESSION_ATTRIBUTION_V1,2026-09-03T23:50:00Z,e54f1cfaf58df97acb8fb39c1e6e8bf4614f1ff3a7c9bcbc1b5acff762665dd6,H3-C09-MAIN,MAIN,2025,GBPUSD,H4,91,68,2025-05-26T01:39:40Z,2025-06-26T03:05:40Z,14.40000000,ASIA,RISK_OFF,TREND_UP,NORMAL
BOSS19_P5_SESSION_ATTRIBUTION_V1,2026-09-03T23:50:00Z,e54f1cfaf58df97acb8fb39c1e6e8bf4614f1ff3a7c9bcbc1b5acff762665dd6,H3-C09-MAIN,MAIN,2025,GBPUSD,H4,92,67,2025-06-05T13:20:40Z,2025-06-26T03:05:40Z,23.20000000,LONDON_NY_OVERLAP,NEUTRAL,RANGE,LOW
BOSS19_P5_SESSION_ATTRIBUTION_V1,2026-09-03T23:50:00Z,e54f1cfaf58df97acb8fb39c1e6e8bf4614f1ff3a7c9bcbc1b5acff762665dd6,H3-C09-MAIN,MAIN,2025,GBPUSD,H4,96,73,2025-06-26T08:05:40Z,2025-12-30T21:59:59Z,-31.39000000,LONDON,NEUTRAL,TREND_UP,NORMAL
BOSS19_P5_SESSION_ATTRIBUTION_V1,2026-09-03T23:50:00Z,e54f1cfaf58df97acb8fb39c1e6e8bf4614f1ff3a7c9bcbc1b5acff762665dd6,H3-C09-MAIN,MAIN,2025,GBPUSD,H4,97,72,2025-07-01T08:37:40Z,2025-12-30T21:59:59Z,-34.09000000,LONDON,NEUTRAL,TREND_UP,NORMAL
BOSS19_P5_SESSION_ATTRIBUTION_V1,2026-09-03T23:50:00Z,e54f1cfaf58df97acb8fb39c1e6e8bf4614f1ff3a7c9bcbc1b5acff762665dd6,H3-C10-BWD,BWD,2020,AUDUSD,M15,185,7,2020-01-10T04:23:40Z,2020-06-08T19:38:40Z,14.92000000,ASIA,NEUTRAL,RANGE,NORMAL
BOSS19_P5_SESSION_ATTRIBUTION_V1,2026-09-03T23:50:00Z,e54f1cfaf58df97acb8fb39c1e6e8bf4614f1ff3a7c9bcbc1b5acff762665dd6,H3-C10-BWD,BWD,2020,AUDUSD,M15,186,6,2020-01-10T13:33:40Z,2020-06-08T19:38:40Z,13.68000000,LONDON_NY_OVERLAP,NEUTRAL,TREND_UP,NORMAL
BOSS19_P5_SESSION_ATTRIBUTION_V1,2026-09-03T23:50:00Z,e54f1cfaf58df97acb8fb39c1e6e8bf4614f1ff3a7c9bcbc1b5acff762665dd6,H3-C10-BWD,BWD,2020,AUDUSD,M15,187,5,2020-01-10T15:39:40Z,2020-06-08T19:38:40Z,24.86000000,LONDON_NY_OVERLAP,NEUTRAL,TREND_UP,HIGH
BOSS19_P5_SESSION_ATTRIBUTION_V1,2026-09-03T23:50:00Z,e54f1cfaf58df97acb8fb39c1e6e8bf4614f1ff3a7c9bcbc1b5acff762665dd6,H3-C10-BWD,BWD,2020,AUDUSD,M15,242,13,2020-06-10T05:28:40Z,2020-07-22T05:58:40Z,15.52000000,ASIA,NEUTRAL,RANGE,NORMAL
BOSS19_P5_SESSION_ATTRIBUTION_V1,2026-09-03T23:50:00Z,e54f1cfaf58df97acb8fb39c1e6e8bf4614f1ff3a7c9bcbc1b5acff762665dd6,H3-C10-BWD,BWD,2020,AUDUSD,M15,243,12,2020-06-10T18:00:20Z,2020-07-22T05:58:40Z,12.83000000,NEW_YORK_ONLY,NEUTRAL,RANGE,NORMAL
BOSS19_P5_SESSION_ATTRIBUTION_V1,2026-09-03T23:50:00Z,e54f1cfaf58df97acb8fb39c1e6e8bf4614f1ff3a7c9bcbc1b5acff762665dd6,H3-C10-BWD,BWD,2020,AUDUSD,M15,244,11,2020-06-10T18:14:40Z,2020-07-22T05:58:40Z,20.26000000,NEW_YORK_ONLY,NEUTRAL,RANGE,NORMAL
BOSS19_P5_SESSION_ATTRIBUTION_V1,2026-09-03T23:50:00Z,e54f1cfaf58df97acb8fb39c1e6e8bf4614f1ff3a7c9bcbc1b5acff762665dd6,H3-C10-BWD,BWD,2020,AUDUSD,M15,248,15,2020-07-22T11:53:20Z,2020-08-19T09:24:40Z,9.81000000,LONDON,NEUTRAL,TREND_UP,NORMAL
BOSS19_P5_SESSION_ATTRIBUTION_V1,2026-09-03T23:50:00Z,e54f1cfaf58df97acb8fb39c1e6e8bf4614f1ff3a7c9bcbc1b5acff762665dd6,H3-C10-BWD,BWD,2020,AUDUSD,M15,258,17,2020-08-20T19:04:40Z,2020-08-28T06:02:40Z,10.27000000,NEW_YORK_ONLY,NEUTRAL,RANGE,NORMAL
BOSS19_P5_SESSION_ATTRIBUTION_V1,2026-09-03T23:50:00Z,e54f1cfaf58df97acb8fb39c1e6e8bf4614f1ff3a7c9bcbc1b5acff762665dd6,H3-C10-BWD,BWD,2020,AUDUSD,M15,262,23,2020-08-28T09:09:20Z,2020-12-07T16:11:20Z,12.83000000,LONDON,NEUTRAL,TREND_UP,NORMAL
BOSS19_P5_SESSION_ATTRIBUTION_V1,2026-09-03T23:50:00Z,e54f1cfaf58df97acb8fb39c1e6e8bf4614f1ff3a7c9bcbc1b5acff762665dd6,H3-C10-BWD,BWD,2020,AUDUSD,M15,263,22,2020-08-28T11:12:40Z,2020-12-07T16:11:20Z,10.78000000,LONDON,NEUTRAL,TREND_UP,NORMAL
BOSS19_P5_SESSION_ATTRIBUTION_V1,2026-09-03T23:50:00Z,e54f1cfaf58df97acb8fb39c1e6e8bf4614f1ff3a7c9bcbc1b5acff762665dd6,H3-C10-BWD,BWD,2020,AUDUSD,M15,264,21,2020-08-28T20:42:40Z,2020-12-07T16:11:20Z,17.48000000,NEW_YORK_ONLY,NEUTRAL,TREND_UP,NORMAL
BOSS19_P5_SESSION_ATTRIBUTION_V1,2026-09-03T23:50:00Z,e54f1cfaf58df97acb8fb39c1e6e8bf4614f1ff3a7c9bcbc1b5acff762665dd6,H3-C10-BWD,BWD,2020,AUDUSD,M15,328,29,2020-12-09T04:10:40Z,2020-12-11T04:09:40Z,13.38000000,ASIA,NEUTRAL,RANGE,LOW
BOSS19_P5_SESSION_ATTRIBUTION_V1,2026-09-03T23:50:00Z,e54f1cfaf58df97acb8fb39c1e6e8bf4614f1ff3a7c9bcbc1b5acff762665dd6,H3-C10-BWD,BWD,2020,AUDUSD,M15,329,28,2020-12-09T08:41:40Z,2020-12-11T04:09:40Z,11.30000000,LONDON,NEUTRAL,TREND_UP,LOW
BOSS19_P5_SESSION_ATTRIBUTION_V1,2026-09-03T23:50:00Z,e54f1cfaf58df97acb8fb39c1e6e8bf4614f1ff3a7c9bcbc1b5acff762665dd6,H3-C10-BWD,BWD,2020,AUDUSD,M15,330,27,2020-12-09T10:49:40Z,2020-12-11T04:09:40Z,18.46000000,LONDON,NEUTRAL,TREND_UP,LOW
BOSS19_P5_SESSION_ATTRIBUTION_V1,2026-09-03T23:50:00Z,e54f1cfaf58df97acb8fb39c1e6e8bf4614f1ff3a7c9bcbc1b5acff762665dd6,H3-C10-BWD,BWD,2020,AUDUSD,M15,379,31,2020-12-14T07:31:40Z,2020-12-30T04:44:40Z,9.41000000,LONDON,NEUTRAL,RANGE,LOW
BOSS19_P5_SESSION_ATTRIBUTION_V1,2026-09-03T23:50:00Z,e54f1cfaf58df97acb8fb39c1e6e8bf4614f1ff3a7c9bcbc1b5acff762665dd6,H3-C10-BWD,BWD,2020,AUDUSD,M15,383,37,2020-12-30T14:05:40Z,2021-01-06T09:17:40Z,13.32000000,LONDON_NY_OVERLAP,NEUTRAL,TREND_UP,LOW
BOSS19_P5_SESSION_ATTRIBUTION_V1,2026-09-03T23:50:00Z,e54f1cfaf58df97acb8fb39c1e6e8bf4614f1ff3a7c9bcbc1b5acff762665dd6,H3-C10-BWD,BWD,2020,AUDUSD,M15,384,36,2020-12-31T00:29:00Z,2021-01-06T09:17:40Z,11.45000000,ASIA,NEUTRAL,TREND_UP,LOW
BOSS19_P5_SESSION_ATTRIBUTION_V1,2026-09-03T23:50:00Z,e54f1cfaf58df97acb8fb39c1e6e8bf4614f1ff3a7c9bcbc1b5acff762665dd6,H3-C10-BWD,BWD,2020,AUDUSD,M15,385,35,2020-12-31T08:02:40Z,2021-01-06T09:17:40Z,19.14000000,LONDON,NEUTRAL,TREND_UP,LOW
BOSS19_P5_SESSION_ATTRIBUTION_V1,2026-09-03T23:50:00Z,e54f1cfaf58df97acb8fb39c1e6e8bf4614f1ff3a7c9bcbc1b5acff762665dd6,H3-C10-BWD,BWD,2021,AUDUSD,M15,422,39,2021-01-06T21:40:40Z,2021-02-22T15:11:40Z,10.54000000,OUTSIDE_DEFINED_SESSION,NEUTRAL,RANGE,NORMAL
BOSS19_P5_SESSION_ATTRIBUTION_V1,2026-09-03T23:50:00Z,e54f1cfaf58df97acb8fb39c1e6e8bf4614f1ff3a7c9bcbc1b5acff762665dd6,H3-C10-BWD,BWD,2021,AUDUSD,M15,426,41,2021-02-23T01:49:40Z,2022-12-30T21:54:59Z,-111.87000000,ASIA,NEUTRAL,TREND_UP,NORMAL
BOSS19_P5_SESSION_ATTRIBUTION_V1,2026-09-03T23:50:00Z,e54f1cfaf58df97acb8fb39c1e6e8bf4614f1ff3a7c9bcbc1b5acff762665dd6,H3-C10-MAIN,MAIN,2023,AUDUSD,M15,5,3,2023-01-03T02:50:40Z,2023-01-03T08:04:40Z,3.26000000,ASIA,RISK_OFF,RANGE,NORMAL
BOSS19_P5_SESSION_ATTRIBUTION_V1,2026-09-03T23:50:00Z,e54f1cfaf58df97acb8fb39c1e6e8bf4614f1ff3a7c9bcbc1b5acff762665dd6,H3-C10-MAIN,MAIN,2023,AUDUSD,M15,21,9,2023-01-04T04:02:40Z,2023-01-12T13:35:40Z,18.58000000,ASIA,RISK_OFF,TREND_UP,NORMAL
BOSS19_P5_SESSION_ATTRIBUTION_V1,2026-09-03T23:50:00Z,e54f1cfaf58df97acb8fb39c1e6e8bf4614f1ff3a7c9bcbc1b5acff762665dd6,H3-C10-MAIN,MAIN,2023,AUDUSD,M15,22,8,2023-01-04T04:58:40Z,2023-01-12T13:35:40Z,15.86000000,ASIA,RISK_OFF,TREND_UP,NORMAL
BOSS19_P5_SESSION_ATTRIBUTION_V1,2026-09-03T23:50:00Z,e54f1cfaf58df97acb8fb39c1e6e8bf4614f1ff3a7c9bcbc1b5acff762665dd6,H3-C10-MAIN,MAIN,2023,AUDUSD,M15,23,7,2023-01-04T07:38:40Z,2023-01-12T13:35:40Z,26.26000000,LONDON,RISK_OFF,TREND_UP,NORMAL
BOSS19_P5_SESSION_ATTRIBUTION_V1,2026-09-03T23:50:00Z,e54f1cfaf58df97acb8fb39c1e6e8bf4614f1ff3a7c9bcbc1b5acff762665dd6,H3-C10-MAIN,MAIN,2023,AUDUSD,M15,27,11,2023-01-13T08:47:40Z,2023-01-26T14:05:40Z,14.09000000,LONDON,RISK_OFF,RANGE,NORMAL
BOSS19_P5_SESSION_ATTRIBUTION_V1,2026-09-03T23:50:00Z,e54f1cfaf58df97acb8fb39c1e6e8bf4614f1ff3a7c9bcbc1b5acff762665dd6,H3-C10-MAIN,MAIN,2023,AUDUSD,M15,118,13,2023-02-01T04:36:40Z,2025-12-30T21:59:59Z,-37.88000000,ASIA,NEUTRAL,RANGE,LOW
BOSS19_P5_SESSION_ATTRIBUTION_V1,2026-09-03T23:50:00Z,e54f1cfaf58df97acb8fb39c1e6e8bf4614f1ff3a7c9bcbc1b5acff762665dd6,H3-C11-BWD,BWD,2020,AUDUSD,H1,35,7,2020-01-10T15:10:40Z,2020-06-09T00:05:40Z,14.71000000,LONDON_NY_OVERLAP,NEUTRAL,TRANSITION,NORMAL
BOSS19_P5_SESSION_ATTRIBUTION_V1,2026-09-03T23:50:00Z,e54f1cfaf58df97acb8fb39c1e6e8bf4614f1ff3a7c9bcbc1b5acff762665dd6,H3-C11-BWD,BWD,2020,AUDUSD,H1,36,6,2020-01-10T15:55:40Z,2020-06-09T00:05:40Z,13.47000000,LONDON_NY_OVERLAP,NEUTRAL,TRANSITION,NORMAL
BOSS19_P5_SESSION_ATTRIBUTION_V1,2026-09-03T23:50:00Z,e54f1cfaf58df97acb8fb39c1e6e8bf4614f1ff3a7c9bcbc1b5acff762665dd6,H3-C11-BWD,BWD,2020,AUDUSD,H1,37,5,2020-01-13T03:00:40Z,2020-06-09T00:05:40Z,24.44000000,ASIA,NEUTRAL,TREND_UP,NORMAL
BOSS19_P5_SESSION_ATTRIBUTION_V1,2026-09-03T23:50:00Z,e54f1cfaf58df97acb8fb39c1e6e8bf4614f1ff3a7c9bcbc1b5acff762665dd6,H3-C11-BWD,BWD,2020,AUDUSD,H1,44,13,2020-06-09T11:41:40Z,2020-06-11T07:07:40Z,2.87000000,LONDON,NEUTRAL,TRANSITION,HIGH
BOSS19_P5_SESSION_ATTRIBUTION_V1,2026-09-03T23:50:00Z,e54f1cfaf58df97acb8fb39c1e6e8bf4614f1ff3a7c9bcbc1b5acff762665dd6,H3-C11-BWD,BWD,2020,AUDUSD,H1,45,10,2020-06-09T14:26:40Z,2020-06-10T00:01:40Z,2.80000000,LONDON_NY_OVERLAP,NEUTRAL,TRANSITION,HIGH
BOSS19_P5_SESSION_ATTRIBUTION_V1,2026-09-03T23:50:00Z,e54f1cfaf58df97acb8fb39c1e6e8bf4614f1ff3a7c9bcbc1b5acff762665dd6,H3-C11-BWD,BWD,2020,AUDUSD,H1,46,12,2020-06-10T05:23:40Z,2020-06-11T03:06:40Z,2.77000000,ASIA,NEUTRAL,RANGE,NORMAL
BOSS19_P5_SESSION_ATTRIBUTION_V1,2026-09-03T23:50:00Z,e54f1cfaf58df97acb8fb39c1e6e8bf4614f1ff3a7c9bcbc1b5acff762665dd6,H3-C11-BWD,BWD,2020,AUDUSD,H1,50,15,2020-06-11T08:14:40Z,2020-06-11T11:34:20Z,2.89000000,LONDON,NEUTRAL,TRANSITION,HIGH
BOSS19_P5_SESSION_ATTRIBUTION_V1,2026-09-03T23:50:00Z,e54f1cfaf58df97acb8fb39c1e6e8bf4614f1ff3a7c9bcbc1b5acff762665dd6,H3-C11-BWD,BWD,2020,AUDUSD,H1,54,17,2020-06-15T22:23:40Z,2020-07-21T09:44:40Z,12.01000000,OUTSIDE_DEFINED_SESSION,STRESS,TRANSITION,HIGH
BOSS19_P5_SESSION_ATTRIBUTION_V1,2026-09-03T23:50:00Z,e54f1cfaf58df97acb8fb39c1e6e8bf4614f1ff3a7c9bcbc1b5acff762665dd6,H3-C11-BWD,BWD,2020,AUDUSD,H1,58,23,2020-07-21T12:36:40Z,2020-07-31T06:37:40Z,13.13000000,LONDON_NY_OVERLAP,NEUTRAL,TREND_UP,NORMAL
BOSS19_P5_SESSION_ATTRIBUTION_V1,2026-09-03T23:50:00Z,e54f1cfaf58df97acb8fb39c1e6e8bf4614f1ff3a7c9bcbc1b5acff762665dd6,H3-C11-BWD,BWD,2020,AUDUSD,H1,59,22,2020-07-21T15:17:40Z,2020-07-31T06:37:40Z,10.73000000,LONDON_NY_OVERLAP,NEUTRAL,TREND_UP,NORMAL
BOSS19_P5_SESSION_ATTRIBUTION_V1,2026-09-03T23:50:00Z,e54f1cfaf58df97acb8fb39c1e6e8bf4614f1ff3a7c9bcbc1b5acff762665dd6,H3-C11-BWD,BWD,2020,AUDUSD,H1,60,21,2020-07-21T18:40:40Z,2020-07-31T06:37:40Z,16.66000000,NEW_YORK_ONLY,NEUTRAL,TREND_UP,NORMAL
BOSS19_P5_SESSION_ATTRIBUTION_V1,2026-09-03T23:50:00Z,e54f1cfaf58df97acb8fb39c1e6e8bf4614f1ff3a7c9bcbc1b5acff762665dd6,H3-C11-BWD,BWD,2020,AUDUSD,H1,82,29,2020-08-04T23:53:20Z,2020-08-28T06:04:40Z,12.73000000,OUTSIDE_DEFINED_SESSION,NEUTRAL,RANGE,NORMAL
BOSS19_P5_SESSION_ATTRIBUTION_V1,2026-09-03T23:50:00Z,e54f1cfaf58df97acb8fb39c1e6e8bf4614f1ff3a7c9bcbc1b5acff762665dd6,H3-C11-BWD,BWD,2020,AUDUSD,H1,83,28,2020-08-05T07:18:40Z,2020-08-28T06:04:40Z,10.74000000,LONDON,NEUTRAL,RANGE,NORMAL
BOSS19_P5_SESSION_ATTRIBUTION_V1,2026-09-03T23:50:00Z,e54f1cfaf58df97acb8fb39c1e6e8bf4614f1ff3a7c9bcbc1b5acff762665dd6,H3-C11-BWD,BWD,2020,AUDUSD,H1,84,27,2020-08-05T09:44:40Z,2020-08-28T06:04:40Z,17.48000000,LONDON,NEUTRAL,TREND_UP,NORMAL
BOSS19_P5_SESSION_ATTRIBUTION_V1,2026-09-03T23:50:00Z,e54f1cfaf58df97acb8fb39c1e6e8bf4614f1ff3a7c9bcbc1b5acff762665dd6,H3-C11-BWD,BWD,2020,AUDUSD,H1,88,35,2020-08-28T09:11:40Z,2020-12-07T16:38:40Z,12.88000000,LONDON,NEUTRAL,TREND_UP,NORMAL
BOSS19_P5_SESSION_ATTRIBUTION_V1,2026-09-03T23:50:00Z,e54f1cfaf58df97acb8fb39c1e6e8bf4614f1ff3a7c9bcbc1b5acff762665dd6,H3-C11-BWD,BWD,2020,AUDUSD,H1,89,34,2020-08-28T11:12:40Z,2020-12-07T16:38:40Z,10.83000000,LONDON,NEUTRAL,TREND_UP,NORMAL
BOSS19_P5_SESSION_ATTRIBUTION_V1,2026-09-03T23:50:00Z,e54f1cfaf58df97acb8fb39c1e6e8bf4614f1ff3a7c9bcbc1b5acff762665dd6,H3-C11-BWD,BWD,2020,AUDUSD,H1,90,33,2020-08-28T20:44:40Z,2020-12-07T16:38:40Z,17.58000000,NEW_YORK_ONLY,NEUTRAL,TREND_UP,NORMAL
BOSS19_P5_SESSION_ATTRIBUTION_V1,2026-09-03T23:50:00Z,e54f1cfaf58df97acb8fb39c1e6e8bf4614f1ff3a7c9bcbc1b5acff762665dd6,H3-C11-BWD,BWD,2020,AUDUSD,H1,154,37,2020-12-09T04:00:40Z,2021-07-09T01:41:40Z,-4.14000000,ASIA,NEUTRAL,RANGE,LOW
BOSS19_P5_SESSION_ATTRIBUTION_V1,2026-09-03T23:50:00Z,e54f1cfaf58df97acb8fb39c1e6e8bf4614f1ff3a7c9bcbc1b5acff762665dd6,H3-C11-BWD,BWD,2021,AUDUSD,H1,158,43,2021-07-09T07:09:40Z,2021-07-15T17:55:40Z,1.79000000,LONDON,RISK_OFF,TREND_DOWN,NORMAL
BOSS19_P5_SESSION_ATTRIBUTION_V1,2026-09-03T23:50:00Z,e54f1cfaf58df97acb8fb39c1e6e8bf4614f1ff3a7c9bcbc1b5acff762665dd6,H3-C11-BWD,BWD,2021,AUDUSD,H1,159,42,2021-07-09T09:23:40Z,2021-07-13T12:53:40Z,1.88000000,LONDON,RISK_OFF,TREND_DOWN,NORMAL
BOSS19_P5_SESSION_ATTRIBUTION_V1,2026-09-03T23:50:00Z,e54f1cfaf58df97acb8fb39c1e6e8bf4614f1ff3a7c9bcbc1b5acff762665dd6,H3-C11-BWD,BWD,2021,AUDUSD,H1,160,41,2021-07-09T11:40:40Z,2021-07-12T10:30:40Z,1.89000000,LONDON,RISK_OFF,TREND_DOWN,NORMAL
BOSS19_P5_SESSION_ATTRIBUTION_V1,2026-09-03T23:50:00Z,e54f1cfaf58df97acb8fb39c1e6e8bf4614f1ff3a7c9bcbc1b5acff762665dd6,H3-C11-BWD,BWD,2021,AUDUSD,H1,164,45,2021-07-15T22:45:40Z,2021-07-16T12:41:40Z,2.14000000,OUTSIDE_DEFINED_SESSION,NEUTRAL,TREND_DOWN,NORMAL
BOSS19_P5_SESSION_ATTRIBUTION_V1,2026-09-03T23:50:00Z,e54f1cfaf58df97acb8fb39c1e6e8bf4614f1ff3a7c9bcbc1b5acff762665dd6,H3-C11-BWD,BWD,2021,AUDUSD,H1,168,49,2021-07-22T07:25:40Z,2021-10-19T17:23:40Z,10.59000000,LONDON,NEUTRAL,RANGE,NORMAL
BOSS19_P5_SESSION_ATTRIBUTION_V1,2026-09-03T23:50:00Z,e54f1cfaf58df97acb8fb39c1e6e8bf4614f1ff3a7c9bcbc1b5acff762665dd6,H3-C11-BWD,BWD,2021,AUDUSD,H1,169,48,2021-07-22T21:58:20Z,2021-10-19T17:23:40Z,8.62000000,OUTSIDE_DEFINED_SESSION,NEUTRAL,TREND_UP,NORMAL
BOSS19_P5_SESSION_ATTRIBUTION_V1,2026-09-03T23:50:00Z,e54f1cfaf58df97acb8fb39c1e6e8bf4614f1ff3a7c9bcbc1b5acff762665dd6,H3-C11-BWD,BWD,2021,AUDUSD,H1,173,55,2021-10-20T14:30:40Z,2022-04-05T13:31:40Z,14.11000000,LONDON_NY_OVERLAP,NEUTRAL,TREND_UP,LOW
BOSS19_P5_SESSION_ATTRIBUTION_V1,2026-09-03T23:50:00Z,e54f1cfaf58df97acb8fb39c1e6e8bf4614f1ff3a7c9bcbc1b5acff762665dd6,H3-C11-BWD,BWD,2021,AUDUSD,H1,174,54,2021-10-21T00:22:40Z,2022-04-05T13:31:40Z,12.20000000,ASIA,NEUTRAL,TREND_UP,LOW
BOSS19_P5_SESSION_ATTRIBUTION_V1,2026-09-03T23:50:00Z,e54f1cfaf58df97acb8fb39c1e6e8bf4614f1ff3a7c9bcbc1b5acff762665dd6,H3-C11-BWD,BWD,2021,AUDUSD,H1,175,53,2021-10-21T02:13:40Z,2022-04-05T13:31:40Z,20.60000000,ASIA,NEUTRAL,TREND_UP,LOW
BOSS19_P5_SESSION_ATTRIBUTION_V1,2026-09-03T23:50:00Z,e54f1cfaf58df97acb8fb39c1e6e8bf4614f1ff3a7c9bcbc1b5acff762665dd6,H3-C11-BWD,BWD,2022,AUDUSD,H1,182,57,2022-04-06T18:03:20Z,2022-04-06T18:07:40Z,3.09000000,NEW_YORK_ONLY,NEUTRAL,TRANSITION,HIGH
BOSS19_P5_SESSION_ATTRIBUTION_V1,2026-09-03T23:50:00Z,e54f1cfaf58df97acb8fb39c1e6e8bf4614f1ff3a7c9bcbc1b5acff762665dd6,H3-C11-BWD,BWD,2022,AUDUSD,H1,240,59,2022-04-13T19:36:20Z,2022-04-14T13:37:40Z,2.38000000,NEW_YORK_ONLY,NEUTRAL,RANGE,HIGH
BOSS19_P5_SESSION_ATTRIBUTION_V1,2026-09-03T23:50:00Z,e54f1cfaf58df97acb8fb39c1e6e8bf4614f1ff3a7c9bcbc1b5acff762665dd6,H3-C11-BWD,BWD,2022,AUDUSD,H1,283,65,2022-04-20T01:57:40Z,2022-12-30T21:54:59Z,-58.46000000,ASIA,NEUTRAL,TRANSITION,NORMAL
BOSS19_P5_SESSION_ATTRIBUTION_V1,2026-09-03T23:50:00Z,e54f1cfaf58df97acb8fb39c1e6e8bf4614f1ff3a7c9bcbc1b5acff762665dd6,H3-C11-BWD,BWD,2022,AUDUSD,H1,284,64,2022-04-20T04:56:40Z,2022-12-30T21:54:59Z,-60.61000000,ASIA,NEUTRAL,TRANSITION,NORMAL
BOSS19_P5_SESSION_ATTRIBUTION_V1,2026-09-03T23:50:00Z,e54f1cfaf58df97acb8fb39c1e6e8bf4614f1ff3a7c9bcbc1b5acff762665dd6,H3-C11-BWD,BWD,2022,AUDUSD,H1,285,63,2022-04-20T10:14:40Z,2022-12-30T21:54:59Z,-125.54000000,LONDON,NEUTRAL,RANGE,NORMAL
BOSS19_P5_SESSION_ATTRIBUTION_V1,2026-09-03T23:50:00Z,e54f1cfaf58df97acb8fb39c1e6e8bf4614f1ff3a7c9bcbc1b5acff762665dd6,H3-C11-MAIN,MAIN,2023,AUDUSD,H1,2,3,2023-01-03T03:39:40Z,2023-01-12T13:54:40Z,14.66000000,ASIA,RISK_OFF,RANGE,NORMAL
BOSS19_P5_SESSION_ATTRIBUTION_V1,2026-09-03T23:50:00Z,e54f1cfaf58df97acb8fb39c1e6e8bf4614f1ff3a7c9bcbc1b5acff762665dd6,H3-C11-MAIN,MAIN,2023,AUDUSD,H1,6,5,2023-01-16T01:55:40Z,2023-02-01T20:07:20Z,13.00000000,ASIA,NEUTRAL,RANGE,NORMAL
BOSS19_P5_SESSION_ATTRIBUTION_V1,2026-09-03T23:50:00Z,e54f1cfaf58df97acb8fb39c1e6e8bf4614f1ff3a7c9bcbc1b5acff762665dd6,H3-C11-MAIN,MAIN,2023,AUDUSD,H1,10,7,2023-02-01T23:11:40Z,2025-12-30T21:59:59Z,-45.52000000,OUTSIDE_DEFINED_SESSION,NEUTRAL,RANGE,NORMAL
BOSS19_P5_SESSION_ATTRIBUTION_V1,2026-09-03T23:50:00Z,e54f1cfaf58df97acb8fb39c1e6e8bf4614f1ff3a7c9bcbc1b5acff762665dd6,H3-C12-BWD,BWD,2020,AUDUSD,H4,5,3,2020-01-16T11:27:40Z,2020-01-16T14:51:40Z,1.31000000,LONDON,NEUTRAL,RANGE,NORMAL
BOSS19_P5_SESSION_ATTRIBUTION_V1,2026-09-03T23:50:00Z,e54f1cfaf58df97acb8fb39c1e6e8bf4614f1ff3a7c9bcbc1b5acff762665dd6,H3-C12-BWD,BWD,2020,AUDUSD,H4,9,5,2020-03-06T08:34:40Z,2020-06-01T07:57:40Z,12.48000000,LONDON,STRESS,RANGE,EXTREME
BOSS19_P5_SESSION_ATTRIBUTION_V1,2026-09-03T23:50:00Z,e54f1cfaf58df97acb8fb39c1e6e8bf4614f1ff3a7c9bcbc1b5acff762665dd6,H3-C12-BWD,BWD,2020,AUDUSD,H4,13,11,2020-06-01T16:20:40Z,2020-06-03T00:45:40Z,16.54000000,NEW_YORK_ONLY,RISK_OFF,TREND_UP,NORMAL
BOSS19_P5_SESSION_ATTRIBUTION_V1,2026-09-03T23:50:00Z,e54f1cfaf58df97acb8fb39c1e6e8bf4614f1ff3a7c9bcbc1b5acff762665dd6,H3-C12-BWD,BWD,2020,AUDUSD,H4,14,10,2020-06-02T08:18:40Z,2020-06-03T00:45:40Z,14.06000000,LONDON,NEUTRAL,TREND_UP,NORMAL
BOSS19_P5_SESSION_ATTRIBUTION_V1,2026-09-03T23:50:00Z,e54f1cfaf58df97acb8fb39c1e6e8bf4614f1ff3a7c9bcbc1b5acff762665dd6,H3-C12-BWD,BWD,2020,AUDUSD,H4,15,9,2020-06-02T08:50:40Z,2020-06-03T00:45:40Z,23.14000000,LONDON,NEUTRAL,TREND_UP,NORMAL
BOSS19_P5_SESSION_ATTRIBUTION_V1,2026-09-03T23:50:00Z,e54f1cfaf58df97acb8fb39c1e6e8bf4614f1ff3a7c9bcbc1b5acff762665dd6,H3-C12-BWD,BWD,2020,AUDUSD,H4,19,17,2020-06-03T01:24:40Z,2020-07-21T17:50:40Z,15.37000000,ASIA,NEUTRAL,TREND_UP,NORMAL
BOSS19_P5_SESSION_ATTRIBUTION_V1,2026-09-03T23:50:00Z,e54f1cfaf58df97acb8fb39c1e6e8bf4614f1ff3a7c9bcbc1b5acff762665dd6,H3-C12-BWD,BWD,2020,AUDUSD,H4,20,16,2020-06-05T07:36:40Z,2020-07-21T17:50:40Z,12.76000000,LONDON,NEUTRAL,TREND_UP,HIGH
BOSS19_P5_SESSION_ATTRIBUTION_V1,2026-09-03T23:50:00Z,e54f1cfaf58df97acb8fb39c1e6e8bf4614f1ff3a7c9bcbc1b5acff762665dd6,H3-C12-BWD,BWD,2020,AUDUSD,H4,21,15,2020-06-09T00:04:40Z,2020-07-21T17:50:40Z,20.32000000,ASIA,NEUTRAL,TREND_UP,NORMAL
BOSS19_P5_SESSION_ATTRIBUTION_V1,2026-09-03T23:50:00Z,e54f1cfaf58df97acb8fb39c1e6e8bf4614f1ff3a7c9bcbc1b5acff762665dd6,H3-C12-BWD,BWD,2020,AUDUSD,H4,25,23,2020-07-22T07:05:40Z,2020-08-28T05:01:40Z,13.23000000,LONDON,NEUTRAL,TREND_UP,NORMAL
BOSS19_P5_SESSION_ATTRIBUTION_V1,2026-09-03T23:50:00Z,e54f1cfaf58df97acb8fb39c1e6e8bf4614f1ff3a7c9bcbc1b5acff762665dd6,H3-C12-BWD,BWD,2020,AUDUSD,H4,26,22,2020-07-29T07:42:40Z,2020-08-28T05:01:40Z,10.83000000,LONDON,NEUTRAL,TREND_UP,NORMAL
BOSS19_P5_SESSION_ATTRIBUTION_V1,2026-09-03T23:50:00Z,e54f1cfaf58df97acb8fb39c1e6e8bf4614f1ff3a7c9bcbc1b5acff762665dd6,H3-C12-BWD,BWD,2020,AUDUSD,H4,27,21,2020-07-31T00:01:40Z,2020-08-28T05:01:40Z,16.86000000,ASIA,NEUTRAL,TREND_UP,NORMAL
BOSS19_P5_SESSION_ATTRIBUTION_V1,2026-09-03T23:50:00Z,e54f1cfaf58df97acb8fb39c1e6e8bf4614f1ff3a7c9bcbc1b5acff762665dd6,H3-C12-BWD,BWD,2020,AUDUSD,H4,31,29,2020-08-28T07:23:40Z,2020-12-03T14:27:20Z,12.83000000,LONDON,NEUTRAL,RANGE,NORMAL
BOSS19_P5_SESSION_ATTRIBUTION_V1,2026-09-03T23:50:00Z,e54f1cfaf58df97acb8fb39c1e6e8bf4614f1ff3a7c9bcbc1b5acff762665dd6,H3-C12-BWD,BWD,2020,AUDUSD,H4,32,28,2020-08-28T11:06:40Z,2020-12-03T14:27:20Z,10.78000000,LONDON,NEUTRAL,RANGE,NORMAL
BOSS19_P5_SESSION_ATTRIBUTION_V1,2026-09-03T23:50:00Z,e54f1cfaf58df97acb8fb39c1e6e8bf4614f1ff3a7c9bcbc1b5acff762665dd6,H3-C12-BWD,BWD,2020,AUDUSD,H4,33,27,2020-08-28T14:55:40Z,2020-12-03T14:27:20Z,17.48000000,LONDON_NY_OVERLAP,NEUTRAL,TREND_UP,NORMAL
BOSS19_P5_SESSION_ATTRIBUTION_V1,2026-09-03T23:50:00Z,e54f1cfaf58df97acb8fb39c1e6e8bf4614f1ff3a7c9bcbc1b5acff762665dd6,H3-C12-BWD,BWD,2020,AUDUSD,H4,37,35,2020-12-09T08:45:40Z,2020-12-17T00:30:40Z,12.36000000,LONDON,NEUTRAL,RANGE,LOW
BOSS19_P5_SESSION_ATTRIBUTION_V1,2026-09-03T23:50:00Z,e54f1cfaf58df97acb8fb39c1e6e8bf4614f1ff3a7c9bcbc1b5acff762665dd6,H3-C12-BWD,BWD,2020,AUDUSD,H4,38,34,2020-12-09T11:10:40Z,2020-12-17T00:30:40Z,10.30000000,LONDON,NEUTRAL,TREND_UP,LOW
BOSS19_P5_SESSION_ATTRIBUTION_V1,2026-09-03T23:50:00Z,e54f1cfaf58df97acb8fb39c1e6e8bf4614f1ff3a7c9bcbc1b5acff762665dd6,H3-C12-BWD,BWD,2020,AUDUSD,H4,39,33,2020-12-10T13:09:40Z,2020-12-17T00:30:40Z,16.50000000,LONDON_NY_OVERLAP,NEUTRAL,TREND_UP,LOW
BOSS19_P5_SESSION_ATTRIBUTION_V1,2026-09-03T23:50:00Z,e54f1cfaf58df97acb8fb39c1e6e8bf4614f1ff3a7c9bcbc1b5acff762665dd6,H3-C12-BWD,BWD,2020,AUDUSD,H4,43,41,2020-12-17T06:48:40Z,2020-12-31T10:33:40Z,12.02000000,ASIA,NEUTRAL,TREND_UP,LOW
BOSS19_P5_SESSION_ATTRIBUTION_V1,2026-09-03T23:50:00Z,e54f1cfaf58df97acb8fb39c1e6e8bf4614f1ff3a7c9bcbc1b5acff762665dd6,H3-C12-BWD,BWD,2020,AUDUSD,H4,44,40,2020-12-17T07:19:40Z,2020-12-31T10:33:40Z,10.18000000,LONDON,NEUTRAL,TREND_UP,LOW
BOSS19_P5_SESSION_ATTRIBUTION_V1,2026-09-03T23:50:00Z,e54f1cfaf58df97acb8fb39c1e6e8bf4614f1ff3a7c9bcbc1b5acff762665dd6,H3-C12-BWD,BWD,2020,AUDUSD,H4,45,39,2020-12-17T09:39:40Z,2020-12-31T10:33:40Z,16.68000000,LONDON,NEUTRAL,TREND_UP,LOW
BOSS19_P5_SESSION_ATTRIBUTION_V1,2026-09-03T23:50:00Z,e54f1cfaf58df97acb8fb39c1e6e8bf4614f1ff3a7c9bcbc1b5acff762665dd6,H3-C12-BWD,BWD,2020,AUDUSD,H4,49,47,2020-12-31T10:59:40Z,2021-02-19T13:48:40Z,12.64000000,LONDON,NEUTRAL,TREND_UP,LOW
BOSS19_P5_SESSION_ATTRIBUTION_V1,2026-09-03T23:50:00Z,e54f1cfaf58df97acb8fb39c1e6e8bf4614f1ff3a7c9bcbc1b5acff762665dd6,H3-C12-BWD,BWD,2021,AUDUSD,H4,50,46,2021-01-05T16:45:40Z,2021-02-19T13:48:40Z,10.73000000,NEW_YORK_ONLY,NEUTRAL,TREND_UP,NORMAL
BOSS19_P5_SESSION_ATTRIBUTION_V1,2026-09-03T23:50:00Z,e54f1cfaf58df97acb8fb39c1e6e8bf4614f1ff3a7c9bcbc1b5acff762665dd6,H3-C12-BWD,BWD,2021,AUDUSD,H4,51,45,2021-01-05T19:44:40Z,2021-02-19T13:48:40Z,17.64000000,NEW_YORK_ONLY,NEUTRAL,TREND_UP,NORMAL
BOSS19_P5_SESSION_ATTRIBUTION_V1,2026-09-03T23:50:00Z,e54f1cfaf58df97acb8fb39c1e6e8bf4614f1ff3a7c9bcbc1b5acff762665dd6,H3-C12-BWD,BWD,2021,AUDUSD,H4,55,53,2021-02-21T23:39:20Z,2022-12-30T21:54:59Z,-106.87000000,OUTSIDE_DEFINED_SESSION,NEUTRAL,TREND_UP,LOW
BOSS19_P5_SESSION_ATTRIBUTION_V1,2026-09-03T23:50:00Z,e54f1cfaf58df97acb8fb39c1e6e8bf4614f1ff3a7c9bcbc1b5acff762665dd6,H3-C12-BWD,BWD,2021,AUDUSD,H4,56,52,2021-02-22T01:23:40Z,2022-12-30T21:54:59Z,-108.90000000,ASIA,NEUTRAL,TREND_UP,LOW
BOSS19_P5_SESSION_ATTRIBUTION_V1,2026-09-03T23:50:00Z,e54f1cfaf58df97acb8fb39c1e6e8bf4614f1ff3a7c9bcbc1b5acff762665dd6,H3-C12-BWD,BWD,2021,AUDUSD,H4,57,51,2021-02-22T18:30:40Z,2022-12-30T21:54:59Z,-221.88000000,NEW_YORK_ONLY,NEUTRAL,TREND_UP,NORMAL
BOSS19_P5_SESSION_ATTRIBUTION_V1,2026-09-03T23:50:00Z,e54f1cfaf58df97acb8fb39c1e6e8bf4614f1ff3a7c9bcbc1b5acff762665dd6,H3-C12-MAIN,MAIN,2023,AUDUSD,H4,2,7,2023-01-03T03:39:40Z,2023-01-16T01:55:40Z,17.64000000,ASIA,RISK_OFF,RANGE,LOW
BOSS19_P5_SESSION_ATTRIBUTION_V1,2026-09-03T23:50:00Z,e54f1cfaf58df97acb8fb39c1e6e8bf4614f1ff3a7c9bcbc1b5acff762665dd6,H3-C12-MAIN,MAIN,2023,AUDUSD,H4,3,6,2023-01-04T08:13:40Z,2023-01-16T01:55:40Z,14.99000000,LONDON,RISK_OFF,RANGE,NORMAL
BOSS19_P5_SESSION_ATTRIBUTION_V1,2026-09-03T23:50:00Z,e54f1cfaf58df97acb8fb39c1e6e8bf4614f1ff3a7c9bcbc1b5acff762665dd6,H3-C12-MAIN,MAIN,2023,AUDUSD,H4,4,5,2023-01-04T09:22:40Z,2023-01-16T01:55:40Z,24.70000000,LONDON,RISK_OFF,RANGE,NORMAL
BOSS19_P5_SESSION_ATTRIBUTION_V1,2026-09-03T23:50:00Z,e54f1cfaf58df97acb8fb39c1e6e8bf4614f1ff3a7c9bcbc1b5acff762665dd6,H3-C12-MAIN,MAIN,2023,AUDUSD,H4,8,13,2023-01-18T08:17:40Z,2025-12-30T21:59:59Z,-34.12000000,LONDON,NEUTRAL,TREND_UP,NORMAL
BOSS19_P5_SESSION_ATTRIBUTION_V1,2026-09-03T23:50:00Z,e54f1cfaf58df97acb8fb39c1e6e8bf4614f1ff3a7c9bcbc1b5acff762665dd6,H3-C12-MAIN,MAIN,2023,AUDUSD,H4,9,12,2023-01-25T00:30:40Z,2025-12-30T21:59:59Z,-36.96000000,ASIA,NEUTRAL,TREND_UP,NORMAL
BOSS19_P5_SESSION_ATTRIBUTION_V1,2026-09-03T23:50:00Z,e54f1cfaf58df97acb8fb39c1e6e8bf4614f1ff3a7c9bcbc1b5acff762665dd6,H3-C12-MAIN,MAIN,2023,AUDUSD,H4,10,11,2023-01-25T02:12:40Z,2025-12-30T21:59:59Z,-79.62000000,ASIA,NEUTRAL,TREND_UP,NORMAL
BOSS19_P5_SESSION_ATTRIBUTION_V1,2026-09-03T23:50:00Z,e54f1cfaf58df97acb8fb39c1e6e8bf4614f1ff3a7c9bcbc1b5acff762665dd6,H3-C13-BWD,BWD,2020,USDJPY,M15,98,7,2020-01-06T15:26:40Z,2020-01-08T16:53:40Z,8.16000000,LONDON_NY_OVERLAP,NEUTRAL,RANGE,NORMAL
BOSS19_P5_SESSION_ATTRIBUTION_V1,2026-09-03T23:50:00Z,e54f1cfaf58df97acb8fb39c1e6e8bf4614f1ff3a7c9bcbc1b5acff762665dd6,H3-C13-BWD,BWD,2020,USDJPY,M15,99,6,2020-01-06T15:50:40Z,2020-01-08T16:53:40Z,6.94000000,LONDON_NY_OVERLAP,NEUTRAL,RANGE,NORMAL
BOSS19_P5_SESSION_ATTRIBUTION_V1,2026-09-03T23:50:00Z,e54f1cfaf58df97acb8fb39c1e6e8bf4614f1ff3a7c9bcbc1b5acff762665dd6,H3-C13-BWD,BWD,2020,USDJPY,M15,100,5,2020-01-06T19:44:40Z,2020-01-08T16:53:40Z,11.49000000,NEW_YORK_ONLY,NEUTRAL,TREND_UP,NORMAL
BOSS19_P5_SESSION_ATTRIBUTION_V1,2026-09-03T23:50:00Z,e54f1cfaf58df97acb8fb39c1e6e8bf4614f1ff3a7c9bcbc1b5acff762665dd6,H3-C13-BWD,BWD,2020,USDJPY,M15,104,13,2020-01-08T19:26:40Z,2020-01-14T00:55:40Z,9.47000000,NEW_YORK_ONLY,NEUTRAL,TREND_UP,HIGH
BOSS19_P5_SESSION_ATTRIBUTION_V1,2026-09-03T23:50:00Z,e54f1cfaf58df97acb8fb39c1e6e8bf4614f1ff3a7c9bcbc1b5acff762665dd6,H3-C13-BWD,BWD,2020,USDJPY,M15,105,12,2020-01-09T07:56:40Z,2020-01-14T00:55:40Z,7.95000000,LONDON,NEUTRAL,TREND_UP,NORMAL
BOSS19_P5_SESSION_ATTRIBUTION_V1,2026-09-03T23:50:00Z,e54f1cfaf58df97acb8fb39c1e6e8bf4614f1ff3a7c9bcbc1b5acff762665dd6,H3-C13-BWD,BWD,2020,USDJPY,M15,106,11,2020-01-09T14:10:20Z,2020-01-14T00:55:40Z,13.44000000,LONDON_NY_OVERLAP,NEUTRAL,TREND_UP,NORMAL
BOSS19_P5_SESSION_ATTRIBUTION_V1,2026-09-03T23:50:00Z,e54f1cfaf58df97acb8fb39c1e6e8bf4614f1ff3a7c9bcbc1b5acff762665dd6,H3-C13-BWD,BWD,2020,USDJPY,M15,242,17,2020-01-16T14:30:40Z,2020-02-19T14:51:40Z,9.74000000,LONDON_NY_OVERLAP,NEUTRAL,RANGE,LOW
BOSS19_P5_SESSION_ATTRIBUTION_V1,2026-09-03T23:50:00Z,e54f1cfaf58df97acb8fb39c1e6e8bf4614f1ff3a7c9bcbc1b5acff762665dd6,H3-C13-BWD,BWD,2020,USDJPY,M15,243,16,2020-01-16T23:14:40Z,2020-02-19T14:51:40Z,8.33000000,OUTSIDE_DEFINED_SESSION,NEUTRAL,TREND_UP,LOW
BOSS19_P5_SESSION_ATTRIBUTION_V1,2026-09-03T23:50:00Z,e54f1cfaf58df97acb8fb39c1e6e8bf4614f1ff3a7c9bcbc1b5acff762665dd6,H3-C13-BWD,BWD,2020,USDJPY,M15,247,23,2020-02-19T15:52:20Z,2020-02-20T07:31:40Z,7.90000000,LONDON_NY_OVERLAP,NEUTRAL,TREND_UP,HIGH
BOSS19_P5_SESSION_ATTRIBUTION_V1,2026-09-03T23:50:00Z,e54f1cfaf58df97acb8fb39c1e6e8bf4614f1ff3a7c9bcbc1b5acff762665dd6,H3-C13-BWD,BWD,2020,USDJPY,M15,248,22,2020-02-19T16:23:40Z,2020-02-20T07:31:40Z,6.70000000,NEW_YORK_ONLY,NEUTRAL,TREND_UP,HIGH
BOSS19_P5_SESSION_ATTRIBUTION_V1,2026-09-03T23:50:00Z,e54f1cfaf58df97acb8fb39c1e6e8bf4614f1ff3a7c9bcbc1b5acff762665dd6,H3-C13-BWD,BWD,2020,USDJPY,M15,249,21,2020-02-19T16:38:40Z,2020-02-20T07:31:40Z,10.98000000,NEW_YORK_ONLY,NEUTRAL,TREND_UP,HIGH
BOSS19_P5_SESSION_ATTRIBUTION_V1,2026-09-03T23:50:00Z,e54f1cfaf58df97acb8fb39c1e6e8bf4614f1ff3a7c9bcbc1b5acff762665dd6,H3-C13-BWD,BWD,2020,USDJPY,M15,253,27,2020-02-20T09:57:40Z,2021-10-11T08:06:40Z,65.28000000,LONDON,RISK_OFF,TREND_UP,HIGH
BOSS19_P5_SESSION_ATTRIBUTION_V1,2026-09-03T23:50:00Z,e54f1cfaf58df97acb8fb39c1e6e8bf4614f1ff3a7c9bcbc1b5acff762665dd6,H3-C13-BWD,BWD,2020,USDJPY,M15,254,26,2020-02-20T10:51:40Z,2021-10-11T08:06:40Z,64.07000000,LONDON,RISK_OFF,TREND_UP,EXTREME
BOSS19_P5_SESSION_ATTRIBUTION_V1,2026-09-03T23:50:00Z,e54f1cfaf58df97acb8fb39c1e6e8bf4614f1ff3a7c9bcbc1b5acff762665dd6,H3-C13-BWD,BWD,2021,USDJPY,M15,258,33,2021-10-11T12:29:40Z,2021-10-15T08:38:40Z,10.41000000,LONDON_NY_OVERLAP,NEUTRAL,TREND_UP,HIGH
BOSS19_P5_SESSION_ATTRIBUTION_V1,2026-09-03T23:50:00Z,e54f1cfaf58df97acb8fb39c1e6e8bf4614f1ff3a7c9bcbc1b5acff762665dd6,H3-C13-BWD,BWD,2021,USDJPY,M15,259,32,2021-10-11T12:32:40Z,2021-10-15T08:38:40Z,8.96000000,LONDON_NY_OVERLAP,NEUTRAL,TREND_UP,HIGH
BOSS19_P5_SESSION_ATTRIBUTION_V1,2026-09-03T23:50:00Z,e54f1cfaf58df97acb8fb39c1e6e8bf4614f1ff3a7c9bcbc1b5acff762665dd6,H3-C13-BWD,BWD,2021,USDJPY,M15,260,31,2021-10-11T16:00:40Z,2021-10-15T08:38:40Z,14.99000000,NEW_YORK_ONLY,NEUTRAL,TREND_UP,EXTREME
BOSS19_P5_SESSION_ATTRIBUTION_V1,2026-09-03T23:50:00Z,e54f1cfaf58df97acb8fb39c1e6e8bf4614f1ff3a7c9bcbc1b5acff762665dd6,H3-C13-BWD,BWD,2021,USDJPY,M15,264,35,2021-10-15T09:18:20Z,2021-11-24T15:11:20Z,12.30000000,LONDON,NEUTRAL,TREND_UP,HIGH
BOSS19_P5_SESSION_ATTRIBUTION_V1,2026-09-03T23:50:00Z,e54f1cfaf58df97acb8fb39c1e6e8bf4614f1ff3a7c9bcbc1b5acff762665dd6,H3-C13-BWD,BWD,2021,USDJPY,M15,325,37,2021-11-29T14:14:40Z,2021-12-29T08:30:40Z,11.92000000,LONDON_NY_OVERLAP,RISK_OFF,TRANSITION,EXTREME
BOSS19_P5_SESSION_ATTRIBUTION_V1,2026-09-03T23:50:00Z,e54f1cfaf58df97acb8fb39c1e6e8bf4614f1ff3a7c9bcbc1b5acff762665dd6,H3-C13-BWD,BWD,2021,USDJPY,M15,344,39,2021-12-30T06:41:40Z,2022-01-04T11:26:40Z,8.60000000,ASIA,NEUTRAL,TREND_UP,LOW
BOSS19_P5_SESSION_ATTRIBUTION_V1,2026-09-03T23:50:00Z,e54f1cfaf58df97acb8fb39c1e6e8bf4614f1ff3a7c9bcbc1b5acff762665dd6,H3-C13-BWD,BWD,2022,USDJPY,M15,348,41,2022-01-04T12:24:20Z,2022-03-11T18:41:40Z,14.33000000,LONDON_NY_OVERLAP,NEUTRAL,TREND_UP,NORMAL
BOSS19_P5_SESSION_ATTRIBUTION_V1,2026-09-03T23:50:00Z,e54f1cfaf58df97acb8fb39c1e6e8bf4614f1ff3a7c9bcbc1b5acff762665dd6,H3-C13-BWD,BWD,2022,USDJPY,M15,352,47,2022-03-13T22:31:40Z,2022-03-16T18:00:40Z,11.42000000,OUTSIDE_DEFINED_SESSION,STRESS,TREND_UP,NORMAL
BOSS19_P5_SESSION_ATTRIBUTION_V1,2026-09-03T23:50:00Z,e54f1cfaf58df97acb8fb39c1e6e8bf4614f1ff3a7c9bcbc1b5acff762665dd6,H3-C13-BWD,BWD,2022,USDJPY,M15,353,46,2022-03-14T01:40:40Z,2022-03-16T18:00:40Z,9.81000000,ASIA,STRESS,TREND_UP,NORMAL
BOSS19_P5_SESSION_ATTRIBUTION_V1,2026-09-03T23:50:00Z,e54f1cfaf58df97acb8fb39c1e6e8bf4614f1ff3a7c9bcbc1b5acff762665dd6,H3-C13-BWD,BWD,2022,USDJPY,M15,354,45,2022-03-14T02:44:40Z,2022-03-16T18:00:40Z,16.36000000,ASIA,STRESS,TREND_UP,HIGH
BOSS19_P5_SESSION_ATTRIBUTION_V1,2026-09-03T23:50:00Z,e54f1cfaf58df97acb8fb39c1e6e8bf4614f1ff3a7c9bcbc1b5acff762665dd6,H3-C13-BWD,BWD,2022,USDJPY,M15,358,49,2022-03-16T18:14:40Z,2022-03-22T00:48:40Z,9.85000000,NEW_YORK_ONLY,NEUTRAL,TREND_UP,NORMAL
BOSS19_P5_SESSION_ATTRIBUTION_V1,2026-09-03T23:50:00Z,e54f1cfaf58df97acb8fb39c1e6e8bf4614f1ff3a7c9bcbc1b5acff762665dd6,H3-C13-BWD,BWD,2022,USDJPY,M15,362,55,2022-03-22T04:16:40Z,2022-03-24T06:55:40Z,11.76000000,ASIA,NEUTRAL,TREND_UP,NORMAL
BOSS19_P5_SESSION_ATTRIBUTION_V1,2026-09-03T23:50:00Z,e54f1cfaf58df97acb8fb39c1e6e8bf4614f1ff3a7c9bcbc1b5acff762665dd6,H3-C13-BWD,BWD,2022,USDJPY,M15,363,54,2022-03-22T04:36:40Z,2022-03-24T06:55:40Z,10.05000000,ASIA,NEUTRAL,TREND_UP,HIGH
BOSS19_P5_SESSION_ATTRIBUTION_V1,2026-09-03T23:50:00Z,e54f1cfaf58df97acb8fb39c1e6e8bf4614f1ff3a7c9bcbc1b5acff762665dd6,H3-C13-BWD,BWD,2022,USDJPY,M15,364,53,2022-03-22T09:19:40Z,2022-03-24T06:55:40Z,16.66000000,LONDON,NEUTRAL,TREND_UP,HIGH
BOSS19_P5_SESSION_ATTRIBUTION_V1,2026-09-03T23:50:00Z,e54f1cfaf58df97acb8fb39c1e6e8bf4614f1ff3a7c9bcbc1b5acff762665dd6,H3-C13-BWD,BWD,2022,USDJPY,M15,368,61,2022-03-24T13:10:40Z,2022-03-28T05:50:40Z,11.96000000,LONDON_NY_OVERLAP,NEUTRAL,TREND_UP,HIGH
BOSS19_P5_SESSION_ATTRIBUTION_V1,2026-09-03T23:50:00Z,e54f1cfaf58df97acb8fb39c1e6e8bf4614f1ff3a7c9bcbc1b5acff762665dd6,H3-C13-BWD,BWD,2022,USDJPY,M15,369,60,2022-03-24T14:04:40Z,2022-03-28T05:50:40Z,10.15000000,LONDON_NY_OVERLAP,NEUTRAL,TREND_UP,HIGH
BOSS19_P5_SESSION_ATTRIBUTION_V1,2026-09-03T23:50:00Z,e54f1cfaf58df97acb8fb39c1e6e8bf4614f1ff3a7c9bcbc1b5acff762665dd6,H3-C13-BWD,BWD,2022,USDJPY,M15,370,59,2022-03-24T16:33:40Z,2022-03-28T05:50:40Z,16.70000000,NEW_YORK_ONLY,NEUTRAL,TREND_UP,HIGH
BOSS19_P5_SESSION_ATTRIBUTION_V1,2026-09-03T23:50:00Z,e54f1cfaf58df97acb8fb39c1e6e8bf4614f1ff3a7c9bcbc1b5acff762665dd6,H3-C13-BWD,BWD,2022,USDJPY,M15,374,67,2022-03-28T07:02:20Z,2022-03-28T08:50:40Z,12.83000000,LONDON,NEUTRAL,TREND_UP,EXTREME
BOSS19_P5_SESSION_ATTRIBUTION_V1,2026-09-03T23:50:00Z,e54f1cfaf58df97acb8fb39c1e6e8bf4614f1ff3a7c9bcbc1b5acff762665dd6,H3-C13-BWD,BWD,2022,USDJPY,M15,375,66,2022-03-28T07:15:20Z,2022-03-28T08:50:40Z,11.00000000,LONDON,NEUTRAL,TREND_UP,EXTREME
BOSS19_P5_SESSION_ATTRIBUTION_V1,2026-09-03T23:50:00Z,e54f1cfaf58df97acb8fb39c1e6e8bf4614f1ff3a7c9bcbc1b5acff762665dd6,H3-C13-BWD,BWD,2022,USDJPY,M15,376,65,2022-03-28T07:56:40Z,2022-03-28T08:50:40Z,18.31000000,LONDON,NEUTRAL,TREND_UP,EXTREME
BOSS19_P5_SESSION_ATTRIBUTION_V1,2026-09-03T23:50:00Z,e54f1cfaf58df97acb8fb39c1e6e8bf4614f1ff3a7c9bcbc1b5acff762665dd6,H3-C13-BWD,BWD,2022,USDJPY,M15,386,73,2022-03-28T19:25:40Z,2022-04-11T11:27:40Z,15.86000000,NEW_YORK_ONLY,NEUTRAL,RANGE,EXTREME
BOSS19_P5_SESSION_ATTRIBUTION_V1,2026-09-03T23:50:00Z,e54f1cfaf58df97acb8fb39c1e6e8bf4614f1ff3a7c9bcbc1b5acff762665dd6,H3-C13-BWD,BWD,2022,USDJPY,M15,387,72,2022-03-28T22:40:40Z,2022-04-11T11:27:40Z,13.95000000,OUTSIDE_DEFINED_SESSION,NEUTRAL,RANGE,EXTREME
BOSS19_P5_SESSION_ATTRIBUTION_V1,2026-09-03T23:50:00Z,e54f1cfaf58df97acb8fb39c1e6e8bf4614f1ff3a7c9bcbc1b5acff762665dd6,H3-C13-BWD,BWD,2022,USDJPY,M15,388,71,2022-03-29T00:58:40Z,2022-04-11T11:27:40Z,24.31000000,ASIA,NEUTRAL,RANGE,EXTREME
BOSS19_P5_SESSION_ATTRIBUTION_V1,2026-09-03T23:50:00Z,e54f1cfaf58df97acb8fb39c1e6e8bf4614f1ff3a7c9bcbc1b5acff762665dd6,H3-C13-BWD,BWD,2022,USDJPY,M15,422,77,2022-04-13T05:07:40Z,2022-04-19T01:36:40Z,14.74000000,ASIA,NEUTRAL,RANGE,NORMAL
BOSS19_P5_SESSION_ATTRIBUTION_V1,2026-09-03T23:50:00Z,e54f1cfaf58df97acb8fb39c1e6e8bf4614f1ff3a7c9bcbc1b5acff762665dd6,H3-C13-BWD,BWD,2022,USDJPY,M15,423,76,2022-04-13T06:23:40Z,2022-04-19T01:36:40Z,12.24000000,ASIA,NEUTRAL,TREND_UP,NORMAL
BOSS19_P5_SESSION_ATTRIBUTION_V1,2026-09-03T23:50:00Z,e54f1cfaf58df97acb8fb39c1e6e8bf4614f1ff3a7c9bcbc1b5acff762665dd6,H3-C13-BWD,BWD,2022,USDJPY,M15,427,83,2022-04-19T03:24:40Z,2022-04-28T05:40:40Z,19.11000000,ASIA,NEUTRAL,TREND_UP,HIGH
BOSS19_P5_SESSION_ATTRIBUTION_V1,2026-09-03T23:50:00Z,e54f1cfaf58df97acb8fb39c1e6e8bf4614f1ff3a7c9bcbc1b5acff762665dd6,H3-C13-BWD,BWD,2022,USDJPY,M15,428,82,2022-04-19T04:41:40Z,2022-04-28T05:40:40Z,16.61000000,ASIA,NEUTRAL,TREND_UP,HIGH
BOSS19_P5_SESSION_ATTRIBUTION_V1,2026-09-03T23:50:00Z,e54f1cfaf58df97acb8fb39c1e6e8bf4614f1ff3a7c9bcbc1b5acff762665dd6,H3-C13-BWD,BWD,2022,USDJPY,M15,429,81,2022-04-19T12:57:40Z,2022-04-28T05:40:40Z,28.23000000,LONDON_NY_OVERLAP,NEUTRAL,TREND_UP,EXTREME
BOSS19_P5_SESSION_ATTRIBUTION_V1,2026-09-03T23:50:00Z,e54f1cfaf58df97acb8fb39c1e6e8bf4614f1ff3a7c9bcbc1b5acff762665dd6,H3-C13-BWD,BWD,2022,USDJPY,M15,433,87,2022-04-28T06:57:40Z,2022-06-07T01:22:40Z,19.50000000,ASIA,STRESS,TREND_UP,EXTREME
BOSS19_P5_SESSION_ATTRIBUTION_V1,2026-09-03T23:50:00Z,e54f1cfaf58df97acb8fb39c1e6e8bf4614f1ff3a7c9bcbc1b5acff762665dd6,H3-C13-BWD,BWD,2022,USDJPY,M15,434,86,2022-04-28T08:55:40Z,2022-06-07T01:22:40Z,16.66000000,LONDON,STRESS,TREND_UP,EXTREME
BOSS19_P5_SESSION_ATTRIBUTION_V1,2026-09-03T23:50:00Z,e54f1cfaf58df97acb8fb39c1e6e8bf4614f1ff3a7c9bcbc1b5acff762665dd6,H3-C13-BWD,BWD,2022,USDJPY,M15,492,93,2022-06-08T00:59:40Z,2022-06-14T19:20:40Z,18.27000000,ASIA,NEUTRAL,RANGE,NORMAL
BOSS19_P5_SESSION_ATTRIBUTION_V1,2026-09-03T23:50:00Z,e54f1cfaf58df97acb8fb39c1e6e8bf4614f1ff3a7c9bcbc1b5acff762665dd6,H3-C13-BWD,BWD,2022,USDJPY,M15,493,92,2022-06-08T07:18:40Z,2022-06-14T19:20:40Z,15.39000000,LONDON,NEUTRAL,TREND_UP,HIGH
BOSS19_P5_SESSION_ATTRIBUTION_V1,2026-09-03T23:50:00Z,e54f1cfaf58df97acb8fb39c1e6e8bf4614f1ff3a7c9bcbc1b5acff762665dd6,H3-C13-BWD,BWD,2022,USDJPY,M15,494,91,2022-06-08T08:35:40Z,2022-06-14T19:20:40Z,25.01000000,LONDON,NEUTRAL,TREND_UP,HIGH
BOSS19_P5_SESSION_ATTRIBUTION_V1,2026-09-03T23:50:00Z,e54f1cfaf58df97acb8fb39c1e6e8bf4614f1ff3a7c9bcbc1b5acff762665dd6,H3-C13-BWD,BWD,2022,USDJPY,M15,512,97,2022-06-17T02:43:40Z,2022-06-21T12:01:40Z,27.39000000,ASIA,STRESS,RANGE,EXTREME
BOSS19_P5_SESSION_ATTRIBUTION_V1,2026-09-03T23:50:00Z,e54f1cfaf58df97acb8fb39c1e6e8bf4614f1ff3a7c9bcbc1b5acff762665dd6,H3-C13-BWD,BWD,2022,USDJPY,M15,511,98,2022-06-17T02:43:40Z,2022-06-21T12:01:40Z,16.68000000,ASIA,STRESS,RANGE,EXTREME
BOSS19_P5_SESSION_ATTRIBUTION_V1,2026-09-03T23:50:00Z,e54f1cfaf58df97acb8fb39c1e6e8bf4614f1ff3a7c9bcbc1b5acff762665dd6,H3-C13-BWD,BWD,2022,USDJPY,M15,510,99,2022-06-17T02:43:40Z,2022-06-21T12:01:40Z,19.65000000,ASIA,STRESS,RANGE,EXTREME
BOSS19_P5_SESSION_ATTRIBUTION_V1,2026-09-03T23:50:00Z,e54f1cfaf58df97acb8fb39c1e6e8bf4614f1ff3a7c9bcbc1b5acff762665dd6,H3-C13-BWD,BWD,2022,USDJPY,M15,603,101,2022-06-27T12:04:40Z,2022-07-11T12:44:40Z,16.51000000,LONDON_NY_OVERLAP,RISK_OFF,RANGE,NORMAL
BOSS19_P5_SESSION_ATTRIBUTION_V1,2026-09-03T23:50:00Z,e54f1cfaf58df97acb8fb39c1e6e8bf4614f1ff3a7c9bcbc1b5acff762665dd6,H3-C13-BWD,BWD,2022,USDJPY,M15,679,107,2022-07-13T12:30:40Z,2022-09-01T23:00:40Z,24.59000000,LONDON_NY_OVERLAP,NEUTRAL,RANGE,NORMAL
BOSS19_P5_SESSION_ATTRIBUTION_V1,2026-09-03T23:50:00Z,e54f1cfaf58df97acb8fb39c1e6e8bf4614f1ff3a7c9bcbc1b5acff762665dd6,H3-C13-BWD,BWD,2022,USDJPY,M15,680,106,2022-07-13T14:09:40Z,2022-09-01T23:00:40Z,21.54000000,LONDON_NY_OVERLAP,NEUTRAL,TREND_UP,HIGH
BOSS19_P5_SESSION_ATTRIBUTION_V1,2026-09-03T23:50:00Z,e54f1cfaf58df97acb8fb39c1e6e8bf4614f1ff3a7c9bcbc1b5acff762665dd6,H3-C13-BWD,BWD,2022,USDJPY,M15,681,105,2022-07-14T04:45:40Z,2022-09-01T23:00:40Z,36.46000000,ASIA,NEUTRAL,TREND_UP,NORMAL
BOSS19_P5_SESSION_ATTRIBUTION_V1,2026-09-03T23:50:00Z,e54f1cfaf58df97acb8fb39c1e6e8bf4614f1ff3a7c9bcbc1b5acff762665dd6,H3-C13-BWD,BWD,2022,USDJPY,M15,685,109,2022-09-02T12:44:40Z,2022-09-06T15:26:40Z,15.86000000,LONDON_NY_OVERLAP,NEUTRAL,TREND_UP,NORMAL
BOSS19_P5_SESSION_ATTRIBUTION_V1,2026-09-03T23:50:00Z,e54f1cfaf58df97acb8fb39c1e6e8bf4614f1ff3a7c9bcbc1b5acff762665dd6,H3-C13-BWD,BWD,2022,USDJPY,M15,689,115,2022-09-06T22:51:40Z,2022-10-12T00:01:40Z,21.13000000,OUTSIDE_DEFINED_SESSION,NEUTRAL,TREND_UP,NORMAL
BOSS19_P5_SESSION_ATTRIBUTION_V1,2026-09-03T23:50:00Z,e54f1cfaf58df97acb8fb39c1e6e8bf4614f1ff3a7c9bcbc1b5acff762665dd6,H3-C13-BWD,BWD,2022,USDJPY,M15,690,114,2022-09-07T03:16:40Z,2022-10-12T00:01:40Z,18.05000000,ASIA,NEUTRAL,TREND_UP,HIGH
BOSS19_P5_SESSION_ATTRIBUTION_V1,2026-09-03T23:50:00Z,e54f1cfaf58df97acb8fb39c1e6e8bf4614f1ff3a7c9bcbc1b5acff762665dd6,H3-C13-BWD,BWD,2022,USDJPY,M15,691,113,2022-09-07T04:20:40Z,2022-10-12T00:01:40Z,29.98000000,ASIA,NEUTRAL,TREND_UP,HIGH
BOSS19_P5_SESSION_ATTRIBUTION_V1,2026-09-03T23:50:00Z,e54f1cfaf58df97acb8fb39c1e6e8bf4614f1ff3a7c9bcbc1b5acff762665dd6,H3-C13-BWD,BWD,2022,USDJPY,M15,695,119,2022-10-12T10:31:40Z,2022-10-17T19:00:20Z,16.61000000,LONDON,STRESS,TREND_UP,NORMAL
BOSS19_P5_SESSION_ATTRIBUTION_V1,2026-09-03T23:50:00Z,e54f1cfaf58df97acb8fb39c1e6e8bf4614f1ff3a7c9bcbc1b5acff762665dd6,H3-C13-BWD,BWD,2022,USDJPY,M15,696,118,2022-10-12T14:24:40Z,2022-10-17T19:00:20Z,13.75000000,LONDON_NY_OVERLAP,STRESS,TREND_UP,NORMAL
BOSS19_P5_SESSION_ATTRIBUTION_V1,2026-09-03T23:50:00Z,e54f1cfaf58df97acb8fb39c1e6e8bf4614f1ff3a7c9bcbc1b5acff762665dd6,H3-C13-BWD,BWD,2022,USDJPY,M15,739,123,2022-10-18T15:26:20Z,2022-10-21T11:15:40Z,15.28000000,LONDON_NY_OVERLAP,STRESS,RANGE,NORMAL
BOSS19_P5_SESSION_ATTRIBUTION_V1,2026-09-03T23:50:00Z,e54f1cfaf58df97acb8fb39c1e6e8bf4614f1ff3a7c9bcbc1b5acff762665dd6,H3-C13-BWD,BWD,2022,USDJPY,M15,740,122,2022-10-19T12:32:40Z,2022-10-21T11:15:40Z,12.29000000,LONDON_NY_OVERLAP,STRESS,TREND_UP,LOW
BOSS19_P5_SESSION_ATTRIBUTION_V1,2026-09-03T23:50:00Z,e54f1cfaf58df97acb8fb39c1e6e8bf4614f1ff3a7c9bcbc1b5acff762665dd6,H3-C13-BWD,BWD,2022,USDJPY,M15,747,125,2022-10-23T22:04:40Z,2022-10-23T22:06:40Z,3.31000000,OUTSIDE_DEFINED_SESSION,NEUTRAL,TREND_DOWN,EXTREME
BOSS19_P5_SESSION_ATTRIBUTION_V1,2026-09-03T23:50:00Z,e54f1cfaf58df97acb8fb39c1e6e8bf4614f1ff3a7c9bcbc1b5acff762665dd6,H3-C13-BWD,BWD,2022,USDJPY,M15,748,129,2022-10-23T22:54:20Z,2022-10-23T23:37:40Z,11.95000000,OUTSIDE_DEFINED_SESSION,NEUTRAL,TREND_DOWN,EXTREME
BOSS19_P5_SESSION_ATTRIBUTION_V1,2026-09-03T23:50:00Z,e54f1cfaf58df97acb8fb39c1e6e8bf4614f1ff3a7c9bcbc1b5acff762665dd6,H3-C13-BWD,BWD,2022,USDJPY,M15,749,128,2022-10-23T23:30:40Z,2022-10-23T23:37:40Z,14.70000000,OUTSIDE_DEFINED_SESSION,NEUTRAL,RANGE,EXTREME
BOSS19_P5_SESSION_ATTRIBUTION_V1,2026-09-03T23:50:00Z,e54f1cfaf58df97acb8fb39c1e6e8bf4614f1ff3a7c9bcbc1b5acff762665dd6,H3-C13-BWD,BWD,2022,USDJPY,M15,753,131,2022-10-23T23:38:20Z,2022-10-23T23:38:40Z,7.04000000,OUTSIDE_DEFINED_SESSION,NEUTRAL,RANGE,EXTREME
BOSS19_P5_SESSION_ATTRIBUTION_V1,2026-09-03T23:50:00Z,e54f1cfaf58df97acb8fb39c1e6e8bf4614f1ff3a7c9bcbc1b5acff762665dd6,H3-C13-BWD,BWD,2022,USDJPY,M15,754,133,2022-10-24T00:04:40Z,2022-10-24T00:05:40Z,6.65000000,ASIA,NEUTRAL,RANGE,EXTREME
BOSS19_P5_SESSION_ATTRIBUTION_V1,2026-09-03T23:50:00Z,e54f1cfaf58df97acb8fb39c1e6e8bf4614f1ff3a7c9bcbc1b5acff762665dd6,H3-C13-BWD,BWD,2022,USDJPY,M15,755,135,2022-10-24T00:53:40Z,2022-10-24T11:48:40Z,3.43000000,ASIA,NEUTRAL,RANGE,EXTREME
BOSS19_P5_SESSION_ATTRIBUTION_V1,2026-09-03T23:50:00Z,e54f1cfaf58df97acb8fb39c1e6e8bf4614f1ff3a7c9bcbc1b5acff762665dd6,H3-C13-BWD,BWD,2022,USDJPY,M15,759,137,2022-10-24T12:30:40Z,2022-12-30T21:54:59Z,-132.64000000,LONDON_NY_OVERLAP,NEUTRAL,RANGE,HIGH
BOSS19_P5_SESSION_ATTRIBUTION_V1,2026-09-03T23:50:00Z,e54f1cfaf58df97acb8fb39c1e6e8bf4614f1ff3a7c9bcbc1b5acff762665dd6,H3-C13-MAIN,MAIN,2023,USDJPY,M15,2,3,2023-01-02T23:17:40Z,2023-01-03T00:35:40Z,4.43000000,OUTSIDE_DEFINED_SESSION,RISK_OFF,TREND_DOWN,HIGH
BOSS19_P5_SESSION_ATTRIBUTION_V1,2026-09-03T23:50:00Z,e54f1cfaf58df97acb8fb39c1e6e8bf4614f1ff3a7c9bcbc1b5acff762665dd6,H3-C13-MAIN,MAIN,2023,USDJPY,M15,6,5,2023-01-03T23:17:40Z,2023-01-06T05:45:40Z,23.11000000,OUTSIDE_DEFINED_SESSION,RISK_OFF,TREND_UP,NORMAL
BOSS19_P5_SESSION_ATTRIBUTION_V1,2026-09-03T23:50:00Z,e54f1cfaf58df97acb8fb39c1e6e8bf4614f1ff3a7c9bcbc1b5acff762665dd6,H3-C13-MAIN,MAIN,2023,USDJPY,M15,82,7,2023-01-11T01:32:40Z,2023-02-17T11:11:20Z,22.14000000,ASIA,RISK_OFF,RANGE,NORMAL
BOSS19_P5_SESSION_ATTRIBUTION_V1,2026-09-03T23:50:00Z,e54f1cfaf58df97acb8fb39c1e6e8bf4614f1ff3a7c9bcbc1b5acff762665dd6,H3-C13-MAIN,MAIN,2023,USDJPY,M15,137,11,2023-02-21T08:01:40Z,2023-03-07T18:48:40Z,17.76000000,LONDON,NEUTRAL,TREND_UP,LOW
BOSS19_P5_SESSION_ATTRIBUTION_V1,2026-09-03T23:50:00Z,e54f1cfaf58df97acb8fb39c1e6e8bf4614f1ff3a7c9bcbc1b5acff762665dd6,H3-C13-MAIN,MAIN,2023,USDJPY,M15,138,10,2023-02-21T14:51:40Z,2023-03-07T18:48:40Z,14.12000000,LONDON_NY_OVERLAP,NEUTRAL,TREND_UP,NORMAL
BOSS19_P5_SESSION_ATTRIBUTION_V1,2026-09-03T23:50:00Z,e54f1cfaf58df97acb8fb39c1e6e8bf4614f1ff3a7c9bcbc1b5acff762665dd6,H3-C13-MAIN,MAIN,2023,USDJPY,M15,142,15,2023-03-07T23:53:40Z,2023-05-24T20:31:40Z,20.51000000,OUTSIDE_DEFINED_SESSION,RISK_OFF,TREND_UP,LOW
BOSS19_P5_SESSION_ATTRIBUTION_V1,2026-09-03T23:50:00Z,e54f1cfaf58df97acb8fb39c1e6e8bf4614f1ff3a7c9bcbc1b5acff762665dd6,H3-C13-MAIN,MAIN,2023,USDJPY,M15,143,14,2023-03-08T04:35:40Z,2023-05-24T20:31:40Z,17.60000000,ASIA,RISK_OFF,TREND_UP,NORMAL
BOSS19_P5_SESSION_ATTRIBUTION_V1,2026-09-03T23:50:00Z,e54f1cfaf58df97acb8fb39c1e6e8bf4614f1ff3a7c9bcbc1b5acff762665dd6,H3-C13-MAIN,MAIN,2023,USDJPY,M15,147,19,2023-05-25T13:00:40Z,2023-06-16T15:37:40Z,15.17000000,LONDON_NY_OVERLAP,RISK_OFF,RANGE,NORMAL
BOSS19_P5_SESSION_ATTRIBUTION_V1,2026-09-03T23:50:00Z,e54f1cfaf58df97acb8fb39c1e6e8bf4614f1ff3a7c9bcbc1b5acff762665dd6,H3-C13-MAIN,MAIN,2023,USDJPY,M15,148,18,2023-05-25T19:32:40Z,2023-06-16T15:37:40Z,12.60000000,NEW_YORK_ONLY,RISK_OFF,TREND_UP,NORMAL
BOSS19_P5_SESSION_ATTRIBUTION_V1,2026-09-03T23:50:00Z,e54f1cfaf58df97acb8fb39c1e6e8bf4614f1ff3a7c9bcbc1b5acff762665dd6,H3-C13-MAIN,MAIN,2023,USDJPY,M15,161,21,2023-06-20T00:21:20Z,2023-06-27T09:38:40Z,13.02000000,ASIA,RISK_ON,RANGE,LOW
BOSS19_P5_SESSION_ATTRIBUTION_V1,2026-09-03T23:50:00Z,e54f1cfaf58df97acb8fb39c1e6e8bf4614f1ff3a7c9bcbc1b5acff762665dd6,H3-C13-MAIN,MAIN,2023,USDJPY,M15,186,27,2023-06-27T14:36:40Z,2023-08-25T14:32:40Z,21.30000000,LONDON_NY_OVERLAP,NEUTRAL,TRANSITION,NORMAL
BOSS19_P5_SESSION_ATTRIBUTION_V1,2026-09-03T23:50:00Z,e54f1cfaf58df97acb8fb39c1e6e8bf4614f1ff3a7c9bcbc1b5acff762665dd6,H3-C13-MAIN,MAIN,2023,USDJPY,M15,187,26,2023-06-28T12:09:40Z,2023-08-25T14:32:40Z,18.78000000,LONDON_NY_OVERLAP,NEUTRAL,RANGE,LOW
BOSS19_P5_SESSION_ATTRIBUTION_V1,2026-09-03T23:50:00Z,e54f1cfaf58df97acb8fb39c1e6e8bf4614f1ff3a7c9bcbc1b5acff762665dd6,H3-C13-MAIN,MAIN,2023,USDJPY,M15,188,25,2023-06-29T06:32:20Z,2023-08-25T14:32:40Z,32.41000000,ASIA,NEUTRAL,TREND_UP,LOW
BOSS19_P5_SESSION_ATTRIBUTION_V1,2026-09-03T23:50:00Z,e54f1cfaf58df97acb8fb39c1e6e8bf4614f1ff3a7c9bcbc1b5acff762665dd6,H3-C13-MAIN,MAIN,2023,USDJPY,M15,210,31,2023-08-29T11:19:40Z,2023-09-25T09:31:40Z,13.14000000,LONDON,NEUTRAL,RANGE,LOW
BOSS19_P5_SESSION_ATTRIBUTION_V1,2026-09-03T23:50:00Z,e54f1cfaf58df97acb8fb39c1e6e8bf4614f1ff3a7c9bcbc1b5acff762665dd6,H3-C13-MAIN,MAIN,2023,USDJPY,M15,211,30,2023-08-29T12:26:40Z,2023-09-25T09:31:40Z,10.53000000,LONDON_NY_OVERLAP,NEUTRAL,TREND_UP,LOW
BOSS19_P5_SESSION_ATTRIBUTION_V1,2026-09-03T23:50:00Z,e54f1cfaf58df97acb8fb39c1e6e8bf4614f1ff3a7c9bcbc1b5acff762665dd6,H3-C13-MAIN,MAIN,2023,USDJPY,M15,215,35,2023-09-25T14:19:40Z,2023-10-25T20:29:40Z,10.56000000,LONDON_NY_OVERLAP,NEUTRAL,TREND_UP,LOW
BOSS19_P5_SESSION_ATTRIBUTION_V1,2026-09-03T23:50:00Z,e54f1cfaf58df97acb8fb39c1e6e8bf4614f1ff3a7c9bcbc1b5acff762665dd6,H3-C13-MAIN,MAIN,2023,USDJPY,M15,216,34,2023-09-26T06:42:20Z,2023-10-25T20:29:40Z,8.53000000,ASIA,NEUTRAL,RANGE,LOW
BOSS19_P5_SESSION_ATTRIBUTION_V1,2026-09-03T23:50:00Z,e54f1cfaf58df97acb8fb39c1e6e8bf4614f1ff3a7c9bcbc1b5acff762665dd6,H3-C13-MAIN,MAIN,2023,USDJPY,M15,220,39,2023-10-26T02:18:40Z,2023-10-31T16:46:40Z,8.77000000,ASIA,NEUTRAL,TREND_UP,LOW
BOSS19_P5_SESSION_ATTRIBUTION_V1,2026-09-03T23:50:00Z,e54f1cfaf58df97acb8fb39c1e6e8bf4614f1ff3a7c9bcbc1b5acff762665dd6,H3-C13-MAIN,MAIN,2023,USDJPY,M15,221,38,2023-10-26T06:05:40Z,2023-10-31T16:46:40Z,7.31000000,ASIA,NEUTRAL,TREND_UP,LOW
BOSS19_P5_SESSION_ATTRIBUTION_V1,2026-09-03T23:50:00Z,e54f1cfaf58df97acb8fb39c1e6e8bf4614f1ff3a7c9bcbc1b5acff762665dd6,H3-C13-MAIN,MAIN,2023,USDJPY,M15,303,45,2023-11-06T19:41:40Z,2023-11-13T00:49:20Z,11.23000000,NEW_YORK_ONLY,NEUTRAL,TREND_UP,LOW
BOSS19_P5_SESSION_ATTRIBUTION_V1,2026-09-03T23:50:00Z,e54f1cfaf58df97acb8fb39c1e6e8bf4614f1ff3a7c9bcbc1b5acff762665dd6,H3-C13-MAIN,MAIN,2023,USDJPY,M15,304,44,2023-11-07T03:48:40Z,2023-11-13T00:49:20Z,9.44000000,ASIA,NEUTRAL,TREND_UP,LOW
BOSS19_P5_SESSION_ATTRIBUTION_V1,2026-09-03T23:50:00Z,e54f1cfaf58df97acb8fb39c1e6e8bf4614f1ff3a7c9bcbc1b5acff762665dd6,H3-C13-MAIN,MAIN,2023,USDJPY,M15,305,43,2023-11-07T07:31:40Z,2023-11-13T00:49:20Z,15.41000000,LONDON,NEUTRAL,TREND_UP,LOW
BOSS19_P5_SESSION_ATTRIBUTION_V1,2026-09-03T23:50:00Z,e54f1cfaf58df97acb8fb39c1e6e8bf4614f1ff3a7c9bcbc1b5acff762665dd6,H3-C13-MAIN,MAIN,2023,USDJPY,M15,309,47,2023-11-13T08:17:40Z,2024-04-10T20:38:40Z,19.10000000,LONDON,NEUTRAL,TREND_UP,LOW
BOSS19_P5_SESSION_ATTRIBUTION_V1,2026-09-03T23:50:00Z,e54f1cfaf58df97acb8fb39c1e6e8bf4614f1ff3a7c9bcbc1b5acff762665dd6,H3-C13-MAIN,MAIN,2024,USDJPY,M15,412,53,2024-04-15T00:54:40Z,2024-04-24T06:12:40Z,10.45000000,ASIA,NEUTRAL,RANGE,NORMAL
BOSS19_P5_SESSION_ATTRIBUTION_V1,2026-09-03T23:50:00Z,e54f1cfaf58df97acb8fb39c1e6e8bf4614f1ff3a7c9bcbc1b5acff762665dd6,H3-C13-MAIN,MAIN,2024,USDJPY,M15,413,52,2024-04-15T01:05:40Z,2024-04-24T06:12:40Z,8.77000000,ASIA,NEUTRAL,RANGE,NORMAL
BOSS19_P5_SESSION_ATTRIBUTION_V1,2026-09-03T23:50:00Z,e54f1cfaf58df97acb8fb39c1e6e8bf4614f1ff3a7c9bcbc1b5acff762665dd6,H3-C13-MAIN,MAIN,2024,USDJPY,M15,414,51,2024-04-15T07:02:40Z,2024-04-24T06:12:40Z,14.10000000,LONDON,NEUTRAL,TREND_UP,NORMAL
BOSS19_P5_SESSION_ATTRIBUTION_V1,2026-09-03T23:50:00Z,e54f1cfaf58df97acb8fb39c1e6e8bf4614f1ff3a7c9bcbc1b5acff762665dd6,H3-C13-MAIN,MAIN,2024,USDJPY,M15,418,59,2024-04-24T12:13:40Z,2024-04-26T07:07:40Z,9.67000000,LONDON_NY_OVERLAP,NEUTRAL,RANGE,LOW
BOSS19_P5_SESSION_ATTRIBUTION_V1,2026-09-03T23:50:00Z,e54f1cfaf58df97acb8fb39c1e6e8bf4614f1ff3a7c9bcbc1b5acff762665dd6,H3-C13-MAIN,MAIN,2024,USDJPY,M15,419,58,2024-04-25T00:53:40Z,2024-04-26T07:07:40Z,7.97000000,ASIA,NEUTRAL,TREND_UP,LOW
BOSS19_P5_SESSION_ATTRIBUTION_V1,2026-09-03T23:50:00Z,e54f1cfaf58df97acb8fb39c1e6e8bf4614f1ff3a7c9bcbc1b5acff762665dd6,H3-C13-MAIN,MAIN,2024,USDJPY,M15,420,57,2024-04-25T05:03:40Z,2024-04-26T07:07:40Z,12.95000000,ASIA,NEUTRAL,TREND_UP,LOW
BOSS19_P5_SESSION_ATTRIBUTION_V1,2026-09-03T23:50:00Z,e54f1cfaf58df97acb8fb39c1e6e8bf4614f1ff3a7c9bcbc1b5acff762665dd6,H3-C13-MAIN,MAIN,2024,USDJPY,M15,424,65,2024-04-26T11:03:40Z,2024-04-26T20:33:40Z,9.34000000,LONDON,NEUTRAL,TREND_UP,EXTREME
BOSS19_P5_SESSION_ATTRIBUTION_V1,2026-09-03T23:50:00Z,e54f1cfaf58df97acb8fb39c1e6e8bf4614f1ff3a7c9bcbc1b5acff762665dd6,H3-C13-MAIN,MAIN,2024,USDJPY,M15,425,64,2024-04-26T14:38:40Z,2024-04-26T20:33:40Z,7.89000000,LONDON_NY_OVERLAP,NEUTRAL,TREND_UP,HIGH
BOSS19_P5_SESSION_ATTRIBUTION_V1,2026-09-03T23:50:00Z,e54f1cfaf58df97acb8fb39c1e6e8bf4614f1ff3a7c9bcbc1b5acff762665dd6,H3-C13-MAIN,MAIN,2024,USDJPY,M15,426,63,2024-04-26T14:55:40Z,2024-04-26T20:33:40Z,12.91000000,LONDON_NY_OVERLAP,NEUTRAL,TREND_UP,HIGH
BOSS19_P5_SESSION_ATTRIBUTION_V1,2026-09-03T23:50:00Z,e54f1cfaf58df97acb8fb39c1e6e8bf4614f1ff3a7c9bcbc1b5acff762665dd6,H3-C13-MAIN,MAIN,2024,USDJPY,M15,430,71,2024-04-29T01:30:40Z,2024-04-29T01:35:40Z,10.54000000,ASIA,NEUTRAL,TREND_UP,HIGH
BOSS19_P5_SESSION_ATTRIBUTION_V1,2026-09-03T23:50:00Z,e54f1cfaf58df97acb8fb39c1e6e8bf4614f1ff3a7c9bcbc1b5acff762665dd6,H3-C13-MAIN,MAIN,2024,USDJPY,M15,432,69,2024-04-29T01:35:40Z,2024-04-29T01:35:40Z,15.37000000,ASIA,NEUTRAL,TREND_UP,HIGH
BOSS19_P5_SESSION_ATTRIBUTION_V1,2026-09-03T23:50:00Z,e54f1cfaf58df97acb8fb39c1e6e8bf4614f1ff3a7c9bcbc1b5acff762665dd6,H3-C13-MAIN,MAIN,2024,USDJPY,M15,431,70,2024-04-29T01:35:40Z,2024-04-29T01:35:40Z,9.11000000,ASIA,NEUTRAL,TREND_UP,HIGH
BOSS19_P5_SESSION_ATTRIBUTION_V1,2026-09-03T23:50:00Z,e54f1cfaf58df97acb8fb39c1e6e8bf4614f1ff3a7c9bcbc1b5acff762665dd6,H3-C13-MAIN,MAIN,2024,USDJPY,M15,439,73,2024-04-29T05:23:40Z,2024-04-29T05:32:20Z,4.47000000,ASIA,NEUTRAL,TRANSITION,EXTREME
BOSS19_P5_SESSION_ATTRIBUTION_V1,2026-09-03T23:50:00Z,e54f1cfaf58df97acb8fb39c1e6e8bf4614f1ff3a7c9bcbc1b5acff762665dd6,H3-C13-MAIN,MAIN,2024,USDJPY,M15,440,77,2024-04-29T05:41:20Z,2024-04-29T07:08:40Z,1.65000000,ASIA,NEUTRAL,TRANSITION,EXTREME
BOSS19_P5_SESSION_ATTRIBUTION_V1,2026-09-03T23:50:00Z,e54f1cfaf58df97acb8fb39c1e6e8bf4614f1ff3a7c9bcbc1b5acff762665dd6,H3-C13-MAIN,MAIN,2024,USDJPY,M15,441,76,2024-04-29T05:50:40Z,2024-04-29T07:08:40Z,3.27000000,ASIA,NEUTRAL,TRANSITION,EXTREME
BOSS19_P5_SESSION_ATTRIBUTION_V1,2026-09-03T23:50:00Z,e54f1cfaf58df97acb8fb39c1e6e8bf4614f1ff3a7c9bcbc1b5acff762665dd6,H3-C13-MAIN,MAIN,2024,USDJPY,M15,445,79,2024-04-29T07:09:40Z,2024-04-29T07:10:40Z,4.44000000,LONDON,NEUTRAL,RANGE,EXTREME
BOSS19_P5_SESSION_ATTRIBUTION_V1,2026-09-03T23:50:00Z,e54f1cfaf58df97acb8fb39c1e6e8bf4614f1ff3a7c9bcbc1b5acff762665dd6,H3-C13-MAIN,MAIN,2024,USDJPY,M15,446,81,2024-04-29T13:56:40Z,2024-04-29T16:22:40Z,2.03000000,LONDON_NY_OVERLAP,NEUTRAL,TREND_DOWN,EXTREME
BOSS19_P5_SESSION_ATTRIBUTION_V1,2026-09-03T23:50:00Z,e54f1cfaf58df97acb8fb39c1e6e8bf4614f1ff3a7c9bcbc1b5acff762665dd6,H3-C13-MAIN,MAIN,2024,USDJPY,M15,450,87,2024-04-30T12:07:40Z,2024-06-21T00:55:40Z,15.83000000,LONDON_NY_OVERLAP,RISK_ON,TREND_UP,NORMAL
BOSS19_P5_SESSION_ATTRIBUTION_V1,2026-09-03T23:50:00Z,e54f1cfaf58df97acb8fb39c1e6e8bf4614f1ff3a7c9bcbc1b5acff762665dd6,H3-C13-MAIN,MAIN,2024,USDJPY,M15,451,86,2024-04-30T12:50:40Z,2024-06-21T00:55:40Z,13.91000000,LONDON_NY_OVERLAP,RISK_ON,TREND_UP,NORMAL
BOSS19_P5_SESSION_ATTRIBUTION_V1,2026-09-03T23:50:00Z,e54f1cfaf58df97acb8fb39c1e6e8bf4614f1ff3a7c9bcbc1b5acff762665dd6,H3-C13-MAIN,MAIN,2024,USDJPY,M15,452,85,2024-04-30T19:18:40Z,2024-06-21T00:55:40Z,23.70000000,NEW_YORK_ONLY,RISK_ON,TREND_UP,NORMAL
BOSS19_P5_SESSION_ATTRIBUTION_V1,2026-09-03T23:50:00Z,e54f1cfaf58df97acb8fb39c1e6e8bf4614f1ff3a7c9bcbc1b5acff762665dd6,H3-C13-MAIN,MAIN,2024,USDJPY,M15,498,93,2024-06-21T13:45:40Z,2024-06-28T00:55:40Z,11.88000000,LONDON_NY_OVERLAP,RISK_ON,RANGE,NORMAL
BOSS19_P5_SESSION_ATTRIBUTION_V1,2026-09-03T23:50:00Z,e54f1cfaf58df97acb8fb39c1e6e8bf4614f1ff3a7c9bcbc1b5acff762665dd6,H3-C13-MAIN,MAIN,2024,USDJPY,M15,499,92,2024-06-21T14:57:40Z,2024-06-28T00:55:40Z,10.01000000,LONDON_NY_OVERLAP,RISK_ON,TREND_UP,NORMAL
BOSS19_P5_SESSION_ATTRIBUTION_V1,2026-09-03T23:50:00Z,e54f1cfaf58df97acb8fb39c1e6e8bf4614f1ff3a7c9bcbc1b5acff762665dd6,H3-C13-MAIN,MAIN,2024,USDJPY,M15,500,91,2024-06-21T20:50:40Z,2024-06-28T00:55:40Z,16.33000000,NEW_YORK_ONLY,RISK_ON,TREND_UP,NORMAL
BOSS19_P5_SESSION_ATTRIBUTION_V1,2026-09-03T23:50:00Z,e54f1cfaf58df97acb8fb39c1e6e8bf4614f1ff3a7c9bcbc1b5acff762665dd6,H3-C13-MAIN,MAIN,2024,USDJPY,M15,504,95,2024-06-28T01:30:40Z,2025-12-30T21:59:59Z,6.80000000,ASIA,NEUTRAL,TREND_UP,NORMAL
BOSS19_P5_SESSION_ATTRIBUTION_V1,2026-09-03T23:50:00Z,e54f1cfaf58df97acb8fb39c1e6e8bf4614f1ff3a7c9bcbc1b5acff762665dd6,H3-C14-BWD,BWD,2020,USDJPY,H1,2,3,2020-01-02T10:08:40Z,2020-01-02T13:22:40Z,1.23000000,LONDON,NEUTRAL,TREND_DOWN,LOW
BOSS19_P5_SESSION_ATTRIBUTION_V1,2026-09-03T23:50:00Z,e54f1cfaf58df97acb8fb39c1e6e8bf4614f1ff3a7c9bcbc1b5acff762665dd6,H3-C14-BWD,BWD,2020,USDJPY,H1,6,5,2020-01-07T04:17:40Z,2020-01-08T19:22:20Z,6.37000000,ASIA,NEUTRAL,RANGE,NORMAL
BOSS19_P5_SESSION_ATTRIBUTION_V1,2026-09-03T23:50:00Z,e54f1cfaf58df97acb8fb39c1e6e8bf4614f1ff3a7c9bcbc1b5acff762665dd6,H3-C14-BWD,BWD,2020,USDJPY,H1,10,11,2020-01-09T07:46:40Z,2020-01-16T23:14:40Z,8.80000000,LONDON,NEUTRAL,TREND_UP,HIGH
BOSS19_P5_SESSION_ATTRIBUTION_V1,2026-09-03T23:50:00Z,e54f1cfaf58df97acb8fb39c1e6e8bf4614f1ff3a7c9bcbc1b5acff762665dd6,H3-C14-BWD,BWD,2020,USDJPY,H1,11,10,2020-01-09T11:36:40Z,2020-01-16T23:14:40Z,7.55000000,LONDON,NEUTRAL,TREND_UP,NORMAL
BOSS19_P5_SESSION_ATTRIBUTION_V1,2026-09-03T23:50:00Z,e54f1cfaf58df97acb8fb39c1e6e8bf4614f1ff3a7c9bcbc1b5acff762665dd6,H3-C14-BWD,BWD,2020,USDJPY,H1,12,9,2020-01-10T05:44:20Z,2020-01-16T23:14:40Z,12.48000000,ASIA,NEUTRAL,TREND_UP,NORMAL
BOSS19_P5_SESSION_ATTRIBUTION_V1,2026-09-03T23:50:00Z,e54f1cfaf58df97acb8fb39c1e6e8bf4614f1ff3a7c9bcbc1b5acff762665dd6,H3-C14-BWD,BWD,2020,USDJPY,H1,43,13,2020-01-21T14:03:40Z,2020-01-21T15:16:40Z,1.25000000,LONDON_NY_OVERLAP,NEUTRAL,RANGE,LOW
BOSS19_P5_SESSION_ATTRIBUTION_V1,2026-09-03T23:50:00Z,e54f1cfaf58df97acb8fb39c1e6e8bf4614f1ff3a7c9bcbc1b5acff762665dd6,H3-C14-BWD,BWD,2020,USDJPY,H1,242,19,2020-02-04T08:27:40Z,2020-02-06T19:04:40Z,8.81000000,LONDON,RISK_OFF,TRANSITION,NORMAL
BOSS19_P5_SESSION_ATTRIBUTION_V1,2026-09-03T23:50:00Z,e54f1cfaf58df97acb8fb39c1e6e8bf4614f1ff3a7c9bcbc1b5acff762665dd6,H3-C14-BWD,BWD,2020,USDJPY,H1,243,18,2020-02-04T13:42:40Z,2020-02-06T19:04:40Z,7.53000000,LONDON_NY_OVERLAP,RISK_OFF,RANGE,NORMAL
BOSS19_P5_SESSION_ATTRIBUTION_V1,2026-09-03T23:50:00Z,e54f1cfaf58df97acb8fb39c1e6e8bf4614f1ff3a7c9bcbc1b5acff762665dd6,H3-C14-BWD,BWD,2020,USDJPY,H1,244,17,2020-02-04T15:29:40Z,2020-02-06T19:04:40Z,12.53000000,LONDON_NY_OVERLAP,RISK_OFF,RANGE,NORMAL
BOSS19_P5_SESSION_ATTRIBUTION_V1,2026-09-03T23:50:00Z,e54f1cfaf58df97acb8fb39c1e6e8bf4614f1ff3a7c9bcbc1b5acff762665dd6,H3-C14-BWD,BWD,2020,USDJPY,H1,398,21,2020-02-12T08:32:40Z,2020-02-19T13:36:40Z,6.78000000,LONDON,NEUTRAL,RANGE,LOW
BOSS19_P5_SESSION_ATTRIBUTION_V1,2026-09-03T23:50:00Z,e54f1cfaf58df97acb8fb39c1e6e8bf4614f1ff3a7c9bcbc1b5acff762665dd6,H3-C14-BWD,BWD,2020,USDJPY,H1,402,27,2020-02-19T14:49:40Z,2020-02-20T07:18:40Z,7.92000000,LONDON_NY_OVERLAP,NEUTRAL,TREND_UP,NORMAL
BOSS19_P5_SESSION_ATTRIBUTION_V1,2026-09-03T23:50:00Z,e54f1cfaf58df97acb8fb39c1e6e8bf4614f1ff3a7c9bcbc1b5acff762665dd6,H3-C14-BWD,BWD,2020,USDJPY,H1,403,26,2020-02-19T15:33:40Z,2020-02-20T07:18:40Z,6.72000000,LONDON_NY_OVERLAP,NEUTRAL,TREND_UP,NORMAL
BOSS19_P5_SESSION_ATTRIBUTION_V1,2026-09-03T23:50:00Z,e54f1cfaf58df97acb8fb39c1e6e8bf4614f1ff3a7c9bcbc1b5acff762665dd6,H3-C14-BWD,BWD,2020,USDJPY,H1,404,25,2020-02-19T16:23:40Z,2020-02-20T07:18:40Z,11.01000000,NEW_YORK_ONLY,NEUTRAL,TREND_UP,NORMAL
BOSS19_P5_SESSION_ATTRIBUTION_V1,2026-09-03T23:50:00Z,e54f1cfaf58df97acb8fb39c1e6e8bf4614f1ff3a7c9bcbc1b5acff762665dd6,H3-C14-BWD,BWD,2020,USDJPY,H1,408,33,2020-02-20T07:23:40Z,2021-10-11T07:05:40Z,66.23000000,LONDON,RISK_OFF,TREND_UP,HIGH
BOSS19_P5_SESSION_ATTRIBUTION_V1,2026-09-03T23:50:00Z,e54f1cfaf58df97acb8fb39c1e6e8bf4614f1ff3a7c9bcbc1b5acff762665dd6,H3-C14-BWD,BWD,2020,USDJPY,H1,409,32,2020-02-20T09:43:40Z,2021-10-11T07:05:40Z,65.01000000,LONDON,RISK_OFF,TREND_UP,HIGH
BOSS19_P5_SESSION_ATTRIBUTION_V1,2026-09-03T23:50:00Z,e54f1cfaf58df97acb8fb39c1e6e8bf4614f1ff3a7c9bcbc1b5acff762665dd6,H3-C14-BWD,BWD,2020,USDJPY,H1,410,31,2020-02-20T10:32:20Z,2021-10-11T07:05:40Z,127.61000000,LONDON,RISK_OFF,TREND_UP,HIGH
BOSS19_P5_SESSION_ATTRIBUTION_V1,2026-09-03T23:50:00Z,e54f1cfaf58df97acb8fb39c1e6e8bf4614f1ff3a7c9bcbc1b5acff762665dd6,H3-C14-BWD,BWD,2021,USDJPY,H1,414,39,2021-10-11T09:19:40Z,2021-10-15T05:31:20Z,10.37000000,LONDON,NEUTRAL,TREND_UP,HIGH
BOSS19_P5_SESSION_ATTRIBUTION_V1,2026-09-03T23:50:00Z,e54f1cfaf58df97acb8fb39c1e6e8bf4614f1ff3a7c9bcbc1b5acff762665dd6,H3-C14-BWD,BWD,2021,USDJPY,H1,415,38,2021-10-11T12:31:40Z,2021-10-15T05:31:20Z,8.92000000,LONDON_NY_OVERLAP,NEUTRAL,TREND_UP,NORMAL
BOSS19_P5_SESSION_ATTRIBUTION_V1,2026-09-03T23:50:00Z,e54f1cfaf58df97acb8fb39c1e6e8bf4614f1ff3a7c9bcbc1b5acff762665dd6,H3-C14-BWD,BWD,2021,USDJPY,H1,416,37,2021-10-11T14:48:40Z,2021-10-15T05:31:20Z,14.91000000,LONDON_NY_OVERLAP,NEUTRAL,TREND_UP,HIGH
BOSS19_P5_SESSION_ATTRIBUTION_V1,2026-09-03T23:50:00Z,e54f1cfaf58df97acb8fb39c1e6e8bf4614f1ff3a7c9bcbc1b5acff762665dd6,H3-C14-BWD,BWD,2021,USDJPY,H1,420,45,2021-10-15T08:46:40Z,2022-01-04T01:38:40Z,17.25000000,LONDON,NEUTRAL,TREND_UP,NORMAL
BOSS19_P5_SESSION_ATTRIBUTION_V1,2026-09-03T23:50:00Z,e54f1cfaf58df97acb8fb39c1e6e8bf4614f1ff3a7c9bcbc1b5acff762665dd6,H3-C14-BWD,BWD,2021,USDJPY,H1,421,44,2021-10-15T12:59:40Z,2022-01-04T01:38:40Z,15.68000000,LONDON_NY_OVERLAP,NEUTRAL,TREND_UP,HIGH
BOSS19_P5_SESSION_ATTRIBUTION_V1,2026-09-03T23:50:00Z,e54f1cfaf58df97acb8fb39c1e6e8bf4614f1ff3a7c9bcbc1b5acff762665dd6,H3-C14-BWD,BWD,2021,USDJPY,H1,422,43,2021-10-20T00:25:40Z,2022-01-04T01:38:40Z,27.64000000,ASIA,NEUTRAL,RANGE,NORMAL
BOSS19_P5_SESSION_ATTRIBUTION_V1,2026-09-03T23:50:00Z,e54f1cfaf58df97acb8fb39c1e6e8bf4614f1ff3a7c9bcbc1b5acff762665dd6,H3-C14-BWD,BWD,2022,USDJPY,H1,426,51,2022-01-04T03:05:40Z,2022-03-11T08:14:40Z,16.35000000,ASIA,NEUTRAL,RANGE,NORMAL
BOSS19_P5_SESSION_ATTRIBUTION_V1,2026-09-03T23:50:00Z,e54f1cfaf58df97acb8fb39c1e6e8bf4614f1ff3a7c9bcbc1b5acff762665dd6,H3-C14-BWD,BWD,2022,USDJPY,H1,427,50,2022-01-04T08:38:40Z,2022-03-11T08:14:40Z,14.75000000,LONDON,NEUTRAL,TREND_UP,NORMAL
BOSS19_P5_SESSION_ATTRIBUTION_V1,2026-09-03T23:50:00Z,e54f1cfaf58df97acb8fb39c1e6e8bf4614f1ff3a7c9bcbc1b5acff762665dd6,H3-C14-BWD,BWD,2022,USDJPY,H1,428,49,2022-01-04T11:24:40Z,2022-03-11T08:14:40Z,26.23000000,LONDON,NEUTRAL,TREND_UP,NORMAL
BOSS19_P5_SESSION_ATTRIBUTION_V1,2026-09-03T23:50:00Z,e54f1cfaf58df97acb8fb39c1e6e8bf4614f1ff3a7c9bcbc1b5acff762665dd6,H3-C14-BWD,BWD,2022,USDJPY,H1,432,57,2022-03-11T09:08:40Z,2022-03-14T22:22:40Z,10.85000000,LONDON,STRESS,TREND_UP,NORMAL
BOSS19_P5_SESSION_ATTRIBUTION_V1,2026-09-03T23:50:00Z,e54f1cfaf58df97acb8fb39c1e6e8bf4614f1ff3a7c9bcbc1b5acff762665dd6,H3-C14-BWD,BWD,2022,USDJPY,H1,433,56,2022-03-11T17:57:40Z,2022-03-14T22:22:40Z,9.23000000,NEW_YORK_ONLY,STRESS,TREND_UP,HIGH
BOSS19_P5_SESSION_ATTRIBUTION_V1,2026-09-03T23:50:00Z,e54f1cfaf58df97acb8fb39c1e6e8bf4614f1ff3a7c9bcbc1b5acff762665dd6,H3-C14-BWD,BWD,2022,USDJPY,H1,434,55,2022-03-13T22:25:40Z,2022-03-14T22:22:40Z,15.01000000,OUTSIDE_DEFINED_SESSION,STRESS,TREND_UP,NORMAL
BOSS19_P5_SESSION_ATTRIBUTION_V1,2026-09-03T23:50:00Z,e54f1cfaf58df97acb8fb39c1e6e8bf4614f1ff3a7c9bcbc1b5acff762665dd6,H3-C14-BWD,BWD,2022,USDJPY,H1,438,63,2022-03-16T15:56:40Z,2022-03-22T00:28:40Z,11.35000000,LONDON_NY_OVERLAP,NEUTRAL,TREND_UP,NORMAL
BOSS19_P5_SESSION_ATTRIBUTION_V1,2026-09-03T23:50:00Z,e54f1cfaf58df97acb8fb39c1e6e8bf4614f1ff3a7c9bcbc1b5acff762665dd6,H3-C14-BWD,BWD,2022,USDJPY,H1,439,62,2022-03-16T18:00:00Z,2022-03-22T00:28:40Z,9.67000000,NEW_YORK_ONLY,NEUTRAL,TREND_UP,NORMAL
BOSS19_P5_SESSION_ATTRIBUTION_V1,2026-09-03T23:50:00Z,e54f1cfaf58df97acb8fb39c1e6e8bf4614f1ff3a7c9bcbc1b5acff762665dd6,H3-C14-BWD,BWD,2022,USDJPY,H1,440,61,2022-03-16T18:10:40Z,2022-03-22T00:28:40Z,15.94000000,NEW_YORK_ONLY,NEUTRAL,TREND_UP,NORMAL
BOSS19_P5_SESSION_ATTRIBUTION_V1,2026-09-03T23:50:00Z,e54f1cfaf58df97acb8fb39c1e6e8bf4614f1ff3a7c9bcbc1b5acff762665dd6,H3-C14-BWD,BWD,2022,USDJPY,H1,444,69,2022-03-22T00:48:40Z,2022-03-22T23:57:40Z,11.56000000,ASIA,NEUTRAL,TREND_UP,NORMAL
BOSS19_P5_SESSION_ATTRIBUTION_V1,2026-09-03T23:50:00Z,e54f1cfaf58df97acb8fb39c1e6e8bf4614f1ff3a7c9bcbc1b5acff762665dd6,H3-C14-BWD,BWD,2022,USDJPY,H1,445,68,2022-03-22T04:21:40Z,2022-03-22T23:57:40Z,9.84000000,ASIA,NEUTRAL,TREND_UP,NORMAL
BOSS19_P5_SESSION_ATTRIBUTION_V1,2026-09-03T23:50:00Z,e54f1cfaf58df97acb8fb39c1e6e8bf4614f1ff3a7c9bcbc1b5acff762665dd6,H3-C14-BWD,BWD,2022,USDJPY,H1,446,67,2022-03-22T04:38:40Z,2022-03-22T23:57:40Z,16.23000000,ASIA,NEUTRAL,TREND_UP,NORMAL
BOSS19_P5_SESSION_ATTRIBUTION_V1,2026-09-03T23:50:00Z,e54f1cfaf58df97acb8fb39c1e6e8bf4614f1ff3a7c9bcbc1b5acff762665dd6,H3-C14-BWD,BWD,2022,USDJPY,H1,450,75,2022-03-24T06:57:40Z,2022-03-28T02:01:40Z,12.34000000,ASIA,NEUTRAL,TREND_UP,HIGH
BOSS19_P5_SESSION_ATTRIBUTION_V1,2026-09-03T23:50:00Z,e54f1cfaf58df97acb8fb39c1e6e8bf4614f1ff3a7c9bcbc1b5acff762665dd6,H3-C14-BWD,BWD,2022,USDJPY,H1,451,74,2022-03-24T13:15:00Z,2022-03-28T02:01:40Z,10.57000000,LONDON_NY_OVERLAP,NEUTRAL,TREND_UP,HIGH
BOSS19_P5_SESSION_ATTRIBUTION_V1,2026-09-03T23:50:00Z,e54f1cfaf58df97acb8fb39c1e6e8bf4614f1ff3a7c9bcbc1b5acff762665dd6,H3-C14-BWD,BWD,2022,USDJPY,H1,452,73,2022-03-24T15:46:40Z,2022-03-28T02:01:40Z,17.61000000,LONDON_NY_OVERLAP,NEUTRAL,TREND_UP,HIGH
BOSS19_P5_SESSION_ATTRIBUTION_V1,2026-09-03T23:50:00Z,e54f1cfaf58df97acb8fb39c1e6e8bf4614f1ff3a7c9bcbc1b5acff762665dd6,H3-C14-BWD,BWD,2022,USDJPY,H1,456,81,2022-03-28T06:58:40Z,2022-03-28T08:48:40Z,11.88000000,ASIA,NEUTRAL,TREND_UP,EXTREME
BOSS19_P5_SESSION_ATTRIBUTION_V1,2026-09-03T23:50:00Z,e54f1cfaf58df97acb8fb39c1e6e8bf4614f1ff3a7c9bcbc1b5acff762665dd6,H3-C14-BWD,BWD,2022,USDJPY,H1,457,80,2022-03-28T07:04:20Z,2022-03-28T08:48:40Z,10.04000000,LONDON,NEUTRAL,TREND_UP,EXTREME
BOSS19_P5_SESSION_ATTRIBUTION_V1,2026-09-03T23:50:00Z,e54f1cfaf58df97acb8fb39c1e6e8bf4614f1ff3a7c9bcbc1b5acff762665dd6,H3-C14-BWD,BWD,2022,USDJPY,H1,458,79,2022-03-28T07:26:40Z,2022-03-28T08:48:40Z,16.40000000,LONDON,NEUTRAL,TREND_UP,EXTREME
BOSS19_P5_SESSION_ATTRIBUTION_V1,2026-09-03T23:50:00Z,e54f1cfaf58df97acb8fb39c1e6e8bf4614f1ff3a7c9bcbc1b5acff762665dd6,H3-C14-BWD,BWD,2022,USDJPY,H1,462,83,2022-03-28T08:50:40Z,2022-04-15T06:19:40Z,14.77000000,LONDON,NEUTRAL,TREND_UP,EXTREME
BOSS19_P5_SESSION_ATTRIBUTION_V1,2026-09-03T23:50:00Z,e54f1cfaf58df97acb8fb39c1e6e8bf4614f1ff3a7c9bcbc1b5acff762665dd6,H3-C14-BWD,BWD,2022,USDJPY,H1,466,89,2022-04-18T16:22:40Z,2022-04-19T19:29:40Z,15.86000000,NEW_YORK_ONLY,NEUTRAL,TREND_UP,NORMAL
BOSS19_P5_SESSION_ATTRIBUTION_V1,2026-09-03T23:50:00Z,e54f1cfaf58df97acb8fb39c1e6e8bf4614f1ff3a7c9bcbc1b5acff762665dd6,H3-C14-BWD,BWD,2022,USDJPY,H1,467,88,2022-04-18T23:36:20Z,2022-04-19T19:29:40Z,13.26000000,OUTSIDE_DEFINED_SESSION,NEUTRAL,TREND_UP,NORMAL
BOSS19_P5_SESSION_ATTRIBUTION_V1,2026-09-03T23:50:00Z,e54f1cfaf58df97acb8fb39c1e6e8bf4614f1ff3a7c9bcbc1b5acff762665dd6,H3-C14-BWD,BWD,2022,USDJPY,H1,468,87,2022-04-19T01:40:20Z,2022-04-19T19:29:40Z,21.48000000,ASIA,NEUTRAL,TREND_UP,NORMAL
BOSS19_P5_SESSION_ATTRIBUTION_V1,2026-09-03T23:50:00Z,e54f1cfaf58df97acb8fb39c1e6e8bf4614f1ff3a7c9bcbc1b5acff762665dd6,H3-C14-BWD,BWD,2022,USDJPY,H1,472,91,2022-04-19T22:19:40Z,2022-04-28T14:16:40Z,15.48000000,OUTSIDE_DEFINED_SESSION,NEUTRAL,TREND_UP,HIGH
BOSS19_P5_SESSION_ATTRIBUTION_V1,2026-09-03T23:50:00Z,e54f1cfaf58df97acb8fb39c1e6e8bf4614f1ff3a7c9bcbc1b5acff762665dd6,H3-C14-BWD,BWD,2022,USDJPY,H1,575,95,2022-05-09T00:01:40Z,2022-06-07T06:15:40Z,18.63000000,ASIA,STRESS,RANGE,HIGH
BOSS19_P5_SESSION_ATTRIBUTION_V1,2026-09-03T23:50:00Z,e54f1cfaf58df97acb8fb39c1e6e8bf4614f1ff3a7c9bcbc1b5acff762665dd6,H3-C14-BWD,BWD,2022,USDJPY,H1,576,94,2022-05-09T06:53:40Z,2022-06-07T06:15:40Z,15.54000000,ASIA,STRESS,TREND_UP,HIGH
BOSS19_P5_SESSION_ATTRIBUTION_V1,2026-09-03T23:50:00Z,e54f1cfaf58df97acb8fb39c1e6e8bf4614f1ff3a7c9bcbc1b5acff762665dd6,H3-C14-BWD,BWD,2022,USDJPY,H1,580,101,2022-06-08T07:18:40Z,2022-06-21T11:35:40Z,20.39000000,LONDON,NEUTRAL,TREND_UP,HIGH
BOSS19_P5_SESSION_ATTRIBUTION_V1,2026-09-03T23:50:00Z,e54f1cfaf58df97acb8fb39c1e6e8bf4614f1ff3a7c9bcbc1b5acff762665dd6,H3-C14-BWD,BWD,2022,USDJPY,H1,581,100,2022-06-08T08:35:40Z,2022-06-21T11:35:40Z,17.52000000,LONDON,NEUTRAL,TREND_UP,HIGH
BOSS19_P5_SESSION_ATTRIBUTION_V1,2026-09-03T23:50:00Z,e54f1cfaf58df97acb8fb39c1e6e8bf4614f1ff3a7c9bcbc1b5acff762665dd6,H3-C14-BWD,BWD,2022,USDJPY,H1,582,99,2022-06-08T12:24:40Z,2022-06-21T11:35:40Z,29.27000000,LONDON_NY_OVERLAP,NEUTRAL,TREND_UP,HIGH
BOSS19_P5_SESSION_ATTRIBUTION_V1,2026-09-03T23:50:00Z,e54f1cfaf58df97acb8fb39c1e6e8bf4614f1ff3a7c9bcbc1b5acff762665dd6,H3-C14-BWD,BWD,2022,USDJPY,H1,586,103,2022-06-21T18:26:40Z,2022-07-14T06:21:40Z,17.65000000,NEW_YORK_ONLY,STRESS,TREND_UP,NORMAL
BOSS19_P5_SESSION_ATTRIBUTION_V1,2026-09-03T23:50:00Z,e54f1cfaf58df97acb8fb39c1e6e8bf4614f1ff3a7c9bcbc1b5acff762665dd6,H3-C14-BWD,BWD,2022,USDJPY,H1,590,105,2022-07-14T07:56:40Z,2022-09-06T07:04:40Z,20.00000000,LONDON,NEUTRAL,TREND_UP,NORMAL
BOSS19_P5_SESSION_ATTRIBUTION_V1,2026-09-03T23:50:00Z,e54f1cfaf58df97acb8fb39c1e6e8bf4614f1ff3a7c9bcbc1b5acff762665dd6,H3-C14-BWD,BWD,2022,USDJPY,H1,594,111,2022-09-06T08:35:40Z,2022-09-07T10:57:40Z,20.26000000,LONDON,NEUTRAL,TREND_UP,NORMAL
BOSS19_P5_SESSION_ATTRIBUTION_V1,2026-09-03T23:50:00Z,e54f1cfaf58df97acb8fb39c1e6e8bf4614f1ff3a7c9bcbc1b5acff762665dd6,H3-C14-BWD,BWD,2022,USDJPY,H1,595,110,2022-09-06T12:44:40Z,2022-09-07T10:57:40Z,17.15000000,LONDON_NY_OVERLAP,NEUTRAL,TREND_UP,NORMAL
BOSS19_P5_SESSION_ATTRIBUTION_V1,2026-09-03T23:50:00Z,e54f1cfaf58df97acb8fb39c1e6e8bf4614f1ff3a7c9bcbc1b5acff762665dd6,H3-C14-BWD,BWD,2022,USDJPY,H1,596,109,2022-09-06T14:00:00Z,2022-09-07T10:57:40Z,28.09000000,LONDON_NY_OVERLAP,NEUTRAL,TREND_UP,NORMAL
BOSS19_P5_SESSION_ATTRIBUTION_V1,2026-09-03T23:50:00Z,e54f1cfaf58df97acb8fb39c1e6e8bf4614f1ff3a7c9bcbc1b5acff762665dd6,H3-C14-BWD,BWD,2022,USDJPY,H1,603,113,2022-09-12T04:26:40Z,2022-09-12T07:21:40Z,3.41000000,ASIA,NEUTRAL,RANGE,HIGH
BOSS19_P5_SESSION_ATTRIBUTION_V1,2026-09-03T23:50:00Z,e54f1cfaf58df97acb8fb39c1e6e8bf4614f1ff3a7c9bcbc1b5acff762665dd6,H3-C14-BWD,BWD,2022,USDJPY,H1,604,115,2022-09-13T12:30:40Z,2022-09-13T12:31:20Z,4.04000000,LONDON_NY_OVERLAP,NEUTRAL,RANGE,NORMAL
BOSS19_P5_SESSION_ATTRIBUTION_V1,2026-09-03T23:50:00Z,e54f1cfaf58df97acb8fb39c1e6e8bf4614f1ff3a7c9bcbc1b5acff762665dd6,H3-C14-BWD,BWD,2022,USDJPY,H1,605,117,2022-09-13T12:54:40Z,2022-09-14T05:03:40Z,3.27000000,LONDON_NY_OVERLAP,NEUTRAL,RANGE,NORMAL
BOSS19_P5_SESSION_ATTRIBUTION_V1,2026-09-03T23:50:00Z,e54f1cfaf58df97acb8fb39c1e6e8bf4614f1ff3a7c9bcbc1b5acff762665dd6,H3-C14-BWD,BWD,2022,USDJPY,H1,612,119,2022-09-15T02:15:40Z,2022-09-16T00:37:40Z,3.44000000,ASIA,RISK_OFF,RANGE,HIGH
BOSS19_P5_SESSION_ATTRIBUTION_V1,2026-09-03T23:50:00Z,e54f1cfaf58df97acb8fb39c1e6e8bf4614f1ff3a7c9bcbc1b5acff762665dd6,H3-C14-BWD,BWD,2022,USDJPY,H1,814,125,2022-09-20T13:27:40Z,2022-10-12T10:56:40Z,19.96000000,LONDON_NY_OVERLAP,RISK_OFF,RANGE,NORMAL
BOSS19_P5_SESSION_ATTRIBUTION_V1,2026-09-03T23:50:00Z,e54f1cfaf58df97acb8fb39c1e6e8bf4614f1ff3a7c9bcbc1b5acff762665dd6,H3-C14-BWD,BWD,2022,USDJPY,H1,815,124,2022-09-21T16:14:40Z,2022-10-12T10:56:40Z,16.86000000,NEW_YORK_ONLY,RISK_OFF,RANGE,NORMAL
BOSS19_P5_SESSION_ATTRIBUTION_V1,2026-09-03T23:50:00Z,e54f1cfaf58df97acb8fb39c1e6e8bf4614f1ff3a7c9bcbc1b5acff762665dd6,H3-C14-BWD,BWD,2022,USDJPY,H1,816,123,2022-09-22T02:51:40Z,2022-10-12T10:56:40Z,27.24000000,ASIA,RISK_OFF,RANGE,NORMAL
BOSS19_P5_SESSION_ATTRIBUTION_V1,2026-09-03T23:50:00Z,e54f1cfaf58df97acb8fb39c1e6e8bf4614f1ff3a7c9bcbc1b5acff762665dd6,H3-C14-BWD,BWD,2022,USDJPY,H1,820,131,2022-10-12T15:38:40Z,2022-10-19T11:02:40Z,18.41000000,LONDON_NY_OVERLAP,STRESS,TREND_UP,LOW
BOSS19_P5_SESSION_ATTRIBUTION_V1,2026-09-03T23:50:00Z,e54f1cfaf58df97acb8fb39c1e6e8bf4614f1ff3a7c9bcbc1b5acff762665dd6,H3-C14-BWD,BWD,2022,USDJPY,H1,821,130,2022-10-13T12:32:20Z,2022-10-19T11:02:40Z,15.35000000,LONDON_NY_OVERLAP,STRESS,TREND_UP,LOW
BOSS19_P5_SESSION_ATTRIBUTION_V1,2026-09-03T23:50:00Z,e54f1cfaf58df97acb8fb39c1e6e8bf4614f1ff3a7c9bcbc1b5acff762665dd6,H3-C14-BWD,BWD,2022,USDJPY,H1,822,129,2022-10-14T11:55:00Z,2022-10-19T11:02:40Z,24.87000000,LONDON,STRESS,TREND_UP,NORMAL
BOSS19_P5_SESSION_ATTRIBUTION_V1,2026-09-03T23:50:00Z,e54f1cfaf58df97acb8fb39c1e6e8bf4614f1ff3a7c9bcbc1b5acff762665dd6,H3-C14-BWD,BWD,2022,USDJPY,H1,826,137,2022-10-20T07:40:20Z,2022-12-30T21:54:59Z,-139.13000000,LONDON,STRESS,TREND_UP,LOW
BOSS19_P5_SESSION_ATTRIBUTION_V1,2026-09-03T23:50:00Z,e54f1cfaf58df97acb8fb39c1e6e8bf4614f1ff3a7c9bcbc1b5acff762665dd6,H3-C14-BWD,BWD,2022,USDJPY,H1,827,136,2022-10-21T07:14:20Z,2022-12-30T21:54:59Z,-142.45000000,LONDON,NEUTRAL,TREND_UP,LOW
BOSS19_P5_SESSION_ATTRIBUTION_V1,2026-09-03T23:50:00Z,e54f1cfaf58df97acb8fb39c1e6e8bf4614f1ff3a7c9bcbc1b5acff762665dd6,H3-C14-BWD,BWD,2022,USDJPY,H1,828,135,2022-10-21T08:48:40Z,2022-12-30T21:54:59Z,-291.39000000,LONDON,NEUTRAL,TREND_UP,LOW
BOSS19_P5_SESSION_ATTRIBUTION_V1,2026-09-03T23:50:00Z,e54f1cfaf58df97acb8fb39c1e6e8bf4614f1ff3a7c9bcbc1b5acff762665dd6,H3-C14-MAIN,MAIN,2023,USDJPY,H1,2,3,2023-01-02T23:17:40Z,2023-01-03T00:35:40Z,4.43000000,OUTSIDE_DEFINED_SESSION,RISK_OFF,TREND_DOWN,NORMAL
BOSS19_P5_SESSION_ATTRIBUTION_V1,2026-09-03T23:50:00Z,e54f1cfaf58df97acb8fb39c1e6e8bf4614f1ff3a7c9bcbc1b5acff762665dd6,H3-C14-MAIN,MAIN,2023,USDJPY,H1,3,7,2023-01-04T15:22:40Z,2023-01-12T09:20:40Z,3.37000000,LONDON_NY_OVERLAP,RISK_OFF,RANGE,HIGH
BOSS19_P5_SESSION_ATTRIBUTION_V1,2026-09-03T23:50:00Z,e54f1cfaf58df97acb8fb39c1e6e8bf4614f1ff3a7c9bcbc1b5acff762665dd6,H3-C14-MAIN,MAIN,2023,USDJPY,H1,4,6,2023-01-04T17:30:40Z,2023-01-05T00:29:20Z,4.12000000,NEW_YORK_ONLY,RISK_OFF,RANGE,HIGH
BOSS19_P5_SESSION_ATTRIBUTION_V1,2026-09-03T23:50:00Z,e54f1cfaf58df97acb8fb39c1e6e8bf4614f1ff3a7c9bcbc1b5acff762665dd6,H3-C14-MAIN,MAIN,2023,USDJPY,H1,35,9,2023-01-18T03:30:40Z,2023-02-15T13:30:40Z,24.43000000,ASIA,NEUTRAL,TRANSITION,EXTREME
BOSS19_P5_SESSION_ATTRIBUTION_V1,2026-09-03T23:50:00Z,e54f1cfaf58df97acb8fb39c1e6e8bf4614f1ff3a7c9bcbc1b5acff762665dd6,H3-C14-MAIN,MAIN,2023,USDJPY,H1,39,13,2023-02-17T01:43:40Z,2023-03-02T13:30:40Z,18.98000000,ASIA,NEUTRAL,TREND_UP,NORMAL
BOSS19_P5_SESSION_ATTRIBUTION_V1,2026-09-03T23:50:00Z,e54f1cfaf58df97acb8fb39c1e6e8bf4614f1ff3a7c9bcbc1b5acff762665dd6,H3-C14-MAIN,MAIN,2023,USDJPY,H1,40,12,2023-02-17T11:08:40Z,2023-03-02T13:30:40Z,15.05000000,LONDON,NEUTRAL,TREND_UP,NORMAL
BOSS19_P5_SESSION_ATTRIBUTION_V1,2026-09-03T23:50:00Z,e54f1cfaf58df97acb8fb39c1e6e8bf4614f1ff3a7c9bcbc1b5acff762665dd6,H3-C14-MAIN,MAIN,2023,USDJPY,H1,62,15,2023-03-07T15:01:40Z,2023-03-09T09:40:40Z,2.70000000,LONDON_NY_OVERLAP,RISK_OFF,RANGE,LOW
BOSS19_P5_SESSION_ATTRIBUTION_V1,2026-09-03T23:50:00Z,e54f1cfaf58df97acb8fb39c1e6e8bf4614f1ff3a7c9bcbc1b5acff762665dd6,H3-C14-MAIN,MAIN,2023,USDJPY,H1,69,17,2023-03-10T02:30:40Z,2023-03-10T08:12:40Z,3.02000000,ASIA,RISK_OFF,RANGE,NORMAL
BOSS19_P5_SESSION_ATTRIBUTION_V1,2026-09-03T23:50:00Z,e54f1cfaf58df97acb8fb39c1e6e8bf4614f1ff3a7c9bcbc1b5acff762665dd6,H3-C14-MAIN,MAIN,2023,USDJPY,H1,73,19,2023-03-15T08:17:40Z,2023-05-01T14:04:40Z,18.43000000,LONDON,RISK_OFF,TRANSITION,HIGH
BOSS19_P5_SESSION_ATTRIBUTION_V1,2026-09-03T23:50:00Z,e54f1cfaf58df97acb8fb39c1e6e8bf4614f1ff3a7c9bcbc1b5acff762665dd6,H3-C14-MAIN,MAIN,2023,USDJPY,H1,77,21,2023-05-01T19:18:40Z,2023-05-24T16:13:40Z,15.00000000,NEW_YORK_ONLY,NEUTRAL,TREND_UP,NORMAL
BOSS19_P5_SESSION_ATTRIBUTION_V1,2026-09-03T23:50:00Z,e54f1cfaf58df97acb8fb39c1e6e8bf4614f1ff3a7c9bcbc1b5acff762665dd6,H3-C14-MAIN,MAIN,2023,USDJPY,H1,81,27,2023-05-25T12:47:40Z,2023-06-19T00:58:40Z,17.37000000,LONDON_NY_OVERLAP,RISK_OFF,TREND_UP,LOW
BOSS19_P5_SESSION_ATTRIBUTION_V1,2026-09-03T23:50:00Z,e54f1cfaf58df97acb8fb39c1e6e8bf4614f1ff3a7c9bcbc1b5acff762665dd6,H3-C14-MAIN,MAIN,2023,USDJPY,H1,82,26,2023-05-25T19:17:40Z,2023-06-19T00:58:40Z,14.80000000,NEW_YORK_ONLY,RISK_OFF,TREND_UP,NORMAL
BOSS19_P5_SESSION_ATTRIBUTION_V1,2026-09-03T23:50:00Z,e54f1cfaf58df97acb8fb39c1e6e8bf4614f1ff3a7c9bcbc1b5acff762665dd6,H3-C14-MAIN,MAIN,2023,USDJPY,H1,83,25,2023-05-26T14:52:40Z,2023-06-19T00:58:40Z,24.45000000,LONDON_NY_OVERLAP,NEUTRAL,TREND_UP,NORMAL
BOSS19_P5_SESSION_ATTRIBUTION_V1,2026-09-03T23:50:00Z,e54f1cfaf58df97acb8fb39c1e6e8bf4614f1ff3a7c9bcbc1b5acff762665dd6,H3-C14-MAIN,MAIN,2023,USDJPY,H1,123,33,2023-06-21T06:26:40Z,2023-06-28T08:24:40Z,16.08000000,ASIA,RISK_ON,TRANSITION,LOW
BOSS19_P5_SESSION_ATTRIBUTION_V1,2026-09-03T23:50:00Z,e54f1cfaf58df97acb8fb39c1e6e8bf4614f1ff3a7c9bcbc1b5acff762665dd6,H3-C14-MAIN,MAIN,2023,USDJPY,H1,124,32,2023-06-21T13:45:40Z,2023-06-28T08:24:40Z,13.61000000,LONDON_NY_OVERLAP,RISK_ON,RANGE,LOW
BOSS19_P5_SESSION_ATTRIBUTION_V1,2026-09-03T23:50:00Z,e54f1cfaf58df97acb8fb39c1e6e8bf4614f1ff3a7c9bcbc1b5acff762665dd6,H3-C14-MAIN,MAIN,2023,USDJPY,H1,125,31,2023-06-22T14:33:40Z,2023-06-28T08:24:40Z,21.83000000,LONDON_NY_OVERLAP,RISK_ON,RANGE,NORMAL
BOSS19_P5_SESSION_ATTRIBUTION_V1,2026-09-03T23:50:00Z,e54f1cfaf58df97acb8fb39c1e6e8bf4614f1ff3a7c9bcbc1b5acff762665dd6,H3-C14-MAIN,MAIN,2023,USDJPY,H1,129,37,2023-06-28T14:57:40Z,2023-08-29T10:56:40Z,18.96000000,LONDON_NY_OVERLAP,NEUTRAL,TREND_UP,LOW
BOSS19_P5_SESSION_ATTRIBUTION_V1,2026-09-03T23:50:00Z,e54f1cfaf58df97acb8fb39c1e6e8bf4614f1ff3a7c9bcbc1b5acff762665dd6,H3-C14-MAIN,MAIN,2023,USDJPY,H1,130,36,2023-06-30T01:29:20Z,2023-08-29T10:56:40Z,16.24000000,ASIA,NEUTRAL,TREND_UP,LOW
BOSS19_P5_SESSION_ATTRIBUTION_V1,2026-09-03T23:50:00Z,e54f1cfaf58df97acb8fb39c1e6e8bf4614f1ff3a7c9bcbc1b5acff762665dd6,H3-C14-MAIN,MAIN,2023,USDJPY,H1,134,39,2023-08-29T11:58:40Z,2023-09-25T10:11:40Z,11.80000000,LONDON,NEUTRAL,RANGE,LOW
BOSS19_P5_SESSION_ATTRIBUTION_V1,2026-09-03T23:50:00Z,e54f1cfaf58df97acb8fb39c1e6e8bf4614f1ff3a7c9bcbc1b5acff762665dd6,H3-C14-MAIN,MAIN,2023,USDJPY,H1,138,45,2023-09-25T14:25:40Z,2023-10-26T02:18:40Z,12.09000000,LONDON_NY_OVERLAP,NEUTRAL,TREND_UP,LOW
BOSS19_P5_SESSION_ATTRIBUTION_V1,2026-09-03T23:50:00Z,e54f1cfaf58df97acb8fb39c1e6e8bf4614f1ff3a7c9bcbc1b5acff762665dd6,H3-C14-MAIN,MAIN,2023,USDJPY,H1,139,44,2023-09-27T10:03:40Z,2023-10-26T02:18:40Z,10.00000000,LONDON,NEUTRAL,TREND_UP,LOW
BOSS19_P5_SESSION_ATTRIBUTION_V1,2026-09-03T23:50:00Z,e54f1cfaf58df97acb8fb39c1e6e8bf4614f1ff3a7c9bcbc1b5acff762665dd6,H3-C14-MAIN,MAIN,2023,USDJPY,H1,140,43,2023-09-27T16:09:40Z,2023-10-26T02:18:40Z,16.04000000,NEW_YORK_ONLY,NEUTRAL,TREND_UP,LOW
BOSS19_P5_SESSION_ATTRIBUTION_V1,2026-09-03T23:50:00Z,e54f1cfaf58df97acb8fb39c1e6e8bf4614f1ff3a7c9bcbc1b5acff762665dd6,H3-C14-MAIN,MAIN,2023,USDJPY,H1,144,47,2023-10-26T06:05:40Z,2024-03-27T02:43:20Z,19.41000000,ASIA,NEUTRAL,TREND_UP,LOW
BOSS19_P5_SESSION_ATTRIBUTION_V1,2026-09-03T23:50:00Z,e54f1cfaf58df97acb8fb39c1e6e8bf4614f1ff3a7c9bcbc1b5acff762665dd6,H3-C14-MAIN,MAIN,2024,USDJPY,H1,280,51,2024-04-01T13:48:40Z,2024-04-10T20:38:40Z,10.62000000,LONDON_NY_OVERLAP,RISK_ON,TRANSITION,LOW
BOSS19_P5_SESSION_ATTRIBUTION_V1,2026-09-03T23:50:00Z,e54f1cfaf58df97acb8fb39c1e6e8bf4614f1ff3a7c9bcbc1b5acff762665dd6,H3-C14-MAIN,MAIN,2024,USDJPY,H1,281,50,2024-04-03T12:24:40Z,2024-04-10T20:38:40Z,8.77000000,LONDON_NY_OVERLAP,NEUTRAL,RANGE,LOW
BOSS19_P5_SESSION_ATTRIBUTION_V1,2026-09-03T23:50:00Z,e54f1cfaf58df97acb8fb39c1e6e8bf4614f1ff3a7c9bcbc1b5acff762665dd6,H3-C14-MAIN,MAIN,2024,USDJPY,H1,285,57,2024-04-15T00:54:40Z,2024-04-24T06:12:40Z,10.48000000,ASIA,NEUTRAL,RANGE,NORMAL
BOSS19_P5_SESSION_ATTRIBUTION_V1,2026-09-03T23:50:00Z,e54f1cfaf58df97acb8fb39c1e6e8bf4614f1ff3a7c9bcbc1b5acff762665dd6,H3-C14-MAIN,MAIN,2024,USDJPY,H1,286,56,2024-04-15T01:05:40Z,2024-04-24T06:12:40Z,8.81000000,ASIA,NEUTRAL,RANGE,NORMAL
BOSS19_P5_SESSION_ATTRIBUTION_V1,2026-09-03T23:50:00Z,e54f1cfaf58df97acb8fb39c1e6e8bf4614f1ff3a7c9bcbc1b5acff762665dd6,H3-C14-MAIN,MAIN,2024,USDJPY,H1,287,55,2024-04-15T07:02:40Z,2024-04-24T06:12:40Z,14.22000000,LONDON,NEUTRAL,TREND_UP,NORMAL
BOSS19_P5_SESSION_ATTRIBUTION_V1,2026-09-03T23:50:00Z,e54f1cfaf58df97acb8fb39c1e6e8bf4614f1ff3a7c9bcbc1b5acff762665dd6,H3-C14-MAIN,MAIN,2024,USDJPY,H1,291,63,2024-04-24T12:13:40Z,2024-04-26T07:07:40Z,9.67000000,LONDON_NY_OVERLAP,NEUTRAL,RANGE,LOW
BOSS19_P5_SESSION_ATTRIBUTION_V1,2026-09-03T23:50:00Z,e54f1cfaf58df97acb8fb39c1e6e8bf4614f1ff3a7c9bcbc1b5acff762665dd6,H3-C14-MAIN,MAIN,2024,USDJPY,H1,292,62,2024-04-25T00:53:40Z,2024-04-26T07:07:40Z,7.97000000,ASIA,NEUTRAL,TREND_UP,LOW
BOSS19_P5_SESSION_ATTRIBUTION_V1,2026-09-03T23:50:00Z,e54f1cfaf58df97acb8fb39c1e6e8bf4614f1ff3a7c9bcbc1b5acff762665dd6,H3-C14-MAIN,MAIN,2024,USDJPY,H1,293,61,2024-04-25T05:03:40Z,2024-04-26T07:07:40Z,12.95000000,ASIA,NEUTRAL,TREND_UP,LOW
BOSS19_P5_SESSION_ATTRIBUTION_V1,2026-09-03T23:50:00Z,e54f1cfaf58df97acb8fb39c1e6e8bf4614f1ff3a7c9bcbc1b5acff762665dd6,H3-C14-MAIN,MAIN,2024,USDJPY,H1,297,69,2024-04-26T11:03:40Z,2024-04-26T20:33:40Z,9.34000000,LONDON,NEUTRAL,TREND_UP,HIGH
BOSS19_P5_SESSION_ATTRIBUTION_V1,2026-09-03T23:50:00Z,e54f1cfaf58df97acb8fb39c1e6e8bf4614f1ff3a7c9bcbc1b5acff762665dd6,H3-C14-MAIN,MAIN,2024,USDJPY,H1,298,68,2024-04-26T14:38:40Z,2024-04-26T20:33:40Z,7.89000000,LONDON_NY_OVERLAP,NEUTRAL,TREND_UP,HIGH
BOSS19_P5_SESSION_ATTRIBUTION_V1,2026-09-03T23:50:00Z,e54f1cfaf58df97acb8fb39c1e6e8bf4614f1ff3a7c9bcbc1b5acff762665dd6,H3-C14-MAIN,MAIN,2024,USDJPY,H1,299,67,2024-04-26T14:55:40Z,2024-04-26T20:33:40Z,12.91000000,LONDON_NY_OVERLAP,NEUTRAL,TREND_UP,HIGH
BOSS19_P5_SESSION_ATTRIBUTION_V1,2026-09-03T23:50:00Z,e54f1cfaf58df97acb8fb39c1e6e8bf4614f1ff3a7c9bcbc1b5acff762665dd6,H3-C14-MAIN,MAIN,2024,USDJPY,H1,303,75,2024-04-29T01:30:40Z,2024-04-29T01:35:40Z,10.54000000,ASIA,NEUTRAL,TREND_UP,HIGH
BOSS19_P5_SESSION_ATTRIBUTION_V1,2026-09-03T23:50:00Z,e54f1cfaf58df97acb8fb39c1e6e8bf4614f1ff3a7c9bcbc1b5acff762665dd6,H3-C14-MAIN,MAIN,2024,USDJPY,H1,305,73,2024-04-29T01:35:40Z,2024-04-29T01:35:40Z,15.37000000,ASIA,NEUTRAL,TREND_UP,HIGH
BOSS19_P5_SESSION_ATTRIBUTION_V1,2026-09-03T23:50:00Z,e54f1cfaf58df97acb8fb39c1e6e8bf4614f1ff3a7c9bcbc1b5acff762665dd6,H3-C14-MAIN,MAIN,2024,USDJPY,H1,304,74,2024-04-29T01:35:40Z,2024-04-29T01:35:40Z,9.11000000,ASIA,NEUTRAL,TREND_UP,HIGH
BOSS19_P5_SESSION_ATTRIBUTION_V1,2026-09-03T23:50:00Z,e54f1cfaf58df97acb8fb39c1e6e8bf4614f1ff3a7c9bcbc1b5acff762665dd6,H3-C14-MAIN,MAIN,2024,USDJPY,H1,312,81,2024-04-29T19:31:40Z,2024-05-01T20:21:20Z,1.83000000,NEW_YORK_ONLY,NEUTRAL,RANGE,EXTREME
BOSS19_P5_SESSION_ATTRIBUTION_V1,2026-09-03T23:50:00Z,e54f1cfaf58df97acb8fb39c1e6e8bf4614f1ff3a7c9bcbc1b5acff762665dd6,H3-C14-MAIN,MAIN,2024,USDJPY,H1,313,80,2024-04-29T20:37:40Z,2024-05-01T20:16:40Z,3.15000000,NEW_YORK_ONLY,NEUTRAL,TRANSITION,EXTREME
BOSS19_P5_SESSION_ATTRIBUTION_V1,2026-09-03T23:50:00Z,e54f1cfaf58df97acb8fb39c1e6e8bf4614f1ff3a7c9bcbc1b5acff762665dd6,H3-C14-MAIN,MAIN,2024,USDJPY,H1,314,79,2024-04-30T00:37:40Z,2024-05-01T20:13:40Z,2.79000000,ASIA,RISK_ON,RANGE,EXTREME
BOSS19_P5_SESSION_ATTRIBUTION_V1,2026-09-03T23:50:00Z,e54f1cfaf58df97acb8fb39c1e6e8bf4614f1ff3a7c9bcbc1b5acff762665dd6,H3-C14-MAIN,MAIN,2024,USDJPY,H1,324,87,2024-05-01T20:50:40Z,2024-05-02T18:39:40Z,2.15000000,NEW_YORK_ONLY,NEUTRAL,RANGE,NORMAL
BOSS19_P5_SESSION_ATTRIBUTION_V1,2026-09-03T23:50:00Z,e54f1cfaf58df97acb8fb39c1e6e8bf4614f1ff3a7c9bcbc1b5acff762665dd6,H3-C14-MAIN,MAIN,2024,USDJPY,H1,326,85,2024-05-01T20:51:40Z,2024-05-02T15:30:40Z,2.17000000,NEW_YORK_ONLY,NEUTRAL,RANGE,NORMAL
BOSS19_P5_SESSION_ATTRIBUTION_V1,2026-09-03T23:50:00Z,e54f1cfaf58df97acb8fb39c1e6e8bf4614f1ff3a7c9bcbc1b5acff762665dd6,H3-C14-MAIN,MAIN,2024,USDJPY,H1,325,86,2024-05-01T20:51:40Z,2024-05-02T17:44:40Z,2.53000000,NEW_YORK_ONLY,NEUTRAL,RANGE,NORMAL
BOSS19_P5_SESSION_ATTRIBUTION_V1,2026-09-03T23:50:00Z,e54f1cfaf58df97acb8fb39c1e6e8bf4614f1ff3a7c9bcbc1b5acff762665dd6,H3-C14-MAIN,MAIN,2024,USDJPY,H1,330,91,2024-05-02T20:25:40Z,2024-05-02T23:14:40Z,2.41000000,NEW_YORK_ONLY,NEUTRAL,TREND_DOWN,EXTREME
BOSS19_P5_SESSION_ATTRIBUTION_V1,2026-09-03T23:50:00Z,e54f1cfaf58df97acb8fb39c1e6e8bf4614f1ff3a7c9bcbc1b5acff762665dd6,H3-C14-MAIN,MAIN,2024,USDJPY,H1,331,90,2024-05-02T20:31:20Z,2024-05-02T22:04:00Z,2.26000000,NEW_YORK_ONLY,NEUTRAL,TREND_DOWN,EXTREME
BOSS19_P5_SESSION_ATTRIBUTION_V1,2026-09-03T23:50:00Z,e54f1cfaf58df97acb8fb39c1e6e8bf4614f1ff3a7c9bcbc1b5acff762665dd6,H3-C14-MAIN,MAIN,2024,USDJPY,H1,332,93,2024-05-06T23:07:40Z,2024-05-16T00:56:40Z,1.74000000,OUTSIDE_DEFINED_SESSION,NEUTRAL,RANGE,NORMAL
BOSS19_P5_SESSION_ATTRIBUTION_V1,2026-09-03T23:50:00Z,e54f1cfaf58df97acb8fb39c1e6e8bf4614f1ff3a7c9bcbc1b5acff762665dd6,H3-C14-MAIN,MAIN,2024,USDJPY,H1,336,99,2024-05-16T02:00:40Z,2024-07-24T13:33:40Z,-3.54000000,ASIA,RISK_ON,TREND_DOWN,HIGH
BOSS19_P5_SESSION_ATTRIBUTION_V1,2026-09-03T23:50:00Z,e54f1cfaf58df97acb8fb39c1e6e8bf4614f1ff3a7c9bcbc1b5acff762665dd6,H3-C14-MAIN,MAIN,2024,USDJPY,H1,337,98,2024-05-16T08:15:40Z,2024-07-24T11:46:40Z,-3.62000000,LONDON,RISK_ON,TREND_DOWN,HIGH
BOSS19_P5_SESSION_ATTRIBUTION_V1,2026-09-03T23:50:00Z,e54f1cfaf58df97acb8fb39c1e6e8bf4614f1ff3a7c9bcbc1b5acff762665dd6,H3-C14-MAIN,MAIN,2024,USDJPY,H1,338,97,2024-05-16T12:02:40Z,2024-07-24T04:52:20Z,-3.71000000,LONDON_NY_OVERLAP,RISK_ON,TREND_DOWN,HIGH
BOSS19_P5_SESSION_ATTRIBUTION_V1,2026-09-03T23:50:00Z,e54f1cfaf58df97acb8fb39c1e6e8bf4614f1ff3a7c9bcbc1b5acff762665dd6,H3-C14-MAIN,MAIN,2024,USDJPY,H1,342,101,2024-07-25T13:06:40Z,2024-07-25T13:58:40Z,3.64000000,LONDON_NY_OVERLAP,NEUTRAL,TREND_DOWN,EXTREME
BOSS19_P5_SESSION_ATTRIBUTION_V1,2026-09-03T23:50:00Z,e54f1cfaf58df97acb8fb39c1e6e8bf4614f1ff3a7c9bcbc1b5acff762665dd6,H3-C14-MAIN,MAIN,2024,USDJPY,H1,343,103,2024-07-26T10:42:20Z,2024-07-26T12:41:40Z,2.79000000,LONDON,RISK_OFF,RANGE,EXTREME
BOSS19_P5_SESSION_ATTRIBUTION_V1,2026-09-03T23:50:00Z,e54f1cfaf58df97acb8fb39c1e6e8bf4614f1ff3a7c9bcbc1b5acff762665dd6,H3-C14-MAIN,MAIN,2024,USDJPY,H1,368,109,2024-07-30T04:42:40Z,2024-12-19T09:56:40Z,27.61000000,ASIA,NEUTRAL,RANGE,HIGH
BOSS19_P5_SESSION_ATTRIBUTION_V1,2026-09-03T23:50:00Z,e54f1cfaf58df97acb8fb39c1e6e8bf4614f1ff3a7c9bcbc1b5acff762665dd6,H3-C14-MAIN,MAIN,2024,USDJPY,H1,369,108,2024-07-30T05:55:40Z,2024-12-19T09:56:40Z,25.10000000,ASIA,NEUTRAL,RANGE,HIGH
BOSS19_P5_SESSION_ATTRIBUTION_V1,2026-09-03T23:50:00Z,e54f1cfaf58df97acb8fb39c1e6e8bf4614f1ff3a7c9bcbc1b5acff762665dd6,H3-C14-MAIN,MAIN,2024,USDJPY,H1,370,107,2024-07-30T06:44:40Z,2024-12-19T09:56:40Z,45.02000000,ASIA,NEUTRAL,RANGE,HIGH
BOSS19_P5_SESSION_ATTRIBUTION_V1,2026-09-03T23:50:00Z,e54f1cfaf58df97acb8fb39c1e6e8bf4614f1ff3a7c9bcbc1b5acff762665dd6,H3-C14-MAIN,MAIN,2024,USDJPY,H1,374,113,2024-12-19T15:51:40Z,2025-12-30T21:59:59Z,18.33000000,LONDON_NY_OVERLAP,RISK_OFF,TREND_UP,HIGH
BOSS19_P5_SESSION_ATTRIBUTION_V1,2026-09-03T23:50:00Z,e54f1cfaf58df97acb8fb39c1e6e8bf4614f1ff3a7c9bcbc1b5acff762665dd6,H3-C14-MAIN,MAIN,2024,USDJPY,H1,375,112,2024-12-26T15:59:40Z,2025-12-30T21:59:59Z,14.94000000,LONDON_NY_OVERLAP,NEUTRAL,TREND_UP,LOW
BOSS19_P5_SESSION_ATTRIBUTION_V1,2026-09-03T23:50:00Z,e54f1cfaf58df97acb8fb39c1e6e8bf4614f1ff3a7c9bcbc1b5acff762665dd6,H3-C15-BWD,BWD,2020,USDJPY,H4,2,3,2020-01-02T10:08:40Z,2020-01-02T13:22:40Z,1.23000000,LONDON,NEUTRAL,TREND_DOWN,LOW
BOSS19_P5_SESSION_ATTRIBUTION_V1,2026-09-03T23:50:00Z,e54f1cfaf58df97acb8fb39c1e6e8bf4614f1ff3a7c9bcbc1b5acff762665dd6,H3-C15-BWD,BWD,2020,USDJPY,H4,3,7,2020-01-08T16:42:40Z,2020-01-26T23:07:40Z,-1.11000000,NEW_YORK_ONLY,NEUTRAL,RANGE,NORMAL
BOSS19_P5_SESSION_ATTRIBUTION_V1,2026-09-03T23:50:00Z,e54f1cfaf58df97acb8fb39c1e6e8bf4614f1ff3a7c9bcbc1b5acff762665dd6,H3-C15-BWD,BWD,2020,USDJPY,H4,4,6,2020-01-08T17:39:40Z,2020-01-26T22:07:20Z,-1.16000000,NEW_YORK_ONLY,NEUTRAL,RANGE,NORMAL
BOSS19_P5_SESSION_ATTRIBUTION_V1,2026-09-03T23:50:00Z,e54f1cfaf58df97acb8fb39c1e6e8bf4614f1ff3a7c9bcbc1b5acff762665dd6,H3-C15-BWD,BWD,2020,USDJPY,H4,8,11,2020-01-27T00:23:40Z,2020-01-28T00:58:40Z,1.14000000,ASIA,NEUTRAL,RANGE,LOW
BOSS19_P5_SESSION_ATTRIBUTION_V1,2026-09-03T23:50:00Z,e54f1cfaf58df97acb8fb39c1e6e8bf4614f1ff3a7c9bcbc1b5acff762665dd6,H3-C15-BWD,BWD,2020,USDJPY,H4,9,10,2020-01-27T04:46:40Z,2020-01-27T09:03:40Z,1.34000000,ASIA,NEUTRAL,RANGE,LOW
BOSS19_P5_SESSION_ATTRIBUTION_V1,2026-09-03T23:50:00Z,e54f1cfaf58df97acb8fb39c1e6e8bf4614f1ff3a7c9bcbc1b5acff762665dd6,H3-C15-BWD,BWD,2020,USDJPY,H4,10,13,2020-01-28T22:51:40Z,2020-01-28T23:05:40Z,1.30000000,OUTSIDE_DEFINED_SESSION,RISK_OFF,TREND_DOWN,NORMAL
BOSS19_P5_SESSION_ATTRIBUTION_V1,2026-09-03T23:50:00Z,e54f1cfaf58df97acb8fb39c1e6e8bf4614f1ff3a7c9bcbc1b5acff762665dd6,H3-C15-BWD,BWD,2020,USDJPY,H4,14,15,2020-01-29T19:00:40Z,2020-01-29T19:53:40Z,1.45000000,NEW_YORK_ONLY,RISK_OFF,TREND_DOWN,NORMAL
BOSS19_P5_SESSION_ATTRIBUTION_V1,2026-09-03T23:50:00Z,e54f1cfaf58df97acb8fb39c1e6e8bf4614f1ff3a7c9bcbc1b5acff762665dd6,H3-C15-BWD,BWD,2020,USDJPY,H4,15,19,2020-02-04T16:26:40Z,2020-02-28T03:07:40Z,-1.73000000,NEW_YORK_ONLY,RISK_OFF,RANGE,NORMAL
BOSS19_P5_SESSION_ATTRIBUTION_V1,2026-09-03T23:50:00Z,e54f1cfaf58df97acb8fb39c1e6e8bf4614f1ff3a7c9bcbc1b5acff762665dd6,H3-C15-BWD,BWD,2020,USDJPY,H4,16,18,2020-02-04T18:38:40Z,2020-02-05T07:13:40Z,1.37000000,NEW_YORK_ONLY,RISK_OFF,RANGE,NORMAL
BOSS19_P5_SESSION_ATTRIBUTION_V1,2026-09-03T23:50:00Z,e54f1cfaf58df97acb8fb39c1e6e8bf4614f1ff3a7c9bcbc1b5acff762665dd6,H3-C15-BWD,BWD,2020,USDJPY,H4,23,21,2020-03-17T01:15:40Z,2020-03-19T02:08:40Z,20.43000000,ASIA,STRESS,RANGE,EXTREME
BOSS19_P5_SESSION_ATTRIBUTION_V1,2026-09-03T23:50:00Z,e54f1cfaf58df97acb8fb39c1e6e8bf4614f1ff3a7c9bcbc1b5acff762665dd6,H3-C15-BWD,BWD,2020,USDJPY,H4,27,27,2020-03-19T11:13:40Z,2021-06-23T10:03:40Z,57.53000000,LONDON,STRESS,RANGE,EXTREME
BOSS19_P5_SESSION_ATTRIBUTION_V1,2026-09-03T23:50:00Z,e54f1cfaf58df97acb8fb39c1e6e8bf4614f1ff3a7c9bcbc1b5acff762665dd6,H3-C15-BWD,BWD,2020,USDJPY,H4,28,26,2020-03-19T14:00:40Z,2021-06-23T10:03:40Z,53.66000000,LONDON_NY_OVERLAP,STRESS,RANGE,EXTREME
BOSS19_P5_SESSION_ATTRIBUTION_V1,2026-09-03T23:50:00Z,e54f1cfaf58df97acb8fb39c1e6e8bf4614f1ff3a7c9bcbc1b5acff762665dd6,H3-C15-BWD,BWD,2020,USDJPY,H4,29,25,2020-03-19T18:11:40Z,2021-06-23T10:03:40Z,99.11000000,NEW_YORK_ONLY,STRESS,TREND_UP,EXTREME
BOSS19_P5_SESSION_ATTRIBUTION_V1,2026-09-03T23:50:00Z,e54f1cfaf58df97acb8fb39c1e6e8bf4614f1ff3a7c9bcbc1b5acff762665dd6,H3-C15-BWD,BWD,2021,USDJPY,H4,33,33,2021-07-01T06:46:40Z,2021-10-08T17:13:40Z,18.27000000,ASIA,NEUTRAL,RANGE,LOW
BOSS19_P5_SESSION_ATTRIBUTION_V1,2026-09-03T23:50:00Z,e54f1cfaf58df97acb8fb39c1e6e8bf4614f1ff3a7c9bcbc1b5acff762665dd6,H3-C15-BWD,BWD,2021,USDJPY,H4,34,32,2021-07-01T08:08:40Z,2021-10-08T17:13:40Z,16.77000000,LONDON,NEUTRAL,RANGE,LOW
BOSS19_P5_SESSION_ATTRIBUTION_V1,2026-09-03T23:50:00Z,e54f1cfaf58df97acb8fb39c1e6e8bf4614f1ff3a7c9bcbc1b5acff762665dd6,H3-C15-BWD,BWD,2021,USDJPY,H4,35,31,2021-07-01T10:02:40Z,2021-10-08T17:13:40Z,30.99000000,LONDON,NEUTRAL,RANGE,NORMAL
BOSS19_P5_SESSION_ATTRIBUTION_V1,2026-09-03T23:50:00Z,e54f1cfaf58df97acb8fb39c1e6e8bf4614f1ff3a7c9bcbc1b5acff762665dd6,H3-C15-BWD,BWD,2021,USDJPY,H4,39,39,2021-10-11T01:31:20Z,2021-10-12T12:27:40Z,9.77000000,ASIA,NEUTRAL,TREND_UP,NORMAL
BOSS19_P5_SESSION_ATTRIBUTION_V1,2026-09-03T23:50:00Z,e54f1cfaf58df97acb8fb39c1e6e8bf4614f1ff3a7c9bcbc1b5acff762665dd6,H3-C15-BWD,BWD,2021,USDJPY,H4,40,38,2021-10-11T03:07:40Z,2021-10-12T12:27:40Z,8.34000000,ASIA,NEUTRAL,TREND_UP,NORMAL
BOSS19_P5_SESSION_ATTRIBUTION_V1,2026-09-03T23:50:00Z,e54f1cfaf58df97acb8fb39c1e6e8bf4614f1ff3a7c9bcbc1b5acff762665dd6,H3-C15-BWD,BWD,2021,USDJPY,H4,41,37,2021-10-11T05:46:40Z,2021-10-12T12:27:40Z,13.78000000,ASIA,NEUTRAL,TREND_UP,HIGH
BOSS19_P5_SESSION_ATTRIBUTION_V1,2026-09-03T23:50:00Z,e54f1cfaf58df97acb8fb39c1e6e8bf4614f1ff3a7c9bcbc1b5acff762665dd6,H3-C15-BWD,BWD,2021,USDJPY,H4,45,45,2021-10-12T12:37:40Z,2021-11-16T23:17:40Z,13.89000000,LONDON_NY_OVERLAP,NEUTRAL,TREND_UP,EXTREME
BOSS19_P5_SESSION_ATTRIBUTION_V1,2026-09-03T23:50:00Z,e54f1cfaf58df97acb8fb39c1e6e8bf4614f1ff3a7c9bcbc1b5acff762665dd6,H3-C15-BWD,BWD,2021,USDJPY,H4,46,44,2021-10-14T23:36:40Z,2021-11-16T23:17:40Z,11.90000000,OUTSIDE_DEFINED_SESSION,NEUTRAL,TREND_UP,HIGH
BOSS19_P5_SESSION_ATTRIBUTION_V1,2026-09-03T23:50:00Z,e54f1cfaf58df97acb8fb39c1e6e8bf4614f1ff3a7c9bcbc1b5acff762665dd6,H3-C15-BWD,BWD,2021,USDJPY,H4,47,43,2021-10-15T05:19:40Z,2021-11-16T23:17:40Z,20.74000000,ASIA,NEUTRAL,TREND_UP,NORMAL
BOSS19_P5_SESSION_ATTRIBUTION_V1,2026-09-03T23:50:00Z,e54f1cfaf58df97acb8fb39c1e6e8bf4614f1ff3a7c9bcbc1b5acff762665dd6,H3-C15-BWD,BWD,2021,USDJPY,H4,51,49,2021-11-23T03:13:40Z,2022-01-04T11:27:20Z,12.74000000,ASIA,RISK_OFF,RANGE,HIGH
BOSS19_P5_SESSION_ATTRIBUTION_V1,2026-09-03T23:50:00Z,e54f1cfaf58df97acb8fb39c1e6e8bf4614f1ff3a7c9bcbc1b5acff762665dd6,H3-C15-BWD,BWD,2021,USDJPY,H4,52,48,2021-11-24T14:10:40Z,2022-01-04T11:27:20Z,10.95000000,LONDON_NY_OVERLAP,NEUTRAL,TREND_UP,EXTREME
BOSS19_P5_SESSION_ATTRIBUTION_V1,2026-09-03T23:50:00Z,e54f1cfaf58df97acb8fb39c1e6e8bf4614f1ff3a7c9bcbc1b5acff762665dd6,H3-C15-BWD,BWD,2022,USDJPY,H4,56,51,2022-01-04T12:23:40Z,2022-03-11T18:41:40Z,14.70000000,LONDON_NY_OVERLAP,NEUTRAL,TREND_UP,LOW
BOSS19_P5_SESSION_ATTRIBUTION_V1,2026-09-03T23:50:00Z,e54f1cfaf58df97acb8fb39c1e6e8bf4614f1ff3a7c9bcbc1b5acff762665dd6,H3-C15-BWD,BWD,2022,USDJPY,H4,60,57,2022-03-13T22:31:40Z,2022-03-16T18:00:40Z,11.42000000,OUTSIDE_DEFINED_SESSION,STRESS,TREND_UP,NORMAL
BOSS19_P5_SESSION_ATTRIBUTION_V1,2026-09-03T23:50:00Z,e54f1cfaf58df97acb8fb39c1e6e8bf4614f1ff3a7c9bcbc1b5acff762665dd6,H3-C15-BWD,BWD,2022,USDJPY,H4,61,56,2022-03-14T01:40:40Z,2022-03-16T18:00:40Z,9.81000000,ASIA,STRESS,TREND_UP,NORMAL
BOSS19_P5_SESSION_ATTRIBUTION_V1,2026-09-03T23:50:00Z,e54f1cfaf58df97acb8fb39c1e6e8bf4614f1ff3a7c9bcbc1b5acff762665dd6,H3-C15-BWD,BWD,2022,USDJPY,H4,62,55,2022-03-14T02:44:40Z,2022-03-16T18:00:40Z,16.36000000,ASIA,STRESS,TREND_UP,NORMAL
BOSS19_P5_SESSION_ATTRIBUTION_V1,2026-09-03T23:50:00Z,e54f1cfaf58df97acb8fb39c1e6e8bf4614f1ff3a7c9bcbc1b5acff762665dd6,H3-C15-BWD,BWD,2022,USDJPY,H4,66,63,2022-03-16T18:14:40Z,2022-03-22T04:21:40Z,11.57000000,NEW_YORK_ONLY,NEUTRAL,TREND_UP,NORMAL
BOSS19_P5_SESSION_ATTRIBUTION_V1,2026-09-03T23:50:00Z,e54f1cfaf58df97acb8fb39c1e6e8bf4614f1ff3a7c9bcbc1b5acff762665dd6,H3-C15-BWD,BWD,2022,USDJPY,H4,67,62,2022-03-18T12:50:40Z,2022-03-22T04:21:40Z,9.53000000,LONDON_NY_OVERLAP,NEUTRAL,TREND_UP,HIGH
BOSS19_P5_SESSION_ATTRIBUTION_V1,2026-09-03T23:50:00Z,e54f1cfaf58df97acb8fb39c1e6e8bf4614f1ff3a7c9bcbc1b5acff762665dd6,H3-C15-BWD,BWD,2022,USDJPY,H4,68,61,2022-03-18T13:12:40Z,2022-03-22T04:21:40Z,15.69000000,LONDON_NY_OVERLAP,NEUTRAL,TREND_UP,HIGH
BOSS19_P5_SESSION_ATTRIBUTION_V1,2026-09-03T23:50:00Z,e54f1cfaf58df97acb8fb39c1e6e8bf4614f1ff3a7c9bcbc1b5acff762665dd6,H3-C15-BWD,BWD,2022,USDJPY,H4,72,69,2022-03-22T06:47:40Z,2022-03-24T13:20:40Z,11.83000000,ASIA,NEUTRAL,TREND_UP,HIGH
BOSS19_P5_SESSION_ATTRIBUTION_V1,2026-09-03T23:50:00Z,e54f1cfaf58df97acb8fb39c1e6e8bf4614f1ff3a7c9bcbc1b5acff762665dd6,H3-C15-BWD,BWD,2022,USDJPY,H4,73,68,2022-03-22T09:41:40Z,2022-03-24T13:20:40Z,10.12000000,LONDON,NEUTRAL,TREND_UP,HIGH
BOSS19_P5_SESSION_ATTRIBUTION_V1,2026-09-03T23:50:00Z,e54f1cfaf58df97acb8fb39c1e6e8bf4614f1ff3a7c9bcbc1b5acff762665dd6,H3-C15-BWD,BWD,2022,USDJPY,H4,74,67,2022-03-22T10:05:40Z,2022-03-24T13:20:40Z,16.81000000,LONDON,NEUTRAL,TREND_UP,HIGH
BOSS19_P5_SESSION_ATTRIBUTION_V1,2026-09-03T23:50:00Z,e54f1cfaf58df97acb8fb39c1e6e8bf4614f1ff3a7c9bcbc1b5acff762665dd6,H3-C15-BWD,BWD,2022,USDJPY,H4,78,75,2022-03-24T15:52:40Z,2022-03-28T07:04:20Z,11.78000000,LONDON_NY_OVERLAP,NEUTRAL,TREND_UP,HIGH
BOSS19_P5_SESSION_ATTRIBUTION_V1,2026-09-03T23:50:00Z,e54f1cfaf58df97acb8fb39c1e6e8bf4614f1ff3a7c9bcbc1b5acff762665dd6,H3-C15-BWD,BWD,2022,USDJPY,H4,79,74,2022-03-24T16:35:40Z,2022-03-28T07:04:20Z,9.97000000,NEW_YORK_ONLY,NEUTRAL,TREND_UP,HIGH
BOSS19_P5_SESSION_ATTRIBUTION_V1,2026-09-03T23:50:00Z,e54f1cfaf58df97acb8fb39c1e6e8bf4614f1ff3a7c9bcbc1b5acff762665dd6,H3-C15-BWD,BWD,2022,USDJPY,H4,80,73,2022-03-28T01:13:40Z,2022-03-28T07:04:20Z,16.01000000,ASIA,NEUTRAL,TREND_UP,EXTREME
BOSS19_P5_SESSION_ATTRIBUTION_V1,2026-09-03T23:50:00Z,e54f1cfaf58df97acb8fb39c1e6e8bf4614f1ff3a7c9bcbc1b5acff762665dd6,H3-C15-BWD,BWD,2022,USDJPY,H4,84,81,2022-03-28T07:15:20Z,2022-04-11T10:48:40Z,15.75000000,LONDON,NEUTRAL,TREND_UP,EXTREME
BOSS19_P5_SESSION_ATTRIBUTION_V1,2026-09-03T23:50:00Z,e54f1cfaf58df97acb8fb39c1e6e8bf4614f1ff3a7c9bcbc1b5acff762665dd6,H3-C15-BWD,BWD,2022,USDJPY,H4,85,80,2022-03-28T07:56:40Z,2022-04-11T10:48:40Z,13.92000000,LONDON,NEUTRAL,TREND_UP,EXTREME
BOSS19_P5_SESSION_ATTRIBUTION_V1,2026-09-03T23:50:00Z,e54f1cfaf58df97acb8fb39c1e6e8bf4614f1ff3a7c9bcbc1b5acff762665dd6,H3-C15-BWD,BWD,2022,USDJPY,H4,86,79,2022-03-28T08:34:40Z,2022-04-11T10:48:40Z,24.26000000,LONDON,NEUTRAL,TREND_UP,EXTREME
BOSS19_P5_SESSION_ATTRIBUTION_V1,2026-09-03T23:50:00Z,e54f1cfaf58df97acb8fb39c1e6e8bf4614f1ff3a7c9bcbc1b5acff762665dd6,H3-C15-BWD,BWD,2022,USDJPY,H4,90,87,2022-04-13T06:20:40Z,2022-04-19T03:27:20Z,16.29000000,ASIA,NEUTRAL,TREND_UP,HIGH
BOSS19_P5_SESSION_ATTRIBUTION_V1,2026-09-03T23:50:00Z,e54f1cfaf58df97acb8fb39c1e6e8bf4614f1ff3a7c9bcbc1b5acff762665dd6,H3-C15-BWD,BWD,2022,USDJPY,H4,91,86,2022-04-13T06:29:40Z,2022-04-19T03:27:20Z,13.89000000,ASIA,NEUTRAL,TREND_UP,HIGH
BOSS19_P5_SESSION_ATTRIBUTION_V1,2026-09-03T23:50:00Z,e54f1cfaf58df97acb8fb39c1e6e8bf4614f1ff3a7c9bcbc1b5acff762665dd6,H3-C15-BWD,BWD,2022,USDJPY,H4,92,85,2022-04-15T01:05:40Z,2022-04-19T03:27:20Z,22.33000000,ASIA,NEUTRAL,TREND_UP,HIGH
BOSS19_P5_SESSION_ATTRIBUTION_V1,2026-09-03T23:50:00Z,e54f1cfaf58df97acb8fb39c1e6e8bf4614f1ff3a7c9bcbc1b5acff762665dd6,H3-C15-BWD,BWD,2022,USDJPY,H4,96,93,2022-04-19T04:50:20Z,2022-04-28T06:55:40Z,18.51000000,ASIA,NEUTRAL,TREND_UP,HIGH
BOSS19_P5_SESSION_ATTRIBUTION_V1,2026-09-03T23:50:00Z,e54f1cfaf58df97acb8fb39c1e6e8bf4614f1ff3a7c9bcbc1b5acff762665dd6,H3-C15-BWD,BWD,2022,USDJPY,H4,97,92,2022-04-19T12:57:40Z,2022-04-28T06:55:40Z,16.01000000,LONDON_NY_OVERLAP,NEUTRAL,TREND_UP,HIGH
BOSS19_P5_SESSION_ATTRIBUTION_V1,2026-09-03T23:50:00Z,e54f1cfaf58df97acb8fb39c1e6e8bf4614f1ff3a7c9bcbc1b5acff762665dd6,H3-C15-BWD,BWD,2022,USDJPY,H4,98,91,2022-04-19T14:58:40Z,2022-04-28T06:55:40Z,27.04000000,LONDON_NY_OVERLAP,NEUTRAL,TREND_UP,HIGH
BOSS19_P5_SESSION_ATTRIBUTION_V1,2026-09-03T23:50:00Z,e54f1cfaf58df97acb8fb39c1e6e8bf4614f1ff3a7c9bcbc1b5acff762665dd6,H3-C15-BWD,BWD,2022,USDJPY,H4,102,97,2022-04-28T08:51:40Z,2022-06-07T06:03:40Z,19.19000000,LONDON,STRESS,RANGE,EXTREME
BOSS19_P5_SESSION_ATTRIBUTION_V1,2026-09-03T23:50:00Z,e54f1cfaf58df97acb8fb39c1e6e8bf4614f1ff3a7c9bcbc1b5acff762665dd6,H3-C15-BWD,BWD,2022,USDJPY,H4,103,96,2022-04-28T14:16:40Z,2022-06-07T06:03:40Z,16.36000000,LONDON_NY_OVERLAP,STRESS,TREND_UP,EXTREME
BOSS19_P5_SESSION_ATTRIBUTION_V1,2026-09-03T23:50:00Z,e54f1cfaf58df97acb8fb39c1e6e8bf4614f1ff3a7c9bcbc1b5acff762665dd6,H3-C15-BWD,BWD,2022,USDJPY,H4,107,103,2022-06-08T06:52:20Z,2022-06-21T11:35:40Z,20.61000000,ASIA,NEUTRAL,TREND_UP,NORMAL
BOSS19_P5_SESSION_ATTRIBUTION_V1,2026-09-03T23:50:00Z,e54f1cfaf58df97acb8fb39c1e6e8bf4614f1ff3a7c9bcbc1b5acff762665dd6,H3-C15-BWD,BWD,2022,USDJPY,H4,108,102,2022-06-08T08:30:40Z,2022-06-21T11:35:40Z,17.74000000,LONDON,NEUTRAL,TREND_UP,NORMAL
BOSS19_P5_SESSION_ATTRIBUTION_V1,2026-09-03T23:50:00Z,e54f1cfaf58df97acb8fb39c1e6e8bf4614f1ff3a7c9bcbc1b5acff762665dd6,H3-C15-BWD,BWD,2022,USDJPY,H4,109,101,2022-06-08T12:24:40Z,2022-06-21T11:35:40Z,29.71000000,LONDON_NY_OVERLAP,NEUTRAL,TREND_UP,NORMAL
BOSS19_P5_SESSION_ATTRIBUTION_V1,2026-09-03T23:50:00Z,e54f1cfaf58df97acb8fb39c1e6e8bf4614f1ff3a7c9bcbc1b5acff762665dd6,H3-C15-BWD,BWD,2022,USDJPY,H4,113,109,2022-06-21T18:26:40Z,2022-07-14T07:57:40Z,21.36000000,NEW_YORK_ONLY,STRESS,TREND_UP,EXTREME
BOSS19_P5_SESSION_ATTRIBUTION_V1,2026-09-03T23:50:00Z,e54f1cfaf58df97acb8fb39c1e6e8bf4614f1ff3a7c9bcbc1b5acff762665dd6,H3-C15-BWD,BWD,2022,USDJPY,H4,114,108,2022-06-29T13:31:40Z,2022-07-14T07:57:40Z,17.66000000,LONDON_NY_OVERLAP,RISK_OFF,RANGE,NORMAL
BOSS19_P5_SESSION_ATTRIBUTION_V1,2026-09-03T23:50:00Z,e54f1cfaf58df97acb8fb39c1e6e8bf4614f1ff3a7c9bcbc1b5acff762665dd6,H3-C15-BWD,BWD,2022,USDJPY,H4,115,107,2022-07-11T11:56:40Z,2022-07-14T07:57:40Z,27.29000000,LONDON,NEUTRAL,RANGE,NORMAL
BOSS19_P5_SESSION_ATTRIBUTION_V1,2026-09-03T23:50:00Z,e54f1cfaf58df97acb8fb39c1e6e8bf4614f1ff3a7c9bcbc1b5acff762665dd6,H3-C15-BWD,BWD,2022,USDJPY,H4,131,111,2022-07-22T14:30:40Z,2022-08-29T01:31:20Z,19.39000000,LONDON_NY_OVERLAP,NEUTRAL,RANGE,NORMAL
BOSS19_P5_SESSION_ATTRIBUTION_V1,2026-09-03T23:50:00Z,e54f1cfaf58df97acb8fb39c1e6e8bf4614f1ff3a7c9bcbc1b5acff762665dd6,H3-C15-BWD,BWD,2022,USDJPY,H4,135,117,2022-08-29T05:02:40Z,2022-09-06T08:21:40Z,20.49000000,ASIA,NEUTRAL,TREND_UP,NORMAL
BOSS19_P5_SESSION_ATTRIBUTION_V1,2026-09-03T23:50:00Z,e54f1cfaf58df97acb8fb39c1e6e8bf4614f1ff3a7c9bcbc1b5acff762665dd6,H3-C15-BWD,BWD,2022,USDJPY,H4,136,116,2022-09-01T00:19:40Z,2022-09-06T08:21:40Z,16.89000000,ASIA,NEUTRAL,TREND_UP,NORMAL
BOSS19_P5_SESSION_ATTRIBUTION_V1,2026-09-03T23:50:00Z,e54f1cfaf58df97acb8fb39c1e6e8bf4614f1ff3a7c9bcbc1b5acff762665dd6,H3-C15-BWD,BWD,2022,USDJPY,H4,137,115,2022-09-01T14:01:40Z,2022-09-06T08:21:40Z,27.33000000,LONDON_NY_OVERLAP,NEUTRAL,TREND_UP,NORMAL
BOSS19_P5_SESSION_ATTRIBUTION_V1,2026-09-03T23:50:00Z,e54f1cfaf58df97acb8fb39c1e6e8bf4614f1ff3a7c9bcbc1b5acff762665dd6,H3-C15-BWD,BWD,2022,USDJPY,H4,141,123,2022-09-06T12:33:40Z,2022-09-22T02:51:40Z,20.16000000,LONDON_NY_OVERLAP,NEUTRAL,TREND_UP,NORMAL
BOSS19_P5_SESSION_ATTRIBUTION_V1,2026-09-03T23:50:00Z,e54f1cfaf58df97acb8fb39c1e6e8bf4614f1ff3a7c9bcbc1b5acff762665dd6,H3-C15-BWD,BWD,2022,USDJPY,H4,142,122,2022-09-06T14:00:00Z,2022-09-22T02:51:40Z,17.06000000,LONDON_NY_OVERLAP,NEUTRAL,TREND_UP,NORMAL
BOSS19_P5_SESSION_ATTRIBUTION_V1,2026-09-03T23:50:00Z,e54f1cfaf58df97acb8fb39c1e6e8bf4614f1ff3a7c9bcbc1b5acff762665dd6,H3-C15-BWD,BWD,2022,USDJPY,H4,143,121,2022-09-06T22:51:40Z,2022-09-22T02:51:40Z,27.79000000,OUTSIDE_DEFINED_SESSION,NEUTRAL,TREND_UP,NORMAL
BOSS19_P5_SESSION_ATTRIBUTION_V1,2026-09-03T23:50:00Z,e54f1cfaf58df97acb8fb39c1e6e8bf4614f1ff3a7c9bcbc1b5acff762665dd6,H3-C15-BWD,BWD,2022,USDJPY,H4,147,127,2022-09-22T02:55:40Z,2022-10-14T08:58:40Z,17.68000000,ASIA,RISK_OFF,RANGE,NORMAL
BOSS19_P5_SESSION_ATTRIBUTION_V1,2026-09-03T23:50:00Z,e54f1cfaf58df97acb8fb39c1e6e8bf4614f1ff3a7c9bcbc1b5acff762665dd6,H3-C15-BWD,BWD,2022,USDJPY,H4,148,126,2022-09-22T07:03:40Z,2022-10-14T08:58:40Z,14.77000000,LONDON,RISK_OFF,RANGE,NORMAL
BOSS19_P5_SESSION_ATTRIBUTION_V1,2026-09-03T23:50:00Z,e54f1cfaf58df97acb8fb39c1e6e8bf4614f1ff3a7c9bcbc1b5acff762665dd6,H3-C15-BWD,BWD,2022,USDJPY,H4,152,133,2022-10-14T14:00:00Z,2022-10-21T08:15:40Z,17.63000000,LONDON_NY_OVERLAP,STRESS,TREND_UP,NORMAL
BOSS19_P5_SESSION_ATTRIBUTION_V1,2026-09-03T23:50:00Z,e54f1cfaf58df97acb8fb39c1e6e8bf4614f1ff3a7c9bcbc1b5acff762665dd6,H3-C15-BWD,BWD,2022,USDJPY,H4,153,132,2022-10-14T16:14:40Z,2022-10-21T08:15:40Z,14.77000000,NEW_YORK_ONLY,STRESS,TREND_UP,NORMAL
BOSS19_P5_SESSION_ATTRIBUTION_V1,2026-09-03T23:50:00Z,e54f1cfaf58df97acb8fb39c1e6e8bf4614f1ff3a7c9bcbc1b5acff762665dd6,H3-C15-BWD,BWD,2022,USDJPY,H4,154,131,2022-10-17T19:12:20Z,2022-10-21T08:15:40Z,23.66000000,NEW_YORK_ONLY,STRESS,TREND_UP,LOW
BOSS19_P5_SESSION_ATTRIBUTION_V1,2026-09-03T23:50:00Z,e54f1cfaf58df97acb8fb39c1e6e8bf4614f1ff3a7c9bcbc1b5acff762665dd6,H3-C15-BWD,BWD,2022,USDJPY,H4,158,139,2022-10-21T10:29:40Z,2022-12-30T21:54:59Z,-147.00000000,LONDON,NEUTRAL,TREND_UP,LOW
BOSS19_P5_SESSION_ATTRIBUTION_V1,2026-09-03T23:50:00Z,e54f1cfaf58df97acb8fb39c1e6e8bf4614f1ff3a7c9bcbc1b5acff762665dd6,H3-C15-BWD,BWD,2022,USDJPY,H4,159,138,2022-10-21T11:10:40Z,2022-12-30T21:54:59Z,-150.10000000,LONDON,NEUTRAL,TREND_UP,LOW
BOSS19_P5_SESSION_ATTRIBUTION_V1,2026-09-03T23:50:00Z,e54f1cfaf58df97acb8fb39c1e6e8bf4614f1ff3a7c9bcbc1b5acff762665dd6,H3-C15-BWD,BWD,2022,USDJPY,H4,160,137,2022-10-21T12:32:40Z,2022-12-30T21:54:59Z,-306.37000000,LONDON_NY_OVERLAP,NEUTRAL,TREND_UP,LOW
BOSS19_P5_SESSION_ATTRIBUTION_V1,2026-09-03T23:50:00Z,e54f1cfaf58df97acb8fb39c1e6e8bf4614f1ff3a7c9bcbc1b5acff762665dd6,H3-C15-MAIN,MAIN,2023,USDJPY,H4,2,3,2023-01-02T23:17:40Z,2023-01-03T00:35:40Z,4.43000000,OUTSIDE_DEFINED_SESSION,RISK_OFF,RANGE,NORMAL
BOSS19_P5_SESSION_ATTRIBUTION_V1,2026-09-03T23:50:00Z,e54f1cfaf58df97acb8fb39c1e6e8bf4614f1ff3a7c9bcbc1b5acff762665dd6,H3-C15-MAIN,MAIN,2023,USDJPY,H4,3,7,2023-01-04T15:22:40Z,2023-01-12T09:20:40Z,3.37000000,LONDON_NY_OVERLAP,RISK_OFF,TREND_DOWN,HIGH
BOSS19_P5_SESSION_ATTRIBUTION_V1,2026-09-03T23:50:00Z,e54f1cfaf58df97acb8fb39c1e6e8bf4614f1ff3a7c9bcbc1b5acff762665dd6,H3-C15-MAIN,MAIN,2023,USDJPY,H4,4,6,2023-01-04T17:30:40Z,2023-01-05T00:29:20Z,4.12000000,NEW_YORK_ONLY,RISK_OFF,TREND_DOWN,HIGH
BOSS19_P5_SESSION_ATTRIBUTION_V1,2026-09-03T23:50:00Z,e54f1cfaf58df97acb8fb39c1e6e8bf4614f1ff3a7c9bcbc1b5acff762665dd6,H3-C15-MAIN,MAIN,2023,USDJPY,H4,26,9,2023-01-24T14:45:40Z,2023-02-15T07:07:40Z,21.94000000,LONDON_NY_OVERLAP,NEUTRAL,TRANSITION,NORMAL
BOSS19_P5_SESSION_ATTRIBUTION_V1,2026-09-03T23:50:00Z,e54f1cfaf58df97acb8fb39c1e6e8bf4614f1ff3a7c9bcbc1b5acff762665dd6,H3-C15-MAIN,MAIN,2023,USDJPY,H4,30,15,2023-02-15T13:30:40Z,2023-02-28T14:40:40Z,22.63000000,LONDON_NY_OVERLAP,NEUTRAL,RANGE,NORMAL
BOSS19_P5_SESSION_ATTRIBUTION_V1,2026-09-03T23:50:00Z,e54f1cfaf58df97acb8fb39c1e6e8bf4614f1ff3a7c9bcbc1b5acff762665dd6,H3-C15-MAIN,MAIN,2023,USDJPY,H4,31,14,2023-02-17T01:33:40Z,2023-02-28T14:40:40Z,18.39000000,ASIA,NEUTRAL,TREND_UP,NORMAL
BOSS19_P5_SESSION_ATTRIBUTION_V1,2026-09-03T23:50:00Z,e54f1cfaf58df97acb8fb39c1e6e8bf4614f1ff3a7c9bcbc1b5acff762665dd6,H3-C15-MAIN,MAIN,2023,USDJPY,H4,32,13,2023-02-17T08:42:20Z,2023-02-28T14:40:40Z,28.85000000,LONDON,NEUTRAL,TREND_UP,NORMAL
BOSS19_P5_SESSION_ATTRIBUTION_V1,2026-09-03T23:50:00Z,e54f1cfaf58df97acb8fb39c1e6e8bf4614f1ff3a7c9bcbc1b5acff762665dd6,H3-C15-MAIN,MAIN,2023,USDJPY,H4,36,19,2023-03-07T23:52:40Z,2023-05-24T20:31:40Z,20.70000000,OUTSIDE_DEFINED_SESSION,RISK_OFF,RANGE,LOW
BOSS19_P5_SESSION_ATTRIBUTION_V1,2026-09-03T23:50:00Z,e54f1cfaf58df97acb8fb39c1e6e8bf4614f1ff3a7c9bcbc1b5acff762665dd6,H3-C15-MAIN,MAIN,2023,USDJPY,H4,37,18,2023-03-08T04:36:40Z,2023-05-24T20:31:40Z,17.43000000,ASIA,RISK_OFF,RANGE,LOW
BOSS19_P5_SESSION_ATTRIBUTION_V1,2026-09-03T23:50:00Z,e54f1cfaf58df97acb8fb39c1e6e8bf4614f1ff3a7c9bcbc1b5acff762665dd6,H3-C15-MAIN,MAIN,2023,USDJPY,H4,41,25,2023-05-25T13:00:40Z,2023-06-20T00:03:20Z,17.35000000,LONDON_NY_OVERLAP,RISK_OFF,TREND_UP,LOW
BOSS19_P5_SESSION_ATTRIBUTION_V1,2026-09-03T23:50:00Z,e54f1cfaf58df97acb8fb39c1e6e8bf4614f1ff3a7c9bcbc1b5acff762665dd6,H3-C15-MAIN,MAIN,2023,USDJPY,H4,42,24,2023-05-25T19:32:40Z,2023-06-20T00:03:20Z,14.78000000,NEW_YORK_ONLY,RISK_OFF,TREND_UP,LOW
BOSS19_P5_SESSION_ATTRIBUTION_V1,2026-09-03T23:50:00Z,e54f1cfaf58df97acb8fb39c1e6e8bf4614f1ff3a7c9bcbc1b5acff762665dd6,H3-C15-MAIN,MAIN,2023,USDJPY,H4,43,23,2023-05-26T15:00:40Z,2023-06-20T00:03:20Z,24.42000000,LONDON_NY_OVERLAP,NEUTRAL,TREND_UP,LOW
BOSS19_P5_SESSION_ATTRIBUTION_V1,2026-09-03T23:50:00Z,e54f1cfaf58df97acb8fb39c1e6e8bf4614f1ff3a7c9bcbc1b5acff762665dd6,H3-C15-MAIN,MAIN,2023,USDJPY,H4,47,31,2023-06-20T01:17:40Z,2023-06-28T14:07:40Z,15.98000000,ASIA,RISK_ON,TREND_UP,LOW
BOSS19_P5_SESSION_ATTRIBUTION_V1,2026-09-03T23:50:00Z,e54f1cfaf58df97acb8fb39c1e6e8bf4614f1ff3a7c9bcbc1b5acff762665dd6,H3-C15-MAIN,MAIN,2023,USDJPY,H4,48,30,2023-06-22T14:26:40Z,2023-06-28T14:07:40Z,13.25000000,LONDON_NY_OVERLAP,RISK_ON,TREND_UP,LOW
BOSS19_P5_SESSION_ATTRIBUTION_V1,2026-09-03T23:50:00Z,e54f1cfaf58df97acb8fb39c1e6e8bf4614f1ff3a7c9bcbc1b5acff762665dd6,H3-C15-MAIN,MAIN,2023,USDJPY,H4,49,29,2023-06-22T16:20:20Z,2023-06-28T14:07:40Z,21.63000000,NEW_YORK_ONLY,RISK_ON,TREND_UP,LOW
BOSS19_P5_SESSION_ATTRIBUTION_V1,2026-09-03T23:50:00Z,e54f1cfaf58df97acb8fb39c1e6e8bf4614f1ff3a7c9bcbc1b5acff762665dd6,H3-C15-MAIN,MAIN,2023,USDJPY,H4,53,33,2023-06-29T13:01:40Z,2023-08-29T10:57:40Z,17.42000000,LONDON_NY_OVERLAP,NEUTRAL,TREND_UP,LOW
BOSS19_P5_SESSION_ATTRIBUTION_V1,2026-09-03T23:50:00Z,e54f1cfaf58df97acb8fb39c1e6e8bf4614f1ff3a7c9bcbc1b5acff762665dd6,H3-C15-MAIN,MAIN,2023,USDJPY,H4,57,35,2023-08-29T11:59:20Z,2023-09-25T10:12:40Z,11.85000000,LONDON,NEUTRAL,RANGE,LOW
BOSS19_P5_SESSION_ATTRIBUTION_V1,2026-09-03T23:50:00Z,e54f1cfaf58df97acb8fb39c1e6e8bf4614f1ff3a7c9bcbc1b5acff762665dd6,H3-C15-MAIN,MAIN,2023,USDJPY,H4,61,41,2023-09-25T14:25:40Z,2023-10-26T02:18:40Z,12.08000000,LONDON_NY_OVERLAP,NEUTRAL,RANGE,LOW
BOSS19_P5_SESSION_ATTRIBUTION_V1,2026-09-03T23:50:00Z,e54f1cfaf58df97acb8fb39c1e6e8bf4614f1ff3a7c9bcbc1b5acff762665dd6,H3-C15-MAIN,MAIN,2023,USDJPY,H4,62,40,2023-09-27T10:03:40Z,2023-10-26T02:18:40Z,9.98000000,LONDON,NEUTRAL,TREND_UP,LOW
BOSS19_P5_SESSION_ATTRIBUTION_V1,2026-09-03T23:50:00Z,e54f1cfaf58df97acb8fb39c1e6e8bf4614f1ff3a7c9bcbc1b5acff762665dd6,H3-C15-MAIN,MAIN,2023,USDJPY,H4,63,39,2023-09-27T16:09:40Z,2023-10-26T02:18:40Z,16.02000000,NEW_YORK_ONLY,NEUTRAL,TREND_UP,LOW
BOSS19_P5_SESSION_ATTRIBUTION_V1,2026-09-03T23:50:00Z,e54f1cfaf58df97acb8fb39c1e6e8bf4614f1ff3a7c9bcbc1b5acff762665dd6,H3-C15-MAIN,MAIN,2023,USDJPY,H4,67,43,2023-10-26T06:05:40Z,2024-03-27T02:43:20Z,19.41000000,ASIA,NEUTRAL,RANGE,LOW
BOSS19_P5_SESSION_ATTRIBUTION_V1,2026-09-03T23:50:00Z,e54f1cfaf58df97acb8fb39c1e6e8bf4614f1ff3a7c9bcbc1b5acff762665dd6,H3-C15-MAIN,MAIN,2024,USDJPY,H4,71,49,2024-04-10T12:30:40Z,2024-04-15T04:38:40Z,11.01000000,LONDON_NY_OVERLAP,RISK_ON,RANGE,LOW
BOSS19_P5_SESSION_ATTRIBUTION_V1,2026-09-03T23:50:00Z,e54f1cfaf58df97acb8fb39c1e6e8bf4614f1ff3a7c9bcbc1b5acff762665dd6,H3-C15-MAIN,MAIN,2024,USDJPY,H4,72,48,2024-04-10T12:33:20Z,2024-04-15T04:38:40Z,9.28000000,LONDON_NY_OVERLAP,RISK_ON,RANGE,LOW
BOSS19_P5_SESSION_ATTRIBUTION_V1,2026-09-03T23:50:00Z,e54f1cfaf58df97acb8fb39c1e6e8bf4614f1ff3a7c9bcbc1b5acff762665dd6,H3-C15-MAIN,MAIN,2024,USDJPY,H4,73,47,2024-04-10T14:04:40Z,2024-04-15T04:38:40Z,15.05000000,LONDON_NY_OVERLAP,RISK_ON,RANGE,LOW
BOSS19_P5_SESSION_ATTRIBUTION_V1,2026-09-03T23:50:00Z,e54f1cfaf58df97acb8fb39c1e6e8bf4614f1ff3a7c9bcbc1b5acff762665dd6,H3-C15-MAIN,MAIN,2024,USDJPY,H4,77,55,2024-04-15T12:30:40Z,2024-04-25T04:57:40Z,10.55000000,LONDON_NY_OVERLAP,NEUTRAL,TREND_UP,NORMAL
BOSS19_P5_SESSION_ATTRIBUTION_V1,2026-09-03T23:50:00Z,e54f1cfaf58df97acb8fb39c1e6e8bf4614f1ff3a7c9bcbc1b5acff762665dd6,H3-C15-MAIN,MAIN,2024,USDJPY,H4,78,54,2024-04-15T12:31:40Z,2024-04-25T04:57:40Z,8.87000000,LONDON_NY_OVERLAP,NEUTRAL,TREND_UP,NORMAL
BOSS19_P5_SESSION_ATTRIBUTION_V1,2026-09-03T23:50:00Z,e54f1cfaf58df97acb8fb39c1e6e8bf4614f1ff3a7c9bcbc1b5acff762665dd6,H3-C15-MAIN,MAIN,2024,USDJPY,H4,79,53,2024-04-16T11:00:40Z,2024-04-25T04:57:40Z,14.20000000,LONDON,NEUTRAL,TREND_UP,NORMAL
BOSS19_P5_SESSION_ATTRIBUTION_V1,2026-09-03T23:50:00Z,e54f1cfaf58df97acb8fb39c1e6e8bf4614f1ff3a7c9bcbc1b5acff762665dd6,H3-C15-MAIN,MAIN,2024,USDJPY,H4,83,61,2024-04-26T03:24:40Z,2024-04-26T14:55:40Z,9.24000000,ASIA,NEUTRAL,TREND_UP,LOW
BOSS19_P5_SESSION_ATTRIBUTION_V1,2026-09-03T23:50:00Z,e54f1cfaf58df97acb8fb39c1e6e8bf4614f1ff3a7c9bcbc1b5acff762665dd6,H3-C15-MAIN,MAIN,2024,USDJPY,H4,84,60,2024-04-26T03:31:40Z,2024-04-26T14:55:40Z,7.77000000,ASIA,NEUTRAL,TREND_UP,LOW
BOSS19_P5_SESSION_ATTRIBUTION_V1,2026-09-03T23:50:00Z,e54f1cfaf58df97acb8fb39c1e6e8bf4614f1ff3a7c9bcbc1b5acff762665dd6,H3-C15-MAIN,MAIN,2024,USDJPY,H4,85,59,2024-04-26T06:57:40Z,2024-04-26T14:55:40Z,12.57000000,ASIA,NEUTRAL,TREND_UP,LOW
BOSS19_P5_SESSION_ATTRIBUTION_V1,2026-09-03T23:50:00Z,e54f1cfaf58df97acb8fb39c1e6e8bf4614f1ff3a7c9bcbc1b5acff762665dd6,H3-C15-MAIN,MAIN,2024,USDJPY,H4,89,67,2024-04-26T15:53:40Z,2024-04-29T01:35:40Z,16.73000000,LONDON_NY_OVERLAP,NEUTRAL,TREND_UP,NORMAL
BOSS19_P5_SESSION_ATTRIBUTION_V1,2026-09-03T23:50:00Z,e54f1cfaf58df97acb8fb39c1e6e8bf4614f1ff3a7c9bcbc1b5acff762665dd6,H3-C15-MAIN,MAIN,2024,USDJPY,H4,90,66,2024-04-26T16:02:40Z,2024-04-29T01:35:40Z,15.30000000,NEW_YORK_ONLY,NEUTRAL,TREND_UP,NORMAL
BOSS19_P5_SESSION_ATTRIBUTION_V1,2026-09-03T23:50:00Z,e54f1cfaf58df97acb8fb39c1e6e8bf4614f1ff3a7c9bcbc1b5acff762665dd6,H3-C15-MAIN,MAIN,2024,USDJPY,H4,91,65,2024-04-26T20:32:40Z,2024-04-29T01:35:40Z,27.76000000,NEW_YORK_ONLY,NEUTRAL,TREND_UP,NORMAL
BOSS19_P5_SESSION_ATTRIBUTION_V1,2026-09-03T23:50:00Z,e54f1cfaf58df97acb8fb39c1e6e8bf4614f1ff3a7c9bcbc1b5acff762665dd6,H3-C15-MAIN,MAIN,2024,USDJPY,H4,98,69,2024-05-06T03:35:20Z,2024-05-06T12:20:40Z,2.63000000,ASIA,NEUTRAL,RANGE,EXTREME
BOSS19_P5_SESSION_ATTRIBUTION_V1,2026-09-03T23:50:00Z,e54f1cfaf58df97acb8fb39c1e6e8bf4614f1ff3a7c9bcbc1b5acff762665dd6,H3-C15-MAIN,MAIN,2024,USDJPY,H4,99,73,2024-05-07T01:29:40Z,2024-05-16T00:36:40Z,1.84000000,ASIA,NEUTRAL,RANGE,HIGH
BOSS19_P5_SESSION_ATTRIBUTION_V1,2026-09-03T23:50:00Z,e54f1cfaf58df97acb8fb39c1e6e8bf4614f1ff3a7c9bcbc1b5acff762665dd6,H3-C15-MAIN,MAIN,2024,USDJPY,H4,100,72,2024-05-07T18:01:40Z,2024-05-15T23:35:40Z,2.00000000,NEW_YORK_ONLY,NEUTRAL,RANGE,HIGH
BOSS19_P5_SESSION_ATTRIBUTION_V1,2026-09-03T23:50:00Z,e54f1cfaf58df97acb8fb39c1e6e8bf4614f1ff3a7c9bcbc1b5acff762665dd6,H3-C15-MAIN,MAIN,2024,USDJPY,H4,107,79,2024-05-16T01:55:40Z,2024-07-24T13:34:40Z,-3.61000000,ASIA,RISK_ON,RANGE,NORMAL
BOSS19_P5_SESSION_ATTRIBUTION_V1,2026-09-03T23:50:00Z,e54f1cfaf58df97acb8fb39c1e6e8bf4614f1ff3a7c9bcbc1b5acff762665dd6,H3-C15-MAIN,MAIN,2024,USDJPY,H4,108,78,2024-05-16T08:08:40Z,2024-07-24T11:47:40Z,-3.67000000,LONDON,RISK_ON,TRANSITION,NORMAL
BOSS19_P5_SESSION_ATTRIBUTION_V1,2026-09-03T23:50:00Z,e54f1cfaf58df97acb8fb39c1e6e8bf4614f1ff3a7c9bcbc1b5acff762665dd6,H3-C15-MAIN,MAIN,2024,USDJPY,H4,109,77,2024-05-16T11:28:40Z,2024-07-24T05:06:40Z,-3.65000000,LONDON,RISK_ON,TRANSITION,NORMAL
BOSS19_P5_SESSION_ATTRIBUTION_V1,2026-09-03T23:50:00Z,e54f1cfaf58df97acb8fb39c1e6e8bf4614f1ff3a7c9bcbc1b5acff762665dd6,H3-C15-MAIN,MAIN,2024,USDJPY,H4,113,81,2024-07-24T18:48:40Z,2024-07-24T21:43:40Z,2.98000000,NEW_YORK_ONLY,NEUTRAL,TREND_DOWN,HIGH
BOSS19_P5_SESSION_ATTRIBUTION_V1,2026-09-03T23:50:00Z,e54f1cfaf58df97acb8fb39c1e6e8bf4614f1ff3a7c9bcbc1b5acff762665dd6,H3-C15-MAIN,MAIN,2024,USDJPY,H4,114,83,2024-07-26T08:32:40Z,2024-07-26T13:05:40Z,4.06000000,LONDON,RISK_OFF,TREND_DOWN,HIGH
BOSS19_P5_SESSION_ATTRIBUTION_V1,2026-09-03T23:50:00Z,e54f1cfaf58df97acb8fb39c1e6e8bf4614f1ff3a7c9bcbc1b5acff762665dd6,H3-C15-MAIN,MAIN,2024,USDJPY,H4,115,85,2024-07-30T06:15:40Z,2024-07-30T13:27:20Z,2.65000000,ASIA,NEUTRAL,TREND_DOWN,HIGH
BOSS19_P5_SESSION_ATTRIBUTION_V1,2026-09-03T23:50:00Z,e54f1cfaf58df97acb8fb39c1e6e8bf4614f1ff3a7c9bcbc1b5acff762665dd6,H3-C15-MAIN,MAIN,2024,USDJPY,H4,146,87,2024-08-20T05:24:40Z,2024-08-20T07:39:40Z,4.99000000,ASIA,NEUTRAL,RANGE,HIGH
BOSS19_P5_SESSION_ATTRIBUTION_V1,2026-09-03T23:50:00Z,e54f1cfaf58df97acb8fb39c1e6e8bf4614f1ff3a7c9bcbc1b5acff762665dd6,H3-C15-MAIN,MAIN,2024,USDJPY,H4,381,93,2024-09-20T06:53:40Z,2024-09-27T05:16:40Z,23.50000000,ASIA,NEUTRAL,RANGE,HIGH
BOSS19_P5_SESSION_ATTRIBUTION_V1,2026-09-03T23:50:00Z,e54f1cfaf58df97acb8fb39c1e6e8bf4614f1ff3a7c9bcbc1b5acff762665dd6,H3-C15-MAIN,MAIN,2024,USDJPY,H4,382,92,2024-09-20T07:35:40Z,2024-09-27T05:16:40Z,19.84000000,LONDON,NEUTRAL,RANGE,HIGH
BOSS19_P5_SESSION_ATTRIBUTION_V1,2026-09-03T23:50:00Z,e54f1cfaf58df97acb8fb39c1e6e8bf4614f1ff3a7c9bcbc1b5acff762665dd6,H3-C15-MAIN,MAIN,2024,USDJPY,H4,383,91,2024-09-20T09:59:40Z,2024-09-27T05:16:40Z,32.36000000,LONDON,NEUTRAL,TRANSITION,EXTREME
BOSS19_P5_SESSION_ATTRIBUTION_V1,2026-09-03T23:50:00Z,e54f1cfaf58df97acb8fb39c1e6e8bf4614f1ff3a7c9bcbc1b5acff762665dd6,H3-C15-MAIN,MAIN,2024,USDJPY,H4,399,99,2024-09-30T18:15:40Z,2024-10-03T01:06:40Z,24.22000000,NEW_YORK_ONLY,NEUTRAL,RANGE,HIGH
BOSS19_P5_SESSION_ATTRIBUTION_V1,2026-09-03T23:50:00Z,e54f1cfaf58df97acb8fb39c1e6e8bf4614f1ff3a7c9bcbc1b5acff762665dd6,H3-C15-MAIN,MAIN,2024,USDJPY,H4,400,98,2024-10-01T03:37:40Z,2024-10-03T01:06:40Z,20.32000000,ASIA,NEUTRAL,RANGE,HIGH
BOSS19_P5_SESSION_ATTRIBUTION_V1,2026-09-03T23:50:00Z,e54f1cfaf58df97acb8fb39c1e6e8bf4614f1ff3a7c9bcbc1b5acff762665dd6,H3-C15-MAIN,MAIN,2024,USDJPY,H4,401,97,2024-10-02T10:52:40Z,2024-10-03T01:06:40Z,32.84000000,LONDON,RISK_OFF,RANGE,HIGH
BOSS19_P5_SESSION_ATTRIBUTION_V1,2026-09-03T23:50:00Z,e54f1cfaf58df97acb8fb39c1e6e8bf4614f1ff3a7c9bcbc1b5acff762665dd6,H3-C15-MAIN,MAIN,2024,USDJPY,H4,405,105,2024-10-04T12:30:40Z,2024-10-22T03:20:40Z,22.58000000,LONDON_NY_OVERLAP,NEUTRAL,TREND_UP,NORMAL
BOSS19_P5_SESSION_ATTRIBUTION_V1,2026-09-03T23:50:00Z,e54f1cfaf58df97acb8fb39c1e6e8bf4614f1ff3a7c9bcbc1b5acff762665dd6,H3-C15-MAIN,MAIN,2024,USDJPY,H4,406,104,2024-10-04T12:32:40Z,2024-10-22T03:20:40Z,18.88000000,LONDON_NY_OVERLAP,NEUTRAL,TREND_UP,NORMAL
BOSS19_P5_SESSION_ATTRIBUTION_V1,2026-09-03T23:50:00Z,e54f1cfaf58df97acb8fb39c1e6e8bf4614f1ff3a7c9bcbc1b5acff762665dd6,H3-C15-MAIN,MAIN,2024,USDJPY,H4,407,103,2024-10-04T16:15:40Z,2024-10-22T03:20:40Z,30.33000000,NEW_YORK_ONLY,NEUTRAL,TREND_UP,HIGH
BOSS19_P5_SESSION_ATTRIBUTION_V1,2026-09-03T23:50:00Z,e54f1cfaf58df97acb8fb39c1e6e8bf4614f1ff3a7c9bcbc1b5acff762665dd6,H3-C15-MAIN,MAIN,2024,USDJPY,H4,411,111,2024-10-23T01:00:40Z,2024-11-06T12:26:40Z,19.94000000,ASIA,NEUTRAL,TREND_UP,NORMAL
BOSS19_P5_SESSION_ATTRIBUTION_V1,2026-09-03T23:50:00Z,e54f1cfaf58df97acb8fb39c1e6e8bf4614f1ff3a7c9bcbc1b5acff762665dd6,H3-C15-MAIN,MAIN,2024,USDJPY,H4,412,110,2024-10-23T04:39:40Z,2024-11-06T12:26:40Z,16.65000000,ASIA,NEUTRAL,TREND_UP,NORMAL
BOSS19_P5_SESSION_ATTRIBUTION_V1,2026-09-03T23:50:00Z,e54f1cfaf58df97acb8fb39c1e6e8bf4614f1ff3a7c9bcbc1b5acff762665dd6,H3-C15-MAIN,MAIN,2024,USDJPY,H4,413,109,2024-10-23T07:22:40Z,2024-11-06T12:26:40Z,26.67000000,LONDON,NEUTRAL,TREND_UP,NORMAL
BOSS19_P5_SESSION_ATTRIBUTION_V1,2026-09-03T23:50:00Z,e54f1cfaf58df97acb8fb39c1e6e8bf4614f1ff3a7c9bcbc1b5acff762665dd6,H3-C15-MAIN,MAIN,2024,USDJPY,H4,417,117,2024-11-12T17:13:40Z,2024-12-19T15:55:40Z,20.79000000,NEW_YORK_ONLY,NEUTRAL,RANGE,NORMAL
BOSS19_P5_SESSION_ATTRIBUTION_V1,2026-09-03T23:50:00Z,e54f1cfaf58df97acb8fb39c1e6e8bf4614f1ff3a7c9bcbc1b5acff762665dd6,H3-C15-MAIN,MAIN,2024,USDJPY,H4,418,116,2024-11-13T17:02:40Z,2024-12-19T15:55:40Z,17.84000000,NEW_YORK_ONLY,NEUTRAL,RANGE,NORMAL
BOSS19_P5_SESSION_ATTRIBUTION_V1,2026-09-03T23:50:00Z,e54f1cfaf58df97acb8fb39c1e6e8bf4614f1ff3a7c9bcbc1b5acff762665dd6,H3-C15-MAIN,MAIN,2024,USDJPY,H4,419,115,2024-11-14T00:51:40Z,2024-12-19T15:55:40Z,29.44000000,ASIA,NEUTRAL,RANGE,NORMAL
BOSS19_P5_SESSION_ATTRIBUTION_V1,2026-09-03T23:50:00Z,e54f1cfaf58df97acb8fb39c1e6e8bf4614f1ff3a7c9bcbc1b5acff762665dd6,H3-C15-MAIN,MAIN,2025,USDJPY,H4,423,121,2025-01-07T00:33:20Z,2025-12-30T21:59:59Z,13.54000000,ASIA,NEUTRAL,RANGE,NORMAL
BOSS19_P5_SESSION_ATTRIBUTION_V1,2026-09-03T23:50:00Z,e54f1cfaf58df97acb8fb39c1e6e8bf4614f1ff3a7c9bcbc1b5acff762665dd6,H3-C15-MAIN,MAIN,2025,USDJPY,H4,424,120,2025-01-10T13:30:40Z,2025-12-30T21:59:59Z,10.32000000,LONDON_NY_OVERLAP,RISK_OFF,RANGE,NORMAL
BOSS19_P5_SESSION_ATTRIBUTION_V1,2026-09-03T23:50:00Z,e54f1cfaf58df97acb8fb39c1e6e8bf4614f1ff3a7c9bcbc1b5acff762665dd6,H3-C16-BWD,BWD,2020,BTCUSD,M15,5,7,2020-01-03T16:13:40Z,2020-01-07T18:49:40Z,7.12000000,NEW_YORK_ONLY,NEUTRAL,TREND_UP,NORMAL
BOSS19_P5_SESSION_ATTRIBUTION_V1,2026-09-03T23:50:00Z,e54f1cfaf58df97acb8fb39c1e6e8bf4614f1ff3a7c9bcbc1b5acff762665dd6,H3-C16-BWD,BWD,2020,BTCUSD,M15,6,6,2020-01-06T02:08:40Z,2020-01-07T18:49:40Z,6.00000000,ASIA,NEUTRAL,TREND_UP,NORMAL
BOSS19_P5_SESSION_ATTRIBUTION_V1,2026-09-03T23:50:00Z,e54f1cfaf58df97acb8fb39c1e6e8bf4614f1ff3a7c9bcbc1b5acff762665dd6,H3-C16-BWD,BWD,2020,BTCUSD,M15,7,5,2020-01-06T13:53:40Z,2020-01-07T18:49:40Z,9.69000000,LONDON_NY_OVERLAP,NEUTRAL,TREND_UP,LOW
BOSS19_P5_SESSION_ATTRIBUTION_V1,2026-09-03T23:50:00Z,e54f1cfaf58df97acb8fb39c1e6e8bf4614f1ff3a7c9bcbc1b5acff762665dd6,H3-C16-BWD,BWD,2020,BTCUSD,M15,11,11,2020-01-08T00:05:40Z,2020-01-14T23:32:40Z,5.87000000,ASIA,NEUTRAL,TREND_UP,NORMAL
BOSS19_P5_SESSION_ATTRIBUTION_V1,2026-09-03T23:50:00Z,e54f1cfaf58df97acb8fb39c1e6e8bf4614f1ff3a7c9bcbc1b5acff762665dd6,H3-C16-BWD,BWD,2020,BTCUSD,M15,12,10,2020-01-08T00:12:40Z,2020-01-14T23:32:40Z,4.73000000,ASIA,NEUTRAL,TREND_UP,NORMAL
BOSS19_P5_SESSION_ATTRIBUTION_V1,2026-09-03T23:50:00Z,e54f1cfaf58df97acb8fb39c1e6e8bf4614f1ff3a7c9bcbc1b5acff762665dd6,H3-C16-BWD,BWD,2020,BTCUSD,M15,19,13,2020-01-15T09:50:40Z,2020-01-19T22:16:40Z,1.58000000,LONDON,NEUTRAL,RANGE,NORMAL
BOSS19_P5_SESSION_ATTRIBUTION_V1,2026-09-03T23:50:00Z,e54f1cfaf58df97acb8fb39c1e6e8bf4614f1ff3a7c9bcbc1b5acff762665dd6,H3-C16-BWD,BWD,2020,BTCUSD,M15,23,15,2020-01-19T22:26:40Z,2020-01-21T19:41:40Z,1.23000000,OUTSIDE_DEFINED_SESSION,NEUTRAL,RANGE,NORMAL
BOSS19_P5_SESSION_ATTRIBUTION_V1,2026-09-03T23:50:00Z,e54f1cfaf58df97acb8fb39c1e6e8bf4614f1ff3a7c9bcbc1b5acff762665dd6,H3-C16-BWD,BWD,2020,BTCUSD,M15,27,17,2020-01-21T20:03:40Z,2020-01-23T05:34:20Z,1.04000000,NEW_YORK_ONLY,NEUTRAL,RANGE,LOW
BOSS19_P5_SESSION_ATTRIBUTION_V1,2026-09-03T23:50:00Z,e54f1cfaf58df97acb8fb39c1e6e8bf4614f1ff3a7c9bcbc1b5acff762665dd6,H3-C16-BWD,BWD,2020,BTCUSD,M15,34,23,2020-01-24T16:00:40Z,2020-01-28T23:35:40Z,7.22000000,NEW_YORK_ONLY,NEUTRAL,TREND_UP,NORMAL
BOSS19_P5_SESSION_ATTRIBUTION_V1,2026-09-03T23:50:00Z,e54f1cfaf58df97acb8fb39c1e6e8bf4614f1ff3a7c9bcbc1b5acff762665dd6,H3-C16-BWD,BWD,2020,BTCUSD,M15,35,22,2020-01-27T00:00:40Z,2020-01-28T23:35:40Z,6.21000000,ASIA,NEUTRAL,TREND_UP,NORMAL
BOSS19_P5_SESSION_ATTRIBUTION_V1,2026-09-03T23:50:00Z,e54f1cfaf58df97acb8fb39c1e6e8bf4614f1ff3a7c9bcbc1b5acff762665dd6,H3-C16-BWD,BWD,2020,BTCUSD,M15,36,21,2020-01-27T11:53:40Z,2020-01-28T23:35:40Z,10.34000000,LONDON,NEUTRAL,RANGE,LOW
BOSS19_P5_SESSION_ATTRIBUTION_V1,2026-09-03T23:50:00Z,e54f1cfaf58df97acb8fb39c1e6e8bf4614f1ff3a7c9bcbc1b5acff762665dd6,H3-C16-BWD,BWD,2020,BTCUSD,M15,40,25,2020-01-28T23:46:40Z,2020-02-09T22:01:00Z,6.30000000,OUTSIDE_DEFINED_SESSION,RISK_OFF,RANGE,NORMAL
BOSS19_P5_SESSION_ATTRIBUTION_V1,2026-09-03T23:50:00Z,e54f1cfaf58df97acb8fb39c1e6e8bf4614f1ff3a7c9bcbc1b5acff762665dd6,H3-C16-BWD,BWD,2020,BTCUSD,M15,44,27,2020-02-10T00:02:40Z,2020-07-27T16:50:40Z,-0.28000000,ASIA,NEUTRAL,TREND_UP,NORMAL
BOSS19_P5_SESSION_ATTRIBUTION_V1,2026-09-03T23:50:00Z,e54f1cfaf58df97acb8fb39c1e6e8bf4614f1ff3a7c9bcbc1b5acff762665dd6,H3-C16-BWD,BWD,2020,BTCUSD,M15,48,33,2020-07-27T16:54:40Z,2020-07-27T22:07:40Z,4.93000000,NEW_YORK_ONLY,NEUTRAL,TREND_UP,HIGH
BOSS19_P5_SESSION_ATTRIBUTION_V1,2026-09-03T23:50:00Z,e54f1cfaf58df97acb8fb39c1e6e8bf4614f1ff3a7c9bcbc1b5acff762665dd6,H3-C16-BWD,BWD,2020,BTCUSD,M15,49,32,2020-07-27T16:57:40Z,2020-07-27T22:07:40Z,4.20000000,NEW_YORK_ONLY,NEUTRAL,TREND_UP,HIGH
BOSS19_P5_SESSION_ATTRIBUTION_V1,2026-09-03T23:50:00Z,e54f1cfaf58df97acb8fb39c1e6e8bf4614f1ff3a7c9bcbc1b5acff762665dd6,H3-C16-BWD,BWD,2020,BTCUSD,M15,50,31,2020-07-27T17:01:40Z,2020-07-27T22:07:40Z,6.95000000,NEW_YORK_ONLY,NEUTRAL,TREND_UP,HIGH
BOSS19_P5_SESSION_ATTRIBUTION_V1,2026-09-03T23:50:00Z,e54f1cfaf58df97acb8fb39c1e6e8bf4614f1ff3a7c9bcbc1b5acff762665dd6,H3-C16-BWD,BWD,2020,BTCUSD,M15,54,37,2020-07-27T22:10:40Z,2020-08-06T13:33:40Z,5.03000000,OUTSIDE_DEFINED_SESSION,NEUTRAL,TREND_UP,HIGH
BOSS19_P5_SESSION_ATTRIBUTION_V1,2026-09-03T23:50:00Z,e54f1cfaf58df97acb8fb39c1e6e8bf4614f1ff3a7c9bcbc1b5acff762665dd6,H3-C16-BWD,BWD,2020,BTCUSD,M15,55,36,2020-07-27T22:11:40Z,2020-08-06T13:33:40Z,4.22000000,OUTSIDE_DEFINED_SESSION,NEUTRAL,TREND_UP,HIGH
BOSS19_P5_SESSION_ATTRIBUTION_V1,2026-09-03T23:50:00Z,e54f1cfaf58df97acb8fb39c1e6e8bf4614f1ff3a7c9bcbc1b5acff762665dd6,H3-C16-BWD,BWD,2020,BTCUSD,M15,59,39,2020-08-06T19:11:40Z,2020-10-21T12:58:20Z,2.72000000,NEW_YORK_ONLY,NEUTRAL,TREND_UP,NORMAL
BOSS19_P5_SESSION_ATTRIBUTION_V1,2026-09-03T23:50:00Z,e54f1cfaf58df97acb8fb39c1e6e8bf4614f1ff3a7c9bcbc1b5acff762665dd6,H3-C16-BWD,BWD,2020,BTCUSD,M15,63,45,2020-10-21T14:20:40Z,2020-10-21T23:00:20Z,6.95000000,LONDON_NY_OVERLAP,NEUTRAL,TREND_UP,NORMAL
BOSS19_P5_SESSION_ATTRIBUTION_V1,2026-09-03T23:50:00Z,e54f1cfaf58df97acb8fb39c1e6e8bf4614f1ff3a7c9bcbc1b5acff762665dd6,H3-C16-BWD,BWD,2020,BTCUSD,M15,64,44,2020-10-21T14:21:40Z,2020-10-21T23:00:20Z,5.89000000,LONDON_NY_OVERLAP,NEUTRAL,TREND_UP,NORMAL
BOSS19_P5_SESSION_ATTRIBUTION_V1,2026-09-03T23:50:00Z,e54f1cfaf58df97acb8fb39c1e6e8bf4614f1ff3a7c9bcbc1b5acff762665dd6,H3-C16-BWD,BWD,2020,BTCUSD,M15,65,43,2020-10-21T14:22:40Z,2020-10-21T23:00:20Z,9.64000000,LONDON_NY_OVERLAP,NEUTRAL,TREND_UP,NORMAL
BOSS19_P5_SESSION_ATTRIBUTION_V1,2026-09-03T23:50:00Z,e54f1cfaf58df97acb8fb39c1e6e8bf4614f1ff3a7c9bcbc1b5acff762665dd6,H3-C16-BWD,BWD,2020,BTCUSD,M15,87,47,2020-10-23T10:53:40Z,2020-10-23T16:13:40Z,1.34000000,LONDON,NEUTRAL,RANGE,NORMAL
BOSS19_P5_SESSION_ATTRIBUTION_V1,2026-09-03T23:50:00Z,e54f1cfaf58df97acb8fb39c1e6e8bf4614f1ff3a7c9bcbc1b5acff762665dd6,H3-C16-BWD,BWD,2020,BTCUSD,M15,91,49,2020-10-25T21:03:00Z,2020-10-26T16:34:40Z,1.30000000,OUTSIDE_DEFINED_SESSION,NEUTRAL,RANGE,NORMAL
BOSS19_P5_SESSION_ATTRIBUTION_V1,2026-09-03T23:50:00Z,e54f1cfaf58df97acb8fb39c1e6e8bf4614f1ff3a7c9bcbc1b5acff762665dd6,H3-C16-BWD,BWD,2020,BTCUSD,M15,95,51,2020-10-26T19:56:40Z,2022-12-30T21:59:59Z,-38.95000000,NEW_YORK_ONLY,NEUTRAL,RANGE,NORMAL
BOSS19_P5_SESSION_ATTRIBUTION_V1,2026-09-03T23:50:00Z,e54f1cfaf58df97acb8fb39c1e6e8bf4614f1ff3a7c9bcbc1b5acff762665dd6,H3-C16-MAIN,MAIN,2023,BTCUSD,M15,2,3,2023-01-02T07:15:40Z,2023-01-09T13:44:20Z,4.84000000,LONDON,RISK_OFF,TREND_UP,LOW
BOSS19_P5_SESSION_ATTRIBUTION_V1,2026-09-03T23:50:00Z,e54f1cfaf58df97acb8fb39c1e6e8bf4614f1ff3a7c9bcbc1b5acff762665dd6,H3-C16-MAIN,MAIN,2023,BTCUSD,M15,6,5,2023-01-09T17:21:40Z,2023-01-11T23:33:40Z,5.12000000,NEW_YORK_ONLY,RISK_OFF,TREND_UP,LOW
BOSS19_P5_SESSION_ATTRIBUTION_V1,2026-09-03T23:50:00Z,e54f1cfaf58df97acb8fb39c1e6e8bf4614f1ff3a7c9bcbc1b5acff762665dd6,H3-C16-MAIN,MAIN,2023,BTCUSD,M15,10,11,2023-01-11T23:34:40Z,2023-01-12T17:37:40Z,7.13000000,OUTSIDE_DEFINED_SESSION,RISK_OFF,TREND_UP,NORMAL
BOSS19_P5_SESSION_ATTRIBUTION_V1,2026-09-03T23:50:00Z,e54f1cfaf58df97acb8fb39c1e6e8bf4614f1ff3a7c9bcbc1b5acff762665dd6,H3-C16-MAIN,MAIN,2023,BTCUSD,M15,11,10,2023-01-12T00:55:40Z,2023-01-12T17:37:40Z,6.12000000,ASIA,RISK_OFF,TREND_UP,NORMAL
BOSS19_P5_SESSION_ATTRIBUTION_V1,2026-09-03T23:50:00Z,e54f1cfaf58df97acb8fb39c1e6e8bf4614f1ff3a7c9bcbc1b5acff762665dd6,H3-C16-MAIN,MAIN,2023,BTCUSD,M15,12,9,2023-01-12T00:59:40Z,2023-01-12T17:37:40Z,10.21000000,ASIA,RISK_OFF,TREND_UP,NORMAL
BOSS19_P5_SESSION_ATTRIBUTION_V1,2026-09-03T23:50:00Z,e54f1cfaf58df97acb8fb39c1e6e8bf4614f1ff3a7c9bcbc1b5acff762665dd6,H3-C16-MAIN,MAIN,2023,BTCUSD,M15,16,17,2023-01-12T17:39:40Z,2023-01-13T21:26:40Z,6.90000000,NEW_YORK_ONLY,RISK_OFF,RANGE,NORMAL
BOSS19_P5_SESSION_ATTRIBUTION_V1,2026-09-03T23:50:00Z,e54f1cfaf58df97acb8fb39c1e6e8bf4614f1ff3a7c9bcbc1b5acff762665dd6,H3-C16-MAIN,MAIN,2023,BTCUSD,M15,17,16,2023-01-12T18:00:40Z,2023-01-13T21:26:40Z,5.89000000,NEW_YORK_ONLY,RISK_OFF,RANGE,HIGH
BOSS19_P5_SESSION_ATTRIBUTION_V1,2026-09-03T23:50:00Z,e54f1cfaf58df97acb8fb39c1e6e8bf4614f1ff3a7c9bcbc1b5acff762665dd6,H3-C16-MAIN,MAIN,2023,BTCUSD,M15,18,15,2023-01-12T19:48:20Z,2023-01-13T21:26:40Z,9.76000000,NEW_YORK_ONLY,RISK_OFF,TREND_UP,HIGH
BOSS19_P5_SESSION_ATTRIBUTION_V1,2026-09-03T23:50:00Z,e54f1cfaf58df97acb8fb39c1e6e8bf4614f1ff3a7c9bcbc1b5acff762665dd6,H3-C16-MAIN,MAIN,2023,BTCUSD,M15,22,23,2023-01-13T21:37:40Z,2023-01-14T00:25:40Z,7.79000000,OUTSIDE_DEFINED_SESSION,RISK_OFF,TREND_UP,NORMAL
BOSS19_P5_SESSION_ATTRIBUTION_V1,2026-09-03T23:50:00Z,e54f1cfaf58df97acb8fb39c1e6e8bf4614f1ff3a7c9bcbc1b5acff762665dd6,H3-C16-MAIN,MAIN,2023,BTCUSD,M15,24,21,2023-01-13T21:38:40Z,2023-01-14T00:25:40Z,11.00000000,OUTSIDE_DEFINED_SESSION,RISK_OFF,TREND_UP,NORMAL
BOSS19_P5_SESSION_ATTRIBUTION_V1,2026-09-03T23:50:00Z,e54f1cfaf58df97acb8fb39c1e6e8bf4614f1ff3a7c9bcbc1b5acff762665dd6,H3-C16-MAIN,MAIN,2023,BTCUSD,M15,23,22,2023-01-13T21:38:40Z,2023-01-14T00:25:40Z,6.65000000,OUTSIDE_DEFINED_SESSION,RISK_OFF,TREND_UP,NORMAL
BOSS19_P5_SESSION_ATTRIBUTION_V1,2026-09-03T23:50:00Z,e54f1cfaf58df97acb8fb39c1e6e8bf4614f1ff3a7c9bcbc1b5acff762665dd6,H3-C16-MAIN,MAIN,2023,BTCUSD,M15,28,29,2023-01-14T00:37:40Z,2023-01-14T00:40:40Z,8.42000000,ASIA,NEUTRAL,TREND_UP,HIGH
BOSS19_P5_SESSION_ATTRIBUTION_V1,2026-09-03T23:50:00Z,e54f1cfaf58df97acb8fb39c1e6e8bf4614f1ff3a7c9bcbc1b5acff762665dd6,H3-C16-MAIN,MAIN,2023,BTCUSD,M15,30,27,2023-01-14T00:38:40Z,2023-01-14T00:40:40Z,11.83000000,ASIA,NEUTRAL,TREND_UP,HIGH
BOSS19_P5_SESSION_ATTRIBUTION_V1,2026-09-03T23:50:00Z,e54f1cfaf58df97acb8fb39c1e6e8bf4614f1ff3a7c9bcbc1b5acff762665dd6,H3-C16-MAIN,MAIN,2023,BTCUSD,M15,29,28,2023-01-14T00:38:40Z,2023-01-14T00:40:40Z,7.17000000,ASIA,NEUTRAL,TREND_UP,HIGH
BOSS19_P5_SESSION_ATTRIBUTION_V1,2026-09-03T23:50:00Z,e54f1cfaf58df97acb8fb39c1e6e8bf4614f1ff3a7c9bcbc1b5acff762665dd6,H3-C16-MAIN,MAIN,2023,BTCUSD,M15,52,31,2023-01-15T13:40:40Z,2023-01-16T08:10:40Z,1.53000000,LONDON_NY_OVERLAP,NEUTRAL,RANGE,NORMAL
BOSS19_P5_SESSION_ATTRIBUTION_V1,2026-09-03T23:50:00Z,e54f1cfaf58df97acb8fb39c1e6e8bf4614f1ff3a7c9bcbc1b5acff762665dd6,H3-C16-MAIN,MAIN,2023,BTCUSD,M15,56,33,2023-01-16T08:13:20Z,2023-01-17T14:24:40Z,7.76000000,LONDON,NEUTRAL,RANGE,NORMAL
BOSS19_P5_SESSION_ATTRIBUTION_V1,2026-09-03T23:50:00Z,e54f1cfaf58df97acb8fb39c1e6e8bf4614f1ff3a7c9bcbc1b5acff762665dd6,H3-C16-MAIN,MAIN,2023,BTCUSD,M15,72,35,2023-01-18T02:44:40Z,2023-01-18T15:52:40Z,2.17000000,ASIA,NEUTRAL,RANGE,NORMAL
BOSS19_P5_SESSION_ATTRIBUTION_V1,2026-09-03T23:50:00Z,e54f1cfaf58df97acb8fb39c1e6e8bf4614f1ff3a7c9bcbc1b5acff762665dd6,H3-C16-MAIN,MAIN,2023,BTCUSD,M15,103,37,2023-01-18T17:11:40Z,2023-01-18T17:26:40Z,1.46000000,NEW_YORK_ONLY,NEUTRAL,TRANSITION,HIGH
BOSS19_P5_SESSION_ATTRIBUTION_V1,2026-09-03T23:50:00Z,e54f1cfaf58df97acb8fb39c1e6e8bf4614f1ff3a7c9bcbc1b5acff762665dd6,H3-C16-MAIN,MAIN,2023,BTCUSD,M15,131,41,2023-01-19T19:16:40Z,2023-01-20T20:05:40Z,9.12000000,NEW_YORK_ONLY,RISK_OFF,RANGE,NORMAL
BOSS19_P5_SESSION_ATTRIBUTION_V1,2026-09-03T23:50:00Z,e54f1cfaf58df97acb8fb39c1e6e8bf4614f1ff3a7c9bcbc1b5acff762665dd6,H3-C16-MAIN,MAIN,2023,BTCUSD,M15,132,40,2023-01-20T02:32:40Z,2023-01-20T20:05:40Z,7.72000000,ASIA,RISK_OFF,TREND_UP,NORMAL
BOSS19_P5_SESSION_ATTRIBUTION_V1,2026-09-03T23:50:00Z,e54f1cfaf58df97acb8fb39c1e6e8bf4614f1ff3a7c9bcbc1b5acff762665dd6,H3-C16-MAIN,MAIN,2023,BTCUSD,M15,137,46,2023-01-20T20:38:40Z,2023-01-21T09:58:40Z,8.66000000,NEW_YORK_ONLY,RISK_OFF,TREND_UP,NORMAL
BOSS19_P5_SESSION_ATTRIBUTION_V1,2026-09-03T23:50:00Z,e54f1cfaf58df97acb8fb39c1e6e8bf4614f1ff3a7c9bcbc1b5acff762665dd6,H3-C16-MAIN,MAIN,2023,BTCUSD,M15,136,47,2023-01-20T20:38:40Z,2023-01-21T09:58:40Z,10.13000000,NEW_YORK_ONLY,RISK_OFF,TREND_UP,NORMAL
BOSS19_P5_SESSION_ATTRIBUTION_V1,2026-09-03T23:50:00Z,e54f1cfaf58df97acb8fb39c1e6e8bf4614f1ff3a7c9bcbc1b5acff762665dd6,H3-C16-MAIN,MAIN,2023,BTCUSD,M15,138,45,2023-01-20T20:54:40Z,2023-01-21T09:58:40Z,14.41000000,NEW_YORK_ONLY,RISK_OFF,TREND_UP,NORMAL
BOSS19_P5_SESSION_ATTRIBUTION_V1,2026-09-03T23:50:00Z,e54f1cfaf58df97acb8fb39c1e6e8bf4614f1ff3a7c9bcbc1b5acff762665dd6,H3-C16-MAIN,MAIN,2023,BTCUSD,M15,142,49,2023-01-21T15:29:40Z,2023-02-16T00:11:40Z,11.88000000,LONDON_NY_OVERLAP,NEUTRAL,TREND_UP,NORMAL
BOSS19_P5_SESSION_ATTRIBUTION_V1,2026-09-03T23:50:00Z,e54f1cfaf58df97acb8fb39c1e6e8bf4614f1ff3a7c9bcbc1b5acff762665dd6,H3-C16-MAIN,MAIN,2023,BTCUSD,M15,146,53,2023-02-16T00:16:40Z,2023-03-14T13:02:40Z,14.88000000,ASIA,NEUTRAL,TREND_UP,HIGH
BOSS19_P5_SESSION_ATTRIBUTION_V1,2026-09-03T23:50:00Z,e54f1cfaf58df97acb8fb39c1e6e8bf4614f1ff3a7c9bcbc1b5acff762665dd6,H3-C16-MAIN,MAIN,2023,BTCUSD,M15,147,52,2023-02-16T15:59:40Z,2023-03-14T13:02:40Z,12.33000000,LONDON_NY_OVERLAP,NEUTRAL,RANGE,NORMAL
BOSS19_P5_SESSION_ATTRIBUTION_V1,2026-09-03T23:50:00Z,e54f1cfaf58df97acb8fb39c1e6e8bf4614f1ff3a7c9bcbc1b5acff762665dd6,H3-C16-MAIN,MAIN,2023,BTCUSD,M15,154,55,2023-03-15T01:02:40Z,2023-03-15T10:28:40Z,3.77000000,ASIA,RISK_OFF,RANGE,EXTREME
BOSS19_P5_SESSION_ATTRIBUTION_V1,2026-09-03T23:50:00Z,e54f1cfaf58df97acb8fb39c1e6e8bf4614f1ff3a7c9bcbc1b5acff762665dd6,H3-C16-MAIN,MAIN,2023,BTCUSD,M15,155,57,2023-03-15T12:31:40Z,2023-03-15T12:37:40Z,3.37000000,LONDON_NY_OVERLAP,RISK_OFF,RANGE,EXTREME
BOSS19_P5_SESSION_ATTRIBUTION_V1,2026-09-03T23:50:00Z,e54f1cfaf58df97acb8fb39c1e6e8bf4614f1ff3a7c9bcbc1b5acff762665dd6,H3-C16-MAIN,MAIN,2023,BTCUSD,M15,225,63,2023-03-16T10:31:40Z,2023-03-17T22:00:00Z,21.30000000,LONDON,RISK_OFF,RANGE,HIGH
BOSS19_P5_SESSION_ATTRIBUTION_V1,2026-09-03T23:50:00Z,e54f1cfaf58df97acb8fb39c1e6e8bf4614f1ff3a7c9bcbc1b5acff762665dd6,H3-C16-MAIN,MAIN,2023,BTCUSD,M15,226,62,2023-03-17T01:29:40Z,2023-03-17T22:00:00Z,18.09000000,ASIA,RISK_OFF,RANGE,NORMAL
BOSS19_P5_SESSION_ATTRIBUTION_V1,2026-09-03T23:50:00Z,e54f1cfaf58df97acb8fb39c1e6e8bf4614f1ff3a7c9bcbc1b5acff762665dd6,H3-C16-MAIN,MAIN,2023,BTCUSD,M15,227,61,2023-03-17T01:52:40Z,2023-03-17T22:00:00Z,29.53000000,ASIA,RISK_OFF,TREND_UP,HIGH
BOSS19_P5_SESSION_ATTRIBUTION_V1,2026-09-03T23:50:00Z,e54f1cfaf58df97acb8fb39c1e6e8bf4614f1ff3a7c9bcbc1b5acff762665dd6,H3-C16-MAIN,MAIN,2023,BTCUSD,M15,231,67,2023-03-17T22:29:40Z,2023-04-10T22:03:40Z,21.44000000,OUTSIDE_DEFINED_SESSION,RISK_OFF,TREND_UP,EXTREME
BOSS19_P5_SESSION_ATTRIBUTION_V1,2026-09-03T23:50:00Z,e54f1cfaf58df97acb8fb39c1e6e8bf4614f1ff3a7c9bcbc1b5acff762665dd6,H3-C16-MAIN,MAIN,2023,BTCUSD,M15,232,66,2023-03-17T22:45:40Z,2023-04-10T22:03:40Z,18.09000000,OUTSIDE_DEFINED_SESSION,RISK_OFF,TREND_UP,EXTREME
BOSS19_P5_SESSION_ATTRIBUTION_V1,2026-09-03T23:50:00Z,e54f1cfaf58df97acb8fb39c1e6e8bf4614f1ff3a7c9bcbc1b5acff762665dd6,H3-C16-MAIN,MAIN,2023,BTCUSD,M15,236,71,2023-04-11T01:52:40Z,2023-07-13T19:25:40Z,8.04000000,ASIA,NEUTRAL,TREND_UP,NORMAL
BOSS19_P5_SESSION_ATTRIBUTION_V1,2026-09-03T23:50:00Z,e54f1cfaf58df97acb8fb39c1e6e8bf4614f1ff3a7c9bcbc1b5acff762665dd6,H3-C16-MAIN,MAIN,2023,BTCUSD,M15,237,70,2023-04-11T02:09:40Z,2023-07-13T19:25:40Z,4.25000000,ASIA,NEUTRAL,TREND_UP,HIGH
BOSS19_P5_SESSION_ATTRIBUTION_V1,2026-09-03T23:50:00Z,e54f1cfaf58df97acb8fb39c1e6e8bf4614f1ff3a7c9bcbc1b5acff762665dd6,H3-C16-MAIN,MAIN,2023,BTCUSD,M15,463,73,2023-07-20T07:27:40Z,2023-10-23T17:08:20Z,2.97000000,LONDON,NEUTRAL,RANGE,NORMAL
BOSS19_P5_SESSION_ATTRIBUTION_V1,2026-09-03T23:50:00Z,e54f1cfaf58df97acb8fb39c1e6e8bf4614f1ff3a7c9bcbc1b5acff762665dd6,H3-C16-MAIN,MAIN,2023,BTCUSD,M15,467,79,2023-10-23T20:07:20Z,2023-10-23T22:41:40Z,21.49000000,NEW_YORK_ONLY,NEUTRAL,TREND_UP,EXTREME
BOSS19_P5_SESSION_ATTRIBUTION_V1,2026-09-03T23:50:00Z,e54f1cfaf58df97acb8fb39c1e6e8bf4614f1ff3a7c9bcbc1b5acff762665dd6,H3-C16-MAIN,MAIN,2023,BTCUSD,M15,468,78,2023-10-23T20:19:40Z,2023-10-23T22:41:40Z,19.35000000,NEW_YORK_ONLY,NEUTRAL,TREND_UP,HIGH
BOSS19_P5_SESSION_ATTRIBUTION_V1,2026-09-03T23:50:00Z,e54f1cfaf58df97acb8fb39c1e6e8bf4614f1ff3a7c9bcbc1b5acff762665dd6,H3-C16-MAIN,MAIN,2023,BTCUSD,M15,469,77,2023-10-23T22:13:20Z,2023-10-23T22:41:40Z,34.66000000,OUTSIDE_DEFINED_SESSION,NEUTRAL,TREND_UP,HIGH
BOSS19_P5_SESSION_ATTRIBUTION_V1,2026-09-03T23:50:00Z,e54f1cfaf58df97acb8fb39c1e6e8bf4614f1ff3a7c9bcbc1b5acff762665dd6,H3-C16-MAIN,MAIN,2023,BTCUSD,M15,475,83,2023-10-23T22:42:40Z,2023-11-02T00:24:20Z,23.87000000,OUTSIDE_DEFINED_SESSION,NEUTRAL,TREND_UP,EXTREME
BOSS19_P5_SESSION_ATTRIBUTION_V1,2026-09-03T23:50:00Z,e54f1cfaf58df97acb8fb39c1e6e8bf4614f1ff3a7c9bcbc1b5acff762665dd6,H3-C16-MAIN,MAIN,2023,BTCUSD,M15,474,84,2023-10-23T22:42:40Z,2023-11-02T00:24:20Z,14.28000000,OUTSIDE_DEFINED_SESSION,NEUTRAL,TREND_UP,EXTREME
BOSS19_P5_SESSION_ATTRIBUTION_V1,2026-09-03T23:50:00Z,e54f1cfaf58df97acb8fb39c1e6e8bf4614f1ff3a7c9bcbc1b5acff762665dd6,H3-C16-MAIN,MAIN,2023,BTCUSD,M15,473,85,2023-10-23T22:42:40Z,2023-11-02T00:24:20Z,16.63000000,OUTSIDE_DEFINED_SESSION,NEUTRAL,TREND_UP,EXTREME
BOSS19_P5_SESSION_ATTRIBUTION_V1,2026-09-03T23:50:00Z,e54f1cfaf58df97acb8fb39c1e6e8bf4614f1ff3a7c9bcbc1b5acff762665dd6,H3-C16-MAIN,MAIN,2023,BTCUSD,M15,479,87,2023-11-02T02:47:40Z,2023-11-09T14:11:40Z,17.81000000,ASIA,NEUTRAL,TREND_UP,HIGH
BOSS19_P5_SESSION_ATTRIBUTION_V1,2026-09-03T23:50:00Z,e54f1cfaf58df97acb8fb39c1e6e8bf4614f1ff3a7c9bcbc1b5acff762665dd6,H3-C16-MAIN,MAIN,2023,BTCUSD,M15,483,89,2023-11-09T14:52:40Z,2023-12-03T13:56:40Z,15.15000000,LONDON_NY_OVERLAP,NEUTRAL,TREND_UP,HIGH
BOSS19_P5_SESSION_ATTRIBUTION_V1,2026-09-03T23:50:00Z,e54f1cfaf58df97acb8fb39c1e6e8bf4614f1ff3a7c9bcbc1b5acff762665dd6,H3-C16-MAIN,MAIN,2023,BTCUSD,M15,487,95,2023-12-03T22:33:40Z,2023-12-04T22:18:40Z,22.67000000,OUTSIDE_DEFINED_SESSION,NEUTRAL,RANGE,NORMAL
BOSS19_P5_SESSION_ATTRIBUTION_V1,2026-09-03T23:50:00Z,e54f1cfaf58df97acb8fb39c1e6e8bf4614f1ff3a7c9bcbc1b5acff762665dd6,H3-C16-MAIN,MAIN,2023,BTCUSD,M15,488,94,2023-12-04T01:22:40Z,2023-12-04T22:18:40Z,19.21000000,ASIA,NEUTRAL,TREND_UP,NORMAL
BOSS19_P5_SESSION_ATTRIBUTION_V1,2026-09-03T23:50:00Z,e54f1cfaf58df97acb8fb39c1e6e8bf4614f1ff3a7c9bcbc1b5acff762665dd6,H3-C16-MAIN,MAIN,2023,BTCUSD,M15,489,93,2023-12-04T01:25:40Z,2023-12-04T22:18:40Z,31.53000000,ASIA,NEUTRAL,TREND_UP,NORMAL
BOSS19_P5_SESSION_ATTRIBUTION_V1,2026-09-03T23:50:00Z,e54f1cfaf58df97acb8fb39c1e6e8bf4614f1ff3a7c9bcbc1b5acff762665dd6,H3-C16-MAIN,MAIN,2023,BTCUSD,M15,517,101,2023-12-05T14:35:40Z,2023-12-08T21:23:40Z,23.92000000,LONDON_NY_OVERLAP,NEUTRAL,RANGE,NORMAL
BOSS19_P5_SESSION_ATTRIBUTION_V1,2026-09-03T23:50:00Z,e54f1cfaf58df97acb8fb39c1e6e8bf4614f1ff3a7c9bcbc1b5acff762665dd6,H3-C16-MAIN,MAIN,2023,BTCUSD,M15,518,100,2023-12-05T16:40:40Z,2023-12-08T21:23:40Z,20.29000000,NEW_YORK_ONLY,NEUTRAL,TREND_UP,HIGH
BOSS19_P5_SESSION_ATTRIBUTION_V1,2026-09-03T23:50:00Z,e54f1cfaf58df97acb8fb39c1e6e8bf4614f1ff3a7c9bcbc1b5acff762665dd6,H3-C16-MAIN,MAIN,2023,BTCUSD,M15,519,99,2023-12-05T17:03:40Z,2023-12-08T21:23:40Z,33.35000000,NEW_YORK_ONLY,NEUTRAL,TREND_UP,HIGH
BOSS19_P5_SESSION_ATTRIBUTION_V1,2026-09-03T23:50:00Z,e54f1cfaf58df97acb8fb39c1e6e8bf4614f1ff3a7c9bcbc1b5acff762665dd6,H3-C16-MAIN,MAIN,2023,BTCUSD,M15,622,103,2023-12-12T07:46:40Z,2023-12-20T14:28:40Z,20.94000000,LONDON,NEUTRAL,RANGE,HIGH
BOSS19_P5_SESSION_ATTRIBUTION_V1,2026-09-03T23:50:00Z,e54f1cfaf58df97acb8fb39c1e6e8bf4614f1ff3a7c9bcbc1b5acff762665dd6,H3-C16-MAIN,MAIN,2023,BTCUSD,M15,653,105,2023-12-21T10:53:40Z,2024-01-08T18:38:40Z,26.27000000,LONDON,NEUTRAL,RANGE,NORMAL
BOSS19_P5_SESSION_ATTRIBUTION_V1,2026-09-03T23:50:00Z,e54f1cfaf58df97acb8fb39c1e6e8bf4614f1ff3a7c9bcbc1b5acff762665dd6,H3-C16-MAIN,MAIN,2024,BTCUSD,M15,657,107,2024-01-08T19:12:40Z,2024-02-12T15:33:40Z,17.92000000,NEW_YORK_ONLY,NEUTRAL,TREND_UP,EXTREME
BOSS19_P5_SESSION_ATTRIBUTION_V1,2026-09-03T23:50:00Z,e54f1cfaf58df97acb8fb39c1e6e8bf4614f1ff3a7c9bcbc1b5acff762665dd6,H3-C16-MAIN,MAIN,2024,BTCUSD,M15,661,111,2024-02-12T15:54:40Z,2024-02-15T00:23:40Z,25.18000000,LONDON_NY_OVERLAP,NEUTRAL,TRANSITION,HIGH
BOSS19_P5_SESSION_ATTRIBUTION_V1,2026-09-03T23:50:00Z,e54f1cfaf58df97acb8fb39c1e6e8bf4614f1ff3a7c9bcbc1b5acff762665dd6,H3-C16-MAIN,MAIN,2024,BTCUSD,M15,662,110,2024-02-12T17:31:40Z,2024-02-15T00:23:40Z,21.17000000,NEW_YORK_ONLY,NEUTRAL,TREND_UP,HIGH
BOSS19_P5_SESSION_ATTRIBUTION_V1,2026-09-03T23:50:00Z,e54f1cfaf58df97acb8fb39c1e6e8bf4614f1ff3a7c9bcbc1b5acff762665dd6,H3-C16-MAIN,MAIN,2024,BTCUSD,M15,666,113,2024-02-15T14:33:40Z,2024-02-26T20:06:40Z,20.03000000,LONDON_NY_OVERLAP,NEUTRAL,RANGE,NORMAL
BOSS19_P5_SESSION_ATTRIBUTION_V1,2026-09-03T23:50:00Z,e54f1cfaf58df97acb8fb39c1e6e8bf4614f1ff3a7c9bcbc1b5acff762665dd6,H3-C16-MAIN,MAIN,2024,BTCUSD,M15,670,119,2024-02-27T01:48:40Z,2024-02-28T07:51:40Z,28.85000000,ASIA,RISK_ON,TREND_UP,HIGH
BOSS19_P5_SESSION_ATTRIBUTION_V1,2026-09-03T23:50:00Z,e54f1cfaf58df97acb8fb39c1e6e8bf4614f1ff3a7c9bcbc1b5acff762665dd6,H3-C16-MAIN,MAIN,2024,BTCUSD,M15,671,118,2024-02-27T01:56:40Z,2024-02-28T07:51:40Z,24.67000000,ASIA,RISK_ON,TREND_UP,HIGH
BOSS19_P5_SESSION_ATTRIBUTION_V1,2026-09-03T23:50:00Z,e54f1cfaf58df97acb8fb39c1e6e8bf4614f1ff3a7c9bcbc1b5acff762665dd6,H3-C16-MAIN,MAIN,2024,BTCUSD,M15,672,117,2024-02-27T02:06:40Z,2024-02-28T07:51:40Z,40.98000000,ASIA,RISK_ON,TREND_UP,HIGH
BOSS19_P5_SESSION_ATTRIBUTION_V1,2026-09-03T23:50:00Z,e54f1cfaf58df97acb8fb39c1e6e8bf4614f1ff3a7c9bcbc1b5acff762665dd6,H3-C16-MAIN,MAIN,2024,BTCUSD,M15,676,125,2024-02-28T08:04:20Z,2024-02-28T16:34:40Z,30.52000000,LONDON,RISK_ON,TREND_UP,NORMAL
BOSS19_P5_SESSION_ATTRIBUTION_V1,2026-09-03T23:50:00Z,e54f1cfaf58df97acb8fb39c1e6e8bf4614f1ff3a7c9bcbc1b5acff762665dd6,H3-C16-MAIN,MAIN,2024,BTCUSD,M15,677,124,2024-02-28T08:53:40Z,2024-02-28T16:34:40Z,25.81000000,LONDON,RISK_ON,TREND_UP,HIGH
BOSS19_P5_SESSION_ATTRIBUTION_V1,2026-09-03T23:50:00Z,e54f1cfaf58df97acb8fb39c1e6e8bf4614f1ff3a7c9bcbc1b5acff762665dd6,H3-C16-MAIN,MAIN,2024,BTCUSD,M15,678,123,2024-02-28T13:06:40Z,2024-02-28T16:34:40Z,42.20000000,LONDON_NY_OVERLAP,RISK_ON,TREND_UP,HIGH
BOSS19_P5_SESSION_ATTRIBUTION_V1,2026-09-03T23:50:00Z,e54f1cfaf58df97acb8fb39c1e6e8bf4614f1ff3a7c9bcbc1b5acff762665dd6,H3-C16-MAIN,MAIN,2024,BTCUSD,M15,682,131,2024-02-28T16:56:40Z,2024-03-04T14:35:40Z,35.71000000,NEW_YORK_ONLY,RISK_ON,TREND_UP,EXTREME
BOSS19_P5_SESSION_ATTRIBUTION_V1,2026-09-03T23:50:00Z,e54f1cfaf58df97acb8fb39c1e6e8bf4614f1ff3a7c9bcbc1b5acff762665dd6,H3-C16-MAIN,MAIN,2024,BTCUSD,M15,683,130,2024-02-28T17:04:40Z,2024-03-04T14:35:40Z,31.01000000,NEW_YORK_ONLY,RISK_ON,TREND_UP,EXTREME
BOSS19_P5_SESSION_ATTRIBUTION_V1,2026-09-03T23:50:00Z,e54f1cfaf58df97acb8fb39c1e6e8bf4614f1ff3a7c9bcbc1b5acff762665dd6,H3-C16-MAIN,MAIN,2024,BTCUSD,M15,684,129,2024-02-28T17:12:40Z,2024-03-04T14:35:40Z,52.61000000,NEW_YORK_ONLY,RISK_ON,TREND_UP,EXTREME
BOSS19_P5_SESSION_ATTRIBUTION_V1,2026-09-03T23:50:00Z,e54f1cfaf58df97acb8fb39c1e6e8bf4614f1ff3a7c9bcbc1b5acff762665dd6,H3-C16-MAIN,MAIN,2024,BTCUSD,M15,688,137,2024-03-04T14:56:40Z,2024-03-11T07:32:40Z,45.12000000,LONDON_NY_OVERLAP,NEUTRAL,TREND_UP,EXTREME
BOSS19_P5_SESSION_ATTRIBUTION_V1,2026-09-03T23:50:00Z,e54f1cfaf58df97acb8fb39c1e6e8bf4614f1ff3a7c9bcbc1b5acff762665dd6,H3-C16-MAIN,MAIN,2024,BTCUSD,M15,689,136,2024-03-04T17:17:40Z,2024-03-11T07:32:40Z,39.43000000,NEW_YORK_ONLY,NEUTRAL,TREND_UP,EXTREME
BOSS19_P5_SESSION_ATTRIBUTION_V1,2026-09-03T23:50:00Z,e54f1cfaf58df97acb8fb39c1e6e8bf4614f1ff3a7c9bcbc1b5acff762665dd6,H3-C16-MAIN,MAIN,2024,BTCUSD,M15,690,135,2024-03-04T17:32:20Z,2024-03-11T07:32:40Z,67.51000000,NEW_YORK_ONLY,NEUTRAL,TREND_UP,EXTREME
BOSS19_P5_SESSION_ATTRIBUTION_V1,2026-09-03T23:50:00Z,e54f1cfaf58df97acb8fb39c1e6e8bf4614f1ff3a7c9bcbc1b5acff762665dd6,H3-C16-MAIN,MAIN,2024,BTCUSD,M15,694,141,2024-03-11T09:31:20Z,2024-11-06T19:08:40Z,-9.52000000,LONDON,NEUTRAL,TREND_UP,HIGH
BOSS19_P5_SESSION_ATTRIBUTION_V1,2026-09-03T23:50:00Z,e54f1cfaf58df97acb8fb39c1e6e8bf4614f1ff3a7c9bcbc1b5acff762665dd6,H3-C16-MAIN,MAIN,2024,BTCUSD,M15,695,140,2024-03-11T15:06:40Z,2024-11-06T19:08:40Z,-17.22000000,LONDON_NY_OVERLAP,NEUTRAL,TREND_UP,EXTREME
BOSS19_P5_SESSION_ATTRIBUTION_V1,2026-09-03T23:50:00Z,e54f1cfaf58df97acb8fb39c1e6e8bf4614f1ff3a7c9bcbc1b5acff762665dd6,H3-C16-MAIN,MAIN,2024,BTCUSD,M15,699,143,2024-11-06T20:11:40Z,2024-11-10T05:29:40Z,35.39000000,NEW_YORK_ONLY,RISK_OFF,TREND_UP,HIGH
BOSS19_P5_SESSION_ATTRIBUTION_V1,2026-09-03T23:50:00Z,e54f1cfaf58df97acb8fb39c1e6e8bf4614f1ff3a7c9bcbc1b5acff762665dd6,H3-C16-MAIN,MAIN,2024,BTCUSD,M15,703,149,2024-11-10T17:38:40Z,2024-11-11T16:13:40Z,45.69000000,NEW_YORK_ONLY,RISK_ON,TREND_UP,NORMAL
BOSS19_P5_SESSION_ATTRIBUTION_V1,2026-09-03T23:50:00Z,e54f1cfaf58df97acb8fb39c1e6e8bf4614f1ff3a7c9bcbc1b5acff762665dd6,H3-C16-MAIN,MAIN,2024,BTCUSD,M15,704,148,2024-11-10T18:27:40Z,2024-11-11T16:13:40Z,38.54000000,NEW_YORK_ONLY,RISK_ON,TREND_UP,NORMAL
BOSS19_P5_SESSION_ATTRIBUTION_V1,2026-09-03T23:50:00Z,e54f1cfaf58df97acb8fb39c1e6e8bf4614f1ff3a7c9bcbc1b5acff762665dd6,H3-C16-MAIN,MAIN,2024,BTCUSD,M15,705,147,2024-11-11T03:50:40Z,2024-11-11T16:13:40Z,62.80000000,ASIA,RISK_ON,TREND_UP,HIGH
BOSS19_P5_SESSION_ATTRIBUTION_V1,2026-09-03T23:50:00Z,e54f1cfaf58df97acb8fb39c1e6e8bf4614f1ff3a7c9bcbc1b5acff762665dd6,H3-C16-MAIN,MAIN,2024,BTCUSD,M15,709,155,2024-11-11T18:49:40Z,2024-11-13T14:33:40Z,53.82000000,NEW_YORK_ONLY,RISK_ON,TREND_UP,HIGH
BOSS19_P5_SESSION_ATTRIBUTION_V1,2026-09-03T23:50:00Z,e54f1cfaf58df97acb8fb39c1e6e8bf4614f1ff3a7c9bcbc1b5acff762665dd6,H3-C16-MAIN,MAIN,2024,BTCUSD,M15,710,154,2024-11-11T19:06:40Z,2024-11-13T14:33:40Z,46.58000000,NEW_YORK_ONLY,RISK_ON,TREND_UP,HIGH
BOSS19_P5_SESSION_ATTRIBUTION_V1,2026-09-03T23:50:00Z,e54f1cfaf58df97acb8fb39c1e6e8bf4614f1ff3a7c9bcbc1b5acff762665dd6,H3-C16-MAIN,MAIN,2024,BTCUSD,M15,711,153,2024-11-11T20:11:40Z,2024-11-13T14:33:40Z,78.67000000,NEW_YORK_ONLY,RISK_ON,TREND_UP,HIGH
BOSS19_P5_SESSION_ATTRIBUTION_V1,2026-09-03T23:50:00Z,e54f1cfaf58df97acb8fb39c1e6e8bf4614f1ff3a7c9bcbc1b5acff762665dd6,H3-C16-MAIN,MAIN,2024,BTCUSD,M15,715,159,2024-11-13T15:23:40Z,2024-11-21T04:56:40Z,53.25000000,LONDON_NY_OVERLAP,NEUTRAL,TREND_UP,HIGH
BOSS19_P5_SESSION_ATTRIBUTION_V1,2026-09-03T23:50:00Z,e54f1cfaf58df97acb8fb39c1e6e8bf4614f1ff3a7c9bcbc1b5acff762665dd6,H3-C16-MAIN,MAIN,2024,BTCUSD,M15,716,158,2024-11-13T15:56:20Z,2024-11-21T04:56:40Z,44.91000000,LONDON_NY_OVERLAP,NEUTRAL,TREND_UP,HIGH
BOSS19_P5_SESSION_ATTRIBUTION_V1,2026-09-03T23:50:00Z,e54f1cfaf58df97acb8fb39c1e6e8bf4614f1ff3a7c9bcbc1b5acff762665dd6,H3-C16-MAIN,MAIN,2024,BTCUSD,M15,720,161,2024-11-21T19:10:40Z,2024-12-15T23:20:40Z,51.68000000,NEW_YORK_ONLY,NEUTRAL,RANGE,HIGH
BOSS19_P5_SESSION_ATTRIBUTION_V1,2026-09-03T23:50:00Z,e54f1cfaf58df97acb8fb39c1e6e8bf4614f1ff3a7c9bcbc1b5acff762665dd6,H3-C16-MAIN,MAIN,2024,BTCUSD,M15,724,163,2024-12-16T00:30:40Z,2025-05-21T16:34:40Z,-3.14000000,ASIA,NEUTRAL,TREND_UP,NORMAL
BOSS19_P5_SESSION_ATTRIBUTION_V1,2026-09-03T23:50:00Z,e54f1cfaf58df97acb8fb39c1e6e8bf4614f1ff3a7c9bcbc1b5acff762665dd6,H3-C16-MAIN,MAIN,2025,BTCUSD,M15,728,167,2025-05-21T23:26:40Z,2025-07-10T21:17:40Z,29.22000000,OUTSIDE_DEFINED_SESSION,NEUTRAL,RANGE,HIGH
BOSS19_P5_SESSION_ATTRIBUTION_V1,2026-09-03T23:50:00Z,e54f1cfaf58df97acb8fb39c1e6e8bf4614f1ff3a7c9bcbc1b5acff762665dd6,H3-C16-MAIN,MAIN,2025,BTCUSD,M15,729,166,2025-05-22T03:42:40Z,2025-07-10T21:17:40Z,21.06000000,ASIA,RISK_OFF,TREND_UP,HIGH
BOSS19_P5_SESSION_ATTRIBUTION_V1,2026-09-03T23:50:00Z,e54f1cfaf58df97acb8fb39c1e6e8bf4614f1ff3a7c9bcbc1b5acff762665dd6,H3-C16-MAIN,MAIN,2025,BTCUSD,M15,734,172,2025-07-10T21:19:40Z,2025-07-14T03:42:40Z,44.37000000,OUTSIDE_DEFINED_SESSION,NEUTRAL,TREND_UP,NORMAL
BOSS19_P5_SESSION_ATTRIBUTION_V1,2026-09-03T23:50:00Z,e54f1cfaf58df97acb8fb39c1e6e8bf4614f1ff3a7c9bcbc1b5acff762665dd6,H3-C16-MAIN,MAIN,2025,BTCUSD,M15,733,173,2025-07-10T21:19:40Z,2025-07-14T03:42:40Z,52.31000000,OUTSIDE_DEFINED_SESSION,NEUTRAL,TREND_UP,NORMAL
BOSS19_P5_SESSION_ATTRIBUTION_V1,2026-09-03T23:50:00Z,e54f1cfaf58df97acb8fb39c1e6e8bf4614f1ff3a7c9bcbc1b5acff762665dd6,H3-C16-MAIN,MAIN,2025,BTCUSD,M15,735,171,2025-07-11T05:08:40Z,2025-07-14T03:42:40Z,72.86000000,ASIA,NEUTRAL,TREND_UP,NORMAL
BOSS19_P5_SESSION_ATTRIBUTION_V1,2026-09-03T23:50:00Z,e54f1cfaf58df97acb8fb39c1e6e8bf4614f1ff3a7c9bcbc1b5acff762665dd6,H3-C16-MAIN,MAIN,2025,BTCUSD,M15,739,179,2025-07-14T03:43:40Z,2025-10-06T18:56:40Z,16.98000000,ASIA,NEUTRAL,TREND_UP,NORMAL
BOSS19_P5_SESSION_ATTRIBUTION_V1,2026-09-03T23:50:00Z,e54f1cfaf58df97acb8fb39c1e6e8bf4614f1ff3a7c9bcbc1b5acff762665dd6,H3-C16-MAIN,MAIN,2025,BTCUSD,M15,740,178,2025-07-14T05:24:40Z,2025-10-06T18:56:40Z,9.04000000,ASIA,NEUTRAL,TREND_UP,NORMAL
BOSS19_P5_SESSION_ATTRIBUTION_V1,2026-09-03T23:50:00Z,e54f1cfaf58df97acb8fb39c1e6e8bf4614f1ff3a7c9bcbc1b5acff762665dd6,H3-C16-MAIN,MAIN,2025,BTCUSD,M15,741,177,2025-07-14T07:38:40Z,2025-10-06T18:56:40Z,2.25000000,LONDON,NEUTRAL,TREND_UP,NORMAL
BOSS19_P5_SESSION_ATTRIBUTION_V1,2026-09-03T23:50:00Z,e54f1cfaf58df97acb8fb39c1e6e8bf4614f1ff3a7c9bcbc1b5acff762665dd6,H3-C16-MAIN,MAIN,2025,BTCUSD,M15,772,183,2025-10-08T14:02:20Z,2025-12-30T21:59:59Z,-376.78000000,LONDON_NY_OVERLAP,NEUTRAL,RANGE,NORMAL
BOSS19_P5_SESSION_ATTRIBUTION_V1,2026-09-03T23:50:00Z,e54f1cfaf58df97acb8fb39c1e6e8bf4614f1ff3a7c9bcbc1b5acff762665dd6,H3-C16-MAIN,MAIN,2025,BTCUSD,M15,773,182,2025-10-08T17:56:40Z,2025-12-30T21:59:59Z,-384.60000000,NEW_YORK_ONLY,NEUTRAL,RANGE,NORMAL
BOSS19_P5_SESSION_ATTRIBUTION_V1,2026-09-03T23:50:00Z,e54f1cfaf58df97acb8fb39c1e6e8bf4614f1ff3a7c9bcbc1b5acff762665dd6,H3-C17-BWD,BWD,2020,BTCUSD,H1,2,3,2020-01-03T09:52:40Z,2020-03-12T10:30:40Z,1.58000000,LONDON,NEUTRAL,RANGE,NORMAL
BOSS19_P5_SESSION_ATTRIBUTION_V1,2026-09-03T23:50:00Z,e54f1cfaf58df97acb8fb39c1e6e8bf4614f1ff3a7c9bcbc1b5acff762665dd6,H3-C17-BWD,BWD,2020,BTCUSD,H1,11,7,2020-03-17T13:13:40Z,2020-03-17T13:15:00Z,5.62000000,LONDON_NY_OVERLAP,STRESS,RANGE,EXTREME
BOSS19_P5_SESSION_ATTRIBUTION_V1,2026-09-03T23:50:00Z,e54f1cfaf58df97acb8fb39c1e6e8bf4614f1ff3a7c9bcbc1b5acff762665dd6,H3-C17-BWD,BWD,2020,BTCUSD,H1,10,8,2020-03-17T13:13:40Z,2020-03-17T13:15:00Z,3.60000000,LONDON_NY_OVERLAP,STRESS,RANGE,EXTREME
BOSS19_P5_SESSION_ATTRIBUTION_V1,2026-09-03T23:50:00Z,e54f1cfaf58df97acb8fb39c1e6e8bf4614f1ff3a7c9bcbc1b5acff762665dd6,H3-C17-BWD,BWD,2020,BTCUSD,H1,9,9,2020-03-17T13:13:40Z,2020-03-17T13:44:40Z,2.10000000,LONDON_NY_OVERLAP,STRESS,RANGE,EXTREME
BOSS19_P5_SESSION_ATTRIBUTION_V1,2026-09-03T23:50:00Z,e54f1cfaf58df97acb8fb39c1e6e8bf4614f1ff3a7c9bcbc1b5acff762665dd6,H3-C17-BWD,BWD,2020,BTCUSD,H1,15,11,2020-03-17T16:01:40Z,2020-03-18T07:25:40Z,2.26000000,NEW_YORK_ONLY,STRESS,RANGE,EXTREME
BOSS19_P5_SESSION_ATTRIBUTION_V1,2026-09-03T23:50:00Z,e54f1cfaf58df97acb8fb39c1e6e8bf4614f1ff3a7c9bcbc1b5acff762665dd6,H3-C17-BWD,BWD,2020,BTCUSD,H1,19,13,2020-03-18T13:54:40Z,2022-12-30T21:59:59Z,-115.18000000,LONDON_NY_OVERLAP,STRESS,RANGE,EXTREME
BOSS19_P5_SESSION_ATTRIBUTION_V1,2026-09-03T23:50:00Z,e54f1cfaf58df97acb8fb39c1e6e8bf4614f1ff3a7c9bcbc1b5acff762665dd6,H3-C17-MAIN,MAIN,2023,BTCUSD,H1,5,5,2023-01-02T08:17:40Z,2023-01-09T18:08:40Z,5.48000000,LONDON,RISK_OFF,TRANSITION,LOW
BOSS19_P5_SESSION_ATTRIBUTION_V1,2026-09-03T23:50:00Z,e54f1cfaf58df97acb8fb39c1e6e8bf4614f1ff3a7c9bcbc1b5acff762665dd6,H3-C17-MAIN,MAIN,2023,BTCUSD,H1,6,4,2023-01-04T04:00:40Z,2023-01-09T18:08:40Z,4.44000000,ASIA,RISK_OFF,RANGE,LOW
BOSS19_P5_SESSION_ATTRIBUTION_V1,2026-09-03T23:50:00Z,e54f1cfaf58df97acb8fb39c1e6e8bf4614f1ff3a7c9bcbc1b5acff762665dd6,H3-C17-MAIN,MAIN,2023,BTCUSD,H1,10,11,2023-01-11T01:06:40Z,2023-01-12T00:55:40Z,6.61000000,ASIA,RISK_OFF,TREND_UP,LOW
BOSS19_P5_SESSION_ATTRIBUTION_V1,2026-09-03T23:50:00Z,e54f1cfaf58df97acb8fb39c1e6e8bf4614f1ff3a7c9bcbc1b5acff762665dd6,H3-C17-MAIN,MAIN,2023,BTCUSD,H1,11,10,2023-01-11T23:27:40Z,2023-01-12T00:55:40Z,5.66000000,OUTSIDE_DEFINED_SESSION,RISK_OFF,TREND_UP,LOW
BOSS19_P5_SESSION_ATTRIBUTION_V1,2026-09-03T23:50:00Z,e54f1cfaf58df97acb8fb39c1e6e8bf4614f1ff3a7c9bcbc1b5acff762665dd6,H3-C17-MAIN,MAIN,2023,BTCUSD,H1,12,9,2023-01-11T23:32:40Z,2023-01-12T00:55:40Z,9.27000000,OUTSIDE_DEFINED_SESSION,RISK_OFF,TREND_UP,LOW
BOSS19_P5_SESSION_ATTRIBUTION_V1,2026-09-03T23:50:00Z,e54f1cfaf58df97acb8fb39c1e6e8bf4614f1ff3a7c9bcbc1b5acff762665dd6,H3-C17-MAIN,MAIN,2023,BTCUSD,H1,16,17,2023-01-12T00:59:40Z,2023-01-12T18:00:40Z,7.11000000,ASIA,RISK_OFF,TREND_UP,LOW
BOSS19_P5_SESSION_ATTRIBUTION_V1,2026-09-03T23:50:00Z,e54f1cfaf58df97acb8fb39c1e6e8bf4614f1ff3a7c9bcbc1b5acff762665dd6,H3-C17-MAIN,MAIN,2023,BTCUSD,H1,17,16,2023-01-12T02:48:40Z,2023-01-12T18:00:40Z,6.10000000,ASIA,RISK_OFF,TREND_UP,NORMAL
BOSS19_P5_SESSION_ATTRIBUTION_V1,2026-09-03T23:50:00Z,e54f1cfaf58df97acb8fb39c1e6e8bf4614f1ff3a7c9bcbc1b5acff762665dd6,H3-C17-MAIN,MAIN,2023,BTCUSD,H1,18,15,2023-01-12T17:36:40Z,2023-01-12T18:00:40Z,10.17000000,NEW_YORK_ONLY,RISK_OFF,TREND_UP,NORMAL
BOSS19_P5_SESSION_ATTRIBUTION_V1,2026-09-03T23:50:00Z,e54f1cfaf58df97acb8fb39c1e6e8bf4614f1ff3a7c9bcbc1b5acff762665dd6,H3-C17-MAIN,MAIN,2023,BTCUSD,H1,22,23,2023-01-12T19:48:20Z,2023-01-13T21:38:40Z,8.23000000,NEW_YORK_ONLY,RISK_OFF,TREND_UP,NORMAL
BOSS19_P5_SESSION_ATTRIBUTION_V1,2026-09-03T23:50:00Z,e54f1cfaf58df97acb8fb39c1e6e8bf4614f1ff3a7c9bcbc1b5acff762665dd6,H3-C17-MAIN,MAIN,2023,BTCUSD,H1,23,22,2023-01-13T14:58:20Z,2023-01-13T21:38:40Z,7.30000000,LONDON_NY_OVERLAP,RISK_OFF,TREND_UP,NORMAL
BOSS19_P5_SESSION_ATTRIBUTION_V1,2026-09-03T23:50:00Z,e54f1cfaf58df97acb8fb39c1e6e8bf4614f1ff3a7c9bcbc1b5acff762665dd6,H3-C17-MAIN,MAIN,2023,BTCUSD,H1,24,21,2023-01-13T15:27:40Z,2023-01-13T21:38:40Z,12.58000000,LONDON_NY_OVERLAP,RISK_OFF,TREND_UP,NORMAL
BOSS19_P5_SESSION_ATTRIBUTION_V1,2026-09-03T23:50:00Z,e54f1cfaf58df97acb8fb39c1e6e8bf4614f1ff3a7c9bcbc1b5acff762665dd6,H3-C17-MAIN,MAIN,2023,BTCUSD,H1,28,29,2023-01-13T23:59:20Z,2023-01-14T00:38:40Z,10.58000000,OUTSIDE_DEFINED_SESSION,RISK_OFF,TREND_UP,NORMAL
BOSS19_P5_SESSION_ATTRIBUTION_V1,2026-09-03T23:50:00Z,e54f1cfaf58df97acb8fb39c1e6e8bf4614f1ff3a7c9bcbc1b5acff762665dd6,H3-C17-MAIN,MAIN,2023,BTCUSD,H1,29,28,2023-01-14T00:06:40Z,2023-01-14T00:38:40Z,9.44000000,ASIA,NEUTRAL,TREND_UP,NORMAL
BOSS19_P5_SESSION_ATTRIBUTION_V1,2026-09-03T23:50:00Z,e54f1cfaf58df97acb8fb39c1e6e8bf4614f1ff3a7c9bcbc1b5acff762665dd6,H3-C17-MAIN,MAIN,2023,BTCUSD,H1,30,27,2023-01-14T00:12:40Z,2023-01-14T00:38:40Z,16.59000000,ASIA,NEUTRAL,TREND_UP,NORMAL
BOSS19_P5_SESSION_ATTRIBUTION_V1,2026-09-03T23:50:00Z,e54f1cfaf58df97acb8fb39c1e6e8bf4614f1ff3a7c9bcbc1b5acff762665dd6,H3-C17-MAIN,MAIN,2023,BTCUSD,H1,35,34,2023-01-14T00:40:40Z,2023-01-20T20:38:40Z,8.75000000,ASIA,NEUTRAL,TREND_UP,NORMAL
BOSS19_P5_SESSION_ATTRIBUTION_V1,2026-09-03T23:50:00Z,e54f1cfaf58df97acb8fb39c1e6e8bf4614f1ff3a7c9bcbc1b5acff762665dd6,H3-C17-MAIN,MAIN,2023,BTCUSD,H1,34,35,2023-01-14T00:40:40Z,2023-01-20T20:38:40Z,10.01000000,ASIA,NEUTRAL,TREND_UP,NORMAL
BOSS19_P5_SESSION_ATTRIBUTION_V1,2026-09-03T23:50:00Z,e54f1cfaf58df97acb8fb39c1e6e8bf4614f1ff3a7c9bcbc1b5acff762665dd6,H3-C17-MAIN,MAIN,2023,BTCUSD,H1,36,33,2023-01-16T02:24:40Z,2023-01-20T20:38:40Z,15.01000000,ASIA,NEUTRAL,TREND_UP,NORMAL
BOSS19_P5_SESSION_ATTRIBUTION_V1,2026-09-03T23:50:00Z,e54f1cfaf58df97acb8fb39c1e6e8bf4614f1ff3a7c9bcbc1b5acff762665dd6,H3-C17-MAIN,MAIN,2023,BTCUSD,H1,40,41,2023-01-20T20:54:40Z,2023-01-21T17:52:20Z,10.03000000,NEW_YORK_ONLY,RISK_OFF,RANGE,NORMAL
BOSS19_P5_SESSION_ATTRIBUTION_V1,2026-09-03T23:50:00Z,e54f1cfaf58df97acb8fb39c1e6e8bf4614f1ff3a7c9bcbc1b5acff762665dd6,H3-C17-MAIN,MAIN,2023,BTCUSD,H1,41,40,2023-01-20T23:00:00Z,2023-01-21T17:52:20Z,8.66000000,OUTSIDE_DEFINED_SESSION,RISK_OFF,TREND_UP,NORMAL
BOSS19_P5_SESSION_ATTRIBUTION_V1,2026-09-03T23:50:00Z,e54f1cfaf58df97acb8fb39c1e6e8bf4614f1ff3a7c9bcbc1b5acff762665dd6,H3-C17-MAIN,MAIN,2023,BTCUSD,H1,42,39,2023-01-20T23:00:40Z,2023-01-21T17:52:20Z,14.39000000,OUTSIDE_DEFINED_SESSION,RISK_OFF,TREND_UP,NORMAL
BOSS19_P5_SESSION_ATTRIBUTION_V1,2026-09-03T23:50:00Z,e54f1cfaf58df97acb8fb39c1e6e8bf4614f1ff3a7c9bcbc1b5acff762665dd6,H3-C17-MAIN,MAIN,2023,BTCUSD,H1,70,43,2023-01-25T05:23:40Z,2023-01-25T14:35:40Z,1.76000000,ASIA,NEUTRAL,TRANSITION,NORMAL
BOSS19_P5_SESSION_ATTRIBUTION_V1,2026-09-03T23:50:00Z,e54f1cfaf58df97acb8fb39c1e6e8bf4614f1ff3a7c9bcbc1b5acff762665dd6,H3-C17-MAIN,MAIN,2023,BTCUSD,H1,71,47,2023-01-25T20:01:40Z,2023-01-27T01:37:40Z,2.45000000,NEW_YORK_ONLY,NEUTRAL,RANGE,NORMAL
BOSS19_P5_SESSION_ATTRIBUTION_V1,2026-09-03T23:50:00Z,e54f1cfaf58df97acb8fb39c1e6e8bf4614f1ff3a7c9bcbc1b5acff762665dd6,H3-C17-MAIN,MAIN,2023,BTCUSD,H1,72,46,2023-01-25T21:09:40Z,2023-01-27T01:36:40Z,3.48000000,OUTSIDE_DEFINED_SESSION,NEUTRAL,RANGE,NORMAL
BOSS19_P5_SESSION_ATTRIBUTION_V1,2026-09-03T23:50:00Z,e54f1cfaf58df97acb8fb39c1e6e8bf4614f1ff3a7c9bcbc1b5acff762665dd6,H3-C17-MAIN,MAIN,2023,BTCUSD,H1,76,49,2023-01-27T04:23:40Z,2023-01-29T19:30:40Z,10.07000000,ASIA,NEUTRAL,RANGE,NORMAL
BOSS19_P5_SESSION_ATTRIBUTION_V1,2026-09-03T23:50:00Z,e54f1cfaf58df97acb8fb39c1e6e8bf4614f1ff3a7c9bcbc1b5acff762665dd6,H3-C17-MAIN,MAIN,2023,BTCUSD,H1,125,51,2023-02-01T19:47:40Z,2023-02-05T12:55:40Z,2.57000000,NEW_YORK_ONLY,NEUTRAL,RANGE,NORMAL
BOSS19_P5_SESSION_ATTRIBUTION_V1,2026-09-03T23:50:00Z,e54f1cfaf58df97acb8fb39c1e6e8bf4614f1ff3a7c9bcbc1b5acff762665dd6,H3-C17-MAIN,MAIN,2023,BTCUSD,H1,129,53,2023-02-07T17:54:40Z,2023-02-07T18:16:40Z,2.91000000,NEW_YORK_ONLY,RISK_OFF,RANGE,LOW
BOSS19_P5_SESSION_ATTRIBUTION_V1,2026-09-03T23:50:00Z,e54f1cfaf58df97acb8fb39c1e6e8bf4614f1ff3a7c9bcbc1b5acff762665dd6,H3-C17-MAIN,MAIN,2023,BTCUSD,H1,133,55,2023-02-08T01:12:40Z,2023-02-16T00:16:40Z,12.74000000,ASIA,RISK_OFF,TRANSITION,NORMAL
BOSS19_P5_SESSION_ATTRIBUTION_V1,2026-09-03T23:50:00Z,e54f1cfaf58df97acb8fb39c1e6e8bf4614f1ff3a7c9bcbc1b5acff762665dd6,H3-C17-MAIN,MAIN,2023,BTCUSD,H1,137,57,2023-02-16T15:53:40Z,2023-03-14T13:04:40Z,13.47000000,LONDON_NY_OVERLAP,NEUTRAL,TREND_UP,NORMAL
BOSS19_P5_SESSION_ATTRIBUTION_V1,2026-09-03T23:50:00Z,e54f1cfaf58df97acb8fb39c1e6e8bf4614f1ff3a7c9bcbc1b5acff762665dd6,H3-C17-MAIN,MAIN,2023,BTCUSD,H1,141,63,2023-03-17T10:48:20Z,2023-03-30T02:32:20Z,21.71000000,LONDON,RISK_OFF,TREND_UP,HIGH
BOSS19_P5_SESSION_ATTRIBUTION_V1,2026-09-03T23:50:00Z,e54f1cfaf58df97acb8fb39c1e6e8bf4614f1ff3a7c9bcbc1b5acff762665dd6,H3-C17-MAIN,MAIN,2023,BTCUSD,H1,142,62,2023-03-17T22:00:00Z,2023-03-30T02:32:20Z,18.80000000,OUTSIDE_DEFINED_SESSION,RISK_OFF,TREND_UP,HIGH
BOSS19_P5_SESSION_ATTRIBUTION_V1,2026-09-03T23:50:00Z,e54f1cfaf58df97acb8fb39c1e6e8bf4614f1ff3a7c9bcbc1b5acff762665dd6,H3-C17-MAIN,MAIN,2023,BTCUSD,H1,143,61,2023-03-17T22:22:40Z,2023-03-30T02:32:20Z,31.60000000,OUTSIDE_DEFINED_SESSION,RISK_OFF,TREND_UP,HIGH
BOSS19_P5_SESSION_ATTRIBUTION_V1,2026-09-03T23:50:00Z,e54f1cfaf58df97acb8fb39c1e6e8bf4614f1ff3a7c9bcbc1b5acff762665dd6,H3-C17-MAIN,MAIN,2023,BTCUSD,H1,192,65,2023-03-31T13:10:20Z,2023-04-03T01:42:40Z,4.75000000,LONDON_NY_OVERLAP,NEUTRAL,RANGE,NORMAL
BOSS19_P5_SESSION_ATTRIBUTION_V1,2026-09-03T23:50:00Z,e54f1cfaf58df97acb8fb39c1e6e8bf4614f1ff3a7c9bcbc1b5acff762665dd6,H3-C17-MAIN,MAIN,2023,BTCUSD,H1,196,69,2023-04-03T08:07:40Z,2023-04-03T20:13:40Z,4.20000000,LONDON,NEUTRAL,TREND_DOWN,NORMAL
BOSS19_P5_SESSION_ATTRIBUTION_V1,2026-09-03T23:50:00Z,e54f1cfaf58df97acb8fb39c1e6e8bf4614f1ff3a7c9bcbc1b5acff762665dd6,H3-C17-MAIN,MAIN,2023,BTCUSD,H1,197,68,2023-04-03T10:30:40Z,2023-04-03T12:29:40Z,3.84000000,LONDON,NEUTRAL,RANGE,NORMAL
BOSS19_P5_SESSION_ATTRIBUTION_V1,2026-09-03T23:50:00Z,e54f1cfaf58df97acb8fb39c1e6e8bf4614f1ff3a7c9bcbc1b5acff762665dd6,H3-C17-MAIN,MAIN,2023,BTCUSD,H1,291,71,2023-04-05T00:55:40Z,2023-04-11T02:09:40Z,18.66000000,ASIA,RISK_OFF,RANGE,NORMAL
BOSS19_P5_SESSION_ATTRIBUTION_V1,2026-09-03T23:50:00Z,e54f1cfaf58df97acb8fb39c1e6e8bf4614f1ff3a7c9bcbc1b5acff762665dd6,H3-C17-MAIN,MAIN,2023,BTCUSD,H1,295,73,2023-04-14T00:37:40Z,2023-10-23T22:19:40Z,-4.43000000,ASIA,NEUTRAL,TREND_UP,NORMAL
BOSS19_P5_SESSION_ATTRIBUTION_V1,2026-09-03T23:50:00Z,e54f1cfaf58df97acb8fb39c1e6e8bf4614f1ff3a7c9bcbc1b5acff762665dd6,H3-C17-MAIN,MAIN,2023,BTCUSD,H1,299,79,2023-10-23T22:29:40Z,2023-10-23T22:42:40Z,27.35000000,OUTSIDE_DEFINED_SESSION,NEUTRAL,TREND_UP,HIGH
BOSS19_P5_SESSION_ATTRIBUTION_V1,2026-09-03T23:50:00Z,e54f1cfaf58df97acb8fb39c1e6e8bf4614f1ff3a7c9bcbc1b5acff762665dd6,H3-C17-MAIN,MAIN,2023,BTCUSD,H1,300,78,2023-10-23T22:40:40Z,2023-10-23T22:42:40Z,25.01000000,OUTSIDE_DEFINED_SESSION,NEUTRAL,TREND_UP,HIGH
BOSS19_P5_SESSION_ATTRIBUTION_V1,2026-09-03T23:50:00Z,e54f1cfaf58df97acb8fb39c1e6e8bf4614f1ff3a7c9bcbc1b5acff762665dd6,H3-C17-MAIN,MAIN,2023,BTCUSD,H1,301,77,2023-10-23T22:41:40Z,2023-10-23T22:42:40Z,45.32000000,OUTSIDE_DEFINED_SESSION,NEUTRAL,TREND_UP,HIGH
BOSS19_P5_SESSION_ATTRIBUTION_V1,2026-09-03T23:50:00Z,e54f1cfaf58df97acb8fb39c1e6e8bf4614f1ff3a7c9bcbc1b5acff762665dd6,H3-C17-MAIN,MAIN,2023,BTCUSD,H1,305,85,2023-10-24T02:17:40Z,2023-11-09T02:26:20Z,17.65000000,ASIA,NEUTRAL,TREND_UP,EXTREME
BOSS19_P5_SESSION_ATTRIBUTION_V1,2026-09-03T23:50:00Z,e54f1cfaf58df97acb8fb39c1e6e8bf4614f1ff3a7c9bcbc1b5acff762665dd6,H3-C17-MAIN,MAIN,2023,BTCUSD,H1,306,84,2023-10-24T02:24:40Z,2023-11-09T02:26:20Z,15.30000000,ASIA,NEUTRAL,TREND_UP,EXTREME
BOSS19_P5_SESSION_ATTRIBUTION_V1,2026-09-03T23:50:00Z,e54f1cfaf58df97acb8fb39c1e6e8bf4614f1ff3a7c9bcbc1b5acff762665dd6,H3-C17-MAIN,MAIN,2023,BTCUSD,H1,307,83,2023-10-24T02:26:40Z,2023-11-09T02:26:20Z,25.93000000,ASIA,NEUTRAL,TREND_UP,EXTREME
BOSS19_P5_SESSION_ATTRIBUTION_V1,2026-09-03T23:50:00Z,e54f1cfaf58df97acb8fb39c1e6e8bf4614f1ff3a7c9bcbc1b5acff762665dd6,H3-C17-MAIN,MAIN,2023,BTCUSD,H1,311,91,2023-11-09T04:36:40Z,2023-12-01T16:33:40Z,19.39000000,ASIA,NEUTRAL,TREND_UP,HIGH
BOSS19_P5_SESSION_ATTRIBUTION_V1,2026-09-03T23:50:00Z,e54f1cfaf58df97acb8fb39c1e6e8bf4614f1ff3a7c9bcbc1b5acff762665dd6,H3-C17-MAIN,MAIN,2023,BTCUSD,H1,312,90,2023-11-09T12:47:40Z,2023-12-01T16:33:40Z,16.21000000,LONDON_NY_OVERLAP,NEUTRAL,TREND_UP,NORMAL
BOSS19_P5_SESSION_ATTRIBUTION_V1,2026-09-03T23:50:00Z,e54f1cfaf58df97acb8fb39c1e6e8bf4614f1ff3a7c9bcbc1b5acff762665dd6,H3-C17-MAIN,MAIN,2023,BTCUSD,H1,313,89,2023-11-09T14:01:40Z,2023-12-01T16:33:40Z,26.10000000,LONDON_NY_OVERLAP,NEUTRAL,TREND_UP,NORMAL
BOSS19_P5_SESSION_ATTRIBUTION_V1,2026-09-03T23:50:00Z,e54f1cfaf58df97acb8fb39c1e6e8bf4614f1ff3a7c9bcbc1b5acff762665dd6,H3-C17-MAIN,MAIN,2023,BTCUSD,H1,317,97,2023-12-02T19:09:40Z,2023-12-04T05:23:40Z,22.32000000,NEW_YORK_ONLY,NEUTRAL,TREND_UP,NORMAL
BOSS19_P5_SESSION_ATTRIBUTION_V1,2026-09-03T23:50:00Z,e54f1cfaf58df97acb8fb39c1e6e8bf4614f1ff3a7c9bcbc1b5acff762665dd6,H3-C17-MAIN,MAIN,2023,BTCUSD,H1,318,96,2023-12-02T19:12:40Z,2023-12-04T05:23:40Z,18.80000000,NEW_YORK_ONLY,NEUTRAL,TREND_UP,NORMAL
BOSS19_P5_SESSION_ATTRIBUTION_V1,2026-09-03T23:50:00Z,e54f1cfaf58df97acb8fb39c1e6e8bf4614f1ff3a7c9bcbc1b5acff762665dd6,H3-C17-MAIN,MAIN,2023,BTCUSD,H1,319,95,2023-12-03T22:21:40Z,2023-12-04T05:23:40Z,30.59000000,OUTSIDE_DEFINED_SESSION,NEUTRAL,TREND_UP,NORMAL
BOSS19_P5_SESSION_ATTRIBUTION_V1,2026-09-03T23:50:00Z,e54f1cfaf58df97acb8fb39c1e6e8bf4614f1ff3a7c9bcbc1b5acff762665dd6,H3-C17-MAIN,MAIN,2023,BTCUSD,H1,323,103,2023-12-04T10:33:40Z,2023-12-05T18:43:40Z,22.27000000,LONDON,NEUTRAL,TREND_UP,NORMAL
BOSS19_P5_SESSION_ATTRIBUTION_V1,2026-09-03T23:50:00Z,e54f1cfaf58df97acb8fb39c1e6e8bf4614f1ff3a7c9bcbc1b5acff762665dd6,H3-C17-MAIN,MAIN,2023,BTCUSD,H1,324,102,2023-12-04T22:14:00Z,2023-12-05T18:43:40Z,19.03000000,OUTSIDE_DEFINED_SESSION,NEUTRAL,TREND_UP,HIGH
BOSS19_P5_SESSION_ATTRIBUTION_V1,2026-09-03T23:50:00Z,e54f1cfaf58df97acb8fb39c1e6e8bf4614f1ff3a7c9bcbc1b5acff762665dd6,H3-C17-MAIN,MAIN,2023,BTCUSD,H1,325,101,2023-12-05T16:40:40Z,2023-12-05T18:43:40Z,31.21000000,NEW_YORK_ONLY,NEUTRAL,TREND_UP,NORMAL
BOSS19_P5_SESSION_ATTRIBUTION_V1,2026-09-03T23:50:00Z,e54f1cfaf58df97acb8fb39c1e6e8bf4614f1ff3a7c9bcbc1b5acff762665dd6,H3-C17-MAIN,MAIN,2023,BTCUSD,H1,329,105,2023-12-05T22:29:40Z,2024-01-08T18:44:40Z,21.41000000,OUTSIDE_DEFINED_SESSION,NEUTRAL,TREND_UP,EXTREME
BOSS19_P5_SESSION_ATTRIBUTION_V1,2026-09-03T23:50:00Z,e54f1cfaf58df97acb8fb39c1e6e8bf4614f1ff3a7c9bcbc1b5acff762665dd6,H3-C17-MAIN,MAIN,2024,BTCUSD,H1,333,109,2024-01-09T21:12:00Z,2024-02-12T15:41:40Z,18.58000000,OUTSIDE_DEFINED_SESSION,RISK_ON,TREND_UP,EXTREME
BOSS19_P5_SESSION_ATTRIBUTION_V1,2026-09-03T23:50:00Z,e54f1cfaf58df97acb8fb39c1e6e8bf4614f1ff3a7c9bcbc1b5acff762665dd6,H3-C17-MAIN,MAIN,2024,BTCUSD,H1,334,108,2024-01-09T21:15:20Z,2024-02-12T15:41:40Z,13.64000000,OUTSIDE_DEFINED_SESSION,RISK_ON,TREND_UP,EXTREME
BOSS19_P5_SESSION_ATTRIBUTION_V1,2026-09-03T23:50:00Z,e54f1cfaf58df97acb8fb39c1e6e8bf4614f1ff3a7c9bcbc1b5acff762665dd6,H3-C17-MAIN,MAIN,2024,BTCUSD,H1,338,115,2024-02-12T17:19:40Z,2024-02-15T14:34:40Z,26.61000000,NEW_YORK_ONLY,NEUTRAL,TREND_UP,HIGH
BOSS19_P5_SESSION_ATTRIBUTION_V1,2026-09-03T23:50:00Z,e54f1cfaf58df97acb8fb39c1e6e8bf4614f1ff3a7c9bcbc1b5acff762665dd6,H3-C17-MAIN,MAIN,2024,BTCUSD,H1,339,114,2024-02-14T08:57:40Z,2024-02-15T14:34:40Z,23.01000000,LONDON,NEUTRAL,RANGE,NORMAL
BOSS19_P5_SESSION_ATTRIBUTION_V1,2026-09-03T23:50:00Z,e54f1cfaf58df97acb8fb39c1e6e8bf4614f1ff3a7c9bcbc1b5acff762665dd6,H3-C17-MAIN,MAIN,2024,BTCUSD,H1,340,113,2024-02-14T09:08:40Z,2024-02-15T14:34:40Z,38.01000000,LONDON,NEUTRAL,RANGE,HIGH
BOSS19_P5_SESSION_ATTRIBUTION_V1,2026-09-03T23:50:00Z,e54f1cfaf58df97acb8fb39c1e6e8bf4614f1ff3a7c9bcbc1b5acff762665dd6,H3-C17-MAIN,MAIN,2024,BTCUSD,H1,368,119,2024-02-17T20:51:40Z,2024-02-20T17:21:40Z,4.62000000,NEW_YORK_ONLY,RISK_ON,RANGE,NORMAL
BOSS19_P5_SESSION_ATTRIBUTION_V1,2026-09-03T23:50:00Z,e54f1cfaf58df97acb8fb39c1e6e8bf4614f1ff3a7c9bcbc1b5acff762665dd6,H3-C17-MAIN,MAIN,2024,BTCUSD,H1,369,118,2024-02-17T21:23:40Z,2024-02-18T02:06:40Z,4.45000000,OUTSIDE_DEFINED_SESSION,RISK_ON,RANGE,NORMAL
BOSS19_P5_SESSION_ATTRIBUTION_V1,2026-09-03T23:50:00Z,e54f1cfaf58df97acb8fb39c1e6e8bf4614f1ff3a7c9bcbc1b5acff762665dd6,H3-C17-MAIN,MAIN,2024,BTCUSD,H1,373,123,2024-02-20T18:23:40Z,2024-02-21T10:08:40Z,4.61000000,NEW_YORK_ONLY,RISK_ON,TRANSITION,HIGH
BOSS19_P5_SESSION_ATTRIBUTION_V1,2026-09-03T23:50:00Z,e54f1cfaf58df97acb8fb39c1e6e8bf4614f1ff3a7c9bcbc1b5acff762665dd6,H3-C17-MAIN,MAIN,2024,BTCUSD,H1,374,122,2024-02-20T19:45:40Z,2024-02-21T09:18:20Z,4.46000000,NEW_YORK_ONLY,RISK_ON,TRANSITION,HIGH
BOSS19_P5_SESSION_ATTRIBUTION_V1,2026-09-03T23:50:00Z,e54f1cfaf58df97acb8fb39c1e6e8bf4614f1ff3a7c9bcbc1b5acff762665dd6,H3-C17-MAIN,MAIN,2024,BTCUSD,H1,378,125,2024-02-21T10:51:40Z,2024-02-21T11:37:00Z,4.45000000,LONDON,NEUTRAL,TRANSITION,NORMAL
BOSS19_P5_SESSION_ATTRIBUTION_V1,2026-09-03T23:50:00Z,e54f1cfaf58df97acb8fb39c1e6e8bf4614f1ff3a7c9bcbc1b5acff762665dd6,H3-C17-MAIN,MAIN,2024,BTCUSD,H1,379,127,2024-02-21T23:47:40Z,2024-02-22T01:33:40Z,4.42000000,OUTSIDE_DEFINED_SESSION,NEUTRAL,RANGE,HIGH
BOSS19_P5_SESSION_ATTRIBUTION_V1,2026-09-03T23:50:00Z,e54f1cfaf58df97acb8fb39c1e6e8bf4614f1ff3a7c9bcbc1b5acff762665dd6,H3-C17-MAIN,MAIN,2024,BTCUSD,H1,398,129,2024-02-25T20:13:40Z,2024-02-26T19:15:40Z,23.49000000,NEW_YORK_ONLY,RISK_ON,RANGE,NORMAL
BOSS19_P5_SESSION_ATTRIBUTION_V1,2026-09-03T23:50:00Z,e54f1cfaf58df97acb8fb39c1e6e8bf4614f1ff3a7c9bcbc1b5acff762665dd6,H3-C17-MAIN,MAIN,2024,BTCUSD,H1,402,135,2024-02-26T20:05:40Z,2024-02-27T19:52:40Z,27.65000000,NEW_YORK_ONLY,RISK_ON,TREND_UP,NORMAL
BOSS19_P5_SESSION_ATTRIBUTION_V1,2026-09-03T23:50:00Z,e54f1cfaf58df97acb8fb39c1e6e8bf4614f1ff3a7c9bcbc1b5acff762665dd6,H3-C17-MAIN,MAIN,2024,BTCUSD,H1,403,134,2024-02-27T01:44:40Z,2024-02-27T19:52:40Z,23.70000000,ASIA,RISK_ON,TREND_UP,NORMAL
BOSS19_P5_SESSION_ATTRIBUTION_V1,2026-09-03T23:50:00Z,e54f1cfaf58df97acb8fb39c1e6e8bf4614f1ff3a7c9bcbc1b5acff762665dd6,H3-C17-MAIN,MAIN,2024,BTCUSD,H1,404,133,2024-02-27T01:49:40Z,2024-02-27T19:52:40Z,39.03000000,ASIA,RISK_ON,TREND_UP,NORMAL
BOSS19_P5_SESSION_ATTRIBUTION_V1,2026-09-03T23:50:00Z,e54f1cfaf58df97acb8fb39c1e6e8bf4614f1ff3a7c9bcbc1b5acff762665dd6,H3-C17-MAIN,MAIN,2024,BTCUSD,H1,408,141,2024-02-28T07:43:40Z,2024-02-28T14:56:40Z,29.70000000,LONDON,RISK_ON,TREND_UP,HIGH
BOSS19_P5_SESSION_ATTRIBUTION_V1,2026-09-03T23:50:00Z,e54f1cfaf58df97acb8fb39c1e6e8bf4614f1ff3a7c9bcbc1b5acff762665dd6,H3-C17-MAIN,MAIN,2024,BTCUSD,H1,409,140,2024-02-28T07:54:40Z,2024-02-28T14:56:40Z,25.19000000,LONDON,RISK_ON,TREND_UP,HIGH
BOSS19_P5_SESSION_ATTRIBUTION_V1,2026-09-03T23:50:00Z,e54f1cfaf58df97acb8fb39c1e6e8bf4614f1ff3a7c9bcbc1b5acff762665dd6,H3-C17-MAIN,MAIN,2024,BTCUSD,H1,410,139,2024-02-28T08:41:40Z,2024-02-28T14:56:40Z,41.35000000,LONDON,RISK_ON,TREND_UP,HIGH
BOSS19_P5_SESSION_ATTRIBUTION_V1,2026-09-03T23:50:00Z,e54f1cfaf58df97acb8fb39c1e6e8bf4614f1ff3a7c9bcbc1b5acff762665dd6,H3-C17-MAIN,MAIN,2024,BTCUSD,H1,414,147,2024-02-28T15:16:20Z,2024-03-04T08:11:20Z,34.51000000,LONDON_NY_OVERLAP,RISK_ON,TREND_UP,EXTREME
BOSS19_P5_SESSION_ATTRIBUTION_V1,2026-09-03T23:50:00Z,e54f1cfaf58df97acb8fb39c1e6e8bf4614f1ff3a7c9bcbc1b5acff762665dd6,H3-C17-MAIN,MAIN,2024,BTCUSD,H1,415,146,2024-02-28T16:36:40Z,2024-03-04T08:11:20Z,29.80000000,NEW_YORK_ONLY,RISK_ON,TREND_UP,EXTREME
BOSS19_P5_SESSION_ATTRIBUTION_V1,2026-09-03T23:50:00Z,e54f1cfaf58df97acb8fb39c1e6e8bf4614f1ff3a7c9bcbc1b5acff762665dd6,H3-C17-MAIN,MAIN,2024,BTCUSD,H1,416,145,2024-02-28T16:57:40Z,2024-03-04T08:11:20Z,50.19000000,NEW_YORK_ONLY,RISK_ON,TREND_UP,EXTREME
BOSS19_P5_SESSION_ATTRIBUTION_V1,2026-09-03T23:50:00Z,e54f1cfaf58df97acb8fb39c1e6e8bf4614f1ff3a7c9bcbc1b5acff762665dd6,H3-C17-MAIN,MAIN,2024,BTCUSD,H1,420,153,2024-03-04T08:38:40Z,2024-03-05T15:04:20Z,39.79000000,LONDON,NEUTRAL,TREND_UP,HIGH
BOSS19_P5_SESSION_ATTRIBUTION_V1,2026-09-03T23:50:00Z,e54f1cfaf58df97acb8fb39c1e6e8bf4614f1ff3a7c9bcbc1b5acff762665dd6,H3-C17-MAIN,MAIN,2024,BTCUSD,H1,421,152,2024-03-04T14:35:40Z,2024-03-05T15:04:20Z,34.11000000,LONDON_NY_OVERLAP,NEUTRAL,TREND_UP,HIGH
BOSS19_P5_SESSION_ATTRIBUTION_V1,2026-09-03T23:50:00Z,e54f1cfaf58df97acb8fb39c1e6e8bf4614f1ff3a7c9bcbc1b5acff762665dd6,H3-C17-MAIN,MAIN,2024,BTCUSD,H1,422,151,2024-03-04T14:56:40Z,2024-03-05T15:04:20Z,56.87000000,LONDON_NY_OVERLAP,NEUTRAL,TREND_UP,HIGH
BOSS19_P5_SESSION_ATTRIBUTION_V1,2026-09-03T23:50:00Z,e54f1cfaf58df97acb8fb39c1e6e8bf4614f1ff3a7c9bcbc1b5acff762665dd6,H3-C17-MAIN,MAIN,2024,BTCUSD,H1,429,155,2024-03-05T23:40:40Z,2024-03-06T01:35:40Z,7.30000000,OUTSIDE_DEFINED_SESSION,NEUTRAL,TRANSITION,EXTREME
BOSS19_P5_SESSION_ATTRIBUTION_V1,2026-09-03T23:50:00Z,e54f1cfaf58df97acb8fb39c1e6e8bf4614f1ff3a7c9bcbc1b5acff762665dd6,H3-C17-MAIN,MAIN,2024,BTCUSD,H1,430,159,2024-03-06T05:09:40Z,2024-03-19T07:16:40Z,10.27000000,ASIA,NEUTRAL,RANGE,EXTREME
BOSS19_P5_SESSION_ATTRIBUTION_V1,2026-09-03T23:50:00Z,e54f1cfaf58df97acb8fb39c1e6e8bf4614f1ff3a7c9bcbc1b5acff762665dd6,H3-C17-MAIN,MAIN,2024,BTCUSD,H1,431,158,2024-03-06T05:21:40Z,2024-03-06T12:47:20Z,7.71000000,ASIA,NEUTRAL,RANGE,EXTREME
BOSS19_P5_SESSION_ATTRIBUTION_V1,2026-09-03T23:50:00Z,e54f1cfaf58df97acb8fb39c1e6e8bf4614f1ff3a7c9bcbc1b5acff762665dd6,H3-C17-MAIN,MAIN,2024,BTCUSD,H1,435,161,2024-03-19T07:57:40Z,2024-03-19T08:27:40Z,10.37000000,LONDON,NEUTRAL,RANGE,EXTREME
BOSS19_P5_SESSION_ATTRIBUTION_V1,2026-09-03T23:50:00Z,e54f1cfaf58df97acb8fb39c1e6e8bf4614f1ff3a7c9bcbc1b5acff762665dd6,H3-C17-MAIN,MAIN,2024,BTCUSD,H1,436,163,2024-03-19T17:28:40Z,2024-03-19T17:43:20Z,9.91000000,NEW_YORK_ONLY,NEUTRAL,TREND_DOWN,EXTREME
BOSS19_P5_SESSION_ATTRIBUTION_V1,2026-09-03T23:50:00Z,e54f1cfaf58df97acb8fb39c1e6e8bf4614f1ff3a7c9bcbc1b5acff762665dd6,H3-C17-MAIN,MAIN,2024,BTCUSD,H1,437,165,2024-03-20T20:24:40Z,2024-03-21T18:07:00Z,10.96000000,NEW_YORK_ONLY,NEUTRAL,RANGE,EXTREME
BOSS19_P5_SESSION_ATTRIBUTION_V1,2026-09-03T23:50:00Z,e54f1cfaf58df97acb8fb39c1e6e8bf4614f1ff3a7c9bcbc1b5acff762665dd6,H3-C17-MAIN,MAIN,2024,BTCUSD,H1,441,167,2024-03-22T06:09:40Z,2024-04-08T08:54:40Z,49.84000000,ASIA,RISK_ON,RANGE,HIGH
BOSS19_P5_SESSION_ATTRIBUTION_V1,2026-09-03T23:50:00Z,e54f1cfaf58df97acb8fb39c1e6e8bf4614f1ff3a7c9bcbc1b5acff762665dd6,H3-C17-MAIN,MAIN,2024,BTCUSD,H1,448,169,2024-04-10T02:03:40Z,2024-04-10T12:30:40Z,10.93000000,ASIA,RISK_ON,RANGE,NORMAL
BOSS19_P5_SESSION_ATTRIBUTION_V1,2026-09-03T23:50:00Z,e54f1cfaf58df97acb8fb39c1e6e8bf4614f1ff3a7c9bcbc1b5acff762665dd6,H3-C17-MAIN,MAIN,2024,BTCUSD,H1,449,171,2024-04-10T22:18:40Z,2024-04-12T14:38:40Z,11.03000000,OUTSIDE_DEFINED_SESSION,RISK_ON,RANGE,HIGH
BOSS19_P5_SESSION_ATTRIBUTION_V1,2026-09-03T23:50:00Z,e54f1cfaf58df97acb8fb39c1e6e8bf4614f1ff3a7c9bcbc1b5acff762665dd6,H3-C17-MAIN,MAIN,2024,BTCUSD,H1,471,177,2024-04-19T03:26:20Z,2024-04-30T11:42:40Z,10.15000000,ASIA,NEUTRAL,TRANSITION,EXTREME
BOSS19_P5_SESSION_ATTRIBUTION_V1,2026-09-03T23:50:00Z,e54f1cfaf58df97acb8fb39c1e6e8bf4614f1ff3a7c9bcbc1b5acff762665dd6,H3-C17-MAIN,MAIN,2024,BTCUSD,H1,472,176,2024-04-19T06:40:40Z,2024-04-29T05:33:40Z,10.21000000,ASIA,NEUTRAL,TRANSITION,EXTREME
BOSS19_P5_SESSION_ATTRIBUTION_V1,2026-09-03T23:50:00Z,e54f1cfaf58df97acb8fb39c1e6e8bf4614f1ff3a7c9bcbc1b5acff762665dd6,H3-C17-MAIN,MAIN,2024,BTCUSD,H1,473,175,2024-04-19T06:51:20Z,2024-04-19T23:04:20Z,10.89000000,ASIA,NEUTRAL,TRANSITION,EXTREME
BOSS19_P5_SESSION_ATTRIBUTION_V1,2026-09-03T23:50:00Z,e54f1cfaf58df97acb8fb39c1e6e8bf4614f1ff3a7c9bcbc1b5acff762665dd6,H3-C17-MAIN,MAIN,2024,BTCUSD,H1,498,183,2024-05-03T12:46:40Z,2024-05-15T18:58:40Z,50.30000000,LONDON_NY_OVERLAP,NEUTRAL,RANGE,HIGH
BOSS19_P5_SESSION_ATTRIBUTION_V1,2026-09-03T23:50:00Z,e54f1cfaf58df97acb8fb39c1e6e8bf4614f1ff3a7c9bcbc1b5acff762665dd6,H3-C17-MAIN,MAIN,2024,BTCUSD,H1,499,182,2024-05-03T13:32:20Z,2024-05-15T18:58:40Z,40.71000000,LONDON_NY_OVERLAP,NEUTRAL,RANGE,HIGH
BOSS19_P5_SESSION_ATTRIBUTION_V1,2026-09-03T23:50:00Z,e54f1cfaf58df97acb8fb39c1e6e8bf4614f1ff3a7c9bcbc1b5acff762665dd6,H3-C17-MAIN,MAIN,2024,BTCUSD,H1,500,181,2024-05-03T20:17:40Z,2024-05-15T18:58:40Z,62.24000000,NEW_YORK_ONLY,NEUTRAL,TREND_UP,HIGH
BOSS19_P5_SESSION_ATTRIBUTION_V1,2026-09-03T23:50:00Z,e54f1cfaf58df97acb8fb39c1e6e8bf4614f1ff3a7c9bcbc1b5acff762665dd6,H3-C17-MAIN,MAIN,2024,BTCUSD,H1,504,187,2024-05-16T00:09:40Z,2024-05-20T23:22:40Z,40.68000000,ASIA,RISK_ON,TREND_UP,NORMAL
BOSS19_P5_SESSION_ATTRIBUTION_V1,2026-09-03T23:50:00Z,e54f1cfaf58df97acb8fb39c1e6e8bf4614f1ff3a7c9bcbc1b5acff762665dd6,H3-C17-MAIN,MAIN,2024,BTCUSD,H1,505,186,2024-05-17T15:29:40Z,2024-05-20T23:22:40Z,32.92000000,LONDON_NY_OVERLAP,RISK_ON,TREND_UP,NORMAL
BOSS19_P5_SESSION_ATTRIBUTION_V1,2026-09-03T23:50:00Z,e54f1cfaf58df97acb8fb39c1e6e8bf4614f1ff3a7c9bcbc1b5acff762665dd6,H3-C17-MAIN,MAIN,2024,BTCUSD,H1,509,189,2024-05-20T23:28:40Z,2024-11-06T03:07:40Z,1.59000000,OUTSIDE_DEFINED_SESSION,RISK_ON,TREND_UP,NORMAL
BOSS19_P5_SESSION_ATTRIBUTION_V1,2026-09-03T23:50:00Z,e54f1cfaf58df97acb8fb39c1e6e8bf4614f1ff3a7c9bcbc1b5acff762665dd6,H3-C17-MAIN,MAIN,2024,BTCUSD,H1,513,195,2024-11-06T19:14:40Z,2024-11-10T11:33:40Z,43.21000000,NEW_YORK_ONLY,RISK_OFF,TREND_UP,HIGH
BOSS19_P5_SESSION_ATTRIBUTION_V1,2026-09-03T23:50:00Z,e54f1cfaf58df97acb8fb39c1e6e8bf4614f1ff3a7c9bcbc1b5acff762665dd6,H3-C17-MAIN,MAIN,2024,BTCUSD,H1,514,194,2024-11-06T20:54:40Z,2024-11-10T11:33:40Z,36.52000000,NEW_YORK_ONLY,RISK_OFF,TREND_UP,HIGH
BOSS19_P5_SESSION_ATTRIBUTION_V1,2026-09-03T23:50:00Z,e54f1cfaf58df97acb8fb39c1e6e8bf4614f1ff3a7c9bcbc1b5acff762665dd6,H3-C17-MAIN,MAIN,2024,BTCUSD,H1,515,193,2024-11-07T20:17:40Z,2024-11-10T11:33:40Z,60.29000000,NEW_YORK_ONLY,NEUTRAL,TREND_UP,NORMAL
BOSS19_P5_SESSION_ATTRIBUTION_V1,2026-09-03T23:50:00Z,e54f1cfaf58df97acb8fb39c1e6e8bf4614f1ff3a7c9bcbc1b5acff762665dd6,H3-C17-MAIN,MAIN,2024,BTCUSD,H1,519,201,2024-11-10T17:51:40Z,2024-11-11T18:39:40Z,45.77000000,NEW_YORK_ONLY,RISK_ON,TREND_UP,NORMAL
BOSS19_P5_SESSION_ATTRIBUTION_V1,2026-09-03T23:50:00Z,e54f1cfaf58df97acb8fb39c1e6e8bf4614f1ff3a7c9bcbc1b5acff762665dd6,H3-C17-MAIN,MAIN,2024,BTCUSD,H1,520,200,2024-11-10T22:22:40Z,2024-11-11T18:39:40Z,38.63000000,OUTSIDE_DEFINED_SESSION,RISK_ON,TREND_UP,NORMAL
BOSS19_P5_SESSION_ATTRIBUTION_V1,2026-09-03T23:50:00Z,e54f1cfaf58df97acb8fb39c1e6e8bf4614f1ff3a7c9bcbc1b5acff762665dd6,H3-C17-MAIN,MAIN,2024,BTCUSD,H1,521,199,2024-11-11T10:08:20Z,2024-11-11T18:39:40Z,62.96000000,LONDON,RISK_ON,TREND_UP,NORMAL
BOSS19_P5_SESSION_ATTRIBUTION_V1,2026-09-03T23:50:00Z,e54f1cfaf58df97acb8fb39c1e6e8bf4614f1ff3a7c9bcbc1b5acff762665dd6,H3-C17-MAIN,MAIN,2024,BTCUSD,H1,525,207,2024-11-11T18:59:40Z,2024-11-13T14:33:40Z,50.94000000,NEW_YORK_ONLY,RISK_ON,TREND_UP,HIGH
BOSS19_P5_SESSION_ATTRIBUTION_V1,2026-09-03T23:50:00Z,e54f1cfaf58df97acb8fb39c1e6e8bf4614f1ff3a7c9bcbc1b5acff762665dd6,H3-C17-MAIN,MAIN,2024,BTCUSD,H1,526,206,2024-11-11T19:07:40Z,2024-11-13T14:33:40Z,43.70000000,NEW_YORK_ONLY,RISK_ON,TREND_UP,HIGH
BOSS19_P5_SESSION_ATTRIBUTION_V1,2026-09-03T23:50:00Z,e54f1cfaf58df97acb8fb39c1e6e8bf4614f1ff3a7c9bcbc1b5acff762665dd6,H3-C17-MAIN,MAIN,2024,BTCUSD,H1,527,205,2024-11-11T20:15:40Z,2024-11-13T14:33:40Z,72.92000000,NEW_YORK_ONLY,RISK_ON,TREND_UP,HIGH
BOSS19_P5_SESSION_ATTRIBUTION_V1,2026-09-03T23:50:00Z,e54f1cfaf58df97acb8fb39c1e6e8bf4614f1ff3a7c9bcbc1b5acff762665dd6,H3-C17-MAIN,MAIN,2024,BTCUSD,H1,531,211,2024-11-13T15:23:40Z,2024-11-21T04:56:40Z,53.25000000,LONDON_NY_OVERLAP,NEUTRAL,TREND_UP,HIGH
BOSS19_P5_SESSION_ATTRIBUTION_V1,2026-09-03T23:50:00Z,e54f1cfaf58df97acb8fb39c1e6e8bf4614f1ff3a7c9bcbc1b5acff762665dd6,H3-C17-MAIN,MAIN,2024,BTCUSD,H1,532,210,2024-11-13T15:56:20Z,2024-11-21T04:56:40Z,44.91000000,LONDON_NY_OVERLAP,NEUTRAL,TREND_UP,HIGH
BOSS19_P5_SESSION_ATTRIBUTION_V1,2026-09-03T23:50:00Z,e54f1cfaf58df97acb8fb39c1e6e8bf4614f1ff3a7c9bcbc1b5acff762665dd6,H3-C17-MAIN,MAIN,2024,BTCUSD,H1,536,215,2024-11-21T19:10:40Z,2024-12-15T23:23:40Z,54.53000000,NEW_YORK_ONLY,NEUTRAL,TREND_UP,NORMAL
BOSS19_P5_SESSION_ATTRIBUTION_V1,2026-09-03T23:50:00Z,e54f1cfaf58df97acb8fb39c1e6e8bf4614f1ff3a7c9bcbc1b5acff762665dd6,H3-C17-MAIN,MAIN,2024,BTCUSD,H1,537,214,2024-11-22T19:31:40Z,2024-12-15T23:23:40Z,45.03000000,NEW_YORK_ONLY,NEUTRAL,TREND_UP,NORMAL
BOSS19_P5_SESSION_ATTRIBUTION_V1,2026-09-03T23:50:00Z,e54f1cfaf58df97acb8fb39c1e6e8bf4614f1ff3a7c9bcbc1b5acff762665dd6,H3-C17-MAIN,MAIN,2024,BTCUSD,H1,541,221,2024-12-16T00:33:40Z,2025-05-22T03:42:40Z,9.97000000,ASIA,NEUTRAL,TREND_UP,NORMAL
BOSS19_P5_SESSION_ATTRIBUTION_V1,2026-09-03T23:50:00Z,e54f1cfaf58df97acb8fb39c1e6e8bf4614f1ff3a7c9bcbc1b5acff762665dd6,H3-C17-MAIN,MAIN,2024,BTCUSD,H1,542,220,2024-12-16T16:33:40Z,2025-05-22T03:42:40Z,-1.24000000,NEW_YORK_ONLY,NEUTRAL,TREND_UP,NORMAL
BOSS19_P5_SESSION_ATTRIBUTION_V1,2026-09-03T23:50:00Z,e54f1cfaf58df97acb8fb39c1e6e8bf4614f1ff3a7c9bcbc1b5acff762665dd6,H3-C17-MAIN,MAIN,2024,BTCUSD,H1,543,219,2024-12-17T14:51:40Z,2025-05-22T03:42:40Z,-24.15000000,LONDON_NY_OVERLAP,NEUTRAL,TREND_UP,NORMAL
BOSS19_P5_SESSION_ATTRIBUTION_V1,2026-09-03T23:50:00Z,e54f1cfaf58df97acb8fb39c1e6e8bf4614f1ff3a7c9bcbc1b5acff762665dd6,H3-C17-MAIN,MAIN,2025,BTCUSD,H1,550,223,2025-05-24T15:06:40Z,2025-05-24T22:41:40Z,8.34000000,LONDON_NY_OVERLAP,RISK_OFF,RANGE,NORMAL
BOSS19_P5_SESSION_ATTRIBUTION_V1,2026-09-03T23:50:00Z,e54f1cfaf58df97acb8fb39c1e6e8bf4614f1ff3a7c9bcbc1b5acff762665dd6,H3-C17-MAIN,MAIN,2025,BTCUSD,H1,551,225,2025-05-26T01:48:40Z,2025-05-26T17:46:40Z,8.98000000,ASIA,RISK_OFF,RANGE,NORMAL
BOSS19_P5_SESSION_ATTRIBUTION_V1,2026-09-03T23:50:00Z,e54f1cfaf58df97acb8fb39c1e6e8bf4614f1ff3a7c9bcbc1b5acff762665dd6,H3-C17-MAIN,MAIN,2025,BTCUSD,H1,555,229,2025-05-26T22:13:40Z,2025-07-10T21:17:40Z,37.32000000,OUTSIDE_DEFINED_SESSION,RISK_OFF,RANGE,NORMAL
BOSS19_P5_SESSION_ATTRIBUTION_V1,2026-09-03T23:50:00Z,e54f1cfaf58df97acb8fb39c1e6e8bf4614f1ff3a7c9bcbc1b5acff762665dd6,H3-C17-MAIN,MAIN,2025,BTCUSD,H1,556,228,2025-05-27T13:13:40Z,2025-07-10T21:17:40Z,29.20000000,LONDON_NY_OVERLAP,RISK_OFF,RANGE,NORMAL
BOSS19_P5_SESSION_ATTRIBUTION_V1,2026-09-03T23:50:00Z,e54f1cfaf58df97acb8fb39c1e6e8bf4614f1ff3a7c9bcbc1b5acff762665dd6,H3-C17-MAIN,MAIN,2025,BTCUSD,H1,561,234,2025-07-10T21:19:40Z,2025-07-14T03:42:40Z,44.37000000,OUTSIDE_DEFINED_SESSION,NEUTRAL,TREND_UP,LOW
BOSS19_P5_SESSION_ATTRIBUTION_V1,2026-09-03T23:50:00Z,e54f1cfaf58df97acb8fb39c1e6e8bf4614f1ff3a7c9bcbc1b5acff762665dd6,H3-C17-MAIN,MAIN,2025,BTCUSD,H1,560,235,2025-07-10T21:19:40Z,2025-07-14T03:42:40Z,52.31000000,OUTSIDE_DEFINED_SESSION,NEUTRAL,TREND_UP,LOW
BOSS19_P5_SESSION_ATTRIBUTION_V1,2026-09-03T23:50:00Z,e54f1cfaf58df97acb8fb39c1e6e8bf4614f1ff3a7c9bcbc1b5acff762665dd6,H3-C17-MAIN,MAIN,2025,BTCUSD,H1,562,233,2025-07-11T05:08:40Z,2025-07-14T03:42:40Z,72.86000000,ASIA,NEUTRAL,TREND_UP,NORMAL
BOSS19_P5_SESSION_ATTRIBUTION_V1,2026-09-03T23:50:00Z,e54f1cfaf58df97acb8fb39c1e6e8bf4614f1ff3a7c9bcbc1b5acff762665dd6,H3-C17-MAIN,MAIN,2025,BTCUSD,H1,566,241,2025-07-14T03:43:40Z,2025-10-06T18:56:40Z,16.98000000,ASIA,NEUTRAL,TREND_UP,LOW
BOSS19_P5_SESSION_ATTRIBUTION_V1,2026-09-03T23:50:00Z,e54f1cfaf58df97acb8fb39c1e6e8bf4614f1ff3a7c9bcbc1b5acff762665dd6,H3-C17-MAIN,MAIN,2025,BTCUSD,H1,567,240,2025-07-14T05:24:40Z,2025-10-06T18:56:40Z,9.04000000,ASIA,NEUTRAL,TREND_UP,NORMAL
BOSS19_P5_SESSION_ATTRIBUTION_V1,2026-09-03T23:50:00Z,e54f1cfaf58df97acb8fb39c1e6e8bf4614f1ff3a7c9bcbc1b5acff762665dd6,H3-C17-MAIN,MAIN,2025,BTCUSD,H1,568,239,2025-07-14T07:38:40Z,2025-10-06T18:56:40Z,2.25000000,LONDON,NEUTRAL,TREND_UP,NORMAL
BOSS19_P5_SESSION_ATTRIBUTION_V1,2026-09-03T23:50:00Z,e54f1cfaf58df97acb8fb39c1e6e8bf4614f1ff3a7c9bcbc1b5acff762665dd6,H3-C17-MAIN,MAIN,2025,BTCUSD,H1,575,243,2025-10-08T08:36:20Z,2025-10-08T13:43:40Z,8.21000000,LONDON,NEUTRAL,TREND_DOWN,NORMAL
BOSS19_P5_SESSION_ATTRIBUTION_V1,2026-09-03T23:50:00Z,e54f1cfaf58df97acb8fb39c1e6e8bf4614f1ff3a7c9bcbc1b5acff762665dd6,H3-C17-MAIN,MAIN,2025,BTCUSD,H1,576,245,2025-10-08T14:01:40Z,2025-10-08T14:25:40Z,8.49000000,LONDON_NY_OVERLAP,NEUTRAL,RANGE,NORMAL
BOSS19_P5_SESSION_ATTRIBUTION_V1,2026-09-03T23:50:00Z,e54f1cfaf58df97acb8fb39c1e6e8bf4614f1ff3a7c9bcbc1b5acff762665dd6,H3-C17-MAIN,MAIN,2025,BTCUSD,H1,577,247,2025-10-08T17:31:40Z,2025-10-08T19:09:20Z,8.28000000,NEW_YORK_ONLY,NEUTRAL,RANGE,NORMAL
BOSS19_P5_SESSION_ATTRIBUTION_V1,2026-09-03T23:50:00Z,e54f1cfaf58df97acb8fb39c1e6e8bf4614f1ff3a7c9bcbc1b5acff762665dd6,H3-C17-MAIN,MAIN,2025,BTCUSD,H1,611,251,2025-10-20T03:50:40Z,2025-10-27T07:06:20Z,65.97000000,ASIA,NEUTRAL,RANGE,NORMAL
BOSS19_P5_SESSION_ATTRIBUTION_V1,2026-09-03T23:50:00Z,e54f1cfaf58df97acb8fb39c1e6e8bf4614f1ff3a7c9bcbc1b5acff762665dd6,H3-C17-MAIN,MAIN,2025,BTCUSD,H1,612,250,2025-10-20T05:21:20Z,2025-10-27T07:06:20Z,54.53000000,ASIA,NEUTRAL,RANGE,NORMAL
BOSS19_P5_SESSION_ATTRIBUTION_V1,2026-09-03T23:50:00Z,e54f1cfaf58df97acb8fb39c1e6e8bf4614f1ff3a7c9bcbc1b5acff762665dd6,H3-C17-MAIN,MAIN,2025,BTCUSD,H1,787,253,2025-11-09T14:11:40Z,2025-11-12T15:53:40Z,12.04000000,LONDON_NY_OVERLAP,NEUTRAL,RANGE,NORMAL
BOSS19_P5_SESSION_ATTRIBUTION_V1,2026-09-03T23:50:00Z,e54f1cfaf58df97acb8fb39c1e6e8bf4614f1ff3a7c9bcbc1b5acff762665dd6,H3-C17-MAIN,MAIN,2025,BTCUSD,H1,791,255,2025-11-13T05:55:40Z,2025-11-13T14:36:40Z,13.86000000,ASIA,NEUTRAL,TREND_DOWN,HIGH
BOSS19_P5_SESSION_ATTRIBUTION_V1,2026-09-03T23:50:00Z,e54f1cfaf58df97acb8fb39c1e6e8bf4614f1ff3a7c9bcbc1b5acff762665dd6,H3-C17-MAIN,MAIN,2025,BTCUSD,H1,795,259,2025-11-23T19:33:40Z,2025-12-09T16:47:40Z,62.70000000,NEW_YORK_ONLY,NEUTRAL,RANGE,HIGH
BOSS19_P5_SESSION_ATTRIBUTION_V1,2026-09-03T23:50:00Z,e54f1cfaf58df97acb8fb39c1e6e8bf4614f1ff3a7c9bcbc1b5acff762665dd6,H3-C17-MAIN,MAIN,2025,BTCUSD,H1,796,258,2025-11-24T20:21:40Z,2025-12-09T16:47:40Z,50.06000000,NEW_YORK_ONLY,NEUTRAL,RANGE,HIGH
BOSS19_P5_SESSION_ATTRIBUTION_V1,2026-09-03T23:50:00Z,e54f1cfaf58df97acb8fb39c1e6e8bf4614f1ff3a7c9bcbc1b5acff762665dd6,H3-C17-MAIN,MAIN,2025,BTCUSD,H1,803,263,2025-12-11T19:33:20Z,2025-12-12T15:55:40Z,12.21000000,NEW_YORK_ONLY,NEUTRAL,RANGE,HIGH
BOSS19_P5_SESSION_ATTRIBUTION_V1,2026-09-03T23:50:00Z,e54f1cfaf58df97acb8fb39c1e6e8bf4614f1ff3a7c9bcbc1b5acff762665dd6,H3-C17-MAIN,MAIN,2025,BTCUSD,H1,804,262,2025-12-11T21:12:40Z,2025-12-12T15:26:40Z,13.15000000,OUTSIDE_DEFINED_SESSION,NEUTRAL,RANGE,HIGH
BOSS19_P5_SESSION_ATTRIBUTION_V1,2026-09-03T23:50:00Z,e54f1cfaf58df97acb8fb39c1e6e8bf4614f1ff3a7c9bcbc1b5acff762665dd6,H3-C17-MAIN,MAIN,2025,BTCUSD,H1,862,267,2025-12-19T03:28:20Z,2025-12-30T21:59:59Z,-11.25000000,ASIA,NEUTRAL,RANGE,EXTREME
BOSS19_P5_SESSION_ATTRIBUTION_V1,2026-09-03T23:50:00Z,e54f1cfaf58df97acb8fb39c1e6e8bf4614f1ff3a7c9bcbc1b5acff762665dd6,H3-C17-MAIN,MAIN,2025,BTCUSD,H1,863,266,2025-12-19T07:11:40Z,2025-12-19T17:33:40Z,13.45000000,LONDON,NEUTRAL,RANGE,EXTREME
BOSS19_P5_SESSION_ATTRIBUTION_V1,2026-09-03T23:50:00Z,e54f1cfaf58df97acb8fb39c1e6e8bf4614f1ff3a7c9bcbc1b5acff762665dd6,H3-C18-BWD,BWD,2020,BTCUSD,H4,44,5,2020-01-03T08:42:40Z,2020-03-12T10:32:40Z,2.04000000,LONDON,NEUTRAL,RANGE,LOW
BOSS19_P5_SESSION_ATTRIBUTION_V1,2026-09-03T23:50:00Z,e54f1cfaf58df97acb8fb39c1e6e8bf4614f1ff3a7c9bcbc1b5acff762665dd6,H3-C18-BWD,BWD,2020,BTCUSD,H4,45,4,2020-01-03T16:13:40Z,2020-03-12T10:25:40Z,1.46000000,NEW_YORK_ONLY,NEUTRAL,RANGE,LOW
BOSS19_P5_SESSION_ATTRIBUTION_V1,2026-09-03T23:50:00Z,e54f1cfaf58df97acb8fb39c1e6e8bf4614f1ff3a7c9bcbc1b5acff762665dd6,H3-C18-BWD,BWD,2020,BTCUSD,H4,52,7,2020-03-25T09:17:40Z,2020-04-27T21:17:40Z,7.66000000,LONDON,STRESS,TRANSITION,EXTREME
BOSS19_P5_SESSION_ATTRIBUTION_V1,2026-09-03T23:50:00Z,e54f1cfaf58df97acb8fb39c1e6e8bf4614f1ff3a7c9bcbc1b5acff762665dd6,H3-C18-BWD,BWD,2020,BTCUSD,H4,56,13,2020-04-29T06:01:40Z,2020-04-29T17:41:40Z,9.39000000,ASIA,STRESS,TREND_UP,LOW
BOSS19_P5_SESSION_ATTRIBUTION_V1,2026-09-03T23:50:00Z,e54f1cfaf58df97acb8fb39c1e6e8bf4614f1ff3a7c9bcbc1b5acff762665dd6,H3-C18-BWD,BWD,2020,BTCUSD,H4,57,12,2020-04-29T10:12:40Z,2020-04-29T17:41:40Z,7.72000000,LONDON,STRESS,TREND_UP,LOW
BOSS19_P5_SESSION_ATTRIBUTION_V1,2026-09-03T23:50:00Z,e54f1cfaf58df97acb8fb39c1e6e8bf4614f1ff3a7c9bcbc1b5acff762665dd6,H3-C18-BWD,BWD,2020,BTCUSD,H4,58,11,2020-04-29T12:55:40Z,2020-04-29T17:41:40Z,12.09000000,LONDON_NY_OVERLAP,STRESS,TREND_UP,LOW
BOSS19_P5_SESSION_ATTRIBUTION_V1,2026-09-03T23:50:00Z,e54f1cfaf58df97acb8fb39c1e6e8bf4614f1ff3a7c9bcbc1b5acff762665dd6,H3-C18-BWD,BWD,2020,BTCUSD,H4,62,19,2020-04-30T03:03:40Z,2020-05-07T17:38:40Z,8.47000000,ASIA,STRESS,TREND_UP,NORMAL
BOSS19_P5_SESSION_ATTRIBUTION_V1,2026-09-03T23:50:00Z,e54f1cfaf58df97acb8fb39c1e6e8bf4614f1ff3a7c9bcbc1b5acff762665dd6,H3-C18-BWD,BWD,2020,BTCUSD,H4,63,18,2020-04-30T03:36:40Z,2020-05-07T17:38:40Z,7.01000000,ASIA,STRESS,TREND_UP,NORMAL
BOSS19_P5_SESSION_ATTRIBUTION_V1,2026-09-03T23:50:00Z,e54f1cfaf58df97acb8fb39c1e6e8bf4614f1ff3a7c9bcbc1b5acff762665dd6,H3-C18-BWD,BWD,2020,BTCUSD,H4,64,17,2020-04-30T03:55:40Z,2020-05-07T17:38:40Z,11.13000000,ASIA,STRESS,TREND_UP,NORMAL
BOSS19_P5_SESSION_ATTRIBUTION_V1,2026-09-03T23:50:00Z,e54f1cfaf58df97acb8fb39c1e6e8bf4614f1ff3a7c9bcbc1b5acff762665dd6,H3-C18-BWD,BWD,2020,BTCUSD,H4,68,21,2020-05-07T23:42:40Z,2020-07-27T13:59:20Z,1.44000000,OUTSIDE_DEFINED_SESSION,STRESS,TREND_UP,NORMAL
BOSS19_P5_SESSION_ATTRIBUTION_V1,2026-09-03T23:50:00Z,e54f1cfaf58df97acb8fb39c1e6e8bf4614f1ff3a7c9bcbc1b5acff762665dd6,H3-C18-BWD,BWD,2020,BTCUSD,H4,72,27,2020-07-27T14:54:40Z,2020-07-27T17:01:40Z,4.90000000,LONDON_NY_OVERLAP,NEUTRAL,TREND_UP,LOW
BOSS19_P5_SESSION_ATTRIBUTION_V1,2026-09-03T23:50:00Z,e54f1cfaf58df97acb8fb39c1e6e8bf4614f1ff3a7c9bcbc1b5acff762665dd6,H3-C18-BWD,BWD,2020,BTCUSD,H4,73,26,2020-07-27T16:35:40Z,2020-07-27T17:01:40Z,4.17000000,NEW_YORK_ONLY,NEUTRAL,TREND_UP,LOW
BOSS19_P5_SESSION_ATTRIBUTION_V1,2026-09-03T23:50:00Z,e54f1cfaf58df97acb8fb39c1e6e8bf4614f1ff3a7c9bcbc1b5acff762665dd6,H3-C18-BWD,BWD,2020,BTCUSD,H4,74,25,2020-07-27T16:50:40Z,2020-07-27T17:01:40Z,6.88000000,NEW_YORK_ONLY,NEUTRAL,TREND_UP,LOW
BOSS19_P5_SESSION_ATTRIBUTION_V1,2026-09-03T23:50:00Z,e54f1cfaf58df97acb8fb39c1e6e8bf4614f1ff3a7c9bcbc1b5acff762665dd6,H3-C18-BWD,BWD,2020,BTCUSD,H4,78,33,2020-07-27T21:53:40Z,2020-08-05T13:00:40Z,5.61000000,OUTSIDE_DEFINED_SESSION,NEUTRAL,TREND_UP,LOW
BOSS19_P5_SESSION_ATTRIBUTION_V1,2026-09-03T23:50:00Z,e54f1cfaf58df97acb8fb39c1e6e8bf4614f1ff3a7c9bcbc1b5acff762665dd6,H3-C18-BWD,BWD,2020,BTCUSD,H4,79,32,2020-07-27T21:55:40Z,2020-08-05T13:00:40Z,4.88000000,OUTSIDE_DEFINED_SESSION,NEUTRAL,TREND_UP,LOW
BOSS19_P5_SESSION_ATTRIBUTION_V1,2026-09-03T23:50:00Z,e54f1cfaf58df97acb8fb39c1e6e8bf4614f1ff3a7c9bcbc1b5acff762665dd6,H3-C18-BWD,BWD,2020,BTCUSD,H4,80,31,2020-07-27T22:00:40Z,2020-08-05T13:00:40Z,8.32000000,OUTSIDE_DEFINED_SESSION,NEUTRAL,TREND_UP,LOW
BOSS19_P5_SESSION_ATTRIBUTION_V1,2026-09-03T23:50:00Z,e54f1cfaf58df97acb8fb39c1e6e8bf4614f1ff3a7c9bcbc1b5acff762665dd6,H3-C18-BWD,BWD,2020,BTCUSD,H4,84,39,2020-08-05T15:10:20Z,2020-08-17T15:46:40Z,6.76000000,LONDON_NY_OVERLAP,NEUTRAL,TREND_UP,NORMAL
BOSS19_P5_SESSION_ATTRIBUTION_V1,2026-09-03T23:50:00Z,e54f1cfaf58df97acb8fb39c1e6e8bf4614f1ff3a7c9bcbc1b5acff762665dd6,H3-C18-BWD,BWD,2020,BTCUSD,H4,85,38,2020-08-05T21:41:40Z,2020-08-17T15:46:40Z,5.83000000,OUTSIDE_DEFINED_SESSION,NEUTRAL,TREND_UP,NORMAL
BOSS19_P5_SESSION_ATTRIBUTION_V1,2026-09-03T23:50:00Z,e54f1cfaf58df97acb8fb39c1e6e8bf4614f1ff3a7c9bcbc1b5acff762665dd6,H3-C18-BWD,BWD,2020,BTCUSD,H4,86,37,2020-08-06T14:33:40Z,2020-08-17T15:46:40Z,9.71000000,LONDON_NY_OVERLAP,NEUTRAL,TREND_UP,NORMAL
BOSS19_P5_SESSION_ATTRIBUTION_V1,2026-09-03T23:50:00Z,e54f1cfaf58df97acb8fb39c1e6e8bf4614f1ff3a7c9bcbc1b5acff762665dd6,H3-C18-BWD,BWD,2020,BTCUSD,H4,120,41,2020-08-31T12:54:20Z,2020-09-01T00:21:40Z,2.15000000,LONDON_NY_OVERLAP,NEUTRAL,RANGE,LOW
BOSS19_P5_SESSION_ATTRIBUTION_V1,2026-09-03T23:50:00Z,e54f1cfaf58df97acb8fb39c1e6e8bf4614f1ff3a7c9bcbc1b5acff762665dd6,H3-C18-BWD,BWD,2020,BTCUSD,H4,124,45,2020-09-01T07:02:40Z,2020-10-21T14:00:20Z,4.34000000,LONDON,NEUTRAL,RANGE,LOW
BOSS19_P5_SESSION_ATTRIBUTION_V1,2026-09-03T23:50:00Z,e54f1cfaf58df97acb8fb39c1e6e8bf4614f1ff3a7c9bcbc1b5acff762665dd6,H3-C18-BWD,BWD,2020,BTCUSD,H4,125,44,2020-09-01T15:51:40Z,2020-10-21T14:00:20Z,2.93000000,LONDON_NY_OVERLAP,NEUTRAL,TRANSITION,LOW
BOSS19_P5_SESSION_ATTRIBUTION_V1,2026-09-03T23:50:00Z,e54f1cfaf58df97acb8fb39c1e6e8bf4614f1ff3a7c9bcbc1b5acff762665dd6,H3-C18-BWD,BWD,2020,BTCUSD,H4,129,51,2020-10-21T14:20:40Z,2020-10-27T10:38:40Z,6.96000000,LONDON_NY_OVERLAP,NEUTRAL,TREND_UP,NORMAL
BOSS19_P5_SESSION_ATTRIBUTION_V1,2026-09-03T23:50:00Z,e54f1cfaf58df97acb8fb39c1e6e8bf4614f1ff3a7c9bcbc1b5acff762665dd6,H3-C18-BWD,BWD,2020,BTCUSD,H4,130,50,2020-10-21T14:22:40Z,2020-10-27T10:38:40Z,5.90000000,LONDON_NY_OVERLAP,NEUTRAL,TREND_UP,NORMAL
BOSS19_P5_SESSION_ATTRIBUTION_V1,2026-09-03T23:50:00Z,e54f1cfaf58df97acb8fb39c1e6e8bf4614f1ff3a7c9bcbc1b5acff762665dd6,H3-C18-BWD,BWD,2020,BTCUSD,H4,131,49,2020-10-21T14:23:40Z,2020-10-27T10:38:40Z,9.69000000,LONDON_NY_OVERLAP,NEUTRAL,TREND_UP,NORMAL
BOSS19_P5_SESSION_ATTRIBUTION_V1,2026-09-03T23:50:00Z,e54f1cfaf58df97acb8fb39c1e6e8bf4614f1ff3a7c9bcbc1b5acff762665dd6,H3-C18-BWD,BWD,2020,BTCUSD,H4,135,57,2020-10-27T11:20:40Z,2020-11-04T17:06:40Z,8.07000000,LONDON,STRESS,TREND_UP,NORMAL
BOSS19_P5_SESSION_ATTRIBUTION_V1,2026-09-03T23:50:00Z,e54f1cfaf58df97acb8fb39c1e6e8bf4614f1ff3a7c9bcbc1b5acff762665dd6,H3-C18-BWD,BWD,2020,BTCUSD,H4,136,56,2020-10-27T15:43:20Z,2020-11-04T17:06:40Z,6.90000000,LONDON_NY_OVERLAP,STRESS,TREND_UP,NORMAL
BOSS19_P5_SESSION_ATTRIBUTION_V1,2026-09-03T23:50:00Z,e54f1cfaf58df97acb8fb39c1e6e8bf4614f1ff3a7c9bcbc1b5acff762665dd6,H3-C18-BWD,BWD,2020,BTCUSD,H4,137,55,2020-10-27T15:57:40Z,2020-11-04T17:06:40Z,11.50000000,LONDON_NY_OVERLAP,STRESS,TREND_UP,NORMAL
BOSS19_P5_SESSION_ATTRIBUTION_V1,2026-09-03T23:50:00Z,e54f1cfaf58df97acb8fb39c1e6e8bf4614f1ff3a7c9bcbc1b5acff762665dd6,H3-C18-BWD,BWD,2020,BTCUSD,H4,141,63,2020-11-05T03:53:20Z,2020-11-05T16:04:40Z,9.17000000,ASIA,NEUTRAL,TREND_UP,NORMAL
BOSS19_P5_SESSION_ATTRIBUTION_V1,2026-09-03T23:50:00Z,e54f1cfaf58df97acb8fb39c1e6e8bf4614f1ff3a7c9bcbc1b5acff762665dd6,H3-C18-BWD,BWD,2020,BTCUSD,H4,142,62,2020-11-05T07:40:40Z,2020-11-05T16:04:40Z,7.81000000,LONDON,NEUTRAL,TREND_UP,NORMAL
BOSS19_P5_SESSION_ATTRIBUTION_V1,2026-09-03T23:50:00Z,e54f1cfaf58df97acb8fb39c1e6e8bf4614f1ff3a7c9bcbc1b5acff762665dd6,H3-C18-BWD,BWD,2020,BTCUSD,H4,143,61,2020-11-05T10:59:40Z,2020-11-05T16:04:40Z,12.92000000,LONDON,NEUTRAL,TREND_UP,NORMAL
BOSS19_P5_SESSION_ATTRIBUTION_V1,2026-09-03T23:50:00Z,e54f1cfaf58df97acb8fb39c1e6e8bf4614f1ff3a7c9bcbc1b5acff762665dd6,H3-C18-BWD,BWD,2020,BTCUSD,H4,147,69,2020-11-05T22:22:40Z,2020-11-13T01:41:40Z,9.85000000,OUTSIDE_DEFINED_SESSION,NEUTRAL,TREND_UP,NORMAL
BOSS19_P5_SESSION_ATTRIBUTION_V1,2026-09-03T23:50:00Z,e54f1cfaf58df97acb8fb39c1e6e8bf4614f1ff3a7c9bcbc1b5acff762665dd6,H3-C18-BWD,BWD,2020,BTCUSD,H4,148,68,2020-11-05T22:57:40Z,2020-11-13T01:41:40Z,8.46000000,OUTSIDE_DEFINED_SESSION,NEUTRAL,TREND_UP,NORMAL
BOSS19_P5_SESSION_ATTRIBUTION_V1,2026-09-03T23:50:00Z,e54f1cfaf58df97acb8fb39c1e6e8bf4614f1ff3a7c9bcbc1b5acff762665dd6,H3-C18-BWD,BWD,2020,BTCUSD,H4,149,67,2020-11-05T23:13:40Z,2020-11-13T01:41:40Z,14.18000000,OUTSIDE_DEFINED_SESSION,NEUTRAL,TREND_UP,NORMAL
BOSS19_P5_SESSION_ATTRIBUTION_V1,2026-09-03T23:50:00Z,e54f1cfaf58df97acb8fb39c1e6e8bf4614f1ff3a7c9bcbc1b5acff762665dd6,H3-C18-BWD,BWD,2020,BTCUSD,H4,153,75,2020-11-16T16:32:40Z,2020-11-17T17:43:40Z,11.22000000,NEW_YORK_ONLY,NEUTRAL,TREND_UP,NORMAL
BOSS19_P5_SESSION_ATTRIBUTION_V1,2026-09-03T23:50:00Z,e54f1cfaf58df97acb8fb39c1e6e8bf4614f1ff3a7c9bcbc1b5acff762665dd6,H3-C18-BWD,BWD,2020,BTCUSD,H4,154,74,2020-11-16T19:16:40Z,2020-11-17T17:43:40Z,9.54000000,NEW_YORK_ONLY,NEUTRAL,TREND_UP,NORMAL
BOSS19_P5_SESSION_ATTRIBUTION_V1,2026-09-03T23:50:00Z,e54f1cfaf58df97acb8fb39c1e6e8bf4614f1ff3a7c9bcbc1b5acff762665dd6,H3-C18-BWD,BWD,2020,BTCUSD,H4,155,73,2020-11-17T11:37:40Z,2020-11-17T17:43:40Z,15.84000000,LONDON,NEUTRAL,TREND_UP,NORMAL
BOSS19_P5_SESSION_ATTRIBUTION_V1,2026-09-03T23:50:00Z,e54f1cfaf58df97acb8fb39c1e6e8bf4614f1ff3a7c9bcbc1b5acff762665dd6,H3-C18-BWD,BWD,2020,BTCUSD,H4,159,81,2020-11-18T03:51:40Z,2020-11-24T13:10:40Z,12.88000000,ASIA,NEUTRAL,TREND_UP,NORMAL
BOSS19_P5_SESSION_ATTRIBUTION_V1,2026-09-03T23:50:00Z,e54f1cfaf58df97acb8fb39c1e6e8bf4614f1ff3a7c9bcbc1b5acff762665dd6,H3-C18-BWD,BWD,2020,BTCUSD,H4,160,80,2020-11-18T04:16:40Z,2020-11-24T13:10:40Z,11.09000000,ASIA,NEUTRAL,TREND_UP,NORMAL
BOSS19_P5_SESSION_ATTRIBUTION_V1,2026-09-03T23:50:00Z,e54f1cfaf58df97acb8fb39c1e6e8bf4614f1ff3a7c9bcbc1b5acff762665dd6,H3-C18-BWD,BWD,2020,BTCUSD,H4,161,79,2020-11-18T04:44:40Z,2020-11-24T13:10:40Z,18.61000000,ASIA,NEUTRAL,TREND_UP,NORMAL
BOSS19_P5_SESSION_ATTRIBUTION_V1,2026-09-03T23:50:00Z,e54f1cfaf58df97acb8fb39c1e6e8bf4614f1ff3a7c9bcbc1b5acff762665dd6,H3-C18-BWD,BWD,2020,BTCUSD,H4,170,85,2020-11-29T22:03:00Z,2022-11-08T19:31:40Z,-0.67000000,OUTSIDE_DEFINED_SESSION,NEUTRAL,TRANSITION,HIGH
BOSS19_P5_SESSION_ATTRIBUTION_V1,2026-09-03T23:50:00Z,e54f1cfaf58df97acb8fb39c1e6e8bf4614f1ff3a7c9bcbc1b5acff762665dd6,H3-C18-BWD,BWD,2020,BTCUSD,H4,169,86,2020-11-29T22:03:00Z,2022-11-09T15:40:40Z,-0.27000000,OUTSIDE_DEFINED_SESSION,NEUTRAL,TRANSITION,HIGH
BOSS19_P5_SESSION_ATTRIBUTION_V1,2026-09-03T23:50:00Z,e54f1cfaf58df97acb8fb39c1e6e8bf4614f1ff3a7c9bcbc1b5acff762665dd6,H3-C18-BWD,BWD,2020,BTCUSD,H4,168,87,2020-11-29T22:03:00Z,2022-11-09T17:23:40Z,-0.80000000,OUTSIDE_DEFINED_SESSION,NEUTRAL,TRANSITION,HIGH
BOSS19_P5_SESSION_ATTRIBUTION_V1,2026-09-03T23:50:00Z,e54f1cfaf58df97acb8fb39c1e6e8bf4614f1ff3a7c9bcbc1b5acff762665dd6,H3-C18-BWD,BWD,2022,BTCUSD,H4,175,90,2022-11-10T13:31:40Z,2022-11-10T13:32:40Z,2.25000000,LONDON_NY_OVERLAP,RISK_OFF,TREND_DOWN,HIGH
BOSS19_P5_SESSION_ATTRIBUTION_V1,2026-09-03T23:50:00Z,e54f1cfaf58df97acb8fb39c1e6e8bf4614f1ff3a7c9bcbc1b5acff762665dd6,H3-C18-BWD,BWD,2022,BTCUSD,H4,174,93,2022-11-10T13:31:40Z,2022-11-11T14:19:40Z,3.04000000,LONDON_NY_OVERLAP,RISK_OFF,TREND_DOWN,HIGH
BOSS19_P5_SESSION_ATTRIBUTION_V1,2026-09-03T23:50:00Z,e54f1cfaf58df97acb8fb39c1e6e8bf4614f1ff3a7c9bcbc1b5acff762665dd6,H3-C18-BWD,BWD,2022,BTCUSD,H4,176,92,2022-11-10T13:34:20Z,2022-11-10T13:37:40Z,2.67000000,LONDON_NY_OVERLAP,RISK_OFF,TREND_DOWN,HIGH
BOSS19_P5_SESSION_ATTRIBUTION_V1,2026-09-03T23:50:00Z,e54f1cfaf58df97acb8fb39c1e6e8bf4614f1ff3a7c9bcbc1b5acff762665dd6,H3-C18-BWD,BWD,2022,BTCUSD,H4,181,96,2022-11-11T14:47:40Z,2022-11-11T14:52:40Z,2.97000000,LONDON_NY_OVERLAP,RISK_OFF,TREND_DOWN,HIGH
BOSS19_P5_SESSION_ATTRIBUTION_V1,2026-09-03T23:50:00Z,e54f1cfaf58df97acb8fb39c1e6e8bf4614f1ff3a7c9bcbc1b5acff762665dd6,H3-C18-BWD,BWD,2022,BTCUSD,H4,180,97,2022-11-11T14:47:40Z,2022-11-11T16:16:40Z,2.74000000,LONDON_NY_OVERLAP,RISK_OFF,TREND_DOWN,HIGH
BOSS19_P5_SESSION_ATTRIBUTION_V1,2026-09-03T23:50:00Z,e54f1cfaf58df97acb8fb39c1e6e8bf4614f1ff3a7c9bcbc1b5acff762665dd6,H3-C18-BWD,BWD,2022,BTCUSD,H4,182,99,2022-11-11T23:52:00Z,2022-11-12T00:00:40Z,3.99000000,OUTSIDE_DEFINED_SESSION,RISK_OFF,TREND_DOWN,HIGH
BOSS19_P5_SESSION_ATTRIBUTION_V1,2026-09-03T23:50:00Z,e54f1cfaf58df97acb8fb39c1e6e8bf4614f1ff3a7c9bcbc1b5acff762665dd6,H3-C18-BWD,BWD,2022,BTCUSD,H4,225,105,2022-11-30T19:18:40Z,2022-12-14T18:22:40Z,9.86000000,NEW_YORK_ONLY,RISK_OFF,TRANSITION,LOW
BOSS19_P5_SESSION_ATTRIBUTION_V1,2026-09-03T23:50:00Z,e54f1cfaf58df97acb8fb39c1e6e8bf4614f1ff3a7c9bcbc1b5acff762665dd6,H3-C18-BWD,BWD,2022,BTCUSD,H4,226,104,2022-12-05T04:57:40Z,2022-12-14T18:22:40Z,7.56000000,ASIA,RISK_OFF,TREND_UP,LOW
BOSS19_P5_SESSION_ATTRIBUTION_V1,2026-09-03T23:50:00Z,e54f1cfaf58df97acb8fb39c1e6e8bf4614f1ff3a7c9bcbc1b5acff762665dd6,H3-C18-BWD,BWD,2022,BTCUSD,H4,227,103,2022-12-13T13:20:20Z,2022-12-14T18:22:40Z,10.96000000,LONDON_NY_OVERLAP,RISK_OFF,RANGE,LOW
BOSS19_P5_SESSION_ATTRIBUTION_V1,2026-09-03T23:50:00Z,e54f1cfaf58df97acb8fb39c1e6e8bf4614f1ff3a7c9bcbc1b5acff762665dd6,H3-C18-BWD,BWD,2022,BTCUSD,H4,234,109,2022-12-20T04:40:40Z,2022-12-22T14:32:40Z,1.45000000,ASIA,RISK_OFF,TREND_DOWN,LOW
BOSS19_P5_SESSION_ATTRIBUTION_V1,2026-09-03T23:50:00Z,e54f1cfaf58df97acb8fb39c1e6e8bf4614f1ff3a7c9bcbc1b5acff762665dd6,H3-C18-BWD,BWD,2022,BTCUSD,H4,235,108,2022-12-20T15:22:20Z,2022-12-20T16:23:40Z,1.42000000,LONDON_NY_OVERLAP,RISK_OFF,TREND_DOWN,LOW
BOSS19_P5_SESSION_ATTRIBUTION_V1,2026-09-03T23:50:00Z,e54f1cfaf58df97acb8fb39c1e6e8bf4614f1ff3a7c9bcbc1b5acff762665dd6,H3-C18-MAIN,MAIN,2023,BTCUSD,H4,2,5,2023-01-02T07:15:40Z,2025-12-30T21:59:59Z,-721.43000000,LONDON,RISK_OFF,RANGE,LOW
BOSS19_P5_SESSION_ATTRIBUTION_V1,2026-09-03T23:50:00Z,e54f1cfaf58df97acb8fb39c1e6e8bf4614f1ff3a7c9bcbc1b5acff762665dd6,H3-C18-MAIN,MAIN,2023,BTCUSD,H4,3,4,2023-01-04T03:15:20Z,2023-01-06T13:29:40Z,1.22000000,ASIA,RISK_OFF,RANGE,LOW
