window,seed,shift_weeks,classification,causal_state_qualified,donor_availability_semantics,target_index,target_weekday,target_weekday_index,target_valid_from_utc,target_valid_to_utc,target_native_datetime,target_native_state,target_representation,target_transition_server_date,unknown_selected_until_resume,resume_native_datetime,donor_index,donor_weekday,donor_weekday_index,donor_valid_from_utc,donor_valid_to_utc,donor_macro_state,donor_macro_as_of_utc,donor_macro_source_date,donor_macro_ri,donor_macro_confidence,donor_macro_coverage,donor_macro_missing_inputs,donor_macro_partial,donor_macro_flags,wrapped_at_weekday_stratum_seam,displacement_days,displacement_weeks,weekday_mismatch,cross_window,holdout_contact
BWD,2026092504,-32,SYNTHETIC_PLACEBO_ONLY,False,PROVENANCE_ONLY_NOT_CAUSAL_TRUTH,0,2,0,2020-01-01T00:00:00Z,2020-01-02T00:00:00Z,2020.01.01 02:00,NEUTRAL,STABLE_MAPPED_ROW,,False,,224,2,32,2020-08-12T00:00:00Z,2020-08-13T00:00:00Z,NEUTRAL,2020-08-12T00:00:00Z,2020-08-11,0,MED,8/8,,false,,False,224,32,0,0,0
BWD,2026092504,-32,SYNTHETIC_PLACEBO_ONLY,False,PROVENANCE_ONLY_NOT_CAUSAL_TRUTH,1,3,0,2020-01-02T00:00:00Z,2020-01-03T00:00:00Z,2020.01.02 02:00,NEUTRAL,STABLE_MAPPED_ROW,,False,,225,3,32,2020-08-13T00:00:00Z,2020-08-14T00:00:00Z,NEUTRAL,2020-08-13T00:00:00Z,2020-08-12,0.154,HIGH,8/8,,false,,False,224,32,0,0,0
BWD,2026092504,-32,SYNTHETIC_PLACEBO_ONLY,False,PROVENANCE_ONLY_NOT_CAUSAL_TRUTH,2,4,0,2020-01-03T00:00:00Z,2020-01-04T00:00:00Z,2020.01.03 02:00,NEUTRAL,STABLE_MAPPED_ROW,,False,,226,4,32,2020-08-14T00:00:00Z,2020-08-15T00:00:00Z,NEUTRAL,2020-08-14T00:00:00Z,2020-08-13,0.115,MED,8/8,,false,,False,224,32,0,0,0
BWD,2026092504,-32,SYNTHETIC_PLACEBO_ONLY,False,PROVENANCE_ONLY_NOT_CAUSAL_TRUTH,3,5,0,2020-01-04T00:00:00Z,2020-01-05T00:00:00Z,2020.01.04 02:00,NEUTRAL,STABLE_MAPPED_ROW,,False,,227,5,32,2020-08-15T00:00:00Z,2020-08-16T00:00:00Z,NEUTRAL,2020-08-15T00:00:00Z,2020-08-14,0.231,HIGH,8/8,,false,,False,224,32,0,0,0
BWD,2026092504,-32,SYNTHETIC_PLACEBO_ONLY,False,PROVENANCE_ONLY_NOT_CAUSAL_TRUTH,4,6,0,2020-01-05T00:00:00Z,2020-01-06T00:00:00Z,2020.01.05 02:00,NEUTRAL,STABLE_MAPPED_ROW,,False,,228,6,32,2020-08-16T00:00:00Z,2020-08-17T00:00:00Z,NEUTRAL,2020-08-16T00:00:00Z,2020-08-15,0.192,HIGH,8/8,,false,,False,224,32,0,0,0
BWD,2026092504,-32,SYNTHETIC_PLACEBO_ONLY,False,PROVENANCE_ONLY_NOT_CAUSAL_TRUTH,5,0,0,2020-01-06T00:00:00Z,2020-01-07T00:00:00Z,2020.01.06 02:00,NEUTRAL,STABLE_MAPPED_ROW,,False,,229,0,32,2020-08-17T00:00:00Z,2020-08-18T00:00:00Z,NEUTRAL,2020-08-17T00:00:00Z,2020-08-16,0.231,HIGH,8/8,,false,,False,224,32,0,0,0
BWD,2026092504,-32,SYNTHETIC_PLACEBO_ONLY,False,PROVENANCE_ONLY_NOT_CAUSAL_TRUTH,6,1,0,2020-01-07T00:00:00Z,2020-01-08T00:00:00Z,2020.01.07 02:00,NEUTRAL,STABLE_MAPPED_ROW,,False,,230,1,32,2020-08-18T00:00:00Z,2020-08-19T00:00:00Z,NEUTRAL,2020-08-18T00:00:00Z,2020-08-17,0.231,HIGH,8/8,,false,,False,224,32,0,0,0
BWD,2026092504,-32,SYNTHETIC_PLACEBO_ONLY,False,PROVENANCE_ONLY_NOT_CAUSAL_TRUTH,7,2,1,2020-01-08T00:00:00Z,2020-01-09T00:00:00Z,2020.01.08 02:00,NEUTRAL,STABLE_MAPPED_ROW,,False,,231,2,33,2020-08-19T00:00:00Z,2020-08-20T00:00:00Z,NEUTRAL,2020-08-19T00:00:00Z,2020-08-18,0.231,HIGH,8/8,,false,,False,224,32,0,0,0
BWD,2026092504,-32,SYNTHETIC_PLACEBO_ONLY,False,PROVENANCE_ONLY_NOT_CAUSAL_TRUTH,8,3,1,2020-01-09T00:00:00Z,2020-01-10T00:00:00Z,2020.01.09 02:00,NEUTRAL,STABLE_MAPPED_ROW,,False,,232,3,33,2020-08-20T00:00:00Z,2020-08-21T00:00:00Z,NEUTRAL,2020-08-20T00:00:00Z,2020-08-19,0.077,HIGH,8/8,,false,,False,224,32,0,0,0
BWD,2026092504,-32,SYNTHETIC_PLACEBO_ONLY,False,PROVENANCE_ONLY_NOT_CAUSAL_TRUTH,9,4,1,2020-01-10T00:00:00Z,2020-01-11T00:00:00Z,2020.01.10 02:00,NEUTRAL,STABLE_MAPPED_ROW,,False,,233,4,33,2020-08-21T00:00:00Z,2020-08-22T00:00:00Z,NEUTRAL,2020-08-21T00:00:00Z,2020-08-20,0.115,HIGH,8/8,,false,,False,224,32,0,0,0
BWD,2026092504,-32,SYNTHETIC_PLACEBO_ONLY,False,PROVENANCE_ONLY_NOT_CAUSAL_TRUTH,10,5,1,2020-01-11T00:00:00Z,2020-01-12T00:00:00Z,2020.01.11 02:00,NEUTRAL,STABLE_MAPPED_ROW,,False,,234,5,33,2020-08-22T00:00:00Z,2020-08-23T00:00:00Z,NEUTRAL,2020-08-22T00:00:00Z,2020-08-21,0.077,HIGH,8/8,,false,,False,224,32,0,0,0
BWD,2026092504,-32,SYNTHETIC_PLACEBO_ONLY,False,PROVENANCE_ONLY_NOT_CAUSAL_TRUTH,11,6,1,2020-01-12T00:00:00Z,2020-01-13T00:00:00Z,2020.01.12 02:00,NEUTRAL,STABLE_MAPPED_ROW,,False,,235,6,33,2020-08-23T00:00:00Z,2020-08-24T00:00:00Z,NEUTRAL,2020-08-23T00:00:00Z,2020-08-22,-0.077,MED,8/8,,false,,False,224,32,0,0,0
BWD,2026092504,-32,SYNTHETIC_PLACEBO_ONLY,False,PROVENANCE_ONLY_NOT_CAUSAL_TRUTH,12,0,1,2020-01-13T00:00:00Z,2020-01-14T00:00:00Z,2020.01.13 02:00,NEUTRAL,STABLE_MAPPED_ROW,,False,,236,0,33,2020-08-24T00:00:00Z,2020-08-25T00:00:00Z,NEUTRAL,2020-08-24T00:00:00Z,2020-08-23,0.077,HIGH,8/8,,false,,False,224,32,0,0,0
BWD,2026092504,-32,SYNTHETIC_PLACEBO_ONLY,False,PROVENANCE_ONLY_NOT_CAUSAL_TRUTH,13,1,1,2020-01-14T00:00:00Z,2020-01-15T00:00:00Z,2020.01.14 02:00,NEUTRAL,STABLE_MAPPED_ROW,,False,,237,1,33,2020-08-25T00:00:00Z,2020-08-26T00:00:00Z,NEUTRAL,2020-08-25T00:00:00Z,2020-08-24,0.115,HIGH,8/8,,false,,False,224,32,0,0,0
BWD,2026092504,-32,SYNTHETIC_PLACEBO_ONLY,False,PROVENANCE_ONLY_NOT_CAUSAL_TRUTH,14,2,2,2020-01-15T00:00:00Z,2020-01-16T00:00:00Z,2020.01.15 02:00,NEUTRAL,STABLE_MAPPED_ROW,,False,,238,2,34,2020-08-26T00:00:00Z,2020-08-27T00:00:00Z,NEUTRAL,2020-08-26T00:00:00Z,2020-08-25,0,MED,8/8,,false,,False,224,32,0,0,0
BWD,2026092504,-32,SYNTHETIC_PLACEBO_ONLY,False,PROVENANCE_ONLY_NOT_CAUSAL_TRUTH,15,3,2,2020-01-16T00:00:00Z,2020-01-17T00:00:00Z,2020.01.16 02:00,NEUTRAL,STABLE_MAPPED_ROW,,False,,239,3,34,2020-08-27T00:00:00Z,2020-08-28T00:00:00Z,NEUTRAL,2020-08-27T00:00:00Z,2020-08-26,0.154,HIGH,8/8,,false,,False,224,32,0,0,0
BWD,2026092504,-32,SYNTHETIC_PLACEBO_ONLY,False,PROVENANCE_ONLY_NOT_CAUSAL_TRUTH,16,4,2,2020-01-17T00:00:00Z,2020-01-18T00:00:00Z,2020.01.17 02:00,NEUTRAL,STABLE_MAPPED_ROW,,False,,240,4,34,2020-08-28T00:00:00Z,2020-08-29T00:00:00Z,NEUTRAL,2020-08-28T00:00:00Z,2020-08-27,0,MED,8/8,,false,,False,224,32,0,0,0
BWD,2026092504,-32,SYNTHETIC_PLACEBO_ONLY,False,PROVENANCE_ONLY_NOT_CAUSAL_TRUTH,17,5,2,2020-01-18T00:00:00Z,2020-01-19T00:00:00Z,2020.01.18 02:00,NEUTRAL,STABLE_MAPPED_ROW,,False,,241,5,34,2020-08-29T00:00:00Z,2020-08-30T00:00:00Z,NEUTRAL,2020-08-29T00:00:00Z,2020-08-28,0.192,HIGH,8/8,,false,,False,224,32,0,0,0
BWD,2026092504,-32,SYNTHETIC_PLACEBO_ONLY,False,PROVENANCE_ONLY_NOT_CAUSAL_TRUTH,18,6,2,2020-01-19T00:00:00Z,2020-01-20T00:00:00Z,2020.01.19 02:00,NEUTRAL,STABLE_MAPPED_ROW,,False,,242,6,34,2020-08-30T00:00:00Z,2020-08-31T00:00:00Z,NEUTRAL,2020-08-30T00:00:00Z,2020-08-29,0.192,HIGH,8/8,,false,,False,224,32,0,0,0
BWD,2026092504,-32,SYNTHETIC_PLACEBO_ONLY,False,PROVENANCE_ONLY_NOT_CAUSAL_TRUTH,19,0,2,2020-01-20T00:00:00Z,2020-01-21T00:00:00Z,2020.01.20 02:00,NEUTRAL,STABLE_MAPPED_ROW,,False,,243,0,34,2020-08-31T00:00:00Z,2020-09-01T00:00:00Z,NEUTRAL,2020-08-31T00:00:00Z,2020-08-30,0.231,HIGH,8/8,,false,,False,224,32,0,0,0
BWD,2026092504,-32,SYNTHETIC_PLACEBO_ONLY,False,PROVENANCE_ONLY_NOT_CAUSAL_TRUTH,20,1,2,2020-01-21T00:00:00Z,2020-01-22T00:00:00Z,2020.01.21 02:00,NEUTRAL,STABLE_MAPPED_ROW,,False,,244,1,34,2020-09-01T00:00:00Z,2020-09-02T00:00:00Z,NEUTRAL,2020-09-01T00:00:00Z,2020-08-31,0.154,MED,8/8,,false,,False,224,32,0,0,0
BWD,2026092504,-32,SYNTHETIC_PLACEBO_ONLY,False,PROVENANCE_ONLY_NOT_CAUSAL_TRUTH,21,2,3,2020-01-22T00:00:00Z,2020-01-23T00:00:00Z,2020.01.22 02:00,NEUTRAL,STABLE_MAPPED_ROW,,False,,245,2,35,2020-09-02T00:00:00Z,2020-09-03T00:00:00Z,NEUTRAL,2020-09-02T00:00:00Z,2020-09-01,0.154,MED,8/8,,false,,False,224,32,0,0,0
BWD,2026092504,-32,SYNTHETIC_PLACEBO_ONLY,False,PROVENANCE_ONLY_NOT_CAUSAL_TRUTH,22,3,3,2020-01-23T00:00:00Z,2020-01-24T00:00:00Z,2020.01.23 02:00,NEUTRAL,STABLE_MAPPED_ROW,,False,,246,3,35,2020-09-03T00:00:00Z,2020-09-04T00:00:00Z,NEUTRAL,2020-09-03T00:00:00Z,2020-09-02,0.192,HIGH,8/8,,false,,False,224,32,0,0,0
BWD,2026092504,-32,SYNTHETIC_PLACEBO_ONLY,False,PROVENANCE_ONLY_NOT_CAUSAL_TRUTH,23,4,3,2020-01-24T00:00:00Z,2020-01-25T00:00:00Z,2020.01.24 02:00,STRESS,STABLE_MAPPED_ROW,,False,,247,4,35,2020-09-04T00:00:00Z,2020-09-05T00:00:00Z,STRESS,2020-09-04T00:00:00Z,2020-09-03,-0.269,MED,8/8,,false,VIX_STRESS,False,224,32,0,0,0
BWD,2026092504,-32,SYNTHETIC_PLACEBO_ONLY,False,PROVENANCE_ONLY_NOT_CAUSAL_TRUTH,24,5,3,2020-01-25T00:00:00Z,2020-01-26T00:00:00Z,2020.01.25 02:00,STRESS,STABLE_MAPPED_ROW,,False,,248,5,35,2020-09-05T00:00:00Z,2020-09-06T00:00:00Z,STRESS,2020-09-05T00:00:00Z,2020-09-04,-0.231,MED,8/8,,false,VIX_STRESS,False,224,32,0,0,0
BWD,2026092504,-32,SYNTHETIC_PLACEBO_ONLY,False,PROVENANCE_ONLY_NOT_CAUSAL_TRUTH,25,6,3,2020-01-26T00:00:00Z,2020-01-27T00:00:00Z,2020.01.26 02:00,STRESS,STABLE_MAPPED_ROW,,False,,249,6,35,2020-09-06T00:00:00Z,2020-09-07T00:00:00Z,STRESS,2020-09-06T00:00:00Z,2020-09-05,-0.231,MED,8/8,,false,VIX_STRESS,False,224,32,0,0,0
BWD,2026092504,-32,SYNTHETIC_PLACEBO_ONLY,False,PROVENANCE_ONLY_NOT_CAUSAL_TRUTH,26,0,3,2020-01-27T00:00:00Z,2020-01-28T00:00:00Z,2020.01.27 02:00,STRESS,STABLE_MAPPED_ROW,,False,,250,0,35,2020-09-07T00:00:00Z,2020-09-08T00:00:00Z,STRESS,2020-09-07T00:00:00Z,2020-09-06,-0.231,MED,8/8,,false,VIX_STRESS,False,224,32,0,0,0
BWD,2026092504,-32,SYNTHETIC_PLACEBO_ONLY,False,PROVENANCE_ONLY_NOT_CAUSAL_TRUTH,27,1,3,2020-01-28T00:00:00Z,2020-01-29T00:00:00Z,2020.01.28 02:00,STRESS,STABLE_MAPPED_ROW,,False,,251,1,35,2020-09-08T00:00:00Z,2020-09-09T00:00:00Z,STRESS,2020-09-08T00:00:00Z,2020-09-07,-0.231,MED,8/8,,false,VIX_STRESS,False,224,32,0,0,0
BWD,2026092504,-32,SYNTHETIC_PLACEBO_ONLY,False,PROVENANCE_ONLY_NOT_CAUSAL_TRUTH,28,2,4,2020-01-29T00:00:00Z,2020-01-30T00:00:00Z,2020.01.29 02:00,STRESS,STABLE_MAPPED_ROW,,False,,252,2,36,2020-09-09T00:00:00Z,2020-09-10T00:00:00Z,STRESS,2020-09-09T00:00:00Z,2020-09-08,-0.115,LOW,8/8,,false,VIX_STRESS,False,224,32,0,0,0
BWD,2026092504,-32,SYNTHETIC_PLACEBO_ONLY,False,PROVENANCE_ONLY_NOT_CAUSAL_TRUTH,29,3,4,2020-01-30T00:00:00Z,2020-01-31T00:00:00Z,2020.01.30 02:00,NEUTRAL,STABLE_MAPPED_ROW,,False,,253,3,36,2020-09-10T00:00:00Z,2020-09-11T00:00:00Z,NEUTRAL,2020-09-10T00:00:00Z,2020-09-09,0.077,HIGH,8/8,,false,,False,224,32,0,0,0
BWD,2026092504,-32,SYNTHETIC_PLACEBO_ONLY,False,PROVENANCE_ONLY_NOT_CAUSAL_TRUTH,30,4,4,2020-01-31T00:00:00Z,2020-02-01T00:00:00Z,2020.01.31 02:00,NEUTRAL,STABLE_MAPPED_ROW,,False,,254,4,36,2020-09-11T00:00:00Z,2020-09-12T00:00:00Z,NEUTRAL,2020-09-11T00:00:00Z,2020-09-10,0.115,MED,8/8,,false,,False,224,32,0,0,0
BWD,2026092504,-32,SYNTHETIC_PLACEBO_ONLY,False,PROVENANCE_ONLY_NOT_CAUSAL_TRUTH,31,5,4,2020-02-01T00:00:00Z,2020-02-02T00:00:00Z,2020.02.01 02:00,NEUTRAL,STABLE_MAPPED_ROW,,False,,255,5,36,2020-09-12T00:00:00Z,2020-09-13T00:00:00Z,NEUTRAL,2020-09-12T00:00:00Z,2020-09-11,0.231,HIGH,8/8,,false,,False,224,32,0,0,0
BWD,2026092504,-32,SYNTHETIC_PLACEBO_ONLY,False,PROVENANCE_ONLY_NOT_CAUSAL_TRUTH,32,6,4,2020-02-02T00:00:00Z,2020-02-03T00:00:00Z,2020.02.02 02:00,NEUTRAL,STABLE_MAPPED_ROW,,False,,256,6,36,2020-09-13T00:00:00Z,2020-09-14T00:00:00Z,NEUTRAL,2020-09-13T00:00:00Z,2020-09-12,0.231,HIGH,8/8,,false,,False,224,32,0,0,0
BWD,2026092504,-32,SYNTHETIC_PLACEBO_ONLY,False,PROVENANCE_ONLY_NOT_CAUSAL_TRUTH,33,0,4,2020-02-03T00:00:00Z,2020-02-04T00:00:00Z,2020.02.03 02:00,NEUTRAL,STABLE_MAPPED_ROW,,False,,257,0,36,2020-09-14T00:00:00Z,2020-09-15T00:00:00Z,NEUTRAL,2020-09-14T00:00:00Z,2020-09-13,0.115,HIGH,8/8,,false,,False,224,32,0,0,0
BWD,2026092504,-32,SYNTHETIC_PLACEBO_ONLY,False,PROVENANCE_ONLY_NOT_CAUSAL_TRUTH,34,1,4,2020-02-04T00:00:00Z,2020-02-05T00:00:00Z,2020.02.04 02:00,NEUTRAL,STABLE_MAPPED_ROW,,False,,258,1,36,2020-09-15T00:00:00Z,2020-09-16T00:00:00Z,NEUTRAL,2020-09-15T00:00:00Z,2020-09-14,0.115,HIGH,8/8,,false,,False,224,32,0,0,0
BWD,2026092504,-32,SYNTHETIC_PLACEBO_ONLY,False,PROVENANCE_ONLY_NOT_CAUSAL_TRUTH,35,2,5,2020-02-05T00:00:00Z,2020-02-06T00:00:00Z,2020.02.05 02:00,NEUTRAL,STABLE_MAPPED_ROW,,False,,259,2,37,2020-09-16T00:00:00Z,2020-09-17T00:00:00Z,NEUTRAL,2020-09-16T00:00:00Z,2020-09-15,0.231,HIGH,8/8,,false,,False,224,32,0,0,0
BWD,2026092504,-32,SYNTHETIC_PLACEBO_ONLY,False,PROVENANCE_ONLY_NOT_CAUSAL_TRUTH,36,3,5,2020-02-06T00:00:00Z,2020-02-07T00:00:00Z,2020.02.06 02:00,NEUTRAL,STABLE_MAPPED_ROW,,False,,260,3,37,2020-09-17T00:00:00Z,2020-09-18T00:00:00Z,NEUTRAL,2020-09-17T00:00:00Z,2020-09-16,0.115,HIGH,8/8,,false,,False,224,32,0,0,0
BWD,2026092504,-32,SYNTHETIC_PLACEBO_ONLY,False,PROVENANCE_ONLY_NOT_CAUSAL_TRUTH,37,4,5,2020-02-07T00:00:00Z,2020-02-08T00:00:00Z,2020.02.07 02:00,NEUTRAL,STABLE_MAPPED_ROW,,False,,261,4,37,2020-09-18T00:00:00Z,2020-09-19T00:00:00Z,NEUTRAL,2020-09-18T00:00:00Z,2020-09-17,-0.192,LOW,8/8,,false,,False,224,32,0,0,0
BWD,2026092504,-32,SYNTHETIC_PLACEBO_ONLY,False,PROVENANCE_ONLY_NOT_CAUSAL_TRUTH,38,5,5,2020-02-08T00:00:00Z,2020-02-09T00:00:00Z,2020.02.08 02:00,NEUTRAL,STABLE_MAPPED_ROW,,False,,262,5,37,2020-09-19T00:00:00Z,2020-09-20T00:00:00Z,NEUTRAL,2020-09-19T00:00:00Z,2020-09-18,-0.192,LOW,8/8,,false,,False,224,32,0,0,0
BWD,2026092504,-32,SYNTHETIC_PLACEBO_ONLY,False,PROVENANCE_ONLY_NOT_CAUSAL_TRUTH,39,6,5,2020-02-09T00:00:00Z,2020-02-10T00:00:00Z,2020.02.09 02:00,NEUTRAL,STABLE_MAPPED_ROW,,False,,263,6,37,2020-09-20T00:00:00Z,2020-09-21T00:00:00Z,NEUTRAL,2020-09-20T00:00:00Z,2020-09-19,-0.192,LOW,8/8,,false,,False,224,32,0,0,0
BWD,2026092504,-32,SYNTHETIC_PLACEBO_ONLY,False,PROVENANCE_ONLY_NOT_CAUSAL_TRUTH,40,0,5,2020-02-10T00:00:00Z,2020-02-11T00:00:00Z,2020.02.10 02:00,NEUTRAL,STABLE_MAPPED_ROW,,False,,264,0,37,2020-09-21T00:00:00Z,2020-09-22T00:00:00Z,NEUTRAL,2020-09-21T00:00:00Z,2020-09-20,-0.192,LOW,8/8,,false,,False,224,32,0,0,0
BWD,2026092504,-32,SYNTHETIC_PLACEBO_ONLY,False,PROVENANCE_ONLY_NOT_CAUSAL_TRUTH,41,1,5,2020-02-11T00:00:00Z,2020-02-12T00:00:00Z,2020.02.11 02:00,NEUTRAL,STABLE_MAPPED_ROW,,False,,265,1,37,2020-09-22T00:00:00Z,2020-09-23T00:00:00Z,NEUTRAL,2020-09-22T00:00:00Z,2020-09-21,-0.115,MED,8/8,,false,,False,224,32,0,0,0
BWD,2026092504,-32,SYNTHETIC_PLACEBO_ONLY,False,PROVENANCE_ONLY_NOT_CAUSAL_TRUTH,42,2,6,2020-02-12T00:00:00Z,2020-02-13T00:00:00Z,2020.02.12 02:00,NEUTRAL,STABLE_MAPPED_ROW,,False,,266,2,38,2020-09-23T00:00:00Z,2020-09-24T00:00:00Z,NEUTRAL,2020-09-23T00:00:00Z,2020-09-22,-0.115,MED,8/8,,false,,False,224,32,0,0,0
BWD,2026092504,-32,SYNTHETIC_PLACEBO_ONLY,False,PROVENANCE_ONLY_NOT_CAUSAL_TRUTH,43,3,6,2020-02-13T00:00:00Z,2020-02-14T00:00:00Z,2020.02.13 02:00,NEUTRAL,STABLE_MAPPED_ROW,,False,,267,3,38,2020-09-24T00:00:00Z,2020-09-25T00:00:00Z,NEUTRAL,2020-09-24T00:00:00Z,2020-09-23,-0.115,MED,8/8,,false,,False,224,32,0,0,0
BWD,2026092504,-32,SYNTHETIC_PLACEBO_ONLY,False,PROVENANCE_ONLY_NOT_CAUSAL_TRUTH,44,4,6,2020-02-14T00:00:00Z,2020-02-15T00:00:00Z,2020.02.14 02:00,RISK_OFF,STABLE_MAPPED_ROW,,False,,268,4,38,2020-09-25T00:00:00Z,2020-09-26T00:00:00Z,RISK_OFF,2020-09-25T00:00:00Z,2020-09-24,-0.269,HIGH,8/8,,false,,False,224,32,0,0,0
BWD,2026092504,-32,SYNTHETIC_PLACEBO_ONLY,False,PROVENANCE_ONLY_NOT_CAUSAL_TRUTH,45,5,6,2020-02-15T00:00:00Z,2020-02-16T00:00:00Z,2020.02.15 02:00,NEUTRAL,STABLE_MAPPED_ROW,,False,,269,5,38,2020-09-26T00:00:00Z,2020-09-27T00:00:00Z,NEUTRAL,2020-09-26T00:00:00Z,2020-09-25,-0.192,MED,8/8,,false,,False,224,32,0,0,0
BWD,2026092504,-32,SYNTHETIC_PLACEBO_ONLY,False,PROVENANCE_ONLY_NOT_CAUSAL_TRUTH,46,6,6,2020-02-16T00:00:00Z,2020-02-17T00:00:00Z,2020.02.16 02:00,NEUTRAL,STABLE_MAPPED_ROW,,False,,270,6,38,2020-09-27T00:00:00Z,2020-09-28T00:00:00Z,NEUTRAL,2020-09-27T00:00:00Z,2020-09-26,-0.154,MED,8/8,,false,,False,224,32,0,0,0
BWD,2026092504,-32,SYNTHETIC_PLACEBO_ONLY,False,PROVENANCE_ONLY_NOT_CAUSAL_TRUTH,47,0,6,2020-02-17T00:00:00Z,2020-02-18T00:00:00Z,2020.02.17 02:00,NEUTRAL,STABLE_MAPPED_ROW,,False,,271,0,38,2020-09-28T00:00:00Z,2020-09-29T00:00:00Z,NEUTRAL,2020-09-28T00:00:00Z,2020-09-27,-0.154,MED,8/8,,false,,False,224,32,0,0,0
BWD,2026092504,-32,SYNTHETIC_PLACEBO_ONLY,False,PROVENANCE_ONLY_NOT_CAUSAL_TRUTH,48,1,6,2020-02-18T00:00:00Z,2020-02-19T00:00:00Z,2020.02.18 02:00,NEUTRAL,STABLE_MAPPED_ROW,,False,,272,1,38,2020-09-29T00:00:00Z,2020-09-30T00:00:00Z,NEUTRAL,2020-09-29T00:00:00Z,2020-09-28,0.077,HIGH,8/8,,false,,False,224,32,0,0,0
BWD,2026092504,-32,SYNTHETIC_PLACEBO_ONLY,False,PROVENANCE_ONLY_NOT_CAUSAL_TRUTH,49,2,7,2020-02-19T00:00:00Z,2020-02-20T00:00:00Z,2020.02.19 02:00,NEUTRAL,STABLE_MAPPED_ROW,,False,,273,2,39,2020-09-30T00:00:00Z,2020-10-01T00:00:00Z,NEUTRAL,2020-09-30T00:00:00Z,2020-09-29,0.192,HIGH,8/8,,false,,False,224,32,0,0,0
BWD,2026092504,-32,SYNTHETIC_PLACEBO_ONLY,False,PROVENANCE_ONLY_NOT_CAUSAL_TRUTH,50,3,7,2020-02-20T00:00:00Z,2020-02-21T00:00:00Z,2020.02.20 02:00,NEUTRAL,STABLE_MAPPED_ROW,,False,,274,3,39,2020-10-01T00:00:00Z,2020-10-02T00:00:00Z,NEUTRAL,2020-10-01T00:00:00Z,2020-09-30,0.231,HIGH,8/8,,false,,False,224,32,0,0,0
BWD,2026092504,-32,SYNTHETIC_PLACEBO_ONLY,False,PROVENANCE_ONLY_NOT_CAUSAL_TRUTH,51,4,7,2020-02-21T00:00:00Z,2020-02-22T00:00:00Z,2020.02.21 02:00,NEUTRAL,STABLE_MAPPED_ROW,,False,,275,4,39,2020-10-02T00:00:00Z,2020-10-03T00:00:00Z,NEUTRAL,2020-10-02T00:00:00Z,2020-10-01,0,MED,8/8,,false,,False,224,32,0,0,0
BWD,2026092504,-32,SYNTHETIC_PLACEBO_ONLY,False,PROVENANCE_ONLY_NOT_CAUSAL_TRUTH,52,5,7,2020-02-22T00:00:00Z,2020-02-23T00:00:00Z,2020.02.22 02:00,NEUTRAL,STABLE_MAPPED_ROW,,False,,276,5,39,2020-10-03T00:00:00Z,2020-10-04T00:00:00Z,NEUTRAL,2020-10-03T00:00:00Z,2020-10-02,0.192,HIGH,8/8,,false,,False,224,32,0,0,0
BWD,2026092504,-32,SYNTHETIC_PLACEBO_ONLY,False,PROVENANCE_ONLY_NOT_CAUSAL_TRUTH,53,6,7,2020-02-23T00:00:00Z,2020-02-24T00:00:00Z,2020.02.23 02:00,NEUTRAL,STABLE_MAPPED_ROW,,False,,277,6,39,2020-10-04T00:00:00Z,2020-10-05T00:00:00Z,NEUTRAL,2020-10-04T00:00:00Z,2020-10-03,0.192,HIGH,8/8,,false,,False,224,32,0,0,0
BWD,2026092504,-32,SYNTHETIC_PLACEBO_ONLY,False,PROVENANCE_ONLY_NOT_CAUSAL_TRUTH,54,0,7,2020-02-24T00:00:00Z,2020-02-25T00:00:00Z,2020.02.24 02:00,NEUTRAL,STABLE_MAPPED_ROW,,False,,278,0,39,2020-10-05T00:00:00Z,2020-10-06T00:00:00Z,NEUTRAL,2020-10-05T00:00:00Z,2020-10-04,0.192,HIGH,8/8,,false,,False,224,32,0,0,0
BWD,2026092504,-32,SYNTHETIC_PLACEBO_ONLY,False,PROVENANCE_ONLY_NOT_CAUSAL_TRUTH,55,1,7,2020-02-25T00:00:00Z,2020-02-26T00:00:00Z,2020.02.25 02:00,NEUTRAL,STABLE_MAPPED_ROW,,False,,279,1,39,2020-10-06T00:00:00Z,2020-10-07T00:00:00Z,NEUTRAL,2020-10-06T00:00:00Z,2020-10-05,0.192,HIGH,8/8,,false,,False,224,32,0,0,0
BWD,2026092504,-32,SYNTHETIC_PLACEBO_ONLY,False,PROVENANCE_ONLY_NOT_CAUSAL_TRUTH,56,2,8,2020-02-26T00:00:00Z,2020-02-27T00:00:00Z,2020.02.26 02:00,NEUTRAL,STABLE_MAPPED_ROW,,False,,280,2,40,2020-10-07T00:00:00Z,2020-10-08T00:00:00Z,NEUTRAL,2020-10-07T00:00:00Z,2020-10-06,0.038,HIGH,8/8,,false,,False,224,32,0,0,0
BWD,2026092504,-32,SYNTHETIC_PLACEBO_ONLY,False,PROVENANCE_ONLY_NOT_CAUSAL_TRUTH,57,3,8,2020-02-27T00:00:00Z,2020-02-28T00:00:00Z,2020.02.27 02:00,NEUTRAL,STABLE_MAPPED_ROW,,False,,281,3,40,2020-10-08T00:00:00Z,2020-10-09T00:00:00Z,NEUTRAL,2020-10-08T00:00:00Z,2020-10-07,0.231,HIGH,8/8,,false,,False,224,32,0,0,0
BWD,2026092504,-32,SYNTHETIC_PLACEBO_ONLY,False,PROVENANCE_ONLY_NOT_CAUSAL_TRUTH,58,4,8,2020-02-28T00:00:00Z,2020-02-29T00:00:00Z,2020.02.28 02:00,NEUTRAL,STABLE_MAPPED_ROW,,False,,282,4,40,2020-10-09T00:00:00Z,2020-10-10T00:00:00Z,NEUTRAL,2020-10-09T00:00:00Z,2020-10-08,0.231,HIGH,8/8,,false,,False,224,32,0,0,0
BWD,2026092504,-32,SYNTHETIC_PLACEBO_ONLY,False,PROVENANCE_ONLY_NOT_CAUSAL_TRUTH,59,5,8,2020-02-29T00:00:00Z,2020-03-01T00:00:00Z,2020.02.29 02:00,NEUTRAL,STABLE_MAPPED_ROW,,False,,283,5,40,2020-10-10T00:00:00Z,2020-10-11T00:00:00Z,NEUTRAL,2020-10-10T00:00:00Z,2020-10-09,0.231,HIGH,8/8,,false,,False,224,32,0,0,0
BWD,2026092504,-32,SYNTHETIC_PLACEBO_ONLY,False,PROVENANCE_ONLY_NOT_CAUSAL_TRUTH,60,6,8,2020-03-01T00:00:00Z,2020-03-02T00:00:00Z,2020.03.01 02:00,NEUTRAL,STABLE_MAPPED_ROW,,False,,284,6,40,2020-10-11T00:00:00Z,2020-10-12T00:00:00Z,NEUTRAL,2020-10-11T00:00:00Z,2020-10-10,0.231,HIGH,8/8,,false,,False,224,32,0,0,0
BWD,2026092504,-32,SYNTHETIC_PLACEBO_ONLY,False,PROVENANCE_ONLY_NOT_CAUSAL_TRUTH,61,0,8,2020-03-02T00:00:00Z,2020-03-03T00:00:00Z,2020.03.02 02:00,NEUTRAL,STABLE_MAPPED_ROW,,False,,285,0,40,2020-10-12T00:00:00Z,2020-10-13T00:00:00Z,NEUTRAL,2020-10-12T00:00:00Z,2020-10-11,0.231,HIGH,8/8,,false,,False,224,32,0,0,0
BWD,2026092504,-32,SYNTHETIC_PLACEBO_ONLY,False,PROVENANCE_ONLY_NOT_CAUSAL_TRUTH,62,1,8,2020-03-03T00:00:00Z,2020-03-04T00:00:00Z,2020.03.03 02:00,NEUTRAL,STABLE_MAPPED_ROW,,False,,286,1,40,2020-10-13T00:00:00Z,2020-10-14T00:00:00Z,NEUTRAL,2020-10-13T00:00:00Z,2020-10-12,0.115,HIGH,8/8,,false,,False,224,32,0,0,0
BWD,2026092504,-32,SYNTHETIC_PLACEBO_ONLY,False,PROVENANCE_ONLY_NOT_CAUSAL_TRUTH,63,2,9,2020-03-04T00:00:00Z,2020-03-05T00:00:00Z,2020.03.04 02:00,NEUTRAL,STABLE_MAPPED_ROW,,False,,287,2,41,2020-10-14T00:00:00Z,2020-10-15T00:00:00Z,NEUTRAL,2020-10-14T00:00:00Z,2020-10-13,0.231,HIGH,8/8,,false,,False,224,32,0,0,0
BWD,2026092504,-32,SYNTHETIC_PLACEBO_ONLY,False,PROVENANCE_ONLY_NOT_CAUSAL_TRUTH,64,3,9,2020-03-05T00:00:00Z,2020-03-06T00:00:00Z,2020.03.05 02:00,NEUTRAL,STABLE_MAPPED_ROW,,False,,288,3,41,2020-10-15T00:00:00Z,2020-10-16T00:00:00Z,NEUTRAL,2020-10-15T00:00:00Z,2020-10-14,0.115,HIGH,8/8,,false,,False,224,32,0,0,0
BWD,2026092504,-32,SYNTHETIC_PLACEBO_ONLY,False,PROVENANCE_ONLY_NOT_CAUSAL_TRUTH,65,4,9,2020-03-06T00:00:00Z,2020-03-07T00:00:00Z,2020.03.06 02:00,NEUTRAL,STABLE_MAPPED_ROW,,False,,289,4,41,2020-10-16T00:00:00Z,2020-10-17T00:00:00Z,NEUTRAL,2020-10-16T00:00:00Z,2020-10-15,0.115,HIGH,8/8,,false,,False,224,32,0,0,0
BWD,2026092504,-32,SYNTHETIC_PLACEBO_ONLY,False,PROVENANCE_ONLY_NOT_CAUSAL_TRUTH,66,5,9,2020-03-07T00:00:00Z,2020-03-08T00:00:00Z,2020.03.07 02:00,NEUTRAL,STABLE_MAPPED_ROW,,False,,290,5,41,2020-10-17T00:00:00Z,2020-10-18T00:00:00Z,NEUTRAL,2020-10-17T00:00:00Z,2020-10-16,0.038,HIGH,8/8,,false,,False,224,32,0,0,0
BWD,2026092504,-32,SYNTHETIC_PLACEBO_ONLY,False,PROVENANCE_ONLY_NOT_CAUSAL_TRUTH,67,6,9,2020-03-08T00:00:00Z,2020-03-09T00:00:00Z,2020.03.08 00:00,UNKNOWN,TRANSITION_UNKNOWN_BOUNDARY_MARKER,2020-03-08,True,2020.03.09 03:00,291,6,41,2020-10-18T00:00:00Z,2020-10-19T00:00:00Z,NEUTRAL,2020-10-18T00:00:00Z,2020-10-17,0.038,HIGH,8/8,,false,,False,224,32,0,0,0
BWD,2026092504,-32,SYNTHETIC_PLACEBO_ONLY,False,PROVENANCE_ONLY_NOT_CAUSAL_TRUTH,68,0,9,2020-03-09T00:00:00Z,2020-03-10T00:00:00Z,2020.03.09 03:00,NEUTRAL,STABLE_MAPPED_ROW,,False,,292,0,41,2020-10-19T00:00:00Z,2020-10-20T00:00:00Z,NEUTRAL,2020-10-19T00:00:00Z,2020-10-18,0.077,HIGH,8/8,,false,,False,224,32,0,0,0
BWD,2026092504,-32,SYNTHETIC_PLACEBO_ONLY,False,PROVENANCE_ONLY_NOT_CAUSAL_TRUTH,69,1,9,2020-03-10T00:00:00Z,2020-03-11T00:00:00Z,2020.03.10 03:00,NEUTRAL,STABLE_MAPPED_ROW,,False,,293,1,41,2020-10-20T00:00:00Z,2020-10-21T00:00:00Z,NEUTRAL,2020-10-20T00:00:00Z,2020-10-19,0.115,HIGH,8/8,,false,,False,224,32,0,0,0
BWD,2026092504,-32,SYNTHETIC_PLACEBO_ONLY,False,PROVENANCE_ONLY_NOT_CAUSAL_TRUTH,70,2,10,2020-03-11T00:00:00Z,2020-03-12T00:00:00Z,2020.03.11 03:00,NEUTRAL,STABLE_MAPPED_ROW,,False,,294,2,42,2020-10-21T00:00:00Z,2020-10-22T00:00:00Z,NEUTRAL,2020-10-21T00:00:00Z,2020-10-20,0.038,MED,8/8,,false,,False,224,32,0,0,0
BWD,2026092504,-32,SYNTHETIC_PLACEBO_ONLY,False,PROVENANCE_ONLY_NOT_CAUSAL_TRUTH,71,3,10,2020-03-12T00:00:00Z,2020-03-13T00:00:00Z,2020.03.12 03:00,NEUTRAL,STABLE_MAPPED_ROW,,False,,295,3,42,2020-10-22T00:00:00Z,2020-10-23T00:00:00Z,NEUTRAL,2020-10-22T00:00:00Z,2020-10-21,0.115,HIGH,8/8,,false,,False,224,32,0,0,0
BWD,2026092504,-32,SYNTHETIC_PLACEBO_ONLY,False,PROVENANCE_ONLY_NOT_CAUSAL_TRUTH,72,4,10,2020-03-13T00:00:00Z,2020-03-14T00:00:00Z,2020.03.13 03:00,NEUTRAL,STABLE_MAPPED_ROW,,False,,296,4,42,2020-10-23T00:00:00Z,2020-10-24T00:00:00Z,NEUTRAL,2020-10-23T00:00:00Z,2020-10-22,0.231,HIGH,8/8,,false,,False,224,32,0,0,0
BWD,2026092504,-32,SYNTHETIC_PLACEBO_ONLY,False,PROVENANCE_ONLY_NOT_CAUSAL_TRUTH,73,5,10,2020-03-14T00:00:00Z,2020-03-15T00:00:00Z,2020.03.14 03:00,NEUTRAL,STABLE_MAPPED_ROW,,False,,297,5,42,2020-10-24T00:00:00Z,2020-10-25T00:00:00Z,NEUTRAL,2020-10-24T00:00:00Z,2020-10-23,0.231,HIGH,8/8,,false,,False,224,32,0,0,0
BWD,2026092504,-32,SYNTHETIC_PLACEBO_ONLY,False,PROVENANCE_ONLY_NOT_CAUSAL_TRUTH,74,6,10,2020-03-15T00:00:00Z,2020-03-16T00:00:00Z,2020.03.15 03:00,NEUTRAL,STABLE_MAPPED_ROW,,False,,298,6,42,2020-10-25T00:00:00Z,2020-10-26T00:00:00Z,NEUTRAL,2020-10-25T00:00:00Z,2020-10-24,0.231,HIGH,8/8,,false,,False,224,32,0,0,0
BWD,2026092504,-32,SYNTHETIC_PLACEBO_ONLY,False,PROVENANCE_ONLY_NOT_CAUSAL_TRUTH,75,0,10,2020-03-16T00:00:00Z,2020-03-17T00:00:00Z,2020.03.16 03:00,NEUTRAL,STABLE_MAPPED_ROW,,False,,299,0,42,2020-10-26T00:00:00Z,2020-10-27T00:00:00Z,NEUTRAL,2020-10-26T00:00:00Z,2020-10-25,0.231,HIGH,8/8,,false,,False,224,32,0,0,0
BWD,2026092504,-32,SYNTHETIC_PLACEBO_ONLY,False,PROVENANCE_ONLY_NOT_CAUSAL_TRUTH,76,1,10,2020-03-17T00:00:00Z,2020-03-18T00:00:00Z,2020.03.17 03:00,STRESS,STABLE_MAPPED_ROW,,False,,300,1,42,2020-10-27T00:00:00Z,2020-10-28T00:00:00Z,STRESS,2020-10-27T00:00:00Z,2020-10-26,-0.038,LOW,8/8,,false,VIX_STRESS,False,224,32,0,0,0
BWD,2026092504,-32,SYNTHETIC_PLACEBO_ONLY,False,PROVENANCE_ONLY_NOT_CAUSAL_TRUTH,77,2,11,2020-03-18T00:00:00Z,2020-03-19T00:00:00Z,2020.03.18 03:00,STRESS,STABLE_MAPPED_ROW,,False,,301,2,43,2020-10-28T00:00:00Z,2020-10-29T00:00:00Z,STRESS,2020-10-28T00:00:00Z,2020-10-27,0.038,HIGH,8/8,,false,VIX_STRESS,False,224,32,0,0,0
BWD,2026092504,-32,SYNTHETIC_PLACEBO_ONLY,False,PROVENANCE_ONLY_NOT_CAUSAL_TRUTH,78,3,11,2020-03-19T00:00:00Z,2020-03-20T00:00:00Z,2020.03.19 03:00,STRESS,STABLE_MAPPED_ROW,,False,,302,3,43,2020-10-29T00:00:00Z,2020-10-30T00:00:00Z,STRESS,2020-10-29T00:00:00Z,2020-10-28,-0.115,MED,8/8,,false,VIX_STRESS,False,224,32,0,0,0
BWD,2026092504,-32,SYNTHETIC_PLACEBO_ONLY,False,PROVENANCE_ONLY_NOT_CAUSAL_TRUTH,79,4,11,2020-03-20T00:00:00Z,2020-03-21T00:00:00Z,2020.03.20 03:00,STRESS,STABLE_MAPPED_ROW,,False,,303,4,43,2020-10-30T00:00:00Z,2020-10-31T00:00:00Z,STRESS,2020-10-30T00:00:00Z,2020-10-29,-0.231,MED,8/8,,false,VIX_STRESS,False,224,32,0,0,0
BWD,2026092504,-32,SYNTHETIC_PLACEBO_ONLY,False,PROVENANCE_ONLY_NOT_CAUSAL_TRUTH,80,5,11,2020-03-21T00:00:00Z,2020-03-22T00:00:00Z,2020.03.21 03:00,STRESS,STABLE_MAPPED_ROW,,False,,304,5,43,2020-10-31T00:00:00Z,2020-11-01T00:00:00Z,STRESS,2020-10-31T00:00:00Z,2020-10-30,-0.077,LOW,8/8,,false,VIX_STRESS,False,224,32,0,0,0
BWD,2026092504,-32,SYNTHETIC_PLACEBO_ONLY,False,PROVENANCE_ONLY_NOT_CAUSAL_TRUTH,81,6,11,2020-03-22T00:00:00Z,2020-03-23T00:00:00Z,2020.03.22 03:00,STRESS,STABLE_MAPPED_ROW,,False,,305,6,43,2020-11-01T00:00:00Z,2020-11-02T00:00:00Z,STRESS,2020-11-01T00:00:00Z,2020-10-31,-0.077,LOW,8/8,,false,VIX_STRESS,False,224,32,0,0,0
BWD,2026092504,-32,SYNTHETIC_PLACEBO_ONLY,False,PROVENANCE_ONLY_NOT_CAUSAL_TRUTH,82,0,11,2020-03-23T00:00:00Z,2020-03-24T00:00:00Z,2020.03.23 03:00,STRESS,STABLE_MAPPED_ROW,,False,,306,0,43,2020-11-02T00:00:00Z,2020-11-03T00:00:00Z,STRESS,2020-11-02T00:00:00Z,2020-11-01,-0.077,LOW,8/8,,false,VIX_STRESS,False,224,32,0,0,0
BWD,2026092504,-32,SYNTHETIC_PLACEBO_ONLY,False,PROVENANCE_ONLY_NOT_CAUSAL_TRUTH,83,1,11,2020-03-24T00:00:00Z,2020-03-25T00:00:00Z,2020.03.24 03:00,STRESS,STABLE_MAPPED_ROW,,False,,307,1,43,2020-11-03T00:00:00Z,2020-11-04T00:00:00Z,STRESS,2020-11-03T00:00:00Z,2020-11-02,-0.077,LOW,8/8,,false,VIX_STRESS,False,224,32,0,0,0
BWD,2026092504,-32,SYNTHETIC_PLACEBO_ONLY,False,PROVENANCE_ONLY_NOT_CAUSAL_TRUTH,84,2,12,2020-03-25T00:00:00Z,2020-03-26T00:00:00Z,2020.03.25 03:00,STRESS,STABLE_MAPPED_ROW,,False,,308,2,44,2020-11-04T00:00:00Z,2020-11-05T00:00:00Z,STRESS,2020-11-04T00:00:00Z,2020-11-03,-0.077,LOW,8/8,,false,VIX_STRESS,False,224,32,0,0,0
BWD,2026092504,-32,SYNTHETIC_PLACEBO_ONLY,False,PROVENANCE_ONLY_NOT_CAUSAL_TRUTH,85,3,12,2020-03-26T00:00:00Z,2020-03-27T00:00:00Z,2020.03.26 03:00,NEUTRAL,STABLE_MAPPED_ROW,,False,,309,3,44,2020-11-05T00:00:00Z,2020-11-06T00:00:00Z,NEUTRAL,2020-11-05T00:00:00Z,2020-11-04,0.231,HIGH,8/8,,false,,False,224,32,0,0,0
BWD,2026092504,-32,SYNTHETIC_PLACEBO_ONLY,False,PROVENANCE_ONLY_NOT_CAUSAL_TRUTH,86,4,12,2020-03-27T00:00:00Z,2020-03-28T00:00:00Z,2020.03.27 03:00,NEUTRAL,STABLE_MAPPED_ROW,,False,,310,4,44,2020-11-06T00:00:00Z,2020-11-07T00:00:00Z,NEUTRAL,2020-11-06T00:00:00Z,2020-11-05,0.231,HIGH,8/8,,false,,False,224,32,0,0,0
BWD,2026092504,-32,SYNTHETIC_PLACEBO_ONLY,False,PROVENANCE_ONLY_NOT_CAUSAL_TRUTH,87,5,12,2020-03-28T00:00:00Z,2020-03-29T00:00:00Z,2020.03.28 03:00,NEUTRAL,STABLE_MAPPED_ROW,,False,,311,5,44,2020-11-07T00:00:00Z,2020-11-08T00:00:00Z,NEUTRAL,2020-11-07T00:00:00Z,2020-11-06,0.231,HIGH,8/8,,false,,False,224,32,0,0,0
BWD,2026092504,-32,SYNTHETIC_PLACEBO_ONLY,False,PROVENANCE_ONLY_NOT_CAUSAL_TRUTH,88,6,12,2020-03-29T00:00:00Z,2020-03-30T00:00:00Z,2020.03.29 03:00,NEUTRAL,STABLE_MAPPED_ROW,,False,,312,6,44,2020-11-08T00:00:00Z,2020-11-09T00:00:00Z,NEUTRAL,2020-11-08T00:00:00Z,2020-11-07,0.231,HIGH,8/8,,false,,False,224,32,0,0,0
BWD,2026092504,-32,SYNTHETIC_PLACEBO_ONLY,False,PROVENANCE_ONLY_NOT_CAUSAL_TRUTH,89,0,12,2020-03-30T00:00:00Z,2020-03-31T00:00:00Z,2020.03.30 03:00,NEUTRAL,STABLE_MAPPED_ROW,,False,,313,0,44,2020-11-09T00:00:00Z,2020-11-10T00:00:00Z,NEUTRAL,2020-11-09T00:00:00Z,2020-11-08,0.231,HIGH,8/8,,false,,False,224,32,0,0,0
BWD,2026092504,-32,SYNTHETIC_PLACEBO_ONLY,False,PROVENANCE_ONLY_NOT_CAUSAL_TRUTH,90,1,12,2020-03-31T00:00:00Z,2020-04-01T00:00:00Z,2020.03.31 03:00,NEUTRAL,STABLE_MAPPED_ROW,,False,,314,1,44,2020-11-10T00:00:00Z,2020-11-11T00:00:00Z,NEUTRAL,2020-11-10T00:00:00Z,2020-11-09,0.231,HIGH,8/8,,false,,False,224,32,0,0,0
BWD,2026092504,-32,SYNTHETIC_PLACEBO_ONLY,False,PROVENANCE_ONLY_NOT_CAUSAL_TRUTH,91,2,13,2020-04-01T00:00:00Z,2020-04-02T00:00:00Z,2020.04.01 03:00,NEUTRAL,STABLE_MAPPED_ROW,,False,,315,2,45,2020-11-11T00:00:00Z,2020-11-12T00:00:00Z,NEUTRAL,2020-11-11T00:00:00Z,2020-11-10,0.192,HIGH,8/8,,false,,False,224,32,0,0,0
BWD,2026092504,-32,SYNTHETIC_PLACEBO_ONLY,False,PROVENANCE_ONLY_NOT_CAUSAL_TRUTH,92,3,13,2020-04-02T00:00:00Z,2020-04-03T00:00:00Z,2020.04.02 03:00,NEUTRAL,STABLE_MAPPED_ROW,,False,,316,3,45,2020-11-12T00:00:00Z,2020-11-13T00:00:00Z,NEUTRAL,2020-11-12T00:00:00Z,2020-11-11,0.308,HIGH,8/8,,false,,False,224,32,0,0,0
BWD,2026092504,-32,SYNTHETIC_PLACEBO_ONLY,False,PROVENANCE_ONLY_NOT_CAUSAL_TRUTH,93,4,13,2020-04-03T00:00:00Z,2020-04-04T00:00:00Z,2020.04.03 03:00,NEUTRAL,STABLE_MAPPED_ROW,,False,,317,4,45,2020-11-13T00:00:00Z,2020-11-14T00:00:00Z,NEUTRAL,2020-11-13T00:00:00Z,2020-11-12,0.231,HIGH,8/8,,false,,False,224,32,0,0,0
BWD,2026092504,-32,SYNTHETIC_PLACEBO_ONLY,False,PROVENANCE_ONLY_NOT_CAUSAL_TRUTH,94,5,13,2020-04-04T00:00:00Z,2020-04-05T00:00:00Z,2020.04.04 03:00,NEUTRAL,STABLE_MAPPED_ROW,,False,,318,5,45,2020-11-14T00:00:00Z,2020-11-15T00:00:00Z,NEUTRAL,2020-11-14T00:00:00Z,2020-11-13,0.231,HIGH,8/8,,false,,False,224,32,0,0,0
BWD,2026092504,-32,SYNTHETIC_PLACEBO_ONLY,False,PROVENANCE_ONLY_NOT_CAUSAL_TRUTH,95,6,13,2020-04-05T00:00:00Z,2020-04-06T00:00:00Z,2020.04.05 03:00,NEUTRAL,STABLE_MAPPED_ROW,,False,,319,6,45,2020-11-15T00:00:00Z,2020-11-16T00:00:00Z,NEUTRAL,2020-11-15T00:00:00Z,2020-11-14,0.231,HIGH,8/8,,false,,False,224,32,0,0,0
BWD,2026092504,-32,SYNTHETIC_PLACEBO_ONLY,False,PROVENANCE_ONLY_NOT_CAUSAL_TRUTH,96,0,13,2020-04-06T00:00:00Z,2020-04-07T00:00:00Z,2020.04.06 03:00,NEUTRAL,STABLE_MAPPED_ROW,,False,,320,0,45,2020-11-16T00:00:00Z,2020-11-17T00:00:00Z,NEUTRAL,2020-11-16T00:00:00Z,2020-11-15,0.231,HIGH,8/8,,false,,False,224,32,0,0,0
BWD,2026092504,-32,SYNTHETIC_PLACEBO_ONLY,False,PROVENANCE_ONLY_NOT_CAUSAL_TRUTH,97,1,13,2020-04-07T00:00:00Z,2020-04-08T00:00:00Z,2020.04.07 03:00,NEUTRAL,STABLE_MAPPED_ROW,,False,,321,1,45,2020-11-17T00:00:00Z,2020-11-18T00:00:00Z,NEUTRAL,2020-11-17T00:00:00Z,2020-11-16,0.231,HIGH,8/8,,false,,False,224,32,0,0,0
BWD,2026092504,-32,SYNTHETIC_PLACEBO_ONLY,False,PROVENANCE_ONLY_NOT_CAUSAL_TRUTH,98,2,14,2020-04-08T00:00:00Z,2020-04-09T00:00:00Z,2020.04.08 03:00,NEUTRAL,STABLE_MAPPED_ROW,,False,,322,2,46,2020-11-18T00:00:00Z,2020-11-19T00:00:00Z,NEUTRAL,2020-11-18T00:00:00Z,2020-11-17,0.115,HIGH,8/8,,false,,False,224,32,0,0,0
BWD,2026092504,-32,SYNTHETIC_PLACEBO_ONLY,False,PROVENANCE_ONLY_NOT_CAUSAL_TRUTH,99,3,14,2020-04-09T00:00:00Z,2020-04-10T00:00:00Z,2020.04.09 03:00,NEUTRAL,STABLE_MAPPED_ROW,,False,,323,3,46,2020-11-19T00:00:00Z,2020-11-20T00:00:00Z,NEUTRAL,2020-11-19T00:00:00Z,2020-11-18,0.115,HIGH,8/8,,false,,False,224,32,0,0,0
BWD,2026092504,-32,SYNTHETIC_PLACEBO_ONLY,False,PROVENANCE_ONLY_NOT_CAUSAL_TRUTH,100,4,14,2020-04-10T00:00:00Z,2020-04-11T00:00:00Z,2020.04.10 03:00,NEUTRAL,STABLE_MAPPED_ROW,,False,,324,4,46,2020-11-20T00:00:00Z,2020-11-21T00:00:00Z,NEUTRAL,2020-11-20T00:00:00Z,2020-11-19,0.115,HIGH,8/8,,false,,False,224,32,0,0,0
BWD,2026092504,-32,SYNTHETIC_PLACEBO_ONLY,False,PROVENANCE_ONLY_NOT_CAUSAL_TRUTH,101,5,14,2020-04-11T00:00:00Z,2020-04-12T00:00:00Z,2020.04.11 03:00,NEUTRAL,STABLE_MAPPED_ROW,,False,,325,5,46,2020-11-21T00:00:00Z,2020-11-22T00:00:00Z,NEUTRAL,2020-11-21T00:00:00Z,2020-11-20,0.115,HIGH,8/8,,false,,False,224,32,0,0,0
BWD,2026092504,-32,SYNTHETIC_PLACEBO_ONLY,False,PROVENANCE_ONLY_NOT_CAUSAL_TRUTH,102,6,14,2020-04-12T00:00:00Z,2020-04-13T00:00:00Z,2020.04.12 03:00,NEUTRAL,STABLE_MAPPED_ROW,,False,,326,6,46,2020-11-22T00:00:00Z,2020-11-23T00:00:00Z,NEUTRAL,2020-11-22T00:00:00Z,2020-11-21,0.115,HIGH,8/8,,false,,False,224,32,0,0,0
BWD,2026092504,-32,SYNTHETIC_PLACEBO_ONLY,False,PROVENANCE_ONLY_NOT_CAUSAL_TRUTH,103,0,14,2020-04-13T00:00:00Z,2020-04-14T00:00:00Z,2020.04.13 03:00,NEUTRAL,STABLE_MAPPED_ROW,,False,,327,0,46,2020-11-23T00:00:00Z,2020-11-24T00:00:00Z,NEUTRAL,2020-11-23T00:00:00Z,2020-11-22,0.115,HIGH,8/8,,false,,False,224,32,0,0,0
BWD,2026092504,-32,SYNTHETIC_PLACEBO_ONLY,False,PROVENANCE_ONLY_NOT_CAUSAL_TRUTH,104,1,14,2020-04-14T00:00:00Z,2020-04-15T00:00:00Z,2020.04.14 03:00,NEUTRAL,STABLE_MAPPED_ROW,,False,,328,1,46,2020-11-24T00:00:00Z,2020-11-25T00:00:00Z,NEUTRAL,2020-11-24T00:00:00Z,2020-11-23,0.115,HIGH,8/8,,false,,False,224,32,0,0,0
BWD,2026092504,-32,SYNTHETIC_PLACEBO_ONLY,False,PROVENANCE_ONLY_NOT_CAUSAL_TRUTH,105,2,15,2020-04-15T00:00:00Z,2020-04-16T00:00:00Z,2020.04.15 03:00,NEUTRAL,STABLE_MAPPED_ROW,,False,,329,2,47,2020-11-25T00:00:00Z,2020-11-26T00:00:00Z,NEUTRAL,2020-11-25T00:00:00Z,2020-11-24,0.115,HIGH,8/8,,false,,False,224,32,0,0,0
BWD,2026092504,-32,SYNTHETIC_PLACEBO_ONLY,False,PROVENANCE_ONLY_NOT_CAUSAL_TRUTH,106,3,15,2020-04-16T00:00:00Z,2020-04-17T00:00:00Z,2020.04.16 03:00,NEUTRAL,STABLE_MAPPED_ROW,,False,,330,3,47,2020-11-26T00:00:00Z,2020-11-27T00:00:00Z,NEUTRAL,2020-11-26T00:00:00Z,2020-11-25,0.231,HIGH,8/8,,false,,False,224,32,0,0,0
BWD,2026092504,-32,SYNTHETIC_PLACEBO_ONLY,False,PROVENANCE_ONLY_NOT_CAUSAL_TRUTH,107,4,15,2020-04-17T00:00:00Z,2020-04-18T00:00:00Z,2020.04.17 03:00,NEUTRAL,STABLE_MAPPED_ROW,,False,,331,4,47,2020-11-27T00:00:00Z,2020-11-28T00:00:00Z,NEUTRAL,2020-11-27T00:00:00Z,2020-11-26,0.038,MED,8/8,,false,,False,224,32,0,0,0
BWD,2026092504,-32,SYNTHETIC_PLACEBO_ONLY,False,PROVENANCE_ONLY_NOT_CAUSAL_TRUTH,108,5,15,2020-04-18T00:00:00Z,2020-04-19T00:00:00Z,2020.04.18 03:00,NEUTRAL,STABLE_MAPPED_ROW,,False,,332,5,47,2020-11-28T00:00:00Z,2020-11-29T00:00:00Z,NEUTRAL,2020-11-28T00:00:00Z,2020-11-27,0.038,MED,8/8,,false,,False,224,32,0,0,0
BWD,2026092504,-32,SYNTHETIC_PLACEBO_ONLY,False,PROVENANCE_ONLY_NOT_CAUSAL_TRUTH,109,6,15,2020-04-19T00:00:00Z,2020-04-20T00:00:00Z,2020.04.19 03:00,NEUTRAL,STABLE_MAPPED_ROW,,False,,333,6,47,2020-11-29T00:00:00Z,2020-11-30T00:00:00Z,NEUTRAL,2020-11-29T00:00:00Z,2020-11-28,0.038,MED,8/8,,false,,False,224,32,0,0,0
BWD,2026092504,-32,SYNTHETIC_PLACEBO_ONLY,False,PROVENANCE_ONLY_NOT_CAUSAL_TRUTH,110,0,15,2020-04-20T00:00:00Z,2020-04-21T00:00:00Z,2020.04.20 03:00,NEUTRAL,STABLE_MAPPED_ROW,,False,,334,0,47,2020-11-30T00:00:00Z,2020-12-01T00:00:00Z,NEUTRAL,2020-11-30T00:00:00Z,2020-11-29,0.038,MED,8/8,,false,,False,224,32,0,0,0
BWD,2026092504,-32,SYNTHETIC_PLACEBO_ONLY,False,PROVENANCE_ONLY_NOT_CAUSAL_TRUTH,111,1,15,2020-04-21T00:00:00Z,2020-04-22T00:00:00Z,2020.04.21 03:00,NEUTRAL,STABLE_MAPPED_ROW,,False,,335,1,47,2020-12-01T00:00:00Z,2020-12-02T00:00:00Z,NEUTRAL,2020-12-01T00:00:00Z,2020-11-30,0.231,HIGH,8/8,,false,,False,224,32,0,0,0
BWD,2026092504,-32,SYNTHETIC_PLACEBO_ONLY,False,PROVENANCE_ONLY_NOT_CAUSAL_TRUTH,112,2,16,2020-04-22T00:00:00Z,2020-04-23T00:00:00Z,2020.04.22 03:00,NEUTRAL,STABLE_MAPPED_ROW,,False,,336,2,48,2020-12-02T00:00:00Z,2020-12-03T00:00:00Z,NEUTRAL,2020-12-02T00:00:00Z,2020-12-01,0.231,HIGH,8/8,,false,,False,224,32,0,0,0
BWD,2026092504,-32,SYNTHETIC_PLACEBO_ONLY,False,PROVENANCE_ONLY_NOT_CAUSAL_TRUTH,113,3,16,2020-04-23T00:00:00Z,2020-04-24T00:00:00Z,2020.04.23 03:00,NEUTRAL,STABLE_MAPPED_ROW,,False,,337,3,48,2020-12-03T00:00:00Z,2020-12-04T00:00:00Z,NEUTRAL,2020-12-03T00:00:00Z,2020-12-02,0.115,HIGH,8/8,,false,,False,224,32,0,0,0
BWD,2026092504,-32,SYNTHETIC_PLACEBO_ONLY,False,PROVENANCE_ONLY_NOT_CAUSAL_TRUTH,114,4,16,2020-04-24T00:00:00Z,2020-04-25T00:00:00Z,2020.04.24 03:00,NEUTRAL,STABLE_MAPPED_ROW,,False,,338,4,48,2020-12-04T00:00:00Z,2020-12-05T00:00:00Z,NEUTRAL,2020-12-04T00:00:00Z,2020-12-03,0.231,HIGH,8/8,,false,,False,224,32,0,0,0
BWD,2026092504,-32,SYNTHETIC_PLACEBO_ONLY,False,PROVENANCE_ONLY_NOT_CAUSAL_TRUTH,115,5,16,2020-04-25T00:00:00Z,2020-04-26T00:00:00Z,2020.04.25 03:00,NEUTRAL,STABLE_MAPPED_ROW,,False,,339,5,48,2020-12-05T00:00:00Z,2020-12-06T00:00:00Z,NEUTRAL,2020-12-05T00:00:00Z,2020-12-04,0.231,HIGH,8/8,,false,,False,224,32,0,0,0
BWD,2026092504,-32,SYNTHETIC_PLACEBO_ONLY,False,PROVENANCE_ONLY_NOT_CAUSAL_TRUTH,116,6,16,2020-04-26T00:00:00Z,2020-04-27T00:00:00Z,2020.04.26 03:00,NEUTRAL,STABLE_MAPPED_ROW,,False,,340,6,48,2020-12-06T00:00:00Z,2020-12-07T00:00:00Z,NEUTRAL,2020-12-06T00:00:00Z,2020-12-05,0.192,HIGH,8/8,,false,,False,224,32,0,0,0
BWD,2026092504,-32,SYNTHETIC_PLACEBO_ONLY,False,PROVENANCE_ONLY_NOT_CAUSAL_TRUTH,117,0,16,2020-04-27T00:00:00Z,2020-04-28T00:00:00Z,2020.04.27 03:00,NEUTRAL,STABLE_MAPPED_ROW,,False,,341,0,48,2020-12-07T00:00:00Z,2020-12-08T00:00:00Z,NEUTRAL,2020-12-07T00:00:00Z,2020-12-06,0.231,HIGH,8/8,,false,,False,224,32,0,0,0
BWD,2026092504,-32,SYNTHETIC_PLACEBO_ONLY,False,PROVENANCE_ONLY_NOT_CAUSAL_TRUTH,118,1,16,2020-04-28T00:00:00Z,2020-04-29T00:00:00Z,2020.04.28 03:00,NEUTRAL,STABLE_MAPPED_ROW,,False,,342,1,48,2020-12-08T00:00:00Z,2020-12-09T00:00:00Z,NEUTRAL,2020-12-08T00:00:00Z,2020-12-07,0.192,HIGH,8/8,,false,,False,224,32,0,0,0
BWD,2026092504,-32,SYNTHETIC_PLACEBO_ONLY,False,PROVENANCE_ONLY_NOT_CAUSAL_TRUTH,119,2,17,2020-04-29T00:00:00Z,2020-04-30T00:00:00Z,2020.04.29 03:00,NEUTRAL,STABLE_MAPPED_ROW,,False,,343,2,49,2020-12-09T00:00:00Z,2020-12-10T00:00:00Z,NEUTRAL,2020-12-09T00:00:00Z,2020-12-08,0.038,MED,8/8,,false,,False,224,32,0,0,0
BWD,2026092504,-32,SYNTHETIC_PLACEBO_ONLY,False,PROVENANCE_ONLY_NOT_CAUSAL_TRUTH,120,3,17,2020-04-30T00:00:00Z,2020-05-01T00:00:00Z,2020.04.30 03:00,NEUTRAL,STABLE_MAPPED_ROW,,False,,344,3,49,2020-12-10T00:00:00Z,2020-12-11T00:00:00Z,NEUTRAL,2020-12-10T00:00:00Z,2020-12-09,0.192,HIGH,8/8,,false,,False,224,32,0,0,0
BWD,2026092504,-32,SYNTHETIC_PLACEBO_ONLY,False,PROVENANCE_ONLY_NOT_CAUSAL_TRUTH,121,4,17,2020-05-01T00:00:00Z,2020-05-02T00:00:00Z,2020.05.01 03:00,NEUTRAL,STABLE_MAPPED_ROW,,False,,345,4,49,2020-12-11T00:00:00Z,2020-12-12T00:00:00Z,NEUTRAL,2020-12-11T00:00:00Z,2020-12-10,0.038,MED,8/8,,false,,False,224,32,0,0,0
BWD,2026092504,-32,SYNTHETIC_PLACEBO_ONLY,False,PROVENANCE_ONLY_NOT_CAUSAL_TRUTH,122,5,17,2020-05-02T00:00:00Z,2020-05-03T00:00:00Z,2020.05.02 03:00,NEUTRAL,STABLE_MAPPED_ROW,,False,,346,5,49,2020-12-12T00:00:00Z,2020-12-13T00:00:00Z,NEUTRAL,2020-12-12T00:00:00Z,2020-12-11,0.038,MED,8/8,,false,,False,224,32,0,0,0
BWD,2026092504,-32,SYNTHETIC_PLACEBO_ONLY,False,PROVENANCE_ONLY_NOT_CAUSAL_TRUTH,123,6,17,2020-05-03T00:00:00Z,2020-05-04T00:00:00Z,2020.05.03 03:00,NEUTRAL,STABLE_MAPPED_ROW,,False,,347,6,49,2020-12-13T00:00:00Z,2020-12-14T00:00:00Z,NEUTRAL,2020-12-13T00:00:00Z,2020-12-12,0.192,HIGH,8/8,,false,,False,224,32,0,0,0
BWD,2026092504,-32,SYNTHETIC_PLACEBO_ONLY,False,PROVENANCE_ONLY_NOT_CAUSAL_TRUTH,124,0,17,2020-05-04T00:00:00Z,2020-05-05T00:00:00Z,2020.05.04 03:00,NEUTRAL,STABLE_MAPPED_ROW,,False,,348,0,49,2020-12-14T00:00:00Z,2020-12-15T00:00:00Z,NEUTRAL,2020-12-14T00:00:00Z,2020-12-13,0.231,HIGH,8/8,,false,,False,224,32,0,0,0
BWD,2026092504,-32,SYNTHETIC_PLACEBO_ONLY,False,PROVENANCE_ONLY_NOT_CAUSAL_TRUTH,125,1,17,2020-05-05T00:00:00Z,2020-05-06T00:00:00Z,2020.05.05 03:00,NEUTRAL,STABLE_MAPPED_ROW,,False,,349,1,49,2020-12-15T00:00:00Z,2020-12-16T00:00:00Z,NEUTRAL,2020-12-15T00:00:00Z,2020-12-14,0.231,HIGH,8/8,,false,,False,224,32,0,0,0
BWD,2026092504,-32,SYNTHETIC_PLACEBO_ONLY,False,PROVENANCE_ONLY_NOT_CAUSAL_TRUTH,126,2,18,2020-05-06T00:00:00Z,2020-05-07T00:00:00Z,2020.05.06 03:00,NEUTRAL,STABLE_MAPPED_ROW,,False,,350,2,50,2020-12-16T00:00:00Z,2020-12-17T00:00:00Z,NEUTRAL,2020-12-16T00:00:00Z,2020-12-15,0.231,HIGH,8/8,,false,,False,224,32,0,0,0
BWD,2026092504,-32,SYNTHETIC_PLACEBO_ONLY,False,PROVENANCE_ONLY_NOT_CAUSAL_TRUTH,127,3,18,2020-05-07T00:00:00Z,2020-05-08T00:00:00Z,2020.05.07 03:00,NEUTRAL,STABLE_MAPPED_ROW,,False,,351,3,50,2020-12-17T00:00:00Z,2020-12-18T00:00:00Z,NEUTRAL,2020-12-17T00:00:00Z,2020-12-16,0.231,HIGH,8/8,,false,,False,224,32,0,0,0
BWD,2026092504,-32,SYNTHETIC_PLACEBO_ONLY,False,PROVENANCE_ONLY_NOT_CAUSAL_TRUTH,128,4,18,2020-05-08T00:00:00Z,2020-05-09T00:00:00Z,2020.05.08 03:00,NEUTRAL,STABLE_MAPPED_ROW,,False,,352,4,50,2020-12-18T00:00:00Z,2020-12-19T00:00:00Z,NEUTRAL,2020-12-18T00:00:00Z,2020-12-17,0.231,HIGH,8/8,,false,,False,224,32,0,0,0
BWD,2026092504,-32,SYNTHETIC_PLACEBO_ONLY,False,PROVENANCE_ONLY_NOT_CAUSAL_TRUTH,129,5,18,2020-05-09T00:00:00Z,2020-05-10T00:00:00Z,2020.05.09 03:00,NEUTRAL,STABLE_MAPPED_ROW,,False,,353,5,50,2020-12-19T00:00:00Z,2020-12-20T00:00:00Z,NEUTRAL,2020-12-19T00:00:00Z,2020-12-18,0.231,HIGH,8/8,,false,,False,224,32,0,0,0
BWD,2026092504,-32,SYNTHETIC_PLACEBO_ONLY,False,PROVENANCE_ONLY_NOT_CAUSAL_TRUTH,130,6,18,2020-05-10T00:00:00Z,2020-05-11T00:00:00Z,2020.05.10 03:00,NEUTRAL,STABLE_MAPPED_ROW,,False,,354,6,50,2020-12-20T00:00:00Z,2020-12-21T00:00:00Z,NEUTRAL,2020-12-20T00:00:00Z,2020-12-19,0.231,HIGH,8/8,,false,,False,224,32,0,0,0
BWD,2026092504,-32,SYNTHETIC_PLACEBO_ONLY,False,PROVENANCE_ONLY_NOT_CAUSAL_TRUTH,131,0,18,2020-05-11T00:00:00Z,2020-05-12T00:00:00Z,2020.05.11 03:00,NEUTRAL,STABLE_MAPPED_ROW,,False,,355,0,50,2020-12-21T00:00:00Z,2020-12-22T00:00:00Z,NEUTRAL,2020-12-21T00:00:00Z,2020-12-20,0.231,HIGH,8/8,,false,,False,224,32,0,0,0
BWD,2026092504,-32,SYNTHETIC_PLACEBO_ONLY,False,PROVENANCE_ONLY_NOT_CAUSAL_TRUTH,132,1,18,2020-05-12T00:00:00Z,2020-05-13T00:00:00Z,2020.05.12 03:00,NEUTRAL,STABLE_MAPPED_ROW,,False,,356,1,50,2020-12-22T00:00:00Z,2020-12-23T00:00:00Z,NEUTRAL,2020-12-22T00:00:00Z,2020-12-21,0.231,HIGH,8/8,,false,,False,224,32,0,0,0
BWD,2026092504,-32,SYNTHETIC_PLACEBO_ONLY,False,PROVENANCE_ONLY_NOT_CAUSAL_TRUTH,133,2,19,2020-05-13T00:00:00Z,2020-05-14T00:00:00Z,2020.05.13 03:00,NEUTRAL,STABLE_MAPPED_ROW,,False,,357,2,51,2020-12-23T00:00:00Z,2020-12-24T00:00:00Z,NEUTRAL,2020-12-23T00:00:00Z,2020-12-22,0.077,HIGH,8/8,,false,,False,224,32,0,0,0
BWD,2026092504,-32,SYNTHETIC_PLACEBO_ONLY,False,PROVENANCE_ONLY_NOT_CAUSAL_TRUTH,134,3,19,2020-05-14T00:00:00Z,2020-05-15T00:00:00Z,2020.05.14 03:00,NEUTRAL,STABLE_MAPPED_ROW,,False,,358,3,51,2020-12-24T00:00:00Z,2020-12-25T00:00:00Z,NEUTRAL,2020-12-24T00:00:00Z,2020-12-23,0.077,HIGH,8/8,,false,,False,224,32,0,0,0
BWD,2026092504,-32,SYNTHETIC_PLACEBO_ONLY,False,PROVENANCE_ONLY_NOT_CAUSAL_TRUTH,135,4,19,2020-05-15T00:00:00Z,2020-05-16T00:00:00Z,2020.05.15 03:00,NEUTRAL,STABLE_MAPPED_ROW,,False,,359,4,51,2020-12-25T00:00:00Z,2020-12-26T00:00:00Z,NEUTRAL,2020-12-25T00:00:00Z,2020-12-24,0.154,HIGH,8/8,,false,,False,224,32,0,0,0
BWD,2026092504,-32,SYNTHETIC_PLACEBO_ONLY,False,PROVENANCE_ONLY_NOT_CAUSAL_TRUTH,136,5,19,2020-05-16T00:00:00Z,2020-05-17T00:00:00Z,2020.05.16 03:00,NEUTRAL,STABLE_MAPPED_ROW,,False,,360,5,51,2020-12-26T00:00:00Z,2020-12-27T00:00:00Z,NEUTRAL,2020-12-26T00:00:00Z,2020-12-25,0.192,HIGH,8/8,,false,,False,224,32,0,0,0
BWD,2026092504,-32,SYNTHETIC_PLACEBO_ONLY,False,PROVENANCE_ONLY_NOT_CAUSAL_TRUTH,137,6,19,2020-05-17T00:00:00Z,2020-05-18T00:00:00Z,2020.05.17 03:00,NEUTRAL,STABLE_MAPPED_ROW,,False,,361,6,51,2020-12-27T00:00:00Z,2020-12-28T00:00:00Z,NEUTRAL,2020-12-27T00:00:00Z,2020-12-26,0.192,HIGH,8/8,,false,,False,224,32,0,0,0
BWD,2026092504,-32,SYNTHETIC_PLACEBO_ONLY,False,PROVENANCE_ONLY_NOT_CAUSAL_TRUTH,138,0,19,2020-05-18T00:00:00Z,2020-05-19T00:00:00Z,2020.05.18 03:00,NEUTRAL,STABLE_MAPPED_ROW,,False,,362,0,51,2020-12-28T00:00:00Z,2020-12-29T00:00:00Z,NEUTRAL,2020-12-28T00:00:00Z,2020-12-27,0.192,HIGH,8/8,,false,,False,224,32,0,0,0
BWD,2026092504,-32,SYNTHETIC_PLACEBO_ONLY,False,PROVENANCE_ONLY_NOT_CAUSAL_TRUTH,139,1,19,2020-05-19T00:00:00Z,2020-05-20T00:00:00Z,2020.05.19 03:00,NEUTRAL,STABLE_MAPPED_ROW,,False,,363,1,51,2020-12-29T00:00:00Z,2020-12-30T00:00:00Z,NEUTRAL,2020-12-29T00:00:00Z,2020-12-28,0.192,HIGH,8/8,,false,,False,224,32,0,0,0
BWD,2026092504,-32,SYNTHETIC_PLACEBO_ONLY,False,PROVENANCE_ONLY_NOT_CAUSAL_TRUTH,140,2,20,2020-05-20T00:00:00Z,2020-05-21T00:00:00Z,2020.05.20 03:00,NEUTRAL,STABLE_MAPPED_ROW,,False,,364,2,52,2020-12-30T00:00:00Z,2020-12-31T00:00:00Z,NEUTRAL,2020-12-30T00:00:00Z,2020-12-29,0.192,HIGH,8/8,,false,,False,224,32,0,0,0
BWD,2026092504,-32,SYNTHETIC_PLACEBO_ONLY,False,PROVENANCE_ONLY_NOT_CAUSAL_TRUTH,141,3,20,2020-05-21T00:00:00Z,2020-05-22T00:00:00Z,2020.05.21 03:00,NEUTRAL,STABLE_MAPPED_ROW,,False,,365,3,52,2020-12-31T00:00:00Z,2021-01-01T00:00:00Z,NEUTRAL,2020-12-31T00:00:00Z,2020-12-30,0.231,HIGH,8/8,,false,,False,224,32,0,0,0
BWD,2026092504,-32,SYNTHETIC_PLACEBO_ONLY,False,PROVENANCE_ONLY_NOT_CAUSAL_TRUTH,142,4,20,2020-05-22T00:00:00Z,2020-05-23T00:00:00Z,2020.05.22 03:00,NEUTRAL,STABLE_MAPPED_ROW,,False,,366,4,52,2021-01-01T00:00:00Z,2021-01-02T00:00:00Z,NEUTRAL,2021-01-01T00:00:00Z,2020-12-31,0.192,HIGH,8/8,,false,,False,224,32,0,0,0
BWD,2026092504,-32,SYNTHETIC_PLACEBO_ONLY,False,PROVENANCE_ONLY_NOT_CAUSAL_TRUTH,143,5,20,2020-05-23T00:00:00Z,2020-05-24T00:00:00Z,2020.05.23 03:00,NEUTRAL,STABLE_MAPPED_ROW,,False,,367,5,52,2021-01-02T00:00:00Z,2021-01-03T00:00:00Z,NEUTRAL,2021-01-02T00:00:00Z,2021-01-01,0.077,HIGH,8/8,,false,,False,224,32,0,0,0
BWD,2026092504,-32,SYNTHETIC_PLACEBO_ONLY,False,PROVENANCE_ONLY_NOT_CAUSAL_TRUTH,144,6,20,2020-05-24T00:00:00Z,2020-05-25T00:00:00Z,2020.05.24 03:00,NEUTRAL,STABLE_MAPPED_ROW,,False,,368,6,52,2021-01-03T00:00:00Z,2021-01-04T00:00:00Z,NEUTRAL,2021-01-03T00:00:00Z,2021-01-02,0.077,HIGH,8/8,,false,,False,224,32,0,0,0
BWD,2026092504,-32,SYNTHETIC_PLACEBO_ONLY,False,PROVENANCE_ONLY_NOT_CAUSAL_TRUTH,145,0,20,2020-05-25T00:00:00Z,2020-05-26T00:00:00Z,2020.05.25 03:00,NEUTRAL,STABLE_MAPPED_ROW,,False,,369,0,52,2021-01-04T00:00:00Z,2021-01-05T00:00:00Z,NEUTRAL,2021-01-04T00:00:00Z,2021-01-03,0.077,HIGH,8/8,,false,,False,224,32,0,0,0
BWD,2026092504,-32,SYNTHETIC_PLACEBO_ONLY,False,PROVENANCE_ONLY_NOT_CAUSAL_TRUTH,146,1,20,2020-05-26T00:00:00Z,2020-05-27T00:00:00Z,2020.05.26 03:00,NEUTRAL,STABLE_MAPPED_ROW,,False,,370,1,52,2021-01-05T00:00:00Z,2021-01-06T00:00:00Z,NEUTRAL,2021-01-05T00:00:00Z,2021-01-04,0.115,MED,8/8,,false,,False,224,32,0,0,0
BWD,2026092504,-32,SYNTHETIC_PLACEBO_ONLY,False,PROVENANCE_ONLY_NOT_CAUSAL_TRUTH,147,2,21,2020-05-27T00:00:00Z,2020-05-28T00:00:00Z,2020.05.27 03:00,NEUTRAL,STABLE_MAPPED_ROW,,False,,371,2,53,2021-01-06T00:00:00Z,2021-01-07T00:00:00Z,NEUTRAL,2021-01-06T00:00:00Z,2021-01-05,0.154,MED,8/8,,false,,False,224,32,0,0,0
BWD,2026092504,-32,SYNTHETIC_PLACEBO_ONLY,False,PROVENANCE_ONLY_NOT_CAUSAL_TRUTH,148,3,21,2020-05-28T00:00:00Z,2020-05-29T00:00:00Z,2020.05.28 03:00,NEUTRAL,STABLE_MAPPED_ROW,,False,,372,3,53,2021-01-07T00:00:00Z,2021-01-08T00:00:00Z,NEUTRAL,2021-01-07T00:00:00Z,2021-01-06,0.231,HIGH,8/8,,false,,False,224,32,0,0,0
BWD,2026092504,-32,SYNTHETIC_PLACEBO_ONLY,False,PROVENANCE_ONLY_NOT_CAUSAL_TRUTH,149,4,21,2020-05-29T00:00:00Z,2020-05-30T00:00:00Z,2020.05.29 03:00,NEUTRAL,STABLE_MAPPED_ROW,,False,,373,4,53,2021-01-08T00:00:00Z,2021-01-09T00:00:00Z,NEUTRAL,2021-01-08T00:00:00Z,2021-01-07,0.231,HIGH,8/8,,false,,False,224,32,0,0,0
BWD,2026092504,-32,SYNTHETIC_PLACEBO_ONLY,False,PROVENANCE_ONLY_NOT_CAUSAL_TRUTH,150,5,21,2020-05-30T00:00:00Z,2020-05-31T00:00:00Z,2020.05.30 03:00,NEUTRAL,STABLE_MAPPED_ROW,,False,,374,5,53,2021-01-09T00:00:00Z,2021-01-10T00:00:00Z,NEUTRAL,2021-01-09T00:00:00Z,2021-01-08,0.308,HIGH,8/8,,false,,False,224,32,0,0,0
BWD,2026092504,-32,SYNTHETIC_PLACEBO_ONLY,False,PROVENANCE_ONLY_NOT_CAUSAL_TRUTH,151,6,21,2020-05-31T00:00:00Z,2020-06-01T00:00:00Z,2020.05.31 03:00,NEUTRAL,STABLE_MAPPED_ROW,,False,,375,6,53,2021-01-10T00:00:00Z,2021-01-11T00:00:00Z,NEUTRAL,2021-01-10T00:00:00Z,2021-01-09,0.308,HIGH,8/8,,false,,False,224,32,0,0,0
BWD,2026092504,-32,SYNTHETIC_PLACEBO_ONLY,False,PROVENANCE_ONLY_NOT_CAUSAL_TRUTH,152,0,21,2020-06-01T00:00:00Z,2020-06-02T00:00:00Z,2020.06.01 03:00,NEUTRAL,STABLE_MAPPED_ROW,,False,,376,0,53,2021-01-11T00:00:00Z,2021-01-12T00:00:00Z,NEUTRAL,2021-01-11T00:00:00Z,2021-01-10,0.308,HIGH,8/8,,false,,False,224,32,0,0,0
BWD,2026092504,-32,SYNTHETIC_PLACEBO_ONLY,False,PROVENANCE_ONLY_NOT_CAUSAL_TRUTH,153,1,21,2020-06-02T00:00:00Z,2020-06-03T00:00:00Z,2020.06.02 03:00,NEUTRAL,STABLE_MAPPED_ROW,,False,,377,1,53,2021-01-12T00:00:00Z,2021-01-13T00:00:00Z,NEUTRAL,2021-01-12T00:00:00Z,2021-01-11,0.115,MED,8/8,,false,,False,224,32,0,0,0
BWD,2026092504,-32,SYNTHETIC_PLACEBO_ONLY,False,PROVENANCE_ONLY_NOT_CAUSAL_TRUTH,154,2,22,2020-06-03T00:00:00Z,2020-06-04T00:00:00Z,2020.06.03 03:00,NEUTRAL,STABLE_MAPPED_ROW,,False,,378,2,54,2021-01-13T00:00:00Z,2021-01-14T00:00:00Z,NEUTRAL,2021-01-13T00:00:00Z,2021-01-12,0.077,MED,8/8,,false,,False,224,32,0,0,0
BWD,2026092504,-32,SYNTHETIC_PLACEBO_ONLY,False,PROVENANCE_ONLY_NOT_CAUSAL_TRUTH,155,3,22,2020-06-04T00:00:00Z,2020-06-05T00:00:00Z,2020.06.04 03:00,NEUTRAL,STABLE_MAPPED_ROW,,False,,379,3,54,2021-01-14T00:00:00Z,2021-01-15T00:00:00Z,NEUTRAL,2021-01-14T00:00:00Z,2021-01-13,0,MED,8/8,,false,,False,224,32,0,0,0
BWD,2026092504,-32,SYNTHETIC_PLACEBO_ONLY,False,PROVENANCE_ONLY_NOT_CAUSAL_TRUTH,156,4,22,2020-06-05T00:00:00Z,2020-06-06T00:00:00Z,2020.06.05 03:00,NEUTRAL,STABLE_MAPPED_ROW,,False,,380,4,54,2021-01-15T00:00:00Z,2021-01-16T00:00:00Z,NEUTRAL,2021-01-15T00:00:00Z,2021-01-14,0.038,HIGH,8/8,,false,,False,224,32,0,0,0
BWD,2026092504,-32,SYNTHETIC_PLACEBO_ONLY,False,PROVENANCE_ONLY_NOT_CAUSAL_TRUTH,157,5,22,2020-06-06T00:00:00Z,2020-06-07T00:00:00Z,2020.06.06 03:00,NEUTRAL,STABLE_MAPPED_ROW,,False,,381,5,54,2021-01-16T00:00:00Z,2021-01-17T00:00:00Z,NEUTRAL,2021-01-16T00:00:00Z,2021-01-15,0,MED,8/8,,false,,False,224,32,0,0,0
BWD,2026092504,-32,SYNTHETIC_PLACEBO_ONLY,False,PROVENANCE_ONLY_NOT_CAUSAL_TRUTH,158,6,22,2020-06-07T00:00:00Z,2020-06-08T00:00:00Z,2020.06.07 03:00,NEUTRAL,STABLE_MAPPED_ROW,,False,,382,6,54,2021-01-17T00:00:00Z,2021-01-18T00:00:00Z,NEUTRAL,2021-01-17T00:00:00Z,2021-01-16,0.192,HIGH,8/8,,false,,False,224,32,0,0,0
BWD,2026092504,-32,SYNTHETIC_PLACEBO_ONLY,False,PROVENANCE_ONLY_NOT_CAUSAL_TRUTH,159,0,22,2020-06-08T00:00:00Z,2020-06-09T00:00:00Z,2020.06.08 03:00,NEUTRAL,STABLE_MAPPED_ROW,,False,,383,0,54,2021-01-18T00:00:00Z,2021-01-19T00:00:00Z,NEUTRAL,2021-01-18T00:00:00Z,2021-01-17,0.192,HIGH,8/8,,false,,False,224,32,0,0,0
BWD,2026092504,-32,SYNTHETIC_PLACEBO_ONLY,False,PROVENANCE_ONLY_NOT_CAUSAL_TRUTH,160,1,22,2020-06-09T00:00:00Z,2020-06-10T00:00:00Z,2020.06.09 03:00,NEUTRAL,STABLE_MAPPED_ROW,,False,,384,1,54,2021-01-19T00:00:00Z,2021-01-20T00:00:00Z,NEUTRAL,2021-01-19T00:00:00Z,2021-01-18,0.038,HIGH,8/8,,false,,False,224,32,0,0,0
BWD,2026092504,-32,SYNTHETIC_PLACEBO_ONLY,False,PROVENANCE_ONLY_NOT_CAUSAL_TRUTH,161,2,23,2020-06-10T00:00:00Z,2020-06-11T00:00:00Z,2020.06.10 03:00,NEUTRAL,STABLE_MAPPED_ROW,,False,,385,2,55,2021-01-20T00:00:00Z,2021-01-21T00:00:00Z,NEUTRAL,2021-01-20T00:00:00Z,2021-01-19,-0.077,MED,8/8,,false,,False,224,32,0,0,0
BWD,2026092504,-32,SYNTHETIC_PLACEBO_ONLY,False,PROVENANCE_ONLY_NOT_CAUSAL_TRUTH,162,3,23,2020-06-11T00:00:00Z,2020-06-12T00:00:00Z,2020.06.11 03:00,NEUTRAL,STABLE_MAPPED_ROW,,False,,386,3,55,2021-01-21T00:00:00Z,2021-01-22T00:00:00Z,NEUTRAL,2021-01-21T00:00:00Z,2021-01-20,-0.077,MED,8/8,,false,,False,224,32,0,0,0
BWD,2026092504,-32,SYNTHETIC_PLACEBO_ONLY,False,PROVENANCE_ONLY_NOT_CAUSAL_TRUTH,163,4,23,2020-06-12T00:00:00Z,2020-06-13T00:00:00Z,2020.06.12 03:00,NEUTRAL,STABLE_MAPPED_ROW,,False,,387,4,55,2021-01-22T00:00:00Z,2021-01-23T00:00:00Z,NEUTRAL,2021-01-22T00:00:00Z,2021-01-21,-0.077,MED,8/8,,false,,False,224,32,0,0,0
BWD,2026092504,-32,SYNTHETIC_PLACEBO_ONLY,False,PROVENANCE_ONLY_NOT_CAUSAL_TRUTH,164,5,23,2020-06-13T00:00:00Z,2020-06-14T00:00:00Z,2020.06.13 03:00,NEUTRAL,STABLE_MAPPED_ROW,,False,,388,5,55,2021-01-23T00:00:00Z,2021-01-24T00:00:00Z,NEUTRAL,2021-01-23T00:00:00Z,2021-01-22,-0.115,MED,8/8,,false,,False,224,32,0,0,0
BWD,2026092504,-32,SYNTHETIC_PLACEBO_ONLY,False,PROVENANCE_ONLY_NOT_CAUSAL_TRUTH,165,6,23,2020-06-14T00:00:00Z,2020-06-15T00:00:00Z,2020.06.14 03:00,NEUTRAL,STABLE_MAPPED_ROW,,False,,389,6,55,2021-01-24T00:00:00Z,2021-01-25T00:00:00Z,NEUTRAL,2021-01-24T00:00:00Z,2021-01-23,-0.115,MED,8/8,,false,,False,224,32,0,0,0
BWD,2026092504,-32,SYNTHETIC_PLACEBO_ONLY,False,PROVENANCE_ONLY_NOT_CAUSAL_TRUTH,166,0,23,2020-06-15T00:00:00Z,2020-06-16T00:00:00Z,2020.06.15 03:00,NEUTRAL,STABLE_MAPPED_ROW,,False,,390,0,55,2021-01-25T00:00:00Z,2021-01-26T00:00:00Z,NEUTRAL,2021-01-25T00:00:00Z,2021-01-24,-0.115,MED,8/8,,false,,False,224,32,0,0,0
BWD,2026092504,-32,SYNTHETIC_PLACEBO_ONLY,False,PROVENANCE_ONLY_NOT_CAUSAL_TRUTH,167,1,23,2020-06-16T00:00:00Z,2020-06-17T00:00:00Z,2020.06.16 03:00,NEUTRAL,STABLE_MAPPED_ROW,,False,,391,1,55,2021-01-26T00:00:00Z,2021-01-27T00:00:00Z,NEUTRAL,2021-01-26T00:00:00Z,2021-01-25,0.038,MED,8/8,,false,,False,224,32,0,0,0
BWD,2026092504,-32,SYNTHETIC_PLACEBO_ONLY,False,PROVENANCE_ONLY_NOT_CAUSAL_TRUTH,168,2,24,2020-06-17T00:00:00Z,2020-06-18T00:00:00Z,2020.06.17 03:00,NEUTRAL,STABLE_MAPPED_ROW,,False,,392,2,56,2021-01-27T00:00:00Z,2021-01-28T00:00:00Z,NEUTRAL,2021-01-27T00:00:00Z,2021-01-26,0.192,HIGH,8/8,,false,,False,224,32,0,0,0
BWD,2026092504,-32,SYNTHETIC_PLACEBO_ONLY,False,PROVENANCE_ONLY_NOT_CAUSAL_TRUTH,169,3,24,2020-06-18T00:00:00Z,2020-06-19T00:00:00Z,2020.06.18 03:00,STRESS,STABLE_MAPPED_ROW,,False,,393,3,56,2021-01-28T00:00:00Z,2021-01-29T00:00:00Z,STRESS,2021-01-28T00:00:00Z,2021-01-27,-0.154,MED,8/8,,false,VIX_STRESS,False,224,32,0,0,0
BWD,2026092504,-32,SYNTHETIC_PLACEBO_ONLY,False,PROVENANCE_ONLY_NOT_CAUSAL_TRUTH,170,4,24,2020-06-19T00:00:00Z,2020-06-20T00:00:00Z,2020.06.19 03:00,STRESS,STABLE_MAPPED_ROW,,False,,394,4,56,2021-01-29T00:00:00Z,2021-01-30T00:00:00Z,STRESS,2021-01-29T00:00:00Z,2021-01-28,-0.077,LOW,8/8,,false,VIX_STRESS,False,224,32,0,0,0
BWD,2026092504,-32,SYNTHETIC_PLACEBO_ONLY,False,PROVENANCE_ONLY_NOT_CAUSAL_TRUTH,171,5,24,2020-06-20T00:00:00Z,2020-06-21T00:00:00Z,2020.06.20 03:00,STRESS,STABLE_MAPPED_ROW,,False,,395,5,56,2021-01-30T00:00:00Z,2021-01-31T00:00:00Z,STRESS,2021-01-30T00:00:00Z,2021-01-29,-0.077,LOW,8/8,,false,VIX_STRESS,False,224,32,0,0,0
BWD,2026092504,-32,SYNTHETIC_PLACEBO_ONLY,False,PROVENANCE_ONLY_NOT_CAUSAL_TRUTH,172,6,24,2020-06-21T00:00:00Z,2020-06-22T00:00:00Z,2020.06.21 03:00,STRESS,STABLE_MAPPED_ROW,,False,,396,6,56,2021-01-31T00:00:00Z,2021-02-01T00:00:00Z,STRESS,2021-01-31T00:00:00Z,2021-01-30,-0.077,LOW,8/8,,false,VIX_STRESS,False,224,32,0,0,0
BWD,2026092504,-32,SYNTHETIC_PLACEBO_ONLY,False,PROVENANCE_ONLY_NOT_CAUSAL_TRUTH,173,0,24,2020-06-22T00:00:00Z,2020-06-23T00:00:00Z,2020.06.22 03:00,STRESS,STABLE_MAPPED_ROW,,False,,397,0,56,2021-02-01T00:00:00Z,2021-02-02T00:00:00Z,STRESS,2021-02-01T00:00:00Z,2021-01-31,-0.077,LOW,8/8,,false,VIX_STRESS,False,224,32,0,0,0
BWD,2026092504,-32,SYNTHETIC_PLACEBO_ONLY,False,PROVENANCE_ONLY_NOT_CAUSAL_TRUTH,174,1,24,2020-06-23T00:00:00Z,2020-06-24T00:00:00Z,2020.06.23 03:00,STRESS,STABLE_MAPPED_ROW,,False,,398,1,56,2021-02-02T00:00:00Z,2021-02-03T00:00:00Z,STRESS,2021-02-02T00:00:00Z,2021-02-01,-0.077,LOW,8/8,,false,VIX_STRESS,False,224,32,0,0,0
BWD,2026092504,-32,SYNTHETIC_PLACEBO_ONLY,False,PROVENANCE_ONLY_NOT_CAUSAL_TRUTH,175,2,25,2020-06-24T00:00:00Z,2020-06-25T00:00:00Z,2020.06.24 03:00,NEUTRAL,STABLE_MAPPED_ROW,,False,,399,2,57,2021-02-03T00:00:00Z,2021-02-04T00:00:00Z,NEUTRAL,2021-02-03T00:00:00Z,2021-02-02,0.192,HIGH,8/8,,false,,False,224,32,0,0,0
BWD,2026092504,-32,SYNTHETIC_PLACEBO_ONLY,False,PROVENANCE_ONLY_NOT_CAUSAL_TRUTH,176,3,25,2020-06-25T00:00:00Z,2020-06-26T00:00:00Z,2020.06.25 03:00,NEUTRAL,STABLE_MAPPED_ROW,,False,,400,3,57,2021-02-04T00:00:00Z,2021-02-05T00:00:00Z,NEUTRAL,2021-02-04T00:00:00Z,2021-02-03,0.115,HIGH,8/8,,false,,False,224,32,0,0,0
BWD,2026092504,-32,SYNTHETIC_PLACEBO_ONLY,False,PROVENANCE_ONLY_NOT_CAUSAL_TRUTH,177,4,25,2020-06-26T00:00:00Z,2020-06-27T00:00:00Z,2020.06.26 03:00,NEUTRAL,STABLE_MAPPED_ROW,,False,,401,4,57,2021-02-05T00:00:00Z,2021-02-06T00:00:00Z,NEUTRAL,2021-02-05T00:00:00Z,2021-02-04,0.192,HIGH,8/8,,false,,False,224,32,0,0,0
BWD,2026092504,-32,SYNTHETIC_PLACEBO_ONLY,False,PROVENANCE_ONLY_NOT_CAUSAL_TRUTH,178,5,25,2020-06-27T00:00:00Z,2020-06-28T00:00:00Z,2020.06.27 03:00,NEUTRAL,STABLE_MAPPED_ROW,,False,,402,5,57,2021-02-06T00:00:00Z,2021-02-07T00:00:00Z,NEUTRAL,2021-02-06T00:00:00Z,2021-02-05,0.231,HIGH,8/8,,false,,False,224,32,0,0,0
BWD,2026092504,-32,SYNTHETIC_PLACEBO_ONLY,False,PROVENANCE_ONLY_NOT_CAUSAL_TRUTH,179,6,25,2020-06-28T00:00:00Z,2020-06-29T00:00:00Z,2020.06.28 03:00,NEUTRAL,STABLE_MAPPED_ROW,,False,,403,6,57,2021-02-07T00:00:00Z,2021-02-08T00:00:00Z,NEUTRAL,2021-02-07T00:00:00Z,2021-02-06,0.231,HIGH,8/8,,false,,False,224,32,0,0,0
BWD,2026092504,-32,SYNTHETIC_PLACEBO_ONLY,False,PROVENANCE_ONLY_NOT_CAUSAL_TRUTH,180,0,25,2020-06-29T00:00:00Z,2020-06-30T00:00:00Z,2020.06.29 03:00,NEUTRAL,STABLE_MAPPED_ROW,,False,,404,0,57,2021-02-08T00:00:00Z,2021-02-09T00:00:00Z,NEUTRAL,2021-02-08T00:00:00Z,2021-02-07,0.231,HIGH,8/8,,false,,False,224,32,0,0,0
BWD,2026092504,-32,SYNTHETIC_PLACEBO_ONLY,False,PROVENANCE_ONLY_NOT_CAUSAL_TRUTH,181,1,25,2020-06-30T00:00:00Z,2020-07-01T00:00:00Z,2020.06.30 03:00,NEUTRAL,STABLE_MAPPED_ROW,,False,,405,1,57,2021-02-09T00:00:00Z,2021-02-10T00:00:00Z,NEUTRAL,2021-02-09T00:00:00Z,2021-02-08,0.231,HIGH,8/8,,false,,False,224,32,0,0,0
BWD,2026092504,-32,SYNTHETIC_PLACEBO_ONLY,False,PROVENANCE_ONLY_NOT_CAUSAL_TRUTH,182,2,26,2020-07-01T00:00:00Z,2020-07-02T00:00:00Z,2020.07.01 03:00,NEUTRAL,STABLE_MAPPED_ROW,,False,,406,2,58,2021-02-10T00:00:00Z,2021-02-11T00:00:00Z,NEUTRAL,2021-02-10T00:00:00Z,2021-02-09,0.231,HIGH,8/8,,false,,False,224,32,0,0,0
BWD,2026092504,-32,SYNTHETIC_PLACEBO_ONLY,False,PROVENANCE_ONLY_NOT_CAUSAL_TRUTH,183,3,26,2020-07-02T00:00:00Z,2020-07-03T00:00:00Z,2020.07.02 03:00,NEUTRAL,STABLE_MAPPED_ROW,,False,,407,3,58,2021-02-11T00:00:00Z,2021-02-12T00:00:00Z,NEUTRAL,2021-02-11T00:00:00Z,2021-02-10,0.231,HIGH,8/8,,false,,False,224,32,0,0,0
BWD,2026092504,-32,SYNTHETIC_PLACEBO_ONLY,False,PROVENANCE_ONLY_NOT_CAUSAL_TRUTH,184,4,26,2020-07-03T00:00:00Z,2020-07-04T00:00:00Z,2020.07.03 03:00,NEUTRAL,STABLE_MAPPED_ROW,,False,,408,4,58,2021-02-12T00:00:00Z,2021-02-13T00:00:00Z,NEUTRAL,2021-02-12T00:00:00Z,2021-02-11,0.231,HIGH,8/8,,false,,False,224,32,0,0,0
BWD,2026092504,-32,SYNTHETIC_PLACEBO_ONLY,False,PROVENANCE_ONLY_NOT_CAUSAL_TRUTH,185,5,26,2020-07-04T00:00:00Z,2020-07-05T00:00:00Z,2020.07.04 03:00,NEUTRAL,STABLE_MAPPED_ROW,,False,,409,5,58,2021-02-13T00:00:00Z,2021-02-14T00:00:00Z,NEUTRAL,2021-02-13T00:00:00Z,2021-02-12,0.385,HIGH,8/8,,false,,False,224,32,0,0,0
BWD,2026092504,-32,SYNTHETIC_PLACEBO_ONLY,False,PROVENANCE_ONLY_NOT_CAUSAL_TRUTH,186,6,26,2020-07-05T00:00:00Z,2020-07-06T00:00:00Z,2020.07.05 03:00,NEUTRAL,STABLE_MAPPED_ROW,,False,,410,6,58,2021-02-14T00:00:00Z,2021-02-15T00:00:00Z,NEUTRAL,2021-02-14T00:00:00Z,2021-02-13,0.385,HIGH,8/8,,false,,False,224,32,0,0,0
BWD,2026092504,-32,SYNTHETIC_PLACEBO_ONLY,False,PROVENANCE_ONLY_NOT_CAUSAL_TRUTH,187,0,26,2020-07-06T00:00:00Z,2020-07-07T00:00:00Z,2020.07.06 03:00,NEUTRAL,STABLE_MAPPED_ROW,,False,,411,0,58,2021-02-15T00:00:00Z,2021-02-16T00:00:00Z,NEUTRAL,2021-02-15T00:00:00Z,2021-02-14,0.385,HIGH,8/8,,false,,False,224,32,0,0,0
BWD,2026092504,-32,SYNTHETIC_PLACEBO_ONLY,False,PROVENANCE_ONLY_NOT_CAUSAL_TRUTH,188,1,26,2020-07-07T00:00:00Z,2020-07-08T00:00:00Z,2020.07.07 03:00,NEUTRAL,STABLE_MAPPED_ROW,,False,,412,1,58,2021-02-16T00:00:00Z,2021-02-17T00:00:00Z,NEUTRAL,2021-02-16T00:00:00Z,2021-02-15,0.385,HIGH,8/8,,false,,False,224,32,0,0,0
BWD,2026092504,-32,SYNTHETIC_PLACEBO_ONLY,False,PROVENANCE_ONLY_NOT_CAUSAL_TRUTH,189,2,27,2020-07-08T00:00:00Z,2020-07-09T00:00:00Z,2020.07.08 03:00,NEUTRAL,STABLE_MAPPED_ROW,,False,,413,2,59,2021-02-17T00:00:00Z,2021-02-18T00:00:00Z,NEUTRAL,2021-02-17T00:00:00Z,2021-02-16,0.231,HIGH,8/8,,false,,False,224,32,0,0,0
BWD,2026092504,-32,SYNTHETIC_PLACEBO_ONLY,False,PROVENANCE_ONLY_NOT_CAUSAL_TRUTH,190,3,27,2020-07-09T00:00:00Z,2020-07-10T00:00:00Z,2020.07.09 03:00,NEUTRAL,STABLE_MAPPED_ROW,,False,,414,3,59,2021-02-18T00:00:00Z,2021-02-19T00:00:00Z,NEUTRAL,2021-02-18T00:00:00Z,2021-02-17,0.231,HIGH,8/8,,false,,False,224,32,0,0,0
BWD,2026092504,-32,SYNTHETIC_PLACEBO_ONLY,False,PROVENANCE_ONLY_NOT_CAUSAL_TRUTH,191,4,27,2020-07-10T00:00:00Z,2020-07-11T00:00:00Z,2020.07.10 03:00,NEUTRAL,STABLE_MAPPED_ROW,,False,,415,4,59,2021-02-19T00:00:00Z,2021-02-20T00:00:00Z,NEUTRAL,2021-02-19T00:00:00Z,2021-02-18,0.308,HIGH,8/8,,false,,False,224,32,0,0,0
BWD,2026092504,-32,SYNTHETIC_PLACEBO_ONLY,False,PROVENANCE_ONLY_NOT_CAUSAL_TRUTH,192,5,27,2020-07-11T00:00:00Z,2020-07-12T00:00:00Z,2020.07.11 03:00,NEUTRAL,STABLE_MAPPED_ROW,,False,,416,5,59,2021-02-20T00:00:00Z,2021-02-21T00:00:00Z,NEUTRAL,2021-02-20T00:00:00Z,2021-02-19,0.308,HIGH,8/8,,false,,False,224,32,0,0,0
BWD,2026092504,-32,SYNTHETIC_PLACEBO_ONLY,False,PROVENANCE_ONLY_NOT_CAUSAL_TRUTH,193,6,27,2020-07-12T00:00:00Z,2020-07-13T00:00:00Z,2020.07.12 03:00,NEUTRAL,STABLE_MAPPED_ROW,,False,,417,6,59,2021-02-21T00:00:00Z,2021-02-22T00:00:00Z,NEUTRAL,2021-02-21T00:00:00Z,2021-02-20,0.308,HIGH,8/8,,false,,False,224,32,0,0,0
BWD,2026092504,-32,SYNTHETIC_PLACEBO_ONLY,False,PROVENANCE_ONLY_NOT_CAUSAL_TRUTH,194,0,27,2020-07-13T00:00:00Z,2020-07-14T00:00:00Z,2020.07.13 03:00,NEUTRAL,STABLE_MAPPED_ROW,,False,,418,0,59,2021-02-22T00:00:00Z,2021-02-23T00:00:00Z,NEUTRAL,2021-02-22T00:00:00Z,2021-02-21,0.308,HIGH,8/8,,false,,False,224,32,0,0,0
BWD,2026092504,-32,SYNTHETIC_PLACEBO_ONLY,False,PROVENANCE_ONLY_NOT_CAUSAL_TRUTH,195,1,27,2020-07-14T00:00:00Z,2020-07-15T00:00:00Z,2020.07.14 03:00,NEUTRAL,STABLE_MAPPED_ROW,,False,,419,1,59,2021-02-23T00:00:00Z,2021-02-24T00:00:00Z,NEUTRAL,2021-02-23T00:00:00Z,2021-02-22,0.308,HIGH,8/8,,false,,False,224,32,0,0,0
BWD,2026092504,-32,SYNTHETIC_PLACEBO_ONLY,False,PROVENANCE_ONLY_NOT_CAUSAL_TRUTH,196,2,28,2020-07-15T00:00:00Z,2020-07-16T00:00:00Z,2020.07.15 03:00,NEUTRAL,STABLE_MAPPED_ROW,,False,,420,2,60,2021-02-24T00:00:00Z,2021-02-25T00:00:00Z,NEUTRAL,2021-02-24T00:00:00Z,2021-02-23,0.038,MED,8/8,,false,,False,224,32,0,0,0
BWD,2026092504,-32,SYNTHETIC_PLACEBO_ONLY,False,PROVENANCE_ONLY_NOT_CAUSAL_TRUTH,197,3,28,2020-07-16T00:00:00Z,2020-07-17T00:00:00Z,2020.07.16 03:00,NEUTRAL,STABLE_MAPPED_ROW,,False,,421,3,60,2021-02-25T00:00:00Z,2021-02-26T00:00:00Z,NEUTRAL,2021-02-25T00:00:00Z,2021-02-24,0.038,MED,8/8,,false,,False,224,32,0,0,0
BWD,2026092504,-32,SYNTHETIC_PLACEBO_ONLY,False,PROVENANCE_ONLY_NOT_CAUSAL_TRUTH,198,4,28,2020-07-17T00:00:00Z,2020-07-18T00:00:00Z,2020.07.17 03:00,NEUTRAL,STABLE_MAPPED_ROW,,False,,422,4,60,2021-02-26T00:00:00Z,2021-02-27T00:00:00Z,NEUTRAL,2021-02-26T00:00:00Z,2021-02-25,0.115,MED,8/8,,false,,False,224,32,0,0,0
BWD,2026092504,-32,SYNTHETIC_PLACEBO_ONLY,False,PROVENANCE_ONLY_NOT_CAUSAL_TRUTH,199,5,28,2020-07-18T00:00:00Z,2020-07-19T00:00:00Z,2020.07.18 03:00,NEUTRAL,STABLE_MAPPED_ROW,,False,,423,5,60,2021-02-27T00:00:00Z,2021-02-28T00:00:00Z,NEUTRAL,2021-02-27T00:00:00Z,2021-02-26,0.038,MED,8/8,,false,,False,224,32,0,0,0
BWD,2026092504,-32,SYNTHETIC_PLACEBO_ONLY,False,PROVENANCE_ONLY_NOT_CAUSAL_TRUTH,200,6,28,2020-07-19T00:00:00Z,2020-07-20T00:00:00Z,2020.07.19 03:00,NEUTRAL,STABLE_MAPPED_ROW,,False,,424,6,60,2021-02-28T00:00:00Z,2021-03-01T00:00:00Z,NEUTRAL,2021-02-28T00:00:00Z,2021-02-27,0.038,MED,8/8,,false,,False,224,32,0,0,0
BWD,2026092504,-32,SYNTHETIC_PLACEBO_ONLY,False,PROVENANCE_ONLY_NOT_CAUSAL_TRUTH,201,0,28,2020-07-20T00:00:00Z,2020-07-21T00:00:00Z,2020.07.20 03:00,NEUTRAL,STABLE_MAPPED_ROW,,False,,425,0,60,2021-03-01T00:00:00Z,2021-03-02T00:00:00Z,NEUTRAL,2021-03-01T00:00:00Z,2021-02-28,0.038,MED,8/8,,false,,False,224,32,0,0,0
BWD,2026092504,-32,SYNTHETIC_PLACEBO_ONLY,False,PROVENANCE_ONLY_NOT_CAUSAL_TRUTH,202,1,28,2020-07-21T00:00:00Z,2020-07-22T00:00:00Z,2020.07.21 03:00,NEUTRAL,STABLE_MAPPED_ROW,,False,,426,1,60,2021-03-02T00:00:00Z,2021-03-03T00:00:00Z,NEUTRAL,2021-03-02T00:00:00Z,2021-03-01,0.038,HIGH,8/8,,false,,False,224,32,0,0,0
BWD,2026092504,-32,SYNTHETIC_PLACEBO_ONLY,False,PROVENANCE_ONLY_NOT_CAUSAL_TRUTH,203,2,29,2020-07-22T00:00:00Z,2020-07-23T00:00:00Z,2020.07.22 03:00,NEUTRAL,STABLE_MAPPED_ROW,,False,,427,2,61,2021-03-03T00:00:00Z,2021-03-04T00:00:00Z,NEUTRAL,2021-03-03T00:00:00Z,2021-03-02,0.115,HIGH,8/8,,false,,False,224,32,0,0,0
BWD,2026092504,-32,SYNTHETIC_PLACEBO_ONLY,False,PROVENANCE_ONLY_NOT_CAUSAL_TRUTH,204,3,29,2020-07-23T00:00:00Z,2020-07-24T00:00:00Z,2020.07.23 03:00,NEUTRAL,STABLE_MAPPED_ROW,,False,,428,3,61,2021-03-04T00:00:00Z,2021-03-05T00:00:00Z,NEUTRAL,2021-03-04T00:00:00Z,2021-03-03,0.038,MED,8/8,,false,,False,224,32,0,0,0
BWD,2026092504,-32,SYNTHETIC_PLACEBO_ONLY,False,PROVENANCE_ONLY_NOT_CAUSAL_TRUTH,205,4,29,2020-07-24T00:00:00Z,2020-07-25T00:00:00Z,2020.07.24 03:00,NEUTRAL,STABLE_MAPPED_ROW,,False,,429,4,61,2021-03-05T00:00:00Z,2021-03-06T00:00:00Z,NEUTRAL,2021-03-05T00:00:00Z,2021-03-04,-0.154,MED,8/8,,false,,False,224,32,0,0,0
BWD,2026092504,-32,SYNTHETIC_PLACEBO_ONLY,False,PROVENANCE_ONLY_NOT_CAUSAL_TRUTH,206,5,29,2020-07-25T00:00:00Z,2020-07-26T00:00:00Z,2020.07.25 03:00,NEUTRAL,STABLE_MAPPED_ROW,,False,,430,5,61,2021-03-06T00:00:00Z,2021-03-07T00:00:00Z,NEUTRAL,2021-03-06T00:00:00Z,2021-03-05,0.077,HIGH,8/8,,false,,False,224,32,0,0,0
BWD,2026092504,-32,SYNTHETIC_PLACEBO_ONLY,False,PROVENANCE_ONLY_NOT_CAUSAL_TRUTH,207,6,29,2020-07-26T00:00:00Z,2020-07-27T00:00:00Z,2020.07.26 03:00,NEUTRAL,STABLE_MAPPED_ROW,,False,,431,6,61,2021-03-07T00:00:00Z,2021-03-08T00:00:00Z,NEUTRAL,2021-03-07T00:00:00Z,2021-03-06,0.038,HIGH,8/8,,false,,False,224,32,0,0,0
BWD,2026092504,-32,SYNTHETIC_PLACEBO_ONLY,False,PROVENANCE_ONLY_NOT_CAUSAL_TRUTH,208,0,29,2020-07-27T00:00:00Z,2020-07-28T00:00:00Z,2020.07.27 03:00,NEUTRAL,STABLE_MAPPED_ROW,,False,,432,0,61,2021-03-08T00:00:00Z,2021-03-09T00:00:00Z,NEUTRAL,2021-03-08T00:00:00Z,2021-03-07,0.077,HIGH,8/8,,false,,False,224,32,0,0,0
BWD,2026092504,-32,SYNTHETIC_PLACEBO_ONLY,False,PROVENANCE_ONLY_NOT_CAUSAL_TRUTH,209,1,29,2020-07-28T00:00:00Z,2020-07-29T00:00:00Z,2020.07.28 03:00,NEUTRAL,STABLE_MAPPED_ROW,,False,,433,1,61,2021-03-09T00:00:00Z,2021-03-10T00:00:00Z,NEUTRAL,2021-03-09T00:00:00Z,2021-03-08,0.192,HIGH,8/8,,false,,False,224,32,0,0,0
BWD,2026092504,-32,SYNTHETIC_PLACEBO_ONLY,False,PROVENANCE_ONLY_NOT_CAUSAL_TRUTH,210,2,30,2020-07-29T00:00:00Z,2020-07-30T00:00:00Z,2020.07.29 03:00,NEUTRAL,STABLE_MAPPED_ROW,,False,,434,2,62,2021-03-10T00:00:00Z,2021-03-11T00:00:00Z,NEUTRAL,2021-03-10T00:00:00Z,2021-03-09,0.038,MED,8/8,,false,,False,224,32,0,0,0
BWD,2026092504,-32,SYNTHETIC_PLACEBO_ONLY,False,PROVENANCE_ONLY_NOT_CAUSAL_TRUTH,211,3,30,2020-07-30T00:00:00Z,2020-07-31T00:00:00Z,2020.07.30 03:00,NEUTRAL,STABLE_MAPPED_ROW,,False,,435,3,62,2021-03-11T00:00:00Z,2021-03-12T00:00:00Z,NEUTRAL,2021-03-11T00:00:00Z,2021-03-10,0.192,HIGH,8/8,,false,,False,224,32,0,0,0
BWD,2026092504,-32,SYNTHETIC_PLACEBO_ONLY,False,PROVENANCE_ONLY_NOT_CAUSAL_TRUTH,212,4,30,2020-07-31T00:00:00Z,2020-08-01T00:00:00Z,2020.07.31 03:00,NEUTRAL,STABLE_MAPPED_ROW,,False,,436,4,62,2021-03-12T00:00:00Z,2021-03-13T00:00:00Z,NEUTRAL,2021-03-12T00:00:00Z,2021-03-11,0.231,HIGH,8/8,,false,,False,224,32,0,0,0
BWD,2026092504,-32,SYNTHETIC_PLACEBO_ONLY,False,PROVENANCE_ONLY_NOT_CAUSAL_TRUTH,213,5,30,2020-08-01T00:00:00Z,2020-08-02T00:00:00Z,2020.08.01 03:00,NEUTRAL,STABLE_MAPPED_ROW,,False,,437,5,62,2021-03-13T00:00:00Z,2021-03-14T00:00:00Z,NEUTRAL,2021-03-13T00:00:00Z,2021-03-12,0.231,HIGH,8/8,,false,,False,224,32,0,0,0
BWD,2026092504,-32,SYNTHETIC_PLACEBO_ONLY,False,PROVENANCE_ONLY_NOT_CAUSAL_TRUTH,214,6,30,2020-08-02T00:00:00Z,2020-08-03T00:00:00Z,2020.08.02 03:00,NEUTRAL,STABLE_MAPPED_ROW,,False,,438,6,62,2021-03-14T00:00:00Z,2021-03-15T00:00:00Z,NEUTRAL,2021-03-14T00:00:00Z,2021-03-13,0.231,HIGH,8/8,,false,,False,224,32,0,0,0
BWD,2026092504,-32,SYNTHETIC_PLACEBO_ONLY,False,PROVENANCE_ONLY_NOT_CAUSAL_TRUTH,215,0,30,2020-08-03T00:00:00Z,2020-08-04T00:00:00Z,2020.08.03 03:00,NEUTRAL,STABLE_MAPPED_ROW,,False,,439,0,62,2021-03-15T00:00:00Z,2021-03-16T00:00:00Z,NEUTRAL,2021-03-15T00:00:00Z,2021-03-14,0.231,HIGH,8/8,,false,,False,224,32,0,0,0
BWD,2026092504,-32,SYNTHETIC_PLACEBO_ONLY,False,PROVENANCE_ONLY_NOT_CAUSAL_TRUTH,216,1,30,2020-08-04T00:00:00Z,2020-08-05T00:00:00Z,2020.08.04 03:00,NEUTRAL,STABLE_MAPPED_ROW,,False,,440,1,62,2021-03-16T00:00:00Z,2021-03-17T00:00:00Z,NEUTRAL,2021-03-16T00:00:00Z,2021-03-15,0.192,HIGH,8/8,,false,,False,224,32,0,0,0
BWD,2026092504,-32,SYNTHETIC_PLACEBO_ONLY,False,PROVENANCE_ONLY_NOT_CAUSAL_TRUTH,217,2,31,2020-08-05T00:00:00Z,2020-08-06T00:00:00Z,2020.08.05 03:00,NEUTRAL,STABLE_MAPPED_ROW,,False,,441,2,63,2021-03-17T00:00:00Z,2021-03-18T00:00:00Z,NEUTRAL,2021-03-17T00:00:00Z,2021-03-16,0.346,HIGH,8/8,,false,,False,224,32,0,0,0
BWD,2026092504,-32,SYNTHETIC_PLACEBO_ONLY,False,PROVENANCE_ONLY_NOT_CAUSAL_TRUTH,218,3,31,2020-08-06T00:00:00Z,2020-08-07T00:00:00Z,2020.08.06 03:00,NEUTRAL,STABLE_MAPPED_ROW,,False,,442,3,63,2021-03-18T00:00:00Z,2021-03-19T00:00:00Z,NEUTRAL,2021-03-18T00:00:00Z,2021-03-17,0.385,HIGH,8/8,,false,,False,224,32,0,0,0
BWD,2026092504,-32,SYNTHETIC_PLACEBO_ONLY,False,PROVENANCE_ONLY_NOT_CAUSAL_TRUTH,219,4,31,2020-08-07T00:00:00Z,2020-08-08T00:00:00Z,2020.08.07 03:00,NEUTRAL,STABLE_MAPPED_ROW,,False,,443,4,63,2021-03-19T00:00:00Z,2021-03-20T00:00:00Z,NEUTRAL,2021-03-19T00:00:00Z,2021-03-18,0.077,MED,8/8,,false,,False,224,32,0,0,0
BWD,2026092504,-32,SYNTHETIC_PLACEBO_ONLY,False,PROVENANCE_ONLY_NOT_CAUSAL_TRUTH,220,5,31,2020-08-08T00:00:00Z,2020-08-09T00:00:00Z,2020.08.08 03:00,NEUTRAL,STABLE_MAPPED_ROW,,False,,444,5,63,2021-03-20T00:00:00Z,2021-03-21T00:00:00Z,NEUTRAL,2021-03-20T00:00:00Z,2021-03-19,0.038,HIGH,8/8,,false,,False,224,32,0,0,0
BWD,2026092504,-32,SYNTHETIC_PLACEBO_ONLY,False,PROVENANCE_ONLY_NOT_CAUSAL_TRUTH,221,6,31,2020-08-09T00:00:00Z,2020-08-10T00:00:00Z,2020.08.09 03:00,NEUTRAL,STABLE_MAPPED_ROW,,False,,445,6,63,2021-03-21T00:00:00Z,2021-03-22T00:00:00Z,NEUTRAL,2021-03-21T00:00:00Z,2021-03-20,0.077,HIGH,8/8,,false,,False,224,32,0,0,0
BWD,2026092504,-32,SYNTHETIC_PLACEBO_ONLY,False,PROVENANCE_ONLY_NOT_CAUSAL_TRUTH,222,0,31,2020-08-10T00:00:00Z,2020-08-11T00:00:00Z,2020.08.10 03:00,NEUTRAL,STABLE_MAPPED_ROW,,False,,446,0,63,2021-03-22T00:00:00Z,2021-03-23T00:00:00Z,NEUTRAL,2021-03-22T00:00:00Z,2021-03-21,0.077,HIGH,8/8,,false,,False,224,32,0,0,0
BWD,2026092504,-32,SYNTHETIC_PLACEBO_ONLY,False,PROVENANCE_ONLY_NOT_CAUSAL_TRUTH,223,1,31,2020-08-11T00:00:00Z,2020-08-12T00:00:00Z,2020.08.11 03:00,NEUTRAL,STABLE_MAPPED_ROW,,False,,447,1,63,2021-03-23T00:00:00Z,2021-03-24T00:00:00Z,NEUTRAL,2021-03-23T00:00:00Z,2021-03-22,0.077,MED,8/8,,false,,False,224,32,0,0,0
BWD,2026092504,-32,SYNTHETIC_PLACEBO_ONLY,False,PROVENANCE_ONLY_NOT_CAUSAL_TRUTH,224,2,32,2020-08-12T00:00:00Z,2020-08-13T00:00:00Z,2020.08.12 03:00,NEUTRAL,STABLE_MAPPED_ROW,,False,,448,2,64,2021-03-24T00:00:00Z,2021-03-25T00:00:00Z,NEUTRAL,2021-03-24T00:00:00Z,2021-03-23,-0.077,MED,8/8,,false,,False,224,32,0,0,0
BWD,2026092504,-32,SYNTHETIC_PLACEBO_ONLY,False,PROVENANCE_ONLY_NOT_CAUSAL_TRUTH,225,3,32,2020-08-13T00:00:00Z,2020-08-14T00:00:00Z,2020.08.13 03:00,NEUTRAL,STABLE_MAPPED_ROW,,False,,449,3,64,2021-03-25T00:00:00Z,2021-03-26T00:00:00Z,NEUTRAL,2021-03-25T00:00:00Z,2021-03-24,-0.115,MED,8/8,,false,,False,224,32,0,0,0
BWD,2026092504,-32,SYNTHETIC_PLACEBO_ONLY,False,PROVENANCE_ONLY_NOT_CAUSAL_TRUTH,226,4,32,2020-08-14T00:00:00Z,2020-08-15T00:00:00Z,2020.08.14 03:00,NEUTRAL,STABLE_MAPPED_ROW,,False,,450,4,64,2021-03-26T00:00:00Z,2021-03-27T00:00:00Z,NEUTRAL,2021-03-26T00:00:00Z,2021-03-25,-0.115,MED,8/8,,false,,False,224,32,0,0,0
BWD,2026092504,-32,SYNTHETIC_PLACEBO_ONLY,False,PROVENANCE_ONLY_NOT_CAUSAL_TRUTH,227,5,32,2020-08-15T00:00:00Z,2020-08-16T00:00:00Z,2020.08.15 03:00,NEUTRAL,STABLE_MAPPED_ROW,,False,,451,5,64,2021-03-27T00:00:00Z,2021-03-28T00:00:00Z,NEUTRAL,2021-03-27T00:00:00Z,2021-03-26,0.038,MED,8/8,,false,,False,224,32,0,0,0
BWD,2026092504,-32,SYNTHETIC_PLACEBO_ONLY,False,PROVENANCE_ONLY_NOT_CAUSAL_TRUTH,228,6,32,2020-08-16T00:00:00Z,2020-08-17T00:00:00Z,2020.08.16 03:00,NEUTRAL,STABLE_MAPPED_ROW,,False,,452,6,64,2021-03-28T00:00:00Z,2021-03-29T00:00:00Z,NEUTRAL,2021-03-28T00:00:00Z,2021-03-27,0.231,HIGH,8/8,,false,,False,224,32,0,0,0
BWD,2026092504,-32,SYNTHETIC_PLACEBO_ONLY,False,PROVENANCE_ONLY_NOT_CAUSAL_TRUTH,229,0,32,2020-08-17T00:00:00Z,2020-08-18T00:00:00Z,2020.08.17 03:00,NEUTRAL,STABLE_MAPPED_ROW,,False,,453,0,64,2021-03-29T00:00:00Z,2021-03-30T00:00:00Z,NEUTRAL,2021-03-29T00:00:00Z,2021-03-28,0.231,HIGH,8/8,,false,,False,224,32,0,0,0
BWD,2026092504,-32,SYNTHETIC_PLACEBO_ONLY,False,PROVENANCE_ONLY_NOT_CAUSAL_TRUTH,230,1,32,2020-08-18T00:00:00Z,2020-08-19T00:00:00Z,2020.08.18 03:00,NEUTRAL,STABLE_MAPPED_ROW,,False,,454,1,64,2021-03-30T00:00:00Z,2021-03-31T00:00:00Z,NEUTRAL,2021-03-30T00:00:00Z,2021-03-29,0.077,HIGH,8/8,,false,,False,224,32,0,0,0
BWD,2026092504,-32,SYNTHETIC_PLACEBO_ONLY,False,PROVENANCE_ONLY_NOT_CAUSAL_TRUTH,231,2,33,2020-08-19T00:00:00Z,2020-08-20T00:00:00Z,2020.08.19 03:00,NEUTRAL,STABLE_MAPPED_ROW,,False,,455,2,65,2021-03-31T00:00:00Z,2021-04-01T00:00:00Z,NEUTRAL,2021-03-31T00:00:00Z,2021-03-30,0.346,HIGH,8/8,,false,,False,224,32,0,0,0
BWD,2026092504,-32,SYNTHETIC_PLACEBO_ONLY,False,PROVENANCE_ONLY_NOT_CAUSAL_TRUTH,232,3,33,2020-08-20T00:00:00Z,2020-08-21T00:00:00Z,2020.08.20 03:00,NEUTRAL,STABLE_MAPPED_ROW,,False,,456,3,65,2021-04-01T00:00:00Z,2021-04-02T00:00:00Z,NEUTRAL,2021-04-01T00:00:00Z,2021-03-31,0.346,HIGH,8/8,,false,,False,224,32,0,0,0
BWD,2026092504,-32,SYNTHETIC_PLACEBO_ONLY,False,PROVENANCE_ONLY_NOT_CAUSAL_TRUTH,233,4,33,2020-08-21T00:00:00Z,2020-08-22T00:00:00Z,2020.08.21 03:00,NEUTRAL,STABLE_MAPPED_ROW,,False,,457,4,65,2021-04-02T00:00:00Z,2021-04-03T00:00:00Z,NEUTRAL,2021-04-02T00:00:00Z,2021-04-01,0.385,HIGH,8/8,,false,,False,224,32,0,0,0
BWD,2026092504,-32,SYNTHETIC_PLACEBO_ONLY,False,PROVENANCE_ONLY_NOT_CAUSAL_TRUTH,234,5,33,2020-08-22T00:00:00Z,2020-08-23T00:00:00Z,2020.08.22 03:00,NEUTRAL,STABLE_MAPPED_ROW,,False,,458,5,65,2021-04-03T00:00:00Z,2021-04-04T00:00:00Z,NEUTRAL,2021-04-03T00:00:00Z,2021-04-02,0.385,HIGH,8/8,,false,,False,224,32,0,0,0
BWD,2026092504,-32,SYNTHETIC_PLACEBO_ONLY,False,PROVENANCE_ONLY_NOT_CAUSAL_TRUTH,235,6,33,2020-08-23T00:00:00Z,2020-08-24T00:00:00Z,2020.08.23 03:00,NEUTRAL,STABLE_MAPPED_ROW,,False,,459,6,65,2021-04-04T00:00:00Z,2021-04-05T00:00:00Z,NEUTRAL,2021-04-04T00:00:00Z,2021-04-03,0.346,HIGH,8/8,,false,,False,224,32,0,0,0
BWD,2026092504,-32,SYNTHETIC_PLACEBO_ONLY,False,PROVENANCE_ONLY_NOT_CAUSAL_TRUTH,236,0,33,2020-08-24T00:00:00Z,2020-08-25T00:00:00Z,2020.08.24 03:00,NEUTRAL,STABLE_MAPPED_ROW,,False,,460,0,65,2021-04-05T00:00:00Z,2021-04-06T00:00:00Z,NEUTRAL,2021-04-05T00:00:00Z,2021-04-04,0.346,HIGH,8/8,,false,,False,224,32,0,0,0
BWD,2026092504,-32,SYNTHETIC_PLACEBO_ONLY,False,PROVENANCE_ONLY_NOT_CAUSAL_TRUTH,237,1,33,2020-08-25T00:00:00Z,2020-08-26T00:00:00Z,2020.08.25 03:00,NEUTRAL,STABLE_MAPPED_ROW,,False,,461,1,65,2021-04-06T00:00:00Z,2021-04-07T00:00:00Z,NEUTRAL,2021-04-06T00:00:00Z,2021-04-05,0.385,HIGH,8/8,,false,,False,224,32,0,0,0
BWD,2026092504,-32,SYNTHETIC_PLACEBO_ONLY,False,PROVENANCE_ONLY_NOT_CAUSAL_TRUTH,238,2,34,2020-08-26T00:00:00Z,2020-08-27T00:00:00Z,2020.08.26 03:00,NEUTRAL,STABLE_MAPPED_ROW,,False,,462,2,66,2021-04-07T00:00:00Z,2021-04-08T00:00:00Z,NEUTRAL,2021-04-07T00:00:00Z,2021-04-06,0.346,HIGH,8/8,,false,,False,224,32,0,0,0
BWD,2026092504,-32,SYNTHETIC_PLACEBO_ONLY,False,PROVENANCE_ONLY_NOT_CAUSAL_TRUTH,239,3,34,2020-08-27T00:00:00Z,2020-08-28T00:00:00Z,2020.08.27 03:00,NEUTRAL,STABLE_MAPPED_ROW,,False,,463,3,66,2021-04-08T00:00:00Z,2021-04-09T00:00:00Z,NEUTRAL,2021-04-08T00:00:00Z,2021-04-07,0.077,MED,8/8,,false,,False,224,32,0,0,0
BWD,2026092504,-32,SYNTHETIC_PLACEBO_ONLY,False,PROVENANCE_ONLY_NOT_CAUSAL_TRUTH,240,4,34,2020-08-28T00:00:00Z,2020-08-29T00:00:00Z,2020.08.28 03:00,NEUTRAL,STABLE_MAPPED_ROW,,False,,464,4,66,2021-04-09T00:00:00Z,2021-04-10T00:00:00Z,NEUTRAL,2021-04-09T00:00:00Z,2021-04-08,0.269,HIGH,8/8,,false,,False,224,32,0,0,0
BWD,2026092504,-32,SYNTHETIC_PLACEBO_ONLY,False,PROVENANCE_ONLY_NOT_CAUSAL_TRUTH,241,5,34,2020-08-29T00:00:00Z,2020-08-30T00:00:00Z,2020.08.29 03:00,NEUTRAL,STABLE_MAPPED_ROW,,False,,465,5,66,2021-04-10T00:00:00Z,2021-04-11T00:00:00Z,NEUTRAL,2021-04-10T00:00:00Z,2021-04-09,0.231,HIGH,8/8,,false,,False,224,32,0,0,0
BWD,2026092504,-32,SYNTHETIC_PLACEBO_ONLY,False,PROVENANCE_ONLY_NOT_CAUSAL_TRUTH,242,6,34,2020-08-30T00:00:00Z,2020-08-31T00:00:00Z,2020.08.30 03:00,NEUTRAL,STABLE_MAPPED_ROW,,False,,466,6,66,2021-04-11T00:00:00Z,2021-04-12T00:00:00Z,NEUTRAL,2021-04-11T00:00:00Z,2021-04-10,0.269,HIGH,8/8,,false,,False,224,32,0,0,0
BWD,2026092504,-32,SYNTHETIC_PLACEBO_ONLY,False,PROVENANCE_ONLY_NOT_CAUSAL_TRUTH,243,0,34,2020-08-31T00:00:00Z,2020-09-01T00:00:00Z,2020.08.31 03:00,NEUTRAL,STABLE_MAPPED_ROW,,False,,467,0,66,2021-04-12T00:00:00Z,2021-04-13T00:00:00Z,NEUTRAL,2021-04-12T00:00:00Z,2021-04-11,0.269,HIGH,8/8,,false,,False,224,32,0,0,0
BWD,2026092504,-32,SYNTHETIC_PLACEBO_ONLY,False,PROVENANCE_ONLY_NOT_CAUSAL_TRUTH,244,1,34,2020-09-01T00:00:00Z,2020-09-02T00:00:00Z,2020.09.01 03:00,NEUTRAL,STABLE_MAPPED_ROW,,False,,468,1,66,2021-04-13T00:00:00Z,2021-04-14T00:00:00Z,NEUTRAL,2021-04-13T00:00:00Z,2021-04-12,0.231,HIGH,8/8,,false,,False,224,32,0,0,0
BWD,2026092504,-32,SYNTHETIC_PLACEBO_ONLY,False,PROVENANCE_ONLY_NOT_CAUSAL_TRUTH,245,2,35,2020-09-02T00:00:00Z,2020-09-03T00:00:00Z,2020.09.02 03:00,NEUTRAL,STABLE_MAPPED_ROW,,False,,469,2,67,2021-04-14T00:00:00Z,2021-04-15T00:00:00Z,NEUTRAL,2021-04-14T00:00:00Z,2021-04-13,0.231,HIGH,8/8,,false,,False,224,32,0,0,0
BWD,2026092504,-32,SYNTHETIC_PLACEBO_ONLY,False,PROVENANCE_ONLY_NOT_CAUSAL_TRUTH,246,3,35,2020-09-03T00:00:00Z,2020-09-04T00:00:00Z,2020.09.03 03:00,NEUTRAL,STABLE_MAPPED_ROW,,False,,470,3,67,2021-04-15T00:00:00Z,2021-04-16T00:00:00Z,NEUTRAL,2021-04-15T00:00:00Z,2021-04-14,0.385,HIGH,8/8,,false,,False,224,32,0,0,0
BWD,2026092504,-32,SYNTHETIC_PLACEBO_ONLY,False,PROVENANCE_ONLY_NOT_CAUSAL_TRUTH,247,4,35,2020-09-04T00:00:00Z,2020-09-05T00:00:00Z,2020.09.04 03:00,NEUTRAL,STABLE_MAPPED_ROW,,False,,471,4,67,2021-04-16T00:00:00Z,2021-04-17T00:00:00Z,NEUTRAL,2021-04-16T00:00:00Z,2021-04-15,0.385,HIGH,8/8,,false,,False,224,32,0,0,0
BWD,2026092504,-32,SYNTHETIC_PLACEBO_ONLY,False,PROVENANCE_ONLY_NOT_CAUSAL_TRUTH,248,5,35,2020-09-05T00:00:00Z,2020-09-06T00:00:00Z,2020.09.05 03:00,NEUTRAL,STABLE_MAPPED_ROW,,False,,472,5,67,2021-04-17T00:00:00Z,2021-04-18T00:00:00Z,NEUTRAL,2021-04-17T00:00:00Z,2021-04-16,0.385,HIGH,8/8,,false,,False,224,32,0,0,0
BWD,2026092504,-32,SYNTHETIC_PLACEBO_ONLY,False,PROVENANCE_ONLY_NOT_CAUSAL_TRUTH,249,6,35,2020-09-06T00:00:00Z,2020-09-07T00:00:00Z,2020.09.06 03:00,NEUTRAL,STABLE_MAPPED_ROW,,False,,473,6,67,2021-04-18T00:00:00Z,2021-04-19T00:00:00Z,NEUTRAL,2021-04-18T00:00:00Z,2021-04-17,0.385,HIGH,8/8,,false,,False,224,32,0,0,0
BWD,2026092504,-32,SYNTHETIC_PLACEBO_ONLY,False,PROVENANCE_ONLY_NOT_CAUSAL_TRUTH,250,0,35,2020-09-07T00:00:00Z,2020-09-08T00:00:00Z,2020.09.07 03:00,NEUTRAL,STABLE_MAPPED_ROW,,False,,474,0,67,2021-04-19T00:00:00Z,2021-04-20T00:00:00Z,NEUTRAL,2021-04-19T00:00:00Z,2021-04-18,0.192,MED,8/8,,false,,False,224,32,0,0,0
BWD,2026092504,-32,SYNTHETIC_PLACEBO_ONLY,False,PROVENANCE_ONLY_NOT_CAUSAL_TRUTH,251,1,35,2020-09-08T00:00:00Z,2020-09-09T00:00:00Z,2020.09.08 03:00,NEUTRAL,STABLE_MAPPED_ROW,,False,,475,1,67,2021-04-20T00:00:00Z,2021-04-21T00:00:00Z,NEUTRAL,2021-04-20T00:00:00Z,2021-04-19,0.192,MED,8/8,,false,,False,224,32,0,0,0
BWD,2026092504,-32,SYNTHETIC_PLACEBO_ONLY,False,PROVENANCE_ONLY_NOT_CAUSAL_TRUTH,252,2,36,2020-09-09T00:00:00Z,2020-09-10T00:00:00Z,2020.09.09 03:00,NEUTRAL,STABLE_MAPPED_ROW,,False,,476,2,68,2021-04-21T00:00:00Z,2021-04-22T00:00:00Z,NEUTRAL,2021-04-21T00:00:00Z,2021-04-20,0.115,MED,8/8,,false,,False,224,32,0,0,0
BWD,2026092504,-32,SYNTHETIC_PLACEBO_ONLY,False,PROVENANCE_ONLY_NOT_CAUSAL_TRUTH,253,3,36,2020-09-10T00:00:00Z,2020-09-11T00:00:00Z,2020.09.10 03:00,NEUTRAL,STABLE_MAPPED_ROW,,False,,477,3,68,2021-04-22T00:00:00Z,2021-04-23T00:00:00Z,NEUTRAL,2021-04-22T00:00:00Z,2021-04-21,0.077,MED,8/8,,false,,False,224,32,0,0,0
BWD,2026092504,-32,SYNTHETIC_PLACEBO_ONLY,False,PROVENANCE_ONLY_NOT_CAUSAL_TRUTH,254,4,36,2020-09-11T00:00:00Z,2020-09-12T00:00:00Z,2020.09.11 03:00,NEUTRAL,STABLE_MAPPED_ROW,,False,,478,4,68,2021-04-23T00:00:00Z,2021-04-24T00:00:00Z,NEUTRAL,2021-04-23T00:00:00Z,2021-04-22,0.077,MED,8/8,,false,,False,224,32,0,0,0
BWD,2026092504,-32,SYNTHETIC_PLACEBO_ONLY,False,PROVENANCE_ONLY_NOT_CAUSAL_TRUTH,255,5,36,2020-09-12T00:00:00Z,2020-09-13T00:00:00Z,2020.09.12 03:00,NEUTRAL,STABLE_MAPPED_ROW,,False,,479,5,68,2021-04-24T00:00:00Z,2021-04-25T00:00:00Z,NEUTRAL,2021-04-24T00:00:00Z,2021-04-23,0.077,MED,8/8,,false,,False,224,32,0,0,0
BWD,2026092504,-32,SYNTHETIC_PLACEBO_ONLY,False,PROVENANCE_ONLY_NOT_CAUSAL_TRUTH,256,6,36,2020-09-13T00:00:00Z,2020-09-14T00:00:00Z,2020.09.13 03:00,NEUTRAL,STABLE_MAPPED_ROW,,False,,480,6,68,2021-04-25T00:00:00Z,2021-04-26T00:00:00Z,NEUTRAL,2021-04-25T00:00:00Z,2021-04-24,0.077,MED,8/8,,false,,False,224,32,0,0,0
BWD,2026092504,-32,SYNTHETIC_PLACEBO_ONLY,False,PROVENANCE_ONLY_NOT_CAUSAL_TRUTH,257,0,36,2020-09-14T00:00:00Z,2020-09-15T00:00:00Z,2020.09.14 03:00,NEUTRAL,STABLE_MAPPED_ROW,,False,,481,0,68,2021-04-26T00:00:00Z,2021-04-27T00:00:00Z,NEUTRAL,2021-04-26T00:00:00Z,2021-04-25,0.077,MED,8/8,,false,,False,224,32,0,0,0
BWD,2026092504,-32,SYNTHETIC_PLACEBO_ONLY,False,PROVENANCE_ONLY_NOT_CAUSAL_TRUTH,258,1,36,2020-09-15T00:00:00Z,2020-09-16T00:00:00Z,2020.09.15 03:00,NEUTRAL,STABLE_MAPPED_ROW,,False,,482,1,68,2021-04-27T00:00:00Z,2021-04-28T00:00:00Z,NEUTRAL,2021-04-27T00:00:00Z,2021-04-26,0.385,HIGH,8/8,,false,,False,224,32,0,0,0
BWD,2026092504,-32,SYNTHETIC_PLACEBO_ONLY,False,PROVENANCE_ONLY_NOT_CAUSAL_TRUTH,259,2,37,2020-09-16T00:00:00Z,2020-09-17T00:00:00Z,2020.09.16 03:00,NEUTRAL,STABLE_MAPPED_ROW,,False,,483,2,69,2021-04-28T00:00:00Z,2021-04-29T00:00:00Z,NEUTRAL,2021-04-28T00:00:00Z,2021-04-27,0.385,HIGH,8/8,,false,,False,224,32,0,0,0
BWD,2026092504,-32,SYNTHETIC_PLACEBO_ONLY,False,PROVENANCE_ONLY_NOT_CAUSAL_TRUTH,260,3,37,2020-09-17T00:00:00Z,2020-09-18T00:00:00Z,2020.09.17 03:00,NEUTRAL,STABLE_MAPPED_ROW,,False,,484,3,69,2021-04-29T00:00:00Z,2021-04-30T00:00:00Z,NEUTRAL,2021-04-29T00:00:00Z,2021-04-28,0.385,HIGH,8/8,,false,,False,224,32,0,0,0
BWD,2026092504,-32,SYNTHETIC_PLACEBO_ONLY,False,PROVENANCE_ONLY_NOT_CAUSAL_TRUTH,261,4,37,2020-09-18T00:00:00Z,2020-09-19T00:00:00Z,2020.09.18 03:00,NEUTRAL,STABLE_MAPPED_ROW,,False,,485,4,69,2021-04-30T00:00:00Z,2021-05-01T00:00:00Z,NEUTRAL,2021-04-30T00:00:00Z,2021-04-29,0.385,HIGH,8/8,,false,,False,224,32,0,0,0
BWD,2026092504,-32,SYNTHETIC_PLACEBO_ONLY,False,PROVENANCE_ONLY_NOT_CAUSAL_TRUTH,262,5,37,2020-09-19T00:00:00Z,2020-09-20T00:00:00Z,2020.09.19 03:00,NEUTRAL,STABLE_MAPPED_ROW,,False,,486,5,69,2021-05-01T00:00:00Z,2021-05-02T00:00:00Z,NEUTRAL,2021-05-01T00:00:00Z,2021-04-30,0.385,HIGH,8/8,,false,,False,224,32,0,0,0
BWD,2026092504,-32,SYNTHETIC_PLACEBO_ONLY,False,PROVENANCE_ONLY_NOT_CAUSAL_TRUTH,263,6,37,2020-09-20T00:00:00Z,2020-09-21T00:00:00Z,2020.09.20 03:00,NEUTRAL,STABLE_MAPPED_ROW,,False,,487,6,69,2021-05-02T00:00:00Z,2021-05-03T00:00:00Z,NEUTRAL,2021-05-02T00:00:00Z,2021-05-01,0.385,HIGH,8/8,,false,,False,224,32,0,0,0
BWD,2026092504,-32,SYNTHETIC_PLACEBO_ONLY,False,PROVENANCE_ONLY_NOT_CAUSAL_TRUTH,264,0,37,2020-09-21T00:00:00Z,2020-09-22T00:00:00Z,2020.09.21 03:00,NEUTRAL,STABLE_MAPPED_ROW,,False,,488,0,69,2021-05-03T00:00:00Z,2021-05-04T00:00:00Z,NEUTRAL,2021-05-03T00:00:00Z,2021-05-02,0.385,HIGH,8/8,,false,,False,224,32,0,0,0
BWD,2026092504,-32,SYNTHETIC_PLACEBO_ONLY,False,PROVENANCE_ONLY_NOT_CAUSAL_TRUTH,265,1,37,2020-09-22T00:00:00Z,2020-09-23T00:00:00Z,2020.09.22 03:00,NEUTRAL,STABLE_MAPPED_ROW,,False,,489,1,69,2021-05-04T00:00:00Z,2021-05-05T00:00:00Z,NEUTRAL,2021-05-04T00:00:00Z,2021-05-03,0.385,HIGH,8/8,,false,,False,224,32,0,0,0
BWD,2026092504,-32,SYNTHETIC_PLACEBO_ONLY,False,PROVENANCE_ONLY_NOT_CAUSAL_TRUTH,266,2,38,2020-09-23T00:00:00Z,2020-09-24T00:00:00Z,2020.09.23 03:00,NEUTRAL,STABLE_MAPPED_ROW,,False,,490,2,70,2021-05-05T00:00:00Z,2021-05-06T00:00:00Z,NEUTRAL,2021-05-05T00:00:00Z,2021-05-04,0.038,MED,8/8,,false,,False,224,32,0,0,0
BWD,2026092504,-32,SYNTHETIC_PLACEBO_ONLY,False,PROVENANCE_ONLY_NOT_CAUSAL_TRUTH,267,3,38,2020-09-24T00:00:00Z,2020-09-25T00:00:00Z,2020.09.24 03:00,NEUTRAL,STABLE_MAPPED_ROW,,False,,491,3,70,2021-05-06T00:00:00Z,2021-05-07T00:00:00Z,NEUTRAL,2021-05-06T00:00:00Z,2021-05-05,0.346,HIGH,8/8,,false,,False,224,32,0,0,0
BWD,2026092504,-32,SYNTHETIC_PLACEBO_ONLY,False,PROVENANCE_ONLY_NOT_CAUSAL_TRUTH,268,4,38,2020-09-25T00:00:00Z,2020-09-26T00:00:00Z,2020.09.25 03:00,NEUTRAL,STABLE_MAPPED_ROW,,False,,492,4,70,2021-05-07T00:00:00Z,2021-05-08T00:00:00Z,NEUTRAL,2021-05-07T00:00:00Z,2021-05-06,0.346,HIGH,8/8,,false,,False,224,32,0,0,0
BWD,2026092504,-32,SYNTHETIC_PLACEBO_ONLY,False,PROVENANCE_ONLY_NOT_CAUSAL_TRUTH,269,5,38,2020-09-26T00:00:00Z,2020-09-27T00:00:00Z,2020.09.26 03:00,NEUTRAL,STABLE_MAPPED_ROW,,False,,493,5,70,2021-05-08T00:00:00Z,2021-05-09T00:00:00Z,NEUTRAL,2021-05-08T00:00:00Z,2021-05-07,0.385,HIGH,8/8,,false,,False,224,32,0,0,0
BWD,2026092504,-32,SYNTHETIC_PLACEBO_ONLY,False,PROVENANCE_ONLY_NOT_CAUSAL_TRUTH,270,6,38,2020-09-27T00:00:00Z,2020-09-28T00:00:00Z,2020.09.27 03:00,NEUTRAL,STABLE_MAPPED_ROW,,False,,494,6,70,2021-05-09T00:00:00Z,2021-05-10T00:00:00Z,NEUTRAL,2021-05-09T00:00:00Z,2021-05-08,0.385,HIGH,8/8,,false,,False,224,32,0,0,0
BWD,2026092504,-32,SYNTHETIC_PLACEBO_ONLY,False,PROVENANCE_ONLY_NOT_CAUSAL_TRUTH,271,0,38,2020-09-28T00:00:00Z,2020-09-29T00:00:00Z,2020.09.28 03:00,NEUTRAL,STABLE_MAPPED_ROW,,False,,495,0,70,2021-05-10T00:00:00Z,2021-05-11T00:00:00Z,NEUTRAL,2021-05-10T00:00:00Z,2021-05-09,0.385,HIGH,8/8,,false,,False,224,32,0,0,0
BWD,2026092504,-32,SYNTHETIC_PLACEBO_ONLY,False,PROVENANCE_ONLY_NOT_CAUSAL_TRUTH,272,1,38,2020-09-29T00:00:00Z,2020-09-30T00:00:00Z,2020.09.29 03:00,NEUTRAL,STABLE_MAPPED_ROW,,False,,496,1,70,2021-05-11T00:00:00Z,2021-05-12T00:00:00Z,NEUTRAL,2021-05-11T00:00:00Z,2021-05-10,0.346,HIGH,8/8,,false,,False,224,32,0,0,0
BWD,2026092504,-32,SYNTHETIC_PLACEBO_ONLY,False,PROVENANCE_ONLY_NOT_CAUSAL_TRUTH,273,2,39,2020-09-30T00:00:00Z,2020-10-01T00:00:00Z,2020.09.30 03:00,NEUTRAL,STABLE_MAPPED_ROW,,False,,497,2,71,2021-05-12T00:00:00Z,2021-05-13T00:00:00Z,NEUTRAL,2021-05-12T00:00:00Z,2021-05-11,0.154,MED,8/8,,false,,False,224,32,0,0,0
BWD,2026092504,-32,SYNTHETIC_PLACEBO_ONLY,False,PROVENANCE_ONLY_NOT_CAUSAL_TRUTH,274,3,39,2020-10-01T00:00:00Z,2020-10-02T00:00:00Z,2020.10.01 03:00,NEUTRAL,STABLE_MAPPED_ROW,,False,,498,3,71,2021-05-13T00:00:00Z,2021-05-14T00:00:00Z,NEUTRAL,2021-05-13T00:00:00Z,2021-05-12,-0.038,MED,8/8,,false,,False,224,32,0,0,0
BWD,2026092504,-32,SYNTHETIC_PLACEBO_ONLY,False,PROVENANCE_ONLY_NOT_CAUSAL_TRUTH,275,4,39,2020-10-02T00:00:00Z,2020-10-03T00:00:00Z,2020.10.02 03:00,NEUTRAL,STABLE_MAPPED_ROW,,False,,499,4,71,2021-05-14T00:00:00Z,2021-05-15T00:00:00Z,NEUTRAL,2021-05-14T00:00:00Z,2021-05-13,-0.077,MED,8/8,,false,,False,224,32,0,0,0
BWD,2026092504,-32,SYNTHETIC_PLACEBO_ONLY,False,PROVENANCE_ONLY_NOT_CAUSAL_TRUTH,276,5,39,2020-10-03T00:00:00Z,2020-10-04T00:00:00Z,2020.10.03 03:00,NEUTRAL,STABLE_MAPPED_ROW,,False,,500,5,71,2021-05-15T00:00:00Z,2021-05-16T00:00:00Z,NEUTRAL,2021-05-15T00:00:00Z,2021-05-14,0.038,MED,8/8,,false,,False,224,32,0,0,0
BWD,2026092504,-32,SYNTHETIC_PLACEBO_ONLY,False,PROVENANCE_ONLY_NOT_CAUSAL_TRUTH,277,6,39,2020-10-04T00:00:00Z,2020-10-05T00:00:00Z,2020.10.04 03:00,NEUTRAL,STABLE_MAPPED_ROW,,False,,501,6,71,2021-05-16T00:00:00Z,2021-05-17T00:00:00Z,NEUTRAL,2021-05-16T00:00:00Z,2021-05-15,0.038,MED,8/8,,false,,False,224,32,0,0,0
BWD,2026092504,-32,SYNTHETIC_PLACEBO_ONLY,False,PROVENANCE_ONLY_NOT_CAUSAL_TRUTH,278,0,39,2020-10-05T00:00:00Z,2020-10-06T00:00:00Z,2020.10.05 03:00,NEUTRAL,STABLE_MAPPED_ROW,,False,,502,0,71,2021-05-17T00:00:00Z,2021-05-18T00:00:00Z,NEUTRAL,2021-05-17T00:00:00Z,2021-05-16,0.038,MED,8/8,,false,,False,224,32,0,0,0
BWD,2026092504,-32,SYNTHETIC_PLACEBO_ONLY,False,PROVENANCE_ONLY_NOT_CAUSAL_TRUTH,279,1,39,2020-10-06T00:00:00Z,2020-10-07T00:00:00Z,2020.10.06 03:00,NEUTRAL,STABLE_MAPPED_ROW,,False,,503,1,71,2021-05-18T00:00:00Z,2021-05-19T00:00:00Z,NEUTRAL,2021-05-18T00:00:00Z,2021-05-17,0.038,MED,8/8,,false,,False,224,32,0,0,0
BWD,2026092504,-32,SYNTHETIC_PLACEBO_ONLY,False,PROVENANCE_ONLY_NOT_CAUSAL_TRUTH,280,2,40,2020-10-07T00:00:00Z,2020-10-08T00:00:00Z,2020.10.07 03:00,NEUTRAL,STABLE_MAPPED_ROW,,False,,504,2,72,2021-05-19T00:00:00Z,2021-05-20T00:00:00Z,NEUTRAL,2021-05-19T00:00:00Z,2021-05-18,-0.115,MED,8/8,,false,,False,224,32,0,0,0
BWD,2026092504,-32,SYNTHETIC_PLACEBO_ONLY,False,PROVENANCE_ONLY_NOT_CAUSAL_TRUTH,281,3,40,2020-10-08T00:00:00Z,2020-10-09T00:00:00Z,2020.10.08 03:00,RISK_OFF,STABLE_MAPPED_ROW,,False,,505,3,72,2021-05-20T00:00:00Z,2021-05-21T00:00:00Z,RISK_OFF,2021-05-20T00:00:00Z,2021-05-19,-0.308,HIGH,8/8,,false,,False,224,32,0,0,0
BWD,2026092504,-32,SYNTHETIC_PLACEBO_ONLY,False,PROVENANCE_ONLY_NOT_CAUSAL_TRUTH,282,4,40,2020-10-09T00:00:00Z,2020-10-10T00:00:00Z,2020.10.09 03:00,NEUTRAL,STABLE_MAPPED_ROW,,False,,506,4,72,2021-05-21T00:00:00Z,2021-05-22T00:00:00Z,NEUTRAL,2021-05-21T00:00:00Z,2021-05-20,-0.115,MED,8/8,,false,,False,224,32,0,0,0
BWD,2026092504,-32,SYNTHETIC_PLACEBO_ONLY,False,PROVENANCE_ONLY_NOT_CAUSAL_TRUTH,283,5,40,2020-10-10T00:00:00Z,2020-10-11T00:00:00Z,2020.10.10 03:00,RISK_OFF,STABLE_MAPPED_ROW,,False,,507,5,72,2021-05-22T00:00:00Z,2021-05-23T00:00:00Z,RISK_OFF,2021-05-22T00:00:00Z,2021-05-21,-0.308,HIGH,8/8,,false,,False,224,32,0,0,0
BWD,2026092504,-32,SYNTHETIC_PLACEBO_ONLY,False,PROVENANCE_ONLY_NOT_CAUSAL_TRUTH,284,6,40,2020-10-11T00:00:00Z,2020-10-12T00:00:00Z,2020.10.11 03:00,RISK_OFF,STABLE_MAPPED_ROW,,False,,508,6,72,2021-05-23T00:00:00Z,2021-05-24T00:00:00Z,RISK_OFF,2021-05-23T00:00:00Z,2021-05-22,-0.308,HIGH,8/8,,false,,False,224,32,0,0,0
BWD,2026092504,-32,SYNTHETIC_PLACEBO_ONLY,False,PROVENANCE_ONLY_NOT_CAUSAL_TRUTH,285,0,40,2020-10-12T00:00:00Z,2020-10-13T00:00:00Z,2020.10.12 03:00,RISK_OFF,STABLE_MAPPED_ROW,,False,,509,0,72,2021-05-24T00:00:00Z,2021-05-25T00:00:00Z,RISK_OFF,2021-05-24T00:00:00Z,2021-05-23,-0.308,HIGH,8/8,,false,,False,224,32,0,0,0
BWD,2026092504,-32,SYNTHETIC_PLACEBO_ONLY,False,PROVENANCE_ONLY_NOT_CAUSAL_TRUTH,286,1,40,2020-10-13T00:00:00Z,2020-10-14T00:00:00Z,2020.10.13 03:00,NEUTRAL,STABLE_MAPPED_ROW,,False,,510,1,72,2021-05-25T00:00:00Z,2021-05-26T00:00:00Z,NEUTRAL,2021-05-25T00:00:00Z,2021-05-24,-0.077,MED,8/8,,false,,False,224,32,0,0,0
BWD,2026092504,-32,SYNTHETIC_PLACEBO_ONLY,False,PROVENANCE_ONLY_NOT_CAUSAL_TRUTH,287,2,41,2020-10-14T00:00:00Z,2020-10-15T00:00:00Z,2020.10.14 03:00,NEUTRAL,STABLE_MAPPED_ROW,,False,,511,2,73,2021-05-26T00:00:00Z,2021-05-27T00:00:00Z,NEUTRAL,2021-05-26T00:00:00Z,2021-05-25,-0.154,MED,8/8,,false,,False,224,32,0,0,0
BWD,2026092504,-32,SYNTHETIC_PLACEBO_ONLY,False,PROVENANCE_ONLY_NOT_CAUSAL_TRUTH,288,3,41,2020-10-15T00:00:00Z,2020-10-16T00:00:00Z,2020.10.15 03:00,NEUTRAL,STABLE_MAPPED_ROW,,False,,512,3,73,2021-05-27T00:00:00Z,2021-05-28T00:00:00Z,NEUTRAL,2021-05-27T00:00:00Z,2021-05-26,0.192,MED,8/8,,false,,False,224,32,0,0,0
BWD,2026092504,-32,SYNTHETIC_PLACEBO_ONLY,False,PROVENANCE_ONLY_NOT_CAUSAL_TRUTH,289,4,41,2020-10-16T00:00:00Z,2020-10-17T00:00:00Z,2020.10.16 03:00,NEUTRAL,STABLE_MAPPED_ROW,,False,,513,4,73,2021-05-28T00:00:00Z,2021-05-29T00:00:00Z,NEUTRAL,2021-05-28T00:00:00Z,2021-05-27,0.231,MED,8/8,,false,,False,224,32,0,0,0
BWD,2026092504,-32,SYNTHETIC_PLACEBO_ONLY,False,PROVENANCE_ONLY_NOT_CAUSAL_TRUTH,290,5,41,2020-10-17T00:00:00Z,2020-10-18T00:00:00Z,2020.10.17 03:00,NEUTRAL,STABLE_MAPPED_ROW,,False,,514,5,73,2021-05-29T00:00:00Z,2021-05-30T00:00:00Z,NEUTRAL,2021-05-29T00:00:00Z,2021-05-28,0.231,MED,8/8,,false,,False,224,32,0,0,0
BWD,2026092504,-32,SYNTHETIC_PLACEBO_ONLY,False,PROVENANCE_ONLY_NOT_CAUSAL_TRUTH,291,6,41,2020-10-18T00:00:00Z,2020-10-19T00:00:00Z,2020.10.18 03:00,NEUTRAL,STABLE_MAPPED_ROW,,False,,515,6,73,2021-05-30T00:00:00Z,2021-05-31T00:00:00Z,NEUTRAL,2021-05-30T00:00:00Z,2021-05-29,0.154,MED,8/8,,false,,False,224,32,0,0,0
BWD,2026092504,-32,SYNTHETIC_PLACEBO_ONLY,False,PROVENANCE_ONLY_NOT_CAUSAL_TRUTH,292,0,41,2020-10-19T00:00:00Z,2020-10-20T00:00:00Z,2020.10.19 03:00,NEUTRAL,STABLE_MAPPED_ROW,,False,,516,0,73,2021-05-31T00:00:00Z,2021-06-01T00:00:00Z,NEUTRAL,2021-05-31T00:00:00Z,2021-05-30,0.154,MED,8/8,,false,,False,224,32,0,0,0
BWD,2026092504,-32,SYNTHETIC_PLACEBO_ONLY,False,PROVENANCE_ONLY_NOT_CAUSAL_TRUTH,293,1,41,2020-10-20T00:00:00Z,2020-10-21T00:00:00Z,2020.10.20 03:00,NEUTRAL,STABLE_MAPPED_ROW,,False,,517,1,73,2021-06-01T00:00:00Z,2021-06-02T00:00:00Z,NEUTRAL,2021-06-01T00:00:00Z,2021-05-31,0.154,MED,8/8,,false,,False,224,32,0,0,0
BWD,2026092504,-32,SYNTHETIC_PLACEBO_ONLY,False,PROVENANCE_ONLY_NOT_CAUSAL_TRUTH,294,2,42,2020-10-21T00:00:00Z,2020-10-22T00:00:00Z,2020.10.21 03:00,NEUTRAL,STABLE_MAPPED_ROW,,False,,518,2,74,2021-06-02T00:00:00Z,2021-06-03T00:00:00Z,NEUTRAL,2021-06-02T00:00:00Z,2021-06-01,0.154,MED,8/8,,false,,False,224,32,0,0,0
BWD,2026092504,-32,SYNTHETIC_PLACEBO_ONLY,False,PROVENANCE_ONLY_NOT_CAUSAL_TRUTH,295,3,42,2020-10-22T00:00:00Z,2020-10-23T00:00:00Z,2020.10.22 03:00,NEUTRAL,STABLE_MAPPED_ROW,,False,,519,3,74,2021-06-03T00:00:00Z,2021-06-04T00:00:00Z,NEUTRAL,2021-06-03T00:00:00Z,2021-06-02,0.231,MED,8/8,,false,,False,224,32,0,0,0
BWD,2026092504,-32,SYNTHETIC_PLACEBO_ONLY,False,PROVENANCE_ONLY_NOT_CAUSAL_TRUTH,296,4,42,2020-10-23T00:00:00Z,2020-10-24T00:00:00Z,2020.10.23 03:00,NEUTRAL,STABLE_MAPPED_ROW,,False,,520,4,74,2021-06-04T00:00:00Z,2021-06-05T00:00:00Z,NEUTRAL,2021-06-04T00:00:00Z,2021-06-03,0.077,MED,8/8,,false,,False,224,32,0,0,0
BWD,2026092504,-32,SYNTHETIC_PLACEBO_ONLY,False,PROVENANCE_ONLY_NOT_CAUSAL_TRUTH,297,5,42,2020-10-24T00:00:00Z,2020-10-25T00:00:00Z,2020.10.24 03:00,NEUTRAL,STABLE_MAPPED_ROW,,False,,521,5,74,2021-06-05T00:00:00Z,2021-06-06T00:00:00Z,NEUTRAL,2021-06-05T00:00:00Z,2021-06-04,0.077,MED,8/8,,false,,False,224,32,0,0,0
BWD,2026092504,-32,SYNTHETIC_PLACEBO_ONLY,False,PROVENANCE_ONLY_NOT_CAUSAL_TRUTH,298,6,42,2020-10-25T00:00:00Z,2020-10-26T00:00:00Z,2020.10.25 03:00,NEUTRAL,STABLE_MAPPED_ROW,,False,,522,6,74,2021-06-06T00:00:00Z,2021-06-07T00:00:00Z,NEUTRAL,2021-06-06T00:00:00Z,2021-06-05,0,MED,8/8,,false,,False,224,32,0,0,0
BWD,2026092504,-32,SYNTHETIC_PLACEBO_ONLY,False,PROVENANCE_ONLY_NOT_CAUSAL_TRUTH,299,0,42,2020-10-26T00:00:00Z,2020-10-27T00:00:00Z,2020.10.26 03:00,NEUTRAL,STABLE_MAPPED_ROW,,False,,523,0,74,2021-06-07T00:00:00Z,2021-06-08T00:00:00Z,NEUTRAL,2021-06-07T00:00:00Z,2021-06-06,0.192,MED,8/8,,false,,False,224,32,0,0,0
BWD,2026092504,-32,SYNTHETIC_PLACEBO_ONLY,False,PROVENANCE_ONLY_NOT_CAUSAL_TRUTH,300,1,42,2020-10-27T00:00:00Z,2020-10-28T00:00:00Z,2020.10.27 03:00,NEUTRAL,STABLE_MAPPED_ROW,,False,,524,1,74,2021-06-08T00:00:00Z,2021-06-09T00:00:00Z,NEUTRAL,2021-06-08T00:00:00Z,2021-06-07,-0.154,MED,8/8,,false,,False,224,32,0,0,0
BWD,2026092504,-32,SYNTHETIC_PLACEBO_ONLY,False,PROVENANCE_ONLY_NOT_CAUSAL_TRUTH,301,2,43,2020-10-28T00:00:00Z,2020-10-29T00:00:00Z,2020.10.28 03:00,NEUTRAL,STABLE_MAPPED_ROW,,False,,525,2,75,2021-06-09T00:00:00Z,2021-06-10T00:00:00Z,NEUTRAL,2021-06-09T00:00:00Z,2021-06-08,0,MED,8/8,,false,,False,224,32,0,0,0
BWD,2026092504,-32,SYNTHETIC_PLACEBO_ONLY,False,PROVENANCE_ONLY_NOT_CAUSAL_TRUTH,302,3,43,2020-10-29T00:00:00Z,2020-10-30T00:00:00Z,2020.10.29 03:00,NEUTRAL,STABLE_MAPPED_ROW,,False,,526,3,75,2021-06-10T00:00:00Z,2021-06-11T00:00:00Z,NEUTRAL,2021-06-10T00:00:00Z,2021-06-09,0.077,MED,8/8,,false,,False,224,32,0,0,0
BWD,2026092504,-32,SYNTHETIC_PLACEBO_ONLY,False,PROVENANCE_ONLY_NOT_CAUSAL_TRUTH,303,4,43,2020-10-30T00:00:00Z,2020-10-31T00:00:00Z,2020.10.30 03:00,NEUTRAL,STABLE_MAPPED_ROW,,False,,527,4,75,2021-06-11T00:00:00Z,2021-06-12T00:00:00Z,NEUTRAL,2021-06-11T00:00:00Z,2021-06-10,0.077,MED,8/8,,false,,False,224,32,0,0,0
BWD,2026092504,-32,SYNTHETIC_PLACEBO_ONLY,False,PROVENANCE_ONLY_NOT_CAUSAL_TRUTH,304,5,43,2020-10-31T00:00:00Z,2020-11-01T00:00:00Z,2020.10.31 03:00,NEUTRAL,STABLE_MAPPED_ROW,,False,,528,5,75,2021-06-12T00:00:00Z,2021-06-13T00:00:00Z,NEUTRAL,2021-06-12T00:00:00Z,2021-06-11,0.231,MED,8/8,,false,,False,224,32,0,0,0
BWD,2026092504,-32,SYNTHETIC_PLACEBO_ONLY,False,PROVENANCE_ONLY_NOT_CAUSAL_TRUTH,305,6,43,2020-11-01T00:00:00Z,2020-11-02T00:00:00Z,2020.11.01 00:00,UNKNOWN,TRANSITION_UNKNOWN_BOUNDARY_MARKER,2020-11-01,True,2020.11.02 02:00,529,6,75,2021-06-13T00:00:00Z,2021-06-14T00:00:00Z,NEUTRAL,2021-06-13T00:00:00Z,2021-06-12,0.231,MED,8/8,,false,,False,224,32,0,0,0
BWD,2026092504,-32,SYNTHETIC_PLACEBO_ONLY,False,PROVENANCE_ONLY_NOT_CAUSAL_TRUTH,306,0,43,2020-11-02T00:00:00Z,2020-11-03T00:00:00Z,2020.11.02 02:00,NEUTRAL,STABLE_MAPPED_ROW,,False,,530,0,75,2021-06-14T00:00:00Z,2021-06-15T00:00:00Z,NEUTRAL,2021-06-14T00:00:00Z,2021-06-13,0.115,MED,8/8,,false,,False,224,32,0,0,0
BWD,2026092504,-32,SYNTHETIC_PLACEBO_ONLY,False,PROVENANCE_ONLY_NOT_CAUSAL_TRUTH,307,1,43,2020-11-03T00:00:00Z,2020-11-04T00:00:00Z,2020.11.03 02:00,NEUTRAL,STABLE_MAPPED_ROW,,False,,531,1,75,2021-06-15T00:00:00Z,2021-06-16T00:00:00Z,NEUTRAL,2021-06-15T00:00:00Z,2021-06-14,0.192,MED,8/8,,false,,False,224,32,0,0,0
BWD,2026092504,-32,SYNTHETIC_PLACEBO_ONLY,False,PROVENANCE_ONLY_NOT_CAUSAL_TRUTH,308,2,44,2020-11-04T00:00:00Z,2020-11-05T00:00:00Z,2020.11.04 02:00,NEUTRAL,STABLE_MAPPED_ROW,,False,,532,2,76,2021-06-16T00:00:00Z,2021-06-17T00:00:00Z,NEUTRAL,2021-06-16T00:00:00Z,2021-06-15,-0.077,MED,8/8,,false,,False,224,32,0,0,0
BWD,2026092504,-32,SYNTHETIC_PLACEBO_ONLY,False,PROVENANCE_ONLY_NOT_CAUSAL_TRUTH,309,3,44,2020-11-05T00:00:00Z,2020-11-06T00:00:00Z,2020.11.05 02:00,NEUTRAL,STABLE_MAPPED_ROW,,False,,533,3,76,2021-06-17T00:00:00Z,2021-06-18T00:00:00Z,NEUTRAL,2021-06-17T00:00:00Z,2021-06-16,-0.077,MED,8/8,,false,,False,224,32,0,0,0
BWD,2026092504,-32,SYNTHETIC_PLACEBO_ONLY,False,PROVENANCE_ONLY_NOT_CAUSAL_TRUTH,310,4,44,2020-11-06T00:00:00Z,2020-11-07T00:00:00Z,2020.11.06 02:00,NEUTRAL,STABLE_MAPPED_ROW,,False,,534,4,76,2021-06-18T00:00:00Z,2021-06-19T00:00:00Z,NEUTRAL,2021-06-18T00:00:00Z,2021-06-17,-0.154,HIGH,8/8,,false,,False,224,32,0,0,0
BWD,2026092504,-32,SYNTHETIC_PLACEBO_ONLY,False,PROVENANCE_ONLY_NOT_CAUSAL_TRUTH,311,5,44,2020-11-07T00:00:00Z,2020-11-08T00:00:00Z,2020.11.07 02:00,RISK_OFF,STABLE_MAPPED_ROW,,False,,535,5,76,2021-06-19T00:00:00Z,2021-06-20T00:00:00Z,RISK_OFF,2021-06-19T00:00:00Z,2021-06-18,-0.385,HIGH,8/8,,false,,False,224,32,0,0,0
BWD,2026092504,-32,SYNTHETIC_PLACEBO_ONLY,False,PROVENANCE_ONLY_NOT_CAUSAL_TRUTH,312,6,44,2020-11-08T00:00:00Z,2020-11-09T00:00:00Z,2020.11.08 02:00,RISK_OFF,STABLE_MAPPED_ROW,,False,,536,6,76,2021-06-20T00:00:00Z,2021-06-21T00:00:00Z,RISK_OFF,2021-06-20T00:00:00Z,2021-06-19,-0.385,HIGH,8/8,,false,,False,224,32,0,0,0
BWD,2026092504,-32,SYNTHETIC_PLACEBO_ONLY,False,PROVENANCE_ONLY_NOT_CAUSAL_TRUTH,313,0,44,2020-11-09T00:00:00Z,2020-11-10T00:00:00Z,2020.11.09 02:00,RISK_OFF,STABLE_MAPPED_ROW,,False,,537,0,76,2021-06-21T00:00:00Z,2021-06-22T00:00:00Z,RISK_OFF,2021-06-21T00:00:00Z,2021-06-20,-0.846,HIGH,8/8,,false,,False,224,32,0,0,0
BWD,2026092504,-32,SYNTHETIC_PLACEBO_ONLY,False,PROVENANCE_ONLY_NOT_CAUSAL_TRUTH,314,1,44,2020-11-10T00:00:00Z,2020-11-11T00:00:00Z,2020.11.10 02:00,NEUTRAL,STABLE_MAPPED_ROW,,False,,538,1,76,2021-06-22T00:00:00Z,2021-06-23T00:00:00Z,NEUTRAL,2021-06-22T00:00:00Z,2021-06-21,-0.154,MED,8/8,,false,,False,224,32,0,0,0
BWD,2026092504,-32,SYNTHETIC_PLACEBO_ONLY,False,PROVENANCE_ONLY_NOT_CAUSAL_TRUTH,315,2,45,2020-11-11T00:00:00Z,2020-11-12T00:00:00Z,2020.11.11 02:00,NEUTRAL,STABLE_MAPPED_ROW,,False,,539,2,77,2021-06-23T00:00:00Z,2021-06-24T00:00:00Z,NEUTRAL,2021-06-23T00:00:00Z,2021-06-22,0,MED,8/8,,false,,False,224,32,0,0,0
BWD,2026092504,-32,SYNTHETIC_PLACEBO_ONLY,False,PROVENANCE_ONLY_NOT_CAUSAL_TRUTH,316,3,45,2020-11-12T00:00:00Z,2020-11-13T00:00:00Z,2020.11.12 02:00,NEUTRAL,STABLE_MAPPED_ROW,,False,,540,3,77,2021-06-24T00:00:00Z,2021-06-25T00:00:00Z,NEUTRAL,2021-06-24T00:00:00Z,2021-06-23,0,MED,8/8,,false,,False,224,32,0,0,0
BWD,2026092504,-32,SYNTHETIC_PLACEBO_ONLY,False,PROVENANCE_ONLY_NOT_CAUSAL_TRUTH,317,4,45,2020-11-13T00:00:00Z,2020-11-14T00:00:00Z,2020.11.13 02:00,NEUTRAL,STABLE_MAPPED_ROW,,False,,541,4,77,2021-06-25T00:00:00Z,2021-06-26T00:00:00Z,NEUTRAL,2021-06-25T00:00:00Z,2021-06-24,0.231,MED,8/8,,false,,False,224,32,0,0,0
BWD,2026092504,-32,SYNTHETIC_PLACEBO_ONLY,False,PROVENANCE_ONLY_NOT_CAUSAL_TRUTH,318,5,45,2020-11-14T00:00:00Z,2020-11-15T00:00:00Z,2020.11.14 02:00,NEUTRAL,STABLE_MAPPED_ROW,,False,,542,5,77,2021-06-26T00:00:00Z,2021-06-27T00:00:00Z,NEUTRAL,2021-06-26T00:00:00Z,2021-06-25,0.154,MED,8/8,,false,,False,224,32,0,0,0
BWD,2026092504,-32,SYNTHETIC_PLACEBO_ONLY,False,PROVENANCE_ONLY_NOT_CAUSAL_TRUTH,319,6,45,2020-11-15T00:00:00Z,2020-11-16T00:00:00Z,2020.11.15 02:00,NEUTRAL,STABLE_MAPPED_ROW,,False,,543,6,77,2021-06-27T00:00:00Z,2021-06-28T00:00:00Z,NEUTRAL,2021-06-27T00:00:00Z,2021-06-26,0.231,MED,8/8,,false,,False,224,32,0,0,0
BWD,2026092504,-32,SYNTHETIC_PLACEBO_ONLY,False,PROVENANCE_ONLY_NOT_CAUSAL_TRUTH,320,0,45,2020-11-16T00:00:00Z,2020-11-17T00:00:00Z,2020.11.16 02:00,NEUTRAL,STABLE_MAPPED_ROW,,False,,544,0,77,2021-06-28T00:00:00Z,2021-06-29T00:00:00Z,NEUTRAL,2021-06-28T00:00:00Z,2021-06-27,0.231,MED,8/8,,false,,False,224,32,0,0,0
BWD,2026092504,-32,SYNTHETIC_PLACEBO_ONLY,False,PROVENANCE_ONLY_NOT_CAUSAL_TRUTH,321,1,45,2020-11-17T00:00:00Z,2020-11-18T00:00:00Z,2020.11.17 02:00,NEUTRAL,STABLE_MAPPED_ROW,,False,,545,1,77,2021-06-29T00:00:00Z,2021-06-30T00:00:00Z,NEUTRAL,2021-06-29T00:00:00Z,2021-06-28,0.231,MED,8/8,,false,,False,224,32,0,0,0
BWD,2026092504,-32,SYNTHETIC_PLACEBO_ONLY,False,PROVENANCE_ONLY_NOT_CAUSAL_TRUTH,322,2,46,2020-11-18T00:00:00Z,2020-11-19T00:00:00Z,2020.11.18 02:00,NEUTRAL,STABLE_MAPPED_ROW,,False,,546,2,78,2021-06-30T00:00:00Z,2021-07-01T00:00:00Z,NEUTRAL,2021-06-30T00:00:00Z,2021-06-29,0.115,MED,8/8,,false,,False,224,32,0,0,0
BWD,2026092504,-32,SYNTHETIC_PLACEBO_ONLY,False,PROVENANCE_ONLY_NOT_CAUSAL_TRUTH,323,3,46,2020-11-19T00:00:00Z,2020-11-20T00:00:00Z,2020.11.19 02:00,NEUTRAL,STABLE_MAPPED_ROW,,False,,547,3,78,2021-07-01T00:00:00Z,2021-07-02T00:00:00Z,NEUTRAL,2021-07-01T00:00:00Z,2021-06-30,0.077,MED,8/8,,false,,False,224,32,0,0,0
BWD,2026092504,-32,SYNTHETIC_PLACEBO_ONLY,False,PROVENANCE_ONLY_NOT_CAUSAL_TRUTH,324,4,46,2020-11-20T00:00:00Z,2020-11-21T00:00:00Z,2020.11.20 02:00,NEUTRAL,STABLE_MAPPED_ROW,,False,,548,4,78,2021-07-02T00:00:00Z,2021-07-03T00:00:00Z,NEUTRAL,2021-07-02T00:00:00Z,2021-07-01,0.077,MED,8/8,,false,,False,224,32,0,0,0
BWD,2026092504,-32,SYNTHETIC_PLACEBO_ONLY,False,PROVENANCE_ONLY_NOT_CAUSAL_TRUTH,325,5,46,2020-11-21T00:00:00Z,2020-11-22T00:00:00Z,2020.11.21 02:00,NEUTRAL,STABLE_MAPPED_ROW,,False,,549,5,78,2021-07-03T00:00:00Z,2021-07-04T00:00:00Z,NEUTRAL,2021-07-03T00:00:00Z,2021-07-02,0.077,MED,8/8,,false,,False,224,32,0,0,0
BWD,2026092504,-32,SYNTHETIC_PLACEBO_ONLY,False,PROVENANCE_ONLY_NOT_CAUSAL_TRUTH,326,6,46,2020-11-22T00:00:00Z,2020-11-23T00:00:00Z,2020.11.22 02:00,NEUTRAL,STABLE_MAPPED_ROW,,False,,550,6,78,2021-07-04T00:00:00Z,2021-07-05T00:00:00Z,NEUTRAL,2021-07-04T00:00:00Z,2021-07-03,0.077,MED,8/8,,false,,False,224,32,0,0,0
BWD,2026092504,-32,SYNTHETIC_PLACEBO_ONLY,False,PROVENANCE_ONLY_NOT_CAUSAL_TRUTH,327,0,46,2020-11-23T00:00:00Z,2020-11-24T00:00:00Z,2020.11.23 02:00,NEUTRAL,STABLE_MAPPED_ROW,,False,,551,0,78,2021-07-05T00:00:00Z,2021-07-06T00:00:00Z,NEUTRAL,2021-07-05T00:00:00Z,2021-07-04,0.077,MED,8/8,,false,,False,224,32,0,0,0
BWD,2026092504,-32,SYNTHETIC_PLACEBO_ONLY,False,PROVENANCE_ONLY_NOT_CAUSAL_TRUTH,328,1,46,2020-11-24T00:00:00Z,2020-11-25T00:00:00Z,2020.11.24 02:00,NEUTRAL,STABLE_MAPPED_ROW,,False,,552,1,78,2021-07-06T00:00:00Z,2021-07-07T00:00:00Z,NEUTRAL,2021-07-06T00:00:00Z,2021-07-05,0,MED,8/8,,false,,False,224,32,0,0,0
BWD,2026092504,-32,SYNTHETIC_PLACEBO_ONLY,False,PROVENANCE_ONLY_NOT_CAUSAL_TRUTH,329,2,47,2020-11-25T00:00:00Z,2020-11-26T00:00:00Z,2020.11.25 02:00,NEUTRAL,STABLE_MAPPED_ROW,,False,,553,2,79,2021-07-07T00:00:00Z,2021-07-08T00:00:00Z,NEUTRAL,2021-07-07T00:00:00Z,2021-07-06,0.077,MED,8/8,,false,,False,224,32,0,0,0
BWD,2026092504,-32,SYNTHETIC_PLACEBO_ONLY,False,PROVENANCE_ONLY_NOT_CAUSAL_TRUTH,330,3,47,2020-11-26T00:00:00Z,2020-11-27T00:00:00Z,2020.11.26 02:00,NEUTRAL,STABLE_MAPPED_ROW,,False,,554,3,79,2021-07-08T00:00:00Z,2021-07-09T00:00:00Z,NEUTRAL,2021-07-08T00:00:00Z,2021-07-07,-0.038,MED,8/8,,false,,False,224,32,0,0,0
BWD,2026092504,-32,SYNTHETIC_PLACEBO_ONLY,False,PROVENANCE_ONLY_NOT_CAUSAL_TRUTH,331,4,47,2020-11-27T00:00:00Z,2020-11-28T00:00:00Z,2020.11.27 02:00,RISK_OFF,STABLE_MAPPED_ROW,,False,,555,4,79,2021-07-09T00:00:00Z,2021-07-10T00:00:00Z,RISK_OFF,2021-07-09T00:00:00Z,2021-07-08,-0.538,MED,8/8,,false,,False,224,32,0,0,0
BWD,2026092504,-32,SYNTHETIC_PLACEBO_ONLY,False,PROVENANCE_ONLY_NOT_CAUSAL_TRUTH,332,5,47,2020-11-28T00:00:00Z,2020-11-29T00:00:00Z,2020.11.28 02:00,RISK_OFF,STABLE_MAPPED_ROW,,False,,556,5,79,2021-07-10T00:00:00Z,2021-07-11T00:00:00Z,RISK_OFF,2021-07-10T00:00:00Z,2021-07-09,-0.269,MED,8/8,,false,,False,224,32,0,0,0
BWD,2026092504,-32,SYNTHETIC_PLACEBO_ONLY,False,PROVENANCE_ONLY_NOT_CAUSAL_TRUTH,333,6,47,2020-11-29T00:00:00Z,2020-11-30T00:00:00Z,2020.11.29 02:00,NEUTRAL,STABLE_MAPPED_ROW,,False,,557,6,79,2021-07-11T00:00:00Z,2021-07-12T00:00:00Z,NEUTRAL,2021-07-11T00:00:00Z,2021-07-10,-0.192,MED,8/8,,false,,False,224,32,0,0,0
BWD,2026092504,-32,SYNTHETIC_PLACEBO_ONLY,False,PROVENANCE_ONLY_NOT_CAUSAL_TRUTH,334,0,47,2020-11-30T00:00:00Z,2020-12-01T00:00:00Z,2020.11.30 02:00,NEUTRAL,STABLE_MAPPED_ROW,,False,,558,0,79,2021-07-12T00:00:00Z,2021-07-13T00:00:00Z,NEUTRAL,2021-07-12T00:00:00Z,2021-07-11,0.115,MED,8/8,,false,,False,224,32,0,0,0
BWD,2026092504,-32,SYNTHETIC_PLACEBO_ONLY,False,PROVENANCE_ONLY_NOT_CAUSAL_TRUTH,335,1,47,2020-12-01T00:00:00Z,2020-12-02T00:00:00Z,2020.12.01 02:00,NEUTRAL,STABLE_MAPPED_ROW,,False,,559,1,79,2021-07-13T00:00:00Z,2021-07-14T00:00:00Z,NEUTRAL,2021-07-13T00:00:00Z,2021-07-12,0.115,MED,8/8,,false,,False,224,32,0,0,0
BWD,2026092504,-32,SYNTHETIC_PLACEBO_ONLY,False,PROVENANCE_ONLY_NOT_CAUSAL_TRUTH,336,2,48,2020-12-02T00:00:00Z,2020-12-03T00:00:00Z,2020.12.02 02:00,NEUTRAL,STABLE_MAPPED_ROW,,False,,560,2,80,2021-07-14T00:00:00Z,2021-07-15T00:00:00Z,NEUTRAL,2021-07-14T00:00:00Z,2021-07-13,0.115,MED,8/8,,false,,False,224,32,0,0,0
BWD,2026092504,-32,SYNTHETIC_PLACEBO_ONLY,False,PROVENANCE_ONLY_NOT_CAUSAL_TRUTH,337,3,48,2020-12-03T00:00:00Z,2020-12-04T00:00:00Z,2020.12.03 02:00,NEUTRAL,STABLE_MAPPED_ROW,,False,,561,3,80,2021-07-15T00:00:00Z,2021-07-16T00:00:00Z,NEUTRAL,2021-07-15T00:00:00Z,2021-07-14,0.077,MED,8/8,,false,,False,224,32,0,0,0
BWD,2026092504,-32,SYNTHETIC_PLACEBO_ONLY,False,PROVENANCE_ONLY_NOT_CAUSAL_TRUTH,338,4,48,2020-12-04T00:00:00Z,2020-12-05T00:00:00Z,2020.12.04 02:00,NEUTRAL,STABLE_MAPPED_ROW,,False,,562,4,80,2021-07-16T00:00:00Z,2021-07-17T00:00:00Z,NEUTRAL,2021-07-16T00:00:00Z,2021-07-15,0.038,MED,8/8,,false,,False,224,32,0,0,0
BWD,2026092504,-32,SYNTHETIC_PLACEBO_ONLY,False,PROVENANCE_ONLY_NOT_CAUSAL_TRUTH,339,5,48,2020-12-05T00:00:00Z,2020-12-06T00:00:00Z,2020.12.05 02:00,NEUTRAL,STABLE_MAPPED_ROW,,False,,563,5,80,2021-07-17T00:00:00Z,2021-07-18T00:00:00Z,NEUTRAL,2021-07-17T00:00:00Z,2021-07-16,0,MED,8/8,,false,,False,224,32,0,0,0
BWD,2026092504,-32,SYNTHETIC_PLACEBO_ONLY,False,PROVENANCE_ONLY_NOT_CAUSAL_TRUTH,340,6,48,2020-12-06T00:00:00Z,2020-12-07T00:00:00Z,2020.12.06 02:00,NEUTRAL,STABLE_MAPPED_ROW,,False,,564,6,80,2021-07-18T00:00:00Z,2021-07-19T00:00:00Z,NEUTRAL,2021-07-18T00:00:00Z,2021-07-17,0,MED,8/8,,false,,False,224,32,0,0,0
BWD,2026092504,-32,SYNTHETIC_PLACEBO_ONLY,False,PROVENANCE_ONLY_NOT_CAUSAL_TRUTH,341,0,48,2020-12-07T00:00:00Z,2020-12-08T00:00:00Z,2020.12.07 02:00,NEUTRAL,STABLE_MAPPED_ROW,,False,,565,0,80,2021-07-19T00:00:00Z,2021-07-20T00:00:00Z,NEUTRAL,2021-07-19T00:00:00Z,2021-07-18,0.077,MED,8/8,,false,,False,224,32,0,0,0
BWD,2026092504,-32,SYNTHETIC_PLACEBO_ONLY,False,PROVENANCE_ONLY_NOT_CAUSAL_TRUTH,342,1,48,2020-12-08T00:00:00Z,2020-12-09T00:00:00Z,2020.12.08 02:00,RISK_OFF,STABLE_MAPPED_ROW,,False,,566,1,80,2021-07-20T00:00:00Z,2021-07-21T00:00:00Z,RISK_OFF,2021-07-20T00:00:00Z,2021-07-19,-0.654,HIGH,8/8,,false,,False,224,32,0,0,0
BWD,2026092504,-32,SYNTHETIC_PLACEBO_ONLY,False,PROVENANCE_ONLY_NOT_CAUSAL_TRUTH,343,2,49,2020-12-09T00:00:00Z,2020-12-10T00:00:00Z,2020.12.09 02:00,RISK_OFF,STABLE_MAPPED_ROW,,False,,567,2,81,2021-07-21T00:00:00Z,2021-07-22T00:00:00Z,RISK_OFF,2021-07-21T00:00:00Z,2021-07-20,-0.5,HIGH,8/8,,false,,False,224,32,0,0,0
BWD,2026092504,-32,SYNTHETIC_PLACEBO_ONLY,False,PROVENANCE_ONLY_NOT_CAUSAL_TRUTH,344,3,49,2020-12-10T00:00:00Z,2020-12-11T00:00:00Z,2020.12.10 02:00,NEUTRAL,STABLE_MAPPED_ROW,,False,,568,3,81,2021-07-22T00:00:00Z,2021-07-23T00:00:00Z,NEUTRAL,2021-07-22T00:00:00Z,2021-07-21,-0.231,MED,8/8,,false,,False,224,32,0,0,0
BWD,2026092504,-32,SYNTHETIC_PLACEBO_ONLY,False,PROVENANCE_ONLY_NOT_CAUSAL_TRUTH,345,4,49,2020-12-11T00:00:00Z,2020-12-12T00:00:00Z,2020.12.11 02:00,NEUTRAL,STABLE_MAPPED_ROW,,False,,569,4,81,2021-07-23T00:00:00Z,2021-07-24T00:00:00Z,NEUTRAL,2021-07-23T00:00:00Z,2021-07-22,0.115,MED,8/8,,false,,False,224,32,0,0,0
BWD,2026092504,-32,SYNTHETIC_PLACEBO_ONLY,False,PROVENANCE_ONLY_NOT_CAUSAL_TRUTH,346,5,49,2020-12-12T00:00:00Z,2020-12-13T00:00:00Z,2020.12.12 02:00,NEUTRAL,STABLE_MAPPED_ROW,,False,,570,5,81,2021-07-24T00:00:00Z,2021-07-25T00:00:00Z,NEUTRAL,2021-07-24T00:00:00Z,2021-07-23,0.115,MED,8/8,,false,,False,224,32,0,0,0
BWD,2026092504,-32,SYNTHETIC_PLACEBO_ONLY,False,PROVENANCE_ONLY_NOT_CAUSAL_TRUTH,347,6,49,2020-12-13T00:00:00Z,2020-12-14T00:00:00Z,2020.12.13 02:00,NEUTRAL,STABLE_MAPPED_ROW,,False,,571,6,81,2021-07-25T00:00:00Z,2021-07-26T00:00:00Z,NEUTRAL,2021-07-25T00:00:00Z,2021-07-24,0.115,MED,8/8,,false,,False,224,32,0,0,0
BWD,2026092504,-32,SYNTHETIC_PLACEBO_ONLY,False,PROVENANCE_ONLY_NOT_CAUSAL_TRUTH,348,0,49,2020-12-14T00:00:00Z,2020-12-15T00:00:00Z,2020.12.14 02:00,NEUTRAL,STABLE_MAPPED_ROW,,False,,572,0,81,2021-07-26T00:00:00Z,2021-07-27T00:00:00Z,NEUTRAL,2021-07-26T00:00:00Z,2021-07-25,0.231,MED,8/8,,false,,False,224,32,0,0,0
BWD,2026092504,-32,SYNTHETIC_PLACEBO_ONLY,False,PROVENANCE_ONLY_NOT_CAUSAL_TRUTH,349,1,49,2020-12-15T00:00:00Z,2020-12-16T00:00:00Z,2020.12.15 02:00,NEUTRAL,STABLE_MAPPED_ROW,,False,,573,1,81,2021-07-27T00:00:00Z,2021-07-28T00:00:00Z,NEUTRAL,2021-07-27T00:00:00Z,2021-07-26,0.231,MED,8/8,,false,,False,224,32,0,0,0
BWD,2026092504,-32,SYNTHETIC_PLACEBO_ONLY,False,PROVENANCE_ONLY_NOT_CAUSAL_TRUTH,350,2,50,2020-12-16T00:00:00Z,2020-12-17T00:00:00Z,2020.12.16 02:00,NEUTRAL,STABLE_MAPPED_ROW,,False,,574,2,82,2021-07-28T00:00:00Z,2021-07-29T00:00:00Z,NEUTRAL,2021-07-28T00:00:00Z,2021-07-27,-0.231,MED,8/8,,false,,False,224,32,0,0,0
BWD,2026092504,-32,SYNTHETIC_PLACEBO_ONLY,False,PROVENANCE_ONLY_NOT_CAUSAL_TRUTH,351,3,50,2020-12-17T00:00:00Z,2020-12-18T00:00:00Z,2020.12.17 02:00,NEUTRAL,STABLE_MAPPED_ROW,,False,,575,3,82,2021-07-29T00:00:00Z,2021-07-30T00:00:00Z,NEUTRAL,2021-07-29T00:00:00Z,2021-07-28,-0.231,MED,8/8,,false,,False,224,32,0,0,0
BWD,2026092504,-32,SYNTHETIC_PLACEBO_ONLY,False,PROVENANCE_ONLY_NOT_CAUSAL_TRUTH,352,4,50,2020-12-18T00:00:00Z,2020-12-19T00:00:00Z,2020.12.18 02:00,NEUTRAL,STABLE_MAPPED_ROW,,False,,576,4,82,2021-07-30T00:00:00Z,2021-07-31T00:00:00Z,NEUTRAL,2021-07-30T00:00:00Z,2021-07-29,-0.231,MED,8/8,,false,,False,224,32,0,0,0
BWD,2026092504,-32,SYNTHETIC_PLACEBO_ONLY,False,PROVENANCE_ONLY_NOT_CAUSAL_TRUTH,353,5,50,2020-12-19T00:00:00Z,2020-12-20T00:00:00Z,2020.12.19 02:00,NEUTRAL,STABLE_MAPPED_ROW,,False,,577,5,82,2021-07-31T00:00:00Z,2021-08-01T00:00:00Z,NEUTRAL,2021-07-31T00:00:00Z,2021-07-30,-0.231,MED,8/8,,false,,False,224,32,0,0,0
BWD,2026092504,-32,SYNTHETIC_PLACEBO_ONLY,False,PROVENANCE_ONLY_NOT_CAUSAL_TRUTH,354,6,50,2020-12-20T00:00:00Z,2020-12-21T00:00:00Z,2020.12.20 02:00,NEUTRAL,STABLE_MAPPED_ROW,,False,,578,6,82,2021-08-01T00:00:00Z,2021-08-02T00:00:00Z,NEUTRAL,2021-08-01T00:00:00Z,2021-07-31,-0.231,MED,8/8,,false,,False,224,32,0,0,0
BWD,2026092504,-32,SYNTHETIC_PLACEBO_ONLY,False,PROVENANCE_ONLY_NOT_CAUSAL_TRUTH,355,0,50,2020-12-21T00:00:00Z,2020-12-22T00:00:00Z,2020.12.21 02:00,NEUTRAL,STABLE_MAPPED_ROW,,False,,579,0,82,2021-08-02T00:00:00Z,2021-08-03T00:00:00Z,NEUTRAL,2021-08-02T00:00:00Z,2021-08-01,-0.231,MED,8/8,,false,,False,224,32,0,0,0
BWD,2026092504,-32,SYNTHETIC_PLACEBO_ONLY,False,PROVENANCE_ONLY_NOT_CAUSAL_TRUTH,356,1,50,2020-12-22T00:00:00Z,2020-12-23T00:00:00Z,2020.12.22 02:00,RISK_OFF,STABLE_MAPPED_ROW,,False,,580,1,82,2021-08-03T00:00:00Z,2021-08-04T00:00:00Z,RISK_OFF,2021-08-03T00:00:00Z,2021-08-02,-0.5,HIGH,8/8,,false,,False,224,32,0,0,0
BWD,2026092504,-32,SYNTHETIC_PLACEBO_ONLY,False,PROVENANCE_ONLY_NOT_CAUSAL_TRUTH,357,2,51,2020-12-23T00:00:00Z,2020-12-24T00:00:00Z,2020.12.23 02:00,RISK_OFF,STABLE_MAPPED_ROW,,False,,581,2,83,2021-08-04T00:00:00Z,2021-08-05T00:00:00Z,RISK_OFF,2021-08-04T00:00:00Z,2021-08-03,-0.5,HIGH,8/8,,false,,False,224,32,0,0,0
BWD,2026092504,-32,SYNTHETIC_PLACEBO_ONLY,False,PROVENANCE_ONLY_NOT_CAUSAL_TRUTH,358,3,51,2020-12-24T00:00:00Z,2020-12-25T00:00:00Z,2020.12.24 02:00,RISK_OFF,STABLE_MAPPED_ROW,,False,,582,3,83,2021-08-05T00:00:00Z,2021-08-06T00:00:00Z,RISK_OFF,2021-08-05T00:00:00Z,2021-08-04,-0.5,HIGH,8/8,,false,,False,224,32,0,0,0
BWD,2026092504,-32,SYNTHETIC_PLACEBO_ONLY,False,PROVENANCE_ONLY_NOT_CAUSAL_TRUTH,359,4,51,2020-12-25T00:00:00Z,2020-12-26T00:00:00Z,2020.12.25 02:00,RISK_OFF,STABLE_MAPPED_ROW,,False,,583,4,83,2021-08-06T00:00:00Z,2021-08-07T00:00:00Z,RISK_OFF,2021-08-06T00:00:00Z,2021-08-05,-0.423,HIGH,8/8,,false,,False,224,32,0,0,0
BWD,2026092504,-32,SYNTHETIC_PLACEBO_ONLY,False,PROVENANCE_ONLY_NOT_CAUSAL_TRUTH,360,5,51,2020-12-26T00:00:00Z,2020-12-27T00:00:00Z,2020.12.26 02:00,RISK_OFF,STABLE_MAPPED_ROW,,False,,584,5,83,2021-08-07T00:00:00Z,2021-08-08T00:00:00Z,RISK_OFF,2021-08-07T00:00:00Z,2021-08-06,-0.423,HIGH,8/8,,false,,False,224,32,0,0,0
BWD,2026092504,-32,SYNTHETIC_PLACEBO_ONLY,False,PROVENANCE_ONLY_NOT_CAUSAL_TRUTH,361,6,51,2020-12-27T00:00:00Z,2020-12-28T00:00:00Z,2020.12.27 02:00,RISK_OFF,STABLE_MAPPED_ROW,,False,,585,6,83,2021-08-08T00:00:00Z,2021-08-09T00:00:00Z,RISK_OFF,2021-08-08T00:00:00Z,2021-08-07,-0.423,HIGH,8/8,,false,,False,224,32,0,0,0
BWD,2026092504,-32,SYNTHETIC_PLACEBO_ONLY,False,PROVENANCE_ONLY_NOT_CAUSAL_TRUTH,362,0,51,2020-12-28T00:00:00Z,2020-12-29T00:00:00Z,2020.12.28 02:00,RISK_OFF,STABLE_MAPPED_ROW,,False,,586,0,83,2021-08-09T00:00:00Z,2021-08-10T00:00:00Z,RISK_OFF,2021-08-09T00:00:00Z,2021-08-08,-0.423,HIGH,8/8,,false,,False,224,32,0,0,0
BWD,2026092504,-32,SYNTHETIC_PLACEBO_ONLY,False,PROVENANCE_ONLY_NOT_CAUSAL_TRUTH,363,1,51,2020-12-29T00:00:00Z,2020-12-30T00:00:00Z,2020.12.29 02:00,RISK_OFF,STABLE_MAPPED_ROW,,False,,587,1,83,2021-08-10T00:00:00Z,2021-08-11T00:00:00Z,RISK_OFF,2021-08-10T00:00:00Z,2021-08-09,-0.269,MED,8/8,,false,,False,224,32,0,0,0
BWD,2026092504,-32,SYNTHETIC_PLACEBO_ONLY,False,PROVENANCE_ONLY_NOT_CAUSAL_TRUTH,364,2,52,2020-12-30T00:00:00Z,2020-12-31T00:00:00Z,2020.12.30 02:00,NEUTRAL,STABLE_MAPPED_ROW,,False,,588,2,84,2021-08-11T00:00:00Z,2021-08-12T00:00:00Z,NEUTRAL,2021-08-11T00:00:00Z,2021-08-10,-0.038,LOW,8/8,,false,,False,224,32,0,0,0
BWD,2026092504,-32,SYNTHETIC_PLACEBO_ONLY,False,PROVENANCE_ONLY_NOT_CAUSAL_TRUTH,365,3,52,2020-12-31T00:00:00Z,2021-01-01T00:00:00Z,2020.12.31 02:00,NEUTRAL,STABLE_MAPPED_ROW,,False,,589,3,84,2021-08-12T00:00:00Z,2021-08-13T00:00:00Z,NEUTRAL,2021-08-12T00:00:00Z,2021-08-11,-0.077,LOW,8/8,,false,,False,224,32,0,0,0
BWD,2026092504,-32,SYNTHETIC_PLACEBO_ONLY,False,PROVENANCE_ONLY_NOT_CAUSAL_TRUTH,366,4,52,2021-01-01T00:00:00Z,2021-01-02T00:00:00Z,2021.01.01 02:00,NEUTRAL,STABLE_MAPPED_ROW,,False,,590,4,84,2021-08-13T00:00:00Z,2021-08-14T00:00:00Z,NEUTRAL,2021-08-13T00:00:00Z,2021-08-12,-0.231,MED,8/8,,false,,False,224,32,0,0,0
BWD,2026092504,-32,SYNTHETIC_PLACEBO_ONLY,False,PROVENANCE_ONLY_NOT_CAUSAL_TRUTH,367,5,52,2021-01-02T00:00:00Z,2021-01-03T00:00:00Z,2021.01.02 02:00,NEUTRAL,STABLE_MAPPED_ROW,,False,,591,5,84,2021-08-14T00:00:00Z,2021-08-15T00:00:00Z,NEUTRAL,2021-08-14T00:00:00Z,2021-08-13,-0.077,LOW,8/8,,false,,False,224,32,0,0,0
BWD,2026092504,-32,SYNTHETIC_PLACEBO_ONLY,False,PROVENANCE_ONLY_NOT_CAUSAL_TRUTH,368,6,52,2021-01-03T00:00:00Z,2021-01-04T00:00:00Z,2021.01.03 02:00,NEUTRAL,STABLE_MAPPED_ROW,,False,,592,6,84,2021-08-15T00:00:00Z,2021-08-16T00:00:00Z,NEUTRAL,2021-08-15T00:00:00Z,2021-08-14,-0.077,LOW,8/8,,false,,False,224,32,0,0,0
BWD,2026092504,-32,SYNTHETIC_PLACEBO_ONLY,False,PROVENANCE_ONLY_NOT_CAUSAL_TRUTH,369,0,52,2021-01-04T00:00:00Z,2021-01-05T00:00:00Z,2021.01.04 02:00,NEUTRAL,STABLE_MAPPED_ROW,,False,,593,0,84,2021-08-16T00:00:00Z,2021-08-17T00:00:00Z,NEUTRAL,2021-08-16T00:00:00Z,2021-08-15,-0.077,LOW,8/8,,false,,False,224,32,0,0,0
BWD,2026092504,-32,SYNTHETIC_PLACEBO_ONLY,False,PROVENANCE_ONLY_NOT_CAUSAL_TRUTH,370,1,52,2021-01-05T00:00:00Z,2021-01-06T00:00:00Z,2021.01.05 02:00,NEUTRAL,STABLE_MAPPED_ROW,,False,,594,1,84,2021-08-17T00:00:00Z,2021-08-18T00:00:00Z,NEUTRAL,2021-08-17T00:00:00Z,2021-08-16,-0.077,LOW,8/8,,false,,False,224,32,0,0,0
BWD,2026092504,-32,SYNTHETIC_PLACEBO_ONLY,False,PROVENANCE_ONLY_NOT_CAUSAL_TRUTH,371,2,53,2021-01-06T00:00:00Z,2021-01-07T00:00:00Z,2021.01.06 02:00,RISK_OFF,STABLE_MAPPED_ROW,,False,,595,2,85,2021-08-18T00:00:00Z,2021-08-19T00:00:00Z,RISK_OFF,2021-08-18T00:00:00Z,2021-08-17,-0.423,HIGH,8/8,,false,,False,224,32,0,0,0
BWD,2026092504,-32,SYNTHETIC_PLACEBO_ONLY,False,PROVENANCE_ONLY_NOT_CAUSAL_TRUTH,372,3,53,2021-01-07T00:00:00Z,2021-01-08T00:00:00Z,2021.01.07 02:00,RISK_OFF,STABLE_MAPPED_ROW,,False,,596,3,85,2021-08-19T00:00:00Z,2021-08-20T00:00:00Z,RISK_OFF,2021-08-19T00:00:00Z,2021-08-18,-0.731,HIGH,8/8,,false,,False,224,32,0,0,0
BWD,2026092504,-32,SYNTHETIC_PLACEBO_ONLY,False,PROVENANCE_ONLY_NOT_CAUSAL_TRUTH,373,4,53,2021-01-08T00:00:00Z,2021-01-09T00:00:00Z,2021.01.08 02:00,RISK_OFF,STABLE_MAPPED_ROW,,False,,597,4,85,2021-08-20T00:00:00Z,2021-08-21T00:00:00Z,RISK_OFF,2021-08-20T00:00:00Z,2021-08-19,-0.769,HIGH,8/8,,false,,False,224,32,0,0,0
BWD,2026092504,-32,SYNTHETIC_PLACEBO_ONLY,False,PROVENANCE_ONLY_NOT_CAUSAL_TRUTH,374,5,53,2021-01-09T00:00:00Z,2021-01-10T00:00:00Z,2021.01.09 02:00,RISK_OFF,STABLE_MAPPED_ROW,,False,,598,5,85,2021-08-21T00:00:00Z,2021-08-22T00:00:00Z,RISK_OFF,2021-08-21T00:00:00Z,2021-08-20,-0.5,MED,8/8,,false,,False,224,32,0,0,0
BWD,2026092504,-32,SYNTHETIC_PLACEBO_ONLY,False,PROVENANCE_ONLY_NOT_CAUSAL_TRUTH,375,6,53,2021-01-10T00:00:00Z,2021-01-11T00:00:00Z,2021.01.10 02:00,RISK_OFF,STABLE_MAPPED_ROW,,False,,599,6,85,2021-08-22T00:00:00Z,2021-08-23T00:00:00Z,RISK_OFF,2021-08-22T00:00:00Z,2021-08-21,-0.5,MED,8/8,,false,,False,224,32,0,0,0
BWD,2026092504,-32,SYNTHETIC_PLACEBO_ONLY,False,PROVENANCE_ONLY_NOT_CAUSAL_TRUTH,376,0,53,2021-01-11T00:00:00Z,2021-01-12T00:00:00Z,2021.01.11 02:00,RISK_OFF,STABLE_MAPPED_ROW,,False,,600,0,85,2021-08-23T00:00:00Z,2021-08-24T00:00:00Z,RISK_OFF,2021-08-23T00:00:00Z,2021-08-22,-0.5,MED,8/8,,false,,False,224,32,0,0,0
BWD,2026092504,-32,SYNTHETIC_PLACEBO_ONLY,False,PROVENANCE_ONLY_NOT_CAUSAL_TRUTH,377,1,53,2021-01-12T00:00:00Z,2021-01-13T00:00:00Z,2021.01.12 02:00,NEUTRAL,STABLE_MAPPED_ROW,,False,,601,1,85,2021-08-24T00:00:00Z,2021-08-25T00:00:00Z,NEUTRAL,2021-08-24T00:00:00Z,2021-08-23,-0.115,LOW,8/8,,false,,False,224,32,0,0,0
BWD,2026092504,-32,SYNTHETIC_PLACEBO_ONLY,False,PROVENANCE_ONLY_NOT_CAUSAL_TRUTH,378,2,54,2021-01-13T00:00:00Z,2021-01-14T00:00:00Z,2021.01.13 02:00,NEUTRAL,STABLE_MAPPED_ROW,,False,,602,2,86,2021-08-25T00:00:00Z,2021-08-26T00:00:00Z,NEUTRAL,2021-08-25T00:00:00Z,2021-08-24,-0.077,LOW,8/8,,false,,False,224,32,0,0,0
BWD,2026092504,-32,SYNTHETIC_PLACEBO_ONLY,False,PROVENANCE_ONLY_NOT_CAUSAL_TRUTH,379,3,54,2021-01-14T00:00:00Z,2021-01-15T00:00:00Z,2021.01.14 02:00,NEUTRAL,STABLE_MAPPED_ROW,,False,,603,3,86,2021-08-26T00:00:00Z,2021-08-27T00:00:00Z,NEUTRAL,2021-08-26T00:00:00Z,2021-08-25,-0.115,LOW,8/8,,false,,False,224,32,0,0,0
BWD,2026092504,-32,SYNTHETIC_PLACEBO_ONLY,False,PROVENANCE_ONLY_NOT_CAUSAL_TRUTH,380,4,54,2021-01-15T00:00:00Z,2021-01-16T00:00:00Z,2021.01.15 02:00,RISK_OFF,STABLE_MAPPED_ROW,,False,,604,4,86,2021-08-27T00:00:00Z,2021-08-28T00:00:00Z,RISK_OFF,2021-08-27T00:00:00Z,2021-08-26,-0.269,MED,8/8,,false,,False,224,32,0,0,0
BWD,2026092504,-32,SYNTHETIC_PLACEBO_ONLY,False,PROVENANCE_ONLY_NOT_CAUSAL_TRUTH,381,5,54,2021-01-16T00:00:00Z,2021-01-17T00:00:00Z,2021.01.16 02:00,NEUTRAL,STABLE_MAPPED_ROW,,False,,605,5,86,2021-08-28T00:00:00Z,2021-08-29T00:00:00Z,NEUTRAL,2021-08-28T00:00:00Z,2021-08-27,-0.115,LOW,8/8,,false,,False,224,32,0,0,0
BWD,2026092504,-32,SYNTHETIC_PLACEBO_ONLY,False,PROVENANCE_ONLY_NOT_CAUSAL_TRUTH,382,6,54,2021-01-17T00:00:00Z,2021-01-18T00:00:00Z,2021.01.17 02:00,NEUTRAL,STABLE_MAPPED_ROW,,False,,606,6,86,2021-08-29T00:00:00Z,2021-08-30T00:00:00Z,NEUTRAL,2021-08-29T00:00:00Z,2021-08-28,-0.115,LOW,8/8,,false,,False,224,32,0,0,0
BWD,2026092504,-32,SYNTHETIC_PLACEBO_ONLY,False,PROVENANCE_ONLY_NOT_CAUSAL_TRUTH,383,0,54,2021-01-18T00:00:00Z,2021-01-19T00:00:00Z,2021.01.18 02:00,NEUTRAL,STABLE_MAPPED_ROW,,False,,607,0,86,2021-08-30T00:00:00Z,2021-08-31T00:00:00Z,NEUTRAL,2021-08-30T00:00:00Z,2021-08-29,-0.077,LOW,8/8,,false,,False,224,32,0,0,0
BWD,2026092504,-32,SYNTHETIC_PLACEBO_ONLY,False,PROVENANCE_ONLY_NOT_CAUSAL_TRUTH,384,1,54,2021-01-19T00:00:00Z,2021-01-20T00:00:00Z,2021.01.19 02:00,RISK_OFF,STABLE_MAPPED_ROW,,False,,608,1,86,2021-08-31T00:00:00Z,2021-09-01T00:00:00Z,RISK_OFF,2021-08-31T00:00:00Z,2021-08-30,-0.269,MED,8/8,,false,,False,224,32,0,0,0
BWD,2026092504,-32,SYNTHETIC_PLACEBO_ONLY,False,PROVENANCE_ONLY_NOT_CAUSAL_TRUTH,385,2,55,2021-01-20T00:00:00Z,2021-01-21T00:00:00Z,2021.01.20 02:00,NEUTRAL,STABLE_MAPPED_ROW,,False,,609,2,87,2021-09-01T00:00:00Z,2021-09-02T00:00:00Z,NEUTRAL,2021-09-01T00:00:00Z,2021-08-31,-0.077,LOW,8/8,,false,,False,224,32,0,0,0
BWD,2026092504,-32,SYNTHETIC_PLACEBO_ONLY,False,PROVENANCE_ONLY_NOT_CAUSAL_TRUTH,386,3,55,2021-01-21T00:00:00Z,2021-01-22T00:00:00Z,2021.01.21 02:00,NEUTRAL,STABLE_MAPPED_ROW,,False,,610,3,87,2021-09-02T00:00:00Z,2021-09-03T00:00:00Z,NEUTRAL,2021-09-02T00:00:00Z,2021-09-01,-0.154,LOW,8/8,,false,,False,224,32,0,0,0
BWD,2026092504,-32,SYNTHETIC_PLACEBO_ONLY,False,PROVENANCE_ONLY_NOT_CAUSAL_TRUTH,387,4,55,2021-01-22T00:00:00Z,2021-01-23T00:00:00Z,2021.01.22 02:00,NEUTRAL,STABLE_MAPPED_ROW,,False,,611,4,87,2021-09-03T00:00:00Z,2021-09-04T00:00:00Z,NEUTRAL,2021-09-03T00:00:00Z,2021-09-02,-0.077,LOW,8/8,,false,,False,224,32,0,0,0
BWD,2026092504,-32,SYNTHETIC_PLACEBO_ONLY,False,PROVENANCE_ONLY_NOT_CAUSAL_TRUTH,388,5,55,2021-01-23T00:00:00Z,2021-01-24T00:00:00Z,2021.01.23 02:00,NEUTRAL,STABLE_MAPPED_ROW,,False,,612,5,87,2021-09-04T00:00:00Z,2021-09-05T00:00:00Z,NEUTRAL,2021-09-04T00:00:00Z,2021-09-03,-0.077,LOW,8/8,,false,,False,224,32,0,0,0
BWD,2026092504,-32,SYNTHETIC_PLACEBO_ONLY,False,PROVENANCE_ONLY_NOT_CAUSAL_TRUTH,389,6,55,2021-01-24T00:00:00Z,2021-01-25T00:00:00Z,2021.01.24 02:00,NEUTRAL,STABLE_MAPPED_ROW,,False,,613,6,87,2021-09-05T00:00:00Z,2021-09-06T00:00:00Z,NEUTRAL,2021-09-05T00:00:00Z,2021-09-04,-0.077,LOW,8/8,,false,,False,224,32,0,0,0
BWD,2026092504,-32,SYNTHETIC_PLACEBO_ONLY,False,PROVENANCE_ONLY_NOT_CAUSAL_TRUTH,390,0,55,2021-01-25T00:00:00Z,2021-01-26T00:00:00Z,2021.01.25 02:00,NEUTRAL,STABLE_MAPPED_ROW,,False,,614,0,87,2021-09-06T00:00:00Z,2021-09-07T00:00:00Z,NEUTRAL,2021-09-06T00:00:00Z,2021-09-05,-0.077,LOW,8/8,,false,,False,224,32,0,0,0
BWD,2026092504,-32,SYNTHETIC_PLACEBO_ONLY,False,PROVENANCE_ONLY_NOT_CAUSAL_TRUTH,391,1,55,2021-01-26T00:00:00Z,2021-01-27T00:00:00Z,2021.01.26 02:00,NEUTRAL,STABLE_MAPPED_ROW,,False,,615,1,87,2021-09-07T00:00:00Z,2021-09-08T00:00:00Z,NEUTRAL,2021-09-07T00:00:00Z,2021-09-06,-0.077,LOW,8/8,,false,,False,224,32,0,0,0
BWD,2026092504,-32,SYNTHETIC_PLACEBO_ONLY,False,PROVENANCE_ONLY_NOT_CAUSAL_TRUTH,392,2,56,2021-01-27T00:00:00Z,2021-01-28T00:00:00Z,2021.01.27 02:00,RISK_OFF,STABLE_MAPPED_ROW,,False,,616,2,88,2021-09-08T00:00:00Z,2021-09-09T00:00:00Z,RISK_OFF,2021-09-08T00:00:00Z,2021-09-07,-0.308,MED,8/8,,false,,False,224,32,0,0,0
BWD,2026092504,-32,SYNTHETIC_PLACEBO_ONLY,False,PROVENANCE_ONLY_NOT_CAUSAL_TRUTH,393,3,56,2021-01-28T00:00:00Z,2021-01-29T00:00:00Z,2021.01.28 02:00,RISK_OFF,STABLE_MAPPED_ROW,,False,,617,3,88,2021-09-09T00:00:00Z,2021-09-10T00:00:00Z,RISK_OFF,2021-09-09T00:00:00Z,2021-09-08,-0.308,MED,8/8,,false,,False,224,32,0,0,0
BWD,2026092504,-32,SYNTHETIC_PLACEBO_ONLY,False,PROVENANCE_ONLY_NOT_CAUSAL_TRUTH,394,4,56,2021-01-29T00:00:00Z,2021-01-30T00:00:00Z,2021.01.29 02:00,RISK_OFF,STABLE_MAPPED_ROW,,False,,618,4,88,2021-09-10T00:00:00Z,2021-09-11T00:00:00Z,RISK_OFF,2021-09-10T00:00:00Z,2021-09-09,-0.269,MED,8/8,,false,,False,224,32,0,0,0
BWD,2026092504,-32,SYNTHETIC_PLACEBO_ONLY,False,PROVENANCE_ONLY_NOT_CAUSAL_TRUTH,395,5,56,2021-01-30T00:00:00Z,2021-01-31T00:00:00Z,2021.01.30 02:00,RISK_OFF,STABLE_MAPPED_ROW,,False,,619,5,88,2021-09-11T00:00:00Z,2021-09-12T00:00:00Z,RISK_OFF,2021-09-11T00:00:00Z,2021-09-10,-0.462,HIGH,8/8,,false,,False,224,32,0,0,0
BWD,2026092504,-32,SYNTHETIC_PLACEBO_ONLY,False,PROVENANCE_ONLY_NOT_CAUSAL_TRUTH,396,6,56,2021-01-31T00:00:00Z,2021-02-01T00:00:00Z,2021.01.31 02:00,RISK_OFF,STABLE_MAPPED_ROW,,False,,620,6,88,2021-09-12T00:00:00Z,2021-09-13T00:00:00Z,RISK_OFF,2021-09-12T00:00:00Z,2021-09-11,-0.462,HIGH,8/8,,false,,False,224,32,0,0,0
BWD,2026092504,-32,SYNTHETIC_PLACEBO_ONLY,False,PROVENANCE_ONLY_NOT_CAUSAL_TRUTH,397,0,56,2021-02-01T00:00:00Z,2021-02-02T00:00:00Z,2021.02.01 02:00,RISK_OFF,STABLE_MAPPED_ROW,,False,,621,0,88,2021-09-13T00:00:00Z,2021-09-14T00:00:00Z,RISK_OFF,2021-09-13T00:00:00Z,2021-09-12,-0.269,MED,8/8,,false,,False,224,32,0,0,0
BWD,2026092504,-32,SYNTHETIC_PLACEBO_ONLY,False,PROVENANCE_ONLY_NOT_CAUSAL_TRUTH,398,1,56,2021-02-02T00:00:00Z,2021-02-03T00:00:00Z,2021.02.02 02:00,NEUTRAL,STABLE_MAPPED_ROW,,False,,622,1,88,2021-09-14T00:00:00Z,2021-09-15T00:00:00Z,NEUTRAL,2021-09-14T00:00:00Z,2021-09-13,-0.231,MED,8/8,,false,,False,224,32,0,0,0
BWD,2026092504,-32,SYNTHETIC_PLACEBO_ONLY,False,PROVENANCE_ONLY_NOT_CAUSAL_TRUTH,399,2,57,2021-02-03T00:00:00Z,2021-02-04T00:00:00Z,2021.02.03 02:00,NEUTRAL,STABLE_MAPPED_ROW,,False,,623,2,89,2021-09-15T00:00:00Z,2021-09-16T00:00:00Z,NEUTRAL,2021-09-15T00:00:00Z,2021-09-14,-0.077,LOW,8/8,,false,,False,224,32,0,0,0
BWD,2026092504,-32,SYNTHETIC_PLACEBO_ONLY,False,PROVENANCE_ONLY_NOT_CAUSAL_TRUTH,400,3,57,2021-02-04T00:00:00Z,2021-02-05T00:00:00Z,2021.02.04 02:00,NEUTRAL,STABLE_MAPPED_ROW,,False,,624,3,89,2021-09-16T00:00:00Z,2021-09-17T00:00:00Z,NEUTRAL,2021-09-16T00:00:00Z,2021-09-15,-0.077,LOW,8/8,,false,,False,224,32,0,0,0
BWD,2026092504,-32,SYNTHETIC_PLACEBO_ONLY,False,PROVENANCE_ONLY_NOT_CAUSAL_TRUTH,401,4,57,2021-02-05T00:00:00Z,2021-02-06T00:00:00Z,2021.02.05 02:00,NEUTRAL,STABLE_MAPPED_ROW,,False,,625,4,89,2021-09-17T00:00:00Z,2021-09-18T00:00:00Z,NEUTRAL,2021-09-17T00:00:00Z,2021-09-16,-0.115,LOW,8/8,,false,,False,224,32,0,0,0
BWD,2026092504,-32,SYNTHETIC_PLACEBO_ONLY,False,PROVENANCE_ONLY_NOT_CAUSAL_TRUTH,402,5,57,2021-02-06T00:00:00Z,2021-02-07T00:00:00Z,2021.02.06 02:00,RISK_OFF,STABLE_MAPPED_ROW,,False,,626,5,89,2021-09-18T00:00:00Z,2021-09-19T00:00:00Z,RISK_OFF,2021-09-18T00:00:00Z,2021-09-17,-0.423,HIGH,8/8,,false,,False,224,32,0,0,0
BWD,2026092504,-32,SYNTHETIC_PLACEBO_ONLY,False,PROVENANCE_ONLY_NOT_CAUSAL_TRUTH,403,6,57,2021-02-07T00:00:00Z,2021-02-08T00:00:00Z,2021.02.07 02:00,RISK_OFF,STABLE_MAPPED_ROW,,False,,627,6,89,2021-09-19T00:00:00Z,2021-09-20T00:00:00Z,RISK_OFF,2021-09-19T00:00:00Z,2021-09-18,-0.423,HIGH,8/8,,false,,False,224,32,0,0,0
BWD,2026092504,-32,SYNTHETIC_PLACEBO_ONLY,False,PROVENANCE_ONLY_NOT_CAUSAL_TRUTH,404,0,57,2021-02-08T00:00:00Z,2021-02-09T00:00:00Z,2021.02.08 02:00,RISK_OFF,STABLE_MAPPED_ROW,,False,,628,0,89,2021-09-20T00:00:00Z,2021-09-21T00:00:00Z,RISK_OFF,2021-09-20T00:00:00Z,2021-09-19,-0.423,HIGH,8/8,,false,,False,224,32,0,0,0
BWD,2026092504,-32,SYNTHETIC_PLACEBO_ONLY,False,PROVENANCE_ONLY_NOT_CAUSAL_TRUTH,405,1,57,2021-02-09T00:00:00Z,2021-02-10T00:00:00Z,2021.02.09 02:00,RISK_OFF,STABLE_MAPPED_ROW,,False,,629,1,89,2021-09-21T00:00:00Z,2021-09-22T00:00:00Z,RISK_OFF,2021-09-21T00:00:00Z,2021-09-20,-0.692,HIGH,8/8,,false,,False,224,32,0,0,0
BWD,2026092504,-32,SYNTHETIC_PLACEBO_ONLY,False,PROVENANCE_ONLY_NOT_CAUSAL_TRUTH,406,2,58,2021-02-10T00:00:00Z,2021-02-11T00:00:00Z,2021.02.10 02:00,RISK_OFF,STABLE_MAPPED_ROW,,False,,630,2,90,2021-09-22T00:00:00Z,2021-09-23T00:00:00Z,RISK_OFF,2021-09-22T00:00:00Z,2021-09-21,-0.692,HIGH,8/8,,false,,False,224,32,0,0,0
BWD,2026092504,-32,SYNTHETIC_PLACEBO_ONLY,False,PROVENANCE_ONLY_NOT_CAUSAL_TRUTH,407,3,58,2021-02-11T00:00:00Z,2021-02-12T00:00:00Z,2021.02.11 02:00,RISK_OFF,STABLE_MAPPED_ROW,,False,,631,3,90,2021-09-23T00:00:00Z,2021-09-24T00:00:00Z,RISK_OFF,2021-09-23T00:00:00Z,2021-09-22,-0.654,HIGH,8/8,,false,,False,224,32,0,0,0
BWD,2026092504,-32,SYNTHETIC_PLACEBO_ONLY,False,PROVENANCE_ONLY_NOT_CAUSAL_TRUTH,408,4,58,2021-02-12T00:00:00Z,2021-02-13T00:00:00Z,2021.02.12 02:00,RISK_OFF,STABLE_MAPPED_ROW,,False,,632,4,90,2021-09-24T00:00:00Z,2021-09-25T00:00:00Z,RISK_OFF,2021-09-24T00:00:00Z,2021-09-23,-0.346,MED,8/8,,false,,False,224,32,0,0,0
BWD,2026092504,-32,SYNTHETIC_PLACEBO_ONLY,False,PROVENANCE_ONLY_NOT_CAUSAL_TRUTH,409,5,58,2021-02-13T00:00:00Z,2021-02-14T00:00:00Z,2021.02.13 02:00,RISK_OFF,STABLE_MAPPED_ROW,,False,,633,5,90,2021-09-25T00:00:00Z,2021-09-26T00:00:00Z,RISK_OFF,2021-09-25T00:00:00Z,2021-09-24,-0.308,MED,8/8,,false,,False,224,32,0,0,0
BWD,2026092504,-32,SYNTHETIC_PLACEBO_ONLY,False,PROVENANCE_ONLY_NOT_CAUSAL_TRUTH,410,6,58,2021-02-14T00:00:00Z,2021-02-15T00:00:00Z,2021.02.14 02:00,NEUTRAL,STABLE_MAPPED_ROW,,False,,634,6,90,2021-09-26T00:00:00Z,2021-09-27T00:00:00Z,NEUTRAL,2021-09-26T00:00:00Z,2021-09-25,-0.231,MED,8/8,,false,,False,224,32,0,0,0
BWD,2026092504,-32,SYNTHETIC_PLACEBO_ONLY,False,PROVENANCE_ONLY_NOT_CAUSAL_TRUTH,411,0,58,2021-02-15T00:00:00Z,2021-02-16T00:00:00Z,2021.02.15 02:00,NEUTRAL,STABLE_MAPPED_ROW,,False,,635,0,90,2021-09-27T00:00:00Z,2021-09-28T00:00:00Z,NEUTRAL,2021-09-27T00:00:00Z,2021-09-26,-0.231,MED,8/8,,false,,False,224,32,0,0,0
BWD,2026092504,-32,SYNTHETIC_PLACEBO_ONLY,False,PROVENANCE_ONLY_NOT_CAUSAL_TRUTH,412,1,58,2021-02-16T00:00:00Z,2021-02-17T00:00:00Z,2021.02.16 02:00,NEUTRAL,STABLE_MAPPED_ROW,,False,,636,1,90,2021-09-28T00:00:00Z,2021-09-29T00:00:00Z,NEUTRAL,2021-09-28T00:00:00Z,2021-09-27,-0.231,MED,8/8,,false,,False,224,32,0,0,0
BWD,2026092504,-32,SYNTHETIC_PLACEBO_ONLY,False,PROVENANCE_ONLY_NOT_CAUSAL_TRUTH,413,2,59,2021-02-17T00:00:00Z,2021-02-18T00:00:00Z,2021.02.17 02:00,RISK_OFF,STABLE_MAPPED_ROW,,False,,637,2,91,2021-09-29T00:00:00Z,2021-09-30T00:00:00Z,RISK_OFF,2021-09-29T00:00:00Z,2021-09-28,-0.385,MED,8/8,,false,,False,224,32,0,0,0
BWD,2026092504,-32,SYNTHETIC_PLACEBO_ONLY,False,PROVENANCE_ONLY_NOT_CAUSAL_TRUTH,414,3,59,2021-02-18T00:00:00Z,2021-02-19T00:00:00Z,2021.02.18 02:00,RISK_OFF,STABLE_MAPPED_ROW,,False,,638,3,91,2021-09-30T00:00:00Z,2021-10-01T00:00:00Z,RISK_OFF,2021-09-30T00:00:00Z,2021-09-29,-0.346,MED,8/8,,false,,False,224,32,0,0,0
BWD,2026092504,-32,SYNTHETIC_PLACEBO_ONLY,False,PROVENANCE_ONLY_NOT_CAUSAL_TRUTH,415,4,59,2021-02-19T00:00:00Z,2021-02-20T00:00:00Z,2021.02.19 02:00,RISK_OFF,STABLE_MAPPED_ROW,,False,,639,4,91,2021-10-01T00:00:00Z,2021-10-02T00:00:00Z,RISK_OFF,2021-10-01T00:00:00Z,2021-09-30,-0.615,HIGH,8/8,,false,,False,224,32,0,0,0
BWD,2026092504,-32,SYNTHETIC_PLACEBO_ONLY,False,PROVENANCE_ONLY_NOT_CAUSAL_TRUTH,416,5,59,2021-02-20T00:00:00Z,2021-02-21T00:00:00Z,2021.02.20 02:00,RISK_OFF,STABLE_MAPPED_ROW,,False,,640,5,91,2021-10-02T00:00:00Z,2021-10-03T00:00:00Z,RISK_OFF,2021-10-02T00:00:00Z,2021-10-01,-0.269,MED,8/8,,false,,False,224,32,0,0,0
BWD,2026092504,-32,SYNTHETIC_PLACEBO_ONLY,False,PROVENANCE_ONLY_NOT_CAUSAL_TRUTH,417,6,59,2021-02-21T00:00:00Z,2021-02-22T00:00:00Z,2021.02.21 02:00,RISK_OFF,STABLE_MAPPED_ROW,,False,,641,6,91,2021-10-03T00:00:00Z,2021-10-04T00:00:00Z,RISK_OFF,2021-10-03T00:00:00Z,2021-10-02,-0.269,MED,8/8,,false,,False,224,32,0,0,0
BWD,2026092504,-32,SYNTHETIC_PLACEBO_ONLY,False,PROVENANCE_ONLY_NOT_CAUSAL_TRUTH,418,0,59,2021-02-22T00:00:00Z,2021-02-23T00:00:00Z,2021.02.22 02:00,RISK_OFF,STABLE_MAPPED_ROW,,False,,642,0,91,2021-10-04T00:00:00Z,2021-10-05T00:00:00Z,RISK_OFF,2021-10-04T00:00:00Z,2021-10-03,-0.269,MED,8/8,,false,,False,224,32,0,0,0
BWD,2026092504,-32,SYNTHETIC_PLACEBO_ONLY,False,PROVENANCE_ONLY_NOT_CAUSAL_TRUTH,419,1,59,2021-02-23T00:00:00Z,2021-02-24T00:00:00Z,2021.02.23 02:00,RISK_OFF,STABLE_MAPPED_ROW,,False,,643,1,91,2021-10-05T00:00:00Z,2021-10-06T00:00:00Z,RISK_OFF,2021-10-05T00:00:00Z,2021-10-04,-0.269,MED,8/8,,false,,False,224,32,0,0,0
BWD,2026092504,-32,SYNTHETIC_PLACEBO_ONLY,False,PROVENANCE_ONLY_NOT_CAUSAL_TRUTH,420,2,60,2021-02-24T00:00:00Z,2021-02-25T00:00:00Z,2021.02.24 02:00,RISK_OFF,STABLE_MAPPED_ROW,,False,,644,2,92,2021-10-06T00:00:00Z,2021-10-07T00:00:00Z,RISK_OFF,2021-10-06T00:00:00Z,2021-10-05,-0.269,MED,8/8,,false,,False,224,32,0,0,0
BWD,2026092504,-32,SYNTHETIC_PLACEBO_ONLY,False,PROVENANCE_ONLY_NOT_CAUSAL_TRUTH,421,3,60,2021-02-25T00:00:00Z,2021-02-26T00:00:00Z,2021.02.25 02:00,RISK_OFF,STABLE_MAPPED_ROW,,False,,645,3,92,2021-10-07T00:00:00Z,2021-10-08T00:00:00Z,RISK_OFF,2021-10-07T00:00:00Z,2021-10-06,-0.385,HIGH,8/8,,false,,False,224,32,0,0,0
BWD,2026092504,-32,SYNTHETIC_PLACEBO_ONLY,False,PROVENANCE_ONLY_NOT_CAUSAL_TRUTH,422,4,60,2021-02-26T00:00:00Z,2021-02-27T00:00:00Z,2021.02.26 02:00,NEUTRAL,STABLE_MAPPED_ROW,,False,,646,4,92,2021-10-08T00:00:00Z,2021-10-09T00:00:00Z,NEUTRAL,2021-10-08T00:00:00Z,2021-10-07,-0.077,LOW,8/8,,false,,False,224,32,0,0,0
BWD,2026092504,-32,SYNTHETIC_PLACEBO_ONLY,False,PROVENANCE_ONLY_NOT_CAUSAL_TRUTH,423,5,60,2021-02-27T00:00:00Z,2021-02-28T00:00:00Z,2021.02.27 02:00,NEUTRAL,STABLE_MAPPED_ROW,,False,,647,5,92,2021-10-09T00:00:00Z,2021-10-10T00:00:00Z,NEUTRAL,2021-10-09T00:00:00Z,2021-10-08,-0.077,LOW,8/8,,false,,False,224,32,0,0,0
BWD,2026092504,-32,SYNTHETIC_PLACEBO_ONLY,False,PROVENANCE_ONLY_NOT_CAUSAL_TRUTH,424,6,60,2021-02-28T00:00:00Z,2021-03-01T00:00:00Z,2021.02.28 02:00,NEUTRAL,STABLE_MAPPED_ROW,,False,,648,6,92,2021-10-10T00:00:00Z,2021-10-11T00:00:00Z,NEUTRAL,2021-10-10T00:00:00Z,2021-10-09,-0.077,LOW,8/8,,false,,False,224,32,0,0,0
BWD,2026092504,-32,SYNTHETIC_PLACEBO_ONLY,False,PROVENANCE_ONLY_NOT_CAUSAL_TRUTH,425,0,60,2021-03-01T00:00:00Z,2021-03-02T00:00:00Z,2021.03.01 02:00,NEUTRAL,STABLE_MAPPED_ROW,,False,,649,0,92,2021-10-11T00:00:00Z,2021-10-12T00:00:00Z,NEUTRAL,2021-10-11T00:00:00Z,2021-10-10,-0.077,LOW,8/8,,false,,False,224,32,0,0,0
BWD,2026092504,-32,SYNTHETIC_PLACEBO_ONLY,False,PROVENANCE_ONLY_NOT_CAUSAL_TRUTH,426,1,60,2021-03-02T00:00:00Z,2021-03-03T00:00:00Z,2021.03.02 02:00,NEUTRAL,STABLE_MAPPED_ROW,,False,,650,1,92,2021-10-12T00:00:00Z,2021-10-13T00:00:00Z,NEUTRAL,2021-10-12T00:00:00Z,2021-10-11,0.231,HIGH,8/8,,false,,False,224,32,0,0,0
BWD,2026092504,-32,SYNTHETIC_PLACEBO_ONLY,False,PROVENANCE_ONLY_NOT_CAUSAL_TRUTH,427,2,61,2021-03-03T00:00:00Z,2021-03-04T00:00:00Z,2021.03.03 02:00,NEUTRAL,STABLE_MAPPED_ROW,,False,,651,2,93,2021-10-13T00:00:00Z,2021-10-14T00:00:00Z,NEUTRAL,2021-10-13T00:00:00Z,2021-10-12,0.385,HIGH,8/8,,false,,False,224,32,0,0,0
BWD,2026092504,-32,SYNTHETIC_PLACEBO_ONLY,False,PROVENANCE_ONLY_NOT_CAUSAL_TRUTH,428,3,61,2021-03-04T00:00:00Z,2021-03-05T00:00:00Z,2021.03.04 02:00,NEUTRAL,STABLE_MAPPED_ROW,,False,,652,3,93,2021-10-14T00:00:00Z,2021-10-15T00:00:00Z,NEUTRAL,2021-10-14T00:00:00Z,2021-10-13,0.385,HIGH,8/8,,false,,False,224,32,0,0,0
BWD,2026092504,-32,SYNTHETIC_PLACEBO_ONLY,False,PROVENANCE_ONLY_NOT_CAUSAL_TRUTH,429,4,61,2021-03-05T00:00:00Z,2021-03-06T00:00:00Z,2021.03.05 02:00,NEUTRAL,STABLE_MAPPED_ROW,,False,,653,4,93,2021-10-15T00:00:00Z,2021-10-16T00:00:00Z,NEUTRAL,2021-10-15T00:00:00Z,2021-10-14,0.385,HIGH,8/8,,false,,False,224,32,0,0,0
BWD,2026092504,-32,SYNTHETIC_PLACEBO_ONLY,False,PROVENANCE_ONLY_NOT_CAUSAL_TRUTH,430,5,61,2021-03-06T00:00:00Z,2021-03-07T00:00:00Z,2021.03.06 02:00,NEUTRAL,STABLE_MAPPED_ROW,,False,,654,5,93,2021-10-16T00:00:00Z,2021-10-17T00:00:00Z,NEUTRAL,2021-10-16T00:00:00Z,2021-10-15,0.385,HIGH,8/8,,false,,False,224,32,0,0,0
BWD,2026092504,-32,SYNTHETIC_PLACEBO_ONLY,False,PROVENANCE_ONLY_NOT_CAUSAL_TRUTH,431,6,61,2021-03-07T00:00:00Z,2021-03-08T00:00:00Z,2021.03.07 02:00,NEUTRAL,STABLE_MAPPED_ROW,,False,,655,6,93,2021-10-17T00:00:00Z,2021-10-18T00:00:00Z,NEUTRAL,2021-10-17T00:00:00Z,2021-10-16,0.385,HIGH,8/8,,false,,False,224,32,0,0,0
BWD,2026092504,-32,SYNTHETIC_PLACEBO_ONLY,False,PROVENANCE_ONLY_NOT_CAUSAL_TRUTH,432,0,61,2021-03-08T00:00:00Z,2021-03-09T00:00:00Z,2021.03.08 02:00,NEUTRAL,STABLE_MAPPED_ROW,,False,,656,0,93,2021-10-18T00:00:00Z,2021-10-19T00:00:00Z,NEUTRAL,2021-10-18T00:00:00Z,2021-10-17,0.385,HIGH,8/8,,false,,False,224,32,0,0,0
BWD,2026092504,-32,SYNTHETIC_PLACEBO_ONLY,False,PROVENANCE_ONLY_NOT_CAUSAL_TRUTH,433,1,61,2021-03-09T00:00:00Z,2021-03-10T00:00:00Z,2021.03.09 02:00,NEUTRAL,STABLE_MAPPED_ROW,,False,,657,1,93,2021-10-19T00:00:00Z,2021-10-20T00:00:00Z,NEUTRAL,2021-10-19T00:00:00Z,2021-10-18,0.385,HIGH,8/8,,false,,False,224,32,0,0,0
BWD,2026092504,-32,SYNTHETIC_PLACEBO_ONLY,False,PROVENANCE_ONLY_NOT_CAUSAL_TRUTH,434,2,62,2021-03-10T00:00:00Z,2021-03-11T00:00:00Z,2021.03.10 02:00,NEUTRAL,STABLE_MAPPED_ROW,,False,,658,2,94,2021-10-20T00:00:00Z,2021-10-21T00:00:00Z,NEUTRAL,2021-10-20T00:00:00Z,2021-10-19,0.385,HIGH,8/8,,false,,False,224,32,0,0,0
BWD,2026092504,-32,SYNTHETIC_PLACEBO_ONLY,False,PROVENANCE_ONLY_NOT_CAUSAL_TRUTH,435,3,62,2021-03-11T00:00:00Z,2021-03-12T00:00:00Z,2021.03.11 02:00,NEUTRAL,STABLE_MAPPED_ROW,,False,,659,3,94,2021-10-21T00:00:00Z,2021-10-22T00:00:00Z,NEUTRAL,2021-10-21T00:00:00Z,2021-10-20,0.385,HIGH,8/8,,false,,False,224,32,0,0,0
BWD,2026092504,-32,SYNTHETIC_PLACEBO_ONLY,False,PROVENANCE_ONLY_NOT_CAUSAL_TRUTH,436,4,62,2021-03-12T00:00:00Z,2021-03-13T00:00:00Z,2021.03.12 02:00,NEUTRAL,STABLE_MAPPED_ROW,,False,,660,4,94,2021-10-22T00:00:00Z,2021-10-23T00:00:00Z,NEUTRAL,2021-10-22T00:00:00Z,2021-10-21,0.423,HIGH,8/8,,false,,False,224,32,0,0,0
BWD,2026092504,-32,SYNTHETIC_PLACEBO_ONLY,False,PROVENANCE_ONLY_NOT_CAUSAL_TRUTH,437,5,62,2021-03-13T00:00:00Z,2021-03-14T00:00:00Z,2021.03.13 02:00,NEUTRAL,STABLE_MAPPED_ROW,,False,,661,5,94,2021-10-23T00:00:00Z,2021-10-24T00:00:00Z,NEUTRAL,2021-10-23T00:00:00Z,2021-10-22,0.154,MED,8/8,,false,,False,224,32,0,0,0
BWD,2026092504,-32,SYNTHETIC_PLACEBO_ONLY,False,PROVENANCE_ONLY_NOT_CAUSAL_TRUTH,438,6,62,2021-03-14T00:00:00Z,2021-03-15T00:00:00Z,2021.03.14 00:00,UNKNOWN,TRANSITION_UNKNOWN_BOUNDARY_MARKER,2021-03-14,True,2021.03.15 03:00,662,6,94,2021-10-24T00:00:00Z,2021-10-25T00:00:00Z,NEUTRAL,2021-10-24T00:00:00Z,2021-10-23,0.154,MED,8/8,,false,,False,224,32,0,0,0
BWD,2026092504,-32,SYNTHETIC_PLACEBO_ONLY,False,PROVENANCE_ONLY_NOT_CAUSAL_TRUTH,439,0,62,2021-03-15T00:00:00Z,2021-03-16T00:00:00Z,2021.03.15 03:00,NEUTRAL,STABLE_MAPPED_ROW,,False,,663,0,94,2021-10-25T00:00:00Z,2021-10-26T00:00:00Z,NEUTRAL,2021-10-25T00:00:00Z,2021-10-24,0,LOW,8/8,,false,,False,224,32,0,0,0
BWD,2026092504,-32,SYNTHETIC_PLACEBO_ONLY,False,PROVENANCE_ONLY_NOT_CAUSAL_TRUTH,440,1,62,2021-03-16T00:00:00Z,2021-03-17T00:00:00Z,2021.03.16 03:00,NEUTRAL,STABLE_MAPPED_ROW,,False,,664,1,94,2021-10-26T00:00:00Z,2021-10-27T00:00:00Z,NEUTRAL,2021-10-26T00:00:00Z,2021-10-25,0,LOW,8/8,,false,,False,224,32,0,0,0
BWD,2026092504,-32,SYNTHETIC_PLACEBO_ONLY,False,PROVENANCE_ONLY_NOT_CAUSAL_TRUTH,441,2,63,2021-03-17T00:00:00Z,2021-03-18T00:00:00Z,2021.03.17 03:00,NEUTRAL,STABLE_MAPPED_ROW,,False,,665,2,95,2021-10-27T00:00:00Z,2021-10-28T00:00:00Z,NEUTRAL,2021-10-27T00:00:00Z,2021-10-26,0.154,MED,8/8,,false,,False,224,32,0,0,0
BWD,2026092504,-32,SYNTHETIC_PLACEBO_ONLY,False,PROVENANCE_ONLY_NOT_CAUSAL_TRUTH,442,3,63,2021-03-18T00:00:00Z,2021-03-19T00:00:00Z,2021.03.18 03:00,NEUTRAL,STABLE_MAPPED_ROW,,False,,666,3,95,2021-10-28T00:00:00Z,2021-10-29T00:00:00Z,NEUTRAL,2021-10-28T00:00:00Z,2021-10-27,-0.115,MED,8/8,,false,,False,224,32,0,0,0
BWD,2026092504,-32,SYNTHETIC_PLACEBO_ONLY,False,PROVENANCE_ONLY_NOT_CAUSAL_TRUTH,443,4,63,2021-03-19T00:00:00Z,2021-03-20T00:00:00Z,2021.03.19 03:00,NEUTRAL,STABLE_MAPPED_ROW,,False,,667,4,95,2021-10-29T00:00:00Z,2021-10-30T00:00:00Z,NEUTRAL,2021-10-29T00:00:00Z,2021-10-28,0.077,MED,8/8,,false,,False,224,32,0,0,0
BWD,2026092504,-32,SYNTHETIC_PLACEBO_ONLY,False,PROVENANCE_ONLY_NOT_CAUSAL_TRUTH,444,5,63,2021-03-20T00:00:00Z,2021-03-21T00:00:00Z,2021.03.20 03:00,NEUTRAL,STABLE_MAPPED_ROW,,False,,668,5,95,2021-10-30T00:00:00Z,2021-10-31T00:00:00Z,NEUTRAL,2021-10-30T00:00:00Z,2021-10-29,0.192,MED,8/8,,false,,False,224,32,0,0,0
BWD,2026092504,-32,SYNTHETIC_PLACEBO_ONLY,False,PROVENANCE_ONLY_NOT_CAUSAL_TRUTH,445,6,63,2021-03-21T00:00:00Z,2021-03-22T00:00:00Z,2021.03.21 03:00,NEUTRAL,STABLE_MAPPED_ROW,,False,,669,6,95,2021-10-31T00:00:00Z,2021-11-01T00:00:00Z,NEUTRAL,2021-10-31T00:00:00Z,2021-10-30,0.154,MED,8/8,,false,,False,224,32,0,0,0
BWD,2026092504,-32,SYNTHETIC_PLACEBO_ONLY,False,PROVENANCE_ONLY_NOT_CAUSAL_TRUTH,446,0,63,2021-03-22T00:00:00Z,2021-03-23T00:00:00Z,2021.03.22 03:00,NEUTRAL,STABLE_MAPPED_ROW,,False,,670,0,95,2021-11-01T00:00:00Z,2021-11-02T00:00:00Z,NEUTRAL,2021-11-01T00:00:00Z,2021-10-31,0.192,MED,8/8,,false,,False,224,32,0,0,0
BWD,2026092504,-32,SYNTHETIC_PLACEBO_ONLY,False,PROVENANCE_ONLY_NOT_CAUSAL_TRUTH,447,1,63,2021-03-23T00:00:00Z,2021-03-24T00:00:00Z,2021.03.23 03:00,NEUTRAL,STABLE_MAPPED_ROW,,False,,671,1,95,2021-11-02T00:00:00Z,2021-11-03T00:00:00Z,NEUTRAL,2021-11-02T00:00:00Z,2021-11-01,0.192,MED,8/8,,false,,False,224,32,0,0,0
BWD,2026092504,-32,SYNTHETIC_PLACEBO_ONLY,False,PROVENANCE_ONLY_NOT_CAUSAL_TRUTH,448,2,64,2021-03-24T00:00:00Z,2021-03-25T00:00:00Z,2021.03.24 03:00,NEUTRAL,STABLE_MAPPED_ROW,,False,,672,2,96,2021-11-03T00:00:00Z,2021-11-04T00:00:00Z,NEUTRAL,2021-11-03T00:00:00Z,2021-11-02,0.346,HIGH,8/8,,false,,False,224,32,0,0,0
BWD,2026092504,-32,SYNTHETIC_PLACEBO_ONLY,False,PROVENANCE_ONLY_NOT_CAUSAL_TRUTH,449,3,64,2021-03-25T00:00:00Z,2021-03-26T00:00:00Z,2021.03.25 03:00,NEUTRAL,STABLE_MAPPED_ROW,,False,,673,3,96,2021-11-04T00:00:00Z,2021-11-05T00:00:00Z,NEUTRAL,2021-11-04T00:00:00Z,2021-11-03,0.231,HIGH,8/8,,false,,False,224,32,0,0,0
BWD,2026092504,-32,SYNTHETIC_PLACEBO_ONLY,False,PROVENANCE_ONLY_NOT_CAUSAL_TRUTH,450,4,64,2021-03-26T00:00:00Z,2021-03-27T00:00:00Z,2021.03.26 03:00,NEUTRAL,STABLE_MAPPED_ROW,,False,,674,4,96,2021-11-05T00:00:00Z,2021-11-06T00:00:00Z,NEUTRAL,2021-11-05T00:00:00Z,2021-11-04,0.192,HIGH,8/8,,false,,False,224,32,0,0,0
BWD,2026092504,-32,SYNTHETIC_PLACEBO_ONLY,False,PROVENANCE_ONLY_NOT_CAUSAL_TRUTH,451,5,64,2021-03-27T00:00:00Z,2021-03-28T00:00:00Z,2021.03.27 03:00,NEUTRAL,STABLE_MAPPED_ROW,,False,,675,5,96,2021-11-06T00:00:00Z,2021-11-07T00:00:00Z,NEUTRAL,2021-11-06T00:00:00Z,2021-11-05,0.192,HIGH,8/8,,false,,False,224,32,0,0,0
BWD,2026092504,-32,SYNTHETIC_PLACEBO_ONLY,False,PROVENANCE_ONLY_NOT_CAUSAL_TRUTH,452,6,64,2021-03-28T00:00:00Z,2021-03-29T00:00:00Z,2021.03.28 03:00,NEUTRAL,STABLE_MAPPED_ROW,,False,,676,6,96,2021-11-07T00:00:00Z,2021-11-08T00:00:00Z,NEUTRAL,2021-11-07T00:00:00Z,2021-11-06,0.231,HIGH,8/8,,false,,False,224,32,0,0,0
BWD,2026092504,-32,SYNTHETIC_PLACEBO_ONLY,False,PROVENANCE_ONLY_NOT_CAUSAL_TRUTH,453,0,64,2021-03-29T00:00:00Z,2021-03-30T00:00:00Z,2021.03.29 03:00,NEUTRAL,STABLE_MAPPED_ROW,,False,,677,0,96,2021-11-08T00:00:00Z,2021-11-09T00:00:00Z,NEUTRAL,2021-11-08T00:00:00Z,2021-11-07,0.231,HIGH,8/8,,false,,False,224,32,0,0,0
BWD,2026092504,-32,SYNTHETIC_PLACEBO_ONLY,False,PROVENANCE_ONLY_NOT_CAUSAL_TRUTH,454,1,64,2021-03-30T00:00:00Z,2021-03-31T00:00:00Z,2021.03.30 03:00,NEUTRAL,STABLE_MAPPED_ROW,,False,,678,1,96,2021-11-09T00:00:00Z,2021-11-10T00:00:00Z,NEUTRAL,2021-11-09T00:00:00Z,2021-11-08,0.269,HIGH,8/8,,false,,False,224,32,0,0,0
BWD,2026092504,-32,SYNTHETIC_PLACEBO_ONLY,False,PROVENANCE_ONLY_NOT_CAUSAL_TRUTH,455,2,65,2021-03-31T00:00:00Z,2021-04-01T00:00:00Z,2021.03.31 03:00,NEUTRAL,STABLE_MAPPED_ROW,,False,,679,2,97,2021-11-10T00:00:00Z,2021-11-11T00:00:00Z,NEUTRAL,2021-11-10T00:00:00Z,2021-11-09,0.192,HIGH,8/8,,false,,False,224,32,0,0,0
BWD,2026092504,-32,SYNTHETIC_PLACEBO_ONLY,False,PROVENANCE_ONLY_NOT_CAUSAL_TRUTH,456,3,65,2021-04-01T00:00:00Z,2021-04-02T00:00:00Z,2021.04.01 03:00,NEUTRAL,STABLE_MAPPED_ROW,,False,,680,3,97,2021-11-11T00:00:00Z,2021-11-12T00:00:00Z,NEUTRAL,2021-11-11T00:00:00Z,2021-11-10,0.192,HIGH,8/8,,false,,False,224,32,0,0,0
BWD,2026092504,-32,SYNTHETIC_PLACEBO_ONLY,False,PROVENANCE_ONLY_NOT_CAUSAL_TRUTH,457,4,65,2021-04-02T00:00:00Z,2021-04-03T00:00:00Z,2021.04.02 03:00,NEUTRAL,STABLE_MAPPED_ROW,,False,,681,4,97,2021-11-12T00:00:00Z,2021-11-13T00:00:00Z,NEUTRAL,2021-11-12T00:00:00Z,2021-11-11,0.192,HIGH,8/8,,false,,False,224,32,0,0,0
BWD,2026092504,-32,SYNTHETIC_PLACEBO_ONLY,False,PROVENANCE_ONLY_NOT_CAUSAL_TRUTH,458,5,65,2021-04-03T00:00:00Z,2021-04-04T00:00:00Z,2021.04.03 03:00,NEUTRAL,STABLE_MAPPED_ROW,,False,,682,5,97,2021-11-13T00:00:00Z,2021-11-14T00:00:00Z,NEUTRAL,2021-11-13T00:00:00Z,2021-11-12,0.269,HIGH,8/8,,false,,False,224,32,0,0,0
BWD,2026092504,-32,SYNTHETIC_PLACEBO_ONLY,False,PROVENANCE_ONLY_NOT_CAUSAL_TRUTH,459,6,65,2021-04-04T00:00:00Z,2021-04-05T00:00:00Z,2021.04.04 03:00,NEUTRAL,STABLE_MAPPED_ROW,,False,,683,6,97,2021-11-14T00:00:00Z,2021-11-15T00:00:00Z,NEUTRAL,2021-11-14T00:00:00Z,2021-11-13,0.077,MED,8/8,,false,,False,224,32,0,0,0
BWD,2026092504,-32,SYNTHETIC_PLACEBO_ONLY,False,PROVENANCE_ONLY_NOT_CAUSAL_TRUTH,460,0,65,2021-04-05T00:00:00Z,2021-04-06T00:00:00Z,2021.04.05 03:00,NEUTRAL,STABLE_MAPPED_ROW,,False,,684,0,97,2021-11-15T00:00:00Z,2021-11-16T00:00:00Z,NEUTRAL,2021-11-15T00:00:00Z,2021-11-14,0.231,HIGH,8/8,,false,,False,224,32,0,0,0
BWD,2026092504,-32,SYNTHETIC_PLACEBO_ONLY,False,PROVENANCE_ONLY_NOT_CAUSAL_TRUTH,461,1,65,2021-04-06T00:00:00Z,2021-04-07T00:00:00Z,2021.04.06 03:00,NEUTRAL,STABLE_MAPPED_ROW,,False,,685,1,97,2021-11-16T00:00:00Z,2021-11-17T00:00:00Z,NEUTRAL,2021-11-16T00:00:00Z,2021-11-15,0.231,HIGH,8/8,,false,,False,224,32,0,0,0
BWD,2026092504,-32,SYNTHETIC_PLACEBO_ONLY,False,PROVENANCE_ONLY_NOT_CAUSAL_TRUTH,462,2,66,2021-04-07T00:00:00Z,2021-04-08T00:00:00Z,2021.04.07 03:00,NEUTRAL,STABLE_MAPPED_ROW,,False,,686,2,98,2021-11-17T00:00:00Z,2021-11-18T00:00:00Z,NEUTRAL,2021-11-17T00:00:00Z,2021-11-16,0.038,MED,8/8,,false,,False,224,32,0,0,0
BWD,2026092504,-32,SYNTHETIC_PLACEBO_ONLY,False,PROVENANCE_ONLY_NOT_CAUSAL_TRUTH,463,3,66,2021-04-08T00:00:00Z,2021-04-09T00:00:00Z,2021.04.08 03:00,NEUTRAL,STABLE_MAPPED_ROW,,False,,687,3,98,2021-11-18T00:00:00Z,2021-11-19T00:00:00Z,NEUTRAL,2021-11-18T00:00:00Z,2021-11-17,0.038,LOW,8/8,,false,,False,224,32,0,0,0
BWD,2026092504,-32,SYNTHETIC_PLACEBO_ONLY,False,PROVENANCE_ONLY_NOT_CAUSAL_TRUTH,464,4,66,2021-04-09T00:00:00Z,2021-04-10T00:00:00Z,2021.04.09 03:00,NEUTRAL,STABLE_MAPPED_ROW,,False,,688,4,98,2021-11-19T00:00:00Z,2021-11-20T00:00:00Z,NEUTRAL,2021-11-19T00:00:00Z,2021-11-18,0.038,MED,8/8,,false,,False,224,32,0,0,0
BWD,2026092504,-32,SYNTHETIC_PLACEBO_ONLY,False,PROVENANCE_ONLY_NOT_CAUSAL_TRUTH,465,5,66,2021-04-10T00:00:00Z,2021-04-11T00:00:00Z,2021.04.10 03:00,NEUTRAL,STABLE_MAPPED_ROW,,False,,689,5,98,2021-11-20T00:00:00Z,2021-11-21T00:00:00Z,NEUTRAL,2021-11-20T00:00:00Z,2021-11-19,0.038,MED,8/8,,false,,False,224,32,0,0,0
BWD,2026092504,-32,SYNTHETIC_PLACEBO_ONLY,False,PROVENANCE_ONLY_NOT_CAUSAL_TRUTH,466,6,66,2021-04-11T00:00:00Z,2021-04-12T00:00:00Z,2021.04.11 03:00,NEUTRAL,STABLE_MAPPED_ROW,,False,,690,6,98,2021-11-21T00:00:00Z,2021-11-22T00:00:00Z,NEUTRAL,2021-11-21T00:00:00Z,2021-11-20,0.038,MED,8/8,,false,,False,224,32,0,0,0
BWD,2026092504,-32,SYNTHETIC_PLACEBO_ONLY,False,PROVENANCE_ONLY_NOT_CAUSAL_TRUTH,467,0,66,2021-04-12T00:00:00Z,2021-04-13T00:00:00Z,2021.04.12 03:00,NEUTRAL,STABLE_MAPPED_ROW,,False,,691,0,98,2021-11-22T00:00:00Z,2021-11-23T00:00:00Z,NEUTRAL,2021-11-22T00:00:00Z,2021-11-21,0.192,HIGH,8/8,,false,,False,224,32,0,0,0
BWD,2026092504,-32,SYNTHETIC_PLACEBO_ONLY,False,PROVENANCE_ONLY_NOT_CAUSAL_TRUTH,468,1,66,2021-04-13T00:00:00Z,2021-04-14T00:00:00Z,2021.04.13 03:00,RISK_OFF,STABLE_MAPPED_ROW,,False,,692,1,98,2021-11-23T00:00:00Z,2021-11-24T00:00:00Z,RISK_OFF,2021-11-23T00:00:00Z,2021-11-22,-0.308,MED,8/8,,false,,False,224,32,0,0,0
BWD,2026092504,-32,SYNTHETIC_PLACEBO_ONLY,False,PROVENANCE_ONLY_NOT_CAUSAL_TRUTH,469,2,67,2021-04-14T00:00:00Z,2021-04-15T00:00:00Z,2021.04.14 03:00,NEUTRAL,STABLE_MAPPED_ROW,,False,,693,2,99,2021-11-24T00:00:00Z,2021-11-25T00:00:00Z,NEUTRAL,2021-11-24T00:00:00Z,2021-11-23,0.269,HIGH,8/8,,false,,False,224,32,0,0,0
BWD,2026092504,-32,SYNTHETIC_PLACEBO_ONLY,False,PROVENANCE_ONLY_NOT_CAUSAL_TRUTH,470,3,67,2021-04-15T00:00:00Z,2021-04-16T00:00:00Z,2021.04.15 03:00,NEUTRAL,STABLE_MAPPED_ROW,,False,,694,3,99,2021-11-25T00:00:00Z,2021-11-26T00:00:00Z,NEUTRAL,2021-11-25T00:00:00Z,2021-11-24,0.077,MED,8/8,,false,,False,224,32,0,0,0
BWD,2026092504,-32,SYNTHETIC_PLACEBO_ONLY,False,PROVENANCE_ONLY_NOT_CAUSAL_TRUTH,471,4,67,2021-04-16T00:00:00Z,2021-04-17T00:00:00Z,2021.04.16 03:00,NEUTRAL,STABLE_MAPPED_ROW,,False,,695,4,99,2021-11-26T00:00:00Z,2021-11-27T00:00:00Z,NEUTRAL,2021-11-26T00:00:00Z,2021-11-25,0.192,MED,8/8,,false,,False,224,32,0,0,0
BWD,2026092504,-32,SYNTHETIC_PLACEBO_ONLY,False,PROVENANCE_ONLY_NOT_CAUSAL_TRUTH,472,5,67,2021-04-17T00:00:00Z,2021-04-18T00:00:00Z,2021.04.17 03:00,RISK_OFF,STABLE_MAPPED_ROW,,False,,696,5,99,2021-11-27T00:00:00Z,2021-11-28T00:00:00Z,RISK_OFF,2021-11-27T00:00:00Z,2021-11-26,-0.577,HIGH,8/8,,false,,False,224,32,0,0,0
BWD,2026092504,-32,SYNTHETIC_PLACEBO_ONLY,False,PROVENANCE_ONLY_NOT_CAUSAL_TRUTH,473,6,67,2021-04-18T00:00:00Z,2021-04-19T00:00:00Z,2021.04.18 03:00,RISK_OFF,STABLE_MAPPED_ROW,,False,,697,6,99,2021-11-28T00:00:00Z,2021-11-29T00:00:00Z,RISK_OFF,2021-11-28T00:00:00Z,2021-11-27,-0.423,HIGH,8/8,,false,,False,224,32,0,0,0
BWD,2026092504,-32,SYNTHETIC_PLACEBO_ONLY,False,PROVENANCE_ONLY_NOT_CAUSAL_TRUTH,474,0,67,2021-04-19T00:00:00Z,2021-04-20T00:00:00Z,2021.04.19 03:00,RISK_OFF,STABLE_MAPPED_ROW,,False,,698,0,99,2021-11-29T00:00:00Z,2021-11-30T00:00:00Z,RISK_OFF,2021-11-29T00:00:00Z,2021-11-28,-0.423,HIGH,8/8,,false,,False,224,32,0,0,0
BWD,2026092504,-32,SYNTHETIC_PLACEBO_ONLY,False,PROVENANCE_ONLY_NOT_CAUSAL_TRUTH,475,1,67,2021-04-20T00:00:00Z,2021-04-21T00:00:00Z,2021.04.20 03:00,RISK_OFF,STABLE_MAPPED_ROW,,False,,699,1,99,2021-11-30T00:00:00Z,2021-12-01T00:00:00Z,RISK_OFF,2021-11-30T00:00:00Z,2021-11-29,-0.269,MED,8/8,,false,,False,224,32,0,0,0
BWD,2026092504,-32,SYNTHETIC_PLACEBO_ONLY,False,PROVENANCE_ONLY_NOT_CAUSAL_TRUTH,476,2,68,2021-04-21T00:00:00Z,2021-04-22T00:00:00Z,2021.04.21 03:00,RISK_OFF,STABLE_MAPPED_ROW,,False,,700,2,100,2021-12-01T00:00:00Z,2021-12-02T00:00:00Z,RISK_OFF,2021-12-01T00:00:00Z,2021-11-30,-0.577,HIGH,8/8,,false,,False,224,32,0,0,0
BWD,2026092504,-32,SYNTHETIC_PLACEBO_ONLY,False,PROVENANCE_ONLY_NOT_CAUSAL_TRUTH,477,3,68,2021-04-22T00:00:00Z,2021-04-23T00:00:00Z,2021.04.22 03:00,STRESS,STABLE_MAPPED_ROW,,False,,701,3,100,2021-12-02T00:00:00Z,2021-12-03T00:00:00Z,STRESS,2021-12-02T00:00:00Z,2021-12-01,-0.769,HIGH,8/8,,false,VIX_STRESS,False,224,32,0,0,0
BWD,2026092504,-32,SYNTHETIC_PLACEBO_ONLY,False,PROVENANCE_ONLY_NOT_CAUSAL_TRUTH,478,4,68,2021-04-23T00:00:00Z,2021-04-24T00:00:00Z,2021.04.23 03:00,RISK_OFF,STABLE_MAPPED_ROW,,False,,702,4,100,2021-12-03T00:00:00Z,2021-12-04T00:00:00Z,RISK_OFF,2021-12-03T00:00:00Z,2021-12-02,-0.923,HIGH,8/8,,false,,False,224,32,0,0,0
BWD,2026092504,-32,SYNTHETIC_PLACEBO_ONLY,False,PROVENANCE_ONLY_NOT_CAUSAL_TRUTH,479,5,68,2021-04-24T00:00:00Z,2021-04-25T00:00:00Z,2021.04.24 03:00,STRESS,STABLE_MAPPED_ROW,,False,,703,5,100,2021-12-04T00:00:00Z,2021-12-05T00:00:00Z,STRESS,2021-12-04T00:00:00Z,2021-12-03,-1.038,HIGH,8/8,,false,VIX_STRESS,False,224,32,0,0,0
BWD,2026092504,-32,SYNTHETIC_PLACEBO_ONLY,False,PROVENANCE_ONLY_NOT_CAUSAL_TRUTH,480,6,68,2021-04-25T00:00:00Z,2021-04-26T00:00:00Z,2021.04.25 03:00,STRESS,STABLE_MAPPED_ROW,,False,,704,6,100,2021-12-05T00:00:00Z,2021-12-06T00:00:00Z,STRESS,2021-12-05T00:00:00Z,2021-12-04,-1.038,HIGH,8/8,,false,VIX_STRESS,False,224,32,0,0,0
BWD,2026092504,-32,SYNTHETIC_PLACEBO_ONLY,False,PROVENANCE_ONLY_NOT_CAUSAL_TRUTH,481,0,68,2021-04-26T00:00:00Z,2021-04-27T00:00:00Z,2021.04.26 03:00,STRESS,STABLE_MAPPED_ROW,,False,,705,0,100,2021-12-06T00:00:00Z,2021-12-07T00:00:00Z,STRESS,2021-12-06T00:00:00Z,2021-12-05,-1.038,HIGH,8/8,,false,VIX_STRESS,False,224,32,0,0,0
BWD,2026092504,-32,SYNTHETIC_PLACEBO_ONLY,False,PROVENANCE_ONLY_NOT_CAUSAL_TRUTH,482,1,68,2021-04-27T00:00:00Z,2021-04-28T00:00:00Z,2021.04.27 03:00,RISK_OFF,STABLE_MAPPED_ROW,,False,,706,1,100,2021-12-07T00:00:00Z,2021-12-08T00:00:00Z,RISK_OFF,2021-12-07T00:00:00Z,2021-12-06,-0.423,HIGH,8/8,,false,,False,224,32,0,0,0
BWD,2026092504,-32,SYNTHETIC_PLACEBO_ONLY,False,PROVENANCE_ONLY_NOT_CAUSAL_TRUTH,483,2,69,2021-04-28T00:00:00Z,2021-04-29T00:00:00Z,2021.04.28 03:00,RISK_OFF,STABLE_MAPPED_ROW,,False,,707,2,101,2021-12-08T00:00:00Z,2021-12-09T00:00:00Z,RISK_OFF,2021-12-08T00:00:00Z,2021-12-07,-0.423,HIGH,8/8,,false,,False,224,32,0,0,0
BWD,2026092504,-32,SYNTHETIC_PLACEBO_ONLY,False,PROVENANCE_ONLY_NOT_CAUSAL_TRUTH,484,3,69,2021-04-29T00:00:00Z,2021-04-30T00:00:00Z,2021.04.29 03:00,RISK_OFF,STABLE_MAPPED_ROW,,False,,708,3,101,2021-12-09T00:00:00Z,2021-12-10T00:00:00Z,RISK_OFF,2021-12-09T00:00:00Z,2021-12-08,-0.269,MED,8/8,,false,,False,224,32,0,0,0
BWD,2026092504,-32,SYNTHETIC_PLACEBO_ONLY,False,PROVENANCE_ONLY_NOT_CAUSAL_TRUTH,485,4,69,2021-04-30T00:00:00Z,2021-05-01T00:00:00Z,2021.04.30 03:00,RISK_OFF,STABLE_MAPPED_ROW,,False,,709,4,101,2021-12-10T00:00:00Z,2021-12-11T00:00:00Z,RISK_OFF,2021-12-10T00:00:00Z,2021-12-09,-0.577,HIGH,8/8,,false,,False,224,32,0,0,0
BWD,2026092504,-32,SYNTHETIC_PLACEBO_ONLY,False,PROVENANCE_ONLY_NOT_CAUSAL_TRUTH,486,5,69,2021-05-01T00:00:00Z,2021-05-02T00:00:00Z,2021.05.01 03:00,RISK_OFF,STABLE_MAPPED_ROW,,False,,710,5,101,2021-12-11T00:00:00Z,2021-12-12T00:00:00Z,RISK_OFF,2021-12-11T00:00:00Z,2021-12-10,-0.423,HIGH,8/8,,false,,False,224,32,0,0,0
BWD,2026092504,-32,SYNTHETIC_PLACEBO_ONLY,False,PROVENANCE_ONLY_NOT_CAUSAL_TRUTH,487,6,69,2021-05-02T00:00:00Z,2021-05-03T00:00:00Z,2021.05.02 03:00,RISK_OFF,STABLE_MAPPED_ROW,,False,,711,6,101,2021-12-12T00:00:00Z,2021-12-13T00:00:00Z,RISK_OFF,2021-12-12T00:00:00Z,2021-12-11,-0.269,MED,8/8,,false,,False,224,32,0,0,0
BWD,2026092504,-32,SYNTHETIC_PLACEBO_ONLY,False,PROVENANCE_ONLY_NOT_CAUSAL_TRUTH,488,0,69,2021-05-03T00:00:00Z,2021-05-04T00:00:00Z,2021.05.03 03:00,RISK_OFF,STABLE_MAPPED_ROW,,False,,712,0,101,2021-12-13T00:00:00Z,2021-12-14T00:00:00Z,RISK_OFF,2021-12-13T00:00:00Z,2021-12-12,-0.269,MED,8/8,,false,,False,224,32,0,0,0
BWD,2026092504,-32,SYNTHETIC_PLACEBO_ONLY,False,PROVENANCE_ONLY_NOT_CAUSAL_TRUTH,489,1,69,2021-05-04T00:00:00Z,2021-05-05T00:00:00Z,2021.05.04 03:00,RISK_OFF,STABLE_MAPPED_ROW,,False,,713,1,101,2021-12-14T00:00:00Z,2021-12-15T00:00:00Z,RISK_OFF,2021-12-14T00:00:00Z,2021-12-13,-0.615,HIGH,8/8,,false,,False,224,32,0,0,0
BWD,2026092504,-32,SYNTHETIC_PLACEBO_ONLY,False,PROVENANCE_ONLY_NOT_CAUSAL_TRUTH,490,2,70,2021-05-05T00:00:00Z,2021-05-06T00:00:00Z,2021.05.05 03:00,RISK_OFF,STABLE_MAPPED_ROW,,False,,714,2,102,2021-12-15T00:00:00Z,2021-12-16T00:00:00Z,RISK_OFF,2021-12-15T00:00:00Z,2021-12-14,-0.538,HIGH,8/8,,false,,False,224,32,0,0,0
BWD,2026092504,-32,SYNTHETIC_PLACEBO_ONLY,False,PROVENANCE_ONLY_NOT_CAUSAL_TRUTH,491,3,70,2021-05-06T00:00:00Z,2021-05-07T00:00:00Z,2021.05.06 03:00,RISK_OFF,STABLE_MAPPED_ROW,,False,,715,3,102,2021-12-16T00:00:00Z,2021-12-17T00:00:00Z,RISK_OFF,2021-12-16T00:00:00Z,2021-12-15,-0.308,MED,8/8,,false,,False,224,32,0,0,0
BWD,2026092504,-32,SYNTHETIC_PLACEBO_ONLY,False,PROVENANCE_ONLY_NOT_CAUSAL_TRUTH,492,4,70,2021-05-07T00:00:00Z,2021-05-08T00:00:00Z,2021.05.07 03:00,RISK_OFF,STABLE_MAPPED_ROW,,False,,716,4,102,2021-12-17T00:00:00Z,2021-12-18T00:00:00Z,RISK_OFF,2021-12-17T00:00:00Z,2021-12-16,-0.577,HIGH,8/8,,false,,False,224,32,0,0,0
BWD,2026092504,-32,SYNTHETIC_PLACEBO_ONLY,False,PROVENANCE_ONLY_NOT_CAUSAL_TRUTH,493,5,70,2021-05-08T00:00:00Z,2021-05-09T00:00:00Z,2021.05.08 03:00,RISK_OFF,STABLE_MAPPED_ROW,,False,,717,5,102,2021-12-18T00:00:00Z,2021-12-19T00:00:00Z,RISK_OFF,2021-12-18T00:00:00Z,2021-12-17,-0.692,HIGH,8/8,,false,,False,224,32,0,0,0
BWD,2026092504,-32,SYNTHETIC_PLACEBO_ONLY,False,PROVENANCE_ONLY_NOT_CAUSAL_TRUTH,494,6,70,2021-05-09T00:00:00Z,2021-05-10T00:00:00Z,2021.05.09 03:00,RISK_OFF,STABLE_MAPPED_ROW,,False,,718,6,102,2021-12-19T00:00:00Z,2021-12-20T00:00:00Z,RISK_OFF,2021-12-19T00:00:00Z,2021-12-18,-0.615,HIGH,8/8,,false,,False,224,32,0,0,0
BWD,2026092504,-32,SYNTHETIC_PLACEBO_ONLY,False,PROVENANCE_ONLY_NOT_CAUSAL_TRUTH,495,0,70,2021-05-10T00:00:00Z,2021-05-11T00:00:00Z,2021.05.10 03:00,RISK_OFF,STABLE_MAPPED_ROW,,False,,719,0,102,2021-12-20T00:00:00Z,2021-12-21T00:00:00Z,RISK_OFF,2021-12-20T00:00:00Z,2021-12-19,-0.615,HIGH,8/8,,false,,False,224,32,0,0,0
BWD,2026092504,-32,SYNTHETIC_PLACEBO_ONLY,False,PROVENANCE_ONLY_NOT_CAUSAL_TRUTH,496,1,70,2021-05-11T00:00:00Z,2021-05-12T00:00:00Z,2021.05.11 03:00,RISK_OFF,STABLE_MAPPED_ROW,,False,,720,1,102,2021-12-21T00:00:00Z,2021-12-22T00:00:00Z,RISK_OFF,2021-12-21T00:00:00Z,2021-12-20,-0.615,HIGH,8/8,,false,,False,224,32,0,0,0
BWD,2026092504,-32,SYNTHETIC_PLACEBO_ONLY,False,PROVENANCE_ONLY_NOT_CAUSAL_TRUTH,497,2,71,2021-05-12T00:00:00Z,2021-05-13T00:00:00Z,2021.05.12 03:00,RISK_OFF,STABLE_MAPPED_ROW,,False,,721,2,103,2021-12-22T00:00:00Z,2021-12-23T00:00:00Z,RISK_OFF,2021-12-22T00:00:00Z,2021-12-21,-0.385,HIGH,8/8,,false,,False,224,32,0,0,0
BWD,2026092504,-32,SYNTHETIC_PLACEBO_ONLY,False,PROVENANCE_ONLY_NOT_CAUSAL_TRUTH,498,3,71,2021-05-13T00:00:00Z,2021-05-14T00:00:00Z,2021.05.13 03:00,NEUTRAL,STABLE_MAPPED_ROW,,False,,722,3,103,2021-12-23T00:00:00Z,2021-12-24T00:00:00Z,NEUTRAL,2021-12-23T00:00:00Z,2021-12-22,-0.077,LOW,8/8,,false,,False,224,32,0,0,0
BWD,2026092504,-32,SYNTHETIC_PLACEBO_ONLY,False,PROVENANCE_ONLY_NOT_CAUSAL_TRUTH,499,4,71,2021-05-14T00:00:00Z,2021-05-15T00:00:00Z,2021.05.14 03:00,NEUTRAL,STABLE_MAPPED_ROW,,False,,723,4,103,2021-12-24T00:00:00Z,2021-12-25T00:00:00Z,NEUTRAL,2021-12-24T00:00:00Z,2021-12-23,-0.077,LOW,8/8,,false,,False,224,32,0,0,0
BWD,2026092504,-32,SYNTHETIC_PLACEBO_ONLY,False,PROVENANCE_ONLY_NOT_CAUSAL_TRUTH,500,5,71,2021-05-15T00:00:00Z,2021-05-16T00:00:00Z,2021.05.15 03:00,NEUTRAL,STABLE_MAPPED_ROW,,False,,724,5,103,2021-12-25T00:00:00Z,2021-12-26T00:00:00Z,NEUTRAL,2021-12-25T00:00:00Z,2021-12-24,0.385,HIGH,8/8,,false,,False,224,32,0,0,0
BWD,2026092504,-32,SYNTHETIC_PLACEBO_ONLY,False,PROVENANCE_ONLY_NOT_CAUSAL_TRUTH,501,6,71,2021-05-16T00:00:00Z,2021-05-17T00:00:00Z,2021.05.16 03:00,NEUTRAL,STABLE_MAPPED_ROW,,False,,725,6,103,2021-12-26T00:00:00Z,2021-12-27T00:00:00Z,NEUTRAL,2021-12-26T00:00:00Z,2021-12-25,0.385,HIGH,8/8,,false,,False,224,32,0,0,0
BWD,2026092504,-32,SYNTHETIC_PLACEBO_ONLY,False,PROVENANCE_ONLY_NOT_CAUSAL_TRUTH,502,0,71,2021-05-17T00:00:00Z,2021-05-18T00:00:00Z,2021.05.17 03:00,NEUTRAL,STABLE_MAPPED_ROW,,False,,726,0,103,2021-12-27T00:00:00Z,2021-12-28T00:00:00Z,NEUTRAL,2021-12-27T00:00:00Z,2021-12-26,0.385,HIGH,8/8,,false,,False,224,32,0,0,0
BWD,2026092504,-32,SYNTHETIC_PLACEBO_ONLY,False,PROVENANCE_ONLY_NOT_CAUSAL_TRUTH,503,1,71,2021-05-18T00:00:00Z,2021-05-19T00:00:00Z,2021.05.18 03:00,NEUTRAL,STABLE_MAPPED_ROW,,False,,727,1,103,2021-12-28T00:00:00Z,2021-12-29T00:00:00Z,NEUTRAL,2021-12-28T00:00:00Z,2021-12-27,-0.077,LOW,8/8,,false,,False,224,32,0,0,0
BWD,2026092504,-32,SYNTHETIC_PLACEBO_ONLY,False,PROVENANCE_ONLY_NOT_CAUSAL_TRUTH,504,2,72,2021-05-19T00:00:00Z,2021-05-20T00:00:00Z,2021.05.19 03:00,NEUTRAL,STABLE_MAPPED_ROW,,False,,728,2,104,2021-12-29T00:00:00Z,2021-12-30T00:00:00Z,NEUTRAL,2021-12-29T00:00:00Z,2021-12-28,0.154,MED,8/8,,false,,False,224,32,0,0,0
BWD,2026092504,-32,SYNTHETIC_PLACEBO_ONLY,False,PROVENANCE_ONLY_NOT_CAUSAL_TRUTH,505,3,72,2021-05-20T00:00:00Z,2021-05-21T00:00:00Z,2021.05.20 03:00,NEUTRAL,STABLE_MAPPED_ROW,,False,,729,3,104,2021-12-30T00:00:00Z,2021-12-31T00:00:00Z,NEUTRAL,2021-12-30T00:00:00Z,2021-12-29,0.154,MED,8/8,,false,,False,224,32,0,0,0
BWD,2026092504,-32,SYNTHETIC_PLACEBO_ONLY,False,PROVENANCE_ONLY_NOT_CAUSAL_TRUTH,506,4,72,2021-05-21T00:00:00Z,2021-05-22T00:00:00Z,2021.05.21 03:00,NEUTRAL,STABLE_MAPPED_ROW,,False,,730,4,104,2021-12-31T00:00:00Z,2022-01-01T00:00:00Z,NEUTRAL,2021-12-31T00:00:00Z,2021-12-30,0.115,MED,8/8,,false,,False,224,32,0,0,0
BWD,2026092504,-32,SYNTHETIC_PLACEBO_ONLY,False,PROVENANCE_ONLY_NOT_CAUSAL_TRUTH,507,5,72,2021-05-22T00:00:00Z,2021-05-23T00:00:00Z,2021.05.22 03:00,NEUTRAL,STABLE_MAPPED_ROW,,False,,731,5,104,2022-01-01T00:00:00Z,2022-01-02T00:00:00Z,NEUTRAL,2022-01-01T00:00:00Z,2021-12-31,0.154,MED,8/8,,false,,False,224,32,0,0,0
BWD,2026092504,-32,SYNTHETIC_PLACEBO_ONLY,False,PROVENANCE_ONLY_NOT_CAUSAL_TRUTH,508,6,72,2021-05-23T00:00:00Z,2021-05-24T00:00:00Z,2021.05.23 03:00,NEUTRAL,STABLE_MAPPED_ROW,,False,,732,6,104,2022-01-02T00:00:00Z,2022-01-03T00:00:00Z,NEUTRAL,2022-01-02T00:00:00Z,2022-01-01,0.154,MED,8/8,,false,,False,224,32,0,0,0
BWD,2026092504,-32,SYNTHETIC_PLACEBO_ONLY,False,PROVENANCE_ONLY_NOT_CAUSAL_TRUTH,509,0,72,2021-05-24T00:00:00Z,2021-05-25T00:00:00Z,2021.05.24 03:00,NEUTRAL,STABLE_MAPPED_ROW,,False,,733,0,104,2022-01-03T00:00:00Z,2022-01-04T00:00:00Z,NEUTRAL,2022-01-03T00:00:00Z,2022-01-02,0.231,MED,8/8,,false,,False,224,32,0,0,0
BWD,2026092504,-32,SYNTHETIC_PLACEBO_ONLY,False,PROVENANCE_ONLY_NOT_CAUSAL_TRUTH,510,1,72,2021-05-25T00:00:00Z,2021-05-26T00:00:00Z,2021.05.25 03:00,NEUTRAL,STABLE_MAPPED_ROW,,False,,734,1,104,2022-01-04T00:00:00Z,2022-01-05T00:00:00Z,NEUTRAL,2022-01-04T00:00:00Z,2022-01-03,0.192,MED,8/8,,false,,False,224,32,0,0,0
BWD,2026092504,-32,SYNTHETIC_PLACEBO_ONLY,False,PROVENANCE_ONLY_NOT_CAUSAL_TRUTH,511,2,73,2021-05-26T00:00:00Z,2021-05-27T00:00:00Z,2021.05.26 03:00,NEUTRAL,STABLE_MAPPED_ROW,,False,,735,2,105,2022-01-05T00:00:00Z,2022-01-06T00:00:00Z,NEUTRAL,2022-01-05T00:00:00Z,2022-01-04,0.192,HIGH,8/8,,false,,False,224,32,0,0,0
BWD,2026092504,-32,SYNTHETIC_PLACEBO_ONLY,False,PROVENANCE_ONLY_NOT_CAUSAL_TRUTH,512,3,73,2021-05-27T00:00:00Z,2021-05-28T00:00:00Z,2021.05.27 03:00,NEUTRAL,STABLE_MAPPED_ROW,,False,,736,3,105,2022-01-06T00:00:00Z,2022-01-07T00:00:00Z,NEUTRAL,2022-01-06T00:00:00Z,2022-01-05,0.154,MED,8/8,,false,,False,224,32,0,0,0
BWD,2026092504,-32,SYNTHETIC_PLACEBO_ONLY,False,PROVENANCE_ONLY_NOT_CAUSAL_TRUTH,513,4,73,2021-05-28T00:00:00Z,2021-05-29T00:00:00Z,2021.05.28 03:00,NEUTRAL,STABLE_MAPPED_ROW,,False,,737,4,105,2022-01-07T00:00:00Z,2022-01-08T00:00:00Z,NEUTRAL,2022-01-07T00:00:00Z,2022-01-06,0.077,MED,8/8,,false,,False,224,32,0,0,0
BWD,2026092504,-32,SYNTHETIC_PLACEBO_ONLY,False,PROVENANCE_ONLY_NOT_CAUSAL_TRUTH,514,5,73,2021-05-29T00:00:00Z,2021-05-30T00:00:00Z,2021.05.29 03:00,NEUTRAL,STABLE_MAPPED_ROW,,False,,738,5,105,2022-01-08T00:00:00Z,2022-01-09T00:00:00Z,NEUTRAL,2022-01-08T00:00:00Z,2022-01-07,0.077,HIGH,8/8,,false,,False,224,32,0,0,0
BWD,2026092504,-32,SYNTHETIC_PLACEBO_ONLY,False,PROVENANCE_ONLY_NOT_CAUSAL_TRUTH,515,6,73,2021-05-30T00:00:00Z,2021-05-31T00:00:00Z,2021.05.30 03:00,NEUTRAL,STABLE_MAPPED_ROW,,False,,739,6,105,2022-01-09T00:00:00Z,2022-01-10T00:00:00Z,NEUTRAL,2022-01-09T00:00:00Z,2022-01-08,0.077,HIGH,8/8,,false,,False,224,32,0,0,0
BWD,2026092504,-32,SYNTHETIC_PLACEBO_ONLY,False,PROVENANCE_ONLY_NOT_CAUSAL_TRUTH,516,0,73,2021-05-31T00:00:00Z,2021-06-01T00:00:00Z,2021.05.31 03:00,NEUTRAL,STABLE_MAPPED_ROW,,False,,740,0,105,2022-01-10T00:00:00Z,2022-01-11T00:00:00Z,NEUTRAL,2022-01-10T00:00:00Z,2022-01-09,0.077,HIGH,8/8,,false,,False,224,32,0,0,0
BWD,2026092504,-32,SYNTHETIC_PLACEBO_ONLY,False,PROVENANCE_ONLY_NOT_CAUSAL_TRUTH,517,1,73,2021-06-01T00:00:00Z,2021-06-02T00:00:00Z,2021.06.01 03:00,NEUTRAL,STABLE_MAPPED_ROW,,False,,741,1,105,2022-01-11T00:00:00Z,2022-01-12T00:00:00Z,NEUTRAL,2022-01-11T00:00:00Z,2022-01-10,-0.038,MED,8/8,,false,,False,224,32,0,0,0
BWD,2026092504,-32,SYNTHETIC_PLACEBO_ONLY,False,PROVENANCE_ONLY_NOT_CAUSAL_TRUTH,518,2,74,2021-06-02T00:00:00Z,2021-06-03T00:00:00Z,2021.06.02 03:00,NEUTRAL,STABLE_MAPPED_ROW,,False,,742,2,106,2022-01-12T00:00:00Z,2022-01-13T00:00:00Z,NEUTRAL,2022-01-12T00:00:00Z,2022-01-11,0.077,MED,8/8,,false,,False,224,32,0,0,0
BWD,2026092504,-32,SYNTHETIC_PLACEBO_ONLY,False,PROVENANCE_ONLY_NOT_CAUSAL_TRUTH,519,3,74,2021-06-03T00:00:00Z,2021-06-04T00:00:00Z,2021.06.03 03:00,NEUTRAL,STABLE_MAPPED_ROW,,False,,743,3,106,2022-01-13T00:00:00Z,2022-01-14T00:00:00Z,NEUTRAL,2022-01-13T00:00:00Z,2022-01-12,0.115,MED,8/8,,false,,False,224,32,0,0,0
BWD,2026092504,-32,SYNTHETIC_PLACEBO_ONLY,False,PROVENANCE_ONLY_NOT_CAUSAL_TRUTH,520,4,74,2021-06-04T00:00:00Z,2021-06-05T00:00:00Z,2021.06.04 03:00,RISK_OFF,STABLE_MAPPED_ROW,,False,,744,4,106,2022-01-14T00:00:00Z,2022-01-15T00:00:00Z,RISK_OFF,2022-01-14T00:00:00Z,2022-01-13,-0.346,MED,8/8,,false,,False,224,32,0,0,0
BWD,2026092504,-32,SYNTHETIC_PLACEBO_ONLY,False,PROVENANCE_ONLY_NOT_CAUSAL_TRUTH,521,5,74,2021-06-05T00:00:00Z,2021-06-06T00:00:00Z,2021.06.05 03:00,NEUTRAL,STABLE_MAPPED_ROW,,False,,745,5,106,2022-01-15T00:00:00Z,2022-01-16T00:00:00Z,NEUTRAL,2022-01-15T00:00:00Z,2022-01-14,-0.077,MED,8/8,,false,,False,224,32,0,0,0
BWD,2026092504,-32,SYNTHETIC_PLACEBO_ONLY,False,PROVENANCE_ONLY_NOT_CAUSAL_TRUTH,522,6,74,2021-06-06T00:00:00Z,2021-06-07T00:00:00Z,2021.06.06 03:00,NEUTRAL,STABLE_MAPPED_ROW,,False,,746,6,106,2022-01-16T00:00:00Z,2022-01-17T00:00:00Z,NEUTRAL,2022-01-16T00:00:00Z,2022-01-15,-0.077,MED,8/8,,false,,False,224,32,0,0,0
BWD,2026092504,-32,SYNTHETIC_PLACEBO_ONLY,False,PROVENANCE_ONLY_NOT_CAUSAL_TRUTH,523,0,74,2021-06-07T00:00:00Z,2021-06-08T00:00:00Z,2021.06.07 03:00,NEUTRAL,STABLE_MAPPED_ROW,,False,,747,0,106,2022-01-17T00:00:00Z,2022-01-18T00:00:00Z,NEUTRAL,2022-01-17T00:00:00Z,2022-01-16,-0.077,MED,8/8,,false,,False,224,32,0,0,0
BWD,2026092504,-32,SYNTHETIC_PLACEBO_ONLY,False,PROVENANCE_ONLY_NOT_CAUSAL_TRUTH,524,1,74,2021-06-08T00:00:00Z,2021-06-09T00:00:00Z,2021.06.08 03:00,RISK_OFF,STABLE_MAPPED_ROW,,False,,748,1,106,2022-01-18T00:00:00Z,2022-01-19T00:00:00Z,RISK_OFF,2022-01-18T00:00:00Z,2022-01-17,-0.308,MED,8/8,,false,,False,224,32,0,0,0
BWD,2026092504,-32,SYNTHETIC_PLACEBO_ONLY,False,PROVENANCE_ONLY_NOT_CAUSAL_TRUTH,525,2,75,2021-06-09T00:00:00Z,2021-06-10T00:00:00Z,2021.06.09 03:00,RISK_OFF,STABLE_MAPPED_ROW,,False,,749,2,107,2022-01-19T00:00:00Z,2022-01-20T00:00:00Z,RISK_OFF,2022-01-19T00:00:00Z,2022-01-18,-0.385,HIGH,8/8,,false,,False,224,32,0,0,0
BWD,2026092504,-32,SYNTHETIC_PLACEBO_ONLY,False,PROVENANCE_ONLY_NOT_CAUSAL_TRUTH,526,3,75,2021-06-10T00:00:00Z,2021-06-11T00:00:00Z,2021.06.10 03:00,RISK_OFF,STABLE_MAPPED_ROW,,False,,750,3,107,2022-01-20T00:00:00Z,2022-01-21T00:00:00Z,RISK_OFF,2022-01-20T00:00:00Z,2022-01-19,-0.538,HIGH,8/8,,false,,False,224,32,0,0,0
BWD,2026092504,-32,SYNTHETIC_PLACEBO_ONLY,False,PROVENANCE_ONLY_NOT_CAUSAL_TRUTH,527,4,75,2021-06-11T00:00:00Z,2021-06-12T00:00:00Z,2021.06.11 03:00,RISK_OFF,STABLE_MAPPED_ROW,,False,,751,4,107,2022-01-21T00:00:00Z,2022-01-22T00:00:00Z,RISK_OFF,2022-01-21T00:00:00Z,2022-01-20,-0.462,HIGH,8/8,,false,,False,224,32,0,0,0
BWD,2026092504,-32,SYNTHETIC_PLACEBO_ONLY,False,PROVENANCE_ONLY_NOT_CAUSAL_TRUTH,528,5,75,2021-06-12T00:00:00Z,2021-06-13T00:00:00Z,2021.06.12 03:00,RISK_OFF,STABLE_MAPPED_ROW,,False,,752,5,107,2022-01-22T00:00:00Z,2022-01-23T00:00:00Z,RISK_OFF,2022-01-22T00:00:00Z,2022-01-21,-0.5,HIGH,8/8,,false,,False,224,32,0,0,0
BWD,2026092504,-32,SYNTHETIC_PLACEBO_ONLY,False,PROVENANCE_ONLY_NOT_CAUSAL_TRUTH,529,6,75,2021-06-13T00:00:00Z,2021-06-14T00:00:00Z,2021.06.13 03:00,RISK_OFF,STABLE_MAPPED_ROW,,False,,753,6,107,2022-01-23T00:00:00Z,2022-01-24T00:00:00Z,RISK_OFF,2022-01-23T00:00:00Z,2022-01-22,-0.5,HIGH,8/8,,false,,False,224,32,0,0,0
BWD,2026092504,-32,SYNTHETIC_PLACEBO_ONLY,False,PROVENANCE_ONLY_NOT_CAUSAL_TRUTH,530,0,75,2021-06-14T00:00:00Z,2021-06-15T00:00:00Z,2021.06.14 03:00,RISK_OFF,STABLE_MAPPED_ROW,,False,,754,0,107,2022-01-24T00:00:00Z,2022-01-25T00:00:00Z,RISK_OFF,2022-01-24T00:00:00Z,2022-01-23,-0.5,HIGH,8/8,,false,,False,224,32,0,0,0
BWD,2026092504,-32,SYNTHETIC_PLACEBO_ONLY,False,PROVENANCE_ONLY_NOT_CAUSAL_TRUTH,531,1,75,2021-06-15T00:00:00Z,2021-06-16T00:00:00Z,2021.06.15 03:00,RISK_OFF,STABLE_MAPPED_ROW,,False,,755,1,107,2022-01-25T00:00:00Z,2022-01-26T00:00:00Z,RISK_OFF,2022-01-25T00:00:00Z,2022-01-24,-0.577,HIGH,8/8,,false,,False,224,32,0,0,0
BWD,2026092504,-32,SYNTHETIC_PLACEBO_ONLY,False,PROVENANCE_ONLY_NOT_CAUSAL_TRUTH,532,2,76,2021-06-16T00:00:00Z,2021-06-17T00:00:00Z,2021.06.16 03:00,STRESS,STABLE_MAPPED_ROW,,False,,756,2,108,2022-01-26T00:00:00Z,2022-01-27T00:00:00Z,STRESS,2022-01-26T00:00:00Z,2022-01-25,-0.692,HIGH,8/8,,false,VIX_STRESS,False,224,32,0,0,0
BWD,2026092504,-32,SYNTHETIC_PLACEBO_ONLY,False,PROVENANCE_ONLY_NOT_CAUSAL_TRUTH,533,3,76,2021-06-17T00:00:00Z,2021-06-18T00:00:00Z,2021.06.17 03:00,STRESS,STABLE_MAPPED_ROW,,False,,757,3,108,2022-01-27T00:00:00Z,2022-01-28T00:00:00Z,STRESS,2022-01-27T00:00:00Z,2022-01-26,-0.538,HIGH,8/8,,false,VIX_STRESS,False,224,32,0,0,0
BWD,2026092504,-32,SYNTHETIC_PLACEBO_ONLY,False,PROVENANCE_ONLY_NOT_CAUSAL_TRUTH,534,4,76,2021-06-18T00:00:00Z,2021-06-19T00:00:00Z,2021.06.18 03:00,STRESS,STABLE_MAPPED_ROW,,False,,758,4,108,2022-01-28T00:00:00Z,2022-01-29T00:00:00Z,STRESS,2022-01-28T00:00:00Z,2022-01-27,-0.808,HIGH,8/8,,false,VIX_STRESS,False,224,32,0,0,0
BWD,2026092504,-32,SYNTHETIC_PLACEBO_ONLY,False,PROVENANCE_ONLY_NOT_CAUSAL_TRUTH,535,5,76,2021-06-19T00:00:00Z,2021-06-20T00:00:00Z,2021.06.19 03:00,RISK_OFF,STABLE_MAPPED_ROW,,False,,759,5,108,2022-01-29T00:00:00Z,2022-01-30T00:00:00Z,RISK_OFF,2022-01-29T00:00:00Z,2022-01-28,-0.692,HIGH,8/8,,false,,False,224,32,0,0,0
BWD,2026092504,-32,SYNTHETIC_PLACEBO_ONLY,False,PROVENANCE_ONLY_NOT_CAUSAL_TRUTH,536,6,76,2021-06-20T00:00:00Z,2021-06-21T00:00:00Z,2021.06.20 03:00,RISK_OFF,STABLE_MAPPED_ROW,,False,,760,6,108,2022-01-30T00:00:00Z,2022-01-31T00:00:00Z,RISK_OFF,2022-01-30T00:00:00Z,2022-01-29,-0.692,HIGH,8/8,,false,,False,224,32,0,0,0
BWD,2026092504,-32,SYNTHETIC_PLACEBO_ONLY,False,PROVENANCE_ONLY_NOT_CAUSAL_TRUTH,537,0,76,2021-06-21T00:00:00Z,2021-06-22T00:00:00Z,2021.06.21 03:00,RISK_OFF,STABLE_MAPPED_ROW,,False,,761,0,108,2022-01-31T00:00:00Z,2022-02-01T00:00:00Z,RISK_OFF,2022-01-31T00:00:00Z,2022-01-30,-0.692,HIGH,8/8,,false,,False,224,32,0,0,0
BWD,2026092504,-32,SYNTHETIC_PLACEBO_ONLY,False,PROVENANCE_ONLY_NOT_CAUSAL_TRUTH,538,1,76,2021-06-22T00:00:00Z,2021-06-23T00:00:00Z,2021.06.22 03:00,RISK_OFF,STABLE_MAPPED_ROW,,False,,762,1,108,2022-02-01T00:00:00Z,2022-02-02T00:00:00Z,RISK_OFF,2022-02-01T00:00:00Z,2022-01-31,-0.538,HIGH,8/8,,false,,False,224,32,0,0,0
BWD,2026092504,-32,SYNTHETIC_PLACEBO_ONLY,False,PROVENANCE_ONLY_NOT_CAUSAL_TRUTH,539,2,77,2021-06-23T00:00:00Z,2021-06-24T00:00:00Z,2021.06.23 03:00,RISK_OFF,STABLE_MAPPED_ROW,,False,,763,2,109,2022-02-02T00:00:00Z,2022-02-03T00:00:00Z,RISK_OFF,2022-02-02T00:00:00Z,2022-02-01,-0.423,HIGH,8/8,,false,,False,224,32,0,0,0
BWD,2026092504,-32,SYNTHETIC_PLACEBO_ONLY,False,PROVENANCE_ONLY_NOT_CAUSAL_TRUTH,540,3,77,2021-06-24T00:00:00Z,2021-06-25T00:00:00Z,2021.06.24 03:00,RISK_OFF,STABLE_MAPPED_ROW,,False,,764,3,109,2022-02-03T00:00:00Z,2022-02-04T00:00:00Z,RISK_OFF,2022-02-03T00:00:00Z,2022-02-02,-0.423,HIGH,8/8,,false,,False,224,32,0,0,0
BWD,2026092504,-32,SYNTHETIC_PLACEBO_ONLY,False,PROVENANCE_ONLY_NOT_CAUSAL_TRUTH,541,4,77,2021-06-25T00:00:00Z,2021-06-26T00:00:00Z,2021.06.25 03:00,RISK_OFF,STABLE_MAPPED_ROW,,False,,765,4,109,2022-02-04T00:00:00Z,2022-02-05T00:00:00Z,RISK_OFF,2022-02-04T00:00:00Z,2022-02-03,-0.385,HIGH,8/8,,false,,False,224,32,0,0,0
BWD,2026092504,-32,SYNTHETIC_PLACEBO_ONLY,False,PROVENANCE_ONLY_NOT_CAUSAL_TRUTH,542,5,77,2021-06-26T00:00:00Z,2021-06-27T00:00:00Z,2021.06.26 03:00,RISK_OFF,STABLE_MAPPED_ROW,,False,,766,5,109,2022-02-05T00:00:00Z,2022-02-06T00:00:00Z,RISK_OFF,2022-02-05T00:00:00Z,2022-02-04,-0.385,HIGH,8/8,,false,,False,224,32,0,0,0
BWD,2026092504,-32,SYNTHETIC_PLACEBO_ONLY,False,PROVENANCE_ONLY_NOT_CAUSAL_TRUTH,543,6,77,2021-06-27T00:00:00Z,2021-06-28T00:00:00Z,2021.06.27 03:00,RISK_OFF,STABLE_MAPPED_ROW,,False,,767,6,109,2022-02-06T00:00:00Z,2022-02-07T00:00:00Z,RISK_OFF,2022-02-06T00:00:00Z,2022-02-05,-0.385,HIGH,8/8,,false,,False,224,32,0,0,0
BWD,2026092504,-32,SYNTHETIC_PLACEBO_ONLY,False,PROVENANCE_ONLY_NOT_CAUSAL_TRUTH,544,0,77,2021-06-28T00:00:00Z,2021-06-29T00:00:00Z,2021.06.28 03:00,RISK_OFF,STABLE_MAPPED_ROW,,False,,768,0,109,2022-02-07T00:00:00Z,2022-02-08T00:00:00Z,RISK_OFF,2022-02-07T00:00:00Z,2022-02-06,-0.385,HIGH,8/8,,false,,False,224,32,0,0,0
BWD,2026092504,-32,SYNTHETIC_PLACEBO_ONLY,False,PROVENANCE_ONLY_NOT_CAUSAL_TRUTH,545,1,77,2021-06-29T00:00:00Z,2021-06-30T00:00:00Z,2021.06.29 03:00,RISK_OFF,STABLE_MAPPED_ROW,,False,,769,1,109,2022-02-08T00:00:00Z,2022-02-09T00:00:00Z,RISK_OFF,2022-02-08T00:00:00Z,2022-02-07,-0.385,HIGH,8/8,,false,,False,224,32,0,0,0
BWD,2026092504,-32,SYNTHETIC_PLACEBO_ONLY,False,PROVENANCE_ONLY_NOT_CAUSAL_TRUTH,546,2,78,2021-06-30T00:00:00Z,2021-07-01T00:00:00Z,2021.06.30 03:00,RISK_OFF,STABLE_MAPPED_ROW,,False,,770,2,110,2022-02-09T00:00:00Z,2022-02-10T00:00:00Z,RISK_OFF,2022-02-09T00:00:00Z,2022-02-08,-0.308,MED,8/8,,false,,False,224,32,0,0,0
BWD,2026092504,-32,SYNTHETIC_PLACEBO_ONLY,False,PROVENANCE_ONLY_NOT_CAUSAL_TRUTH,547,3,78,2021-07-01T00:00:00Z,2021-07-02T00:00:00Z,2021.07.01 03:00,NEUTRAL,STABLE_MAPPED_ROW,,False,,771,3,110,2022-02-10T00:00:00Z,2022-02-11T00:00:00Z,NEUTRAL,2022-02-10T00:00:00Z,2022-02-09,0.308,HIGH,8/8,,false,,False,224,32,0,0,0
BWD,2026092504,-32,SYNTHETIC_PLACEBO_ONLY,False,PROVENANCE_ONLY_NOT_CAUSAL_TRUTH,548,4,78,2021-07-02T00:00:00Z,2021-07-03T00:00:00Z,2021.07.02 03:00,NEUTRAL,STABLE_MAPPED_ROW,,False,,772,4,110,2022-02-11T00:00:00Z,2022-02-12T00:00:00Z,NEUTRAL,2022-02-11T00:00:00Z,2022-02-10,0.154,MED,8/8,,false,,False,224,32,0,0,0
BWD,2026092504,-32,SYNTHETIC_PLACEBO_ONLY,False,PROVENANCE_ONLY_NOT_CAUSAL_TRUTH,549,5,78,2021-07-03T00:00:00Z,2021-07-04T00:00:00Z,2021.07.03 03:00,NEUTRAL,STABLE_MAPPED_ROW,,False,,773,5,110,2022-02-12T00:00:00Z,2022-02-13T00:00:00Z,NEUTRAL,2022-02-12T00:00:00Z,2022-02-11,0,LOW,8/8,,false,,False,224,32,0,0,0
BWD,2026092504,-32,SYNTHETIC_PLACEBO_ONLY,False,PROVENANCE_ONLY_NOT_CAUSAL_TRUTH,550,6,78,2021-07-04T00:00:00Z,2021-07-05T00:00:00Z,2021.07.04 03:00,NEUTRAL,STABLE_MAPPED_ROW,,False,,774,6,110,2022-02-13T00:00:00Z,2022-02-14T00:00:00Z,NEUTRAL,2022-02-13T00:00:00Z,2022-02-12,-0.077,MED,8/8,,false,,False,224,32,0,0,0
BWD,2026092504,-32,SYNTHETIC_PLACEBO_ONLY,False,PROVENANCE_ONLY_NOT_CAUSAL_TRUTH,551,0,78,2021-07-05T00:00:00Z,2021-07-06T00:00:00Z,2021.07.05 03:00,NEUTRAL,STABLE_MAPPED_ROW,,False,,775,0,110,2022-02-14T00:00:00Z,2022-02-15T00:00:00Z,NEUTRAL,2022-02-14T00:00:00Z,2022-02-13,-0.077,MED,8/8,,false,,False,224,32,0,0,0
BWD,2026092504,-32,SYNTHETIC_PLACEBO_ONLY,False,PROVENANCE_ONLY_NOT_CAUSAL_TRUTH,552,1,78,2021-07-06T00:00:00Z,2021-07-07T00:00:00Z,2021.07.06 03:00,NEUTRAL,STABLE_MAPPED_ROW,,False,,776,1,110,2022-02-15T00:00:00Z,2022-02-16T00:00:00Z,NEUTRAL,2022-02-15T00:00:00Z,2022-02-14,-0.077,MED,8/8,,false,,False,224,32,0,0,0
BWD,2026092504,-32,SYNTHETIC_PLACEBO_ONLY,False,PROVENANCE_ONLY_NOT_CAUSAL_TRUTH,553,2,79,2021-07-07T00:00:00Z,2021-07-08T00:00:00Z,2021.07.07 03:00,RISK_OFF,STABLE_MAPPED_ROW,,False,,777,2,111,2022-02-16T00:00:00Z,2022-02-17T00:00:00Z,RISK_OFF,2022-02-16T00:00:00Z,2022-02-15,-0.462,HIGH,8/8,,false,,False,224,32,0,0,0
BWD,2026092504,-32,SYNTHETIC_PLACEBO_ONLY,False,PROVENANCE_ONLY_NOT_CAUSAL_TRUTH,554,3,79,2021-07-08T00:00:00Z,2021-07-09T00:00:00Z,2021.07.08 03:00,NEUTRAL,STABLE_MAPPED_ROW,,False,,778,3,111,2022-02-17T00:00:00Z,2022-02-18T00:00:00Z,NEUTRAL,2022-02-17T00:00:00Z,2022-02-16,-0.038,MED,8/8,,false,,False,224,32,0,0,0
BWD,2026092504,-32,SYNTHETIC_PLACEBO_ONLY,False,PROVENANCE_ONLY_NOT_CAUSAL_TRUTH,555,4,79,2021-07-09T00:00:00Z,2021-07-10T00:00:00Z,2021.07.09 03:00,NEUTRAL,STABLE_MAPPED_ROW,,False,,779,4,111,2022-02-18T00:00:00Z,2022-02-19T00:00:00Z,NEUTRAL,2022-02-18T00:00:00Z,2022-02-17,-0.115,MED,8/8,,false,,False,224,32,0,0,0
BWD,2026092504,-32,SYNTHETIC_PLACEBO_ONLY,False,PROVENANCE_ONLY_NOT_CAUSAL_TRUTH,556,5,79,2021-07-10T00:00:00Z,2021-07-11T00:00:00Z,2021.07.10 03:00,NEUTRAL,STABLE_MAPPED_ROW,,False,,780,5,111,2022-02-19T00:00:00Z,2022-02-20T00:00:00Z,NEUTRAL,2022-02-19T00:00:00Z,2022-02-18,-0.115,MED,8/8,,false,,False,224,32,0,0,0
BWD,2026092504,-32,SYNTHETIC_PLACEBO_ONLY,False,PROVENANCE_ONLY_NOT_CAUSAL_TRUTH,557,6,79,2021-07-11T00:00:00Z,2021-07-12T00:00:00Z,2021.07.11 03:00,NEUTRAL,STABLE_MAPPED_ROW,,False,,781,6,111,2022-02-20T00:00:00Z,2022-02-21T00:00:00Z,NEUTRAL,2022-02-20T00:00:00Z,2022-02-19,-0.115,MED,8/8,,false,,False,224,32,0,0,0
BWD,2026092504,-32,SYNTHETIC_PLACEBO_ONLY,False,PROVENANCE_ONLY_NOT_CAUSAL_TRUTH,558,0,79,2021-07-12T00:00:00Z,2021-07-13T00:00:00Z,2021.07.12 03:00,NEUTRAL,STABLE_MAPPED_ROW,,False,,782,0,111,2022-02-21T00:00:00Z,2022-02-22T00:00:00Z,NEUTRAL,2022-02-21T00:00:00Z,2022-02-20,-0.115,MED,8/8,,false,,False,224,32,0,0,0
BWD,2026092504,-32,SYNTHETIC_PLACEBO_ONLY,False,PROVENANCE_ONLY_NOT_CAUSAL_TRUTH,559,1,79,2021-07-13T00:00:00Z,2021-07-14T00:00:00Z,2021.07.13 03:00,NEUTRAL,STABLE_MAPPED_ROW,,False,,783,1,111,2022-02-22T00:00:00Z,2022-02-23T00:00:00Z,NEUTRAL,2022-02-22T00:00:00Z,2022-02-21,-0.115,MED,8/8,,false,,False,224,32,0,0,0
BWD,2026092504,-32,SYNTHETIC_PLACEBO_ONLY,False,PROVENANCE_ONLY_NOT_CAUSAL_TRUTH,560,2,80,2021-07-14T00:00:00Z,2021-07-15T00:00:00Z,2021.07.14 03:00,RISK_OFF,STABLE_MAPPED_ROW,,False,,784,2,112,2022-02-23T00:00:00Z,2022-02-24T00:00:00Z,RISK_OFF,2022-02-23T00:00:00Z,2022-02-22,-0.462,HIGH,8/8,,false,,False,224,32,0,0,0
BWD,2026092504,-32,SYNTHETIC_PLACEBO_ONLY,False,PROVENANCE_ONLY_NOT_CAUSAL_TRUTH,561,3,80,2021-07-15T00:00:00Z,2021-07-16T00:00:00Z,2021.07.15 03:00,STRESS,STABLE_MAPPED_ROW,,False,,785,3,112,2022-02-24T00:00:00Z,2022-02-25T00:00:00Z,STRESS,2022-02-24T00:00:00Z,2022-02-23,-0.269,MED,8/8,,false,VIX_STRESS,False,224,32,0,0,0
BWD,2026092504,-32,SYNTHETIC_PLACEBO_ONLY,False,PROVENANCE_ONLY_NOT_CAUSAL_TRUTH,562,4,80,2021-07-16T00:00:00Z,2021-07-17T00:00:00Z,2021.07.16 03:00,STRESS,STABLE_MAPPED_ROW,,False,,786,4,112,2022-02-25T00:00:00Z,2022-02-26T00:00:00Z,STRESS,2022-02-25T00:00:00Z,2022-02-24,-0.346,MED,8/8,,false,VIX_STRESS,False,224,32,0,0,0
BWD,2026092504,-32,SYNTHETIC_PLACEBO_ONLY,False,PROVENANCE_ONLY_NOT_CAUSAL_TRUTH,563,5,80,2021-07-17T00:00:00Z,2021-07-18T00:00:00Z,2021.07.17 03:00,NEUTRAL,STABLE_MAPPED_ROW,,False,,787,5,112,2022-02-26T00:00:00Z,2022-02-27T00:00:00Z,NEUTRAL,2022-02-26T00:00:00Z,2022-02-25,0.038,MED,8/8,,false,,False,224,32,0,0,0
BWD,2026092504,-32,SYNTHETIC_PLACEBO_ONLY,False,PROVENANCE_ONLY_NOT_CAUSAL_TRUTH,564,6,80,2021-07-18T00:00:00Z,2021-07-19T00:00:00Z,2021.07.18 03:00,NEUTRAL,STABLE_MAPPED_ROW,,False,,788,6,112,2022-02-27T00:00:00Z,2022-02-28T00:00:00Z,NEUTRAL,2022-02-27T00:00:00Z,2022-02-26,0.038,MED,8/8,,false,,False,224,32,0,0,0
BWD,2026092504,-32,SYNTHETIC_PLACEBO_ONLY,False,PROVENANCE_ONLY_NOT_CAUSAL_TRUTH,565,0,80,2021-07-19T00:00:00Z,2021-07-20T00:00:00Z,2021.07.19 03:00,NEUTRAL,STABLE_MAPPED_ROW,,False,,789,0,112,2022-02-28T00:00:00Z,2022-03-01T00:00:00Z,NEUTRAL,2022-02-28T00:00:00Z,2022-02-27,0.038,MED,8/8,,false,,False,224,32,0,0,0
BWD,2026092504,-32,SYNTHETIC_PLACEBO_ONLY,False,PROVENANCE_ONLY_NOT_CAUSAL_TRUTH,566,1,80,2021-07-20T00:00:00Z,2021-07-21T00:00:00Z,2021.07.20 03:00,STRESS,STABLE_MAPPED_ROW,,False,,790,1,112,2022-03-01T00:00:00Z,2022-03-02T00:00:00Z,STRESS,2022-03-01T00:00:00Z,2022-02-28,-0.115,MED,8/8,,false,VIX_STRESS,False,224,32,0,0,0
BWD,2026092504,-32,SYNTHETIC_PLACEBO_ONLY,False,PROVENANCE_ONLY_NOT_CAUSAL_TRUTH,567,2,81,2021-07-21T00:00:00Z,2021-07-22T00:00:00Z,2021.07.21 03:00,STRESS,STABLE_MAPPED_ROW,,False,,791,2,113,2022-03-02T00:00:00Z,2022-03-03T00:00:00Z,STRESS,2022-03-02T00:00:00Z,2022-03-01,-0.308,MED,8/8,,false,VIX_STRESS,False,224,32,0,0,0
BWD,2026092504,-32,SYNTHETIC_PLACEBO_ONLY,False,PROVENANCE_ONLY_NOT_CAUSAL_TRUTH,568,3,81,2021-07-22T00:00:00Z,2021-07-23T00:00:00Z,2021.07.22 03:00,STRESS,STABLE_MAPPED_ROW,,False,,792,3,113,2022-03-03T00:00:00Z,2022-03-04T00:00:00Z,STRESS,2022-03-03T00:00:00Z,2022-03-02,-0.077,MED,8/8,,false,VIX_STRESS,False,224,32,0,0,0
BWD,2026092504,-32,SYNTHETIC_PLACEBO_ONLY,False,PROVENANCE_ONLY_NOT_CAUSAL_TRUTH,569,4,81,2021-07-23T00:00:00Z,2021-07-24T00:00:00Z,2021.07.23 03:00,STRESS,STABLE_MAPPED_ROW,,False,,793,4,113,2022-03-04T00:00:00Z,2022-03-05T00:00:00Z,STRESS,2022-03-04T00:00:00Z,2022-03-03,-0.077,MED,8/8,,false,VIX_STRESS,False,224,32,0,0,0
BWD,2026092504,-32,SYNTHETIC_PLACEBO_ONLY,False,PROVENANCE_ONLY_NOT_CAUSAL_TRUTH,570,5,81,2021-07-24T00:00:00Z,2021-07-25T00:00:00Z,2021.07.24 03:00,STRESS,STABLE_MAPPED_ROW,,False,,794,5,113,2022-03-05T00:00:00Z,2022-03-06T00:00:00Z,STRESS,2022-03-05T00:00:00Z,2022-03-04,-0.385,MED,8/8,,false,VIX_STRESS,False,224,32,0,0,0
BWD,2026092504,-32,SYNTHETIC_PLACEBO_ONLY,False,PROVENANCE_ONLY_NOT_CAUSAL_TRUTH,571,6,81,2021-07-25T00:00:00Z,2021-07-26T00:00:00Z,2021.07.25 03:00,STRESS,STABLE_MAPPED_ROW,,False,,795,6,113,2022-03-06T00:00:00Z,2022-03-07T00:00:00Z,STRESS,2022-03-06T00:00:00Z,2022-03-05,-0.462,MED,8/8,,false,VIX_STRESS,False,224,32,0,0,0
BWD,2026092504,-32,SYNTHETIC_PLACEBO_ONLY,False,PROVENANCE_ONLY_NOT_CAUSAL_TRUTH,572,0,81,2021-07-26T00:00:00Z,2021-07-27T00:00:00Z,2021.07.26 03:00,STRESS,STABLE_MAPPED_ROW,,False,,796,0,113,2022-03-07T00:00:00Z,2022-03-08T00:00:00Z,STRESS,2022-03-07T00:00:00Z,2022-03-06,-0.462,MED,8/8,,false,VIX_STRESS,False,224,32,0,0,0
BWD,2026092504,-32,SYNTHETIC_PLACEBO_ONLY,False,PROVENANCE_ONLY_NOT_CAUSAL_TRUTH,573,1,81,2021-07-27T00:00:00Z,2021-07-28T00:00:00Z,2021.07.27 03:00,STRESS,STABLE_MAPPED_ROW,,False,,797,1,113,2022-03-08T00:00:00Z,2022-03-09T00:00:00Z,STRESS,2022-03-08T00:00:00Z,2022-03-07,-0.308,MED,8/8,,false,VIX_STRESS,False,224,32,0,0,0
BWD,2026092504,-32,SYNTHETIC_PLACEBO_ONLY,False,PROVENANCE_ONLY_NOT_CAUSAL_TRUTH,574,2,82,2021-07-28T00:00:00Z,2021-07-29T00:00:00Z,2021.07.28 03:00,STRESS,STABLE_MAPPED_ROW,,False,,798,2,114,2022-03-09T00:00:00Z,2022-03-10T00:00:00Z,STRESS,2022-03-09T00:00:00Z,2022-03-08,-0.154,MED,8/8,,false,VIX_STRESS,False,224,32,0,0,0
BWD,2026092504,-32,SYNTHETIC_PLACEBO_ONLY,False,PROVENANCE_ONLY_NOT_CAUSAL_TRUTH,575,3,82,2021-07-29T00:00:00Z,2021-07-30T00:00:00Z,2021.07.29 03:00,STRESS,STABLE_MAPPED_ROW,,False,,799,3,114,2022-03-10T00:00:00Z,2022-03-11T00:00:00Z,STRESS,2022-03-10T00:00:00Z,2022-03-09,-0.115,MED,8/8,,false,VIX_STRESS,False,224,32,0,0,0
BWD,2026092504,-32,SYNTHETIC_PLACEBO_ONLY,False,PROVENANCE_ONLY_NOT_CAUSAL_TRUTH,576,4,82,2021-07-30T00:00:00Z,2021-07-31T00:00:00Z,2021.07.30 03:00,STRESS,STABLE_MAPPED_ROW,,False,,800,4,114,2022-03-11T00:00:00Z,2022-03-12T00:00:00Z,STRESS,2022-03-11T00:00:00Z,2022-03-10,-0.038,LOW,8/8,,false,VIX_STRESS,False,224,32,0,0,0
BWD,2026092504,-32,SYNTHETIC_PLACEBO_ONLY,False,PROVENANCE_ONLY_NOT_CAUSAL_TRUTH,577,5,82,2021-07-31T00:00:00Z,2021-08-01T00:00:00Z,2021.07.31 03:00,STRESS,STABLE_MAPPED_ROW,,False,,801,5,114,2022-03-12T00:00:00Z,2022-03-13T00:00:00Z,STRESS,2022-03-12T00:00:00Z,2022-03-11,-0.192,MED,8/8,,false,VIX_STRESS,False,224,32,0,0,0
BWD,2026092504,-32,SYNTHETIC_PLACEBO_ONLY,False,PROVENANCE_ONLY_NOT_CAUSAL_TRUTH,578,6,82,2021-08-01T00:00:00Z,2021-08-02T00:00:00Z,2021.08.01 03:00,STRESS,STABLE_MAPPED_ROW,,False,,802,6,114,2022-03-13T00:00:00Z,2022-03-14T00:00:00Z,STRESS,2022-03-13T00:00:00Z,2022-03-12,-0.192,MED,8/8,,false,VIX_STRESS,False,224,32,0,0,0
BWD,2026092504,-32,SYNTHETIC_PLACEBO_ONLY,False,PROVENANCE_ONLY_NOT_CAUSAL_TRUTH,579,0,82,2021-08-02T00:00:00Z,2021-08-03T00:00:00Z,2021.08.02 03:00,STRESS,STABLE_MAPPED_ROW,,False,,803,0,114,2022-03-14T00:00:00Z,2022-03-15T00:00:00Z,STRESS,2022-03-14T00:00:00Z,2022-03-13,-0.192,MED,8/8,,false,VIX_STRESS,False,224,32,0,0,0
BWD,2026092504,-32,SYNTHETIC_PLACEBO_ONLY,False,PROVENANCE_ONLY_NOT_CAUSAL_TRUTH,580,1,82,2021-08-03T00:00:00Z,2021-08-04T00:00:00Z,2021.08.03 03:00,STRESS,STABLE_MAPPED_ROW,,False,,804,1,114,2022-03-15T00:00:00Z,2022-03-16T00:00:00Z,STRESS,2022-03-15T00:00:00Z,2022-03-14,-0.269,MED,8/8,,false,VIX_STRESS,False,224,32,0,0,0
BWD,2026092504,-32,SYNTHETIC_PLACEBO_ONLY,False,PROVENANCE_ONLY_NOT_CAUSAL_TRUTH,581,2,83,2021-08-04T00:00:00Z,2021-08-05T00:00:00Z,2021.08.04 03:00,NEUTRAL,STABLE_MAPPED_ROW,,False,,805,2,115,2022-03-16T00:00:00Z,2022-03-17T00:00:00Z,NEUTRAL,2022-03-16T00:00:00Z,2022-03-15,-0.038,MED,8/8,,false,,False,224,32,0,0,0
BWD,2026092504,-32,SYNTHETIC_PLACEBO_ONLY,False,PROVENANCE_ONLY_NOT_CAUSAL_TRUTH,582,3,83,2021-08-05T00:00:00Z,2021-08-06T00:00:00Z,2021.08.05 03:00,NEUTRAL,STABLE_MAPPED_ROW,,False,,806,3,115,2022-03-17T00:00:00Z,2022-03-18T00:00:00Z,NEUTRAL,2022-03-17T00:00:00Z,2022-03-16,0.154,MED,8/8,,false,,False,224,32,0,0,0
BWD,2026092504,-32,SYNTHETIC_PLACEBO_ONLY,False,PROVENANCE_ONLY_NOT_CAUSAL_TRUTH,583,4,83,2021-08-06T00:00:00Z,2021-08-07T00:00:00Z,2021.08.06 03:00,NEUTRAL,STABLE_MAPPED_ROW,,False,,807,4,115,2022-03-18T00:00:00Z,2022-03-19T00:00:00Z,NEUTRAL,2022-03-18T00:00:00Z,2022-03-17,0.154,MED,8/8,,false,,False,224,32,0,0,0
BWD,2026092504,-32,SYNTHETIC_PLACEBO_ONLY,False,PROVENANCE_ONLY_NOT_CAUSAL_TRUTH,584,5,83,2021-08-07T00:00:00Z,2021-08-08T00:00:00Z,2021.08.07 03:00,NEUTRAL,STABLE_MAPPED_ROW,,False,,808,5,115,2022-03-19T00:00:00Z,2022-03-20T00:00:00Z,NEUTRAL,2022-03-19T00:00:00Z,2022-03-18,0.077,MED,8/8,,false,,False,224,32,0,0,0
BWD,2026092504,-32,SYNTHETIC_PLACEBO_ONLY,False,PROVENANCE_ONLY_NOT_CAUSAL_TRUTH,585,6,83,2021-08-08T00:00:00Z,2021-08-09T00:00:00Z,2021.08.08 03:00,NEUTRAL,STABLE_MAPPED_ROW,,False,,809,6,115,2022-03-20T00:00:00Z,2022-03-21T00:00:00Z,NEUTRAL,2022-03-20T00:00:00Z,2022-03-19,0.077,MED,8/8,,false,,False,224,32,0,0,0
BWD,2026092504,-32,SYNTHETIC_PLACEBO_ONLY,False,PROVENANCE_ONLY_NOT_CAUSAL_TRUTH,586,0,83,2021-08-09T00:00:00Z,2021-08-10T00:00:00Z,2021.08.09 03:00,NEUTRAL,STABLE_MAPPED_ROW,,False,,810,0,115,2022-03-21T00:00:00Z,2022-03-22T00:00:00Z,NEUTRAL,2022-03-21T00:00:00Z,2022-03-20,0.077,MED,8/8,,false,,False,224,32,0,0,0
BWD,2026092504,-32,SYNTHETIC_PLACEBO_ONLY,False,PROVENANCE_ONLY_NOT_CAUSAL_TRUTH,587,1,83,2021-08-10T00:00:00Z,2021-08-11T00:00:00Z,2021.08.10 03:00,NEUTRAL,STABLE_MAPPED_ROW,,False,,811,1,115,2022-03-22T00:00:00Z,2022-03-23T00:00:00Z,NEUTRAL,2022-03-22T00:00:00Z,2022-03-21,0.154,MED,8/8,,false,,False,224,32,0,0,0
BWD,2026092504,-32,SYNTHETIC_PLACEBO_ONLY,False,PROVENANCE_ONLY_NOT_CAUSAL_TRUTH,588,2,84,2021-08-11T00:00:00Z,2021-08-12T00:00:00Z,2021.08.11 03:00,NEUTRAL,STABLE_MAPPED_ROW,,False,,812,2,116,2022-03-23T00:00:00Z,2022-03-24T00:00:00Z,NEUTRAL,2022-03-23T00:00:00Z,2022-03-22,0.154,MED,8/8,,false,,False,224,32,0,0,0
BWD,2026092504,-32,SYNTHETIC_PLACEBO_ONLY,False,PROVENANCE_ONLY_NOT_CAUSAL_TRUTH,589,3,84,2021-08-12T00:00:00Z,2021-08-13T00:00:00Z,2021.08.12 03:00,NEUTRAL,STABLE_MAPPED_ROW,,False,,813,3,116,2022-03-24T00:00:00Z,2022-03-25T00:00:00Z,NEUTRAL,2022-03-24T00:00:00Z,2022-03-23,0.077,MED,8/8,,false,,False,224,32,0,0,0
BWD,2026092504,-32,SYNTHETIC_PLACEBO_ONLY,False,PROVENANCE_ONLY_NOT_CAUSAL_TRUTH,590,4,84,2021-08-13T00:00:00Z,2021-08-14T00:00:00Z,2021.08.13 03:00,NEUTRAL,STABLE_MAPPED_ROW,,False,,814,4,116,2022-03-25T00:00:00Z,2022-03-26T00:00:00Z,NEUTRAL,2022-03-25T00:00:00Z,2022-03-24,0.077,MED,8/8,,false,,False,224,32,0,0,0
BWD,2026092504,-32,SYNTHETIC_PLACEBO_ONLY,False,PROVENANCE_ONLY_NOT_CAUSAL_TRUTH,591,5,84,2021-08-14T00:00:00Z,2021-08-15T00:00:00Z,2021.08.14 03:00,NEUTRAL,STABLE_MAPPED_ROW,,False,,815,5,116,2022-03-26T00:00:00Z,2022-03-27T00:00:00Z,NEUTRAL,2022-03-26T00:00:00Z,2022-03-25,0.115,MED,8/8,,false,,False,224,32,0,0,0
BWD,2026092504,-32,SYNTHETIC_PLACEBO_ONLY,False,PROVENANCE_ONLY_NOT_CAUSAL_TRUTH,592,6,84,2021-08-15T00:00:00Z,2021-08-16T00:00:00Z,2021.08.15 03:00,NEUTRAL,STABLE_MAPPED_ROW,,False,,816,6,116,2022-03-27T00:00:00Z,2022-03-28T00:00:00Z,NEUTRAL,2022-03-27T00:00:00Z,2022-03-26,0.115,MED,8/8,,false,,False,224,32,0,0,0
BWD,2026092504,-32,SYNTHETIC_PLACEBO_ONLY,False,PROVENANCE_ONLY_NOT_CAUSAL_TRUTH,593,0,84,2021-08-16T00:00:00Z,2021-08-17T00:00:00Z,2021.08.16 03:00,NEUTRAL,STABLE_MAPPED_ROW,,False,,817,0,116,2022-03-28T00:00:00Z,2022-03-29T00:00:00Z,NEUTRAL,2022-03-28T00:00:00Z,2022-03-27,0.115,MED,8/8,,false,,False,224,32,0,0,0
BWD,2026092504,-32,SYNTHETIC_PLACEBO_ONLY,False,PROVENANCE_ONLY_NOT_CAUSAL_TRUTH,594,1,84,2021-08-17T00:00:00Z,2021-08-18T00:00:00Z,2021.08.17 03:00,NEUTRAL,STABLE_MAPPED_ROW,,False,,818,1,116,2022-03-29T00:00:00Z,2022-03-30T00:00:00Z,NEUTRAL,2022-03-29T00:00:00Z,2022-03-28,0.308,HIGH,8/8,,false,,False,224,32,0,0,0
BWD,2026092504,-32,SYNTHETIC_PLACEBO_ONLY,False,PROVENANCE_ONLY_NOT_CAUSAL_TRUTH,595,2,85,2021-08-18T00:00:00Z,2021-08-19T00:00:00Z,2021.08.18 03:00,NEUTRAL,STABLE_MAPPED_ROW,,False,,819,2,117,2022-03-30T00:00:00Z,2022-03-31T00:00:00Z,NEUTRAL,2022-03-30T00:00:00Z,2022-03-29,0.231,MED,8/8,,false,,False,224,32,0,0,0
BWD,2026092504,-32,SYNTHETIC_PLACEBO_ONLY,False,PROVENANCE_ONLY_NOT_CAUSAL_TRUTH,596,3,85,2021-08-19T00:00:00Z,2021-08-20T00:00:00Z,2021.08.19 03:00,NEUTRAL,STABLE_MAPPED_ROW,,False,,820,3,117,2022-03-31T00:00:00Z,2022-04-01T00:00:00Z,NEUTRAL,2022-03-31T00:00:00Z,2022-03-30,0.192,MED,8/8,,false,,False,224,32,0,0,0
BWD,2026092504,-32,SYNTHETIC_PLACEBO_ONLY,False,PROVENANCE_ONLY_NOT_CAUSAL_TRUTH,597,4,85,2021-08-20T00:00:00Z,2021-08-21T00:00:00Z,2021.08.20 03:00,NEUTRAL,STABLE_MAPPED_ROW,,False,,821,4,117,2022-04-01T00:00:00Z,2022-04-02T00:00:00Z,NEUTRAL,2022-04-01T00:00:00Z,2022-03-31,-0.038,MED,8/8,,false,,False,224,32,0,0,0
BWD,2026092504,-32,SYNTHETIC_PLACEBO_ONLY,False,PROVENANCE_ONLY_NOT_CAUSAL_TRUTH,598,5,85,2021-08-21T00:00:00Z,2021-08-22T00:00:00Z,2021.08.21 03:00,NEUTRAL,STABLE_MAPPED_ROW,,False,,822,5,117,2022-04-02T00:00:00Z,2022-04-03T00:00:00Z,NEUTRAL,2022-04-02T00:00:00Z,2022-04-01,0.077,MED,8/8,,false,,False,224,32,0,0,0
BWD,2026092504,-32,SYNTHETIC_PLACEBO_ONLY,False,PROVENANCE_ONLY_NOT_CAUSAL_TRUTH,599,6,85,2021-08-22T00:00:00Z,2021-08-23T00:00:00Z,2021.08.22 03:00,NEUTRAL,STABLE_MAPPED_ROW,,False,,823,6,117,2022-04-03T00:00:00Z,2022-04-04T00:00:00Z,NEUTRAL,2022-04-03T00:00:00Z,2022-04-02,0.077,MED,8/8,,false,,False,224,32,0,0,0
BWD,2026092504,-32,SYNTHETIC_PLACEBO_ONLY,False,PROVENANCE_ONLY_NOT_CAUSAL_TRUTH,600,0,85,2021-08-23T00:00:00Z,2021-08-24T00:00:00Z,2021.08.23 03:00,NEUTRAL,STABLE_MAPPED_ROW,,False,,824,0,117,2022-04-04T00:00:00Z,2022-04-05T00:00:00Z,NEUTRAL,2022-04-04T00:00:00Z,2022-04-03,0.077,MED,8/8,,false,,False,224,32,0,0,0
BWD,2026092504,-32,SYNTHETIC_PLACEBO_ONLY,False,PROVENANCE_ONLY_NOT_CAUSAL_TRUTH,601,1,85,2021-08-24T00:00:00Z,2021-08-25T00:00:00Z,2021.08.24 03:00,NEUTRAL,STABLE_MAPPED_ROW,,False,,825,1,117,2022-04-05T00:00:00Z,2022-04-06T00:00:00Z,NEUTRAL,2022-04-05T00:00:00Z,2022-04-04,0.115,MED,8/8,,false,,False,224,32,0,0,0
BWD,2026092504,-32,SYNTHETIC_PLACEBO_ONLY,False,PROVENANCE_ONLY_NOT_CAUSAL_TRUTH,602,2,86,2021-08-25T00:00:00Z,2021-08-26T00:00:00Z,2021.08.25 03:00,NEUTRAL,STABLE_MAPPED_ROW,,False,,826,2,118,2022-04-06T00:00:00Z,2022-04-07T00:00:00Z,NEUTRAL,2022-04-06T00:00:00Z,2022-04-05,0.154,MED,8/8,,false,,False,224,32,0,0,0
BWD,2026092504,-32,SYNTHETIC_PLACEBO_ONLY,False,PROVENANCE_ONLY_NOT_CAUSAL_TRUTH,603,3,86,2021-08-26T00:00:00Z,2021-08-27T00:00:00Z,2021.08.26 03:00,NEUTRAL,STABLE_MAPPED_ROW,,False,,827,3,118,2022-04-07T00:00:00Z,2022-04-08T00:00:00Z,NEUTRAL,2022-04-07T00:00:00Z,2022-04-06,-0.038,MED,8/8,,false,,False,224,32,0,0,0
BWD,2026092504,-32,SYNTHETIC_PLACEBO_ONLY,False,PROVENANCE_ONLY_NOT_CAUSAL_TRUTH,604,4,86,2021-08-27T00:00:00Z,2021-08-28T00:00:00Z,2021.08.27 03:00,NEUTRAL,STABLE_MAPPED_ROW,,False,,828,4,118,2022-04-08T00:00:00Z,2022-04-09T00:00:00Z,NEUTRAL,2022-04-08T00:00:00Z,2022-04-07,0.038,MED,8/8,,false,,False,224,32,0,0,0
BWD,2026092504,-32,SYNTHETIC_PLACEBO_ONLY,False,PROVENANCE_ONLY_NOT_CAUSAL_TRUTH,605,5,86,2021-08-28T00:00:00Z,2021-08-29T00:00:00Z,2021.08.28 03:00,NEUTRAL,STABLE_MAPPED_ROW,,False,,829,5,118,2022-04-09T00:00:00Z,2022-04-10T00:00:00Z,NEUTRAL,2022-04-09T00:00:00Z,2022-04-08,0.077,MED,8/8,,false,,False,224,32,0,0,0
BWD,2026092504,-32,SYNTHETIC_PLACEBO_ONLY,False,PROVENANCE_ONLY_NOT_CAUSAL_TRUTH,606,6,86,2021-08-29T00:00:00Z,2021-08-30T00:00:00Z,2021.08.29 03:00,NEUTRAL,STABLE_MAPPED_ROW,,False,,830,6,118,2022-04-10T00:00:00Z,2022-04-11T00:00:00Z,NEUTRAL,2022-04-10T00:00:00Z,2022-04-09,0.077,MED,8/8,,false,,False,224,32,0,0,0
BWD,2026092504,-32,SYNTHETIC_PLACEBO_ONLY,False,PROVENANCE_ONLY_NOT_CAUSAL_TRUTH,607,0,86,2021-08-30T00:00:00Z,2021-08-31T00:00:00Z,2021.08.30 03:00,NEUTRAL,STABLE_MAPPED_ROW,,False,,831,0,118,2022-04-11T00:00:00Z,2022-04-12T00:00:00Z,NEUTRAL,2022-04-11T00:00:00Z,2022-04-10,0.077,MED,8/8,,false,,False,224,32,0,0,0
BWD,2026092504,-32,SYNTHETIC_PLACEBO_ONLY,False,PROVENANCE_ONLY_NOT_CAUSAL_TRUTH,608,1,86,2021-08-31T00:00:00Z,2021-09-01T00:00:00Z,2021.08.31 03:00,NEUTRAL,STABLE_MAPPED_ROW,,False,,832,1,118,2022-04-12T00:00:00Z,2022-04-13T00:00:00Z,NEUTRAL,2022-04-12T00:00:00Z,2022-04-11,-0.115,MED,8/8,,false,,False,224,32,0,0,0
BWD,2026092504,-32,SYNTHETIC_PLACEBO_ONLY,False,PROVENANCE_ONLY_NOT_CAUSAL_TRUTH,609,2,87,2021-09-01T00:00:00Z,2021-09-02T00:00:00Z,2021.09.01 03:00,NEUTRAL,STABLE_MAPPED_ROW,,False,,833,2,119,2022-04-13T00:00:00Z,2022-04-14T00:00:00Z,NEUTRAL,2022-04-13T00:00:00Z,2022-04-12,-0.154,MED,8/8,,false,,False,224,32,0,0,0
BWD,2026092504,-32,SYNTHETIC_PLACEBO_ONLY,False,PROVENANCE_ONLY_NOT_CAUSAL_TRUTH,610,3,87,2021-09-02T00:00:00Z,2021-09-03T00:00:00Z,2021.09.02 03:00,NEUTRAL,STABLE_MAPPED_ROW,,False,,834,3,119,2022-04-14T00:00:00Z,2022-04-15T00:00:00Z,NEUTRAL,2022-04-14T00:00:00Z,2022-04-13,0.038,MED,8/8,,false,,False,224,32,0,0,0
BWD,2026092504,-32,SYNTHETIC_PLACEBO_ONLY,False,PROVENANCE_ONLY_NOT_CAUSAL_TRUTH,611,4,87,2021-09-03T00:00:00Z,2021-09-04T00:00:00Z,2021.09.03 03:00,NEUTRAL,STABLE_MAPPED_ROW,,False,,835,4,119,2022-04-15T00:00:00Z,2022-04-16T00:00:00Z,NEUTRAL,2022-04-15T00:00:00Z,2022-04-14,0.077,MED,8/8,,false,,False,224,32,0,0,0
BWD,2026092504,-32,SYNTHETIC_PLACEBO_ONLY,False,PROVENANCE_ONLY_NOT_CAUSAL_TRUTH,612,5,87,2021-09-04T00:00:00Z,2021-09-05T00:00:00Z,2021.09.04 03:00,NEUTRAL,STABLE_MAPPED_ROW,,False,,836,5,119,2022-04-16T00:00:00Z,2022-04-17T00:00:00Z,NEUTRAL,2022-04-16T00:00:00Z,2022-04-15,0.077,MED,8/8,,false,,False,224,32,0,0,0
BWD,2026092504,-32,SYNTHETIC_PLACEBO_ONLY,False,PROVENANCE_ONLY_NOT_CAUSAL_TRUTH,613,6,87,2021-09-05T00:00:00Z,2021-09-06T00:00:00Z,2021.09.05 03:00,NEUTRAL,STABLE_MAPPED_ROW,,False,,837,6,119,2022-04-17T00:00:00Z,2022-04-18T00:00:00Z,NEUTRAL,2022-04-17T00:00:00Z,2022-04-16,0.154,MED,8/8,,false,,False,224,32,0,0,0
BWD,2026092504,-32,SYNTHETIC_PLACEBO_ONLY,False,PROVENANCE_ONLY_NOT_CAUSAL_TRUTH,614,0,87,2021-09-06T00:00:00Z,2021-09-07T00:00:00Z,2021.09.06 03:00,NEUTRAL,STABLE_MAPPED_ROW,,False,,838,0,119,2022-04-18T00:00:00Z,2022-04-19T00:00:00Z,NEUTRAL,2022-04-18T00:00:00Z,2022-04-17,0.154,MED,8/8,,false,,False,224,32,0,0,0
BWD,2026092504,-32,SYNTHETIC_PLACEBO_ONLY,False,PROVENANCE_ONLY_NOT_CAUSAL_TRUTH,615,1,87,2021-09-07T00:00:00Z,2021-09-08T00:00:00Z,2021.09.07 03:00,NEUTRAL,STABLE_MAPPED_ROW,,False,,839,1,119,2022-04-19T00:00:00Z,2022-04-20T00:00:00Z,NEUTRAL,2022-04-19T00:00:00Z,2022-04-18,0.077,MED,8/8,,false,,False,224,32,0,0,0
BWD,2026092504,-32,SYNTHETIC_PLACEBO_ONLY,False,PROVENANCE_ONLY_NOT_CAUSAL_TRUTH,616,2,88,2021-09-08T00:00:00Z,2021-09-09T00:00:00Z,2021.09.08 03:00,NEUTRAL,STABLE_MAPPED_ROW,,False,,840,2,120,2022-04-20T00:00:00Z,2022-04-21T00:00:00Z,NEUTRAL,2022-04-20T00:00:00Z,2022-04-19,0.077,MED,8/8,,false,,False,224,32,0,0,0
BWD,2026092504,-32,SYNTHETIC_PLACEBO_ONLY,False,PROVENANCE_ONLY_NOT_CAUSAL_TRUTH,617,3,88,2021-09-09T00:00:00Z,2021-09-10T00:00:00Z,2021.09.09 03:00,NEUTRAL,STABLE_MAPPED_ROW,,False,,841,3,120,2022-04-21T00:00:00Z,2022-04-22T00:00:00Z,NEUTRAL,2022-04-21T00:00:00Z,2022-04-20,0.038,MED,8/8,,false,,False,224,32,0,0,0
BWD,2026092504,-32,SYNTHETIC_PLACEBO_ONLY,False,PROVENANCE_ONLY_NOT_CAUSAL_TRUTH,618,4,88,2021-09-10T00:00:00Z,2021-09-11T00:00:00Z,2021.09.10 03:00,NEUTRAL,STABLE_MAPPED_ROW,,False,,842,4,120,2022-04-22T00:00:00Z,2022-04-23T00:00:00Z,NEUTRAL,2022-04-22T00:00:00Z,2022-04-21,0.115,MED,8/8,,false,,False,224,32,0,0,0
BWD,2026092504,-32,SYNTHETIC_PLACEBO_ONLY,False,PROVENANCE_ONLY_NOT_CAUSAL_TRUTH,619,5,88,2021-09-11T00:00:00Z,2021-09-12T00:00:00Z,2021.09.11 03:00,NEUTRAL,STABLE_MAPPED_ROW,,False,,843,5,120,2022-04-23T00:00:00Z,2022-04-24T00:00:00Z,NEUTRAL,2022-04-23T00:00:00Z,2022-04-22,0.038,MED,8/8,,false,,False,224,32,0,0,0
BWD,2026092504,-32,SYNTHETIC_PLACEBO_ONLY,False,PROVENANCE_ONLY_NOT_CAUSAL_TRUTH,620,6,88,2021-09-12T00:00:00Z,2021-09-13T00:00:00Z,2021.09.12 03:00,NEUTRAL,STABLE_MAPPED_ROW,,False,,844,6,120,2022-04-24T00:00:00Z,2022-04-25T00:00:00Z,NEUTRAL,2022-04-24T00:00:00Z,2022-04-23,-0.038,MED,8/8,,false,,False,224,32,0,0,0
BWD,2026092504,-32,SYNTHETIC_PLACEBO_ONLY,False,PROVENANCE_ONLY_NOT_CAUSAL_TRUTH,621,0,88,2021-09-13T00:00:00Z,2021-09-14T00:00:00Z,2021.09.13 03:00,NEUTRAL,STABLE_MAPPED_ROW,,False,,845,0,120,2022-04-25T00:00:00Z,2022-04-26T00:00:00Z,NEUTRAL,2022-04-25T00:00:00Z,2022-04-24,-0.154,MED,8/8,,false,,False,224,32,0,0,0
BWD,2026092504,-32,SYNTHETIC_PLACEBO_ONLY,False,PROVENANCE_ONLY_NOT_CAUSAL_TRUTH,622,1,88,2021-09-14T00:00:00Z,2021-09-15T00:00:00Z,2021.09.14 03:00,NEUTRAL,STABLE_MAPPED_ROW,,False,,846,1,120,2022-04-26T00:00:00Z,2022-04-27T00:00:00Z,NEUTRAL,2022-04-26T00:00:00Z,2022-04-25,-0.231,HIGH,8/8,,false,,False,224,32,0,0,0
BWD,2026092504,-32,SYNTHETIC_PLACEBO_ONLY,False,PROVENANCE_ONLY_NOT_CAUSAL_TRUTH,623,2,89,2021-09-15T00:00:00Z,2021-09-16T00:00:00Z,2021.09.15 03:00,STRESS,STABLE_MAPPED_ROW,,False,,847,2,121,2022-04-27T00:00:00Z,2022-04-28T00:00:00Z,STRESS,2022-04-27T00:00:00Z,2022-04-26,-0.923,HIGH,8/8,,false,VIX_STRESS,False,224,32,0,0,0
BWD,2026092504,-32,SYNTHETIC_PLACEBO_ONLY,False,PROVENANCE_ONLY_NOT_CAUSAL_TRUTH,624,3,89,2021-09-16T00:00:00Z,2021-09-17T00:00:00Z,2021.09.16 03:00,STRESS,STABLE_MAPPED_ROW,,False,,848,3,121,2022-04-28T00:00:00Z,2022-04-29T00:00:00Z,STRESS,2022-04-28T00:00:00Z,2022-04-27,-0.462,HIGH,8/8,,false,VIX_STRESS,False,224,32,0,0,0
BWD,2026092504,-32,SYNTHETIC_PLACEBO_ONLY,False,PROVENANCE_ONLY_NOT_CAUSAL_TRUTH,625,4,89,2021-09-17T00:00:00Z,2021-09-18T00:00:00Z,2021.09.17 03:00,RISK_OFF,STABLE_MAPPED_ROW,,False,,849,4,121,2022-04-29T00:00:00Z,2022-04-30T00:00:00Z,RISK_OFF,2022-04-29T00:00:00Z,2022-04-28,-0.346,HIGH,8/8,,false,,False,224,32,0,0,0
BWD,2026092504,-32,SYNTHETIC_PLACEBO_ONLY,False,PROVENANCE_ONLY_NOT_CAUSAL_TRUTH,626,5,89,2021-09-18T00:00:00Z,2021-09-19T00:00:00Z,2021.09.18 03:00,STRESS,STABLE_MAPPED_ROW,,False,,850,5,121,2022-04-30T00:00:00Z,2022-05-01T00:00:00Z,STRESS,2022-04-30T00:00:00Z,2022-04-29,-0.5,HIGH,8/8,,false,VIX_STRESS,False,224,32,0,0,0
BWD,2026092504,-32,SYNTHETIC_PLACEBO_ONLY,False,PROVENANCE_ONLY_NOT_CAUSAL_TRUTH,627,6,89,2021-09-19T00:00:00Z,2021-09-20T00:00:00Z,2021.09.19 03:00,STRESS,STABLE_MAPPED_ROW,,False,,851,6,121,2022-05-01T00:00:00Z,2022-05-02T00:00:00Z,STRESS,2022-05-01T00:00:00Z,2022-04-30,-0.577,HIGH,8/8,,false,VIX_STRESS,False,224,32,0,0,0
BWD,2026092504,-32,SYNTHETIC_PLACEBO_ONLY,False,PROVENANCE_ONLY_NOT_CAUSAL_TRUTH,628,0,89,2021-09-20T00:00:00Z,2021-09-21T00:00:00Z,2021.09.20 03:00,STRESS,STABLE_MAPPED_ROW,,False,,852,0,121,2022-05-02T00:00:00Z,2022-05-03T00:00:00Z,STRESS,2022-05-02T00:00:00Z,2022-05-01,-0.5,HIGH,8/8,,false,VIX_STRESS,False,224,32,0,0,0
BWD,2026092504,-32,SYNTHETIC_PLACEBO_ONLY,False,PROVENANCE_ONLY_NOT_CAUSAL_TRUTH,629,1,89,2021-09-21T00:00:00Z,2021-09-22T00:00:00Z,2021.09.21 03:00,STRESS,STABLE_MAPPED_ROW,,False,,853,1,121,2022-05-03T00:00:00Z,2022-05-04T00:00:00Z,STRESS,2022-05-03T00:00:00Z,2022-05-02,-0.308,MED,8/8,,false,VIX_STRESS,False,224,32,0,0,0
BWD,2026092504,-32,SYNTHETIC_PLACEBO_ONLY,False,PROVENANCE_ONLY_NOT_CAUSAL_TRUTH,630,2,90,2021-09-22T00:00:00Z,2021-09-23T00:00:00Z,2021.09.22 03:00,NEUTRAL,STABLE_MAPPED_ROW,,False,,854,2,122,2022-05-04T00:00:00Z,2022-05-05T00:00:00Z,NEUTRAL,2022-05-04T00:00:00Z,2022-05-03,-0.154,MED,8/8,,false,,False,224,32,0,0,0
BWD,2026092504,-32,SYNTHETIC_PLACEBO_ONLY,False,PROVENANCE_ONLY_NOT_CAUSAL_TRUTH,631,3,90,2021-09-23T00:00:00Z,2021-09-24T00:00:00Z,2021.09.23 03:00,NEUTRAL,STABLE_MAPPED_ROW,,False,,855,3,122,2022-05-05T00:00:00Z,2022-05-06T00:00:00Z,NEUTRAL,2022-05-05T00:00:00Z,2022-05-04,-0.077,HIGH,8/8,,false,,False,224,32,0,0,0
BWD,2026092504,-32,SYNTHETIC_PLACEBO_ONLY,False,PROVENANCE_ONLY_NOT_CAUSAL_TRUTH,632,4,90,2021-09-24T00:00:00Z,2021-09-25T00:00:00Z,2021.09.24 03:00,STRESS,STABLE_MAPPED_ROW,,False,,856,4,122,2022-05-06T00:00:00Z,2022-05-07T00:00:00Z,STRESS,2022-05-06T00:00:00Z,2022-05-05,-0.346,MED,8/8,,false,VIX_STRESS,False,224,32,0,0,0
BWD,2026092504,-32,SYNTHETIC_PLACEBO_ONLY,False,PROVENANCE_ONLY_NOT_CAUSAL_TRUTH,633,5,90,2021-09-25T00:00:00Z,2021-09-26T00:00:00Z,2021.09.25 03:00,STRESS,STABLE_MAPPED_ROW,,False,,857,5,122,2022-05-07T00:00:00Z,2022-05-08T00:00:00Z,STRESS,2022-05-07T00:00:00Z,2022-05-06,-0.423,MED,8/8,,false,VIX_STRESS,False,224,32,0,0,0
BWD,2026092504,-32,SYNTHETIC_PLACEBO_ONLY,False,PROVENANCE_ONLY_NOT_CAUSAL_TRUTH,634,6,90,2021-09-26T00:00:00Z,2021-09-27T00:00:00Z,2021.09.26 03:00,STRESS,STABLE_MAPPED_ROW,,False,,858,6,122,2022-05-08T00:00:00Z,2022-05-09T00:00:00Z,STRESS,2022-05-08T00:00:00Z,2022-05-07,-0.423,MED,8/8,,false,VIX_STRESS,False,224,32,0,0,0
BWD,2026092504,-32,SYNTHETIC_PLACEBO_ONLY,False,PROVENANCE_ONLY_NOT_CAUSAL_TRUTH,635,0,90,2021-09-27T00:00:00Z,2021-09-28T00:00:00Z,2021.09.27 03:00,STRESS,STABLE_MAPPED_ROW,,False,,859,0,122,2022-05-09T00:00:00Z,2022-05-10T00:00:00Z,STRESS,2022-05-09T00:00:00Z,2022-05-08,-0.308,MED,8/8,,false,VIX_STRESS,False,224,32,0,0,0
BWD,2026092504,-32,SYNTHETIC_PLACEBO_ONLY,False,PROVENANCE_ONLY_NOT_CAUSAL_TRUTH,636,1,90,2021-09-28T00:00:00Z,2021-09-29T00:00:00Z,2021.09.28 03:00,STRESS,STABLE_MAPPED_ROW,,False,,860,1,122,2022-05-10T00:00:00Z,2022-05-11T00:00:00Z,STRESS,2022-05-10T00:00:00Z,2022-05-09,-0.423,HIGH,8/8,,false,VIX_STRESS,False,224,32,0,0,0
BWD,2026092504,-32,SYNTHETIC_PLACEBO_ONLY,False,PROVENANCE_ONLY_NOT_CAUSAL_TRUTH,637,2,91,2021-09-29T00:00:00Z,2021-09-30T00:00:00Z,2021.09.29 03:00,STRESS,STABLE_MAPPED_ROW,,False,,861,2,123,2022-05-11T00:00:00Z,2022-05-12T00:00:00Z,STRESS,2022-05-11T00:00:00Z,2022-05-10,-0.423,HIGH,8/8,,false,VIX_STRESS,False,224,32,0,0,0
BWD,2026092504,-32,SYNTHETIC_PLACEBO_ONLY,False,PROVENANCE_ONLY_NOT_CAUSAL_TRUTH,638,3,91,2021-09-30T00:00:00Z,2021-10-01T00:00:00Z,2021.09.30 03:00,STRESS,STABLE_MAPPED_ROW,,False,,862,3,123,2022-05-12T00:00:00Z,2022-05-13T00:00:00Z,STRESS,2022-05-12T00:00:00Z,2022-05-11,-0.423,HIGH,8/8,,false,VIX_STRESS,False,224,32,0,0,0
BWD,2026092504,-32,SYNTHETIC_PLACEBO_ONLY,False,PROVENANCE_ONLY_NOT_CAUSAL_TRUTH,639,4,91,2021-10-01T00:00:00Z,2021-10-02T00:00:00Z,2021.10.01 03:00,STRESS,STABLE_MAPPED_ROW,,False,,863,4,123,2022-05-13T00:00:00Z,2022-05-14T00:00:00Z,STRESS,2022-05-13T00:00:00Z,2022-05-12,-0.654,HIGH,8/8,,false,VIX_STRESS,False,224,32,0,0,0
BWD,2026092504,-32,SYNTHETIC_PLACEBO_ONLY,False,PROVENANCE_ONLY_NOT_CAUSAL_TRUTH,640,5,91,2021-10-02T00:00:00Z,2021-10-03T00:00:00Z,2021.10.02 03:00,RISK_OFF,STABLE_MAPPED_ROW,,False,,864,5,123,2022-05-14T00:00:00Z,2022-05-15T00:00:00Z,RISK_OFF,2022-05-14T00:00:00Z,2022-05-13,-0.423,HIGH,8/8,,false,,False,224,32,0,0,0
BWD,2026092504,-32,SYNTHETIC_PLACEBO_ONLY,False,PROVENANCE_ONLY_NOT_CAUSAL_TRUTH,641,6,91,2021-10-03T00:00:00Z,2021-10-04T00:00:00Z,2021.10.03 03:00,RISK_OFF,STABLE_MAPPED_ROW,,False,,865,6,123,2022-05-15T00:00:00Z,2022-05-16T00:00:00Z,RISK_OFF,2022-05-15T00:00:00Z,2022-05-14,-0.346,HIGH,8/8,,false,,False,224,32,0,0,0
BWD,2026092504,-32,SYNTHETIC_PLACEBO_ONLY,False,PROVENANCE_ONLY_NOT_CAUSAL_TRUTH,642,0,91,2021-10-04T00:00:00Z,2021-10-05T00:00:00Z,2021.10.04 03:00,RISK_OFF,STABLE_MAPPED_ROW,,False,,866,0,123,2022-05-16T00:00:00Z,2022-05-17T00:00:00Z,RISK_OFF,2022-05-16T00:00:00Z,2022-05-15,-0.346,HIGH,8/8,,false,,False,224,32,0,0,0
BWD,2026092504,-32,SYNTHETIC_PLACEBO_ONLY,False,PROVENANCE_ONLY_NOT_CAUSAL_TRUTH,643,1,91,2021-10-05T00:00:00Z,2021-10-06T00:00:00Z,2021.10.05 03:00,RISK_OFF,STABLE_MAPPED_ROW,,False,,867,1,123,2022-05-17T00:00:00Z,2022-05-18T00:00:00Z,RISK_OFF,2022-05-17T00:00:00Z,2022-05-16,-0.346,HIGH,8/8,,false,,False,224,32,0,0,0
BWD,2026092504,-32,SYNTHETIC_PLACEBO_ONLY,False,PROVENANCE_ONLY_NOT_CAUSAL_TRUTH,644,2,92,2021-10-06T00:00:00Z,2021-10-07T00:00:00Z,2021.10.06 03:00,NEUTRAL,STABLE_MAPPED_ROW,,False,,868,2,124,2022-05-18T00:00:00Z,2022-05-19T00:00:00Z,NEUTRAL,2022-05-18T00:00:00Z,2022-05-17,-0.077,HIGH,8/8,,false,,False,224,32,0,0,0
BWD,2026092504,-32,SYNTHETIC_PLACEBO_ONLY,False,PROVENANCE_ONLY_NOT_CAUSAL_TRUTH,645,3,92,2021-10-07T00:00:00Z,2021-10-08T00:00:00Z,2021.10.07 03:00,STRESS,STABLE_MAPPED_ROW,,False,,869,3,124,2022-05-19T00:00:00Z,2022-05-20T00:00:00Z,STRESS,2022-05-19T00:00:00Z,2022-05-18,-0.346,HIGH,8/8,,false,VIX_STRESS,False,224,32,0,0,0
BWD,2026092504,-32,SYNTHETIC_PLACEBO_ONLY,False,PROVENANCE_ONLY_NOT_CAUSAL_TRUTH,646,4,92,2021-10-08T00:00:00Z,2021-10-09T00:00:00Z,2021.10.08 03:00,NEUTRAL,STABLE_MAPPED_ROW,,False,,870,4,124,2022-05-20T00:00:00Z,2022-05-21T00:00:00Z,NEUTRAL,2022-05-20T00:00:00Z,2022-05-19,-0.077,HIGH,8/8,,false,,False,224,32,0,0,0
BWD,2026092504,-32,SYNTHETIC_PLACEBO_ONLY,False,PROVENANCE_ONLY_NOT_CAUSAL_TRUTH,647,5,92,2021-10-09T00:00:00Z,2021-10-10T00:00:00Z,2021.10.09 03:00,NEUTRAL,STABLE_MAPPED_ROW,,False,,871,5,124,2022-05-21T00:00:00Z,2022-05-22T00:00:00Z,NEUTRAL,2022-05-21T00:00:00Z,2022-05-20,-0.154,HIGH,8/8,,false,,False,224,32,0,0,0
BWD,2026092504,-32,SYNTHETIC_PLACEBO_ONLY,False,PROVENANCE_ONLY_NOT_CAUSAL_TRUTH,648,6,92,2021-10-10T00:00:00Z,2021-10-11T00:00:00Z,2021.10.10 03:00,NEUTRAL,STABLE_MAPPED_ROW,,False,,872,6,124,2022-05-22T00:00:00Z,2022-05-23T00:00:00Z,NEUTRAL,2022-05-22T00:00:00Z,2022-05-21,-0.077,HIGH,8/8,,false,,False,224,32,0,0,0
BWD,2026092504,-32,SYNTHETIC_PLACEBO_ONLY,False,PROVENANCE_ONLY_NOT_CAUSAL_TRUTH,649,0,92,2021-10-11T00:00:00Z,2021-10-12T00:00:00Z,2021.10.11 03:00,NEUTRAL,STABLE_MAPPED_ROW,,False,,873,0,124,2022-05-23T00:00:00Z,2022-05-24T00:00:00Z,NEUTRAL,2022-05-23T00:00:00Z,2022-05-22,-0.077,HIGH,8/8,,false,,False,224,32,0,0,0
BWD,2026092504,-32,SYNTHETIC_PLACEBO_ONLY,False,PROVENANCE_ONLY_NOT_CAUSAL_TRUTH,650,1,92,2021-10-12T00:00:00Z,2021-10-13T00:00:00Z,2021.10.12 03:00,NEUTRAL,STABLE_MAPPED_ROW,,False,,874,1,124,2022-05-24T00:00:00Z,2022-05-25T00:00:00Z,NEUTRAL,2022-05-24T00:00:00Z,2022-05-23,-0.077,HIGH,8/8,,false,,False,224,32,0,0,0
BWD,2026092504,-32,SYNTHETIC_PLACEBO_ONLY,False,PROVENANCE_ONLY_NOT_CAUSAL_TRUTH,651,2,93,2021-10-13T00:00:00Z,2021-10-14T00:00:00Z,2021.10.13 03:00,RISK_OFF,STABLE_MAPPED_ROW,,False,,875,2,125,2022-05-25T00:00:00Z,2022-05-26T00:00:00Z,RISK_OFF,2022-05-25T00:00:00Z,2022-05-24,-0.423,HIGH,8/8,,false,,False,224,32,0,0,0
BWD,2026092504,-32,SYNTHETIC_PLACEBO_ONLY,False,PROVENANCE_ONLY_NOT_CAUSAL_TRUTH,652,3,93,2021-10-14T00:00:00Z,2021-10-15T00:00:00Z,2021.10.14 03:00,NEUTRAL,STABLE_MAPPED_ROW,,False,,876,3,125,2022-05-26T00:00:00Z,2022-05-27T00:00:00Z,NEUTRAL,2022-05-26T00:00:00Z,2022-05-25,-0.077,HIGH,8/8,,false,,False,224,32,0,0,0
BWD,2026092504,-32,SYNTHETIC_PLACEBO_ONLY,False,PROVENANCE_ONLY_NOT_CAUSAL_TRUTH,653,4,93,2021-10-15T00:00:00Z,2021-10-16T00:00:00Z,2021.10.15 03:00,NEUTRAL,STABLE_MAPPED_ROW,,False,,877,4,125,2022-05-27T00:00:00Z,2022-05-28T00:00:00Z,NEUTRAL,2022-05-27T00:00:00Z,2022-05-26,-0.077,HIGH,8/8,,false,,False,224,32,0,0,0
BWD,2026092504,-32,SYNTHETIC_PLACEBO_ONLY,False,PROVENANCE_ONLY_NOT_CAUSAL_TRUTH,654,5,93,2021-10-16T00:00:00Z,2021-10-17T00:00:00Z,2021.10.16 03:00,NEUTRAL,STABLE_MAPPED_ROW,,False,,878,5,125,2022-05-28T00:00:00Z,2022-05-29T00:00:00Z,NEUTRAL,2022-05-28T00:00:00Z,2022-05-27,-0.154,HIGH,8/8,,false,,False,224,32,0,0,0
BWD,2026092504,-32,SYNTHETIC_PLACEBO_ONLY,False,PROVENANCE_ONLY_NOT_CAUSAL_TRUTH,655,6,93,2021-10-17T00:00:00Z,2021-10-18T00:00:00Z,2021.10.17 03:00,NEUTRAL,STABLE_MAPPED_ROW,,False,,879,6,125,2022-05-29T00:00:00Z,2022-05-30T00:00:00Z,NEUTRAL,2022-05-29T00:00:00Z,2022-05-28,-0.077,HIGH,8/8,,false,,False,224,32,0,0,0
BWD,2026092504,-32,SYNTHETIC_PLACEBO_ONLY,False,PROVENANCE_ONLY_NOT_CAUSAL_TRUTH,656,0,93,2021-10-18T00:00:00Z,2021-10-19T00:00:00Z,2021.10.18 03:00,NEUTRAL,STABLE_MAPPED_ROW,,False,,880,0,125,2022-05-30T00:00:00Z,2022-05-31T00:00:00Z,NEUTRAL,2022-05-30T00:00:00Z,2022-05-29,-0.077,HIGH,8/8,,false,,False,224,32,0,0,0
BWD,2026092504,-32,SYNTHETIC_PLACEBO_ONLY,False,PROVENANCE_ONLY_NOT_CAUSAL_TRUTH,657,1,93,2021-10-19T00:00:00Z,2021-10-20T00:00:00Z,2021.10.19 03:00,NEUTRAL,STABLE_MAPPED_ROW,,False,,881,1,125,2022-05-31T00:00:00Z,2022-06-01T00:00:00Z,NEUTRAL,2022-05-31T00:00:00Z,2022-05-30,-0.077,HIGH,8/8,,false,,False,224,32,0,0,0
BWD,2026092504,-32,SYNTHETIC_PLACEBO_ONLY,False,PROVENANCE_ONLY_NOT_CAUSAL_TRUTH,658,2,94,2021-10-20T00:00:00Z,2021-10-21T00:00:00Z,2021.10.20 03:00,NEUTRAL,STABLE_MAPPED_ROW,,False,,882,2,126,2022-06-01T00:00:00Z,2022-06-02T00:00:00Z,NEUTRAL,2022-06-01T00:00:00Z,2022-05-31,-0.077,HIGH,8/8,,false,,False,224,32,0,0,0
BWD,2026092504,-32,SYNTHETIC_PLACEBO_ONLY,False,PROVENANCE_ONLY_NOT_CAUSAL_TRUTH,659,3,94,2021-10-21T00:00:00Z,2021-10-22T00:00:00Z,2021.10.21 03:00,NEUTRAL,STABLE_MAPPED_ROW,,False,,883,3,126,2022-06-02T00:00:00Z,2022-06-03T00:00:00Z,NEUTRAL,2022-06-02T00:00:00Z,2022-06-01,0,LOW,8/8,,false,,False,224,32,0,0,0
BWD,2026092504,-32,SYNTHETIC_PLACEBO_ONLY,False,PROVENANCE_ONLY_NOT_CAUSAL_TRUTH,660,4,94,2021-10-22T00:00:00Z,2021-10-23T00:00:00Z,2021.10.22 03:00,NEUTRAL,STABLE_MAPPED_ROW,,False,,884,4,126,2022-06-03T00:00:00Z,2022-06-04T00:00:00Z,NEUTRAL,2022-06-03T00:00:00Z,2022-06-02,0.154,MED,8/8,,false,,False,224,32,0,0,0
BWD,2026092504,-32,SYNTHETIC_PLACEBO_ONLY,False,PROVENANCE_ONLY_NOT_CAUSAL_TRUTH,661,5,94,2021-10-23T00:00:00Z,2021-10-24T00:00:00Z,2021.10.23 03:00,NEUTRAL,STABLE_MAPPED_ROW,,False,,885,5,126,2022-06-04T00:00:00Z,2022-06-05T00:00:00Z,NEUTRAL,2022-06-04T00:00:00Z,2022-06-03,0.154,MED,8/8,,false,,False,224,32,0,0,0
BWD,2026092504,-32,SYNTHETIC_PLACEBO_ONLY,False,PROVENANCE_ONLY_NOT_CAUSAL_TRUTH,662,6,94,2021-10-24T00:00:00Z,2021-10-25T00:00:00Z,2021.10.24 03:00,NEUTRAL,STABLE_MAPPED_ROW,,False,,886,6,126,2022-06-05T00:00:00Z,2022-06-06T00:00:00Z,NEUTRAL,2022-06-05T00:00:00Z,2022-06-04,0.077,MED,8/8,,false,,False,224,32,0,0,0
BWD,2026092504,-32,SYNTHETIC_PLACEBO_ONLY,False,PROVENANCE_ONLY_NOT_CAUSAL_TRUTH,663,0,94,2021-10-25T00:00:00Z,2021-10-26T00:00:00Z,2021.10.25 03:00,NEUTRAL,STABLE_MAPPED_ROW,,False,,887,0,126,2022-06-06T00:00:00Z,2022-06-07T00:00:00Z,NEUTRAL,2022-06-06T00:00:00Z,2022-06-05,0.077,MED,8/8,,false,,False,224,32,0,0,0
BWD,2026092504,-32,SYNTHETIC_PLACEBO_ONLY,False,PROVENANCE_ONLY_NOT_CAUSAL_TRUTH,664,1,94,2021-10-26T00:00:00Z,2021-10-27T00:00:00Z,2021.10.26 03:00,NEUTRAL,STABLE_MAPPED_ROW,,False,,888,1,126,2022-06-07T00:00:00Z,2022-06-08T00:00:00Z,NEUTRAL,2022-06-07T00:00:00Z,2022-06-06,0.154,MED,8/8,,false,,False,224,32,0,0,0
BWD,2026092504,-32,SYNTHETIC_PLACEBO_ONLY,False,PROVENANCE_ONLY_NOT_CAUSAL_TRUTH,665,2,95,2021-10-27T00:00:00Z,2021-10-28T00:00:00Z,2021.10.27 03:00,NEUTRAL,STABLE_MAPPED_ROW,,False,,889,2,127,2022-06-08T00:00:00Z,2022-06-09T00:00:00Z,NEUTRAL,2022-06-08T00:00:00Z,2022-06-07,0.077,MED,8/8,,false,,False,224,32,0,0,0
BWD,2026092504,-32,SYNTHETIC_PLACEBO_ONLY,False,PROVENANCE_ONLY_NOT_CAUSAL_TRUTH,666,3,95,2021-10-28T00:00:00Z,2021-10-29T00:00:00Z,2021.10.28 03:00,NEUTRAL,STABLE_MAPPED_ROW,,False,,890,3,127,2022-06-09T00:00:00Z,2022-06-10T00:00:00Z,NEUTRAL,2022-06-09T00:00:00Z,2022-06-08,0.077,MED,8/8,,false,,False,224,32,0,0,0
BWD,2026092504,-32,SYNTHETIC_PLACEBO_ONLY,False,PROVENANCE_ONLY_NOT_CAUSAL_TRUTH,667,4,95,2021-10-29T00:00:00Z,2021-10-30T00:00:00Z,2021.10.29 03:00,NEUTRAL,STABLE_MAPPED_ROW,,False,,891,4,127,2022-06-10T00:00:00Z,2022-06-11T00:00:00Z,NEUTRAL,2022-06-10T00:00:00Z,2022-06-09,-0.154,HIGH,8/8,,false,,False,224,32,0,0,0
BWD,2026092504,-32,SYNTHETIC_PLACEBO_ONLY,False,PROVENANCE_ONLY_NOT_CAUSAL_TRUTH,668,5,95,2021-10-30T00:00:00Z,2021-10-31T00:00:00Z,2021.10.30 03:00,NEUTRAL,STABLE_MAPPED_ROW,,False,,892,5,127,2022-06-11T00:00:00Z,2022-06-12T00:00:00Z,NEUTRAL,2022-06-11T00:00:00Z,2022-06-10,-0.231,MED,8/8,,false,,False,224,32,0,0,0
BWD,2026092504,-32,SYNTHETIC_PLACEBO_ONLY,False,PROVENANCE_ONLY_NOT_CAUSAL_TRUTH,669,6,95,2021-10-31T00:00:00Z,2021-11-01T00:00:00Z,2021.10.31 03:00,RISK_OFF,STABLE_MAPPED_ROW,,False,,893,6,127,2022-06-12T00:00:00Z,2022-06-13T00:00:00Z,RISK_OFF,2022-06-12T00:00:00Z,2022-06-11,-0.308,MED,8/8,,false,,False,224,32,0,0,0
BWD,2026092504,-32,SYNTHETIC_PLACEBO_ONLY,False,PROVENANCE_ONLY_NOT_CAUSAL_TRUTH,670,0,95,2021-11-01T00:00:00Z,2021-11-02T00:00:00Z,2021.11.01 03:00,RISK_OFF,STABLE_MAPPED_ROW,,False,,894,0,127,2022-06-13T00:00:00Z,2022-06-14T00:00:00Z,RISK_OFF,2022-06-13T00:00:00Z,2022-06-12,-0.308,MED,8/8,,false,,False,224,32,0,0,0
BWD,2026092504,-32,SYNTHETIC_PLACEBO_ONLY,False,PROVENANCE_ONLY_NOT_CAUSAL_TRUTH,671,1,95,2021-11-02T00:00:00Z,2021-11-03T00:00:00Z,2021.11.02 03:00,STRESS,STABLE_MAPPED_ROW,,False,,895,1,127,2022-06-14T00:00:00Z,2022-06-15T00:00:00Z,STRESS,2022-06-14T00:00:00Z,2022-06-13,-0.5,MED,8/8,,false,VIX_STRESS,False,224,32,0,0,0
BWD,2026092504,-32,SYNTHETIC_PLACEBO_ONLY,False,PROVENANCE_ONLY_NOT_CAUSAL_TRUTH,672,2,96,2021-11-03T00:00:00Z,2021-11-04T00:00:00Z,2021.11.03 03:00,STRESS,STABLE_MAPPED_ROW,,False,,896,2,128,2022-06-15T00:00:00Z,2022-06-16T00:00:00Z,STRESS,2022-06-15T00:00:00Z,2022-06-14,-0.5,MED,8/8,,false,VIX_STRESS,False,224,32,0,0,0
BWD,2026092504,-32,SYNTHETIC_PLACEBO_ONLY,False,PROVENANCE_ONLY_NOT_CAUSAL_TRUTH,673,3,96,2021-11-04T00:00:00Z,2021-11-05T00:00:00Z,2021.11.04 03:00,RISK_OFF,STABLE_MAPPED_ROW,,False,,897,3,128,2022-06-16T00:00:00Z,2022-06-17T00:00:00Z,RISK_OFF,2022-06-16T00:00:00Z,2022-06-15,-0.346,MED,8/8,,false,,False,224,32,0,0,0
BWD,2026092504,-32,SYNTHETIC_PLACEBO_ONLY,False,PROVENANCE_ONLY_NOT_CAUSAL_TRUTH,674,4,96,2021-11-05T00:00:00Z,2021-11-06T00:00:00Z,2021.11.05 03:00,STRESS,STABLE_MAPPED_ROW,,False,,898,4,128,2022-06-17T00:00:00Z,2022-06-18T00:00:00Z,STRESS,2022-06-17T00:00:00Z,2022-06-16,-0.423,MED,8/8,,false,VIX_STRESS,False,224,32,0,0,0
BWD,2026092504,-32,SYNTHETIC_PLACEBO_ONLY,False,PROVENANCE_ONLY_NOT_CAUSAL_TRUTH,675,5,96,2021-11-06T00:00:00Z,2021-11-07T00:00:00Z,2021.11.06 03:00,STRESS,STABLE_MAPPED_ROW,,False,,899,5,128,2022-06-18T00:00:00Z,2022-06-19T00:00:00Z,STRESS,2022-06-18T00:00:00Z,2022-06-17,-0.5,HIGH,8/8,,false,VIX_STRESS,False,224,32,0,0,0
BWD,2026092504,-32,SYNTHETIC_PLACEBO_ONLY,False,PROVENANCE_ONLY_NOT_CAUSAL_TRUTH,676,6,96,2021-11-07T00:00:00Z,2021-11-08T00:00:00Z,2021.11.07 00:00,UNKNOWN,TRANSITION_UNKNOWN_BOUNDARY_MARKER,2021-11-07,True,2021.11.08 02:00,900,6,128,2022-06-19T00:00:00Z,2022-06-20T00:00:00Z,STRESS,2022-06-19T00:00:00Z,2022-06-18,-0.5,HIGH,8/8,,false,VIX_STRESS,False,224,32,0,0,0
BWD,2026092504,-32,SYNTHETIC_PLACEBO_ONLY,False,PROVENANCE_ONLY_NOT_CAUSAL_TRUTH,677,0,96,2021-11-08T00:00:00Z,2021-11-09T00:00:00Z,2021.11.08 02:00,STRESS,STABLE_MAPPED_ROW,,False,,901,0,128,2022-06-20T00:00:00Z,2022-06-21T00:00:00Z,STRESS,2022-06-20T00:00:00Z,2022-06-19,-0.5,HIGH,8/8,,false,VIX_STRESS,False,224,32,0,0,0
BWD,2026092504,-32,SYNTHETIC_PLACEBO_ONLY,False,PROVENANCE_ONLY_NOT_CAUSAL_TRUTH,678,1,96,2021-11-09T00:00:00Z,2021-11-10T00:00:00Z,2021.11.09 02:00,STRESS,STABLE_MAPPED_ROW,,False,,902,1,128,2022-06-21T00:00:00Z,2022-06-22T00:00:00Z,STRESS,2022-06-21T00:00:00Z,2022-06-20,-0.385,HIGH,8/8,,false,VIX_STRESS,False,224,32,0,0,0
BWD,2026092504,-32,SYNTHETIC_PLACEBO_ONLY,False,PROVENANCE_ONLY_NOT_CAUSAL_TRUTH,679,2,97,2021-11-10T00:00:00Z,2021-11-11T00:00:00Z,2021.11.10 02:00,STRESS,STABLE_MAPPED_ROW,,False,,903,2,129,2022-06-22T00:00:00Z,2022-06-23T00:00:00Z,STRESS,2022-06-22T00:00:00Z,2022-06-21,-0.308,HIGH,8/8,,false,VIX_STRESS,False,224,32,0,0,0
BWD,2026092504,-32,SYNTHETIC_PLACEBO_ONLY,False,PROVENANCE_ONLY_NOT_CAUSAL_TRUTH,680,3,97,2021-11-11T00:00:00Z,2021-11-12T00:00:00Z,2021.11.11 02:00,RISK_OFF,STABLE_MAPPED_ROW,,False,,904,3,129,2022-06-23T00:00:00Z,2022-06-24T00:00:00Z,RISK_OFF,2022-06-23T00:00:00Z,2022-06-22,-0.423,HIGH,8/8,,false,,False,224,32,0,0,0
BWD,2026092504,-32,SYNTHETIC_PLACEBO_ONLY,False,PROVENANCE_ONLY_NOT_CAUSAL_TRUTH,681,4,97,2021-11-12T00:00:00Z,2021-11-13T00:00:00Z,2021.11.12 02:00,RISK_OFF,STABLE_MAPPED_ROW,,False,,905,4,129,2022-06-24T00:00:00Z,2022-06-25T00:00:00Z,RISK_OFF,2022-06-24T00:00:00Z,2022-06-23,-0.423,HIGH,8/8,,false,,False,224,32,0,0,0
BWD,2026092504,-32,SYNTHETIC_PLACEBO_ONLY,False,PROVENANCE_ONLY_NOT_CAUSAL_TRUTH,682,5,97,2021-11-13T00:00:00Z,2021-11-14T00:00:00Z,2021.11.13 02:00,RISK_OFF,STABLE_MAPPED_ROW,,False,,906,5,129,2022-06-25T00:00:00Z,2022-06-26T00:00:00Z,RISK_OFF,2022-06-25T00:00:00Z,2022-06-24,-0.423,HIGH,8/8,,false,,False,224,32,0,0,0
BWD,2026092504,-32,SYNTHETIC_PLACEBO_ONLY,False,PROVENANCE_ONLY_NOT_CAUSAL_TRUTH,683,6,97,2021-11-14T00:00:00Z,2021-11-15T00:00:00Z,2021.11.14 02:00,RISK_OFF,STABLE_MAPPED_ROW,,False,,907,6,129,2022-06-26T00:00:00Z,2022-06-27T00:00:00Z,RISK_OFF,2022-06-26T00:00:00Z,2022-06-25,-0.423,HIGH,8/8,,false,,False,224,32,0,0,0
BWD,2026092504,-32,SYNTHETIC_PLACEBO_ONLY,False,PROVENANCE_ONLY_NOT_CAUSAL_TRUTH,684,0,97,2021-11-15T00:00:00Z,2021-11-16T00:00:00Z,2021.11.15 02:00,RISK_OFF,STABLE_MAPPED_ROW,,False,,908,0,129,2022-06-27T00:00:00Z,2022-06-28T00:00:00Z,RISK_OFF,2022-06-27T00:00:00Z,2022-06-26,-0.423,HIGH,8/8,,false,,False,224,32,0,0,0
BWD,2026092504,-32,SYNTHETIC_PLACEBO_ONLY,False,PROVENANCE_ONLY_NOT_CAUSAL_TRUTH,685,1,97,2021-11-16T00:00:00Z,2021-11-17T00:00:00Z,2021.11.16 02:00,RISK_OFF,STABLE_MAPPED_ROW,,False,,909,1,129,2022-06-28T00:00:00Z,2022-06-29T00:00:00Z,RISK_OFF,2022-06-28T00:00:00Z,2022-06-27,-0.269,HIGH,8/8,,false,,False,224,32,0,0,0
BWD,2026092504,-32,SYNTHETIC_PLACEBO_ONLY,False,PROVENANCE_ONLY_NOT_CAUSAL_TRUTH,686,2,98,2021-11-17T00:00:00Z,2021-11-18T00:00:00Z,2021.11.17 02:00,RISK_OFF,STABLE_MAPPED_ROW,,False,,910,2,130,2022-06-29T00:00:00Z,2022-06-30T00:00:00Z,RISK_OFF,2022-06-29T00:00:00Z,2022-06-28,-0.346,HIGH,8/8,,false,,False,224,32,0,0,0
BWD,2026092504,-32,SYNTHETIC_PLACEBO_ONLY,False,PROVENANCE_ONLY_NOT_CAUSAL_TRUTH,687,3,98,2021-11-18T00:00:00Z,2021-11-19T00:00:00Z,2021.11.18 02:00,NEUTRAL,STABLE_MAPPED_ROW,,False,,911,3,130,2022-06-30T00:00:00Z,2022-07-01T00:00:00Z,NEUTRAL,2022-06-30T00:00:00Z,2022-06-29,-0.231,HIGH,8/8,,false,,False,224,32,0,0,0
BWD,2026092504,-32,SYNTHETIC_PLACEBO_ONLY,False,PROVENANCE_ONLY_NOT_CAUSAL_TRUTH,688,4,98,2021-11-19T00:00:00Z,2021-11-20T00:00:00Z,2021.11.19 02:00,NEUTRAL,STABLE_MAPPED_ROW,,False,,912,4,130,2022-07-01T00:00:00Z,2022-07-02T00:00:00Z,NEUTRAL,2022-07-01T00:00:00Z,2022-06-30,-0.154,HIGH,8/8,,false,,False,224,32,0,0,0
BWD,2026092504,-32,SYNTHETIC_PLACEBO_ONLY,False,PROVENANCE_ONLY_NOT_CAUSAL_TRUTH,689,5,98,2021-11-20T00:00:00Z,2021-11-21T00:00:00Z,2021.11.20 02:00,RISK_OFF,STABLE_MAPPED_ROW,,False,,913,5,130,2022-07-02T00:00:00Z,2022-07-03T00:00:00Z,RISK_OFF,2022-07-02T00:00:00Z,2022-07-01,-0.385,HIGH,8/8,,false,,False,224,32,0,0,0
BWD,2026092504,-32,SYNTHETIC_PLACEBO_ONLY,False,PROVENANCE_ONLY_NOT_CAUSAL_TRUTH,690,6,98,2021-11-21T00:00:00Z,2021-11-22T00:00:00Z,2021.11.21 02:00,RISK_OFF,STABLE_MAPPED_ROW,,False,,914,6,130,2022-07-03T00:00:00Z,2022-07-04T00:00:00Z,RISK_OFF,2022-07-03T00:00:00Z,2022-07-02,-0.385,HIGH,8/8,,false,,False,224,32,0,0,0
BWD,2026092504,-32,SYNTHETIC_PLACEBO_ONLY,False,PROVENANCE_ONLY_NOT_CAUSAL_TRUTH,691,0,98,2021-11-22T00:00:00Z,2021-11-23T00:00:00Z,2021.11.22 02:00,RISK_OFF,STABLE_MAPPED_ROW,,False,,915,0,130,2022-07-04T00:00:00Z,2022-07-05T00:00:00Z,RISK_OFF,2022-07-04T00:00:00Z,2022-07-03,-0.5,HIGH,8/8,,false,,False,224,32,0,0,0
BWD,2026092504,-32,SYNTHETIC_PLACEBO_ONLY,False,PROVENANCE_ONLY_NOT_CAUSAL_TRUTH,692,1,98,2021-11-23T00:00:00Z,2021-11-24T00:00:00Z,2021.11.23 02:00,RISK_OFF,STABLE_MAPPED_ROW,,False,,916,1,130,2022-07-05T00:00:00Z,2022-07-06T00:00:00Z,RISK_OFF,2022-07-05T00:00:00Z,2022-07-04,-0.423,HIGH,8/8,,false,,False,224,32,0,0,0
BWD,2026092504,-32,SYNTHETIC_PLACEBO_ONLY,False,PROVENANCE_ONLY_NOT_CAUSAL_TRUTH,693,2,99,2021-11-24T00:00:00Z,2021-11-25T00:00:00Z,2021.11.24 02:00,RISK_OFF,STABLE_MAPPED_ROW,,False,,917,2,131,2022-07-06T00:00:00Z,2022-07-07T00:00:00Z,RISK_OFF,2022-07-06T00:00:00Z,2022-07-05,-0.5,HIGH,8/8,,false,,False,224,32,0,0,0
BWD,2026092504,-32,SYNTHETIC_PLACEBO_ONLY,False,PROVENANCE_ONLY_NOT_CAUSAL_TRUTH,694,3,99,2021-11-25T00:00:00Z,2021-11-26T00:00:00Z,2021.11.25 02:00,RISK_OFF,STABLE_MAPPED_ROW,,False,,918,3,131,2022-07-07T00:00:00Z,2022-07-08T00:00:00Z,RISK_OFF,2022-07-07T00:00:00Z,2022-07-06,-0.5,HIGH,8/8,,false,,False,224,32,0,0,0
BWD,2026092504,-32,SYNTHETIC_PLACEBO_ONLY,False,PROVENANCE_ONLY_NOT_CAUSAL_TRUTH,695,4,99,2021-11-26T00:00:00Z,2021-11-27T00:00:00Z,2021.11.26 02:00,RISK_OFF,STABLE_MAPPED_ROW,,False,,919,4,131,2022-07-08T00:00:00Z,2022-07-09T00:00:00Z,RISK_OFF,2022-07-08T00:00:00Z,2022-07-07,-0.346,HIGH,8/8,,false,,False,224,32,0,0,0
BWD,2026092504,-32,SYNTHETIC_PLACEBO_ONLY,False,PROVENANCE_ONLY_NOT_CAUSAL_TRUTH,696,5,99,2021-11-27T00:00:00Z,2021-11-28T00:00:00Z,2021.11.27 02:00,RISK_OFF,STABLE_MAPPED_ROW,,False,,920,5,131,2022-07-09T00:00:00Z,2022-07-10T00:00:00Z,RISK_OFF,2022-07-09T00:00:00Z,2022-07-08,-0.346,HIGH,8/8,,false,,False,224,32,0,0,0
BWD,2026092504,-32,SYNTHETIC_PLACEBO_ONLY,False,PROVENANCE_ONLY_NOT_CAUSAL_TRUTH,697,6,99,2021-11-28T00:00:00Z,2021-11-29T00:00:00Z,2021.11.28 02:00,RISK_OFF,STABLE_MAPPED_ROW,,False,,921,6,131,2022-07-10T00:00:00Z,2022-07-11T00:00:00Z,RISK_OFF,2022-07-10T00:00:00Z,2022-07-09,-0.346,HIGH,8/8,,false,,False,224,32,0,0,0
BWD,2026092504,-32,SYNTHETIC_PLACEBO_ONLY,False,PROVENANCE_ONLY_NOT_CAUSAL_TRUTH,698,0,99,2021-11-29T00:00:00Z,2021-11-30T00:00:00Z,2021.11.29 02:00,NEUTRAL,STABLE_MAPPED_ROW,,False,,922,0,131,2022-07-11T00:00:00Z,2022-07-12T00:00:00Z,NEUTRAL,2022-07-11T00:00:00Z,2022-07-10,-0.231,HIGH,8/8,,false,,False,224,32,0,0,0
BWD,2026092504,-32,SYNTHETIC_PLACEBO_ONLY,False,PROVENANCE_ONLY_NOT_CAUSAL_TRUTH,699,1,99,2021-11-30T00:00:00Z,2021-12-01T00:00:00Z,2021.11.30 02:00,RISK_OFF,STABLE_MAPPED_ROW,,False,,923,1,131,2022-07-12T00:00:00Z,2022-07-13T00:00:00Z,RISK_OFF,2022-07-12T00:00:00Z,2022-07-11,-0.346,HIGH,8/8,,false,,False,224,32,0,0,0
BWD,2026092504,-32,SYNTHETIC_PLACEBO_ONLY,False,PROVENANCE_ONLY_NOT_CAUSAL_TRUTH,700,2,100,2021-12-01T00:00:00Z,2021-12-02T00:00:00Z,2021.12.01 02:00,NEUTRAL,STABLE_MAPPED_ROW,,False,,924,2,132,2022-07-13T00:00:00Z,2022-07-14T00:00:00Z,NEUTRAL,2022-07-13T00:00:00Z,2022-07-12,-0.231,HIGH,8/8,,false,,False,224,32,0,0,0
BWD,2026092504,-32,SYNTHETIC_PLACEBO_ONLY,False,PROVENANCE_ONLY_NOT_CAUSAL_TRUTH,701,3,100,2021-12-02T00:00:00Z,2021-12-03T00:00:00Z,2021.12.02 02:00,NEUTRAL,STABLE_MAPPED_ROW,,False,,925,3,132,2022-07-14T00:00:00Z,2022-07-15T00:00:00Z,NEUTRAL,2022-07-14T00:00:00Z,2022-07-13,-0.154,HIGH,8/8,,false,,False,224,32,0,0,0
BWD,2026092504,-32,SYNTHETIC_PLACEBO_ONLY,False,PROVENANCE_ONLY_NOT_CAUSAL_TRUTH,702,4,100,2021-12-03T00:00:00Z,2021-12-04T00:00:00Z,2021.12.03 02:00,NEUTRAL,STABLE_MAPPED_ROW,,False,,926,4,132,2022-07-15T00:00:00Z,2022-07-16T00:00:00Z,NEUTRAL,2022-07-15T00:00:00Z,2022-07-14,-0.231,HIGH,8/8,,false,,False,224,32,0,0,0
BWD,2026092504,-32,SYNTHETIC_PLACEBO_ONLY,False,PROVENANCE_ONLY_NOT_CAUSAL_TRUTH,703,5,100,2021-12-04T00:00:00Z,2021-12-05T00:00:00Z,2021.12.04 02:00,RISK_OFF,STABLE_MAPPED_ROW,,False,,927,5,132,2022-07-16T00:00:00Z,2022-07-17T00:00:00Z,RISK_OFF,2022-07-16T00:00:00Z,2022-07-15,-0.308,HIGH,8/8,,false,,False,224,32,0,0,0
BWD,2026092504,-32,SYNTHETIC_PLACEBO_ONLY,False,PROVENANCE_ONLY_NOT_CAUSAL_TRUTH,704,6,100,2021-12-05T00:00:00Z,2021-12-06T00:00:00Z,2021.12.05 02:00,RISK_OFF,STABLE_MAPPED_ROW,,False,,928,6,132,2022-07-17T00:00:00Z,2022-07-18T00:00:00Z,RISK_OFF,2022-07-17T00:00:00Z,2022-07-16,-0.308,HIGH,8/8,,false,,False,224,32,0,0,0
BWD,2026092504,-32,SYNTHETIC_PLACEBO_ONLY,False,PROVENANCE_ONLY_NOT_CAUSAL_TRUTH,705,0,100,2021-12-06T00:00:00Z,2021-12-07T00:00:00Z,2021.12.06 02:00,RISK_OFF,STABLE_MAPPED_ROW,,False,,929,0,132,2022-07-18T00:00:00Z,2022-07-19T00:00:00Z,RISK_OFF,2022-07-18T00:00:00Z,2022-07-17,-0.308,HIGH,8/8,,false,,False,224,32,0,0,0
BWD,2026092504,-32,SYNTHETIC_PLACEBO_ONLY,False,PROVENANCE_ONLY_NOT_CAUSAL_TRUTH,706,1,100,2021-12-07T00:00:00Z,2021-12-08T00:00:00Z,2021.12.07 02:00,NEUTRAL,STABLE_MAPPED_ROW,,False,,930,1,132,2022-07-19T00:00:00Z,2022-07-20T00:00:00Z,NEUTRAL,2022-07-19T00:00:00Z,2022-07-18,-0.077,HIGH,8/8,,false,,False,224,32,0,0,0
BWD,2026092504,-32,SYNTHETIC_PLACEBO_ONLY,False,PROVENANCE_ONLY_NOT_CAUSAL_TRUTH,707,2,101,2021-12-08T00:00:00Z,2021-12-09T00:00:00Z,2021.12.08 02:00,NEUTRAL,STABLE_MAPPED_ROW,,False,,931,2,133,2022-07-20T00:00:00Z,2022-07-21T00:00:00Z,NEUTRAL,2022-07-20T00:00:00Z,2022-07-19,-0.077,HIGH,8/8,,false,,False,224,32,0,0,0
BWD,2026092504,-32,SYNTHETIC_PLACEBO_ONLY,False,PROVENANCE_ONLY_NOT_CAUSAL_TRUTH,708,3,101,2021-12-09T00:00:00Z,2021-12-10T00:00:00Z,2021.12.09 02:00,NEUTRAL,STABLE_MAPPED_ROW,,False,,932,3,133,2022-07-21T00:00:00Z,2022-07-22T00:00:00Z,NEUTRAL,2022-07-21T00:00:00Z,2022-07-20,-0.077,HIGH,8/8,,false,,False,224,32,0,0,0
BWD,2026092504,-32,SYNTHETIC_PLACEBO_ONLY,False,PROVENANCE_ONLY_NOT_CAUSAL_TRUTH,709,4,101,2021-12-10T00:00:00Z,2021-12-11T00:00:00Z,2021.12.10 02:00,NEUTRAL,STABLE_MAPPED_ROW,,False,,933,4,133,2022-07-22T00:00:00Z,2022-07-23T00:00:00Z,NEUTRAL,2022-07-22T00:00:00Z,2022-07-21,-0.077,HIGH,8/8,,false,,False,224,32,0,0,0
BWD,2026092504,-32,SYNTHETIC_PLACEBO_ONLY,False,PROVENANCE_ONLY_NOT_CAUSAL_TRUTH,710,5,101,2021-12-11T00:00:00Z,2021-12-12T00:00:00Z,2021.12.11 02:00,NEUTRAL,STABLE_MAPPED_ROW,,False,,934,5,133,2022-07-23T00:00:00Z,2022-07-24T00:00:00Z,NEUTRAL,2022-07-23T00:00:00Z,2022-07-22,-0.077,HIGH,8/8,,false,,False,224,32,0,0,0
BWD,2026092504,-32,SYNTHETIC_PLACEBO_ONLY,False,PROVENANCE_ONLY_NOT_CAUSAL_TRUTH,711,6,101,2021-12-12T00:00:00Z,2021-12-13T00:00:00Z,2021.12.12 02:00,NEUTRAL,STABLE_MAPPED_ROW,,False,,935,6,133,2022-07-24T00:00:00Z,2022-07-25T00:00:00Z,NEUTRAL,2022-07-24T00:00:00Z,2022-07-23,-0.077,HIGH,8/8,,false,,False,224,32,0,0,0
BWD,2026092504,-32,SYNTHETIC_PLACEBO_ONLY,False,PROVENANCE_ONLY_NOT_CAUSAL_TRUTH,712,0,101,2021-12-13T00:00:00Z,2021-12-14T00:00:00Z,2021.12.13 02:00,RISK_OFF,STABLE_MAPPED_ROW,,False,,936,0,133,2022-07-25T00:00:00Z,2022-07-26T00:00:00Z,RISK_OFF,2022-07-25T00:00:00Z,2022-07-24,-0.269,HIGH,8/8,,false,,False,224,32,0,0,0
BWD,2026092504,-32,SYNTHETIC_PLACEBO_ONLY,False,PROVENANCE_ONLY_NOT_CAUSAL_TRUTH,713,1,101,2021-12-14T00:00:00Z,2021-12-15T00:00:00Z,2021.12.14 02:00,NEUTRAL,STABLE_MAPPED_ROW,,False,,937,1,133,2022-07-26T00:00:00Z,2022-07-27T00:00:00Z,NEUTRAL,2022-07-26T00:00:00Z,2022-07-25,-0.154,HIGH,8/8,,false,,False,224,32,0,0,0
BWD,2026092504,-32,SYNTHETIC_PLACEBO_ONLY,False,PROVENANCE_ONLY_NOT_CAUSAL_TRUTH,714,2,102,2021-12-15T00:00:00Z,2021-12-16T00:00:00Z,2021.12.15 02:00,RISK_OFF,STABLE_MAPPED_ROW,,False,,938,2,134,2022-07-27T00:00:00Z,2022-07-28T00:00:00Z,RISK_OFF,2022-07-27T00:00:00Z,2022-07-26,-0.423,HIGH,8/8,,false,,False,224,32,0,0,0
BWD,2026092504,-32,SYNTHETIC_PLACEBO_ONLY,False,PROVENANCE_ONLY_NOT_CAUSAL_TRUTH,715,3,102,2021-12-16T00:00:00Z,2021-12-17T00:00:00Z,2021.12.16 02:00,RISK_OFF,STABLE_MAPPED_ROW,,False,,939,3,134,2022-07-28T00:00:00Z,2022-07-29T00:00:00Z,RISK_OFF,2022-07-28T00:00:00Z,2022-07-27,-0.346,HIGH,8/8,,false,,False,224,32,0,0,0
BWD,2026092504,-32,SYNTHETIC_PLACEBO_ONLY,False,PROVENANCE_ONLY_NOT_CAUSAL_TRUTH,716,4,102,2021-12-17T00:00:00Z,2021-12-18T00:00:00Z,2021.12.17 02:00,RISK_OFF,STABLE_MAPPED_ROW,,False,,940,4,134,2022-07-29T00:00:00Z,2022-07-30T00:00:00Z,RISK_OFF,2022-07-29T00:00:00Z,2022-07-28,-0.346,HIGH,8/8,,false,,False,224,32,0,0,0
BWD,2026092504,-32,SYNTHETIC_PLACEBO_ONLY,False,PROVENANCE_ONLY_NOT_CAUSAL_TRUTH,717,5,102,2021-12-18T00:00:00Z,2021-12-19T00:00:00Z,2021.12.18 02:00,NEUTRAL,STABLE_MAPPED_ROW,,False,,941,5,134,2022-07-30T00:00:00Z,2022-07-31T00:00:00Z,NEUTRAL,2022-07-30T00:00:00Z,2022-07-29,-0.192,HIGH,8/8,,false,,False,224,32,0,0,0
BWD,2026092504,-32,SYNTHETIC_PLACEBO_ONLY,False,PROVENANCE_ONLY_NOT_CAUSAL_TRUTH,718,6,102,2021-12-19T00:00:00Z,2021-12-20T00:00:00Z,2021.12.19 02:00,NEUTRAL,STABLE_MAPPED_ROW,,False,,942,6,134,2022-07-31T00:00:00Z,2022-08-01T00:00:00Z,NEUTRAL,2022-07-31T00:00:00Z,2022-07-30,-0.192,HIGH,8/8,,false,,False,224,32,0,0,0
BWD,2026092504,-32,SYNTHETIC_PLACEBO_ONLY,False,PROVENANCE_ONLY_NOT_CAUSAL_TRUTH,719,0,102,2021-12-20T00:00:00Z,2021-12-21T00:00:00Z,2021.12.20 02:00,NEUTRAL,STABLE_MAPPED_ROW,,False,,943,0,134,2022-08-01T00:00:00Z,2022-08-02T00:00:00Z,NEUTRAL,2022-08-01T00:00:00Z,2022-07-31,-0.192,HIGH,8/8,,false,,False,224,32,0,0,0
BWD,2026092504,-32,SYNTHETIC_PLACEBO_ONLY,False,PROVENANCE_ONLY_NOT_CAUSAL_TRUTH,720,1,102,2021-12-21T00:00:00Z,2021-12-22T00:00:00Z,2021.12.21 02:00,RISK_OFF,STABLE_MAPPED_ROW,,False,,944,1,134,2022-08-02T00:00:00Z,2022-08-03T00:00:00Z,RISK_OFF,2022-08-02T00:00:00Z,2022-08-01,-0.654,HIGH,8/8,,false,,False,224,32,0,0,0
BWD,2026092504,-32,SYNTHETIC_PLACEBO_ONLY,False,PROVENANCE_ONLY_NOT_CAUSAL_TRUTH,721,2,103,2021-12-22T00:00:00Z,2021-12-23T00:00:00Z,2021.12.22 02:00,RISK_OFF,STABLE_MAPPED_ROW,,False,,945,2,135,2022-08-03T00:00:00Z,2022-08-04T00:00:00Z,RISK_OFF,2022-08-03T00:00:00Z,2022-08-02,-0.577,HIGH,8/8,,false,,False,224,32,0,0,0
BWD,2026092504,-32,SYNTHETIC_PLACEBO_ONLY,False,PROVENANCE_ONLY_NOT_CAUSAL_TRUTH,722,3,103,2021-12-23T00:00:00Z,2021-12-24T00:00:00Z,2021.12.23 02:00,RISK_OFF,STABLE_MAPPED_ROW,,False,,946,3,135,2022-08-04T00:00:00Z,2022-08-05T00:00:00Z,RISK_OFF,2022-08-04T00:00:00Z,2022-08-03,-0.269,HIGH,8/8,,false,,False,224,32,0,0,0
BWD,2026092504,-32,SYNTHETIC_PLACEBO_ONLY,False,PROVENANCE_ONLY_NOT_CAUSAL_TRUTH,723,4,103,2021-12-24T00:00:00Z,2021-12-25T00:00:00Z,2021.12.24 02:00,RISK_OFF,STABLE_MAPPED_ROW,,False,,947,4,135,2022-08-05T00:00:00Z,2022-08-06T00:00:00Z,RISK_OFF,2022-08-05T00:00:00Z,2022-08-04,-0.269,HIGH,8/8,,false,,False,224,32,0,0,0
BWD,2026092504,-32,SYNTHETIC_PLACEBO_ONLY,False,PROVENANCE_ONLY_NOT_CAUSAL_TRUTH,724,5,103,2021-12-25T00:00:00Z,2021-12-26T00:00:00Z,2021.12.25 02:00,NEUTRAL,STABLE_MAPPED_ROW,,False,,948,5,135,2022-08-06T00:00:00Z,2022-08-07T00:00:00Z,NEUTRAL,2022-08-06T00:00:00Z,2022-08-05,-0.115,MED,8/8,,false,,False,224,32,0,0,0
BWD,2026092504,-32,SYNTHETIC_PLACEBO_ONLY,False,PROVENANCE_ONLY_NOT_CAUSAL_TRUTH,725,6,103,2021-12-26T00:00:00Z,2021-12-27T00:00:00Z,2021.12.26 02:00,NEUTRAL,STABLE_MAPPED_ROW,,False,,949,6,135,2022-08-07T00:00:00Z,2022-08-08T00:00:00Z,NEUTRAL,2022-08-07T00:00:00Z,2022-08-06,-0.115,MED,8/8,,false,,False,224,32,0,0,0
BWD,2026092504,-32,SYNTHETIC_PLACEBO_ONLY,False,PROVENANCE_ONLY_NOT_CAUSAL_TRUTH,726,0,103,2021-12-27T00:00:00Z,2021-12-28T00:00:00Z,2021.12.27 02:00,NEUTRAL,STABLE_MAPPED_ROW,,False,,950,0,135,2022-08-08T00:00:00Z,2022-08-09T00:00:00Z,NEUTRAL,2022-08-08T00:00:00Z,2022-08-07,0,LOW,8/8,,false,,False,224,32,0,0,0
BWD,2026092504,-32,SYNTHETIC_PLACEBO_ONLY,False,PROVENANCE_ONLY_NOT_CAUSAL_TRUTH,727,1,103,2021-12-28T00:00:00Z,2021-12-29T00:00:00Z,2021.12.28 02:00,NEUTRAL,STABLE_MAPPED_ROW,,False,,951,1,135,2022-08-09T00:00:00Z,2022-08-10T00:00:00Z,NEUTRAL,2022-08-09T00:00:00Z,2022-08-08,0,LOW,8/8,,false,,False,224,32,0,0,0
BWD,2026092504,-32,SYNTHETIC_PLACEBO_ONLY,False,PROVENANCE_ONLY_NOT_CAUSAL_TRUTH,728,2,104,2021-12-29T00:00:00Z,2021-12-30T00:00:00Z,2021.12.29 02:00,NEUTRAL,STABLE_MAPPED_ROW,,False,,952,2,136,2022-08-10T00:00:00Z,2022-08-11T00:00:00Z,NEUTRAL,2022-08-10T00:00:00Z,2022-08-09,-0.077,HIGH,8/8,,false,,False,224,32,0,0,0
BWD,2026092504,-32,SYNTHETIC_PLACEBO_ONLY,False,PROVENANCE_ONLY_NOT_CAUSAL_TRUTH,729,3,104,2021-12-30T00:00:00Z,2021-12-31T00:00:00Z,2021.12.30 02:00,NEUTRAL,STABLE_MAPPED_ROW,,False,,953,3,136,2022-08-11T00:00:00Z,2022-08-12T00:00:00Z,NEUTRAL,2022-08-11T00:00:00Z,2022-08-10,0.077,LOW,8/8,,false,,False,224,32,0,0,0
BWD,2026092504,-32,SYNTHETIC_PLACEBO_ONLY,False,PROVENANCE_ONLY_NOT_CAUSAL_TRUTH,730,4,104,2021-12-31T00:00:00Z,2022-01-01T00:00:00Z,2021.12.31 02:00,NEUTRAL,STABLE_MAPPED_ROW,,False,,954,4,136,2022-08-12T00:00:00Z,2022-08-13T00:00:00Z,NEUTRAL,2022-08-12T00:00:00Z,2022-08-11,0,LOW,8/8,,false,,False,224,32,0,0,0
BWD,2026092504,-32,SYNTHETIC_PLACEBO_ONLY,False,PROVENANCE_ONLY_NOT_CAUSAL_TRUTH,731,5,104,2022-01-01T00:00:00Z,2022-01-02T00:00:00Z,2022.01.01 02:00,NEUTRAL,STABLE_MAPPED_ROW,,False,,955,5,136,2022-08-13T00:00:00Z,2022-08-14T00:00:00Z,NEUTRAL,2022-08-13T00:00:00Z,2022-08-12,0.077,LOW,8/8,,false,,False,224,32,0,0,0
BWD,2026092504,-32,SYNTHETIC_PLACEBO_ONLY,False,PROVENANCE_ONLY_NOT_CAUSAL_TRUTH,732,6,104,2022-01-02T00:00:00Z,2022-01-03T00:00:00Z,2022.01.02 02:00,NEUTRAL,STABLE_MAPPED_ROW,,False,,956,6,136,2022-08-14T00:00:00Z,2022-08-15T00:00:00Z,NEUTRAL,2022-08-14T00:00:00Z,2022-08-13,0.077,LOW,8/8,,false,,False,224,32,0,0,0
BWD,2026092504,-32,SYNTHETIC_PLACEBO_ONLY,False,PROVENANCE_ONLY_NOT_CAUSAL_TRUTH,733,0,104,2022-01-03T00:00:00Z,2022-01-04T00:00:00Z,2022.01.03 02:00,NEUTRAL,STABLE_MAPPED_ROW,,False,,957,0,136,2022-08-15T00:00:00Z,2022-08-16T00:00:00Z,NEUTRAL,2022-08-15T00:00:00Z,2022-08-14,0.077,LOW,8/8,,false,,False,224,32,0,0,0
BWD,2026092504,-32,SYNTHETIC_PLACEBO_ONLY,False,PROVENANCE_ONLY_NOT_CAUSAL_TRUTH,734,1,104,2022-01-04T00:00:00Z,2022-01-05T00:00:00Z,2022.01.04 02:00,NEUTRAL,STABLE_MAPPED_ROW,,False,,958,1,136,2022-08-16T00:00:00Z,2022-08-17T00:00:00Z,NEUTRAL,2022-08-16T00:00:00Z,2022-08-15,-0.038,MED,8/8,,false,,False,224,32,0,0,0
BWD,2026092504,-32,SYNTHETIC_PLACEBO_ONLY,False,PROVENANCE_ONLY_NOT_CAUSAL_TRUTH,735,2,105,2022-01-05T00:00:00Z,2022-01-06T00:00:00Z,2022.01.05 02:00,NEUTRAL,STABLE_MAPPED_ROW,,False,,959,2,137,2022-08-17T00:00:00Z,2022-08-18T00:00:00Z,NEUTRAL,2022-08-17T00:00:00Z,2022-08-16,0.077,LOW,8/8,,false,,False,224,32,0,0,0
BWD,2026092504,-32,SYNTHETIC_PLACEBO_ONLY,False,PROVENANCE_ONLY_NOT_CAUSAL_TRUTH,736,3,105,2022-01-06T00:00:00Z,2022-01-07T00:00:00Z,2022.01.06 02:00,NEUTRAL,STABLE_MAPPED_ROW,,False,,960,3,137,2022-08-18T00:00:00Z,2022-08-19T00:00:00Z,NEUTRAL,2022-08-18T00:00:00Z,2022-08-17,-0.115,MED,8/8,,false,,False,224,32,0,0,0
BWD,2026092504,-32,SYNTHETIC_PLACEBO_ONLY,False,PROVENANCE_ONLY_NOT_CAUSAL_TRUTH,737,4,105,2022-01-07T00:00:00Z,2022-01-08T00:00:00Z,2022.01.07 02:00,NEUTRAL,STABLE_MAPPED_ROW,,False,,961,4,137,2022-08-19T00:00:00Z,2022-08-20T00:00:00Z,NEUTRAL,2022-08-19T00:00:00Z,2022-08-18,-0.192,HIGH,8/8,,false,,False,224,32,0,0,0
BWD,2026092504,-32,SYNTHETIC_PLACEBO_ONLY,False,PROVENANCE_ONLY_NOT_CAUSAL_TRUTH,738,5,105,2022-01-08T00:00:00Z,2022-01-09T00:00:00Z,2022.01.08 02:00,RISK_OFF,STABLE_MAPPED_ROW,,False,,962,5,137,2022-08-20T00:00:00Z,2022-08-21T00:00:00Z,RISK_OFF,2022-08-20T00:00:00Z,2022-08-19,-0.346,HIGH,8/8,,false,,False,224,32,0,0,0
BWD,2026092504,-32,SYNTHETIC_PLACEBO_ONLY,False,PROVENANCE_ONLY_NOT_CAUSAL_TRUTH,739,6,105,2022-01-09T00:00:00Z,2022-01-10T00:00:00Z,2022.01.09 02:00,RISK_OFF,STABLE_MAPPED_ROW,,False,,963,6,137,2022-08-21T00:00:00Z,2022-08-22T00:00:00Z,RISK_OFF,2022-08-21T00:00:00Z,2022-08-20,-0.346,HIGH,8/8,,false,,False,224,32,0,0,0
BWD,2026092504,-32,SYNTHETIC_PLACEBO_ONLY,False,PROVENANCE_ONLY_NOT_CAUSAL_TRUTH,740,0,105,2022-01-10T00:00:00Z,2022-01-11T00:00:00Z,2022.01.10 02:00,RISK_OFF,STABLE_MAPPED_ROW,,False,,964,0,137,2022-08-22T00:00:00Z,2022-08-23T00:00:00Z,RISK_OFF,2022-08-22T00:00:00Z,2022-08-21,-0.346,HIGH,8/8,,false,,False,224,32,0,0,0
BWD,2026092504,-32,SYNTHETIC_PLACEBO_ONLY,False,PROVENANCE_ONLY_NOT_CAUSAL_TRUTH,741,1,105,2022-01-11T00:00:00Z,2022-01-12T00:00:00Z,2022.01.11 02:00,NEUTRAL,STABLE_MAPPED_ROW,,False,,965,1,137,2022-08-23T00:00:00Z,2022-08-24T00:00:00Z,NEUTRAL,2022-08-23T00:00:00Z,2022-08-22,-0.154,MED,8/8,,false,,False,224,32,0,0,0
BWD,2026092504,-32,SYNTHETIC_PLACEBO_ONLY,False,PROVENANCE_ONLY_NOT_CAUSAL_TRUTH,742,2,106,2022-01-12T00:00:00Z,2022-01-13T00:00:00Z,2022.01.12 02:00,NEUTRAL,STABLE_MAPPED_ROW,,False,,966,2,138,2022-08-24T00:00:00Z,2022-08-25T00:00:00Z,NEUTRAL,2022-08-24T00:00:00Z,2022-08-23,-0.154,MED,8/8,,false,,False,224,32,0,0,0
BWD,2026092504,-32,SYNTHETIC_PLACEBO_ONLY,False,PROVENANCE_ONLY_NOT_CAUSAL_TRUTH,743,3,106,2022-01-13T00:00:00Z,2022-01-14T00:00:00Z,2022.01.13 02:00,NEUTRAL,STABLE_MAPPED_ROW,,False,,967,3,138,2022-08-25T00:00:00Z,2022-08-26T00:00:00Z,NEUTRAL,2022-08-25T00:00:00Z,2022-08-24,-0.077,MED,8/8,,false,,False,224,32,0,0,0
BWD,2026092504,-32,SYNTHETIC_PLACEBO_ONLY,False,PROVENANCE_ONLY_NOT_CAUSAL_TRUTH,744,4,106,2022-01-14T00:00:00Z,2022-01-15T00:00:00Z,2022.01.14 02:00,NEUTRAL,STABLE_MAPPED_ROW,,False,,968,4,138,2022-08-26T00:00:00Z,2022-08-27T00:00:00Z,NEUTRAL,2022-08-26T00:00:00Z,2022-08-25,-0.077,HIGH,8/8,,false,,False,224,32,0,0,0
BWD,2026092504,-32,SYNTHETIC_PLACEBO_ONLY,False,PROVENANCE_ONLY_NOT_CAUSAL_TRUTH,745,5,106,2022-01-15T00:00:00Z,2022-01-16T00:00:00Z,2022.01.15 02:00,NEUTRAL,STABLE_MAPPED_ROW,,False,,969,5,138,2022-08-27T00:00:00Z,2022-08-28T00:00:00Z,NEUTRAL,2022-08-27T00:00:00Z,2022-08-26,-0.154,HIGH,8/8,,false,,False,224,32,0,0,0
BWD,2026092504,-32,SYNTHETIC_PLACEBO_ONLY,False,PROVENANCE_ONLY_NOT_CAUSAL_TRUTH,746,6,106,2022-01-16T00:00:00Z,2022-01-17T00:00:00Z,2022.01.16 02:00,NEUTRAL,STABLE_MAPPED_ROW,,False,,970,6,138,2022-08-28T00:00:00Z,2022-08-29T00:00:00Z,NEUTRAL,2022-08-28T00:00:00Z,2022-08-27,-0.154,HIGH,8/8,,false,,False,224,32,0,0,0
BWD,2026092504,-32,SYNTHETIC_PLACEBO_ONLY,False,PROVENANCE_ONLY_NOT_CAUSAL_TRUTH,747,0,106,2022-01-17T00:00:00Z,2022-01-18T00:00:00Z,2022.01.17 02:00,NEUTRAL,STABLE_MAPPED_ROW,,False,,971,0,138,2022-08-29T00:00:00Z,2022-08-30T00:00:00Z,NEUTRAL,2022-08-29T00:00:00Z,2022-08-28,-0.154,HIGH,8/8,,false,,False,224,32,0,0,0
BWD,2026092504,-32,SYNTHETIC_PLACEBO_ONLY,False,PROVENANCE_ONLY_NOT_CAUSAL_TRUTH,748,1,106,2022-01-18T00:00:00Z,2022-01-19T00:00:00Z,2022.01.18 02:00,NEUTRAL,STABLE_MAPPED_ROW,,False,,972,1,138,2022-08-30T00:00:00Z,2022-08-31T00:00:00Z,NEUTRAL,2022-08-30T00:00:00Z,2022-08-29,-0.154,HIGH,8/8,,false,,False,224,32,0,0,0
BWD,2026092504,-32,SYNTHETIC_PLACEBO_ONLY,False,PROVENANCE_ONLY_NOT_CAUSAL_TRUTH,749,2,107,2022-01-19T00:00:00Z,2022-01-20T00:00:00Z,2022.01.19 02:00,NEUTRAL,STABLE_MAPPED_ROW,,False,,973,2,139,2022-08-31T00:00:00Z,2022-09-01T00:00:00Z,NEUTRAL,2022-08-31T00:00:00Z,2022-08-30,-0.231,HIGH,8/8,,false,,False,224,32,0,0,0
BWD,2026092504,-32,SYNTHETIC_PLACEBO_ONLY,False,PROVENANCE_ONLY_NOT_CAUSAL_TRUTH,750,3,107,2022-01-20T00:00:00Z,2022-01-21T00:00:00Z,2022.01.20 02:00,NEUTRAL,STABLE_MAPPED_ROW,,False,,974,3,139,2022-09-01T00:00:00Z,2022-09-02T00:00:00Z,NEUTRAL,2022-09-01T00:00:00Z,2022-08-31,-0.154,HIGH,8/8,,false,,False,224,32,0,0,0
BWD,2026092504,-32,SYNTHETIC_PLACEBO_ONLY,False,PROVENANCE_ONLY_NOT_CAUSAL_TRUTH,751,4,107,2022-01-21T00:00:00Z,2022-01-22T00:00:00Z,2022.01.21 02:00,NEUTRAL,STABLE_MAPPED_ROW,,False,,975,4,139,2022-09-02T00:00:00Z,2022-09-03T00:00:00Z,NEUTRAL,2022-09-02T00:00:00Z,2022-09-01,-0.077,MED,8/8,,false,,False,224,32,0,0,0
BWD,2026092504,-32,SYNTHETIC_PLACEBO_ONLY,False,PROVENANCE_ONLY_NOT_CAUSAL_TRUTH,752,5,107,2022-01-22T00:00:00Z,2022-01-23T00:00:00Z,2022.01.22 02:00,NEUTRAL,STABLE_MAPPED_ROW,,False,,976,5,139,2022-09-03T00:00:00Z,2022-09-04T00:00:00Z,NEUTRAL,2022-09-03T00:00:00Z,2022-09-02,-0.077,MED,8/8,,false,,False,224,32,0,0,0
BWD,2026092504,-32,SYNTHETIC_PLACEBO_ONLY,False,PROVENANCE_ONLY_NOT_CAUSAL_TRUTH,753,6,107,2022-01-23T00:00:00Z,2022-01-24T00:00:00Z,2022.01.23 02:00,NEUTRAL,STABLE_MAPPED_ROW,,False,,977,6,139,2022-09-04T00:00:00Z,2022-09-05T00:00:00Z,NEUTRAL,2022-09-04T00:00:00Z,2022-09-03,-0.077,MED,8/8,,false,,False,224,32,0,0,0
BWD,2026092504,-32,SYNTHETIC_PLACEBO_ONLY,False,PROVENANCE_ONLY_NOT_CAUSAL_TRUTH,754,0,107,2022-01-24T00:00:00Z,2022-01-25T00:00:00Z,2022.01.24 02:00,NEUTRAL,STABLE_MAPPED_ROW,,False,,978,0,139,2022-09-05T00:00:00Z,2022-09-06T00:00:00Z,NEUTRAL,2022-09-05T00:00:00Z,2022-09-04,-0.077,MED,8/8,,false,,False,224,32,0,0,0
BWD,2026092504,-32,SYNTHETIC_PLACEBO_ONLY,False,PROVENANCE_ONLY_NOT_CAUSAL_TRUTH,755,1,107,2022-01-25T00:00:00Z,2022-01-26T00:00:00Z,2022.01.25 02:00,NEUTRAL,STABLE_MAPPED_ROW,,False,,979,1,139,2022-09-06T00:00:00Z,2022-09-07T00:00:00Z,NEUTRAL,2022-09-06T00:00:00Z,2022-09-05,-0.192,MED,8/8,,false,,False,224,32,0,0,0
BWD,2026092504,-32,SYNTHETIC_PLACEBO_ONLY,False,PROVENANCE_ONLY_NOT_CAUSAL_TRUTH,756,2,108,2022-01-26T00:00:00Z,2022-01-27T00:00:00Z,2022.01.26 02:00,NEUTRAL,STABLE_MAPPED_ROW,,False,,980,2,140,2022-09-07T00:00:00Z,2022-09-08T00:00:00Z,NEUTRAL,2022-09-07T00:00:00Z,2022-09-06,-0.154,MED,8/8,,false,,False,224,32,0,0,0
BWD,2026092504,-32,SYNTHETIC_PLACEBO_ONLY,False,PROVENANCE_ONLY_NOT_CAUSAL_TRUTH,757,3,108,2022-01-27T00:00:00Z,2022-01-28T00:00:00Z,2022.01.27 02:00,NEUTRAL,STABLE_MAPPED_ROW,,False,,981,3,140,2022-09-08T00:00:00Z,2022-09-09T00:00:00Z,NEUTRAL,2022-09-08T00:00:00Z,2022-09-07,-0.154,MED,8/8,,false,,False,224,32,0,0,0
BWD,2026092504,-32,SYNTHETIC_PLACEBO_ONLY,False,PROVENANCE_ONLY_NOT_CAUSAL_TRUTH,758,4,108,2022-01-28T00:00:00Z,2022-01-29T00:00:00Z,2022.01.28 02:00,NEUTRAL,STABLE_MAPPED_ROW,,False,,982,4,140,2022-09-09T00:00:00Z,2022-09-10T00:00:00Z,NEUTRAL,2022-09-09T00:00:00Z,2022-09-08,0,LOW,8/8,,false,,False,224,32,0,0,0
BWD,2026092504,-32,SYNTHETIC_PLACEBO_ONLY,False,PROVENANCE_ONLY_NOT_CAUSAL_TRUTH,759,5,108,2022-01-29T00:00:00Z,2022-01-30T00:00:00Z,2022.01.29 02:00,NEUTRAL,STABLE_MAPPED_ROW,,False,,983,5,140,2022-09-10T00:00:00Z,2022-09-11T00:00:00Z,NEUTRAL,2022-09-10T00:00:00Z,2022-09-09,-0.077,HIGH,8/8,,false,,False,224,32,0,0,0
BWD,2026092504,-32,SYNTHETIC_PLACEBO_ONLY,False,PROVENANCE_ONLY_NOT_CAUSAL_TRUTH,760,6,108,2022-01-30T00:00:00Z,2022-01-31T00:00:00Z,2022.01.30 02:00,NEUTRAL,STABLE_MAPPED_ROW,,False,,984,6,140,2022-09-11T00:00:00Z,2022-09-12T00:00:00Z,NEUTRAL,2022-09-11T00:00:00Z,2022-09-10,-0.077,HIGH,8/8,,false,,False,224,32,0,0,0
BWD,2026092504,-32,SYNTHETIC_PLACEBO_ONLY,False,PROVENANCE_ONLY_NOT_CAUSAL_TRUTH,761,0,108,2022-01-31T00:00:00Z,2022-02-01T00:00:00Z,2022.01.31 02:00,NEUTRAL,STABLE_MAPPED_ROW,,False,,985,0,140,2022-09-12T00:00:00Z,2022-09-13T00:00:00Z,NEUTRAL,2022-09-12T00:00:00Z,2022-09-11,-0.077,HIGH,8/8,,false,,False,224,32,0,0,0
BWD,2026092504,-32,SYNTHETIC_PLACEBO_ONLY,False,PROVENANCE_ONLY_NOT_CAUSAL_TRUTH,762,1,108,2022-02-01T00:00:00Z,2022-02-02T00:00:00Z,2022.02.01 02:00,NEUTRAL,STABLE_MAPPED_ROW,,False,,986,1,140,2022-09-13T00:00:00Z,2022-09-14T00:00:00Z,NEUTRAL,2022-09-13T00:00:00Z,2022-09-12,0,LOW,8/8,,false,,False,224,32,0,0,0
BWD,2026092504,-32,SYNTHETIC_PLACEBO_ONLY,False,PROVENANCE_ONLY_NOT_CAUSAL_TRUTH,763,2,109,2022-02-02T00:00:00Z,2022-02-03T00:00:00Z,2022.02.02 02:00,NEUTRAL,STABLE_MAPPED_ROW,,False,,987,2,141,2022-09-14T00:00:00Z,2022-09-15T00:00:00Z,NEUTRAL,2022-09-14T00:00:00Z,2022-09-13,-0.077,HIGH,8/8,,false,,False,224,32,0,0,0
BWD,2026092504,-32,SYNTHETIC_PLACEBO_ONLY,False,PROVENANCE_ONLY_NOT_CAUSAL_TRUTH,764,3,109,2022-02-03T00:00:00Z,2022-02-04T00:00:00Z,2022.02.03 02:00,RISK_OFF,STABLE_MAPPED_ROW,,False,,988,3,141,2022-09-15T00:00:00Z,2022-09-16T00:00:00Z,RISK_OFF,2022-09-15T00:00:00Z,2022-09-14,-0.269,HIGH,8/8,,false,,False,224,32,0,0,0
BWD,2026092504,-32,SYNTHETIC_PLACEBO_ONLY,False,PROVENANCE_ONLY_NOT_CAUSAL_TRUTH,765,4,109,2022-02-04T00:00:00Z,2022-02-05T00:00:00Z,2022.02.04 02:00,NEUTRAL,STABLE_MAPPED_ROW,,False,,989,4,141,2022-09-16T00:00:00Z,2022-09-17T00:00:00Z,NEUTRAL,2022-09-16T00:00:00Z,2022-09-15,-0.192,MED,8/8,,false,,False,224,32,0,0,0
BWD,2026092504,-32,SYNTHETIC_PLACEBO_ONLY,False,PROVENANCE_ONLY_NOT_CAUSAL_TRUTH,766,5,109,2022-02-05T00:00:00Z,2022-02-06T00:00:00Z,2022.02.05 02:00,RISK_OFF,STABLE_MAPPED_ROW,,False,,990,5,141,2022-09-17T00:00:00Z,2022-09-18T00:00:00Z,RISK_OFF,2022-09-17T00:00:00Z,2022-09-16,-0.269,HIGH,8/8,,false,,False,224,32,0,0,0
BWD,2026092504,-32,SYNTHETIC_PLACEBO_ONLY,False,PROVENANCE_ONLY_NOT_CAUSAL_TRUTH,767,6,109,2022-02-06T00:00:00Z,2022-02-07T00:00:00Z,2022.02.06 02:00,RISK_OFF,STABLE_MAPPED_ROW,,False,,991,6,141,2022-09-18T00:00:00Z,2022-09-19T00:00:00Z,RISK_OFF,2022-09-18T00:00:00Z,2022-09-17,-0.269,HIGH,8/8,,false,,False,224,32,0,0,0
BWD,2026092504,-32,SYNTHETIC_PLACEBO_ONLY,False,PROVENANCE_ONLY_NOT_CAUSAL_TRUTH,768,0,109,2022-02-07T00:00:00Z,2022-02-08T00:00:00Z,2022.02.07 02:00,RISK_OFF,STABLE_MAPPED_ROW,,False,,992,0,141,2022-09-19T00:00:00Z,2022-09-20T00:00:00Z,RISK_OFF,2022-09-19T00:00:00Z,2022-09-18,-0.269,HIGH,8/8,,false,,False,224,32,0,0,0
BWD,2026092504,-32,SYNTHETIC_PLACEBO_ONLY,False,PROVENANCE_ONLY_NOT_CAUSAL_TRUTH,769,1,109,2022-02-08T00:00:00Z,2022-02-09T00:00:00Z,2022.02.08 02:00,RISK_OFF,STABLE_MAPPED_ROW,,False,,993,1,141,2022-09-20T00:00:00Z,2022-09-21T00:00:00Z,RISK_OFF,2022-09-20T00:00:00Z,2022-09-19,-0.269,HIGH,8/8,,false,,False,224,32,0,0,0
BWD,2026092504,-32,SYNTHETIC_PLACEBO_ONLY,False,PROVENANCE_ONLY_NOT_CAUSAL_TRUTH,770,2,110,2022-02-09T00:00:00Z,2022-02-10T00:00:00Z,2022.02.09 02:00,RISK_OFF,STABLE_MAPPED_ROW,,False,,994,2,142,2022-09-21T00:00:00Z,2022-09-22T00:00:00Z,RISK_OFF,2022-09-21T00:00:00Z,2022-09-20,-0.269,HIGH,8/8,,false,,False,224,32,0,0,0
BWD,2026092504,-32,SYNTHETIC_PLACEBO_ONLY,False,PROVENANCE_ONLY_NOT_CAUSAL_TRUTH,771,3,110,2022-02-10T00:00:00Z,2022-02-11T00:00:00Z,2022.02.10 02:00,RISK_OFF,STABLE_MAPPED_ROW,,False,,995,3,142,2022-09-22T00:00:00Z,2022-09-23T00:00:00Z,RISK_OFF,2022-09-22T00:00:00Z,2022-09-21,-0.269,HIGH,8/8,,false,,False,224,32,0,0,0
BWD,2026092504,-32,SYNTHETIC_PLACEBO_ONLY,False,PROVENANCE_ONLY_NOT_CAUSAL_TRUTH,772,4,110,2022-02-11T00:00:00Z,2022-02-12T00:00:00Z,2022.02.11 02:00,NEUTRAL,STABLE_MAPPED_ROW,,False,,996,4,142,2022-09-23T00:00:00Z,2022-09-24T00:00:00Z,NEUTRAL,2022-09-23T00:00:00Z,2022-09-22,-0.192,MED,8/8,,false,,False,224,32,0,0,0
BWD,2026092504,-32,SYNTHETIC_PLACEBO_ONLY,False,PROVENANCE_ONLY_NOT_CAUSAL_TRUTH,773,5,110,2022-02-12T00:00:00Z,2022-02-13T00:00:00Z,2022.02.12 02:00,RISK_OFF,STABLE_MAPPED_ROW,,False,,997,5,142,2022-09-24T00:00:00Z,2022-09-25T00:00:00Z,RISK_OFF,2022-09-24T00:00:00Z,2022-09-23,-0.269,MED,8/8,,false,,False,224,32,0,0,0
BWD,2026092504,-32,SYNTHETIC_PLACEBO_ONLY,False,PROVENANCE_ONLY_NOT_CAUSAL_TRUTH,774,6,110,2022-02-13T00:00:00Z,2022-02-14T00:00:00Z,2022.02.13 02:00,RISK_OFF,STABLE_MAPPED_ROW,,False,,998,6,142,2022-09-25T00:00:00Z,2022-09-26T00:00:00Z,RISK_OFF,2022-09-25T00:00:00Z,2022-09-24,-0.346,MED,8/8,,false,,False,224,32,0,0,0
BWD,2026092504,-32,SYNTHETIC_PLACEBO_ONLY,False,PROVENANCE_ONLY_NOT_CAUSAL_TRUTH,775,0,110,2022-02-14T00:00:00Z,2022-02-15T00:00:00Z,2022.02.14 02:00,RISK_OFF,STABLE_MAPPED_ROW,,False,,999,0,142,2022-09-26T00:00:00Z,2022-09-27T00:00:00Z,RISK_OFF,2022-09-26T00:00:00Z,2022-09-25,-0.269,MED,8/8,,false,,False,224,32,0,0,0
BWD,2026092504,-32,SYNTHETIC_PLACEBO_ONLY,False,PROVENANCE_ONLY_NOT_CAUSAL_TRUTH,776,1,110,2022-02-15T00:00:00Z,2022-02-16T00:00:00Z,2022.02.15 02:00,STRESS,STABLE_MAPPED_ROW,,False,,1000,1,142,2022-09-27T00:00:00Z,2022-09-28T00:00:00Z,STRESS,2022-09-27T00:00:00Z,2022-09-26,-0.423,MED,8/8,,false,VIX_STRESS,False,224,32,0,0,0
BWD,2026092504,-32,SYNTHETIC_PLACEBO_ONLY,False,PROVENANCE_ONLY_NOT_CAUSAL_TRUTH,777,2,111,2022-02-16T00:00:00Z,2022-02-17T00:00:00Z,2022.02.16 02:00,STRESS,STABLE_MAPPED_ROW,,False,,1001,2,143,2022-09-28T00:00:00Z,2022-09-29T00:00:00Z,STRESS,2022-09-28T00:00:00Z,2022-09-27,-0.423,MED,8/8,,false,VIX_STRESS,False,224,32,0,0,0
BWD,2026092504,-32,SYNTHETIC_PLACEBO_ONLY,False,PROVENANCE_ONLY_NOT_CAUSAL_TRUTH,778,3,111,2022-02-17T00:00:00Z,2022-02-18T00:00:00Z,2022.02.17 02:00,STRESS,STABLE_MAPPED_ROW,,False,,1002,3,143,2022-09-29T00:00:00Z,2022-09-30T00:00:00Z,STRESS,2022-09-29T00:00:00Z,2022-09-28,-0.423,MED,8/8,,false,VIX_STRESS,False,224,32,0,0,0
BWD,2026092504,-32,SYNTHETIC_PLACEBO_ONLY,False,PROVENANCE_ONLY_NOT_CAUSAL_TRUTH,779,4,111,2022-02-18T00:00:00Z,2022-02-19T00:00:00Z,2022.02.18 02:00,STRESS,STABLE_MAPPED_ROW,,False,,1003,4,143,2022-09-30T00:00:00Z,2022-10-01T00:00:00Z,STRESS,2022-09-30T00:00:00Z,2022-09-29,-0.346,HIGH,8/8,,false,VIX_STRESS,False,224,32,0,0,0
BWD,2026092504,-32,SYNTHETIC_PLACEBO_ONLY,False,PROVENANCE_ONLY_NOT_CAUSAL_TRUTH,780,5,111,2022-02-19T00:00:00Z,2022-02-20T00:00:00Z,2022.02.19 02:00,STRESS,STABLE_MAPPED_ROW,,False,,1004,5,143,2022-10-01T00:00:00Z,2022-10-02T00:00:00Z,STRESS,2022-10-01T00:00:00Z,2022-09-30,-0.346,HIGH,8/8,,false,VIX_STRESS,False,224,32,0,0,0
BWD,2026092504,-32,SYNTHETIC_PLACEBO_ONLY,False,PROVENANCE_ONLY_NOT_CAUSAL_TRUTH,781,6,111,2022-02-20T00:00:00Z,2022-02-21T00:00:00Z,2022.02.20 02:00,STRESS,STABLE_MAPPED_ROW,,False,,1005,6,143,2022-10-02T00:00:00Z,2022-10-03T00:00:00Z,STRESS,2022-10-02T00:00:00Z,2022-10-01,-0.346,HIGH,8/8,,false,VIX_STRESS,False,224,32,0,0,0
BWD,2026092504,-32,SYNTHETIC_PLACEBO_ONLY,False,PROVENANCE_ONLY_NOT_CAUSAL_TRUTH,782,0,111,2022-02-21T00:00:00Z,2022-02-22T00:00:00Z,2022.02.21 02:00,STRESS,STABLE_MAPPED_ROW,,False,,1006,0,143,2022-10-03T00:00:00Z,2022-10-04T00:00:00Z,STRESS,2022-10-03T00:00:00Z,2022-10-02,-0.346,HIGH,8/8,,false,VIX_STRESS,False,224,32,0,0,0
BWD,2026092504,-32,SYNTHETIC_PLACEBO_ONLY,False,PROVENANCE_ONLY_NOT_CAUSAL_TRUTH,783,1,111,2022-02-22T00:00:00Z,2022-02-23T00:00:00Z,2022.02.22 02:00,STRESS,STABLE_MAPPED_ROW,,False,,1007,1,143,2022-10-04T00:00:00Z,2022-10-05T00:00:00Z,STRESS,2022-10-04T00:00:00Z,2022-10-03,-0.385,HIGH,8/8,,false,VIX_STRESS,False,224,32,0,0,0
BWD,2026092504,-32,SYNTHETIC_PLACEBO_ONLY,False,PROVENANCE_ONLY_NOT_CAUSAL_TRUTH,784,2,112,2022-02-23T00:00:00Z,2022-02-24T00:00:00Z,2022.02.23 02:00,NEUTRAL,STABLE_MAPPED_ROW,,False,,1008,2,144,2022-10-05T00:00:00Z,2022-10-06T00:00:00Z,NEUTRAL,2022-10-05T00:00:00Z,2022-10-04,-0.231,HIGH,8/8,,false,,False,224,32,0,0,0
BWD,2026092504,-32,SYNTHETIC_PLACEBO_ONLY,False,PROVENANCE_ONLY_NOT_CAUSAL_TRUTH,785,3,112,2022-02-24T00:00:00Z,2022-02-25T00:00:00Z,2022.02.24 02:00,NEUTRAL,STABLE_MAPPED_ROW,,False,,1009,3,144,2022-10-06T00:00:00Z,2022-10-07T00:00:00Z,NEUTRAL,2022-10-06T00:00:00Z,2022-10-05,-0.077,HIGH,8/8,,false,,False,224,32,0,0,0
BWD,2026092504,-32,SYNTHETIC_PLACEBO_ONLY,False,PROVENANCE_ONLY_NOT_CAUSAL_TRUTH,786,4,112,2022-02-25T00:00:00Z,2022-02-26T00:00:00Z,2022.02.25 02:00,STRESS,STABLE_MAPPED_ROW,,False,,1010,4,144,2022-10-07T00:00:00Z,2022-10-08T00:00:00Z,STRESS,2022-10-07T00:00:00Z,2022-10-06,-0.346,HIGH,8/8,,false,VIX_STRESS,False,224,32,0,0,0
BWD,2026092504,-32,SYNTHETIC_PLACEBO_ONLY,False,PROVENANCE_ONLY_NOT_CAUSAL_TRUTH,787,5,112,2022-02-26T00:00:00Z,2022-02-27T00:00:00Z,2022.02.26 02:00,STRESS,STABLE_MAPPED_ROW,,False,,1011,5,144,2022-10-08T00:00:00Z,2022-10-09T00:00:00Z,STRESS,2022-10-08T00:00:00Z,2022-10-07,-0.346,HIGH,8/8,,false,VIX_STRESS,False,224,32,0,0,0
BWD,2026092504,-32,SYNTHETIC_PLACEBO_ONLY,False,PROVENANCE_ONLY_NOT_CAUSAL_TRUTH,788,6,112,2022-02-27T00:00:00Z,2022-02-28T00:00:00Z,2022.02.27 02:00,STRESS,STABLE_MAPPED_ROW,,False,,1012,6,144,2022-10-09T00:00:00Z,2022-10-10T00:00:00Z,STRESS,2022-10-09T00:00:00Z,2022-10-08,-0.346,HIGH,8/8,,false,VIX_STRESS,False,224,32,0,0,0
BWD,2026092504,-32,SYNTHETIC_PLACEBO_ONLY,False,PROVENANCE_ONLY_NOT_CAUSAL_TRUTH,789,0,112,2022-02-28T00:00:00Z,2022-03-01T00:00:00Z,2022.02.28 02:00,STRESS,STABLE_MAPPED_ROW,,False,,1013,0,144,2022-10-10T00:00:00Z,2022-10-11T00:00:00Z,STRESS,2022-10-10T00:00:00Z,2022-10-09,-0.423,HIGH,8/8,,false,VIX_STRESS,False,224,32,0,0,0
BWD,2026092504,-32,SYNTHETIC_PLACEBO_ONLY,False,PROVENANCE_ONLY_NOT_CAUSAL_TRUTH,790,1,112,2022-03-01T00:00:00Z,2022-03-02T00:00:00Z,2022.03.01 02:00,STRESS,STABLE_MAPPED_ROW,,False,,1014,1,144,2022-10-11T00:00:00Z,2022-10-12T00:00:00Z,STRESS,2022-10-11T00:00:00Z,2022-10-10,-0.346,MED,8/8,,false,VIX_STRESS,False,224,32,0,0,0
BWD,2026092504,-32,SYNTHETIC_PLACEBO_ONLY,False,PROVENANCE_ONLY_NOT_CAUSAL_TRUTH,791,2,113,2022-03-02T00:00:00Z,2022-03-03T00:00:00Z,2022.03.02 02:00,STRESS,STABLE_MAPPED_ROW,,False,,1015,2,145,2022-10-12T00:00:00Z,2022-10-13T00:00:00Z,STRESS,2022-10-12T00:00:00Z,2022-10-11,-0.423,MED,8/8,,false,VIX_STRESS,False,224,32,0,0,0
BWD,2026092504,-32,SYNTHETIC_PLACEBO_ONLY,False,PROVENANCE_ONLY_NOT_CAUSAL_TRUTH,792,3,113,2022-03-03T00:00:00Z,2022-03-04T00:00:00Z,2022.03.03 02:00,STRESS,STABLE_MAPPED_ROW,,False,,1016,3,145,2022-10-13T00:00:00Z,2022-10-14T00:00:00Z,STRESS,2022-10-13T00:00:00Z,2022-10-12,-0.423,HIGH,8/8,,false,VIX_STRESS,False,224,32,0,0,0
BWD,2026092504,-32,SYNTHETIC_PLACEBO_ONLY,False,PROVENANCE_ONLY_NOT_CAUSAL_TRUTH,793,4,113,2022-03-04T00:00:00Z,2022-03-05T00:00:00Z,2022.03.04 02:00,STRESS,STABLE_MAPPED_ROW,,False,,1017,4,145,2022-10-14T00:00:00Z,2022-10-15T00:00:00Z,STRESS,2022-10-14T00:00:00Z,2022-10-13,-0.346,HIGH,8/8,,false,VIX_STRESS,False,224,32,0,0,0
BWD,2026092504,-32,SYNTHETIC_PLACEBO_ONLY,False,PROVENANCE_ONLY_NOT_CAUSAL_TRUTH,794,5,113,2022-03-05T00:00:00Z,2022-03-06T00:00:00Z,2022.03.05 02:00,STRESS,STABLE_MAPPED_ROW,,False,,1018,5,145,2022-10-15T00:00:00Z,2022-10-16T00:00:00Z,STRESS,2022-10-15T00:00:00Z,2022-10-14,-0.346,HIGH,8/8,,false,VIX_STRESS,False,224,32,0,0,0
BWD,2026092504,-32,SYNTHETIC_PLACEBO_ONLY,False,PROVENANCE_ONLY_NOT_CAUSAL_TRUTH,795,6,113,2022-03-06T00:00:00Z,2022-03-07T00:00:00Z,2022.03.06 02:00,STRESS,STABLE_MAPPED_ROW,,False,,1019,6,145,2022-10-16T00:00:00Z,2022-10-17T00:00:00Z,STRESS,2022-10-16T00:00:00Z,2022-10-15,-0.346,HIGH,8/8,,false,VIX_STRESS,False,224,32,0,0,0
BWD,2026092504,-32,SYNTHETIC_PLACEBO_ONLY,False,PROVENANCE_ONLY_NOT_CAUSAL_TRUTH,796,0,113,2022-03-07T00:00:00Z,2022-03-08T00:00:00Z,2022.03.07 02:00,STRESS,STABLE_MAPPED_ROW,,False,,1020,0,145,2022-10-17T00:00:00Z,2022-10-18T00:00:00Z,STRESS,2022-10-17T00:00:00Z,2022-10-16,-0.346,HIGH,8/8,,false,VIX_STRESS,False,224,32,0,0,0
BWD,2026092504,-32,SYNTHETIC_PLACEBO_ONLY,False,PROVENANCE_ONLY_NOT_CAUSAL_TRUTH,797,1,113,2022-03-08T00:00:00Z,2022-03-09T00:00:00Z,2022.03.08 02:00,STRESS,STABLE_MAPPED_ROW,,False,,1021,1,145,2022-10-18T00:00:00Z,2022-10-19T00:00:00Z,STRESS,2022-10-18T00:00:00Z,2022-10-17,-0.231,HIGH,8/8,,false,VIX_STRESS,False,224,32,0,0,0
BWD,2026092504,-32,SYNTHETIC_PLACEBO_ONLY,False,PROVENANCE_ONLY_NOT_CAUSAL_TRUTH,798,2,114,2022-03-09T00:00:00Z,2022-03-10T00:00:00Z,2022.03.09 02:00,STRESS,STABLE_MAPPED_ROW,,False,,1022,2,146,2022-10-19T00:00:00Z,2022-10-20T00:00:00Z,STRESS,2022-10-19T00:00:00Z,2022-10-18,-0.231,HIGH,8/8,,false,VIX_STRESS,False,224,32,0,0,0
BWD,2026092504,-32,SYNTHETIC_PLACEBO_ONLY,False,PROVENANCE_ONLY_NOT_CAUSAL_TRUTH,799,3,114,2022-03-10T00:00:00Z,2022-03-11T00:00:00Z,2022.03.10 02:00,STRESS,STABLE_MAPPED_ROW,,False,,1023,3,146,2022-10-20T00:00:00Z,2022-10-21T00:00:00Z,STRESS,2022-10-20T00:00:00Z,2022-10-19,-0.154,MED,8/8,,false,VIX_STRESS,False,224,32,0,0,0
BWD,2026092504,-32,SYNTHETIC_PLACEBO_ONLY,False,PROVENANCE_ONLY_NOT_CAUSAL_TRUTH,800,4,114,2022-03-11T00:00:00Z,2022-03-12T00:00:00Z,2022.03.11 02:00,NEUTRAL,STABLE_MAPPED_ROW,,False,,1024,4,146,2022-10-21T00:00:00Z,2022-10-22T00:00:00Z,NEUTRAL,2022-10-21T00:00:00Z,2022-10-20,0,LOW,8/8,,false,,False,224,32,0,0,0
BWD,2026092504,-32,SYNTHETIC_PLACEBO_ONLY,False,PROVENANCE_ONLY_NOT_CAUSAL_TRUTH,801,5,114,2022-03-12T00:00:00Z,2022-03-13T00:00:00Z,2022.03.12 02:00,NEUTRAL,STABLE_MAPPED_ROW,,False,,1025,5,146,2022-10-22T00:00:00Z,2022-10-23T00:00:00Z,NEUTRAL,2022-10-22T00:00:00Z,2022-10-21,0,LOW,8/8,,false,,False,224,32,0,0,0
BWD,2026092504,-32,SYNTHETIC_PLACEBO_ONLY,False,PROVENANCE_ONLY_NOT_CAUSAL_TRUTH,802,6,114,2022-03-13T00:00:00Z,2022-03-14T00:00:00Z,2022.03.13 00:00,UNKNOWN,TRANSITION_UNKNOWN_BOUNDARY_MARKER,2022-03-13,True,2022.03.14 03:00,1026,6,146,2022-10-23T00:00:00Z,2022-10-24T00:00:00Z,NEUTRAL,2022-10-23T00:00:00Z,2022-10-22,0,LOW,8/8,,false,,False,224,32,0,0,0
BWD,2026092504,-32,SYNTHETIC_PLACEBO_ONLY,False,PROVENANCE_ONLY_NOT_CAUSAL_TRUTH,803,0,114,2022-03-14T00:00:00Z,2022-03-15T00:00:00Z,2022.03.14 03:00,NEUTRAL,STABLE_MAPPED_ROW,,False,,1027,0,146,2022-10-24T00:00:00Z,2022-10-25T00:00:00Z,NEUTRAL,2022-10-24T00:00:00Z,2022-10-23,0,LOW,8/8,,false,,False,224,32,0,0,0
BWD,2026092504,-32,SYNTHETIC_PLACEBO_ONLY,False,PROVENANCE_ONLY_NOT_CAUSAL_TRUTH,804,1,114,2022-03-15T00:00:00Z,2022-03-16T00:00:00Z,2022.03.15 03:00,NEUTRAL,STABLE_MAPPED_ROW,,False,,1028,1,146,2022-10-25T00:00:00Z,2022-10-26T00:00:00Z,NEUTRAL,2022-10-25T00:00:00Z,2022-10-24,0,LOW,8/8,,false,,False,224,32,0,0,0
BWD,2026092504,-32,SYNTHETIC_PLACEBO_ONLY,False,PROVENANCE_ONLY_NOT_CAUSAL_TRUTH,805,2,115,2022-03-16T00:00:00Z,2022-03-17T00:00:00Z,2022.03.16 03:00,NEUTRAL,STABLE_MAPPED_ROW,,False,,1029,2,147,2022-10-26T00:00:00Z,2022-10-27T00:00:00Z,NEUTRAL,2022-10-26T00:00:00Z,2022-10-25,-0.077,HIGH,8/8,,false,,False,224,32,0,0,0
BWD,2026092504,-32,SYNTHETIC_PLACEBO_ONLY,False,PROVENANCE_ONLY_NOT_CAUSAL_TRUTH,806,3,115,2022-03-17T00:00:00Z,2022-03-18T00:00:00Z,2022.03.17 03:00,RISK_OFF,STABLE_MAPPED_ROW,,False,,1030,3,147,2022-10-27T00:00:00Z,2022-10-28T00:00:00Z,RISK_OFF,2022-10-27T00:00:00Z,2022-10-26,-0.385,HIGH,8/8,,false,,False,224,32,0,0,0
BWD,2026092504,-32,SYNTHETIC_PLACEBO_ONLY,False,PROVENANCE_ONLY_NOT_CAUSAL_TRUTH,807,4,115,2022-03-18T00:00:00Z,2022-03-19T00:00:00Z,2022.03.18 03:00,RISK_OFF,STABLE_MAPPED_ROW,,False,,1031,4,147,2022-10-28T00:00:00Z,2022-10-29T00:00:00Z,RISK_OFF,2022-10-28T00:00:00Z,2022-10-27,-0.538,HIGH,8/8,,false,,False,224,32,0,0,0
BWD,2026092504,-32,SYNTHETIC_PLACEBO_ONLY,False,PROVENANCE_ONLY_NOT_CAUSAL_TRUTH,808,5,115,2022-03-19T00:00:00Z,2022-03-20T00:00:00Z,2022.03.19 03:00,RISK_OFF,STABLE_MAPPED_ROW,,False,,1032,5,147,2022-10-29T00:00:00Z,2022-10-30T00:00:00Z,RISK_OFF,2022-10-29T00:00:00Z,2022-10-28,-0.538,HIGH,8/8,,false,,False,224,32,0,0,0
BWD,2026092504,-32,SYNTHETIC_PLACEBO_ONLY,False,PROVENANCE_ONLY_NOT_CAUSAL_TRUTH,809,6,115,2022-03-20T00:00:00Z,2022-03-21T00:00:00Z,2022.03.20 03:00,RISK_OFF,STABLE_MAPPED_ROW,,False,,1033,6,147,2022-10-30T00:00:00Z,2022-10-31T00:00:00Z,RISK_OFF,2022-10-30T00:00:00Z,2022-10-29,-0.538,HIGH,8/8,,false,,False,224,32,0,0,0
BWD,2026092504,-32,SYNTHETIC_PLACEBO_ONLY,False,PROVENANCE_ONLY_NOT_CAUSAL_TRUTH,810,0,115,2022-03-21T00:00:00Z,2022-03-22T00:00:00Z,2022.03.21 03:00,RISK_OFF,STABLE_MAPPED_ROW,,False,,1034,0,147,2022-10-31T00:00:00Z,2022-11-01T00:00:00Z,RISK_OFF,2022-10-31T00:00:00Z,2022-10-30,-0.538,HIGH,8/8,,false,,False,224,32,0,0,0
BWD,2026092504,-32,SYNTHETIC_PLACEBO_ONLY,False,PROVENANCE_ONLY_NOT_CAUSAL_TRUTH,811,1,115,2022-03-22T00:00:00Z,2022-03-23T00:00:00Z,2022.03.22 03:00,NEUTRAL,STABLE_MAPPED_ROW,,False,,1035,1,147,2022-11-01T00:00:00Z,2022-11-02T00:00:00Z,NEUTRAL,2022-11-01T00:00:00Z,2022-10-31,-0.231,HIGH,8/8,,false,,False,224,32,0,0,0
BWD,2026092504,-32,SYNTHETIC_PLACEBO_ONLY,False,PROVENANCE_ONLY_NOT_CAUSAL_TRUTH,812,2,116,2022-03-23T00:00:00Z,2022-03-24T00:00:00Z,2022.03.23 03:00,NEUTRAL,STABLE_MAPPED_ROW,,False,,1036,2,148,2022-11-02T00:00:00Z,2022-11-03T00:00:00Z,NEUTRAL,2022-11-02T00:00:00Z,2022-11-01,-0.077,HIGH,8/8,,false,,False,224,32,0,0,0
BWD,2026092504,-32,SYNTHETIC_PLACEBO_ONLY,False,PROVENANCE_ONLY_NOT_CAUSAL_TRUTH,813,3,116,2022-03-24T00:00:00Z,2022-03-25T00:00:00Z,2022.03.24 03:00,NEUTRAL,STABLE_MAPPED_ROW,,False,,1037,3,148,2022-11-03T00:00:00Z,2022-11-04T00:00:00Z,NEUTRAL,2022-11-03T00:00:00Z,2022-11-02,-0.231,HIGH,8/8,,false,,False,224,32,0,0,0
BWD,2026092504,-32,SYNTHETIC_PLACEBO_ONLY,False,PROVENANCE_ONLY_NOT_CAUSAL_TRUTH,814,4,116,2022-03-25T00:00:00Z,2022-03-26T00:00:00Z,2022.03.25 03:00,RISK_OFF,STABLE_MAPPED_ROW,,False,,1038,4,148,2022-11-04T00:00:00Z,2022-11-05T00:00:00Z,RISK_OFF,2022-11-04T00:00:00Z,2022-11-03,-0.269,MED,8/8,,false,,False,224,32,0,0,0
BWD,2026092504,-32,SYNTHETIC_PLACEBO_ONLY,False,PROVENANCE_ONLY_NOT_CAUSAL_TRUTH,815,5,116,2022-03-26T00:00:00Z,2022-03-27T00:00:00Z,2022.03.26 03:00,NEUTRAL,STABLE_MAPPED_ROW,,False,,1039,5,148,2022-11-05T00:00:00Z,2022-11-06T00:00:00Z,NEUTRAL,2022-11-05T00:00:00Z,2022-11-04,-0.192,HIGH,8/8,,false,,False,224,32,0,0,0
BWD,2026092504,-32,SYNTHETIC_PLACEBO_ONLY,False,PROVENANCE_ONLY_NOT_CAUSAL_TRUTH,816,6,116,2022-03-27T00:00:00Z,2022-03-28T00:00:00Z,2022.03.27 03:00,NEUTRAL,STABLE_MAPPED_ROW,,False,,1040,6,148,2022-11-06T00:00:00Z,2022-11-07T00:00:00Z,NEUTRAL,2022-11-06T00:00:00Z,2022-11-05,-0.192,HIGH,8/8,,false,,False,224,32,0,0,0
BWD,2026092504,-32,SYNTHETIC_PLACEBO_ONLY,False,PROVENANCE_ONLY_NOT_CAUSAL_TRUTH,817,0,116,2022-03-28T00:00:00Z,2022-03-29T00:00:00Z,2022.03.28 03:00,NEUTRAL,STABLE_MAPPED_ROW,,False,,1041,0,148,2022-11-07T00:00:00Z,2022-11-08T00:00:00Z,NEUTRAL,2022-11-07T00:00:00Z,2022-11-06,-0.192,HIGH,8/8,,false,,False,224,32,0,0,0
BWD,2026092504,-32,SYNTHETIC_PLACEBO_ONLY,False,PROVENANCE_ONLY_NOT_CAUSAL_TRUTH,818,1,116,2022-03-29T00:00:00Z,2022-03-30T00:00:00Z,2022.03.29 03:00,NEUTRAL,STABLE_MAPPED_ROW,,False,,1042,1,148,2022-11-08T00:00:00Z,2022-11-09T00:00:00Z,NEUTRAL,2022-11-08T00:00:00Z,2022-11-07,-0.192,HIGH,8/8,,false,,False,224,32,0,0,0
BWD,2026092504,-32,SYNTHETIC_PLACEBO_ONLY,False,PROVENANCE_ONLY_NOT_CAUSAL_TRUTH,819,2,117,2022-03-30T00:00:00Z,2022-03-31T00:00:00Z,2022.03.30 03:00,RISK_OFF,STABLE_MAPPED_ROW,,False,,1043,2,149,2022-11-09T00:00:00Z,2022-11-10T00:00:00Z,RISK_OFF,2022-11-09T00:00:00Z,2022-11-08,-0.269,HIGH,8/8,,false,,False,224,32,0,0,0
BWD,2026092504,-32,SYNTHETIC_PLACEBO_ONLY,False,PROVENANCE_ONLY_NOT_CAUSAL_TRUTH,820,3,117,2022-03-31T00:00:00Z,2022-04-01T00:00:00Z,2022.03.31 03:00,RISK_OFF,STABLE_MAPPED_ROW,,False,,1044,3,149,2022-11-10T00:00:00Z,2022-11-11T00:00:00Z,RISK_OFF,2022-11-10T00:00:00Z,2022-11-09,-0.269,HIGH,8/8,,false,,False,224,32,0,0,0
BWD,2026092504,-32,SYNTHETIC_PLACEBO_ONLY,False,PROVENANCE_ONLY_NOT_CAUSAL_TRUTH,821,4,117,2022-04-01T00:00:00Z,2022-04-02T00:00:00Z,2022.04.01 03:00,RISK_OFF,STABLE_MAPPED_ROW,,False,,1045,4,149,2022-11-11T00:00:00Z,2022-11-12T00:00:00Z,RISK_OFF,2022-11-11T00:00:00Z,2022-11-10,-0.308,HIGH,8/8,,false,,False,224,32,0,0,0
BWD,2026092504,-32,SYNTHETIC_PLACEBO_ONLY,False,PROVENANCE_ONLY_NOT_CAUSAL_TRUTH,822,5,117,2022-04-02T00:00:00Z,2022-04-03T00:00:00Z,2022.04.02 03:00,RISK_OFF,STABLE_MAPPED_ROW,,False,,1046,5,149,2022-11-12T00:00:00Z,2022-11-13T00:00:00Z,RISK_OFF,2022-11-12T00:00:00Z,2022-11-11,-0.615,HIGH,8/8,,false,,False,224,32,0,0,0
BWD,2026092504,-32,SYNTHETIC_PLACEBO_ONLY,False,PROVENANCE_ONLY_NOT_CAUSAL_TRUTH,823,6,117,2022-04-03T00:00:00Z,2022-04-04T00:00:00Z,2022.04.03 03:00,RISK_OFF,STABLE_MAPPED_ROW,,False,,1047,6,149,2022-11-13T00:00:00Z,2022-11-14T00:00:00Z,RISK_OFF,2022-11-13T00:00:00Z,2022-11-12,-0.615,HIGH,8/8,,false,,False,224,32,0,0,0
BWD,2026092504,-32,SYNTHETIC_PLACEBO_ONLY,False,PROVENANCE_ONLY_NOT_CAUSAL_TRUTH,824,0,117,2022-04-04T00:00:00Z,2022-04-05T00:00:00Z,2022.04.04 03:00,RISK_OFF,STABLE_MAPPED_ROW,,False,,1048,0,149,2022-11-14T00:00:00Z,2022-11-15T00:00:00Z,RISK_OFF,2022-11-14T00:00:00Z,2022-11-13,-0.615,HIGH,8/8,,false,,False,224,32,0,0,0
BWD,2026092504,-32,SYNTHETIC_PLACEBO_ONLY,False,PROVENANCE_ONLY_NOT_CAUSAL_TRUTH,825,1,117,2022-04-05T00:00:00Z,2022-04-06T00:00:00Z,2022.04.05 03:00,RISK_OFF,STABLE_MAPPED_ROW,,False,,1049,1,149,2022-11-15T00:00:00Z,2022-11-16T00:00:00Z,RISK_OFF,2022-11-15T00:00:00Z,2022-11-14,-0.654,HIGH,8/8,,false,,False,224,32,0,0,0
BWD,2026092504,-32,SYNTHETIC_PLACEBO_ONLY,False,PROVENANCE_ONLY_NOT_CAUSAL_TRUTH,826,2,118,2022-04-06T00:00:00Z,2022-04-07T00:00:00Z,2022.04.06 03:00,RISK_OFF,STABLE_MAPPED_ROW,,False,,1050,2,150,2022-11-16T00:00:00Z,2022-11-17T00:00:00Z,RISK_OFF,2022-11-16T00:00:00Z,2022-11-15,-0.731,HIGH,8/8,,false,,False,224,32,0,0,0
BWD,2026092504,-32,SYNTHETIC_PLACEBO_ONLY,False,PROVENANCE_ONLY_NOT_CAUSAL_TRUTH,827,3,118,2022-04-07T00:00:00Z,2022-04-08T00:00:00Z,2022.04.07 03:00,RISK_OFF,STABLE_MAPPED_ROW,,False,,1051,3,150,2022-11-17T00:00:00Z,2022-11-18T00:00:00Z,RISK_OFF,2022-11-17T00:00:00Z,2022-11-16,-0.654,HIGH,8/8,,false,,False,224,32,0,0,0
BWD,2026092504,-32,SYNTHETIC_PLACEBO_ONLY,False,PROVENANCE_ONLY_NOT_CAUSAL_TRUTH,828,4,118,2022-04-08T00:00:00Z,2022-04-09T00:00:00Z,2022.04.08 03:00,RISK_OFF,STABLE_MAPPED_ROW,,False,,1052,4,150,2022-11-18T00:00:00Z,2022-11-19T00:00:00Z,RISK_OFF,2022-11-18T00:00:00Z,2022-11-17,-0.5,HIGH,8/8,,false,,False,224,32,0,0,0
BWD,2026092504,-32,SYNTHETIC_PLACEBO_ONLY,False,PROVENANCE_ONLY_NOT_CAUSAL_TRUTH,829,5,118,2022-04-09T00:00:00Z,2022-04-10T00:00:00Z,2022.04.09 03:00,NEUTRAL,STABLE_MAPPED_ROW,,False,,1053,5,150,2022-11-19T00:00:00Z,2022-11-20T00:00:00Z,NEUTRAL,2022-11-19T00:00:00Z,2022-11-18,-0.154,HIGH,8/8,,false,,False,224,32,0,0,0
BWD,2026092504,-32,SYNTHETIC_PLACEBO_ONLY,False,PROVENANCE_ONLY_NOT_CAUSAL_TRUTH,830,6,118,2022-04-10T00:00:00Z,2022-04-11T00:00:00Z,2022.04.10 03:00,NEUTRAL,STABLE_MAPPED_ROW,,False,,1054,6,150,2022-11-20T00:00:00Z,2022-11-21T00:00:00Z,NEUTRAL,2022-11-20T00:00:00Z,2022-11-19,-0.154,HIGH,8/8,,false,,False,224,32,0,0,0
BWD,2026092504,-32,SYNTHETIC_PLACEBO_ONLY,False,PROVENANCE_ONLY_NOT_CAUSAL_TRUTH,831,0,118,2022-04-11T00:00:00Z,2022-04-12T00:00:00Z,2022.04.11 03:00,NEUTRAL,STABLE_MAPPED_ROW,,False,,1055,0,150,2022-11-21T00:00:00Z,2022-11-22T00:00:00Z,NEUTRAL,2022-11-21T00:00:00Z,2022-11-20,-0.231,HIGH,8/8,,false,,False,224,32,0,0,0
BWD,2026092504,-32,SYNTHETIC_PLACEBO_ONLY,False,PROVENANCE_ONLY_NOT_CAUSAL_TRUTH,832,1,118,2022-04-12T00:00:00Z,2022-04-13T00:00:00Z,2022.04.12 03:00,NEUTRAL,STABLE_MAPPED_ROW,,False,,1056,1,150,2022-11-22T00:00:00Z,2022-11-23T00:00:00Z,NEUTRAL,2022-11-22T00:00:00Z,2022-11-21,-0.231,HIGH,8/8,,false,,False,224,32,0,0,0
BWD,2026092504,-32,SYNTHETIC_PLACEBO_ONLY,False,PROVENANCE_ONLY_NOT_CAUSAL_TRUTH,833,2,119,2022-04-13T00:00:00Z,2022-04-14T00:00:00Z,2022.04.13 03:00,NEUTRAL,STABLE_MAPPED_ROW,,False,,1057,2,151,2022-11-23T00:00:00Z,2022-11-24T00:00:00Z,NEUTRAL,2022-11-23T00:00:00Z,2022-11-22,-0.154,HIGH,8/8,,false,,False,224,32,0,0,0
BWD,2026092504,-32,SYNTHETIC_PLACEBO_ONLY,False,PROVENANCE_ONLY_NOT_CAUSAL_TRUTH,834,3,119,2022-04-14T00:00:00Z,2022-04-15T00:00:00Z,2022.04.14 03:00,RISK_OFF,STABLE_MAPPED_ROW,,False,,1058,3,151,2022-11-24T00:00:00Z,2022-11-25T00:00:00Z,RISK_OFF,2022-11-24T00:00:00Z,2022-11-23,-0.269,HIGH,8/8,,false,,False,224,32,0,0,0
BWD,2026092504,-32,SYNTHETIC_PLACEBO_ONLY,False,PROVENANCE_ONLY_NOT_CAUSAL_TRUTH,835,4,119,2022-04-15T00:00:00Z,2022-04-16T00:00:00Z,2022.04.15 03:00,NEUTRAL,STABLE_MAPPED_ROW,,False,,1059,4,151,2022-11-25T00:00:00Z,2022-11-26T00:00:00Z,NEUTRAL,2022-11-25T00:00:00Z,2022-11-24,-0.154,HIGH,8/8,,false,,False,224,32,0,0,0
BWD,2026092504,-32,SYNTHETIC_PLACEBO_ONLY,False,PROVENANCE_ONLY_NOT_CAUSAL_TRUTH,836,5,119,2022-04-16T00:00:00Z,2022-04-17T00:00:00Z,2022.04.16 03:00,NEUTRAL,STABLE_MAPPED_ROW,,False,,1060,5,151,2022-11-26T00:00:00Z,2022-11-27T00:00:00Z,NEUTRAL,2022-11-26T00:00:00Z,2022-11-25,-0.192,HIGH,8/8,,false,,False,224,32,0,0,0
BWD,2026092504,-32,SYNTHETIC_PLACEBO_ONLY,False,PROVENANCE_ONLY_NOT_CAUSAL_TRUTH,837,6,119,2022-04-17T00:00:00Z,2022-04-18T00:00:00Z,2022.04.17 03:00,NEUTRAL,STABLE_MAPPED_ROW,,False,,1061,6,151,2022-11-27T00:00:00Z,2022-11-28T00:00:00Z,NEUTRAL,2022-11-27T00:00:00Z,2022-11-26,-0.192,HIGH,8/8,,false,,False,224,32,0,0,0
BWD,2026092504,-32,SYNTHETIC_PLACEBO_ONLY,False,PROVENANCE_ONLY_NOT_CAUSAL_TRUTH,838,0,119,2022-04-18T00:00:00Z,2022-04-19T00:00:00Z,2022.04.18 03:00,NEUTRAL,STABLE_MAPPED_ROW,,False,,1062,0,151,2022-11-28T00:00:00Z,2022-11-29T00:00:00Z,NEUTRAL,2022-11-28T00:00:00Z,2022-11-27,-0.192,HIGH,8/8,,false,,False,224,32,0,0,0
BWD,2026092504,-32,SYNTHETIC_PLACEBO_ONLY,False,PROVENANCE_ONLY_NOT_CAUSAL_TRUTH,839,1,119,2022-04-19T00:00:00Z,2022-04-20T00:00:00Z,2022.04.19 03:00,NEUTRAL,STABLE_MAPPED_ROW,,False,,1063,1,151,2022-11-29T00:00:00Z,2022-11-30T00:00:00Z,NEUTRAL,2022-11-29T00:00:00Z,2022-11-28,-0.192,HIGH,8/8,,false,,False,224,32,0,0,0
BWD,2026092504,-32,SYNTHETIC_PLACEBO_ONLY,False,PROVENANCE_ONLY_NOT_CAUSAL_TRUTH,840,2,120,2022-04-20T00:00:00Z,2022-04-21T00:00:00Z,2022.04.20 03:00,RISK_OFF,STABLE_MAPPED_ROW,,False,,1064,2,152,2022-11-30T00:00:00Z,2022-12-01T00:00:00Z,RISK_OFF,2022-11-30T00:00:00Z,2022-11-29,-0.538,HIGH,8/8,,false,,False,224,32,0,0,0
BWD,2026092504,-32,SYNTHETIC_PLACEBO_ONLY,False,PROVENANCE_ONLY_NOT_CAUSAL_TRUTH,841,3,120,2022-04-21T00:00:00Z,2022-04-22T00:00:00Z,2022.04.21 03:00,NEUTRAL,STABLE_MAPPED_ROW,,False,,1065,3,152,2022-12-01T00:00:00Z,2022-12-02T00:00:00Z,NEUTRAL,2022-12-01T00:00:00Z,2022-11-30,-0.192,HIGH,8/8,,false,,False,224,32,0,0,0
BWD,2026092504,-32,SYNTHETIC_PLACEBO_ONLY,False,PROVENANCE_ONLY_NOT_CAUSAL_TRUTH,842,4,120,2022-04-22T00:00:00Z,2022-04-23T00:00:00Z,2022.04.22 03:00,NEUTRAL,STABLE_MAPPED_ROW,,False,,1066,4,152,2022-12-02T00:00:00Z,2022-12-03T00:00:00Z,NEUTRAL,2022-12-02T00:00:00Z,2022-12-01,-0.192,HIGH,8/8,,false,,False,224,32,0,0,0
BWD,2026092504,-32,SYNTHETIC_PLACEBO_ONLY,False,PROVENANCE_ONLY_NOT_CAUSAL_TRUTH,843,5,120,2022-04-23T00:00:00Z,2022-04-24T00:00:00Z,2022.04.23 03:00,RISK_OFF,STABLE_MAPPED_ROW,,False,,1067,5,152,2022-12-03T00:00:00Z,2022-12-04T00:00:00Z,RISK_OFF,2022-12-03T00:00:00Z,2022-12-02,-0.538,HIGH,8/8,,false,,False,224,32,0,0,0
BWD,2026092504,-32,SYNTHETIC_PLACEBO_ONLY,False,PROVENANCE_ONLY_NOT_CAUSAL_TRUTH,844,6,120,2022-04-24T00:00:00Z,2022-04-25T00:00:00Z,2022.04.24 03:00,RISK_OFF,STABLE_MAPPED_ROW,,False,,1068,6,152,2022-12-04T00:00:00Z,2022-12-05T00:00:00Z,RISK_OFF,2022-12-04T00:00:00Z,2022-12-03,-0.538,HIGH,8/8,,false,,False,224,32,0,0,0
BWD,2026092504,-32,SYNTHETIC_PLACEBO_ONLY,False,PROVENANCE_ONLY_NOT_CAUSAL_TRUTH,845,0,120,2022-04-25T00:00:00Z,2022-04-26T00:00:00Z,2022.04.25 03:00,RISK_OFF,STABLE_MAPPED_ROW,,False,,1069,0,152,2022-12-05T00:00:00Z,2022-12-06T00:00:00Z,RISK_OFF,2022-12-05T00:00:00Z,2022-12-04,-0.538,HIGH,8/8,,false,,False,224,32,0,0,0
BWD,2026092504,-32,SYNTHETIC_PLACEBO_ONLY,False,PROVENANCE_ONLY_NOT_CAUSAL_TRUTH,846,1,120,2022-04-26T00:00:00Z,2022-04-27T00:00:00Z,2022.04.26 03:00,RISK_OFF,STABLE_MAPPED_ROW,,False,,1070,1,152,2022-12-06T00:00:00Z,2022-12-07T00:00:00Z,RISK_OFF,2022-12-06T00:00:00Z,2022-12-05,-0.538,HIGH,8/8,,false,,False,224,32,0,0,0
BWD,2026092504,-32,SYNTHETIC_PLACEBO_ONLY,False,PROVENANCE_ONLY_NOT_CAUSAL_TRUTH,847,2,121,2022-04-27T00:00:00Z,2022-04-28T00:00:00Z,2022.04.27 03:00,RISK_OFF,STABLE_MAPPED_ROW,,False,,1071,2,153,2022-12-07T00:00:00Z,2022-12-08T00:00:00Z,RISK_OFF,2022-12-07T00:00:00Z,2022-12-06,-0.692,HIGH,8/8,,false,,False,224,32,0,0,0
BWD,2026092504,-32,SYNTHETIC_PLACEBO_ONLY,False,PROVENANCE_ONLY_NOT_CAUSAL_TRUTH,848,3,121,2022-04-28T00:00:00Z,2022-04-29T00:00:00Z,2022.04.28 03:00,RISK_OFF,STABLE_MAPPED_ROW,,False,,1072,3,153,2022-12-08T00:00:00Z,2022-12-09T00:00:00Z,RISK_OFF,2022-12-08T00:00:00Z,2022-12-07,-0.769,HIGH,8/8,,false,,False,224,32,0,0,0
BWD,2026092504,-32,SYNTHETIC_PLACEBO_ONLY,False,PROVENANCE_ONLY_NOT_CAUSAL_TRUTH,849,4,121,2022-04-29T00:00:00Z,2022-04-30T00:00:00Z,2022.04.29 03:00,RISK_OFF,STABLE_MAPPED_ROW,,False,,1073,4,153,2022-12-09T00:00:00Z,2022-12-10T00:00:00Z,RISK_OFF,2022-12-09T00:00:00Z,2022-12-08,-0.538,HIGH,8/8,,false,,False,224,32,0,0,0
BWD,2026092504,-32,SYNTHETIC_PLACEBO_ONLY,False,PROVENANCE_ONLY_NOT_CAUSAL_TRUTH,850,5,121,2022-04-30T00:00:00Z,2022-05-01T00:00:00Z,2022.04.30 03:00,RISK_OFF,STABLE_MAPPED_ROW,,False,,1074,5,153,2022-12-10T00:00:00Z,2022-12-11T00:00:00Z,RISK_OFF,2022-12-10T00:00:00Z,2022-12-09,-0.538,HIGH,8/8,,false,,False,224,32,0,0,0
BWD,2026092504,-32,SYNTHETIC_PLACEBO_ONLY,False,PROVENANCE_ONLY_NOT_CAUSAL_TRUTH,851,6,121,2022-05-01T00:00:00Z,2022-05-02T00:00:00Z,2022.05.01 03:00,RISK_OFF,STABLE_MAPPED_ROW,,False,,1075,6,153,2022-12-11T00:00:00Z,2022-12-12T00:00:00Z,RISK_OFF,2022-12-11T00:00:00Z,2022-12-10,-0.538,HIGH,8/8,,false,,False,224,32,0,0,0
BWD,2026092504,-32,SYNTHETIC_PLACEBO_ONLY,False,PROVENANCE_ONLY_NOT_CAUSAL_TRUTH,852,0,121,2022-05-02T00:00:00Z,2022-05-03T00:00:00Z,2022.05.02 03:00,RISK_OFF,STABLE_MAPPED_ROW,,False,,1076,0,153,2022-12-12T00:00:00Z,2022-12-13T00:00:00Z,RISK_OFF,2022-12-12T00:00:00Z,2022-12-11,-0.538,HIGH,8/8,,false,,False,224,32,0,0,0
BWD,2026092504,-32,SYNTHETIC_PLACEBO_ONLY,False,PROVENANCE_ONLY_NOT_CAUSAL_TRUTH,853,1,121,2022-05-03T00:00:00Z,2022-05-04T00:00:00Z,2022.05.03 03:00,RISK_OFF,STABLE_MAPPED_ROW,,False,,1077,1,153,2022-12-13T00:00:00Z,2022-12-14T00:00:00Z,RISK_OFF,2022-12-13T00:00:00Z,2022-12-12,-0.538,HIGH,8/8,,false,,False,224,32,0,0,0
BWD,2026092504,-32,SYNTHETIC_PLACEBO_ONLY,False,PROVENANCE_ONLY_NOT_CAUSAL_TRUTH,854,2,122,2022-05-04T00:00:00Z,2022-05-05T00:00:00Z,2022.05.04 03:00,RISK_OFF,STABLE_MAPPED_ROW,,False,,1078,2,154,2022-12-14T00:00:00Z,2022-12-15T00:00:00Z,RISK_OFF,2022-12-14T00:00:00Z,2022-12-13,-0.538,HIGH,8/8,,false,,False,224,32,0,0,0
BWD,2026092504,-32,SYNTHETIC_PLACEBO_ONLY,False,PROVENANCE_ONLY_NOT_CAUSAL_TRUTH,855,3,122,2022-05-05T00:00:00Z,2022-05-06T00:00:00Z,2022.05.05 03:00,RISK_OFF,STABLE_MAPPED_ROW,,False,,1079,3,154,2022-12-15T00:00:00Z,2022-12-16T00:00:00Z,RISK_OFF,2022-12-15T00:00:00Z,2022-12-14,-0.538,HIGH,8/8,,false,,False,224,32,0,0,0
BWD,2026092504,-32,SYNTHETIC_PLACEBO_ONLY,False,PROVENANCE_ONLY_NOT_CAUSAL_TRUTH,856,4,122,2022-05-06T00:00:00Z,2022-05-07T00:00:00Z,2022.05.06 03:00,RISK_OFF,STABLE_MAPPED_ROW,,False,,1080,4,154,2022-12-16T00:00:00Z,2022-12-17T00:00:00Z,RISK_OFF,2022-12-16T00:00:00Z,2022-12-15,-0.615,HIGH,8/8,,false,,False,224,32,0,0,0
BWD,2026092504,-32,SYNTHETIC_PLACEBO_ONLY,False,PROVENANCE_ONLY_NOT_CAUSAL_TRUTH,857,5,122,2022-05-07T00:00:00Z,2022-05-08T00:00:00Z,2022.05.07 03:00,RISK_OFF,STABLE_MAPPED_ROW,,False,,1081,5,154,2022-12-17T00:00:00Z,2022-12-18T00:00:00Z,RISK_OFF,2022-12-17T00:00:00Z,2022-12-16,-0.538,HIGH,8/8,,false,,False,224,32,0,0,0
BWD,2026092504,-32,SYNTHETIC_PLACEBO_ONLY,False,PROVENANCE_ONLY_NOT_CAUSAL_TRUTH,858,6,122,2022-05-08T00:00:00Z,2022-05-09T00:00:00Z,2022.05.08 03:00,RISK_OFF,STABLE_MAPPED_ROW,,False,,1082,6,154,2022-12-18T00:00:00Z,2022-12-19T00:00:00Z,RISK_OFF,2022-12-18T00:00:00Z,2022-12-17,-0.538,HIGH,8/8,,false,,False,224,32,0,0,0
BWD,2026092504,-32,SYNTHETIC_PLACEBO_ONLY,False,PROVENANCE_ONLY_NOT_CAUSAL_TRUTH,859,0,122,2022-05-09T00:00:00Z,2022-05-10T00:00:00Z,2022.05.09 03:00,RISK_OFF,STABLE_MAPPED_ROW,,False,,1083,0,154,2022-12-19T00:00:00Z,2022-12-20T00:00:00Z,RISK_OFF,2022-12-19T00:00:00Z,2022-12-18,-0.615,HIGH,8/8,,false,,False,224,32,0,0,0
BWD,2026092504,-32,SYNTHETIC_PLACEBO_ONLY,False,PROVENANCE_ONLY_NOT_CAUSAL_TRUTH,860,1,122,2022-05-10T00:00:00Z,2022-05-11T00:00:00Z,2022.05.10 03:00,RISK_OFF,STABLE_MAPPED_ROW,,False,,1084,1,154,2022-12-20T00:00:00Z,2022-12-21T00:00:00Z,RISK_OFF,2022-12-20T00:00:00Z,2022-12-19,-0.615,HIGH,8/8,,false,,False,224,32,0,0,0
BWD,2026092504,-32,SYNTHETIC_PLACEBO_ONLY,False,PROVENANCE_ONLY_NOT_CAUSAL_TRUTH,861,2,123,2022-05-11T00:00:00Z,2022-05-12T00:00:00Z,2022.05.11 03:00,RISK_OFF,STABLE_MAPPED_ROW,,False,,1085,2,155,2022-12-21T00:00:00Z,2022-12-22T00:00:00Z,RISK_OFF,2022-12-21T00:00:00Z,2022-12-20,-0.462,HIGH,8/8,,false,,False,224,32,0,0,0
BWD,2026092504,-32,SYNTHETIC_PLACEBO_ONLY,False,PROVENANCE_ONLY_NOT_CAUSAL_TRUTH,862,3,123,2022-05-12T00:00:00Z,2022-05-13T00:00:00Z,2022.05.12 03:00,RISK_OFF,STABLE_MAPPED_ROW,,False,,1086,3,155,2022-12-22T00:00:00Z,2022-12-23T00:00:00Z,RISK_OFF,2022-12-22T00:00:00Z,2022-12-21,-0.692,HIGH,8/8,,false,,False,224,32,0,0,0
BWD,2026092504,-32,SYNTHETIC_PLACEBO_ONLY,False,PROVENANCE_ONLY_NOT_CAUSAL_TRUTH,863,4,123,2022-05-13T00:00:00Z,2022-05-14T00:00:00Z,2022.05.13 03:00,RISK_OFF,STABLE_MAPPED_ROW,,False,,1087,4,155,2022-12-23T00:00:00Z,2022-12-24T00:00:00Z,RISK_OFF,2022-12-23T00:00:00Z,2022-12-22,-0.462,HIGH,8/8,,false,,False,224,32,0,0,0
BWD,2026092504,-32,SYNTHETIC_PLACEBO_ONLY,False,PROVENANCE_ONLY_NOT_CAUSAL_TRUTH,864,5,123,2022-05-14T00:00:00Z,2022-05-15T00:00:00Z,2022.05.14 03:00,RISK_OFF,STABLE_MAPPED_ROW,,False,,1088,5,155,2022-12-24T00:00:00Z,2022-12-25T00:00:00Z,RISK_OFF,2022-12-24T00:00:00Z,2022-12-23,-0.769,HIGH,8/8,,false,,False,224,32,0,0,0
BWD,2026092504,-32,SYNTHETIC_PLACEBO_ONLY,False,PROVENANCE_ONLY_NOT_CAUSAL_TRUTH,865,6,123,2022-05-15T00:00:00Z,2022-05-16T00:00:00Z,2022.05.15 03:00,RISK_OFF,STABLE_MAPPED_ROW,,False,,1089,6,155,2022-12-25T00:00:00Z,2022-12-26T00:00:00Z,RISK_OFF,2022-12-25T00:00:00Z,2022-12-24,-0.769,HIGH,8/8,,false,,False,224,32,0,0,0
BWD,2026092504,-32,SYNTHETIC_PLACEBO_ONLY,False,PROVENANCE_ONLY_NOT_CAUSAL_TRUTH,866,0,123,2022-05-16T00:00:00Z,2022-05-17T00:00:00Z,2022.05.16 03:00,RISK_OFF,STABLE_MAPPED_ROW,,False,,1090,0,155,2022-12-26T00:00:00Z,2022-12-27T00:00:00Z,RISK_OFF,2022-12-26T00:00:00Z,2022-12-25,-0.769,HIGH,8/8,,false,,False,224,32,0,0,0
BWD,2026092504,-32,SYNTHETIC_PLACEBO_ONLY,False,PROVENANCE_ONLY_NOT_CAUSAL_TRUTH,867,1,123,2022-05-17T00:00:00Z,2022-05-18T00:00:00Z,2022.05.17 03:00,RISK_OFF,STABLE_MAPPED_ROW,,False,,1091,1,155,2022-12-27T00:00:00Z,2022-12-28T00:00:00Z,RISK_OFF,2022-12-27T00:00:00Z,2022-12-26,-0.462,HIGH,8/8,,false,,False,224,32,0,0,0
BWD,2026092504,-32,SYNTHETIC_PLACEBO_ONLY,False,PROVENANCE_ONLY_NOT_CAUSAL_TRUTH,868,2,124,2022-05-18T00:00:00Z,2022-05-19T00:00:00Z,2022.05.18 03:00,RISK_OFF,STABLE_MAPPED_ROW,,False,,1092,2,156,2022-12-28T00:00:00Z,2022-12-29T00:00:00Z,RISK_OFF,2022-12-28T00:00:00Z,2022-12-27,-0.462,HIGH,8/8,,false,,False,224,32,0,0,0
BWD,2026092504,-32,SYNTHETIC_PLACEBO_ONLY,False,PROVENANCE_ONLY_NOT_CAUSAL_TRUTH,869,3,124,2022-05-19T00:00:00Z,2022-05-20T00:00:00Z,2022.05.19 03:00,RISK_OFF,STABLE_MAPPED_ROW,,False,,1093,3,156,2022-12-29T00:00:00Z,2022-12-30T00:00:00Z,RISK_OFF,2022-12-29T00:00:00Z,2022-12-28,-0.462,HIGH,8/8,,false,,False,224,32,0,0,0
BWD,2026092504,-32,SYNTHETIC_PLACEBO_ONLY,False,PROVENANCE_ONLY_NOT_CAUSAL_TRUTH,870,4,124,2022-05-20T00:00:00Z,2022-05-21T00:00:00Z,2022.05.20 03:00,RISK_OFF,STABLE_MAPPED_ROW,,False,,1094,4,156,2022-12-30T00:00:00Z,2022-12-31T00:00:00Z,RISK_OFF,2022-12-30T00:00:00Z,2022-12-29,-0.462,HIGH,8/8,,false,,False,224,32,0,0,0
BWD,2026092504,-32,SYNTHETIC_PLACEBO_ONLY,False,PROVENANCE_ONLY_NOT_CAUSAL_TRUTH,871,5,124,2022-05-21T00:00:00Z,2022-05-22T00:00:00Z,2022.05.21 03:00,RISK_OFF,STABLE_MAPPED_ROW,,False,,1095,5,156,2022-12-31T00:00:00Z,2023-01-01T00:00:00Z,RISK_OFF,2022-12-31T00:00:00Z,2022-12-30,-0.462,HIGH,8/8,,false,,False,224,32,0,0,0
BWD,2026092504,-32,SYNTHETIC_PLACEBO_ONLY,False,PROVENANCE_ONLY_NOT_CAUSAL_TRUTH,872,6,124,2022-05-22T00:00:00Z,2022-05-23T00:00:00Z,2022.05.22 03:00,NEUTRAL,STABLE_MAPPED_ROW,,False,,4,6,0,2020-01-05T00:00:00Z,2020-01-06T00:00:00Z,NEUTRAL,2020-01-05T00:00:00Z,2020-01-04,0.154,MED,8/8,,false,,True,-868,-124,0,0,0
BWD,2026092504,-32,SYNTHETIC_PLACEBO_ONLY,False,PROVENANCE_ONLY_NOT_CAUSAL_TRUTH,873,0,124,2022-05-23T00:00:00Z,2022-05-24T00:00:00Z,2022.05.23 03:00,NEUTRAL,STABLE_MAPPED_ROW,,False,,5,0,0,2020-01-06T00:00:00Z,2020-01-07T00:00:00Z,NEUTRAL,2020-01-06T00:00:00Z,2020-01-05,0.154,MED,8/8,,false,,True,-868,-124,0,0,0
BWD,2026092504,-32,SYNTHETIC_PLACEBO_ONLY,False,PROVENANCE_ONLY_NOT_CAUSAL_TRUTH,874,1,124,2022-05-24T00:00:00Z,2022-05-25T00:00:00Z,2022.05.24 03:00,NEUTRAL,STABLE_MAPPED_ROW,,False,,6,1,0,2020-01-07T00:00:00Z,2020-01-08T00:00:00Z,NEUTRAL,2020-01-07T00:00:00Z,2020-01-06,-0.077,LOW,8/8,,false,,True,-868,-124,0,0,0
BWD,2026092504,-32,SYNTHETIC_PLACEBO_ONLY,False,PROVENANCE_ONLY_NOT_CAUSAL_TRUTH,875,2,125,2022-05-25T00:00:00Z,2022-05-26T00:00:00Z,2022.05.25 03:00,NEUTRAL,STABLE_MAPPED_ROW,,False,,0,2,0,2020-01-01T00:00:00Z,2020-01-02T00:00:00Z,NEUTRAL,2020-01-01T00:00:00Z,2019-12-31,0.346,HIGH,8/8,,false,,True,-875,-125,0,0,0
BWD,2026092504,-32,SYNTHETIC_PLACEBO_ONLY,False,PROVENANCE_ONLY_NOT_CAUSAL_TRUTH,876,3,125,2022-05-26T00:00:00Z,2022-05-27T00:00:00Z,2022.05.26 03:00,NEUTRAL,STABLE_MAPPED_ROW,,False,,1,3,0,2020-01-02T00:00:00Z,2020-01-03T00:00:00Z,NEUTRAL,2020-01-02T00:00:00Z,2020-01-01,0.346,HIGH,8/8,,false,,True,-875,-125,0,0,0
BWD,2026092504,-32,SYNTHETIC_PLACEBO_ONLY,False,PROVENANCE_ONLY_NOT_CAUSAL_TRUTH,877,4,125,2022-05-27T00:00:00Z,2022-05-28T00:00:00Z,2022.05.27 03:00,NEUTRAL,STABLE_MAPPED_ROW,,False,,2,4,0,2020-01-03T00:00:00Z,2020-01-04T00:00:00Z,NEUTRAL,2020-01-03T00:00:00Z,2020-01-02,0.269,HIGH,8/8,,false,,True,-875,-125,0,0,0
BWD,2026092504,-32,SYNTHETIC_PLACEBO_ONLY,False,PROVENANCE_ONLY_NOT_CAUSAL_TRUTH,878,5,125,2022-05-28T00:00:00Z,2022-05-29T00:00:00Z,2022.05.28 03:00,NEUTRAL,STABLE_MAPPED_ROW,,False,,3,5,0,2020-01-04T00:00:00Z,2020-01-05T00:00:00Z,NEUTRAL,2020-01-04T00:00:00Z,2020-01-03,0.154,MED,8/8,,false,,True,-875,-125,0,0,0
BWD,2026092504,-32,SYNTHETIC_PLACEBO_ONLY,False,PROVENANCE_ONLY_NOT_CAUSAL_TRUTH,879,6,125,2022-05-29T00:00:00Z,2022-05-30T00:00:00Z,2022.05.29 03:00,NEUTRAL,STABLE_MAPPED_ROW,,False,,11,6,1,2020-01-12T00:00:00Z,2020-01-13T00:00:00Z,NEUTRAL,2020-01-12T00:00:00Z,2020-01-11,0.269,HIGH,8/8,,false,,True,-868,-124,0,0,0
BWD,2026092504,-32,SYNTHETIC_PLACEBO_ONLY,False,PROVENANCE_ONLY_NOT_CAUSAL_TRUTH,880,0,125,2022-05-30T00:00:00Z,2022-05-31T00:00:00Z,2022.05.30 03:00,NEUTRAL,STABLE_MAPPED_ROW,,False,,12,0,1,2020-01-13T00:00:00Z,2020-01-14T00:00:00Z,NEUTRAL,2020-01-13T00:00:00Z,2020-01-12,0.269,HIGH,8/8,,false,,True,-868,-124,0,0,0
BWD,2026092504,-32,SYNTHETIC_PLACEBO_ONLY,False,PROVENANCE_ONLY_NOT_CAUSAL_TRUTH,881,1,125,2022-05-31T00:00:00Z,2022-06-01T00:00:00Z,2022.05.31 03:00,NEUTRAL,STABLE_MAPPED_ROW,,False,,13,1,1,2020-01-14T00:00:00Z,2020-01-15T00:00:00Z,NEUTRAL,2020-01-14T00:00:00Z,2020-01-13,0.385,HIGH,8/8,,false,,True,-868,-124,0,0,0
BWD,2026092504,-32,SYNTHETIC_PLACEBO_ONLY,False,PROVENANCE_ONLY_NOT_CAUSAL_TRUTH,882,2,126,2022-06-01T00:00:00Z,2022-06-02T00:00:00Z,2022.06.01 03:00,NEUTRAL,STABLE_MAPPED_ROW,,False,,7,2,1,2020-01-08T00:00:00Z,2020-01-09T00:00:00Z,NEUTRAL,2020-01-08T00:00:00Z,2020-01-07,0.231,HIGH,8/8,,false,,True,-875,-125,0,0,0
BWD,2026092504,-32,SYNTHETIC_PLACEBO_ONLY,False,PROVENANCE_ONLY_NOT_CAUSAL_TRUTH,883,3,126,2022-06-02T00:00:00Z,2022-06-03T00:00:00Z,2022.06.02 03:00,NEUTRAL,STABLE_MAPPED_ROW,,False,,8,3,1,2020-01-09T00:00:00Z,2020-01-10T00:00:00Z,NEUTRAL,2020-01-09T00:00:00Z,2020-01-08,-0.077,MED,8/8,,false,,True,-875,-125,0,0,0
BWD,2026092504,-32,SYNTHETIC_PLACEBO_ONLY,False,PROVENANCE_ONLY_NOT_CAUSAL_TRUTH,884,4,126,2022-06-03T00:00:00Z,2022-06-04T00:00:00Z,2022.06.03 03:00,NEUTRAL,STABLE_MAPPED_ROW,,False,,9,4,1,2020-01-10T00:00:00Z,2020-01-11T00:00:00Z,NEUTRAL,2020-01-10T00:00:00Z,2020-01-09,0.231,HIGH,8/8,,false,,True,-875,-125,0,0,0
BWD,2026092504,-32,SYNTHETIC_PLACEBO_ONLY,False,PROVENANCE_ONLY_NOT_CAUSAL_TRUTH,885,5,126,2022-06-04T00:00:00Z,2022-06-05T00:00:00Z,2022.06.04 03:00,NEUTRAL,STABLE_MAPPED_ROW,,False,,10,5,1,2020-01-11T00:00:00Z,2020-01-12T00:00:00Z,NEUTRAL,2020-01-11T00:00:00Z,2020-01-10,0.269,HIGH,8/8,,false,,True,-875,-125,0,0,0
BWD,2026092504,-32,SYNTHETIC_PLACEBO_ONLY,False,PROVENANCE_ONLY_NOT_CAUSAL_TRUTH,886,6,126,2022-06-05T00:00:00Z,2022-06-06T00:00:00Z,2022.06.05 03:00,NEUTRAL,STABLE_MAPPED_ROW,,False,,18,6,2,2020-01-19T00:00:00Z,2020-01-20T00:00:00Z,NEUTRAL,2020-01-19T00:00:00Z,2020-01-18,0.385,HIGH,8/8,,false,,True,-868,-124,0,0,0
BWD,2026092504,-32,SYNTHETIC_PLACEBO_ONLY,False,PROVENANCE_ONLY_NOT_CAUSAL_TRUTH,887,0,126,2022-06-06T00:00:00Z,2022-06-07T00:00:00Z,2022.06.06 03:00,NEUTRAL,STABLE_MAPPED_ROW,,False,,19,0,2,2020-01-20T00:00:00Z,2020-01-21T00:00:00Z,NEUTRAL,2020-01-20T00:00:00Z,2020-01-19,0.385,HIGH,8/8,,false,,True,-868,-124,0,0,0
BWD,2026092504,-32,SYNTHETIC_PLACEBO_ONLY,False,PROVENANCE_ONLY_NOT_CAUSAL_TRUTH,888,1,126,2022-06-07T00:00:00Z,2022-06-08T00:00:00Z,2022.06.07 03:00,NEUTRAL,STABLE_MAPPED_ROW,,False,,20,1,2,2020-01-21T00:00:00Z,2020-01-22T00:00:00Z,NEUTRAL,2020-01-21T00:00:00Z,2020-01-20,0.385,HIGH,8/8,,false,,True,-868,-124,0,0,0
BWD,2026092504,-32,SYNTHETIC_PLACEBO_ONLY,False,PROVENANCE_ONLY_NOT_CAUSAL_TRUTH,889,2,127,2022-06-08T00:00:00Z,2022-06-09T00:00:00Z,2022.06.08 03:00,NEUTRAL,STABLE_MAPPED_ROW,,False,,14,2,2,2020-01-15T00:00:00Z,2020-01-16T00:00:00Z,NEUTRAL,2020-01-15T00:00:00Z,2020-01-14,0.385,HIGH,8/8,,false,,True,-875,-125,0,0,0
BWD,2026092504,-32,SYNTHETIC_PLACEBO_ONLY,False,PROVENANCE_ONLY_NOT_CAUSAL_TRUTH,890,3,127,2022-06-09T00:00:00Z,2022-06-10T00:00:00Z,2022.06.09 03:00,NEUTRAL,STABLE_MAPPED_ROW,,False,,15,3,2,2020-01-16T00:00:00Z,2020-01-17T00:00:00Z,NEUTRAL,2020-01-16T00:00:00Z,2020-01-15,0.385,HIGH,8/8,,false,,True,-875,-125,0,0,0
BWD,2026092504,-32,SYNTHETIC_PLACEBO_ONLY,False,PROVENANCE_ONLY_NOT_CAUSAL_TRUTH,891,4,127,2022-06-10T00:00:00Z,2022-06-11T00:00:00Z,2022.06.10 03:00,NEUTRAL,STABLE_MAPPED_ROW,,False,,16,4,2,2020-01-17T00:00:00Z,2020-01-18T00:00:00Z,NEUTRAL,2020-01-17T00:00:00Z,2020-01-16,0.385,HIGH,8/8,,false,,True,-875,-125,0,0,0
BWD,2026092504,-32,SYNTHETIC_PLACEBO_ONLY,False,PROVENANCE_ONLY_NOT_CAUSAL_TRUTH,892,5,127,2022-06-11T00:00:00Z,2022-06-12T00:00:00Z,2022.06.11 03:00,NEUTRAL,STABLE_MAPPED_ROW,,False,,17,5,2,2020-01-18T00:00:00Z,2020-01-19T00:00:00Z,NEUTRAL,2020-01-18T00:00:00Z,2020-01-17,0.385,HIGH,8/8,,false,,True,-875,-125,0,0,0
BWD,2026092504,-32,SYNTHETIC_PLACEBO_ONLY,False,PROVENANCE_ONLY_NOT_CAUSAL_TRUTH,893,6,127,2022-06-12T00:00:00Z,2022-06-13T00:00:00Z,2022.06.12 03:00,NEUTRAL,STABLE_MAPPED_ROW,,False,,25,6,3,2020-01-26T00:00:00Z,2020-01-27T00:00:00Z,NEUTRAL,2020-01-26T00:00:00Z,2020-01-25,-0.115,MED,8/8,,false,,True,-868,-124,0,0,0
BWD,2026092504,-32,SYNTHETIC_PLACEBO_ONLY,False,PROVENANCE_ONLY_NOT_CAUSAL_TRUTH,894,0,127,2022-06-13T00:00:00Z,2022-06-14T00:00:00Z,2022.06.13 03:00,NEUTRAL,STABLE_MAPPED_ROW,,False,,26,0,3,2020-01-27T00:00:00Z,2020-01-28T00:00:00Z,NEUTRAL,2020-01-27T00:00:00Z,2020-01-26,-0.038,MED,8/8,,false,,True,-868,-124,0,0,0
BWD,2026092504,-32,SYNTHETIC_PLACEBO_ONLY,False,PROVENANCE_ONLY_NOT_CAUSAL_TRUTH,895,1,127,2022-06-14T00:00:00Z,2022-06-15T00:00:00Z,2022.06.14 03:00,RISK_OFF,STABLE_MAPPED_ROW,,False,,27,1,3,2020-01-28T00:00:00Z,2020-01-29T00:00:00Z,RISK_OFF,2020-01-28T00:00:00Z,2020-01-27,-0.692,HIGH,8/8,,false,,True,-868,-124,0,0,0
BWD,2026092504,-32,SYNTHETIC_PLACEBO_ONLY,False,PROVENANCE_ONLY_NOT_CAUSAL_TRUTH,896,2,128,2022-06-15T00:00:00Z,2022-06-16T00:00:00Z,2022.06.15 03:00,NEUTRAL,STABLE_MAPPED_ROW,,False,,21,2,3,2020-01-22T00:00:00Z,2020-01-23T00:00:00Z,NEUTRAL,2020-01-22T00:00:00Z,2020-01-21,0.231,HIGH,8/8,,false,,True,-875,-125,0,0,0
BWD,2026092504,-32,SYNTHETIC_PLACEBO_ONLY,False,PROVENANCE_ONLY_NOT_CAUSAL_TRUTH,897,3,128,2022-06-16T00:00:00Z,2022-06-17T00:00:00Z,2022.06.16 03:00,NEUTRAL,STABLE_MAPPED_ROW,,False,,22,3,3,2020-01-23T00:00:00Z,2020-01-24T00:00:00Z,NEUTRAL,2020-01-23T00:00:00Z,2020-01-22,0.077,MED,8/8,,false,,True,-875,-125,0,0,0
BWD,2026092504,-32,SYNTHETIC_PLACEBO_ONLY,False,PROVENANCE_ONLY_NOT_CAUSAL_TRUTH,898,4,128,2022-06-17T00:00:00Z,2022-06-18T00:00:00Z,2022.06.17 03:00,NEUTRAL,STABLE_MAPPED_ROW,,False,,23,4,3,2020-01-24T00:00:00Z,2020-01-25T00:00:00Z,NEUTRAL,2020-01-24T00:00:00Z,2020-01-23,0,MED,8/8,,false,,True,-875,-125,0,0,0
BWD,2026092504,-32,SYNTHETIC_PLACEBO_ONLY,False,PROVENANCE_ONLY_NOT_CAUSAL_TRUTH,899,5,128,2022-06-18T00:00:00Z,2022-06-19T00:00:00Z,2022.06.18 03:00,NEUTRAL,STABLE_MAPPED_ROW,,False,,24,5,3,2020-01-25T00:00:00Z,2020-01-26T00:00:00Z,NEUTRAL,2020-01-25T00:00:00Z,2020-01-24,-0.038,MED,8/8,,false,,True,-875,-125,0,0,0
BWD,2026092504,-32,SYNTHETIC_PLACEBO_ONLY,False,PROVENANCE_ONLY_NOT_CAUSAL_TRUTH,900,6,128,2022-06-19T00:00:00Z,2022-06-20T00:00:00Z,2022.06.19 03:00,RISK_OFF,STABLE_MAPPED_ROW,,False,,32,6,4,2020-02-02T00:00:00Z,2020-02-03T00:00:00Z,RISK_OFF,2020-02-02T00:00:00Z,2020-02-01,-0.462,HIGH,8/8,,false,,True,-868,-124,0,0,0
BWD,2026092504,-32,SYNTHETIC_PLACEBO_ONLY,False,PROVENANCE_ONLY_NOT_CAUSAL_TRUTH,901,0,128,2022-06-20T00:00:00Z,2022-06-21T00:00:00Z,2022.06.20 03:00,RISK_OFF,STABLE_MAPPED_ROW,,False,,33,0,4,2020-02-03T00:00:00Z,2020-02-04T00:00:00Z,RISK_OFF,2020-02-03T00:00:00Z,2020-02-02,-0.5,HIGH,8/8,,false,,True,-868,-124,0,0,0
BWD,2026092504,-32,SYNTHETIC_PLACEBO_ONLY,False,PROVENANCE_ONLY_NOT_CAUSAL_TRUTH,902,1,128,2022-06-21T00:00:00Z,2022-06-22T00:00:00Z,2022.06.21 03:00,RISK_OFF,STABLE_MAPPED_ROW,,False,,34,1,4,2020-02-04T00:00:00Z,2020-02-05T00:00:00Z,RISK_OFF,2020-02-04T00:00:00Z,2020-02-03,-0.346,MED,8/8,,false,,True,-868,-124,0,0,0
BWD,2026092504,-32,SYNTHETIC_PLACEBO_ONLY,False,PROVENANCE_ONLY_NOT_CAUSAL_TRUTH,903,2,129,2022-06-22T00:00:00Z,2022-06-23T00:00:00Z,2022.06.22 03:00,RISK_OFF,STABLE_MAPPED_ROW,,False,,28,2,4,2020-01-29T00:00:00Z,2020-01-30T00:00:00Z,RISK_OFF,2020-01-29T00:00:00Z,2020-01-28,-0.308,MED,8/8,,false,,True,-875,-125,0,0,0
BWD,2026092504,-32,SYNTHETIC_PLACEBO_ONLY,False,PROVENANCE_ONLY_NOT_CAUSAL_TRUTH,904,3,129,2022-06-23T00:00:00Z,2022-06-24T00:00:00Z,2022.06.23 03:00,RISK_OFF,STABLE_MAPPED_ROW,,False,,29,3,4,2020-01-30T00:00:00Z,2020-01-31T00:00:00Z,RISK_OFF,2020-01-30T00:00:00Z,2020-01-29,-0.462,HIGH,8/8,,false,,True,-875,-125,0,0,0
BWD,2026092504,-32,SYNTHETIC_PLACEBO_ONLY,False,PROVENANCE_ONLY_NOT_CAUSAL_TRUTH,905,4,129,2022-06-24T00:00:00Z,2022-06-25T00:00:00Z,2022.06.24 03:00,RISK_OFF,STABLE_MAPPED_ROW,,False,,30,4,4,2020-01-31T00:00:00Z,2020-02-01T00:00:00Z,RISK_OFF,2020-01-31T00:00:00Z,2020-01-30,-0.538,HIGH,8/8,,false,,True,-875,-125,0,0,0
BWD,2026092504,-32,SYNTHETIC_PLACEBO_ONLY,False,PROVENANCE_ONLY_NOT_CAUSAL_TRUTH,906,5,129,2022-06-25T00:00:00Z,2022-06-26T00:00:00Z,2022.06.25 03:00,RISK_OFF,STABLE_MAPPED_ROW,,False,,31,5,4,2020-02-01T00:00:00Z,2020-02-02T00:00:00Z,RISK_OFF,2020-02-01T00:00:00Z,2020-01-31,-0.462,HIGH,8/8,,false,,True,-875,-125,0,0,0
BWD,2026092504,-32,SYNTHETIC_PLACEBO_ONLY,False,PROVENANCE_ONLY_NOT_CAUSAL_TRUTH,907,6,129,2022-06-26T00:00:00Z,2022-06-27T00:00:00Z,2022.06.26 03:00,NEUTRAL,STABLE_MAPPED_ROW,,False,,39,6,5,2020-02-09T00:00:00Z,2020-02-10T00:00:00Z,NEUTRAL,2020-02-09T00:00:00Z,2020-02-08,-0.231,MED,8/8,,false,,True,-868,-124,0,0,0
BWD,2026092504,-32,SYNTHETIC_PLACEBO_ONLY,False,PROVENANCE_ONLY_NOT_CAUSAL_TRUTH,908,0,129,2022-06-27T00:00:00Z,2022-06-28T00:00:00Z,2022.06.27 03:00,NEUTRAL,STABLE_MAPPED_ROW,,False,,40,0,5,2020-02-10T00:00:00Z,2020-02-11T00:00:00Z,NEUTRAL,2020-02-10T00:00:00Z,2020-02-09,-0.231,MED,8/8,,false,,True,-868,-124,0,0,0
BWD,2026092504,-32,SYNTHETIC_PLACEBO_ONLY,False,PROVENANCE_ONLY_NOT_CAUSAL_TRUTH,909,1,129,2022-06-28T00:00:00Z,2022-06-29T00:00:00Z,2022.06.28 03:00,NEUTRAL,STABLE_MAPPED_ROW,,False,,41,1,5,2020-02-11T00:00:00Z,2020-02-12T00:00:00Z,NEUTRAL,2020-02-11T00:00:00Z,2020-02-10,-0.231,MED,8/8,,false,,True,-868,-124,0,0,0
BWD,2026092504,-32,SYNTHETIC_PLACEBO_ONLY,False,PROVENANCE_ONLY_NOT_CAUSAL_TRUTH,910,2,130,2022-06-29T00:00:00Z,2022-06-30T00:00:00Z,2022.06.29 03:00,RISK_OFF,STABLE_MAPPED_ROW,,False,,35,2,5,2020-02-05T00:00:00Z,2020-02-06T00:00:00Z,RISK_OFF,2020-02-05T00:00:00Z,2020-02-04,-0.423,HIGH,8/8,,false,,True,-875,-125,0,0,0
BWD,2026092504,-32,SYNTHETIC_PLACEBO_ONLY,False,PROVENANCE_ONLY_NOT_CAUSAL_TRUTH,911,3,130,2022-06-30T00:00:00Z,2022-07-01T00:00:00Z,2022.06.30 03:00,NEUTRAL,STABLE_MAPPED_ROW,,False,,36,3,5,2020-02-06T00:00:00Z,2020-02-07T00:00:00Z,NEUTRAL,2020-02-06T00:00:00Z,2020-02-05,-0.231,MED,8/8,,false,,True,-875,-125,0,0,0
BWD,2026092504,-32,SYNTHETIC_PLACEBO_ONLY,False,PROVENANCE_ONLY_NOT_CAUSAL_TRUTH,912,4,130,2022-07-01T00:00:00Z,2022-07-02T00:00:00Z,2022.07.01 03:00,NEUTRAL,STABLE_MAPPED_ROW,,False,,37,4,5,2020-02-07T00:00:00Z,2020-02-08T00:00:00Z,NEUTRAL,2020-02-07T00:00:00Z,2020-02-06,-0.077,MED,8/8,,false,,True,-875,-125,0,0,0
BWD,2026092504,-32,SYNTHETIC_PLACEBO_ONLY,False,PROVENANCE_ONLY_NOT_CAUSAL_TRUTH,913,5,130,2022-07-02T00:00:00Z,2022-07-03T00:00:00Z,2022.07.02 03:00,NEUTRAL,STABLE_MAPPED_ROW,,False,,38,5,5,2020-02-08T00:00:00Z,2020-02-09T00:00:00Z,NEUTRAL,2020-02-08T00:00:00Z,2020-02-07,-0.231,MED,8/8,,false,,True,-875,-125,0,0,0
BWD,2026092504,-32,SYNTHETIC_PLACEBO_ONLY,False,PROVENANCE_ONLY_NOT_CAUSAL_TRUTH,914,6,130,2022-07-03T00:00:00Z,2022-07-04T00:00:00Z,2022.07.03 03:00,NEUTRAL,STABLE_MAPPED_ROW,,False,,46,6,6,2020-02-16T00:00:00Z,2020-02-17T00:00:00Z,NEUTRAL,2020-02-16T00:00:00Z,2020-02-15,-0.077,MED,8/8,,false,,True,-868,-124,0,0,0
BWD,2026092504,-32,SYNTHETIC_PLACEBO_ONLY,False,PROVENANCE_ONLY_NOT_CAUSAL_TRUTH,915,0,130,2022-07-04T00:00:00Z,2022-07-05T00:00:00Z,2022.07.04 03:00,NEUTRAL,STABLE_MAPPED_ROW,,False,,47,0,6,2020-02-17T00:00:00Z,2020-02-18T00:00:00Z,NEUTRAL,2020-02-17T00:00:00Z,2020-02-16,-0.115,MED,8/8,,false,,True,-868,-124,0,0,0
BWD,2026092504,-32,SYNTHETIC_PLACEBO_ONLY,False,PROVENANCE_ONLY_NOT_CAUSAL_TRUTH,916,1,130,2022-07-05T00:00:00Z,2022-07-06T00:00:00Z,2022.07.05 03:00,RISK_OFF,STABLE_MAPPED_ROW,,False,,48,1,6,2020-02-18T00:00:00Z,2020-02-19T00:00:00Z,RISK_OFF,2020-02-18T00:00:00Z,2020-02-17,-0.269,HIGH,8/8,,false,,True,-868,-124,0,0,0
BWD,2026092504,-32,SYNTHETIC_PLACEBO_ONLY,False,PROVENANCE_ONLY_NOT_CAUSAL_TRUTH,917,2,131,2022-07-06T00:00:00Z,2022-07-07T00:00:00Z,2022.07.06 03:00,NEUTRAL,STABLE_MAPPED_ROW,,False,,42,2,6,2020-02-12T00:00:00Z,2020-02-13T00:00:00Z,NEUTRAL,2020-02-12T00:00:00Z,2020-02-11,-0.231,MED,8/8,,false,,True,-875,-125,0,0,0
BWD,2026092504,-32,SYNTHETIC_PLACEBO_ONLY,False,PROVENANCE_ONLY_NOT_CAUSAL_TRUTH,918,3,131,2022-07-07T00:00:00Z,2022-07-08T00:00:00Z,2022.07.07 03:00,NEUTRAL,STABLE_MAPPED_ROW,,False,,43,3,6,2020-02-13T00:00:00Z,2020-02-14T00:00:00Z,NEUTRAL,2020-02-13T00:00:00Z,2020-02-12,-0.077,MED,8/8,,false,,True,-875,-125,0,0,0
BWD,2026092504,-32,SYNTHETIC_PLACEBO_ONLY,False,PROVENANCE_ONLY_NOT_CAUSAL_TRUTH,919,4,131,2022-07-08T00:00:00Z,2022-07-09T00:00:00Z,2022.07.08 03:00,NEUTRAL,STABLE_MAPPED_ROW,,False,,44,4,6,2020-02-14T00:00:00Z,2020-02-15T00:00:00Z,NEUTRAL,2020-02-14T00:00:00Z,2020-02-13,-0.077,MED,8/8,,false,,True,-875,-125,0,0,0
BWD,2026092504,-32,SYNTHETIC_PLACEBO_ONLY,False,PROVENANCE_ONLY_NOT_CAUSAL_TRUTH,920,5,131,2022-07-09T00:00:00Z,2022-07-10T00:00:00Z,2022.07.09 03:00,NEUTRAL,STABLE_MAPPED_ROW,,False,,45,5,6,2020-02-15T00:00:00Z,2020-02-16T00:00:00Z,NEUTRAL,2020-02-15T00:00:00Z,2020-02-14,-0.077,MED,8/8,,false,,True,-875,-125,0,0,0
BWD,2026092504,-32,SYNTHETIC_PLACEBO_ONLY,False,PROVENANCE_ONLY_NOT_CAUSAL_TRUTH,921,6,131,2022-07-10T00:00:00Z,2022-07-11T00:00:00Z,2022.07.10 03:00,RISK_OFF,STABLE_MAPPED_ROW,,False,,53,6,7,2020-02-23T00:00:00Z,2020-02-24T00:00:00Z,RISK_OFF,2020-02-23T00:00:00Z,2020-02-22,-0.346,HIGH,8/8,,false,,True,-868,-124,0,0,0
BWD,2026092504,-32,SYNTHETIC_PLACEBO_ONLY,False,PROVENANCE_ONLY_NOT_CAUSAL_TRUTH,922,0,131,2022-07-11T00:00:00Z,2022-07-12T00:00:00Z,2022.07.11 03:00,RISK_OFF,STABLE_MAPPED_ROW,,False,,54,0,7,2020-02-24T00:00:00Z,2020-02-25T00:00:00Z,RISK_OFF,2020-02-24T00:00:00Z,2020-02-23,-0.346,HIGH,8/8,,false,,True,-868,-124,0,0,0
BWD,2026092504,-32,SYNTHETIC_PLACEBO_ONLY,False,PROVENANCE_ONLY_NOT_CAUSAL_TRUTH,923,1,131,2022-07-12T00:00:00Z,2022-07-13T00:00:00Z,2022.07.12 03:00,RISK_OFF,STABLE_MAPPED_ROW,,False,,55,1,7,2020-02-25T00:00:00Z,2020-02-26T00:00:00Z,RISK_OFF,2020-02-25T00:00:00Z,2020-02-24,-0.615,HIGH,8/8,,false,,True,-868,-124,0,0,0
BWD,2026092504,-32,SYNTHETIC_PLACEBO_ONLY,False,PROVENANCE_ONLY_NOT_CAUSAL_TRUTH,924,2,132,2022-07-13T00:00:00Z,2022-07-14T00:00:00Z,2022.07.13 03:00,NEUTRAL,STABLE_MAPPED_ROW,,False,,49,2,7,2020-02-19T00:00:00Z,2020-02-20T00:00:00Z,NEUTRAL,2020-02-19T00:00:00Z,2020-02-18,-0.115,MED,8/8,,false,,True,-875,-125,0,0,0
BWD,2026092504,-32,SYNTHETIC_PLACEBO_ONLY,False,PROVENANCE_ONLY_NOT_CAUSAL_TRUTH,925,3,132,2022-07-14T00:00:00Z,2022-07-15T00:00:00Z,2022.07.14 03:00,RISK_OFF,STABLE_MAPPED_ROW,,False,,50,3,7,2020-02-20T00:00:00Z,2020-02-21T00:00:00Z,RISK_OFF,2020-02-20T00:00:00Z,2020-02-19,-0.269,HIGH,8/8,,false,,True,-875,-125,0,0,0
BWD,2026092504,-32,SYNTHETIC_PLACEBO_ONLY,False,PROVENANCE_ONLY_NOT_CAUSAL_TRUTH,926,4,132,2022-07-15T00:00:00Z,2022-07-16T00:00:00Z,2022.07.15 03:00,NEUTRAL,STABLE_MAPPED_ROW,,False,,51,4,7,2020-02-21T00:00:00Z,2020-02-22T00:00:00Z,NEUTRAL,2020-02-21T00:00:00Z,2020-02-20,0.115,MED,8/8,,false,,True,-875,-125,0,0,0
BWD,2026092504,-32,SYNTHETIC_PLACEBO_ONLY,False,PROVENANCE_ONLY_NOT_CAUSAL_TRUTH,927,5,132,2022-07-16T00:00:00Z,2022-07-17T00:00:00Z,2022.07.16 03:00,RISK_OFF,STABLE_MAPPED_ROW,,False,,52,5,7,2020-02-22T00:00:00Z,2020-02-23T00:00:00Z,RISK_OFF,2020-02-22T00:00:00Z,2020-02-21,-0.346,HIGH,8/8,,false,,True,-875,-125,0,0,0
BWD,2026092504,-32,SYNTHETIC_PLACEBO_ONLY,False,PROVENANCE_ONLY_NOT_CAUSAL_TRUTH,928,6,132,2022-07-17T00:00:00Z,2022-07-18T00:00:00Z,2022.07.17 03:00,STRESS,STABLE_MAPPED_ROW,,False,,60,6,8,2020-03-01T00:00:00Z,2020-03-02T00:00:00Z,STRESS,2020-03-01T00:00:00Z,2020-02-29,-1.231,HIGH,8/8,,false,VIX_STRESS,True,-868,-124,0,0,0
BWD,2026092504,-32,SYNTHETIC_PLACEBO_ONLY,False,PROVENANCE_ONLY_NOT_CAUSAL_TRUTH,929,0,132,2022-07-18T00:00:00Z,2022-07-19T00:00:00Z,2022.07.18 03:00,STRESS,STABLE_MAPPED_ROW,,False,,61,0,8,2020-03-02T00:00:00Z,2020-03-03T00:00:00Z,STRESS,2020-03-02T00:00:00Z,2020-03-01,-1.231,HIGH,8/8,,false,VIX_STRESS,True,-868,-124,0,0,0
BWD,2026092504,-32,SYNTHETIC_PLACEBO_ONLY,False,PROVENANCE_ONLY_NOT_CAUSAL_TRUTH,930,1,132,2022-07-19T00:00:00Z,2022-07-20T00:00:00Z,2022.07.19 03:00,STRESS,STABLE_MAPPED_ROW,,False,,62,1,8,2020-03-03T00:00:00Z,2020-03-04T00:00:00Z,STRESS,2020-03-03T00:00:00Z,2020-03-02,-1.231,HIGH,8/8,,false,VIX_STRESS,True,-868,-124,0,0,0
BWD,2026092504,-32,SYNTHETIC_PLACEBO_ONLY,False,PROVENANCE_ONLY_NOT_CAUSAL_TRUTH,931,2,133,2022-07-20T00:00:00Z,2022-07-21T00:00:00Z,2022.07.20 03:00,RISK_OFF,STABLE_MAPPED_ROW,,False,,56,2,8,2020-02-26T00:00:00Z,2020-02-27T00:00:00Z,RISK_OFF,2020-02-26T00:00:00Z,2020-02-25,-0.654,HIGH,8/8,,false,,True,-875,-125,0,0,0
BWD,2026092504,-32,SYNTHETIC_PLACEBO_ONLY,False,PROVENANCE_ONLY_NOT_CAUSAL_TRUTH,932,3,133,2022-07-21T00:00:00Z,2022-07-22T00:00:00Z,2022.07.21 03:00,RISK_OFF,STABLE_MAPPED_ROW,,False,,57,3,8,2020-02-27T00:00:00Z,2020-02-28T00:00:00Z,RISK_OFF,2020-02-27T00:00:00Z,2020-02-26,-0.808,HIGH,8/8,,false,,True,-875,-125,0,0,0
BWD,2026092504,-32,SYNTHETIC_PLACEBO_ONLY,False,PROVENANCE_ONLY_NOT_CAUSAL_TRUTH,933,4,133,2022-07-22T00:00:00Z,2022-07-23T00:00:00Z,2022.07.22 03:00,STRESS,STABLE_MAPPED_ROW,,False,,58,4,8,2020-02-28T00:00:00Z,2020-02-29T00:00:00Z,STRESS,2020-02-28T00:00:00Z,2020-02-27,-1,HIGH,8/8,,false,VIX_STRESS,True,-875,-125,0,0,0
BWD,2026092504,-32,SYNTHETIC_PLACEBO_ONLY,False,PROVENANCE_ONLY_NOT_CAUSAL_TRUTH,934,5,133,2022-07-23T00:00:00Z,2022-07-24T00:00:00Z,2022.07.23 03:00,STRESS,STABLE_MAPPED_ROW,,False,,59,5,8,2020-02-29T00:00:00Z,2020-03-01T00:00:00Z,STRESS,2020-02-29T00:00:00Z,2020-02-28,-1.231,HIGH,8/8,,false,VIX_STRESS,True,-875,-125,0,0,0
BWD,2026092504,-32,SYNTHETIC_PLACEBO_ONLY,False,PROVENANCE_ONLY_NOT_CAUSAL_TRUTH,935,6,133,2022-07-24T00:00:00Z,2022-07-25T00:00:00Z,2022.07.24 03:00,STRESS,STABLE_MAPPED_ROW,,False,,67,6,9,2020-03-08T00:00:00Z,2020-03-09T00:00:00Z,STRESS,2020-03-08T00:00:00Z,2020-03-07,-1,HIGH,8/8,,false,VIX_STRESS,True,-868,-124,0,0,0
BWD,2026092504,-32,SYNTHETIC_PLACEBO_ONLY,False,PROVENANCE_ONLY_NOT_CAUSAL_TRUTH,936,0,133,2022-07-25T00:00:00Z,2022-07-26T00:00:00Z,2022.07.25 03:00,STRESS,STABLE_MAPPED_ROW,,False,,68,0,9,2020-03-09T00:00:00Z,2020-03-10T00:00:00Z,STRESS,2020-03-09T00:00:00Z,2020-03-08,-1.231,HIGH,8/8,,false,VIX_STRESS,True,-868,-124,0,0,0
BWD,2026092504,-32,SYNTHETIC_PLACEBO_ONLY,False,PROVENANCE_ONLY_NOT_CAUSAL_TRUTH,937,1,133,2022-07-26T00:00:00Z,2022-07-27T00:00:00Z,2022.07.26 03:00,STRESS,STABLE_MAPPED_ROW,,False,,69,1,9,2020-03-10T00:00:00Z,2020-03-11T00:00:00Z,STRESS,2020-03-10T00:00:00Z,2020-03-09,-1.308,HIGH,8/8,,false,VIX_STRESS,True,-868,-124,0,0,0
BWD,2026092504,-32,SYNTHETIC_PLACEBO_ONLY,False,PROVENANCE_ONLY_NOT_CAUSAL_TRUTH,938,2,134,2022-07-27T00:00:00Z,2022-07-28T00:00:00Z,2022.07.27 03:00,STRESS,STABLE_MAPPED_ROW,,False,,63,2,9,2020-03-04T00:00:00Z,2020-03-05T00:00:00Z,STRESS,2020-03-04T00:00:00Z,2020-03-03,-1,HIGH,8/8,,false,VIX_STRESS,True,-875,-125,0,0,0
BWD,2026092504,-32,SYNTHETIC_PLACEBO_ONLY,False,PROVENANCE_ONLY_NOT_CAUSAL_TRUTH,939,3,134,2022-07-28T00:00:00Z,2022-07-29T00:00:00Z,2022.07.28 03:00,STRESS,STABLE_MAPPED_ROW,,False,,64,3,9,2020-03-05T00:00:00Z,2020-03-06T00:00:00Z,STRESS,2020-03-05T00:00:00Z,2020-03-04,-1,HIGH,8/8,,false,VIX_STRESS,True,-875,-125,0,0,0
BWD,2026092504,-32,SYNTHETIC_PLACEBO_ONLY,False,PROVENANCE_ONLY_NOT_CAUSAL_TRUTH,940,4,134,2022-07-29T00:00:00Z,2022-07-30T00:00:00Z,2022.07.29 03:00,STRESS,STABLE_MAPPED_ROW,,False,,65,4,9,2020-03-06T00:00:00Z,2020-03-07T00:00:00Z,STRESS,2020-03-06T00:00:00Z,2020-03-05,-1,HIGH,8/8,,false,VIX_STRESS,True,-875,-125,0,0,0
BWD,2026092504,-32,SYNTHETIC_PLACEBO_ONLY,False,PROVENANCE_ONLY_NOT_CAUSAL_TRUTH,941,5,134,2022-07-30T00:00:00Z,2022-07-31T00:00:00Z,2022.07.30 03:00,STRESS,STABLE_MAPPED_ROW,,False,,66,5,9,2020-03-07T00:00:00Z,2020-03-08T00:00:00Z,STRESS,2020-03-07T00:00:00Z,2020-03-06,-1,HIGH,8/8,,false,VIX_STRESS,True,-875,-125,0,0,0
BWD,2026092504,-32,SYNTHETIC_PLACEBO_ONLY,False,PROVENANCE_ONLY_NOT_CAUSAL_TRUTH,942,6,134,2022-07-31T00:00:00Z,2022-08-01T00:00:00Z,2022.07.31 03:00,STRESS,STABLE_MAPPED_ROW,,False,,74,6,10,2020-03-15T00:00:00Z,2020-03-16T00:00:00Z,STRESS,2020-03-15T00:00:00Z,2020-03-14,-0.846,HIGH,8/8,,false,VIX_STRESS,True,-868,-124,0,0,0
BWD,2026092504,-32,SYNTHETIC_PLACEBO_ONLY,False,PROVENANCE_ONLY_NOT_CAUSAL_TRUTH,943,0,134,2022-08-01T00:00:00Z,2022-08-02T00:00:00Z,2022.08.01 03:00,STRESS,STABLE_MAPPED_ROW,,False,,75,0,10,2020-03-16T00:00:00Z,2020-03-17T00:00:00Z,STRESS,2020-03-16T00:00:00Z,2020-03-15,-0.846,HIGH,8/8,,false,VIX_STRESS,True,-868,-124,0,0,0
BWD,2026092504,-32,SYNTHETIC_PLACEBO_ONLY,False,PROVENANCE_ONLY_NOT_CAUSAL_TRUTH,944,1,134,2022-08-02T00:00:00Z,2022-08-03T00:00:00Z,2022.08.02 03:00,STRESS,STABLE_MAPPED_ROW,,False,,76,1,10,2020-03-17T00:00:00Z,2020-03-18T00:00:00Z,STRESS,2020-03-17T00:00:00Z,2020-03-16,-0.846,HIGH,8/8,,false,VIX_STRESS,True,-868,-124,0,0,0
BWD,2026092504,-32,SYNTHETIC_PLACEBO_ONLY,False,PROVENANCE_ONLY_NOT_CAUSAL_TRUTH,945,2,135,2022-08-03T00:00:00Z,2022-08-04T00:00:00Z,2022.08.03 03:00,STRESS,STABLE_MAPPED_ROW,,False,,70,2,10,2020-03-11T00:00:00Z,2020-03-12T00:00:00Z,STRESS,2020-03-11T00:00:00Z,2020-03-10,-1.308,HIGH,8/8,,false,VIX_STRESS,True,-875,-125,0,0,0
BWD,2026092504,-32,SYNTHETIC_PLACEBO_ONLY,False,PROVENANCE_ONLY_NOT_CAUSAL_TRUTH,946,3,135,2022-08-04T00:00:00Z,2022-08-05T00:00:00Z,2022.08.04 03:00,STRESS,STABLE_MAPPED_ROW,,False,,71,3,10,2020-03-12T00:00:00Z,2020-03-13T00:00:00Z,STRESS,2020-03-12T00:00:00Z,2020-03-11,-1,HIGH,8/8,,false,VIX_STRESS,True,-875,-125,0,0,0
BWD,2026092504,-32,SYNTHETIC_PLACEBO_ONLY,False,PROVENANCE_ONLY_NOT_CAUSAL_TRUTH,947,4,135,2022-08-05T00:00:00Z,2022-08-06T00:00:00Z,2022.08.05 03:00,STRESS,STABLE_MAPPED_ROW,,False,,72,4,10,2020-03-13T00:00:00Z,2020-03-14T00:00:00Z,STRESS,2020-03-13T00:00:00Z,2020-03-12,-0.846,HIGH,8/8,,false,VIX_STRESS,True,-875,-125,0,0,0
BWD,2026092504,-32,SYNTHETIC_PLACEBO_ONLY,False,PROVENANCE_ONLY_NOT_CAUSAL_TRUTH,948,5,135,2022-08-06T00:00:00Z,2022-08-07T00:00:00Z,2022.08.06 03:00,STRESS,STABLE_MAPPED_ROW,,False,,73,5,10,2020-03-14T00:00:00Z,2020-03-15T00:00:00Z,STRESS,2020-03-14T00:00:00Z,2020-03-13,-0.846,HIGH,8/8,,false,VIX_STRESS,True,-875,-125,0,0,0
BWD,2026092504,-32,SYNTHETIC_PLACEBO_ONLY,False,PROVENANCE_ONLY_NOT_CAUSAL_TRUTH,949,6,135,2022-08-07T00:00:00Z,2022-08-08T00:00:00Z,2022.08.07 03:00,STRESS,STABLE_MAPPED_ROW,,False,,81,6,11,2020-03-22T00:00:00Z,2020-03-23T00:00:00Z,STRESS,2020-03-22T00:00:00Z,2020-03-21,-0.846,HIGH,8/8,,false,VIX_STRESS,True,-868,-124,0,0,0
BWD,2026092504,-32,SYNTHETIC_PLACEBO_ONLY,False,PROVENANCE_ONLY_NOT_CAUSAL_TRUTH,950,0,135,2022-08-08T00:00:00Z,2022-08-09T00:00:00Z,2022.08.08 03:00,STRESS,STABLE_MAPPED_ROW,,False,,82,0,11,2020-03-23T00:00:00Z,2020-03-24T00:00:00Z,STRESS,2020-03-23T00:00:00Z,2020-03-22,-0.846,HIGH,8/8,,false,VIX_STRESS,True,-868,-124,0,0,0
BWD,2026092504,-32,SYNTHETIC_PLACEBO_ONLY,False,PROVENANCE_ONLY_NOT_CAUSAL_TRUTH,951,1,135,2022-08-09T00:00:00Z,2022-08-10T00:00:00Z,2022.08.09 03:00,STRESS,STABLE_MAPPED_ROW,,False,,83,1,11,2020-03-24T00:00:00Z,2020-03-25T00:00:00Z,STRESS,2020-03-24T00:00:00Z,2020-03-23,-0.846,HIGH,8/8,,false,VIX_STRESS,True,-868,-124,0,0,0
BWD,2026092504,-32,SYNTHETIC_PLACEBO_ONLY,False,PROVENANCE_ONLY_NOT_CAUSAL_TRUTH,952,2,136,2022-08-10T00:00:00Z,2022-08-11T00:00:00Z,2022.08.10 03:00,STRESS,STABLE_MAPPED_ROW,,False,,77,2,11,2020-03-18T00:00:00Z,2020-03-19T00:00:00Z,STRESS,2020-03-18T00:00:00Z,2020-03-17,-0.769,HIGH,8/8,,false,VIX_STRESS,True,-875,-125,0,0,0
BWD,2026092504,-32,SYNTHETIC_PLACEBO_ONLY,False,PROVENANCE_ONLY_NOT_CAUSAL_TRUTH,953,3,136,2022-08-11T00:00:00Z,2022-08-12T00:00:00Z,2022.08.11 03:00,STRESS,STABLE_MAPPED_ROW,,False,,78,3,11,2020-03-19T00:00:00Z,2020-03-20T00:00:00Z,STRESS,2020-03-19T00:00:00Z,2020-03-18,-0.846,HIGH,8/8,,false,VIX_STRESS,True,-875,-125,0,0,0
BWD,2026092504,-32,SYNTHETIC_PLACEBO_ONLY,False,PROVENANCE_ONLY_NOT_CAUSAL_TRUTH,954,4,136,2022-08-12T00:00:00Z,2022-08-13T00:00:00Z,2022.08.12 03:00,STRESS,STABLE_MAPPED_ROW,,False,,79,4,11,2020-03-20T00:00:00Z,2020-03-21T00:00:00Z,STRESS,2020-03-20T00:00:00Z,2020-03-19,-0.769,HIGH,8/8,,false,VIX_STRESS,True,-875,-125,0,0,0
BWD,2026092504,-32,SYNTHETIC_PLACEBO_ONLY,False,PROVENANCE_ONLY_NOT_CAUSAL_TRUTH,955,5,136,2022-08-13T00:00:00Z,2022-08-14T00:00:00Z,2022.08.13 03:00,STRESS,STABLE_MAPPED_ROW,,False,,80,5,11,2020-03-21T00:00:00Z,2020-03-22T00:00:00Z,STRESS,2020-03-21T00:00:00Z,2020-03-20,-0.846,HIGH,8/8,,false,VIX_STRESS,True,-875,-125,0,0,0
BWD,2026092504,-32,SYNTHETIC_PLACEBO_ONLY,False,PROVENANCE_ONLY_NOT_CAUSAL_TRUTH,956,6,136,2022-08-14T00:00:00Z,2022-08-15T00:00:00Z,2022.08.14 03:00,STRESS,STABLE_MAPPED_ROW,,False,,88,6,12,2020-03-29T00:00:00Z,2020-03-30T00:00:00Z,STRESS,2020-03-29T00:00:00Z,2020-03-28,-0.846,HIGH,8/8,,false,VIX_STRESS,True,-868,-124,0,0,0
BWD,2026092504,-32,SYNTHETIC_PLACEBO_ONLY,False,PROVENANCE_ONLY_NOT_CAUSAL_TRUTH,957,0,136,2022-08-15T00:00:00Z,2022-08-16T00:00:00Z,2022.08.15 03:00,STRESS,STABLE_MAPPED_ROW,,False,,89,0,12,2020-03-30T00:00:00Z,2020-03-31T00:00:00Z,STRESS,2020-03-30T00:00:00Z,2020-03-29,-0.923,HIGH,8/8,,false,VIX_STRESS,True,-868,-124,0,0,0
BWD,2026092504,-32,SYNTHETIC_PLACEBO_ONLY,False,PROVENANCE_ONLY_NOT_CAUSAL_TRUTH,958,1,136,2022-08-16T00:00:00Z,2022-08-17T00:00:00Z,2022.08.16 03:00,STRESS,STABLE_MAPPED_ROW,,False,,90,1,12,2020-03-31T00:00:00Z,2020-04-01T00:00:00Z,STRESS,2020-03-31T00:00:00Z,2020-03-30,-0.769,HIGH,8/8,,false,VIX_STRESS,True,-868,-124,0,0,0
BWD,2026092504,-32,SYNTHETIC_PLACEBO_ONLY,False,PROVENANCE_ONLY_NOT_CAUSAL_TRUTH,959,2,137,2022-08-17T00:00:00Z,2022-08-18T00:00:00Z,2022.08.17 03:00,STRESS,STABLE_MAPPED_ROW,,False,,84,2,12,2020-03-25T00:00:00Z,2020-03-26T00:00:00Z,STRESS,2020-03-25T00:00:00Z,2020-03-24,-1,HIGH,8/8,,false,VIX_STRESS,True,-875,-125,0,0,0
BWD,2026092504,-32,SYNTHETIC_PLACEBO_ONLY,False,PROVENANCE_ONLY_NOT_CAUSAL_TRUTH,960,3,137,2022-08-18T00:00:00Z,2022-08-19T00:00:00Z,2022.08.18 03:00,STRESS,STABLE_MAPPED_ROW,,False,,85,3,12,2020-03-26T00:00:00Z,2020-03-27T00:00:00Z,STRESS,2020-03-26T00:00:00Z,2020-03-25,-0.846,HIGH,8/8,,false,VIX_STRESS,True,-875,-125,0,0,0
BWD,2026092504,-32,SYNTHETIC_PLACEBO_ONLY,False,PROVENANCE_ONLY_NOT_CAUSAL_TRUTH,961,4,137,2022-08-19T00:00:00Z,2022-08-20T00:00:00Z,2022.08.19 03:00,STRESS,STABLE_MAPPED_ROW,,False,,86,4,12,2020-03-27T00:00:00Z,2020-03-28T00:00:00Z,STRESS,2020-03-27T00:00:00Z,2020-03-26,-0.846,HIGH,8/8,,false,VIX_STRESS,True,-875,-125,0,0,0
BWD,2026092504,-32,SYNTHETIC_PLACEBO_ONLY,False,PROVENANCE_ONLY_NOT_CAUSAL_TRUTH,962,5,137,2022-08-20T00:00:00Z,2022-08-21T00:00:00Z,2022.08.20 03:00,STRESS,STABLE_MAPPED_ROW,,False,,87,5,12,2020-03-28T00:00:00Z,2020-03-29T00:00:00Z,STRESS,2020-03-28T00:00:00Z,2020-03-27,-0.846,HIGH,8/8,,false,VIX_STRESS,True,-875,-125,0,0,0
BWD,2026092504,-32,SYNTHETIC_PLACEBO_ONLY,False,PROVENANCE_ONLY_NOT_CAUSAL_TRUTH,963,6,137,2022-08-21T00:00:00Z,2022-08-22T00:00:00Z,2022.08.21 03:00,STRESS,STABLE_MAPPED_ROW,,False,,95,6,13,2020-04-05T00:00:00Z,2020-04-06T00:00:00Z,STRESS,2020-04-05T00:00:00Z,2020-04-04,-0.923,HIGH,8/8,,false,VIX_STRESS,True,-868,-124,0,0,0
BWD,2026092504,-32,SYNTHETIC_PLACEBO_ONLY,False,PROVENANCE_ONLY_NOT_CAUSAL_TRUTH,964,0,137,2022-08-22T00:00:00Z,2022-08-23T00:00:00Z,2022.08.22 03:00,STRESS,STABLE_MAPPED_ROW,,False,,96,0,13,2020-04-06T00:00:00Z,2020-04-07T00:00:00Z,STRESS,2020-04-06T00:00:00Z,2020-04-05,-0.923,HIGH,8/8,,false,VIX_STRESS,True,-868,-124,0,0,0
BWD,2026092504,-32,SYNTHETIC_PLACEBO_ONLY,False,PROVENANCE_ONLY_NOT_CAUSAL_TRUTH,965,1,137,2022-08-23T00:00:00Z,2022-08-24T00:00:00Z,2022.08.23 03:00,STRESS,STABLE_MAPPED_ROW,,False,,97,1,13,2020-04-07T00:00:00Z,2020-04-08T00:00:00Z,STRESS,2020-04-07T00:00:00Z,2020-04-06,-0.769,HIGH,8/8,,false,VIX_STRESS,True,-868,-124,0,0,0
BWD,2026092504,-32,SYNTHETIC_PLACEBO_ONLY,False,PROVENANCE_ONLY_NOT_CAUSAL_TRUTH,966,2,138,2022-08-24T00:00:00Z,2022-08-25T00:00:00Z,2022.08.24 03:00,STRESS,STABLE_MAPPED_ROW,,False,,91,2,13,2020-04-01T00:00:00Z,2020-04-02T00:00:00Z,STRESS,2020-04-01T00:00:00Z,2020-03-31,-0.769,HIGH,8/8,,false,VIX_STRESS,True,-875,-125,0,0,0
BWD,2026092504,-32,SYNTHETIC_PLACEBO_ONLY,False,PROVENANCE_ONLY_NOT_CAUSAL_TRUTH,967,3,138,2022-08-25T00:00:00Z,2022-08-26T00:00:00Z,2022.08.25 03:00,STRESS,STABLE_MAPPED_ROW,,False,,92,3,13,2020-04-02T00:00:00Z,2020-04-03T00:00:00Z,STRESS,2020-04-02T00:00:00Z,2020-04-01,-0.846,HIGH,8/8,,false,VIX_STRESS,True,-875,-125,0,0,0
BWD,2026092504,-32,SYNTHETIC_PLACEBO_ONLY,False,PROVENANCE_ONLY_NOT_CAUSAL_TRUTH,968,4,138,2022-08-26T00:00:00Z,2022-08-27T00:00:00Z,2022.08.26 03:00,STRESS,STABLE_MAPPED_ROW,,False,,93,4,13,2020-04-03T00:00:00Z,2020-04-04T00:00:00Z,STRESS,2020-04-03T00:00:00Z,2020-04-02,-0.846,HIGH,8/8,,false,VIX_STRESS,True,-875,-125,0,0,0
BWD,2026092504,-32,SYNTHETIC_PLACEBO_ONLY,False,PROVENANCE_ONLY_NOT_CAUSAL_TRUTH,969,5,138,2022-08-27T00:00:00Z,2022-08-28T00:00:00Z,2022.08.27 03:00,STRESS,STABLE_MAPPED_ROW,,False,,94,5,13,2020-04-04T00:00:00Z,2020-04-05T00:00:00Z,STRESS,2020-04-04T00:00:00Z,2020-04-03,-0.923,HIGH,8/8,,false,VIX_STRESS,True,-875,-125,0,0,0
BWD,2026092504,-32,SYNTHETIC_PLACEBO_ONLY,False,PROVENANCE_ONLY_NOT_CAUSAL_TRUTH,970,6,138,2022-08-28T00:00:00Z,2022-08-29T00:00:00Z,2022.08.28 03:00,STRESS,STABLE_MAPPED_ROW,,False,,102,6,14,2020-04-12T00:00:00Z,2020-04-13T00:00:00Z,STRESS,2020-04-12T00:00:00Z,2020-04-11,-0.769,HIGH,8/8,,false,VIX_STRESS,True,-868,-124,0,0,0
BWD,2026092504,-32,SYNTHETIC_PLACEBO_ONLY,False,PROVENANCE_ONLY_NOT_CAUSAL_TRUTH,971,0,138,2022-08-29T00:00:00Z,2022-08-30T00:00:00Z,2022.08.29 03:00,STRESS,STABLE_MAPPED_ROW,,False,,103,0,14,2020-04-13T00:00:00Z,2020-04-14T00:00:00Z,STRESS,2020-04-13T00:00:00Z,2020-04-12,-0.692,HIGH,8/8,,false,VIX_STRESS,True,-868,-124,0,0,0
BWD,2026092504,-32,SYNTHETIC_PLACEBO_ONLY,False,PROVENANCE_ONLY_NOT_CAUSAL_TRUTH,972,1,138,2022-08-30T00:00:00Z,2022-08-31T00:00:00Z,2022.08.30 03:00,STRESS,STABLE_MAPPED_ROW,,False,,104,1,14,2020-04-14T00:00:00Z,2020-04-15T00:00:00Z,STRESS,2020-04-14T00:00:00Z,2020-04-13,-0.692,HIGH,8/8,,false,VIX_STRESS,True,-868,-124,0,0,0
BWD,2026092504,-32,SYNTHETIC_PLACEBO_ONLY,False,PROVENANCE_ONLY_NOT_CAUSAL_TRUTH,973,2,139,2022-08-31T00:00:00Z,2022-09-01T00:00:00Z,2022.08.31 03:00,STRESS,STABLE_MAPPED_ROW,,False,,98,2,14,2020-04-08T00:00:00Z,2020-04-09T00:00:00Z,STRESS,2020-04-08T00:00:00Z,2020-04-07,-0.692,HIGH,8/8,,false,VIX_STRESS,True,-875,-125,0,0,0
BWD,2026092504,-32,SYNTHETIC_PLACEBO_ONLY,False,PROVENANCE_ONLY_NOT_CAUSAL_TRUTH,974,3,139,2022-09-01T00:00:00Z,2022-09-02T00:00:00Z,2022.09.01 03:00,STRESS,STABLE_MAPPED_ROW,,False,,99,3,14,2020-04-09T00:00:00Z,2020-04-10T00:00:00Z,STRESS,2020-04-09T00:00:00Z,2020-04-08,-0.692,HIGH,8/8,,false,VIX_STRESS,True,-875,-125,0,0,0
BWD,2026092504,-32,SYNTHETIC_PLACEBO_ONLY,False,PROVENANCE_ONLY_NOT_CAUSAL_TRUTH,975,4,139,2022-09-02T00:00:00Z,2022-09-03T00:00:00Z,2022.09.02 03:00,STRESS,STABLE_MAPPED_ROW,,False,,100,4,14,2020-04-10T00:00:00Z,2020-04-11T00:00:00Z,STRESS,2020-04-10T00:00:00Z,2020-04-09,-0.692,HIGH,8/8,,false,VIX_STRESS,True,-875,-125,0,0,0
BWD,2026092504,-32,SYNTHETIC_PLACEBO_ONLY,False,PROVENANCE_ONLY_NOT_CAUSAL_TRUTH,976,5,139,2022-09-03T00:00:00Z,2022-09-04T00:00:00Z,2022.09.03 03:00,STRESS,STABLE_MAPPED_ROW,,False,,101,5,14,2020-04-11T00:00:00Z,2020-04-12T00:00:00Z,STRESS,2020-04-11T00:00:00Z,2020-04-10,-0.692,HIGH,8/8,,false,VIX_STRESS,True,-875,-125,0,0,0
BWD,2026092504,-32,SYNTHETIC_PLACEBO_ONLY,False,PROVENANCE_ONLY_NOT_CAUSAL_TRUTH,977,6,139,2022-09-04T00:00:00Z,2022-09-05T00:00:00Z,2022.09.04 03:00,STRESS,STABLE_MAPPED_ROW,,False,,109,6,15,2020-04-19T00:00:00Z,2020-04-20T00:00:00Z,STRESS,2020-04-19T00:00:00Z,2020-04-18,-0.692,HIGH,8/8,,false,VIX_STRESS,True,-868,-124,0,0,0
BWD,2026092504,-32,SYNTHETIC_PLACEBO_ONLY,False,PROVENANCE_ONLY_NOT_CAUSAL_TRUTH,978,0,139,2022-09-05T00:00:00Z,2022-09-06T00:00:00Z,2022.09.05 03:00,STRESS,STABLE_MAPPED_ROW,,False,,110,0,15,2020-04-20T00:00:00Z,2020-04-21T00:00:00Z,STRESS,2020-04-20T00:00:00Z,2020-04-19,-0.692,HIGH,8/8,,false,VIX_STRESS,True,-868,-124,0,0,0
BWD,2026092504,-32,SYNTHETIC_PLACEBO_ONLY,False,PROVENANCE_ONLY_NOT_CAUSAL_TRUTH,979,1,139,2022-09-06T00:00:00Z,2022-09-07T00:00:00Z,2022.09.06 03:00,STRESS,STABLE_MAPPED_ROW,,False,,111,1,15,2020-04-21T00:00:00Z,2020-04-22T00:00:00Z,STRESS,2020-04-21T00:00:00Z,2020-04-20,-0.692,HIGH,8/8,,false,VIX_STRESS,True,-868,-124,0,0,0
BWD,2026092504,-32,SYNTHETIC_PLACEBO_ONLY,False,PROVENANCE_ONLY_NOT_CAUSAL_TRUTH,980,2,140,2022-09-07T00:00:00Z,2022-09-08T00:00:00Z,2022.09.07 03:00,STRESS,STABLE_MAPPED_ROW,,False,,105,2,15,2020-04-15T00:00:00Z,2020-04-16T00:00:00Z,STRESS,2020-04-15T00:00:00Z,2020-04-14,-0.769,HIGH,8/8,,false,VIX_STRESS,True,-875,-125,0,0,0
BWD,2026092504,-32,SYNTHETIC_PLACEBO_ONLY,False,PROVENANCE_ONLY_NOT_CAUSAL_TRUTH,981,3,140,2022-09-08T00:00:00Z,2022-09-09T00:00:00Z,2022.09.08 03:00,STRESS,STABLE_MAPPED_ROW,,False,,106,3,15,2020-04-16T00:00:00Z,2020-04-17T00:00:00Z,STRESS,2020-04-16T00:00:00Z,2020-04-15,-0.769,HIGH,8/8,,false,VIX_STRESS,True,-875,-125,0,0,0
BWD,2026092504,-32,SYNTHETIC_PLACEBO_ONLY,False,PROVENANCE_ONLY_NOT_CAUSAL_TRUTH,982,4,140,2022-09-09T00:00:00Z,2022-09-10T00:00:00Z,2022.09.09 03:00,STRESS,STABLE_MAPPED_ROW,,False,,107,4,15,2020-04-17T00:00:00Z,2020-04-18T00:00:00Z,STRESS,2020-04-17T00:00:00Z,2020-04-16,-0.846,HIGH,8/8,,false,VIX_STRESS,True,-875,-125,0,0,0
BWD,2026092504,-32,SYNTHETIC_PLACEBO_ONLY,False,PROVENANCE_ONLY_NOT_CAUSAL_TRUTH,983,5,140,2022-09-10T00:00:00Z,2022-09-11T00:00:00Z,2022.09.10 03:00,STRESS,STABLE_MAPPED_ROW,,False,,108,5,15,2020-04-18T00:00:00Z,2020-04-19T00:00:00Z,STRESS,2020-04-18T00:00:00Z,2020-04-17,-0.692,HIGH,8/8,,false,VIX_STRESS,True,-875,-125,0,0,0
BWD,2026092504,-32,SYNTHETIC_PLACEBO_ONLY,False,PROVENANCE_ONLY_NOT_CAUSAL_TRUTH,984,6,140,2022-09-11T00:00:00Z,2022-09-12T00:00:00Z,2022.09.11 03:00,STRESS,STABLE_MAPPED_ROW,,False,,116,6,16,2020-04-26T00:00:00Z,2020-04-27T00:00:00Z,STRESS,2020-04-26T00:00:00Z,2020-04-25,-0.692,HIGH,8/8,,false,VIX_STRESS,True,-868,-124,0,0,0
BWD,2026092504,-32,SYNTHETIC_PLACEBO_ONLY,False,PROVENANCE_ONLY_NOT_CAUSAL_TRUTH,985,0,140,2022-09-12T00:00:00Z,2022-09-13T00:00:00Z,2022.09.12 03:00,STRESS,STABLE_MAPPED_ROW,,False,,117,0,16,2020-04-27T00:00:00Z,2020-04-28T00:00:00Z,STRESS,2020-04-27T00:00:00Z,2020-04-26,-0.692,HIGH,8/8,,false,VIX_STRESS,True,-868,-124,0,0,0
BWD,2026092504,-32,SYNTHETIC_PLACEBO_ONLY,False,PROVENANCE_ONLY_NOT_CAUSAL_TRUTH,986,1,140,2022-09-13T00:00:00Z,2022-09-14T00:00:00Z,2022.09.13 03:00,STRESS,STABLE_MAPPED_ROW,,False,,118,1,16,2020-04-28T00:00:00Z,2020-04-29T00:00:00Z,STRESS,2020-04-28T00:00:00Z,2020-04-27,-0.692,HIGH,8/8,,false,VIX_STRESS,True,-868,-124,0,0,0
BWD,2026092504,-32,SYNTHETIC_PLACEBO_ONLY,False,PROVENANCE_ONLY_NOT_CAUSAL_TRUTH,987,2,141,2022-09-14T00:00:00Z,2022-09-15T00:00:00Z,2022.09.14 03:00,STRESS,STABLE_MAPPED_ROW,,False,,112,2,16,2020-04-22T00:00:00Z,2020-04-23T00:00:00Z,STRESS,2020-04-22T00:00:00Z,2020-04-21,-1,HIGH,8/8,,false,VIX_STRESS,True,-875,-125,0,0,0
BWD,2026092504,-32,SYNTHETIC_PLACEBO_ONLY,False,PROVENANCE_ONLY_NOT_CAUSAL_TRUTH,988,3,141,2022-09-15T00:00:00Z,2022-09-16T00:00:00Z,2022.09.15 03:00,STRESS,STABLE_MAPPED_ROW,,False,,113,3,16,2020-04-23T00:00:00Z,2020-04-24T00:00:00Z,STRESS,2020-04-23T00:00:00Z,2020-04-22,-0.692,HIGH,8/8,,false,VIX_STRESS,True,-875,-125,0,0,0
BWD,2026092504,-32,SYNTHETIC_PLACEBO_ONLY,False,PROVENANCE_ONLY_NOT_CAUSAL_TRUTH,989,4,141,2022-09-16T00:00:00Z,2022-09-17T00:00:00Z,2022.09.16 03:00,STRESS,STABLE_MAPPED_ROW,,False,,114,4,16,2020-04-24T00:00:00Z,2020-04-25T00:00:00Z,STRESS,2020-04-24T00:00:00Z,2020-04-23,-0.692,HIGH,8/8,,false,VIX_STRESS,True,-875,-125,0,0,0
BWD,2026092504,-32,SYNTHETIC_PLACEBO_ONLY,False,PROVENANCE_ONLY_NOT_CAUSAL_TRUTH,990,5,141,2022-09-17T00:00:00Z,2022-09-18T00:00:00Z,2022.09.17 03:00,STRESS,STABLE_MAPPED_ROW,,False,,115,5,16,2020-04-25T00:00:00Z,2020-04-26T00:00:00Z,STRESS,2020-04-25T00:00:00Z,2020-04-24,-0.692,HIGH,8/8,,false,VIX_STRESS,True,-875,-125,0,0,0
BWD,2026092504,-32,SYNTHETIC_PLACEBO_ONLY,False,PROVENANCE_ONLY_NOT_CAUSAL_TRUTH,991,6,141,2022-09-18T00:00:00Z,2022-09-19T00:00:00Z,2022.09.18 03:00,STRESS,STABLE_MAPPED_ROW,,False,,123,6,17,2020-05-03T00:00:00Z,2020-05-04T00:00:00Z,STRESS,2020-05-03T00:00:00Z,2020-05-02,-0.538,HIGH,8/8,,false,VIX_STRESS,True,-868,-124,0,0,0
BWD,2026092504,-32,SYNTHETIC_PLACEBO_ONLY,False,PROVENANCE_ONLY_NOT_CAUSAL_TRUTH,992,0,141,2022-09-19T00:00:00Z,2022-09-20T00:00:00Z,2022.09.19 03:00,STRESS,STABLE_MAPPED_ROW,,False,,124,0,17,2020-05-04T00:00:00Z,2020-05-05T00:00:00Z,STRESS,2020-05-04T00:00:00Z,2020-05-03,-0.538,HIGH,8/8,,false,VIX_STRESS,True,-868,-124,0,0,0
BWD,2026092504,-32,SYNTHETIC_PLACEBO_ONLY,False,PROVENANCE_ONLY_NOT_CAUSAL_TRUTH,993,1,141,2022-09-20T00:00:00Z,2022-09-21T00:00:00Z,2022.09.20 03:00,STRESS,STABLE_MAPPED_ROW,,False,,125,1,17,2020-05-05T00:00:00Z,2020-05-06T00:00:00Z,STRESS,2020-05-05T00:00:00Z,2020-05-04,-0.538,HIGH,8/8,,false,VIX_STRESS,True,-868,-124,0,0,0
BWD,2026092504,-32,SYNTHETIC_PLACEBO_ONLY,False,PROVENANCE_ONLY_NOT_CAUSAL_TRUTH,994,2,142,2022-09-21T00:00:00Z,2022-09-22T00:00:00Z,2022.09.21 03:00,STRESS,STABLE_MAPPED_ROW,,False,,119,2,17,2020-04-29T00:00:00Z,2020-04-30T00:00:00Z,STRESS,2020-04-29T00:00:00Z,2020-04-28,-0.692,HIGH,8/8,,false,VIX_STRESS,True,-875,-125,0,0,0
BWD,2026092504,-32,SYNTHETIC_PLACEBO_ONLY,False,PROVENANCE_ONLY_NOT_CAUSAL_TRUTH,995,3,142,2022-09-22T00:00:00Z,2022-09-23T00:00:00Z,2022.09.22 03:00,STRESS,STABLE_MAPPED_ROW,,False,,120,3,17,2020-04-30T00:00:00Z,2020-05-01T00:00:00Z,STRESS,2020-04-30T00:00:00Z,2020-04-29,-0.538,HIGH,8/8,,false,VIX_STRESS,True,-875,-125,0,0,0
BWD,2026092504,-32,SYNTHETIC_PLACEBO_ONLY,False,PROVENANCE_ONLY_NOT_CAUSAL_TRUTH,996,4,142,2022-09-23T00:00:00Z,2022-09-24T00:00:00Z,2022.09.23 03:00,STRESS,STABLE_MAPPED_ROW,,False,,121,4,17,2020-05-01T00:00:00Z,2020-05-02T00:00:00Z,STRESS,2020-05-01T00:00:00Z,2020-04-30,-0.538,HIGH,8/8,,false,VIX_STRESS,True,-875,-125,0,0,0
BWD,2026092504,-32,SYNTHETIC_PLACEBO_ONLY,False,PROVENANCE_ONLY_NOT_CAUSAL_TRUTH,997,5,142,2022-09-24T00:00:00Z,2022-09-25T00:00:00Z,2022.09.24 03:00,STRESS,STABLE_MAPPED_ROW,,False,,122,5,17,2020-05-02T00:00:00Z,2020-05-03T00:00:00Z,STRESS,2020-05-02T00:00:00Z,2020-05-01,-0.538,HIGH,8/8,,false,VIX_STRESS,True,-875,-125,0,0,0
BWD,2026092504,-32,SYNTHETIC_PLACEBO_ONLY,False,PROVENANCE_ONLY_NOT_CAUSAL_TRUTH,998,6,142,2022-09-25T00:00:00Z,2022-09-26T00:00:00Z,2022.09.25 03:00,RISK_OFF,STABLE_MAPPED_ROW,,False,,130,6,18,2020-05-10T00:00:00Z,2020-05-11T00:00:00Z,RISK_OFF,2020-05-10T00:00:00Z,2020-05-09,-0.385,HIGH,8/8,,false,,True,-868,-124,0,0,0
BWD,2026092504,-32,SYNTHETIC_PLACEBO_ONLY,False,PROVENANCE_ONLY_NOT_CAUSAL_TRUTH,999,0,142,2022-09-26T00:00:00Z,2022-09-27T00:00:00Z,2022.09.26 03:00,RISK_OFF,STABLE_MAPPED_ROW,,False,,131,0,18,2020-05-11T00:00:00Z,2020-05-12T00:00:00Z,RISK_OFF,2020-05-11T00:00:00Z,2020-05-10,-0.423,HIGH,8/8,,false,,True,-868,-124,0,0,0
BWD,2026092504,-32,SYNTHETIC_PLACEBO_ONLY,False,PROVENANCE_ONLY_NOT_CAUSAL_TRUTH,1000,1,142,2022-09-27T00:00:00Z,2022-09-28T00:00:00Z,2022.09.27 03:00,RISK_OFF,STABLE_MAPPED_ROW,,False,,132,1,18,2020-05-12T00:00:00Z,2020-05-13T00:00:00Z,RISK_OFF,2020-05-12T00:00:00Z,2020-05-11,-0.577,HIGH,8/8,,false,,True,-868,-124,0,0,0
BWD,2026092504,-32,SYNTHETIC_PLACEBO_ONLY,False,PROVENANCE_ONLY_NOT_CAUSAL_TRUTH,1001,2,143,2022-09-28T00:00:00Z,2022-09-29T00:00:00Z,2022.09.28 03:00,STRESS,STABLE_MAPPED_ROW,,False,,126,2,18,2020-05-06T00:00:00Z,2020-05-07T00:00:00Z,STRESS,2020-05-06T00:00:00Z,2020-05-05,-0.538,HIGH,8/8,,false,VIX_STRESS,True,-875,-125,0,0,0
BWD,2026092504,-32,SYNTHETIC_PLACEBO_ONLY,False,PROVENANCE_ONLY_NOT_CAUSAL_TRUTH,1002,3,143,2022-09-29T00:00:00Z,2022-09-30T00:00:00Z,2022.09.29 03:00,STRESS,STABLE_MAPPED_ROW,,False,,127,3,18,2020-05-07T00:00:00Z,2020-05-08T00:00:00Z,STRESS,2020-05-07T00:00:00Z,2020-05-06,-0.538,HIGH,8/8,,false,VIX_STRESS,True,-875,-125,0,0,0
BWD,2026092504,-32,SYNTHETIC_PLACEBO_ONLY,False,PROVENANCE_ONLY_NOT_CAUSAL_TRUTH,1003,4,143,2022-09-30T00:00:00Z,2022-10-01T00:00:00Z,2022.09.30 03:00,STRESS,STABLE_MAPPED_ROW,,False,,128,4,18,2020-05-08T00:00:00Z,2020-05-09T00:00:00Z,STRESS,2020-05-08T00:00:00Z,2020-05-07,-0.538,HIGH,8/8,,false,VIX_STRESS,True,-875,-125,0,0,0
BWD,2026092504,-32,SYNTHETIC_PLACEBO_ONLY,False,PROVENANCE_ONLY_NOT_CAUSAL_TRUTH,1004,5,143,2022-10-01T00:00:00Z,2022-10-02T00:00:00Z,2022.10.01 03:00,RISK_OFF,STABLE_MAPPED_ROW,,False,,129,5,18,2020-05-09T00:00:00Z,2020-05-10T00:00:00Z,RISK_OFF,2020-05-09T00:00:00Z,2020-05-08,-0.385,HIGH,8/8,,false,,True,-875,-125,0,0,0
BWD,2026092504,-32,SYNTHETIC_PLACEBO_ONLY,False,PROVENANCE_ONLY_NOT_CAUSAL_TRUTH,1005,6,143,2022-10-02T00:00:00Z,2022-10-03T00:00:00Z,2022.10.02 03:00,STRESS,STABLE_MAPPED_ROW,,False,,137,6,19,2020-05-17T00:00:00Z,2020-05-18T00:00:00Z,STRESS,2020-05-17T00:00:00Z,2020-05-16,-0.692,HIGH,8/8,,false,VIX_STRESS,True,-868,-124,0,0,0
BWD,2026092504,-32,SYNTHETIC_PLACEBO_ONLY,False,PROVENANCE_ONLY_NOT_CAUSAL_TRUTH,1006,0,143,2022-10-03T00:00:00Z,2022-10-04T00:00:00Z,2022.10.03 03:00,STRESS,STABLE_MAPPED_ROW,,False,,138,0,19,2020-05-18T00:00:00Z,2020-05-19T00:00:00Z,STRESS,2020-05-18T00:00:00Z,2020-05-17,-0.692,HIGH,8/8,,false,VIX_STRESS,True,-868,-124,0,0,0
BWD,2026092504,-32,SYNTHETIC_PLACEBO_ONLY,False,PROVENANCE_ONLY_NOT_CAUSAL_TRUTH,1007,1,143,2022-10-04T00:00:00Z,2022-10-05T00:00:00Z,2022.10.04 03:00,RISK_OFF,STABLE_MAPPED_ROW,,False,,139,1,19,2020-05-19T00:00:00Z,2020-05-20T00:00:00Z,RISK_OFF,2020-05-19T00:00:00Z,2020-05-18,-0.385,HIGH,8/8,,false,,True,-868,-124,0,0,0
BWD,2026092504,-32,SYNTHETIC_PLACEBO_ONLY,False,PROVENANCE_ONLY_NOT_CAUSAL_TRUTH,1008,2,144,2022-10-05T00:00:00Z,2022-10-06T00:00:00Z,2022.10.05 03:00,STRESS,STABLE_MAPPED_ROW,,False,,133,2,19,2020-05-13T00:00:00Z,2020-05-14T00:00:00Z,STRESS,2020-05-13T00:00:00Z,2020-05-12,-0.731,HIGH,8/8,,false,VIX_STRESS,True,-875,-125,0,0,0
BWD,2026092504,-32,SYNTHETIC_PLACEBO_ONLY,False,PROVENANCE_ONLY_NOT_CAUSAL_TRUTH,1009,3,144,2022-10-06T00:00:00Z,2022-10-07T00:00:00Z,2022.10.06 03:00,STRESS,STABLE_MAPPED_ROW,,False,,134,3,19,2020-05-14T00:00:00Z,2020-05-15T00:00:00Z,STRESS,2020-05-14T00:00:00Z,2020-05-13,-0.731,HIGH,8/8,,false,VIX_STRESS,True,-875,-125,0,0,0
BWD,2026092504,-32,SYNTHETIC_PLACEBO_ONLY,False,PROVENANCE_ONLY_NOT_CAUSAL_TRUTH,1010,4,144,2022-10-07T00:00:00Z,2022-10-08T00:00:00Z,2022.10.07 03:00,STRESS,STABLE_MAPPED_ROW,,False,,135,4,19,2020-05-15T00:00:00Z,2020-05-16T00:00:00Z,STRESS,2020-05-15T00:00:00Z,2020-05-14,-0.538,HIGH,8/8,,false,VIX_STRESS,True,-875,-125,0,0,0
BWD,2026092504,-32,SYNTHETIC_PLACEBO_ONLY,False,PROVENANCE_ONLY_NOT_CAUSAL_TRUTH,1011,5,144,2022-10-08T00:00:00Z,2022-10-09T00:00:00Z,2022.10.08 03:00,STRESS,STABLE_MAPPED_ROW,,False,,136,5,19,2020-05-16T00:00:00Z,2020-05-17T00:00:00Z,STRESS,2020-05-16T00:00:00Z,2020-05-15,-0.692,HIGH,8/8,,false,VIX_STRESS,True,-875,-125,0,0,0
BWD,2026092504,-32,SYNTHETIC_PLACEBO_ONLY,False,PROVENANCE_ONLY_NOT_CAUSAL_TRUTH,1012,6,144,2022-10-09T00:00:00Z,2022-10-10T00:00:00Z,2022.10.09 03:00,RISK_OFF,STABLE_MAPPED_ROW,,False,,144,6,20,2020-05-24T00:00:00Z,2020-05-25T00:00:00Z,RISK_OFF,2020-05-24T00:00:00Z,2020-05-23,-0.577,HIGH,8/8,,false,,True,-868,-124,0,0,0
BWD,2026092504,-32,SYNTHETIC_PLACEBO_ONLY,False,PROVENANCE_ONLY_NOT_CAUSAL_TRUTH,1013,0,144,2022-10-10T00:00:00Z,2022-10-11T00:00:00Z,2022.10.10 03:00,RISK_OFF,STABLE_MAPPED_ROW,,False,,145,0,20,2020-05-25T00:00:00Z,2020-05-26T00:00:00Z,RISK_OFF,2020-05-25T00:00:00Z,2020-05-24,-0.577,HIGH,8/8,,false,,True,-868,-124,0,0,0
BWD,2026092504,-32,SYNTHETIC_PLACEBO_ONLY,False,PROVENANCE_ONLY_NOT_CAUSAL_TRUTH,1014,1,144,2022-10-11T00:00:00Z,2022-10-12T00:00:00Z,2022.10.11 03:00,RISK_OFF,STABLE_MAPPED_ROW,,False,,146,1,20,2020-05-26T00:00:00Z,2020-05-27T00:00:00Z,RISK_OFF,2020-05-26T00:00:00Z,2020-05-25,-0.577,HIGH,8/8,,false,,True,-868,-124,0,0,0
BWD,2026092504,-32,SYNTHETIC_PLACEBO_ONLY,False,PROVENANCE_ONLY_NOT_CAUSAL_TRUTH,1015,2,145,2022-10-12T00:00:00Z,2022-10-13T00:00:00Z,2022.10.12 03:00,STRESS,STABLE_MAPPED_ROW,,False,,140,2,20,2020-05-20T00:00:00Z,2020-05-21T00:00:00Z,STRESS,2020-05-20T00:00:00Z,2020-05-19,-0.577,HIGH,8/8,,false,VIX_STRESS,True,-875,-125,0,0,0
BWD,2026092504,-32,SYNTHETIC_PLACEBO_ONLY,False,PROVENANCE_ONLY_NOT_CAUSAL_TRUTH,1016,3,145,2022-10-13T00:00:00Z,2022-10-14T00:00:00Z,2022.10.13 03:00,RISK_OFF,STABLE_MAPPED_ROW,,False,,141,3,20,2020-05-21T00:00:00Z,2020-05-22T00:00:00Z,RISK_OFF,2020-05-21T00:00:00Z,2020-05-20,-0.385,HIGH,8/8,,false,,True,-875,-125,0,0,0
BWD,2026092504,-32,SYNTHETIC_PLACEBO_ONLY,False,PROVENANCE_ONLY_NOT_CAUSAL_TRUTH,1017,4,145,2022-10-14T00:00:00Z,2022-10-15T00:00:00Z,2022.10.14 03:00,RISK_OFF,STABLE_MAPPED_ROW,,False,,142,4,20,2020-05-22T00:00:00Z,2020-05-23T00:00:00Z,RISK_OFF,2020-05-22T00:00:00Z,2020-05-21,-0.577,HIGH,8/8,,false,,True,-875,-125,0,0,0
BWD,2026092504,-32,SYNTHETIC_PLACEBO_ONLY,False,PROVENANCE_ONLY_NOT_CAUSAL_TRUTH,1018,5,145,2022-10-15T00:00:00Z,2022-10-16T00:00:00Z,2022.10.15 03:00,RISK_OFF,STABLE_MAPPED_ROW,,False,,143,5,20,2020-05-23T00:00:00Z,2020-05-24T00:00:00Z,RISK_OFF,2020-05-23T00:00:00Z,2020-05-22,-0.577,HIGH,8/8,,false,,True,-875,-125,0,0,0
BWD,2026092504,-32,SYNTHETIC_PLACEBO_ONLY,False,PROVENANCE_ONLY_NOT_CAUSAL_TRUTH,1019,6,145,2022-10-16T00:00:00Z,2022-10-17T00:00:00Z,2022.10.16 03:00,RISK_OFF,STABLE_MAPPED_ROW,,False,,151,6,21,2020-05-31T00:00:00Z,2020-06-01T00:00:00Z,RISK_OFF,2020-05-31T00:00:00Z,2020-05-30,-0.385,HIGH,8/8,,false,,True,-868,-124,0,0,0
BWD,2026092504,-32,SYNTHETIC_PLACEBO_ONLY,False,PROVENANCE_ONLY_NOT_CAUSAL_TRUTH,1020,0,145,2022-10-17T00:00:00Z,2022-10-18T00:00:00Z,2022.10.17 03:00,RISK_OFF,STABLE_MAPPED_ROW,,False,,152,0,21,2020-06-01T00:00:00Z,2020-06-02T00:00:00Z,RISK_OFF,2020-06-01T00:00:00Z,2020-05-31,-0.385,HIGH,8/8,,false,,True,-868,-124,0,0,0
BWD,2026092504,-32,SYNTHETIC_PLACEBO_ONLY,False,PROVENANCE_ONLY_NOT_CAUSAL_TRUTH,1021,1,145,2022-10-18T00:00:00Z,2022-10-19T00:00:00Z,2022.10.18 03:00,NEUTRAL,STABLE_MAPPED_ROW,,False,,153,1,21,2020-06-02T00:00:00Z,2020-06-03T00:00:00Z,NEUTRAL,2020-06-02T00:00:00Z,2020-06-01,0.077,MED,8/8,,false,,True,-868,-124,0,0,0
BWD,2026092504,-32,SYNTHETIC_PLACEBO_ONLY,False,PROVENANCE_ONLY_NOT_CAUSAL_TRUTH,1022,2,146,2022-10-19T00:00:00Z,2022-10-20T00:00:00Z,2022.10.19 03:00,RISK_OFF,STABLE_MAPPED_ROW,,False,,147,2,21,2020-05-27T00:00:00Z,2020-05-28T00:00:00Z,RISK_OFF,2020-05-27T00:00:00Z,2020-05-26,-0.423,HIGH,8/8,,false,,True,-875,-125,0,0,0
BWD,2026092504,-32,SYNTHETIC_PLACEBO_ONLY,False,PROVENANCE_ONLY_NOT_CAUSAL_TRUTH,1023,3,146,2022-10-20T00:00:00Z,2022-10-21T00:00:00Z,2022.10.20 03:00,RISK_OFF,STABLE_MAPPED_ROW,,False,,148,3,21,2020-05-28T00:00:00Z,2020-05-29T00:00:00Z,RISK_OFF,2020-05-28T00:00:00Z,2020-05-27,-0.423,HIGH,8/8,,false,,True,-875,-125,0,0,0
BWD,2026092504,-32,SYNTHETIC_PLACEBO_ONLY,False,PROVENANCE_ONLY_NOT_CAUSAL_TRUTH,1024,4,146,2022-10-21T00:00:00Z,2022-10-22T00:00:00Z,2022.10.21 03:00,RISK_OFF,STABLE_MAPPED_ROW,,False,,149,4,21,2020-05-29T00:00:00Z,2020-05-30T00:00:00Z,RISK_OFF,2020-05-29T00:00:00Z,2020-05-28,-0.385,HIGH,8/8,,false,,True,-875,-125,0,0,0
BWD,2026092504,-32,SYNTHETIC_PLACEBO_ONLY,False,PROVENANCE_ONLY_NOT_CAUSAL_TRUTH,1025,5,146,2022-10-22T00:00:00Z,2022-10-23T00:00:00Z,2022.10.22 03:00,RISK_OFF,STABLE_MAPPED_ROW,,False,,150,5,21,2020-05-30T00:00:00Z,2020-05-31T00:00:00Z,RISK_OFF,2020-05-30T00:00:00Z,2020-05-29,-0.385,HIGH,8/8,,false,,True,-875,-125,0,0,0
BWD,2026092504,-32,SYNTHETIC_PLACEBO_ONLY,False,PROVENANCE_ONLY_NOT_CAUSAL_TRUTH,1026,6,146,2022-10-23T00:00:00Z,2022-10-24T00:00:00Z,2022.10.23 03:00,NEUTRAL,STABLE_MAPPED_ROW,,False,,158,6,22,2020-06-07T00:00:00Z,2020-06-08T00:00:00Z,NEUTRAL,2020-06-07T00:00:00Z,2020-06-06,0.115,MED,8/8,,false,,True,-868,-124,0,0,0
BWD,2026092504,-32,SYNTHETIC_PLACEBO_ONLY,False,PROVENANCE_ONLY_NOT_CAUSAL_TRUTH,1027,0,146,2022-10-24T00:00:00Z,2022-10-25T00:00:00Z,2022.10.24 03:00,NEUTRAL,STABLE_MAPPED_ROW,,False,,159,0,22,2020-06-08T00:00:00Z,2020-06-09T00:00:00Z,NEUTRAL,2020-06-08T00:00:00Z,2020-06-07,0.308,HIGH,8/8,,false,,True,-868,-124,0,0,0
BWD,2026092504,-32,SYNTHETIC_PLACEBO_ONLY,False,PROVENANCE_ONLY_NOT_CAUSAL_TRUTH,1028,1,146,2022-10-25T00:00:00Z,2022-10-26T00:00:00Z,2022.10.25 03:00,NEUTRAL,STABLE_MAPPED_ROW,,False,,160,1,22,2020-06-09T00:00:00Z,2020-06-10T00:00:00Z,NEUTRAL,2020-06-09T00:00:00Z,2020-06-08,0.308,HIGH,8/8,,false,,True,-868,-124,0,0,0
BWD,2026092504,-32,SYNTHETIC_PLACEBO_ONLY,False,PROVENANCE_ONLY_NOT_CAUSAL_TRUTH,1029,2,147,2022-10-26T00:00:00Z,2022-10-27T00:00:00Z,2022.10.26 03:00,NEUTRAL,STABLE_MAPPED_ROW,,False,,154,2,22,2020-06-03T00:00:00Z,2020-06-04T00:00:00Z,NEUTRAL,2020-06-03T00:00:00Z,2020-06-02,0.077,MED,8/8,,false,,True,-875,-125,0,0,0
BWD,2026092504,-32,SYNTHETIC_PLACEBO_ONLY,False,PROVENANCE_ONLY_NOT_CAUSAL_TRUTH,1030,3,147,2022-10-27T00:00:00Z,2022-10-28T00:00:00Z,2022.10.27 03:00,NEUTRAL,STABLE_MAPPED_ROW,,False,,155,3,22,2020-06-04T00:00:00Z,2020-06-05T00:00:00Z,NEUTRAL,2020-06-04T00:00:00Z,2020-06-03,0.077,MED,8/8,,false,,True,-875,-125,0,0,0
BWD,2026092504,-32,SYNTHETIC_PLACEBO_ONLY,False,PROVENANCE_ONLY_NOT_CAUSAL_TRUTH,1031,4,147,2022-10-28T00:00:00Z,2022-10-29T00:00:00Z,2022.10.28 03:00,NEUTRAL,STABLE_MAPPED_ROW,,False,,156,4,22,2020-06-05T00:00:00Z,2020-06-06T00:00:00Z,NEUTRAL,2020-06-05T00:00:00Z,2020-06-04,0.077,MED,8/8,,false,,True,-875,-125,0,0,0
BWD,2026092504,-32,SYNTHETIC_PLACEBO_ONLY,False,PROVENANCE_ONLY_NOT_CAUSAL_TRUTH,1032,5,147,2022-10-29T00:00:00Z,2022-10-30T00:00:00Z,2022.10.29 03:00,NEUTRAL,STABLE_MAPPED_ROW,,False,,157,5,22,2020-06-06T00:00:00Z,2020-06-07T00:00:00Z,NEUTRAL,2020-06-06T00:00:00Z,2020-06-05,0.308,HIGH,8/8,,false,,True,-875,-125,0,0,0
BWD,2026092504,-32,SYNTHETIC_PLACEBO_ONLY,False,PROVENANCE_ONLY_NOT_CAUSAL_TRUTH,1033,6,147,2022-10-30T00:00:00Z,2022-10-31T00:00:00Z,2022.10.30 03:00,STRESS,STABLE_MAPPED_ROW,,False,,165,6,23,2020-06-14T00:00:00Z,2020-06-15T00:00:00Z,STRESS,2020-06-14T00:00:00Z,2020-06-13,-0.769,MED,8/8,,false,VIX_STRESS,True,-868,-124,0,0,0
BWD,2026092504,-32,SYNTHETIC_PLACEBO_ONLY,False,PROVENANCE_ONLY_NOT_CAUSAL_TRUTH,1034,0,147,2022-10-31T00:00:00Z,2022-11-01T00:00:00Z,2022.10.31 03:00,STRESS,STABLE_MAPPED_ROW,,False,,166,0,23,2020-06-15T00:00:00Z,2020-06-16T00:00:00Z,STRESS,2020-06-15T00:00:00Z,2020-06-14,-0.769,MED,8/8,,false,VIX_STRESS,True,-868,-124,0,0,0
BWD,2026092504,-32,SYNTHETIC_PLACEBO_ONLY,False,PROVENANCE_ONLY_NOT_CAUSAL_TRUTH,1035,1,147,2022-11-01T00:00:00Z,2022-11-02T00:00:00Z,2022.11.01 03:00,STRESS,STABLE_MAPPED_ROW,,False,,167,1,23,2020-06-16T00:00:00Z,2020-06-17T00:00:00Z,STRESS,2020-06-16T00:00:00Z,2020-06-15,-0.5,MED,8/8,,false,VIX_STRESS,True,-868,-124,0,0,0
BWD,2026092504,-32,SYNTHETIC_PLACEBO_ONLY,False,PROVENANCE_ONLY_NOT_CAUSAL_TRUTH,1036,2,148,2022-11-02T00:00:00Z,2022-11-03T00:00:00Z,2022.11.02 03:00,NEUTRAL,STABLE_MAPPED_ROW,,False,,161,2,23,2020-06-10T00:00:00Z,2020-06-11T00:00:00Z,NEUTRAL,2020-06-10T00:00:00Z,2020-06-09,0.077,HIGH,8/8,,false,,True,-875,-125,0,0,0
BWD,2026092504,-32,SYNTHETIC_PLACEBO_ONLY,False,PROVENANCE_ONLY_NOT_CAUSAL_TRUTH,1037,3,148,2022-11-03T00:00:00Z,2022-11-04T00:00:00Z,2022.11.03 03:00,NEUTRAL,STABLE_MAPPED_ROW,,False,,162,3,23,2020-06-11T00:00:00Z,2020-06-12T00:00:00Z,NEUTRAL,2020-06-11T00:00:00Z,2020-06-10,-0.192,LOW,8/8,,false,,True,-875,-125,0,0,0
BWD,2026092504,-32,SYNTHETIC_PLACEBO_ONLY,False,PROVENANCE_ONLY_NOT_CAUSAL_TRUTH,1038,4,148,2022-11-04T00:00:00Z,2022-11-05T00:00:00Z,2022.11.04 03:00,STRESS,STABLE_MAPPED_ROW,,False,,163,4,23,2020-06-12T00:00:00Z,2020-06-13T00:00:00Z,STRESS,2020-06-12T00:00:00Z,2020-06-11,-0.692,MED,8/8,,false,VIX_STRESS,True,-875,-125,0,0,0
BWD,2026092504,-32,SYNTHETIC_PLACEBO_ONLY,False,PROVENANCE_ONLY_NOT_CAUSAL_TRUTH,1039,5,148,2022-11-05T00:00:00Z,2022-11-06T00:00:00Z,2022.11.05 03:00,STRESS,STABLE_MAPPED_ROW,,False,,164,5,23,2020-06-13T00:00:00Z,2020-06-14T00:00:00Z,STRESS,2020-06-13T00:00:00Z,2020-06-12,-0.615,MED,8/8,,false,VIX_STRESS,True,-875,-125,0,0,0
BWD,2026092504,-32,SYNTHETIC_PLACEBO_ONLY,False,PROVENANCE_ONLY_NOT_CAUSAL_TRUTH,1040,6,148,2022-11-06T00:00:00Z,2022-11-07T00:00:00Z,2022.11.06 00:00,UNKNOWN,TRANSITION_UNKNOWN_BOUNDARY_MARKER,2022-11-06,True,2022.11.07 02:00,172,6,24,2020-06-21T00:00:00Z,2020-06-22T00:00:00Z,STRESS,2020-06-21T00:00:00Z,2020-06-20,0.038,HIGH,8/8,,false,VIX_STRESS,True,-868,-124,0,0,0
BWD,2026092504,-32,SYNTHETIC_PLACEBO_ONLY,False,PROVENANCE_ONLY_NOT_CAUSAL_TRUTH,1041,0,148,2022-11-07T00:00:00Z,2022-11-08T00:00:00Z,2022.11.07 02:00,STRESS,STABLE_MAPPED_ROW,,False,,173,0,24,2020-06-22T00:00:00Z,2020-06-23T00:00:00Z,STRESS,2020-06-22T00:00:00Z,2020-06-21,-0.077,LOW,8/8,,false,VIX_STRESS,True,-868,-124,0,0,0
BWD,2026092504,-32,SYNTHETIC_PLACEBO_ONLY,False,PROVENANCE_ONLY_NOT_CAUSAL_TRUTH,1042,1,148,2022-11-08T00:00:00Z,2022-11-09T00:00:00Z,2022.11.08 02:00,STRESS,STABLE_MAPPED_ROW,,False,,174,1,24,2020-06-23T00:00:00Z,2020-06-24T00:00:00Z,STRESS,2020-06-23T00:00:00Z,2020-06-22,-0.038,LOW,8/8,,false,VIX_STRESS,True,-868,-124,0,0,0
BWD,2026092504,-32,SYNTHETIC_PLACEBO_ONLY,False,PROVENANCE_ONLY_NOT_CAUSAL_TRUTH,1043,2,149,2022-11-09T00:00:00Z,2022-11-10T00:00:00Z,2022.11.09 02:00,STRESS,STABLE_MAPPED_ROW,,False,,168,2,24,2020-06-17T00:00:00Z,2020-06-18T00:00:00Z,STRESS,2020-06-17T00:00:00Z,2020-06-16,-0.077,LOW,8/8,,false,VIX_STRESS,True,-875,-125,0,0,0
BWD,2026092504,-32,SYNTHETIC_PLACEBO_ONLY,False,PROVENANCE_ONLY_NOT_CAUSAL_TRUTH,1044,3,149,2022-11-10T00:00:00Z,2022-11-11T00:00:00Z,2022.11.10 02:00,STRESS,STABLE_MAPPED_ROW,,False,,169,3,24,2020-06-18T00:00:00Z,2020-06-19T00:00:00Z,STRESS,2020-06-18T00:00:00Z,2020-06-17,-0.115,LOW,8/8,,false,VIX_STRESS,True,-875,-125,0,0,0
BWD,2026092504,-32,SYNTHETIC_PLACEBO_ONLY,False,PROVENANCE_ONLY_NOT_CAUSAL_TRUTH,1045,4,149,2022-11-11T00:00:00Z,2022-11-12T00:00:00Z,2022.11.11 02:00,STRESS,STABLE_MAPPED_ROW,,False,,170,4,24,2020-06-19T00:00:00Z,2020-06-20T00:00:00Z,STRESS,2020-06-19T00:00:00Z,2020-06-18,0.038,HIGH,8/8,,false,VIX_STRESS,True,-875,-125,0,0,0
BWD,2026092504,-32,SYNTHETIC_PLACEBO_ONLY,False,PROVENANCE_ONLY_NOT_CAUSAL_TRUTH,1046,5,149,2022-11-12T00:00:00Z,2022-11-13T00:00:00Z,2022.11.12 02:00,STRESS,STABLE_MAPPED_ROW,,False,,171,5,24,2020-06-20T00:00:00Z,2020-06-21T00:00:00Z,STRESS,2020-06-20T00:00:00Z,2020-06-19,0.038,HIGH,8/8,,false,VIX_STRESS,True,-875,-125,0,0,0
BWD,2026092504,-32,SYNTHETIC_PLACEBO_ONLY,False,PROVENANCE_ONLY_NOT_CAUSAL_TRUTH,1047,6,149,2022-11-13T00:00:00Z,2022-11-14T00:00:00Z,2022.11.13 02:00,STRESS,STABLE_MAPPED_ROW,,False,,179,6,25,2020-06-28T00:00:00Z,2020-06-29T00:00:00Z,STRESS,2020-06-28T00:00:00Z,2020-06-27,-0.115,MED,8/8,,false,VIX_STRESS,True,-868,-124,0,0,0
BWD,2026092504,-32,SYNTHETIC_PLACEBO_ONLY,False,PROVENANCE_ONLY_NOT_CAUSAL_TRUTH,1048,0,149,2022-11-14T00:00:00Z,2022-11-15T00:00:00Z,2022.11.14 02:00,STRESS,STABLE_MAPPED_ROW,,False,,180,0,25,2020-06-29T00:00:00Z,2020-06-30T00:00:00Z,STRESS,2020-06-29T00:00:00Z,2020-06-28,-0.115,MED,8/8,,false,VIX_STRESS,True,-868,-124,0,0,0
BWD,2026092504,-32,SYNTHETIC_PLACEBO_ONLY,False,PROVENANCE_ONLY_NOT_CAUSAL_TRUTH,1049,1,149,2022-11-15T00:00:00Z,2022-11-16T00:00:00Z,2022.11.15 02:00,STRESS,STABLE_MAPPED_ROW,,False,,181,1,25,2020-06-30T00:00:00Z,2020-07-01T00:00:00Z,STRESS,2020-06-30T00:00:00Z,2020-06-29,-0.077,LOW,8/8,,false,VIX_STRESS,True,-868,-124,0,0,0
BWD,2026092504,-32,SYNTHETIC_PLACEBO_ONLY,False,PROVENANCE_ONLY_NOT_CAUSAL_TRUTH,1050,2,150,2022-11-16T00:00:00Z,2022-11-17T00:00:00Z,2022.11.16 02:00,STRESS,STABLE_MAPPED_ROW,,False,,175,2,25,2020-06-24T00:00:00Z,2020-06-25T00:00:00Z,STRESS,2020-06-24T00:00:00Z,2020-06-23,-0.038,LOW,8/8,,false,VIX_STRESS,True,-875,-125,0,0,0
BWD,2026092504,-32,SYNTHETIC_PLACEBO_ONLY,False,PROVENANCE_ONLY_NOT_CAUSAL_TRUTH,1051,3,150,2022-11-17T00:00:00Z,2022-11-18T00:00:00Z,2022.11.17 02:00,STRESS,STABLE_MAPPED_ROW,,False,,176,3,25,2020-06-25T00:00:00Z,2020-06-26T00:00:00Z,STRESS,2020-06-25T00:00:00Z,2020-06-24,-0.038,LOW,8/8,,false,VIX_STRESS,True,-875,-125,0,0,0
BWD,2026092504,-32,SYNTHETIC_PLACEBO_ONLY,False,PROVENANCE_ONLY_NOT_CAUSAL_TRUTH,1052,4,150,2022-11-18T00:00:00Z,2022-11-19T00:00:00Z,2022.11.18 02:00,STRESS,STABLE_MAPPED_ROW,,False,,177,4,25,2020-06-26T00:00:00Z,2020-06-27T00:00:00Z,STRESS,2020-06-26T00:00:00Z,2020-06-25,0.038,HIGH,8/8,,false,VIX_STRESS,True,-875,-125,0,0,0
BWD,2026092504,-32,SYNTHETIC_PLACEBO_ONLY,False,PROVENANCE_ONLY_NOT_CAUSAL_TRUTH,1053,5,150,2022-11-19T00:00:00Z,2022-11-20T00:00:00Z,2022.11.19 02:00,STRESS,STABLE_MAPPED_ROW,,False,,178,5,25,2020-06-27T00:00:00Z,2020-06-28T00:00:00Z,STRESS,2020-06-27T00:00:00Z,2020-06-26,0.038,HIGH,8/8,,false,VIX_STRESS,True,-875,-125,0,0,0
BWD,2026092504,-32,SYNTHETIC_PLACEBO_ONLY,False,PROVENANCE_ONLY_NOT_CAUSAL_TRUTH,1054,6,150,2022-11-20T00:00:00Z,2022-11-21T00:00:00Z,2022.11.20 02:00,NEUTRAL,STABLE_MAPPED_ROW,,False,,186,6,26,2020-07-05T00:00:00Z,2020-07-06T00:00:00Z,NEUTRAL,2020-07-05T00:00:00Z,2020-07-04,0.192,HIGH,8/8,,false,,True,-868,-124,0,0,0
BWD,2026092504,-32,SYNTHETIC_PLACEBO_ONLY,False,PROVENANCE_ONLY_NOT_CAUSAL_TRUTH,1055,0,150,2022-11-21T00:00:00Z,2022-11-22T00:00:00Z,2022.11.21 02:00,NEUTRAL,STABLE_MAPPED_ROW,,False,,187,0,26,2020-07-06T00:00:00Z,2020-07-07T00:00:00Z,NEUTRAL,2020-07-06T00:00:00Z,2020-07-05,0.192,HIGH,8/8,,false,,True,-868,-124,0,0,0
BWD,2026092504,-32,SYNTHETIC_PLACEBO_ONLY,False,PROVENANCE_ONLY_NOT_CAUSAL_TRUTH,1056,1,150,2022-11-22T00:00:00Z,2022-11-23T00:00:00Z,2022.11.22 02:00,NEUTRAL,STABLE_MAPPED_ROW,,False,,188,1,26,2020-07-07T00:00:00Z,2020-07-08T00:00:00Z,NEUTRAL,2020-07-07T00:00:00Z,2020-07-06,0.231,HIGH,8/8,,false,,True,-868,-124,0,0,0
BWD,2026092504,-32,SYNTHETIC_PLACEBO_ONLY,False,PROVENANCE_ONLY_NOT_CAUSAL_TRUTH,1057,2,151,2022-11-23T00:00:00Z,2022-11-24T00:00:00Z,2022.11.23 02:00,STRESS,STABLE_MAPPED_ROW,,False,,182,2,26,2020-07-01T00:00:00Z,2020-07-02T00:00:00Z,STRESS,2020-07-01T00:00:00Z,2020-06-30,0.038,HIGH,8/8,,false,VIX_STRESS,True,-875,-125,0,0,0
BWD,2026092504,-32,SYNTHETIC_PLACEBO_ONLY,False,PROVENANCE_ONLY_NOT_CAUSAL_TRUTH,1058,3,151,2022-11-24T00:00:00Z,2022-11-25T00:00:00Z,2022.11.24 02:00,NEUTRAL,STABLE_MAPPED_ROW,,False,,183,3,26,2020-07-02T00:00:00Z,2020-07-03T00:00:00Z,NEUTRAL,2020-07-02T00:00:00Z,2020-07-01,0.231,HIGH,8/8,,false,,True,-875,-125,0,0,0
BWD,2026092504,-32,SYNTHETIC_PLACEBO_ONLY,False,PROVENANCE_ONLY_NOT_CAUSAL_TRUTH,1059,4,151,2022-11-25T00:00:00Z,2022-11-26T00:00:00Z,2022.11.25 02:00,NEUTRAL,STABLE_MAPPED_ROW,,False,,184,4,26,2020-07-03T00:00:00Z,2020-07-04T00:00:00Z,NEUTRAL,2020-07-03T00:00:00Z,2020-07-02,0.231,HIGH,8/8,,false,,True,-875,-125,0,0,0
BWD,2026092504,-32,SYNTHETIC_PLACEBO_ONLY,False,PROVENANCE_ONLY_NOT_CAUSAL_TRUTH,1060,5,151,2022-11-26T00:00:00Z,2022-11-27T00:00:00Z,2022.11.26 02:00,NEUTRAL,STABLE_MAPPED_ROW,,False,,185,5,26,2020-07-04T00:00:00Z,2020-07-05T00:00:00Z,NEUTRAL,2020-07-04T00:00:00Z,2020-07-03,0.192,HIGH,8/8,,false,,True,-875,-125,0,0,0
BWD,2026092504,-32,SYNTHETIC_PLACEBO_ONLY,False,PROVENANCE_ONLY_NOT_CAUSAL_TRUTH,1061,6,151,2022-11-27T00:00:00Z,2022-11-28T00:00:00Z,2022.11.27 02:00,NEUTRAL,STABLE_MAPPED_ROW,,False,,193,6,27,2020-07-12T00:00:00Z,2020-07-13T00:00:00Z,NEUTRAL,2020-07-12T00:00:00Z,2020-07-11,0.192,HIGH,8/8,,false,,True,-868,-124,0,0,0
BWD,2026092504,-32,SYNTHETIC_PLACEBO_ONLY,False,PROVENANCE_ONLY_NOT_CAUSAL_TRUTH,1062,0,151,2022-11-28T00:00:00Z,2022-11-29T00:00:00Z,2022.11.28 02:00,NEUTRAL,STABLE_MAPPED_ROW,,False,,194,0,27,2020-07-13T00:00:00Z,2020-07-14T00:00:00Z,NEUTRAL,2020-07-13T00:00:00Z,2020-07-12,0.115,HIGH,8/8,,false,,True,-868,-124,0,0,0
BWD,2026092504,-32,SYNTHETIC_PLACEBO_ONLY,False,PROVENANCE_ONLY_NOT_CAUSAL_TRUTH,1063,1,151,2022-11-29T00:00:00Z,2022-11-30T00:00:00Z,2022.11.29 02:00,STRESS,STABLE_MAPPED_ROW,,False,,195,1,27,2020-07-14T00:00:00Z,2020-07-15T00:00:00Z,STRESS,2020-07-14T00:00:00Z,2020-07-13,-0.154,LOW,8/8,,false,VIX_STRESS,True,-868,-124,0,0,0
BWD,2026092504,-32,SYNTHETIC_PLACEBO_ONLY,False,PROVENANCE_ONLY_NOT_CAUSAL_TRUTH,1064,2,152,2022-11-30T00:00:00Z,2022-12-01T00:00:00Z,2022.11.30 02:00,NEUTRAL,STABLE_MAPPED_ROW,,False,,189,2,27,2020-07-08T00:00:00Z,2020-07-09T00:00:00Z,NEUTRAL,2020-07-08T00:00:00Z,2020-07-07,0.231,HIGH,8/8,,false,,True,-875,-125,0,0,0
BWD,2026092504,-32,SYNTHETIC_PLACEBO_ONLY,False,PROVENANCE_ONLY_NOT_CAUSAL_TRUTH,1065,3,152,2022-12-01T00:00:00Z,2022-12-02T00:00:00Z,2022.12.01 02:00,NEUTRAL,STABLE_MAPPED_ROW,,False,,190,3,27,2020-07-09T00:00:00Z,2020-07-10T00:00:00Z,NEUTRAL,2020-07-09T00:00:00Z,2020-07-08,0.231,HIGH,8/8,,false,,True,-875,-125,0,0,0
BWD,2026092504,-32,SYNTHETIC_PLACEBO_ONLY,False,PROVENANCE_ONLY_NOT_CAUSAL_TRUTH,1066,4,152,2022-12-02T00:00:00Z,2022-12-03T00:00:00Z,2022.12.02 02:00,NEUTRAL,STABLE_MAPPED_ROW,,False,,191,4,27,2020-07-10T00:00:00Z,2020-07-11T00:00:00Z,NEUTRAL,2020-07-10T00:00:00Z,2020-07-09,0.231,HIGH,8/8,,false,,True,-875,-125,0,0,0
BWD,2026092504,-32,SYNTHETIC_PLACEBO_ONLY,False,PROVENANCE_ONLY_NOT_CAUSAL_TRUTH,1067,5,152,2022-12-03T00:00:00Z,2022-12-04T00:00:00Z,2022.12.03 02:00,NEUTRAL,STABLE_MAPPED_ROW,,False,,192,5,27,2020-07-11T00:00:00Z,2020-07-12T00:00:00Z,NEUTRAL,2020-07-11T00:00:00Z,2020-07-10,0.231,HIGH,8/8,,false,,True,-875,-125,0,0,0
BWD,2026092504,-32,SYNTHETIC_PLACEBO_ONLY,False,PROVENANCE_ONLY_NOT_CAUSAL_TRUTH,1068,6,152,2022-12-04T00:00:00Z,2022-12-05T00:00:00Z,2022.12.04 02:00,NEUTRAL,STABLE_MAPPED_ROW,,False,,200,6,28,2020-07-19T00:00:00Z,2020-07-20T00:00:00Z,NEUTRAL,2020-07-19T00:00:00Z,2020-07-18,0.192,HIGH,8/8,,false,,True,-868,-124,0,0,0
BWD,2026092504,-32,SYNTHETIC_PLACEBO_ONLY,False,PROVENANCE_ONLY_NOT_CAUSAL_TRUTH,1069,0,152,2022-12-05T00:00:00Z,2022-12-06T00:00:00Z,2022.12.05 02:00,NEUTRAL,STABLE_MAPPED_ROW,,False,,201,0,28,2020-07-20T00:00:00Z,2020-07-21T00:00:00Z,NEUTRAL,2020-07-20T00:00:00Z,2020-07-19,0.192,HIGH,8/8,,false,,True,-868,-124,0,0,0
BWD,2026092504,-32,SYNTHETIC_PLACEBO_ONLY,False,PROVENANCE_ONLY_NOT_CAUSAL_TRUTH,1070,1,152,2022-12-06T00:00:00Z,2022-12-07T00:00:00Z,2022.12.06 02:00,NEUTRAL,STABLE_MAPPED_ROW,,False,,202,1,28,2020-07-21T00:00:00Z,2020-07-22T00:00:00Z,NEUTRAL,2020-07-21T00:00:00Z,2020-07-20,0.154,HIGH,8/8,,false,,True,-868,-124,0,0,0
BWD,2026092504,-32,SYNTHETIC_PLACEBO_ONLY,False,PROVENANCE_ONLY_NOT_CAUSAL_TRUTH,1071,2,153,2022-12-07T00:00:00Z,2022-12-08T00:00:00Z,2022.12.07 02:00,NEUTRAL,STABLE_MAPPED_ROW,,False,,196,2,28,2020-07-15T00:00:00Z,2020-07-16T00:00:00Z,NEUTRAL,2020-07-15T00:00:00Z,2020-07-14,0.192,HIGH,8/8,,false,,True,-875,-125,0,0,0
BWD,2026092504,-32,SYNTHETIC_PLACEBO_ONLY,False,PROVENANCE_ONLY_NOT_CAUSAL_TRUTH,1072,3,153,2022-12-08T00:00:00Z,2022-12-09T00:00:00Z,2022.12.08 02:00,NEUTRAL,STABLE_MAPPED_ROW,,False,,197,3,28,2020-07-16T00:00:00Z,2020-07-17T00:00:00Z,NEUTRAL,2020-07-16T00:00:00Z,2020-07-15,0.077,HIGH,8/8,,false,,True,-875,-125,0,0,0
BWD,2026092504,-32,SYNTHETIC_PLACEBO_ONLY,False,PROVENANCE_ONLY_NOT_CAUSAL_TRUTH,1073,4,153,2022-12-09T00:00:00Z,2022-12-10T00:00:00Z,2022.12.09 02:00,NEUTRAL,STABLE_MAPPED_ROW,,False,,198,4,28,2020-07-17T00:00:00Z,2020-07-18T00:00:00Z,NEUTRAL,2020-07-17T00:00:00Z,2020-07-16,0.192,HIGH,8/8,,false,,True,-875,-125,0,0,0
BWD,2026092504,-32,SYNTHETIC_PLACEBO_ONLY,False,PROVENANCE_ONLY_NOT_CAUSAL_TRUTH,1074,5,153,2022-12-10T00:00:00Z,2022-12-11T00:00:00Z,2022.12.10 02:00,NEUTRAL,STABLE_MAPPED_ROW,,False,,199,5,28,2020-07-18T00:00:00Z,2020-07-19T00:00:00Z,NEUTRAL,2020-07-18T00:00:00Z,2020-07-17,0.192,HIGH,8/8,,false,,True,-875,-125,0,0,0
BWD,2026092504,-32,SYNTHETIC_PLACEBO_ONLY,False,PROVENANCE_ONLY_NOT_CAUSAL_TRUTH,1075,6,153,2022-12-11T00:00:00Z,2022-12-12T00:00:00Z,2022.12.11 02:00,NEUTRAL,STABLE_MAPPED_ROW,,False,,207,6,29,2020-07-26T00:00:00Z,2020-07-27T00:00:00Z,NEUTRAL,2020-07-26T00:00:00Z,2020-07-25,0.192,HIGH,8/8,,false,,True,-868,-124,0,0,0
BWD,2026092504,-32,SYNTHETIC_PLACEBO_ONLY,False,PROVENANCE_ONLY_NOT_CAUSAL_TRUTH,1076,0,153,2022-12-12T00:00:00Z,2022-12-13T00:00:00Z,2022.12.12 02:00,NEUTRAL,STABLE_MAPPED_ROW,,False,,208,0,29,2020-07-27T00:00:00Z,2020-07-28T00:00:00Z,NEUTRAL,2020-07-27T00:00:00Z,2020-07-26,0.192,HIGH,8/8,,false,,True,-868,-124,0,0,0
BWD,2026092504,-32,SYNTHETIC_PLACEBO_ONLY,False,PROVENANCE_ONLY_NOT_CAUSAL_TRUTH,1077,1,153,2022-12-13T00:00:00Z,2022-12-14T00:00:00Z,2022.12.13 02:00,NEUTRAL,STABLE_MAPPED_ROW,,False,,209,1,29,2020-07-28T00:00:00Z,2020-07-29T00:00:00Z,NEUTRAL,2020-07-28T00:00:00Z,2020-07-27,-0.115,LOW,8/8,,false,,True,-868,-124,0,0,0
BWD,2026092504,-32,SYNTHETIC_PLACEBO_ONLY,False,PROVENANCE_ONLY_NOT_CAUSAL_TRUTH,1078,2,154,2022-12-14T00:00:00Z,2022-12-15T00:00:00Z,2022.12.14 02:00,NEUTRAL,STABLE_MAPPED_ROW,,False,,203,2,29,2020-07-22T00:00:00Z,2020-07-23T00:00:00Z,NEUTRAL,2020-07-22T00:00:00Z,2020-07-21,0.231,HIGH,8/8,,false,,True,-875,-125,0,0,0
BWD,2026092504,-32,SYNTHETIC_PLACEBO_ONLY,False,PROVENANCE_ONLY_NOT_CAUSAL_TRUTH,1079,3,154,2022-12-15T00:00:00Z,2022-12-16T00:00:00Z,2022.12.15 02:00,NEUTRAL,STABLE_MAPPED_ROW,,False,,204,3,29,2020-07-23T00:00:00Z,2020-07-24T00:00:00Z,NEUTRAL,2020-07-23T00:00:00Z,2020-07-22,0.231,HIGH,8/8,,false,,True,-875,-125,0,0,0
BWD,2026092504,-32,SYNTHETIC_PLACEBO_ONLY,False,PROVENANCE_ONLY_NOT_CAUSAL_TRUTH,1080,4,154,2022-12-16T00:00:00Z,2022-12-17T00:00:00Z,2022.12.16 02:00,NEUTRAL,STABLE_MAPPED_ROW,,False,,205,4,29,2020-07-24T00:00:00Z,2020-07-25T00:00:00Z,NEUTRAL,2020-07-24T00:00:00Z,2020-07-23,0.231,HIGH,8/8,,false,,True,-875,-125,0,0,0
BWD,2026092504,-32,SYNTHETIC_PLACEBO_ONLY,False,PROVENANCE_ONLY_NOT_CAUSAL_TRUTH,1081,5,154,2022-12-17T00:00:00Z,2022-12-18T00:00:00Z,2022.12.17 02:00,NEUTRAL,STABLE_MAPPED_ROW,,False,,206,5,29,2020-07-25T00:00:00Z,2020-07-26T00:00:00Z,NEUTRAL,2020-07-25T00:00:00Z,2020-07-24,0.192,HIGH,8/8,,false,,True,-875,-125,0,0,0
BWD,2026092504,-32,SYNTHETIC_PLACEBO_ONLY,False,PROVENANCE_ONLY_NOT_CAUSAL_TRUTH,1082,6,154,2022-12-18T00:00:00Z,2022-12-19T00:00:00Z,2022.12.18 02:00,NEUTRAL,STABLE_MAPPED_ROW,,False,,214,6,30,2020-08-02T00:00:00Z,2020-08-03T00:00:00Z,NEUTRAL,2020-08-02T00:00:00Z,2020-08-01,-0.231,LOW,8/8,,false,,True,-868,-124,0,0,0
BWD,2026092504,-32,SYNTHETIC_PLACEBO_ONLY,False,PROVENANCE_ONLY_NOT_CAUSAL_TRUTH,1083,0,154,2022-12-19T00:00:00Z,2022-12-20T00:00:00Z,2022.12.19 02:00,NEUTRAL,STABLE_MAPPED_ROW,,False,,215,0,30,2020-08-03T00:00:00Z,2020-08-04T00:00:00Z,NEUTRAL,2020-08-03T00:00:00Z,2020-08-02,0.192,HIGH,8/8,,false,,True,-868,-124,0,0,0
BWD,2026092504,-32,SYNTHETIC_PLACEBO_ONLY,False,PROVENANCE_ONLY_NOT_CAUSAL_TRUTH,1084,1,154,2022-12-20T00:00:00Z,2022-12-21T00:00:00Z,2022.12.20 02:00,NEUTRAL,STABLE_MAPPED_ROW,,False,,216,1,30,2020-08-04T00:00:00Z,2020-08-05T00:00:00Z,NEUTRAL,2020-08-04T00:00:00Z,2020-08-03,0.231,HIGH,8/8,,false,,True,-868,-124,0,0,0
BWD,2026092504,-32,SYNTHETIC_PLACEBO_ONLY,False,PROVENANCE_ONLY_NOT_CAUSAL_TRUTH,1085,2,155,2022-12-21T00:00:00Z,2022-12-22T00:00:00Z,2022.12.21 02:00,NEUTRAL,STABLE_MAPPED_ROW,,False,,210,2,30,2020-07-29T00:00:00Z,2020-07-30T00:00:00Z,NEUTRAL,2020-07-29T00:00:00Z,2020-07-28,-0.231,LOW,8/8,,false,,True,-875,-125,0,0,0
BWD,2026092504,-32,SYNTHETIC_PLACEBO_ONLY,False,PROVENANCE_ONLY_NOT_CAUSAL_TRUTH,1086,3,155,2022-12-22T00:00:00Z,2022-12-23T00:00:00Z,2022.12.22 02:00,NEUTRAL,STABLE_MAPPED_ROW,,False,,211,3,30,2020-07-30T00:00:00Z,2020-07-31T00:00:00Z,NEUTRAL,2020-07-30T00:00:00Z,2020-07-29,-0.231,LOW,8/8,,false,,True,-875,-125,0,0,0
BWD,2026092504,-32,SYNTHETIC_PLACEBO_ONLY,False,PROVENANCE_ONLY_NOT_CAUSAL_TRUTH,1087,4,155,2022-12-23T00:00:00Z,2022-12-24T00:00:00Z,2022.12.23 02:00,NEUTRAL,STABLE_MAPPED_ROW,,False,,212,4,30,2020-07-31T00:00:00Z,2020-08-01T00:00:00Z,NEUTRAL,2020-07-31T00:00:00Z,2020-07-30,-0.231,LOW,8/8,,false,,True,-875,-125,0,0,0
BWD,2026092504,-32,SYNTHETIC_PLACEBO_ONLY,False,PROVENANCE_ONLY_NOT_CAUSAL_TRUTH,1088,5,155,2022-12-24T00:00:00Z,2022-12-25T00:00:00Z,2022.12.24 02:00,NEUTRAL,STABLE_MAPPED_ROW,,False,,213,5,30,2020-08-01T00:00:00Z,2020-08-02T00:00:00Z,NEUTRAL,2020-08-01T00:00:00Z,2020-07-31,-0.231,LOW,8/8,,false,,True,-875,-125,0,0,0
BWD,2026092504,-32,SYNTHETIC_PLACEBO_ONLY,False,PROVENANCE_ONLY_NOT_CAUSAL_TRUTH,1089,6,155,2022-12-25T00:00:00Z,2022-12-26T00:00:00Z,2022.12.25 02:00,NEUTRAL,STABLE_MAPPED_ROW,,False,,221,6,31,2020-08-09T00:00:00Z,2020-08-10T00:00:00Z,NEUTRAL,2020-08-09T00:00:00Z,2020-08-08,0.192,HIGH,8/8,,false,,True,-868,-124,0,0,0
BWD,2026092504,-32,SYNTHETIC_PLACEBO_ONLY,False,PROVENANCE_ONLY_NOT_CAUSAL_TRUTH,1090,0,155,2022-12-26T00:00:00Z,2022-12-27T00:00:00Z,2022.12.26 02:00,NEUTRAL,STABLE_MAPPED_ROW,,False,,222,0,31,2020-08-10T00:00:00Z,2020-08-11T00:00:00Z,NEUTRAL,2020-08-10T00:00:00Z,2020-08-09,0.192,HIGH,8/8,,false,,True,-868,-124,0,0,0
BWD,2026092504,-32,SYNTHETIC_PLACEBO_ONLY,False,PROVENANCE_ONLY_NOT_CAUSAL_TRUTH,1091,1,155,2022-12-27T00:00:00Z,2022-12-28T00:00:00Z,2022.12.27 02:00,NEUTRAL,STABLE_MAPPED_ROW,,False,,223,1,31,2020-08-11T00:00:00Z,2020-08-12T00:00:00Z,NEUTRAL,2020-08-11T00:00:00Z,2020-08-10,0.192,HIGH,8/8,,false,,True,-868,-124,0,0,0
BWD,2026092504,-32,SYNTHETIC_PLACEBO_ONLY,False,PROVENANCE_ONLY_NOT_CAUSAL_TRUTH,1092,2,156,2022-12-28T00:00:00Z,2022-12-29T00:00:00Z,2022.12.28 02:00,NEUTRAL,STABLE_MAPPED_ROW,,False,,217,2,31,2020-08-05T00:00:00Z,2020-08-06T00:00:00Z,NEUTRAL,2020-08-05T00:00:00Z,2020-08-04,0.192,HIGH,8/8,,false,,True,-875,-125,0,0,0
BWD,2026092504,-32,SYNTHETIC_PLACEBO_ONLY,False,PROVENANCE_ONLY_NOT_CAUSAL_TRUTH,1093,3,156,2022-12-29T00:00:00Z,2022-12-30T00:00:00Z,2022.12.29 02:00,NEUTRAL,STABLE_MAPPED_ROW,,False,,218,3,31,2020-08-06T00:00:00Z,2020-08-07T00:00:00Z,NEUTRAL,2020-08-06T00:00:00Z,2020-08-05,0.231,HIGH,8/8,,false,,True,-875,-125,0,0,0
BWD,2026092504,-32,SYNTHETIC_PLACEBO_ONLY,False,PROVENANCE_ONLY_NOT_CAUSAL_TRUTH,1094,4,156,2022-12-30T00:00:00Z,2022-12-31T00:00:00Z,2022.12.30 02:00,NEUTRAL,STABLE_MAPPED_ROW,,False,,219,4,31,2020-08-07T00:00:00Z,2020-08-08T00:00:00Z,NEUTRAL,2020-08-07T00:00:00Z,2020-08-06,0.231,HIGH,8/8,,false,,True,-875,-125,0,0,0
BWD,2026092504,-32,SYNTHETIC_PLACEBO_ONLY,False,PROVENANCE_ONLY_NOT_CAUSAL_TRUTH,1095,5,156,2022-12-31T00:00:00Z,2023-01-01T00:00:00Z,2022.12.31 02:00,NEUTRAL,STABLE_MAPPED_ROW,,False,,220,5,31,2020-08-08T00:00:00Z,2020-08-09T00:00:00Z,NEUTRAL,2020-08-08T00:00:00Z,2020-08-07,0.192,HIGH,8/8,,false,,True,-875,-125,0,0,0
