window,seed,shift_weeks,classification,causal_state_qualified,donor_availability_semantics,target_index,target_weekday,target_weekday_index,target_valid_from_utc,target_valid_to_utc,target_native_datetime,target_native_state,target_representation,target_transition_server_date,unknown_selected_until_resume,resume_native_datetime,donor_index,donor_weekday,donor_weekday_index,donor_valid_from_utc,donor_valid_to_utc,donor_macro_state,donor_macro_as_of_utc,donor_macro_source_date,donor_macro_ri,donor_macro_confidence,donor_macro_coverage,donor_macro_missing_inputs,donor_macro_partial,donor_macro_flags,wrapped_at_weekday_stratum_seam,displacement_days,displacement_weeks,weekday_mismatch,cross_window,holdout_contact
MAIN,2026092503,-8,SYNTHETIC_PLACEBO_ONLY,False,PROVENANCE_ONLY_NOT_CAUSAL_TRUTH,0,6,0,2023-01-01T00:00:00Z,2023-01-02T00:00:00Z,2023.01.01 02:00,RISK_OFF,STABLE_MAPPED_ROW,,False,,56,6,8,2023-02-26T00:00:00Z,2023-02-27T00:00:00Z,RISK_OFF,2023-02-26T00:00:00Z,2023-02-25,-0.615,HIGH,8/8,,false,,False,56,8,0,0,0
MAIN,2026092503,-8,SYNTHETIC_PLACEBO_ONLY,False,PROVENANCE_ONLY_NOT_CAUSAL_TRUTH,1,0,0,2023-01-02T00:00:00Z,2023-01-03T00:00:00Z,2023.01.02 02:00,RISK_OFF,STABLE_MAPPED_ROW,,False,,57,0,8,2023-02-27T00:00:00Z,2023-02-28T00:00:00Z,RISK_OFF,2023-02-27T00:00:00Z,2023-02-26,-0.615,HIGH,8/8,,false,,False,56,8,0,0,0
MAIN,2026092503,-8,SYNTHETIC_PLACEBO_ONLY,False,PROVENANCE_ONLY_NOT_CAUSAL_TRUTH,2,1,0,2023-01-03T00:00:00Z,2023-01-04T00:00:00Z,2023.01.03 02:00,RISK_OFF,STABLE_MAPPED_ROW,,False,,58,1,8,2023-02-28T00:00:00Z,2023-03-01T00:00:00Z,RISK_OFF,2023-02-28T00:00:00Z,2023-02-27,-0.308,MED,8/8,,false,,False,56,8,0,0,0
MAIN,2026092503,-8,SYNTHETIC_PLACEBO_ONLY,False,PROVENANCE_ONLY_NOT_CAUSAL_TRUTH,3,2,0,2023-01-04T00:00:00Z,2023-01-05T00:00:00Z,2023.01.04 02:00,RISK_OFF,STABLE_MAPPED_ROW,,False,,59,2,8,2023-03-01T00:00:00Z,2023-03-02T00:00:00Z,RISK_OFF,2023-03-01T00:00:00Z,2023-02-28,-0.615,HIGH,8/8,,false,,False,56,8,0,0,0
MAIN,2026092503,-8,SYNTHETIC_PLACEBO_ONLY,False,PROVENANCE_ONLY_NOT_CAUSAL_TRUTH,4,3,0,2023-01-05T00:00:00Z,2023-01-06T00:00:00Z,2023.01.05 02:00,RISK_OFF,STABLE_MAPPED_ROW,,False,,60,3,8,2023-03-02T00:00:00Z,2023-03-03T00:00:00Z,RISK_OFF,2023-03-02T00:00:00Z,2023-03-01,-0.269,MED,8/8,,false,,False,56,8,0,0,0
MAIN,2026092503,-8,SYNTHETIC_PLACEBO_ONLY,False,PROVENANCE_ONLY_NOT_CAUSAL_TRUTH,5,4,0,2023-01-06T00:00:00Z,2023-01-07T00:00:00Z,2023.01.06 02:00,NEUTRAL,STABLE_MAPPED_ROW,,False,,61,4,8,2023-03-03T00:00:00Z,2023-03-04T00:00:00Z,NEUTRAL,2023-03-03T00:00:00Z,2023-03-02,0,HIGH,8/8,,false,,False,56,8,0,0,0
MAIN,2026092503,-8,SYNTHETIC_PLACEBO_ONLY,False,PROVENANCE_ONLY_NOT_CAUSAL_TRUTH,6,5,0,2023-01-07T00:00:00Z,2023-01-08T00:00:00Z,2023.01.07 02:00,RISK_OFF,STABLE_MAPPED_ROW,,False,,62,5,8,2023-03-04T00:00:00Z,2023-03-05T00:00:00Z,RISK_OFF,2023-03-04T00:00:00Z,2023-03-03,-0.269,MED,8/8,,false,,False,56,8,0,0,0
MAIN,2026092503,-8,SYNTHETIC_PLACEBO_ONLY,False,PROVENANCE_ONLY_NOT_CAUSAL_TRUTH,7,6,1,2023-01-08T00:00:00Z,2023-01-09T00:00:00Z,2023.01.08 02:00,RISK_OFF,STABLE_MAPPED_ROW,,False,,63,6,9,2023-03-05T00:00:00Z,2023-03-06T00:00:00Z,RISK_OFF,2023-03-05T00:00:00Z,2023-03-04,-0.269,MED,8/8,,false,,False,56,8,0,0,0
MAIN,2026092503,-8,SYNTHETIC_PLACEBO_ONLY,False,PROVENANCE_ONLY_NOT_CAUSAL_TRUTH,8,0,1,2023-01-09T00:00:00Z,2023-01-10T00:00:00Z,2023.01.09 02:00,RISK_OFF,STABLE_MAPPED_ROW,,False,,64,0,9,2023-03-06T00:00:00Z,2023-03-07T00:00:00Z,RISK_OFF,2023-03-06T00:00:00Z,2023-03-05,-0.269,MED,8/8,,false,,False,56,8,0,0,0
MAIN,2026092503,-8,SYNTHETIC_PLACEBO_ONLY,False,PROVENANCE_ONLY_NOT_CAUSAL_TRUTH,9,1,1,2023-01-10T00:00:00Z,2023-01-11T00:00:00Z,2023.01.10 02:00,RISK_OFF,STABLE_MAPPED_ROW,,False,,65,1,9,2023-03-07T00:00:00Z,2023-03-08T00:00:00Z,RISK_OFF,2023-03-07T00:00:00Z,2023-03-06,-0.269,MED,8/8,,false,,False,56,8,0,0,0
MAIN,2026092503,-8,SYNTHETIC_PLACEBO_ONLY,False,PROVENANCE_ONLY_NOT_CAUSAL_TRUTH,10,2,1,2023-01-11T00:00:00Z,2023-01-12T00:00:00Z,2023.01.11 02:00,RISK_OFF,STABLE_MAPPED_ROW,,False,,66,2,9,2023-03-08T00:00:00Z,2023-03-09T00:00:00Z,RISK_OFF,2023-03-08T00:00:00Z,2023-03-07,-0.308,MED,8/8,,false,,False,56,8,0,0,0
MAIN,2026092503,-8,SYNTHETIC_PLACEBO_ONLY,False,PROVENANCE_ONLY_NOT_CAUSAL_TRUTH,11,3,1,2023-01-12T00:00:00Z,2023-01-13T00:00:00Z,2023.01.12 02:00,RISK_OFF,STABLE_MAPPED_ROW,,False,,67,3,9,2023-03-09T00:00:00Z,2023-03-10T00:00:00Z,RISK_OFF,2023-03-09T00:00:00Z,2023-03-08,-0.308,MED,8/8,,false,,False,56,8,0,0,0
MAIN,2026092503,-8,SYNTHETIC_PLACEBO_ONLY,False,PROVENANCE_ONLY_NOT_CAUSAL_TRUTH,12,4,1,2023-01-13T00:00:00Z,2023-01-14T00:00:00Z,2023.01.13 02:00,RISK_OFF,STABLE_MAPPED_ROW,,False,,68,4,9,2023-03-10T00:00:00Z,2023-03-11T00:00:00Z,RISK_OFF,2023-03-10T00:00:00Z,2023-03-09,-0.462,HIGH,8/8,,false,,False,56,8,0,0,0
MAIN,2026092503,-8,SYNTHETIC_PLACEBO_ONLY,False,PROVENANCE_ONLY_NOT_CAUSAL_TRUTH,13,5,1,2023-01-14T00:00:00Z,2023-01-15T00:00:00Z,2023.01.14 02:00,RISK_OFF,STABLE_MAPPED_ROW,,False,,69,5,9,2023-03-11T00:00:00Z,2023-03-12T00:00:00Z,RISK_OFF,2023-03-11T00:00:00Z,2023-03-10,-0.615,HIGH,8/8,,false,,False,56,8,0,0,0
MAIN,2026092503,-8,SYNTHETIC_PLACEBO_ONLY,False,PROVENANCE_ONLY_NOT_CAUSAL_TRUTH,14,6,2,2023-01-15T00:00:00Z,2023-01-16T00:00:00Z,2023.01.15 02:00,RISK_OFF,STABLE_MAPPED_ROW,,False,,70,6,10,2023-03-12T00:00:00Z,2023-03-13T00:00:00Z,RISK_OFF,2023-03-12T00:00:00Z,2023-03-11,-0.615,HIGH,8/8,,false,,False,56,8,0,0,0
MAIN,2026092503,-8,SYNTHETIC_PLACEBO_ONLY,False,PROVENANCE_ONLY_NOT_CAUSAL_TRUTH,15,0,2,2023-01-16T00:00:00Z,2023-01-17T00:00:00Z,2023.01.16 02:00,RISK_OFF,STABLE_MAPPED_ROW,,False,,71,0,10,2023-03-13T00:00:00Z,2023-03-14T00:00:00Z,RISK_OFF,2023-03-13T00:00:00Z,2023-03-12,-0.462,MED,8/8,,false,,False,56,8,0,0,0
MAIN,2026092503,-8,SYNTHETIC_PLACEBO_ONLY,False,PROVENANCE_ONLY_NOT_CAUSAL_TRUTH,16,1,2,2023-01-17T00:00:00Z,2023-01-18T00:00:00Z,2023.01.17 02:00,RISK_OFF,STABLE_MAPPED_ROW,,False,,72,1,10,2023-03-14T00:00:00Z,2023-03-15T00:00:00Z,RISK_OFF,2023-03-14T00:00:00Z,2023-03-13,-0.731,MED,8/8,,false,,False,56,8,0,0,0
MAIN,2026092503,-8,SYNTHETIC_PLACEBO_ONLY,False,PROVENANCE_ONLY_NOT_CAUSAL_TRUTH,17,2,2,2023-01-18T00:00:00Z,2023-01-19T00:00:00Z,2023.01.18 02:00,RISK_OFF,STABLE_MAPPED_ROW,,False,,73,2,10,2023-03-15T00:00:00Z,2023-03-16T00:00:00Z,RISK_OFF,2023-03-15T00:00:00Z,2023-03-14,-0.462,MED,8/8,,false,,False,56,8,0,0,0
MAIN,2026092503,-8,SYNTHETIC_PLACEBO_ONLY,False,PROVENANCE_ONLY_NOT_CAUSAL_TRUTH,18,3,2,2023-01-19T00:00:00Z,2023-01-20T00:00:00Z,2023.01.19 02:00,RISK_OFF,STABLE_MAPPED_ROW,,False,,74,3,10,2023-03-16T00:00:00Z,2023-03-17T00:00:00Z,RISK_OFF,2023-03-16T00:00:00Z,2023-03-15,-0.654,HIGH,8/8,,false,,False,56,8,0,0,0
MAIN,2026092503,-8,SYNTHETIC_PLACEBO_ONLY,False,PROVENANCE_ONLY_NOT_CAUSAL_TRUTH,19,4,2,2023-01-20T00:00:00Z,2023-01-21T00:00:00Z,2023.01.20 02:00,RISK_OFF,STABLE_MAPPED_ROW,,False,,75,4,10,2023-03-17T00:00:00Z,2023-03-18T00:00:00Z,RISK_OFF,2023-03-17T00:00:00Z,2023-03-16,-0.885,HIGH,8/8,,false,,False,56,8,0,0,0
MAIN,2026092503,-8,SYNTHETIC_PLACEBO_ONLY,False,PROVENANCE_ONLY_NOT_CAUSAL_TRUTH,20,5,2,2023-01-21T00:00:00Z,2023-01-22T00:00:00Z,2023.01.21 02:00,RISK_OFF,STABLE_MAPPED_ROW,,False,,76,5,10,2023-03-18T00:00:00Z,2023-03-19T00:00:00Z,RISK_OFF,2023-03-18T00:00:00Z,2023-03-17,-0.577,HIGH,8/8,,false,,False,56,8,0,0,0
MAIN,2026092503,-8,SYNTHETIC_PLACEBO_ONLY,False,PROVENANCE_ONLY_NOT_CAUSAL_TRUTH,21,6,3,2023-01-22T00:00:00Z,2023-01-23T00:00:00Z,2023.01.22 02:00,RISK_OFF,STABLE_MAPPED_ROW,,False,,77,6,11,2023-03-19T00:00:00Z,2023-03-20T00:00:00Z,RISK_OFF,2023-03-19T00:00:00Z,2023-03-18,-0.577,HIGH,8/8,,false,,False,56,8,0,0,0
MAIN,2026092503,-8,SYNTHETIC_PLACEBO_ONLY,False,PROVENANCE_ONLY_NOT_CAUSAL_TRUTH,22,0,3,2023-01-23T00:00:00Z,2023-01-24T00:00:00Z,2023.01.23 02:00,RISK_OFF,STABLE_MAPPED_ROW,,False,,78,0,11,2023-03-20T00:00:00Z,2023-03-21T00:00:00Z,RISK_OFF,2023-03-20T00:00:00Z,2023-03-19,-0.577,HIGH,8/8,,false,,False,56,8,0,0,0
MAIN,2026092503,-8,SYNTHETIC_PLACEBO_ONLY,False,PROVENANCE_ONLY_NOT_CAUSAL_TRUTH,23,1,3,2023-01-24T00:00:00Z,2023-01-25T00:00:00Z,2023.01.24 02:00,RISK_OFF,STABLE_MAPPED_ROW,,False,,79,1,11,2023-03-21T00:00:00Z,2023-03-22T00:00:00Z,RISK_OFF,2023-03-21T00:00:00Z,2023-03-20,-0.269,MED,8/8,,false,,False,56,8,0,0,0
MAIN,2026092503,-8,SYNTHETIC_PLACEBO_ONLY,False,PROVENANCE_ONLY_NOT_CAUSAL_TRUTH,24,2,3,2023-01-25T00:00:00Z,2023-01-26T00:00:00Z,2023.01.25 02:00,NEUTRAL,STABLE_MAPPED_ROW,,False,,80,2,11,2023-03-22T00:00:00Z,2023-03-23T00:00:00Z,NEUTRAL,2023-03-22T00:00:00Z,2023-03-21,-0.231,MED,8/8,,false,,False,56,8,0,0,0
MAIN,2026092503,-8,SYNTHETIC_PLACEBO_ONLY,False,PROVENANCE_ONLY_NOT_CAUSAL_TRUTH,25,3,3,2023-01-26T00:00:00Z,2023-01-27T00:00:00Z,2023.01.26 02:00,RISK_OFF,STABLE_MAPPED_ROW,,False,,81,3,11,2023-03-23T00:00:00Z,2023-03-24T00:00:00Z,RISK_OFF,2023-03-23T00:00:00Z,2023-03-22,-0.269,MED,8/8,,false,,False,56,8,0,0,0
MAIN,2026092503,-8,SYNTHETIC_PLACEBO_ONLY,False,PROVENANCE_ONLY_NOT_CAUSAL_TRUTH,26,4,3,2023-01-27T00:00:00Z,2023-01-28T00:00:00Z,2023.01.27 02:00,RISK_OFF,STABLE_MAPPED_ROW,,False,,82,4,11,2023-03-24T00:00:00Z,2023-03-25T00:00:00Z,RISK_OFF,2023-03-24T00:00:00Z,2023-03-23,-0.385,MED,8/8,,false,,False,56,8,0,0,0
MAIN,2026092503,-8,SYNTHETIC_PLACEBO_ONLY,False,PROVENANCE_ONLY_NOT_CAUSAL_TRUTH,27,5,3,2023-01-28T00:00:00Z,2023-01-29T00:00:00Z,2023.01.28 02:00,RISK_OFF,STABLE_MAPPED_ROW,,False,,83,5,11,2023-03-25T00:00:00Z,2023-03-26T00:00:00Z,RISK_OFF,2023-03-25T00:00:00Z,2023-03-24,-0.269,MED,8/8,,false,,False,56,8,0,0,0
MAIN,2026092503,-8,SYNTHETIC_PLACEBO_ONLY,False,PROVENANCE_ONLY_NOT_CAUSAL_TRUTH,28,6,4,2023-01-29T00:00:00Z,2023-01-30T00:00:00Z,2023.01.29 02:00,RISK_OFF,STABLE_MAPPED_ROW,,False,,84,6,12,2023-03-26T00:00:00Z,2023-03-27T00:00:00Z,RISK_OFF,2023-03-26T00:00:00Z,2023-03-25,-0.269,MED,8/8,,false,,False,56,8,0,0,0
MAIN,2026092503,-8,SYNTHETIC_PLACEBO_ONLY,False,PROVENANCE_ONLY_NOT_CAUSAL_TRUTH,29,0,4,2023-01-30T00:00:00Z,2023-01-31T00:00:00Z,2023.01.30 02:00,RISK_OFF,STABLE_MAPPED_ROW,,False,,85,0,12,2023-03-27T00:00:00Z,2023-03-28T00:00:00Z,RISK_OFF,2023-03-27T00:00:00Z,2023-03-26,-0.269,MED,8/8,,false,,False,56,8,0,0,0
MAIN,2026092503,-8,SYNTHETIC_PLACEBO_ONLY,False,PROVENANCE_ONLY_NOT_CAUSAL_TRUTH,30,1,4,2023-01-31T00:00:00Z,2023-02-01T00:00:00Z,2023.01.31 02:00,RISK_OFF,STABLE_MAPPED_ROW,,False,,86,1,12,2023-03-28T00:00:00Z,2023-03-29T00:00:00Z,RISK_OFF,2023-03-28T00:00:00Z,2023-03-27,-0.269,MED,8/8,,false,,False,56,8,0,0,0
MAIN,2026092503,-8,SYNTHETIC_PLACEBO_ONLY,False,PROVENANCE_ONLY_NOT_CAUSAL_TRUTH,31,2,4,2023-02-01T00:00:00Z,2023-02-02T00:00:00Z,2023.02.01 02:00,RISK_OFF,STABLE_MAPPED_ROW,,False,,87,2,12,2023-03-29T00:00:00Z,2023-03-30T00:00:00Z,RISK_OFF,2023-03-29T00:00:00Z,2023-03-28,-0.269,MED,8/8,,false,,False,56,8,0,0,0
MAIN,2026092503,-8,SYNTHETIC_PLACEBO_ONLY,False,PROVENANCE_ONLY_NOT_CAUSAL_TRUTH,32,3,4,2023-02-02T00:00:00Z,2023-02-03T00:00:00Z,2023.02.02 02:00,NEUTRAL,STABLE_MAPPED_ROW,,False,,88,3,12,2023-03-30T00:00:00Z,2023-03-31T00:00:00Z,NEUTRAL,2023-03-30T00:00:00Z,2023-03-29,-0.077,LOW,8/8,,false,,False,56,8,0,0,0
MAIN,2026092503,-8,SYNTHETIC_PLACEBO_ONLY,False,PROVENANCE_ONLY_NOT_CAUSAL_TRUTH,33,4,4,2023-02-03T00:00:00Z,2023-02-04T00:00:00Z,2023.02.03 02:00,NEUTRAL,STABLE_MAPPED_ROW,,False,,89,4,12,2023-03-31T00:00:00Z,2023-04-01T00:00:00Z,NEUTRAL,2023-03-31T00:00:00Z,2023-03-30,-0.115,LOW,8/8,,false,,False,56,8,0,0,0
MAIN,2026092503,-8,SYNTHETIC_PLACEBO_ONLY,False,PROVENANCE_ONLY_NOT_CAUSAL_TRUTH,34,5,4,2023-02-04T00:00:00Z,2023-02-05T00:00:00Z,2023.02.04 02:00,NEUTRAL,STABLE_MAPPED_ROW,,False,,90,5,12,2023-04-01T00:00:00Z,2023-04-02T00:00:00Z,NEUTRAL,2023-04-01T00:00:00Z,2023-03-31,-0.077,LOW,8/8,,false,,False,56,8,0,0,0
MAIN,2026092503,-8,SYNTHETIC_PLACEBO_ONLY,False,PROVENANCE_ONLY_NOT_CAUSAL_TRUTH,35,6,5,2023-02-05T00:00:00Z,2023-02-06T00:00:00Z,2023.02.05 02:00,NEUTRAL,STABLE_MAPPED_ROW,,False,,91,6,13,2023-04-02T00:00:00Z,2023-04-03T00:00:00Z,NEUTRAL,2023-04-02T00:00:00Z,2023-04-01,-0.077,LOW,8/8,,false,,False,56,8,0,0,0
MAIN,2026092503,-8,SYNTHETIC_PLACEBO_ONLY,False,PROVENANCE_ONLY_NOT_CAUSAL_TRUTH,36,0,5,2023-02-06T00:00:00Z,2023-02-07T00:00:00Z,2023.02.06 02:00,NEUTRAL,STABLE_MAPPED_ROW,,False,,92,0,13,2023-04-03T00:00:00Z,2023-04-04T00:00:00Z,NEUTRAL,2023-04-03T00:00:00Z,2023-04-02,-0.077,LOW,8/8,,false,,False,56,8,0,0,0
MAIN,2026092503,-8,SYNTHETIC_PLACEBO_ONLY,False,PROVENANCE_ONLY_NOT_CAUSAL_TRUTH,37,1,5,2023-02-07T00:00:00Z,2023-02-08T00:00:00Z,2023.02.07 02:00,NEUTRAL,STABLE_MAPPED_ROW,,False,,93,1,13,2023-04-04T00:00:00Z,2023-04-05T00:00:00Z,NEUTRAL,2023-04-04T00:00:00Z,2023-04-03,-0.154,LOW,8/8,,false,,False,56,8,0,0,0
MAIN,2026092503,-8,SYNTHETIC_PLACEBO_ONLY,False,PROVENANCE_ONLY_NOT_CAUSAL_TRUTH,38,2,5,2023-02-08T00:00:00Z,2023-02-09T00:00:00Z,2023.02.08 02:00,RISK_OFF,STABLE_MAPPED_ROW,,False,,94,2,13,2023-04-05T00:00:00Z,2023-04-06T00:00:00Z,RISK_OFF,2023-04-05T00:00:00Z,2023-04-04,-0.423,HIGH,8/8,,false,,False,56,8,0,0,0
MAIN,2026092503,-8,SYNTHETIC_PLACEBO_ONLY,False,PROVENANCE_ONLY_NOT_CAUSAL_TRUTH,39,3,5,2023-02-09T00:00:00Z,2023-02-10T00:00:00Z,2023.02.09 02:00,RISK_OFF,STABLE_MAPPED_ROW,,False,,95,3,13,2023-04-06T00:00:00Z,2023-04-07T00:00:00Z,RISK_OFF,2023-04-06T00:00:00Z,2023-04-05,-0.308,MED,8/8,,false,,False,56,8,0,0,0
MAIN,2026092503,-8,SYNTHETIC_PLACEBO_ONLY,False,PROVENANCE_ONLY_NOT_CAUSAL_TRUTH,40,4,5,2023-02-10T00:00:00Z,2023-02-11T00:00:00Z,2023.02.10 02:00,RISK_OFF,STABLE_MAPPED_ROW,,False,,96,4,13,2023-04-07T00:00:00Z,2023-04-08T00:00:00Z,RISK_OFF,2023-04-07T00:00:00Z,2023-04-06,-0.308,MED,8/8,,false,,False,56,8,0,0,0
MAIN,2026092503,-8,SYNTHETIC_PLACEBO_ONLY,False,PROVENANCE_ONLY_NOT_CAUSAL_TRUTH,41,5,5,2023-02-11T00:00:00Z,2023-02-12T00:00:00Z,2023.02.11 02:00,RISK_OFF,STABLE_MAPPED_ROW,,False,,97,5,13,2023-04-08T00:00:00Z,2023-04-09T00:00:00Z,RISK_OFF,2023-04-08T00:00:00Z,2023-04-07,-0.308,MED,8/8,,false,,False,56,8,0,0,0
MAIN,2026092503,-8,SYNTHETIC_PLACEBO_ONLY,False,PROVENANCE_ONLY_NOT_CAUSAL_TRUTH,42,6,6,2023-02-12T00:00:00Z,2023-02-13T00:00:00Z,2023.02.12 02:00,RISK_OFF,STABLE_MAPPED_ROW,,False,,98,6,14,2023-04-09T00:00:00Z,2023-04-10T00:00:00Z,RISK_OFF,2023-04-09T00:00:00Z,2023-04-08,-0.269,MED,8/8,,false,,False,56,8,0,0,0
MAIN,2026092503,-8,SYNTHETIC_PLACEBO_ONLY,False,PROVENANCE_ONLY_NOT_CAUSAL_TRUTH,43,0,6,2023-02-13T00:00:00Z,2023-02-14T00:00:00Z,2023.02.13 02:00,RISK_OFF,STABLE_MAPPED_ROW,,False,,99,0,14,2023-04-10T00:00:00Z,2023-04-11T00:00:00Z,RISK_OFF,2023-04-10T00:00:00Z,2023-04-09,-0.269,MED,8/8,,false,,False,56,8,0,0,0
MAIN,2026092503,-8,SYNTHETIC_PLACEBO_ONLY,False,PROVENANCE_ONLY_NOT_CAUSAL_TRUTH,44,1,6,2023-02-14T00:00:00Z,2023-02-15T00:00:00Z,2023.02.14 02:00,NEUTRAL,STABLE_MAPPED_ROW,,False,,100,1,14,2023-04-11T00:00:00Z,2023-04-12T00:00:00Z,NEUTRAL,2023-04-11T00:00:00Z,2023-04-10,-0.115,LOW,8/8,,false,,False,56,8,0,0,0
MAIN,2026092503,-8,SYNTHETIC_PLACEBO_ONLY,False,PROVENANCE_ONLY_NOT_CAUSAL_TRUTH,45,2,6,2023-02-15T00:00:00Z,2023-02-16T00:00:00Z,2023.02.15 02:00,NEUTRAL,STABLE_MAPPED_ROW,,False,,101,2,14,2023-04-12T00:00:00Z,2023-04-13T00:00:00Z,NEUTRAL,2023-04-12T00:00:00Z,2023-04-11,-0.115,LOW,8/8,,false,,False,56,8,0,0,0
MAIN,2026092503,-8,SYNTHETIC_PLACEBO_ONLY,False,PROVENANCE_ONLY_NOT_CAUSAL_TRUTH,46,3,6,2023-02-16T00:00:00Z,2023-02-17T00:00:00Z,2023.02.16 02:00,NEUTRAL,STABLE_MAPPED_ROW,,False,,102,3,14,2023-04-13T00:00:00Z,2023-04-14T00:00:00Z,NEUTRAL,2023-04-13T00:00:00Z,2023-04-12,-0.077,LOW,8/8,,false,,False,56,8,0,0,0
MAIN,2026092503,-8,SYNTHETIC_PLACEBO_ONLY,False,PROVENANCE_ONLY_NOT_CAUSAL_TRUTH,47,4,6,2023-02-17T00:00:00Z,2023-02-18T00:00:00Z,2023.02.17 02:00,NEUTRAL,STABLE_MAPPED_ROW,,False,,103,4,14,2023-04-14T00:00:00Z,2023-04-15T00:00:00Z,NEUTRAL,2023-04-14T00:00:00Z,2023-04-13,0,HIGH,8/8,,false,,False,56,8,0,0,0
MAIN,2026092503,-8,SYNTHETIC_PLACEBO_ONLY,False,PROVENANCE_ONLY_NOT_CAUSAL_TRUTH,48,5,6,2023-02-18T00:00:00Z,2023-02-19T00:00:00Z,2023.02.18 02:00,NEUTRAL,STABLE_MAPPED_ROW,,False,,104,5,14,2023-04-15T00:00:00Z,2023-04-16T00:00:00Z,NEUTRAL,2023-04-15T00:00:00Z,2023-04-14,0,HIGH,8/8,,false,,False,56,8,0,0,0
MAIN,2026092503,-8,SYNTHETIC_PLACEBO_ONLY,False,PROVENANCE_ONLY_NOT_CAUSAL_TRUTH,49,6,7,2023-02-19T00:00:00Z,2023-02-20T00:00:00Z,2023.02.19 02:00,NEUTRAL,STABLE_MAPPED_ROW,,False,,105,6,15,2023-04-16T00:00:00Z,2023-04-17T00:00:00Z,NEUTRAL,2023-04-16T00:00:00Z,2023-04-15,0,HIGH,8/8,,false,,False,56,8,0,0,0
MAIN,2026092503,-8,SYNTHETIC_PLACEBO_ONLY,False,PROVENANCE_ONLY_NOT_CAUSAL_TRUTH,50,0,7,2023-02-20T00:00:00Z,2023-02-21T00:00:00Z,2023.02.20 02:00,NEUTRAL,STABLE_MAPPED_ROW,,False,,106,0,15,2023-04-17T00:00:00Z,2023-04-18T00:00:00Z,NEUTRAL,2023-04-17T00:00:00Z,2023-04-16,0,HIGH,8/8,,false,,False,56,8,0,0,0
MAIN,2026092503,-8,SYNTHETIC_PLACEBO_ONLY,False,PROVENANCE_ONLY_NOT_CAUSAL_TRUTH,51,1,7,2023-02-21T00:00:00Z,2023-02-22T00:00:00Z,2023.02.21 02:00,NEUTRAL,STABLE_MAPPED_ROW,,False,,107,1,15,2023-04-18T00:00:00Z,2023-04-19T00:00:00Z,NEUTRAL,2023-04-18T00:00:00Z,2023-04-17,-0.038,LOW,8/8,,false,,False,56,8,0,0,0
MAIN,2026092503,-8,SYNTHETIC_PLACEBO_ONLY,False,PROVENANCE_ONLY_NOT_CAUSAL_TRUTH,52,2,7,2023-02-22T00:00:00Z,2023-02-23T00:00:00Z,2023.02.22 02:00,NEUTRAL,STABLE_MAPPED_ROW,,False,,108,2,15,2023-04-19T00:00:00Z,2023-04-20T00:00:00Z,NEUTRAL,2023-04-19T00:00:00Z,2023-04-18,-0.115,LOW,8/8,,false,,False,56,8,0,0,0
MAIN,2026092503,-8,SYNTHETIC_PLACEBO_ONLY,False,PROVENANCE_ONLY_NOT_CAUSAL_TRUTH,53,3,7,2023-02-23T00:00:00Z,2023-02-24T00:00:00Z,2023.02.23 02:00,NEUTRAL,STABLE_MAPPED_ROW,,False,,109,3,15,2023-04-20T00:00:00Z,2023-04-21T00:00:00Z,NEUTRAL,2023-04-20T00:00:00Z,2023-04-19,-0.231,MED,8/8,,false,,False,56,8,0,0,0
MAIN,2026092503,-8,SYNTHETIC_PLACEBO_ONLY,False,PROVENANCE_ONLY_NOT_CAUSAL_TRUTH,54,4,7,2023-02-24T00:00:00Z,2023-02-25T00:00:00Z,2023.02.24 02:00,RISK_OFF,STABLE_MAPPED_ROW,,False,,110,4,15,2023-04-21T00:00:00Z,2023-04-22T00:00:00Z,RISK_OFF,2023-04-21T00:00:00Z,2023-04-20,-0.308,MED,8/8,,false,,False,56,8,0,0,0
MAIN,2026092503,-8,SYNTHETIC_PLACEBO_ONLY,False,PROVENANCE_ONLY_NOT_CAUSAL_TRUTH,55,5,7,2023-02-25T00:00:00Z,2023-02-26T00:00:00Z,2023.02.25 02:00,RISK_OFF,STABLE_MAPPED_ROW,,False,,111,5,15,2023-04-22T00:00:00Z,2023-04-23T00:00:00Z,RISK_OFF,2023-04-22T00:00:00Z,2023-04-21,-0.462,HIGH,8/8,,false,,False,56,8,0,0,0
MAIN,2026092503,-8,SYNTHETIC_PLACEBO_ONLY,False,PROVENANCE_ONLY_NOT_CAUSAL_TRUTH,56,6,8,2023-02-26T00:00:00Z,2023-02-27T00:00:00Z,2023.02.26 02:00,RISK_OFF,STABLE_MAPPED_ROW,,False,,112,6,16,2023-04-23T00:00:00Z,2023-04-24T00:00:00Z,RISK_OFF,2023-04-23T00:00:00Z,2023-04-22,-0.462,HIGH,8/8,,false,,False,56,8,0,0,0
MAIN,2026092503,-8,SYNTHETIC_PLACEBO_ONLY,False,PROVENANCE_ONLY_NOT_CAUSAL_TRUTH,57,0,8,2023-02-27T00:00:00Z,2023-02-28T00:00:00Z,2023.02.27 02:00,RISK_OFF,STABLE_MAPPED_ROW,,False,,113,0,16,2023-04-24T00:00:00Z,2023-04-25T00:00:00Z,RISK_OFF,2023-04-24T00:00:00Z,2023-04-23,-0.462,HIGH,8/8,,false,,False,56,8,0,0,0
MAIN,2026092503,-8,SYNTHETIC_PLACEBO_ONLY,False,PROVENANCE_ONLY_NOT_CAUSAL_TRUTH,58,1,8,2023-02-28T00:00:00Z,2023-03-01T00:00:00Z,2023.02.28 02:00,RISK_OFF,STABLE_MAPPED_ROW,,False,,114,1,16,2023-04-25T00:00:00Z,2023-04-26T00:00:00Z,RISK_OFF,2023-04-25T00:00:00Z,2023-04-24,-0.308,MED,8/8,,false,,False,56,8,0,0,0
MAIN,2026092503,-8,SYNTHETIC_PLACEBO_ONLY,False,PROVENANCE_ONLY_NOT_CAUSAL_TRUTH,59,2,8,2023-03-01T00:00:00Z,2023-03-02T00:00:00Z,2023.03.01 02:00,RISK_OFF,STABLE_MAPPED_ROW,,False,,115,2,16,2023-04-26T00:00:00Z,2023-04-27T00:00:00Z,RISK_OFF,2023-04-26T00:00:00Z,2023-04-25,-0.423,HIGH,8/8,,false,,False,56,8,0,0,0
MAIN,2026092503,-8,SYNTHETIC_PLACEBO_ONLY,False,PROVENANCE_ONLY_NOT_CAUSAL_TRUTH,60,3,8,2023-03-02T00:00:00Z,2023-03-03T00:00:00Z,2023.03.02 02:00,RISK_OFF,STABLE_MAPPED_ROW,,False,,116,3,16,2023-04-27T00:00:00Z,2023-04-28T00:00:00Z,RISK_OFF,2023-04-27T00:00:00Z,2023-04-26,-0.423,HIGH,8/8,,false,,False,56,8,0,0,0
MAIN,2026092503,-8,SYNTHETIC_PLACEBO_ONLY,False,PROVENANCE_ONLY_NOT_CAUSAL_TRUTH,61,4,8,2023-03-03T00:00:00Z,2023-03-04T00:00:00Z,2023.03.03 02:00,RISK_OFF,STABLE_MAPPED_ROW,,False,,117,4,16,2023-04-28T00:00:00Z,2023-04-29T00:00:00Z,RISK_OFF,2023-04-28T00:00:00Z,2023-04-27,-0.269,MED,8/8,,false,,False,56,8,0,0,0
MAIN,2026092503,-8,SYNTHETIC_PLACEBO_ONLY,False,PROVENANCE_ONLY_NOT_CAUSAL_TRUTH,62,5,8,2023-03-04T00:00:00Z,2023-03-05T00:00:00Z,2023.03.04 02:00,NEUTRAL,STABLE_MAPPED_ROW,,False,,118,5,16,2023-04-29T00:00:00Z,2023-04-30T00:00:00Z,NEUTRAL,2023-04-29T00:00:00Z,2023-04-28,-0.115,LOW,8/8,,false,,False,56,8,0,0,0
MAIN,2026092503,-8,SYNTHETIC_PLACEBO_ONLY,False,PROVENANCE_ONLY_NOT_CAUSAL_TRUTH,63,6,9,2023-03-05T00:00:00Z,2023-03-06T00:00:00Z,2023.03.05 02:00,NEUTRAL,STABLE_MAPPED_ROW,,False,,119,6,17,2023-04-30T00:00:00Z,2023-05-01T00:00:00Z,NEUTRAL,2023-04-30T00:00:00Z,2023-04-29,-0.115,LOW,8/8,,false,,False,56,8,0,0,0
MAIN,2026092503,-8,SYNTHETIC_PLACEBO_ONLY,False,PROVENANCE_ONLY_NOT_CAUSAL_TRUTH,64,0,9,2023-03-06T00:00:00Z,2023-03-07T00:00:00Z,2023.03.06 02:00,NEUTRAL,STABLE_MAPPED_ROW,,False,,120,0,17,2023-05-01T00:00:00Z,2023-05-02T00:00:00Z,NEUTRAL,2023-05-01T00:00:00Z,2023-04-30,-0.115,LOW,8/8,,false,,False,56,8,0,0,0
MAIN,2026092503,-8,SYNTHETIC_PLACEBO_ONLY,False,PROVENANCE_ONLY_NOT_CAUSAL_TRUTH,65,1,9,2023-03-07T00:00:00Z,2023-03-08T00:00:00Z,2023.03.07 02:00,NEUTRAL,STABLE_MAPPED_ROW,,False,,121,1,17,2023-05-02T00:00:00Z,2023-05-03T00:00:00Z,NEUTRAL,2023-05-02T00:00:00Z,2023-05-01,-0.154,LOW,8/8,,false,,False,56,8,0,0,0
MAIN,2026092503,-8,SYNTHETIC_PLACEBO_ONLY,False,PROVENANCE_ONLY_NOT_CAUSAL_TRUTH,66,2,9,2023-03-08T00:00:00Z,2023-03-09T00:00:00Z,2023.03.08 02:00,NEUTRAL,STABLE_MAPPED_ROW,,False,,122,2,17,2023-05-03T00:00:00Z,2023-05-04T00:00:00Z,NEUTRAL,2023-05-03T00:00:00Z,2023-05-02,-0.115,LOW,8/8,,false,,False,56,8,0,0,0
MAIN,2026092503,-8,SYNTHETIC_PLACEBO_ONLY,False,PROVENANCE_ONLY_NOT_CAUSAL_TRUTH,67,3,9,2023-03-09T00:00:00Z,2023-03-10T00:00:00Z,2023.03.09 02:00,NEUTRAL,STABLE_MAPPED_ROW,,False,,123,3,17,2023-05-04T00:00:00Z,2023-05-05T00:00:00Z,NEUTRAL,2023-05-04T00:00:00Z,2023-05-03,-0.154,LOW,8/8,,false,,False,56,8,0,0,0
MAIN,2026092503,-8,SYNTHETIC_PLACEBO_ONLY,False,PROVENANCE_ONLY_NOT_CAUSAL_TRUTH,68,4,9,2023-03-10T00:00:00Z,2023-03-11T00:00:00Z,2023.03.10 02:00,RISK_OFF,STABLE_MAPPED_ROW,,False,,124,4,17,2023-05-05T00:00:00Z,2023-05-06T00:00:00Z,RISK_OFF,2023-05-05T00:00:00Z,2023-05-04,-0.538,MED,8/8,,false,,False,56,8,0,0,0
MAIN,2026092503,-8,SYNTHETIC_PLACEBO_ONLY,False,PROVENANCE_ONLY_NOT_CAUSAL_TRUTH,69,5,9,2023-03-11T00:00:00Z,2023-03-12T00:00:00Z,2023.03.11 02:00,NEUTRAL,STABLE_MAPPED_ROW,,False,,125,5,17,2023-05-06T00:00:00Z,2023-05-07T00:00:00Z,NEUTRAL,2023-05-06T00:00:00Z,2023-05-05,-0.077,LOW,8/8,,false,,False,56,8,0,0,0
MAIN,2026092503,-8,SYNTHETIC_PLACEBO_ONLY,False,PROVENANCE_ONLY_NOT_CAUSAL_TRUTH,70,6,10,2023-03-12T00:00:00Z,2023-03-13T00:00:00Z,2023.03.12 00:00,UNKNOWN,TRANSITION_UNKNOWN_BOUNDARY_MARKER,2023-03-12,True,2023.03.13 03:00,126,6,18,2023-05-07T00:00:00Z,2023-05-08T00:00:00Z,NEUTRAL,2023-05-07T00:00:00Z,2023-05-06,-0.077,LOW,8/8,,false,,False,56,8,0,0,0
MAIN,2026092503,-8,SYNTHETIC_PLACEBO_ONLY,False,PROVENANCE_ONLY_NOT_CAUSAL_TRUTH,71,0,10,2023-03-13T00:00:00Z,2023-03-14T00:00:00Z,2023.03.13 03:00,NEUTRAL,STABLE_MAPPED_ROW,,False,,127,0,18,2023-05-08T00:00:00Z,2023-05-09T00:00:00Z,NEUTRAL,2023-05-08T00:00:00Z,2023-05-07,-0.115,LOW,8/8,,false,,False,56,8,0,0,0
MAIN,2026092503,-8,SYNTHETIC_PLACEBO_ONLY,False,PROVENANCE_ONLY_NOT_CAUSAL_TRUTH,72,1,10,2023-03-14T00:00:00Z,2023-03-15T00:00:00Z,2023.03.14 03:00,RISK_OFF,STABLE_MAPPED_ROW,,False,,128,1,18,2023-05-09T00:00:00Z,2023-05-10T00:00:00Z,RISK_OFF,2023-05-09T00:00:00Z,2023-05-08,-0.269,MED,8/8,,false,,False,56,8,0,0,0
MAIN,2026092503,-8,SYNTHETIC_PLACEBO_ONLY,False,PROVENANCE_ONLY_NOT_CAUSAL_TRUTH,73,2,10,2023-03-15T00:00:00Z,2023-03-16T00:00:00Z,2023.03.15 03:00,RISK_OFF,STABLE_MAPPED_ROW,,False,,129,2,18,2023-05-10T00:00:00Z,2023-05-11T00:00:00Z,RISK_OFF,2023-05-10T00:00:00Z,2023-05-09,-0.269,MED,8/8,,false,,False,56,8,0,0,0
MAIN,2026092503,-8,SYNTHETIC_PLACEBO_ONLY,False,PROVENANCE_ONLY_NOT_CAUSAL_TRUTH,74,3,10,2023-03-16T00:00:00Z,2023-03-17T00:00:00Z,2023.03.16 03:00,RISK_OFF,STABLE_MAPPED_ROW,,False,,130,3,18,2023-05-11T00:00:00Z,2023-05-12T00:00:00Z,RISK_OFF,2023-05-11T00:00:00Z,2023-05-10,-0.308,MED,8/8,,false,,False,56,8,0,0,0
MAIN,2026092503,-8,SYNTHETIC_PLACEBO_ONLY,False,PROVENANCE_ONLY_NOT_CAUSAL_TRUTH,75,4,10,2023-03-17T00:00:00Z,2023-03-18T00:00:00Z,2023.03.17 03:00,RISK_OFF,STABLE_MAPPED_ROW,,False,,131,4,18,2023-05-12T00:00:00Z,2023-05-13T00:00:00Z,RISK_OFF,2023-05-12T00:00:00Z,2023-05-11,-0.5,HIGH,8/8,,false,,False,56,8,0,0,0
MAIN,2026092503,-8,SYNTHETIC_PLACEBO_ONLY,False,PROVENANCE_ONLY_NOT_CAUSAL_TRUTH,76,5,10,2023-03-18T00:00:00Z,2023-03-19T00:00:00Z,2023.03.18 03:00,RISK_OFF,STABLE_MAPPED_ROW,,False,,132,5,18,2023-05-13T00:00:00Z,2023-05-14T00:00:00Z,RISK_OFF,2023-05-13T00:00:00Z,2023-05-12,-0.5,HIGH,8/8,,false,,False,56,8,0,0,0
MAIN,2026092503,-8,SYNTHETIC_PLACEBO_ONLY,False,PROVENANCE_ONLY_NOT_CAUSAL_TRUTH,77,6,11,2023-03-19T00:00:00Z,2023-03-20T00:00:00Z,2023.03.19 03:00,RISK_OFF,STABLE_MAPPED_ROW,,False,,133,6,19,2023-05-14T00:00:00Z,2023-05-15T00:00:00Z,RISK_OFF,2023-05-14T00:00:00Z,2023-05-13,-0.5,HIGH,8/8,,false,,False,56,8,0,0,0
MAIN,2026092503,-8,SYNTHETIC_PLACEBO_ONLY,False,PROVENANCE_ONLY_NOT_CAUSAL_TRUTH,78,0,11,2023-03-20T00:00:00Z,2023-03-21T00:00:00Z,2023.03.20 03:00,RISK_OFF,STABLE_MAPPED_ROW,,False,,134,0,19,2023-05-15T00:00:00Z,2023-05-16T00:00:00Z,RISK_OFF,2023-05-15T00:00:00Z,2023-05-14,-0.346,MED,8/8,,false,,False,56,8,0,0,0
MAIN,2026092503,-8,SYNTHETIC_PLACEBO_ONLY,False,PROVENANCE_ONLY_NOT_CAUSAL_TRUTH,79,1,11,2023-03-21T00:00:00Z,2023-03-22T00:00:00Z,2023.03.21 03:00,RISK_OFF,STABLE_MAPPED_ROW,,False,,135,1,19,2023-05-16T00:00:00Z,2023-05-17T00:00:00Z,RISK_OFF,2023-05-16T00:00:00Z,2023-05-15,-0.346,MED,8/8,,false,,False,56,8,0,0,0
MAIN,2026092503,-8,SYNTHETIC_PLACEBO_ONLY,False,PROVENANCE_ONLY_NOT_CAUSAL_TRUTH,80,2,11,2023-03-22T00:00:00Z,2023-03-23T00:00:00Z,2023.03.22 03:00,RISK_OFF,STABLE_MAPPED_ROW,,False,,136,2,19,2023-05-17T00:00:00Z,2023-05-18T00:00:00Z,RISK_OFF,2023-05-17T00:00:00Z,2023-05-16,-0.308,MED,8/8,,false,,False,56,8,0,0,0
MAIN,2026092503,-8,SYNTHETIC_PLACEBO_ONLY,False,PROVENANCE_ONLY_NOT_CAUSAL_TRUTH,81,3,11,2023-03-23T00:00:00Z,2023-03-24T00:00:00Z,2023.03.23 03:00,NEUTRAL,STABLE_MAPPED_ROW,,False,,137,3,19,2023-05-18T00:00:00Z,2023-05-19T00:00:00Z,NEUTRAL,2023-05-18T00:00:00Z,2023-05-17,-0.231,MED,8/8,,false,,False,56,8,0,0,0
MAIN,2026092503,-8,SYNTHETIC_PLACEBO_ONLY,False,PROVENANCE_ONLY_NOT_CAUSAL_TRUTH,82,4,11,2023-03-24T00:00:00Z,2023-03-25T00:00:00Z,2023.03.24 03:00,NEUTRAL,STABLE_MAPPED_ROW,,False,,138,4,19,2023-05-19T00:00:00Z,2023-05-20T00:00:00Z,NEUTRAL,2023-05-19T00:00:00Z,2023-05-18,-0.154,MED,8/8,,false,,False,56,8,0,0,0
MAIN,2026092503,-8,SYNTHETIC_PLACEBO_ONLY,False,PROVENANCE_ONLY_NOT_CAUSAL_TRUTH,83,5,11,2023-03-25T00:00:00Z,2023-03-26T00:00:00Z,2023.03.25 03:00,NEUTRAL,STABLE_MAPPED_ROW,,False,,139,5,19,2023-05-20T00:00:00Z,2023-05-21T00:00:00Z,NEUTRAL,2023-05-20T00:00:00Z,2023-05-19,-0.192,MED,8/8,,false,,False,56,8,0,0,0
MAIN,2026092503,-8,SYNTHETIC_PLACEBO_ONLY,False,PROVENANCE_ONLY_NOT_CAUSAL_TRUTH,84,6,12,2023-03-26T00:00:00Z,2023-03-27T00:00:00Z,2023.03.26 03:00,NEUTRAL,STABLE_MAPPED_ROW,,False,,140,6,20,2023-05-21T00:00:00Z,2023-05-22T00:00:00Z,NEUTRAL,2023-05-21T00:00:00Z,2023-05-20,-0.192,MED,8/8,,false,,False,56,8,0,0,0
MAIN,2026092503,-8,SYNTHETIC_PLACEBO_ONLY,False,PROVENANCE_ONLY_NOT_CAUSAL_TRUTH,85,0,12,2023-03-27T00:00:00Z,2023-03-28T00:00:00Z,2023.03.27 03:00,NEUTRAL,STABLE_MAPPED_ROW,,False,,141,0,20,2023-05-22T00:00:00Z,2023-05-23T00:00:00Z,NEUTRAL,2023-05-22T00:00:00Z,2023-05-21,-0.192,MED,8/8,,false,,False,56,8,0,0,0
MAIN,2026092503,-8,SYNTHETIC_PLACEBO_ONLY,False,PROVENANCE_ONLY_NOT_CAUSAL_TRUTH,86,1,12,2023-03-28T00:00:00Z,2023-03-29T00:00:00Z,2023.03.28 03:00,NEUTRAL,STABLE_MAPPED_ROW,,False,,142,1,20,2023-05-23T00:00:00Z,2023-05-24T00:00:00Z,NEUTRAL,2023-05-23T00:00:00Z,2023-05-22,0.269,HIGH,8/8,,false,,False,56,8,0,0,0
MAIN,2026092503,-8,SYNTHETIC_PLACEBO_ONLY,False,PROVENANCE_ONLY_NOT_CAUSAL_TRUTH,87,2,12,2023-03-29T00:00:00Z,2023-03-30T00:00:00Z,2023.03.29 03:00,NEUTRAL,STABLE_MAPPED_ROW,,False,,143,2,20,2023-05-24T00:00:00Z,2023-05-25T00:00:00Z,NEUTRAL,2023-05-24T00:00:00Z,2023-05-23,-0.231,MED,8/8,,false,,False,56,8,0,0,0
MAIN,2026092503,-8,SYNTHETIC_PLACEBO_ONLY,False,PROVENANCE_ONLY_NOT_CAUSAL_TRUTH,88,3,12,2023-03-30T00:00:00Z,2023-03-31T00:00:00Z,2023.03.30 03:00,RISK_OFF,STABLE_MAPPED_ROW,,False,,144,3,20,2023-05-25T00:00:00Z,2023-05-26T00:00:00Z,RISK_OFF,2023-05-25T00:00:00Z,2023-05-24,-0.5,HIGH,8/8,,false,,False,56,8,0,0,0
MAIN,2026092503,-8,SYNTHETIC_PLACEBO_ONLY,False,PROVENANCE_ONLY_NOT_CAUSAL_TRUTH,89,4,12,2023-03-31T00:00:00Z,2023-04-01T00:00:00Z,2023.03.31 03:00,NEUTRAL,STABLE_MAPPED_ROW,,False,,145,4,20,2023-05-26T00:00:00Z,2023-05-27T00:00:00Z,NEUTRAL,2023-05-26T00:00:00Z,2023-05-25,-0.192,MED,8/8,,false,,False,56,8,0,0,0
MAIN,2026092503,-8,SYNTHETIC_PLACEBO_ONLY,False,PROVENANCE_ONLY_NOT_CAUSAL_TRUTH,90,5,12,2023-04-01T00:00:00Z,2023-04-02T00:00:00Z,2023.04.01 03:00,RISK_OFF,STABLE_MAPPED_ROW,,False,,146,5,20,2023-05-27T00:00:00Z,2023-05-28T00:00:00Z,RISK_OFF,2023-05-27T00:00:00Z,2023-05-26,-0.269,MED,8/8,,false,,False,56,8,0,0,0
MAIN,2026092503,-8,SYNTHETIC_PLACEBO_ONLY,False,PROVENANCE_ONLY_NOT_CAUSAL_TRUTH,91,6,13,2023-04-02T00:00:00Z,2023-04-03T00:00:00Z,2023.04.02 03:00,NEUTRAL,STABLE_MAPPED_ROW,,False,,147,6,21,2023-05-28T00:00:00Z,2023-05-29T00:00:00Z,NEUTRAL,2023-05-28T00:00:00Z,2023-05-27,-0.231,MED,8/8,,false,,False,56,8,0,0,0
MAIN,2026092503,-8,SYNTHETIC_PLACEBO_ONLY,False,PROVENANCE_ONLY_NOT_CAUSAL_TRUTH,92,0,13,2023-04-03T00:00:00Z,2023-04-04T00:00:00Z,2023.04.03 03:00,NEUTRAL,STABLE_MAPPED_ROW,,False,,148,0,21,2023-05-29T00:00:00Z,2023-05-30T00:00:00Z,NEUTRAL,2023-05-29T00:00:00Z,2023-05-28,0.231,MED,8/8,,false,,False,56,8,0,0,0
MAIN,2026092503,-8,SYNTHETIC_PLACEBO_ONLY,False,PROVENANCE_ONLY_NOT_CAUSAL_TRUTH,93,1,13,2023-04-04T00:00:00Z,2023-04-05T00:00:00Z,2023.04.04 03:00,NEUTRAL,STABLE_MAPPED_ROW,,False,,149,1,21,2023-05-30T00:00:00Z,2023-05-31T00:00:00Z,NEUTRAL,2023-05-30T00:00:00Z,2023-05-29,-0.231,MED,8/8,,false,,False,56,8,0,0,0
MAIN,2026092503,-8,SYNTHETIC_PLACEBO_ONLY,False,PROVENANCE_ONLY_NOT_CAUSAL_TRUTH,94,2,13,2023-04-05T00:00:00Z,2023-04-06T00:00:00Z,2023.04.05 03:00,NEUTRAL,STABLE_MAPPED_ROW,,False,,150,2,21,2023-05-31T00:00:00Z,2023-06-01T00:00:00Z,NEUTRAL,2023-05-31T00:00:00Z,2023-05-30,-0.231,MED,8/8,,false,,False,56,8,0,0,0
MAIN,2026092503,-8,SYNTHETIC_PLACEBO_ONLY,False,PROVENANCE_ONLY_NOT_CAUSAL_TRUTH,95,3,13,2023-04-06T00:00:00Z,2023-04-07T00:00:00Z,2023.04.06 03:00,NEUTRAL,STABLE_MAPPED_ROW,,False,,151,3,21,2023-06-01T00:00:00Z,2023-06-02T00:00:00Z,NEUTRAL,2023-06-01T00:00:00Z,2023-05-31,-0.231,MED,8/8,,false,,False,56,8,0,0,0
MAIN,2026092503,-8,SYNTHETIC_PLACEBO_ONLY,False,PROVENANCE_ONLY_NOT_CAUSAL_TRUTH,96,4,13,2023-04-07T00:00:00Z,2023-04-08T00:00:00Z,2023.04.07 03:00,RISK_OFF,STABLE_MAPPED_ROW,,False,,152,4,21,2023-06-02T00:00:00Z,2023-06-03T00:00:00Z,RISK_OFF,2023-06-02T00:00:00Z,2023-06-01,-0.269,MED,8/8,,false,,False,56,8,0,0,0
MAIN,2026092503,-8,SYNTHETIC_PLACEBO_ONLY,False,PROVENANCE_ONLY_NOT_CAUSAL_TRUTH,97,5,13,2023-04-08T00:00:00Z,2023-04-09T00:00:00Z,2023.04.08 03:00,NEUTRAL,STABLE_MAPPED_ROW,,False,,153,5,21,2023-06-03T00:00:00Z,2023-06-04T00:00:00Z,NEUTRAL,2023-06-03T00:00:00Z,2023-06-02,-0.115,MED,8/8,,false,,False,56,8,0,0,0
MAIN,2026092503,-8,SYNTHETIC_PLACEBO_ONLY,False,PROVENANCE_ONLY_NOT_CAUSAL_TRUTH,98,6,14,2023-04-09T00:00:00Z,2023-04-10T00:00:00Z,2023.04.09 03:00,NEUTRAL,STABLE_MAPPED_ROW,,False,,154,6,22,2023-06-04T00:00:00Z,2023-06-05T00:00:00Z,NEUTRAL,2023-06-04T00:00:00Z,2023-06-03,-0.115,MED,8/8,,false,,False,56,8,0,0,0
MAIN,2026092503,-8,SYNTHETIC_PLACEBO_ONLY,False,PROVENANCE_ONLY_NOT_CAUSAL_TRUTH,99,0,14,2023-04-10T00:00:00Z,2023-04-11T00:00:00Z,2023.04.10 03:00,NEUTRAL,STABLE_MAPPED_ROW,,False,,155,0,22,2023-06-05T00:00:00Z,2023-06-06T00:00:00Z,NEUTRAL,2023-06-05T00:00:00Z,2023-06-04,0.346,HIGH,8/8,,false,,False,56,8,0,0,0
MAIN,2026092503,-8,SYNTHETIC_PLACEBO_ONLY,False,PROVENANCE_ONLY_NOT_CAUSAL_TRUTH,100,1,14,2023-04-11T00:00:00Z,2023-04-12T00:00:00Z,2023.04.11 03:00,NEUTRAL,STABLE_MAPPED_ROW,,False,,156,1,22,2023-06-06T00:00:00Z,2023-06-07T00:00:00Z,NEUTRAL,2023-06-06T00:00:00Z,2023-06-05,0.192,MED,8/8,,false,,False,56,8,0,0,0
MAIN,2026092503,-8,SYNTHETIC_PLACEBO_ONLY,False,PROVENANCE_ONLY_NOT_CAUSAL_TRUTH,101,2,14,2023-04-12T00:00:00Z,2023-04-13T00:00:00Z,2023.04.12 03:00,NEUTRAL,STABLE_MAPPED_ROW,,False,,157,2,22,2023-06-07T00:00:00Z,2023-06-08T00:00:00Z,NEUTRAL,2023-06-07T00:00:00Z,2023-06-06,0.385,HIGH,8/8,,false,,False,56,8,0,0,0
MAIN,2026092503,-8,SYNTHETIC_PLACEBO_ONLY,False,PROVENANCE_ONLY_NOT_CAUSAL_TRUTH,102,3,14,2023-04-13T00:00:00Z,2023-04-14T00:00:00Z,2023.04.13 03:00,NEUTRAL,STABLE_MAPPED_ROW,,False,,158,3,22,2023-06-08T00:00:00Z,2023-06-09T00:00:00Z,NEUTRAL,2023-06-08T00:00:00Z,2023-06-07,0.192,MED,8/8,,false,,False,56,8,0,0,0
MAIN,2026092503,-8,SYNTHETIC_PLACEBO_ONLY,False,PROVENANCE_ONLY_NOT_CAUSAL_TRUTH,103,4,14,2023-04-14T00:00:00Z,2023-04-15T00:00:00Z,2023.04.14 03:00,NEUTRAL,STABLE_MAPPED_ROW,,False,,159,4,22,2023-06-09T00:00:00Z,2023-06-10T00:00:00Z,NEUTRAL,2023-06-09T00:00:00Z,2023-06-08,0.346,HIGH,8/8,,false,,False,56,8,0,0,0
MAIN,2026092503,-8,SYNTHETIC_PLACEBO_ONLY,False,PROVENANCE_ONLY_NOT_CAUSAL_TRUTH,104,5,14,2023-04-15T00:00:00Z,2023-04-16T00:00:00Z,2023.04.15 03:00,NEUTRAL,STABLE_MAPPED_ROW,,False,,160,5,22,2023-06-10T00:00:00Z,2023-06-11T00:00:00Z,NEUTRAL,2023-06-10T00:00:00Z,2023-06-09,0.346,HIGH,8/8,,false,,False,56,8,0,0,0
MAIN,2026092503,-8,SYNTHETIC_PLACEBO_ONLY,False,PROVENANCE_ONLY_NOT_CAUSAL_TRUTH,105,6,15,2023-04-16T00:00:00Z,2023-04-17T00:00:00Z,2023.04.16 03:00,NEUTRAL,STABLE_MAPPED_ROW,,False,,161,6,23,2023-06-11T00:00:00Z,2023-06-12T00:00:00Z,NEUTRAL,2023-06-11T00:00:00Z,2023-06-10,0.385,HIGH,8/8,,false,,False,56,8,0,0,0
MAIN,2026092503,-8,SYNTHETIC_PLACEBO_ONLY,False,PROVENANCE_ONLY_NOT_CAUSAL_TRUTH,106,0,15,2023-04-17T00:00:00Z,2023-04-18T00:00:00Z,2023.04.17 03:00,NEUTRAL,STABLE_MAPPED_ROW,,False,,162,0,23,2023-06-12T00:00:00Z,2023-06-13T00:00:00Z,NEUTRAL,2023-06-12T00:00:00Z,2023-06-11,0.192,MED,8/8,,false,,False,56,8,0,0,0
MAIN,2026092503,-8,SYNTHETIC_PLACEBO_ONLY,False,PROVENANCE_ONLY_NOT_CAUSAL_TRUTH,107,1,15,2023-04-18T00:00:00Z,2023-04-19T00:00:00Z,2023.04.18 03:00,NEUTRAL,STABLE_MAPPED_ROW,,False,,163,1,23,2023-06-13T00:00:00Z,2023-06-14T00:00:00Z,NEUTRAL,2023-06-13T00:00:00Z,2023-06-12,0.192,MED,8/8,,false,,False,56,8,0,0,0
MAIN,2026092503,-8,SYNTHETIC_PLACEBO_ONLY,False,PROVENANCE_ONLY_NOT_CAUSAL_TRUTH,108,2,15,2023-04-19T00:00:00Z,2023-04-20T00:00:00Z,2023.04.19 03:00,RISK_ON,STABLE_MAPPED_ROW,,False,,164,2,23,2023-06-14T00:00:00Z,2023-06-15T00:00:00Z,RISK_ON,2023-06-14T00:00:00Z,2023-06-13,0.5,HIGH,8/8,,false,,False,56,8,0,0,0
MAIN,2026092503,-8,SYNTHETIC_PLACEBO_ONLY,False,PROVENANCE_ONLY_NOT_CAUSAL_TRUTH,109,3,15,2023-04-20T00:00:00Z,2023-04-21T00:00:00Z,2023.04.20 03:00,NEUTRAL,STABLE_MAPPED_ROW,,False,,165,3,23,2023-06-15T00:00:00Z,2023-06-16T00:00:00Z,NEUTRAL,2023-06-15T00:00:00Z,2023-06-14,0.346,HIGH,8/8,,false,,False,56,8,0,0,0
MAIN,2026092503,-8,SYNTHETIC_PLACEBO_ONLY,False,PROVENANCE_ONLY_NOT_CAUSAL_TRUTH,110,4,15,2023-04-21T00:00:00Z,2023-04-22T00:00:00Z,2023.04.21 03:00,RISK_ON,STABLE_MAPPED_ROW,,False,,166,4,23,2023-06-16T00:00:00Z,2023-06-17T00:00:00Z,RISK_ON,2023-06-16T00:00:00Z,2023-06-15,0.5,HIGH,8/8,,false,,False,56,8,0,0,0
MAIN,2026092503,-8,SYNTHETIC_PLACEBO_ONLY,False,PROVENANCE_ONLY_NOT_CAUSAL_TRUTH,111,5,15,2023-04-22T00:00:00Z,2023-04-23T00:00:00Z,2023.04.22 03:00,RISK_ON,STABLE_MAPPED_ROW,,False,,167,5,23,2023-06-17T00:00:00Z,2023-06-18T00:00:00Z,RISK_ON,2023-06-17T00:00:00Z,2023-06-16,0.538,HIGH,8/8,,false,,False,56,8,0,0,0
MAIN,2026092503,-8,SYNTHETIC_PLACEBO_ONLY,False,PROVENANCE_ONLY_NOT_CAUSAL_TRUTH,112,6,16,2023-04-23T00:00:00Z,2023-04-24T00:00:00Z,2023.04.23 03:00,RISK_ON,STABLE_MAPPED_ROW,,False,,168,6,24,2023-06-18T00:00:00Z,2023-06-19T00:00:00Z,RISK_ON,2023-06-18T00:00:00Z,2023-06-17,0.538,HIGH,8/8,,false,,False,56,8,0,0,0
MAIN,2026092503,-8,SYNTHETIC_PLACEBO_ONLY,False,PROVENANCE_ONLY_NOT_CAUSAL_TRUTH,113,0,16,2023-04-24T00:00:00Z,2023-04-25T00:00:00Z,2023.04.24 03:00,RISK_ON,STABLE_MAPPED_ROW,,False,,169,0,24,2023-06-19T00:00:00Z,2023-06-20T00:00:00Z,RISK_ON,2023-06-19T00:00:00Z,2023-06-18,0.538,HIGH,8/8,,false,,False,56,8,0,0,0
MAIN,2026092503,-8,SYNTHETIC_PLACEBO_ONLY,False,PROVENANCE_ONLY_NOT_CAUSAL_TRUTH,114,1,16,2023-04-25T00:00:00Z,2023-04-26T00:00:00Z,2023.04.25 03:00,RISK_ON,STABLE_MAPPED_ROW,,False,,170,1,24,2023-06-20T00:00:00Z,2023-06-21T00:00:00Z,RISK_ON,2023-06-20T00:00:00Z,2023-06-19,0.538,HIGH,8/8,,false,,False,56,8,0,0,0
MAIN,2026092503,-8,SYNTHETIC_PLACEBO_ONLY,False,PROVENANCE_ONLY_NOT_CAUSAL_TRUTH,115,2,16,2023-04-26T00:00:00Z,2023-04-27T00:00:00Z,2023.04.26 03:00,RISK_ON,STABLE_MAPPED_ROW,,False,,171,2,24,2023-06-21T00:00:00Z,2023-06-22T00:00:00Z,RISK_ON,2023-06-21T00:00:00Z,2023-06-20,0.538,HIGH,8/8,,false,,False,56,8,0,0,0
MAIN,2026092503,-8,SYNTHETIC_PLACEBO_ONLY,False,PROVENANCE_ONLY_NOT_CAUSAL_TRUTH,116,3,16,2023-04-27T00:00:00Z,2023-04-28T00:00:00Z,2023.04.27 03:00,RISK_ON,STABLE_MAPPED_ROW,,False,,172,3,24,2023-06-22T00:00:00Z,2023-06-23T00:00:00Z,RISK_ON,2023-06-22T00:00:00Z,2023-06-21,0.538,HIGH,8/8,,false,,False,56,8,0,0,0
MAIN,2026092503,-8,SYNTHETIC_PLACEBO_ONLY,False,PROVENANCE_ONLY_NOT_CAUSAL_TRUTH,117,4,16,2023-04-28T00:00:00Z,2023-04-29T00:00:00Z,2023.04.28 03:00,RISK_ON,STABLE_MAPPED_ROW,,False,,173,4,24,2023-06-23T00:00:00Z,2023-06-24T00:00:00Z,RISK_ON,2023-06-23T00:00:00Z,2023-06-22,0.538,HIGH,8/8,,false,,False,56,8,0,0,0
MAIN,2026092503,-8,SYNTHETIC_PLACEBO_ONLY,False,PROVENANCE_ONLY_NOT_CAUSAL_TRUTH,118,5,16,2023-04-29T00:00:00Z,2023-04-30T00:00:00Z,2023.04.29 03:00,NEUTRAL,STABLE_MAPPED_ROW,,False,,174,5,24,2023-06-24T00:00:00Z,2023-06-25T00:00:00Z,NEUTRAL,2023-06-24T00:00:00Z,2023-06-23,0.385,HIGH,8/8,,false,,False,56,8,0,0,0
MAIN,2026092503,-8,SYNTHETIC_PLACEBO_ONLY,False,PROVENANCE_ONLY_NOT_CAUSAL_TRUTH,119,6,17,2023-04-30T00:00:00Z,2023-05-01T00:00:00Z,2023.04.30 03:00,NEUTRAL,STABLE_MAPPED_ROW,,False,,175,6,25,2023-06-25T00:00:00Z,2023-06-26T00:00:00Z,NEUTRAL,2023-06-25T00:00:00Z,2023-06-24,0.385,HIGH,8/8,,false,,False,56,8,0,0,0
MAIN,2026092503,-8,SYNTHETIC_PLACEBO_ONLY,False,PROVENANCE_ONLY_NOT_CAUSAL_TRUTH,120,0,17,2023-05-01T00:00:00Z,2023-05-02T00:00:00Z,2023.05.01 03:00,NEUTRAL,STABLE_MAPPED_ROW,,False,,176,0,25,2023-06-26T00:00:00Z,2023-06-27T00:00:00Z,NEUTRAL,2023-06-26T00:00:00Z,2023-06-25,0.269,HIGH,8/8,,false,,False,56,8,0,0,0
MAIN,2026092503,-8,SYNTHETIC_PLACEBO_ONLY,False,PROVENANCE_ONLY_NOT_CAUSAL_TRUTH,121,1,17,2023-05-02T00:00:00Z,2023-05-03T00:00:00Z,2023.05.02 03:00,NEUTRAL,STABLE_MAPPED_ROW,,False,,177,1,25,2023-06-27T00:00:00Z,2023-06-28T00:00:00Z,NEUTRAL,2023-06-27T00:00:00Z,2023-06-26,0.269,HIGH,8/8,,false,,False,56,8,0,0,0
MAIN,2026092503,-8,SYNTHETIC_PLACEBO_ONLY,False,PROVENANCE_ONLY_NOT_CAUSAL_TRUTH,122,2,17,2023-05-03T00:00:00Z,2023-05-04T00:00:00Z,2023.05.03 03:00,NEUTRAL,STABLE_MAPPED_ROW,,False,,178,2,25,2023-06-28T00:00:00Z,2023-06-29T00:00:00Z,NEUTRAL,2023-06-28T00:00:00Z,2023-06-27,0.385,HIGH,8/8,,false,,False,56,8,0,0,0
MAIN,2026092503,-8,SYNTHETIC_PLACEBO_ONLY,False,PROVENANCE_ONLY_NOT_CAUSAL_TRUTH,123,3,17,2023-05-04T00:00:00Z,2023-05-05T00:00:00Z,2023.05.04 03:00,NEUTRAL,STABLE_MAPPED_ROW,,False,,179,3,25,2023-06-29T00:00:00Z,2023-06-30T00:00:00Z,NEUTRAL,2023-06-29T00:00:00Z,2023-06-28,0.154,HIGH,8/8,,false,,False,56,8,0,0,0
MAIN,2026092503,-8,SYNTHETIC_PLACEBO_ONLY,False,PROVENANCE_ONLY_NOT_CAUSAL_TRUTH,124,4,17,2023-05-05T00:00:00Z,2023-05-06T00:00:00Z,2023.05.05 03:00,NEUTRAL,STABLE_MAPPED_ROW,,False,,180,4,25,2023-06-30T00:00:00Z,2023-07-01T00:00:00Z,NEUTRAL,2023-06-30T00:00:00Z,2023-06-29,0.154,HIGH,8/8,,false,,False,56,8,0,0,0
MAIN,2026092503,-8,SYNTHETIC_PLACEBO_ONLY,False,PROVENANCE_ONLY_NOT_CAUSAL_TRUTH,125,5,17,2023-05-06T00:00:00Z,2023-05-07T00:00:00Z,2023.05.06 03:00,NEUTRAL,STABLE_MAPPED_ROW,,False,,181,5,25,2023-07-01T00:00:00Z,2023-07-02T00:00:00Z,NEUTRAL,2023-07-01T00:00:00Z,2023-06-30,0.231,HIGH,8/8,,false,,False,56,8,0,0,0
MAIN,2026092503,-8,SYNTHETIC_PLACEBO_ONLY,False,PROVENANCE_ONLY_NOT_CAUSAL_TRUTH,126,6,18,2023-05-07T00:00:00Z,2023-05-08T00:00:00Z,2023.05.07 03:00,NEUTRAL,STABLE_MAPPED_ROW,,False,,182,6,26,2023-07-02T00:00:00Z,2023-07-03T00:00:00Z,NEUTRAL,2023-07-02T00:00:00Z,2023-07-01,0.269,HIGH,8/8,,false,,False,56,8,0,0,0
MAIN,2026092503,-8,SYNTHETIC_PLACEBO_ONLY,False,PROVENANCE_ONLY_NOT_CAUSAL_TRUTH,127,0,18,2023-05-08T00:00:00Z,2023-05-09T00:00:00Z,2023.05.08 03:00,NEUTRAL,STABLE_MAPPED_ROW,,False,,183,0,26,2023-07-03T00:00:00Z,2023-07-04T00:00:00Z,NEUTRAL,2023-07-03T00:00:00Z,2023-07-02,0.346,HIGH,8/8,,false,,False,56,8,0,0,0
MAIN,2026092503,-8,SYNTHETIC_PLACEBO_ONLY,False,PROVENANCE_ONLY_NOT_CAUSAL_TRUTH,128,1,18,2023-05-09T00:00:00Z,2023-05-10T00:00:00Z,2023.05.09 03:00,NEUTRAL,STABLE_MAPPED_ROW,,False,,184,1,26,2023-07-04T00:00:00Z,2023-07-05T00:00:00Z,NEUTRAL,2023-07-04T00:00:00Z,2023-07-03,0.385,HIGH,8/8,,false,,False,56,8,0,0,0
MAIN,2026092503,-8,SYNTHETIC_PLACEBO_ONLY,False,PROVENANCE_ONLY_NOT_CAUSAL_TRUTH,129,2,18,2023-05-10T00:00:00Z,2023-05-11T00:00:00Z,2023.05.10 03:00,NEUTRAL,STABLE_MAPPED_ROW,,False,,185,2,26,2023-07-05T00:00:00Z,2023-07-06T00:00:00Z,NEUTRAL,2023-07-05T00:00:00Z,2023-07-04,0.385,HIGH,8/8,,false,,False,56,8,0,0,0
MAIN,2026092503,-8,SYNTHETIC_PLACEBO_ONLY,False,PROVENANCE_ONLY_NOT_CAUSAL_TRUTH,130,3,18,2023-05-11T00:00:00Z,2023-05-12T00:00:00Z,2023.05.11 03:00,NEUTRAL,STABLE_MAPPED_ROW,,False,,186,3,26,2023-07-06T00:00:00Z,2023-07-07T00:00:00Z,NEUTRAL,2023-07-06T00:00:00Z,2023-07-05,0.462,HIGH,8/8,,false,,False,56,8,0,0,0
MAIN,2026092503,-8,SYNTHETIC_PLACEBO_ONLY,False,PROVENANCE_ONLY_NOT_CAUSAL_TRUTH,131,4,18,2023-05-12T00:00:00Z,2023-05-13T00:00:00Z,2023.05.12 03:00,NEUTRAL,STABLE_MAPPED_ROW,,False,,187,4,26,2023-07-07T00:00:00Z,2023-07-08T00:00:00Z,NEUTRAL,2023-07-07T00:00:00Z,2023-07-06,0.154,HIGH,8/8,,false,,False,56,8,0,0,0
MAIN,2026092503,-8,SYNTHETIC_PLACEBO_ONLY,False,PROVENANCE_ONLY_NOT_CAUSAL_TRUTH,132,5,18,2023-05-13T00:00:00Z,2023-05-14T00:00:00Z,2023.05.13 03:00,NEUTRAL,STABLE_MAPPED_ROW,,False,,188,5,26,2023-07-08T00:00:00Z,2023-07-09T00:00:00Z,NEUTRAL,2023-07-08T00:00:00Z,2023-07-07,0.308,HIGH,8/8,,false,,False,56,8,0,0,0
MAIN,2026092503,-8,SYNTHETIC_PLACEBO_ONLY,False,PROVENANCE_ONLY_NOT_CAUSAL_TRUTH,133,6,19,2023-05-14T00:00:00Z,2023-05-15T00:00:00Z,2023.05.14 03:00,NEUTRAL,STABLE_MAPPED_ROW,,False,,189,6,27,2023-07-09T00:00:00Z,2023-07-10T00:00:00Z,NEUTRAL,2023-07-09T00:00:00Z,2023-07-08,0.308,HIGH,8/8,,false,,False,56,8,0,0,0
MAIN,2026092503,-8,SYNTHETIC_PLACEBO_ONLY,False,PROVENANCE_ONLY_NOT_CAUSAL_TRUTH,134,0,19,2023-05-15T00:00:00Z,2023-05-16T00:00:00Z,2023.05.15 03:00,NEUTRAL,STABLE_MAPPED_ROW,,False,,190,0,27,2023-07-10T00:00:00Z,2023-07-11T00:00:00Z,NEUTRAL,2023-07-10T00:00:00Z,2023-07-09,0.308,HIGH,8/8,,false,,False,56,8,0,0,0
MAIN,2026092503,-8,SYNTHETIC_PLACEBO_ONLY,False,PROVENANCE_ONLY_NOT_CAUSAL_TRUTH,135,1,19,2023-05-16T00:00:00Z,2023-05-17T00:00:00Z,2023.05.16 03:00,NEUTRAL,STABLE_MAPPED_ROW,,False,,191,1,27,2023-07-11T00:00:00Z,2023-07-12T00:00:00Z,NEUTRAL,2023-07-11T00:00:00Z,2023-07-10,-0.154,LOW,8/8,,false,,False,56,8,0,0,0
MAIN,2026092503,-8,SYNTHETIC_PLACEBO_ONLY,False,PROVENANCE_ONLY_NOT_CAUSAL_TRUTH,136,2,19,2023-05-17T00:00:00Z,2023-05-18T00:00:00Z,2023.05.17 03:00,NEUTRAL,STABLE_MAPPED_ROW,,False,,192,2,27,2023-07-12T00:00:00Z,2023-07-13T00:00:00Z,NEUTRAL,2023-07-12T00:00:00Z,2023-07-11,-0.038,LOW,8/8,,false,,False,56,8,0,0,0
MAIN,2026092503,-8,SYNTHETIC_PLACEBO_ONLY,False,PROVENANCE_ONLY_NOT_CAUSAL_TRUTH,137,3,19,2023-05-18T00:00:00Z,2023-05-19T00:00:00Z,2023.05.18 03:00,NEUTRAL,STABLE_MAPPED_ROW,,False,,193,3,27,2023-07-13T00:00:00Z,2023-07-14T00:00:00Z,NEUTRAL,2023-07-13T00:00:00Z,2023-07-12,0.115,HIGH,8/8,,false,,False,56,8,0,0,0
MAIN,2026092503,-8,SYNTHETIC_PLACEBO_ONLY,False,PROVENANCE_ONLY_NOT_CAUSAL_TRUTH,138,4,19,2023-05-19T00:00:00Z,2023-05-20T00:00:00Z,2023.05.19 03:00,NEUTRAL,STABLE_MAPPED_ROW,,False,,194,4,27,2023-07-14T00:00:00Z,2023-07-15T00:00:00Z,NEUTRAL,2023-07-14T00:00:00Z,2023-07-13,-0.038,LOW,8/8,,false,,False,56,8,0,0,0
MAIN,2026092503,-8,SYNTHETIC_PLACEBO_ONLY,False,PROVENANCE_ONLY_NOT_CAUSAL_TRUTH,139,5,19,2023-05-20T00:00:00Z,2023-05-21T00:00:00Z,2023.05.20 03:00,NEUTRAL,STABLE_MAPPED_ROW,,False,,195,5,27,2023-07-15T00:00:00Z,2023-07-16T00:00:00Z,NEUTRAL,2023-07-15T00:00:00Z,2023-07-14,-0.038,LOW,8/8,,false,,False,56,8,0,0,0
MAIN,2026092503,-8,SYNTHETIC_PLACEBO_ONLY,False,PROVENANCE_ONLY_NOT_CAUSAL_TRUTH,140,6,20,2023-05-21T00:00:00Z,2023-05-22T00:00:00Z,2023.05.21 03:00,NEUTRAL,STABLE_MAPPED_ROW,,False,,196,6,28,2023-07-16T00:00:00Z,2023-07-17T00:00:00Z,NEUTRAL,2023-07-16T00:00:00Z,2023-07-15,-0.077,LOW,8/8,,false,,False,56,8,0,0,0
MAIN,2026092503,-8,SYNTHETIC_PLACEBO_ONLY,False,PROVENANCE_ONLY_NOT_CAUSAL_TRUTH,141,0,20,2023-05-22T00:00:00Z,2023-05-23T00:00:00Z,2023.05.22 03:00,NEUTRAL,STABLE_MAPPED_ROW,,False,,197,0,28,2023-07-17T00:00:00Z,2023-07-18T00:00:00Z,NEUTRAL,2023-07-17T00:00:00Z,2023-07-16,-0.077,LOW,8/8,,false,,False,56,8,0,0,0
MAIN,2026092503,-8,SYNTHETIC_PLACEBO_ONLY,False,PROVENANCE_ONLY_NOT_CAUSAL_TRUTH,142,1,20,2023-05-23T00:00:00Z,2023-05-24T00:00:00Z,2023.05.23 03:00,NEUTRAL,STABLE_MAPPED_ROW,,False,,198,1,28,2023-07-18T00:00:00Z,2023-07-19T00:00:00Z,NEUTRAL,2023-07-18T00:00:00Z,2023-07-17,0.192,MED,8/8,,false,,False,56,8,0,0,0
MAIN,2026092503,-8,SYNTHETIC_PLACEBO_ONLY,False,PROVENANCE_ONLY_NOT_CAUSAL_TRUTH,143,2,20,2023-05-24T00:00:00Z,2023-05-25T00:00:00Z,2023.05.24 03:00,NEUTRAL,STABLE_MAPPED_ROW,,False,,199,2,28,2023-07-19T00:00:00Z,2023-07-20T00:00:00Z,NEUTRAL,2023-07-19T00:00:00Z,2023-07-18,0.038,LOW,8/8,,false,,False,56,8,0,0,0
MAIN,2026092503,-8,SYNTHETIC_PLACEBO_ONLY,False,PROVENANCE_ONLY_NOT_CAUSAL_TRUTH,144,3,20,2023-05-25T00:00:00Z,2023-05-26T00:00:00Z,2023.05.25 03:00,NEUTRAL,STABLE_MAPPED_ROW,,False,,200,3,28,2023-07-20T00:00:00Z,2023-07-21T00:00:00Z,NEUTRAL,2023-07-20T00:00:00Z,2023-07-19,0.346,HIGH,8/8,,false,,False,56,8,0,0,0
MAIN,2026092503,-8,SYNTHETIC_PLACEBO_ONLY,False,PROVENANCE_ONLY_NOT_CAUSAL_TRUTH,145,4,20,2023-05-26T00:00:00Z,2023-05-27T00:00:00Z,2023.05.26 03:00,NEUTRAL,STABLE_MAPPED_ROW,,False,,201,4,28,2023-07-21T00:00:00Z,2023-07-22T00:00:00Z,NEUTRAL,2023-07-21T00:00:00Z,2023-07-20,0.231,HIGH,8/8,,false,,False,56,8,0,0,0
MAIN,2026092503,-8,SYNTHETIC_PLACEBO_ONLY,False,PROVENANCE_ONLY_NOT_CAUSAL_TRUTH,146,5,20,2023-05-27T00:00:00Z,2023-05-28T00:00:00Z,2023.05.27 03:00,NEUTRAL,STABLE_MAPPED_ROW,,False,,202,5,28,2023-07-22T00:00:00Z,2023-07-23T00:00:00Z,NEUTRAL,2023-07-22T00:00:00Z,2023-07-21,0.154,HIGH,8/8,,false,,False,56,8,0,0,0
MAIN,2026092503,-8,SYNTHETIC_PLACEBO_ONLY,False,PROVENANCE_ONLY_NOT_CAUSAL_TRUTH,147,6,21,2023-05-28T00:00:00Z,2023-05-29T00:00:00Z,2023.05.28 03:00,NEUTRAL,STABLE_MAPPED_ROW,,False,,203,6,29,2023-07-23T00:00:00Z,2023-07-24T00:00:00Z,NEUTRAL,2023-07-23T00:00:00Z,2023-07-22,0.154,HIGH,8/8,,false,,False,56,8,0,0,0
MAIN,2026092503,-8,SYNTHETIC_PLACEBO_ONLY,False,PROVENANCE_ONLY_NOT_CAUSAL_TRUTH,148,0,21,2023-05-29T00:00:00Z,2023-05-30T00:00:00Z,2023.05.29 03:00,NEUTRAL,STABLE_MAPPED_ROW,,False,,204,0,29,2023-07-24T00:00:00Z,2023-07-25T00:00:00Z,NEUTRAL,2023-07-24T00:00:00Z,2023-07-23,0.308,HIGH,8/8,,false,,False,56,8,0,0,0
MAIN,2026092503,-8,SYNTHETIC_PLACEBO_ONLY,False,PROVENANCE_ONLY_NOT_CAUSAL_TRUTH,149,1,21,2023-05-30T00:00:00Z,2023-05-31T00:00:00Z,2023.05.30 03:00,NEUTRAL,STABLE_MAPPED_ROW,,False,,205,1,29,2023-07-25T00:00:00Z,2023-07-26T00:00:00Z,NEUTRAL,2023-07-25T00:00:00Z,2023-07-24,0.269,MED,8/8,,false,,False,56,8,0,0,0
MAIN,2026092503,-8,SYNTHETIC_PLACEBO_ONLY,False,PROVENANCE_ONLY_NOT_CAUSAL_TRUTH,150,2,21,2023-05-31T00:00:00Z,2023-06-01T00:00:00Z,2023.05.31 03:00,RISK_ON,STABLE_MAPPED_ROW,,False,,206,2,29,2023-07-26T00:00:00Z,2023-07-27T00:00:00Z,RISK_ON,2023-07-26T00:00:00Z,2023-07-25,0.5,HIGH,8/8,,false,,False,56,8,0,0,0
MAIN,2026092503,-8,SYNTHETIC_PLACEBO_ONLY,False,PROVENANCE_ONLY_NOT_CAUSAL_TRUTH,151,3,21,2023-06-01T00:00:00Z,2023-06-02T00:00:00Z,2023.06.01 03:00,RISK_ON,STABLE_MAPPED_ROW,,False,,207,3,29,2023-07-27T00:00:00Z,2023-07-28T00:00:00Z,RISK_ON,2023-07-27T00:00:00Z,2023-07-26,0.5,HIGH,8/8,,false,,False,56,8,0,0,0
MAIN,2026092503,-8,SYNTHETIC_PLACEBO_ONLY,False,PROVENANCE_ONLY_NOT_CAUSAL_TRUTH,152,4,21,2023-06-02T00:00:00Z,2023-06-03T00:00:00Z,2023.06.02 03:00,NEUTRAL,STABLE_MAPPED_ROW,,False,,208,4,29,2023-07-28T00:00:00Z,2023-07-29T00:00:00Z,NEUTRAL,2023-07-28T00:00:00Z,2023-07-27,0.308,HIGH,8/8,,false,,False,56,8,0,0,0
MAIN,2026092503,-8,SYNTHETIC_PLACEBO_ONLY,False,PROVENANCE_ONLY_NOT_CAUSAL_TRUTH,153,5,21,2023-06-03T00:00:00Z,2023-06-04T00:00:00Z,2023.06.03 03:00,NEUTRAL,STABLE_MAPPED_ROW,,False,,209,5,29,2023-07-29T00:00:00Z,2023-07-30T00:00:00Z,NEUTRAL,2023-07-29T00:00:00Z,2023-07-28,0.385,HIGH,8/8,,false,,False,56,8,0,0,0
MAIN,2026092503,-8,SYNTHETIC_PLACEBO_ONLY,False,PROVENANCE_ONLY_NOT_CAUSAL_TRUTH,154,6,22,2023-06-04T00:00:00Z,2023-06-05T00:00:00Z,2023.06.04 03:00,NEUTRAL,STABLE_MAPPED_ROW,,False,,210,6,30,2023-07-30T00:00:00Z,2023-07-31T00:00:00Z,NEUTRAL,2023-07-30T00:00:00Z,2023-07-29,0.423,HIGH,8/8,,false,,False,56,8,0,0,0
MAIN,2026092503,-8,SYNTHETIC_PLACEBO_ONLY,False,PROVENANCE_ONLY_NOT_CAUSAL_TRUTH,155,0,22,2023-06-05T00:00:00Z,2023-06-06T00:00:00Z,2023.06.05 03:00,NEUTRAL,STABLE_MAPPED_ROW,,False,,211,0,30,2023-07-31T00:00:00Z,2023-08-01T00:00:00Z,NEUTRAL,2023-07-31T00:00:00Z,2023-07-30,0.423,HIGH,8/8,,false,,False,56,8,0,0,0
MAIN,2026092503,-8,SYNTHETIC_PLACEBO_ONLY,False,PROVENANCE_ONLY_NOT_CAUSAL_TRUTH,156,1,22,2023-06-06T00:00:00Z,2023-06-07T00:00:00Z,2023.06.06 03:00,RISK_ON,STABLE_MAPPED_ROW,,False,,212,1,30,2023-08-01T00:00:00Z,2023-08-02T00:00:00Z,RISK_ON,2023-08-01T00:00:00Z,2023-07-31,0.5,HIGH,8/8,,false,,False,56,8,0,0,0
MAIN,2026092503,-8,SYNTHETIC_PLACEBO_ONLY,False,PROVENANCE_ONLY_NOT_CAUSAL_TRUTH,157,2,22,2023-06-07T00:00:00Z,2023-06-08T00:00:00Z,2023.06.07 03:00,NEUTRAL,STABLE_MAPPED_ROW,,False,,213,2,30,2023-08-02T00:00:00Z,2023-08-03T00:00:00Z,NEUTRAL,2023-08-02T00:00:00Z,2023-08-01,0.385,HIGH,8/8,,false,,False,56,8,0,0,0
MAIN,2026092503,-8,SYNTHETIC_PLACEBO_ONLY,False,PROVENANCE_ONLY_NOT_CAUSAL_TRUTH,158,3,22,2023-06-08T00:00:00Z,2023-06-09T00:00:00Z,2023.06.08 03:00,NEUTRAL,STABLE_MAPPED_ROW,,False,,214,3,30,2023-08-03T00:00:00Z,2023-08-04T00:00:00Z,NEUTRAL,2023-08-03T00:00:00Z,2023-08-02,0.077,MED,8/8,,false,,False,56,8,0,0,0
MAIN,2026092503,-8,SYNTHETIC_PLACEBO_ONLY,False,PROVENANCE_ONLY_NOT_CAUSAL_TRUTH,159,4,22,2023-06-09T00:00:00Z,2023-06-10T00:00:00Z,2023.06.09 03:00,NEUTRAL,STABLE_MAPPED_ROW,,False,,215,4,30,2023-08-04T00:00:00Z,2023-08-05T00:00:00Z,NEUTRAL,2023-08-04T00:00:00Z,2023-08-03,0.269,HIGH,8/8,,false,,False,56,8,0,0,0
MAIN,2026092503,-8,SYNTHETIC_PLACEBO_ONLY,False,PROVENANCE_ONLY_NOT_CAUSAL_TRUTH,160,5,22,2023-06-10T00:00:00Z,2023-06-11T00:00:00Z,2023.06.10 03:00,NEUTRAL,STABLE_MAPPED_ROW,,False,,216,5,30,2023-08-05T00:00:00Z,2023-08-06T00:00:00Z,NEUTRAL,2023-08-05T00:00:00Z,2023-08-04,0.192,MED,8/8,,false,,False,56,8,0,0,0
MAIN,2026092503,-8,SYNTHETIC_PLACEBO_ONLY,False,PROVENANCE_ONLY_NOT_CAUSAL_TRUTH,161,6,23,2023-06-11T00:00:00Z,2023-06-12T00:00:00Z,2023.06.11 03:00,NEUTRAL,STABLE_MAPPED_ROW,,False,,217,6,31,2023-08-06T00:00:00Z,2023-08-07T00:00:00Z,NEUTRAL,2023-08-06T00:00:00Z,2023-08-05,0.192,MED,8/8,,false,,False,56,8,0,0,0
MAIN,2026092503,-8,SYNTHETIC_PLACEBO_ONLY,False,PROVENANCE_ONLY_NOT_CAUSAL_TRUTH,162,0,23,2023-06-12T00:00:00Z,2023-06-13T00:00:00Z,2023.06.12 03:00,NEUTRAL,STABLE_MAPPED_ROW,,False,,218,0,31,2023-08-07T00:00:00Z,2023-08-08T00:00:00Z,NEUTRAL,2023-08-07T00:00:00Z,2023-08-06,0.077,MED,8/8,,false,,False,56,8,0,0,0
MAIN,2026092503,-8,SYNTHETIC_PLACEBO_ONLY,False,PROVENANCE_ONLY_NOT_CAUSAL_TRUTH,163,1,23,2023-06-13T00:00:00Z,2023-06-14T00:00:00Z,2023.06.13 03:00,NEUTRAL,STABLE_MAPPED_ROW,,False,,219,1,31,2023-08-08T00:00:00Z,2023-08-09T00:00:00Z,NEUTRAL,2023-08-08T00:00:00Z,2023-08-07,0.038,MED,8/8,,false,,False,56,8,0,0,0
MAIN,2026092503,-8,SYNTHETIC_PLACEBO_ONLY,False,PROVENANCE_ONLY_NOT_CAUSAL_TRUTH,164,2,23,2023-06-14T00:00:00Z,2023-06-15T00:00:00Z,2023.06.14 03:00,NEUTRAL,STABLE_MAPPED_ROW,,False,,220,2,31,2023-08-09T00:00:00Z,2023-08-10T00:00:00Z,NEUTRAL,2023-08-09T00:00:00Z,2023-08-08,0.038,MED,8/8,,false,,False,56,8,0,0,0
MAIN,2026092503,-8,SYNTHETIC_PLACEBO_ONLY,False,PROVENANCE_ONLY_NOT_CAUSAL_TRUTH,165,3,23,2023-06-15T00:00:00Z,2023-06-16T00:00:00Z,2023.06.15 03:00,NEUTRAL,STABLE_MAPPED_ROW,,False,,221,3,31,2023-08-10T00:00:00Z,2023-08-11T00:00:00Z,NEUTRAL,2023-08-10T00:00:00Z,2023-08-09,0.231,MED,8/8,,false,,False,56,8,0,0,0
MAIN,2026092503,-8,SYNTHETIC_PLACEBO_ONLY,False,PROVENANCE_ONLY_NOT_CAUSAL_TRUTH,166,4,23,2023-06-16T00:00:00Z,2023-06-17T00:00:00Z,2023.06.16 03:00,NEUTRAL,STABLE_MAPPED_ROW,,False,,222,4,31,2023-08-11T00:00:00Z,2023-08-12T00:00:00Z,NEUTRAL,2023-08-11T00:00:00Z,2023-08-10,0.154,MED,8/8,,false,,False,56,8,0,0,0
MAIN,2026092503,-8,SYNTHETIC_PLACEBO_ONLY,False,PROVENANCE_ONLY_NOT_CAUSAL_TRUTH,167,5,23,2023-06-17T00:00:00Z,2023-06-18T00:00:00Z,2023.06.17 03:00,NEUTRAL,STABLE_MAPPED_ROW,,False,,223,5,31,2023-08-12T00:00:00Z,2023-08-13T00:00:00Z,NEUTRAL,2023-08-12T00:00:00Z,2023-08-11,0.308,HIGH,8/8,,false,,False,56,8,0,0,0
MAIN,2026092503,-8,SYNTHETIC_PLACEBO_ONLY,False,PROVENANCE_ONLY_NOT_CAUSAL_TRUTH,168,6,24,2023-06-18T00:00:00Z,2023-06-19T00:00:00Z,2023.06.18 03:00,NEUTRAL,STABLE_MAPPED_ROW,,False,,224,6,32,2023-08-13T00:00:00Z,2023-08-14T00:00:00Z,NEUTRAL,2023-08-13T00:00:00Z,2023-08-12,0.308,HIGH,8/8,,false,,False,56,8,0,0,0
MAIN,2026092503,-8,SYNTHETIC_PLACEBO_ONLY,False,PROVENANCE_ONLY_NOT_CAUSAL_TRUTH,169,0,24,2023-06-19T00:00:00Z,2023-06-20T00:00:00Z,2023.06.19 03:00,NEUTRAL,STABLE_MAPPED_ROW,,False,,225,0,32,2023-08-14T00:00:00Z,2023-08-15T00:00:00Z,NEUTRAL,2023-08-14T00:00:00Z,2023-08-13,0.269,HIGH,8/8,,false,,False,56,8,0,0,0
MAIN,2026092503,-8,SYNTHETIC_PLACEBO_ONLY,False,PROVENANCE_ONLY_NOT_CAUSAL_TRUTH,170,1,24,2023-06-20T00:00:00Z,2023-06-21T00:00:00Z,2023.06.20 03:00,NEUTRAL,STABLE_MAPPED_ROW,,False,,226,1,32,2023-08-15T00:00:00Z,2023-08-16T00:00:00Z,NEUTRAL,2023-08-15T00:00:00Z,2023-08-14,0.346,HIGH,8/8,,false,,False,56,8,0,0,0
MAIN,2026092503,-8,SYNTHETIC_PLACEBO_ONLY,False,PROVENANCE_ONLY_NOT_CAUSAL_TRUTH,171,2,24,2023-06-21T00:00:00Z,2023-06-22T00:00:00Z,2023.06.21 03:00,NEUTRAL,STABLE_MAPPED_ROW,,False,,227,2,32,2023-08-16T00:00:00Z,2023-08-17T00:00:00Z,NEUTRAL,2023-08-16T00:00:00Z,2023-08-15,0.269,HIGH,8/8,,false,,False,56,8,0,0,0
MAIN,2026092503,-8,SYNTHETIC_PLACEBO_ONLY,False,PROVENANCE_ONLY_NOT_CAUSAL_TRUTH,172,3,24,2023-06-22T00:00:00Z,2023-06-23T00:00:00Z,2023.06.22 03:00,NEUTRAL,STABLE_MAPPED_ROW,,False,,228,3,32,2023-08-17T00:00:00Z,2023-08-18T00:00:00Z,NEUTRAL,2023-08-17T00:00:00Z,2023-08-16,0.077,HIGH,8/8,,false,,False,56,8,0,0,0
MAIN,2026092503,-8,SYNTHETIC_PLACEBO_ONLY,False,PROVENANCE_ONLY_NOT_CAUSAL_TRUTH,173,4,24,2023-06-23T00:00:00Z,2023-06-24T00:00:00Z,2023.06.23 03:00,NEUTRAL,STABLE_MAPPED_ROW,,False,,229,4,32,2023-08-18T00:00:00Z,2023-08-19T00:00:00Z,NEUTRAL,2023-08-18T00:00:00Z,2023-08-17,-0.038,MED,8/8,,false,,False,56,8,0,0,0
MAIN,2026092503,-8,SYNTHETIC_PLACEBO_ONLY,False,PROVENANCE_ONLY_NOT_CAUSAL_TRUTH,174,5,24,2023-06-24T00:00:00Z,2023-06-25T00:00:00Z,2023.06.24 03:00,NEUTRAL,STABLE_MAPPED_ROW,,False,,230,5,32,2023-08-19T00:00:00Z,2023-08-20T00:00:00Z,NEUTRAL,2023-08-19T00:00:00Z,2023-08-18,-0.115,MED,8/8,,false,,False,56,8,0,0,0
MAIN,2026092503,-8,SYNTHETIC_PLACEBO_ONLY,False,PROVENANCE_ONLY_NOT_CAUSAL_TRUTH,175,6,25,2023-06-25T00:00:00Z,2023-06-26T00:00:00Z,2023.06.25 03:00,NEUTRAL,STABLE_MAPPED_ROW,,False,,231,6,33,2023-08-20T00:00:00Z,2023-08-21T00:00:00Z,NEUTRAL,2023-08-20T00:00:00Z,2023-08-19,-0.115,MED,8/8,,false,,False,56,8,0,0,0
MAIN,2026092503,-8,SYNTHETIC_PLACEBO_ONLY,False,PROVENANCE_ONLY_NOT_CAUSAL_TRUTH,176,0,25,2023-06-26T00:00:00Z,2023-06-27T00:00:00Z,2023.06.26 03:00,NEUTRAL,STABLE_MAPPED_ROW,,False,,232,0,33,2023-08-21T00:00:00Z,2023-08-22T00:00:00Z,NEUTRAL,2023-08-21T00:00:00Z,2023-08-20,-0.115,MED,8/8,,false,,False,56,8,0,0,0
MAIN,2026092503,-8,SYNTHETIC_PLACEBO_ONLY,False,PROVENANCE_ONLY_NOT_CAUSAL_TRUTH,177,1,25,2023-06-27T00:00:00Z,2023-06-28T00:00:00Z,2023.06.27 03:00,NEUTRAL,STABLE_MAPPED_ROW,,False,,233,1,33,2023-08-22T00:00:00Z,2023-08-23T00:00:00Z,NEUTRAL,2023-08-22T00:00:00Z,2023-08-21,-0.038,MED,8/8,,false,,False,56,8,0,0,0
MAIN,2026092503,-8,SYNTHETIC_PLACEBO_ONLY,False,PROVENANCE_ONLY_NOT_CAUSAL_TRUTH,178,2,25,2023-06-28T00:00:00Z,2023-06-29T00:00:00Z,2023.06.28 03:00,NEUTRAL,STABLE_MAPPED_ROW,,False,,234,2,33,2023-08-23T00:00:00Z,2023-08-24T00:00:00Z,NEUTRAL,2023-08-23T00:00:00Z,2023-08-22,-0.038,MED,8/8,,false,,False,56,8,0,0,0
MAIN,2026092503,-8,SYNTHETIC_PLACEBO_ONLY,False,PROVENANCE_ONLY_NOT_CAUSAL_TRUTH,179,3,25,2023-06-29T00:00:00Z,2023-06-30T00:00:00Z,2023.06.29 03:00,NEUTRAL,STABLE_MAPPED_ROW,,False,,235,3,33,2023-08-24T00:00:00Z,2023-08-25T00:00:00Z,NEUTRAL,2023-08-24T00:00:00Z,2023-08-23,-0.038,MED,8/8,,false,,False,56,8,0,0,0
MAIN,2026092503,-8,SYNTHETIC_PLACEBO_ONLY,False,PROVENANCE_ONLY_NOT_CAUSAL_TRUTH,180,4,25,2023-06-30T00:00:00Z,2023-07-01T00:00:00Z,2023.06.30 03:00,NEUTRAL,STABLE_MAPPED_ROW,,False,,236,4,33,2023-08-25T00:00:00Z,2023-08-26T00:00:00Z,NEUTRAL,2023-08-25T00:00:00Z,2023-08-24,0.077,LOW,8/8,,false,,False,56,8,0,0,0
MAIN,2026092503,-8,SYNTHETIC_PLACEBO_ONLY,False,PROVENANCE_ONLY_NOT_CAUSAL_TRUTH,181,5,25,2023-07-01T00:00:00Z,2023-07-02T00:00:00Z,2023.07.01 03:00,NEUTRAL,STABLE_MAPPED_ROW,,False,,237,5,33,2023-08-26T00:00:00Z,2023-08-27T00:00:00Z,NEUTRAL,2023-08-26T00:00:00Z,2023-08-25,0.077,LOW,8/8,,false,,False,56,8,0,0,0
MAIN,2026092503,-8,SYNTHETIC_PLACEBO_ONLY,False,PROVENANCE_ONLY_NOT_CAUSAL_TRUTH,182,6,26,2023-07-02T00:00:00Z,2023-07-03T00:00:00Z,2023.07.02 03:00,NEUTRAL,STABLE_MAPPED_ROW,,False,,238,6,34,2023-08-27T00:00:00Z,2023-08-28T00:00:00Z,NEUTRAL,2023-08-27T00:00:00Z,2023-08-26,0.077,LOW,8/8,,false,,False,56,8,0,0,0
MAIN,2026092503,-8,SYNTHETIC_PLACEBO_ONLY,False,PROVENANCE_ONLY_NOT_CAUSAL_TRUTH,183,0,26,2023-07-03T00:00:00Z,2023-07-04T00:00:00Z,2023.07.03 03:00,NEUTRAL,STABLE_MAPPED_ROW,,False,,239,0,34,2023-08-28T00:00:00Z,2023-08-29T00:00:00Z,NEUTRAL,2023-08-28T00:00:00Z,2023-08-27,0.077,LOW,8/8,,false,,False,56,8,0,0,0
MAIN,2026092503,-8,SYNTHETIC_PLACEBO_ONLY,False,PROVENANCE_ONLY_NOT_CAUSAL_TRUTH,184,1,26,2023-07-04T00:00:00Z,2023-07-05T00:00:00Z,2023.07.04 03:00,NEUTRAL,STABLE_MAPPED_ROW,,False,,240,1,34,2023-08-29T00:00:00Z,2023-08-30T00:00:00Z,NEUTRAL,2023-08-29T00:00:00Z,2023-08-28,0.077,LOW,8/8,,false,,False,56,8,0,0,0
MAIN,2026092503,-8,SYNTHETIC_PLACEBO_ONLY,False,PROVENANCE_ONLY_NOT_CAUSAL_TRUTH,185,2,26,2023-07-05T00:00:00Z,2023-07-06T00:00:00Z,2023.07.05 03:00,NEUTRAL,STABLE_MAPPED_ROW,,False,,241,2,34,2023-08-30T00:00:00Z,2023-08-31T00:00:00Z,NEUTRAL,2023-08-30T00:00:00Z,2023-08-29,0.231,MED,8/8,,false,,False,56,8,0,0,0
MAIN,2026092503,-8,SYNTHETIC_PLACEBO_ONLY,False,PROVENANCE_ONLY_NOT_CAUSAL_TRUTH,186,3,26,2023-07-06T00:00:00Z,2023-07-07T00:00:00Z,2023.07.06 03:00,NEUTRAL,STABLE_MAPPED_ROW,,False,,242,3,34,2023-08-31T00:00:00Z,2023-09-01T00:00:00Z,NEUTRAL,2023-08-31T00:00:00Z,2023-08-30,0.231,MED,8/8,,false,,False,56,8,0,0,0
MAIN,2026092503,-8,SYNTHETIC_PLACEBO_ONLY,False,PROVENANCE_ONLY_NOT_CAUSAL_TRUTH,187,4,26,2023-07-07T00:00:00Z,2023-07-08T00:00:00Z,2023.07.07 03:00,NEUTRAL,STABLE_MAPPED_ROW,,False,,243,4,34,2023-09-01T00:00:00Z,2023-09-02T00:00:00Z,NEUTRAL,2023-09-01T00:00:00Z,2023-08-31,0.231,MED,8/8,,false,,False,56,8,0,0,0
MAIN,2026092503,-8,SYNTHETIC_PLACEBO_ONLY,False,PROVENANCE_ONLY_NOT_CAUSAL_TRUTH,188,5,26,2023-07-08T00:00:00Z,2023-07-09T00:00:00Z,2023.07.08 03:00,NEUTRAL,STABLE_MAPPED_ROW,,False,,244,5,34,2023-09-02T00:00:00Z,2023-09-03T00:00:00Z,NEUTRAL,2023-09-02T00:00:00Z,2023-09-01,0.231,MED,8/8,,false,,False,56,8,0,0,0
MAIN,2026092503,-8,SYNTHETIC_PLACEBO_ONLY,False,PROVENANCE_ONLY_NOT_CAUSAL_TRUTH,189,6,27,2023-07-09T00:00:00Z,2023-07-10T00:00:00Z,2023.07.09 03:00,NEUTRAL,STABLE_MAPPED_ROW,,False,,245,6,35,2023-09-03T00:00:00Z,2023-09-04T00:00:00Z,NEUTRAL,2023-09-03T00:00:00Z,2023-09-02,0.231,MED,8/8,,false,,False,56,8,0,0,0
MAIN,2026092503,-8,SYNTHETIC_PLACEBO_ONLY,False,PROVENANCE_ONLY_NOT_CAUSAL_TRUTH,190,0,27,2023-07-10T00:00:00Z,2023-07-11T00:00:00Z,2023.07.10 03:00,NEUTRAL,STABLE_MAPPED_ROW,,False,,246,0,35,2023-09-04T00:00:00Z,2023-09-05T00:00:00Z,NEUTRAL,2023-09-04T00:00:00Z,2023-09-03,0.154,MED,8/8,,false,,False,56,8,0,0,0
MAIN,2026092503,-8,SYNTHETIC_PLACEBO_ONLY,False,PROVENANCE_ONLY_NOT_CAUSAL_TRUTH,191,1,27,2023-07-11T00:00:00Z,2023-07-12T00:00:00Z,2023.07.11 03:00,NEUTRAL,STABLE_MAPPED_ROW,,False,,247,1,35,2023-09-05T00:00:00Z,2023-09-06T00:00:00Z,NEUTRAL,2023-09-05T00:00:00Z,2023-09-04,0.154,MED,8/8,,false,,False,56,8,0,0,0
MAIN,2026092503,-8,SYNTHETIC_PLACEBO_ONLY,False,PROVENANCE_ONLY_NOT_CAUSAL_TRUTH,192,2,27,2023-07-12T00:00:00Z,2023-07-13T00:00:00Z,2023.07.12 03:00,NEUTRAL,STABLE_MAPPED_ROW,,False,,248,2,35,2023-09-06T00:00:00Z,2023-09-07T00:00:00Z,NEUTRAL,2023-09-06T00:00:00Z,2023-09-05,0.115,MED,8/8,,false,,False,56,8,0,0,0
MAIN,2026092503,-8,SYNTHETIC_PLACEBO_ONLY,False,PROVENANCE_ONLY_NOT_CAUSAL_TRUTH,193,3,27,2023-07-13T00:00:00Z,2023-07-14T00:00:00Z,2023.07.13 03:00,NEUTRAL,STABLE_MAPPED_ROW,,False,,249,3,35,2023-09-07T00:00:00Z,2023-09-08T00:00:00Z,NEUTRAL,2023-09-07T00:00:00Z,2023-09-06,0.192,MED,8/8,,false,,False,56,8,0,0,0
MAIN,2026092503,-8,SYNTHETIC_PLACEBO_ONLY,False,PROVENANCE_ONLY_NOT_CAUSAL_TRUTH,194,4,27,2023-07-14T00:00:00Z,2023-07-15T00:00:00Z,2023.07.14 03:00,NEUTRAL,STABLE_MAPPED_ROW,,False,,250,4,35,2023-09-08T00:00:00Z,2023-09-09T00:00:00Z,NEUTRAL,2023-09-08T00:00:00Z,2023-09-07,0.038,LOW,8/8,,false,,False,56,8,0,0,0
MAIN,2026092503,-8,SYNTHETIC_PLACEBO_ONLY,False,PROVENANCE_ONLY_NOT_CAUSAL_TRUTH,195,5,27,2023-07-15T00:00:00Z,2023-07-16T00:00:00Z,2023.07.15 03:00,NEUTRAL,STABLE_MAPPED_ROW,,False,,251,5,35,2023-09-09T00:00:00Z,2023-09-10T00:00:00Z,NEUTRAL,2023-09-09T00:00:00Z,2023-09-08,0.192,MED,8/8,,false,,False,56,8,0,0,0
MAIN,2026092503,-8,SYNTHETIC_PLACEBO_ONLY,False,PROVENANCE_ONLY_NOT_CAUSAL_TRUTH,196,6,28,2023-07-16T00:00:00Z,2023-07-17T00:00:00Z,2023.07.16 03:00,NEUTRAL,STABLE_MAPPED_ROW,,False,,252,6,36,2023-09-10T00:00:00Z,2023-09-11T00:00:00Z,NEUTRAL,2023-09-10T00:00:00Z,2023-09-09,0.192,MED,8/8,,false,,False,56,8,0,0,0
MAIN,2026092503,-8,SYNTHETIC_PLACEBO_ONLY,False,PROVENANCE_ONLY_NOT_CAUSAL_TRUTH,197,0,28,2023-07-17T00:00:00Z,2023-07-18T00:00:00Z,2023.07.17 03:00,NEUTRAL,STABLE_MAPPED_ROW,,False,,253,0,36,2023-09-11T00:00:00Z,2023-09-12T00:00:00Z,NEUTRAL,2023-09-11T00:00:00Z,2023-09-10,0.192,MED,8/8,,false,,False,56,8,0,0,0
MAIN,2026092503,-8,SYNTHETIC_PLACEBO_ONLY,False,PROVENANCE_ONLY_NOT_CAUSAL_TRUTH,198,1,28,2023-07-18T00:00:00Z,2023-07-19T00:00:00Z,2023.07.18 03:00,NEUTRAL,STABLE_MAPPED_ROW,,False,,254,1,36,2023-09-12T00:00:00Z,2023-09-13T00:00:00Z,NEUTRAL,2023-09-12T00:00:00Z,2023-09-11,0.115,MED,8/8,,false,,False,56,8,0,0,0
MAIN,2026092503,-8,SYNTHETIC_PLACEBO_ONLY,False,PROVENANCE_ONLY_NOT_CAUSAL_TRUTH,199,2,28,2023-07-19T00:00:00Z,2023-07-20T00:00:00Z,2023.07.19 03:00,NEUTRAL,STABLE_MAPPED_ROW,,False,,255,2,36,2023-09-13T00:00:00Z,2023-09-14T00:00:00Z,NEUTRAL,2023-09-13T00:00:00Z,2023-09-12,0.231,MED,8/8,,false,,False,56,8,0,0,0
MAIN,2026092503,-8,SYNTHETIC_PLACEBO_ONLY,False,PROVENANCE_ONLY_NOT_CAUSAL_TRUTH,200,3,28,2023-07-20T00:00:00Z,2023-07-21T00:00:00Z,2023.07.20 03:00,NEUTRAL,STABLE_MAPPED_ROW,,False,,256,3,36,2023-09-14T00:00:00Z,2023-09-15T00:00:00Z,NEUTRAL,2023-09-14T00:00:00Z,2023-09-13,0.231,MED,8/8,,false,,False,56,8,0,0,0
MAIN,2026092503,-8,SYNTHETIC_PLACEBO_ONLY,False,PROVENANCE_ONLY_NOT_CAUSAL_TRUTH,201,4,28,2023-07-21T00:00:00Z,2023-07-22T00:00:00Z,2023.07.21 03:00,NEUTRAL,STABLE_MAPPED_ROW,,False,,257,4,36,2023-09-15T00:00:00Z,2023-09-16T00:00:00Z,NEUTRAL,2023-09-15T00:00:00Z,2023-09-14,0.231,MED,8/8,,false,,False,56,8,0,0,0
MAIN,2026092503,-8,SYNTHETIC_PLACEBO_ONLY,False,PROVENANCE_ONLY_NOT_CAUSAL_TRUTH,202,5,28,2023-07-22T00:00:00Z,2023-07-23T00:00:00Z,2023.07.22 03:00,NEUTRAL,STABLE_MAPPED_ROW,,False,,258,5,36,2023-09-16T00:00:00Z,2023-09-17T00:00:00Z,NEUTRAL,2023-09-16T00:00:00Z,2023-09-15,0.231,MED,8/8,,false,,False,56,8,0,0,0
MAIN,2026092503,-8,SYNTHETIC_PLACEBO_ONLY,False,PROVENANCE_ONLY_NOT_CAUSAL_TRUTH,203,6,29,2023-07-23T00:00:00Z,2023-07-24T00:00:00Z,2023.07.23 03:00,NEUTRAL,STABLE_MAPPED_ROW,,False,,259,6,37,2023-09-17T00:00:00Z,2023-09-18T00:00:00Z,NEUTRAL,2023-09-17T00:00:00Z,2023-09-16,0.231,MED,8/8,,false,,False,56,8,0,0,0
MAIN,2026092503,-8,SYNTHETIC_PLACEBO_ONLY,False,PROVENANCE_ONLY_NOT_CAUSAL_TRUTH,204,0,29,2023-07-24T00:00:00Z,2023-07-25T00:00:00Z,2023.07.24 03:00,NEUTRAL,STABLE_MAPPED_ROW,,False,,260,0,37,2023-09-18T00:00:00Z,2023-09-19T00:00:00Z,NEUTRAL,2023-09-18T00:00:00Z,2023-09-17,0.231,MED,8/8,,false,,False,56,8,0,0,0
MAIN,2026092503,-8,SYNTHETIC_PLACEBO_ONLY,False,PROVENANCE_ONLY_NOT_CAUSAL_TRUTH,205,1,29,2023-07-25T00:00:00Z,2023-07-26T00:00:00Z,2023.07.25 03:00,NEUTRAL,STABLE_MAPPED_ROW,,False,,261,1,37,2023-09-19T00:00:00Z,2023-09-20T00:00:00Z,NEUTRAL,2023-09-19T00:00:00Z,2023-09-18,0.231,MED,8/8,,false,,False,56,8,0,0,0
MAIN,2026092503,-8,SYNTHETIC_PLACEBO_ONLY,False,PROVENANCE_ONLY_NOT_CAUSAL_TRUTH,206,2,29,2023-07-26T00:00:00Z,2023-07-27T00:00:00Z,2023.07.26 03:00,NEUTRAL,STABLE_MAPPED_ROW,,False,,262,2,37,2023-09-20T00:00:00Z,2023-09-21T00:00:00Z,NEUTRAL,2023-09-20T00:00:00Z,2023-09-19,0.231,MED,8/8,,false,,False,56,8,0,0,0
MAIN,2026092503,-8,SYNTHETIC_PLACEBO_ONLY,False,PROVENANCE_ONLY_NOT_CAUSAL_TRUTH,207,3,29,2023-07-27T00:00:00Z,2023-07-28T00:00:00Z,2023.07.27 03:00,NEUTRAL,STABLE_MAPPED_ROW,,False,,263,3,37,2023-09-21T00:00:00Z,2023-09-22T00:00:00Z,NEUTRAL,2023-09-21T00:00:00Z,2023-09-20,0,LOW,8/8,,false,,False,56,8,0,0,0
MAIN,2026092503,-8,SYNTHETIC_PLACEBO_ONLY,False,PROVENANCE_ONLY_NOT_CAUSAL_TRUTH,208,4,29,2023-07-28T00:00:00Z,2023-07-29T00:00:00Z,2023.07.28 03:00,NEUTRAL,STABLE_MAPPED_ROW,,False,,264,4,37,2023-09-22T00:00:00Z,2023-09-23T00:00:00Z,NEUTRAL,2023-09-22T00:00:00Z,2023-09-21,-0.038,MED,8/8,,false,,False,56,8,0,0,0
MAIN,2026092503,-8,SYNTHETIC_PLACEBO_ONLY,False,PROVENANCE_ONLY_NOT_CAUSAL_TRUTH,209,5,29,2023-07-29T00:00:00Z,2023-07-30T00:00:00Z,2023.07.29 03:00,NEUTRAL,STABLE_MAPPED_ROW,,False,,265,5,37,2023-09-23T00:00:00Z,2023-09-24T00:00:00Z,NEUTRAL,2023-09-23T00:00:00Z,2023-09-22,-0.038,MED,8/8,,false,,False,56,8,0,0,0
MAIN,2026092503,-8,SYNTHETIC_PLACEBO_ONLY,False,PROVENANCE_ONLY_NOT_CAUSAL_TRUTH,210,6,30,2023-07-30T00:00:00Z,2023-07-31T00:00:00Z,2023.07.30 03:00,NEUTRAL,STABLE_MAPPED_ROW,,False,,266,6,38,2023-09-24T00:00:00Z,2023-09-25T00:00:00Z,NEUTRAL,2023-09-24T00:00:00Z,2023-09-23,-0.038,MED,8/8,,false,,False,56,8,0,0,0
MAIN,2026092503,-8,SYNTHETIC_PLACEBO_ONLY,False,PROVENANCE_ONLY_NOT_CAUSAL_TRUTH,211,0,30,2023-07-31T00:00:00Z,2023-08-01T00:00:00Z,2023.07.31 03:00,NEUTRAL,STABLE_MAPPED_ROW,,False,,267,0,38,2023-09-25T00:00:00Z,2023-09-26T00:00:00Z,NEUTRAL,2023-09-25T00:00:00Z,2023-09-24,0,LOW,8/8,,false,,False,56,8,0,0,0
MAIN,2026092503,-8,SYNTHETIC_PLACEBO_ONLY,False,PROVENANCE_ONLY_NOT_CAUSAL_TRUTH,212,1,30,2023-08-01T00:00:00Z,2023-08-02T00:00:00Z,2023.08.01 03:00,NEUTRAL,STABLE_MAPPED_ROW,,False,,268,1,38,2023-09-26T00:00:00Z,2023-09-27T00:00:00Z,NEUTRAL,2023-09-26T00:00:00Z,2023-09-25,0.077,MED,8/8,,false,,False,56,8,0,0,0
MAIN,2026092503,-8,SYNTHETIC_PLACEBO_ONLY,False,PROVENANCE_ONLY_NOT_CAUSAL_TRUTH,213,2,30,2023-08-02T00:00:00Z,2023-08-03T00:00:00Z,2023.08.02 03:00,NEUTRAL,STABLE_MAPPED_ROW,,False,,269,2,38,2023-09-27T00:00:00Z,2023-09-28T00:00:00Z,NEUTRAL,2023-09-27T00:00:00Z,2023-09-26,0.038,MED,8/8,,false,,False,56,8,0,0,0
MAIN,2026092503,-8,SYNTHETIC_PLACEBO_ONLY,False,PROVENANCE_ONLY_NOT_CAUSAL_TRUTH,214,3,30,2023-08-03T00:00:00Z,2023-08-04T00:00:00Z,2023.08.03 03:00,NEUTRAL,STABLE_MAPPED_ROW,,False,,270,3,38,2023-09-28T00:00:00Z,2023-09-29T00:00:00Z,NEUTRAL,2023-09-28T00:00:00Z,2023-09-27,-0.038,MED,8/8,,false,,False,56,8,0,0,0
MAIN,2026092503,-8,SYNTHETIC_PLACEBO_ONLY,False,PROVENANCE_ONLY_NOT_CAUSAL_TRUTH,215,4,30,2023-08-04T00:00:00Z,2023-08-05T00:00:00Z,2023.08.04 03:00,NEUTRAL,STABLE_MAPPED_ROW,,False,,271,4,38,2023-09-29T00:00:00Z,2023-09-30T00:00:00Z,NEUTRAL,2023-09-29T00:00:00Z,2023-09-28,0.077,LOW,8/8,,false,,False,56,8,0,0,0
MAIN,2026092503,-8,SYNTHETIC_PLACEBO_ONLY,False,PROVENANCE_ONLY_NOT_CAUSAL_TRUTH,216,5,30,2023-08-05T00:00:00Z,2023-08-06T00:00:00Z,2023.08.05 03:00,NEUTRAL,STABLE_MAPPED_ROW,,False,,272,5,38,2023-09-30T00:00:00Z,2023-10-01T00:00:00Z,NEUTRAL,2023-09-30T00:00:00Z,2023-09-29,0.077,LOW,8/8,,false,,False,56,8,0,0,0
MAIN,2026092503,-8,SYNTHETIC_PLACEBO_ONLY,False,PROVENANCE_ONLY_NOT_CAUSAL_TRUTH,217,6,31,2023-08-06T00:00:00Z,2023-08-07T00:00:00Z,2023.08.06 03:00,NEUTRAL,STABLE_MAPPED_ROW,,False,,273,6,39,2023-10-01T00:00:00Z,2023-10-02T00:00:00Z,NEUTRAL,2023-10-01T00:00:00Z,2023-09-30,0.077,LOW,8/8,,false,,False,56,8,0,0,0
MAIN,2026092503,-8,SYNTHETIC_PLACEBO_ONLY,False,PROVENANCE_ONLY_NOT_CAUSAL_TRUTH,218,0,31,2023-08-07T00:00:00Z,2023-08-08T00:00:00Z,2023.08.07 03:00,NEUTRAL,STABLE_MAPPED_ROW,,False,,274,0,39,2023-10-02T00:00:00Z,2023-10-03T00:00:00Z,NEUTRAL,2023-10-02T00:00:00Z,2023-10-01,0.077,LOW,8/8,,false,,False,56,8,0,0,0
MAIN,2026092503,-8,SYNTHETIC_PLACEBO_ONLY,False,PROVENANCE_ONLY_NOT_CAUSAL_TRUTH,219,1,31,2023-08-08T00:00:00Z,2023-08-09T00:00:00Z,2023.08.08 03:00,NEUTRAL,STABLE_MAPPED_ROW,,False,,275,1,39,2023-10-03T00:00:00Z,2023-10-04T00:00:00Z,NEUTRAL,2023-10-03T00:00:00Z,2023-10-02,-0.038,MED,8/8,,false,,False,56,8,0,0,0
MAIN,2026092503,-8,SYNTHETIC_PLACEBO_ONLY,False,PROVENANCE_ONLY_NOT_CAUSAL_TRUTH,220,2,31,2023-08-09T00:00:00Z,2023-08-10T00:00:00Z,2023.08.09 03:00,NEUTRAL,STABLE_MAPPED_ROW,,False,,276,2,39,2023-10-04T00:00:00Z,2023-10-05T00:00:00Z,NEUTRAL,2023-10-04T00:00:00Z,2023-10-03,0.038,MED,8/8,,false,,False,56,8,0,0,0
MAIN,2026092503,-8,SYNTHETIC_PLACEBO_ONLY,False,PROVENANCE_ONLY_NOT_CAUSAL_TRUTH,221,3,31,2023-08-10T00:00:00Z,2023-08-11T00:00:00Z,2023.08.10 03:00,NEUTRAL,STABLE_MAPPED_ROW,,False,,277,3,39,2023-10-05T00:00:00Z,2023-10-06T00:00:00Z,NEUTRAL,2023-10-05T00:00:00Z,2023-10-04,-0.038,MED,8/8,,false,,False,56,8,0,0,0
MAIN,2026092503,-8,SYNTHETIC_PLACEBO_ONLY,False,PROVENANCE_ONLY_NOT_CAUSAL_TRUTH,222,4,31,2023-08-11T00:00:00Z,2023-08-12T00:00:00Z,2023.08.11 03:00,NEUTRAL,STABLE_MAPPED_ROW,,False,,278,4,39,2023-10-06T00:00:00Z,2023-10-07T00:00:00Z,NEUTRAL,2023-10-06T00:00:00Z,2023-10-05,-0.115,MED,8/8,,false,,False,56,8,0,0,0
MAIN,2026092503,-8,SYNTHETIC_PLACEBO_ONLY,False,PROVENANCE_ONLY_NOT_CAUSAL_TRUTH,223,5,31,2023-08-12T00:00:00Z,2023-08-13T00:00:00Z,2023.08.12 03:00,NEUTRAL,STABLE_MAPPED_ROW,,False,,279,5,39,2023-10-07T00:00:00Z,2023-10-08T00:00:00Z,NEUTRAL,2023-10-07T00:00:00Z,2023-10-06,0.038,MED,8/8,,false,,False,56,8,0,0,0
MAIN,2026092503,-8,SYNTHETIC_PLACEBO_ONLY,False,PROVENANCE_ONLY_NOT_CAUSAL_TRUTH,224,6,32,2023-08-13T00:00:00Z,2023-08-14T00:00:00Z,2023.08.13 03:00,NEUTRAL,STABLE_MAPPED_ROW,,False,,280,6,40,2023-10-08T00:00:00Z,2023-10-09T00:00:00Z,NEUTRAL,2023-10-08T00:00:00Z,2023-10-07,0.038,MED,8/8,,false,,False,56,8,0,0,0
MAIN,2026092503,-8,SYNTHETIC_PLACEBO_ONLY,False,PROVENANCE_ONLY_NOT_CAUSAL_TRUTH,225,0,32,2023-08-14T00:00:00Z,2023-08-15T00:00:00Z,2023.08.14 03:00,NEUTRAL,STABLE_MAPPED_ROW,,False,,281,0,40,2023-10-09T00:00:00Z,2023-10-10T00:00:00Z,NEUTRAL,2023-10-09T00:00:00Z,2023-10-08,0.038,MED,8/8,,false,,False,56,8,0,0,0
MAIN,2026092503,-8,SYNTHETIC_PLACEBO_ONLY,False,PROVENANCE_ONLY_NOT_CAUSAL_TRUTH,226,1,32,2023-08-15T00:00:00Z,2023-08-16T00:00:00Z,2023.08.15 03:00,NEUTRAL,STABLE_MAPPED_ROW,,False,,282,1,40,2023-10-10T00:00:00Z,2023-10-11T00:00:00Z,NEUTRAL,2023-10-10T00:00:00Z,2023-10-09,-0.038,MED,8/8,,false,,False,56,8,0,0,0
MAIN,2026092503,-8,SYNTHETIC_PLACEBO_ONLY,False,PROVENANCE_ONLY_NOT_CAUSAL_TRUTH,227,2,32,2023-08-16T00:00:00Z,2023-08-17T00:00:00Z,2023.08.16 03:00,NEUTRAL,STABLE_MAPPED_ROW,,False,,283,2,40,2023-10-11T00:00:00Z,2023-10-12T00:00:00Z,NEUTRAL,2023-10-11T00:00:00Z,2023-10-10,0.077,LOW,8/8,,false,,False,56,8,0,0,0
MAIN,2026092503,-8,SYNTHETIC_PLACEBO_ONLY,False,PROVENANCE_ONLY_NOT_CAUSAL_TRUTH,228,3,32,2023-08-17T00:00:00Z,2023-08-18T00:00:00Z,2023.08.17 03:00,NEUTRAL,STABLE_MAPPED_ROW,,False,,284,3,40,2023-10-12T00:00:00Z,2023-10-13T00:00:00Z,NEUTRAL,2023-10-12T00:00:00Z,2023-10-11,0,LOW,8/8,,false,,False,56,8,0,0,0
MAIN,2026092503,-8,SYNTHETIC_PLACEBO_ONLY,False,PROVENANCE_ONLY_NOT_CAUSAL_TRUTH,229,4,32,2023-08-18T00:00:00Z,2023-08-19T00:00:00Z,2023.08.18 03:00,NEUTRAL,STABLE_MAPPED_ROW,,False,,285,4,40,2023-10-13T00:00:00Z,2023-10-14T00:00:00Z,NEUTRAL,2023-10-13T00:00:00Z,2023-10-12,0,LOW,8/8,,false,,False,56,8,0,0,0
MAIN,2026092503,-8,SYNTHETIC_PLACEBO_ONLY,False,PROVENANCE_ONLY_NOT_CAUSAL_TRUTH,230,5,32,2023-08-19T00:00:00Z,2023-08-20T00:00:00Z,2023.08.19 03:00,NEUTRAL,STABLE_MAPPED_ROW,,False,,286,5,40,2023-10-14T00:00:00Z,2023-10-15T00:00:00Z,NEUTRAL,2023-10-14T00:00:00Z,2023-10-13,-0.231,HIGH,8/8,,false,,False,56,8,0,0,0
MAIN,2026092503,-8,SYNTHETIC_PLACEBO_ONLY,False,PROVENANCE_ONLY_NOT_CAUSAL_TRUTH,231,6,33,2023-08-20T00:00:00Z,2023-08-21T00:00:00Z,2023.08.20 03:00,NEUTRAL,STABLE_MAPPED_ROW,,False,,287,6,41,2023-10-15T00:00:00Z,2023-10-16T00:00:00Z,NEUTRAL,2023-10-15T00:00:00Z,2023-10-14,-0.154,HIGH,8/8,,false,,False,56,8,0,0,0
MAIN,2026092503,-8,SYNTHETIC_PLACEBO_ONLY,False,PROVENANCE_ONLY_NOT_CAUSAL_TRUTH,232,0,33,2023-08-21T00:00:00Z,2023-08-22T00:00:00Z,2023.08.21 03:00,RISK_OFF,STABLE_MAPPED_ROW,,False,,288,0,41,2023-10-16T00:00:00Z,2023-10-17T00:00:00Z,RISK_OFF,2023-10-16T00:00:00Z,2023-10-15,-0.269,HIGH,8/8,,false,,False,56,8,0,0,0
MAIN,2026092503,-8,SYNTHETIC_PLACEBO_ONLY,False,PROVENANCE_ONLY_NOT_CAUSAL_TRUTH,233,1,33,2023-08-22T00:00:00Z,2023-08-23T00:00:00Z,2023.08.22 03:00,NEUTRAL,STABLE_MAPPED_ROW,,False,,289,1,41,2023-10-17T00:00:00Z,2023-10-18T00:00:00Z,NEUTRAL,2023-10-17T00:00:00Z,2023-10-16,0.115,MED,8/8,,false,,False,56,8,0,0,0
MAIN,2026092503,-8,SYNTHETIC_PLACEBO_ONLY,False,PROVENANCE_ONLY_NOT_CAUSAL_TRUTH,234,2,33,2023-08-23T00:00:00Z,2023-08-24T00:00:00Z,2023.08.23 03:00,NEUTRAL,STABLE_MAPPED_ROW,,False,,290,2,41,2023-10-18T00:00:00Z,2023-10-19T00:00:00Z,NEUTRAL,2023-10-18T00:00:00Z,2023-10-17,0.192,HIGH,8/8,,false,,False,56,8,0,0,0
MAIN,2026092503,-8,SYNTHETIC_PLACEBO_ONLY,False,PROVENANCE_ONLY_NOT_CAUSAL_TRUTH,235,3,33,2023-08-24T00:00:00Z,2023-08-25T00:00:00Z,2023.08.24 03:00,NEUTRAL,STABLE_MAPPED_ROW,,False,,291,3,41,2023-10-19T00:00:00Z,2023-10-20T00:00:00Z,NEUTRAL,2023-10-19T00:00:00Z,2023-10-18,0.115,MED,8/8,,false,,False,56,8,0,0,0
MAIN,2026092503,-8,SYNTHETIC_PLACEBO_ONLY,False,PROVENANCE_ONLY_NOT_CAUSAL_TRUTH,236,4,33,2023-08-25T00:00:00Z,2023-08-26T00:00:00Z,2023.08.25 03:00,NEUTRAL,STABLE_MAPPED_ROW,,False,,292,4,41,2023-10-20T00:00:00Z,2023-10-21T00:00:00Z,NEUTRAL,2023-10-20T00:00:00Z,2023-10-19,0.077,MED,8/8,,false,,False,56,8,0,0,0
MAIN,2026092503,-8,SYNTHETIC_PLACEBO_ONLY,False,PROVENANCE_ONLY_NOT_CAUSAL_TRUTH,237,5,33,2023-08-26T00:00:00Z,2023-08-27T00:00:00Z,2023.08.26 03:00,NEUTRAL,STABLE_MAPPED_ROW,,False,,293,5,41,2023-10-21T00:00:00Z,2023-10-22T00:00:00Z,NEUTRAL,2023-10-21T00:00:00Z,2023-10-20,0.077,MED,8/8,,false,,False,56,8,0,0,0
MAIN,2026092503,-8,SYNTHETIC_PLACEBO_ONLY,False,PROVENANCE_ONLY_NOT_CAUSAL_TRUTH,238,6,34,2023-08-27T00:00:00Z,2023-08-28T00:00:00Z,2023.08.27 03:00,NEUTRAL,STABLE_MAPPED_ROW,,False,,294,6,42,2023-10-22T00:00:00Z,2023-10-23T00:00:00Z,NEUTRAL,2023-10-22T00:00:00Z,2023-10-21,0.077,MED,8/8,,false,,False,56,8,0,0,0
MAIN,2026092503,-8,SYNTHETIC_PLACEBO_ONLY,False,PROVENANCE_ONLY_NOT_CAUSAL_TRUTH,239,0,34,2023-08-28T00:00:00Z,2023-08-29T00:00:00Z,2023.08.28 03:00,NEUTRAL,STABLE_MAPPED_ROW,,False,,295,0,42,2023-10-23T00:00:00Z,2023-10-24T00:00:00Z,NEUTRAL,2023-10-23T00:00:00Z,2023-10-22,0.077,MED,8/8,,false,,False,56,8,0,0,0
MAIN,2026092503,-8,SYNTHETIC_PLACEBO_ONLY,False,PROVENANCE_ONLY_NOT_CAUSAL_TRUTH,240,1,34,2023-08-29T00:00:00Z,2023-08-30T00:00:00Z,2023.08.29 03:00,NEUTRAL,STABLE_MAPPED_ROW,,False,,296,1,42,2023-10-24T00:00:00Z,2023-10-25T00:00:00Z,NEUTRAL,2023-10-24T00:00:00Z,2023-10-23,0,LOW,8/8,,false,,False,56,8,0,0,0
MAIN,2026092503,-8,SYNTHETIC_PLACEBO_ONLY,False,PROVENANCE_ONLY_NOT_CAUSAL_TRUTH,241,2,34,2023-08-30T00:00:00Z,2023-08-31T00:00:00Z,2023.08.30 03:00,NEUTRAL,STABLE_MAPPED_ROW,,False,,297,2,42,2023-10-25T00:00:00Z,2023-10-26T00:00:00Z,NEUTRAL,2023-10-25T00:00:00Z,2023-10-24,0.231,MED,8/8,,false,,False,56,8,0,0,0
MAIN,2026092503,-8,SYNTHETIC_PLACEBO_ONLY,False,PROVENANCE_ONLY_NOT_CAUSAL_TRUTH,242,3,34,2023-08-31T00:00:00Z,2023-09-01T00:00:00Z,2023.08.31 03:00,NEUTRAL,STABLE_MAPPED_ROW,,False,,298,3,42,2023-10-26T00:00:00Z,2023-10-27T00:00:00Z,NEUTRAL,2023-10-26T00:00:00Z,2023-10-25,-0.038,MED,8/8,,false,,False,56,8,0,0,0
MAIN,2026092503,-8,SYNTHETIC_PLACEBO_ONLY,False,PROVENANCE_ONLY_NOT_CAUSAL_TRUTH,243,4,34,2023-09-01T00:00:00Z,2023-09-02T00:00:00Z,2023.09.01 03:00,NEUTRAL,STABLE_MAPPED_ROW,,False,,299,4,42,2023-10-27T00:00:00Z,2023-10-28T00:00:00Z,NEUTRAL,2023-10-27T00:00:00Z,2023-10-26,0.077,MED,8/8,,false,,False,56,8,0,0,0
MAIN,2026092503,-8,SYNTHETIC_PLACEBO_ONLY,False,PROVENANCE_ONLY_NOT_CAUSAL_TRUTH,244,5,34,2023-09-02T00:00:00Z,2023-09-03T00:00:00Z,2023.09.02 03:00,NEUTRAL,STABLE_MAPPED_ROW,,False,,300,5,42,2023-10-28T00:00:00Z,2023-10-29T00:00:00Z,NEUTRAL,2023-10-28T00:00:00Z,2023-10-27,0.077,MED,8/8,,false,,False,56,8,0,0,0
MAIN,2026092503,-8,SYNTHETIC_PLACEBO_ONLY,False,PROVENANCE_ONLY_NOT_CAUSAL_TRUTH,245,6,35,2023-09-03T00:00:00Z,2023-09-04T00:00:00Z,2023.09.03 03:00,NEUTRAL,STABLE_MAPPED_ROW,,False,,301,6,43,2023-10-29T00:00:00Z,2023-10-30T00:00:00Z,NEUTRAL,2023-10-29T00:00:00Z,2023-10-28,0.077,MED,8/8,,false,,False,56,8,0,0,0
MAIN,2026092503,-8,SYNTHETIC_PLACEBO_ONLY,False,PROVENANCE_ONLY_NOT_CAUSAL_TRUTH,246,0,35,2023-09-04T00:00:00Z,2023-09-05T00:00:00Z,2023.09.04 03:00,NEUTRAL,STABLE_MAPPED_ROW,,False,,302,0,43,2023-10-30T00:00:00Z,2023-10-31T00:00:00Z,NEUTRAL,2023-10-30T00:00:00Z,2023-10-29,0.077,MED,8/8,,false,,False,56,8,0,0,0
MAIN,2026092503,-8,SYNTHETIC_PLACEBO_ONLY,False,PROVENANCE_ONLY_NOT_CAUSAL_TRUTH,247,1,35,2023-09-05T00:00:00Z,2023-09-06T00:00:00Z,2023.09.05 03:00,NEUTRAL,STABLE_MAPPED_ROW,,False,,303,1,43,2023-10-31T00:00:00Z,2023-11-01T00:00:00Z,NEUTRAL,2023-10-31T00:00:00Z,2023-10-30,0.192,MED,8/8,,false,,False,56,8,0,0,0
MAIN,2026092503,-8,SYNTHETIC_PLACEBO_ONLY,False,PROVENANCE_ONLY_NOT_CAUSAL_TRUTH,248,2,35,2023-09-06T00:00:00Z,2023-09-07T00:00:00Z,2023.09.06 03:00,NEUTRAL,STABLE_MAPPED_ROW,,False,,304,2,43,2023-11-01T00:00:00Z,2023-11-02T00:00:00Z,NEUTRAL,2023-11-01T00:00:00Z,2023-10-31,0.231,MED,8/8,,false,,False,56,8,0,0,0
MAIN,2026092503,-8,SYNTHETIC_PLACEBO_ONLY,False,PROVENANCE_ONLY_NOT_CAUSAL_TRUTH,249,3,35,2023-09-07T00:00:00Z,2023-09-08T00:00:00Z,2023.09.07 03:00,NEUTRAL,STABLE_MAPPED_ROW,,False,,305,3,43,2023-11-02T00:00:00Z,2023-11-03T00:00:00Z,NEUTRAL,2023-11-02T00:00:00Z,2023-11-01,0.077,MED,8/8,,false,,False,56,8,0,0,0
MAIN,2026092503,-8,SYNTHETIC_PLACEBO_ONLY,False,PROVENANCE_ONLY_NOT_CAUSAL_TRUTH,250,4,35,2023-09-08T00:00:00Z,2023-09-09T00:00:00Z,2023.09.08 03:00,NEUTRAL,STABLE_MAPPED_ROW,,False,,306,4,43,2023-11-03T00:00:00Z,2023-11-04T00:00:00Z,NEUTRAL,2023-11-03T00:00:00Z,2023-11-02,0.077,MED,8/8,,false,,False,56,8,0,0,0
MAIN,2026092503,-8,SYNTHETIC_PLACEBO_ONLY,False,PROVENANCE_ONLY_NOT_CAUSAL_TRUTH,251,5,35,2023-09-09T00:00:00Z,2023-09-10T00:00:00Z,2023.09.09 03:00,NEUTRAL,STABLE_MAPPED_ROW,,False,,307,5,43,2023-11-04T00:00:00Z,2023-11-05T00:00:00Z,NEUTRAL,2023-11-04T00:00:00Z,2023-11-03,0.231,MED,8/8,,false,,False,56,8,0,0,0
MAIN,2026092503,-8,SYNTHETIC_PLACEBO_ONLY,False,PROVENANCE_ONLY_NOT_CAUSAL_TRUTH,252,6,36,2023-09-10T00:00:00Z,2023-09-11T00:00:00Z,2023.09.10 03:00,NEUTRAL,STABLE_MAPPED_ROW,,False,,308,6,44,2023-11-05T00:00:00Z,2023-11-06T00:00:00Z,NEUTRAL,2023-11-05T00:00:00Z,2023-11-04,0.231,MED,8/8,,false,,False,56,8,0,0,0
MAIN,2026092503,-8,SYNTHETIC_PLACEBO_ONLY,False,PROVENANCE_ONLY_NOT_CAUSAL_TRUTH,253,0,36,2023-09-11T00:00:00Z,2023-09-12T00:00:00Z,2023.09.11 03:00,NEUTRAL,STABLE_MAPPED_ROW,,False,,309,0,44,2023-11-06T00:00:00Z,2023-11-07T00:00:00Z,NEUTRAL,2023-11-06T00:00:00Z,2023-11-05,0.231,MED,8/8,,false,,False,56,8,0,0,0
MAIN,2026092503,-8,SYNTHETIC_PLACEBO_ONLY,False,PROVENANCE_ONLY_NOT_CAUSAL_TRUTH,254,1,36,2023-09-12T00:00:00Z,2023-09-13T00:00:00Z,2023.09.12 03:00,NEUTRAL,STABLE_MAPPED_ROW,,False,,310,1,44,2023-11-07T00:00:00Z,2023-11-08T00:00:00Z,NEUTRAL,2023-11-07T00:00:00Z,2023-11-06,0.192,MED,8/8,,false,,False,56,8,0,0,0
MAIN,2026092503,-8,SYNTHETIC_PLACEBO_ONLY,False,PROVENANCE_ONLY_NOT_CAUSAL_TRUTH,255,2,36,2023-09-13T00:00:00Z,2023-09-14T00:00:00Z,2023.09.13 03:00,NEUTRAL,STABLE_MAPPED_ROW,,False,,311,2,44,2023-11-08T00:00:00Z,2023-11-09T00:00:00Z,NEUTRAL,2023-11-08T00:00:00Z,2023-11-07,0.231,MED,8/8,,false,,False,56,8,0,0,0
MAIN,2026092503,-8,SYNTHETIC_PLACEBO_ONLY,False,PROVENANCE_ONLY_NOT_CAUSAL_TRUTH,256,3,36,2023-09-14T00:00:00Z,2023-09-15T00:00:00Z,2023.09.14 03:00,NEUTRAL,STABLE_MAPPED_ROW,,False,,312,3,44,2023-11-09T00:00:00Z,2023-11-10T00:00:00Z,NEUTRAL,2023-11-09T00:00:00Z,2023-11-08,0.231,MED,8/8,,false,,False,56,8,0,0,0
MAIN,2026092503,-8,SYNTHETIC_PLACEBO_ONLY,False,PROVENANCE_ONLY_NOT_CAUSAL_TRUTH,257,4,36,2023-09-15T00:00:00Z,2023-09-16T00:00:00Z,2023.09.15 03:00,NEUTRAL,STABLE_MAPPED_ROW,,False,,313,4,44,2023-11-10T00:00:00Z,2023-11-11T00:00:00Z,NEUTRAL,2023-11-10T00:00:00Z,2023-11-09,0.115,MED,8/8,,false,,False,56,8,0,0,0
MAIN,2026092503,-8,SYNTHETIC_PLACEBO_ONLY,False,PROVENANCE_ONLY_NOT_CAUSAL_TRUTH,258,5,36,2023-09-16T00:00:00Z,2023-09-17T00:00:00Z,2023.09.16 03:00,NEUTRAL,STABLE_MAPPED_ROW,,False,,314,5,44,2023-11-11T00:00:00Z,2023-11-12T00:00:00Z,NEUTRAL,2023-11-11T00:00:00Z,2023-11-10,0.269,HIGH,8/8,,false,,False,56,8,0,0,0
MAIN,2026092503,-8,SYNTHETIC_PLACEBO_ONLY,False,PROVENANCE_ONLY_NOT_CAUSAL_TRUTH,259,6,37,2023-09-17T00:00:00Z,2023-09-18T00:00:00Z,2023.09.17 03:00,NEUTRAL,STABLE_MAPPED_ROW,,False,,315,6,45,2023-11-12T00:00:00Z,2023-11-13T00:00:00Z,NEUTRAL,2023-11-12T00:00:00Z,2023-11-11,0.269,HIGH,8/8,,false,,False,56,8,0,0,0
MAIN,2026092503,-8,SYNTHETIC_PLACEBO_ONLY,False,PROVENANCE_ONLY_NOT_CAUSAL_TRUTH,260,0,37,2023-09-18T00:00:00Z,2023-09-19T00:00:00Z,2023.09.18 03:00,NEUTRAL,STABLE_MAPPED_ROW,,False,,316,0,45,2023-11-13T00:00:00Z,2023-11-14T00:00:00Z,NEUTRAL,2023-11-13T00:00:00Z,2023-11-12,0.269,HIGH,8/8,,false,,False,56,8,0,0,0
MAIN,2026092503,-8,SYNTHETIC_PLACEBO_ONLY,False,PROVENANCE_ONLY_NOT_CAUSAL_TRUTH,261,1,37,2023-09-19T00:00:00Z,2023-09-20T00:00:00Z,2023.09.19 03:00,NEUTRAL,STABLE_MAPPED_ROW,,False,,317,1,45,2023-11-14T00:00:00Z,2023-11-15T00:00:00Z,NEUTRAL,2023-11-14T00:00:00Z,2023-11-13,0.269,HIGH,8/8,,false,,False,56,8,0,0,0
MAIN,2026092503,-8,SYNTHETIC_PLACEBO_ONLY,False,PROVENANCE_ONLY_NOT_CAUSAL_TRUTH,262,2,37,2023-09-20T00:00:00Z,2023-09-21T00:00:00Z,2023.09.20 03:00,NEUTRAL,STABLE_MAPPED_ROW,,False,,318,2,45,2023-11-15T00:00:00Z,2023-11-16T00:00:00Z,NEUTRAL,2023-11-15T00:00:00Z,2023-11-14,0.077,MED,8/8,,false,,False,56,8,0,0,0
MAIN,2026092503,-8,SYNTHETIC_PLACEBO_ONLY,False,PROVENANCE_ONLY_NOT_CAUSAL_TRUTH,263,3,37,2023-09-21T00:00:00Z,2023-09-22T00:00:00Z,2023.09.21 03:00,NEUTRAL,STABLE_MAPPED_ROW,,False,,319,3,45,2023-11-16T00:00:00Z,2023-11-17T00:00:00Z,NEUTRAL,2023-11-16T00:00:00Z,2023-11-15,0.385,HIGH,8/8,,false,,False,56,8,0,0,0
MAIN,2026092503,-8,SYNTHETIC_PLACEBO_ONLY,False,PROVENANCE_ONLY_NOT_CAUSAL_TRUTH,264,4,37,2023-09-22T00:00:00Z,2023-09-23T00:00:00Z,2023.09.22 03:00,NEUTRAL,STABLE_MAPPED_ROW,,False,,320,4,45,2023-11-17T00:00:00Z,2023-11-18T00:00:00Z,NEUTRAL,2023-11-17T00:00:00Z,2023-11-16,0.192,MED,8/8,,false,,False,56,8,0,0,0
MAIN,2026092503,-8,SYNTHETIC_PLACEBO_ONLY,False,PROVENANCE_ONLY_NOT_CAUSAL_TRUTH,265,5,37,2023-09-23T00:00:00Z,2023-09-24T00:00:00Z,2023.09.23 03:00,NEUTRAL,STABLE_MAPPED_ROW,,False,,321,5,45,2023-11-18T00:00:00Z,2023-11-19T00:00:00Z,NEUTRAL,2023-11-18T00:00:00Z,2023-11-17,0.192,MED,8/8,,false,,False,56,8,0,0,0
MAIN,2026092503,-8,SYNTHETIC_PLACEBO_ONLY,False,PROVENANCE_ONLY_NOT_CAUSAL_TRUTH,266,6,38,2023-09-24T00:00:00Z,2023-09-25T00:00:00Z,2023.09.24 03:00,NEUTRAL,STABLE_MAPPED_ROW,,False,,322,6,46,2023-11-19T00:00:00Z,2023-11-20T00:00:00Z,NEUTRAL,2023-11-19T00:00:00Z,2023-11-18,0.231,MED,8/8,,false,,False,56,8,0,0,0
MAIN,2026092503,-8,SYNTHETIC_PLACEBO_ONLY,False,PROVENANCE_ONLY_NOT_CAUSAL_TRUTH,267,0,38,2023-09-25T00:00:00Z,2023-09-26T00:00:00Z,2023.09.25 03:00,NEUTRAL,STABLE_MAPPED_ROW,,False,,323,0,46,2023-11-20T00:00:00Z,2023-11-21T00:00:00Z,NEUTRAL,2023-11-20T00:00:00Z,2023-11-19,0.231,MED,8/8,,false,,False,56,8,0,0,0
MAIN,2026092503,-8,SYNTHETIC_PLACEBO_ONLY,False,PROVENANCE_ONLY_NOT_CAUSAL_TRUTH,268,1,38,2023-09-26T00:00:00Z,2023-09-27T00:00:00Z,2023.09.26 03:00,NEUTRAL,STABLE_MAPPED_ROW,,False,,324,1,46,2023-11-21T00:00:00Z,2023-11-22T00:00:00Z,NEUTRAL,2023-11-21T00:00:00Z,2023-11-20,0.192,MED,8/8,,false,,False,56,8,0,0,0
MAIN,2026092503,-8,SYNTHETIC_PLACEBO_ONLY,False,PROVENANCE_ONLY_NOT_CAUSAL_TRUTH,269,2,38,2023-09-27T00:00:00Z,2023-09-28T00:00:00Z,2023.09.27 03:00,NEUTRAL,STABLE_MAPPED_ROW,,False,,325,2,46,2023-11-22T00:00:00Z,2023-11-23T00:00:00Z,NEUTRAL,2023-11-22T00:00:00Z,2023-11-21,0.038,MED,8/8,,false,,False,56,8,0,0,0
MAIN,2026092503,-8,SYNTHETIC_PLACEBO_ONLY,False,PROVENANCE_ONLY_NOT_CAUSAL_TRUTH,270,3,38,2023-09-28T00:00:00Z,2023-09-29T00:00:00Z,2023.09.28 03:00,NEUTRAL,STABLE_MAPPED_ROW,,False,,326,3,46,2023-11-23T00:00:00Z,2023-11-24T00:00:00Z,NEUTRAL,2023-11-23T00:00:00Z,2023-11-22,0.269,HIGH,8/8,,false,,False,56,8,0,0,0
MAIN,2026092503,-8,SYNTHETIC_PLACEBO_ONLY,False,PROVENANCE_ONLY_NOT_CAUSAL_TRUTH,271,4,38,2023-09-29T00:00:00Z,2023-09-30T00:00:00Z,2023.09.29 03:00,NEUTRAL,STABLE_MAPPED_ROW,,False,,327,4,46,2023-11-24T00:00:00Z,2023-11-25T00:00:00Z,NEUTRAL,2023-11-24T00:00:00Z,2023-11-23,0.269,HIGH,8/8,,false,,False,56,8,0,0,0
MAIN,2026092503,-8,SYNTHETIC_PLACEBO_ONLY,False,PROVENANCE_ONLY_NOT_CAUSAL_TRUTH,272,5,38,2023-09-30T00:00:00Z,2023-10-01T00:00:00Z,2023.09.30 03:00,NEUTRAL,STABLE_MAPPED_ROW,,False,,328,5,46,2023-11-25T00:00:00Z,2023-11-26T00:00:00Z,NEUTRAL,2023-11-25T00:00:00Z,2023-11-24,0.385,HIGH,8/8,,false,,False,56,8,0,0,0
MAIN,2026092503,-8,SYNTHETIC_PLACEBO_ONLY,False,PROVENANCE_ONLY_NOT_CAUSAL_TRUTH,273,6,39,2023-10-01T00:00:00Z,2023-10-02T00:00:00Z,2023.10.01 03:00,NEUTRAL,STABLE_MAPPED_ROW,,False,,329,6,47,2023-11-26T00:00:00Z,2023-11-27T00:00:00Z,NEUTRAL,2023-11-26T00:00:00Z,2023-11-25,0.385,HIGH,8/8,,false,,False,56,8,0,0,0
MAIN,2026092503,-8,SYNTHETIC_PLACEBO_ONLY,False,PROVENANCE_ONLY_NOT_CAUSAL_TRUTH,274,0,39,2023-10-02T00:00:00Z,2023-10-03T00:00:00Z,2023.10.02 03:00,NEUTRAL,STABLE_MAPPED_ROW,,False,,330,0,47,2023-11-27T00:00:00Z,2023-11-28T00:00:00Z,NEUTRAL,2023-11-27T00:00:00Z,2023-11-26,0.385,HIGH,8/8,,false,,False,56,8,0,0,0
MAIN,2026092503,-8,SYNTHETIC_PLACEBO_ONLY,False,PROVENANCE_ONLY_NOT_CAUSAL_TRUTH,275,1,39,2023-10-03T00:00:00Z,2023-10-04T00:00:00Z,2023.10.03 03:00,NEUTRAL,STABLE_MAPPED_ROW,,False,,331,1,47,2023-11-28T00:00:00Z,2023-11-29T00:00:00Z,NEUTRAL,2023-11-28T00:00:00Z,2023-11-27,0.346,HIGH,8/8,,false,,False,56,8,0,0,0
MAIN,2026092503,-8,SYNTHETIC_PLACEBO_ONLY,False,PROVENANCE_ONLY_NOT_CAUSAL_TRUTH,276,2,39,2023-10-04T00:00:00Z,2023-10-05T00:00:00Z,2023.10.04 03:00,NEUTRAL,STABLE_MAPPED_ROW,,False,,332,2,47,2023-11-29T00:00:00Z,2023-11-30T00:00:00Z,NEUTRAL,2023-11-29T00:00:00Z,2023-11-28,0.385,HIGH,8/8,,false,,False,56,8,0,0,0
MAIN,2026092503,-8,SYNTHETIC_PLACEBO_ONLY,False,PROVENANCE_ONLY_NOT_CAUSAL_TRUTH,277,3,39,2023-10-05T00:00:00Z,2023-10-06T00:00:00Z,2023.10.05 03:00,NEUTRAL,STABLE_MAPPED_ROW,,False,,333,3,47,2023-11-30T00:00:00Z,2023-12-01T00:00:00Z,NEUTRAL,2023-11-30T00:00:00Z,2023-11-29,0.385,HIGH,8/8,,false,,False,56,8,0,0,0
MAIN,2026092503,-8,SYNTHETIC_PLACEBO_ONLY,False,PROVENANCE_ONLY_NOT_CAUSAL_TRUTH,278,4,39,2023-10-06T00:00:00Z,2023-10-07T00:00:00Z,2023.10.06 03:00,NEUTRAL,STABLE_MAPPED_ROW,,False,,334,4,47,2023-12-01T00:00:00Z,2023-12-02T00:00:00Z,NEUTRAL,2023-12-01T00:00:00Z,2023-11-30,0.385,HIGH,8/8,,false,,False,56,8,0,0,0
MAIN,2026092503,-8,SYNTHETIC_PLACEBO_ONLY,False,PROVENANCE_ONLY_NOT_CAUSAL_TRUTH,279,5,39,2023-10-07T00:00:00Z,2023-10-08T00:00:00Z,2023.10.07 03:00,NEUTRAL,STABLE_MAPPED_ROW,,False,,335,5,47,2023-12-02T00:00:00Z,2023-12-03T00:00:00Z,NEUTRAL,2023-12-02T00:00:00Z,2023-12-01,0.269,HIGH,8/8,,false,,False,56,8,0,0,0
MAIN,2026092503,-8,SYNTHETIC_PLACEBO_ONLY,False,PROVENANCE_ONLY_NOT_CAUSAL_TRUTH,280,6,40,2023-10-08T00:00:00Z,2023-10-09T00:00:00Z,2023.10.08 03:00,NEUTRAL,STABLE_MAPPED_ROW,,False,,336,6,48,2023-12-03T00:00:00Z,2023-12-04T00:00:00Z,NEUTRAL,2023-12-03T00:00:00Z,2023-12-02,0.269,HIGH,8/8,,false,,False,56,8,0,0,0
MAIN,2026092503,-8,SYNTHETIC_PLACEBO_ONLY,False,PROVENANCE_ONLY_NOT_CAUSAL_TRUTH,281,0,40,2023-10-09T00:00:00Z,2023-10-10T00:00:00Z,2023.10.09 03:00,NEUTRAL,STABLE_MAPPED_ROW,,False,,337,0,48,2023-12-04T00:00:00Z,2023-12-05T00:00:00Z,NEUTRAL,2023-12-04T00:00:00Z,2023-12-03,0.269,HIGH,8/8,,false,,False,56,8,0,0,0
MAIN,2026092503,-8,SYNTHETIC_PLACEBO_ONLY,False,PROVENANCE_ONLY_NOT_CAUSAL_TRUTH,282,1,40,2023-10-10T00:00:00Z,2023-10-11T00:00:00Z,2023.10.10 03:00,NEUTRAL,STABLE_MAPPED_ROW,,False,,338,1,48,2023-12-05T00:00:00Z,2023-12-06T00:00:00Z,NEUTRAL,2023-12-05T00:00:00Z,2023-12-04,0.115,HIGH,8/8,,false,,False,56,8,0,0,0
MAIN,2026092503,-8,SYNTHETIC_PLACEBO_ONLY,False,PROVENANCE_ONLY_NOT_CAUSAL_TRUTH,283,2,40,2023-10-11T00:00:00Z,2023-10-12T00:00:00Z,2023.10.11 03:00,NEUTRAL,STABLE_MAPPED_ROW,,False,,339,2,48,2023-12-06T00:00:00Z,2023-12-07T00:00:00Z,NEUTRAL,2023-12-06T00:00:00Z,2023-12-05,0.115,MED,8/8,,false,,False,56,8,0,0,0
MAIN,2026092503,-8,SYNTHETIC_PLACEBO_ONLY,False,PROVENANCE_ONLY_NOT_CAUSAL_TRUTH,284,3,40,2023-10-12T00:00:00Z,2023-10-13T00:00:00Z,2023.10.12 03:00,NEUTRAL,STABLE_MAPPED_ROW,,False,,340,3,48,2023-12-07T00:00:00Z,2023-12-08T00:00:00Z,NEUTRAL,2023-12-07T00:00:00Z,2023-12-06,0.115,MED,8/8,,false,,False,56,8,0,0,0
MAIN,2026092503,-8,SYNTHETIC_PLACEBO_ONLY,False,PROVENANCE_ONLY_NOT_CAUSAL_TRUTH,285,4,40,2023-10-13T00:00:00Z,2023-10-14T00:00:00Z,2023.10.13 03:00,NEUTRAL,STABLE_MAPPED_ROW,,False,,341,4,48,2023-12-08T00:00:00Z,2023-12-09T00:00:00Z,NEUTRAL,2023-12-08T00:00:00Z,2023-12-07,0.115,MED,8/8,,false,,False,56,8,0,0,0
MAIN,2026092503,-8,SYNTHETIC_PLACEBO_ONLY,False,PROVENANCE_ONLY_NOT_CAUSAL_TRUTH,286,5,40,2023-10-14T00:00:00Z,2023-10-15T00:00:00Z,2023.10.14 03:00,NEUTRAL,STABLE_MAPPED_ROW,,False,,342,5,48,2023-12-09T00:00:00Z,2023-12-10T00:00:00Z,NEUTRAL,2023-12-09T00:00:00Z,2023-12-08,0.077,HIGH,8/8,,false,,False,56,8,0,0,0
MAIN,2026092503,-8,SYNTHETIC_PLACEBO_ONLY,False,PROVENANCE_ONLY_NOT_CAUSAL_TRUTH,287,6,41,2023-10-15T00:00:00Z,2023-10-16T00:00:00Z,2023.10.15 03:00,NEUTRAL,STABLE_MAPPED_ROW,,False,,343,6,49,2023-12-10T00:00:00Z,2023-12-11T00:00:00Z,NEUTRAL,2023-12-10T00:00:00Z,2023-12-09,0.077,HIGH,8/8,,false,,False,56,8,0,0,0
MAIN,2026092503,-8,SYNTHETIC_PLACEBO_ONLY,False,PROVENANCE_ONLY_NOT_CAUSAL_TRUTH,288,0,41,2023-10-16T00:00:00Z,2023-10-17T00:00:00Z,2023.10.16 03:00,NEUTRAL,STABLE_MAPPED_ROW,,False,,344,0,49,2023-12-11T00:00:00Z,2023-12-12T00:00:00Z,NEUTRAL,2023-12-11T00:00:00Z,2023-12-10,0.038,HIGH,8/8,,false,,False,56,8,0,0,0
MAIN,2026092503,-8,SYNTHETIC_PLACEBO_ONLY,False,PROVENANCE_ONLY_NOT_CAUSAL_TRUTH,289,1,41,2023-10-17T00:00:00Z,2023-10-18T00:00:00Z,2023.10.17 03:00,NEUTRAL,STABLE_MAPPED_ROW,,False,,345,1,49,2023-12-12T00:00:00Z,2023-12-13T00:00:00Z,NEUTRAL,2023-12-12T00:00:00Z,2023-12-11,0.077,MED,8/8,,false,,False,56,8,0,0,0
MAIN,2026092503,-8,SYNTHETIC_PLACEBO_ONLY,False,PROVENANCE_ONLY_NOT_CAUSAL_TRUTH,290,2,41,2023-10-18T00:00:00Z,2023-10-19T00:00:00Z,2023.10.18 03:00,NEUTRAL,STABLE_MAPPED_ROW,,False,,346,2,49,2023-12-13T00:00:00Z,2023-12-14T00:00:00Z,NEUTRAL,2023-12-13T00:00:00Z,2023-12-12,0.077,MED,8/8,,false,,False,56,8,0,0,0
MAIN,2026092503,-8,SYNTHETIC_PLACEBO_ONLY,False,PROVENANCE_ONLY_NOT_CAUSAL_TRUTH,291,3,41,2023-10-19T00:00:00Z,2023-10-20T00:00:00Z,2023.10.19 03:00,NEUTRAL,STABLE_MAPPED_ROW,,False,,347,3,49,2023-12-14T00:00:00Z,2023-12-15T00:00:00Z,NEUTRAL,2023-12-14T00:00:00Z,2023-12-13,0.231,HIGH,8/8,,false,,False,56,8,0,0,0
MAIN,2026092503,-8,SYNTHETIC_PLACEBO_ONLY,False,PROVENANCE_ONLY_NOT_CAUSAL_TRUTH,292,4,41,2023-10-20T00:00:00Z,2023-10-21T00:00:00Z,2023.10.20 03:00,NEUTRAL,STABLE_MAPPED_ROW,,False,,348,4,49,2023-12-15T00:00:00Z,2023-12-16T00:00:00Z,NEUTRAL,2023-12-15T00:00:00Z,2023-12-14,-0.077,LOW,8/8,,false,,False,56,8,0,0,0
MAIN,2026092503,-8,SYNTHETIC_PLACEBO_ONLY,False,PROVENANCE_ONLY_NOT_CAUSAL_TRUTH,293,5,41,2023-10-21T00:00:00Z,2023-10-22T00:00:00Z,2023.10.21 03:00,NEUTRAL,STABLE_MAPPED_ROW,,False,,349,5,49,2023-12-16T00:00:00Z,2023-12-17T00:00:00Z,NEUTRAL,2023-12-16T00:00:00Z,2023-12-15,0.192,MED,8/8,,false,,False,56,8,0,0,0
MAIN,2026092503,-8,SYNTHETIC_PLACEBO_ONLY,False,PROVENANCE_ONLY_NOT_CAUSAL_TRUTH,294,6,42,2023-10-22T00:00:00Z,2023-10-23T00:00:00Z,2023.10.22 03:00,NEUTRAL,STABLE_MAPPED_ROW,,False,,350,6,50,2023-12-17T00:00:00Z,2023-12-18T00:00:00Z,NEUTRAL,2023-12-17T00:00:00Z,2023-12-16,0.385,HIGH,8/8,,false,,False,56,8,0,0,0
MAIN,2026092503,-8,SYNTHETIC_PLACEBO_ONLY,False,PROVENANCE_ONLY_NOT_CAUSAL_TRUTH,295,0,42,2023-10-23T00:00:00Z,2023-10-24T00:00:00Z,2023.10.23 03:00,NEUTRAL,STABLE_MAPPED_ROW,,False,,351,0,50,2023-12-18T00:00:00Z,2023-12-19T00:00:00Z,NEUTRAL,2023-12-18T00:00:00Z,2023-12-17,0.346,HIGH,8/8,,false,,False,56,8,0,0,0
MAIN,2026092503,-8,SYNTHETIC_PLACEBO_ONLY,False,PROVENANCE_ONLY_NOT_CAUSAL_TRUTH,296,1,42,2023-10-24T00:00:00Z,2023-10-25T00:00:00Z,2023.10.24 03:00,NEUTRAL,STABLE_MAPPED_ROW,,False,,352,1,50,2023-12-19T00:00:00Z,2023-12-20T00:00:00Z,NEUTRAL,2023-12-19T00:00:00Z,2023-12-18,0.231,HIGH,8/8,,false,,False,56,8,0,0,0
MAIN,2026092503,-8,SYNTHETIC_PLACEBO_ONLY,False,PROVENANCE_ONLY_NOT_CAUSAL_TRUTH,297,2,42,2023-10-25T00:00:00Z,2023-10-26T00:00:00Z,2023.10.25 03:00,NEUTRAL,STABLE_MAPPED_ROW,,False,,353,2,50,2023-12-20T00:00:00Z,2023-12-21T00:00:00Z,NEUTRAL,2023-12-20T00:00:00Z,2023-12-19,0.231,HIGH,8/8,,false,,False,56,8,0,0,0
MAIN,2026092503,-8,SYNTHETIC_PLACEBO_ONLY,False,PROVENANCE_ONLY_NOT_CAUSAL_TRUTH,298,3,42,2023-10-26T00:00:00Z,2023-10-27T00:00:00Z,2023.10.26 03:00,NEUTRAL,STABLE_MAPPED_ROW,,False,,354,3,50,2023-12-21T00:00:00Z,2023-12-22T00:00:00Z,NEUTRAL,2023-12-21T00:00:00Z,2023-12-20,0.308,MED,8/8,,false,,False,56,8,0,0,0
MAIN,2026092503,-8,SYNTHETIC_PLACEBO_ONLY,False,PROVENANCE_ONLY_NOT_CAUSAL_TRUTH,299,4,42,2023-10-27T00:00:00Z,2023-10-28T00:00:00Z,2023.10.27 03:00,RISK_ON,STABLE_MAPPED_ROW,,False,,355,4,50,2023-12-22T00:00:00Z,2023-12-23T00:00:00Z,RISK_ON,2023-12-22T00:00:00Z,2023-12-21,0.538,HIGH,8/8,,false,,False,56,8,0,0,0
MAIN,2026092503,-8,SYNTHETIC_PLACEBO_ONLY,False,PROVENANCE_ONLY_NOT_CAUSAL_TRUTH,300,5,42,2023-10-28T00:00:00Z,2023-10-29T00:00:00Z,2023.10.28 03:00,RISK_ON,STABLE_MAPPED_ROW,,False,,356,5,50,2023-12-23T00:00:00Z,2023-12-24T00:00:00Z,RISK_ON,2023-12-23T00:00:00Z,2023-12-22,0.538,HIGH,8/8,,false,,False,56,8,0,0,0
MAIN,2026092503,-8,SYNTHETIC_PLACEBO_ONLY,False,PROVENANCE_ONLY_NOT_CAUSAL_TRUTH,301,6,43,2023-10-29T00:00:00Z,2023-10-30T00:00:00Z,2023.10.29 03:00,RISK_ON,STABLE_MAPPED_ROW,,False,,357,6,51,2023-12-24T00:00:00Z,2023-12-25T00:00:00Z,RISK_ON,2023-12-24T00:00:00Z,2023-12-23,0.538,HIGH,8/8,,false,,False,56,8,0,0,0
MAIN,2026092503,-8,SYNTHETIC_PLACEBO_ONLY,False,PROVENANCE_ONLY_NOT_CAUSAL_TRUTH,302,0,43,2023-10-30T00:00:00Z,2023-10-31T00:00:00Z,2023.10.30 03:00,RISK_ON,STABLE_MAPPED_ROW,,False,,358,0,51,2023-12-25T00:00:00Z,2023-12-26T00:00:00Z,RISK_ON,2023-12-25T00:00:00Z,2023-12-24,0.538,HIGH,8/8,,false,,False,56,8,0,0,0
MAIN,2026092503,-8,SYNTHETIC_PLACEBO_ONLY,False,PROVENANCE_ONLY_NOT_CAUSAL_TRUTH,303,1,43,2023-10-31T00:00:00Z,2023-11-01T00:00:00Z,2023.10.31 03:00,RISK_ON,STABLE_MAPPED_ROW,,False,,359,1,51,2023-12-26T00:00:00Z,2023-12-27T00:00:00Z,RISK_ON,2023-12-26T00:00:00Z,2023-12-25,0.5,HIGH,8/8,,false,,False,56,8,0,0,0
MAIN,2026092503,-8,SYNTHETIC_PLACEBO_ONLY,False,PROVENANCE_ONLY_NOT_CAUSAL_TRUTH,304,2,43,2023-11-01T00:00:00Z,2023-11-02T00:00:00Z,2023.11.01 03:00,NEUTRAL,STABLE_MAPPED_ROW,,False,,360,2,51,2023-12-27T00:00:00Z,2023-12-28T00:00:00Z,NEUTRAL,2023-12-27T00:00:00Z,2023-12-26,0.346,HIGH,8/8,,false,,False,56,8,0,0,0
MAIN,2026092503,-8,SYNTHETIC_PLACEBO_ONLY,False,PROVENANCE_ONLY_NOT_CAUSAL_TRUTH,305,3,43,2023-11-02T00:00:00Z,2023-11-03T00:00:00Z,2023.11.02 03:00,NEUTRAL,STABLE_MAPPED_ROW,,False,,361,3,51,2023-12-28T00:00:00Z,2023-12-29T00:00:00Z,NEUTRAL,2023-12-28T00:00:00Z,2023-12-27,0.385,HIGH,8/8,,false,,False,56,8,0,0,0
MAIN,2026092503,-8,SYNTHETIC_PLACEBO_ONLY,False,PROVENANCE_ONLY_NOT_CAUSAL_TRUTH,306,4,43,2023-11-03T00:00:00Z,2023-11-04T00:00:00Z,2023.11.03 03:00,RISK_ON,STABLE_MAPPED_ROW,,False,,362,4,51,2023-12-29T00:00:00Z,2023-12-30T00:00:00Z,RISK_ON,2023-12-29T00:00:00Z,2023-12-28,0.5,HIGH,8/8,,false,,False,56,8,0,0,0
MAIN,2026092503,-8,SYNTHETIC_PLACEBO_ONLY,False,PROVENANCE_ONLY_NOT_CAUSAL_TRUTH,307,5,43,2023-11-04T00:00:00Z,2023-11-05T00:00:00Z,2023.11.04 03:00,NEUTRAL,STABLE_MAPPED_ROW,,False,,363,5,51,2023-12-30T00:00:00Z,2023-12-31T00:00:00Z,NEUTRAL,2023-12-30T00:00:00Z,2023-12-29,0.462,HIGH,8/8,,false,,False,56,8,0,0,0
MAIN,2026092503,-8,SYNTHETIC_PLACEBO_ONLY,False,PROVENANCE_ONLY_NOT_CAUSAL_TRUTH,308,6,44,2023-11-05T00:00:00Z,2023-11-06T00:00:00Z,2023.11.05 00:00,UNKNOWN,TRANSITION_UNKNOWN_BOUNDARY_MARKER,2023-11-05,True,2023.11.06 02:00,364,6,52,2023-12-31T00:00:00Z,2024-01-01T00:00:00Z,NEUTRAL,2023-12-31T00:00:00Z,2023-12-30,0.308,HIGH,8/8,,false,,False,56,8,0,0,0
MAIN,2026092503,-8,SYNTHETIC_PLACEBO_ONLY,False,PROVENANCE_ONLY_NOT_CAUSAL_TRUTH,309,0,44,2023-11-06T00:00:00Z,2023-11-07T00:00:00Z,2023.11.06 02:00,NEUTRAL,STABLE_MAPPED_ROW,,False,,365,0,52,2024-01-01T00:00:00Z,2024-01-02T00:00:00Z,NEUTRAL,2024-01-01T00:00:00Z,2023-12-31,0.462,HIGH,8/8,,false,,False,56,8,0,0,0
MAIN,2026092503,-8,SYNTHETIC_PLACEBO_ONLY,False,PROVENANCE_ONLY_NOT_CAUSAL_TRUTH,310,1,44,2023-11-07T00:00:00Z,2023-11-08T00:00:00Z,2023.11.07 02:00,NEUTRAL,STABLE_MAPPED_ROW,,False,,366,1,52,2024-01-02T00:00:00Z,2024-01-03T00:00:00Z,NEUTRAL,2024-01-02T00:00:00Z,2024-01-01,0.385,HIGH,8/8,,false,,False,56,8,0,0,0
MAIN,2026092503,-8,SYNTHETIC_PLACEBO_ONLY,False,PROVENANCE_ONLY_NOT_CAUSAL_TRUTH,311,2,44,2023-11-08T00:00:00Z,2023-11-09T00:00:00Z,2023.11.08 02:00,NEUTRAL,STABLE_MAPPED_ROW,,False,,367,2,52,2024-01-03T00:00:00Z,2024-01-04T00:00:00Z,NEUTRAL,2024-01-03T00:00:00Z,2024-01-02,0.385,HIGH,8/8,,false,,False,56,8,0,0,0
MAIN,2026092503,-8,SYNTHETIC_PLACEBO_ONLY,False,PROVENANCE_ONLY_NOT_CAUSAL_TRUTH,312,3,44,2023-11-09T00:00:00Z,2023-11-10T00:00:00Z,2023.11.09 02:00,NEUTRAL,STABLE_MAPPED_ROW,,False,,368,3,52,2024-01-04T00:00:00Z,2024-01-05T00:00:00Z,NEUTRAL,2024-01-04T00:00:00Z,2024-01-03,0.385,HIGH,8/8,,false,,False,56,8,0,0,0
MAIN,2026092503,-8,SYNTHETIC_PLACEBO_ONLY,False,PROVENANCE_ONLY_NOT_CAUSAL_TRUTH,313,4,44,2023-11-10T00:00:00Z,2023-11-11T00:00:00Z,2023.11.10 02:00,NEUTRAL,STABLE_MAPPED_ROW,,False,,369,4,52,2024-01-05T00:00:00Z,2024-01-06T00:00:00Z,NEUTRAL,2024-01-05T00:00:00Z,2024-01-04,0.462,HIGH,8/8,,false,,False,56,8,0,0,0
MAIN,2026092503,-8,SYNTHETIC_PLACEBO_ONLY,False,PROVENANCE_ONLY_NOT_CAUSAL_TRUTH,314,5,44,2023-11-11T00:00:00Z,2023-11-12T00:00:00Z,2023.11.11 02:00,NEUTRAL,STABLE_MAPPED_ROW,,False,,370,5,52,2024-01-06T00:00:00Z,2024-01-07T00:00:00Z,NEUTRAL,2024-01-06T00:00:00Z,2024-01-05,0.423,HIGH,8/8,,false,,False,56,8,0,0,0
MAIN,2026092503,-8,SYNTHETIC_PLACEBO_ONLY,False,PROVENANCE_ONLY_NOT_CAUSAL_TRUTH,315,6,45,2023-11-12T00:00:00Z,2023-11-13T00:00:00Z,2023.11.12 02:00,NEUTRAL,STABLE_MAPPED_ROW,,False,,371,6,53,2024-01-07T00:00:00Z,2024-01-08T00:00:00Z,NEUTRAL,2024-01-07T00:00:00Z,2024-01-06,0.385,HIGH,8/8,,false,,False,56,8,0,0,0
MAIN,2026092503,-8,SYNTHETIC_PLACEBO_ONLY,False,PROVENANCE_ONLY_NOT_CAUSAL_TRUTH,316,0,45,2023-11-13T00:00:00Z,2023-11-14T00:00:00Z,2023.11.13 02:00,NEUTRAL,STABLE_MAPPED_ROW,,False,,372,0,53,2024-01-08T00:00:00Z,2024-01-09T00:00:00Z,NEUTRAL,2024-01-08T00:00:00Z,2024-01-07,0.385,HIGH,8/8,,false,,False,56,8,0,0,0
MAIN,2026092503,-8,SYNTHETIC_PLACEBO_ONLY,False,PROVENANCE_ONLY_NOT_CAUSAL_TRUTH,317,1,45,2023-11-14T00:00:00Z,2023-11-15T00:00:00Z,2023.11.14 02:00,RISK_ON,STABLE_MAPPED_ROW,,False,,373,1,53,2024-01-09T00:00:00Z,2024-01-10T00:00:00Z,RISK_ON,2024-01-09T00:00:00Z,2024-01-08,0.5,HIGH,8/8,,false,,False,56,8,0,0,0
MAIN,2026092503,-8,SYNTHETIC_PLACEBO_ONLY,False,PROVENANCE_ONLY_NOT_CAUSAL_TRUTH,318,2,45,2023-11-15T00:00:00Z,2023-11-16T00:00:00Z,2023.11.15 02:00,NEUTRAL,STABLE_MAPPED_ROW,,False,,374,2,53,2024-01-10T00:00:00Z,2024-01-11T00:00:00Z,NEUTRAL,2024-01-10T00:00:00Z,2024-01-09,0.308,HIGH,8/8,,false,,False,56,8,0,0,0
MAIN,2026092503,-8,SYNTHETIC_PLACEBO_ONLY,False,PROVENANCE_ONLY_NOT_CAUSAL_TRUTH,319,3,45,2023-11-16T00:00:00Z,2023-11-17T00:00:00Z,2023.11.16 02:00,NEUTRAL,STABLE_MAPPED_ROW,,False,,375,3,53,2024-01-11T00:00:00Z,2024-01-12T00:00:00Z,NEUTRAL,2024-01-11T00:00:00Z,2024-01-10,0.385,HIGH,8/8,,false,,False,56,8,0,0,0
MAIN,2026092503,-8,SYNTHETIC_PLACEBO_ONLY,False,PROVENANCE_ONLY_NOT_CAUSAL_TRUTH,320,4,45,2023-11-17T00:00:00Z,2023-11-18T00:00:00Z,2023.11.17 02:00,NEUTRAL,STABLE_MAPPED_ROW,,False,,376,4,53,2024-01-12T00:00:00Z,2024-01-13T00:00:00Z,NEUTRAL,2024-01-12T00:00:00Z,2024-01-11,0.385,HIGH,8/8,,false,,False,56,8,0,0,0
MAIN,2026092503,-8,SYNTHETIC_PLACEBO_ONLY,False,PROVENANCE_ONLY_NOT_CAUSAL_TRUTH,321,5,45,2023-11-18T00:00:00Z,2023-11-19T00:00:00Z,2023.11.18 02:00,NEUTRAL,STABLE_MAPPED_ROW,,False,,377,5,53,2024-01-13T00:00:00Z,2024-01-14T00:00:00Z,NEUTRAL,2024-01-13T00:00:00Z,2024-01-12,0.346,HIGH,8/8,,false,,False,56,8,0,0,0
MAIN,2026092503,-8,SYNTHETIC_PLACEBO_ONLY,False,PROVENANCE_ONLY_NOT_CAUSAL_TRUTH,322,6,46,2023-11-19T00:00:00Z,2023-11-20T00:00:00Z,2023.11.19 02:00,NEUTRAL,STABLE_MAPPED_ROW,,False,,378,6,54,2024-01-14T00:00:00Z,2024-01-15T00:00:00Z,NEUTRAL,2024-01-14T00:00:00Z,2024-01-13,0.192,MED,8/8,,false,,False,56,8,0,0,0
MAIN,2026092503,-8,SYNTHETIC_PLACEBO_ONLY,False,PROVENANCE_ONLY_NOT_CAUSAL_TRUTH,323,0,46,2023-11-20T00:00:00Z,2023-11-21T00:00:00Z,2023.11.20 02:00,NEUTRAL,STABLE_MAPPED_ROW,,False,,379,0,54,2024-01-15T00:00:00Z,2024-01-16T00:00:00Z,NEUTRAL,2024-01-15T00:00:00Z,2024-01-14,0.192,MED,8/8,,false,,False,56,8,0,0,0
MAIN,2026092503,-8,SYNTHETIC_PLACEBO_ONLY,False,PROVENANCE_ONLY_NOT_CAUSAL_TRUTH,324,1,46,2023-11-21T00:00:00Z,2023-11-22T00:00:00Z,2023.11.21 02:00,NEUTRAL,STABLE_MAPPED_ROW,,False,,380,1,54,2024-01-16T00:00:00Z,2024-01-17T00:00:00Z,NEUTRAL,2024-01-16T00:00:00Z,2024-01-15,0.077,MED,8/8,,false,,False,56,8,0,0,0
MAIN,2026092503,-8,SYNTHETIC_PLACEBO_ONLY,False,PROVENANCE_ONLY_NOT_CAUSAL_TRUTH,325,2,46,2023-11-22T00:00:00Z,2023-11-23T00:00:00Z,2023.11.22 02:00,NEUTRAL,STABLE_MAPPED_ROW,,False,,381,2,54,2024-01-17T00:00:00Z,2024-01-18T00:00:00Z,NEUTRAL,2024-01-17T00:00:00Z,2024-01-16,0.192,MED,8/8,,false,,False,56,8,0,0,0
MAIN,2026092503,-8,SYNTHETIC_PLACEBO_ONLY,False,PROVENANCE_ONLY_NOT_CAUSAL_TRUTH,326,3,46,2023-11-23T00:00:00Z,2023-11-24T00:00:00Z,2023.11.23 02:00,NEUTRAL,STABLE_MAPPED_ROW,,False,,382,3,54,2024-01-18T00:00:00Z,2024-01-19T00:00:00Z,NEUTRAL,2024-01-18T00:00:00Z,2024-01-17,0.346,HIGH,8/8,,false,,False,56,8,0,0,0
MAIN,2026092503,-8,SYNTHETIC_PLACEBO_ONLY,False,PROVENANCE_ONLY_NOT_CAUSAL_TRUTH,327,4,46,2023-11-24T00:00:00Z,2023-11-25T00:00:00Z,2023.11.24 02:00,NEUTRAL,STABLE_MAPPED_ROW,,False,,383,4,54,2024-01-19T00:00:00Z,2024-01-20T00:00:00Z,NEUTRAL,2024-01-19T00:00:00Z,2024-01-18,0.077,MED,8/8,,false,,False,56,8,0,0,0
MAIN,2026092503,-8,SYNTHETIC_PLACEBO_ONLY,False,PROVENANCE_ONLY_NOT_CAUSAL_TRUTH,328,5,46,2023-11-25T00:00:00Z,2023-11-26T00:00:00Z,2023.11.25 02:00,RISK_ON,STABLE_MAPPED_ROW,,False,,384,5,54,2024-01-20T00:00:00Z,2024-01-21T00:00:00Z,RISK_ON,2024-01-20T00:00:00Z,2024-01-19,0.577,HIGH,8/8,,false,,False,56,8,0,0,0
MAIN,2026092503,-8,SYNTHETIC_PLACEBO_ONLY,False,PROVENANCE_ONLY_NOT_CAUSAL_TRUTH,329,6,47,2023-11-26T00:00:00Z,2023-11-27T00:00:00Z,2023.11.26 02:00,RISK_ON,STABLE_MAPPED_ROW,,False,,385,6,55,2024-01-21T00:00:00Z,2024-01-22T00:00:00Z,RISK_ON,2024-01-21T00:00:00Z,2024-01-20,0.577,HIGH,8/8,,false,,False,56,8,0,0,0
MAIN,2026092503,-8,SYNTHETIC_PLACEBO_ONLY,False,PROVENANCE_ONLY_NOT_CAUSAL_TRUTH,330,0,47,2023-11-27T00:00:00Z,2023-11-28T00:00:00Z,2023.11.27 02:00,NEUTRAL,STABLE_MAPPED_ROW,,False,,386,0,55,2024-01-22T00:00:00Z,2024-01-23T00:00:00Z,NEUTRAL,2024-01-22T00:00:00Z,2024-01-21,0.423,HIGH,8/8,,false,,False,56,8,0,0,0
MAIN,2026092503,-8,SYNTHETIC_PLACEBO_ONLY,False,PROVENANCE_ONLY_NOT_CAUSAL_TRUTH,331,1,47,2023-11-28T00:00:00Z,2023-11-29T00:00:00Z,2023.11.28 02:00,NEUTRAL,STABLE_MAPPED_ROW,,False,,387,1,55,2024-01-23T00:00:00Z,2024-01-24T00:00:00Z,NEUTRAL,2024-01-23T00:00:00Z,2024-01-22,0.192,MED,8/8,,false,,False,56,8,0,0,0
MAIN,2026092503,-8,SYNTHETIC_PLACEBO_ONLY,False,PROVENANCE_ONLY_NOT_CAUSAL_TRUTH,332,2,47,2023-11-29T00:00:00Z,2023-11-30T00:00:00Z,2023.11.29 02:00,NEUTRAL,STABLE_MAPPED_ROW,,False,,388,2,55,2024-01-24T00:00:00Z,2024-01-25T00:00:00Z,NEUTRAL,2024-01-24T00:00:00Z,2024-01-23,0.346,HIGH,8/8,,false,,False,56,8,0,0,0
MAIN,2026092503,-8,SYNTHETIC_PLACEBO_ONLY,False,PROVENANCE_ONLY_NOT_CAUSAL_TRUTH,333,3,47,2023-11-30T00:00:00Z,2023-12-01T00:00:00Z,2023.11.30 02:00,NEUTRAL,STABLE_MAPPED_ROW,,False,,389,3,55,2024-01-25T00:00:00Z,2024-01-26T00:00:00Z,NEUTRAL,2024-01-25T00:00:00Z,2024-01-24,0.346,HIGH,8/8,,false,,False,56,8,0,0,0
MAIN,2026092503,-8,SYNTHETIC_PLACEBO_ONLY,False,PROVENANCE_ONLY_NOT_CAUSAL_TRUTH,334,4,47,2023-12-01T00:00:00Z,2023-12-02T00:00:00Z,2023.12.01 02:00,NEUTRAL,STABLE_MAPPED_ROW,,False,,390,4,55,2024-01-26T00:00:00Z,2024-01-27T00:00:00Z,NEUTRAL,2024-01-26T00:00:00Z,2024-01-25,0.346,HIGH,8/8,,false,,False,56,8,0,0,0
MAIN,2026092503,-8,SYNTHETIC_PLACEBO_ONLY,False,PROVENANCE_ONLY_NOT_CAUSAL_TRUTH,335,5,47,2023-12-02T00:00:00Z,2023-12-03T00:00:00Z,2023.12.02 02:00,NEUTRAL,STABLE_MAPPED_ROW,,False,,391,5,55,2024-01-27T00:00:00Z,2024-01-28T00:00:00Z,NEUTRAL,2024-01-27T00:00:00Z,2024-01-26,0.423,HIGH,8/8,,false,,False,56,8,0,0,0
MAIN,2026092503,-8,SYNTHETIC_PLACEBO_ONLY,False,PROVENANCE_ONLY_NOT_CAUSAL_TRUTH,336,6,48,2023-12-03T00:00:00Z,2023-12-04T00:00:00Z,2023.12.03 02:00,NEUTRAL,STABLE_MAPPED_ROW,,False,,392,6,56,2024-01-28T00:00:00Z,2024-01-29T00:00:00Z,NEUTRAL,2024-01-28T00:00:00Z,2024-01-27,0.423,HIGH,8/8,,false,,False,56,8,0,0,0
MAIN,2026092503,-8,SYNTHETIC_PLACEBO_ONLY,False,PROVENANCE_ONLY_NOT_CAUSAL_TRUTH,337,0,48,2023-12-04T00:00:00Z,2023-12-05T00:00:00Z,2023.12.04 02:00,NEUTRAL,STABLE_MAPPED_ROW,,False,,393,0,56,2024-01-29T00:00:00Z,2024-01-30T00:00:00Z,NEUTRAL,2024-01-29T00:00:00Z,2024-01-28,0.423,HIGH,8/8,,false,,False,56,8,0,0,0
MAIN,2026092503,-8,SYNTHETIC_PLACEBO_ONLY,False,PROVENANCE_ONLY_NOT_CAUSAL_TRUTH,338,1,48,2023-12-05T00:00:00Z,2023-12-06T00:00:00Z,2023.12.05 02:00,NEUTRAL,STABLE_MAPPED_ROW,,False,,394,1,56,2024-01-30T00:00:00Z,2024-01-31T00:00:00Z,NEUTRAL,2024-01-30T00:00:00Z,2024-01-29,0.423,HIGH,8/8,,false,,False,56,8,0,0,0
MAIN,2026092503,-8,SYNTHETIC_PLACEBO_ONLY,False,PROVENANCE_ONLY_NOT_CAUSAL_TRUTH,339,2,48,2023-12-06T00:00:00Z,2023-12-07T00:00:00Z,2023.12.06 02:00,RISK_ON,STABLE_MAPPED_ROW,,False,,395,2,56,2024-01-31T00:00:00Z,2024-02-01T00:00:00Z,RISK_ON,2024-01-31T00:00:00Z,2024-01-30,0.538,HIGH,8/8,,false,,False,56,8,0,0,0
MAIN,2026092503,-8,SYNTHETIC_PLACEBO_ONLY,False,PROVENANCE_ONLY_NOT_CAUSAL_TRUTH,340,3,48,2023-12-07T00:00:00Z,2023-12-08T00:00:00Z,2023.12.07 02:00,NEUTRAL,STABLE_MAPPED_ROW,,False,,396,3,56,2024-02-01T00:00:00Z,2024-02-02T00:00:00Z,NEUTRAL,2024-02-01T00:00:00Z,2024-01-31,0.269,HIGH,8/8,,false,,False,56,8,0,0,0
MAIN,2026092503,-8,SYNTHETIC_PLACEBO_ONLY,False,PROVENANCE_ONLY_NOT_CAUSAL_TRUTH,341,4,48,2023-12-08T00:00:00Z,2023-12-09T00:00:00Z,2023.12.08 02:00,NEUTRAL,STABLE_MAPPED_ROW,,False,,397,4,56,2024-02-02T00:00:00Z,2024-02-03T00:00:00Z,NEUTRAL,2024-02-02T00:00:00Z,2024-02-01,0.231,HIGH,8/8,,false,,False,56,8,0,0,0
MAIN,2026092503,-8,SYNTHETIC_PLACEBO_ONLY,False,PROVENANCE_ONLY_NOT_CAUSAL_TRUTH,342,5,48,2023-12-09T00:00:00Z,2023-12-10T00:00:00Z,2023.12.09 02:00,NEUTRAL,STABLE_MAPPED_ROW,,False,,398,5,56,2024-02-03T00:00:00Z,2024-02-04T00:00:00Z,NEUTRAL,2024-02-03T00:00:00Z,2024-02-02,0.385,HIGH,8/8,,false,,False,56,8,0,0,0
MAIN,2026092503,-8,SYNTHETIC_PLACEBO_ONLY,False,PROVENANCE_ONLY_NOT_CAUSAL_TRUTH,343,6,49,2023-12-10T00:00:00Z,2023-12-11T00:00:00Z,2023.12.10 02:00,NEUTRAL,STABLE_MAPPED_ROW,,False,,399,6,57,2024-02-04T00:00:00Z,2024-02-05T00:00:00Z,NEUTRAL,2024-02-04T00:00:00Z,2024-02-03,0.346,HIGH,8/8,,false,,False,56,8,0,0,0
MAIN,2026092503,-8,SYNTHETIC_PLACEBO_ONLY,False,PROVENANCE_ONLY_NOT_CAUSAL_TRUTH,344,0,49,2023-12-11T00:00:00Z,2023-12-12T00:00:00Z,2023.12.11 02:00,NEUTRAL,STABLE_MAPPED_ROW,,False,,400,0,57,2024-02-05T00:00:00Z,2024-02-06T00:00:00Z,NEUTRAL,2024-02-05T00:00:00Z,2024-02-04,0.346,HIGH,8/8,,false,,False,56,8,0,0,0
MAIN,2026092503,-8,SYNTHETIC_PLACEBO_ONLY,False,PROVENANCE_ONLY_NOT_CAUSAL_TRUTH,345,1,49,2023-12-12T00:00:00Z,2023-12-13T00:00:00Z,2023.12.12 02:00,NEUTRAL,STABLE_MAPPED_ROW,,False,,401,1,57,2024-02-06T00:00:00Z,2024-02-07T00:00:00Z,NEUTRAL,2024-02-06T00:00:00Z,2024-02-05,0.385,HIGH,8/8,,false,,False,56,8,0,0,0
MAIN,2026092503,-8,SYNTHETIC_PLACEBO_ONLY,False,PROVENANCE_ONLY_NOT_CAUSAL_TRUTH,346,2,49,2023-12-13T00:00:00Z,2023-12-14T00:00:00Z,2023.12.13 02:00,NEUTRAL,STABLE_MAPPED_ROW,,False,,402,2,57,2024-02-07T00:00:00Z,2024-02-08T00:00:00Z,NEUTRAL,2024-02-07T00:00:00Z,2024-02-06,0.231,HIGH,8/8,,false,,False,56,8,0,0,0
MAIN,2026092503,-8,SYNTHETIC_PLACEBO_ONLY,False,PROVENANCE_ONLY_NOT_CAUSAL_TRUTH,347,3,49,2023-12-14T00:00:00Z,2023-12-15T00:00:00Z,2023.12.14 02:00,NEUTRAL,STABLE_MAPPED_ROW,,False,,403,3,57,2024-02-08T00:00:00Z,2024-02-09T00:00:00Z,NEUTRAL,2024-02-08T00:00:00Z,2024-02-07,0.192,HIGH,8/8,,false,,False,56,8,0,0,0
MAIN,2026092503,-8,SYNTHETIC_PLACEBO_ONLY,False,PROVENANCE_ONLY_NOT_CAUSAL_TRUTH,348,4,49,2023-12-15T00:00:00Z,2023-12-16T00:00:00Z,2023.12.15 02:00,NEUTRAL,STABLE_MAPPED_ROW,,False,,404,4,57,2024-02-09T00:00:00Z,2024-02-10T00:00:00Z,NEUTRAL,2024-02-09T00:00:00Z,2024-02-08,0.385,HIGH,8/8,,false,,False,56,8,0,0,0
MAIN,2026092503,-8,SYNTHETIC_PLACEBO_ONLY,False,PROVENANCE_ONLY_NOT_CAUSAL_TRUTH,349,5,49,2023-12-16T00:00:00Z,2023-12-17T00:00:00Z,2023.12.16 02:00,NEUTRAL,STABLE_MAPPED_ROW,,False,,405,5,57,2024-02-10T00:00:00Z,2024-02-11T00:00:00Z,NEUTRAL,2024-02-10T00:00:00Z,2024-02-09,0.385,HIGH,8/8,,false,,False,56,8,0,0,0
MAIN,2026092503,-8,SYNTHETIC_PLACEBO_ONLY,False,PROVENANCE_ONLY_NOT_CAUSAL_TRUTH,350,6,50,2023-12-17T00:00:00Z,2023-12-18T00:00:00Z,2023.12.17 02:00,NEUTRAL,STABLE_MAPPED_ROW,,False,,406,6,58,2024-02-11T00:00:00Z,2024-02-12T00:00:00Z,NEUTRAL,2024-02-11T00:00:00Z,2024-02-10,0.385,HIGH,8/8,,false,,False,56,8,0,0,0
MAIN,2026092503,-8,SYNTHETIC_PLACEBO_ONLY,False,PROVENANCE_ONLY_NOT_CAUSAL_TRUTH,351,0,50,2023-12-18T00:00:00Z,2023-12-19T00:00:00Z,2023.12.18 02:00,NEUTRAL,STABLE_MAPPED_ROW,,False,,407,0,58,2024-02-12T00:00:00Z,2024-02-13T00:00:00Z,NEUTRAL,2024-02-12T00:00:00Z,2024-02-11,0.385,HIGH,8/8,,false,,False,56,8,0,0,0
MAIN,2026092503,-8,SYNTHETIC_PLACEBO_ONLY,False,PROVENANCE_ONLY_NOT_CAUSAL_TRUTH,352,1,50,2023-12-19T00:00:00Z,2023-12-20T00:00:00Z,2023.12.19 02:00,NEUTRAL,STABLE_MAPPED_ROW,,False,,408,1,58,2024-02-13T00:00:00Z,2024-02-14T00:00:00Z,NEUTRAL,2024-02-13T00:00:00Z,2024-02-12,0.385,HIGH,8/8,,false,,False,56,8,0,0,0
MAIN,2026092503,-8,SYNTHETIC_PLACEBO_ONLY,False,PROVENANCE_ONLY_NOT_CAUSAL_TRUTH,353,2,50,2023-12-20T00:00:00Z,2023-12-21T00:00:00Z,2023.12.20 02:00,NEUTRAL,STABLE_MAPPED_ROW,,False,,409,2,58,2024-02-14T00:00:00Z,2024-02-15T00:00:00Z,NEUTRAL,2024-02-14T00:00:00Z,2024-02-13,0.308,HIGH,8/8,,false,,False,56,8,0,0,0
MAIN,2026092503,-8,SYNTHETIC_PLACEBO_ONLY,False,PROVENANCE_ONLY_NOT_CAUSAL_TRUTH,354,3,50,2023-12-21T00:00:00Z,2023-12-22T00:00:00Z,2023.12.21 02:00,NEUTRAL,STABLE_MAPPED_ROW,,False,,410,3,58,2024-02-15T00:00:00Z,2024-02-16T00:00:00Z,NEUTRAL,2024-02-15T00:00:00Z,2024-02-14,0.462,HIGH,8/8,,false,,False,56,8,0,0,0
MAIN,2026092503,-8,SYNTHETIC_PLACEBO_ONLY,False,PROVENANCE_ONLY_NOT_CAUSAL_TRUTH,355,4,50,2023-12-22T00:00:00Z,2023-12-23T00:00:00Z,2023.12.22 02:00,NEUTRAL,STABLE_MAPPED_ROW,,False,,411,4,58,2024-02-16T00:00:00Z,2024-02-17T00:00:00Z,NEUTRAL,2024-02-16T00:00:00Z,2024-02-15,0.385,HIGH,8/8,,false,,False,56,8,0,0,0
MAIN,2026092503,-8,SYNTHETIC_PLACEBO_ONLY,False,PROVENANCE_ONLY_NOT_CAUSAL_TRUTH,356,5,50,2023-12-23T00:00:00Z,2023-12-24T00:00:00Z,2023.12.23 02:00,RISK_ON,STABLE_MAPPED_ROW,,False,,412,5,58,2024-02-17T00:00:00Z,2024-02-18T00:00:00Z,RISK_ON,2024-02-17T00:00:00Z,2024-02-16,0.538,HIGH,8/8,,false,,False,56,8,0,0,0
MAIN,2026092503,-8,SYNTHETIC_PLACEBO_ONLY,False,PROVENANCE_ONLY_NOT_CAUSAL_TRUTH,357,6,51,2023-12-24T00:00:00Z,2023-12-25T00:00:00Z,2023.12.24 02:00,RISK_ON,STABLE_MAPPED_ROW,,False,,413,6,59,2024-02-18T00:00:00Z,2024-02-19T00:00:00Z,RISK_ON,2024-02-18T00:00:00Z,2024-02-17,0.538,HIGH,8/8,,false,,False,56,8,0,0,0
MAIN,2026092503,-8,SYNTHETIC_PLACEBO_ONLY,False,PROVENANCE_ONLY_NOT_CAUSAL_TRUTH,358,0,51,2023-12-25T00:00:00Z,2023-12-26T00:00:00Z,2023.12.25 02:00,RISK_ON,STABLE_MAPPED_ROW,,False,,414,0,59,2024-02-19T00:00:00Z,2024-02-20T00:00:00Z,RISK_ON,2024-02-19T00:00:00Z,2024-02-18,0.538,HIGH,8/8,,false,,False,56,8,0,0,0
MAIN,2026092503,-8,SYNTHETIC_PLACEBO_ONLY,False,PROVENANCE_ONLY_NOT_CAUSAL_TRUTH,359,1,51,2023-12-26T00:00:00Z,2023-12-27T00:00:00Z,2023.12.26 02:00,RISK_ON,STABLE_MAPPED_ROW,,False,,415,1,59,2024-02-20T00:00:00Z,2024-02-21T00:00:00Z,RISK_ON,2024-02-20T00:00:00Z,2024-02-19,0.5,HIGH,8/8,,false,,False,56,8,0,0,0
MAIN,2026092503,-8,SYNTHETIC_PLACEBO_ONLY,False,PROVENANCE_ONLY_NOT_CAUSAL_TRUTH,360,2,51,2023-12-27T00:00:00Z,2023-12-28T00:00:00Z,2023.12.27 02:00,NEUTRAL,STABLE_MAPPED_ROW,,False,,416,2,59,2024-02-21T00:00:00Z,2024-02-22T00:00:00Z,NEUTRAL,2024-02-21T00:00:00Z,2024-02-20,0.385,HIGH,8/8,,false,,False,56,8,0,0,0
MAIN,2026092503,-8,SYNTHETIC_PLACEBO_ONLY,False,PROVENANCE_ONLY_NOT_CAUSAL_TRUTH,361,3,51,2023-12-28T00:00:00Z,2023-12-29T00:00:00Z,2023.12.28 02:00,NEUTRAL,STABLE_MAPPED_ROW,,False,,417,3,59,2024-02-22T00:00:00Z,2024-02-23T00:00:00Z,NEUTRAL,2024-02-22T00:00:00Z,2024-02-21,0.346,HIGH,8/8,,false,,False,56,8,0,0,0
MAIN,2026092503,-8,SYNTHETIC_PLACEBO_ONLY,False,PROVENANCE_ONLY_NOT_CAUSAL_TRUTH,362,4,51,2023-12-29T00:00:00Z,2023-12-30T00:00:00Z,2023.12.29 02:00,RISK_ON,STABLE_MAPPED_ROW,,False,,418,4,59,2024-02-23T00:00:00Z,2024-02-24T00:00:00Z,RISK_ON,2024-02-23T00:00:00Z,2024-02-22,0.5,HIGH,8/8,,false,,False,56,8,0,0,0
MAIN,2026092503,-8,SYNTHETIC_PLACEBO_ONLY,False,PROVENANCE_ONLY_NOT_CAUSAL_TRUTH,363,5,51,2023-12-30T00:00:00Z,2023-12-31T00:00:00Z,2023.12.30 02:00,RISK_ON,STABLE_MAPPED_ROW,,False,,419,5,59,2024-02-24T00:00:00Z,2024-02-25T00:00:00Z,RISK_ON,2024-02-24T00:00:00Z,2024-02-23,0.5,HIGH,8/8,,false,,False,56,8,0,0,0
MAIN,2026092503,-8,SYNTHETIC_PLACEBO_ONLY,False,PROVENANCE_ONLY_NOT_CAUSAL_TRUTH,364,6,52,2023-12-31T00:00:00Z,2024-01-01T00:00:00Z,2023.12.31 02:00,RISK_ON,STABLE_MAPPED_ROW,,False,,420,6,60,2024-02-25T00:00:00Z,2024-02-26T00:00:00Z,RISK_ON,2024-02-25T00:00:00Z,2024-02-24,0.5,HIGH,8/8,,false,,False,56,8,0,0,0
MAIN,2026092503,-8,SYNTHETIC_PLACEBO_ONLY,False,PROVENANCE_ONLY_NOT_CAUSAL_TRUTH,365,0,52,2024-01-01T00:00:00Z,2024-01-02T00:00:00Z,2024.01.01 02:00,RISK_ON,STABLE_MAPPED_ROW,,False,,421,0,60,2024-02-26T00:00:00Z,2024-02-27T00:00:00Z,RISK_ON,2024-02-26T00:00:00Z,2024-02-25,0.5,HIGH,8/8,,false,,False,56,8,0,0,0
MAIN,2026092503,-8,SYNTHETIC_PLACEBO_ONLY,False,PROVENANCE_ONLY_NOT_CAUSAL_TRUTH,366,1,52,2024-01-02T00:00:00Z,2024-01-03T00:00:00Z,2024.01.02 02:00,RISK_ON,STABLE_MAPPED_ROW,,False,,422,1,60,2024-02-27T00:00:00Z,2024-02-28T00:00:00Z,RISK_ON,2024-02-27T00:00:00Z,2024-02-26,0.5,HIGH,8/8,,false,,False,56,8,0,0,0
MAIN,2026092503,-8,SYNTHETIC_PLACEBO_ONLY,False,PROVENANCE_ONLY_NOT_CAUSAL_TRUTH,367,2,52,2024-01-03T00:00:00Z,2024-01-04T00:00:00Z,2024.01.03 02:00,RISK_ON,STABLE_MAPPED_ROW,,False,,423,2,60,2024-02-28T00:00:00Z,2024-02-29T00:00:00Z,RISK_ON,2024-02-28T00:00:00Z,2024-02-27,0.5,HIGH,8/8,,false,,False,56,8,0,0,0
MAIN,2026092503,-8,SYNTHETIC_PLACEBO_ONLY,False,PROVENANCE_ONLY_NOT_CAUSAL_TRUTH,368,3,52,2024-01-04T00:00:00Z,2024-01-05T00:00:00Z,2024.01.04 02:00,RISK_ON,STABLE_MAPPED_ROW,,False,,424,3,60,2024-02-29T00:00:00Z,2024-03-01T00:00:00Z,RISK_ON,2024-02-29T00:00:00Z,2024-02-28,0.5,HIGH,8/8,,false,,False,56,8,0,0,0
MAIN,2026092503,-8,SYNTHETIC_PLACEBO_ONLY,False,PROVENANCE_ONLY_NOT_CAUSAL_TRUTH,369,4,52,2024-01-05T00:00:00Z,2024-01-06T00:00:00Z,2024.01.05 02:00,NEUTRAL,STABLE_MAPPED_ROW,,False,,425,4,60,2024-03-01T00:00:00Z,2024-03-02T00:00:00Z,NEUTRAL,2024-03-01T00:00:00Z,2024-02-29,0.385,HIGH,8/8,,false,,False,56,8,0,0,0
MAIN,2026092503,-8,SYNTHETIC_PLACEBO_ONLY,False,PROVENANCE_ONLY_NOT_CAUSAL_TRUTH,370,5,52,2024-01-06T00:00:00Z,2024-01-07T00:00:00Z,2024.01.06 02:00,NEUTRAL,STABLE_MAPPED_ROW,,False,,426,5,60,2024-03-02T00:00:00Z,2024-03-03T00:00:00Z,NEUTRAL,2024-03-02T00:00:00Z,2024-03-01,0.385,HIGH,8/8,,false,,False,56,8,0,0,0
MAIN,2026092503,-8,SYNTHETIC_PLACEBO_ONLY,False,PROVENANCE_ONLY_NOT_CAUSAL_TRUTH,371,6,53,2024-01-07T00:00:00Z,2024-01-08T00:00:00Z,2024.01.07 02:00,NEUTRAL,STABLE_MAPPED_ROW,,False,,427,6,61,2024-03-03T00:00:00Z,2024-03-04T00:00:00Z,NEUTRAL,2024-03-03T00:00:00Z,2024-03-02,0.385,HIGH,8/8,,false,,False,56,8,0,0,0
MAIN,2026092503,-8,SYNTHETIC_PLACEBO_ONLY,False,PROVENANCE_ONLY_NOT_CAUSAL_TRUTH,372,0,53,2024-01-08T00:00:00Z,2024-01-09T00:00:00Z,2024.01.08 02:00,NEUTRAL,STABLE_MAPPED_ROW,,False,,428,0,61,2024-03-04T00:00:00Z,2024-03-05T00:00:00Z,NEUTRAL,2024-03-04T00:00:00Z,2024-03-03,0.385,HIGH,8/8,,false,,False,56,8,0,0,0
MAIN,2026092503,-8,SYNTHETIC_PLACEBO_ONLY,False,PROVENANCE_ONLY_NOT_CAUSAL_TRUTH,373,1,53,2024-01-09T00:00:00Z,2024-01-10T00:00:00Z,2024.01.09 02:00,NEUTRAL,STABLE_MAPPED_ROW,,False,,429,1,61,2024-03-05T00:00:00Z,2024-03-06T00:00:00Z,NEUTRAL,2024-03-05T00:00:00Z,2024-03-04,0.423,HIGH,8/8,,false,,False,56,8,0,0,0
MAIN,2026092503,-8,SYNTHETIC_PLACEBO_ONLY,False,PROVENANCE_ONLY_NOT_CAUSAL_TRUTH,374,2,53,2024-01-10T00:00:00Z,2024-01-11T00:00:00Z,2024.01.10 02:00,NEUTRAL,STABLE_MAPPED_ROW,,False,,430,2,61,2024-03-06T00:00:00Z,2024-03-07T00:00:00Z,NEUTRAL,2024-03-06T00:00:00Z,2024-03-05,0.269,HIGH,8/8,,false,,False,56,8,0,0,0
MAIN,2026092503,-8,SYNTHETIC_PLACEBO_ONLY,False,PROVENANCE_ONLY_NOT_CAUSAL_TRUTH,375,3,53,2024-01-11T00:00:00Z,2024-01-12T00:00:00Z,2024.01.11 02:00,NEUTRAL,STABLE_MAPPED_ROW,,False,,431,3,61,2024-03-07T00:00:00Z,2024-03-08T00:00:00Z,NEUTRAL,2024-03-07T00:00:00Z,2024-03-06,0.269,HIGH,8/8,,false,,False,56,8,0,0,0
MAIN,2026092503,-8,SYNTHETIC_PLACEBO_ONLY,False,PROVENANCE_ONLY_NOT_CAUSAL_TRUTH,376,4,53,2024-01-12T00:00:00Z,2024-01-13T00:00:00Z,2024.01.12 02:00,NEUTRAL,STABLE_MAPPED_ROW,,False,,432,4,61,2024-03-08T00:00:00Z,2024-03-09T00:00:00Z,NEUTRAL,2024-03-08T00:00:00Z,2024-03-07,0.385,HIGH,8/8,,false,,False,56,8,0,0,0
MAIN,2026092503,-8,SYNTHETIC_PLACEBO_ONLY,False,PROVENANCE_ONLY_NOT_CAUSAL_TRUTH,377,5,53,2024-01-13T00:00:00Z,2024-01-14T00:00:00Z,2024.01.13 02:00,NEUTRAL,STABLE_MAPPED_ROW,,False,,433,5,61,2024-03-09T00:00:00Z,2024-03-10T00:00:00Z,NEUTRAL,2024-03-09T00:00:00Z,2024-03-08,0.154,MED,8/8,,false,,False,56,8,0,0,0
MAIN,2026092503,-8,SYNTHETIC_PLACEBO_ONLY,False,PROVENANCE_ONLY_NOT_CAUSAL_TRUTH,378,6,54,2024-01-14T00:00:00Z,2024-01-15T00:00:00Z,2024.01.14 02:00,NEUTRAL,STABLE_MAPPED_ROW,,False,,434,6,62,2024-03-10T00:00:00Z,2024-03-11T00:00:00Z,NEUTRAL,2024-03-10T00:00:00Z,2024-03-09,0.154,MED,8/8,,false,,False,56,8,0,0,0
MAIN,2026092503,-8,SYNTHETIC_PLACEBO_ONLY,False,PROVENANCE_ONLY_NOT_CAUSAL_TRUTH,379,0,54,2024-01-15T00:00:00Z,2024-01-16T00:00:00Z,2024.01.15 02:00,NEUTRAL,STABLE_MAPPED_ROW,,False,,435,0,62,2024-03-11T00:00:00Z,2024-03-12T00:00:00Z,NEUTRAL,2024-03-11T00:00:00Z,2024-03-10,0.154,MED,8/8,,false,,False,56,8,0,0,0
MAIN,2026092503,-8,SYNTHETIC_PLACEBO_ONLY,False,PROVENANCE_ONLY_NOT_CAUSAL_TRUTH,380,1,54,2024-01-16T00:00:00Z,2024-01-17T00:00:00Z,2024.01.16 02:00,NEUTRAL,STABLE_MAPPED_ROW,,False,,436,1,62,2024-03-12T00:00:00Z,2024-03-13T00:00:00Z,NEUTRAL,2024-03-12T00:00:00Z,2024-03-11,-0.115,LOW,8/8,,false,,False,56,8,0,0,0
MAIN,2026092503,-8,SYNTHETIC_PLACEBO_ONLY,False,PROVENANCE_ONLY_NOT_CAUSAL_TRUTH,381,2,54,2024-01-17T00:00:00Z,2024-01-18T00:00:00Z,2024.01.17 02:00,NEUTRAL,STABLE_MAPPED_ROW,,False,,437,2,62,2024-03-13T00:00:00Z,2024-03-14T00:00:00Z,NEUTRAL,2024-03-13T00:00:00Z,2024-03-12,0.115,HIGH,8/8,,false,,False,56,8,0,0,0
MAIN,2026092503,-8,SYNTHETIC_PLACEBO_ONLY,False,PROVENANCE_ONLY_NOT_CAUSAL_TRUTH,382,3,54,2024-01-18T00:00:00Z,2024-01-19T00:00:00Z,2024.01.18 02:00,NEUTRAL,STABLE_MAPPED_ROW,,False,,438,3,62,2024-03-14T00:00:00Z,2024-03-15T00:00:00Z,NEUTRAL,2024-03-14T00:00:00Z,2024-03-13,0.115,HIGH,8/8,,false,,False,56,8,0,0,0
MAIN,2026092503,-8,SYNTHETIC_PLACEBO_ONLY,False,PROVENANCE_ONLY_NOT_CAUSAL_TRUTH,383,4,54,2024-01-19T00:00:00Z,2024-01-20T00:00:00Z,2024.01.19 02:00,RISK_ON,STABLE_MAPPED_ROW,,False,,439,4,62,2024-03-15T00:00:00Z,2024-03-16T00:00:00Z,RISK_ON,2024-03-15T00:00:00Z,2024-03-14,0.5,HIGH,8/8,,false,,False,56,8,0,0,0
MAIN,2026092503,-8,SYNTHETIC_PLACEBO_ONLY,False,PROVENANCE_ONLY_NOT_CAUSAL_TRUTH,384,5,54,2024-01-20T00:00:00Z,2024-01-21T00:00:00Z,2024.01.20 02:00,RISK_ON,STABLE_MAPPED_ROW,,False,,440,5,62,2024-03-16T00:00:00Z,2024-03-17T00:00:00Z,RISK_ON,2024-03-16T00:00:00Z,2024-03-15,0.5,HIGH,8/8,,false,,False,56,8,0,0,0
MAIN,2026092503,-8,SYNTHETIC_PLACEBO_ONLY,False,PROVENANCE_ONLY_NOT_CAUSAL_TRUTH,385,6,55,2024-01-21T00:00:00Z,2024-01-22T00:00:00Z,2024.01.21 02:00,NEUTRAL,STABLE_MAPPED_ROW,,False,,441,6,63,2024-03-17T00:00:00Z,2024-03-18T00:00:00Z,NEUTRAL,2024-03-17T00:00:00Z,2024-03-16,0.308,HIGH,8/8,,false,,False,56,8,0,0,0
MAIN,2026092503,-8,SYNTHETIC_PLACEBO_ONLY,False,PROVENANCE_ONLY_NOT_CAUSAL_TRUTH,386,0,55,2024-01-22T00:00:00Z,2024-01-23T00:00:00Z,2024.01.22 02:00,NEUTRAL,STABLE_MAPPED_ROW,,False,,442,0,63,2024-03-18T00:00:00Z,2024-03-19T00:00:00Z,NEUTRAL,2024-03-18T00:00:00Z,2024-03-17,0.308,HIGH,8/8,,false,,False,56,8,0,0,0
MAIN,2026092503,-8,SYNTHETIC_PLACEBO_ONLY,False,PROVENANCE_ONLY_NOT_CAUSAL_TRUTH,387,1,55,2024-01-23T00:00:00Z,2024-01-24T00:00:00Z,2024.01.23 02:00,NEUTRAL,STABLE_MAPPED_ROW,,False,,443,1,63,2024-03-19T00:00:00Z,2024-03-20T00:00:00Z,NEUTRAL,2024-03-19T00:00:00Z,2024-03-18,0.423,HIGH,8/8,,false,,False,56,8,0,0,0
MAIN,2026092503,-8,SYNTHETIC_PLACEBO_ONLY,False,PROVENANCE_ONLY_NOT_CAUSAL_TRUTH,388,2,55,2024-01-24T00:00:00Z,2024-01-25T00:00:00Z,2024.01.24 02:00,NEUTRAL,STABLE_MAPPED_ROW,,False,,444,2,63,2024-03-20T00:00:00Z,2024-03-21T00:00:00Z,NEUTRAL,2024-03-20T00:00:00Z,2024-03-19,0.346,HIGH,8/8,,false,,False,56,8,0,0,0
MAIN,2026092503,-8,SYNTHETIC_PLACEBO_ONLY,False,PROVENANCE_ONLY_NOT_CAUSAL_TRUTH,389,3,55,2024-01-25T00:00:00Z,2024-01-26T00:00:00Z,2024.01.25 02:00,NEUTRAL,STABLE_MAPPED_ROW,,False,,445,3,63,2024-03-21T00:00:00Z,2024-03-22T00:00:00Z,NEUTRAL,2024-03-21T00:00:00Z,2024-03-20,0.462,HIGH,8/8,,false,,False,56,8,0,0,0
MAIN,2026092503,-8,SYNTHETIC_PLACEBO_ONLY,False,PROVENANCE_ONLY_NOT_CAUSAL_TRUTH,390,4,55,2024-01-26T00:00:00Z,2024-01-27T00:00:00Z,2024.01.26 02:00,RISK_ON,STABLE_MAPPED_ROW,,False,,446,4,63,2024-03-22T00:00:00Z,2024-03-23T00:00:00Z,RISK_ON,2024-03-22T00:00:00Z,2024-03-21,0.538,HIGH,8/8,,false,,False,56,8,0,0,0
MAIN,2026092503,-8,SYNTHETIC_PLACEBO_ONLY,False,PROVENANCE_ONLY_NOT_CAUSAL_TRUTH,391,5,55,2024-01-27T00:00:00Z,2024-01-28T00:00:00Z,2024.01.27 02:00,NEUTRAL,STABLE_MAPPED_ROW,,False,,447,5,63,2024-03-23T00:00:00Z,2024-03-24T00:00:00Z,NEUTRAL,2024-03-23T00:00:00Z,2024-03-22,0.308,HIGH,8/8,,false,,False,56,8,0,0,0
MAIN,2026092503,-8,SYNTHETIC_PLACEBO_ONLY,False,PROVENANCE_ONLY_NOT_CAUSAL_TRUTH,392,6,56,2024-01-28T00:00:00Z,2024-01-29T00:00:00Z,2024.01.28 02:00,NEUTRAL,STABLE_MAPPED_ROW,,False,,448,6,64,2024-03-24T00:00:00Z,2024-03-25T00:00:00Z,NEUTRAL,2024-03-24T00:00:00Z,2024-03-23,0.308,HIGH,8/8,,false,,False,56,8,0,0,0
MAIN,2026092503,-8,SYNTHETIC_PLACEBO_ONLY,False,PROVENANCE_ONLY_NOT_CAUSAL_TRUTH,393,0,56,2024-01-29T00:00:00Z,2024-01-30T00:00:00Z,2024.01.29 02:00,RISK_ON,STABLE_MAPPED_ROW,,False,,449,0,64,2024-03-25T00:00:00Z,2024-03-26T00:00:00Z,RISK_ON,2024-03-25T00:00:00Z,2024-03-24,0.5,HIGH,8/8,,false,,False,56,8,0,0,0
MAIN,2026092503,-8,SYNTHETIC_PLACEBO_ONLY,False,PROVENANCE_ONLY_NOT_CAUSAL_TRUTH,394,1,56,2024-01-30T00:00:00Z,2024-01-31T00:00:00Z,2024.01.30 02:00,RISK_ON,STABLE_MAPPED_ROW,,False,,450,1,64,2024-03-26T00:00:00Z,2024-03-27T00:00:00Z,RISK_ON,2024-03-26T00:00:00Z,2024-03-25,0.5,HIGH,8/8,,false,,False,56,8,0,0,0
MAIN,2026092503,-8,SYNTHETIC_PLACEBO_ONLY,False,PROVENANCE_ONLY_NOT_CAUSAL_TRUTH,395,2,56,2024-01-31T00:00:00Z,2024-02-01T00:00:00Z,2024.01.31 02:00,RISK_ON,STABLE_MAPPED_ROW,,False,,451,2,64,2024-03-27T00:00:00Z,2024-03-28T00:00:00Z,RISK_ON,2024-03-27T00:00:00Z,2024-03-26,0.5,HIGH,8/8,,false,,False,56,8,0,0,0
MAIN,2026092503,-8,SYNTHETIC_PLACEBO_ONLY,False,PROVENANCE_ONLY_NOT_CAUSAL_TRUTH,396,3,56,2024-02-01T00:00:00Z,2024-02-02T00:00:00Z,2024.02.01 02:00,RISK_ON,STABLE_MAPPED_ROW,,False,,452,3,64,2024-03-28T00:00:00Z,2024-03-29T00:00:00Z,RISK_ON,2024-03-28T00:00:00Z,2024-03-27,0.5,HIGH,8/8,,false,,False,56,8,0,0,0
MAIN,2026092503,-8,SYNTHETIC_PLACEBO_ONLY,False,PROVENANCE_ONLY_NOT_CAUSAL_TRUTH,397,4,56,2024-02-02T00:00:00Z,2024-02-03T00:00:00Z,2024.02.02 02:00,NEUTRAL,STABLE_MAPPED_ROW,,False,,453,4,64,2024-03-29T00:00:00Z,2024-03-30T00:00:00Z,NEUTRAL,2024-03-29T00:00:00Z,2024-03-28,0.385,HIGH,8/8,,false,,False,56,8,0,0,0
MAIN,2026092503,-8,SYNTHETIC_PLACEBO_ONLY,False,PROVENANCE_ONLY_NOT_CAUSAL_TRUTH,398,5,56,2024-02-03T00:00:00Z,2024-02-04T00:00:00Z,2024.02.03 02:00,NEUTRAL,STABLE_MAPPED_ROW,,False,,454,5,64,2024-03-30T00:00:00Z,2024-03-31T00:00:00Z,NEUTRAL,2024-03-30T00:00:00Z,2024-03-29,0.385,HIGH,8/8,,false,,False,56,8,0,0,0
MAIN,2026092503,-8,SYNTHETIC_PLACEBO_ONLY,False,PROVENANCE_ONLY_NOT_CAUSAL_TRUTH,399,6,57,2024-02-04T00:00:00Z,2024-02-05T00:00:00Z,2024.02.04 02:00,NEUTRAL,STABLE_MAPPED_ROW,,False,,455,6,65,2024-03-31T00:00:00Z,2024-04-01T00:00:00Z,NEUTRAL,2024-03-31T00:00:00Z,2024-03-30,0.346,HIGH,8/8,,false,,False,56,8,0,0,0
MAIN,2026092503,-8,SYNTHETIC_PLACEBO_ONLY,False,PROVENANCE_ONLY_NOT_CAUSAL_TRUTH,400,0,57,2024-02-05T00:00:00Z,2024-02-06T00:00:00Z,2024.02.05 02:00,RISK_ON,STABLE_MAPPED_ROW,,False,,456,0,65,2024-04-01T00:00:00Z,2024-04-02T00:00:00Z,RISK_ON,2024-04-01T00:00:00Z,2024-03-31,0.5,HIGH,8/8,,false,,False,56,8,0,0,0
MAIN,2026092503,-8,SYNTHETIC_PLACEBO_ONLY,False,PROVENANCE_ONLY_NOT_CAUSAL_TRUTH,401,1,57,2024-02-06T00:00:00Z,2024-02-07T00:00:00Z,2024.02.06 02:00,NEUTRAL,STABLE_MAPPED_ROW,,False,,457,1,65,2024-04-02T00:00:00Z,2024-04-03T00:00:00Z,NEUTRAL,2024-04-02T00:00:00Z,2024-04-01,0.423,HIGH,8/8,,false,,False,56,8,0,0,0
MAIN,2026092503,-8,SYNTHETIC_PLACEBO_ONLY,False,PROVENANCE_ONLY_NOT_CAUSAL_TRUTH,402,2,57,2024-02-07T00:00:00Z,2024-02-08T00:00:00Z,2024.02.07 02:00,NEUTRAL,STABLE_MAPPED_ROW,,False,,458,2,65,2024-04-03T00:00:00Z,2024-04-04T00:00:00Z,NEUTRAL,2024-04-03T00:00:00Z,2024-04-02,0.154,MED,8/8,,false,,False,56,8,0,0,0
MAIN,2026092503,-8,SYNTHETIC_PLACEBO_ONLY,False,PROVENANCE_ONLY_NOT_CAUSAL_TRUTH,403,3,57,2024-02-08T00:00:00Z,2024-02-09T00:00:00Z,2024.02.08 02:00,NEUTRAL,STABLE_MAPPED_ROW,,False,,459,3,65,2024-04-04T00:00:00Z,2024-04-05T00:00:00Z,NEUTRAL,2024-04-04T00:00:00Z,2024-04-03,0.346,HIGH,8/8,,false,,False,56,8,0,0,0
MAIN,2026092503,-8,SYNTHETIC_PLACEBO_ONLY,False,PROVENANCE_ONLY_NOT_CAUSAL_TRUTH,404,4,57,2024-02-09T00:00:00Z,2024-02-10T00:00:00Z,2024.02.09 02:00,NEUTRAL,STABLE_MAPPED_ROW,,False,,460,4,65,2024-04-05T00:00:00Z,2024-04-06T00:00:00Z,NEUTRAL,2024-04-05T00:00:00Z,2024-04-04,0.269,HIGH,8/8,,false,,False,56,8,0,0,0
MAIN,2026092503,-8,SYNTHETIC_PLACEBO_ONLY,False,PROVENANCE_ONLY_NOT_CAUSAL_TRUTH,405,5,57,2024-02-10T00:00:00Z,2024-02-11T00:00:00Z,2024.02.10 02:00,NEUTRAL,STABLE_MAPPED_ROW,,False,,461,5,65,2024-04-06T00:00:00Z,2024-04-07T00:00:00Z,NEUTRAL,2024-04-06T00:00:00Z,2024-04-05,0.192,MED,8/8,,false,,False,56,8,0,0,0
MAIN,2026092503,-8,SYNTHETIC_PLACEBO_ONLY,False,PROVENANCE_ONLY_NOT_CAUSAL_TRUTH,406,6,58,2024-02-11T00:00:00Z,2024-02-12T00:00:00Z,2024.02.11 02:00,NEUTRAL,STABLE_MAPPED_ROW,,False,,462,6,66,2024-04-07T00:00:00Z,2024-04-08T00:00:00Z,NEUTRAL,2024-04-07T00:00:00Z,2024-04-06,0.346,HIGH,8/8,,false,,False,56,8,0,0,0
MAIN,2026092503,-8,SYNTHETIC_PLACEBO_ONLY,False,PROVENANCE_ONLY_NOT_CAUSAL_TRUTH,407,0,58,2024-02-12T00:00:00Z,2024-02-13T00:00:00Z,2024.02.12 02:00,NEUTRAL,STABLE_MAPPED_ROW,,False,,463,0,66,2024-04-08T00:00:00Z,2024-04-09T00:00:00Z,NEUTRAL,2024-04-08T00:00:00Z,2024-04-07,0.385,HIGH,8/8,,false,,False,56,8,0,0,0
MAIN,2026092503,-8,SYNTHETIC_PLACEBO_ONLY,False,PROVENANCE_ONLY_NOT_CAUSAL_TRUTH,408,1,58,2024-02-13T00:00:00Z,2024-02-14T00:00:00Z,2024.02.13 02:00,NEUTRAL,STABLE_MAPPED_ROW,,False,,464,1,66,2024-04-09T00:00:00Z,2024-04-10T00:00:00Z,NEUTRAL,2024-04-09T00:00:00Z,2024-04-08,0.308,HIGH,8/8,,false,,False,56,8,0,0,0
MAIN,2026092503,-8,SYNTHETIC_PLACEBO_ONLY,False,PROVENANCE_ONLY_NOT_CAUSAL_TRUTH,409,2,58,2024-02-14T00:00:00Z,2024-02-15T00:00:00Z,2024.02.14 02:00,RISK_ON,STABLE_MAPPED_ROW,,False,,465,2,66,2024-04-10T00:00:00Z,2024-04-11T00:00:00Z,RISK_ON,2024-04-10T00:00:00Z,2024-04-09,0.538,HIGH,8/8,,false,,False,56,8,0,0,0
MAIN,2026092503,-8,SYNTHETIC_PLACEBO_ONLY,False,PROVENANCE_ONLY_NOT_CAUSAL_TRUTH,410,3,58,2024-02-15T00:00:00Z,2024-02-16T00:00:00Z,2024.02.15 02:00,NEUTRAL,STABLE_MAPPED_ROW,,False,,466,3,66,2024-04-11T00:00:00Z,2024-04-12T00:00:00Z,NEUTRAL,2024-04-11T00:00:00Z,2024-04-10,0.269,HIGH,8/8,,false,,False,56,8,0,0,0
MAIN,2026092503,-8,SYNTHETIC_PLACEBO_ONLY,False,PROVENANCE_ONLY_NOT_CAUSAL_TRUTH,411,4,58,2024-02-16T00:00:00Z,2024-02-17T00:00:00Z,2024.02.16 02:00,RISK_ON,STABLE_MAPPED_ROW,,False,,467,4,66,2024-04-12T00:00:00Z,2024-04-13T00:00:00Z,RISK_ON,2024-04-12T00:00:00Z,2024-04-11,0.615,HIGH,8/8,,false,,False,56,8,0,0,0
MAIN,2026092503,-8,SYNTHETIC_PLACEBO_ONLY,False,PROVENANCE_ONLY_NOT_CAUSAL_TRUTH,412,5,58,2024-02-17T00:00:00Z,2024-02-18T00:00:00Z,2024.02.17 02:00,NEUTRAL,STABLE_MAPPED_ROW,,False,,468,5,66,2024-04-13T00:00:00Z,2024-04-14T00:00:00Z,NEUTRAL,2024-04-13T00:00:00Z,2024-04-12,0.115,MED,8/8,,false,,False,56,8,0,0,0
MAIN,2026092503,-8,SYNTHETIC_PLACEBO_ONLY,False,PROVENANCE_ONLY_NOT_CAUSAL_TRUTH,413,6,59,2024-02-18T00:00:00Z,2024-02-19T00:00:00Z,2024.02.18 02:00,NEUTRAL,STABLE_MAPPED_ROW,,False,,469,6,67,2024-04-14T00:00:00Z,2024-04-15T00:00:00Z,NEUTRAL,2024-04-14T00:00:00Z,2024-04-13,0.115,MED,8/8,,false,,False,56,8,0,0,0
MAIN,2026092503,-8,SYNTHETIC_PLACEBO_ONLY,False,PROVENANCE_ONLY_NOT_CAUSAL_TRUTH,414,0,59,2024-02-19T00:00:00Z,2024-02-20T00:00:00Z,2024.02.19 02:00,NEUTRAL,STABLE_MAPPED_ROW,,False,,470,0,67,2024-04-15T00:00:00Z,2024-04-16T00:00:00Z,NEUTRAL,2024-04-15T00:00:00Z,2024-04-14,0,MED,8/8,,false,,False,56,8,0,0,0
MAIN,2026092503,-8,SYNTHETIC_PLACEBO_ONLY,False,PROVENANCE_ONLY_NOT_CAUSAL_TRUTH,415,1,59,2024-02-20T00:00:00Z,2024-02-21T00:00:00Z,2024.02.20 02:00,NEUTRAL,STABLE_MAPPED_ROW,,False,,471,1,67,2024-04-16T00:00:00Z,2024-04-17T00:00:00Z,NEUTRAL,2024-04-16T00:00:00Z,2024-04-15,0,MED,8/8,,false,,False,56,8,0,0,0
MAIN,2026092503,-8,SYNTHETIC_PLACEBO_ONLY,False,PROVENANCE_ONLY_NOT_CAUSAL_TRUTH,416,2,59,2024-02-21T00:00:00Z,2024-02-22T00:00:00Z,2024.02.21 02:00,NEUTRAL,STABLE_MAPPED_ROW,,False,,472,2,67,2024-04-17T00:00:00Z,2024-04-18T00:00:00Z,NEUTRAL,2024-04-17T00:00:00Z,2024-04-16,0,MED,8/8,,false,,False,56,8,0,0,0
MAIN,2026092503,-8,SYNTHETIC_PLACEBO_ONLY,False,PROVENANCE_ONLY_NOT_CAUSAL_TRUTH,417,3,59,2024-02-22T00:00:00Z,2024-02-23T00:00:00Z,2024.02.22 02:00,NEUTRAL,STABLE_MAPPED_ROW,,False,,473,3,67,2024-04-18T00:00:00Z,2024-04-19T00:00:00Z,NEUTRAL,2024-04-18T00:00:00Z,2024-04-17,0,MED,8/8,,false,,False,56,8,0,0,0
MAIN,2026092503,-8,SYNTHETIC_PLACEBO_ONLY,False,PROVENANCE_ONLY_NOT_CAUSAL_TRUTH,418,4,59,2024-02-23T00:00:00Z,2024-02-24T00:00:00Z,2024.02.23 02:00,NEUTRAL,STABLE_MAPPED_ROW,,False,,474,4,67,2024-04-19T00:00:00Z,2024-04-20T00:00:00Z,NEUTRAL,2024-04-19T00:00:00Z,2024-04-18,0.154,HIGH,8/8,,false,,False,56,8,0,0,0
MAIN,2026092503,-8,SYNTHETIC_PLACEBO_ONLY,False,PROVENANCE_ONLY_NOT_CAUSAL_TRUTH,419,5,59,2024-02-24T00:00:00Z,2024-02-25T00:00:00Z,2024.02.24 02:00,NEUTRAL,STABLE_MAPPED_ROW,,False,,475,5,67,2024-04-20T00:00:00Z,2024-04-21T00:00:00Z,NEUTRAL,2024-04-20T00:00:00Z,2024-04-19,0.231,HIGH,8/8,,false,,False,56,8,0,0,0
MAIN,2026092503,-8,SYNTHETIC_PLACEBO_ONLY,False,PROVENANCE_ONLY_NOT_CAUSAL_TRUTH,420,6,60,2024-02-25T00:00:00Z,2024-02-26T00:00:00Z,2024.02.25 02:00,NEUTRAL,STABLE_MAPPED_ROW,,False,,476,6,68,2024-04-21T00:00:00Z,2024-04-22T00:00:00Z,NEUTRAL,2024-04-21T00:00:00Z,2024-04-20,0.269,HIGH,8/8,,false,,False,56,8,0,0,0
MAIN,2026092503,-8,SYNTHETIC_PLACEBO_ONLY,False,PROVENANCE_ONLY_NOT_CAUSAL_TRUTH,421,0,60,2024-02-26T00:00:00Z,2024-02-27T00:00:00Z,2024.02.26 02:00,NEUTRAL,STABLE_MAPPED_ROW,,False,,477,0,68,2024-04-22T00:00:00Z,2024-04-23T00:00:00Z,NEUTRAL,2024-04-22T00:00:00Z,2024-04-21,0.385,HIGH,8/8,,false,,False,56,8,0,0,0
MAIN,2026092503,-8,SYNTHETIC_PLACEBO_ONLY,False,PROVENANCE_ONLY_NOT_CAUSAL_TRUTH,422,1,60,2024-02-27T00:00:00Z,2024-02-28T00:00:00Z,2024.02.27 02:00,NEUTRAL,STABLE_MAPPED_ROW,,False,,478,1,68,2024-04-23T00:00:00Z,2024-04-24T00:00:00Z,NEUTRAL,2024-04-23T00:00:00Z,2024-04-22,0.385,HIGH,8/8,,false,,False,56,8,0,0,0
MAIN,2026092503,-8,SYNTHETIC_PLACEBO_ONLY,False,PROVENANCE_ONLY_NOT_CAUSAL_TRUTH,423,2,60,2024-02-28T00:00:00Z,2024-02-29T00:00:00Z,2024.02.28 02:00,NEUTRAL,STABLE_MAPPED_ROW,,False,,479,2,68,2024-04-24T00:00:00Z,2024-04-25T00:00:00Z,NEUTRAL,2024-04-24T00:00:00Z,2024-04-23,0.385,HIGH,8/8,,false,,False,56,8,0,0,0
MAIN,2026092503,-8,SYNTHETIC_PLACEBO_ONLY,False,PROVENANCE_ONLY_NOT_CAUSAL_TRUTH,424,3,60,2024-02-29T00:00:00Z,2024-03-01T00:00:00Z,2024.02.29 02:00,NEUTRAL,STABLE_MAPPED_ROW,,False,,480,3,68,2024-04-25T00:00:00Z,2024-04-26T00:00:00Z,NEUTRAL,2024-04-25T00:00:00Z,2024-04-24,0.385,HIGH,8/8,,false,,False,56,8,0,0,0
MAIN,2026092503,-8,SYNTHETIC_PLACEBO_ONLY,False,PROVENANCE_ONLY_NOT_CAUSAL_TRUTH,425,4,60,2024-03-01T00:00:00Z,2024-03-02T00:00:00Z,2024.03.01 02:00,NEUTRAL,STABLE_MAPPED_ROW,,False,,481,4,68,2024-04-26T00:00:00Z,2024-04-27T00:00:00Z,NEUTRAL,2024-04-26T00:00:00Z,2024-04-25,0.346,HIGH,8/8,,false,,False,56,8,0,0,0
MAIN,2026092503,-8,SYNTHETIC_PLACEBO_ONLY,False,PROVENANCE_ONLY_NOT_CAUSAL_TRUTH,426,5,60,2024-03-02T00:00:00Z,2024-03-03T00:00:00Z,2024.03.02 02:00,NEUTRAL,STABLE_MAPPED_ROW,,False,,482,5,68,2024-04-27T00:00:00Z,2024-04-28T00:00:00Z,NEUTRAL,2024-04-27T00:00:00Z,2024-04-26,0.346,HIGH,8/8,,false,,False,56,8,0,0,0
MAIN,2026092503,-8,SYNTHETIC_PLACEBO_ONLY,False,PROVENANCE_ONLY_NOT_CAUSAL_TRUTH,427,6,61,2024-03-03T00:00:00Z,2024-03-04T00:00:00Z,2024.03.03 02:00,NEUTRAL,STABLE_MAPPED_ROW,,False,,483,6,69,2024-04-28T00:00:00Z,2024-04-29T00:00:00Z,NEUTRAL,2024-04-28T00:00:00Z,2024-04-27,0.192,MED,8/8,,false,,False,56,8,0,0,0
MAIN,2026092503,-8,SYNTHETIC_PLACEBO_ONLY,False,PROVENANCE_ONLY_NOT_CAUSAL_TRUTH,428,0,61,2024-03-04T00:00:00Z,2024-03-05T00:00:00Z,2024.03.04 02:00,NEUTRAL,STABLE_MAPPED_ROW,,False,,484,0,69,2024-04-29T00:00:00Z,2024-04-30T00:00:00Z,NEUTRAL,2024-04-29T00:00:00Z,2024-04-28,0.269,HIGH,8/8,,false,LOADED_FUSE,False,56,8,0,0,0
MAIN,2026092503,-8,SYNTHETIC_PLACEBO_ONLY,False,PROVENANCE_ONLY_NOT_CAUSAL_TRUTH,429,1,61,2024-03-05T00:00:00Z,2024-03-06T00:00:00Z,2024.03.05 02:00,RISK_ON,STABLE_MAPPED_ROW,,False,,485,1,69,2024-04-30T00:00:00Z,2024-05-01T00:00:00Z,RISK_ON,2024-04-30T00:00:00Z,2024-04-29,0.5,HIGH,8/8,,false,,False,56,8,0,0,0
MAIN,2026092503,-8,SYNTHETIC_PLACEBO_ONLY,False,PROVENANCE_ONLY_NOT_CAUSAL_TRUTH,430,2,61,2024-03-06T00:00:00Z,2024-03-07T00:00:00Z,2024.03.06 02:00,NEUTRAL,STABLE_MAPPED_ROW,,False,,486,2,69,2024-05-01T00:00:00Z,2024-05-02T00:00:00Z,NEUTRAL,2024-05-01T00:00:00Z,2024-04-30,0.192,MED,8/8,,false,,False,56,8,0,0,0
MAIN,2026092503,-8,SYNTHETIC_PLACEBO_ONLY,False,PROVENANCE_ONLY_NOT_CAUSAL_TRUTH,431,3,61,2024-03-07T00:00:00Z,2024-03-08T00:00:00Z,2024.03.07 02:00,NEUTRAL,STABLE_MAPPED_ROW,,False,,487,3,69,2024-05-02T00:00:00Z,2024-05-03T00:00:00Z,NEUTRAL,2024-05-02T00:00:00Z,2024-05-01,0.192,MED,8/8,,false,,False,56,8,0,0,0
MAIN,2026092503,-8,SYNTHETIC_PLACEBO_ONLY,False,PROVENANCE_ONLY_NOT_CAUSAL_TRUTH,432,4,61,2024-03-08T00:00:00Z,2024-03-09T00:00:00Z,2024.03.08 02:00,NEUTRAL,STABLE_MAPPED_ROW,,False,,488,4,69,2024-05-03T00:00:00Z,2024-05-04T00:00:00Z,NEUTRAL,2024-05-03T00:00:00Z,2024-05-02,0.192,HIGH,8/8,,false,,False,56,8,0,0,0
MAIN,2026092503,-8,SYNTHETIC_PLACEBO_ONLY,False,PROVENANCE_ONLY_NOT_CAUSAL_TRUTH,433,5,61,2024-03-09T00:00:00Z,2024-03-10T00:00:00Z,2024.03.09 02:00,NEUTRAL,STABLE_MAPPED_ROW,,False,,489,5,69,2024-05-04T00:00:00Z,2024-05-05T00:00:00Z,NEUTRAL,2024-05-04T00:00:00Z,2024-05-03,0.231,HIGH,8/8,,false,,False,56,8,0,0,0
MAIN,2026092503,-8,SYNTHETIC_PLACEBO_ONLY,False,PROVENANCE_ONLY_NOT_CAUSAL_TRUTH,434,6,62,2024-03-10T00:00:00Z,2024-03-11T00:00:00Z,2024.03.10 00:00,UNKNOWN,TRANSITION_UNKNOWN_BOUNDARY_MARKER,2024-03-10,True,2024.03.11 03:00,490,6,70,2024-05-05T00:00:00Z,2024-05-06T00:00:00Z,NEUTRAL,2024-05-05T00:00:00Z,2024-05-04,0.269,HIGH,8/8,,false,,False,56,8,0,0,0
MAIN,2026092503,-8,SYNTHETIC_PLACEBO_ONLY,False,PROVENANCE_ONLY_NOT_CAUSAL_TRUTH,435,0,62,2024-03-11T00:00:00Z,2024-03-12T00:00:00Z,2024.03.11 03:00,NEUTRAL,STABLE_MAPPED_ROW,,False,,491,0,70,2024-05-06T00:00:00Z,2024-05-07T00:00:00Z,NEUTRAL,2024-05-06T00:00:00Z,2024-05-05,-0.038,LOW,8/8,,false,,False,56,8,0,0,0
MAIN,2026092503,-8,SYNTHETIC_PLACEBO_ONLY,False,PROVENANCE_ONLY_NOT_CAUSAL_TRUTH,436,1,62,2024-03-12T00:00:00Z,2024-03-13T00:00:00Z,2024.03.12 03:00,NEUTRAL,STABLE_MAPPED_ROW,,False,,492,1,70,2024-05-07T00:00:00Z,2024-05-08T00:00:00Z,NEUTRAL,2024-05-07T00:00:00Z,2024-05-06,0.385,HIGH,8/8,,false,,False,56,8,0,0,0
MAIN,2026092503,-8,SYNTHETIC_PLACEBO_ONLY,False,PROVENANCE_ONLY_NOT_CAUSAL_TRUTH,437,2,62,2024-03-13T00:00:00Z,2024-03-14T00:00:00Z,2024.03.13 03:00,NEUTRAL,STABLE_MAPPED_ROW,,False,,493,2,70,2024-05-08T00:00:00Z,2024-05-09T00:00:00Z,NEUTRAL,2024-05-08T00:00:00Z,2024-05-07,0.269,HIGH,8/8,,false,,False,56,8,0,0,0
MAIN,2026092503,-8,SYNTHETIC_PLACEBO_ONLY,False,PROVENANCE_ONLY_NOT_CAUSAL_TRUTH,438,3,62,2024-03-14T00:00:00Z,2024-03-15T00:00:00Z,2024.03.14 03:00,RISK_ON,STABLE_MAPPED_ROW,,False,,494,3,70,2024-05-09T00:00:00Z,2024-05-10T00:00:00Z,RISK_ON,2024-05-09T00:00:00Z,2024-05-08,0.5,HIGH,8/8,,false,,False,56,8,0,0,0
MAIN,2026092503,-8,SYNTHETIC_PLACEBO_ONLY,False,PROVENANCE_ONLY_NOT_CAUSAL_TRUTH,439,4,62,2024-03-15T00:00:00Z,2024-03-16T00:00:00Z,2024.03.15 03:00,RISK_ON,STABLE_MAPPED_ROW,,False,,495,4,70,2024-05-10T00:00:00Z,2024-05-11T00:00:00Z,RISK_ON,2024-05-10T00:00:00Z,2024-05-09,0.5,HIGH,8/8,,false,,False,56,8,0,0,0
MAIN,2026092503,-8,SYNTHETIC_PLACEBO_ONLY,False,PROVENANCE_ONLY_NOT_CAUSAL_TRUTH,440,5,62,2024-03-16T00:00:00Z,2024-03-17T00:00:00Z,2024.03.16 03:00,NEUTRAL,STABLE_MAPPED_ROW,,False,,496,5,70,2024-05-11T00:00:00Z,2024-05-12T00:00:00Z,NEUTRAL,2024-05-11T00:00:00Z,2024-05-10,0.346,HIGH,8/8,,false,,False,56,8,0,0,0
MAIN,2026092503,-8,SYNTHETIC_PLACEBO_ONLY,False,PROVENANCE_ONLY_NOT_CAUSAL_TRUTH,441,6,63,2024-03-17T00:00:00Z,2024-03-18T00:00:00Z,2024.03.17 03:00,NEUTRAL,STABLE_MAPPED_ROW,,False,,497,6,71,2024-05-12T00:00:00Z,2024-05-13T00:00:00Z,NEUTRAL,2024-05-12T00:00:00Z,2024-05-11,0.346,HIGH,8/8,,false,,False,56,8,0,0,0
MAIN,2026092503,-8,SYNTHETIC_PLACEBO_ONLY,False,PROVENANCE_ONLY_NOT_CAUSAL_TRUTH,442,0,63,2024-03-18T00:00:00Z,2024-03-19T00:00:00Z,2024.03.18 03:00,RISK_ON,STABLE_MAPPED_ROW,,False,,498,0,71,2024-05-13T00:00:00Z,2024-05-14T00:00:00Z,RISK_ON,2024-05-13T00:00:00Z,2024-05-12,0.5,HIGH,8/8,,false,,False,56,8,0,0,0
MAIN,2026092503,-8,SYNTHETIC_PLACEBO_ONLY,False,PROVENANCE_ONLY_NOT_CAUSAL_TRUTH,443,1,63,2024-03-19T00:00:00Z,2024-03-20T00:00:00Z,2024.03.19 03:00,RISK_ON,STABLE_MAPPED_ROW,,False,,499,1,71,2024-05-14T00:00:00Z,2024-05-15T00:00:00Z,RISK_ON,2024-05-14T00:00:00Z,2024-05-13,0.538,HIGH,8/8,,false,,False,56,8,0,0,0
MAIN,2026092503,-8,SYNTHETIC_PLACEBO_ONLY,False,PROVENANCE_ONLY_NOT_CAUSAL_TRUTH,444,2,63,2024-03-20T00:00:00Z,2024-03-21T00:00:00Z,2024.03.20 03:00,RISK_ON,STABLE_MAPPED_ROW,,False,,500,2,71,2024-05-15T00:00:00Z,2024-05-16T00:00:00Z,RISK_ON,2024-05-15T00:00:00Z,2024-05-14,0.5,HIGH,8/8,,false,,False,56,8,0,0,0
MAIN,2026092503,-8,SYNTHETIC_PLACEBO_ONLY,False,PROVENANCE_ONLY_NOT_CAUSAL_TRUTH,445,3,63,2024-03-21T00:00:00Z,2024-03-22T00:00:00Z,2024.03.21 03:00,RISK_ON,STABLE_MAPPED_ROW,,False,,501,3,71,2024-05-16T00:00:00Z,2024-05-17T00:00:00Z,RISK_ON,2024-05-16T00:00:00Z,2024-05-15,0.538,HIGH,8/8,,false,,False,56,8,0,0,0
MAIN,2026092503,-8,SYNTHETIC_PLACEBO_ONLY,False,PROVENANCE_ONLY_NOT_CAUSAL_TRUTH,446,4,63,2024-03-22T00:00:00Z,2024-03-23T00:00:00Z,2024.03.22 03:00,RISK_ON,STABLE_MAPPED_ROW,,False,,502,4,71,2024-05-17T00:00:00Z,2024-05-18T00:00:00Z,RISK_ON,2024-05-17T00:00:00Z,2024-05-16,0.538,HIGH,8/8,,false,,False,56,8,0,0,0
MAIN,2026092503,-8,SYNTHETIC_PLACEBO_ONLY,False,PROVENANCE_ONLY_NOT_CAUSAL_TRUTH,447,5,63,2024-03-23T00:00:00Z,2024-03-24T00:00:00Z,2024.03.23 03:00,RISK_ON,STABLE_MAPPED_ROW,,False,,503,5,71,2024-05-18T00:00:00Z,2024-05-19T00:00:00Z,RISK_ON,2024-05-18T00:00:00Z,2024-05-17,0.538,HIGH,8/8,,false,,False,56,8,0,0,0
MAIN,2026092503,-8,SYNTHETIC_PLACEBO_ONLY,False,PROVENANCE_ONLY_NOT_CAUSAL_TRUTH,448,6,64,2024-03-24T00:00:00Z,2024-03-25T00:00:00Z,2024.03.24 03:00,RISK_ON,STABLE_MAPPED_ROW,,False,,504,6,72,2024-05-19T00:00:00Z,2024-05-20T00:00:00Z,RISK_ON,2024-05-19T00:00:00Z,2024-05-18,0.538,HIGH,8/8,,false,,False,56,8,0,0,0
MAIN,2026092503,-8,SYNTHETIC_PLACEBO_ONLY,False,PROVENANCE_ONLY_NOT_CAUSAL_TRUTH,449,0,64,2024-03-25T00:00:00Z,2024-03-26T00:00:00Z,2024.03.25 03:00,RISK_ON,STABLE_MAPPED_ROW,,False,,505,0,72,2024-05-20T00:00:00Z,2024-05-21T00:00:00Z,RISK_ON,2024-05-20T00:00:00Z,2024-05-19,0.538,HIGH,8/8,,false,,False,56,8,0,0,0
MAIN,2026092503,-8,SYNTHETIC_PLACEBO_ONLY,False,PROVENANCE_ONLY_NOT_CAUSAL_TRUTH,450,1,64,2024-03-26T00:00:00Z,2024-03-27T00:00:00Z,2024.03.26 03:00,RISK_ON,STABLE_MAPPED_ROW,,False,,506,1,72,2024-05-21T00:00:00Z,2024-05-22T00:00:00Z,RISK_ON,2024-05-21T00:00:00Z,2024-05-20,0.538,HIGH,8/8,,false,,False,56,8,0,0,0
MAIN,2026092503,-8,SYNTHETIC_PLACEBO_ONLY,False,PROVENANCE_ONLY_NOT_CAUSAL_TRUTH,451,2,64,2024-03-27T00:00:00Z,2024-03-28T00:00:00Z,2024.03.27 03:00,RISK_ON,STABLE_MAPPED_ROW,,False,,507,2,72,2024-05-22T00:00:00Z,2024-05-23T00:00:00Z,RISK_ON,2024-05-22T00:00:00Z,2024-05-21,0.538,HIGH,8/8,,false,,False,56,8,0,0,0
MAIN,2026092503,-8,SYNTHETIC_PLACEBO_ONLY,False,PROVENANCE_ONLY_NOT_CAUSAL_TRUTH,452,3,64,2024-03-28T00:00:00Z,2024-03-29T00:00:00Z,2024.03.28 03:00,RISK_ON,STABLE_MAPPED_ROW,,False,,508,3,72,2024-05-23T00:00:00Z,2024-05-24T00:00:00Z,RISK_ON,2024-05-23T00:00:00Z,2024-05-22,0.5,HIGH,8/8,,false,,False,56,8,0,0,0
MAIN,2026092503,-8,SYNTHETIC_PLACEBO_ONLY,False,PROVENANCE_ONLY_NOT_CAUSAL_TRUTH,453,4,64,2024-03-29T00:00:00Z,2024-03-30T00:00:00Z,2024.03.29 03:00,NEUTRAL,STABLE_MAPPED_ROW,,False,,509,4,72,2024-05-24T00:00:00Z,2024-05-25T00:00:00Z,NEUTRAL,2024-05-24T00:00:00Z,2024-05-23,0.385,HIGH,8/8,,false,,False,56,8,0,0,0
MAIN,2026092503,-8,SYNTHETIC_PLACEBO_ONLY,False,PROVENANCE_ONLY_NOT_CAUSAL_TRUTH,454,5,64,2024-03-30T00:00:00Z,2024-03-31T00:00:00Z,2024.03.30 03:00,NEUTRAL,STABLE_MAPPED_ROW,,False,,510,5,72,2024-05-25T00:00:00Z,2024-05-26T00:00:00Z,NEUTRAL,2024-05-25T00:00:00Z,2024-05-24,0.231,HIGH,8/8,,false,,False,56,8,0,0,0
MAIN,2026092503,-8,SYNTHETIC_PLACEBO_ONLY,False,PROVENANCE_ONLY_NOT_CAUSAL_TRUTH,455,6,65,2024-03-31T00:00:00Z,2024-04-01T00:00:00Z,2024.03.31 03:00,NEUTRAL,STABLE_MAPPED_ROW,,False,,511,6,73,2024-05-26T00:00:00Z,2024-05-27T00:00:00Z,NEUTRAL,2024-05-26T00:00:00Z,2024-05-25,0.038,MED,8/8,,false,,False,56,8,0,0,0
MAIN,2026092503,-8,SYNTHETIC_PLACEBO_ONLY,False,PROVENANCE_ONLY_NOT_CAUSAL_TRUTH,456,0,65,2024-04-01T00:00:00Z,2024-04-02T00:00:00Z,2024.04.01 03:00,NEUTRAL,STABLE_MAPPED_ROW,,False,,512,0,73,2024-05-27T00:00:00Z,2024-05-28T00:00:00Z,NEUTRAL,2024-05-27T00:00:00Z,2024-05-26,0.192,HIGH,8/8,,false,,False,56,8,0,0,0
MAIN,2026092503,-8,SYNTHETIC_PLACEBO_ONLY,False,PROVENANCE_ONLY_NOT_CAUSAL_TRUTH,457,1,65,2024-04-02T00:00:00Z,2024-04-03T00:00:00Z,2024.04.02 03:00,NEUTRAL,STABLE_MAPPED_ROW,,False,,513,1,73,2024-05-28T00:00:00Z,2024-05-29T00:00:00Z,NEUTRAL,2024-05-28T00:00:00Z,2024-05-27,0.346,HIGH,8/8,,false,,False,56,8,0,0,0
MAIN,2026092503,-8,SYNTHETIC_PLACEBO_ONLY,False,PROVENANCE_ONLY_NOT_CAUSAL_TRUTH,458,2,65,2024-04-03T00:00:00Z,2024-04-04T00:00:00Z,2024.04.03 03:00,NEUTRAL,STABLE_MAPPED_ROW,,False,,514,2,73,2024-05-29T00:00:00Z,2024-05-30T00:00:00Z,NEUTRAL,2024-05-29T00:00:00Z,2024-05-28,0.346,HIGH,8/8,,false,,False,56,8,0,0,0
MAIN,2026092503,-8,SYNTHETIC_PLACEBO_ONLY,False,PROVENANCE_ONLY_NOT_CAUSAL_TRUTH,459,3,65,2024-04-04T00:00:00Z,2024-04-05T00:00:00Z,2024.04.04 03:00,NEUTRAL,STABLE_MAPPED_ROW,,False,,515,3,73,2024-05-30T00:00:00Z,2024-05-31T00:00:00Z,NEUTRAL,2024-05-30T00:00:00Z,2024-05-29,0.385,HIGH,8/8,,false,,False,56,8,0,0,0
MAIN,2026092503,-8,SYNTHETIC_PLACEBO_ONLY,False,PROVENANCE_ONLY_NOT_CAUSAL_TRUTH,460,4,65,2024-04-05T00:00:00Z,2024-04-06T00:00:00Z,2024.04.05 03:00,NEUTRAL,STABLE_MAPPED_ROW,,False,,516,4,73,2024-05-31T00:00:00Z,2024-06-01T00:00:00Z,NEUTRAL,2024-05-31T00:00:00Z,2024-05-30,0.308,HIGH,8/8,,false,,False,56,8,0,0,0
MAIN,2026092503,-8,SYNTHETIC_PLACEBO_ONLY,False,PROVENANCE_ONLY_NOT_CAUSAL_TRUTH,461,5,65,2024-04-06T00:00:00Z,2024-04-07T00:00:00Z,2024.04.06 03:00,NEUTRAL,STABLE_MAPPED_ROW,,False,,517,5,73,2024-06-01T00:00:00Z,2024-06-02T00:00:00Z,NEUTRAL,2024-06-01T00:00:00Z,2024-05-31,0.308,HIGH,8/8,,false,,False,56,8,0,0,0
MAIN,2026092503,-8,SYNTHETIC_PLACEBO_ONLY,False,PROVENANCE_ONLY_NOT_CAUSAL_TRUTH,462,6,66,2024-04-07T00:00:00Z,2024-04-08T00:00:00Z,2024.04.07 03:00,NEUTRAL,STABLE_MAPPED_ROW,,False,,518,6,74,2024-06-02T00:00:00Z,2024-06-03T00:00:00Z,NEUTRAL,2024-06-02T00:00:00Z,2024-06-01,0.308,HIGH,8/8,,false,,False,56,8,0,0,0
MAIN,2026092503,-8,SYNTHETIC_PLACEBO_ONLY,False,PROVENANCE_ONLY_NOT_CAUSAL_TRUTH,463,0,66,2024-04-08T00:00:00Z,2024-04-09T00:00:00Z,2024.04.08 03:00,NEUTRAL,STABLE_MAPPED_ROW,,False,,519,0,74,2024-06-03T00:00:00Z,2024-06-04T00:00:00Z,NEUTRAL,2024-06-03T00:00:00Z,2024-06-02,0.308,HIGH,8/8,,false,,False,56,8,0,0,0
MAIN,2026092503,-8,SYNTHETIC_PLACEBO_ONLY,False,PROVENANCE_ONLY_NOT_CAUSAL_TRUTH,464,1,66,2024-04-09T00:00:00Z,2024-04-10T00:00:00Z,2024.04.09 03:00,RISK_ON,STABLE_MAPPED_ROW,,False,,520,1,74,2024-06-04T00:00:00Z,2024-06-05T00:00:00Z,RISK_ON,2024-06-04T00:00:00Z,2024-06-03,0.5,HIGH,8/8,,false,,False,56,8,0,0,0
MAIN,2026092503,-8,SYNTHETIC_PLACEBO_ONLY,False,PROVENANCE_ONLY_NOT_CAUSAL_TRUTH,465,2,66,2024-04-10T00:00:00Z,2024-04-11T00:00:00Z,2024.04.10 03:00,NEUTRAL,STABLE_MAPPED_ROW,,False,,521,2,74,2024-06-05T00:00:00Z,2024-06-06T00:00:00Z,NEUTRAL,2024-06-05T00:00:00Z,2024-06-04,0.077,MED,8/8,,false,,False,56,8,0,0,0
MAIN,2026092503,-8,SYNTHETIC_PLACEBO_ONLY,False,PROVENANCE_ONLY_NOT_CAUSAL_TRUTH,466,3,66,2024-04-11T00:00:00Z,2024-04-12T00:00:00Z,2024.04.11 03:00,NEUTRAL,STABLE_MAPPED_ROW,,False,,522,3,74,2024-06-06T00:00:00Z,2024-06-07T00:00:00Z,NEUTRAL,2024-06-06T00:00:00Z,2024-06-05,0.077,MED,8/8,,false,,False,56,8,0,0,0
MAIN,2026092503,-8,SYNTHETIC_PLACEBO_ONLY,False,PROVENANCE_ONLY_NOT_CAUSAL_TRUTH,467,4,66,2024-04-12T00:00:00Z,2024-04-13T00:00:00Z,2024.04.12 03:00,NEUTRAL,STABLE_MAPPED_ROW,,False,,523,4,74,2024-06-07T00:00:00Z,2024-06-08T00:00:00Z,NEUTRAL,2024-06-07T00:00:00Z,2024-06-06,0.269,HIGH,8/8,,false,,False,56,8,0,0,0
MAIN,2026092503,-8,SYNTHETIC_PLACEBO_ONLY,False,PROVENANCE_ONLY_NOT_CAUSAL_TRUTH,468,5,66,2024-04-13T00:00:00Z,2024-04-14T00:00:00Z,2024.04.13 03:00,NEUTRAL,STABLE_MAPPED_ROW,,False,,524,5,74,2024-06-08T00:00:00Z,2024-06-09T00:00:00Z,NEUTRAL,2024-06-08T00:00:00Z,2024-06-07,0.385,HIGH,8/8,,false,,False,56,8,0,0,0
MAIN,2026092503,-8,SYNTHETIC_PLACEBO_ONLY,False,PROVENANCE_ONLY_NOT_CAUSAL_TRUTH,469,6,67,2024-04-14T00:00:00Z,2024-04-15T00:00:00Z,2024.04.14 03:00,NEUTRAL,STABLE_MAPPED_ROW,,False,,525,6,75,2024-06-09T00:00:00Z,2024-06-10T00:00:00Z,NEUTRAL,2024-06-09T00:00:00Z,2024-06-08,0.385,HIGH,8/8,,false,,False,56,8,0,0,0
MAIN,2026092503,-8,SYNTHETIC_PLACEBO_ONLY,False,PROVENANCE_ONLY_NOT_CAUSAL_TRUTH,470,0,67,2024-04-15T00:00:00Z,2024-04-16T00:00:00Z,2024.04.15 03:00,NEUTRAL,STABLE_MAPPED_ROW,,False,,526,0,75,2024-06-10T00:00:00Z,2024-06-11T00:00:00Z,NEUTRAL,2024-06-10T00:00:00Z,2024-06-09,0.346,HIGH,8/8,,false,,False,56,8,0,0,0
MAIN,2026092503,-8,SYNTHETIC_PLACEBO_ONLY,False,PROVENANCE_ONLY_NOT_CAUSAL_TRUTH,471,1,67,2024-04-16T00:00:00Z,2024-04-17T00:00:00Z,2024.04.16 03:00,NEUTRAL,STABLE_MAPPED_ROW,,False,,527,1,75,2024-06-11T00:00:00Z,2024-06-12T00:00:00Z,NEUTRAL,2024-06-11T00:00:00Z,2024-06-10,0.346,HIGH,8/8,,false,,False,56,8,0,0,0
MAIN,2026092503,-8,SYNTHETIC_PLACEBO_ONLY,False,PROVENANCE_ONLY_NOT_CAUSAL_TRUTH,472,2,67,2024-04-17T00:00:00Z,2024-04-18T00:00:00Z,2024.04.17 03:00,NEUTRAL,STABLE_MAPPED_ROW,,False,,528,2,75,2024-06-12T00:00:00Z,2024-06-13T00:00:00Z,NEUTRAL,2024-06-12T00:00:00Z,2024-06-11,0.308,HIGH,8/8,,false,,False,56,8,0,0,0
MAIN,2026092503,-8,SYNTHETIC_PLACEBO_ONLY,False,PROVENANCE_ONLY_NOT_CAUSAL_TRUTH,473,3,67,2024-04-18T00:00:00Z,2024-04-19T00:00:00Z,2024.04.18 03:00,NEUTRAL,STABLE_MAPPED_ROW,,False,,529,3,75,2024-06-13T00:00:00Z,2024-06-14T00:00:00Z,NEUTRAL,2024-06-13T00:00:00Z,2024-06-12,0.462,HIGH,8/8,,false,,False,56,8,0,0,0
MAIN,2026092503,-8,SYNTHETIC_PLACEBO_ONLY,False,PROVENANCE_ONLY_NOT_CAUSAL_TRUTH,474,4,67,2024-04-19T00:00:00Z,2024-04-20T00:00:00Z,2024.04.19 03:00,NEUTRAL,STABLE_MAPPED_ROW,,False,,530,4,75,2024-06-14T00:00:00Z,2024-06-15T00:00:00Z,NEUTRAL,2024-06-14T00:00:00Z,2024-06-13,0.154,MED,8/8,,false,,False,56,8,0,0,0
MAIN,2026092503,-8,SYNTHETIC_PLACEBO_ONLY,False,PROVENANCE_ONLY_NOT_CAUSAL_TRUTH,475,5,67,2024-04-20T00:00:00Z,2024-04-21T00:00:00Z,2024.04.20 03:00,NEUTRAL,STABLE_MAPPED_ROW,,False,,531,5,75,2024-06-15T00:00:00Z,2024-06-16T00:00:00Z,NEUTRAL,2024-06-15T00:00:00Z,2024-06-14,0.192,MED,8/8,,false,,False,56,8,0,0,0
MAIN,2026092503,-8,SYNTHETIC_PLACEBO_ONLY,False,PROVENANCE_ONLY_NOT_CAUSAL_TRUTH,476,6,68,2024-04-21T00:00:00Z,2024-04-22T00:00:00Z,2024.04.21 03:00,NEUTRAL,STABLE_MAPPED_ROW,,False,,532,6,76,2024-06-16T00:00:00Z,2024-06-17T00:00:00Z,NEUTRAL,2024-06-16T00:00:00Z,2024-06-15,0.192,MED,8/8,,false,,False,56,8,0,0,0
MAIN,2026092503,-8,SYNTHETIC_PLACEBO_ONLY,False,PROVENANCE_ONLY_NOT_CAUSAL_TRUTH,477,0,68,2024-04-22T00:00:00Z,2024-04-23T00:00:00Z,2024.04.22 03:00,NEUTRAL,STABLE_MAPPED_ROW,,False,,533,0,76,2024-06-17T00:00:00Z,2024-06-18T00:00:00Z,NEUTRAL,2024-06-17T00:00:00Z,2024-06-16,0.346,HIGH,8/8,,false,,False,56,8,0,0,0
MAIN,2026092503,-8,SYNTHETIC_PLACEBO_ONLY,False,PROVENANCE_ONLY_NOT_CAUSAL_TRUTH,478,1,68,2024-04-23T00:00:00Z,2024-04-24T00:00:00Z,2024.04.23 03:00,NEUTRAL,STABLE_MAPPED_ROW,,False,,534,1,76,2024-06-18T00:00:00Z,2024-06-19T00:00:00Z,NEUTRAL,2024-06-18T00:00:00Z,2024-06-17,0.308,HIGH,8/8,,false,,False,56,8,0,0,0
MAIN,2026092503,-8,SYNTHETIC_PLACEBO_ONLY,False,PROVENANCE_ONLY_NOT_CAUSAL_TRUTH,479,2,68,2024-04-24T00:00:00Z,2024-04-25T00:00:00Z,2024.04.24 03:00,NEUTRAL,STABLE_MAPPED_ROW,,False,,535,2,76,2024-06-19T00:00:00Z,2024-06-20T00:00:00Z,NEUTRAL,2024-06-19T00:00:00Z,2024-06-18,0.346,HIGH,8/8,,false,,False,56,8,0,0,0
MAIN,2026092503,-8,SYNTHETIC_PLACEBO_ONLY,False,PROVENANCE_ONLY_NOT_CAUSAL_TRUTH,480,3,68,2024-04-25T00:00:00Z,2024-04-26T00:00:00Z,2024.04.25 03:00,NEUTRAL,STABLE_MAPPED_ROW,,False,,536,3,76,2024-06-20T00:00:00Z,2024-06-21T00:00:00Z,NEUTRAL,2024-06-20T00:00:00Z,2024-06-19,0.346,HIGH,8/8,,false,,False,56,8,0,0,0
MAIN,2026092503,-8,SYNTHETIC_PLACEBO_ONLY,False,PROVENANCE_ONLY_NOT_CAUSAL_TRUTH,481,4,68,2024-04-26T00:00:00Z,2024-04-27T00:00:00Z,2024.04.26 03:00,RISK_ON,STABLE_MAPPED_ROW,,False,,537,4,76,2024-06-21T00:00:00Z,2024-06-22T00:00:00Z,RISK_ON,2024-06-21T00:00:00Z,2024-06-20,0.577,HIGH,8/8,,false,LOADED_FUSE,False,56,8,0,0,0
MAIN,2026092503,-8,SYNTHETIC_PLACEBO_ONLY,False,PROVENANCE_ONLY_NOT_CAUSAL_TRUTH,482,5,68,2024-04-27T00:00:00Z,2024-04-28T00:00:00Z,2024.04.27 03:00,NEUTRAL,STABLE_MAPPED_ROW,,False,,538,5,76,2024-06-22T00:00:00Z,2024-06-23T00:00:00Z,NEUTRAL,2024-06-22T00:00:00Z,2024-06-21,0.385,HIGH,8/8,,false,LOADED_FUSE,False,56,8,0,0,0
MAIN,2026092503,-8,SYNTHETIC_PLACEBO_ONLY,False,PROVENANCE_ONLY_NOT_CAUSAL_TRUTH,483,6,69,2024-04-28T00:00:00Z,2024-04-29T00:00:00Z,2024.04.28 03:00,NEUTRAL,STABLE_MAPPED_ROW,,False,,539,6,77,2024-06-23T00:00:00Z,2024-06-24T00:00:00Z,NEUTRAL,2024-06-23T00:00:00Z,2024-06-22,0.385,HIGH,8/8,,false,LOADED_FUSE,False,56,8,0,0,0
MAIN,2026092503,-8,SYNTHETIC_PLACEBO_ONLY,False,PROVENANCE_ONLY_NOT_CAUSAL_TRUTH,484,0,69,2024-04-29T00:00:00Z,2024-04-30T00:00:00Z,2024.04.29 03:00,NEUTRAL,STABLE_MAPPED_ROW,,False,,540,0,77,2024-06-24T00:00:00Z,2024-06-25T00:00:00Z,NEUTRAL,2024-06-24T00:00:00Z,2024-06-23,0.385,HIGH,8/8,,false,LOADED_FUSE,False,56,8,0,0,0
MAIN,2026092503,-8,SYNTHETIC_PLACEBO_ONLY,False,PROVENANCE_ONLY_NOT_CAUSAL_TRUTH,485,1,69,2024-04-30T00:00:00Z,2024-05-01T00:00:00Z,2024.04.30 03:00,NEUTRAL,STABLE_MAPPED_ROW,,False,,541,1,77,2024-06-25T00:00:00Z,2024-06-26T00:00:00Z,NEUTRAL,2024-06-25T00:00:00Z,2024-06-24,0.385,HIGH,8/8,,false,LOADED_FUSE,False,56,8,0,0,0
MAIN,2026092503,-8,SYNTHETIC_PLACEBO_ONLY,False,PROVENANCE_ONLY_NOT_CAUSAL_TRUTH,486,2,69,2024-05-01T00:00:00Z,2024-05-02T00:00:00Z,2024.05.01 03:00,NEUTRAL,STABLE_MAPPED_ROW,,False,,542,2,77,2024-06-26T00:00:00Z,2024-06-27T00:00:00Z,NEUTRAL,2024-06-26T00:00:00Z,2024-06-25,0.231,MED,8/8,,false,LOADED_FUSE,False,56,8,0,0,0
MAIN,2026092503,-8,SYNTHETIC_PLACEBO_ONLY,False,PROVENANCE_ONLY_NOT_CAUSAL_TRUTH,487,3,69,2024-05-02T00:00:00Z,2024-05-03T00:00:00Z,2024.05.02 03:00,NEUTRAL,STABLE_MAPPED_ROW,,False,,543,3,77,2024-06-27T00:00:00Z,2024-06-28T00:00:00Z,NEUTRAL,2024-06-27T00:00:00Z,2024-06-26,0.231,MED,8/8,,false,LOADED_FUSE,False,56,8,0,0,0
MAIN,2026092503,-8,SYNTHETIC_PLACEBO_ONLY,False,PROVENANCE_ONLY_NOT_CAUSAL_TRUTH,488,4,69,2024-05-03T00:00:00Z,2024-05-04T00:00:00Z,2024.05.03 03:00,NEUTRAL,STABLE_MAPPED_ROW,,False,,544,4,77,2024-06-28T00:00:00Z,2024-06-29T00:00:00Z,NEUTRAL,2024-06-28T00:00:00Z,2024-06-27,0.231,MED,8/8,,false,LOADED_FUSE,False,56,8,0,0,0
MAIN,2026092503,-8,SYNTHETIC_PLACEBO_ONLY,False,PROVENANCE_ONLY_NOT_CAUSAL_TRUTH,489,5,69,2024-05-04T00:00:00Z,2024-05-05T00:00:00Z,2024.05.04 03:00,NEUTRAL,STABLE_MAPPED_ROW,,False,,545,5,77,2024-06-29T00:00:00Z,2024-06-30T00:00:00Z,NEUTRAL,2024-06-29T00:00:00Z,2024-06-28,0.385,HIGH,8/8,,false,LOADED_FUSE,False,56,8,0,0,0
MAIN,2026092503,-8,SYNTHETIC_PLACEBO_ONLY,False,PROVENANCE_ONLY_NOT_CAUSAL_TRUTH,490,6,70,2024-05-05T00:00:00Z,2024-05-06T00:00:00Z,2024.05.05 03:00,RISK_ON,STABLE_MAPPED_ROW,,False,,546,6,78,2024-06-30T00:00:00Z,2024-07-01T00:00:00Z,RISK_ON,2024-06-30T00:00:00Z,2024-06-29,0.577,HIGH,8/8,,false,LOADED_FUSE,False,56,8,0,0,0
MAIN,2026092503,-8,SYNTHETIC_PLACEBO_ONLY,False,PROVENANCE_ONLY_NOT_CAUSAL_TRUTH,491,0,70,2024-05-06T00:00:00Z,2024-05-07T00:00:00Z,2024.05.06 03:00,RISK_ON,STABLE_MAPPED_ROW,,False,,547,0,78,2024-07-01T00:00:00Z,2024-07-02T00:00:00Z,RISK_ON,2024-07-01T00:00:00Z,2024-06-30,0.577,HIGH,8/8,,false,LOADED_FUSE,False,56,8,0,0,0
MAIN,2026092503,-8,SYNTHETIC_PLACEBO_ONLY,False,PROVENANCE_ONLY_NOT_CAUSAL_TRUTH,492,1,70,2024-05-07T00:00:00Z,2024-05-08T00:00:00Z,2024.05.07 03:00,RISK_ON,STABLE_MAPPED_ROW,,False,,548,1,78,2024-07-02T00:00:00Z,2024-07-03T00:00:00Z,RISK_ON,2024-07-02T00:00:00Z,2024-07-01,0.654,HIGH,8/8,,false,LOADED_FUSE,False,56,8,0,0,0
MAIN,2026092503,-8,SYNTHETIC_PLACEBO_ONLY,False,PROVENANCE_ONLY_NOT_CAUSAL_TRUTH,493,2,70,2024-05-08T00:00:00Z,2024-05-09T00:00:00Z,2024.05.08 03:00,RISK_ON,STABLE_MAPPED_ROW,,False,,549,2,78,2024-07-03T00:00:00Z,2024-07-04T00:00:00Z,RISK_ON,2024-07-03T00:00:00Z,2024-07-02,0.692,HIGH,8/8,,false,LOADED_FUSE,False,56,8,0,0,0
MAIN,2026092503,-8,SYNTHETIC_PLACEBO_ONLY,False,PROVENANCE_ONLY_NOT_CAUSAL_TRUTH,494,3,70,2024-05-09T00:00:00Z,2024-05-10T00:00:00Z,2024.05.09 03:00,RISK_ON,STABLE_MAPPED_ROW,,False,,550,3,78,2024-07-04T00:00:00Z,2024-07-05T00:00:00Z,RISK_ON,2024-07-04T00:00:00Z,2024-07-03,0.577,HIGH,8/8,,false,LOADED_FUSE,False,56,8,0,0,0
MAIN,2026092503,-8,SYNTHETIC_PLACEBO_ONLY,False,PROVENANCE_ONLY_NOT_CAUSAL_TRUTH,495,4,70,2024-05-10T00:00:00Z,2024-05-11T00:00:00Z,2024.05.10 03:00,NEUTRAL,STABLE_MAPPED_ROW,,False,,551,4,78,2024-07-05T00:00:00Z,2024-07-06T00:00:00Z,NEUTRAL,2024-07-05T00:00:00Z,2024-07-04,0.385,HIGH,8/8,,false,LOADED_FUSE,False,56,8,0,0,0
MAIN,2026092503,-8,SYNTHETIC_PLACEBO_ONLY,False,PROVENANCE_ONLY_NOT_CAUSAL_TRUTH,496,5,70,2024-05-11T00:00:00Z,2024-05-12T00:00:00Z,2024.05.11 03:00,NEUTRAL,STABLE_MAPPED_ROW,,False,,552,5,78,2024-07-06T00:00:00Z,2024-07-07T00:00:00Z,NEUTRAL,2024-07-06T00:00:00Z,2024-07-05,0.385,HIGH,8/8,,false,LOADED_FUSE,False,56,8,0,0,0
MAIN,2026092503,-8,SYNTHETIC_PLACEBO_ONLY,False,PROVENANCE_ONLY_NOT_CAUSAL_TRUTH,497,6,71,2024-05-12T00:00:00Z,2024-05-13T00:00:00Z,2024.05.12 03:00,NEUTRAL,STABLE_MAPPED_ROW,,False,,553,6,79,2024-07-07T00:00:00Z,2024-07-08T00:00:00Z,NEUTRAL,2024-07-07T00:00:00Z,2024-07-06,0.385,HIGH,8/8,,false,LOADED_FUSE,False,56,8,0,0,0
MAIN,2026092503,-8,SYNTHETIC_PLACEBO_ONLY,False,PROVENANCE_ONLY_NOT_CAUSAL_TRUTH,498,0,71,2024-05-13T00:00:00Z,2024-05-14T00:00:00Z,2024.05.13 03:00,NEUTRAL,STABLE_MAPPED_ROW,,False,,554,0,79,2024-07-08T00:00:00Z,2024-07-09T00:00:00Z,NEUTRAL,2024-07-08T00:00:00Z,2024-07-07,0.385,HIGH,8/8,,false,LOADED_FUSE,False,56,8,0,0,0
MAIN,2026092503,-8,SYNTHETIC_PLACEBO_ONLY,False,PROVENANCE_ONLY_NOT_CAUSAL_TRUTH,499,1,71,2024-05-14T00:00:00Z,2024-05-15T00:00:00Z,2024.05.14 03:00,NEUTRAL,STABLE_MAPPED_ROW,,False,,555,1,79,2024-07-09T00:00:00Z,2024-07-10T00:00:00Z,NEUTRAL,2024-07-09T00:00:00Z,2024-07-08,0.385,HIGH,8/8,,false,LOADED_FUSE,False,56,8,0,0,0
MAIN,2026092503,-8,SYNTHETIC_PLACEBO_ONLY,False,PROVENANCE_ONLY_NOT_CAUSAL_TRUTH,500,2,71,2024-05-15T00:00:00Z,2024-05-16T00:00:00Z,2024.05.15 03:00,NEUTRAL,STABLE_MAPPED_ROW,,False,,556,2,79,2024-07-10T00:00:00Z,2024-07-11T00:00:00Z,NEUTRAL,2024-07-10T00:00:00Z,2024-07-09,0.308,MED,8/8,,false,LOADED_FUSE,False,56,8,0,0,0
MAIN,2026092503,-8,SYNTHETIC_PLACEBO_ONLY,False,PROVENANCE_ONLY_NOT_CAUSAL_TRUTH,501,3,71,2024-05-16T00:00:00Z,2024-05-17T00:00:00Z,2024.05.16 03:00,NEUTRAL,STABLE_MAPPED_ROW,,False,,557,3,79,2024-07-11T00:00:00Z,2024-07-12T00:00:00Z,NEUTRAL,2024-07-11T00:00:00Z,2024-07-10,0.308,MED,8/8,,false,LOADED_FUSE,False,56,8,0,0,0
MAIN,2026092503,-8,SYNTHETIC_PLACEBO_ONLY,False,PROVENANCE_ONLY_NOT_CAUSAL_TRUTH,502,4,71,2024-05-17T00:00:00Z,2024-05-18T00:00:00Z,2024.05.17 03:00,NEUTRAL,STABLE_MAPPED_ROW,,False,,558,4,79,2024-07-12T00:00:00Z,2024-07-13T00:00:00Z,NEUTRAL,2024-07-12T00:00:00Z,2024-07-11,-0.231,MED,8/8,,false,,False,56,8,0,0,0
MAIN,2026092503,-8,SYNTHETIC_PLACEBO_ONLY,False,PROVENANCE_ONLY_NOT_CAUSAL_TRUTH,503,5,71,2024-05-18T00:00:00Z,2024-05-19T00:00:00Z,2024.05.18 03:00,NEUTRAL,STABLE_MAPPED_ROW,,False,,559,5,79,2024-07-13T00:00:00Z,2024-07-14T00:00:00Z,NEUTRAL,2024-07-13T00:00:00Z,2024-07-12,-0.077,LOW,8/8,,false,,False,56,8,0,0,0
MAIN,2026092503,-8,SYNTHETIC_PLACEBO_ONLY,False,PROVENANCE_ONLY_NOT_CAUSAL_TRUTH,504,6,72,2024-05-19T00:00:00Z,2024-05-20T00:00:00Z,2024.05.19 03:00,NEUTRAL,STABLE_MAPPED_ROW,,False,,560,6,80,2024-07-14T00:00:00Z,2024-07-15T00:00:00Z,NEUTRAL,2024-07-14T00:00:00Z,2024-07-13,0.077,HIGH,8/8,,false,,False,56,8,0,0,0
MAIN,2026092503,-8,SYNTHETIC_PLACEBO_ONLY,False,PROVENANCE_ONLY_NOT_CAUSAL_TRUTH,505,0,72,2024-05-20T00:00:00Z,2024-05-21T00:00:00Z,2024.05.20 03:00,NEUTRAL,STABLE_MAPPED_ROW,,False,,561,0,80,2024-07-15T00:00:00Z,2024-07-16T00:00:00Z,NEUTRAL,2024-07-15T00:00:00Z,2024-07-14,0.462,HIGH,8/8,,false,LOADED_FUSE,False,56,8,0,0,0
MAIN,2026092503,-8,SYNTHETIC_PLACEBO_ONLY,False,PROVENANCE_ONLY_NOT_CAUSAL_TRUTH,506,1,72,2024-05-21T00:00:00Z,2024-05-22T00:00:00Z,2024.05.21 03:00,NEUTRAL,STABLE_MAPPED_ROW,,False,,562,1,80,2024-07-16T00:00:00Z,2024-07-17T00:00:00Z,NEUTRAL,2024-07-16T00:00:00Z,2024-07-15,0.077,HIGH,8/8,,false,,False,56,8,0,0,0
MAIN,2026092503,-8,SYNTHETIC_PLACEBO_ONLY,False,PROVENANCE_ONLY_NOT_CAUSAL_TRUTH,507,2,72,2024-05-22T00:00:00Z,2024-05-23T00:00:00Z,2024.05.22 03:00,NEUTRAL,STABLE_MAPPED_ROW,,False,,563,2,80,2024-07-17T00:00:00Z,2024-07-18T00:00:00Z,NEUTRAL,2024-07-17T00:00:00Z,2024-07-16,0.077,HIGH,8/8,,false,,False,56,8,0,0,0
MAIN,2026092503,-8,SYNTHETIC_PLACEBO_ONLY,False,PROVENANCE_ONLY_NOT_CAUSAL_TRUTH,508,3,72,2024-05-23T00:00:00Z,2024-05-24T00:00:00Z,2024.05.23 03:00,RISK_OFF,STABLE_MAPPED_ROW,,False,,564,3,80,2024-07-18T00:00:00Z,2024-07-19T00:00:00Z,RISK_OFF,2024-07-18T00:00:00Z,2024-07-17,-0.615,MED,8/8,,false,,False,56,8,0,0,0
MAIN,2026092503,-8,SYNTHETIC_PLACEBO_ONLY,False,PROVENANCE_ONLY_NOT_CAUSAL_TRUTH,509,4,72,2024-05-24T00:00:00Z,2024-05-25T00:00:00Z,2024.05.24 03:00,NEUTRAL,STABLE_MAPPED_ROW,,False,,565,4,80,2024-07-19T00:00:00Z,2024-07-20T00:00:00Z,NEUTRAL,2024-07-19T00:00:00Z,2024-07-18,0,MED,8/8,,false,,False,56,8,0,0,0
MAIN,2026092503,-8,SYNTHETIC_PLACEBO_ONLY,False,PROVENANCE_ONLY_NOT_CAUSAL_TRUTH,510,5,72,2024-05-25T00:00:00Z,2024-05-26T00:00:00Z,2024.05.25 03:00,NEUTRAL,STABLE_MAPPED_ROW,,False,,566,5,80,2024-07-20T00:00:00Z,2024-07-21T00:00:00Z,NEUTRAL,2024-07-20T00:00:00Z,2024-07-19,0.077,MED,8/8,,false,,False,56,8,0,0,0
MAIN,2026092503,-8,SYNTHETIC_PLACEBO_ONLY,False,PROVENANCE_ONLY_NOT_CAUSAL_TRUTH,511,6,73,2024-05-26T00:00:00Z,2024-05-27T00:00:00Z,2024.05.26 03:00,NEUTRAL,STABLE_MAPPED_ROW,,False,,567,6,81,2024-07-21T00:00:00Z,2024-07-22T00:00:00Z,NEUTRAL,2024-07-21T00:00:00Z,2024-07-20,0.077,MED,8/8,,false,,False,56,8,0,0,0
MAIN,2026092503,-8,SYNTHETIC_PLACEBO_ONLY,False,PROVENANCE_ONLY_NOT_CAUSAL_TRUTH,512,0,73,2024-05-27T00:00:00Z,2024-05-28T00:00:00Z,2024.05.27 03:00,NEUTRAL,STABLE_MAPPED_ROW,,False,,568,0,81,2024-07-22T00:00:00Z,2024-07-23T00:00:00Z,NEUTRAL,2024-07-22T00:00:00Z,2024-07-21,0.077,MED,8/8,,false,,False,56,8,0,0,0
MAIN,2026092503,-8,SYNTHETIC_PLACEBO_ONLY,False,PROVENANCE_ONLY_NOT_CAUSAL_TRUTH,513,1,73,2024-05-28T00:00:00Z,2024-05-29T00:00:00Z,2024.05.28 03:00,NEUTRAL,STABLE_MAPPED_ROW,,False,,569,1,81,2024-07-23T00:00:00Z,2024-07-24T00:00:00Z,NEUTRAL,2024-07-23T00:00:00Z,2024-07-22,0.231,HIGH,8/8,,false,,False,56,8,0,0,0
MAIN,2026092503,-8,SYNTHETIC_PLACEBO_ONLY,False,PROVENANCE_ONLY_NOT_CAUSAL_TRUTH,514,2,73,2024-05-29T00:00:00Z,2024-05-30T00:00:00Z,2024.05.29 03:00,NEUTRAL,STABLE_MAPPED_ROW,,False,,570,2,81,2024-07-24T00:00:00Z,2024-07-25T00:00:00Z,NEUTRAL,2024-07-24T00:00:00Z,2024-07-23,0.231,HIGH,8/8,,false,,False,56,8,0,0,0
MAIN,2026092503,-8,SYNTHETIC_PLACEBO_ONLY,False,PROVENANCE_ONLY_NOT_CAUSAL_TRUTH,515,3,73,2024-05-30T00:00:00Z,2024-05-31T00:00:00Z,2024.05.30 03:00,NEUTRAL,STABLE_MAPPED_ROW,,False,,571,3,81,2024-07-25T00:00:00Z,2024-07-26T00:00:00Z,NEUTRAL,2024-07-25T00:00:00Z,2024-07-24,0.038,MED,8/8,,false,,False,56,8,0,0,0
MAIN,2026092503,-8,SYNTHETIC_PLACEBO_ONLY,False,PROVENANCE_ONLY_NOT_CAUSAL_TRUTH,516,4,73,2024-05-31T00:00:00Z,2024-06-01T00:00:00Z,2024.05.31 03:00,RISK_OFF,STABLE_MAPPED_ROW,,False,,572,4,81,2024-07-26T00:00:00Z,2024-07-27T00:00:00Z,RISK_OFF,2024-07-26T00:00:00Z,2024-07-25,-0.423,MED,8/8,,false,,False,56,8,0,0,0
MAIN,2026092503,-8,SYNTHETIC_PLACEBO_ONLY,False,PROVENANCE_ONLY_NOT_CAUSAL_TRUTH,517,5,73,2024-06-01T00:00:00Z,2024-06-02T00:00:00Z,2024.06.01 03:00,RISK_OFF,STABLE_MAPPED_ROW,,False,,573,5,81,2024-07-27T00:00:00Z,2024-07-28T00:00:00Z,RISK_OFF,2024-07-27T00:00:00Z,2024-07-26,-0.269,LOW,8/8,,false,,False,56,8,0,0,0
MAIN,2026092503,-8,SYNTHETIC_PLACEBO_ONLY,False,PROVENANCE_ONLY_NOT_CAUSAL_TRUTH,518,6,74,2024-06-02T00:00:00Z,2024-06-03T00:00:00Z,2024.06.02 03:00,NEUTRAL,STABLE_MAPPED_ROW,,False,,574,6,82,2024-07-28T00:00:00Z,2024-07-29T00:00:00Z,NEUTRAL,2024-07-28T00:00:00Z,2024-07-27,-0.231,LOW,8/8,,false,,False,56,8,0,0,0
MAIN,2026092503,-8,SYNTHETIC_PLACEBO_ONLY,False,PROVENANCE_ONLY_NOT_CAUSAL_TRUTH,519,0,74,2024-06-03T00:00:00Z,2024-06-04T00:00:00Z,2024.06.03 03:00,NEUTRAL,STABLE_MAPPED_ROW,,False,,575,0,82,2024-07-29T00:00:00Z,2024-07-30T00:00:00Z,NEUTRAL,2024-07-29T00:00:00Z,2024-07-28,-0.231,LOW,8/8,,false,,False,56,8,0,0,0
MAIN,2026092503,-8,SYNTHETIC_PLACEBO_ONLY,False,PROVENANCE_ONLY_NOT_CAUSAL_TRUTH,520,1,74,2024-06-04T00:00:00Z,2024-06-05T00:00:00Z,2024.06.04 03:00,NEUTRAL,STABLE_MAPPED_ROW,,False,,576,1,82,2024-07-30T00:00:00Z,2024-07-31T00:00:00Z,NEUTRAL,2024-07-30T00:00:00Z,2024-07-29,0.115,MED,8/8,,false,,False,56,8,0,0,0
MAIN,2026092503,-8,SYNTHETIC_PLACEBO_ONLY,False,PROVENANCE_ONLY_NOT_CAUSAL_TRUTH,521,2,74,2024-06-05T00:00:00Z,2024-06-06T00:00:00Z,2024.06.05 03:00,NEUTRAL,STABLE_MAPPED_ROW,,False,,577,2,82,2024-07-31T00:00:00Z,2024-08-01T00:00:00Z,NEUTRAL,2024-07-31T00:00:00Z,2024-07-30,-0.231,MED,8/8,,false,,False,56,8,0,0,0
MAIN,2026092503,-8,SYNTHETIC_PLACEBO_ONLY,False,PROVENANCE_ONLY_NOT_CAUSAL_TRUTH,522,3,74,2024-06-06T00:00:00Z,2024-06-07T00:00:00Z,2024.06.06 03:00,RISK_OFF,STABLE_MAPPED_ROW,,False,,578,3,82,2024-08-01T00:00:00Z,2024-08-02T00:00:00Z,RISK_OFF,2024-08-01T00:00:00Z,2024-07-31,-0.423,HIGH,8/8,,false,,False,56,8,0,0,0
MAIN,2026092503,-8,SYNTHETIC_PLACEBO_ONLY,False,PROVENANCE_ONLY_NOT_CAUSAL_TRUTH,523,4,74,2024-06-07T00:00:00Z,2024-06-08T00:00:00Z,2024.06.07 03:00,RISK_OFF,STABLE_MAPPED_ROW,,False,,579,4,82,2024-08-02T00:00:00Z,2024-08-03T00:00:00Z,RISK_OFF,2024-08-02T00:00:00Z,2024-08-01,-0.577,HIGH,8/8,,false,,False,56,8,0,0,0
MAIN,2026092503,-8,SYNTHETIC_PLACEBO_ONLY,False,PROVENANCE_ONLY_NOT_CAUSAL_TRUTH,524,5,74,2024-06-08T00:00:00Z,2024-06-09T00:00:00Z,2024.06.08 03:00,RISK_OFF,STABLE_MAPPED_ROW,,False,,580,5,82,2024-08-03T00:00:00Z,2024-08-04T00:00:00Z,RISK_OFF,2024-08-03T00:00:00Z,2024-08-02,-0.808,HIGH,8/8,,false,,False,56,8,0,0,0
MAIN,2026092503,-8,SYNTHETIC_PLACEBO_ONLY,False,PROVENANCE_ONLY_NOT_CAUSAL_TRUTH,525,6,75,2024-06-09T00:00:00Z,2024-06-10T00:00:00Z,2024.06.09 03:00,RISK_OFF,STABLE_MAPPED_ROW,,False,,581,6,83,2024-08-04T00:00:00Z,2024-08-05T00:00:00Z,RISK_OFF,2024-08-04T00:00:00Z,2024-08-03,-0.846,HIGH,8/8,,false,,False,56,8,0,0,0
MAIN,2026092503,-8,SYNTHETIC_PLACEBO_ONLY,False,PROVENANCE_ONLY_NOT_CAUSAL_TRUTH,526,0,75,2024-06-10T00:00:00Z,2024-06-11T00:00:00Z,2024.06.10 03:00,STRESS,STABLE_MAPPED_ROW,,False,,582,0,83,2024-08-05T00:00:00Z,2024-08-06T00:00:00Z,STRESS,2024-08-05T00:00:00Z,2024-08-04,-1.154,HIGH,8/8,,false,,False,56,8,0,0,0
MAIN,2026092503,-8,SYNTHETIC_PLACEBO_ONLY,False,PROVENANCE_ONLY_NOT_CAUSAL_TRUTH,527,1,75,2024-06-11T00:00:00Z,2024-06-12T00:00:00Z,2024.06.11 03:00,STRESS,STABLE_MAPPED_ROW,,False,,583,1,83,2024-08-06T00:00:00Z,2024-08-07T00:00:00Z,STRESS,2024-08-06T00:00:00Z,2024-08-05,-1.308,HIGH,8/8,,false,VIX_STRESS,False,56,8,0,0,0
MAIN,2026092503,-8,SYNTHETIC_PLACEBO_ONLY,False,PROVENANCE_ONLY_NOT_CAUSAL_TRUTH,528,2,75,2024-06-12T00:00:00Z,2024-06-13T00:00:00Z,2024.06.12 03:00,STRESS,STABLE_MAPPED_ROW,,False,,584,2,83,2024-08-07T00:00:00Z,2024-08-08T00:00:00Z,STRESS,2024-08-07T00:00:00Z,2024-08-06,-1.077,HIGH,8/8,,false,,False,56,8,0,0,0
MAIN,2026092503,-8,SYNTHETIC_PLACEBO_ONLY,False,PROVENANCE_ONLY_NOT_CAUSAL_TRUTH,529,3,75,2024-06-13T00:00:00Z,2024-06-14T00:00:00Z,2024.06.13 03:00,RISK_OFF,STABLE_MAPPED_ROW,,False,,585,3,83,2024-08-08T00:00:00Z,2024-08-09T00:00:00Z,RISK_OFF,2024-08-08T00:00:00Z,2024-08-07,-0.692,HIGH,8/8,,false,,False,56,8,0,0,0
MAIN,2026092503,-8,SYNTHETIC_PLACEBO_ONLY,False,PROVENANCE_ONLY_NOT_CAUSAL_TRUTH,530,4,75,2024-06-14T00:00:00Z,2024-06-15T00:00:00Z,2024.06.14 03:00,RISK_OFF,STABLE_MAPPED_ROW,,False,,586,4,83,2024-08-09T00:00:00Z,2024-08-10T00:00:00Z,RISK_OFF,2024-08-09T00:00:00Z,2024-08-08,-0.538,HIGH,8/8,,false,,False,56,8,0,0,0
MAIN,2026092503,-8,SYNTHETIC_PLACEBO_ONLY,False,PROVENANCE_ONLY_NOT_CAUSAL_TRUTH,531,5,75,2024-06-15T00:00:00Z,2024-06-16T00:00:00Z,2024.06.15 03:00,RISK_OFF,STABLE_MAPPED_ROW,,False,,587,5,83,2024-08-10T00:00:00Z,2024-08-11T00:00:00Z,RISK_OFF,2024-08-10T00:00:00Z,2024-08-09,-0.538,HIGH,8/8,,false,,False,56,8,0,0,0
MAIN,2026092503,-8,SYNTHETIC_PLACEBO_ONLY,False,PROVENANCE_ONLY_NOT_CAUSAL_TRUTH,532,6,76,2024-06-16T00:00:00Z,2024-06-17T00:00:00Z,2024.06.16 03:00,RISK_OFF,STABLE_MAPPED_ROW,,False,,588,6,84,2024-08-11T00:00:00Z,2024-08-12T00:00:00Z,RISK_OFF,2024-08-11T00:00:00Z,2024-08-10,-0.538,HIGH,8/8,,false,,False,56,8,0,0,0
MAIN,2026092503,-8,SYNTHETIC_PLACEBO_ONLY,False,PROVENANCE_ONLY_NOT_CAUSAL_TRUTH,533,0,76,2024-06-17T00:00:00Z,2024-06-18T00:00:00Z,2024.06.17 03:00,RISK_OFF,STABLE_MAPPED_ROW,,False,,589,0,84,2024-08-12T00:00:00Z,2024-08-13T00:00:00Z,RISK_OFF,2024-08-12T00:00:00Z,2024-08-11,-0.538,HIGH,8/8,,false,,False,56,8,0,0,0
MAIN,2026092503,-8,SYNTHETIC_PLACEBO_ONLY,False,PROVENANCE_ONLY_NOT_CAUSAL_TRUTH,534,1,76,2024-06-18T00:00:00Z,2024-06-19T00:00:00Z,2024.06.18 03:00,RISK_OFF,STABLE_MAPPED_ROW,,False,,590,1,84,2024-08-13T00:00:00Z,2024-08-14T00:00:00Z,RISK_OFF,2024-08-13T00:00:00Z,2024-08-12,-0.538,HIGH,8/8,,false,,False,56,8,0,0,0
MAIN,2026092503,-8,SYNTHETIC_PLACEBO_ONLY,False,PROVENANCE_ONLY_NOT_CAUSAL_TRUTH,535,2,76,2024-06-19T00:00:00Z,2024-06-20T00:00:00Z,2024.06.19 03:00,RISK_OFF,STABLE_MAPPED_ROW,,False,,591,2,84,2024-08-14T00:00:00Z,2024-08-15T00:00:00Z,RISK_OFF,2024-08-14T00:00:00Z,2024-08-13,-0.385,HIGH,8/8,,false,,False,56,8,0,0,0
MAIN,2026092503,-8,SYNTHETIC_PLACEBO_ONLY,False,PROVENANCE_ONLY_NOT_CAUSAL_TRUTH,536,3,76,2024-06-20T00:00:00Z,2024-06-21T00:00:00Z,2024.06.20 03:00,RISK_OFF,STABLE_MAPPED_ROW,,False,,592,3,84,2024-08-15T00:00:00Z,2024-08-16T00:00:00Z,RISK_OFF,2024-08-15T00:00:00Z,2024-08-14,-0.462,HIGH,8/8,,false,,False,56,8,0,0,0
MAIN,2026092503,-8,SYNTHETIC_PLACEBO_ONLY,False,PROVENANCE_ONLY_NOT_CAUSAL_TRUTH,537,4,76,2024-06-21T00:00:00Z,2024-06-22T00:00:00Z,2024.06.21 03:00,RISK_OFF,STABLE_MAPPED_ROW,,False,,593,4,84,2024-08-16T00:00:00Z,2024-08-17T00:00:00Z,RISK_OFF,2024-08-16T00:00:00Z,2024-08-15,-0.308,MED,8/8,,false,,False,56,8,0,0,0
MAIN,2026092503,-8,SYNTHETIC_PLACEBO_ONLY,False,PROVENANCE_ONLY_NOT_CAUSAL_TRUTH,538,5,76,2024-06-22T00:00:00Z,2024-06-23T00:00:00Z,2024.06.22 03:00,NEUTRAL,STABLE_MAPPED_ROW,,False,,594,5,84,2024-08-17T00:00:00Z,2024-08-18T00:00:00Z,NEUTRAL,2024-08-17T00:00:00Z,2024-08-16,-0.077,MED,8/8,,false,,False,56,8,0,0,0
MAIN,2026092503,-8,SYNTHETIC_PLACEBO_ONLY,False,PROVENANCE_ONLY_NOT_CAUSAL_TRUTH,539,6,77,2024-06-23T00:00:00Z,2024-06-24T00:00:00Z,2024.06.23 03:00,NEUTRAL,STABLE_MAPPED_ROW,,False,,595,6,85,2024-08-18T00:00:00Z,2024-08-19T00:00:00Z,NEUTRAL,2024-08-18T00:00:00Z,2024-08-17,-0.077,MED,8/8,,false,,False,56,8,0,0,0
MAIN,2026092503,-8,SYNTHETIC_PLACEBO_ONLY,False,PROVENANCE_ONLY_NOT_CAUSAL_TRUTH,540,0,77,2024-06-24T00:00:00Z,2024-06-25T00:00:00Z,2024.06.24 03:00,NEUTRAL,STABLE_MAPPED_ROW,,False,,596,0,85,2024-08-19T00:00:00Z,2024-08-20T00:00:00Z,NEUTRAL,2024-08-19T00:00:00Z,2024-08-18,-0.154,MED,8/8,,false,,False,56,8,0,0,0
MAIN,2026092503,-8,SYNTHETIC_PLACEBO_ONLY,False,PROVENANCE_ONLY_NOT_CAUSAL_TRUTH,541,1,77,2024-06-25T00:00:00Z,2024-06-26T00:00:00Z,2024.06.25 03:00,NEUTRAL,STABLE_MAPPED_ROW,,False,,597,1,85,2024-08-20T00:00:00Z,2024-08-21T00:00:00Z,NEUTRAL,2024-08-20T00:00:00Z,2024-08-19,-0.077,MED,8/8,,false,,False,56,8,0,0,0
MAIN,2026092503,-8,SYNTHETIC_PLACEBO_ONLY,False,PROVENANCE_ONLY_NOT_CAUSAL_TRUTH,542,2,77,2024-06-26T00:00:00Z,2024-06-27T00:00:00Z,2024.06.26 03:00,NEUTRAL,STABLE_MAPPED_ROW,,False,,598,2,85,2024-08-21T00:00:00Z,2024-08-22T00:00:00Z,NEUTRAL,2024-08-21T00:00:00Z,2024-08-20,-0.231,MED,8/8,,false,,False,56,8,0,0,0
MAIN,2026092503,-8,SYNTHETIC_PLACEBO_ONLY,False,PROVENANCE_ONLY_NOT_CAUSAL_TRUTH,543,3,77,2024-06-27T00:00:00Z,2024-06-28T00:00:00Z,2024.06.27 03:00,NEUTRAL,STABLE_MAPPED_ROW,,False,,599,3,85,2024-08-22T00:00:00Z,2024-08-23T00:00:00Z,NEUTRAL,2024-08-22T00:00:00Z,2024-08-21,-0.231,MED,8/8,,false,,False,56,8,0,0,0
MAIN,2026092503,-8,SYNTHETIC_PLACEBO_ONLY,False,PROVENANCE_ONLY_NOT_CAUSAL_TRUTH,544,4,77,2024-06-28T00:00:00Z,2024-06-29T00:00:00Z,2024.06.28 03:00,RISK_OFF,STABLE_MAPPED_ROW,,False,,600,4,85,2024-08-23T00:00:00Z,2024-08-24T00:00:00Z,RISK_OFF,2024-08-23T00:00:00Z,2024-08-22,-0.308,HIGH,8/8,,false,,False,56,8,0,0,0
MAIN,2026092503,-8,SYNTHETIC_PLACEBO_ONLY,False,PROVENANCE_ONLY_NOT_CAUSAL_TRUTH,545,5,77,2024-06-29T00:00:00Z,2024-06-30T00:00:00Z,2024.06.29 03:00,NEUTRAL,STABLE_MAPPED_ROW,,False,,601,5,85,2024-08-24T00:00:00Z,2024-08-25T00:00:00Z,NEUTRAL,2024-08-24T00:00:00Z,2024-08-23,-0.077,LOW,8/8,,false,,False,56,8,0,0,0
MAIN,2026092503,-8,SYNTHETIC_PLACEBO_ONLY,False,PROVENANCE_ONLY_NOT_CAUSAL_TRUTH,546,6,78,2024-06-30T00:00:00Z,2024-07-01T00:00:00Z,2024.06.30 03:00,NEUTRAL,STABLE_MAPPED_ROW,,False,,602,6,86,2024-08-25T00:00:00Z,2024-08-26T00:00:00Z,NEUTRAL,2024-08-25T00:00:00Z,2024-08-24,-0.077,LOW,8/8,,false,,False,56,8,0,0,0
MAIN,2026092503,-8,SYNTHETIC_PLACEBO_ONLY,False,PROVENANCE_ONLY_NOT_CAUSAL_TRUTH,547,0,78,2024-07-01T00:00:00Z,2024-07-02T00:00:00Z,2024.07.01 03:00,NEUTRAL,STABLE_MAPPED_ROW,,False,,603,0,86,2024-08-26T00:00:00Z,2024-08-27T00:00:00Z,NEUTRAL,2024-08-26T00:00:00Z,2024-08-25,-0.077,LOW,8/8,,false,,False,56,8,0,0,0
MAIN,2026092503,-8,SYNTHETIC_PLACEBO_ONLY,False,PROVENANCE_ONLY_NOT_CAUSAL_TRUTH,548,1,78,2024-07-02T00:00:00Z,2024-07-03T00:00:00Z,2024.07.02 03:00,NEUTRAL,STABLE_MAPPED_ROW,,False,,604,1,86,2024-08-27T00:00:00Z,2024-08-28T00:00:00Z,NEUTRAL,2024-08-27T00:00:00Z,2024-08-26,-0.231,MED,8/8,,false,,False,56,8,0,0,0
MAIN,2026092503,-8,SYNTHETIC_PLACEBO_ONLY,False,PROVENANCE_ONLY_NOT_CAUSAL_TRUTH,549,2,78,2024-07-03T00:00:00Z,2024-07-04T00:00:00Z,2024.07.03 03:00,NEUTRAL,STABLE_MAPPED_ROW,,False,,605,2,86,2024-08-28T00:00:00Z,2024-08-29T00:00:00Z,NEUTRAL,2024-08-28T00:00:00Z,2024-08-27,-0.231,MED,8/8,,false,,False,56,8,0,0,0
MAIN,2026092503,-8,SYNTHETIC_PLACEBO_ONLY,False,PROVENANCE_ONLY_NOT_CAUSAL_TRUTH,550,3,78,2024-07-04T00:00:00Z,2024-07-05T00:00:00Z,2024.07.04 03:00,RISK_OFF,STABLE_MAPPED_ROW,,False,,606,3,86,2024-08-29T00:00:00Z,2024-08-30T00:00:00Z,RISK_OFF,2024-08-29T00:00:00Z,2024-08-28,-0.462,HIGH,8/8,,false,,False,56,8,0,0,0
MAIN,2026092503,-8,SYNTHETIC_PLACEBO_ONLY,False,PROVENANCE_ONLY_NOT_CAUSAL_TRUTH,551,4,78,2024-07-05T00:00:00Z,2024-07-06T00:00:00Z,2024.07.05 03:00,RISK_OFF,STABLE_MAPPED_ROW,,False,,607,4,86,2024-08-30T00:00:00Z,2024-08-31T00:00:00Z,RISK_OFF,2024-08-30T00:00:00Z,2024-08-29,-0.462,HIGH,8/8,,false,,False,56,8,0,0,0
MAIN,2026092503,-8,SYNTHETIC_PLACEBO_ONLY,False,PROVENANCE_ONLY_NOT_CAUSAL_TRUTH,552,5,78,2024-07-06T00:00:00Z,2024-07-07T00:00:00Z,2024.07.06 03:00,RISK_OFF,STABLE_MAPPED_ROW,,False,,608,5,86,2024-08-31T00:00:00Z,2024-09-01T00:00:00Z,RISK_OFF,2024-08-31T00:00:00Z,2024-08-30,-0.308,HIGH,8/8,,false,,False,56,8,0,0,0
MAIN,2026092503,-8,SYNTHETIC_PLACEBO_ONLY,False,PROVENANCE_ONLY_NOT_CAUSAL_TRUTH,553,6,79,2024-07-07T00:00:00Z,2024-07-08T00:00:00Z,2024.07.07 03:00,RISK_OFF,STABLE_MAPPED_ROW,,False,,609,6,87,2024-09-01T00:00:00Z,2024-09-02T00:00:00Z,RISK_OFF,2024-09-01T00:00:00Z,2024-08-31,-0.308,HIGH,8/8,,false,,False,56,8,0,0,0
MAIN,2026092503,-8,SYNTHETIC_PLACEBO_ONLY,False,PROVENANCE_ONLY_NOT_CAUSAL_TRUTH,554,0,79,2024-07-08T00:00:00Z,2024-07-09T00:00:00Z,2024.07.08 03:00,RISK_OFF,STABLE_MAPPED_ROW,,False,,610,0,87,2024-09-02T00:00:00Z,2024-09-03T00:00:00Z,RISK_OFF,2024-09-02T00:00:00Z,2024-09-01,-0.308,HIGH,8/8,,false,,False,56,8,0,0,0
MAIN,2026092503,-8,SYNTHETIC_PLACEBO_ONLY,False,PROVENANCE_ONLY_NOT_CAUSAL_TRUTH,555,1,79,2024-07-09T00:00:00Z,2024-07-10T00:00:00Z,2024.07.09 03:00,NEUTRAL,STABLE_MAPPED_ROW,,False,,611,1,87,2024-09-03T00:00:00Z,2024-09-04T00:00:00Z,NEUTRAL,2024-09-03T00:00:00Z,2024-09-02,-0.231,HIGH,8/8,,false,,False,56,8,0,0,0
MAIN,2026092503,-8,SYNTHETIC_PLACEBO_ONLY,False,PROVENANCE_ONLY_NOT_CAUSAL_TRUTH,556,2,79,2024-07-10T00:00:00Z,2024-07-11T00:00:00Z,2024.07.10 03:00,RISK_OFF,STABLE_MAPPED_ROW,,False,,612,2,87,2024-09-04T00:00:00Z,2024-09-05T00:00:00Z,RISK_OFF,2024-09-04T00:00:00Z,2024-09-03,-0.692,HIGH,8/8,,false,,False,56,8,0,0,0
MAIN,2026092503,-8,SYNTHETIC_PLACEBO_ONLY,False,PROVENANCE_ONLY_NOT_CAUSAL_TRUTH,557,3,79,2024-07-11T00:00:00Z,2024-07-12T00:00:00Z,2024.07.11 03:00,RISK_OFF,STABLE_MAPPED_ROW,,False,,613,3,87,2024-09-05T00:00:00Z,2024-09-06T00:00:00Z,RISK_OFF,2024-09-05T00:00:00Z,2024-09-04,-0.615,HIGH,8/8,,false,,False,56,8,0,0,0
MAIN,2026092503,-8,SYNTHETIC_PLACEBO_ONLY,False,PROVENANCE_ONLY_NOT_CAUSAL_TRUTH,558,4,79,2024-07-12T00:00:00Z,2024-07-13T00:00:00Z,2024.07.12 03:00,RISK_OFF,STABLE_MAPPED_ROW,,False,,614,4,87,2024-09-06T00:00:00Z,2024-09-07T00:00:00Z,RISK_OFF,2024-09-06T00:00:00Z,2024-09-05,-0.462,HIGH,8/8,,false,,False,56,8,0,0,0
MAIN,2026092503,-8,SYNTHETIC_PLACEBO_ONLY,False,PROVENANCE_ONLY_NOT_CAUSAL_TRUTH,559,5,79,2024-07-13T00:00:00Z,2024-07-14T00:00:00Z,2024.07.13 03:00,RISK_OFF,STABLE_MAPPED_ROW,,False,,615,5,87,2024-09-07T00:00:00Z,2024-09-08T00:00:00Z,RISK_OFF,2024-09-07T00:00:00Z,2024-09-06,-0.846,HIGH,8/8,,false,,False,56,8,0,0,0
MAIN,2026092503,-8,SYNTHETIC_PLACEBO_ONLY,False,PROVENANCE_ONLY_NOT_CAUSAL_TRUTH,560,6,80,2024-07-14T00:00:00Z,2024-07-15T00:00:00Z,2024.07.14 03:00,RISK_OFF,STABLE_MAPPED_ROW,,False,,616,6,88,2024-09-08T00:00:00Z,2024-09-09T00:00:00Z,RISK_OFF,2024-09-08T00:00:00Z,2024-09-07,-0.846,HIGH,8/8,,false,,False,56,8,0,0,0
MAIN,2026092503,-8,SYNTHETIC_PLACEBO_ONLY,False,PROVENANCE_ONLY_NOT_CAUSAL_TRUTH,561,0,80,2024-07-15T00:00:00Z,2024-07-16T00:00:00Z,2024.07.15 03:00,RISK_OFF,STABLE_MAPPED_ROW,,False,,617,0,88,2024-09-09T00:00:00Z,2024-09-10T00:00:00Z,RISK_OFF,2024-09-09T00:00:00Z,2024-09-08,-0.846,HIGH,8/8,,false,,False,56,8,0,0,0
MAIN,2026092503,-8,SYNTHETIC_PLACEBO_ONLY,False,PROVENANCE_ONLY_NOT_CAUSAL_TRUTH,562,1,80,2024-07-16T00:00:00Z,2024-07-17T00:00:00Z,2024.07.16 03:00,RISK_OFF,STABLE_MAPPED_ROW,,False,,618,1,88,2024-09-10T00:00:00Z,2024-09-11T00:00:00Z,RISK_OFF,2024-09-10T00:00:00Z,2024-09-09,-0.769,HIGH,8/8,,false,,False,56,8,0,0,0
MAIN,2026092503,-8,SYNTHETIC_PLACEBO_ONLY,False,PROVENANCE_ONLY_NOT_CAUSAL_TRUTH,563,2,80,2024-07-17T00:00:00Z,2024-07-18T00:00:00Z,2024.07.17 03:00,RISK_OFF,STABLE_MAPPED_ROW,,False,,619,2,88,2024-09-11T00:00:00Z,2024-09-12T00:00:00Z,RISK_OFF,2024-09-11T00:00:00Z,2024-09-10,-0.538,HIGH,8/8,,false,,False,56,8,0,0,0
MAIN,2026092503,-8,SYNTHETIC_PLACEBO_ONLY,False,PROVENANCE_ONLY_NOT_CAUSAL_TRUTH,564,3,80,2024-07-18T00:00:00Z,2024-07-19T00:00:00Z,2024.07.18 03:00,RISK_OFF,STABLE_MAPPED_ROW,,False,,620,3,88,2024-09-12T00:00:00Z,2024-09-13T00:00:00Z,RISK_OFF,2024-09-12T00:00:00Z,2024-09-11,-0.385,HIGH,8/8,,false,,False,56,8,0,0,0
MAIN,2026092503,-8,SYNTHETIC_PLACEBO_ONLY,False,PROVENANCE_ONLY_NOT_CAUSAL_TRUTH,565,4,80,2024-07-19T00:00:00Z,2024-07-20T00:00:00Z,2024.07.19 03:00,RISK_OFF,STABLE_MAPPED_ROW,,False,,621,4,88,2024-09-13T00:00:00Z,2024-09-14T00:00:00Z,RISK_OFF,2024-09-13T00:00:00Z,2024-09-12,-0.385,HIGH,8/8,,false,,False,56,8,0,0,0
MAIN,2026092503,-8,SYNTHETIC_PLACEBO_ONLY,False,PROVENANCE_ONLY_NOT_CAUSAL_TRUTH,566,5,80,2024-07-20T00:00:00Z,2024-07-21T00:00:00Z,2024.07.20 03:00,NEUTRAL,STABLE_MAPPED_ROW,,False,,622,5,88,2024-09-14T00:00:00Z,2024-09-15T00:00:00Z,NEUTRAL,2024-09-14T00:00:00Z,2024-09-13,-0.231,MED,8/8,,false,,False,56,8,0,0,0
MAIN,2026092503,-8,SYNTHETIC_PLACEBO_ONLY,False,PROVENANCE_ONLY_NOT_CAUSAL_TRUTH,567,6,81,2024-07-21T00:00:00Z,2024-07-22T00:00:00Z,2024.07.21 03:00,NEUTRAL,STABLE_MAPPED_ROW,,False,,623,6,89,2024-09-15T00:00:00Z,2024-09-16T00:00:00Z,NEUTRAL,2024-09-15T00:00:00Z,2024-09-14,-0.231,MED,8/8,,false,,False,56,8,0,0,0
MAIN,2026092503,-8,SYNTHETIC_PLACEBO_ONLY,False,PROVENANCE_ONLY_NOT_CAUSAL_TRUTH,568,0,81,2024-07-22T00:00:00Z,2024-07-23T00:00:00Z,2024.07.22 03:00,NEUTRAL,STABLE_MAPPED_ROW,,False,,624,0,89,2024-09-16T00:00:00Z,2024-09-17T00:00:00Z,NEUTRAL,2024-09-16T00:00:00Z,2024-09-15,-0.231,MED,8/8,,false,,False,56,8,0,0,0
MAIN,2026092503,-8,SYNTHETIC_PLACEBO_ONLY,False,PROVENANCE_ONLY_NOT_CAUSAL_TRUTH,569,1,81,2024-07-23T00:00:00Z,2024-07-24T00:00:00Z,2024.07.23 03:00,NEUTRAL,STABLE_MAPPED_ROW,,False,,625,1,89,2024-09-17T00:00:00Z,2024-09-18T00:00:00Z,NEUTRAL,2024-09-17T00:00:00Z,2024-09-16,-0.231,MED,8/8,,false,,False,56,8,0,0,0
MAIN,2026092503,-8,SYNTHETIC_PLACEBO_ONLY,False,PROVENANCE_ONLY_NOT_CAUSAL_TRUTH,570,2,81,2024-07-24T00:00:00Z,2024-07-25T00:00:00Z,2024.07.24 03:00,NEUTRAL,STABLE_MAPPED_ROW,,False,,626,2,89,2024-09-18T00:00:00Z,2024-09-19T00:00:00Z,NEUTRAL,2024-09-18T00:00:00Z,2024-09-17,-0.231,MED,8/8,,false,,False,56,8,0,0,0
MAIN,2026092503,-8,SYNTHETIC_PLACEBO_ONLY,False,PROVENANCE_ONLY_NOT_CAUSAL_TRUTH,571,3,81,2024-07-25T00:00:00Z,2024-07-26T00:00:00Z,2024.07.25 03:00,NEUTRAL,STABLE_MAPPED_ROW,,False,,627,3,89,2024-09-19T00:00:00Z,2024-09-20T00:00:00Z,NEUTRAL,2024-09-19T00:00:00Z,2024-09-18,-0.231,MED,8/8,,false,,False,56,8,0,0,0
MAIN,2026092503,-8,SYNTHETIC_PLACEBO_ONLY,False,PROVENANCE_ONLY_NOT_CAUSAL_TRUTH,572,4,81,2024-07-26T00:00:00Z,2024-07-27T00:00:00Z,2024.07.26 03:00,NEUTRAL,STABLE_MAPPED_ROW,,False,,628,4,89,2024-09-20T00:00:00Z,2024-09-21T00:00:00Z,NEUTRAL,2024-09-20T00:00:00Z,2024-09-19,-0.231,MED,8/8,,false,,False,56,8,0,0,0
MAIN,2026092503,-8,SYNTHETIC_PLACEBO_ONLY,False,PROVENANCE_ONLY_NOT_CAUSAL_TRUTH,573,5,81,2024-07-27T00:00:00Z,2024-07-28T00:00:00Z,2024.07.27 03:00,NEUTRAL,STABLE_MAPPED_ROW,,False,,629,5,89,2024-09-21T00:00:00Z,2024-09-22T00:00:00Z,NEUTRAL,2024-09-21T00:00:00Z,2024-09-20,-0.231,MED,8/8,,false,,False,56,8,0,0,0
MAIN,2026092503,-8,SYNTHETIC_PLACEBO_ONLY,False,PROVENANCE_ONLY_NOT_CAUSAL_TRUTH,574,6,82,2024-07-28T00:00:00Z,2024-07-29T00:00:00Z,2024.07.28 03:00,NEUTRAL,STABLE_MAPPED_ROW,,False,,630,6,90,2024-09-22T00:00:00Z,2024-09-23T00:00:00Z,NEUTRAL,2024-09-22T00:00:00Z,2024-09-21,-0.231,MED,8/8,,false,,False,56,8,0,0,0
MAIN,2026092503,-8,SYNTHETIC_PLACEBO_ONLY,False,PROVENANCE_ONLY_NOT_CAUSAL_TRUTH,575,0,82,2024-07-29T00:00:00Z,2024-07-30T00:00:00Z,2024.07.29 03:00,NEUTRAL,STABLE_MAPPED_ROW,,False,,631,0,90,2024-09-23T00:00:00Z,2024-09-24T00:00:00Z,NEUTRAL,2024-09-23T00:00:00Z,2024-09-22,-0.231,MED,8/8,,false,,False,56,8,0,0,0
MAIN,2026092503,-8,SYNTHETIC_PLACEBO_ONLY,False,PROVENANCE_ONLY_NOT_CAUSAL_TRUTH,576,1,82,2024-07-30T00:00:00Z,2024-07-31T00:00:00Z,2024.07.30 03:00,NEUTRAL,STABLE_MAPPED_ROW,,False,,632,1,90,2024-09-24T00:00:00Z,2024-09-25T00:00:00Z,NEUTRAL,2024-09-24T00:00:00Z,2024-09-23,-0.231,MED,8/8,,false,,False,56,8,0,0,0
MAIN,2026092503,-8,SYNTHETIC_PLACEBO_ONLY,False,PROVENANCE_ONLY_NOT_CAUSAL_TRUTH,577,2,82,2024-07-31T00:00:00Z,2024-08-01T00:00:00Z,2024.07.31 03:00,NEUTRAL,STABLE_MAPPED_ROW,,False,,633,2,90,2024-09-25T00:00:00Z,2024-09-26T00:00:00Z,NEUTRAL,2024-09-25T00:00:00Z,2024-09-24,-0.077,LOW,8/8,,false,,False,56,8,0,0,0
MAIN,2026092503,-8,SYNTHETIC_PLACEBO_ONLY,False,PROVENANCE_ONLY_NOT_CAUSAL_TRUTH,578,3,82,2024-08-01T00:00:00Z,2024-08-02T00:00:00Z,2024.08.01 03:00,NEUTRAL,STABLE_MAPPED_ROW,,False,,634,3,90,2024-09-26T00:00:00Z,2024-09-27T00:00:00Z,NEUTRAL,2024-09-26T00:00:00Z,2024-09-25,-0.231,MED,8/8,,false,,False,56,8,0,0,0
MAIN,2026092503,-8,SYNTHETIC_PLACEBO_ONLY,False,PROVENANCE_ONLY_NOT_CAUSAL_TRUTH,579,4,82,2024-08-02T00:00:00Z,2024-08-03T00:00:00Z,2024.08.02 03:00,NEUTRAL,STABLE_MAPPED_ROW,,False,,635,4,90,2024-09-27T00:00:00Z,2024-09-28T00:00:00Z,NEUTRAL,2024-09-27T00:00:00Z,2024-09-26,-0.077,LOW,8/8,,false,,False,56,8,0,0,0
MAIN,2026092503,-8,SYNTHETIC_PLACEBO_ONLY,False,PROVENANCE_ONLY_NOT_CAUSAL_TRUTH,580,5,82,2024-08-03T00:00:00Z,2024-08-04T00:00:00Z,2024.08.03 03:00,NEUTRAL,STABLE_MAPPED_ROW,,False,,636,5,90,2024-09-28T00:00:00Z,2024-09-29T00:00:00Z,NEUTRAL,2024-09-28T00:00:00Z,2024-09-27,-0.077,LOW,8/8,,false,,False,56,8,0,0,0
MAIN,2026092503,-8,SYNTHETIC_PLACEBO_ONLY,False,PROVENANCE_ONLY_NOT_CAUSAL_TRUTH,581,6,83,2024-08-04T00:00:00Z,2024-08-05T00:00:00Z,2024.08.04 03:00,NEUTRAL,STABLE_MAPPED_ROW,,False,,637,6,91,2024-09-29T00:00:00Z,2024-09-30T00:00:00Z,NEUTRAL,2024-09-29T00:00:00Z,2024-09-28,-0.077,LOW,8/8,,false,,False,56,8,0,0,0
MAIN,2026092503,-8,SYNTHETIC_PLACEBO_ONLY,False,PROVENANCE_ONLY_NOT_CAUSAL_TRUTH,582,0,83,2024-08-05T00:00:00Z,2024-08-06T00:00:00Z,2024.08.05 03:00,NEUTRAL,STABLE_MAPPED_ROW,,False,,638,0,91,2024-09-30T00:00:00Z,2024-10-01T00:00:00Z,NEUTRAL,2024-09-30T00:00:00Z,2024-09-29,-0.077,LOW,8/8,,false,,False,56,8,0,0,0
MAIN,2026092503,-8,SYNTHETIC_PLACEBO_ONLY,False,PROVENANCE_ONLY_NOT_CAUSAL_TRUTH,583,1,83,2024-08-06T00:00:00Z,2024-08-07T00:00:00Z,2024.08.06 03:00,NEUTRAL,STABLE_MAPPED_ROW,,False,,639,1,91,2024-10-01T00:00:00Z,2024-10-02T00:00:00Z,NEUTRAL,2024-10-01T00:00:00Z,2024-09-30,-0.231,MED,8/8,,false,,False,56,8,0,0,0
MAIN,2026092503,-8,SYNTHETIC_PLACEBO_ONLY,False,PROVENANCE_ONLY_NOT_CAUSAL_TRUTH,584,2,83,2024-08-07T00:00:00Z,2024-08-08T00:00:00Z,2024.08.07 03:00,RISK_OFF,STABLE_MAPPED_ROW,,False,,640,2,91,2024-10-02T00:00:00Z,2024-10-03T00:00:00Z,RISK_OFF,2024-10-02T00:00:00Z,2024-10-01,-0.308,MED,8/8,,false,,False,56,8,0,0,0
MAIN,2026092503,-8,SYNTHETIC_PLACEBO_ONLY,False,PROVENANCE_ONLY_NOT_CAUSAL_TRUTH,585,3,83,2024-08-08T00:00:00Z,2024-08-09T00:00:00Z,2024.08.08 03:00,NEUTRAL,STABLE_MAPPED_ROW,,False,,641,3,91,2024-10-03T00:00:00Z,2024-10-04T00:00:00Z,NEUTRAL,2024-10-03T00:00:00Z,2024-10-02,0.154,MED,8/8,,false,,False,56,8,0,0,0
MAIN,2026092503,-8,SYNTHETIC_PLACEBO_ONLY,False,PROVENANCE_ONLY_NOT_CAUSAL_TRUTH,586,4,83,2024-08-09T00:00:00Z,2024-08-10T00:00:00Z,2024.08.09 03:00,NEUTRAL,STABLE_MAPPED_ROW,,False,,642,4,91,2024-10-04T00:00:00Z,2024-10-05T00:00:00Z,NEUTRAL,2024-10-04T00:00:00Z,2024-10-03,-0.038,MED,8/8,,false,,False,56,8,0,0,0
MAIN,2026092503,-8,SYNTHETIC_PLACEBO_ONLY,False,PROVENANCE_ONLY_NOT_CAUSAL_TRUTH,587,5,83,2024-08-10T00:00:00Z,2024-08-11T00:00:00Z,2024.08.10 03:00,NEUTRAL,STABLE_MAPPED_ROW,,False,,643,5,91,2024-10-05T00:00:00Z,2024-10-06T00:00:00Z,NEUTRAL,2024-10-05T00:00:00Z,2024-10-04,0.115,MED,8/8,,false,,False,56,8,0,0,0
MAIN,2026092503,-8,SYNTHETIC_PLACEBO_ONLY,False,PROVENANCE_ONLY_NOT_CAUSAL_TRUTH,588,6,84,2024-08-11T00:00:00Z,2024-08-12T00:00:00Z,2024.08.11 03:00,NEUTRAL,STABLE_MAPPED_ROW,,False,,644,6,92,2024-10-06T00:00:00Z,2024-10-07T00:00:00Z,NEUTRAL,2024-10-06T00:00:00Z,2024-10-05,0.192,MED,8/8,,false,,False,56,8,0,0,0
MAIN,2026092503,-8,SYNTHETIC_PLACEBO_ONLY,False,PROVENANCE_ONLY_NOT_CAUSAL_TRUTH,589,0,84,2024-08-12T00:00:00Z,2024-08-13T00:00:00Z,2024.08.12 03:00,NEUTRAL,STABLE_MAPPED_ROW,,False,,645,0,92,2024-10-07T00:00:00Z,2024-10-08T00:00:00Z,NEUTRAL,2024-10-07T00:00:00Z,2024-10-06,0.192,MED,8/8,,false,,False,56,8,0,0,0
MAIN,2026092503,-8,SYNTHETIC_PLACEBO_ONLY,False,PROVENANCE_ONLY_NOT_CAUSAL_TRUTH,590,1,84,2024-08-13T00:00:00Z,2024-08-14T00:00:00Z,2024.08.13 03:00,RISK_OFF,STABLE_MAPPED_ROW,,False,,646,1,92,2024-10-08T00:00:00Z,2024-10-09T00:00:00Z,RISK_OFF,2024-10-08T00:00:00Z,2024-10-07,-0.385,MED,8/8,,false,,False,56,8,0,0,0
MAIN,2026092503,-8,SYNTHETIC_PLACEBO_ONLY,False,PROVENANCE_ONLY_NOT_CAUSAL_TRUTH,591,2,84,2024-08-14T00:00:00Z,2024-08-15T00:00:00Z,2024.08.14 03:00,RISK_OFF,STABLE_MAPPED_ROW,,False,,647,2,92,2024-10-09T00:00:00Z,2024-10-10T00:00:00Z,RISK_OFF,2024-10-09T00:00:00Z,2024-10-08,-0.346,MED,8/8,,false,,False,56,8,0,0,0
MAIN,2026092503,-8,SYNTHETIC_PLACEBO_ONLY,False,PROVENANCE_ONLY_NOT_CAUSAL_TRUTH,592,3,84,2024-08-15T00:00:00Z,2024-08-16T00:00:00Z,2024.08.15 03:00,NEUTRAL,STABLE_MAPPED_ROW,,False,,648,3,92,2024-10-10T00:00:00Z,2024-10-11T00:00:00Z,NEUTRAL,2024-10-10T00:00:00Z,2024-10-09,-0.154,MED,8/8,,false,,False,56,8,0,0,0
MAIN,2026092503,-8,SYNTHETIC_PLACEBO_ONLY,False,PROVENANCE_ONLY_NOT_CAUSAL_TRUTH,593,4,84,2024-08-16T00:00:00Z,2024-08-17T00:00:00Z,2024.08.16 03:00,NEUTRAL,STABLE_MAPPED_ROW,,False,,649,4,92,2024-10-11T00:00:00Z,2024-10-12T00:00:00Z,NEUTRAL,2024-10-11T00:00:00Z,2024-10-10,0,MED,8/8,,false,,False,56,8,0,0,0
MAIN,2026092503,-8,SYNTHETIC_PLACEBO_ONLY,False,PROVENANCE_ONLY_NOT_CAUSAL_TRUTH,594,5,84,2024-08-17T00:00:00Z,2024-08-18T00:00:00Z,2024.08.17 03:00,NEUTRAL,STABLE_MAPPED_ROW,,False,,650,5,92,2024-10-12T00:00:00Z,2024-10-13T00:00:00Z,NEUTRAL,2024-10-12T00:00:00Z,2024-10-11,-0.077,MED,8/8,,false,,False,56,8,0,0,0
MAIN,2026092503,-8,SYNTHETIC_PLACEBO_ONLY,False,PROVENANCE_ONLY_NOT_CAUSAL_TRUTH,595,6,85,2024-08-18T00:00:00Z,2024-08-19T00:00:00Z,2024.08.18 03:00,NEUTRAL,STABLE_MAPPED_ROW,,False,,651,6,93,2024-10-13T00:00:00Z,2024-10-14T00:00:00Z,NEUTRAL,2024-10-13T00:00:00Z,2024-10-12,-0.077,MED,8/8,,false,,False,56,8,0,0,0
MAIN,2026092503,-8,SYNTHETIC_PLACEBO_ONLY,False,PROVENANCE_ONLY_NOT_CAUSAL_TRUTH,596,0,85,2024-08-19T00:00:00Z,2024-08-20T00:00:00Z,2024.08.19 03:00,NEUTRAL,STABLE_MAPPED_ROW,,False,,652,0,93,2024-10-14T00:00:00Z,2024-10-15T00:00:00Z,NEUTRAL,2024-10-14T00:00:00Z,2024-10-13,-0.077,MED,8/8,,false,,False,56,8,0,0,0
MAIN,2026092503,-8,SYNTHETIC_PLACEBO_ONLY,False,PROVENANCE_ONLY_NOT_CAUSAL_TRUTH,597,1,85,2024-08-20T00:00:00Z,2024-08-21T00:00:00Z,2024.08.20 03:00,NEUTRAL,STABLE_MAPPED_ROW,,False,,653,1,93,2024-10-15T00:00:00Z,2024-10-16T00:00:00Z,NEUTRAL,2024-10-15T00:00:00Z,2024-10-14,0.192,MED,8/8,,false,,False,56,8,0,0,0
MAIN,2026092503,-8,SYNTHETIC_PLACEBO_ONLY,False,PROVENANCE_ONLY_NOT_CAUSAL_TRUTH,598,2,85,2024-08-21T00:00:00Z,2024-08-22T00:00:00Z,2024.08.21 03:00,RISK_OFF,STABLE_MAPPED_ROW,,False,,654,2,93,2024-10-16T00:00:00Z,2024-10-17T00:00:00Z,RISK_OFF,2024-10-16T00:00:00Z,2024-10-15,-0.269,MED,8/8,,false,,False,56,8,0,0,0
MAIN,2026092503,-8,SYNTHETIC_PLACEBO_ONLY,False,PROVENANCE_ONLY_NOT_CAUSAL_TRUTH,599,3,85,2024-08-22T00:00:00Z,2024-08-23T00:00:00Z,2024.08.22 03:00,NEUTRAL,STABLE_MAPPED_ROW,,False,,655,3,93,2024-10-17T00:00:00Z,2024-10-18T00:00:00Z,NEUTRAL,2024-10-17T00:00:00Z,2024-10-16,-0.115,LOW,8/8,,false,,False,56,8,0,0,0
MAIN,2026092503,-8,SYNTHETIC_PLACEBO_ONLY,False,PROVENANCE_ONLY_NOT_CAUSAL_TRUTH,600,4,85,2024-08-23T00:00:00Z,2024-08-24T00:00:00Z,2024.08.23 03:00,NEUTRAL,STABLE_MAPPED_ROW,,False,,656,4,93,2024-10-18T00:00:00Z,2024-10-19T00:00:00Z,NEUTRAL,2024-10-18T00:00:00Z,2024-10-17,0.346,HIGH,8/8,,false,,False,56,8,0,0,0
MAIN,2026092503,-8,SYNTHETIC_PLACEBO_ONLY,False,PROVENANCE_ONLY_NOT_CAUSAL_TRUTH,601,5,85,2024-08-24T00:00:00Z,2024-08-25T00:00:00Z,2024.08.24 03:00,NEUTRAL,STABLE_MAPPED_ROW,,False,,657,5,93,2024-10-19T00:00:00Z,2024-10-20T00:00:00Z,NEUTRAL,2024-10-19T00:00:00Z,2024-10-18,0.346,HIGH,8/8,,false,,False,56,8,0,0,0
MAIN,2026092503,-8,SYNTHETIC_PLACEBO_ONLY,False,PROVENANCE_ONLY_NOT_CAUSAL_TRUTH,602,6,86,2024-08-25T00:00:00Z,2024-08-26T00:00:00Z,2024.08.25 03:00,NEUTRAL,STABLE_MAPPED_ROW,,False,,658,6,94,2024-10-20T00:00:00Z,2024-10-21T00:00:00Z,NEUTRAL,2024-10-20T00:00:00Z,2024-10-19,0.346,HIGH,8/8,,false,,False,56,8,0,0,0
MAIN,2026092503,-8,SYNTHETIC_PLACEBO_ONLY,False,PROVENANCE_ONLY_NOT_CAUSAL_TRUTH,603,0,86,2024-08-26T00:00:00Z,2024-08-27T00:00:00Z,2024.08.26 03:00,NEUTRAL,STABLE_MAPPED_ROW,,False,,659,0,94,2024-10-21T00:00:00Z,2024-10-22T00:00:00Z,NEUTRAL,2024-10-21T00:00:00Z,2024-10-20,0.231,HIGH,8/8,,false,,False,56,8,0,0,0
MAIN,2026092503,-8,SYNTHETIC_PLACEBO_ONLY,False,PROVENANCE_ONLY_NOT_CAUSAL_TRUTH,604,1,86,2024-08-27T00:00:00Z,2024-08-28T00:00:00Z,2024.08.27 03:00,NEUTRAL,STABLE_MAPPED_ROW,,False,,660,1,94,2024-10-22T00:00:00Z,2024-10-23T00:00:00Z,NEUTRAL,2024-10-22T00:00:00Z,2024-10-21,-0.154,LOW,8/8,,false,,False,56,8,0,0,0
MAIN,2026092503,-8,SYNTHETIC_PLACEBO_ONLY,False,PROVENANCE_ONLY_NOT_CAUSAL_TRUTH,605,2,86,2024-08-28T00:00:00Z,2024-08-29T00:00:00Z,2024.08.28 03:00,NEUTRAL,STABLE_MAPPED_ROW,,False,,661,2,94,2024-10-23T00:00:00Z,2024-10-24T00:00:00Z,NEUTRAL,2024-10-23T00:00:00Z,2024-10-22,0.423,HIGH,8/8,,false,,False,56,8,0,0,0
MAIN,2026092503,-8,SYNTHETIC_PLACEBO_ONLY,False,PROVENANCE_ONLY_NOT_CAUSAL_TRUTH,606,3,86,2024-08-29T00:00:00Z,2024-08-30T00:00:00Z,2024.08.29 03:00,NEUTRAL,STABLE_MAPPED_ROW,,False,,662,3,94,2024-10-24T00:00:00Z,2024-10-25T00:00:00Z,NEUTRAL,2024-10-24T00:00:00Z,2024-10-23,0.385,HIGH,8/8,,false,,False,56,8,0,0,0
MAIN,2026092503,-8,SYNTHETIC_PLACEBO_ONLY,False,PROVENANCE_ONLY_NOT_CAUSAL_TRUTH,607,4,86,2024-08-30T00:00:00Z,2024-08-31T00:00:00Z,2024.08.30 03:00,NEUTRAL,STABLE_MAPPED_ROW,,False,,663,4,94,2024-10-25T00:00:00Z,2024-10-26T00:00:00Z,NEUTRAL,2024-10-25T00:00:00Z,2024-10-24,0.346,HIGH,8/8,,false,,False,56,8,0,0,0
MAIN,2026092503,-8,SYNTHETIC_PLACEBO_ONLY,False,PROVENANCE_ONLY_NOT_CAUSAL_TRUTH,608,5,86,2024-08-31T00:00:00Z,2024-09-01T00:00:00Z,2024.08.31 03:00,NEUTRAL,STABLE_MAPPED_ROW,,False,,664,5,94,2024-10-26T00:00:00Z,2024-10-27T00:00:00Z,NEUTRAL,2024-10-26T00:00:00Z,2024-10-25,0,MED,8/8,,false,,False,56,8,0,0,0
MAIN,2026092503,-8,SYNTHETIC_PLACEBO_ONLY,False,PROVENANCE_ONLY_NOT_CAUSAL_TRUTH,609,6,87,2024-09-01T00:00:00Z,2024-09-02T00:00:00Z,2024.09.01 03:00,NEUTRAL,STABLE_MAPPED_ROW,,False,,665,6,95,2024-10-27T00:00:00Z,2024-10-28T00:00:00Z,NEUTRAL,2024-10-27T00:00:00Z,2024-10-26,0.154,MED,8/8,,false,,False,56,8,0,0,0
MAIN,2026092503,-8,SYNTHETIC_PLACEBO_ONLY,False,PROVENANCE_ONLY_NOT_CAUSAL_TRUTH,610,0,87,2024-09-02T00:00:00Z,2024-09-03T00:00:00Z,2024.09.02 03:00,NEUTRAL,STABLE_MAPPED_ROW,,False,,666,0,95,2024-10-28T00:00:00Z,2024-10-29T00:00:00Z,NEUTRAL,2024-10-28T00:00:00Z,2024-10-27,0.192,MED,8/8,,false,,False,56,8,0,0,0
MAIN,2026092503,-8,SYNTHETIC_PLACEBO_ONLY,False,PROVENANCE_ONLY_NOT_CAUSAL_TRUTH,611,1,87,2024-09-03T00:00:00Z,2024-09-04T00:00:00Z,2024.09.03 03:00,NEUTRAL,STABLE_MAPPED_ROW,,False,,667,1,95,2024-10-29T00:00:00Z,2024-10-30T00:00:00Z,NEUTRAL,2024-10-29T00:00:00Z,2024-10-28,0.385,HIGH,8/8,,false,,False,56,8,0,0,0
MAIN,2026092503,-8,SYNTHETIC_PLACEBO_ONLY,False,PROVENANCE_ONLY_NOT_CAUSAL_TRUTH,612,2,87,2024-09-04T00:00:00Z,2024-09-05T00:00:00Z,2024.09.04 03:00,NEUTRAL,STABLE_MAPPED_ROW,,False,,668,2,95,2024-10-30T00:00:00Z,2024-10-31T00:00:00Z,NEUTRAL,2024-10-30T00:00:00Z,2024-10-29,0.346,HIGH,8/8,,false,,False,56,8,0,0,0
MAIN,2026092503,-8,SYNTHETIC_PLACEBO_ONLY,False,PROVENANCE_ONLY_NOT_CAUSAL_TRUTH,613,3,87,2024-09-05T00:00:00Z,2024-09-06T00:00:00Z,2024.09.05 03:00,NEUTRAL,STABLE_MAPPED_ROW,,False,,669,3,95,2024-10-31T00:00:00Z,2024-11-01T00:00:00Z,NEUTRAL,2024-10-31T00:00:00Z,2024-10-30,0.115,HIGH,8/8,,false,,False,56,8,0,0,0
MAIN,2026092503,-8,SYNTHETIC_PLACEBO_ONLY,False,PROVENANCE_ONLY_NOT_CAUSAL_TRUTH,614,4,87,2024-09-06T00:00:00Z,2024-09-07T00:00:00Z,2024.09.06 03:00,NEUTRAL,STABLE_MAPPED_ROW,,False,,670,4,95,2024-11-01T00:00:00Z,2024-11-02T00:00:00Z,NEUTRAL,2024-11-01T00:00:00Z,2024-10-31,0.077,HIGH,8/8,,false,,False,56,8,0,0,0
MAIN,2026092503,-8,SYNTHETIC_PLACEBO_ONLY,False,PROVENANCE_ONLY_NOT_CAUSAL_TRUTH,615,5,87,2024-09-07T00:00:00Z,2024-09-08T00:00:00Z,2024.09.07 03:00,NEUTRAL,STABLE_MAPPED_ROW,,False,,671,5,95,2024-11-02T00:00:00Z,2024-11-03T00:00:00Z,NEUTRAL,2024-11-02T00:00:00Z,2024-11-01,-0.231,MED,8/8,,false,,False,56,8,0,0,0
MAIN,2026092503,-8,SYNTHETIC_PLACEBO_ONLY,False,PROVENANCE_ONLY_NOT_CAUSAL_TRUTH,616,6,88,2024-09-08T00:00:00Z,2024-09-09T00:00:00Z,2024.09.08 03:00,RISK_OFF,STABLE_MAPPED_ROW,,False,,672,6,96,2024-11-03T00:00:00Z,2024-11-04T00:00:00Z,RISK_OFF,2024-11-03T00:00:00Z,2024-11-02,-0.269,MED,8/8,,false,,False,56,8,0,0,0
MAIN,2026092503,-8,SYNTHETIC_PLACEBO_ONLY,False,PROVENANCE_ONLY_NOT_CAUSAL_TRUTH,617,0,88,2024-09-09T00:00:00Z,2024-09-10T00:00:00Z,2024.09.09 03:00,RISK_OFF,STABLE_MAPPED_ROW,,False,,673,0,96,2024-11-04T00:00:00Z,2024-11-05T00:00:00Z,RISK_OFF,2024-11-04T00:00:00Z,2024-11-03,-0.423,HIGH,8/8,,false,,False,56,8,0,0,0
MAIN,2026092503,-8,SYNTHETIC_PLACEBO_ONLY,False,PROVENANCE_ONLY_NOT_CAUSAL_TRUTH,618,1,88,2024-09-10T00:00:00Z,2024-09-11T00:00:00Z,2024.09.10 03:00,RISK_OFF,STABLE_MAPPED_ROW,,False,,674,1,96,2024-11-05T00:00:00Z,2024-11-06T00:00:00Z,RISK_OFF,2024-11-05T00:00:00Z,2024-11-04,-0.423,HIGH,8/8,,false,,False,56,8,0,0,0
MAIN,2026092503,-8,SYNTHETIC_PLACEBO_ONLY,False,PROVENANCE_ONLY_NOT_CAUSAL_TRUTH,619,2,88,2024-09-11T00:00:00Z,2024-09-12T00:00:00Z,2024.09.11 03:00,RISK_OFF,STABLE_MAPPED_ROW,,False,,675,2,96,2024-11-06T00:00:00Z,2024-11-07T00:00:00Z,RISK_OFF,2024-11-06T00:00:00Z,2024-11-05,-0.269,MED,8/8,,false,,False,56,8,0,0,0
MAIN,2026092503,-8,SYNTHETIC_PLACEBO_ONLY,False,PROVENANCE_ONLY_NOT_CAUSAL_TRUTH,620,3,88,2024-09-12T00:00:00Z,2024-09-13T00:00:00Z,2024.09.12 03:00,NEUTRAL,STABLE_MAPPED_ROW,,False,,676,3,96,2024-11-07T00:00:00Z,2024-11-08T00:00:00Z,NEUTRAL,2024-11-07T00:00:00Z,2024-11-06,0.308,HIGH,8/8,,false,,False,56,8,0,0,0
MAIN,2026092503,-8,SYNTHETIC_PLACEBO_ONLY,False,PROVENANCE_ONLY_NOT_CAUSAL_TRUTH,621,4,88,2024-09-13T00:00:00Z,2024-09-14T00:00:00Z,2024.09.13 03:00,NEUTRAL,STABLE_MAPPED_ROW,,False,,677,4,96,2024-11-08T00:00:00Z,2024-11-09T00:00:00Z,NEUTRAL,2024-11-08T00:00:00Z,2024-11-07,0.385,HIGH,8/8,,false,,False,56,8,0,0,0
MAIN,2026092503,-8,SYNTHETIC_PLACEBO_ONLY,False,PROVENANCE_ONLY_NOT_CAUSAL_TRUTH,622,5,88,2024-09-14T00:00:00Z,2024-09-15T00:00:00Z,2024.09.14 03:00,RISK_ON,STABLE_MAPPED_ROW,,False,,678,5,96,2024-11-09T00:00:00Z,2024-11-10T00:00:00Z,RISK_ON,2024-11-09T00:00:00Z,2024-11-08,0.5,HIGH,8/8,,false,,False,56,8,0,0,0
MAIN,2026092503,-8,SYNTHETIC_PLACEBO_ONLY,False,PROVENANCE_ONLY_NOT_CAUSAL_TRUTH,623,6,89,2024-09-15T00:00:00Z,2024-09-16T00:00:00Z,2024.09.15 03:00,RISK_ON,STABLE_MAPPED_ROW,,False,,679,6,97,2024-11-10T00:00:00Z,2024-11-11T00:00:00Z,RISK_ON,2024-11-10T00:00:00Z,2024-11-09,0.5,HIGH,8/8,,false,,False,56,8,0,0,0
MAIN,2026092503,-8,SYNTHETIC_PLACEBO_ONLY,False,PROVENANCE_ONLY_NOT_CAUSAL_TRUTH,624,0,89,2024-09-16T00:00:00Z,2024-09-17T00:00:00Z,2024.09.16 03:00,RISK_ON,STABLE_MAPPED_ROW,,False,,680,0,97,2024-11-11T00:00:00Z,2024-11-12T00:00:00Z,RISK_ON,2024-11-11T00:00:00Z,2024-11-10,0.5,HIGH,8/8,,false,,False,56,8,0,0,0
MAIN,2026092503,-8,SYNTHETIC_PLACEBO_ONLY,False,PROVENANCE_ONLY_NOT_CAUSAL_TRUTH,625,1,89,2024-09-17T00:00:00Z,2024-09-18T00:00:00Z,2024.09.17 03:00,NEUTRAL,STABLE_MAPPED_ROW,,False,,681,1,97,2024-11-12T00:00:00Z,2024-11-13T00:00:00Z,NEUTRAL,2024-11-12T00:00:00Z,2024-11-11,0.231,MED,8/8,,false,,False,56,8,0,0,0
MAIN,2026092503,-8,SYNTHETIC_PLACEBO_ONLY,False,PROVENANCE_ONLY_NOT_CAUSAL_TRUTH,626,2,89,2024-09-18T00:00:00Z,2024-09-19T00:00:00Z,2024.09.18 03:00,NEUTRAL,STABLE_MAPPED_ROW,,False,,682,2,97,2024-11-13T00:00:00Z,2024-11-14T00:00:00Z,NEUTRAL,2024-11-13T00:00:00Z,2024-11-12,0.231,MED,8/8,,false,,False,56,8,0,0,0
MAIN,2026092503,-8,SYNTHETIC_PLACEBO_ONLY,False,PROVENANCE_ONLY_NOT_CAUSAL_TRUTH,627,3,89,2024-09-19T00:00:00Z,2024-09-20T00:00:00Z,2024.09.19 03:00,NEUTRAL,STABLE_MAPPED_ROW,,False,,683,3,97,2024-11-14T00:00:00Z,2024-11-15T00:00:00Z,NEUTRAL,2024-11-14T00:00:00Z,2024-11-13,0.308,HIGH,8/8,,false,,False,56,8,0,0,0
MAIN,2026092503,-8,SYNTHETIC_PLACEBO_ONLY,False,PROVENANCE_ONLY_NOT_CAUSAL_TRUTH,628,4,89,2024-09-20T00:00:00Z,2024-09-21T00:00:00Z,2024.09.20 03:00,NEUTRAL,STABLE_MAPPED_ROW,,False,,684,4,97,2024-11-15T00:00:00Z,2024-11-16T00:00:00Z,NEUTRAL,2024-11-15T00:00:00Z,2024-11-14,0.115,MED,8/8,,false,,False,56,8,0,0,0
MAIN,2026092503,-8,SYNTHETIC_PLACEBO_ONLY,False,PROVENANCE_ONLY_NOT_CAUSAL_TRUTH,629,5,89,2024-09-21T00:00:00Z,2024-09-22T00:00:00Z,2024.09.21 03:00,NEUTRAL,STABLE_MAPPED_ROW,,False,,685,5,97,2024-11-16T00:00:00Z,2024-11-17T00:00:00Z,NEUTRAL,2024-11-16T00:00:00Z,2024-11-15,-0.038,MED,8/8,,false,,False,56,8,0,0,0
MAIN,2026092503,-8,SYNTHETIC_PLACEBO_ONLY,False,PROVENANCE_ONLY_NOT_CAUSAL_TRUTH,630,6,90,2024-09-22T00:00:00Z,2024-09-23T00:00:00Z,2024.09.22 03:00,NEUTRAL,STABLE_MAPPED_ROW,,False,,686,6,98,2024-11-17T00:00:00Z,2024-11-18T00:00:00Z,NEUTRAL,2024-11-17T00:00:00Z,2024-11-16,-0.038,MED,8/8,,false,,False,56,8,0,0,0
MAIN,2026092503,-8,SYNTHETIC_PLACEBO_ONLY,False,PROVENANCE_ONLY_NOT_CAUSAL_TRUTH,631,0,90,2024-09-23T00:00:00Z,2024-09-24T00:00:00Z,2024.09.23 03:00,NEUTRAL,STABLE_MAPPED_ROW,,False,,687,0,98,2024-11-18T00:00:00Z,2024-11-19T00:00:00Z,NEUTRAL,2024-11-18T00:00:00Z,2024-11-17,-0.038,MED,8/8,,false,,False,56,8,0,0,0
MAIN,2026092503,-8,SYNTHETIC_PLACEBO_ONLY,False,PROVENANCE_ONLY_NOT_CAUSAL_TRUTH,632,1,90,2024-09-24T00:00:00Z,2024-09-25T00:00:00Z,2024.09.24 03:00,RISK_OFF,STABLE_MAPPED_ROW,,False,,688,1,98,2024-11-19T00:00:00Z,2024-11-20T00:00:00Z,RISK_OFF,2024-11-19T00:00:00Z,2024-11-18,-0.269,MED,8/8,,false,,False,56,8,0,0,0
MAIN,2026092503,-8,SYNTHETIC_PLACEBO_ONLY,False,PROVENANCE_ONLY_NOT_CAUSAL_TRUTH,633,2,90,2024-09-25T00:00:00Z,2024-09-26T00:00:00Z,2024.09.25 03:00,RISK_OFF,STABLE_MAPPED_ROW,,False,,689,2,98,2024-11-20T00:00:00Z,2024-11-21T00:00:00Z,RISK_OFF,2024-11-20T00:00:00Z,2024-11-19,-0.308,HIGH,8/8,,false,,False,56,8,0,0,0
MAIN,2026092503,-8,SYNTHETIC_PLACEBO_ONLY,False,PROVENANCE_ONLY_NOT_CAUSAL_TRUTH,634,3,90,2024-09-26T00:00:00Z,2024-09-27T00:00:00Z,2024.09.26 03:00,NEUTRAL,STABLE_MAPPED_ROW,,False,,690,3,98,2024-11-21T00:00:00Z,2024-11-22T00:00:00Z,NEUTRAL,2024-11-21T00:00:00Z,2024-11-20,0.154,MED,8/8,,false,,False,56,8,0,0,0
MAIN,2026092503,-8,SYNTHETIC_PLACEBO_ONLY,False,PROVENANCE_ONLY_NOT_CAUSAL_TRUTH,635,4,90,2024-09-27T00:00:00Z,2024-09-28T00:00:00Z,2024.09.27 03:00,NEUTRAL,STABLE_MAPPED_ROW,,False,,691,4,98,2024-11-22T00:00:00Z,2024-11-23T00:00:00Z,NEUTRAL,2024-11-22T00:00:00Z,2024-11-21,0.154,MED,8/8,,false,,False,56,8,0,0,0
MAIN,2026092503,-8,SYNTHETIC_PLACEBO_ONLY,False,PROVENANCE_ONLY_NOT_CAUSAL_TRUTH,636,5,90,2024-09-28T00:00:00Z,2024-09-29T00:00:00Z,2024.09.28 03:00,NEUTRAL,STABLE_MAPPED_ROW,,False,,692,5,98,2024-11-23T00:00:00Z,2024-11-24T00:00:00Z,NEUTRAL,2024-11-23T00:00:00Z,2024-11-22,-0.231,MED,8/8,,false,,False,56,8,0,0,0
MAIN,2026092503,-8,SYNTHETIC_PLACEBO_ONLY,False,PROVENANCE_ONLY_NOT_CAUSAL_TRUTH,637,6,91,2024-09-29T00:00:00Z,2024-09-30T00:00:00Z,2024.09.29 03:00,NEUTRAL,STABLE_MAPPED_ROW,,False,,693,6,99,2024-11-24T00:00:00Z,2024-11-25T00:00:00Z,NEUTRAL,2024-11-24T00:00:00Z,2024-11-23,-0.231,MED,8/8,,false,,False,56,8,0,0,0
MAIN,2026092503,-8,SYNTHETIC_PLACEBO_ONLY,False,PROVENANCE_ONLY_NOT_CAUSAL_TRUTH,638,0,91,2024-09-30T00:00:00Z,2024-10-01T00:00:00Z,2024.09.30 03:00,NEUTRAL,STABLE_MAPPED_ROW,,False,,694,0,99,2024-11-25T00:00:00Z,2024-11-26T00:00:00Z,NEUTRAL,2024-11-25T00:00:00Z,2024-11-24,-0.231,MED,8/8,,false,,False,56,8,0,0,0
MAIN,2026092503,-8,SYNTHETIC_PLACEBO_ONLY,False,PROVENANCE_ONLY_NOT_CAUSAL_TRUTH,639,1,91,2024-10-01T00:00:00Z,2024-10-02T00:00:00Z,2024.10.01 03:00,NEUTRAL,STABLE_MAPPED_ROW,,False,,695,1,99,2024-11-26T00:00:00Z,2024-11-27T00:00:00Z,NEUTRAL,2024-11-26T00:00:00Z,2024-11-25,-0.115,MED,8/8,,false,,False,56,8,0,0,0
MAIN,2026092503,-8,SYNTHETIC_PLACEBO_ONLY,False,PROVENANCE_ONLY_NOT_CAUSAL_TRUTH,640,2,91,2024-10-02T00:00:00Z,2024-10-03T00:00:00Z,2024.10.02 03:00,RISK_OFF,STABLE_MAPPED_ROW,,False,,696,2,99,2024-11-27T00:00:00Z,2024-11-28T00:00:00Z,RISK_OFF,2024-11-27T00:00:00Z,2024-11-26,-0.269,HIGH,8/8,,false,,False,56,8,0,0,0
MAIN,2026092503,-8,SYNTHETIC_PLACEBO_ONLY,False,PROVENANCE_ONLY_NOT_CAUSAL_TRUTH,641,3,91,2024-10-03T00:00:00Z,2024-10-04T00:00:00Z,2024.10.03 03:00,RISK_OFF,STABLE_MAPPED_ROW,,False,,697,3,99,2024-11-28T00:00:00Z,2024-11-29T00:00:00Z,RISK_OFF,2024-11-28T00:00:00Z,2024-11-27,-0.423,HIGH,8/8,,false,,False,56,8,0,0,0
MAIN,2026092503,-8,SYNTHETIC_PLACEBO_ONLY,False,PROVENANCE_ONLY_NOT_CAUSAL_TRUTH,642,4,91,2024-10-04T00:00:00Z,2024-10-05T00:00:00Z,2024.10.04 03:00,RISK_OFF,STABLE_MAPPED_ROW,,False,,698,4,99,2024-11-29T00:00:00Z,2024-11-30T00:00:00Z,RISK_OFF,2024-11-29T00:00:00Z,2024-11-28,-0.577,MED,8/8,,false,,False,56,8,0,0,0
MAIN,2026092503,-8,SYNTHETIC_PLACEBO_ONLY,False,PROVENANCE_ONLY_NOT_CAUSAL_TRUTH,643,5,91,2024-10-05T00:00:00Z,2024-10-06T00:00:00Z,2024.10.05 03:00,RISK_OFF,STABLE_MAPPED_ROW,,False,,699,5,99,2024-11-30T00:00:00Z,2024-12-01T00:00:00Z,RISK_OFF,2024-11-30T00:00:00Z,2024-11-29,-0.269,MED,8/8,,false,,False,56,8,0,0,0
MAIN,2026092503,-8,SYNTHETIC_PLACEBO_ONLY,False,PROVENANCE_ONLY_NOT_CAUSAL_TRUTH,644,6,92,2024-10-06T00:00:00Z,2024-10-07T00:00:00Z,2024.10.06 03:00,NEUTRAL,STABLE_MAPPED_ROW,,False,,700,6,100,2024-12-01T00:00:00Z,2024-12-02T00:00:00Z,NEUTRAL,2024-12-01T00:00:00Z,2024-11-30,-0.231,MED,8/8,,false,,False,56,8,0,0,0
MAIN,2026092503,-8,SYNTHETIC_PLACEBO_ONLY,False,PROVENANCE_ONLY_NOT_CAUSAL_TRUTH,645,0,92,2024-10-07T00:00:00Z,2024-10-08T00:00:00Z,2024.10.07 03:00,NEUTRAL,STABLE_MAPPED_ROW,,False,,701,0,100,2024-12-02T00:00:00Z,2024-12-03T00:00:00Z,NEUTRAL,2024-12-02T00:00:00Z,2024-12-01,-0.231,MED,8/8,,false,,False,56,8,0,0,0
MAIN,2026092503,-8,SYNTHETIC_PLACEBO_ONLY,False,PROVENANCE_ONLY_NOT_CAUSAL_TRUTH,646,1,92,2024-10-08T00:00:00Z,2024-10-09T00:00:00Z,2024.10.08 03:00,RISK_OFF,STABLE_MAPPED_ROW,,False,,702,1,100,2024-12-03T00:00:00Z,2024-12-04T00:00:00Z,RISK_OFF,2024-12-03T00:00:00Z,2024-12-02,-0.577,MED,8/8,,false,,False,56,8,0,0,0
MAIN,2026092503,-8,SYNTHETIC_PLACEBO_ONLY,False,PROVENANCE_ONLY_NOT_CAUSAL_TRUTH,647,2,92,2024-10-09T00:00:00Z,2024-10-10T00:00:00Z,2024.10.09 03:00,RISK_OFF,STABLE_MAPPED_ROW,,False,,703,2,100,2024-12-04T00:00:00Z,2024-12-05T00:00:00Z,RISK_OFF,2024-12-04T00:00:00Z,2024-12-03,-0.385,MED,8/8,,false,,False,56,8,0,0,0
MAIN,2026092503,-8,SYNTHETIC_PLACEBO_ONLY,False,PROVENANCE_ONLY_NOT_CAUSAL_TRUTH,648,3,92,2024-10-10T00:00:00Z,2024-10-11T00:00:00Z,2024.10.10 03:00,NEUTRAL,STABLE_MAPPED_ROW,,False,,704,3,100,2024-12-05T00:00:00Z,2024-12-06T00:00:00Z,NEUTRAL,2024-12-05T00:00:00Z,2024-12-04,-0.077,MED,8/8,,false,,False,56,8,0,0,0
MAIN,2026092503,-8,SYNTHETIC_PLACEBO_ONLY,False,PROVENANCE_ONLY_NOT_CAUSAL_TRUTH,649,4,92,2024-10-11T00:00:00Z,2024-10-12T00:00:00Z,2024.10.11 03:00,NEUTRAL,STABLE_MAPPED_ROW,,False,,705,4,100,2024-12-06T00:00:00Z,2024-12-07T00:00:00Z,NEUTRAL,2024-12-06T00:00:00Z,2024-12-05,-0.077,MED,8/8,,false,,False,56,8,0,0,0
MAIN,2026092503,-8,SYNTHETIC_PLACEBO_ONLY,False,PROVENANCE_ONLY_NOT_CAUSAL_TRUTH,650,5,92,2024-10-12T00:00:00Z,2024-10-13T00:00:00Z,2024.10.12 03:00,NEUTRAL,STABLE_MAPPED_ROW,,False,,706,5,100,2024-12-07T00:00:00Z,2024-12-08T00:00:00Z,NEUTRAL,2024-12-07T00:00:00Z,2024-12-06,-0.077,MED,8/8,,false,,False,56,8,0,0,0
MAIN,2026092503,-8,SYNTHETIC_PLACEBO_ONLY,False,PROVENANCE_ONLY_NOT_CAUSAL_TRUTH,651,6,93,2024-10-13T00:00:00Z,2024-10-14T00:00:00Z,2024.10.13 03:00,NEUTRAL,STABLE_MAPPED_ROW,,False,,707,6,101,2024-12-08T00:00:00Z,2024-12-09T00:00:00Z,NEUTRAL,2024-12-08T00:00:00Z,2024-12-07,-0.077,MED,8/8,,false,,False,56,8,0,0,0
MAIN,2026092503,-8,SYNTHETIC_PLACEBO_ONLY,False,PROVENANCE_ONLY_NOT_CAUSAL_TRUTH,652,0,93,2024-10-14T00:00:00Z,2024-10-15T00:00:00Z,2024.10.14 03:00,NEUTRAL,STABLE_MAPPED_ROW,,False,,708,0,101,2024-12-09T00:00:00Z,2024-12-10T00:00:00Z,NEUTRAL,2024-12-09T00:00:00Z,2024-12-08,-0.077,MED,8/8,,false,,False,56,8,0,0,0
MAIN,2026092503,-8,SYNTHETIC_PLACEBO_ONLY,False,PROVENANCE_ONLY_NOT_CAUSAL_TRUTH,653,1,93,2024-10-15T00:00:00Z,2024-10-16T00:00:00Z,2024.10.15 03:00,NEUTRAL,STABLE_MAPPED_ROW,,False,,709,1,101,2024-12-10T00:00:00Z,2024-12-11T00:00:00Z,NEUTRAL,2024-12-10T00:00:00Z,2024-12-09,-0.115,MED,8/8,,false,,False,56,8,0,0,0
MAIN,2026092503,-8,SYNTHETIC_PLACEBO_ONLY,False,PROVENANCE_ONLY_NOT_CAUSAL_TRUTH,654,2,93,2024-10-16T00:00:00Z,2024-10-17T00:00:00Z,2024.10.16 03:00,NEUTRAL,STABLE_MAPPED_ROW,,False,,710,2,101,2024-12-11T00:00:00Z,2024-12-12T00:00:00Z,NEUTRAL,2024-12-11T00:00:00Z,2024-12-10,-0.077,MED,8/8,,false,,False,56,8,0,0,0
MAIN,2026092503,-8,SYNTHETIC_PLACEBO_ONLY,False,PROVENANCE_ONLY_NOT_CAUSAL_TRUTH,655,3,93,2024-10-17T00:00:00Z,2024-10-18T00:00:00Z,2024.10.17 03:00,NEUTRAL,STABLE_MAPPED_ROW,,False,,711,3,101,2024-12-12T00:00:00Z,2024-12-13T00:00:00Z,NEUTRAL,2024-12-12T00:00:00Z,2024-12-11,-0.077,MED,8/8,,false,,False,56,8,0,0,0
MAIN,2026092503,-8,SYNTHETIC_PLACEBO_ONLY,False,PROVENANCE_ONLY_NOT_CAUSAL_TRUTH,656,4,93,2024-10-18T00:00:00Z,2024-10-19T00:00:00Z,2024.10.18 03:00,NEUTRAL,STABLE_MAPPED_ROW,,False,,712,4,101,2024-12-13T00:00:00Z,2024-12-14T00:00:00Z,NEUTRAL,2024-12-13T00:00:00Z,2024-12-12,-0.077,MED,8/8,,false,,False,56,8,0,0,0
MAIN,2026092503,-8,SYNTHETIC_PLACEBO_ONLY,False,PROVENANCE_ONLY_NOT_CAUSAL_TRUTH,657,5,93,2024-10-19T00:00:00Z,2024-10-20T00:00:00Z,2024.10.19 03:00,NEUTRAL,STABLE_MAPPED_ROW,,False,,713,5,101,2024-12-14T00:00:00Z,2024-12-15T00:00:00Z,NEUTRAL,2024-12-14T00:00:00Z,2024-12-13,0,MED,8/8,,false,,False,56,8,0,0,0
MAIN,2026092503,-8,SYNTHETIC_PLACEBO_ONLY,False,PROVENANCE_ONLY_NOT_CAUSAL_TRUTH,658,6,94,2024-10-20T00:00:00Z,2024-10-21T00:00:00Z,2024.10.20 03:00,NEUTRAL,STABLE_MAPPED_ROW,,False,,714,6,102,2024-12-15T00:00:00Z,2024-12-16T00:00:00Z,NEUTRAL,2024-12-15T00:00:00Z,2024-12-14,0,MED,8/8,,false,,False,56,8,0,0,0
MAIN,2026092503,-8,SYNTHETIC_PLACEBO_ONLY,False,PROVENANCE_ONLY_NOT_CAUSAL_TRUTH,659,0,94,2024-10-21T00:00:00Z,2024-10-22T00:00:00Z,2024.10.21 03:00,NEUTRAL,STABLE_MAPPED_ROW,,False,,715,0,102,2024-12-16T00:00:00Z,2024-12-17T00:00:00Z,NEUTRAL,2024-12-16T00:00:00Z,2024-12-15,0,MED,8/8,,false,,False,56,8,0,0,0
MAIN,2026092503,-8,SYNTHETIC_PLACEBO_ONLY,False,PROVENANCE_ONLY_NOT_CAUSAL_TRUTH,660,1,94,2024-10-22T00:00:00Z,2024-10-23T00:00:00Z,2024.10.22 03:00,NEUTRAL,STABLE_MAPPED_ROW,,False,,716,1,102,2024-12-17T00:00:00Z,2024-12-18T00:00:00Z,NEUTRAL,2024-12-17T00:00:00Z,2024-12-16,0,MED,8/8,,false,,False,56,8,0,0,0
MAIN,2026092503,-8,SYNTHETIC_PLACEBO_ONLY,False,PROVENANCE_ONLY_NOT_CAUSAL_TRUTH,661,2,94,2024-10-23T00:00:00Z,2024-10-24T00:00:00Z,2024.10.23 03:00,NEUTRAL,STABLE_MAPPED_ROW,,False,,717,2,102,2024-12-18T00:00:00Z,2024-12-19T00:00:00Z,NEUTRAL,2024-12-18T00:00:00Z,2024-12-17,-0.231,MED,8/8,,false,,False,56,8,0,0,0
MAIN,2026092503,-8,SYNTHETIC_PLACEBO_ONLY,False,PROVENANCE_ONLY_NOT_CAUSAL_TRUTH,662,3,94,2024-10-24T00:00:00Z,2024-10-25T00:00:00Z,2024.10.24 03:00,RISK_OFF,STABLE_MAPPED_ROW,,False,,718,3,102,2024-12-19T00:00:00Z,2024-12-20T00:00:00Z,RISK_OFF,2024-12-19T00:00:00Z,2024-12-18,-0.346,MED,8/8,,false,,False,56,8,0,0,0
MAIN,2026092503,-8,SYNTHETIC_PLACEBO_ONLY,False,PROVENANCE_ONLY_NOT_CAUSAL_TRUTH,663,4,94,2024-10-25T00:00:00Z,2024-10-26T00:00:00Z,2024.10.25 03:00,RISK_OFF,STABLE_MAPPED_ROW,,False,,719,4,102,2024-12-20T00:00:00Z,2024-12-21T00:00:00Z,RISK_OFF,2024-12-20T00:00:00Z,2024-12-19,-0.577,HIGH,8/8,,false,,False,56,8,0,0,0
MAIN,2026092503,-8,SYNTHETIC_PLACEBO_ONLY,False,PROVENANCE_ONLY_NOT_CAUSAL_TRUTH,664,5,94,2024-10-26T00:00:00Z,2024-10-27T00:00:00Z,2024.10.26 03:00,RISK_OFF,STABLE_MAPPED_ROW,,False,,720,5,102,2024-12-21T00:00:00Z,2024-12-22T00:00:00Z,RISK_OFF,2024-12-21T00:00:00Z,2024-12-20,-0.423,HIGH,8/8,,false,,False,56,8,0,0,0
MAIN,2026092503,-8,SYNTHETIC_PLACEBO_ONLY,False,PROVENANCE_ONLY_NOT_CAUSAL_TRUTH,665,6,95,2024-10-27T00:00:00Z,2024-10-28T00:00:00Z,2024.10.27 03:00,RISK_OFF,STABLE_MAPPED_ROW,,False,,721,6,103,2024-12-22T00:00:00Z,2024-12-23T00:00:00Z,RISK_OFF,2024-12-22T00:00:00Z,2024-12-21,-0.423,HIGH,8/8,,false,,False,56,8,0,0,0
MAIN,2026092503,-8,SYNTHETIC_PLACEBO_ONLY,False,PROVENANCE_ONLY_NOT_CAUSAL_TRUTH,666,0,95,2024-10-28T00:00:00Z,2024-10-29T00:00:00Z,2024.10.28 03:00,RISK_OFF,STABLE_MAPPED_ROW,,False,,722,0,103,2024-12-23T00:00:00Z,2024-12-24T00:00:00Z,RISK_OFF,2024-12-23T00:00:00Z,2024-12-22,-0.423,HIGH,8/8,,false,,False,56,8,0,0,0
MAIN,2026092503,-8,SYNTHETIC_PLACEBO_ONLY,False,PROVENANCE_ONLY_NOT_CAUSAL_TRUTH,667,1,95,2024-10-29T00:00:00Z,2024-10-30T00:00:00Z,2024.10.29 03:00,RISK_OFF,STABLE_MAPPED_ROW,,False,,723,1,103,2024-12-24T00:00:00Z,2024-12-25T00:00:00Z,RISK_OFF,2024-12-24T00:00:00Z,2024-12-23,-0.346,HIGH,8/8,,false,,False,56,8,0,0,0
MAIN,2026092503,-8,SYNTHETIC_PLACEBO_ONLY,False,PROVENANCE_ONLY_NOT_CAUSAL_TRUTH,668,2,95,2024-10-30T00:00:00Z,2024-10-31T00:00:00Z,2024.10.30 03:00,NEUTRAL,STABLE_MAPPED_ROW,,False,,724,2,103,2024-12-25T00:00:00Z,2024-12-26T00:00:00Z,NEUTRAL,2024-12-25T00:00:00Z,2024-12-24,0,MED,8/8,,false,,False,56,8,0,0,0
MAIN,2026092503,-8,SYNTHETIC_PLACEBO_ONLY,False,PROVENANCE_ONLY_NOT_CAUSAL_TRUTH,669,3,95,2024-10-31T00:00:00Z,2024-11-01T00:00:00Z,2024.10.31 03:00,NEUTRAL,STABLE_MAPPED_ROW,,False,,725,3,103,2024-12-26T00:00:00Z,2024-12-27T00:00:00Z,NEUTRAL,2024-12-26T00:00:00Z,2024-12-25,0,MED,8/8,,false,,False,56,8,0,0,0
MAIN,2026092503,-8,SYNTHETIC_PLACEBO_ONLY,False,PROVENANCE_ONLY_NOT_CAUSAL_TRUTH,670,4,95,2024-11-01T00:00:00Z,2024-11-02T00:00:00Z,2024.11.01 03:00,NEUTRAL,STABLE_MAPPED_ROW,,False,,726,4,103,2024-12-27T00:00:00Z,2024-12-28T00:00:00Z,NEUTRAL,2024-12-27T00:00:00Z,2024-12-26,-0.115,MED,8/8,,false,,False,56,8,0,0,0
MAIN,2026092503,-8,SYNTHETIC_PLACEBO_ONLY,False,PROVENANCE_ONLY_NOT_CAUSAL_TRUTH,671,5,95,2024-11-02T00:00:00Z,2024-11-03T00:00:00Z,2024.11.02 03:00,RISK_OFF,STABLE_MAPPED_ROW,,False,,727,5,103,2024-12-28T00:00:00Z,2024-12-29T00:00:00Z,RISK_OFF,2024-12-28T00:00:00Z,2024-12-27,-0.269,MED,8/8,,false,,False,56,8,0,0,0
MAIN,2026092503,-8,SYNTHETIC_PLACEBO_ONLY,False,PROVENANCE_ONLY_NOT_CAUSAL_TRUTH,672,6,96,2024-11-03T00:00:00Z,2024-11-04T00:00:00Z,2024.11.03 00:00,UNKNOWN,TRANSITION_UNKNOWN_BOUNDARY_MARKER,2024-11-03,True,2024.11.04 02:00,728,6,104,2024-12-29T00:00:00Z,2024-12-30T00:00:00Z,NEUTRAL,2024-12-29T00:00:00Z,2024-12-28,-0.231,MED,8/8,,false,,False,56,8,0,0,0
MAIN,2026092503,-8,SYNTHETIC_PLACEBO_ONLY,False,PROVENANCE_ONLY_NOT_CAUSAL_TRUTH,673,0,96,2024-11-04T00:00:00Z,2024-11-05T00:00:00Z,2024.11.04 02:00,RISK_OFF,STABLE_MAPPED_ROW,,False,,729,0,104,2024-12-30T00:00:00Z,2024-12-31T00:00:00Z,RISK_OFF,2024-12-30T00:00:00Z,2024-12-29,-0.423,HIGH,8/8,,false,,False,56,8,0,0,0
MAIN,2026092503,-8,SYNTHETIC_PLACEBO_ONLY,False,PROVENANCE_ONLY_NOT_CAUSAL_TRUTH,674,1,96,2024-11-05T00:00:00Z,2024-11-06T00:00:00Z,2024.11.05 02:00,RISK_OFF,STABLE_MAPPED_ROW,,False,,730,1,104,2024-12-31T00:00:00Z,2025-01-01T00:00:00Z,RISK_OFF,2024-12-31T00:00:00Z,2024-12-30,-0.423,HIGH,8/8,,false,,False,56,8,0,0,0
MAIN,2026092503,-8,SYNTHETIC_PLACEBO_ONLY,False,PROVENANCE_ONLY_NOT_CAUSAL_TRUTH,675,2,96,2024-11-06T00:00:00Z,2024-11-07T00:00:00Z,2024.11.06 02:00,RISK_OFF,STABLE_MAPPED_ROW,,False,,731,2,104,2025-01-01T00:00:00Z,2025-01-02T00:00:00Z,RISK_OFF,2025-01-01T00:00:00Z,2024-12-31,-0.269,MED,8/8,,false,,False,56,8,0,0,0
MAIN,2026092503,-8,SYNTHETIC_PLACEBO_ONLY,False,PROVENANCE_ONLY_NOT_CAUSAL_TRUTH,676,3,96,2024-11-07T00:00:00Z,2024-11-08T00:00:00Z,2024.11.07 02:00,NEUTRAL,STABLE_MAPPED_ROW,,False,,732,3,104,2025-01-02T00:00:00Z,2025-01-03T00:00:00Z,NEUTRAL,2025-01-02T00:00:00Z,2025-01-01,-0.231,MED,8/8,,false,,False,56,8,0,0,0
MAIN,2026092503,-8,SYNTHETIC_PLACEBO_ONLY,False,PROVENANCE_ONLY_NOT_CAUSAL_TRUTH,677,4,96,2024-11-08T00:00:00Z,2024-11-09T00:00:00Z,2024.11.08 02:00,RISK_OFF,STABLE_MAPPED_ROW,,False,,733,4,104,2025-01-03T00:00:00Z,2025-01-04T00:00:00Z,RISK_OFF,2025-01-03T00:00:00Z,2025-01-02,-0.308,HIGH,8/8,,false,,False,56,8,0,0,0
MAIN,2026092503,-8,SYNTHETIC_PLACEBO_ONLY,False,PROVENANCE_ONLY_NOT_CAUSAL_TRUTH,678,5,96,2024-11-09T00:00:00Z,2024-11-10T00:00:00Z,2024.11.09 02:00,NEUTRAL,STABLE_MAPPED_ROW,,False,,734,5,104,2025-01-04T00:00:00Z,2025-01-05T00:00:00Z,NEUTRAL,2025-01-04T00:00:00Z,2025-01-03,-0.231,MED,8/8,,false,,False,56,8,0,0,0
MAIN,2026092503,-8,SYNTHETIC_PLACEBO_ONLY,False,PROVENANCE_ONLY_NOT_CAUSAL_TRUTH,679,6,97,2024-11-10T00:00:00Z,2024-11-11T00:00:00Z,2024.11.10 02:00,NEUTRAL,STABLE_MAPPED_ROW,,False,,735,6,105,2025-01-05T00:00:00Z,2025-01-06T00:00:00Z,NEUTRAL,2025-01-05T00:00:00Z,2025-01-04,-0.231,MED,8/8,,false,,False,56,8,0,0,0
MAIN,2026092503,-8,SYNTHETIC_PLACEBO_ONLY,False,PROVENANCE_ONLY_NOT_CAUSAL_TRUTH,680,0,97,2024-11-11T00:00:00Z,2024-11-12T00:00:00Z,2024.11.11 02:00,NEUTRAL,STABLE_MAPPED_ROW,,False,,736,0,105,2025-01-06T00:00:00Z,2025-01-07T00:00:00Z,NEUTRAL,2025-01-06T00:00:00Z,2025-01-05,-0.231,MED,8/8,,false,,False,56,8,0,0,0
MAIN,2026092503,-8,SYNTHETIC_PLACEBO_ONLY,False,PROVENANCE_ONLY_NOT_CAUSAL_TRUTH,681,1,97,2024-11-12T00:00:00Z,2024-11-13T00:00:00Z,2024.11.12 02:00,NEUTRAL,STABLE_MAPPED_ROW,,False,,737,1,105,2025-01-07T00:00:00Z,2025-01-08T00:00:00Z,NEUTRAL,2025-01-07T00:00:00Z,2025-01-06,-0.231,MED,8/8,,false,,False,56,8,0,0,0
MAIN,2026092503,-8,SYNTHETIC_PLACEBO_ONLY,False,PROVENANCE_ONLY_NOT_CAUSAL_TRUTH,682,2,97,2024-11-13T00:00:00Z,2024-11-14T00:00:00Z,2024.11.13 02:00,NEUTRAL,STABLE_MAPPED_ROW,,False,,738,2,105,2025-01-08T00:00:00Z,2025-01-09T00:00:00Z,NEUTRAL,2025-01-08T00:00:00Z,2025-01-07,-0.231,MED,8/8,,false,,False,56,8,0,0,0
MAIN,2026092503,-8,SYNTHETIC_PLACEBO_ONLY,False,PROVENANCE_ONLY_NOT_CAUSAL_TRUTH,683,3,97,2024-11-14T00:00:00Z,2024-11-15T00:00:00Z,2024.11.14 02:00,RISK_OFF,STABLE_MAPPED_ROW,,False,,739,3,105,2025-01-09T00:00:00Z,2025-01-10T00:00:00Z,RISK_OFF,2025-01-09T00:00:00Z,2025-01-08,-0.346,HIGH,8/8,,false,LOADED_FUSE,False,56,8,0,0,0
MAIN,2026092503,-8,SYNTHETIC_PLACEBO_ONLY,False,PROVENANCE_ONLY_NOT_CAUSAL_TRUTH,684,4,97,2024-11-15T00:00:00Z,2024-11-16T00:00:00Z,2024.11.15 02:00,RISK_OFF,STABLE_MAPPED_ROW,,False,,740,4,105,2025-01-10T00:00:00Z,2025-01-11T00:00:00Z,RISK_OFF,2025-01-10T00:00:00Z,2025-01-09,-0.346,HIGH,8/8,,false,LOADED_FUSE,False,56,8,0,0,0
MAIN,2026092503,-8,SYNTHETIC_PLACEBO_ONLY,False,PROVENANCE_ONLY_NOT_CAUSAL_TRUTH,685,5,97,2024-11-16T00:00:00Z,2024-11-17T00:00:00Z,2024.11.16 02:00,RISK_OFF,STABLE_MAPPED_ROW,,False,,741,5,105,2025-01-11T00:00:00Z,2025-01-12T00:00:00Z,RISK_OFF,2025-01-11T00:00:00Z,2025-01-10,-0.269,MED,8/8,,false,LOADED_FUSE,False,56,8,0,0,0
MAIN,2026092503,-8,SYNTHETIC_PLACEBO_ONLY,False,PROVENANCE_ONLY_NOT_CAUSAL_TRUTH,686,6,98,2024-11-17T00:00:00Z,2024-11-18T00:00:00Z,2024.11.17 02:00,RISK_OFF,STABLE_MAPPED_ROW,,False,,742,6,106,2025-01-12T00:00:00Z,2025-01-13T00:00:00Z,RISK_OFF,2025-01-12T00:00:00Z,2025-01-11,-0.269,MED,8/8,,false,LOADED_FUSE,False,56,8,0,0,0
MAIN,2026092503,-8,SYNTHETIC_PLACEBO_ONLY,False,PROVENANCE_ONLY_NOT_CAUSAL_TRUTH,687,0,98,2024-11-18T00:00:00Z,2024-11-19T00:00:00Z,2024.11.18 02:00,NEUTRAL,STABLE_MAPPED_ROW,,False,,743,0,106,2025-01-13T00:00:00Z,2025-01-14T00:00:00Z,NEUTRAL,2025-01-13T00:00:00Z,2025-01-12,-0.115,LOW,8/8,,false,LOADED_FUSE,False,56,8,0,0,0
MAIN,2026092503,-8,SYNTHETIC_PLACEBO_ONLY,False,PROVENANCE_ONLY_NOT_CAUSAL_TRUTH,688,1,98,2024-11-19T00:00:00Z,2024-11-20T00:00:00Z,2024.11.19 02:00,RISK_OFF,STABLE_MAPPED_ROW,,False,,744,1,106,2025-01-14T00:00:00Z,2025-01-15T00:00:00Z,RISK_OFF,2025-01-14T00:00:00Z,2025-01-13,-0.346,MED,8/8,,false,,False,56,8,0,0,0
MAIN,2026092503,-8,SYNTHETIC_PLACEBO_ONLY,False,PROVENANCE_ONLY_NOT_CAUSAL_TRUTH,689,2,98,2024-11-20T00:00:00Z,2024-11-21T00:00:00Z,2024.11.20 02:00,NEUTRAL,STABLE_MAPPED_ROW,,False,,745,2,106,2025-01-15T00:00:00Z,2025-01-16T00:00:00Z,NEUTRAL,2025-01-15T00:00:00Z,2025-01-14,-0.154,MED,8/8,,false,,False,56,8,0,0,0
MAIN,2026092503,-8,SYNTHETIC_PLACEBO_ONLY,False,PROVENANCE_ONLY_NOT_CAUSAL_TRUTH,690,3,98,2024-11-21T00:00:00Z,2024-11-22T00:00:00Z,2024.11.21 02:00,NEUTRAL,STABLE_MAPPED_ROW,,False,,746,3,106,2025-01-16T00:00:00Z,2025-01-17T00:00:00Z,NEUTRAL,2025-01-16T00:00:00Z,2025-01-15,0,HIGH,8/8,,false,LOADED_FUSE,False,56,8,0,0,0
MAIN,2026092503,-8,SYNTHETIC_PLACEBO_ONLY,False,PROVENANCE_ONLY_NOT_CAUSAL_TRUTH,691,4,98,2024-11-22T00:00:00Z,2024-11-23T00:00:00Z,2024.11.22 02:00,NEUTRAL,STABLE_MAPPED_ROW,,False,,747,4,106,2025-01-17T00:00:00Z,2025-01-18T00:00:00Z,NEUTRAL,2025-01-17T00:00:00Z,2025-01-16,-0.077,LOW,8/8,,false,,False,56,8,0,0,0
MAIN,2026092503,-8,SYNTHETIC_PLACEBO_ONLY,False,PROVENANCE_ONLY_NOT_CAUSAL_TRUTH,692,5,98,2024-11-23T00:00:00Z,2024-11-24T00:00:00Z,2024.11.23 02:00,NEUTRAL,STABLE_MAPPED_ROW,,False,,748,5,106,2025-01-18T00:00:00Z,2025-01-19T00:00:00Z,NEUTRAL,2025-01-18T00:00:00Z,2025-01-17,-0.231,MED,8/8,,false,,False,56,8,0,0,0
MAIN,2026092503,-8,SYNTHETIC_PLACEBO_ONLY,False,PROVENANCE_ONLY_NOT_CAUSAL_TRUTH,693,6,99,2024-11-24T00:00:00Z,2024-11-25T00:00:00Z,2024.11.24 02:00,NEUTRAL,STABLE_MAPPED_ROW,,False,,749,6,107,2025-01-19T00:00:00Z,2025-01-20T00:00:00Z,NEUTRAL,2025-01-19T00:00:00Z,2025-01-18,-0.231,MED,8/8,,false,,False,56,8,0,0,0
MAIN,2026092503,-8,SYNTHETIC_PLACEBO_ONLY,False,PROVENANCE_ONLY_NOT_CAUSAL_TRUTH,694,0,99,2024-11-25T00:00:00Z,2024-11-26T00:00:00Z,2024.11.25 02:00,NEUTRAL,STABLE_MAPPED_ROW,,False,,750,0,107,2025-01-20T00:00:00Z,2025-01-21T00:00:00Z,NEUTRAL,2025-01-20T00:00:00Z,2025-01-19,-0.231,MED,8/8,,false,,False,56,8,0,0,0
MAIN,2026092503,-8,SYNTHETIC_PLACEBO_ONLY,False,PROVENANCE_ONLY_NOT_CAUSAL_TRUTH,695,1,99,2024-11-26T00:00:00Z,2024-11-27T00:00:00Z,2024.11.26 02:00,NEUTRAL,STABLE_MAPPED_ROW,,False,,751,1,107,2025-01-21T00:00:00Z,2025-01-22T00:00:00Z,NEUTRAL,2025-01-21T00:00:00Z,2025-01-20,-0.231,MED,8/8,,false,,False,56,8,0,0,0
MAIN,2026092503,-8,SYNTHETIC_PLACEBO_ONLY,False,PROVENANCE_ONLY_NOT_CAUSAL_TRUTH,696,2,99,2024-11-27T00:00:00Z,2024-11-28T00:00:00Z,2024.11.27 02:00,RISK_OFF,STABLE_MAPPED_ROW,,False,,752,2,107,2025-01-22T00:00:00Z,2025-01-23T00:00:00Z,RISK_OFF,2025-01-22T00:00:00Z,2025-01-21,-0.385,HIGH,8/8,,false,,False,56,8,0,0,0
MAIN,2026092503,-8,SYNTHETIC_PLACEBO_ONLY,False,PROVENANCE_ONLY_NOT_CAUSAL_TRUTH,697,3,99,2024-11-28T00:00:00Z,2024-11-29T00:00:00Z,2024.11.28 02:00,RISK_OFF,STABLE_MAPPED_ROW,,False,,753,3,107,2025-01-23T00:00:00Z,2025-01-24T00:00:00Z,RISK_OFF,2025-01-23T00:00:00Z,2025-01-22,-0.423,HIGH,8/8,,false,,False,56,8,0,0,0
MAIN,2026092503,-8,SYNTHETIC_PLACEBO_ONLY,False,PROVENANCE_ONLY_NOT_CAUSAL_TRUTH,698,4,99,2024-11-29T00:00:00Z,2024-11-30T00:00:00Z,2024.11.29 02:00,RISK_OFF,STABLE_MAPPED_ROW,,False,,754,4,107,2025-01-24T00:00:00Z,2025-01-25T00:00:00Z,RISK_OFF,2025-01-24T00:00:00Z,2025-01-23,-0.269,MED,8/8,,false,,False,56,8,0,0,0
MAIN,2026092503,-8,SYNTHETIC_PLACEBO_ONLY,False,PROVENANCE_ONLY_NOT_CAUSAL_TRUTH,699,5,99,2024-11-30T00:00:00Z,2024-12-01T00:00:00Z,2024.11.30 02:00,NEUTRAL,STABLE_MAPPED_ROW,,False,,755,5,107,2025-01-25T00:00:00Z,2025-01-26T00:00:00Z,NEUTRAL,2025-01-25T00:00:00Z,2025-01-24,-0.077,MED,8/8,,false,,False,56,8,0,0,0
MAIN,2026092503,-8,SYNTHETIC_PLACEBO_ONLY,False,PROVENANCE_ONLY_NOT_CAUSAL_TRUTH,700,6,100,2024-12-01T00:00:00Z,2024-12-02T00:00:00Z,2024.12.01 02:00,NEUTRAL,STABLE_MAPPED_ROW,,False,,756,6,108,2025-01-26T00:00:00Z,2025-01-27T00:00:00Z,NEUTRAL,2025-01-26T00:00:00Z,2025-01-25,-0.077,MED,8/8,,false,,False,56,8,0,0,0
MAIN,2026092503,-8,SYNTHETIC_PLACEBO_ONLY,False,PROVENANCE_ONLY_NOT_CAUSAL_TRUTH,701,0,100,2024-12-02T00:00:00Z,2024-12-03T00:00:00Z,2024.12.02 02:00,RISK_OFF,STABLE_MAPPED_ROW,,False,,757,0,108,2025-01-27T00:00:00Z,2025-01-28T00:00:00Z,RISK_OFF,2025-01-27T00:00:00Z,2025-01-26,-0.269,HIGH,8/8,,false,,False,56,8,0,0,0
MAIN,2026092503,-8,SYNTHETIC_PLACEBO_ONLY,False,PROVENANCE_ONLY_NOT_CAUSAL_TRUTH,702,1,100,2024-12-03T00:00:00Z,2024-12-04T00:00:00Z,2024.12.03 02:00,RISK_OFF,STABLE_MAPPED_ROW,,False,,758,1,108,2025-01-28T00:00:00Z,2025-01-29T00:00:00Z,RISK_OFF,2025-01-28T00:00:00Z,2025-01-27,-0.346,MED,8/8,,false,,False,56,8,0,0,0
MAIN,2026092503,-8,SYNTHETIC_PLACEBO_ONLY,False,PROVENANCE_ONLY_NOT_CAUSAL_TRUTH,703,2,100,2024-12-04T00:00:00Z,2024-12-05T00:00:00Z,2024.12.04 02:00,RISK_OFF,STABLE_MAPPED_ROW,,False,,759,2,108,2025-01-29T00:00:00Z,2025-01-30T00:00:00Z,RISK_OFF,2025-01-29T00:00:00Z,2025-01-28,-0.269,MED,8/8,,false,,False,56,8,0,0,0
MAIN,2026092503,-8,SYNTHETIC_PLACEBO_ONLY,False,PROVENANCE_ONLY_NOT_CAUSAL_TRUTH,704,3,100,2024-12-05T00:00:00Z,2024-12-06T00:00:00Z,2024.12.05 02:00,RISK_OFF,STABLE_MAPPED_ROW,,False,,760,3,108,2025-01-30T00:00:00Z,2025-01-31T00:00:00Z,RISK_OFF,2025-01-30T00:00:00Z,2025-01-29,-0.269,MED,8/8,,false,,False,56,8,0,0,0
MAIN,2026092503,-8,SYNTHETIC_PLACEBO_ONLY,False,PROVENANCE_ONLY_NOT_CAUSAL_TRUTH,705,4,100,2024-12-06T00:00:00Z,2024-12-07T00:00:00Z,2024.12.06 02:00,NEUTRAL,STABLE_MAPPED_ROW,,False,,761,4,108,2025-01-31T00:00:00Z,2025-02-01T00:00:00Z,NEUTRAL,2025-01-31T00:00:00Z,2025-01-30,-0.231,MED,8/8,,false,,False,56,8,0,0,0
MAIN,2026092503,-8,SYNTHETIC_PLACEBO_ONLY,False,PROVENANCE_ONLY_NOT_CAUSAL_TRUTH,706,5,100,2024-12-07T00:00:00Z,2024-12-08T00:00:00Z,2024.12.07 02:00,RISK_OFF,STABLE_MAPPED_ROW,,False,,762,5,108,2025-02-01T00:00:00Z,2025-02-02T00:00:00Z,RISK_OFF,2025-02-01T00:00:00Z,2025-01-31,-0.346,HIGH,8/8,,false,,False,56,8,0,0,0
MAIN,2026092503,-8,SYNTHETIC_PLACEBO_ONLY,False,PROVENANCE_ONLY_NOT_CAUSAL_TRUTH,707,6,101,2024-12-08T00:00:00Z,2024-12-09T00:00:00Z,2024.12.08 02:00,RISK_OFF,STABLE_MAPPED_ROW,,False,,763,6,109,2025-02-02T00:00:00Z,2025-02-03T00:00:00Z,RISK_OFF,2025-02-02T00:00:00Z,2025-02-01,-0.346,HIGH,8/8,,false,,False,56,8,0,0,0
MAIN,2026092503,-8,SYNTHETIC_PLACEBO_ONLY,False,PROVENANCE_ONLY_NOT_CAUSAL_TRUTH,708,0,101,2024-12-09T00:00:00Z,2024-12-10T00:00:00Z,2024.12.09 02:00,RISK_OFF,STABLE_MAPPED_ROW,,False,,764,0,109,2025-02-03T00:00:00Z,2025-02-04T00:00:00Z,RISK_OFF,2025-02-03T00:00:00Z,2025-02-02,-0.5,HIGH,8/8,,false,,False,56,8,0,0,0
MAIN,2026092503,-8,SYNTHETIC_PLACEBO_ONLY,False,PROVENANCE_ONLY_NOT_CAUSAL_TRUTH,709,1,101,2024-12-10T00:00:00Z,2024-12-11T00:00:00Z,2024.12.10 02:00,RISK_OFF,STABLE_MAPPED_ROW,,False,,765,1,109,2025-02-04T00:00:00Z,2025-02-05T00:00:00Z,RISK_OFF,2025-02-04T00:00:00Z,2025-02-03,-0.346,HIGH,8/8,,false,,False,56,8,0,0,0
MAIN,2026092503,-8,SYNTHETIC_PLACEBO_ONLY,False,PROVENANCE_ONLY_NOT_CAUSAL_TRUTH,710,2,101,2024-12-11T00:00:00Z,2024-12-12T00:00:00Z,2024.12.11 02:00,RISK_OFF,STABLE_MAPPED_ROW,,False,,766,2,109,2025-02-05T00:00:00Z,2025-02-06T00:00:00Z,RISK_OFF,2025-02-05T00:00:00Z,2025-02-04,-0.269,MED,8/8,,false,,False,56,8,0,0,0
MAIN,2026092503,-8,SYNTHETIC_PLACEBO_ONLY,False,PROVENANCE_ONLY_NOT_CAUSAL_TRUTH,711,3,101,2024-12-12T00:00:00Z,2024-12-13T00:00:00Z,2024.12.12 02:00,RISK_OFF,STABLE_MAPPED_ROW,,False,,767,3,109,2025-02-06T00:00:00Z,2025-02-07T00:00:00Z,RISK_OFF,2025-02-06T00:00:00Z,2025-02-05,-0.269,MED,8/8,,false,,False,56,8,0,0,0
MAIN,2026092503,-8,SYNTHETIC_PLACEBO_ONLY,False,PROVENANCE_ONLY_NOT_CAUSAL_TRUTH,712,4,101,2024-12-13T00:00:00Z,2024-12-14T00:00:00Z,2024.12.13 02:00,RISK_OFF,STABLE_MAPPED_ROW,,False,,768,4,109,2025-02-07T00:00:00Z,2025-02-08T00:00:00Z,RISK_OFF,2025-02-07T00:00:00Z,2025-02-06,-0.269,MED,8/8,,false,,False,56,8,0,0,0
MAIN,2026092503,-8,SYNTHETIC_PLACEBO_ONLY,False,PROVENANCE_ONLY_NOT_CAUSAL_TRUTH,713,5,101,2024-12-14T00:00:00Z,2024-12-15T00:00:00Z,2024.12.14 02:00,NEUTRAL,STABLE_MAPPED_ROW,,False,,769,5,109,2025-02-08T00:00:00Z,2025-02-09T00:00:00Z,NEUTRAL,2025-02-08T00:00:00Z,2025-02-07,-0.115,LOW,8/8,,false,,False,56,8,0,0,0
MAIN,2026092503,-8,SYNTHETIC_PLACEBO_ONLY,False,PROVENANCE_ONLY_NOT_CAUSAL_TRUTH,714,6,102,2024-12-15T00:00:00Z,2024-12-16T00:00:00Z,2024.12.15 02:00,RISK_OFF,STABLE_MAPPED_ROW,,False,,770,6,110,2025-02-09T00:00:00Z,2025-02-10T00:00:00Z,RISK_OFF,2025-02-09T00:00:00Z,2025-02-08,-0.269,MED,8/8,,false,,False,56,8,0,0,0
MAIN,2026092503,-8,SYNTHETIC_PLACEBO_ONLY,False,PROVENANCE_ONLY_NOT_CAUSAL_TRUTH,715,0,102,2024-12-16T00:00:00Z,2024-12-17T00:00:00Z,2024.12.16 02:00,NEUTRAL,STABLE_MAPPED_ROW,,False,,771,0,110,2025-02-10T00:00:00Z,2025-02-11T00:00:00Z,NEUTRAL,2025-02-10T00:00:00Z,2025-02-09,-0.115,LOW,8/8,,false,,False,56,8,0,0,0
MAIN,2026092503,-8,SYNTHETIC_PLACEBO_ONLY,False,PROVENANCE_ONLY_NOT_CAUSAL_TRUTH,716,1,102,2024-12-17T00:00:00Z,2024-12-18T00:00:00Z,2024.12.17 02:00,RISK_OFF,STABLE_MAPPED_ROW,,False,,772,1,110,2025-02-11T00:00:00Z,2025-02-12T00:00:00Z,RISK_OFF,2025-02-11T00:00:00Z,2025-02-10,-0.385,MED,8/8,,false,,False,56,8,0,0,0
MAIN,2026092503,-8,SYNTHETIC_PLACEBO_ONLY,False,PROVENANCE_ONLY_NOT_CAUSAL_TRUTH,717,2,102,2024-12-18T00:00:00Z,2024-12-19T00:00:00Z,2024.12.18 02:00,RISK_OFF,STABLE_MAPPED_ROW,,False,,773,2,110,2025-02-12T00:00:00Z,2025-02-13T00:00:00Z,RISK_OFF,2025-02-12T00:00:00Z,2025-02-11,-0.423,MED,8/8,,false,,False,56,8,0,0,0
MAIN,2026092503,-8,SYNTHETIC_PLACEBO_ONLY,False,PROVENANCE_ONLY_NOT_CAUSAL_TRUTH,718,3,102,2024-12-19T00:00:00Z,2024-12-20T00:00:00Z,2024.12.19 02:00,NEUTRAL,STABLE_MAPPED_ROW,,False,,774,3,110,2025-02-13T00:00:00Z,2025-02-14T00:00:00Z,NEUTRAL,2025-02-13T00:00:00Z,2025-02-12,0,HIGH,8/8,,false,,False,56,8,0,0,0
MAIN,2026092503,-8,SYNTHETIC_PLACEBO_ONLY,False,PROVENANCE_ONLY_NOT_CAUSAL_TRUTH,719,4,102,2024-12-20T00:00:00Z,2024-12-21T00:00:00Z,2024.12.20 02:00,NEUTRAL,STABLE_MAPPED_ROW,,False,,775,4,110,2025-02-14T00:00:00Z,2025-02-15T00:00:00Z,NEUTRAL,2025-02-14T00:00:00Z,2025-02-13,-0.077,LOW,8/8,,false,,False,56,8,0,0,0
MAIN,2026092503,-8,SYNTHETIC_PLACEBO_ONLY,False,PROVENANCE_ONLY_NOT_CAUSAL_TRUTH,720,5,102,2024-12-21T00:00:00Z,2024-12-22T00:00:00Z,2024.12.21 02:00,NEUTRAL,STABLE_MAPPED_ROW,,False,,776,5,110,2025-02-15T00:00:00Z,2025-02-16T00:00:00Z,NEUTRAL,2025-02-15T00:00:00Z,2025-02-14,0.077,HIGH,8/8,,false,,False,56,8,0,0,0
MAIN,2026092503,-8,SYNTHETIC_PLACEBO_ONLY,False,PROVENANCE_ONLY_NOT_CAUSAL_TRUTH,721,6,103,2024-12-22T00:00:00Z,2024-12-23T00:00:00Z,2024.12.22 02:00,NEUTRAL,STABLE_MAPPED_ROW,,False,,777,6,111,2025-02-16T00:00:00Z,2025-02-17T00:00:00Z,NEUTRAL,2025-02-16T00:00:00Z,2025-02-15,0.077,HIGH,8/8,,false,,False,56,8,0,0,0
MAIN,2026092503,-8,SYNTHETIC_PLACEBO_ONLY,False,PROVENANCE_ONLY_NOT_CAUSAL_TRUTH,722,0,103,2024-12-23T00:00:00Z,2024-12-24T00:00:00Z,2024.12.23 02:00,NEUTRAL,STABLE_MAPPED_ROW,,False,,778,0,111,2025-02-17T00:00:00Z,2025-02-18T00:00:00Z,NEUTRAL,2025-02-17T00:00:00Z,2025-02-16,0.077,HIGH,8/8,,false,,False,56,8,0,0,0
MAIN,2026092503,-8,SYNTHETIC_PLACEBO_ONLY,False,PROVENANCE_ONLY_NOT_CAUSAL_TRUTH,723,1,103,2024-12-24T00:00:00Z,2024-12-25T00:00:00Z,2024.12.24 02:00,NEUTRAL,STABLE_MAPPED_ROW,,False,,779,1,111,2025-02-18T00:00:00Z,2025-02-19T00:00:00Z,NEUTRAL,2025-02-18T00:00:00Z,2025-02-17,0.038,HIGH,8/8,,false,,False,56,8,0,0,0
MAIN,2026092503,-8,SYNTHETIC_PLACEBO_ONLY,False,PROVENANCE_ONLY_NOT_CAUSAL_TRUTH,724,2,103,2024-12-25T00:00:00Z,2024-12-26T00:00:00Z,2024.12.25 02:00,NEUTRAL,STABLE_MAPPED_ROW,,False,,780,2,111,2025-02-19T00:00:00Z,2025-02-20T00:00:00Z,NEUTRAL,2025-02-19T00:00:00Z,2025-02-18,-0.154,LOW,8/8,,false,,False,56,8,0,0,0
MAIN,2026092503,-8,SYNTHETIC_PLACEBO_ONLY,False,PROVENANCE_ONLY_NOT_CAUSAL_TRUTH,725,3,103,2024-12-26T00:00:00Z,2024-12-27T00:00:00Z,2024.12.26 02:00,NEUTRAL,STABLE_MAPPED_ROW,,False,,781,3,111,2025-02-20T00:00:00Z,2025-02-21T00:00:00Z,NEUTRAL,2025-02-20T00:00:00Z,2025-02-19,-0.154,LOW,8/8,,false,,False,56,8,0,0,0
MAIN,2026092503,-8,SYNTHETIC_PLACEBO_ONLY,False,PROVENANCE_ONLY_NOT_CAUSAL_TRUTH,726,4,103,2024-12-27T00:00:00Z,2024-12-28T00:00:00Z,2024.12.27 02:00,NEUTRAL,STABLE_MAPPED_ROW,,False,,782,4,111,2025-02-21T00:00:00Z,2025-02-22T00:00:00Z,NEUTRAL,2025-02-21T00:00:00Z,2025-02-20,-0.115,LOW,8/8,,false,,False,56,8,0,0,0
MAIN,2026092503,-8,SYNTHETIC_PLACEBO_ONLY,False,PROVENANCE_ONLY_NOT_CAUSAL_TRUTH,727,5,103,2024-12-28T00:00:00Z,2024-12-29T00:00:00Z,2024.12.28 02:00,RISK_OFF,STABLE_MAPPED_ROW,,False,,783,5,111,2025-02-22T00:00:00Z,2025-02-23T00:00:00Z,RISK_OFF,2025-02-22T00:00:00Z,2025-02-21,-0.615,HIGH,8/8,,false,,False,56,8,0,0,0
MAIN,2026092503,-8,SYNTHETIC_PLACEBO_ONLY,False,PROVENANCE_ONLY_NOT_CAUSAL_TRUTH,728,6,104,2024-12-29T00:00:00Z,2024-12-30T00:00:00Z,2024.12.29 02:00,RISK_OFF,STABLE_MAPPED_ROW,,False,,784,6,112,2025-02-23T00:00:00Z,2025-02-24T00:00:00Z,RISK_OFF,2025-02-23T00:00:00Z,2025-02-22,-0.577,HIGH,8/8,,false,,False,56,8,0,0,0
MAIN,2026092503,-8,SYNTHETIC_PLACEBO_ONLY,False,PROVENANCE_ONLY_NOT_CAUSAL_TRUTH,729,0,104,2024-12-30T00:00:00Z,2024-12-31T00:00:00Z,2024.12.30 02:00,RISK_OFF,STABLE_MAPPED_ROW,,False,,785,0,112,2025-02-24T00:00:00Z,2025-02-25T00:00:00Z,RISK_OFF,2025-02-24T00:00:00Z,2025-02-23,-0.577,HIGH,8/8,,false,,False,56,8,0,0,0
MAIN,2026092503,-8,SYNTHETIC_PLACEBO_ONLY,False,PROVENANCE_ONLY_NOT_CAUSAL_TRUTH,730,1,104,2024-12-31T00:00:00Z,2025-01-01T00:00:00Z,2024.12.31 02:00,RISK_OFF,STABLE_MAPPED_ROW,,False,,786,1,112,2025-02-25T00:00:00Z,2025-02-26T00:00:00Z,RISK_OFF,2025-02-25T00:00:00Z,2025-02-24,-0.385,HIGH,8/8,,false,,False,56,8,0,0,0
MAIN,2026092503,-8,SYNTHETIC_PLACEBO_ONLY,False,PROVENANCE_ONLY_NOT_CAUSAL_TRUTH,731,2,104,2025-01-01T00:00:00Z,2025-01-02T00:00:00Z,2025.01.01 02:00,RISK_OFF,STABLE_MAPPED_ROW,,False,,787,2,112,2025-02-26T00:00:00Z,2025-02-27T00:00:00Z,RISK_OFF,2025-02-26T00:00:00Z,2025-02-25,-0.462,HIGH,8/8,,false,,False,56,8,0,0,0
MAIN,2026092503,-8,SYNTHETIC_PLACEBO_ONLY,False,PROVENANCE_ONLY_NOT_CAUSAL_TRUTH,732,3,104,2025-01-02T00:00:00Z,2025-01-03T00:00:00Z,2025.01.02 02:00,RISK_OFF,STABLE_MAPPED_ROW,,False,,788,3,112,2025-02-27T00:00:00Z,2025-02-28T00:00:00Z,RISK_OFF,2025-02-27T00:00:00Z,2025-02-26,-0.462,HIGH,8/8,,false,,False,56,8,0,0,0
MAIN,2026092503,-8,SYNTHETIC_PLACEBO_ONLY,False,PROVENANCE_ONLY_NOT_CAUSAL_TRUTH,733,4,104,2025-01-03T00:00:00Z,2025-01-04T00:00:00Z,2025.01.03 02:00,RISK_OFF,STABLE_MAPPED_ROW,,False,,789,4,112,2025-02-28T00:00:00Z,2025-03-01T00:00:00Z,RISK_OFF,2025-02-28T00:00:00Z,2025-02-27,-0.615,HIGH,8/8,,false,,False,56,8,0,0,0
MAIN,2026092503,-8,SYNTHETIC_PLACEBO_ONLY,False,PROVENANCE_ONLY_NOT_CAUSAL_TRUTH,734,5,104,2025-01-04T00:00:00Z,2025-01-05T00:00:00Z,2025.01.04 02:00,RISK_OFF,STABLE_MAPPED_ROW,,False,,790,5,112,2025-03-01T00:00:00Z,2025-03-02T00:00:00Z,RISK_OFF,2025-03-01T00:00:00Z,2025-02-28,-0.462,HIGH,8/8,,false,,False,56,8,0,0,0
MAIN,2026092503,-8,SYNTHETIC_PLACEBO_ONLY,False,PROVENANCE_ONLY_NOT_CAUSAL_TRUTH,735,6,105,2025-01-05T00:00:00Z,2025-01-06T00:00:00Z,2025.01.05 02:00,RISK_OFF,STABLE_MAPPED_ROW,,False,,791,6,113,2025-03-02T00:00:00Z,2025-03-03T00:00:00Z,RISK_OFF,2025-03-02T00:00:00Z,2025-03-01,-0.462,HIGH,8/8,,false,,False,56,8,0,0,0
MAIN,2026092503,-8,SYNTHETIC_PLACEBO_ONLY,False,PROVENANCE_ONLY_NOT_CAUSAL_TRUTH,736,0,105,2025-01-06T00:00:00Z,2025-01-07T00:00:00Z,2025.01.06 02:00,RISK_OFF,STABLE_MAPPED_ROW,,False,,792,0,113,2025-03-03T00:00:00Z,2025-03-04T00:00:00Z,RISK_OFF,2025-03-03T00:00:00Z,2025-03-02,-0.269,MED,8/8,,false,,False,56,8,0,0,0
MAIN,2026092503,-8,SYNTHETIC_PLACEBO_ONLY,False,PROVENANCE_ONLY_NOT_CAUSAL_TRUTH,737,1,105,2025-01-07T00:00:00Z,2025-01-08T00:00:00Z,2025.01.07 02:00,RISK_OFF,STABLE_MAPPED_ROW,,False,,793,1,113,2025-03-04T00:00:00Z,2025-03-05T00:00:00Z,RISK_OFF,2025-03-04T00:00:00Z,2025-03-03,-0.385,MED,8/8,,false,,False,56,8,0,0,0
MAIN,2026092503,-8,SYNTHETIC_PLACEBO_ONLY,False,PROVENANCE_ONLY_NOT_CAUSAL_TRUTH,738,2,105,2025-01-08T00:00:00Z,2025-01-09T00:00:00Z,2025.01.08 02:00,NEUTRAL,STABLE_MAPPED_ROW,,False,,794,2,113,2025-03-05T00:00:00Z,2025-03-06T00:00:00Z,NEUTRAL,2025-03-05T00:00:00Z,2025-03-04,-0.231,MED,8/8,,false,,False,56,8,0,0,0
MAIN,2026092503,-8,SYNTHETIC_PLACEBO_ONLY,False,PROVENANCE_ONLY_NOT_CAUSAL_TRUTH,739,3,105,2025-01-09T00:00:00Z,2025-01-10T00:00:00Z,2025.01.09 02:00,NEUTRAL,STABLE_MAPPED_ROW,,False,,795,3,113,2025-03-06T00:00:00Z,2025-03-07T00:00:00Z,NEUTRAL,2025-03-06T00:00:00Z,2025-03-05,-0.231,MED,8/8,,false,,False,56,8,0,0,0
MAIN,2026092503,-8,SYNTHETIC_PLACEBO_ONLY,False,PROVENANCE_ONLY_NOT_CAUSAL_TRUTH,740,4,105,2025-01-10T00:00:00Z,2025-01-11T00:00:00Z,2025.01.10 02:00,RISK_OFF,STABLE_MAPPED_ROW,,False,,796,4,113,2025-03-07T00:00:00Z,2025-03-08T00:00:00Z,RISK_OFF,2025-03-07T00:00:00Z,2025-03-06,-0.308,MED,8/8,,false,,False,56,8,0,0,0
MAIN,2026092503,-8,SYNTHETIC_PLACEBO_ONLY,False,PROVENANCE_ONLY_NOT_CAUSAL_TRUTH,741,5,105,2025-01-11T00:00:00Z,2025-01-12T00:00:00Z,2025.01.11 02:00,RISK_OFF,STABLE_MAPPED_ROW,,False,,797,5,113,2025-03-08T00:00:00Z,2025-03-09T00:00:00Z,RISK_OFF,2025-03-08T00:00:00Z,2025-03-07,-0.5,HIGH,8/8,,false,,False,56,8,0,0,0
MAIN,2026092503,-8,SYNTHETIC_PLACEBO_ONLY,False,PROVENANCE_ONLY_NOT_CAUSAL_TRUTH,742,6,106,2025-01-12T00:00:00Z,2025-01-13T00:00:00Z,2025.01.12 02:00,RISK_OFF,STABLE_MAPPED_ROW,,False,,798,6,114,2025-03-09T00:00:00Z,2025-03-10T00:00:00Z,RISK_OFF,2025-03-09T00:00:00Z,2025-03-08,-0.308,MED,8/8,,false,,False,56,8,0,0,0
MAIN,2026092503,-8,SYNTHETIC_PLACEBO_ONLY,False,PROVENANCE_ONLY_NOT_CAUSAL_TRUTH,743,0,106,2025-01-13T00:00:00Z,2025-01-14T00:00:00Z,2025.01.13 02:00,RISK_OFF,STABLE_MAPPED_ROW,,False,,799,0,114,2025-03-10T00:00:00Z,2025-03-11T00:00:00Z,RISK_OFF,2025-03-10T00:00:00Z,2025-03-09,-0.538,HIGH,8/8,,false,,False,56,8,0,0,0
MAIN,2026092503,-8,SYNTHETIC_PLACEBO_ONLY,False,PROVENANCE_ONLY_NOT_CAUSAL_TRUTH,744,1,106,2025-01-14T00:00:00Z,2025-01-15T00:00:00Z,2025.01.14 02:00,RISK_OFF,STABLE_MAPPED_ROW,,False,,800,1,114,2025-03-11T00:00:00Z,2025-03-12T00:00:00Z,RISK_OFF,2025-03-11T00:00:00Z,2025-03-10,-0.462,HIGH,8/8,,false,,False,56,8,0,0,0
MAIN,2026092503,-8,SYNTHETIC_PLACEBO_ONLY,False,PROVENANCE_ONLY_NOT_CAUSAL_TRUTH,745,2,106,2025-01-15T00:00:00Z,2025-01-16T00:00:00Z,2025.01.15 02:00,RISK_OFF,STABLE_MAPPED_ROW,,False,,801,2,114,2025-03-12T00:00:00Z,2025-03-13T00:00:00Z,RISK_OFF,2025-03-12T00:00:00Z,2025-03-11,-0.462,HIGH,8/8,,false,,False,56,8,0,0,0
MAIN,2026092503,-8,SYNTHETIC_PLACEBO_ONLY,False,PROVENANCE_ONLY_NOT_CAUSAL_TRUTH,746,3,106,2025-01-16T00:00:00Z,2025-01-17T00:00:00Z,2025.01.16 02:00,RISK_OFF,STABLE_MAPPED_ROW,,False,,802,3,114,2025-03-13T00:00:00Z,2025-03-14T00:00:00Z,RISK_OFF,2025-03-13T00:00:00Z,2025-03-12,-0.423,HIGH,8/8,,false,,False,56,8,0,0,0
MAIN,2026092503,-8,SYNTHETIC_PLACEBO_ONLY,False,PROVENANCE_ONLY_NOT_CAUSAL_TRUTH,747,4,106,2025-01-17T00:00:00Z,2025-01-18T00:00:00Z,2025.01.17 02:00,RISK_OFF,STABLE_MAPPED_ROW,,False,,803,4,114,2025-03-14T00:00:00Z,2025-03-15T00:00:00Z,RISK_OFF,2025-03-14T00:00:00Z,2025-03-13,-0.462,HIGH,8/8,,false,,False,56,8,0,0,0
MAIN,2026092503,-8,SYNTHETIC_PLACEBO_ONLY,False,PROVENANCE_ONLY_NOT_CAUSAL_TRUTH,748,5,106,2025-01-18T00:00:00Z,2025-01-19T00:00:00Z,2025.01.18 02:00,NEUTRAL,STABLE_MAPPED_ROW,,False,,804,5,114,2025-03-15T00:00:00Z,2025-03-16T00:00:00Z,NEUTRAL,2025-03-15T00:00:00Z,2025-03-14,-0.231,MED,8/8,,false,,False,56,8,0,0,0
MAIN,2026092503,-8,SYNTHETIC_PLACEBO_ONLY,False,PROVENANCE_ONLY_NOT_CAUSAL_TRUTH,749,6,107,2025-01-19T00:00:00Z,2025-01-20T00:00:00Z,2025.01.19 02:00,NEUTRAL,STABLE_MAPPED_ROW,,False,,805,6,115,2025-03-16T00:00:00Z,2025-03-17T00:00:00Z,NEUTRAL,2025-03-16T00:00:00Z,2025-03-15,-0.231,MED,8/8,,false,,False,56,8,0,0,0
MAIN,2026092503,-8,SYNTHETIC_PLACEBO_ONLY,False,PROVENANCE_ONLY_NOT_CAUSAL_TRUTH,750,0,107,2025-01-20T00:00:00Z,2025-01-21T00:00:00Z,2025.01.20 02:00,RISK_OFF,STABLE_MAPPED_ROW,,False,,806,0,115,2025-03-17T00:00:00Z,2025-03-18T00:00:00Z,RISK_OFF,2025-03-17T00:00:00Z,2025-03-16,-0.385,HIGH,8/8,,false,,False,56,8,0,0,0
MAIN,2026092503,-8,SYNTHETIC_PLACEBO_ONLY,False,PROVENANCE_ONLY_NOT_CAUSAL_TRUTH,751,1,107,2025-01-21T00:00:00Z,2025-01-22T00:00:00Z,2025.01.21 02:00,RISK_OFF,STABLE_MAPPED_ROW,,False,,807,1,115,2025-03-18T00:00:00Z,2025-03-19T00:00:00Z,RISK_OFF,2025-03-18T00:00:00Z,2025-03-17,-0.385,HIGH,8/8,,false,,False,56,8,0,0,0
MAIN,2026092503,-8,SYNTHETIC_PLACEBO_ONLY,False,PROVENANCE_ONLY_NOT_CAUSAL_TRUTH,752,2,107,2025-01-22T00:00:00Z,2025-01-23T00:00:00Z,2025.01.22 02:00,RISK_OFF,STABLE_MAPPED_ROW,,False,,808,2,115,2025-03-19T00:00:00Z,2025-03-20T00:00:00Z,RISK_OFF,2025-03-19T00:00:00Z,2025-03-18,-0.385,HIGH,8/8,,false,,False,56,8,0,0,0
MAIN,2026092503,-8,SYNTHETIC_PLACEBO_ONLY,False,PROVENANCE_ONLY_NOT_CAUSAL_TRUTH,753,3,107,2025-01-23T00:00:00Z,2025-01-24T00:00:00Z,2025.01.23 02:00,NEUTRAL,STABLE_MAPPED_ROW,,False,,809,3,115,2025-03-20T00:00:00Z,2025-03-21T00:00:00Z,NEUTRAL,2025-03-20T00:00:00Z,2025-03-19,-0.077,LOW,8/8,,false,,False,56,8,0,0,0
MAIN,2026092503,-8,SYNTHETIC_PLACEBO_ONLY,False,PROVENANCE_ONLY_NOT_CAUSAL_TRUTH,754,4,107,2025-01-24T00:00:00Z,2025-01-25T00:00:00Z,2025.01.24 02:00,NEUTRAL,STABLE_MAPPED_ROW,,False,,810,4,115,2025-03-21T00:00:00Z,2025-03-22T00:00:00Z,NEUTRAL,2025-03-21T00:00:00Z,2025-03-20,-0.231,MED,8/8,,false,,False,56,8,0,0,0
MAIN,2026092503,-8,SYNTHETIC_PLACEBO_ONLY,False,PROVENANCE_ONLY_NOT_CAUSAL_TRUTH,755,5,107,2025-01-25T00:00:00Z,2025-01-26T00:00:00Z,2025.01.25 02:00,NEUTRAL,STABLE_MAPPED_ROW,,False,,811,5,115,2025-03-22T00:00:00Z,2025-03-23T00:00:00Z,NEUTRAL,2025-03-22T00:00:00Z,2025-03-21,-0.231,MED,8/8,,false,,False,56,8,0,0,0
MAIN,2026092503,-8,SYNTHETIC_PLACEBO_ONLY,False,PROVENANCE_ONLY_NOT_CAUSAL_TRUTH,756,6,108,2025-01-26T00:00:00Z,2025-01-27T00:00:00Z,2025.01.26 02:00,NEUTRAL,STABLE_MAPPED_ROW,,False,,812,6,116,2025-03-23T00:00:00Z,2025-03-24T00:00:00Z,NEUTRAL,2025-03-23T00:00:00Z,2025-03-22,-0.231,MED,8/8,,false,,False,56,8,0,0,0
MAIN,2026092503,-8,SYNTHETIC_PLACEBO_ONLY,False,PROVENANCE_ONLY_NOT_CAUSAL_TRUTH,757,0,108,2025-01-27T00:00:00Z,2025-01-28T00:00:00Z,2025.01.27 02:00,NEUTRAL,STABLE_MAPPED_ROW,,False,,813,0,116,2025-03-24T00:00:00Z,2025-03-25T00:00:00Z,NEUTRAL,2025-03-24T00:00:00Z,2025-03-23,-0.077,LOW,8/8,,false,,False,56,8,0,0,0
MAIN,2026092503,-8,SYNTHETIC_PLACEBO_ONLY,False,PROVENANCE_ONLY_NOT_CAUSAL_TRUTH,758,1,108,2025-01-28T00:00:00Z,2025-01-29T00:00:00Z,2025.01.28 02:00,NEUTRAL,STABLE_MAPPED_ROW,,False,,814,1,116,2025-03-25T00:00:00Z,2025-03-26T00:00:00Z,NEUTRAL,2025-03-25T00:00:00Z,2025-03-24,-0.077,LOW,8/8,,false,,False,56,8,0,0,0
MAIN,2026092503,-8,SYNTHETIC_PLACEBO_ONLY,False,PROVENANCE_ONLY_NOT_CAUSAL_TRUTH,759,2,108,2025-01-29T00:00:00Z,2025-01-30T00:00:00Z,2025.01.29 02:00,NEUTRAL,STABLE_MAPPED_ROW,,False,,815,2,116,2025-03-26T00:00:00Z,2025-03-27T00:00:00Z,NEUTRAL,2025-03-26T00:00:00Z,2025-03-25,-0.077,LOW,8/8,,false,,False,56,8,0,0,0
MAIN,2026092503,-8,SYNTHETIC_PLACEBO_ONLY,False,PROVENANCE_ONLY_NOT_CAUSAL_TRUTH,760,3,108,2025-01-30T00:00:00Z,2025-01-31T00:00:00Z,2025.01.30 02:00,NEUTRAL,STABLE_MAPPED_ROW,,False,,816,3,116,2025-03-27T00:00:00Z,2025-03-28T00:00:00Z,NEUTRAL,2025-03-27T00:00:00Z,2025-03-26,-0.077,LOW,8/8,,false,,False,56,8,0,0,0
MAIN,2026092503,-8,SYNTHETIC_PLACEBO_ONLY,False,PROVENANCE_ONLY_NOT_CAUSAL_TRUTH,761,4,108,2025-01-31T00:00:00Z,2025-02-01T00:00:00Z,2025.01.31 02:00,NEUTRAL,STABLE_MAPPED_ROW,,False,,817,4,116,2025-03-28T00:00:00Z,2025-03-29T00:00:00Z,NEUTRAL,2025-03-28T00:00:00Z,2025-03-27,-0.077,LOW,8/8,,false,,False,56,8,0,0,0
MAIN,2026092503,-8,SYNTHETIC_PLACEBO_ONLY,False,PROVENANCE_ONLY_NOT_CAUSAL_TRUTH,762,5,108,2025-02-01T00:00:00Z,2025-02-02T00:00:00Z,2025.02.01 02:00,RISK_OFF,STABLE_MAPPED_ROW,,False,,818,5,116,2025-03-29T00:00:00Z,2025-03-30T00:00:00Z,RISK_OFF,2025-03-29T00:00:00Z,2025-03-28,-0.462,HIGH,8/8,,false,,False,56,8,0,0,0
MAIN,2026092503,-8,SYNTHETIC_PLACEBO_ONLY,False,PROVENANCE_ONLY_NOT_CAUSAL_TRUTH,763,6,109,2025-02-02T00:00:00Z,2025-02-03T00:00:00Z,2025.02.02 02:00,RISK_OFF,STABLE_MAPPED_ROW,,False,,819,6,117,2025-03-30T00:00:00Z,2025-03-31T00:00:00Z,RISK_OFF,2025-03-30T00:00:00Z,2025-03-29,-0.538,HIGH,8/8,,false,,False,56,8,0,0,0
MAIN,2026092503,-8,SYNTHETIC_PLACEBO_ONLY,False,PROVENANCE_ONLY_NOT_CAUSAL_TRUTH,764,0,109,2025-02-03T00:00:00Z,2025-02-04T00:00:00Z,2025.02.03 02:00,RISK_OFF,STABLE_MAPPED_ROW,,False,,820,0,117,2025-03-31T00:00:00Z,2025-04-01T00:00:00Z,RISK_OFF,2025-03-31T00:00:00Z,2025-03-30,-0.538,HIGH,8/8,,false,,False,56,8,0,0,0
MAIN,2026092503,-8,SYNTHETIC_PLACEBO_ONLY,False,PROVENANCE_ONLY_NOT_CAUSAL_TRUTH,765,1,109,2025-02-04T00:00:00Z,2025-02-05T00:00:00Z,2025.02.04 02:00,RISK_OFF,STABLE_MAPPED_ROW,,False,,821,1,117,2025-04-01T00:00:00Z,2025-04-02T00:00:00Z,RISK_OFF,2025-04-01T00:00:00Z,2025-03-31,-0.577,HIGH,8/8,,false,,False,56,8,0,0,0
MAIN,2026092503,-8,SYNTHETIC_PLACEBO_ONLY,False,PROVENANCE_ONLY_NOT_CAUSAL_TRUTH,766,2,109,2025-02-05T00:00:00Z,2025-02-06T00:00:00Z,2025.02.05 02:00,RISK_OFF,STABLE_MAPPED_ROW,,False,,822,2,117,2025-04-02T00:00:00Z,2025-04-03T00:00:00Z,RISK_OFF,2025-04-02T00:00:00Z,2025-04-01,-0.808,HIGH,8/8,,false,,False,56,8,0,0,0
MAIN,2026092503,-8,SYNTHETIC_PLACEBO_ONLY,False,PROVENANCE_ONLY_NOT_CAUSAL_TRUTH,767,3,109,2025-02-06T00:00:00Z,2025-02-07T00:00:00Z,2025.02.06 02:00,RISK_OFF,STABLE_MAPPED_ROW,,False,,823,3,117,2025-04-03T00:00:00Z,2025-04-04T00:00:00Z,RISK_OFF,2025-04-03T00:00:00Z,2025-04-02,-0.654,HIGH,8/8,,false,,False,56,8,0,0,0
MAIN,2026092503,-8,SYNTHETIC_PLACEBO_ONLY,False,PROVENANCE_ONLY_NOT_CAUSAL_TRUTH,768,4,109,2025-02-07T00:00:00Z,2025-02-08T00:00:00Z,2025.02.07 02:00,STRESS,STABLE_MAPPED_ROW,,False,,824,4,117,2025-04-04T00:00:00Z,2025-04-05T00:00:00Z,STRESS,2025-04-04T00:00:00Z,2025-04-03,-1.269,HIGH,8/8,,false,VIX_STRESS,False,56,8,0,0,0
MAIN,2026092503,-8,SYNTHETIC_PLACEBO_ONLY,False,PROVENANCE_ONLY_NOT_CAUSAL_TRUTH,769,5,109,2025-02-08T00:00:00Z,2025-02-09T00:00:00Z,2025.02.08 02:00,STRESS,STABLE_MAPPED_ROW,,False,,825,5,117,2025-04-05T00:00:00Z,2025-04-06T00:00:00Z,STRESS,2025-04-05T00:00:00Z,2025-04-04,-1.192,HIGH,8/8,,false,VIX_STRESS,False,56,8,0,0,0
MAIN,2026092503,-8,SYNTHETIC_PLACEBO_ONLY,False,PROVENANCE_ONLY_NOT_CAUSAL_TRUTH,770,6,110,2025-02-09T00:00:00Z,2025-02-10T00:00:00Z,2025.02.09 02:00,STRESS,STABLE_MAPPED_ROW,,False,,826,6,118,2025-04-06T00:00:00Z,2025-04-07T00:00:00Z,STRESS,2025-04-06T00:00:00Z,2025-04-05,-1.192,HIGH,8/8,,false,VIX_STRESS,False,56,8,0,0,0
MAIN,2026092503,-8,SYNTHETIC_PLACEBO_ONLY,False,PROVENANCE_ONLY_NOT_CAUSAL_TRUTH,771,0,110,2025-02-10T00:00:00Z,2025-02-11T00:00:00Z,2025.02.10 02:00,STRESS,STABLE_MAPPED_ROW,,False,,827,0,118,2025-04-07T00:00:00Z,2025-04-08T00:00:00Z,STRESS,2025-04-07T00:00:00Z,2025-04-06,-1.5,HIGH,8/8,,false,VIX_STRESS,False,56,8,0,0,0
MAIN,2026092503,-8,SYNTHETIC_PLACEBO_ONLY,False,PROVENANCE_ONLY_NOT_CAUSAL_TRUTH,772,1,110,2025-02-11T00:00:00Z,2025-02-12T00:00:00Z,2025.02.11 02:00,STRESS,STABLE_MAPPED_ROW,,False,,828,1,118,2025-04-08T00:00:00Z,2025-04-09T00:00:00Z,STRESS,2025-04-08T00:00:00Z,2025-04-07,-0.846,HIGH,8/8,,false,VIX_STRESS,False,56,8,0,0,0
MAIN,2026092503,-8,SYNTHETIC_PLACEBO_ONLY,False,PROVENANCE_ONLY_NOT_CAUSAL_TRUTH,773,2,110,2025-02-12T00:00:00Z,2025-02-13T00:00:00Z,2025.02.12 02:00,STRESS,STABLE_MAPPED_ROW,,False,,829,2,118,2025-04-09T00:00:00Z,2025-04-10T00:00:00Z,STRESS,2025-04-09T00:00:00Z,2025-04-08,-1.385,HIGH,8/8,,false,VIX_STRESS,False,56,8,0,0,0
MAIN,2026092503,-8,SYNTHETIC_PLACEBO_ONLY,False,PROVENANCE_ONLY_NOT_CAUSAL_TRUTH,774,3,110,2025-02-13T00:00:00Z,2025-02-14T00:00:00Z,2025.02.13 02:00,STRESS,STABLE_MAPPED_ROW,,False,,830,3,118,2025-04-10T00:00:00Z,2025-04-11T00:00:00Z,STRESS,2025-04-10T00:00:00Z,2025-04-09,-0.692,HIGH,8/8,,false,VIX_STRESS,False,56,8,0,0,0
MAIN,2026092503,-8,SYNTHETIC_PLACEBO_ONLY,False,PROVENANCE_ONLY_NOT_CAUSAL_TRUTH,775,4,110,2025-02-14T00:00:00Z,2025-02-15T00:00:00Z,2025.02.14 02:00,STRESS,STABLE_MAPPED_ROW,,False,,831,4,118,2025-04-11T00:00:00Z,2025-04-12T00:00:00Z,STRESS,2025-04-11T00:00:00Z,2025-04-10,-0.846,HIGH,8/8,,false,VIX_STRESS,False,56,8,0,0,0
MAIN,2026092503,-8,SYNTHETIC_PLACEBO_ONLY,False,PROVENANCE_ONLY_NOT_CAUSAL_TRUTH,776,5,110,2025-02-15T00:00:00Z,2025-02-16T00:00:00Z,2025.02.15 02:00,STRESS,STABLE_MAPPED_ROW,,False,,832,5,118,2025-04-12T00:00:00Z,2025-04-13T00:00:00Z,STRESS,2025-04-12T00:00:00Z,2025-04-11,-0.462,MED,8/8,,false,VIX_STRESS,False,56,8,0,0,0
MAIN,2026092503,-8,SYNTHETIC_PLACEBO_ONLY,False,PROVENANCE_ONLY_NOT_CAUSAL_TRUTH,777,6,111,2025-02-16T00:00:00Z,2025-02-17T00:00:00Z,2025.02.16 02:00,STRESS,STABLE_MAPPED_ROW,,False,,833,6,119,2025-04-13T00:00:00Z,2025-04-14T00:00:00Z,STRESS,2025-04-13T00:00:00Z,2025-04-12,-0.462,MED,8/8,,false,VIX_STRESS,False,56,8,0,0,0
MAIN,2026092503,-8,SYNTHETIC_PLACEBO_ONLY,False,PROVENANCE_ONLY_NOT_CAUSAL_TRUTH,778,0,111,2025-02-17T00:00:00Z,2025-02-18T00:00:00Z,2025.02.17 02:00,STRESS,STABLE_MAPPED_ROW,,False,,834,0,119,2025-04-14T00:00:00Z,2025-04-15T00:00:00Z,STRESS,2025-04-14T00:00:00Z,2025-04-13,-0.462,MED,8/8,,false,VIX_STRESS,False,56,8,0,0,0
MAIN,2026092503,-8,SYNTHETIC_PLACEBO_ONLY,False,PROVENANCE_ONLY_NOT_CAUSAL_TRUTH,779,1,111,2025-02-18T00:00:00Z,2025-02-19T00:00:00Z,2025.02.18 02:00,STRESS,STABLE_MAPPED_ROW,,False,,835,1,119,2025-04-15T00:00:00Z,2025-04-16T00:00:00Z,STRESS,2025-04-15T00:00:00Z,2025-04-14,-0.769,MED,8/8,,false,VIX_STRESS,False,56,8,0,0,0
MAIN,2026092503,-8,SYNTHETIC_PLACEBO_ONLY,False,PROVENANCE_ONLY_NOT_CAUSAL_TRUTH,780,2,111,2025-02-19T00:00:00Z,2025-02-20T00:00:00Z,2025.02.19 02:00,STRESS,STABLE_MAPPED_ROW,,False,,836,2,119,2025-04-16T00:00:00Z,2025-04-17T00:00:00Z,STRESS,2025-04-16T00:00:00Z,2025-04-15,-0.538,HIGH,8/8,,false,VIX_STRESS,False,56,8,0,0,0
MAIN,2026092503,-8,SYNTHETIC_PLACEBO_ONLY,False,PROVENANCE_ONLY_NOT_CAUSAL_TRUTH,781,3,111,2025-02-20T00:00:00Z,2025-02-21T00:00:00Z,2025.02.20 02:00,STRESS,STABLE_MAPPED_ROW,,False,,837,3,119,2025-04-17T00:00:00Z,2025-04-18T00:00:00Z,STRESS,2025-04-17T00:00:00Z,2025-04-16,-0.846,HIGH,8/8,,false,VIX_STRESS,False,56,8,0,0,0
MAIN,2026092503,-8,SYNTHETIC_PLACEBO_ONLY,False,PROVENANCE_ONLY_NOT_CAUSAL_TRUTH,782,4,111,2025-02-21T00:00:00Z,2025-02-22T00:00:00Z,2025.02.21 02:00,RISK_OFF,STABLE_MAPPED_ROW,,False,,838,4,119,2025-04-18T00:00:00Z,2025-04-19T00:00:00Z,RISK_OFF,2025-04-18T00:00:00Z,2025-04-17,-0.692,HIGH,8/8,,false,,False,56,8,0,0,0
MAIN,2026092503,-8,SYNTHETIC_PLACEBO_ONLY,False,PROVENANCE_ONLY_NOT_CAUSAL_TRUTH,783,5,111,2025-02-22T00:00:00Z,2025-02-23T00:00:00Z,2025.02.22 02:00,RISK_OFF,STABLE_MAPPED_ROW,,False,,839,5,119,2025-04-19T00:00:00Z,2025-04-20T00:00:00Z,RISK_OFF,2025-04-19T00:00:00Z,2025-04-18,-0.692,HIGH,8/8,,false,,False,56,8,0,0,0
MAIN,2026092503,-8,SYNTHETIC_PLACEBO_ONLY,False,PROVENANCE_ONLY_NOT_CAUSAL_TRUTH,784,6,112,2025-02-23T00:00:00Z,2025-02-24T00:00:00Z,2025.02.23 02:00,RISK_OFF,STABLE_MAPPED_ROW,,False,,840,6,120,2025-04-20T00:00:00Z,2025-04-21T00:00:00Z,RISK_OFF,2025-04-20T00:00:00Z,2025-04-19,-0.692,HIGH,8/8,,false,,False,56,8,0,0,0
MAIN,2026092503,-8,SYNTHETIC_PLACEBO_ONLY,False,PROVENANCE_ONLY_NOT_CAUSAL_TRUTH,785,0,112,2025-02-24T00:00:00Z,2025-02-25T00:00:00Z,2025.02.24 02:00,RISK_OFF,STABLE_MAPPED_ROW,,False,,841,0,120,2025-04-21T00:00:00Z,2025-04-22T00:00:00Z,RISK_OFF,2025-04-21T00:00:00Z,2025-04-20,-0.692,HIGH,8/8,,false,,False,56,8,0,0,0
MAIN,2026092503,-8,SYNTHETIC_PLACEBO_ONLY,False,PROVENANCE_ONLY_NOT_CAUSAL_TRUTH,786,1,112,2025-02-25T00:00:00Z,2025-02-26T00:00:00Z,2025.02.25 02:00,STRESS,STABLE_MAPPED_ROW,,False,,842,1,120,2025-04-22T00:00:00Z,2025-04-23T00:00:00Z,STRESS,2025-04-22T00:00:00Z,2025-04-21,-0.538,HIGH,8/8,,false,VIX_STRESS,False,56,8,0,0,0
MAIN,2026092503,-8,SYNTHETIC_PLACEBO_ONLY,False,PROVENANCE_ONLY_NOT_CAUSAL_TRUTH,787,2,112,2025-02-26T00:00:00Z,2025-02-27T00:00:00Z,2025.02.26 02:00,STRESS,STABLE_MAPPED_ROW,,False,,843,2,120,2025-04-23T00:00:00Z,2025-04-24T00:00:00Z,STRESS,2025-04-23T00:00:00Z,2025-04-22,-0.385,MED,8/8,,false,VIX_STRESS,False,56,8,0,0,0
MAIN,2026092503,-8,SYNTHETIC_PLACEBO_ONLY,False,PROVENANCE_ONLY_NOT_CAUSAL_TRUTH,788,3,112,2025-02-27T00:00:00Z,2025-02-28T00:00:00Z,2025.02.27 02:00,NEUTRAL,STABLE_MAPPED_ROW,,False,,844,3,120,2025-04-24T00:00:00Z,2025-04-25T00:00:00Z,NEUTRAL,2025-04-24T00:00:00Z,2025-04-23,-0.231,MED,8/8,,false,,False,56,8,0,0,0
MAIN,2026092503,-8,SYNTHETIC_PLACEBO_ONLY,False,PROVENANCE_ONLY_NOT_CAUSAL_TRUTH,789,4,112,2025-02-28T00:00:00Z,2025-03-01T00:00:00Z,2025.02.28 02:00,NEUTRAL,STABLE_MAPPED_ROW,,False,,845,4,120,2025-04-25T00:00:00Z,2025-04-26T00:00:00Z,NEUTRAL,2025-04-25T00:00:00Z,2025-04-24,-0.231,MED,8/8,,false,,False,56,8,0,0,0
MAIN,2026092503,-8,SYNTHETIC_PLACEBO_ONLY,False,PROVENANCE_ONLY_NOT_CAUSAL_TRUTH,790,5,112,2025-03-01T00:00:00Z,2025-03-02T00:00:00Z,2025.03.01 02:00,NEUTRAL,STABLE_MAPPED_ROW,,False,,846,5,120,2025-04-26T00:00:00Z,2025-04-27T00:00:00Z,NEUTRAL,2025-04-26T00:00:00Z,2025-04-25,-0.231,MED,8/8,,false,,False,56,8,0,0,0
MAIN,2026092503,-8,SYNTHETIC_PLACEBO_ONLY,False,PROVENANCE_ONLY_NOT_CAUSAL_TRUTH,791,6,113,2025-03-02T00:00:00Z,2025-03-03T00:00:00Z,2025.03.02 02:00,NEUTRAL,STABLE_MAPPED_ROW,,False,,847,6,121,2025-04-27T00:00:00Z,2025-04-28T00:00:00Z,NEUTRAL,2025-04-27T00:00:00Z,2025-04-26,-0.231,MED,8/8,,false,,False,56,8,0,0,0
MAIN,2026092503,-8,SYNTHETIC_PLACEBO_ONLY,False,PROVENANCE_ONLY_NOT_CAUSAL_TRUTH,792,0,113,2025-03-03T00:00:00Z,2025-03-04T00:00:00Z,2025.03.03 02:00,NEUTRAL,STABLE_MAPPED_ROW,,False,,848,0,121,2025-04-28T00:00:00Z,2025-04-29T00:00:00Z,NEUTRAL,2025-04-28T00:00:00Z,2025-04-27,-0.231,MED,8/8,,false,,False,56,8,0,0,0
MAIN,2026092503,-8,SYNTHETIC_PLACEBO_ONLY,False,PROVENANCE_ONLY_NOT_CAUSAL_TRUTH,793,1,113,2025-03-04T00:00:00Z,2025-03-05T00:00:00Z,2025.03.04 02:00,RISK_OFF,STABLE_MAPPED_ROW,,False,,849,1,121,2025-04-29T00:00:00Z,2025-04-30T00:00:00Z,RISK_OFF,2025-04-29T00:00:00Z,2025-04-28,-0.385,MED,8/8,,false,,False,56,8,0,0,0
MAIN,2026092503,-8,SYNTHETIC_PLACEBO_ONLY,False,PROVENANCE_ONLY_NOT_CAUSAL_TRUTH,794,2,113,2025-03-05T00:00:00Z,2025-03-06T00:00:00Z,2025.03.05 02:00,RISK_OFF,STABLE_MAPPED_ROW,,False,,850,2,121,2025-04-30T00:00:00Z,2025-05-01T00:00:00Z,RISK_OFF,2025-04-30T00:00:00Z,2025-04-29,-0.423,MED,8/8,,false,,False,56,8,0,0,0
MAIN,2026092503,-8,SYNTHETIC_PLACEBO_ONLY,False,PROVENANCE_ONLY_NOT_CAUSAL_TRUTH,795,3,113,2025-03-06T00:00:00Z,2025-03-07T00:00:00Z,2025.03.06 02:00,RISK_OFF,STABLE_MAPPED_ROW,,False,,851,3,121,2025-05-01T00:00:00Z,2025-05-02T00:00:00Z,RISK_OFF,2025-05-01T00:00:00Z,2025-04-30,-0.615,HIGH,8/8,,false,,False,56,8,0,0,0
MAIN,2026092503,-8,SYNTHETIC_PLACEBO_ONLY,False,PROVENANCE_ONLY_NOT_CAUSAL_TRUTH,796,4,113,2025-03-07T00:00:00Z,2025-03-08T00:00:00Z,2025.03.07 02:00,RISK_OFF,STABLE_MAPPED_ROW,,False,,852,4,121,2025-05-02T00:00:00Z,2025-05-03T00:00:00Z,RISK_OFF,2025-05-02T00:00:00Z,2025-05-01,-0.423,HIGH,8/8,,false,,False,56,8,0,0,0
MAIN,2026092503,-8,SYNTHETIC_PLACEBO_ONLY,False,PROVENANCE_ONLY_NOT_CAUSAL_TRUTH,797,5,113,2025-03-08T00:00:00Z,2025-03-09T00:00:00Z,2025.03.08 02:00,RISK_OFF,STABLE_MAPPED_ROW,,False,,853,5,121,2025-05-03T00:00:00Z,2025-05-04T00:00:00Z,RISK_OFF,2025-05-03T00:00:00Z,2025-05-02,-0.423,HIGH,8/8,,false,,False,56,8,0,0,0
MAIN,2026092503,-8,SYNTHETIC_PLACEBO_ONLY,False,PROVENANCE_ONLY_NOT_CAUSAL_TRUTH,798,6,114,2025-03-09T00:00:00Z,2025-03-10T00:00:00Z,2025.03.09 00:00,UNKNOWN,TRANSITION_UNKNOWN_BOUNDARY_MARKER,2025-03-09,True,2025.03.10 03:00,854,6,122,2025-05-04T00:00:00Z,2025-05-05T00:00:00Z,RISK_OFF,2025-05-04T00:00:00Z,2025-05-03,-0.423,HIGH,8/8,,false,,False,56,8,0,0,0
MAIN,2026092503,-8,SYNTHETIC_PLACEBO_ONLY,False,PROVENANCE_ONLY_NOT_CAUSAL_TRUTH,799,0,114,2025-03-10T00:00:00Z,2025-03-11T00:00:00Z,2025.03.10 03:00,RISK_OFF,STABLE_MAPPED_ROW,,False,,855,0,122,2025-05-05T00:00:00Z,2025-05-06T00:00:00Z,RISK_OFF,2025-05-05T00:00:00Z,2025-05-04,-0.423,HIGH,8/8,,false,,False,56,8,0,0,0
MAIN,2026092503,-8,SYNTHETIC_PLACEBO_ONLY,False,PROVENANCE_ONLY_NOT_CAUSAL_TRUTH,800,1,114,2025-03-11T00:00:00Z,2025-03-12T00:00:00Z,2025.03.11 03:00,RISK_OFF,STABLE_MAPPED_ROW,,False,,856,1,122,2025-05-06T00:00:00Z,2025-05-07T00:00:00Z,RISK_OFF,2025-05-06T00:00:00Z,2025-05-05,-0.423,HIGH,8/8,,false,,False,56,8,0,0,0
MAIN,2026092503,-8,SYNTHETIC_PLACEBO_ONLY,False,PROVENANCE_ONLY_NOT_CAUSAL_TRUTH,801,2,114,2025-03-12T00:00:00Z,2025-03-13T00:00:00Z,2025.03.12 03:00,RISK_OFF,STABLE_MAPPED_ROW,,False,,857,2,122,2025-05-07T00:00:00Z,2025-05-08T00:00:00Z,RISK_OFF,2025-05-07T00:00:00Z,2025-05-06,-0.269,MED,8/8,,false,,False,56,8,0,0,0
MAIN,2026092503,-8,SYNTHETIC_PLACEBO_ONLY,False,PROVENANCE_ONLY_NOT_CAUSAL_TRUTH,802,3,114,2025-03-13T00:00:00Z,2025-03-14T00:00:00Z,2025.03.13 03:00,NEUTRAL,STABLE_MAPPED_ROW,,False,,858,3,122,2025-05-08T00:00:00Z,2025-05-09T00:00:00Z,NEUTRAL,2025-05-08T00:00:00Z,2025-05-07,-0.231,MED,8/8,,false,,False,56,8,0,0,0
MAIN,2026092503,-8,SYNTHETIC_PLACEBO_ONLY,False,PROVENANCE_ONLY_NOT_CAUSAL_TRUTH,803,4,114,2025-03-14T00:00:00Z,2025-03-15T00:00:00Z,2025.03.14 03:00,RISK_OFF,STABLE_MAPPED_ROW,,False,,859,4,122,2025-05-09T00:00:00Z,2025-05-10T00:00:00Z,RISK_OFF,2025-05-09T00:00:00Z,2025-05-08,-0.269,MED,8/8,,false,,False,56,8,0,0,0
MAIN,2026092503,-8,SYNTHETIC_PLACEBO_ONLY,False,PROVENANCE_ONLY_NOT_CAUSAL_TRUTH,804,5,114,2025-03-15T00:00:00Z,2025-03-16T00:00:00Z,2025.03.15 03:00,RISK_OFF,STABLE_MAPPED_ROW,,False,,860,5,122,2025-05-10T00:00:00Z,2025-05-11T00:00:00Z,RISK_OFF,2025-05-10T00:00:00Z,2025-05-09,-0.269,MED,8/8,,false,,False,56,8,0,0,0
MAIN,2026092503,-8,SYNTHETIC_PLACEBO_ONLY,False,PROVENANCE_ONLY_NOT_CAUSAL_TRUTH,805,6,115,2025-03-16T00:00:00Z,2025-03-17T00:00:00Z,2025.03.16 03:00,RISK_OFF,STABLE_MAPPED_ROW,,False,,861,6,123,2025-05-11T00:00:00Z,2025-05-12T00:00:00Z,RISK_OFF,2025-05-11T00:00:00Z,2025-05-10,-0.269,MED,8/8,,false,,False,56,8,0,0,0
MAIN,2026092503,-8,SYNTHETIC_PLACEBO_ONLY,False,PROVENANCE_ONLY_NOT_CAUSAL_TRUTH,806,0,115,2025-03-17T00:00:00Z,2025-03-18T00:00:00Z,2025.03.17 03:00,RISK_OFF,STABLE_MAPPED_ROW,,False,,862,0,123,2025-05-12T00:00:00Z,2025-05-13T00:00:00Z,RISK_OFF,2025-05-12T00:00:00Z,2025-05-11,-0.269,MED,8/8,,false,,False,56,8,0,0,0
MAIN,2026092503,-8,SYNTHETIC_PLACEBO_ONLY,False,PROVENANCE_ONLY_NOT_CAUSAL_TRUTH,807,1,115,2025-03-18T00:00:00Z,2025-03-19T00:00:00Z,2025.03.18 03:00,NEUTRAL,STABLE_MAPPED_ROW,,False,,863,1,123,2025-05-13T00:00:00Z,2025-05-14T00:00:00Z,NEUTRAL,2025-05-13T00:00:00Z,2025-05-12,-0.192,MED,8/8,,false,,False,56,8,0,0,0
MAIN,2026092503,-8,SYNTHETIC_PLACEBO_ONLY,False,PROVENANCE_ONLY_NOT_CAUSAL_TRUTH,808,2,115,2025-03-19T00:00:00Z,2025-03-20T00:00:00Z,2025.03.19 03:00,NEUTRAL,STABLE_MAPPED_ROW,,False,,864,2,123,2025-05-14T00:00:00Z,2025-05-15T00:00:00Z,NEUTRAL,2025-05-14T00:00:00Z,2025-05-13,-0.115,LOW,8/8,,false,,False,56,8,0,0,0
MAIN,2026092503,-8,SYNTHETIC_PLACEBO_ONLY,False,PROVENANCE_ONLY_NOT_CAUSAL_TRUTH,809,3,115,2025-03-20T00:00:00Z,2025-03-21T00:00:00Z,2025.03.20 03:00,NEUTRAL,STABLE_MAPPED_ROW,,False,,865,3,123,2025-05-15T00:00:00Z,2025-05-16T00:00:00Z,NEUTRAL,2025-05-15T00:00:00Z,2025-05-14,-0.038,LOW,8/8,,false,,False,56,8,0,0,0
MAIN,2026092503,-8,SYNTHETIC_PLACEBO_ONLY,False,PROVENANCE_ONLY_NOT_CAUSAL_TRUTH,810,4,115,2025-03-21T00:00:00Z,2025-03-22T00:00:00Z,2025.03.21 03:00,NEUTRAL,STABLE_MAPPED_ROW,,False,,866,4,123,2025-05-16T00:00:00Z,2025-05-17T00:00:00Z,NEUTRAL,2025-05-16T00:00:00Z,2025-05-15,-0.115,LOW,8/8,,false,,False,56,8,0,0,0
MAIN,2026092503,-8,SYNTHETIC_PLACEBO_ONLY,False,PROVENANCE_ONLY_NOT_CAUSAL_TRUTH,811,5,115,2025-03-22T00:00:00Z,2025-03-23T00:00:00Z,2025.03.22 03:00,NEUTRAL,STABLE_MAPPED_ROW,,False,,867,5,123,2025-05-17T00:00:00Z,2025-05-18T00:00:00Z,NEUTRAL,2025-05-17T00:00:00Z,2025-05-16,-0.154,LOW,8/8,,false,,False,56,8,0,0,0
MAIN,2026092503,-8,SYNTHETIC_PLACEBO_ONLY,False,PROVENANCE_ONLY_NOT_CAUSAL_TRUTH,812,6,116,2025-03-23T00:00:00Z,2025-03-24T00:00:00Z,2025.03.23 03:00,NEUTRAL,STABLE_MAPPED_ROW,,False,,868,6,124,2025-05-18T00:00:00Z,2025-05-19T00:00:00Z,NEUTRAL,2025-05-18T00:00:00Z,2025-05-17,-0.115,LOW,8/8,,false,,False,56,8,0,0,0
MAIN,2026092503,-8,SYNTHETIC_PLACEBO_ONLY,False,PROVENANCE_ONLY_NOT_CAUSAL_TRUTH,813,0,116,2025-03-24T00:00:00Z,2025-03-25T00:00:00Z,2025.03.24 03:00,NEUTRAL,STABLE_MAPPED_ROW,,False,,869,0,124,2025-05-19T00:00:00Z,2025-05-20T00:00:00Z,NEUTRAL,2025-05-19T00:00:00Z,2025-05-18,-0.115,LOW,8/8,,false,,False,56,8,0,0,0
MAIN,2026092503,-8,SYNTHETIC_PLACEBO_ONLY,False,PROVENANCE_ONLY_NOT_CAUSAL_TRUTH,814,1,116,2025-03-25T00:00:00Z,2025-03-26T00:00:00Z,2025.03.25 03:00,NEUTRAL,STABLE_MAPPED_ROW,,False,,870,1,124,2025-05-20T00:00:00Z,2025-05-21T00:00:00Z,NEUTRAL,2025-05-20T00:00:00Z,2025-05-19,-0.077,LOW,8/8,,false,,False,56,8,0,0,0
MAIN,2026092503,-8,SYNTHETIC_PLACEBO_ONLY,False,PROVENANCE_ONLY_NOT_CAUSAL_TRUTH,815,2,116,2025-03-26T00:00:00Z,2025-03-27T00:00:00Z,2025.03.26 03:00,NEUTRAL,STABLE_MAPPED_ROW,,False,,871,2,124,2025-05-21T00:00:00Z,2025-05-22T00:00:00Z,NEUTRAL,2025-05-21T00:00:00Z,2025-05-20,-0.115,LOW,8/8,,false,,False,56,8,0,0,0
MAIN,2026092503,-8,SYNTHETIC_PLACEBO_ONLY,False,PROVENANCE_ONLY_NOT_CAUSAL_TRUTH,816,3,116,2025-03-27T00:00:00Z,2025-03-28T00:00:00Z,2025.03.27 03:00,RISK_OFF,STABLE_MAPPED_ROW,,False,,872,3,124,2025-05-22T00:00:00Z,2025-05-23T00:00:00Z,RISK_OFF,2025-05-22T00:00:00Z,2025-05-21,-0.308,MED,8/8,,false,,False,56,8,0,0,0
MAIN,2026092503,-8,SYNTHETIC_PLACEBO_ONLY,False,PROVENANCE_ONLY_NOT_CAUSAL_TRUTH,817,4,116,2025-03-28T00:00:00Z,2025-03-29T00:00:00Z,2025.03.28 03:00,RISK_OFF,STABLE_MAPPED_ROW,,False,,873,4,124,2025-05-23T00:00:00Z,2025-05-24T00:00:00Z,RISK_OFF,2025-05-23T00:00:00Z,2025-05-22,-0.308,MED,8/8,,false,,False,56,8,0,0,0
MAIN,2026092503,-8,SYNTHETIC_PLACEBO_ONLY,False,PROVENANCE_ONLY_NOT_CAUSAL_TRUTH,818,5,116,2025-03-29T00:00:00Z,2025-03-30T00:00:00Z,2025.03.29 03:00,RISK_OFF,STABLE_MAPPED_ROW,,False,,874,5,124,2025-05-24T00:00:00Z,2025-05-25T00:00:00Z,RISK_OFF,2025-05-24T00:00:00Z,2025-05-23,-0.308,MED,8/8,,false,,False,56,8,0,0,0
MAIN,2026092503,-8,SYNTHETIC_PLACEBO_ONLY,False,PROVENANCE_ONLY_NOT_CAUSAL_TRUTH,819,6,117,2025-03-30T00:00:00Z,2025-03-31T00:00:00Z,2025.03.30 03:00,RISK_OFF,STABLE_MAPPED_ROW,,False,,875,6,125,2025-05-25T00:00:00Z,2025-05-26T00:00:00Z,RISK_OFF,2025-05-25T00:00:00Z,2025-05-24,-0.308,MED,8/8,,false,,False,56,8,0,0,0
MAIN,2026092503,-8,SYNTHETIC_PLACEBO_ONLY,False,PROVENANCE_ONLY_NOT_CAUSAL_TRUTH,820,0,117,2025-03-31T00:00:00Z,2025-04-01T00:00:00Z,2025.03.31 03:00,RISK_OFF,STABLE_MAPPED_ROW,,False,,876,0,125,2025-05-26T00:00:00Z,2025-05-27T00:00:00Z,RISK_OFF,2025-05-26T00:00:00Z,2025-05-25,-0.308,MED,8/8,,false,,False,56,8,0,0,0
MAIN,2026092503,-8,SYNTHETIC_PLACEBO_ONLY,False,PROVENANCE_ONLY_NOT_CAUSAL_TRUTH,821,1,117,2025-04-01T00:00:00Z,2025-04-02T00:00:00Z,2025.04.01 03:00,RISK_OFF,STABLE_MAPPED_ROW,,False,,877,1,125,2025-05-27T00:00:00Z,2025-05-28T00:00:00Z,RISK_OFF,2025-05-27T00:00:00Z,2025-05-26,-0.346,MED,8/8,,false,,False,56,8,0,0,0
MAIN,2026092503,-8,SYNTHETIC_PLACEBO_ONLY,False,PROVENANCE_ONLY_NOT_CAUSAL_TRUTH,822,2,117,2025-04-02T00:00:00Z,2025-04-03T00:00:00Z,2025.04.02 03:00,NEUTRAL,STABLE_MAPPED_ROW,,False,,878,2,125,2025-05-28T00:00:00Z,2025-05-29T00:00:00Z,NEUTRAL,2025-05-28T00:00:00Z,2025-05-27,-0.115,LOW,8/8,,false,,False,56,8,0,0,0
MAIN,2026092503,-8,SYNTHETIC_PLACEBO_ONLY,False,PROVENANCE_ONLY_NOT_CAUSAL_TRUTH,823,3,117,2025-04-03T00:00:00Z,2025-04-04T00:00:00Z,2025.04.03 03:00,NEUTRAL,STABLE_MAPPED_ROW,,False,,879,3,125,2025-05-29T00:00:00Z,2025-05-30T00:00:00Z,NEUTRAL,2025-05-29T00:00:00Z,2025-05-28,-0.077,LOW,8/8,,false,,False,56,8,0,0,0
MAIN,2026092503,-8,SYNTHETIC_PLACEBO_ONLY,False,PROVENANCE_ONLY_NOT_CAUSAL_TRUTH,824,4,117,2025-04-04T00:00:00Z,2025-04-05T00:00:00Z,2025.04.04 03:00,RISK_OFF,STABLE_MAPPED_ROW,,False,,880,4,125,2025-05-30T00:00:00Z,2025-05-31T00:00:00Z,RISK_OFF,2025-05-30T00:00:00Z,2025-05-29,-0.269,MED,8/8,,false,,False,56,8,0,0,0
MAIN,2026092503,-8,SYNTHETIC_PLACEBO_ONLY,False,PROVENANCE_ONLY_NOT_CAUSAL_TRUTH,825,5,117,2025-04-05T00:00:00Z,2025-04-06T00:00:00Z,2025.04.05 03:00,RISK_OFF,STABLE_MAPPED_ROW,,False,,881,5,125,2025-05-31T00:00:00Z,2025-06-01T00:00:00Z,RISK_OFF,2025-05-31T00:00:00Z,2025-05-30,-0.269,MED,8/8,,false,,False,56,8,0,0,0
MAIN,2026092503,-8,SYNTHETIC_PLACEBO_ONLY,False,PROVENANCE_ONLY_NOT_CAUSAL_TRUTH,826,6,118,2025-04-06T00:00:00Z,2025-04-07T00:00:00Z,2025.04.06 03:00,RISK_OFF,STABLE_MAPPED_ROW,,False,,882,6,126,2025-06-01T00:00:00Z,2025-06-02T00:00:00Z,RISK_OFF,2025-06-01T00:00:00Z,2025-05-31,-0.269,MED,8/8,,false,,False,56,8,0,0,0
MAIN,2026092503,-8,SYNTHETIC_PLACEBO_ONLY,False,PROVENANCE_ONLY_NOT_CAUSAL_TRUTH,827,0,118,2025-04-07T00:00:00Z,2025-04-08T00:00:00Z,2025.04.07 03:00,RISK_OFF,STABLE_MAPPED_ROW,,False,,883,0,126,2025-06-02T00:00:00Z,2025-06-03T00:00:00Z,RISK_OFF,2025-06-02T00:00:00Z,2025-06-01,-0.269,MED,8/8,,false,,False,56,8,0,0,0
MAIN,2026092503,-8,SYNTHETIC_PLACEBO_ONLY,False,PROVENANCE_ONLY_NOT_CAUSAL_TRUTH,828,1,118,2025-04-08T00:00:00Z,2025-04-09T00:00:00Z,2025.04.08 03:00,NEUTRAL,STABLE_MAPPED_ROW,,False,,884,1,126,2025-06-03T00:00:00Z,2025-06-04T00:00:00Z,NEUTRAL,2025-06-03T00:00:00Z,2025-06-02,-0.115,LOW,8/8,,false,,False,56,8,0,0,0
MAIN,2026092503,-8,SYNTHETIC_PLACEBO_ONLY,False,PROVENANCE_ONLY_NOT_CAUSAL_TRUTH,829,2,118,2025-04-09T00:00:00Z,2025-04-10T00:00:00Z,2025.04.09 03:00,NEUTRAL,STABLE_MAPPED_ROW,,False,,885,2,126,2025-06-04T00:00:00Z,2025-06-05T00:00:00Z,NEUTRAL,2025-06-04T00:00:00Z,2025-06-03,-0.115,LOW,8/8,,false,,False,56,8,0,0,0
MAIN,2026092503,-8,SYNTHETIC_PLACEBO_ONLY,False,PROVENANCE_ONLY_NOT_CAUSAL_TRUTH,830,3,118,2025-04-10T00:00:00Z,2025-04-11T00:00:00Z,2025.04.10 03:00,NEUTRAL,STABLE_MAPPED_ROW,,False,,886,3,126,2025-06-05T00:00:00Z,2025-06-06T00:00:00Z,NEUTRAL,2025-06-05T00:00:00Z,2025-06-04,-0.077,LOW,8/8,,false,,False,56,8,0,0,0
MAIN,2026092503,-8,SYNTHETIC_PLACEBO_ONLY,False,PROVENANCE_ONLY_NOT_CAUSAL_TRUTH,831,4,118,2025-04-11T00:00:00Z,2025-04-12T00:00:00Z,2025.04.11 03:00,NEUTRAL,STABLE_MAPPED_ROW,,False,,887,4,126,2025-06-06T00:00:00Z,2025-06-07T00:00:00Z,NEUTRAL,2025-06-06T00:00:00Z,2025-06-05,-0.115,LOW,8/8,,false,,False,56,8,0,0,0
MAIN,2026092503,-8,SYNTHETIC_PLACEBO_ONLY,False,PROVENANCE_ONLY_NOT_CAUSAL_TRUTH,832,5,118,2025-04-12T00:00:00Z,2025-04-13T00:00:00Z,2025.04.12 03:00,NEUTRAL,STABLE_MAPPED_ROW,,False,,888,5,126,2025-06-07T00:00:00Z,2025-06-08T00:00:00Z,NEUTRAL,2025-06-07T00:00:00Z,2025-06-06,-0.115,LOW,8/8,,false,,False,56,8,0,0,0
MAIN,2026092503,-8,SYNTHETIC_PLACEBO_ONLY,False,PROVENANCE_ONLY_NOT_CAUSAL_TRUTH,833,6,119,2025-04-13T00:00:00Z,2025-04-14T00:00:00Z,2025.04.13 03:00,NEUTRAL,STABLE_MAPPED_ROW,,False,,889,6,127,2025-06-08T00:00:00Z,2025-06-09T00:00:00Z,NEUTRAL,2025-06-08T00:00:00Z,2025-06-07,-0.115,LOW,8/8,,false,,False,56,8,0,0,0
MAIN,2026092503,-8,SYNTHETIC_PLACEBO_ONLY,False,PROVENANCE_ONLY_NOT_CAUSAL_TRUTH,834,0,119,2025-04-14T00:00:00Z,2025-04-15T00:00:00Z,2025.04.14 03:00,NEUTRAL,STABLE_MAPPED_ROW,,False,,890,0,127,2025-06-09T00:00:00Z,2025-06-10T00:00:00Z,NEUTRAL,2025-06-09T00:00:00Z,2025-06-08,-0.077,LOW,8/8,,false,,False,56,8,0,0,0
MAIN,2026092503,-8,SYNTHETIC_PLACEBO_ONLY,False,PROVENANCE_ONLY_NOT_CAUSAL_TRUTH,835,1,119,2025-04-15T00:00:00Z,2025-04-16T00:00:00Z,2025.04.15 03:00,NEUTRAL,STABLE_MAPPED_ROW,,False,,891,1,127,2025-06-10T00:00:00Z,2025-06-11T00:00:00Z,NEUTRAL,2025-06-10T00:00:00Z,2025-06-09,-0.077,LOW,8/8,,false,,False,56,8,0,0,0
MAIN,2026092503,-8,SYNTHETIC_PLACEBO_ONLY,False,PROVENANCE_ONLY_NOT_CAUSAL_TRUTH,836,2,119,2025-04-16T00:00:00Z,2025-04-17T00:00:00Z,2025.04.16 03:00,NEUTRAL,STABLE_MAPPED_ROW,,False,,892,2,127,2025-06-11T00:00:00Z,2025-06-12T00:00:00Z,NEUTRAL,2025-06-11T00:00:00Z,2025-06-10,-0.077,LOW,8/8,,false,,False,56,8,0,0,0
MAIN,2026092503,-8,SYNTHETIC_PLACEBO_ONLY,False,PROVENANCE_ONLY_NOT_CAUSAL_TRUTH,837,3,119,2025-04-17T00:00:00Z,2025-04-18T00:00:00Z,2025.04.17 03:00,NEUTRAL,STABLE_MAPPED_ROW,,False,,893,3,127,2025-06-12T00:00:00Z,2025-06-13T00:00:00Z,NEUTRAL,2025-06-12T00:00:00Z,2025-06-11,-0.115,LOW,8/8,,false,,False,56,8,0,0,0
MAIN,2026092503,-8,SYNTHETIC_PLACEBO_ONLY,False,PROVENANCE_ONLY_NOT_CAUSAL_TRUTH,838,4,119,2025-04-18T00:00:00Z,2025-04-19T00:00:00Z,2025.04.18 03:00,NEUTRAL,STABLE_MAPPED_ROW,,False,,894,4,127,2025-06-13T00:00:00Z,2025-06-14T00:00:00Z,NEUTRAL,2025-06-13T00:00:00Z,2025-06-12,-0.115,LOW,8/8,,false,,False,56,8,0,0,0
MAIN,2026092503,-8,SYNTHETIC_PLACEBO_ONLY,False,PROVENANCE_ONLY_NOT_CAUSAL_TRUTH,839,5,119,2025-04-19T00:00:00Z,2025-04-20T00:00:00Z,2025.04.19 03:00,RISK_OFF,STABLE_MAPPED_ROW,,False,,895,5,127,2025-06-14T00:00:00Z,2025-06-15T00:00:00Z,RISK_OFF,2025-06-14T00:00:00Z,2025-06-13,-0.346,MED,8/8,,false,,False,56,8,0,0,0
MAIN,2026092503,-8,SYNTHETIC_PLACEBO_ONLY,False,PROVENANCE_ONLY_NOT_CAUSAL_TRUTH,840,6,120,2025-04-20T00:00:00Z,2025-04-21T00:00:00Z,2025.04.20 03:00,RISK_OFF,STABLE_MAPPED_ROW,,False,,896,6,128,2025-06-15T00:00:00Z,2025-06-16T00:00:00Z,RISK_OFF,2025-06-15T00:00:00Z,2025-06-14,-0.538,HIGH,8/8,,false,,False,56,8,0,0,0
MAIN,2026092503,-8,SYNTHETIC_PLACEBO_ONLY,False,PROVENANCE_ONLY_NOT_CAUSAL_TRUTH,841,0,120,2025-04-21T00:00:00Z,2025-04-22T00:00:00Z,2025.04.21 03:00,RISK_OFF,STABLE_MAPPED_ROW,,False,,897,0,128,2025-06-16T00:00:00Z,2025-06-17T00:00:00Z,RISK_OFF,2025-06-16T00:00:00Z,2025-06-15,-0.538,HIGH,8/8,,false,,False,56,8,0,0,0
MAIN,2026092503,-8,SYNTHETIC_PLACEBO_ONLY,False,PROVENANCE_ONLY_NOT_CAUSAL_TRUTH,842,1,120,2025-04-22T00:00:00Z,2025-04-23T00:00:00Z,2025.04.22 03:00,NEUTRAL,STABLE_MAPPED_ROW,,False,,898,1,128,2025-06-17T00:00:00Z,2025-06-18T00:00:00Z,NEUTRAL,2025-06-17T00:00:00Z,2025-06-16,-0.231,MED,8/8,,false,,False,56,8,0,0,0
MAIN,2026092503,-8,SYNTHETIC_PLACEBO_ONLY,False,PROVENANCE_ONLY_NOT_CAUSAL_TRUTH,843,2,120,2025-04-23T00:00:00Z,2025-04-24T00:00:00Z,2025.04.23 03:00,RISK_OFF,STABLE_MAPPED_ROW,,False,,899,2,128,2025-06-18T00:00:00Z,2025-06-19T00:00:00Z,RISK_OFF,2025-06-18T00:00:00Z,2025-06-17,-0.385,MED,8/8,,false,,False,56,8,0,0,0
MAIN,2026092503,-8,SYNTHETIC_PLACEBO_ONLY,False,PROVENANCE_ONLY_NOT_CAUSAL_TRUTH,844,3,120,2025-04-24T00:00:00Z,2025-04-25T00:00:00Z,2025.04.24 03:00,RISK_OFF,STABLE_MAPPED_ROW,,False,,900,3,128,2025-06-19T00:00:00Z,2025-06-20T00:00:00Z,RISK_OFF,2025-06-19T00:00:00Z,2025-06-18,-0.346,MED,8/8,,false,,False,56,8,0,0,0
MAIN,2026092503,-8,SYNTHETIC_PLACEBO_ONLY,False,PROVENANCE_ONLY_NOT_CAUSAL_TRUTH,845,4,120,2025-04-25T00:00:00Z,2025-04-26T00:00:00Z,2025.04.25 03:00,RISK_OFF,STABLE_MAPPED_ROW,,False,,901,4,128,2025-06-20T00:00:00Z,2025-06-21T00:00:00Z,RISK_OFF,2025-06-20T00:00:00Z,2025-06-19,-0.346,MED,8/8,,false,,False,56,8,0,0,0
MAIN,2026092503,-8,SYNTHETIC_PLACEBO_ONLY,False,PROVENANCE_ONLY_NOT_CAUSAL_TRUTH,846,5,120,2025-04-26T00:00:00Z,2025-04-27T00:00:00Z,2025.04.26 03:00,RISK_OFF,STABLE_MAPPED_ROW,,False,,902,5,128,2025-06-21T00:00:00Z,2025-06-22T00:00:00Z,RISK_OFF,2025-06-21T00:00:00Z,2025-06-20,-0.269,MED,8/8,,false,,False,56,8,0,0,0
MAIN,2026092503,-8,SYNTHETIC_PLACEBO_ONLY,False,PROVENANCE_ONLY_NOT_CAUSAL_TRUTH,847,6,121,2025-04-27T00:00:00Z,2025-04-28T00:00:00Z,2025.04.27 03:00,RISK_OFF,STABLE_MAPPED_ROW,,False,,903,6,129,2025-06-22T00:00:00Z,2025-06-23T00:00:00Z,RISK_OFF,2025-06-22T00:00:00Z,2025-06-21,-0.423,HIGH,8/8,,false,,False,56,8,0,0,0
MAIN,2026092503,-8,SYNTHETIC_PLACEBO_ONLY,False,PROVENANCE_ONLY_NOT_CAUSAL_TRUTH,848,0,121,2025-04-28T00:00:00Z,2025-04-29T00:00:00Z,2025.04.28 03:00,RISK_OFF,STABLE_MAPPED_ROW,,False,,904,0,129,2025-06-23T00:00:00Z,2025-06-24T00:00:00Z,RISK_OFF,2025-06-23T00:00:00Z,2025-06-22,-0.423,HIGH,8/8,,false,,False,56,8,0,0,0
MAIN,2026092503,-8,SYNTHETIC_PLACEBO_ONLY,False,PROVENANCE_ONLY_NOT_CAUSAL_TRUTH,849,1,121,2025-04-29T00:00:00Z,2025-04-30T00:00:00Z,2025.04.29 03:00,NEUTRAL,STABLE_MAPPED_ROW,,False,,905,1,129,2025-06-24T00:00:00Z,2025-06-25T00:00:00Z,NEUTRAL,2025-06-24T00:00:00Z,2025-06-23,-0.077,LOW,8/8,,false,,False,56,8,0,0,0
MAIN,2026092503,-8,SYNTHETIC_PLACEBO_ONLY,False,PROVENANCE_ONLY_NOT_CAUSAL_TRUTH,850,2,121,2025-04-30T00:00:00Z,2025-05-01T00:00:00Z,2025.04.30 03:00,NEUTRAL,STABLE_MAPPED_ROW,,False,,906,2,129,2025-06-25T00:00:00Z,2025-06-26T00:00:00Z,NEUTRAL,2025-06-25T00:00:00Z,2025-06-24,-0.231,MED,8/8,,false,,False,56,8,0,0,0
MAIN,2026092503,-8,SYNTHETIC_PLACEBO_ONLY,False,PROVENANCE_ONLY_NOT_CAUSAL_TRUTH,851,3,121,2025-05-01T00:00:00Z,2025-05-02T00:00:00Z,2025.05.01 03:00,NEUTRAL,STABLE_MAPPED_ROW,,False,,907,3,129,2025-06-26T00:00:00Z,2025-06-27T00:00:00Z,NEUTRAL,2025-06-26T00:00:00Z,2025-06-25,-0.077,LOW,8/8,,false,,False,56,8,0,0,0
MAIN,2026092503,-8,SYNTHETIC_PLACEBO_ONLY,False,PROVENANCE_ONLY_NOT_CAUSAL_TRUTH,852,4,121,2025-05-02T00:00:00Z,2025-05-03T00:00:00Z,2025.05.02 03:00,NEUTRAL,STABLE_MAPPED_ROW,,False,,908,4,129,2025-06-27T00:00:00Z,2025-06-28T00:00:00Z,NEUTRAL,2025-06-27T00:00:00Z,2025-06-26,-0.077,LOW,8/8,,false,,False,56,8,0,0,0
MAIN,2026092503,-8,SYNTHETIC_PLACEBO_ONLY,False,PROVENANCE_ONLY_NOT_CAUSAL_TRUTH,853,5,121,2025-05-03T00:00:00Z,2025-05-04T00:00:00Z,2025.05.03 03:00,NEUTRAL,STABLE_MAPPED_ROW,,False,,909,5,129,2025-06-28T00:00:00Z,2025-06-29T00:00:00Z,NEUTRAL,2025-06-28T00:00:00Z,2025-06-27,-0.077,LOW,8/8,,false,,False,56,8,0,0,0
MAIN,2026092503,-8,SYNTHETIC_PLACEBO_ONLY,False,PROVENANCE_ONLY_NOT_CAUSAL_TRUTH,854,6,122,2025-05-04T00:00:00Z,2025-05-05T00:00:00Z,2025.05.04 03:00,NEUTRAL,STABLE_MAPPED_ROW,,False,,910,6,130,2025-06-29T00:00:00Z,2025-06-30T00:00:00Z,NEUTRAL,2025-06-29T00:00:00Z,2025-06-28,-0.077,LOW,8/8,,false,,False,56,8,0,0,0
MAIN,2026092503,-8,SYNTHETIC_PLACEBO_ONLY,False,PROVENANCE_ONLY_NOT_CAUSAL_TRUTH,855,0,122,2025-05-05T00:00:00Z,2025-05-06T00:00:00Z,2025.05.05 03:00,NEUTRAL,STABLE_MAPPED_ROW,,False,,911,0,130,2025-06-30T00:00:00Z,2025-07-01T00:00:00Z,NEUTRAL,2025-06-30T00:00:00Z,2025-06-29,-0.077,LOW,8/8,,false,,False,56,8,0,0,0
MAIN,2026092503,-8,SYNTHETIC_PLACEBO_ONLY,False,PROVENANCE_ONLY_NOT_CAUSAL_TRUTH,856,1,122,2025-05-06T00:00:00Z,2025-05-07T00:00:00Z,2025.05.06 03:00,NEUTRAL,STABLE_MAPPED_ROW,,False,,912,1,130,2025-07-01T00:00:00Z,2025-07-02T00:00:00Z,NEUTRAL,2025-07-01T00:00:00Z,2025-06-30,-0.115,LOW,8/8,,false,,False,56,8,0,0,0
MAIN,2026092503,-8,SYNTHETIC_PLACEBO_ONLY,False,PROVENANCE_ONLY_NOT_CAUSAL_TRUTH,857,2,122,2025-05-07T00:00:00Z,2025-05-08T00:00:00Z,2025.05.07 03:00,NEUTRAL,STABLE_MAPPED_ROW,,False,,913,2,130,2025-07-02T00:00:00Z,2025-07-03T00:00:00Z,NEUTRAL,2025-07-02T00:00:00Z,2025-07-01,-0.115,LOW,8/8,,false,,False,56,8,0,0,0
MAIN,2026092503,-8,SYNTHETIC_PLACEBO_ONLY,False,PROVENANCE_ONLY_NOT_CAUSAL_TRUTH,858,3,122,2025-05-08T00:00:00Z,2025-05-09T00:00:00Z,2025.05.08 03:00,NEUTRAL,STABLE_MAPPED_ROW,,False,,914,3,130,2025-07-03T00:00:00Z,2025-07-04T00:00:00Z,NEUTRAL,2025-07-03T00:00:00Z,2025-07-02,-0.077,LOW,8/8,,false,,False,56,8,0,0,0
MAIN,2026092503,-8,SYNTHETIC_PLACEBO_ONLY,False,PROVENANCE_ONLY_NOT_CAUSAL_TRUTH,859,4,122,2025-05-09T00:00:00Z,2025-05-10T00:00:00Z,2025.05.09 03:00,NEUTRAL,STABLE_MAPPED_ROW,,False,,915,4,130,2025-07-04T00:00:00Z,2025-07-05T00:00:00Z,NEUTRAL,2025-07-04T00:00:00Z,2025-07-03,-0.077,LOW,8/8,,false,,False,56,8,0,0,0
MAIN,2026092503,-8,SYNTHETIC_PLACEBO_ONLY,False,PROVENANCE_ONLY_NOT_CAUSAL_TRUTH,860,5,122,2025-05-10T00:00:00Z,2025-05-11T00:00:00Z,2025.05.10 03:00,NEUTRAL,STABLE_MAPPED_ROW,,False,,916,5,130,2025-07-05T00:00:00Z,2025-07-06T00:00:00Z,NEUTRAL,2025-07-05T00:00:00Z,2025-07-04,-0.154,LOW,8/8,,false,,False,56,8,0,0,0
MAIN,2026092503,-8,SYNTHETIC_PLACEBO_ONLY,False,PROVENANCE_ONLY_NOT_CAUSAL_TRUTH,861,6,123,2025-05-11T00:00:00Z,2025-05-12T00:00:00Z,2025.05.11 03:00,NEUTRAL,STABLE_MAPPED_ROW,,False,,917,6,131,2025-07-06T00:00:00Z,2025-07-07T00:00:00Z,NEUTRAL,2025-07-06T00:00:00Z,2025-07-05,-0.115,LOW,8/8,,false,,False,56,8,0,0,0
MAIN,2026092503,-8,SYNTHETIC_PLACEBO_ONLY,False,PROVENANCE_ONLY_NOT_CAUSAL_TRUTH,862,0,123,2025-05-12T00:00:00Z,2025-05-13T00:00:00Z,2025.05.12 03:00,NEUTRAL,STABLE_MAPPED_ROW,,False,,918,0,131,2025-07-07T00:00:00Z,2025-07-08T00:00:00Z,NEUTRAL,2025-07-07T00:00:00Z,2025-07-06,-0.115,LOW,8/8,,false,,False,56,8,0,0,0
MAIN,2026092503,-8,SYNTHETIC_PLACEBO_ONLY,False,PROVENANCE_ONLY_NOT_CAUSAL_TRUTH,863,1,123,2025-05-13T00:00:00Z,2025-05-14T00:00:00Z,2025.05.13 03:00,NEUTRAL,STABLE_MAPPED_ROW,,False,,919,1,131,2025-07-08T00:00:00Z,2025-07-09T00:00:00Z,NEUTRAL,2025-07-08T00:00:00Z,2025-07-07,-0.154,LOW,8/8,,false,,False,56,8,0,0,0
MAIN,2026092503,-8,SYNTHETIC_PLACEBO_ONLY,False,PROVENANCE_ONLY_NOT_CAUSAL_TRUTH,864,2,123,2025-05-14T00:00:00Z,2025-05-15T00:00:00Z,2025.05.14 03:00,NEUTRAL,STABLE_MAPPED_ROW,,False,,920,2,131,2025-07-09T00:00:00Z,2025-07-10T00:00:00Z,NEUTRAL,2025-07-09T00:00:00Z,2025-07-08,-0.038,LOW,8/8,,false,,False,56,8,0,0,0
MAIN,2026092503,-8,SYNTHETIC_PLACEBO_ONLY,False,PROVENANCE_ONLY_NOT_CAUSAL_TRUTH,865,3,123,2025-05-15T00:00:00Z,2025-05-16T00:00:00Z,2025.05.15 03:00,NEUTRAL,STABLE_MAPPED_ROW,,False,,921,3,131,2025-07-10T00:00:00Z,2025-07-11T00:00:00Z,NEUTRAL,2025-07-10T00:00:00Z,2025-07-09,-0.077,LOW,8/8,,false,,False,56,8,0,0,0
MAIN,2026092503,-8,SYNTHETIC_PLACEBO_ONLY,False,PROVENANCE_ONLY_NOT_CAUSAL_TRUTH,866,4,123,2025-05-16T00:00:00Z,2025-05-17T00:00:00Z,2025.05.16 03:00,NEUTRAL,STABLE_MAPPED_ROW,,False,,922,4,131,2025-07-11T00:00:00Z,2025-07-12T00:00:00Z,NEUTRAL,2025-07-11T00:00:00Z,2025-07-10,0.385,HIGH,8/8,,false,,False,56,8,0,0,0
MAIN,2026092503,-8,SYNTHETIC_PLACEBO_ONLY,False,PROVENANCE_ONLY_NOT_CAUSAL_TRUTH,867,5,123,2025-05-17T00:00:00Z,2025-05-18T00:00:00Z,2025.05.17 03:00,NEUTRAL,STABLE_MAPPED_ROW,,False,,923,5,131,2025-07-12T00:00:00Z,2025-07-13T00:00:00Z,NEUTRAL,2025-07-12T00:00:00Z,2025-07-11,0.385,HIGH,8/8,,false,,False,56,8,0,0,0
MAIN,2026092503,-8,SYNTHETIC_PLACEBO_ONLY,False,PROVENANCE_ONLY_NOT_CAUSAL_TRUTH,868,6,124,2025-05-18T00:00:00Z,2025-05-19T00:00:00Z,2025.05.18 03:00,NEUTRAL,STABLE_MAPPED_ROW,,False,,924,6,132,2025-07-13T00:00:00Z,2025-07-14T00:00:00Z,NEUTRAL,2025-07-13T00:00:00Z,2025-07-12,0.385,HIGH,8/8,,false,,False,56,8,0,0,0
MAIN,2026092503,-8,SYNTHETIC_PLACEBO_ONLY,False,PROVENANCE_ONLY_NOT_CAUSAL_TRUTH,869,0,124,2025-05-19T00:00:00Z,2025-05-20T00:00:00Z,2025.05.19 03:00,NEUTRAL,STABLE_MAPPED_ROW,,False,,925,0,132,2025-07-14T00:00:00Z,2025-07-15T00:00:00Z,NEUTRAL,2025-07-14T00:00:00Z,2025-07-13,0.385,HIGH,8/8,,false,,False,56,8,0,0,0
MAIN,2026092503,-8,SYNTHETIC_PLACEBO_ONLY,False,PROVENANCE_ONLY_NOT_CAUSAL_TRUTH,870,1,124,2025-05-20T00:00:00Z,2025-05-21T00:00:00Z,2025.05.20 03:00,NEUTRAL,STABLE_MAPPED_ROW,,False,,926,1,132,2025-07-15T00:00:00Z,2025-07-16T00:00:00Z,NEUTRAL,2025-07-15T00:00:00Z,2025-07-14,0.385,HIGH,8/8,,false,,False,56,8,0,0,0
MAIN,2026092503,-8,SYNTHETIC_PLACEBO_ONLY,False,PROVENANCE_ONLY_NOT_CAUSAL_TRUTH,871,2,124,2025-05-21T00:00:00Z,2025-05-22T00:00:00Z,2025.05.21 03:00,NEUTRAL,STABLE_MAPPED_ROW,,False,,927,2,132,2025-07-16T00:00:00Z,2025-07-17T00:00:00Z,NEUTRAL,2025-07-16T00:00:00Z,2025-07-15,0.346,HIGH,8/8,,false,,False,56,8,0,0,0
MAIN,2026092503,-8,SYNTHETIC_PLACEBO_ONLY,False,PROVENANCE_ONLY_NOT_CAUSAL_TRUTH,872,3,124,2025-05-22T00:00:00Z,2025-05-23T00:00:00Z,2025.05.22 03:00,NEUTRAL,STABLE_MAPPED_ROW,,False,,928,3,132,2025-07-17T00:00:00Z,2025-07-18T00:00:00Z,NEUTRAL,2025-07-17T00:00:00Z,2025-07-16,0.385,HIGH,8/8,,false,,False,56,8,0,0,0
MAIN,2026092503,-8,SYNTHETIC_PLACEBO_ONLY,False,PROVENANCE_ONLY_NOT_CAUSAL_TRUTH,873,4,124,2025-05-23T00:00:00Z,2025-05-24T00:00:00Z,2025.05.23 03:00,NEUTRAL,STABLE_MAPPED_ROW,,False,,929,4,132,2025-07-18T00:00:00Z,2025-07-19T00:00:00Z,NEUTRAL,2025-07-18T00:00:00Z,2025-07-17,0.346,HIGH,8/8,,false,,False,56,8,0,0,0
MAIN,2026092503,-8,SYNTHETIC_PLACEBO_ONLY,False,PROVENANCE_ONLY_NOT_CAUSAL_TRUTH,874,5,124,2025-05-24T00:00:00Z,2025-05-25T00:00:00Z,2025.05.24 03:00,NEUTRAL,STABLE_MAPPED_ROW,,False,,930,5,132,2025-07-19T00:00:00Z,2025-07-20T00:00:00Z,NEUTRAL,2025-07-19T00:00:00Z,2025-07-18,0.346,HIGH,8/8,,false,,False,56,8,0,0,0
MAIN,2026092503,-8,SYNTHETIC_PLACEBO_ONLY,False,PROVENANCE_ONLY_NOT_CAUSAL_TRUTH,875,6,125,2025-05-25T00:00:00Z,2025-05-26T00:00:00Z,2025.05.25 03:00,NEUTRAL,STABLE_MAPPED_ROW,,False,,931,6,133,2025-07-20T00:00:00Z,2025-07-21T00:00:00Z,NEUTRAL,2025-07-20T00:00:00Z,2025-07-19,0.346,HIGH,8/8,,false,,False,56,8,0,0,0
MAIN,2026092503,-8,SYNTHETIC_PLACEBO_ONLY,False,PROVENANCE_ONLY_NOT_CAUSAL_TRUTH,876,0,125,2025-05-26T00:00:00Z,2025-05-27T00:00:00Z,2025.05.26 03:00,NEUTRAL,STABLE_MAPPED_ROW,,False,,932,0,133,2025-07-21T00:00:00Z,2025-07-22T00:00:00Z,NEUTRAL,2025-07-21T00:00:00Z,2025-07-20,0.231,HIGH,8/8,,false,,False,56,8,0,0,0
MAIN,2026092503,-8,SYNTHETIC_PLACEBO_ONLY,False,PROVENANCE_ONLY_NOT_CAUSAL_TRUTH,877,1,125,2025-05-27T00:00:00Z,2025-05-28T00:00:00Z,2025.05.27 03:00,NEUTRAL,STABLE_MAPPED_ROW,,False,,933,1,133,2025-07-22T00:00:00Z,2025-07-23T00:00:00Z,NEUTRAL,2025-07-22T00:00:00Z,2025-07-21,0.231,HIGH,8/8,,false,,False,56,8,0,0,0
MAIN,2026092503,-8,SYNTHETIC_PLACEBO_ONLY,False,PROVENANCE_ONLY_NOT_CAUSAL_TRUTH,878,2,125,2025-05-28T00:00:00Z,2025-05-29T00:00:00Z,2025.05.28 03:00,NEUTRAL,STABLE_MAPPED_ROW,,False,,934,2,133,2025-07-23T00:00:00Z,2025-07-24T00:00:00Z,NEUTRAL,2025-07-23T00:00:00Z,2025-07-22,0.115,HIGH,8/8,,false,,False,56,8,0,0,0
MAIN,2026092503,-8,SYNTHETIC_PLACEBO_ONLY,False,PROVENANCE_ONLY_NOT_CAUSAL_TRUTH,879,3,125,2025-05-29T00:00:00Z,2025-05-30T00:00:00Z,2025.05.29 03:00,NEUTRAL,STABLE_MAPPED_ROW,,False,,935,3,133,2025-07-24T00:00:00Z,2025-07-25T00:00:00Z,NEUTRAL,2025-07-24T00:00:00Z,2025-07-23,0.385,HIGH,8/8,,false,,False,56,8,0,0,0
MAIN,2026092503,-8,SYNTHETIC_PLACEBO_ONLY,False,PROVENANCE_ONLY_NOT_CAUSAL_TRUTH,880,4,125,2025-05-30T00:00:00Z,2025-05-31T00:00:00Z,2025.05.30 03:00,NEUTRAL,STABLE_MAPPED_ROW,,False,,936,4,133,2025-07-25T00:00:00Z,2025-07-26T00:00:00Z,NEUTRAL,2025-07-25T00:00:00Z,2025-07-24,0.385,HIGH,8/8,,false,,False,56,8,0,0,0
MAIN,2026092503,-8,SYNTHETIC_PLACEBO_ONLY,False,PROVENANCE_ONLY_NOT_CAUSAL_TRUTH,881,5,125,2025-05-31T00:00:00Z,2025-06-01T00:00:00Z,2025.05.31 03:00,RISK_ON,STABLE_MAPPED_ROW,,False,,937,5,133,2025-07-26T00:00:00Z,2025-07-27T00:00:00Z,RISK_ON,2025-07-26T00:00:00Z,2025-07-25,0.538,HIGH,8/8,,false,,False,56,8,0,0,0
MAIN,2026092503,-8,SYNTHETIC_PLACEBO_ONLY,False,PROVENANCE_ONLY_NOT_CAUSAL_TRUTH,882,6,126,2025-06-01T00:00:00Z,2025-06-02T00:00:00Z,2025.06.01 03:00,RISK_ON,STABLE_MAPPED_ROW,,False,,938,6,134,2025-07-27T00:00:00Z,2025-07-28T00:00:00Z,RISK_ON,2025-07-27T00:00:00Z,2025-07-26,0.538,HIGH,8/8,,false,,False,56,8,0,0,0
MAIN,2026092503,-8,SYNTHETIC_PLACEBO_ONLY,False,PROVENANCE_ONLY_NOT_CAUSAL_TRUTH,883,0,126,2025-06-02T00:00:00Z,2025-06-03T00:00:00Z,2025.06.02 03:00,RISK_ON,STABLE_MAPPED_ROW,,False,,939,0,134,2025-07-28T00:00:00Z,2025-07-29T00:00:00Z,RISK_ON,2025-07-28T00:00:00Z,2025-07-27,0.5,HIGH,8/8,,false,,False,56,8,0,0,0
MAIN,2026092503,-8,SYNTHETIC_PLACEBO_ONLY,False,PROVENANCE_ONLY_NOT_CAUSAL_TRUTH,884,1,126,2025-06-03T00:00:00Z,2025-06-04T00:00:00Z,2025.06.03 03:00,NEUTRAL,STABLE_MAPPED_ROW,,False,,940,1,134,2025-07-29T00:00:00Z,2025-07-30T00:00:00Z,NEUTRAL,2025-07-29T00:00:00Z,2025-07-28,0.308,HIGH,8/8,,false,,False,56,8,0,0,0
MAIN,2026092503,-8,SYNTHETIC_PLACEBO_ONLY,False,PROVENANCE_ONLY_NOT_CAUSAL_TRUTH,885,2,126,2025-06-04T00:00:00Z,2025-06-05T00:00:00Z,2025.06.04 03:00,NEUTRAL,STABLE_MAPPED_ROW,,False,,941,2,134,2025-07-30T00:00:00Z,2025-07-31T00:00:00Z,NEUTRAL,2025-07-30T00:00:00Z,2025-07-29,0.231,HIGH,8/8,,false,,False,56,8,0,0,0
MAIN,2026092503,-8,SYNTHETIC_PLACEBO_ONLY,False,PROVENANCE_ONLY_NOT_CAUSAL_TRUTH,886,3,126,2025-06-05T00:00:00Z,2025-06-06T00:00:00Z,2025.06.05 03:00,NEUTRAL,STABLE_MAPPED_ROW,,False,,942,3,134,2025-07-31T00:00:00Z,2025-08-01T00:00:00Z,NEUTRAL,2025-07-31T00:00:00Z,2025-07-30,0,MED,8/8,,false,,False,56,8,0,0,0
MAIN,2026092503,-8,SYNTHETIC_PLACEBO_ONLY,False,PROVENANCE_ONLY_NOT_CAUSAL_TRUTH,887,4,126,2025-06-06T00:00:00Z,2025-06-07T00:00:00Z,2025.06.06 03:00,NEUTRAL,STABLE_MAPPED_ROW,,False,,943,4,134,2025-08-01T00:00:00Z,2025-08-02T00:00:00Z,NEUTRAL,2025-08-01T00:00:00Z,2025-07-31,-0.077,MED,8/8,,false,,False,56,8,0,0,0
MAIN,2026092503,-8,SYNTHETIC_PLACEBO_ONLY,False,PROVENANCE_ONLY_NOT_CAUSAL_TRUTH,888,5,126,2025-06-07T00:00:00Z,2025-06-08T00:00:00Z,2025.06.07 03:00,RISK_OFF,STABLE_MAPPED_ROW,,False,,944,5,134,2025-08-02T00:00:00Z,2025-08-03T00:00:00Z,RISK_OFF,2025-08-02T00:00:00Z,2025-08-01,-0.462,HIGH,8/8,,false,,False,56,8,0,0,0
MAIN,2026092503,-8,SYNTHETIC_PLACEBO_ONLY,False,PROVENANCE_ONLY_NOT_CAUSAL_TRUTH,889,6,127,2025-06-08T00:00:00Z,2025-06-09T00:00:00Z,2025.06.08 03:00,RISK_OFF,STABLE_MAPPED_ROW,,False,,945,6,135,2025-08-03T00:00:00Z,2025-08-04T00:00:00Z,RISK_OFF,2025-08-03T00:00:00Z,2025-08-02,-0.462,HIGH,8/8,,false,,False,56,8,0,0,0
MAIN,2026092503,-8,SYNTHETIC_PLACEBO_ONLY,False,PROVENANCE_ONLY_NOT_CAUSAL_TRUTH,890,0,127,2025-06-09T00:00:00Z,2025-06-10T00:00:00Z,2025.06.09 03:00,RISK_OFF,STABLE_MAPPED_ROW,,False,,946,0,135,2025-08-04T00:00:00Z,2025-08-05T00:00:00Z,RISK_OFF,2025-08-04T00:00:00Z,2025-08-03,-0.808,HIGH,8/8,,false,,False,56,8,0,0,0
MAIN,2026092503,-8,SYNTHETIC_PLACEBO_ONLY,False,PROVENANCE_ONLY_NOT_CAUSAL_TRUTH,891,1,127,2025-06-10T00:00:00Z,2025-06-11T00:00:00Z,2025.06.10 03:00,RISK_OFF,STABLE_MAPPED_ROW,,False,,947,1,135,2025-08-05T00:00:00Z,2025-08-06T00:00:00Z,RISK_OFF,2025-08-05T00:00:00Z,2025-08-04,-0.577,HIGH,8/8,,false,,False,56,8,0,0,0
MAIN,2026092503,-8,SYNTHETIC_PLACEBO_ONLY,False,PROVENANCE_ONLY_NOT_CAUSAL_TRUTH,892,2,127,2025-06-11T00:00:00Z,2025-06-12T00:00:00Z,2025.06.11 03:00,RISK_OFF,STABLE_MAPPED_ROW,,False,,948,2,135,2025-08-06T00:00:00Z,2025-08-07T00:00:00Z,RISK_OFF,2025-08-06T00:00:00Z,2025-08-05,-0.423,HIGH,8/8,,false,,False,56,8,0,0,0
MAIN,2026092503,-8,SYNTHETIC_PLACEBO_ONLY,False,PROVENANCE_ONLY_NOT_CAUSAL_TRUTH,893,3,127,2025-06-12T00:00:00Z,2025-06-13T00:00:00Z,2025.06.12 03:00,NEUTRAL,STABLE_MAPPED_ROW,,False,,949,3,135,2025-08-07T00:00:00Z,2025-08-08T00:00:00Z,NEUTRAL,2025-08-07T00:00:00Z,2025-08-06,-0.115,MED,8/8,,false,,False,56,8,0,0,0
MAIN,2026092503,-8,SYNTHETIC_PLACEBO_ONLY,False,PROVENANCE_ONLY_NOT_CAUSAL_TRUTH,894,4,127,2025-06-13T00:00:00Z,2025-06-14T00:00:00Z,2025.06.13 03:00,NEUTRAL,STABLE_MAPPED_ROW,,False,,950,4,135,2025-08-08T00:00:00Z,2025-08-09T00:00:00Z,NEUTRAL,2025-08-08T00:00:00Z,2025-08-07,-0.192,MED,8/8,,false,,False,56,8,0,0,0
MAIN,2026092503,-8,SYNTHETIC_PLACEBO_ONLY,False,PROVENANCE_ONLY_NOT_CAUSAL_TRUTH,895,5,127,2025-06-14T00:00:00Z,2025-06-15T00:00:00Z,2025.06.14 03:00,NEUTRAL,STABLE_MAPPED_ROW,,False,,951,5,135,2025-08-09T00:00:00Z,2025-08-10T00:00:00Z,NEUTRAL,2025-08-09T00:00:00Z,2025-08-08,-0.192,MED,8/8,,false,,False,56,8,0,0,0
MAIN,2026092503,-8,SYNTHETIC_PLACEBO_ONLY,False,PROVENANCE_ONLY_NOT_CAUSAL_TRUTH,896,6,128,2025-06-15T00:00:00Z,2025-06-16T00:00:00Z,2025.06.15 03:00,NEUTRAL,STABLE_MAPPED_ROW,,False,,952,6,136,2025-08-10T00:00:00Z,2025-08-11T00:00:00Z,NEUTRAL,2025-08-10T00:00:00Z,2025-08-09,-0.192,MED,8/8,,false,,False,56,8,0,0,0
MAIN,2026092503,-8,SYNTHETIC_PLACEBO_ONLY,False,PROVENANCE_ONLY_NOT_CAUSAL_TRUTH,897,0,128,2025-06-16T00:00:00Z,2025-06-17T00:00:00Z,2025.06.16 03:00,NEUTRAL,STABLE_MAPPED_ROW,,False,,953,0,136,2025-08-11T00:00:00Z,2025-08-12T00:00:00Z,NEUTRAL,2025-08-11T00:00:00Z,2025-08-10,0.231,MED,8/8,,false,,False,56,8,0,0,0
MAIN,2026092503,-8,SYNTHETIC_PLACEBO_ONLY,False,PROVENANCE_ONLY_NOT_CAUSAL_TRUTH,898,1,128,2025-06-17T00:00:00Z,2025-06-18T00:00:00Z,2025.06.17 03:00,NEUTRAL,STABLE_MAPPED_ROW,,False,,954,1,136,2025-08-12T00:00:00Z,2025-08-13T00:00:00Z,NEUTRAL,2025-08-12T00:00:00Z,2025-08-11,0.231,MED,8/8,,false,,False,56,8,0,0,0
MAIN,2026092503,-8,SYNTHETIC_PLACEBO_ONLY,False,PROVENANCE_ONLY_NOT_CAUSAL_TRUTH,899,2,128,2025-06-18T00:00:00Z,2025-06-19T00:00:00Z,2025.06.18 03:00,NEUTRAL,STABLE_MAPPED_ROW,,False,,955,2,136,2025-08-13T00:00:00Z,2025-08-14T00:00:00Z,NEUTRAL,2025-08-13T00:00:00Z,2025-08-12,0.385,HIGH,8/8,,false,,False,56,8,0,0,0
MAIN,2026092503,-8,SYNTHETIC_PLACEBO_ONLY,False,PROVENANCE_ONLY_NOT_CAUSAL_TRUTH,900,3,128,2025-06-19T00:00:00Z,2025-06-20T00:00:00Z,2025.06.19 03:00,NEUTRAL,STABLE_MAPPED_ROW,,False,,956,3,136,2025-08-14T00:00:00Z,2025-08-15T00:00:00Z,NEUTRAL,2025-08-14T00:00:00Z,2025-08-13,0.385,HIGH,8/8,,false,,False,56,8,0,0,0
MAIN,2026092503,-8,SYNTHETIC_PLACEBO_ONLY,False,PROVENANCE_ONLY_NOT_CAUSAL_TRUTH,901,4,128,2025-06-20T00:00:00Z,2025-06-21T00:00:00Z,2025.06.20 03:00,NEUTRAL,STABLE_MAPPED_ROW,,False,,957,4,136,2025-08-15T00:00:00Z,2025-08-16T00:00:00Z,NEUTRAL,2025-08-15T00:00:00Z,2025-08-14,0.385,HIGH,8/8,,false,,False,56,8,0,0,0
MAIN,2026092503,-8,SYNTHETIC_PLACEBO_ONLY,False,PROVENANCE_ONLY_NOT_CAUSAL_TRUTH,902,5,128,2025-06-21T00:00:00Z,2025-06-22T00:00:00Z,2025.06.21 03:00,NEUTRAL,STABLE_MAPPED_ROW,,False,,958,5,136,2025-08-16T00:00:00Z,2025-08-17T00:00:00Z,NEUTRAL,2025-08-16T00:00:00Z,2025-08-15,0.192,MED,8/8,,false,,False,56,8,0,0,0
MAIN,2026092503,-8,SYNTHETIC_PLACEBO_ONLY,False,PROVENANCE_ONLY_NOT_CAUSAL_TRUTH,903,6,129,2025-06-22T00:00:00Z,2025-06-23T00:00:00Z,2025.06.22 03:00,NEUTRAL,STABLE_MAPPED_ROW,,False,,959,6,137,2025-08-17T00:00:00Z,2025-08-18T00:00:00Z,NEUTRAL,2025-08-17T00:00:00Z,2025-08-16,0.192,MED,8/8,,false,,False,56,8,0,0,0
MAIN,2026092503,-8,SYNTHETIC_PLACEBO_ONLY,False,PROVENANCE_ONLY_NOT_CAUSAL_TRUTH,904,0,129,2025-06-23T00:00:00Z,2025-06-24T00:00:00Z,2025.06.23 03:00,NEUTRAL,STABLE_MAPPED_ROW,,False,,960,0,137,2025-08-18T00:00:00Z,2025-08-19T00:00:00Z,NEUTRAL,2025-08-18T00:00:00Z,2025-08-17,0.077,MED,8/8,,false,,False,56,8,0,0,0
MAIN,2026092503,-8,SYNTHETIC_PLACEBO_ONLY,False,PROVENANCE_ONLY_NOT_CAUSAL_TRUTH,905,1,129,2025-06-24T00:00:00Z,2025-06-25T00:00:00Z,2025.06.24 03:00,NEUTRAL,STABLE_MAPPED_ROW,,False,,961,1,137,2025-08-19T00:00:00Z,2025-08-20T00:00:00Z,NEUTRAL,2025-08-19T00:00:00Z,2025-08-18,0.077,MED,8/8,,false,,False,56,8,0,0,0
MAIN,2026092503,-8,SYNTHETIC_PLACEBO_ONLY,False,PROVENANCE_ONLY_NOT_CAUSAL_TRUTH,906,2,129,2025-06-25T00:00:00Z,2025-06-26T00:00:00Z,2025.06.25 03:00,NEUTRAL,STABLE_MAPPED_ROW,,False,,962,2,137,2025-08-20T00:00:00Z,2025-08-21T00:00:00Z,NEUTRAL,2025-08-20T00:00:00Z,2025-08-19,-0.077,MED,8/8,,false,,False,56,8,0,0,0
MAIN,2026092503,-8,SYNTHETIC_PLACEBO_ONLY,False,PROVENANCE_ONLY_NOT_CAUSAL_TRUTH,907,3,129,2025-06-26T00:00:00Z,2025-06-27T00:00:00Z,2025.06.26 03:00,RISK_OFF,STABLE_MAPPED_ROW,,False,,963,3,137,2025-08-21T00:00:00Z,2025-08-22T00:00:00Z,RISK_OFF,2025-08-21T00:00:00Z,2025-08-20,-0.269,MED,8/8,,false,,False,56,8,0,0,0
MAIN,2026092503,-8,SYNTHETIC_PLACEBO_ONLY,False,PROVENANCE_ONLY_NOT_CAUSAL_TRUTH,908,4,129,2025-06-27T00:00:00Z,2025-06-28T00:00:00Z,2025.06.27 03:00,NEUTRAL,STABLE_MAPPED_ROW,,False,,964,4,137,2025-08-22T00:00:00Z,2025-08-23T00:00:00Z,NEUTRAL,2025-08-22T00:00:00Z,2025-08-21,-0.077,MED,8/8,,false,,False,56,8,0,0,0
MAIN,2026092503,-8,SYNTHETIC_PLACEBO_ONLY,False,PROVENANCE_ONLY_NOT_CAUSAL_TRUTH,909,5,129,2025-06-28T00:00:00Z,2025-06-29T00:00:00Z,2025.06.28 03:00,NEUTRAL,STABLE_MAPPED_ROW,,False,,965,5,137,2025-08-23T00:00:00Z,2025-08-24T00:00:00Z,NEUTRAL,2025-08-23T00:00:00Z,2025-08-22,0.231,HIGH,8/8,,false,,False,56,8,0,0,0
MAIN,2026092503,-8,SYNTHETIC_PLACEBO_ONLY,False,PROVENANCE_ONLY_NOT_CAUSAL_TRUTH,910,6,130,2025-06-29T00:00:00Z,2025-06-30T00:00:00Z,2025.06.29 03:00,NEUTRAL,STABLE_MAPPED_ROW,,False,,966,6,138,2025-08-24T00:00:00Z,2025-08-25T00:00:00Z,NEUTRAL,2025-08-24T00:00:00Z,2025-08-23,0.231,HIGH,8/8,,false,,False,56,8,0,0,0
MAIN,2026092503,-8,SYNTHETIC_PLACEBO_ONLY,False,PROVENANCE_ONLY_NOT_CAUSAL_TRUTH,911,0,130,2025-06-30T00:00:00Z,2025-07-01T00:00:00Z,2025.06.30 03:00,NEUTRAL,STABLE_MAPPED_ROW,,False,,967,0,138,2025-08-25T00:00:00Z,2025-08-26T00:00:00Z,NEUTRAL,2025-08-25T00:00:00Z,2025-08-24,0.269,HIGH,8/8,,false,,False,56,8,0,0,0
MAIN,2026092503,-8,SYNTHETIC_PLACEBO_ONLY,False,PROVENANCE_ONLY_NOT_CAUSAL_TRUTH,912,1,130,2025-07-01T00:00:00Z,2025-07-02T00:00:00Z,2025.07.01 03:00,NEUTRAL,STABLE_MAPPED_ROW,,False,,968,1,138,2025-08-26T00:00:00Z,2025-08-27T00:00:00Z,NEUTRAL,2025-08-26T00:00:00Z,2025-08-25,0.077,MED,8/8,,false,,False,56,8,0,0,0
MAIN,2026092503,-8,SYNTHETIC_PLACEBO_ONLY,False,PROVENANCE_ONLY_NOT_CAUSAL_TRUTH,913,2,130,2025-07-02T00:00:00Z,2025-07-03T00:00:00Z,2025.07.02 03:00,NEUTRAL,STABLE_MAPPED_ROW,,False,,969,2,138,2025-08-27T00:00:00Z,2025-08-28T00:00:00Z,NEUTRAL,2025-08-27T00:00:00Z,2025-08-26,0.346,HIGH,8/8,,false,,False,56,8,0,0,0
MAIN,2026092503,-8,SYNTHETIC_PLACEBO_ONLY,False,PROVENANCE_ONLY_NOT_CAUSAL_TRUTH,914,3,130,2025-07-03T00:00:00Z,2025-07-04T00:00:00Z,2025.07.03 03:00,NEUTRAL,STABLE_MAPPED_ROW,,False,,970,3,138,2025-08-28T00:00:00Z,2025-08-29T00:00:00Z,NEUTRAL,2025-08-28T00:00:00Z,2025-08-27,0.192,MED,8/8,,false,,False,56,8,0,0,0
MAIN,2026092503,-8,SYNTHETIC_PLACEBO_ONLY,False,PROVENANCE_ONLY_NOT_CAUSAL_TRUTH,915,4,130,2025-07-04T00:00:00Z,2025-07-05T00:00:00Z,2025.07.04 03:00,NEUTRAL,STABLE_MAPPED_ROW,,False,,971,4,138,2025-08-29T00:00:00Z,2025-08-30T00:00:00Z,NEUTRAL,2025-08-29T00:00:00Z,2025-08-28,0.346,HIGH,8/8,,false,,False,56,8,0,0,0
MAIN,2026092503,-8,SYNTHETIC_PLACEBO_ONLY,False,PROVENANCE_ONLY_NOT_CAUSAL_TRUTH,916,5,130,2025-07-05T00:00:00Z,2025-07-06T00:00:00Z,2025.07.05 03:00,NEUTRAL,STABLE_MAPPED_ROW,,False,,972,5,138,2025-08-30T00:00:00Z,2025-08-31T00:00:00Z,NEUTRAL,2025-08-30T00:00:00Z,2025-08-29,0.038,LOW,8/8,,false,,False,56,8,0,0,0
MAIN,2026092503,-8,SYNTHETIC_PLACEBO_ONLY,False,PROVENANCE_ONLY_NOT_CAUSAL_TRUTH,917,6,131,2025-07-06T00:00:00Z,2025-07-07T00:00:00Z,2025.07.06 03:00,NEUTRAL,STABLE_MAPPED_ROW,,False,,973,6,139,2025-08-31T00:00:00Z,2025-09-01T00:00:00Z,NEUTRAL,2025-08-31T00:00:00Z,2025-08-30,0.192,MED,8/8,,false,,False,56,8,0,0,0
MAIN,2026092503,-8,SYNTHETIC_PLACEBO_ONLY,False,PROVENANCE_ONLY_NOT_CAUSAL_TRUTH,918,0,131,2025-07-07T00:00:00Z,2025-07-08T00:00:00Z,2025.07.07 03:00,NEUTRAL,STABLE_MAPPED_ROW,,False,,974,0,139,2025-09-01T00:00:00Z,2025-09-02T00:00:00Z,NEUTRAL,2025-09-01T00:00:00Z,2025-08-31,0.038,LOW,8/8,,false,,False,56,8,0,0,0
MAIN,2026092503,-8,SYNTHETIC_PLACEBO_ONLY,False,PROVENANCE_ONLY_NOT_CAUSAL_TRUTH,919,1,131,2025-07-08T00:00:00Z,2025-07-09T00:00:00Z,2025.07.08 03:00,NEUTRAL,STABLE_MAPPED_ROW,,False,,975,1,139,2025-09-02T00:00:00Z,2025-09-03T00:00:00Z,NEUTRAL,2025-09-02T00:00:00Z,2025-09-01,0.192,MED,8/8,,false,,False,56,8,0,0,0
MAIN,2026092503,-8,SYNTHETIC_PLACEBO_ONLY,False,PROVENANCE_ONLY_NOT_CAUSAL_TRUTH,920,2,131,2025-07-09T00:00:00Z,2025-07-10T00:00:00Z,2025.07.09 03:00,NEUTRAL,STABLE_MAPPED_ROW,,False,,976,2,139,2025-09-03T00:00:00Z,2025-09-04T00:00:00Z,NEUTRAL,2025-09-03T00:00:00Z,2025-09-02,0.115,MED,8/8,,false,,False,56,8,0,0,0
MAIN,2026092503,-8,SYNTHETIC_PLACEBO_ONLY,False,PROVENANCE_ONLY_NOT_CAUSAL_TRUTH,921,3,131,2025-07-10T00:00:00Z,2025-07-11T00:00:00Z,2025.07.10 03:00,NEUTRAL,STABLE_MAPPED_ROW,,False,,977,3,139,2025-09-04T00:00:00Z,2025-09-05T00:00:00Z,NEUTRAL,2025-09-04T00:00:00Z,2025-09-03,0.154,MED,8/8,,false,,False,56,8,0,0,0
MAIN,2026092503,-8,SYNTHETIC_PLACEBO_ONLY,False,PROVENANCE_ONLY_NOT_CAUSAL_TRUTH,922,4,131,2025-07-11T00:00:00Z,2025-07-12T00:00:00Z,2025.07.11 03:00,NEUTRAL,STABLE_MAPPED_ROW,,False,,978,4,139,2025-09-05T00:00:00Z,2025-09-06T00:00:00Z,NEUTRAL,2025-09-05T00:00:00Z,2025-09-04,0.231,MED,8/8,,false,,False,56,8,0,0,0
MAIN,2026092503,-8,SYNTHETIC_PLACEBO_ONLY,False,PROVENANCE_ONLY_NOT_CAUSAL_TRUTH,923,5,131,2025-07-12T00:00:00Z,2025-07-13T00:00:00Z,2025.07.12 03:00,NEUTRAL,STABLE_MAPPED_ROW,,False,,979,5,139,2025-09-06T00:00:00Z,2025-09-07T00:00:00Z,NEUTRAL,2025-09-06T00:00:00Z,2025-09-05,0.231,MED,8/8,,false,,False,56,8,0,0,0
MAIN,2026092503,-8,SYNTHETIC_PLACEBO_ONLY,False,PROVENANCE_ONLY_NOT_CAUSAL_TRUTH,924,6,132,2025-07-13T00:00:00Z,2025-07-14T00:00:00Z,2025.07.13 03:00,NEUTRAL,STABLE_MAPPED_ROW,,False,,980,6,140,2025-09-07T00:00:00Z,2025-09-08T00:00:00Z,NEUTRAL,2025-09-07T00:00:00Z,2025-09-06,0.231,MED,8/8,,false,,False,56,8,0,0,0
MAIN,2026092503,-8,SYNTHETIC_PLACEBO_ONLY,False,PROVENANCE_ONLY_NOT_CAUSAL_TRUTH,925,0,132,2025-07-14T00:00:00Z,2025-07-15T00:00:00Z,2025.07.14 03:00,NEUTRAL,STABLE_MAPPED_ROW,,False,,981,0,140,2025-09-08T00:00:00Z,2025-09-09T00:00:00Z,NEUTRAL,2025-09-08T00:00:00Z,2025-09-07,0.192,MED,8/8,,false,,False,56,8,0,0,0
MAIN,2026092503,-8,SYNTHETIC_PLACEBO_ONLY,False,PROVENANCE_ONLY_NOT_CAUSAL_TRUTH,926,1,132,2025-07-15T00:00:00Z,2025-07-16T00:00:00Z,2025.07.15 03:00,NEUTRAL,STABLE_MAPPED_ROW,,False,,982,1,140,2025-09-09T00:00:00Z,2025-09-10T00:00:00Z,NEUTRAL,2025-09-09T00:00:00Z,2025-09-08,0.077,MED,8/8,,false,,False,56,8,0,0,0
MAIN,2026092503,-8,SYNTHETIC_PLACEBO_ONLY,False,PROVENANCE_ONLY_NOT_CAUSAL_TRUTH,927,2,132,2025-07-16T00:00:00Z,2025-07-17T00:00:00Z,2025.07.16 03:00,NEUTRAL,STABLE_MAPPED_ROW,,False,,983,2,140,2025-09-10T00:00:00Z,2025-09-11T00:00:00Z,NEUTRAL,2025-09-10T00:00:00Z,2025-09-09,0.077,MED,8/8,,false,,False,56,8,0,0,0
MAIN,2026092503,-8,SYNTHETIC_PLACEBO_ONLY,False,PROVENANCE_ONLY_NOT_CAUSAL_TRUTH,928,3,132,2025-07-17T00:00:00Z,2025-07-18T00:00:00Z,2025.07.17 03:00,NEUTRAL,STABLE_MAPPED_ROW,,False,,984,3,140,2025-09-11T00:00:00Z,2025-09-12T00:00:00Z,NEUTRAL,2025-09-11T00:00:00Z,2025-09-10,0.077,MED,8/8,,false,,False,56,8,0,0,0
MAIN,2026092503,-8,SYNTHETIC_PLACEBO_ONLY,False,PROVENANCE_ONLY_NOT_CAUSAL_TRUTH,929,4,132,2025-07-18T00:00:00Z,2025-07-19T00:00:00Z,2025.07.18 03:00,NEUTRAL,STABLE_MAPPED_ROW,,False,,985,4,140,2025-09-12T00:00:00Z,2025-09-13T00:00:00Z,NEUTRAL,2025-09-12T00:00:00Z,2025-09-11,0.231,MED,8/8,,false,,False,56,8,0,0,0
MAIN,2026092503,-8,SYNTHETIC_PLACEBO_ONLY,False,PROVENANCE_ONLY_NOT_CAUSAL_TRUTH,930,5,132,2025-07-19T00:00:00Z,2025-07-20T00:00:00Z,2025.07.19 03:00,NEUTRAL,STABLE_MAPPED_ROW,,False,,986,5,140,2025-09-13T00:00:00Z,2025-09-14T00:00:00Z,NEUTRAL,2025-09-13T00:00:00Z,2025-09-12,0.385,HIGH,8/8,,false,,False,56,8,0,0,0
MAIN,2026092503,-8,SYNTHETIC_PLACEBO_ONLY,False,PROVENANCE_ONLY_NOT_CAUSAL_TRUTH,931,6,133,2025-07-20T00:00:00Z,2025-07-21T00:00:00Z,2025.07.20 03:00,NEUTRAL,STABLE_MAPPED_ROW,,False,,987,6,141,2025-09-14T00:00:00Z,2025-09-15T00:00:00Z,NEUTRAL,2025-09-14T00:00:00Z,2025-09-13,0.385,HIGH,8/8,,false,,False,56,8,0,0,0
MAIN,2026092503,-8,SYNTHETIC_PLACEBO_ONLY,False,PROVENANCE_ONLY_NOT_CAUSAL_TRUTH,932,0,133,2025-07-21T00:00:00Z,2025-07-22T00:00:00Z,2025.07.21 03:00,NEUTRAL,STABLE_MAPPED_ROW,,False,,988,0,141,2025-09-15T00:00:00Z,2025-09-16T00:00:00Z,NEUTRAL,2025-09-15T00:00:00Z,2025-09-14,0.385,HIGH,8/8,,false,,False,56,8,0,0,0
MAIN,2026092503,-8,SYNTHETIC_PLACEBO_ONLY,False,PROVENANCE_ONLY_NOT_CAUSAL_TRUTH,933,1,133,2025-07-22T00:00:00Z,2025-07-23T00:00:00Z,2025.07.22 03:00,NEUTRAL,STABLE_MAPPED_ROW,,False,,989,1,141,2025-09-16T00:00:00Z,2025-09-17T00:00:00Z,NEUTRAL,2025-09-16T00:00:00Z,2025-09-15,0.385,HIGH,8/8,,false,,False,56,8,0,0,0
MAIN,2026092503,-8,SYNTHETIC_PLACEBO_ONLY,False,PROVENANCE_ONLY_NOT_CAUSAL_TRUTH,934,2,133,2025-07-23T00:00:00Z,2025-07-24T00:00:00Z,2025.07.23 03:00,NEUTRAL,STABLE_MAPPED_ROW,,False,,990,2,141,2025-09-17T00:00:00Z,2025-09-18T00:00:00Z,NEUTRAL,2025-09-17T00:00:00Z,2025-09-16,0.231,MED,8/8,,false,,False,56,8,0,0,0
MAIN,2026092503,-8,SYNTHETIC_PLACEBO_ONLY,False,PROVENANCE_ONLY_NOT_CAUSAL_TRUTH,935,3,133,2025-07-24T00:00:00Z,2025-07-25T00:00:00Z,2025.07.24 03:00,NEUTRAL,STABLE_MAPPED_ROW,,False,,991,3,141,2025-09-18T00:00:00Z,2025-09-19T00:00:00Z,NEUTRAL,2025-09-18T00:00:00Z,2025-09-17,0.231,MED,8/8,,false,,False,56,8,0,0,0
MAIN,2026092503,-8,SYNTHETIC_PLACEBO_ONLY,False,PROVENANCE_ONLY_NOT_CAUSAL_TRUTH,936,4,133,2025-07-25T00:00:00Z,2025-07-26T00:00:00Z,2025.07.25 03:00,NEUTRAL,STABLE_MAPPED_ROW,,False,,992,4,141,2025-09-19T00:00:00Z,2025-09-20T00:00:00Z,NEUTRAL,2025-09-19T00:00:00Z,2025-09-18,0.115,MED,8/8,,false,,False,56,8,0,0,0
MAIN,2026092503,-8,SYNTHETIC_PLACEBO_ONLY,False,PROVENANCE_ONLY_NOT_CAUSAL_TRUTH,937,5,133,2025-07-26T00:00:00Z,2025-07-27T00:00:00Z,2025.07.26 03:00,NEUTRAL,STABLE_MAPPED_ROW,,False,,993,5,141,2025-09-20T00:00:00Z,2025-09-21T00:00:00Z,NEUTRAL,2025-09-20T00:00:00Z,2025-09-19,0.115,MED,8/8,,false,,False,56,8,0,0,0
MAIN,2026092503,-8,SYNTHETIC_PLACEBO_ONLY,False,PROVENANCE_ONLY_NOT_CAUSAL_TRUTH,938,6,134,2025-07-27T00:00:00Z,2025-07-28T00:00:00Z,2025.07.27 03:00,NEUTRAL,STABLE_MAPPED_ROW,,False,,994,6,142,2025-09-21T00:00:00Z,2025-09-22T00:00:00Z,NEUTRAL,2025-09-21T00:00:00Z,2025-09-20,0.115,MED,8/8,,false,,False,56,8,0,0,0
MAIN,2026092503,-8,SYNTHETIC_PLACEBO_ONLY,False,PROVENANCE_ONLY_NOT_CAUSAL_TRUTH,939,0,134,2025-07-28T00:00:00Z,2025-07-29T00:00:00Z,2025.07.28 03:00,NEUTRAL,STABLE_MAPPED_ROW,,False,,995,0,142,2025-09-22T00:00:00Z,2025-09-23T00:00:00Z,NEUTRAL,2025-09-22T00:00:00Z,2025-09-21,0.077,MED,8/8,,false,,False,56,8,0,0,0
MAIN,2026092503,-8,SYNTHETIC_PLACEBO_ONLY,False,PROVENANCE_ONLY_NOT_CAUSAL_TRUTH,940,1,134,2025-07-29T00:00:00Z,2025-07-30T00:00:00Z,2025.07.29 03:00,NEUTRAL,STABLE_MAPPED_ROW,,False,,996,1,142,2025-09-23T00:00:00Z,2025-09-24T00:00:00Z,NEUTRAL,2025-09-23T00:00:00Z,2025-09-22,-0.077,MED,8/8,,false,,False,56,8,0,0,0
MAIN,2026092503,-8,SYNTHETIC_PLACEBO_ONLY,False,PROVENANCE_ONLY_NOT_CAUSAL_TRUTH,941,2,134,2025-07-30T00:00:00Z,2025-07-31T00:00:00Z,2025.07.30 03:00,NEUTRAL,STABLE_MAPPED_ROW,,False,,997,2,142,2025-09-24T00:00:00Z,2025-09-25T00:00:00Z,NEUTRAL,2025-09-24T00:00:00Z,2025-09-23,-0.077,MED,8/8,,false,,False,56,8,0,0,0
MAIN,2026092503,-8,SYNTHETIC_PLACEBO_ONLY,False,PROVENANCE_ONLY_NOT_CAUSAL_TRUTH,942,3,134,2025-07-31T00:00:00Z,2025-08-01T00:00:00Z,2025.07.31 03:00,NEUTRAL,STABLE_MAPPED_ROW,,False,,998,3,142,2025-09-25T00:00:00Z,2025-09-26T00:00:00Z,NEUTRAL,2025-09-25T00:00:00Z,2025-09-24,0.346,HIGH,8/8,,false,,False,56,8,0,0,0
MAIN,2026092503,-8,SYNTHETIC_PLACEBO_ONLY,False,PROVENANCE_ONLY_NOT_CAUSAL_TRUTH,943,4,134,2025-08-01T00:00:00Z,2025-08-02T00:00:00Z,2025.08.01 03:00,NEUTRAL,STABLE_MAPPED_ROW,,False,,999,4,142,2025-09-26T00:00:00Z,2025-09-27T00:00:00Z,NEUTRAL,2025-09-26T00:00:00Z,2025-09-25,0.192,MED,8/8,,false,,False,56,8,0,0,0
MAIN,2026092503,-8,SYNTHETIC_PLACEBO_ONLY,False,PROVENANCE_ONLY_NOT_CAUSAL_TRUTH,944,5,134,2025-08-02T00:00:00Z,2025-08-03T00:00:00Z,2025.08.02 03:00,NEUTRAL,STABLE_MAPPED_ROW,,False,,1000,5,142,2025-09-27T00:00:00Z,2025-09-28T00:00:00Z,NEUTRAL,2025-09-27T00:00:00Z,2025-09-26,0.192,MED,8/8,,false,,False,56,8,0,0,0
MAIN,2026092503,-8,SYNTHETIC_PLACEBO_ONLY,False,PROVENANCE_ONLY_NOT_CAUSAL_TRUTH,945,6,135,2025-08-03T00:00:00Z,2025-08-04T00:00:00Z,2025.08.03 03:00,NEUTRAL,STABLE_MAPPED_ROW,,False,,1001,6,143,2025-09-28T00:00:00Z,2025-09-29T00:00:00Z,NEUTRAL,2025-09-28T00:00:00Z,2025-09-27,0.346,HIGH,8/8,,false,,False,56,8,0,0,0
MAIN,2026092503,-8,SYNTHETIC_PLACEBO_ONLY,False,PROVENANCE_ONLY_NOT_CAUSAL_TRUTH,946,0,135,2025-08-04T00:00:00Z,2025-08-05T00:00:00Z,2025.08.04 03:00,NEUTRAL,STABLE_MAPPED_ROW,,False,,1002,0,143,2025-09-29T00:00:00Z,2025-09-30T00:00:00Z,NEUTRAL,2025-09-29T00:00:00Z,2025-09-28,0.385,HIGH,8/8,,false,,False,56,8,0,0,0
MAIN,2026092503,-8,SYNTHETIC_PLACEBO_ONLY,False,PROVENANCE_ONLY_NOT_CAUSAL_TRUTH,947,1,135,2025-08-05T00:00:00Z,2025-08-06T00:00:00Z,2025.08.05 03:00,NEUTRAL,STABLE_MAPPED_ROW,,False,,1003,1,143,2025-09-30T00:00:00Z,2025-10-01T00:00:00Z,NEUTRAL,2025-09-30T00:00:00Z,2025-09-29,0.385,HIGH,8/8,,false,,False,56,8,0,0,0
MAIN,2026092503,-8,SYNTHETIC_PLACEBO_ONLY,False,PROVENANCE_ONLY_NOT_CAUSAL_TRUTH,948,2,135,2025-08-06T00:00:00Z,2025-08-07T00:00:00Z,2025.08.06 03:00,NEUTRAL,STABLE_MAPPED_ROW,,False,,1004,2,143,2025-10-01T00:00:00Z,2025-10-02T00:00:00Z,NEUTRAL,2025-10-01T00:00:00Z,2025-09-30,0.385,HIGH,8/8,,false,,False,56,8,0,0,0
MAIN,2026092503,-8,SYNTHETIC_PLACEBO_ONLY,False,PROVENANCE_ONLY_NOT_CAUSAL_TRUTH,949,3,135,2025-08-07T00:00:00Z,2025-08-08T00:00:00Z,2025.08.07 03:00,NEUTRAL,STABLE_MAPPED_ROW,,False,,1005,3,143,2025-10-02T00:00:00Z,2025-10-03T00:00:00Z,NEUTRAL,2025-10-02T00:00:00Z,2025-10-01,0.269,HIGH,8/8,,false,,False,56,8,0,0,0
MAIN,2026092503,-8,SYNTHETIC_PLACEBO_ONLY,False,PROVENANCE_ONLY_NOT_CAUSAL_TRUTH,950,4,135,2025-08-08T00:00:00Z,2025-08-09T00:00:00Z,2025.08.08 03:00,NEUTRAL,STABLE_MAPPED_ROW,,False,,1006,4,143,2025-10-03T00:00:00Z,2025-10-04T00:00:00Z,NEUTRAL,2025-10-03T00:00:00Z,2025-10-02,-0.038,LOW,8/8,,false,,False,56,8,0,0,0
MAIN,2026092503,-8,SYNTHETIC_PLACEBO_ONLY,False,PROVENANCE_ONLY_NOT_CAUSAL_TRUTH,951,5,135,2025-08-09T00:00:00Z,2025-08-10T00:00:00Z,2025.08.09 03:00,NEUTRAL,STABLE_MAPPED_ROW,,False,,1007,5,143,2025-10-04T00:00:00Z,2025-10-05T00:00:00Z,NEUTRAL,2025-10-04T00:00:00Z,2025-10-03,-0.038,LOW,8/8,,false,,False,56,8,0,0,0
MAIN,2026092503,-8,SYNTHETIC_PLACEBO_ONLY,False,PROVENANCE_ONLY_NOT_CAUSAL_TRUTH,952,6,136,2025-08-10T00:00:00Z,2025-08-11T00:00:00Z,2025.08.10 03:00,NEUTRAL,STABLE_MAPPED_ROW,,False,,1008,6,144,2025-10-05T00:00:00Z,2025-10-06T00:00:00Z,NEUTRAL,2025-10-05T00:00:00Z,2025-10-04,-0.038,LOW,8/8,,false,,False,56,8,0,0,0
MAIN,2026092503,-8,SYNTHETIC_PLACEBO_ONLY,False,PROVENANCE_ONLY_NOT_CAUSAL_TRUTH,953,0,136,2025-08-11T00:00:00Z,2025-08-12T00:00:00Z,2025.08.11 03:00,NEUTRAL,STABLE_MAPPED_ROW,,False,,1009,0,144,2025-10-06T00:00:00Z,2025-10-07T00:00:00Z,NEUTRAL,2025-10-06T00:00:00Z,2025-10-05,0.385,HIGH,8/8,,false,,False,56,8,0,0,0
MAIN,2026092503,-8,SYNTHETIC_PLACEBO_ONLY,False,PROVENANCE_ONLY_NOT_CAUSAL_TRUTH,954,1,136,2025-08-12T00:00:00Z,2025-08-13T00:00:00Z,2025.08.12 03:00,NEUTRAL,STABLE_MAPPED_ROW,,False,,1010,1,144,2025-10-07T00:00:00Z,2025-10-08T00:00:00Z,NEUTRAL,2025-10-07T00:00:00Z,2025-10-06,0.385,HIGH,8/8,,false,,False,56,8,0,0,0
MAIN,2026092503,-8,SYNTHETIC_PLACEBO_ONLY,False,PROVENANCE_ONLY_NOT_CAUSAL_TRUTH,955,2,136,2025-08-13T00:00:00Z,2025-08-14T00:00:00Z,2025.08.13 03:00,NEUTRAL,STABLE_MAPPED_ROW,,False,,1011,2,144,2025-10-08T00:00:00Z,2025-10-09T00:00:00Z,NEUTRAL,2025-10-08T00:00:00Z,2025-10-07,0.385,HIGH,8/8,,false,,False,56,8,0,0,0
MAIN,2026092503,-8,SYNTHETIC_PLACEBO_ONLY,False,PROVENANCE_ONLY_NOT_CAUSAL_TRUTH,956,3,136,2025-08-14T00:00:00Z,2025-08-15T00:00:00Z,2025.08.14 03:00,NEUTRAL,STABLE_MAPPED_ROW,,False,,1012,3,144,2025-10-09T00:00:00Z,2025-10-10T00:00:00Z,NEUTRAL,2025-10-09T00:00:00Z,2025-10-08,0.385,HIGH,8/8,,false,,False,56,8,0,0,0
MAIN,2026092503,-8,SYNTHETIC_PLACEBO_ONLY,False,PROVENANCE_ONLY_NOT_CAUSAL_TRUTH,957,4,136,2025-08-15T00:00:00Z,2025-08-16T00:00:00Z,2025.08.15 03:00,NEUTRAL,STABLE_MAPPED_ROW,,False,,1013,4,144,2025-10-10T00:00:00Z,2025-10-11T00:00:00Z,NEUTRAL,2025-10-10T00:00:00Z,2025-10-09,0.269,HIGH,8/8,,false,,False,56,8,0,0,0
MAIN,2026092503,-8,SYNTHETIC_PLACEBO_ONLY,False,PROVENANCE_ONLY_NOT_CAUSAL_TRUTH,958,5,136,2025-08-16T00:00:00Z,2025-08-17T00:00:00Z,2025.08.16 03:00,NEUTRAL,STABLE_MAPPED_ROW,,False,,1014,5,144,2025-10-11T00:00:00Z,2025-10-12T00:00:00Z,NEUTRAL,2025-10-11T00:00:00Z,2025-10-10,-0.231,HIGH,8/8,,false,,False,56,8,0,0,0
MAIN,2026092503,-8,SYNTHETIC_PLACEBO_ONLY,False,PROVENANCE_ONLY_NOT_CAUSAL_TRUTH,959,6,137,2025-08-17T00:00:00Z,2025-08-18T00:00:00Z,2025.08.17 03:00,NEUTRAL,STABLE_MAPPED_ROW,,False,,1015,6,145,2025-10-12T00:00:00Z,2025-10-13T00:00:00Z,NEUTRAL,2025-10-12T00:00:00Z,2025-10-11,-0.231,HIGH,8/8,,false,,False,56,8,0,0,0
MAIN,2026092503,-8,SYNTHETIC_PLACEBO_ONLY,False,PROVENANCE_ONLY_NOT_CAUSAL_TRUTH,960,0,137,2025-08-18T00:00:00Z,2025-08-19T00:00:00Z,2025.08.18 03:00,NEUTRAL,STABLE_MAPPED_ROW,,False,,1016,0,145,2025-10-13T00:00:00Z,2025-10-14T00:00:00Z,NEUTRAL,2025-10-13T00:00:00Z,2025-10-12,-0.231,HIGH,8/8,,false,,False,56,8,0,0,0
MAIN,2026092503,-8,SYNTHETIC_PLACEBO_ONLY,False,PROVENANCE_ONLY_NOT_CAUSAL_TRUTH,961,1,137,2025-08-19T00:00:00Z,2025-08-20T00:00:00Z,2025.08.19 03:00,NEUTRAL,STABLE_MAPPED_ROW,,False,,1017,1,145,2025-10-14T00:00:00Z,2025-10-15T00:00:00Z,NEUTRAL,2025-10-14T00:00:00Z,2025-10-13,0,MED,8/8,,false,,False,56,8,0,0,0
MAIN,2026092503,-8,SYNTHETIC_PLACEBO_ONLY,False,PROVENANCE_ONLY_NOT_CAUSAL_TRUTH,962,2,137,2025-08-20T00:00:00Z,2025-08-21T00:00:00Z,2025.08.20 03:00,NEUTRAL,STABLE_MAPPED_ROW,,False,,1018,2,145,2025-10-15T00:00:00Z,2025-10-16T00:00:00Z,NEUTRAL,2025-10-15T00:00:00Z,2025-10-14,-0.192,MED,8/8,,false,,False,56,8,0,0,0
MAIN,2026092503,-8,SYNTHETIC_PLACEBO_ONLY,False,PROVENANCE_ONLY_NOT_CAUSAL_TRUTH,963,3,137,2025-08-21T00:00:00Z,2025-08-22T00:00:00Z,2025.08.21 03:00,NEUTRAL,STABLE_MAPPED_ROW,,False,,1019,3,145,2025-10-16T00:00:00Z,2025-10-17T00:00:00Z,NEUTRAL,2025-10-16T00:00:00Z,2025-10-15,-0.038,LOW,8/8,,false,,False,56,8,0,0,0
MAIN,2026092503,-8,SYNTHETIC_PLACEBO_ONLY,False,PROVENANCE_ONLY_NOT_CAUSAL_TRUTH,964,4,137,2025-08-22T00:00:00Z,2025-08-23T00:00:00Z,2025.08.22 03:00,NEUTRAL,STABLE_MAPPED_ROW,,False,,1020,4,145,2025-10-17T00:00:00Z,2025-10-18T00:00:00Z,NEUTRAL,2025-10-17T00:00:00Z,2025-10-16,-0.192,MED,8/8,,false,,False,56,8,0,0,0
MAIN,2026092503,-8,SYNTHETIC_PLACEBO_ONLY,False,PROVENANCE_ONLY_NOT_CAUSAL_TRUTH,965,5,137,2025-08-23T00:00:00Z,2025-08-24T00:00:00Z,2025.08.23 03:00,NEUTRAL,STABLE_MAPPED_ROW,,False,,1021,5,145,2025-10-18T00:00:00Z,2025-10-19T00:00:00Z,NEUTRAL,2025-10-18T00:00:00Z,2025-10-17,-0.115,MED,8/8,,false,,False,56,8,0,0,0
MAIN,2026092503,-8,SYNTHETIC_PLACEBO_ONLY,False,PROVENANCE_ONLY_NOT_CAUSAL_TRUTH,966,6,138,2025-08-24T00:00:00Z,2025-08-25T00:00:00Z,2025.08.24 03:00,NEUTRAL,STABLE_MAPPED_ROW,,False,,1022,6,146,2025-10-19T00:00:00Z,2025-10-20T00:00:00Z,NEUTRAL,2025-10-19T00:00:00Z,2025-10-18,-0.115,MED,8/8,,false,,False,56,8,0,0,0
MAIN,2026092503,-8,SYNTHETIC_PLACEBO_ONLY,False,PROVENANCE_ONLY_NOT_CAUSAL_TRUTH,967,0,138,2025-08-25T00:00:00Z,2025-08-26T00:00:00Z,2025.08.25 03:00,NEUTRAL,STABLE_MAPPED_ROW,,False,,1023,0,146,2025-10-20T00:00:00Z,2025-10-21T00:00:00Z,NEUTRAL,2025-10-20T00:00:00Z,2025-10-19,-0.077,MED,8/8,,false,,False,56,8,0,0,0
MAIN,2026092503,-8,SYNTHETIC_PLACEBO_ONLY,False,PROVENANCE_ONLY_NOT_CAUSAL_TRUTH,968,1,138,2025-08-26T00:00:00Z,2025-08-27T00:00:00Z,2025.08.26 03:00,NEUTRAL,STABLE_MAPPED_ROW,,False,,1024,1,146,2025-10-21T00:00:00Z,2025-10-22T00:00:00Z,NEUTRAL,2025-10-21T00:00:00Z,2025-10-20,0.192,HIGH,8/8,,false,,False,56,8,0,0,0
MAIN,2026092503,-8,SYNTHETIC_PLACEBO_ONLY,False,PROVENANCE_ONLY_NOT_CAUSAL_TRUTH,969,2,138,2025-08-27T00:00:00Z,2025-08-28T00:00:00Z,2025.08.27 03:00,NEUTRAL,STABLE_MAPPED_ROW,,False,,1025,2,146,2025-10-22T00:00:00Z,2025-10-23T00:00:00Z,NEUTRAL,2025-10-22T00:00:00Z,2025-10-21,0.346,HIGH,8/8,,false,,False,56,8,0,0,0
MAIN,2026092503,-8,SYNTHETIC_PLACEBO_ONLY,False,PROVENANCE_ONLY_NOT_CAUSAL_TRUTH,970,3,138,2025-08-28T00:00:00Z,2025-08-29T00:00:00Z,2025.08.28 03:00,NEUTRAL,STABLE_MAPPED_ROW,,False,,1026,3,146,2025-10-23T00:00:00Z,2025-10-24T00:00:00Z,NEUTRAL,2025-10-23T00:00:00Z,2025-10-22,0.192,MED,8/8,,false,,False,56,8,0,0,0
MAIN,2026092503,-8,SYNTHETIC_PLACEBO_ONLY,False,PROVENANCE_ONLY_NOT_CAUSAL_TRUTH,971,4,138,2025-08-29T00:00:00Z,2025-08-30T00:00:00Z,2025.08.29 03:00,NEUTRAL,STABLE_MAPPED_ROW,,False,,1027,4,146,2025-10-24T00:00:00Z,2025-10-25T00:00:00Z,NEUTRAL,2025-10-24T00:00:00Z,2025-10-23,0.385,HIGH,8/8,,false,,False,56,8,0,0,0
MAIN,2026092503,-8,SYNTHETIC_PLACEBO_ONLY,False,PROVENANCE_ONLY_NOT_CAUSAL_TRUTH,972,5,138,2025-08-30T00:00:00Z,2025-08-31T00:00:00Z,2025.08.30 03:00,NEUTRAL,STABLE_MAPPED_ROW,,False,,1028,5,146,2025-10-25T00:00:00Z,2025-10-26T00:00:00Z,NEUTRAL,2025-10-25T00:00:00Z,2025-10-24,0.385,HIGH,8/8,,false,,False,56,8,0,0,0
MAIN,2026092503,-8,SYNTHETIC_PLACEBO_ONLY,False,PROVENANCE_ONLY_NOT_CAUSAL_TRUTH,973,6,139,2025-08-31T00:00:00Z,2025-09-01T00:00:00Z,2025.08.31 03:00,NEUTRAL,STABLE_MAPPED_ROW,,False,,1029,6,147,2025-10-26T00:00:00Z,2025-10-27T00:00:00Z,NEUTRAL,2025-10-26T00:00:00Z,2025-10-25,0.385,HIGH,8/8,,false,,False,56,8,0,0,0
MAIN,2026092503,-8,SYNTHETIC_PLACEBO_ONLY,False,PROVENANCE_ONLY_NOT_CAUSAL_TRUTH,974,0,139,2025-09-01T00:00:00Z,2025-09-02T00:00:00Z,2025.09.01 03:00,NEUTRAL,STABLE_MAPPED_ROW,,False,,1030,0,147,2025-10-27T00:00:00Z,2025-10-28T00:00:00Z,NEUTRAL,2025-10-27T00:00:00Z,2025-10-26,0.385,HIGH,8/8,,false,,False,56,8,0,0,0
MAIN,2026092503,-8,SYNTHETIC_PLACEBO_ONLY,False,PROVENANCE_ONLY_NOT_CAUSAL_TRUTH,975,1,139,2025-09-02T00:00:00Z,2025-09-03T00:00:00Z,2025.09.02 03:00,NEUTRAL,STABLE_MAPPED_ROW,,False,,1031,1,147,2025-10-28T00:00:00Z,2025-10-29T00:00:00Z,NEUTRAL,2025-10-28T00:00:00Z,2025-10-27,0.385,HIGH,8/8,,false,,False,56,8,0,0,0
MAIN,2026092503,-8,SYNTHETIC_PLACEBO_ONLY,False,PROVENANCE_ONLY_NOT_CAUSAL_TRUTH,976,2,139,2025-09-03T00:00:00Z,2025-09-04T00:00:00Z,2025.09.03 03:00,NEUTRAL,STABLE_MAPPED_ROW,,False,,1032,2,147,2025-10-29T00:00:00Z,2025-10-30T00:00:00Z,NEUTRAL,2025-10-29T00:00:00Z,2025-10-28,0.385,HIGH,8/8,,false,,False,56,8,0,0,0
MAIN,2026092503,-8,SYNTHETIC_PLACEBO_ONLY,False,PROVENANCE_ONLY_NOT_CAUSAL_TRUTH,977,3,139,2025-09-04T00:00:00Z,2025-09-05T00:00:00Z,2025.09.04 03:00,NEUTRAL,STABLE_MAPPED_ROW,,False,,1033,3,147,2025-10-30T00:00:00Z,2025-10-31T00:00:00Z,NEUTRAL,2025-10-30T00:00:00Z,2025-10-29,0.346,HIGH,8/8,,false,,False,56,8,0,0,0
MAIN,2026092503,-8,SYNTHETIC_PLACEBO_ONLY,False,PROVENANCE_ONLY_NOT_CAUSAL_TRUTH,978,4,139,2025-09-05T00:00:00Z,2025-09-06T00:00:00Z,2025.09.05 03:00,NEUTRAL,STABLE_MAPPED_ROW,,False,,1034,4,147,2025-10-31T00:00:00Z,2025-11-01T00:00:00Z,NEUTRAL,2025-10-31T00:00:00Z,2025-10-30,0.192,MED,8/8,,false,,False,56,8,0,0,0
MAIN,2026092503,-8,SYNTHETIC_PLACEBO_ONLY,False,PROVENANCE_ONLY_NOT_CAUSAL_TRUTH,979,5,139,2025-09-06T00:00:00Z,2025-09-07T00:00:00Z,2025.09.06 03:00,NEUTRAL,STABLE_MAPPED_ROW,,False,,1035,5,147,2025-11-01T00:00:00Z,2025-11-02T00:00:00Z,NEUTRAL,2025-11-01T00:00:00Z,2025-10-31,0.154,MED,8/8,,false,,False,56,8,0,0,0
MAIN,2026092503,-8,SYNTHETIC_PLACEBO_ONLY,False,PROVENANCE_ONLY_NOT_CAUSAL_TRUTH,980,6,140,2025-09-07T00:00:00Z,2025-09-08T00:00:00Z,2025.09.07 03:00,NEUTRAL,STABLE_MAPPED_ROW,,False,,1036,6,148,2025-11-02T00:00:00Z,2025-11-03T00:00:00Z,NEUTRAL,2025-11-02T00:00:00Z,2025-11-01,0.154,MED,8/8,,false,,False,56,8,0,0,0
MAIN,2026092503,-8,SYNTHETIC_PLACEBO_ONLY,False,PROVENANCE_ONLY_NOT_CAUSAL_TRUTH,981,0,140,2025-09-08T00:00:00Z,2025-09-09T00:00:00Z,2025.09.08 03:00,NEUTRAL,STABLE_MAPPED_ROW,,False,,1037,0,148,2025-11-03T00:00:00Z,2025-11-04T00:00:00Z,NEUTRAL,2025-11-03T00:00:00Z,2025-11-02,0.308,HIGH,8/8,,false,,False,56,8,0,0,0
MAIN,2026092503,-8,SYNTHETIC_PLACEBO_ONLY,False,PROVENANCE_ONLY_NOT_CAUSAL_TRUTH,982,1,140,2025-09-09T00:00:00Z,2025-09-10T00:00:00Z,2025.09.09 03:00,NEUTRAL,STABLE_MAPPED_ROW,,False,,1038,1,148,2025-11-04T00:00:00Z,2025-11-05T00:00:00Z,NEUTRAL,2025-11-04T00:00:00Z,2025-11-03,0.115,MED,8/8,,false,,False,56,8,0,0,0
MAIN,2026092503,-8,SYNTHETIC_PLACEBO_ONLY,False,PROVENANCE_ONLY_NOT_CAUSAL_TRUTH,983,2,140,2025-09-10T00:00:00Z,2025-09-11T00:00:00Z,2025.09.10 03:00,NEUTRAL,STABLE_MAPPED_ROW,,False,,1039,2,148,2025-11-05T00:00:00Z,2025-11-06T00:00:00Z,NEUTRAL,2025-11-05T00:00:00Z,2025-11-04,-0.115,HIGH,8/8,,false,,False,56,8,0,0,0
MAIN,2026092503,-8,SYNTHETIC_PLACEBO_ONLY,False,PROVENANCE_ONLY_NOT_CAUSAL_TRUTH,984,3,140,2025-09-11T00:00:00Z,2025-09-12T00:00:00Z,2025.09.11 03:00,NEUTRAL,STABLE_MAPPED_ROW,,False,,1040,3,148,2025-11-06T00:00:00Z,2025-11-07T00:00:00Z,NEUTRAL,2025-11-06T00:00:00Z,2025-11-05,-0.154,MED,8/8,,false,,False,56,8,0,0,0
MAIN,2026092503,-8,SYNTHETIC_PLACEBO_ONLY,False,PROVENANCE_ONLY_NOT_CAUSAL_TRUTH,985,4,140,2025-09-12T00:00:00Z,2025-09-13T00:00:00Z,2025.09.12 03:00,NEUTRAL,STABLE_MAPPED_ROW,,False,,1041,4,148,2025-11-07T00:00:00Z,2025-11-08T00:00:00Z,NEUTRAL,2025-11-07T00:00:00Z,2025-11-06,0,MED,8/8,,false,,False,56,8,0,0,0
MAIN,2026092503,-8,SYNTHETIC_PLACEBO_ONLY,False,PROVENANCE_ONLY_NOT_CAUSAL_TRUTH,986,5,140,2025-09-13T00:00:00Z,2025-09-14T00:00:00Z,2025.09.13 03:00,NEUTRAL,STABLE_MAPPED_ROW,,False,,1042,5,148,2025-11-08T00:00:00Z,2025-11-09T00:00:00Z,NEUTRAL,2025-11-08T00:00:00Z,2025-11-07,0,MED,8/8,,false,,False,56,8,0,0,0
MAIN,2026092503,-8,SYNTHETIC_PLACEBO_ONLY,False,PROVENANCE_ONLY_NOT_CAUSAL_TRUTH,987,6,141,2025-09-14T00:00:00Z,2025-09-15T00:00:00Z,2025.09.14 03:00,NEUTRAL,STABLE_MAPPED_ROW,,False,,1043,6,149,2025-11-09T00:00:00Z,2025-11-10T00:00:00Z,NEUTRAL,2025-11-09T00:00:00Z,2025-11-08,0,MED,8/8,,false,,False,56,8,0,0,0
MAIN,2026092503,-8,SYNTHETIC_PLACEBO_ONLY,False,PROVENANCE_ONLY_NOT_CAUSAL_TRUTH,988,0,141,2025-09-15T00:00:00Z,2025-09-16T00:00:00Z,2025.09.15 03:00,NEUTRAL,STABLE_MAPPED_ROW,,False,,1044,0,149,2025-11-10T00:00:00Z,2025-11-11T00:00:00Z,NEUTRAL,2025-11-10T00:00:00Z,2025-11-09,0.077,MED,8/8,,false,,False,56,8,0,0,0
MAIN,2026092503,-8,SYNTHETIC_PLACEBO_ONLY,False,PROVENANCE_ONLY_NOT_CAUSAL_TRUTH,989,1,141,2025-09-16T00:00:00Z,2025-09-17T00:00:00Z,2025.09.16 03:00,NEUTRAL,STABLE_MAPPED_ROW,,False,,1045,1,149,2025-11-11T00:00:00Z,2025-11-12T00:00:00Z,NEUTRAL,2025-11-11T00:00:00Z,2025-11-10,0.115,MED,8/8,,false,,False,56,8,0,0,0
MAIN,2026092503,-8,SYNTHETIC_PLACEBO_ONLY,False,PROVENANCE_ONLY_NOT_CAUSAL_TRUTH,990,2,141,2025-09-17T00:00:00Z,2025-09-18T00:00:00Z,2025.09.17 03:00,NEUTRAL,STABLE_MAPPED_ROW,,False,,1046,2,149,2025-11-12T00:00:00Z,2025-11-13T00:00:00Z,NEUTRAL,2025-11-12T00:00:00Z,2025-11-11,0.115,MED,8/8,,false,,False,56,8,0,0,0
MAIN,2026092503,-8,SYNTHETIC_PLACEBO_ONLY,False,PROVENANCE_ONLY_NOT_CAUSAL_TRUTH,991,3,141,2025-09-18T00:00:00Z,2025-09-19T00:00:00Z,2025.09.18 03:00,NEUTRAL,STABLE_MAPPED_ROW,,False,,1047,3,149,2025-11-13T00:00:00Z,2025-11-14T00:00:00Z,NEUTRAL,2025-11-13T00:00:00Z,2025-11-12,0.231,MED,8/8,,false,,False,56,8,0,0,0
MAIN,2026092503,-8,SYNTHETIC_PLACEBO_ONLY,False,PROVENANCE_ONLY_NOT_CAUSAL_TRUTH,992,4,141,2025-09-19T00:00:00Z,2025-09-20T00:00:00Z,2025.09.19 03:00,NEUTRAL,STABLE_MAPPED_ROW,,False,,1048,4,149,2025-11-14T00:00:00Z,2025-11-15T00:00:00Z,NEUTRAL,2025-11-14T00:00:00Z,2025-11-13,0.077,MED,8/8,,false,,False,56,8,0,0,0
MAIN,2026092503,-8,SYNTHETIC_PLACEBO_ONLY,False,PROVENANCE_ONLY_NOT_CAUSAL_TRUTH,993,5,141,2025-09-20T00:00:00Z,2025-09-21T00:00:00Z,2025.09.20 03:00,NEUTRAL,STABLE_MAPPED_ROW,,False,,1049,5,149,2025-11-15T00:00:00Z,2025-11-16T00:00:00Z,NEUTRAL,2025-11-15T00:00:00Z,2025-11-14,0.154,MED,8/8,,false,,False,56,8,0,0,0
MAIN,2026092503,-8,SYNTHETIC_PLACEBO_ONLY,False,PROVENANCE_ONLY_NOT_CAUSAL_TRUTH,994,6,142,2025-09-21T00:00:00Z,2025-09-22T00:00:00Z,2025.09.21 03:00,NEUTRAL,STABLE_MAPPED_ROW,,False,,1050,6,150,2025-11-16T00:00:00Z,2025-11-17T00:00:00Z,NEUTRAL,2025-11-16T00:00:00Z,2025-11-15,0.154,MED,8/8,,false,,False,56,8,0,0,0
MAIN,2026092503,-8,SYNTHETIC_PLACEBO_ONLY,False,PROVENANCE_ONLY_NOT_CAUSAL_TRUTH,995,0,142,2025-09-22T00:00:00Z,2025-09-23T00:00:00Z,2025.09.22 03:00,NEUTRAL,STABLE_MAPPED_ROW,,False,,1051,0,150,2025-11-17T00:00:00Z,2025-11-18T00:00:00Z,NEUTRAL,2025-11-17T00:00:00Z,2025-11-16,0.154,MED,8/8,,false,,False,56,8,0,0,0
MAIN,2026092503,-8,SYNTHETIC_PLACEBO_ONLY,False,PROVENANCE_ONLY_NOT_CAUSAL_TRUTH,996,1,142,2025-09-23T00:00:00Z,2025-09-24T00:00:00Z,2025.09.23 03:00,NEUTRAL,STABLE_MAPPED_ROW,,False,,1052,1,150,2025-11-18T00:00:00Z,2025-11-19T00:00:00Z,NEUTRAL,2025-11-18T00:00:00Z,2025-11-17,-0.038,MED,8/8,,false,,False,56,8,0,0,0
MAIN,2026092503,-8,SYNTHETIC_PLACEBO_ONLY,False,PROVENANCE_ONLY_NOT_CAUSAL_TRUTH,997,2,142,2025-09-24T00:00:00Z,2025-09-25T00:00:00Z,2025.09.24 03:00,NEUTRAL,STABLE_MAPPED_ROW,,False,,1053,2,150,2025-11-19T00:00:00Z,2025-11-20T00:00:00Z,NEUTRAL,2025-11-19T00:00:00Z,2025-11-18,-0.038,MED,8/8,,false,,False,56,8,0,0,0
MAIN,2026092503,-8,SYNTHETIC_PLACEBO_ONLY,False,PROVENANCE_ONLY_NOT_CAUSAL_TRUTH,998,3,142,2025-09-25T00:00:00Z,2025-09-26T00:00:00Z,2025.09.25 03:00,NEUTRAL,STABLE_MAPPED_ROW,,False,,1054,3,150,2025-11-20T00:00:00Z,2025-11-21T00:00:00Z,NEUTRAL,2025-11-20T00:00:00Z,2025-11-19,-0.038,MED,8/8,,false,,False,56,8,0,0,0
MAIN,2026092503,-8,SYNTHETIC_PLACEBO_ONLY,False,PROVENANCE_ONLY_NOT_CAUSAL_TRUTH,999,4,142,2025-09-26T00:00:00Z,2025-09-27T00:00:00Z,2025.09.26 03:00,NEUTRAL,STABLE_MAPPED_ROW,,False,,1055,4,150,2025-11-21T00:00:00Z,2025-11-22T00:00:00Z,NEUTRAL,2025-11-21T00:00:00Z,2025-11-20,-0.038,MED,8/8,,false,,False,56,8,0,0,0
MAIN,2026092503,-8,SYNTHETIC_PLACEBO_ONLY,False,PROVENANCE_ONLY_NOT_CAUSAL_TRUTH,1000,5,142,2025-09-27T00:00:00Z,2025-09-28T00:00:00Z,2025.09.27 03:00,NEUTRAL,STABLE_MAPPED_ROW,,False,,1056,5,150,2025-11-22T00:00:00Z,2025-11-23T00:00:00Z,NEUTRAL,2025-11-22T00:00:00Z,2025-11-21,-0.038,MED,8/8,,false,,False,56,8,0,0,0
MAIN,2026092503,-8,SYNTHETIC_PLACEBO_ONLY,False,PROVENANCE_ONLY_NOT_CAUSAL_TRUTH,1001,6,143,2025-09-28T00:00:00Z,2025-09-29T00:00:00Z,2025.09.28 03:00,NEUTRAL,STABLE_MAPPED_ROW,,False,,1057,6,151,2025-11-23T00:00:00Z,2025-11-24T00:00:00Z,NEUTRAL,2025-11-23T00:00:00Z,2025-11-22,-0.038,MED,8/8,,false,,False,56,8,0,0,0
MAIN,2026092503,-8,SYNTHETIC_PLACEBO_ONLY,False,PROVENANCE_ONLY_NOT_CAUSAL_TRUTH,1002,0,143,2025-09-29T00:00:00Z,2025-09-30T00:00:00Z,2025.09.29 03:00,NEUTRAL,STABLE_MAPPED_ROW,,False,,1058,0,151,2025-11-24T00:00:00Z,2025-11-25T00:00:00Z,NEUTRAL,2025-11-24T00:00:00Z,2025-11-23,-0.038,MED,8/8,,false,,False,56,8,0,0,0
MAIN,2026092503,-8,SYNTHETIC_PLACEBO_ONLY,False,PROVENANCE_ONLY_NOT_CAUSAL_TRUTH,1003,1,143,2025-09-30T00:00:00Z,2025-10-01T00:00:00Z,2025.09.30 03:00,NEUTRAL,STABLE_MAPPED_ROW,,False,,1059,1,151,2025-11-25T00:00:00Z,2025-11-26T00:00:00Z,NEUTRAL,2025-11-25T00:00:00Z,2025-11-24,-0.038,MED,8/8,,false,,False,56,8,0,0,0
MAIN,2026092503,-8,SYNTHETIC_PLACEBO_ONLY,False,PROVENANCE_ONLY_NOT_CAUSAL_TRUTH,1004,2,143,2025-10-01T00:00:00Z,2025-10-02T00:00:00Z,2025.10.01 03:00,NEUTRAL,STABLE_MAPPED_ROW,,False,,1060,2,151,2025-11-26T00:00:00Z,2025-11-27T00:00:00Z,NEUTRAL,2025-11-26T00:00:00Z,2025-11-25,0.231,MED,8/8,,false,,False,56,8,0,0,0
MAIN,2026092503,-8,SYNTHETIC_PLACEBO_ONLY,False,PROVENANCE_ONLY_NOT_CAUSAL_TRUTH,1005,3,143,2025-10-02T00:00:00Z,2025-10-03T00:00:00Z,2025.10.02 03:00,NEUTRAL,STABLE_MAPPED_ROW,,False,,1061,3,151,2025-11-27T00:00:00Z,2025-11-28T00:00:00Z,NEUTRAL,2025-11-27T00:00:00Z,2025-11-26,0.115,MED,8/8,,false,,False,56,8,0,0,0
MAIN,2026092503,-8,SYNTHETIC_PLACEBO_ONLY,False,PROVENANCE_ONLY_NOT_CAUSAL_TRUTH,1006,4,143,2025-10-03T00:00:00Z,2025-10-04T00:00:00Z,2025.10.03 03:00,NEUTRAL,STABLE_MAPPED_ROW,,False,,1062,4,151,2025-11-28T00:00:00Z,2025-11-29T00:00:00Z,NEUTRAL,2025-11-28T00:00:00Z,2025-11-27,0.231,MED,8/8,,false,,False,56,8,0,0,0
MAIN,2026092503,-8,SYNTHETIC_PLACEBO_ONLY,False,PROVENANCE_ONLY_NOT_CAUSAL_TRUTH,1007,5,143,2025-10-04T00:00:00Z,2025-10-05T00:00:00Z,2025.10.04 03:00,NEUTRAL,STABLE_MAPPED_ROW,,False,,1063,5,151,2025-11-29T00:00:00Z,2025-11-30T00:00:00Z,NEUTRAL,2025-11-29T00:00:00Z,2025-11-28,0.231,MED,8/8,,false,,False,56,8,0,0,0
MAIN,2026092503,-8,SYNTHETIC_PLACEBO_ONLY,False,PROVENANCE_ONLY_NOT_CAUSAL_TRUTH,1008,6,144,2025-10-05T00:00:00Z,2025-10-06T00:00:00Z,2025.10.05 03:00,NEUTRAL,STABLE_MAPPED_ROW,,False,,1064,6,152,2025-11-30T00:00:00Z,2025-12-01T00:00:00Z,NEUTRAL,2025-11-30T00:00:00Z,2025-11-29,0.231,MED,8/8,,false,,False,56,8,0,0,0
MAIN,2026092503,-8,SYNTHETIC_PLACEBO_ONLY,False,PROVENANCE_ONLY_NOT_CAUSAL_TRUTH,1009,0,144,2025-10-06T00:00:00Z,2025-10-07T00:00:00Z,2025.10.06 03:00,NEUTRAL,STABLE_MAPPED_ROW,,False,,1065,0,152,2025-12-01T00:00:00Z,2025-12-02T00:00:00Z,NEUTRAL,2025-12-01T00:00:00Z,2025-11-30,0.231,MED,8/8,,false,,False,56,8,0,0,0
MAIN,2026092503,-8,SYNTHETIC_PLACEBO_ONLY,False,PROVENANCE_ONLY_NOT_CAUSAL_TRUTH,1010,1,144,2025-10-07T00:00:00Z,2025-10-08T00:00:00Z,2025.10.07 03:00,NEUTRAL,STABLE_MAPPED_ROW,,False,,1066,1,152,2025-12-02T00:00:00Z,2025-12-03T00:00:00Z,NEUTRAL,2025-12-02T00:00:00Z,2025-12-01,0.154,MED,8/8,,false,,False,56,8,0,0,0
MAIN,2026092503,-8,SYNTHETIC_PLACEBO_ONLY,False,PROVENANCE_ONLY_NOT_CAUSAL_TRUTH,1011,2,144,2025-10-08T00:00:00Z,2025-10-09T00:00:00Z,2025.10.08 03:00,NEUTRAL,STABLE_MAPPED_ROW,,False,,1067,2,152,2025-12-03T00:00:00Z,2025-12-04T00:00:00Z,NEUTRAL,2025-12-03T00:00:00Z,2025-12-02,0.231,MED,8/8,,false,,False,56,8,0,0,0
MAIN,2026092503,-8,SYNTHETIC_PLACEBO_ONLY,False,PROVENANCE_ONLY_NOT_CAUSAL_TRUTH,1012,3,144,2025-10-09T00:00:00Z,2025-10-10T00:00:00Z,2025.10.09 03:00,NEUTRAL,STABLE_MAPPED_ROW,,False,,1068,3,152,2025-12-04T00:00:00Z,2025-12-05T00:00:00Z,NEUTRAL,2025-12-04T00:00:00Z,2025-12-03,0.231,MED,8/8,,false,,False,56,8,0,0,0
MAIN,2026092503,-8,SYNTHETIC_PLACEBO_ONLY,False,PROVENANCE_ONLY_NOT_CAUSAL_TRUTH,1013,4,144,2025-10-10T00:00:00Z,2025-10-11T00:00:00Z,2025.10.10 03:00,NEUTRAL,STABLE_MAPPED_ROW,,False,,1069,4,152,2025-12-05T00:00:00Z,2025-12-06T00:00:00Z,NEUTRAL,2025-12-05T00:00:00Z,2025-12-04,0.231,MED,8/8,,false,,False,56,8,0,0,0
MAIN,2026092503,-8,SYNTHETIC_PLACEBO_ONLY,False,PROVENANCE_ONLY_NOT_CAUSAL_TRUTH,1014,5,144,2025-10-11T00:00:00Z,2025-10-12T00:00:00Z,2025.10.11 03:00,NEUTRAL,STABLE_MAPPED_ROW,,False,,1070,5,152,2025-12-06T00:00:00Z,2025-12-07T00:00:00Z,NEUTRAL,2025-12-06T00:00:00Z,2025-12-05,0.231,MED,8/8,,false,,False,56,8,0,0,0
MAIN,2026092503,-8,SYNTHETIC_PLACEBO_ONLY,False,PROVENANCE_ONLY_NOT_CAUSAL_TRUTH,1015,6,145,2025-10-12T00:00:00Z,2025-10-13T00:00:00Z,2025.10.12 03:00,NEUTRAL,STABLE_MAPPED_ROW,,False,,1071,6,153,2025-12-07T00:00:00Z,2025-12-08T00:00:00Z,NEUTRAL,2025-12-07T00:00:00Z,2025-12-06,0.231,MED,8/8,,false,,False,56,8,0,0,0
MAIN,2026092503,-8,SYNTHETIC_PLACEBO_ONLY,False,PROVENANCE_ONLY_NOT_CAUSAL_TRUTH,1016,0,145,2025-10-13T00:00:00Z,2025-10-14T00:00:00Z,2025.10.13 03:00,NEUTRAL,STABLE_MAPPED_ROW,,False,,1072,0,153,2025-12-08T00:00:00Z,2025-12-09T00:00:00Z,NEUTRAL,2025-12-08T00:00:00Z,2025-12-07,0.231,MED,8/8,,false,,False,56,8,0,0,0
MAIN,2026092503,-8,SYNTHETIC_PLACEBO_ONLY,False,PROVENANCE_ONLY_NOT_CAUSAL_TRUTH,1017,1,145,2025-10-14T00:00:00Z,2025-10-15T00:00:00Z,2025.10.14 03:00,NEUTRAL,STABLE_MAPPED_ROW,,False,,1073,1,153,2025-12-09T00:00:00Z,2025-12-10T00:00:00Z,NEUTRAL,2025-12-09T00:00:00Z,2025-12-08,0.154,MED,8/8,,false,,False,56,8,0,0,0
MAIN,2026092503,-8,SYNTHETIC_PLACEBO_ONLY,False,PROVENANCE_ONLY_NOT_CAUSAL_TRUTH,1018,2,145,2025-10-15T00:00:00Z,2025-10-16T00:00:00Z,2025.10.15 03:00,NEUTRAL,STABLE_MAPPED_ROW,,False,,1074,2,153,2025-12-10T00:00:00Z,2025-12-11T00:00:00Z,NEUTRAL,2025-12-10T00:00:00Z,2025-12-09,0.231,MED,8/8,,false,,False,56,8,0,0,0
MAIN,2026092503,-8,SYNTHETIC_PLACEBO_ONLY,False,PROVENANCE_ONLY_NOT_CAUSAL_TRUTH,1019,3,145,2025-10-16T00:00:00Z,2025-10-17T00:00:00Z,2025.10.16 03:00,NEUTRAL,STABLE_MAPPED_ROW,,False,,1075,3,153,2025-12-11T00:00:00Z,2025-12-12T00:00:00Z,NEUTRAL,2025-12-11T00:00:00Z,2025-12-10,0.192,MED,8/8,,false,,False,56,8,0,0,0
MAIN,2026092503,-8,SYNTHETIC_PLACEBO_ONLY,False,PROVENANCE_ONLY_NOT_CAUSAL_TRUTH,1020,4,145,2025-10-17T00:00:00Z,2025-10-18T00:00:00Z,2025.10.17 03:00,NEUTRAL,STABLE_MAPPED_ROW,,False,,1076,4,153,2025-12-12T00:00:00Z,2025-12-13T00:00:00Z,NEUTRAL,2025-12-12T00:00:00Z,2025-12-11,0.385,HIGH,8/8,,false,,False,56,8,0,0,0
MAIN,2026092503,-8,SYNTHETIC_PLACEBO_ONLY,False,PROVENANCE_ONLY_NOT_CAUSAL_TRUTH,1021,5,145,2025-10-18T00:00:00Z,2025-10-19T00:00:00Z,2025.10.18 03:00,NEUTRAL,STABLE_MAPPED_ROW,,False,,1077,5,153,2025-12-13T00:00:00Z,2025-12-14T00:00:00Z,NEUTRAL,2025-12-13T00:00:00Z,2025-12-12,0.192,MED,8/8,,false,,False,56,8,0,0,0
MAIN,2026092503,-8,SYNTHETIC_PLACEBO_ONLY,False,PROVENANCE_ONLY_NOT_CAUSAL_TRUTH,1022,6,146,2025-10-19T00:00:00Z,2025-10-20T00:00:00Z,2025.10.19 03:00,NEUTRAL,STABLE_MAPPED_ROW,,False,,1078,6,154,2025-12-14T00:00:00Z,2025-12-15T00:00:00Z,NEUTRAL,2025-12-14T00:00:00Z,2025-12-13,0.192,MED,8/8,,false,,False,56,8,0,0,0
MAIN,2026092503,-8,SYNTHETIC_PLACEBO_ONLY,False,PROVENANCE_ONLY_NOT_CAUSAL_TRUTH,1023,0,146,2025-10-20T00:00:00Z,2025-10-21T00:00:00Z,2025.10.20 03:00,NEUTRAL,STABLE_MAPPED_ROW,,False,,1079,0,154,2025-12-15T00:00:00Z,2025-12-16T00:00:00Z,NEUTRAL,2025-12-15T00:00:00Z,2025-12-14,0.115,MED,8/8,,false,,False,56,8,0,0,0
MAIN,2026092503,-8,SYNTHETIC_PLACEBO_ONLY,False,PROVENANCE_ONLY_NOT_CAUSAL_TRUTH,1024,1,146,2025-10-21T00:00:00Z,2025-10-22T00:00:00Z,2025.10.21 03:00,NEUTRAL,STABLE_MAPPED_ROW,,False,,1080,1,154,2025-12-16T00:00:00Z,2025-12-17T00:00:00Z,NEUTRAL,2025-12-16T00:00:00Z,2025-12-15,0.115,MED,8/8,,false,,False,56,8,0,0,0
MAIN,2026092503,-8,SYNTHETIC_PLACEBO_ONLY,False,PROVENANCE_ONLY_NOT_CAUSAL_TRUTH,1025,2,146,2025-10-22T00:00:00Z,2025-10-23T00:00:00Z,2025.10.22 03:00,NEUTRAL,STABLE_MAPPED_ROW,,False,,1081,2,154,2025-12-17T00:00:00Z,2025-12-18T00:00:00Z,NEUTRAL,2025-12-17T00:00:00Z,2025-12-16,0.038,MED,8/8,,false,,False,56,8,0,0,0
MAIN,2026092503,-8,SYNTHETIC_PLACEBO_ONLY,False,PROVENANCE_ONLY_NOT_CAUSAL_TRUTH,1026,3,146,2025-10-23T00:00:00Z,2025-10-24T00:00:00Z,2025.10.23 03:00,NEUTRAL,STABLE_MAPPED_ROW,,False,,1082,3,154,2025-12-18T00:00:00Z,2025-12-19T00:00:00Z,NEUTRAL,2025-12-18T00:00:00Z,2025-12-17,-0.038,MED,8/8,,false,,False,56,8,0,0,0
MAIN,2026092503,-8,SYNTHETIC_PLACEBO_ONLY,False,PROVENANCE_ONLY_NOT_CAUSAL_TRUTH,1027,4,146,2025-10-24T00:00:00Z,2025-10-25T00:00:00Z,2025.10.24 03:00,NEUTRAL,STABLE_MAPPED_ROW,,False,,1083,4,154,2025-12-19T00:00:00Z,2025-12-20T00:00:00Z,NEUTRAL,2025-12-19T00:00:00Z,2025-12-18,-0.077,MED,8/8,,false,,False,56,8,0,0,0
MAIN,2026092503,-8,SYNTHETIC_PLACEBO_ONLY,False,PROVENANCE_ONLY_NOT_CAUSAL_TRUTH,1028,5,146,2025-10-25T00:00:00Z,2025-10-26T00:00:00Z,2025.10.25 03:00,NEUTRAL,STABLE_MAPPED_ROW,,False,,1084,5,154,2025-12-20T00:00:00Z,2025-12-21T00:00:00Z,NEUTRAL,2025-12-20T00:00:00Z,2025-12-19,0.269,HIGH,8/8,,false,,False,56,8,0,0,0
MAIN,2026092503,-8,SYNTHETIC_PLACEBO_ONLY,False,PROVENANCE_ONLY_NOT_CAUSAL_TRUTH,1029,6,147,2025-10-26T00:00:00Z,2025-10-27T00:00:00Z,2025.10.26 03:00,NEUTRAL,STABLE_MAPPED_ROW,,False,,1085,6,155,2025-12-21T00:00:00Z,2025-12-22T00:00:00Z,NEUTRAL,2025-12-21T00:00:00Z,2025-12-20,0.269,HIGH,8/8,,false,,False,56,8,0,0,0
MAIN,2026092503,-8,SYNTHETIC_PLACEBO_ONLY,False,PROVENANCE_ONLY_NOT_CAUSAL_TRUTH,1030,0,147,2025-10-27T00:00:00Z,2025-10-28T00:00:00Z,2025.10.27 03:00,NEUTRAL,STABLE_MAPPED_ROW,,False,,1086,0,155,2025-12-22T00:00:00Z,2025-12-23T00:00:00Z,NEUTRAL,2025-12-22T00:00:00Z,2025-12-21,0.269,HIGH,8/8,,false,,False,56,8,0,0,0
MAIN,2026092503,-8,SYNTHETIC_PLACEBO_ONLY,False,PROVENANCE_ONLY_NOT_CAUSAL_TRUTH,1031,1,147,2025-10-28T00:00:00Z,2025-10-29T00:00:00Z,2025.10.28 03:00,NEUTRAL,STABLE_MAPPED_ROW,,False,,1087,1,155,2025-12-23T00:00:00Z,2025-12-24T00:00:00Z,NEUTRAL,2025-12-23T00:00:00Z,2025-12-22,0.385,HIGH,8/8,,false,,False,56,8,0,0,0
MAIN,2026092503,-8,SYNTHETIC_PLACEBO_ONLY,False,PROVENANCE_ONLY_NOT_CAUSAL_TRUTH,1032,2,147,2025-10-29T00:00:00Z,2025-10-30T00:00:00Z,2025.10.29 03:00,NEUTRAL,STABLE_MAPPED_ROW,,False,,1088,2,155,2025-12-24T00:00:00Z,2025-12-25T00:00:00Z,NEUTRAL,2025-12-24T00:00:00Z,2025-12-23,0.385,HIGH,8/8,,false,,False,56,8,0,0,0
MAIN,2026092503,-8,SYNTHETIC_PLACEBO_ONLY,False,PROVENANCE_ONLY_NOT_CAUSAL_TRUTH,1033,3,147,2025-10-30T00:00:00Z,2025-10-31T00:00:00Z,2025.10.30 03:00,NEUTRAL,STABLE_MAPPED_ROW,,False,,1089,3,155,2025-12-25T00:00:00Z,2025-12-26T00:00:00Z,NEUTRAL,2025-12-25T00:00:00Z,2025-12-24,0.385,HIGH,8/8,,false,,False,56,8,0,0,0
MAIN,2026092503,-8,SYNTHETIC_PLACEBO_ONLY,False,PROVENANCE_ONLY_NOT_CAUSAL_TRUTH,1034,4,147,2025-10-31T00:00:00Z,2025-11-01T00:00:00Z,2025.10.31 03:00,NEUTRAL,STABLE_MAPPED_ROW,,False,,1090,4,155,2025-12-26T00:00:00Z,2025-12-27T00:00:00Z,NEUTRAL,2025-12-26T00:00:00Z,2025-12-25,0.385,HIGH,8/8,,false,,False,56,8,0,0,0
MAIN,2026092503,-8,SYNTHETIC_PLACEBO_ONLY,False,PROVENANCE_ONLY_NOT_CAUSAL_TRUTH,1035,5,147,2025-11-01T00:00:00Z,2025-11-02T00:00:00Z,2025.11.01 03:00,NEUTRAL,STABLE_MAPPED_ROW,,False,,1091,5,155,2025-12-27T00:00:00Z,2025-12-28T00:00:00Z,NEUTRAL,2025-12-27T00:00:00Z,2025-12-26,0.385,HIGH,8/8,,false,,False,56,8,0,0,0
MAIN,2026092503,-8,SYNTHETIC_PLACEBO_ONLY,False,PROVENANCE_ONLY_NOT_CAUSAL_TRUTH,1036,6,148,2025-11-02T00:00:00Z,2025-11-03T00:00:00Z,2025.11.02 00:00,UNKNOWN,TRANSITION_UNKNOWN_BOUNDARY_MARKER,2025-11-02,True,2025.11.03 02:00,1092,6,156,2025-12-28T00:00:00Z,2025-12-29T00:00:00Z,NEUTRAL,2025-12-28T00:00:00Z,2025-12-27,0.385,HIGH,8/8,,false,,False,56,8,0,0,0
MAIN,2026092503,-8,SYNTHETIC_PLACEBO_ONLY,False,PROVENANCE_ONLY_NOT_CAUSAL_TRUTH,1037,0,148,2025-11-03T00:00:00Z,2025-11-04T00:00:00Z,2025.11.03 02:00,NEUTRAL,STABLE_MAPPED_ROW,,False,,1093,0,156,2025-12-29T00:00:00Z,2025-12-30T00:00:00Z,NEUTRAL,2025-12-29T00:00:00Z,2025-12-28,0.385,HIGH,8/8,,false,,False,56,8,0,0,0
MAIN,2026092503,-8,SYNTHETIC_PLACEBO_ONLY,False,PROVENANCE_ONLY_NOT_CAUSAL_TRUTH,1038,1,148,2025-11-04T00:00:00Z,2025-11-05T00:00:00Z,2025.11.04 02:00,NEUTRAL,STABLE_MAPPED_ROW,,False,,1094,1,156,2025-12-30T00:00:00Z,2025-12-31T00:00:00Z,NEUTRAL,2025-12-30T00:00:00Z,2025-12-29,0.385,HIGH,8/8,,false,,False,56,8,0,0,0
MAIN,2026092503,-8,SYNTHETIC_PLACEBO_ONLY,False,PROVENANCE_ONLY_NOT_CAUSAL_TRUTH,1039,2,148,2025-11-05T00:00:00Z,2025-11-06T00:00:00Z,2025.11.05 02:00,NEUTRAL,STABLE_MAPPED_ROW,,False,,1095,2,156,2025-12-31T00:00:00Z,2026-01-01T00:00:00Z,NEUTRAL,2025-12-31T00:00:00Z,2025-12-30,0.385,HIGH,8/8,,false,,False,56,8,0,0,0
MAIN,2026092503,-8,SYNTHETIC_PLACEBO_ONLY,False,PROVENANCE_ONLY_NOT_CAUSAL_TRUTH,1040,3,148,2025-11-06T00:00:00Z,2025-11-07T00:00:00Z,2025.11.06 02:00,RISK_OFF,STABLE_MAPPED_ROW,,False,,4,3,0,2023-01-05T00:00:00Z,2023-01-06T00:00:00Z,RISK_OFF,2023-01-05T00:00:00Z,2023-01-04,-0.692,HIGH,8/8,,false,,True,-1036,-148,0,0,0
MAIN,2026092503,-8,SYNTHETIC_PLACEBO_ONLY,False,PROVENANCE_ONLY_NOT_CAUSAL_TRUTH,1041,4,148,2025-11-07T00:00:00Z,2025-11-08T00:00:00Z,2025.11.07 02:00,RISK_OFF,STABLE_MAPPED_ROW,,False,,5,4,0,2023-01-06T00:00:00Z,2023-01-07T00:00:00Z,RISK_OFF,2023-01-06T00:00:00Z,2023-01-05,-0.692,HIGH,8/8,,false,,True,-1036,-148,0,0,0
MAIN,2026092503,-8,SYNTHETIC_PLACEBO_ONLY,False,PROVENANCE_ONLY_NOT_CAUSAL_TRUTH,1042,5,148,2025-11-08T00:00:00Z,2025-11-09T00:00:00Z,2025.11.08 02:00,RISK_OFF,STABLE_MAPPED_ROW,,False,,6,5,0,2023-01-07T00:00:00Z,2023-01-08T00:00:00Z,RISK_OFF,2023-01-07T00:00:00Z,2023-01-06,-0.538,HIGH,8/8,,false,,True,-1036,-148,0,0,0
MAIN,2026092503,-8,SYNTHETIC_PLACEBO_ONLY,False,PROVENANCE_ONLY_NOT_CAUSAL_TRUTH,1043,6,149,2025-11-09T00:00:00Z,2025-11-10T00:00:00Z,2025.11.09 02:00,RISK_OFF,STABLE_MAPPED_ROW,,False,,0,6,0,2023-01-01T00:00:00Z,2023-01-02T00:00:00Z,RISK_OFF,2023-01-01T00:00:00Z,2022-12-31,-0.462,HIGH,8/8,,false,,True,-1043,-149,0,0,0
MAIN,2026092503,-8,SYNTHETIC_PLACEBO_ONLY,False,PROVENANCE_ONLY_NOT_CAUSAL_TRUTH,1044,0,149,2025-11-10T00:00:00Z,2025-11-11T00:00:00Z,2025.11.10 02:00,RISK_OFF,STABLE_MAPPED_ROW,,False,,1,0,0,2023-01-02T00:00:00Z,2023-01-03T00:00:00Z,RISK_OFF,2023-01-02T00:00:00Z,2023-01-01,-0.462,HIGH,8/8,,false,,True,-1043,-149,0,0,0
MAIN,2026092503,-8,SYNTHETIC_PLACEBO_ONLY,False,PROVENANCE_ONLY_NOT_CAUSAL_TRUTH,1045,1,149,2025-11-11T00:00:00Z,2025-11-12T00:00:00Z,2025.11.11 02:00,RISK_OFF,STABLE_MAPPED_ROW,,False,,2,1,0,2023-01-03T00:00:00Z,2023-01-04T00:00:00Z,RISK_OFF,2023-01-03T00:00:00Z,2023-01-02,-0.462,HIGH,8/8,,false,,True,-1043,-149,0,0,0
MAIN,2026092503,-8,SYNTHETIC_PLACEBO_ONLY,False,PROVENANCE_ONLY_NOT_CAUSAL_TRUTH,1046,2,149,2025-11-12T00:00:00Z,2025-11-13T00:00:00Z,2025.11.12 02:00,RISK_OFF,STABLE_MAPPED_ROW,,False,,3,2,0,2023-01-04T00:00:00Z,2023-01-05T00:00:00Z,RISK_OFF,2023-01-04T00:00:00Z,2023-01-03,-0.538,HIGH,8/8,,false,,True,-1043,-149,0,0,0
MAIN,2026092503,-8,SYNTHETIC_PLACEBO_ONLY,False,PROVENANCE_ONLY_NOT_CAUSAL_TRUTH,1047,3,149,2025-11-13T00:00:00Z,2025-11-14T00:00:00Z,2025.11.13 02:00,RISK_OFF,STABLE_MAPPED_ROW,,False,,11,3,1,2023-01-12T00:00:00Z,2023-01-13T00:00:00Z,RISK_OFF,2023-01-12T00:00:00Z,2023-01-11,-0.538,HIGH,8/8,,false,,True,-1036,-148,0,0,0
MAIN,2026092503,-8,SYNTHETIC_PLACEBO_ONLY,False,PROVENANCE_ONLY_NOT_CAUSAL_TRUTH,1048,4,149,2025-11-14T00:00:00Z,2025-11-15T00:00:00Z,2025.11.14 02:00,RISK_OFF,STABLE_MAPPED_ROW,,False,,12,4,1,2023-01-13T00:00:00Z,2023-01-14T00:00:00Z,RISK_OFF,2023-01-13T00:00:00Z,2023-01-12,-0.385,HIGH,8/8,,false,,True,-1036,-148,0,0,0
MAIN,2026092503,-8,SYNTHETIC_PLACEBO_ONLY,False,PROVENANCE_ONLY_NOT_CAUSAL_TRUTH,1049,5,149,2025-11-15T00:00:00Z,2025-11-16T00:00:00Z,2025.11.15 02:00,NEUTRAL,STABLE_MAPPED_ROW,,False,,13,5,1,2023-01-14T00:00:00Z,2023-01-15T00:00:00Z,NEUTRAL,2023-01-14T00:00:00Z,2023-01-13,-0.077,LOW,8/8,,false,,True,-1036,-148,0,0,0
MAIN,2026092503,-8,SYNTHETIC_PLACEBO_ONLY,False,PROVENANCE_ONLY_NOT_CAUSAL_TRUTH,1050,6,150,2025-11-16T00:00:00Z,2025-11-17T00:00:00Z,2025.11.16 02:00,RISK_OFF,STABLE_MAPPED_ROW,,False,,7,6,1,2023-01-08T00:00:00Z,2023-01-09T00:00:00Z,RISK_OFF,2023-01-08T00:00:00Z,2023-01-07,-0.538,HIGH,8/8,,false,,True,-1043,-149,0,0,0
MAIN,2026092503,-8,SYNTHETIC_PLACEBO_ONLY,False,PROVENANCE_ONLY_NOT_CAUSAL_TRUTH,1051,0,150,2025-11-17T00:00:00Z,2025-11-18T00:00:00Z,2025.11.17 02:00,RISK_OFF,STABLE_MAPPED_ROW,,False,,8,0,1,2023-01-09T00:00:00Z,2023-01-10T00:00:00Z,RISK_OFF,2023-01-09T00:00:00Z,2023-01-08,-0.538,HIGH,8/8,,false,,True,-1043,-149,0,0,0
MAIN,2026092503,-8,SYNTHETIC_PLACEBO_ONLY,False,PROVENANCE_ONLY_NOT_CAUSAL_TRUTH,1052,1,150,2025-11-18T00:00:00Z,2025-11-19T00:00:00Z,2025.11.18 02:00,RISK_OFF,STABLE_MAPPED_ROW,,False,,9,1,1,2023-01-10T00:00:00Z,2023-01-11T00:00:00Z,RISK_OFF,2023-01-10T00:00:00Z,2023-01-09,-0.538,HIGH,8/8,,false,,True,-1043,-149,0,0,0
MAIN,2026092503,-8,SYNTHETIC_PLACEBO_ONLY,False,PROVENANCE_ONLY_NOT_CAUSAL_TRUTH,1053,2,150,2025-11-19T00:00:00Z,2025-11-20T00:00:00Z,2025.11.19 02:00,RISK_OFF,STABLE_MAPPED_ROW,,False,,10,2,1,2023-01-11T00:00:00Z,2023-01-12T00:00:00Z,RISK_OFF,2023-01-11T00:00:00Z,2023-01-10,-0.538,HIGH,8/8,,false,,True,-1043,-149,0,0,0
MAIN,2026092503,-8,SYNTHETIC_PLACEBO_ONLY,False,PROVENANCE_ONLY_NOT_CAUSAL_TRUTH,1054,3,150,2025-11-20T00:00:00Z,2025-11-21T00:00:00Z,2025.11.20 02:00,RISK_OFF,STABLE_MAPPED_ROW,,False,,18,3,2,2023-01-19T00:00:00Z,2023-01-20T00:00:00Z,RISK_OFF,2023-01-19T00:00:00Z,2023-01-18,-0.385,MED,8/8,,false,,True,-1036,-148,0,0,0
MAIN,2026092503,-8,SYNTHETIC_PLACEBO_ONLY,False,PROVENANCE_ONLY_NOT_CAUSAL_TRUTH,1055,4,150,2025-11-21T00:00:00Z,2025-11-22T00:00:00Z,2025.11.21 02:00,RISK_OFF,STABLE_MAPPED_ROW,,False,,19,4,2,2023-01-20T00:00:00Z,2023-01-21T00:00:00Z,RISK_OFF,2023-01-20T00:00:00Z,2023-01-19,-0.385,MED,8/8,,false,,True,-1036,-148,0,0,0
MAIN,2026092503,-8,SYNTHETIC_PLACEBO_ONLY,False,PROVENANCE_ONLY_NOT_CAUSAL_TRUTH,1056,5,150,2025-11-22T00:00:00Z,2025-11-23T00:00:00Z,2025.11.22 02:00,NEUTRAL,STABLE_MAPPED_ROW,,False,,20,5,2,2023-01-21T00:00:00Z,2023-01-22T00:00:00Z,NEUTRAL,2023-01-21T00:00:00Z,2023-01-20,-0.077,LOW,8/8,,false,,True,-1036,-148,0,0,0
MAIN,2026092503,-8,SYNTHETIC_PLACEBO_ONLY,False,PROVENANCE_ONLY_NOT_CAUSAL_TRUTH,1057,6,151,2025-11-23T00:00:00Z,2025-11-24T00:00:00Z,2025.11.23 02:00,NEUTRAL,STABLE_MAPPED_ROW,,False,,14,6,2,2023-01-15T00:00:00Z,2023-01-16T00:00:00Z,NEUTRAL,2023-01-15T00:00:00Z,2023-01-14,-0.077,LOW,8/8,,false,,True,-1043,-149,0,0,0
MAIN,2026092503,-8,SYNTHETIC_PLACEBO_ONLY,False,PROVENANCE_ONLY_NOT_CAUSAL_TRUTH,1058,0,151,2025-11-24T00:00:00Z,2025-11-25T00:00:00Z,2025.11.24 02:00,NEUTRAL,STABLE_MAPPED_ROW,,False,,15,0,2,2023-01-16T00:00:00Z,2023-01-17T00:00:00Z,NEUTRAL,2023-01-16T00:00:00Z,2023-01-15,-0.077,LOW,8/8,,false,,True,-1043,-149,0,0,0
MAIN,2026092503,-8,SYNTHETIC_PLACEBO_ONLY,False,PROVENANCE_ONLY_NOT_CAUSAL_TRUTH,1059,1,151,2025-11-25T00:00:00Z,2025-11-26T00:00:00Z,2025.11.25 02:00,NEUTRAL,STABLE_MAPPED_ROW,,False,,16,1,2,2023-01-17T00:00:00Z,2023-01-18T00:00:00Z,NEUTRAL,2023-01-17T00:00:00Z,2023-01-16,-0.077,LOW,8/8,,false,,True,-1043,-149,0,0,0
MAIN,2026092503,-8,SYNTHETIC_PLACEBO_ONLY,False,PROVENANCE_ONLY_NOT_CAUSAL_TRUTH,1060,2,151,2025-11-26T00:00:00Z,2025-11-27T00:00:00Z,2025.11.26 02:00,NEUTRAL,STABLE_MAPPED_ROW,,False,,17,2,2,2023-01-18T00:00:00Z,2023-01-19T00:00:00Z,NEUTRAL,2023-01-18T00:00:00Z,2023-01-17,-0.077,LOW,8/8,,false,,True,-1043,-149,0,0,0
MAIN,2026092503,-8,SYNTHETIC_PLACEBO_ONLY,False,PROVENANCE_ONLY_NOT_CAUSAL_TRUTH,1061,3,151,2025-11-27T00:00:00Z,2025-11-28T00:00:00Z,2025.11.27 02:00,NEUTRAL,STABLE_MAPPED_ROW,,False,,25,3,3,2023-01-26T00:00:00Z,2023-01-27T00:00:00Z,NEUTRAL,2023-01-26T00:00:00Z,2023-01-25,-0.077,LOW,8/8,,false,,True,-1036,-148,0,0,0
MAIN,2026092503,-8,SYNTHETIC_PLACEBO_ONLY,False,PROVENANCE_ONLY_NOT_CAUSAL_TRUTH,1062,4,151,2025-11-28T00:00:00Z,2025-11-29T00:00:00Z,2025.11.28 02:00,NEUTRAL,STABLE_MAPPED_ROW,,False,,26,4,3,2023-01-27T00:00:00Z,2023-01-28T00:00:00Z,NEUTRAL,2023-01-27T00:00:00Z,2023-01-26,-0.077,LOW,8/8,,false,,True,-1036,-148,0,0,0
MAIN,2026092503,-8,SYNTHETIC_PLACEBO_ONLY,False,PROVENANCE_ONLY_NOT_CAUSAL_TRUTH,1063,5,151,2025-11-29T00:00:00Z,2025-11-30T00:00:00Z,2025.11.29 02:00,NEUTRAL,STABLE_MAPPED_ROW,,False,,27,5,3,2023-01-28T00:00:00Z,2023-01-29T00:00:00Z,NEUTRAL,2023-01-28T00:00:00Z,2023-01-27,-0.115,LOW,8/8,,false,,True,-1036,-148,0,0,0
MAIN,2026092503,-8,SYNTHETIC_PLACEBO_ONLY,False,PROVENANCE_ONLY_NOT_CAUSAL_TRUTH,1064,6,152,2025-11-30T00:00:00Z,2025-12-01T00:00:00Z,2025.11.30 02:00,NEUTRAL,STABLE_MAPPED_ROW,,False,,21,6,3,2023-01-22T00:00:00Z,2023-01-23T00:00:00Z,NEUTRAL,2023-01-22T00:00:00Z,2023-01-21,-0.077,LOW,8/8,,false,,True,-1043,-149,0,0,0
MAIN,2026092503,-8,SYNTHETIC_PLACEBO_ONLY,False,PROVENANCE_ONLY_NOT_CAUSAL_TRUTH,1065,0,152,2025-12-01T00:00:00Z,2025-12-02T00:00:00Z,2025.12.01 02:00,NEUTRAL,STABLE_MAPPED_ROW,,False,,22,0,3,2023-01-23T00:00:00Z,2023-01-24T00:00:00Z,NEUTRAL,2023-01-23T00:00:00Z,2023-01-22,-0.077,LOW,8/8,,false,,True,-1043,-149,0,0,0
MAIN,2026092503,-8,SYNTHETIC_PLACEBO_ONLY,False,PROVENANCE_ONLY_NOT_CAUSAL_TRUTH,1066,1,152,2025-12-02T00:00:00Z,2025-12-03T00:00:00Z,2025.12.02 02:00,NEUTRAL,STABLE_MAPPED_ROW,,False,,23,1,3,2023-01-24T00:00:00Z,2023-01-25T00:00:00Z,NEUTRAL,2023-01-24T00:00:00Z,2023-01-23,-0.077,LOW,8/8,,false,,True,-1043,-149,0,0,0
MAIN,2026092503,-8,SYNTHETIC_PLACEBO_ONLY,False,PROVENANCE_ONLY_NOT_CAUSAL_TRUTH,1067,2,152,2025-12-03T00:00:00Z,2025-12-04T00:00:00Z,2025.12.03 02:00,NEUTRAL,STABLE_MAPPED_ROW,,False,,24,2,3,2023-01-25T00:00:00Z,2023-01-26T00:00:00Z,NEUTRAL,2023-01-25T00:00:00Z,2023-01-24,-0.077,LOW,8/8,,false,,True,-1043,-149,0,0,0
MAIN,2026092503,-8,SYNTHETIC_PLACEBO_ONLY,False,PROVENANCE_ONLY_NOT_CAUSAL_TRUTH,1068,3,152,2025-12-04T00:00:00Z,2025-12-05T00:00:00Z,2025.12.04 02:00,RISK_OFF,STABLE_MAPPED_ROW,,False,,32,3,4,2023-02-02T00:00:00Z,2023-02-03T00:00:00Z,RISK_OFF,2023-02-02T00:00:00Z,2023-02-01,-0.269,MED,8/8,,false,,True,-1036,-148,0,0,0
MAIN,2026092503,-8,SYNTHETIC_PLACEBO_ONLY,False,PROVENANCE_ONLY_NOT_CAUSAL_TRUTH,1069,4,152,2025-12-05T00:00:00Z,2025-12-06T00:00:00Z,2025.12.05 02:00,RISK_OFF,STABLE_MAPPED_ROW,,False,,33,4,4,2023-02-03T00:00:00Z,2023-02-04T00:00:00Z,RISK_OFF,2023-02-03T00:00:00Z,2023-02-02,-0.269,MED,8/8,,false,,True,-1036,-148,0,0,0
MAIN,2026092503,-8,SYNTHETIC_PLACEBO_ONLY,False,PROVENANCE_ONLY_NOT_CAUSAL_TRUTH,1070,5,152,2025-12-06T00:00:00Z,2025-12-07T00:00:00Z,2025.12.06 02:00,RISK_OFF,STABLE_MAPPED_ROW,,False,,34,5,4,2023-02-04T00:00:00Z,2023-02-05T00:00:00Z,RISK_OFF,2023-02-04T00:00:00Z,2023-02-03,-0.308,MED,8/8,,false,,True,-1036,-148,0,0,0
MAIN,2026092503,-8,SYNTHETIC_PLACEBO_ONLY,False,PROVENANCE_ONLY_NOT_CAUSAL_TRUTH,1071,6,153,2025-12-07T00:00:00Z,2025-12-08T00:00:00Z,2025.12.07 02:00,NEUTRAL,STABLE_MAPPED_ROW,,False,,28,6,4,2023-01-29T00:00:00Z,2023-01-30T00:00:00Z,NEUTRAL,2023-01-29T00:00:00Z,2023-01-28,-0.115,LOW,8/8,,false,,True,-1043,-149,0,0,0
MAIN,2026092503,-8,SYNTHETIC_PLACEBO_ONLY,False,PROVENANCE_ONLY_NOT_CAUSAL_TRUTH,1072,0,153,2025-12-08T00:00:00Z,2025-12-09T00:00:00Z,2025.12.08 02:00,NEUTRAL,STABLE_MAPPED_ROW,,False,,29,0,4,2023-01-30T00:00:00Z,2023-01-31T00:00:00Z,NEUTRAL,2023-01-30T00:00:00Z,2023-01-29,-0.115,LOW,8/8,,false,,True,-1043,-149,0,0,0
MAIN,2026092503,-8,SYNTHETIC_PLACEBO_ONLY,False,PROVENANCE_ONLY_NOT_CAUSAL_TRUTH,1073,1,153,2025-12-09T00:00:00Z,2025-12-10T00:00:00Z,2025.12.09 02:00,NEUTRAL,STABLE_MAPPED_ROW,,False,,30,1,4,2023-01-31T00:00:00Z,2023-02-01T00:00:00Z,NEUTRAL,2023-01-31T00:00:00Z,2023-01-30,-0.154,LOW,8/8,,false,,True,-1043,-149,0,0,0
MAIN,2026092503,-8,SYNTHETIC_PLACEBO_ONLY,False,PROVENANCE_ONLY_NOT_CAUSAL_TRUTH,1074,2,153,2025-12-10T00:00:00Z,2025-12-11T00:00:00Z,2025.12.10 02:00,NEUTRAL,STABLE_MAPPED_ROW,,False,,31,2,4,2023-02-01T00:00:00Z,2023-02-02T00:00:00Z,NEUTRAL,2023-02-01T00:00:00Z,2023-01-31,-0.115,LOW,8/8,,false,,True,-1043,-149,0,0,0
MAIN,2026092503,-8,SYNTHETIC_PLACEBO_ONLY,False,PROVENANCE_ONLY_NOT_CAUSAL_TRUTH,1075,3,153,2025-12-11T00:00:00Z,2025-12-12T00:00:00Z,2025.12.11 02:00,NEUTRAL,STABLE_MAPPED_ROW,,False,,39,3,5,2023-02-09T00:00:00Z,2023-02-10T00:00:00Z,NEUTRAL,2023-02-09T00:00:00Z,2023-02-08,-0.154,LOW,8/8,,false,,True,-1036,-148,0,0,0
MAIN,2026092503,-8,SYNTHETIC_PLACEBO_ONLY,False,PROVENANCE_ONLY_NOT_CAUSAL_TRUTH,1076,4,153,2025-12-12T00:00:00Z,2025-12-13T00:00:00Z,2025.12.12 02:00,RISK_OFF,STABLE_MAPPED_ROW,,False,,40,4,5,2023-02-10T00:00:00Z,2023-02-11T00:00:00Z,RISK_OFF,2023-02-10T00:00:00Z,2023-02-09,-0.346,MED,8/8,,false,,True,-1036,-148,0,0,0
MAIN,2026092503,-8,SYNTHETIC_PLACEBO_ONLY,False,PROVENANCE_ONLY_NOT_CAUSAL_TRUTH,1077,5,153,2025-12-13T00:00:00Z,2025-12-14T00:00:00Z,2025.12.13 02:00,RISK_OFF,STABLE_MAPPED_ROW,,False,,41,5,5,2023-02-11T00:00:00Z,2023-02-12T00:00:00Z,RISK_OFF,2023-02-11T00:00:00Z,2023-02-10,-0.385,MED,8/8,,false,,True,-1036,-148,0,0,0
MAIN,2026092503,-8,SYNTHETIC_PLACEBO_ONLY,False,PROVENANCE_ONLY_NOT_CAUSAL_TRUTH,1078,6,154,2025-12-14T00:00:00Z,2025-12-15T00:00:00Z,2025.12.14 02:00,RISK_OFF,STABLE_MAPPED_ROW,,False,,35,6,5,2023-02-05T00:00:00Z,2023-02-06T00:00:00Z,RISK_OFF,2023-02-05T00:00:00Z,2023-02-04,-0.269,MED,8/8,,false,,True,-1043,-149,0,0,0
MAIN,2026092503,-8,SYNTHETIC_PLACEBO_ONLY,False,PROVENANCE_ONLY_NOT_CAUSAL_TRUTH,1079,0,154,2025-12-15T00:00:00Z,2025-12-16T00:00:00Z,2025.12.15 02:00,RISK_OFF,STABLE_MAPPED_ROW,,False,,36,0,5,2023-02-06T00:00:00Z,2023-02-07T00:00:00Z,RISK_OFF,2023-02-06T00:00:00Z,2023-02-05,-0.308,MED,8/8,,false,,True,-1043,-149,0,0,0
MAIN,2026092503,-8,SYNTHETIC_PLACEBO_ONLY,False,PROVENANCE_ONLY_NOT_CAUSAL_TRUTH,1080,1,154,2025-12-16T00:00:00Z,2025-12-17T00:00:00Z,2025.12.16 02:00,RISK_OFF,STABLE_MAPPED_ROW,,False,,37,1,5,2023-02-07T00:00:00Z,2023-02-08T00:00:00Z,RISK_OFF,2023-02-07T00:00:00Z,2023-02-06,-0.462,HIGH,8/8,,false,,True,-1043,-149,0,0,0
MAIN,2026092503,-8,SYNTHETIC_PLACEBO_ONLY,False,PROVENANCE_ONLY_NOT_CAUSAL_TRUTH,1081,2,154,2025-12-17T00:00:00Z,2025-12-18T00:00:00Z,2025.12.17 02:00,RISK_OFF,STABLE_MAPPED_ROW,,False,,38,2,5,2023-02-08T00:00:00Z,2023-02-09T00:00:00Z,RISK_OFF,2023-02-08T00:00:00Z,2023-02-07,-0.308,MED,8/8,,false,,True,-1043,-149,0,0,0
MAIN,2026092503,-8,SYNTHETIC_PLACEBO_ONLY,False,PROVENANCE_ONLY_NOT_CAUSAL_TRUTH,1082,3,154,2025-12-18T00:00:00Z,2025-12-19T00:00:00Z,2025.12.18 02:00,NEUTRAL,STABLE_MAPPED_ROW,,False,,46,3,6,2023-02-16T00:00:00Z,2023-02-17T00:00:00Z,NEUTRAL,2023-02-16T00:00:00Z,2023-02-15,0,HIGH,8/8,,false,,True,-1036,-148,0,0,0
MAIN,2026092503,-8,SYNTHETIC_PLACEBO_ONLY,False,PROVENANCE_ONLY_NOT_CAUSAL_TRUTH,1083,4,154,2025-12-19T00:00:00Z,2025-12-20T00:00:00Z,2025.12.19 02:00,NEUTRAL,STABLE_MAPPED_ROW,,False,,47,4,6,2023-02-17T00:00:00Z,2023-02-18T00:00:00Z,NEUTRAL,2023-02-17T00:00:00Z,2023-02-16,-0.154,LOW,8/8,,false,,True,-1036,-148,0,0,0
MAIN,2026092503,-8,SYNTHETIC_PLACEBO_ONLY,False,PROVENANCE_ONLY_NOT_CAUSAL_TRUTH,1084,5,154,2025-12-20T00:00:00Z,2025-12-21T00:00:00Z,2025.12.20 02:00,NEUTRAL,STABLE_MAPPED_ROW,,False,,48,5,6,2023-02-18T00:00:00Z,2023-02-19T00:00:00Z,NEUTRAL,2023-02-18T00:00:00Z,2023-02-17,-0.231,MED,8/8,,false,,True,-1036,-148,0,0,0
MAIN,2026092503,-8,SYNTHETIC_PLACEBO_ONLY,False,PROVENANCE_ONLY_NOT_CAUSAL_TRUTH,1085,6,155,2025-12-21T00:00:00Z,2025-12-22T00:00:00Z,2025.12.21 02:00,RISK_OFF,STABLE_MAPPED_ROW,,False,,42,6,6,2023-02-12T00:00:00Z,2023-02-13T00:00:00Z,RISK_OFF,2023-02-12T00:00:00Z,2023-02-11,-0.385,MED,8/8,,false,,True,-1043,-149,0,0,0
MAIN,2026092503,-8,SYNTHETIC_PLACEBO_ONLY,False,PROVENANCE_ONLY_NOT_CAUSAL_TRUTH,1086,0,155,2025-12-22T00:00:00Z,2025-12-23T00:00:00Z,2025.12.22 02:00,RISK_OFF,STABLE_MAPPED_ROW,,False,,43,0,6,2023-02-13T00:00:00Z,2023-02-14T00:00:00Z,RISK_OFF,2023-02-13T00:00:00Z,2023-02-12,-0.385,MED,8/8,,false,,True,-1043,-149,0,0,0
MAIN,2026092503,-8,SYNTHETIC_PLACEBO_ONLY,False,PROVENANCE_ONLY_NOT_CAUSAL_TRUTH,1087,1,155,2025-12-23T00:00:00Z,2025-12-24T00:00:00Z,2025.12.23 02:00,RISK_OFF,STABLE_MAPPED_ROW,,False,,44,1,6,2023-02-14T00:00:00Z,2023-02-15T00:00:00Z,RISK_OFF,2023-02-14T00:00:00Z,2023-02-13,-0.423,HIGH,8/8,,false,,True,-1043,-149,0,0,0
MAIN,2026092503,-8,SYNTHETIC_PLACEBO_ONLY,False,PROVENANCE_ONLY_NOT_CAUSAL_TRUTH,1088,2,155,2025-12-24T00:00:00Z,2025-12-25T00:00:00Z,2025.12.24 02:00,NEUTRAL,STABLE_MAPPED_ROW,,False,,45,2,6,2023-02-15T00:00:00Z,2023-02-16T00:00:00Z,NEUTRAL,2023-02-15T00:00:00Z,2023-02-14,-0.077,LOW,8/8,,false,,True,-1043,-149,0,0,0
MAIN,2026092503,-8,SYNTHETIC_PLACEBO_ONLY,False,PROVENANCE_ONLY_NOT_CAUSAL_TRUTH,1089,3,155,2025-12-25T00:00:00Z,2025-12-26T00:00:00Z,2025.12.25 02:00,NEUTRAL,STABLE_MAPPED_ROW,,False,,53,3,7,2023-02-23T00:00:00Z,2023-02-24T00:00:00Z,NEUTRAL,2023-02-23T00:00:00Z,2023-02-22,-0.192,LOW,8/8,,false,,True,-1036,-148,0,0,0
MAIN,2026092503,-8,SYNTHETIC_PLACEBO_ONLY,False,PROVENANCE_ONLY_NOT_CAUSAL_TRUTH,1090,4,155,2025-12-26T00:00:00Z,2025-12-27T00:00:00Z,2025.12.26 02:00,RISK_OFF,STABLE_MAPPED_ROW,,False,,54,4,7,2023-02-24T00:00:00Z,2023-02-25T00:00:00Z,RISK_OFF,2023-02-24T00:00:00Z,2023-02-23,-0.269,MED,8/8,,false,,True,-1036,-148,0,0,0
MAIN,2026092503,-8,SYNTHETIC_PLACEBO_ONLY,False,PROVENANCE_ONLY_NOT_CAUSAL_TRUTH,1091,5,155,2025-12-27T00:00:00Z,2025-12-28T00:00:00Z,2025.12.27 02:00,RISK_OFF,STABLE_MAPPED_ROW,,False,,55,5,7,2023-02-25T00:00:00Z,2023-02-26T00:00:00Z,RISK_OFF,2023-02-25T00:00:00Z,2023-02-24,-0.615,HIGH,8/8,,false,,True,-1036,-148,0,0,0
MAIN,2026092503,-8,SYNTHETIC_PLACEBO_ONLY,False,PROVENANCE_ONLY_NOT_CAUSAL_TRUTH,1092,6,156,2025-12-28T00:00:00Z,2025-12-29T00:00:00Z,2025.12.28 02:00,NEUTRAL,STABLE_MAPPED_ROW,,False,,49,6,7,2023-02-19T00:00:00Z,2023-02-20T00:00:00Z,NEUTRAL,2023-02-19T00:00:00Z,2023-02-18,-0.231,MED,8/8,,false,,True,-1043,-149,0,0,0
MAIN,2026092503,-8,SYNTHETIC_PLACEBO_ONLY,False,PROVENANCE_ONLY_NOT_CAUSAL_TRUTH,1093,0,156,2025-12-29T00:00:00Z,2025-12-30T00:00:00Z,2025.12.29 02:00,NEUTRAL,STABLE_MAPPED_ROW,,False,,50,0,7,2023-02-20T00:00:00Z,2023-02-21T00:00:00Z,NEUTRAL,2023-02-20T00:00:00Z,2023-02-19,-0.231,MED,8/8,,false,,True,-1043,-149,0,0,0
MAIN,2026092503,-8,SYNTHETIC_PLACEBO_ONLY,False,PROVENANCE_ONLY_NOT_CAUSAL_TRUTH,1094,1,156,2025-12-30T00:00:00Z,2025-12-31T00:00:00Z,2025.12.30 02:00,NEUTRAL,STABLE_MAPPED_ROW,,False,,51,1,7,2023-02-21T00:00:00Z,2023-02-22T00:00:00Z,NEUTRAL,2023-02-21T00:00:00Z,2023-02-20,-0.231,MED,8/8,,false,,True,-1043,-149,0,0,0
MAIN,2026092503,-8,SYNTHETIC_PLACEBO_ONLY,False,PROVENANCE_ONLY_NOT_CAUSAL_TRUTH,1095,2,156,2025-12-31T00:00:00Z,2026-01-01T00:00:00Z,2025.12.31 02:00,NEUTRAL,STABLE_MAPPED_ROW,,False,,52,2,7,2023-02-22T00:00:00Z,2023-02-23T00:00:00Z,NEUTRAL,2023-02-22T00:00:00Z,2023-02-21,-0.154,LOW,8/8,,false,,True,-1043,-149,0,0,0
