schema_version,h3_run_id,symbol,period,period_name,configured_run_magic,source_open_deal_magic,source_close_deal_magic,account_margin_mode,source_position_id,source_open_deal_id,source_deal_id,source_open_order_id,source_close_order_id,entry_time_server,exit_time_server,entry_time_msc,exit_time_msc,entry_utc,exit_utc,time_status,time_unknown_reason,entry_volume,exit_volume,entry_price,exit_price,entry_commission,entry_swap,entry_profit,exit_commission,exit_swap,exit_profit,source_net_realized
BOSS19_P4B_SOURCE_BOUND_DEAL_V2,H3-C01-MAIN,XAUUSD,15,PERIOD_M15,990001,990001,990001,2,2,2,7,2,7,2023.01.03 04:40:40,2023.01.09 04:38:40,1672720840000,1673239120000,2023-01-03T02:40:40Z,2023-01-09T02:38:40Z,COMPLETE,,0.01000000,0.01000000,1833.98,1878.69,0E-8,0E-8,0E-8,0E-8,-4.74000000,44.71000000,39.97000000
BOSS19_P4B_SOURCE_BOUND_DEAL_V2,H3-C01-MAIN,XAUUSD,15,PERIOD_M15,990001,990001,990001,2,3,3,6,3,6,2023.01.03 05:08:40,2023.01.09 04:38:40,1672722520000,1673239120000,2023-01-03T03:08:40Z,2023-01-09T02:38:40Z,COMPLETE,,0.01000000,0.01000000,1840.73,1878.69,0E-8,0E-8,0E-8,0E-8,-4.74000000,37.96000000,33.22000000
BOSS19_P4B_SOURCE_BOUND_DEAL_V2,H3-C01-MAIN,XAUUSD,15,PERIOD_M15,990001,990001,990001,2,4,4,5,4,5,2023.01.03 09:28:40,2023.01.09 04:38:40,1672738120000,1673239120000,2023-01-03T07:28:40Z,2023-01-09T02:38:40Z,COMPLETE,,0.02000000,0.02000000,1847.48,1878.69,0E-8,0E-8,0E-8,0E-8,-9.48000000,62.42000000,52.94000000
BOSS19_P4B_SOURCE_BOUND_DEAL_V2,H3-C01-MAIN,XAUUSD,15,PERIOD_M15,990001,990001,990001,2,68,8,9,68,71,2023.01.10 16:30:40,2023.01.13 17:46:40,1673368240000,1673632000000,2023-01-10T14:30:40Z,2023-01-13T15:46:40Z,COMPLETE,,0.01000000,0.01000000,1879.62,1916.48,0E-8,0E-8,0E-8,0E-8,-3.95000000,36.86000000,32.91000000
BOSS19_P4B_SOURCE_BOUND_DEAL_V2,H3-C01-MAIN,XAUUSD,15,PERIOD_M15,990001,990001,990001,2,72,10,11,72,75,2023.01.16 03:58:40,2023.03.17 17:42:40,1673841520000,1679074960000,2023-01-16T01:58:40Z,2023-03-17T14:42:40Z,COMPLETE,,0.01000000,0.01000000,1923.87,1960.89,0E-8,0E-8,0E-8,0E-8,-48.98000000,37.02000000,-11.96000000
BOSS19_P4B_SOURCE_BOUND_DEAL_V2,H3-C01-MAIN,XAUUSD,15,PERIOD_M15,990001,990001,990001,2,76,12,17,76,81,2023.03.17 20:28:40,2023.04.04 17:18:40,1679084920000,1680628720000,2023-03-17T17:28:40Z,2023-04-04T14:18:40Z,COMPLETE,,0.01000000,0.01000000,1967.49,2022.22,0E-8,0E-8,0E-8,0E-8,-12.64000000,54.73000000,42.09000000
BOSS19_P4B_SOURCE_BOUND_DEAL_V2,H3-C01-MAIN,XAUUSD,15,PERIOD_M15,990001,990001,990001,2,77,13,16,77,80,2023.03.17 20:55:40,2023.04.04 17:18:40,1679086540000,1680628720000,2023-03-17T17:55:40Z,2023-04-04T14:18:40Z,COMPLETE,,0.01000000,0.01000000,1974.76,2022.22,0E-8,0E-8,0E-8,0E-8,-12.64000000,47.46000000,34.82000000
BOSS19_P4B_SOURCE_BOUND_DEAL_V2,H3-C01-MAIN,XAUUSD,15,PERIOD_M15,990001,990001,990001,2,78,14,15,78,79,2023.03.17 21:43:20,2023.04.04 17:18:40,1679089400000,1680628720000,2023-03-17T18:43:20Z,2023-04-04T14:18:40Z,COMPLETE,,0.02000000,0.02000000,1982.04,2022.22,0E-8,0E-8,0E-8,0E-8,-25.28000000,80.36000000,55.08000000
BOSS19_P4B_SOURCE_BOUND_DEAL_V2,H3-C01-MAIN,XAUUSD,15,PERIOD_M15,990001,990001,990001,2,82,18,19,82,85,2023.04.05 15:34:40,2023.05.04 01:01:20,1680708880000,1683162080000,2023-04-05T12:34:40Z,2023-05-03T22:01:20Z,COMPLETE,,0.01000000,0.01000000,2031.09,2078.32,0E-8,0E-8,0E-8,0E-8,-24.49000000,47.23000000,22.74000000
BOSS19_P4B_SOURCE_BOUND_DEAL_V2,H3-C01-MAIN,XAUUSD,15,PERIOD_M15,990001,990001,990001,2,149,20,23,149,153,2023.05.04 17:17:40,2023.12.04 01:16:40,1683220660000,1701652600000,2023-05-04T14:17:40Z,2023-12-03T23:16:40Z,COMPLETE,,0.01000000,0.01000000,2048.13,2092.86,0E-8,0E-8,0E-8,0E-8,-167.48000000,44.73000000,-122.75000000
BOSS19_P4B_SOURCE_BOUND_DEAL_V2,H3-C01-MAIN,XAUUSD,15,PERIOD_M15,990001,990001,990001,2,150,21,22,150,152,2023.05.04 17:32:40,2023.12.04 01:16:40,1683221560000,1701652600000,2023-05-04T14:32:40Z,2023-12-03T23:16:40Z,COMPLETE,,0.01000000,0.01000000,2057.12,2092.86,0E-8,0E-8,0E-8,0E-8,-167.48000000,35.74000000,-131.74000000
BOSS19_P4B_SOURCE_BOUND_DEAL_V2,H3-C01-MAIN,XAUUSD,15,PERIOD_M15,990001,990001,990001,2,154,24,29,154,159,2023.12.04 01:18:40,2023.12.04 01:27:40,1701652720000,1701653260000,2023-12-03T23:18:40Z,2023-12-03T23:27:40Z,COMPLETE,,0.01000000,0.01000000,2090.76,2140.44,0E-8,0E-8,0E-8,0E-8,0E-8,49.68000000,49.68000000
BOSS19_P4B_SOURCE_BOUND_DEAL_V2,H3-C01-MAIN,XAUUSD,15,PERIOD_M15,990001,990001,990001,2,155,25,28,155,158,2023.12.04 01:19:40,2023.12.04 01:27:40,1701652780000,1701653260000,2023-12-03T23:19:40Z,2023-12-03T23:27:40Z,COMPLETE,,0.01000000,0.01000000,2097.44,2140.44,0E-8,0E-8,0E-8,0E-8,0E-8,43.00000000,43.00000000
BOSS19_P4B_SOURCE_BOUND_DEAL_V2,H3-C01-MAIN,XAUUSD,15,PERIOD_M15,990001,990001,990001,2,156,26,27,156,157,2023.12.04 01:21:40,2023.12.04 01:27:40,1701652900000,1701653260000,2023-12-03T23:21:40Z,2023-12-03T23:27:40Z,COMPLETE,,0.02000000,0.02000000,2104.12,2140.44,0E-8,0E-8,0E-8,0E-8,0E-8,72.64000000,72.64000000
BOSS19_P4B_SOURCE_BOUND_DEAL_V2,H3-C01-MAIN,XAUUSD,15,PERIOD_M15,990001,990001,990001,2,160,30,31,160,163,2023.12.04 01:33:40,2024.03.08 15:31:40,1701653620000,1709911900000,2023-12-03T23:33:40Z,2024-03-08T13:31:40Z,COMPLETE,,0.01000000,0.01000000,2142.43,2181.81,0E-8,0E-8,0E-8,0E-8,-76.63000000,39.38000000,-37.25000000
BOSS19_P4B_SOURCE_BOUND_DEAL_V2,H3-C01-MAIN,XAUUSD,15,PERIOD_M15,990001,990001,990001,2,164,32,35,164,168,2024.03.08 19:05:40,2024.03.28 23:49:40,1709924740000,1711669780000,2024-03-08T17:05:40Z,2024-03-28T20:49:40Z,COMPLETE,,0.01000000,0.01000000,2188.47,2235.88,0E-8,0E-8,0E-8,0E-8,-15.80000000,47.41000000,31.61000000
BOSS19_P4B_SOURCE_BOUND_DEAL_V2,H3-C01-MAIN,XAUUSD,15,PERIOD_M15,990001,990001,990001,2,165,33,34,165,167,2024.03.08 19:19:40,2024.03.28 23:49:40,1709925580000,1711669780000,2024-03-08T17:19:40Z,2024-03-28T20:49:40Z,COMPLETE,,0.01000000,0.01000000,2194.98,2235.88,0E-8,0E-8,0E-8,0E-8,-15.80000000,40.90000000,25.10000000
BOSS19_P4B_SOURCE_BOUND_DEAL_V2,H3-C01-MAIN,XAUUSD,15,PERIOD_M15,990001,990001,990001,2,169,36,41,169,174,2024.04.01 01:05:00,2024.04.03 01:21:40,1711933500000,1712107300000,2024-03-31T22:05:00Z,2024-04-02T22:21:40Z,COMPLETE,,0.01000000,0.01000000,2237.02,2287.05,0E-8,0E-8,0E-8,0E-8,-1.58000000,50.03000000,48.45000000
BOSS19_P4B_SOURCE_BOUND_DEAL_V2,H3-C01-MAIN,XAUUSD,15,PERIOD_M15,990001,990001,990001,2,170,37,40,170,173,2024.04.01 02:43:40,2024.04.03 01:21:40,1711939420000,1712107300000,2024-03-31T23:43:40Z,2024-04-02T22:21:40Z,COMPLETE,,0.01000000,0.01000000,2244.39,2287.05,0E-8,0E-8,0E-8,0E-8,-1.58000000,42.66000000,41.08000000
BOSS19_P4B_SOURCE_BOUND_DEAL_V2,H3-C01-MAIN,XAUUSD,15,PERIOD_M15,990001,990001,990001,2,171,38,39,171,172,2024.04.01 03:31:40,2024.04.03 01:21:40,1711942300000,1712107300000,2024-04-01T00:31:40Z,2024-04-02T22:21:40Z,COMPLETE,,0.02000000,0.02000000,2251.77,2287.05,0E-8,0E-8,0E-8,0E-8,-3.16000000,70.56000000,67.40000000
BOSS19_P4B_SOURCE_BOUND_DEAL_V2,H3-C01-MAIN,XAUUSD,15,PERIOD_M15,990001,990001,990001,2,199,42,43,199,202,2024.04.03 17:00:40,2024.04.03 17:30:40,1712163640000,1712165440000,2024-04-03T14:00:40Z,2024-04-03T14:30:40Z,COMPLETE,,0.01000000,0.01000000,2282.41,2274.33,0E-8,0E-8,0E-8,0E-8,0E-8,8.08000000,8.08000000
BOSS19_P4B_SOURCE_BOUND_DEAL_V2,H3-C01-MAIN,XAUUSD,15,PERIOD_M15,990001,990001,990001,2,203,44,47,203,207,2024.04.03 19:23:40,2024.04.08 05:36:40,1712172220000,1712554600000,2024-04-03T16:23:40Z,2024-04-08T02:36:40Z,COMPLETE,,0.01000000,0.01000000,2291.09,2341.45,0E-8,0E-8,0E-8,0E-8,-3.95000000,50.36000000,46.41000000
BOSS19_P4B_SOURCE_BOUND_DEAL_V2,H3-C01-MAIN,XAUUSD,15,PERIOD_M15,990001,990001,990001,2,204,45,46,204,206,2024.04.03 23:20:20,2024.04.08 05:36:40,1712186420000,1712554600000,2024-04-03T20:20:20Z,2024-04-08T02:36:40Z,COMPLETE,,0.01000000,0.01000000,2299.16,2341.45,0E-8,0E-8,0E-8,0E-8,-3.95000000,42.29000000,38.34000000
BOSS19_P4B_SOURCE_BOUND_DEAL_V2,H3-C01-MAIN,XAUUSD,15,PERIOD_M15,990001,990001,990001,2,208,48,49,208,211,2024.04.08 05:39:20,2024.04.12 10:58:40,1712554760000,1712919520000,2024-04-08T02:39:20Z,2024-04-12T07:58:40Z,COMPLETE,,0.01000000,0.01000000,2349.72,2400.09,0E-8,0E-8,0E-8,0E-8,-4.74000000,50.37000000,45.63000000
BOSS19_P4B_SOURCE_BOUND_DEAL_V2,H3-C01-MAIN,XAUUSD,15,PERIOD_M15,990001,990001,990001,2,212,50,55,212,217,2024.04.12 17:11:40,2024.07.17 03:40:40,1712941900000,1721187640000,2024-04-12T14:11:40Z,2024-07-17T00:40:40Z,COMPLETE,,0.01000000,0.01000000,2409.62,2473.00,0E-8,0E-8,0E-8,0E-8,-74.26000000,63.38000000,-10.88000000
BOSS19_P4B_SOURCE_BOUND_DEAL_V2,H3-C01-MAIN,XAUUSD,15,PERIOD_M15,990001,990001,990001,2,213,51,54,213,216,2024.04.12 17:19:20,2024.07.17 03:40:40,1712942360000,1721187640000,2024-04-12T14:19:20Z,2024-07-17T00:40:40Z,COMPLETE,,0.01000000,0.01000000,2419.61,2473.00,0E-8,0E-8,0E-8,0E-8,-74.26000000,53.39000000,-20.87000000
BOSS19_P4B_SOURCE_BOUND_DEAL_V2,H3-C01-MAIN,XAUUSD,15,PERIOD_M15,990001,990001,990001,2,214,52,53,214,215,2024.04.12 18:00:40,2024.07.17 03:40:40,1712944840000,1721187640000,2024-04-12T15:00:40Z,2024-07-17T00:40:40Z,COMPLETE,,0.02000000,0.02000000,2429.59,2473.00,0E-8,0E-8,0E-8,0E-8,-148.52000000,86.82000000,-61.70000000
BOSS19_P4B_SOURCE_BOUND_DEAL_V2,H3-C01-MAIN,XAUUSD,15,PERIOD_M15,990001,990001,990001,2,218,56,57,218,221,2024.07.17 05:08:40,2024.09.12 15:46:40,1721192920000,1726156000000,2024-07-17T02:08:40Z,2024-09-12T12:46:40Z,COMPLETE,,0.01000000,0.01000000,2482.27,2535.16,0E-8,0E-8,0E-8,0E-8,-46.61000000,52.89000000,6.28000000
BOSS19_P4B_SOURCE_BOUND_DEAL_V2,H3-C01-MAIN,XAUUSD,15,PERIOD_M15,990001,990001,990001,2,222,58,63,222,227,2024.09.12 16:38:40,2024.09.20 09:51:40,1726159120000,1726825900000,2024-09-12T13:38:40Z,2024-09-20T06:51:40Z,COMPLETE,,0.01000000,0.01000000,2544.02,2607.16,0E-8,0E-8,0E-8,0E-8,-6.32000000,63.14000000,56.82000000
BOSS19_P4B_SOURCE_BOUND_DEAL_V2,H3-C01-MAIN,XAUUSD,15,PERIOD_M15,990001,990001,990001,2,223,59,62,223,226,2024.09.12 17:47:40,2024.09.20 09:51:40,1726163260000,1726825900000,2024-09-12T14:47:40Z,2024-09-20T06:51:40Z,COMPLETE,,0.01000000,0.01000000,2554.50,2607.16,0E-8,0E-8,0E-8,0E-8,-6.32000000,52.66000000,46.34000000
BOSS19_P4B_SOURCE_BOUND_DEAL_V2,H3-C01-MAIN,XAUUSD,15,PERIOD_M15,990001,990001,990001,2,224,60,61,224,225,2024.09.13 04:06:40,2024.09.20 09:51:40,1726200400000,1726825900000,2024-09-13T01:06:40Z,2024-09-20T06:51:40Z,COMPLETE,,0.02000000,0.02000000,2564.97,2607.16,0E-8,0E-8,0E-8,0E-8,-11.06000000,84.38000000,73.32000000
BOSS19_P4B_SOURCE_BOUND_DEAL_V2,H3-C01-MAIN,XAUUSD,15,PERIOD_M15,990001,990001,990001,2,228,64,67,228,232,2024.09.20 14:09:40,2024.09.25 05:58:40,1726841380000,1727243920000,2024-09-20T11:09:40Z,2024-09-25T02:58:40Z,COMPLETE,,0.01000000,0.01000000,2615.01,2668.54,0E-8,0E-8,0E-8,0E-8,-2.37000000,53.53000000,51.16000000
BOSS19_P4B_SOURCE_BOUND_DEAL_V2,H3-C01-MAIN,XAUUSD,15,PERIOD_M15,990001,990001,990001,2,229,65,66,229,231,2024.09.20 19:00:40,2024.09.25 05:58:40,1726858840000,1727243920000,2024-09-20T16:00:40Z,2024-09-25T02:58:40Z,COMPLETE,,0.01000000,0.01000000,2624.60,2668.54,0E-8,0E-8,0E-8,0E-8,-2.37000000,43.94000000,41.57000000
BOSS19_P4B_SOURCE_BOUND_DEAL_V2,H3-C01-MAIN,XAUUSD,15,PERIOD_M15,990001,990001,990001,2,359,68,71,359,363,2024.09.26 11:21:40,2024.10.18 21:52:40,1727349700000,1729288360000,2024-09-26T08:21:40Z,2024-10-18T18:52:40Z,COMPLETE,,0.01000000,0.01000000,2669.01,2720.97,0E-8,0E-8,0E-8,0E-8,-17.38000000,51.96000000,34.58000000
BOSS19_P4B_SOURCE_BOUND_DEAL_V2,H3-C01-MAIN,XAUUSD,15,PERIOD_M15,990001,990001,990001,2,360,69,70,360,362,2024.09.26 14:06:40,2024.10.18 21:52:40,1727359600000,1729288360000,2024-09-26T11:06:40Z,2024-10-18T18:52:40Z,COMPLETE,,0.01000000,0.01000000,2678.55,2720.97,0E-8,0E-8,0E-8,0E-8,-17.38000000,42.42000000,25.04000000
BOSS19_P4B_SOURCE_BOUND_DEAL_V2,H3-C01-MAIN,XAUUSD,15,PERIOD_M15,990001,990001,990001,2,364,72,75,364,368,2024.10.21 05:57:40,2024.10.30 08:34:40,1729490260000,1730277280000,2024-10-21T02:57:40Z,2024-10-30T05:34:40Z,COMPLETE,,0.01000000,0.01000000,2730.50,2783.58,0E-8,0E-8,0E-8,0E-8,-7.11000000,53.08000000,45.97000000
BOSS19_P4B_SOURCE_BOUND_DEAL_V2,H3-C01-MAIN,XAUUSD,15,PERIOD_M15,990001,990001,990001,2,365,73,74,365,367,2024.10.21 16:01:20,2024.10.30 08:34:40,1729526480000,1730277280000,2024-10-21T13:01:20Z,2024-10-30T05:34:40Z,COMPLETE,,0.01000000,0.01000000,2739.93,2783.58,0E-8,0E-8,0E-8,0E-8,-7.11000000,43.65000000,36.54000000
BOSS19_P4B_SOURCE_BOUND_DEAL_V2,H3-C01-MAIN,XAUUSD,15,PERIOD_M15,990001,990001,990001,2,384,76,77,384,387,2024.10.30 19:46:40,2025.02.04 15:23:40,1730317600000,1738682620000,2024-10-30T16:46:40Z,2025-02-04T13:23:40Z,COMPLETE,,0.01000000,0.01000000,2786.84,2833.28,0E-8,0E-8,0E-8,0E-8,-76.63000000,46.44000000,-30.19000000
BOSS19_P4B_SOURCE_BOUND_DEAL_V2,H3-C01-MAIN,XAUUSD,15,PERIOD_M15,990001,990001,990001,2,388,78,83,388,393,2025.02.04 17:00:40,2025.02.10 11:08:40,1738688440000,1739185720000,2025-02-04T15:00:40Z,2025-02-10T09:08:40Z,COMPLETE,,0.01000000,0.01000000,2841.86,2900.88,0E-8,0E-8,0E-8,0E-8,-4.74000000,59.02000000,54.28000000
BOSS19_P4B_SOURCE_BOUND_DEAL_V2,H3-C01-MAIN,XAUUSD,15,PERIOD_M15,990001,990001,990001,2,389,79,82,389,392,2025.02.05 04:10:40,2025.02.10 11:08:40,1738728640000,1739185720000,2025-02-05T02:10:40Z,2025-02-10T09:08:40Z,COMPLETE,,0.01000000,0.01000000,2850.89,2900.88,0E-8,0E-8,0E-8,0E-8,-3.95000000,49.99000000,46.04000000
BOSS19_P4B_SOURCE_BOUND_DEAL_V2,H3-C01-MAIN,XAUUSD,15,PERIOD_M15,990001,990001,990001,2,390,80,81,390,391,2025.02.05 07:48:40,2025.02.10 11:08:40,1738741720000,1739185720000,2025-02-05T05:48:40Z,2025-02-10T09:08:40Z,COMPLETE,,0.02000000,0.02000000,2859.93,2900.88,0E-8,0E-8,0E-8,0E-8,-7.90000000,81.90000000,74.00000000
BOSS19_P4B_SOURCE_BOUND_DEAL_V2,H3-C01-MAIN,XAUUSD,15,PERIOD_M15,990001,990001,990001,2,394,84,89,394,399,2025.02.10 15:20:40,2025.03.13 19:43:40,1739200840000,1741895020000,2025-02-10T13:20:40Z,2025-03-13T16:43:40Z,COMPLETE,,0.01000000,0.01000000,2910.53,2985.24,0E-8,0E-8,0E-8,0E-8,-26.07000000,74.71000000,48.64000000
BOSS19_P4B_SOURCE_BOUND_DEAL_V2,H3-C01-MAIN,XAUUSD,15,PERIOD_M15,990001,990001,990001,2,395,85,88,395,398,2025.02.11 01:40:40,2025.03.13 19:43:40,1739238040000,1741895020000,2025-02-10T23:40:40Z,2025-03-13T16:43:40Z,COMPLETE,,0.01000000,0.01000000,2920.07,2985.24,0E-8,0E-8,0E-8,0E-8,-25.28000000,65.17000000,39.89000000
BOSS19_P4B_SOURCE_BOUND_DEAL_V2,H3-C01-MAIN,XAUUSD,15,PERIOD_M15,990001,990001,990001,2,396,86,87,396,397,2025.02.11 03:11:40,2025.03.13 19:43:40,1739243500000,1741895020000,2025-02-11T01:11:40Z,2025-03-13T16:43:40Z,COMPLETE,,0.02000000,0.02000000,2929.61,2985.24,0E-8,0E-8,0E-8,0E-8,-50.56000000,111.26000000,60.70000000
BOSS19_P4B_SOURCE_BOUND_DEAL_V2,H3-C01-MAIN,XAUUSD,15,PERIOD_M15,990001,990001,990001,2,400,90,91,400,403,2025.03.14 12:36:40,2025.03.27 13:36:40,1741955800000,1743082600000,2025-03-14T09:36:40Z,2025-03-27T10:36:40Z,COMPLETE,,0.01000000,0.01000000,2997.84,3055.84,0E-8,0E-8,0E-8,0E-8,-10.27000000,58.00000000,47.73000000
BOSS19_P4B_SOURCE_BOUND_DEAL_V2,H3-C01-MAIN,XAUUSD,15,PERIOD_M15,990001,990001,990001,2,404,92,97,404,409,2025.03.28 04:30:40,2025.04.01 04:47:40,1743136240000,1743482860000,2025-03-28T01:30:40Z,2025-04-01T01:47:40Z,COMPLETE,,0.01000000,0.01000000,3066.79,3138.16,0E-8,0E-8,0E-8,0E-8,-1.58000000,71.37000000,69.79000000
BOSS19_P4B_SOURCE_BOUND_DEAL_V2,H3-C01-MAIN,XAUUSD,15,PERIOD_M15,990001,990001,990001,2,405,93,96,405,408,2025.03.28 08:33:40,2025.04.01 04:47:40,1743150820000,1743482860000,2025-03-28T05:33:40Z,2025-04-01T01:47:40Z,COMPLETE,,0.01000000,0.01000000,3078.15,3138.16,0E-8,0E-8,0E-8,0E-8,-1.58000000,60.01000000,58.43000000
BOSS19_P4B_SOURCE_BOUND_DEAL_V2,H3-C01-MAIN,XAUUSD,15,PERIOD_M15,990001,990001,990001,2,406,94,95,406,407,2025.03.31 01:05:00,2025.04.01 04:47:40,1743383100000,1743482860000,2025-03-30T22:05:00Z,2025-04-01T01:47:40Z,COMPLETE,,0.02000000,0.02000000,3089.50,3138.16,0E-8,0E-8,0E-8,0E-8,-1.58000000,97.32000000,95.74000000
BOSS19_P4B_SOURCE_BOUND_DEAL_V2,H3-C01-MAIN,XAUUSD,15,PERIOD_M15,990001,990001,990001,2,410,98,99,410,413,2025.04.01 08:38:20,2025.04.11 11:23:40,1743496700000,1744370620000,2025-04-01T05:38:20Z,2025-04-11T08:23:40Z,COMPLETE,,0.01000000,0.01000000,3149.11,3227.37,0E-8,0E-8,0E-8,0E-8,-9.48000000,78.26000000,68.78000000
BOSS19_P4B_SOURCE_BOUND_DEAL_V2,H3-C01-MAIN,XAUUSD,15,PERIOD_M15,990001,990001,990001,2,414,100,101,414,417,2025.04.11 16:33:40,2025.04.16 17:01:20,1744389220000,1744822880000,2025-04-11T13:33:40Z,2025-04-16T14:01:20Z,COMPLETE,,0.01000000,0.01000000,3242.04,3319.01,0E-8,0E-8,0E-8,0E-8,-2.37000000,76.97000000,74.60000000
BOSS19_P4B_SOURCE_BOUND_DEAL_V2,H3-C01-MAIN,XAUUSD,15,PERIOD_M15,990001,990001,990001,2,418,102,105,418,422,2025.04.16 19:24:40,2025.04.21 16:01:40,1744831480000,1745251300000,2025-04-16T16:24:40Z,2025-04-21T13:01:40Z,COMPLETE,,0.01000000,0.01000000,3331.20,3422.11,0E-8,0E-8,0E-8,0E-8,-3.95000000,90.91000000,86.96000000
BOSS19_P4B_SOURCE_BOUND_DEAL_V2,H3-C01-MAIN,XAUUSD,15,PERIOD_M15,990001,990001,990001,2,419,103,104,419,421,2025.04.17 01:01:40,2025.04.21 16:01:40,1744851700000,1745251300000,2025-04-16T22:01:40Z,2025-04-21T13:01:40Z,COMPLETE,,0.01000000,0.01000000,3346.44,3422.11,0E-8,0E-8,0E-8,0E-8,-1.58000000,75.67000000,74.09000000
BOSS19_P4B_SOURCE_BOUND_DEAL_V2,H3-C01-MAIN,XAUUSD,15,PERIOD_M15,990001,990001,990001,2,423,106,111,423,428,2025.04.22 02:18:40,2025.09.02 18:58:40,1745288320000,1756839520000,2025-04-21T23:18:40Z,2025-09-02T15:58:40Z,COMPLETE,,0.01000000,0.01000000,3438.31,3520.16,0E-8,0E-8,0E-8,0E-8,-105.07000000,81.85000000,-23.22000000
BOSS19_P4B_SOURCE_BOUND_DEAL_V2,H3-C01-MAIN,XAUUSD,15,PERIOD_M15,990001,990001,990001,2,424,107,110,424,427,2025.04.22 04:45:40,2025.09.02 18:58:40,1745297140000,1756839520000,2025-04-22T01:45:40Z,2025-09-02T15:58:40Z,COMPLETE,,0.01000000,0.01000000,3454.72,3520.16,0E-8,0E-8,0E-8,0E-8,-105.07000000,65.44000000,-39.63000000
BOSS19_P4B_SOURCE_BOUND_DEAL_V2,H3-C01-MAIN,XAUUSD,15,PERIOD_M15,990001,990001,990001,2,425,108,109,425,426,2025.04.22 05:45:40,2025.09.02 18:58:40,1745300740000,1756839520000,2025-04-22T02:45:40Z,2025-09-02T15:58:40Z,COMPLETE,,0.02000000,0.02000000,3471.14,3520.16,0E-8,0E-8,0E-8,0E-8,-210.14000000,98.04000000,-112.10000000
BOSS19_P4B_SOURCE_BOUND_DEAL_V2,H3-C01-MAIN,XAUUSD,15,PERIOD_M15,990001,990001,990001,2,429,112,117,429,434,2025.09.02 21:38:40,2025.09.08 10:32:40,1756849120000,1757327560000,2025-09-02T18:38:40Z,2025-09-08T07:32:40Z,COMPLETE,,0.01000000,0.01000000,3532.48,3611.40,0E-8,0E-8,0E-8,0E-8,-4.74000000,78.92000000,74.18000000
BOSS19_P4B_SOURCE_BOUND_DEAL_V2,H3-C01-MAIN,XAUUSD,15,PERIOD_M15,990001,990001,990001,2,430,113,116,430,433,2025.09.03 03:25:20,2025.09.08 10:32:40,1756869920000,1757327560000,2025-09-03T00:25:20Z,2025-09-08T07:32:40Z,COMPLETE,,0.01000000,0.01000000,3544.73,3611.40,0E-8,0E-8,0E-8,0E-8,-3.95000000,66.67000000,62.72000000
BOSS19_P4B_SOURCE_BOUND_DEAL_V2,H3-C01-MAIN,XAUUSD,15,PERIOD_M15,990001,990001,990001,2,431,114,115,431,432,2025.09.03 16:14:40,2025.09.08 10:32:40,1756916080000,1757327560000,2025-09-03T13:14:40Z,2025-09-08T07:32:40Z,COMPLETE,,0.02000000,0.02000000,3556.98,3611.40,0E-8,0E-8,0E-8,0E-8,-7.90000000,108.84000000,100.94000000
BOSS19_P4B_SOURCE_BOUND_DEAL_V2,H3-C01-MAIN,XAUUSD,15,PERIOD_M15,990001,990001,990001,2,435,118,123,435,440,2025.09.08 15:54:40,2025.09.16 17:17:40,1757346880000,1758043060000,2025-09-08T12:54:40Z,2025-09-16T14:17:40Z,COMPLETE,,0.01000000,0.01000000,3624.05,3702.53,0E-8,0E-8,0E-8,0E-8,-6.32000000,78.48000000,72.16000000
BOSS19_P4B_SOURCE_BOUND_DEAL_V2,H3-C01-MAIN,XAUUSD,15,PERIOD_M15,990001,990001,990001,2,436,119,122,436,439,2025.09.08 16:50:40,2025.09.16 17:17:40,1757350240000,1758043060000,2025-09-08T13:50:40Z,2025-09-16T14:17:40Z,COMPLETE,,0.01000000,0.01000000,3636.64,3702.53,0E-8,0E-8,0E-8,0E-8,-6.32000000,65.89000000,59.57000000
BOSS19_P4B_SOURCE_BOUND_DEAL_V2,H3-C01-MAIN,XAUUSD,15,PERIOD_M15,990001,990001,990001,2,437,120,121,437,438,2025.09.09 05:08:40,2025.09.16 17:17:40,1757394520000,1758043060000,2025-09-09T02:08:40Z,2025-09-16T14:17:40Z,COMPLETE,,0.02000000,0.02000000,3649.24,3702.53,0E-8,0E-8,0E-8,0E-8,-11.06000000,106.58000000,95.52000000
BOSS19_P4B_SOURCE_BOUND_DEAL_V2,H3-C01-MAIN,XAUUSD,15,PERIOD_M15,990001,990001,990001,2,447,124,125,447,450,2025.09.17 21:00:20,2025.09.23 11:31:40,1758142820000,1758627100000,2025-09-17T18:00:20Z,2025-09-23T08:31:40Z,COMPLETE,,0.01000000,0.01000000,3697.20,3762.53,0E-8,0E-8,0E-8,0E-8,-4.74000000,65.33000000,60.59000000
BOSS19_P4B_SOURCE_BOUND_DEAL_V2,H3-C01-MAIN,XAUUSD,15,PERIOD_M15,990001,990001,990001,2,451,126,129,451,455,2025.09.23 12:00:40,2025.09.30 06:13:40,1758628840000,1759212820000,2025-09-23T09:00:40Z,2025-09-30T03:13:40Z,COMPLETE,,0.01000000,0.01000000,3775.59,3854.79,0E-8,0E-8,0E-8,0E-8,-5.53000000,79.20000000,73.67000000
BOSS19_P4B_SOURCE_BOUND_DEAL_V2,H3-C01-MAIN,XAUUSD,15,PERIOD_M15,990001,990001,990001,2,452,127,128,452,454,2025.09.23 12:23:40,2025.09.30 06:13:40,1758630220000,1759212820000,2025-09-23T09:23:40Z,2025-09-30T03:13:40Z,COMPLETE,,0.01000000,0.01000000,3788.50,3854.79,0E-8,0E-8,0E-8,0E-8,-5.53000000,66.29000000,60.76000000
BOSS19_P4B_SOURCE_BOUND_DEAL_V2,H3-C01-MAIN,XAUUSD,15,PERIOD_M15,990001,990001,990001,2,456,130,131,456,459,2025.09.30 08:03:40,2025.10.06 08:07:40,1759219420000,1759738060000,2025-09-30T05:03:40Z,2025-10-06T05:07:40Z,COMPLETE,,0.01000000,0.01000000,3868.24,3944.50,0E-8,0E-8,0E-8,0E-8,-4.74000000,76.26000000,71.52000000
BOSS19_P4B_SOURCE_BOUND_DEAL_V2,H3-C01-MAIN,XAUUSD,15,PERIOD_M15,990001,990001,990001,2,460,132,135,460,464,2025.10.06 18:54:40,2025.10.08 12:54:40,1759776880000,1759928080000,2025-10-06T15:54:40Z,2025-10-08T09:54:40Z,COMPLETE,,0.01000000,0.01000000,3959.01,4047.09,0E-8,0E-8,0E-8,0E-8,-1.58000000,88.08000000,86.50000000
BOSS19_P4B_SOURCE_BOUND_DEAL_V2,H3-C01-MAIN,XAUUSD,15,PERIOD_M15,990001,990001,990001,2,461,133,134,461,463,2025.10.07 01:25:40,2025.10.08 12:54:40,1759800340000,1759928080000,2025-10-06T22:25:40Z,2025-10-08T09:54:40Z,COMPLETE,,0.01000000,0.01000000,3974.16,4047.09,0E-8,0E-8,0E-8,0E-8,-0.79000000,72.93000000,72.14000000
BOSS19_P4B_SOURCE_BOUND_DEAL_V2,H3-C01-MAIN,XAUUSD,15,PERIOD_M15,990001,990001,990001,2,468,136,137,468,471,2025.10.09 07:28:40,2025.10.09 16:47:40,1759994920000,1760028460000,2025-10-09T04:28:40Z,2025-10-09T13:47:40Z,COMPLETE,,0.01000000,0.01000000,4037.98,4019.51,0E-8,0E-8,0E-8,0E-8,0E-8,18.47000000,18.47000000
BOSS19_P4B_SOURCE_BOUND_DEAL_V2,H3-C01-MAIN,XAUUSD,15,PERIOD_M15,990001,990001,990001,2,475,138,139,475,478,2025.10.09 17:50:40,2025.10.09 19:34:40,1760032240000,1760038480000,2025-10-09T14:50:40Z,2025-10-09T16:34:40Z,COMPLETE,,0.01000000,0.01000000,4020.40,3998.42,0E-8,0E-8,0E-8,0E-8,0E-8,21.98000000,21.98000000
BOSS19_P4B_SOURCE_BOUND_DEAL_V2,H3-C01-MAIN,XAUUSD,15,PERIOD_M15,990001,990001,990001,2,479,140,145,479,484,2025.10.10 18:24:40,2025.10.14 02:35:40,1760120680000,1760409340000,2025-10-10T15:24:40Z,2025-10-13T23:35:40Z,COMPLETE,,0.01000000,0.01000000,4014.97,4127.98,0E-8,0E-8,0E-8,0E-8,-1.58000000,113.01000000,111.43000000
BOSS19_P4B_SOURCE_BOUND_DEAL_V2,H3-C01-MAIN,XAUUSD,15,PERIOD_M15,990001,990001,990001,2,480,141,144,480,483,2025.10.13 01:23:40,2025.10.14 02:35:40,1760318620000,1760409340000,2025-10-12T22:23:40Z,2025-10-13T23:35:40Z,COMPLETE,,0.01000000,0.01000000,4032.16,4127.98,0E-8,0E-8,0E-8,0E-8,-0.79000000,95.82000000,95.03000000
BOSS19_P4B_SOURCE_BOUND_DEAL_V2,H3-C01-MAIN,XAUUSD,15,PERIOD_M15,990001,990001,990001,2,481,142,143,481,482,2025.10.13 02:04:40,2025.10.14 02:35:40,1760321080000,1760409340000,2025-10-12T23:04:40Z,2025-10-13T23:35:40Z,COMPLETE,,0.02000000,0.02000000,4049.34,4127.98,0E-8,0E-8,0E-8,0E-8,-1.58000000,157.28000000,155.70000000
BOSS19_P4B_SOURCE_BOUND_DEAL_V2,H3-C01-MAIN,XAUUSD,15,PERIOD_M15,990001,990001,990001,2,485,146,149,485,489,2025.10.14 04:24:40,2025.10.16 14:26:40,1760415880000,1760624800000,2025-10-14T01:24:40Z,2025-10-16T11:26:40Z,COMPLETE,,0.01000000,0.01000000,4145.11,4246.85,0E-8,0E-8,0E-8,0E-8,-3.16000000,101.74000000,98.58000000
BOSS19_P4B_SOURCE_BOUND_DEAL_V2,H3-C01-MAIN,XAUUSD,15,PERIOD_M15,990001,990001,990001,2,486,147,148,486,488,2025.10.14 06:48:40,2025.10.16 14:26:40,1760424520000,1760624800000,2025-10-14T03:48:40Z,2025-10-16T11:26:40Z,COMPLETE,,0.01000000,0.01000000,4163.12,4246.85,0E-8,0E-8,0E-8,0E-8,-3.16000000,83.73000000,80.57000000
BOSS19_P4B_SOURCE_BOUND_DEAL_V2,H3-C01-MAIN,XAUUSD,15,PERIOD_M15,990001,990001,990001,2,490,150,155,490,495,2025.10.16 17:13:40,2025.12.22 06:10:40,1760634820000,1766383840000,2025-10-16T14:13:40Z,2025-12-22T04:10:40Z,COMPLETE,,0.01000000,0.01000000,4264.51,4396.32,0E-8,0E-8,0E-8,0E-8,-51.35000000,131.81000000,80.46000000
BOSS19_P4B_SOURCE_BOUND_DEAL_V2,H3-C01-MAIN,XAUUSD,15,PERIOD_M15,990001,990001,990001,2,491,151,154,491,494,2025.10.16 19:17:40,2025.12.22 06:10:40,1760642260000,1766383840000,2025-10-16T16:17:40Z,2025-12-22T04:10:40Z,COMPLETE,,0.01000000,0.01000000,4282.98,4396.32,0E-8,0E-8,0E-8,0E-8,-51.35000000,113.34000000,61.99000000
BOSS19_P4B_SOURCE_BOUND_DEAL_V2,H3-C01-MAIN,XAUUSD,15,PERIOD_M15,990001,990001,990001,2,492,152,153,492,493,2025.10.16 22:53:40,2025.12.22 06:10:40,1760655220000,1766383840000,2025-10-16T19:53:40Z,2025-12-22T04:10:40Z,COMPLETE,,0.02000000,0.02000000,4301.45,4396.32,0E-8,0E-8,0E-8,0E-8,-102.70000000,189.74000000,87.04000000
BOSS19_P4B_SOURCE_BOUND_DEAL_V2,H3-C01-MAIN,XAUUSD,15,PERIOD_M15,990001,990001,0,2,496,156,161,496,501,2025.12.22 08:58:40,2025.12.30 23:59:59,1766393920000,1767139199000,2025-12-22T06:58:40Z,2025-12-30T21:59:59Z,COMPLETE,,0.01000000,0.01000000,4418.12,4338.17,0E-8,0E-8,0E-8,0E-8,-6.32000000,-79.95000000,-86.27000000
BOSS19_P4B_SOURCE_BOUND_DEAL_V2,H3-C01-MAIN,XAUUSD,15,PERIOD_M15,990001,990001,0,2,497,157,160,497,500,2025.12.22 18:18:40,2025.12.30 23:59:59,1766427520000,1767139199000,2025-12-22T16:18:40Z,2025-12-30T21:59:59Z,COMPLETE,,0.01000000,0.01000000,4439.76,4338.17,0E-8,0E-8,0E-8,0E-8,-6.32000000,-101.59000000,-107.91000000
BOSS19_P4B_SOURCE_BOUND_DEAL_V2,H3-C01-MAIN,XAUUSD,15,PERIOD_M15,990001,990001,0,2,498,158,159,498,499,2025.12.23 01:52:40,2025.12.30 23:59:59,1766454760000,1767139199000,2025-12-22T23:52:40Z,2025-12-30T21:59:59Z,COMPLETE,,0.02000000,0.02000000,4461.40,4338.17,0E-8,0E-8,0E-8,0E-8,-11.06000000,-246.46000000,-257.52000000
BOSS19_P4B_SOURCE_BOUND_DEAL_V2,H3-C01-BWD,XAUUSD,15,PERIOD_M15,990001,990001,990001,2,83,2,7,83,88,2020.01.02 15:02:40,2020.01.03 11:06:40,1577977360000,1578049600000,2020-01-02T13:02:40Z,2020-01-03T09:06:40Z,COMPLETE,,0.01000000,0.01000000,1523.88,1545.86,0E-8,0E-8,0E-8,0E-8,-0.79000000,21.98000000,21.19000000
BOSS19_P4B_SOURCE_BOUND_DEAL_V2,H3-C01-BWD,XAUUSD,15,PERIOD_M15,990001,990001,990001,2,84,3,6,84,87,2020.01.02 15:51:40,2020.01.03 11:06:40,1577980300000,1578049600000,2020-01-02T13:51:40Z,2020-01-03T09:06:40Z,COMPLETE,,0.01000000,0.01000000,1527.31,1545.86,0E-8,0E-8,0E-8,0E-8,-0.79000000,18.55000000,17.76000000
BOSS19_P4B_SOURCE_BOUND_DEAL_V2,H3-C01-BWD,XAUUSD,15,PERIOD_M15,990001,990001,990001,2,85,4,5,85,86,2020.01.02 17:28:40,2020.01.03 11:06:40,1577986120000,1578049600000,2020-01-02T15:28:40Z,2020-01-03T09:06:40Z,COMPLETE,,0.02000000,0.02000000,1530.74,1545.86,0E-8,0E-8,0E-8,0E-8,-1.58000000,30.24000000,28.66000000
BOSS19_P4B_SOURCE_BOUND_DEAL_V2,H3-C01-BWD,XAUUSD,15,PERIOD_M15,990001,990001,990001,2,89,8,13,89,94,2020.01.03 11:44:40,2020.01.06 01:05:00,1578051880000,1578272700000,2020-01-03T09:44:40Z,2020-01-05T23:05:00Z,COMPLETE,,0.01000000,0.01000000,1549.49,1576.45,0E-8,0E-8,0E-8,0E-8,-0.79000000,26.96000000,26.17000000
BOSS19_P4B_SOURCE_BOUND_DEAL_V2,H3-C01-BWD,XAUUSD,15,PERIOD_M15,990001,990001,990001,2,90,9,12,90,93,2020.01.03 20:38:40,2020.01.06 01:05:00,1578083920000,1578272700000,2020-01-03T18:38:40Z,2020-01-05T23:05:00Z,COMPLETE,,0.01000000,0.01000000,1552.95,1576.45,0E-8,0E-8,0E-8,0E-8,-0.79000000,23.50000000,22.71000000
BOSS19_P4B_SOURCE_BOUND_DEAL_V2,H3-C01-BWD,XAUUSD,15,PERIOD_M15,990001,990001,990001,2,91,10,11,91,92,2020.01.06 01:05:00,2020.01.06 01:05:00,1578272700000,1578272700000,2020-01-05T23:05:00Z,2020-01-05T23:05:00Z,COMPLETE,,0.02000000,0.02000000,1556.42,1576.45,0E-8,0E-8,0E-8,0E-8,0E-8,40.06000000,40.06000000
BOSS19_P4B_SOURCE_BOUND_DEAL_V2,H3-C01-BWD,XAUUSD,15,PERIOD_M15,990001,990001,990001,2,95,14,15,95,98,2020.01.06 01:05:40,2020.01.08 02:11:40,1578272740000,1578449500000,2020-01-05T23:05:40Z,2020-01-08T00:11:40Z,COMPLETE,,0.01000000,0.01000000,1580.19,1603.95,0E-8,0E-8,0E-8,0E-8,-1.58000000,23.76000000,22.18000000
BOSS19_P4B_SOURCE_BOUND_DEAL_V2,H3-C01-BWD,XAUUSD,15,PERIOD_M15,990001,990001,990001,2,99,16,19,99,103,2020.01.08 02:18:40,2020.02.21 08:07:40,1578449920000,1582272460000,2020-01-08T00:18:40Z,2020-02-21T06:07:40Z,COMPLETE,,0.01000000,0.01000000,1604.88,1629.40,0E-8,0E-8,0E-8,0E-8,-36.34000000,24.52000000,-11.82000000
BOSS19_P4B_SOURCE_BOUND_DEAL_V2,H3-C01-BWD,XAUUSD,15,PERIOD_M15,990001,990001,990001,2,100,17,18,100,102,2020.01.08 02:25:40,2020.02.21 08:07:40,1578450340000,1582272460000,2020-01-08T00:25:40Z,2020-02-21T06:07:40Z,COMPLETE,,0.01000000,0.01000000,1608.80,1629.40,0E-8,0E-8,0E-8,0E-8,-36.34000000,20.60000000,-15.74000000
BOSS19_P4B_SOURCE_BOUND_DEAL_V2,H3-C01-BWD,XAUUSD,15,PERIOD_M15,990001,990001,990001,2,104,20,25,104,109,2020.02.21 09:27:40,2020.02.24 01:10:40,1582277260000,1582506640000,2020-02-21T07:27:40Z,2020-02-23T23:10:40Z,COMPLETE,,0.01000000,0.01000000,1634.04,1664.64,0E-8,0E-8,0E-8,0E-8,-0.79000000,30.60000000,29.81000000
BOSS19_P4B_SOURCE_BOUND_DEAL_V2,H3-C01-BWD,XAUUSD,15,PERIOD_M15,990001,990001,990001,2,105,21,24,105,108,2020.02.21 15:02:40,2020.02.24 01:10:40,1582297360000,1582506640000,2020-02-21T13:02:40Z,2020-02-23T23:10:40Z,COMPLETE,,0.01000000,0.01000000,1638.53,1664.64,0E-8,0E-8,0E-8,0E-8,-0.79000000,26.11000000,25.32000000
BOSS19_P4B_SOURCE_BOUND_DEAL_V2,H3-C01-BWD,XAUUSD,15,PERIOD_M15,990001,990001,990001,2,106,22,23,106,107,2020.02.21 15:20:40,2020.02.24 01:10:40,1582298440000,1582506640000,2020-02-21T13:20:40Z,2020-02-23T23:10:40Z,COMPLETE,,0.02000000,0.02000000,1643.02,1664.64,0E-8,0E-8,0E-8,0E-8,-1.58000000,43.24000000,41.66000000
BOSS19_P4B_SOURCE_BOUND_DEAL_V2,H3-C01-BWD,XAUUSD,15,PERIOD_M15,990001,990001,990001,2,110,26,31,110,115,2020.02.24 01:11:40,2020.05.14 16:34:40,1582506700000,1589474080000,2020-02-23T23:11:40Z,2020-05-14T13:34:40Z,COMPLETE,,0.01000000,0.01000000,1669.28,1721.73,0E-8,0E-8,0E-8,0E-8,-64.78000000,52.45000000,-12.33000000
BOSS19_P4B_SOURCE_BOUND_DEAL_V2,H3-C01-BWD,XAUUSD,15,PERIOD_M15,990001,990001,990001,2,111,27,30,111,114,2020.02.24 01:12:40,2020.05.14 16:34:40,1582506760000,1589474080000,2020-02-23T23:12:40Z,2020-05-14T13:34:40Z,COMPLETE,,0.01000000,0.01000000,1673.90,1721.73,0E-8,0E-8,0E-8,0E-8,-64.78000000,47.83000000,-16.95000000
BOSS19_P4B_SOURCE_BOUND_DEAL_V2,H3-C01-BWD,XAUUSD,15,PERIOD_M15,990001,990001,990001,2,112,28,29,112,113,2020.02.24 01:12:40,2020.05.14 16:34:40,1582506760000,1589474080000,2020-02-23T23:12:40Z,2020-05-14T13:34:40Z,COMPLETE,,0.02000000,0.02000000,1678.51,1721.73,0E-8,0E-8,0E-8,0E-8,-129.56000000,86.44000000,-43.12000000
BOSS19_P4B_SOURCE_BOUND_DEAL_V2,H3-C01-BWD,XAUUSD,15,PERIOD_M15,990001,990001,990001,2,116,32,37,116,121,2020.05.14 16:59:40,2020.06.24 13:01:40,1589475580000,1593003700000,2020-05-14T13:59:40Z,2020-06-24T10:01:40Z,COMPLETE,,0.01000000,0.01000000,1730.70,1778.82,0E-8,0E-8,0E-8,0E-8,-30.81000000,48.12000000,17.31000000
BOSS19_P4B_SOURCE_BOUND_DEAL_V2,H3-C01-BWD,XAUUSD,15,PERIOD_M15,990001,990001,990001,2,117,33,36,117,120,2020.05.15 15:33:40,2020.06.24 13:01:40,1589556820000,1593003700000,2020-05-15T12:33:40Z,2020-06-24T10:01:40Z,COMPLETE,,0.01000000,0.01000000,1739.89,1778.82,0E-8,0E-8,0E-8,0E-8,-30.02000000,38.93000000,8.91000000
BOSS19_P4B_SOURCE_BOUND_DEAL_V2,H3-C01-BWD,XAUUSD,15,PERIOD_M15,990001,990001,990001,2,118,34,35,118,119,2020.05.15 18:59:20,2020.06.24 13:01:40,1589569160000,1593003700000,2020-05-15T15:59:20Z,2020-06-24T10:01:40Z,COMPLETE,,0.02000000,0.02000000,1749.09,1778.82,0E-8,0E-8,0E-8,0E-8,-60.04000000,59.46000000,-0.58000000
BOSS19_P4B_SOURCE_BOUND_DEAL_V2,H3-C01-BWD,XAUUSD,15,PERIOD_M15,990001,990001,990001,2,242,38,39,242,245,2020.06.26 18:37:40,2020.07.01 18:23:40,1593196660000,1593627820000,2020-06-26T15:37:40Z,2020-07-01T15:23:40Z,COMPLETE,,0.01000000,0.01000000,1766.99,1759.39,0E-8,0E-8,0E-8,0E-8,0.93000000,7.60000000,8.53000000
BOSS19_P4B_SOURCE_BOUND_DEAL_V2,H3-C01-BWD,XAUUSD,15,PERIOD_M15,990001,990001,990001,2,246,40,43,246,250,2020.07.01 18:58:40,2020.07.02 16:01:40,1593629920000,1593705700000,2020-07-01T15:58:40Z,2020-07-02T13:01:40Z,COMPLETE,,0.01000000,0.01000000,1766.35,1758.70,0E-8,0E-8,0E-8,0E-8,0.92000000,7.65000000,8.57000000
BOSS19_P4B_SOURCE_BOUND_DEAL_V2,H3-C01-BWD,XAUUSD,15,PERIOD_M15,990001,990001,990001,2,247,41,42,247,249,2020.07.02 12:13:40,2020.07.02 15:29:40,1593692020000,1593703780000,2020-07-02T09:13:40Z,2020-07-02T12:29:40Z,COMPLETE,,0.01000000,0.01000000,1773.22,1766.09,0E-8,0E-8,0E-8,0E-8,0E-8,7.13000000,7.13000000
BOSS19_P4B_SOURCE_BOUND_DEAL_V2,H3-C01-BWD,XAUUSD,15,PERIOD_M15,990001,990001,990001,2,251,44,47,251,255,2020.07.02 16:17:40,2021.02.26 07:57:40,1593706660000,1614326260000,2020-07-02T13:17:40Z,2021-02-26T05:57:40Z,COMPLETE,,0.01000000,0.01000000,1766.25,1758.17,0E-8,0E-8,0E-8,0E-8,73.75000000,8.08000000,81.83000000
BOSS19_P4B_SOURCE_BOUND_DEAL_V2,H3-C01-BWD,XAUUSD,15,PERIOD_M15,990001,990001,990001,2,252,45,46,252,254,2020.07.02 16:56:40,2020.11.30 04:58:40,1593709000000,1606712320000,2020-07-02T13:56:40Z,2020-11-30T02:58:40Z,COMPLETE,,0.01000000,0.01000000,1773.30,1764.49,0E-8,0E-8,0E-8,0E-8,45.98000000,8.81000000,54.79000000
BOSS19_P4B_SOURCE_BOUND_DEAL_V2,H3-C01-BWD,XAUUSD,15,PERIOD_M15,990001,990001,990001,2,256,48,49,256,259,2021.02.26 10:38:40,2021.02.26 13:23:40,1614335920000,1614345820000,2021-02-26T08:38:40Z,2021-02-26T11:23:40Z,COMPLETE,,0.01000000,0.01000000,1767.43,1758.92,0E-8,0E-8,0E-8,0E-8,0E-8,8.51000000,8.51000000
BOSS19_P4B_SOURCE_BOUND_DEAL_V2,H3-C01-BWD,XAUUSD,15,PERIOD_M15,990001,990001,990001,2,260,50,51,260,263,2021.03.01 08:35:40,2021.04.21 16:45:40,1614587740000,1619023540000,2021-03-01T06:35:40Z,2021-04-21T13:45:40Z,COMPLETE,,0.01000000,0.01000000,1756.08,1790.80,0E-8,0E-8,0E-8,0E-8,-40.29000000,34.72000000,-5.57000000
BOSS19_P4B_SOURCE_BOUND_DEAL_V2,H3-C01-BWD,XAUUSD,15,PERIOD_M15,990001,990001,990001,2,264,52,53,264,267,2021.04.21 16:57:40,2021.05.07 15:32:40,1619024260000,1620401560000,2021-04-21T13:57:40Z,2021-05-07T12:32:40Z,COMPLETE,,0.01000000,0.01000000,1796.95,1833.90,0E-8,0E-8,0E-8,0E-8,-14.22000000,36.95000000,22.73000000
BOSS19_P4B_SOURCE_BOUND_DEAL_V2,H3-C01-BWD,XAUUSD,15,PERIOD_M15,990001,990001,990001,2,268,54,55,268,271,2021.05.07 15:50:40,2021.05.18 15:31:40,1620402640000,1621351900000,2021-05-07T12:50:40Z,2021-05-18T12:31:40Z,COMPLETE,,0.01000000,0.01000000,1840.62,1875.01,0E-8,0E-8,0E-8,0E-8,-7.11000000,34.39000000,27.28000000
BOSS19_P4B_SOURCE_BOUND_DEAL_V2,H3-C01-BWD,XAUUSD,15,PERIOD_M15,990001,990001,990001,2,413,56,61,413,418,2021.05.19 15:58:40,2021.05.19 21:45:40,1621439920000,1621460740000,2021-05-19T12:58:40Z,2021-05-19T18:45:40Z,COMPLETE,,0.01000000,0.01000000,1870.95,1863.87,0E-8,0E-8,0E-8,0E-8,0E-8,7.08000000,7.08000000
BOSS19_P4B_SOURCE_BOUND_DEAL_V2,H3-C01-BWD,XAUUSD,15,PERIOD_M15,990001,990001,990001,2,414,57,60,414,417,2021.05.19 16:38:40,2021.05.19 21:10:40,1621442320000,1621458640000,2021-05-19T13:38:40Z,2021-05-19T18:10:40Z,COMPLETE,,0.01000000,0.01000000,1877.74,1870.07,0E-8,0E-8,0E-8,0E-8,0E-8,7.67000000,7.67000000
BOSS19_P4B_SOURCE_BOUND_DEAL_V2,H3-C01-BWD,XAUUSD,15,PERIOD_M15,990001,990001,990001,2,415,58,59,415,416,2021.05.19 16:42:40,2021.05.19 17:24:40,1621442560000,1621445080000,2021-05-19T13:42:40Z,2021-05-19T14:24:40Z,COMPLETE,,0.01000000,0.01000000,1884.52,1877.50,0E-8,0E-8,0E-8,0E-8,0E-8,7.02000000,7.02000000
BOSS19_P4B_SOURCE_BOUND_DEAL_V2,H3-C01-BWD,XAUUSD,15,PERIOD_M15,990001,990001,990001,2,419,62,63,419,422,2021.05.19 22:51:40,2021.05.26 05:09:40,1621464700000,1622005780000,2021-05-19T19:51:40Z,2021-05-26T02:09:40Z,COMPLETE,,0.01000000,0.01000000,1870.83,1905.24,0E-8,0E-8,0E-8,0E-8,-5.53000000,34.41000000,28.88000000
BOSS19_P4B_SOURCE_BOUND_DEAL_V2,H3-C01-BWD,XAUUSD,15,PERIOD_M15,990001,990001,990001,2,423,64,65,423,426,2021.05.26 15:31:40,2022.02.24 06:12:40,1622043100000,1645683160000,2021-05-26T12:31:40Z,2022-02-24T04:12:40Z,COMPLETE,,0.01000000,0.01000000,1912.21,1944.47,0E-8,0E-8,0E-8,0E-8,-218.04000000,32.26000000,-185.78000000
BOSS19_P4B_SOURCE_BOUND_DEAL_V2,H3-C01-BWD,XAUUSD,15,PERIOD_M15,990001,990001,990001,2,427,66,71,427,432,2022.02.24 11:56:40,2022.03.07 03:44:40,1645703800000,1646624680000,2022-02-24T09:56:40Z,2022-03-07T01:44:40Z,COMPLETE,,0.01000000,0.01000000,1950.84,2000.82,0E-8,0E-8,0E-8,0E-8,-7.11000000,49.98000000,42.87000000
BOSS19_P4B_SOURCE_BOUND_DEAL_V2,H3-C01-BWD,XAUUSD,15,PERIOD_M15,990001,990001,990001,2,428,67,70,428,431,2022.02.24 12:11:40,2022.03.07 03:44:40,1645704700000,1646624680000,2022-02-24T10:11:40Z,2022-03-07T01:44:40Z,COMPLETE,,0.01000000,0.01000000,1957.06,2000.82,0E-8,0E-8,0E-8,0E-8,-7.11000000,43.76000000,36.65000000
BOSS19_P4B_SOURCE_BOUND_DEAL_V2,H3-C01-BWD,XAUUSD,15,PERIOD_M15,990001,990001,990001,2,429,68,69,429,430,2022.02.24 12:17:40,2022.03.07 03:44:40,1645705060000,1646624680000,2022-02-24T10:17:40Z,2022-03-07T01:44:40Z,COMPLETE,,0.02000000,0.02000000,1963.27,2000.82,0E-8,0E-8,0E-8,0E-8,-14.22000000,75.10000000,60.88000000
BOSS19_P4B_SOURCE_BOUND_DEAL_V2,H3-C01-BWD,XAUUSD,15,PERIOD_M15,990001,990001,990001,2,436,72,75,436,440,2022.03.07 15:52:40,2022.03.11 14:32:20,1646668360000,1647009140000,2022-03-07T13:52:40Z,2022-03-11T12:32:20Z,COMPLETE,,0.01000000,0.01000000,1972.13,1962.13,0E-8,0E-8,0E-8,0E-8,1.85000000,10.00000000,11.85000000
BOSS19_P4B_SOURCE_BOUND_DEAL_V2,H3-C01-BWD,XAUUSD,15,PERIOD_M15,990001,990001,990001,2,437,73,74,437,439,2022.03.07 15:56:40,2022.03.07 16:08:40,1646668600000,1646669320000,2022-03-07T13:56:40Z,2022-03-07T14:08:40Z,COMPLETE,,0.01000000,0.01000000,1980.26,1970.39,0E-8,0E-8,0E-8,0E-8,0E-8,9.87000000,9.87000000
BOSS19_P4B_SOURCE_BOUND_DEAL_V2,H3-C01-BWD,XAUUSD,15,PERIOD_M15,990001,990001,990001,2,441,76,77,441,444,2022.03.11 14:59:40,2022.03.11 15:34:40,1647010780000,1647012880000,2022-03-11T12:59:40Z,2022-03-11T13:34:40Z,COMPLETE,,0.01000000,0.01000000,1975.38,1965.23,0E-8,0E-8,0E-8,0E-8,0E-8,10.15000000,10.15000000
BOSS19_P4B_SOURCE_BOUND_DEAL_V2,H3-C01-BWD,XAUUSD,15,PERIOD_M15,990001,990001,990001,2,442,78,79,442,445,2022.03.11 18:31:20,2022.03.14 01:24:40,1647023480000,1647221080000,2022-03-11T16:31:20Z,2022-03-13T22:24:40Z,COMPLETE,,0.01000000,0.01000000,1985.04,1974.68,0E-8,0E-8,0E-8,0E-8,0.31000000,10.36000000,10.67000000
BOSS19_P4B_SOURCE_BOUND_DEAL_V2,H3-C01-BWD,XAUUSD,15,PERIOD_M15,990001,990001,990001,2,449,80,81,449,452,2022.03.14 01:49:40,2022.03.14 02:47:40,1647222580000,1647226060000,2022-03-13T22:49:40Z,2022-03-13T23:47:40Z,COMPLETE,,0.01000000,0.01000000,1983.14,1972.55,0E-8,0E-8,0E-8,0E-8,0E-8,10.59000000,10.59000000
BOSS19_P4B_SOURCE_BOUND_DEAL_V2,H3-C01-BWD,XAUUSD,15,PERIOD_M15,990001,990001,990001,2,477,82,83,477,480,2022.03.16 22:46:40,2022.03.22 17:05:00,1647470800000,1647968700000,2022-03-16T19:46:40Z,2022-03-22T14:05:00Z,COMPLETE,,0.01000000,0.01000000,1926.34,1915.32,0E-8,0E-8,0E-8,0E-8,1.85000000,11.02000000,12.87000000
BOSS19_P4B_SOURCE_BOUND_DEAL_V2,H3-C01-BWD,XAUUSD,15,PERIOD_M15,990001,990001,0,2,484,84,89,484,489,2022.03.23 20:08:40,2022.12.30 23:58:59,1648066120000,1672444739000,2022-03-23T17:08:40Z,2022-12-30T21:58:59Z,COMPLETE,,0.01000000,0.01000000,1936.94,1823.86,0E-8,0E-8,0E-8,0E-8,-224.36000000,-113.08000000,-337.44000000
BOSS19_P4B_SOURCE_BOUND_DEAL_V2,H3-C01-BWD,XAUUSD,15,PERIOD_M15,990001,990001,0,2,485,85,88,485,488,2022.03.23 22:58:40,2022.12.30 23:58:59,1648076320000,1672444739000,2022-03-23T19:58:40Z,2022-12-30T21:58:59Z,COMPLETE,,0.01000000,0.01000000,1947.90,1823.86,0E-8,0E-8,0E-8,0E-8,-224.36000000,-124.04000000,-348.40000000
BOSS19_P4B_SOURCE_BOUND_DEAL_V2,H3-C01-BWD,XAUUSD,15,PERIOD_M15,990001,990001,0,2,486,86,87,486,487,2022.03.24 17:18:40,2022.12.30 23:58:59,1648142320000,1672444739000,2022-03-24T14:18:40Z,2022-12-30T21:58:59Z,COMPLETE,,0.02000000,0.02000000,1958.87,1823.86,0E-8,0E-8,0E-8,0E-8,-443.98000000,-270.02000000,-714.00000000
BOSS19_P4B_SOURCE_BOUND_DEAL_V2,H3-C02-MAIN,XAUUSD,16385,PERIOD_H1,990001,990001,990001,2,2,2,7,2,7,2023.01.03 04:40:40,2023.01.09 04:38:40,1672720840000,1673239120000,2023-01-03T02:40:40Z,2023-01-09T02:38:40Z,COMPLETE,,0.01000000,0.01000000,1833.98,1878.69,0E-8,0E-8,0E-8,0E-8,-4.74000000,44.71000000,39.97000000
BOSS19_P4B_SOURCE_BOUND_DEAL_V2,H3-C02-MAIN,XAUUSD,16385,PERIOD_H1,990001,990001,990001,2,3,3,6,3,6,2023.01.03 05:08:40,2023.01.09 04:38:40,1672722520000,1673239120000,2023-01-03T03:08:40Z,2023-01-09T02:38:40Z,COMPLETE,,0.01000000,0.01000000,1840.73,1878.69,0E-8,0E-8,0E-8,0E-8,-4.74000000,37.96000000,33.22000000
BOSS19_P4B_SOURCE_BOUND_DEAL_V2,H3-C02-MAIN,XAUUSD,16385,PERIOD_H1,990001,990001,990001,2,4,4,5,4,5,2023.01.03 09:28:40,2023.01.09 04:38:40,1672738120000,1673239120000,2023-01-03T07:28:40Z,2023-01-09T02:38:40Z,COMPLETE,,0.02000000,0.02000000,1847.48,1878.69,0E-8,0E-8,0E-8,0E-8,-9.48000000,62.42000000,52.94000000
BOSS19_P4B_SOURCE_BOUND_DEAL_V2,H3-C02-MAIN,XAUUSD,16385,PERIOD_H1,990001,990001,990001,2,8,8,13,8,13,2023.01.11 10:50:40,2023.01.19 21:26:40,1673434240000,1674163600000,2023-01-11T08:50:40Z,2023-01-19T19:26:40Z,COMPLETE,,0.01000000,0.01000000,1885.74,1930.44,0E-8,0E-8,0E-8,0E-8,-7.90000000,44.70000000,36.80000000
BOSS19_P4B_SOURCE_BOUND_DEAL_V2,H3-C02-MAIN,XAUUSD,16385,PERIOD_H1,990001,990001,990001,2,9,9,12,9,12,2023.01.12 15:34:40,2023.01.19 21:26:40,1673537680000,1674163600000,2023-01-12T13:34:40Z,2023-01-19T19:26:40Z,COMPLETE,,0.01000000,0.01000000,1892.96,1930.44,0E-8,0E-8,0E-8,0E-8,-5.53000000,37.48000000,31.95000000
BOSS19_P4B_SOURCE_BOUND_DEAL_V2,H3-C02-MAIN,XAUUSD,16385,PERIOD_H1,990001,990001,990001,2,10,10,11,10,11,2023.01.12 15:54:40,2023.01.19 21:26:40,1673538880000,1674163600000,2023-01-12T13:54:40Z,2023-01-19T19:26:40Z,COMPLETE,,0.02000000,0.02000000,1900.17,1930.44,0E-8,0E-8,0E-8,0E-8,-11.06000000,60.54000000,49.48000000
BOSS19_P4B_SOURCE_BOUND_DEAL_V2,H3-C02-MAIN,XAUUSD,16385,PERIOD_H1,990001,990001,990001,2,14,14,15,14,17,2023.01.20 10:09:40,2023.03.17 20:52:40,1674209380000,1679086360000,2023-01-20T08:09:40Z,2023-03-17T17:52:40Z,COMPLETE,,0.01000000,0.01000000,1936.74,1973.46,0E-8,0E-8,0E-8,0E-8,-44.24000000,36.72000000,-7.52000000
BOSS19_P4B_SOURCE_BOUND_DEAL_V2,H3-C02-MAIN,XAUUSD,16385,PERIOD_H1,990001,990001,990001,2,18,16,21,18,23,2023.03.17 21:29:40,2023.04.13 15:30:40,1679088580000,1681399840000,2023-03-17T18:29:40Z,2023-04-13T12:30:40Z,COMPLETE,,0.01000000,0.01000000,1980.18,2036.35,0E-8,0E-8,0E-8,0E-8,-21.33000000,56.17000000,34.84000000
BOSS19_P4B_SOURCE_BOUND_DEAL_V2,H3-C02-MAIN,XAUUSD,16385,PERIOD_H1,990001,990001,990001,2,19,17,20,19,22,2023.03.17 21:52:40,2023.04.13 15:30:40,1679089960000,1681399840000,2023-03-17T18:52:40Z,2023-04-13T12:30:40Z,COMPLETE,,0.01000000,0.01000000,1987.45,2036.35,0E-8,0E-8,0E-8,0E-8,-21.33000000,48.90000000,27.57000000
BOSS19_P4B_SOURCE_BOUND_DEAL_V2,H3-C02-MAIN,XAUUSD,16385,PERIOD_H1,990001,990001,990001,2,20,18,19,20,21,2023.03.20 10:06:40,2023.04.13 15:30:40,1679306800000,1681399840000,2023-03-20T07:06:40Z,2023-04-13T12:30:40Z,COMPLETE,,0.02000000,0.02000000,1994.73,2036.35,0E-8,0E-8,0E-8,0E-8,-41.08000000,83.24000000,42.16000000
BOSS19_P4B_SOURCE_BOUND_DEAL_V2,H3-C02-MAIN,XAUUSD,16385,PERIOD_H1,990001,990001,990001,2,24,22,25,24,28,2023.04.13 15:45:40,2023.12.04 01:15:40,1681400740000,1701652540000,2023-04-13T12:45:40Z,2023-12-03T23:15:40Z,COMPLETE,,0.01000000,0.01000000,2038.66,2077.53,0E-8,0E-8,0E-8,0E-8,-184.07000000,38.87000000,-145.20000000
BOSS19_P4B_SOURCE_BOUND_DEAL_V2,H3-C02-MAIN,XAUUSD,16385,PERIOD_H1,990001,990001,990001,2,25,23,24,25,27,2023.04.13 17:00:40,2023.12.04 01:15:40,1681405240000,1701652540000,2023-04-13T14:00:40Z,2023-12-03T23:15:40Z,COMPLETE,,0.01000000,0.01000000,2047.99,2077.53,0E-8,0E-8,0E-8,0E-8,-184.07000000,29.54000000,-154.53000000
BOSS19_P4B_SOURCE_BOUND_DEAL_V2,H3-C02-MAIN,XAUUSD,16385,PERIOD_H1,990001,990001,990001,2,29,26,31,29,34,2023.12.04 01:16:40,2023.12.04 01:27:40,1701652600000,1701653260000,2023-12-03T23:16:40Z,2023-12-03T23:27:40Z,COMPLETE,,0.01000000,0.01000000,2084.41,2140.44,0E-8,0E-8,0E-8,0E-8,0E-8,56.03000000,56.03000000
BOSS19_P4B_SOURCE_BOUND_DEAL_V2,H3-C02-MAIN,XAUUSD,16385,PERIOD_H1,990001,990001,990001,2,30,27,30,30,33,2023.12.04 01:16:40,2023.12.04 01:27:40,1701652600000,1701653260000,2023-12-03T23:16:40Z,2023-12-03T23:27:40Z,COMPLETE,,0.01000000,0.01000000,2091.09,2140.44,0E-8,0E-8,0E-8,0E-8,0E-8,49.35000000,49.35000000
BOSS19_P4B_SOURCE_BOUND_DEAL_V2,H3-C02-MAIN,XAUUSD,16385,PERIOD_H1,990001,990001,990001,2,31,28,29,31,32,2023.12.04 01:19:40,2023.12.04 01:27:40,1701652780000,1701653260000,2023-12-03T23:19:40Z,2023-12-03T23:27:40Z,COMPLETE,,0.02000000,0.02000000,2097.77,2140.44,0E-8,0E-8,0E-8,0E-8,0E-8,85.34000000,85.34000000
BOSS19_P4B_SOURCE_BOUND_DEAL_V2,H3-C02-MAIN,XAUUSD,16385,PERIOD_H1,990001,990001,990001,2,35,32,33,35,38,2023.12.04 01:33:40,2024.03.08 15:31:40,1701653620000,1709911900000,2023-12-03T23:33:40Z,2024-03-08T13:31:40Z,COMPLETE,,0.01000000,0.01000000,2142.43,2181.81,0E-8,0E-8,0E-8,0E-8,-76.63000000,39.38000000,-37.25000000
BOSS19_P4B_SOURCE_BOUND_DEAL_V2,H3-C02-MAIN,XAUUSD,16385,PERIOD_H1,990001,990001,990001,2,39,34,37,39,43,2024.03.08 19:05:40,2024.03.28 23:49:40,1709924740000,1711669780000,2024-03-08T17:05:40Z,2024-03-28T20:49:40Z,COMPLETE,,0.01000000,0.01000000,2188.47,2235.88,0E-8,0E-8,0E-8,0E-8,-15.80000000,47.41000000,31.61000000
BOSS19_P4B_SOURCE_BOUND_DEAL_V2,H3-C02-MAIN,XAUUSD,16385,PERIOD_H1,990001,990001,990001,2,40,35,36,40,42,2024.03.08 19:19:40,2024.03.28 23:49:40,1709925580000,1711669780000,2024-03-08T17:19:40Z,2024-03-28T20:49:40Z,COMPLETE,,0.01000000,0.01000000,2194.98,2235.88,0E-8,0E-8,0E-8,0E-8,-15.80000000,40.90000000,25.10000000
BOSS19_P4B_SOURCE_BOUND_DEAL_V2,H3-C02-MAIN,XAUUSD,16385,PERIOD_H1,990001,990001,990001,2,44,38,43,44,49,2024.04.01 01:05:00,2024.04.03 01:21:40,1711933500000,1712107300000,2024-03-31T22:05:00Z,2024-04-02T22:21:40Z,COMPLETE,,0.01000000,0.01000000,2237.02,2287.05,0E-8,0E-8,0E-8,0E-8,-1.58000000,50.03000000,48.45000000
BOSS19_P4B_SOURCE_BOUND_DEAL_V2,H3-C02-MAIN,XAUUSD,16385,PERIOD_H1,990001,990001,990001,2,45,39,42,45,48,2024.04.01 02:43:40,2024.04.03 01:21:40,1711939420000,1712107300000,2024-03-31T23:43:40Z,2024-04-02T22:21:40Z,COMPLETE,,0.01000000,0.01000000,2244.39,2287.05,0E-8,0E-8,0E-8,0E-8,-1.58000000,42.66000000,41.08000000
BOSS19_P4B_SOURCE_BOUND_DEAL_V2,H3-C02-MAIN,XAUUSD,16385,PERIOD_H1,990001,990001,990001,2,46,40,41,46,47,2024.04.01 03:31:40,2024.04.03 01:21:40,1711942300000,1712107300000,2024-04-01T00:31:40Z,2024-04-02T22:21:40Z,COMPLETE,,0.02000000,0.02000000,2251.77,2287.05,0E-8,0E-8,0E-8,0E-8,-3.16000000,70.56000000,67.40000000
BOSS19_P4B_SOURCE_BOUND_DEAL_V2,H3-C02-MAIN,XAUUSD,16385,PERIOD_H1,990001,990001,990001,2,50,44,49,50,55,2024.04.03 19:31:40,2024.04.08 05:38:40,1712172700000,1712554720000,2024-04-03T16:31:40Z,2024-04-08T02:38:40Z,COMPLETE,,0.01000000,0.01000000,2293.85,2349.17,0E-8,0E-8,0E-8,0E-8,-3.95000000,55.32000000,51.37000000
BOSS19_P4B_SOURCE_BOUND_DEAL_V2,H3-C02-MAIN,XAUUSD,16385,PERIOD_H1,990001,990001,990001,2,51,45,48,51,54,2024.04.04 01:27:40,2024.04.08 05:38:40,1712194060000,1712554720000,2024-04-03T22:27:40Z,2024-04-08T02:38:40Z,COMPLETE,,0.01000000,0.01000000,2301.92,2349.17,0E-8,0E-8,0E-8,0E-8,-1.58000000,47.25000000,45.67000000
BOSS19_P4B_SOURCE_BOUND_DEAL_V2,H3-C02-MAIN,XAUUSD,16385,PERIOD_H1,990001,990001,990001,2,52,46,47,52,53,2024.04.05 17:26:40,2024.04.08 05:38:40,1712338000000,1712554720000,2024-04-05T14:26:40Z,2024-04-08T02:38:40Z,COMPLETE,,0.02000000,0.02000000,2309.99,2349.17,0E-8,0E-8,0E-8,0E-8,-1.58000000,78.36000000,76.78000000
BOSS19_P4B_SOURCE_BOUND_DEAL_V2,H3-C02-MAIN,XAUUSD,16385,PERIOD_H1,990001,990001,990001,2,56,50,51,56,59,2024.04.09 11:33:40,2024.04.12 17:03:40,1712662420000,1712941420000,2024-04-09T08:33:40Z,2024-04-12T14:03:40Z,COMPLETE,,0.01000000,0.01000000,2357.94,2408.66,0E-8,0E-8,0E-8,0E-8,-3.95000000,50.72000000,46.77000000
BOSS19_P4B_SOURCE_BOUND_DEAL_V2,H3-C02-MAIN,XAUUSD,16385,PERIOD_H1,990001,990001,990001,2,60,52,55,60,64,2024.04.12 17:14:40,2024.07.16 22:58:40,1712942080000,1721170720000,2024-04-12T14:14:40Z,2024-07-16T19:58:40Z,COMPLETE,,0.01000000,0.01000000,2414.84,2467.77,0E-8,0E-8,0E-8,0E-8,-73.47000000,52.93000000,-20.54000000
BOSS19_P4B_SOURCE_BOUND_DEAL_V2,H3-C02-MAIN,XAUUSD,16385,PERIOD_H1,990001,990001,990001,2,61,53,54,61,63,2024.04.12 17:55:40,2024.07.16 22:58:40,1712944540000,1721170720000,2024-04-12T14:55:40Z,2024-07-16T19:58:40Z,COMPLETE,,0.01000000,0.01000000,2424.83,2467.77,0E-8,0E-8,0E-8,0E-8,-73.47000000,42.94000000,-30.53000000
BOSS19_P4B_SOURCE_BOUND_DEAL_V2,H3-C02-MAIN,XAUUSD,16385,PERIOD_H1,990001,990001,990001,2,65,56,57,65,68,2024.07.17 04:24:40,2024.09.12 15:41:40,1721190280000,1726155700000,2024-07-17T01:24:40Z,2024-09-12T12:41:40Z,COMPLETE,,0.01000000,0.01000000,2477.30,2530.28,0E-8,0E-8,0E-8,0E-8,-46.61000000,52.98000000,6.37000000
BOSS19_P4B_SOURCE_BOUND_DEAL_V2,H3-C02-MAIN,XAUUSD,16385,PERIOD_H1,990001,990001,990001,2,69,58,63,69,74,2024.09.12 16:09:40,2024.09.18 21:23:40,1726157380000,1726694620000,2024-09-12T13:09:40Z,2024-09-18T18:23:40Z,COMPLETE,,0.01000000,0.01000000,2537.90,2597.96,0E-8,0E-8,0E-8,0E-8,-3.16000000,60.06000000,56.90000000
BOSS19_P4B_SOURCE_BOUND_DEAL_V2,H3-C02-MAIN,XAUUSD,16385,PERIOD_H1,990001,990001,990001,2,70,59,62,70,73,2024.09.12 16:42:40,2024.09.18 21:23:40,1726159360000,1726694620000,2024-09-12T13:42:40Z,2024-09-18T18:23:40Z,COMPLETE,,0.01000000,0.01000000,2548.38,2597.96,0E-8,0E-8,0E-8,0E-8,-3.16000000,49.58000000,46.42000000
BOSS19_P4B_SOURCE_BOUND_DEAL_V2,H3-C02-MAIN,XAUUSD,16385,PERIOD_H1,990001,990001,990001,2,71,60,61,71,72,2024.09.12 21:55:40,2024.09.18 21:23:40,1726178140000,1726694620000,2024-09-12T18:55:40Z,2024-09-18T18:23:40Z,COMPLETE,,0.02000000,0.02000000,2558.85,2597.96,0E-8,0E-8,0E-8,0E-8,-6.32000000,78.22000000,71.90000000
BOSS19_P4B_SOURCE_BOUND_DEAL_V2,H3-C02-MAIN,XAUUSD,16385,PERIOD_H1,990001,990001,990001,2,99,64,65,99,102,2024.09.19 11:55:40,2024.09.19 15:49:40,1726746940000,1726760980000,2024-09-19T08:55:40Z,2024-09-19T12:49:40Z,COMPLETE,,0.01000000,0.01000000,2585.15,2574.24,0E-8,0E-8,0E-8,0E-8,0E-8,10.91000000,10.91000000
BOSS19_P4B_SOURCE_BOUND_DEAL_V2,H3-C02-MAIN,XAUUSD,16385,PERIOD_H1,990001,990001,990001,2,103,66,71,103,108,2024.09.19 18:46:40,2024.09.24 17:51:40,1726771600000,1727200300000,2024-09-19T15:46:40Z,2024-09-24T14:51:40Z,COMPLETE,,0.01000000,0.01000000,2585.91,2645.63,0E-8,0E-8,0E-8,0E-8,-2.37000000,59.72000000,57.35000000
BOSS19_P4B_SOURCE_BOUND_DEAL_V2,H3-C02-MAIN,XAUUSD,16385,PERIOD_H1,990001,990001,990001,2,104,67,70,104,107,2024.09.20 09:01:40,2024.09.24 17:51:40,1726822900000,1727200300000,2024-09-20T06:01:40Z,2024-09-24T14:51:40Z,COMPLETE,,0.01000000,0.01000000,2595.53,2645.63,0E-8,0E-8,0E-8,0E-8,-1.58000000,50.10000000,48.52000000
BOSS19_P4B_SOURCE_BOUND_DEAL_V2,H3-C02-MAIN,XAUUSD,16385,PERIOD_H1,990001,990001,990001,2,105,68,69,105,106,2024.09.20 09:50:40,2024.09.24 17:51:40,1726825840000,1727200300000,2024-09-20T06:50:40Z,2024-09-24T14:51:40Z,COMPLETE,,0.02000000,0.02000000,2605.15,2645.63,0E-8,0E-8,0E-8,0E-8,-3.16000000,80.96000000,77.80000000
BOSS19_P4B_SOURCE_BOUND_DEAL_V2,H3-C02-MAIN,XAUUSD,16385,PERIOD_H1,990001,990001,990001,2,109,72,77,109,114,2024.09.24 19:44:40,2024.10.18 08:45:40,1727207080000,1729241140000,2024-09-24T16:44:40Z,2024-10-18T05:45:40Z,COMPLETE,,0.01000000,0.01000000,2654.84,2713.98,0E-8,0E-8,0E-8,0E-8,-20.54000000,59.14000000,38.60000000
BOSS19_P4B_SOURCE_BOUND_DEAL_V2,H3-C02-MAIN,XAUUSD,16385,PERIOD_H1,990001,990001,990001,2,110,73,76,110,113,2024.09.24 22:43:20,2024.10.18 08:45:40,1727217800000,1729241140000,2024-09-24T19:43:20Z,2024-10-18T05:45:40Z,COMPLETE,,0.01000000,0.01000000,2664.36,2713.98,0E-8,0E-8,0E-8,0E-8,-20.54000000,49.62000000,29.08000000
BOSS19_P4B_SOURCE_BOUND_DEAL_V2,H3-C02-MAIN,XAUUSD,16385,PERIOD_H1,990001,990001,990001,2,111,74,75,111,112,2024.09.26 13:20:40,2024.10.18 08:45:40,1727356840000,1729241140000,2024-09-26T10:20:40Z,2024-10-18T05:45:40Z,COMPLETE,,0.02000000,0.02000000,2673.87,2713.98,0E-8,0E-8,0E-8,0E-8,-34.76000000,80.22000000,45.46000000
BOSS19_P4B_SOURCE_BOUND_DEAL_V2,H3-C02-MAIN,XAUUSD,16385,PERIOD_H1,990001,990001,990001,2,115,78,83,115,120,2024.10.21 01:05:20,2024.10.30 08:34:40,1729472720000,1730277280000,2024-10-20T22:05:20Z,2024-10-30T05:34:40Z,COMPLETE,,0.01000000,0.01000000,2723.32,2783.58,0E-8,0E-8,0E-8,0E-8,-7.11000000,60.26000000,53.15000000
BOSS19_P4B_SOURCE_BOUND_DEAL_V2,H3-C02-MAIN,XAUUSD,16385,PERIOD_H1,990001,990001,990001,2,116,79,82,116,119,2024.10.21 06:37:40,2024.10.30 08:34:40,1729492660000,1730277280000,2024-10-21T03:37:40Z,2024-10-30T05:34:40Z,COMPLETE,,0.01000000,0.01000000,2732.75,2783.58,0E-8,0E-8,0E-8,0E-8,-7.11000000,50.83000000,43.72000000
BOSS19_P4B_SOURCE_BOUND_DEAL_V2,H3-C02-MAIN,XAUUSD,16385,PERIOD_H1,990001,990001,990001,2,117,80,81,117,118,2024.10.22 16:46:40,2024.10.30 08:34:40,1729615600000,1730277280000,2024-10-22T13:46:40Z,2024-10-30T05:34:40Z,COMPLETE,,0.02000000,0.02000000,2742.19,2783.58,0E-8,0E-8,0E-8,0E-8,-12.64000000,82.78000000,70.14000000
BOSS19_P4B_SOURCE_BOUND_DEAL_V2,H3-C02-MAIN,XAUUSD,16385,PERIOD_H1,990001,990001,990001,2,124,84,87,124,128,2024.10.31 21:33:40,2024.11.01 20:40:40,1730410420000,1730493640000,2024-10-31T18:33:40Z,2024-11-01T17:40:40Z,COMPLETE,,0.01000000,0.01000000,2745.50,2735.36,0E-8,0E-8,0E-8,0E-8,0.31000000,10.14000000,10.45000000
BOSS19_P4B_SOURCE_BOUND_DEAL_V2,H3-C02-MAIN,XAUUSD,16385,PERIOD_H1,990001,990001,990001,2,125,85,86,125,127,2024.11.01 08:58:40,2024.11.01 13:36:40,1730451520000,1730468200000,2024-11-01T05:58:40Z,2024-11-01T10:36:40Z,COMPLETE,,0.01000000,0.01000000,2754.83,2745.21,0E-8,0E-8,0E-8,0E-8,0E-8,9.62000000,9.62000000
BOSS19_P4B_SOURCE_BOUND_DEAL_V2,H3-C02-MAIN,XAUUSD,16385,PERIOD_H1,990001,990001,990001,2,144,88,93,144,149,2024.11.18 15:39:40,2024.11.21 13:16:40,1731944380000,1732195000000,2024-11-18T13:39:40Z,2024-11-21T11:16:40Z,COMPLETE,,0.01000000,0.01000000,2603.17,2673.07,0E-8,0E-8,0E-8,0E-8,-3.95000000,69.90000000,65.95000000
BOSS19_P4B_SOURCE_BOUND_DEAL_V2,H3-C02-MAIN,XAUUSD,16385,PERIOD_H1,990001,990001,990001,2,145,89,92,145,148,2024.11.18 18:00:40,2024.11.21 13:16:40,1731952840000,1732195000000,2024-11-18T16:00:40Z,2024-11-21T11:16:40Z,COMPLETE,,0.01000000,0.01000000,2614.01,2673.07,0E-8,0E-8,0E-8,0E-8,-3.95000000,59.06000000,55.11000000
BOSS19_P4B_SOURCE_BOUND_DEAL_V2,H3-C02-MAIN,XAUUSD,16385,PERIOD_H1,990001,990001,990001,2,146,90,91,146,147,2024.11.19 05:05:40,2024.11.21 13:16:40,1731992740000,1732195000000,2024-11-19T03:05:40Z,2024-11-21T11:16:40Z,COMPLETE,,0.02000000,0.02000000,2624.84,2673.07,0E-8,0E-8,0E-8,0E-8,-6.32000000,96.46000000,90.14000000
BOSS19_P4B_SOURCE_BOUND_DEAL_V2,H3-C02-MAIN,XAUUSD,16385,PERIOD_H1,990001,990001,990001,2,150,94,99,150,155,2024.11.22 04:37:40,2025.01.22 02:51:20,1732250260000,1737514280000,2024-11-22T02:37:40Z,2025-01-22T00:51:20Z,COMPLETE,,0.01000000,0.01000000,2684.29,2748.24,0E-8,0E-8,0E-8,0E-8,-46.61000000,63.95000000,17.34000000
BOSS19_P4B_SOURCE_BOUND_DEAL_V2,H3-C02-MAIN,XAUUSD,16385,PERIOD_H1,990001,990001,990001,2,151,95,98,151,154,2024.11.22 09:40:40,2025.01.22 02:51:20,1732268440000,1737514280000,2024-11-22T07:40:40Z,2025-01-22T00:51:20Z,COMPLETE,,0.01000000,0.01000000,2695.42,2748.24,0E-8,0E-8,0E-8,0E-8,-46.61000000,52.82000000,6.21000000
BOSS19_P4B_SOURCE_BOUND_DEAL_V2,H3-C02-MAIN,XAUUSD,16385,PERIOD_H1,990001,990001,990001,2,152,96,97,152,153,2024.11.22 11:41:40,2025.01.22 02:51:20,1732275700000,1737514280000,2024-11-22T09:41:40Z,2025-01-22T00:51:20Z,COMPLETE,,0.02000000,0.02000000,2706.54,2748.24,0E-8,0E-8,0E-8,0E-8,-93.22000000,83.40000000,-9.82000000
BOSS19_P4B_SOURCE_BOUND_DEAL_V2,H3-C02-MAIN,XAUUSD,16385,PERIOD_H1,990001,990001,990001,2,156,100,105,156,161,2025.01.22 07:52:40,2025.01.31 17:12:40,1737532360000,1738343560000,2025-01-22T05:52:40Z,2025-01-31T15:12:40Z,COMPLETE,,0.01000000,0.01000000,2757.50,2816.88,0E-8,0E-8,0E-8,0E-8,-8.69000000,59.38000000,50.69000000
BOSS19_P4B_SOURCE_BOUND_DEAL_V2,H3-C02-MAIN,XAUUSD,16385,PERIOD_H1,990001,990001,990001,2,157,101,104,157,160,2025.01.24 04:10:20,2025.01.31 17:12:40,1737691820000,1738343560000,2025-01-24T02:10:20Z,2025-01-31T15:12:40Z,COMPLETE,,0.01000000,0.01000000,2767.45,2816.88,0E-8,0E-8,0E-8,0E-8,-5.53000000,49.43000000,43.90000000
BOSS19_P4B_SOURCE_BOUND_DEAL_V2,H3-C02-MAIN,XAUUSD,16385,PERIOD_H1,990001,990001,990001,2,158,102,103,158,159,2025.01.24 05:04:40,2025.01.31 17:12:40,1737695080000,1738343560000,2025-01-24T03:04:40Z,2025-01-31T15:12:40Z,COMPLETE,,0.02000000,0.02000000,2777.39,2816.88,0E-8,0E-8,0E-8,0E-8,-11.06000000,78.98000000,67.92000000
BOSS19_P4B_SOURCE_BOUND_DEAL_V2,H3-C02-MAIN,XAUUSD,16385,PERIOD_H1,990001,990001,990001,2,162,106,111,162,167,2025.02.03 16:50:40,2025.02.07 17:33:40,1738601440000,1738949620000,2025-02-03T14:50:40Z,2025-02-07T15:33:40Z,COMPLETE,,0.01000000,0.01000000,2826.33,2885.66,0E-8,0E-8,0E-8,0E-8,-4.74000000,59.33000000,54.59000000
BOSS19_P4B_SOURCE_BOUND_DEAL_V2,H3-C02-MAIN,XAUUSD,16385,PERIOD_H1,990001,990001,990001,2,163,107,110,163,166,2025.02.04 15:30:40,2025.02.07 17:33:40,1738683040000,1738949620000,2025-02-04T13:30:40Z,2025-02-07T15:33:40Z,COMPLETE,,0.01000000,0.01000000,2835.62,2885.66,0E-8,0E-8,0E-8,0E-8,-3.95000000,50.04000000,46.09000000
BOSS19_P4B_SOURCE_BOUND_DEAL_V2,H3-C02-MAIN,XAUUSD,16385,PERIOD_H1,990001,990001,990001,2,164,108,109,164,165,2025.02.04 17:33:40,2025.02.07 17:33:40,1738690420000,1738949620000,2025-02-04T15:33:40Z,2025-02-07T15:33:40Z,COMPLETE,,0.02000000,0.02000000,2844.92,2885.66,0E-8,0E-8,0E-8,0E-8,-7.90000000,81.48000000,73.58000000
BOSS19_P4B_SOURCE_BOUND_DEAL_V2,H3-C02-MAIN,XAUUSD,16385,PERIOD_H1,990001,990001,990001,2,168,112,117,168,173,2025.02.10 09:31:40,2025.03.13 17:49:40,1739179900000,1741888180000,2025-02-10T07:31:40Z,2025-03-13T14:49:40Z,COMPLETE,,0.01000000,0.01000000,2895.26,2970.26,0E-8,0E-8,0E-8,0E-8,-26.07000000,75.00000000,48.93000000
BOSS19_P4B_SOURCE_BOUND_DEAL_V2,H3-C02-MAIN,XAUUSD,16385,PERIOD_H1,990001,990001,990001,2,169,113,116,169,172,2025.02.10 12:04:20,2025.03.13 17:49:40,1739189060000,1741888180000,2025-02-10T10:04:20Z,2025-03-13T14:49:40Z,COMPLETE,,0.01000000,0.01000000,2904.70,2970.26,0E-8,0E-8,0E-8,0E-8,-26.07000000,65.56000000,39.49000000
BOSS19_P4B_SOURCE_BOUND_DEAL_V2,H3-C02-MAIN,XAUUSD,16385,PERIOD_H1,990001,990001,990001,2,170,114,115,170,171,2025.02.11 01:33:40,2025.03.13 17:49:40,1739237620000,1741888180000,2025-02-10T23:33:40Z,2025-03-13T14:49:40Z,COMPLETE,,0.02000000,0.02000000,2914.15,2970.26,0E-8,0E-8,0E-8,0E-8,-50.56000000,112.22000000,61.66000000
BOSS19_P4B_SOURCE_BOUND_DEAL_V2,H3-C02-MAIN,XAUUSD,16385,PERIOD_H1,990001,990001,990001,2,174,118,123,174,179,2025.03.13 19:32:40,2025.03.27 13:30:40,1741894360000,1743082240000,2025-03-13T16:32:40Z,2025-03-27T10:30:40Z,COMPLETE,,0.01000000,0.01000000,2981.84,3054.58,0E-8,0E-8,0E-8,0E-8,-11.06000000,72.74000000,61.68000000
BOSS19_P4B_SOURCE_BOUND_DEAL_V2,H3-C02-MAIN,XAUUSD,16385,PERIOD_H1,990001,990001,990001,2,175,119,122,175,178,2025.03.14 12:09:40,2025.03.27 13:30:40,1741954180000,1743082240000,2025-03-14T09:09:40Z,2025-03-27T10:30:40Z,COMPLETE,,0.01000000,0.01000000,2994.26,3054.58,0E-8,0E-8,0E-8,0E-8,-10.27000000,60.32000000,50.05000000
BOSS19_P4B_SOURCE_BOUND_DEAL_V2,H3-C02-MAIN,XAUUSD,16385,PERIOD_H1,990001,990001,990001,2,176,120,121,176,177,2025.03.18 04:56:40,2025.03.27 13:30:40,1742273800000,1743082240000,2025-03-18T01:56:40Z,2025-03-27T10:30:40Z,COMPLETE,,0.02000000,0.02000000,3006.68,3054.58,0E-8,0E-8,0E-8,0E-8,-17.38000000,95.80000000,78.42000000
BOSS19_P4B_SOURCE_BOUND_DEAL_V2,H3-C02-MAIN,XAUUSD,16385,PERIOD_H1,990001,990001,990001,2,180,124,129,180,185,2025.03.28 04:14:40,2025.04.01 04:47:40,1743135280000,1743482860000,2025-03-28T01:14:40Z,2025-04-01T01:47:40Z,COMPLETE,,0.01000000,0.01000000,3065.32,3138.16,0E-8,0E-8,0E-8,0E-8,-1.58000000,72.84000000,71.26000000
BOSS19_P4B_SOURCE_BOUND_DEAL_V2,H3-C02-MAIN,XAUUSD,16385,PERIOD_H1,990001,990001,990001,2,181,125,128,181,184,2025.03.28 05:07:40,2025.04.01 04:47:40,1743138460000,1743482860000,2025-03-28T02:07:40Z,2025-04-01T01:47:40Z,COMPLETE,,0.01000000,0.01000000,3076.68,3138.16,0E-8,0E-8,0E-8,0E-8,-1.58000000,61.48000000,59.90000000
BOSS19_P4B_SOURCE_BOUND_DEAL_V2,H3-C02-MAIN,XAUUSD,16385,PERIOD_H1,990001,990001,990001,2,182,126,127,182,183,2025.03.31 01:05:00,2025.04.01 04:47:40,1743383100000,1743482860000,2025-03-30T22:05:00Z,2025-04-01T01:47:40Z,COMPLETE,,0.02000000,0.02000000,3088.03,3138.16,0E-8,0E-8,0E-8,0E-8,-1.58000000,100.26000000,98.68000000
BOSS19_P4B_SOURCE_BOUND_DEAL_V2,H3-C02-MAIN,XAUUSD,16385,PERIOD_H1,990001,990001,990001,2,186,130,133,186,190,2025.04.01 08:38:20,2025.04.11 13:11:40,1743496700000,1744377100000,2025-04-01T05:38:20Z,2025-04-11T10:11:40Z,COMPLETE,,0.01000000,0.01000000,3149.11,3231.85,0E-8,0E-8,0E-8,0E-8,-9.48000000,82.74000000,73.26000000
BOSS19_P4B_SOURCE_BOUND_DEAL_V2,H3-C02-MAIN,XAUUSD,16385,PERIOD_H1,990001,990001,990001,2,187,131,132,187,189,2025.04.03 02:40:40,2025.04.11 13:11:40,1743648040000,1744377100000,2025-04-02T23:40:40Z,2025-04-11T10:11:40Z,COMPLETE,,0.01000000,0.01000000,3160.52,3231.85,0E-8,0E-8,0E-8,0E-8,-6.32000000,71.33000000,65.01000000
BOSS19_P4B_SOURCE_BOUND_DEAL_V2,H3-C02-MAIN,XAUUSD,16385,PERIOD_H1,990001,990001,990001,2,191,134,139,191,196,2025.04.11 19:08:20,2025.04.16 21:55:20,1744398500000,1744840520000,2025-04-11T16:08:20Z,2025-04-16T18:55:20Z,COMPLETE,,0.01000000,0.01000000,3245.52,3340.80,0E-8,0E-8,0E-8,0E-8,-2.37000000,95.28000000,92.91000000
BOSS19_P4B_SOURCE_BOUND_DEAL_V2,H3-C02-MAIN,XAUUSD,16385,PERIOD_H1,990001,990001,990001,2,192,135,138,192,195,2025.04.16 03:02:40,2025.04.16 21:55:20,1744772560000,1744840520000,2025-04-16T00:02:40Z,2025-04-16T18:55:20Z,COMPLETE,,0.01000000,0.01000000,3260.68,3340.80,0E-8,0E-8,0E-8,0E-8,0E-8,80.12000000,80.12000000
BOSS19_P4B_SOURCE_BOUND_DEAL_V2,H3-C02-MAIN,XAUUSD,16385,PERIOD_H1,990001,990001,990001,2,193,136,137,193,194,2025.04.16 06:28:40,2025.04.16 21:55:20,1744784920000,1744840520000,2025-04-16T03:28:40Z,2025-04-16T18:55:20Z,COMPLETE,,0.02000000,0.02000000,3275.83,3340.80,0E-8,0E-8,0E-8,0E-8,0E-8,129.94000000,129.94000000
BOSS19_P4B_SOURCE_BOUND_DEAL_V2,H3-C02-MAIN,XAUUSD,16385,PERIOD_H1,990001,990001,990001,2,197,140,145,197,202,2025.04.17 01:11:40,2025.04.22 05:34:40,1744852300000,1745300080000,2025-04-16T22:11:40Z,2025-04-22T02:34:40Z,COMPLETE,,0.01000000,0.01000000,3354.89,3462.54,0E-8,0E-8,0E-8,0E-8,-2.37000000,107.65000000,105.28000000
BOSS19_P4B_SOURCE_BOUND_DEAL_V2,H3-C02-MAIN,XAUUSD,16385,PERIOD_H1,990001,990001,990001,2,198,141,144,198,201,2025.04.21 03:44:40,2025.04.22 05:34:40,1745207080000,1745300080000,2025-04-21T00:44:40Z,2025-04-22T02:34:40Z,COMPLETE,,0.01000000,0.01000000,3370.13,3462.54,0E-8,0E-8,0E-8,0E-8,-0.79000000,92.41000000,91.62000000
BOSS19_P4B_SOURCE_BOUND_DEAL_V2,H3-C02-MAIN,XAUUSD,16385,PERIOD_H1,990001,990001,990001,2,199,142,143,199,200,2025.04.21 06:00:20,2025.04.22 05:34:40,1745215220000,1745300080000,2025-04-21T03:00:20Z,2025-04-22T02:34:40Z,COMPLETE,,0.02000000,0.02000000,3385.38,3462.54,0E-8,0E-8,0E-8,0E-8,-1.58000000,154.32000000,152.74000000
BOSS19_P4B_SOURCE_BOUND_DEAL_V2,H3-C02-MAIN,XAUUSD,16385,PERIOD_H1,990001,990001,990001,2,203,146,149,203,207,2025.04.22 06:03:40,2025.09.03 14:33:40,1745301820000,1756910020000,2025-04-22T03:03:40Z,2025-09-03T11:33:40Z,COMPLETE,,0.01000000,0.01000000,3477.85,3548.95,0E-8,0E-8,0E-8,0E-8,-105.86000000,71.10000000,-34.76000000
BOSS19_P4B_SOURCE_BOUND_DEAL_V2,H3-C02-MAIN,XAUUSD,16385,PERIOD_H1,990001,990001,990001,2,204,147,148,204,206,2025.04.22 06:40:40,2025.09.03 14:33:40,1745304040000,1756910020000,2025-04-22T03:40:40Z,2025-09-03T11:33:40Z,COMPLETE,,0.01000000,0.01000000,3495.03,3548.95,0E-8,0E-8,0E-8,0E-8,-105.86000000,53.92000000,-51.94000000
BOSS19_P4B_SOURCE_BOUND_DEAL_V2,H3-C02-MAIN,XAUUSD,16385,PERIOD_H1,990001,990001,990001,2,208,150,155,208,213,2025.09.03 16:28:40,2025.09.08 17:55:40,1756916920000,1757354140000,2025-09-03T13:28:40Z,2025-09-08T14:55:40Z,COMPLETE,,0.01000000,0.01000000,3560.87,3639.71,0E-8,0E-8,0E-8,0E-8,-3.95000000,78.84000000,74.89000000
BOSS19_P4B_SOURCE_BOUND_DEAL_V2,H3-C02-MAIN,XAUUSD,16385,PERIOD_H1,990001,990001,990001,2,209,151,154,209,212,2025.09.03 20:00:40,2025.09.08 17:55:40,1756929640000,1757354140000,2025-09-03T17:00:40Z,2025-09-08T14:55:40Z,COMPLETE,,0.01000000,0.01000000,3573.31,3639.71,0E-8,0E-8,0E-8,0E-8,-3.95000000,66.40000000,62.45000000
BOSS19_P4B_SOURCE_BOUND_DEAL_V2,H3-C02-MAIN,XAUUSD,16385,PERIOD_H1,990001,990001,990001,2,210,152,153,210,211,2025.09.05 15:39:40,2025.09.08 17:55:40,1757086780000,1757354140000,2025-09-05T12:39:40Z,2025-09-08T14:55:40Z,COMPLETE,,0.02000000,0.02000000,3585.75,3639.71,0E-8,0E-8,0E-8,0E-8,-1.58000000,107.92000000,106.34000000
BOSS19_P4B_SOURCE_BOUND_DEAL_V2,H3-C02-MAIN,XAUUSD,16385,PERIOD_H1,990001,990001,990001,2,214,156,159,214,218,2025.09.09 05:09:40,2025.09.22 12:18:40,1757394580000,1758543520000,2025-09-09T02:09:40Z,2025-09-22T09:18:40Z,COMPLETE,,0.01000000,0.01000000,3652.22,3723.24,0E-8,0E-8,0E-8,0E-8,-10.27000000,71.02000000,60.75000000
BOSS19_P4B_SOURCE_BOUND_DEAL_V2,H3-C02-MAIN,XAUUSD,16385,PERIOD_H1,990001,990001,990001,2,215,157,158,215,217,2025.09.09 16:35:40,2025.09.22 12:18:40,1757435740000,1758543520000,2025-09-09T13:35:40Z,2025-09-22T09:18:40Z,COMPLETE,,0.01000000,0.01000000,3664.81,3723.24,0E-8,0E-8,0E-8,0E-8,-10.27000000,58.43000000,48.16000000
BOSS19_P4B_SOURCE_BOUND_DEAL_V2,H3-C02-MAIN,XAUUSD,16385,PERIOD_H1,990001,990001,990001,2,219,160,165,219,224,2025.09.22 18:51:20,2025.09.29 14:15:40,1758567080000,1759155340000,2025-09-22T15:51:20Z,2025-09-29T11:15:40Z,COMPLETE,,0.01000000,0.01000000,3735.91,3821.57,0E-8,0E-8,0E-8,0E-8,-5.53000000,85.66000000,80.13000000
BOSS19_P4B_SOURCE_BOUND_DEAL_V2,H3-C02-MAIN,XAUUSD,16385,PERIOD_H1,990001,990001,990001,2,220,161,164,220,223,2025.09.22 22:01:40,2025.09.29 14:15:40,1758578500000,1759155340000,2025-09-22T19:01:40Z,2025-09-29T11:15:40Z,COMPLETE,,0.01000000,0.01000000,3748.77,3821.57,0E-8,0E-8,0E-8,0E-8,-5.53000000,72.80000000,67.27000000
BOSS19_P4B_SOURCE_BOUND_DEAL_V2,H3-C02-MAIN,XAUUSD,16385,PERIOD_H1,990001,990001,990001,2,221,162,163,221,222,2025.09.23 11:31:40,2025.09.29 14:15:40,1758627100000,1759155340000,2025-09-23T08:31:40Z,2025-09-29T11:15:40Z,COMPLETE,,0.02000000,0.02000000,3761.63,3821.57,0E-8,0E-8,0E-8,0E-8,-9.48000000,119.88000000,110.40000000
BOSS19_P4B_SOURCE_BOUND_DEAL_V2,H3-C02-MAIN,XAUUSD,16385,PERIOD_H1,990001,990001,990001,2,225,166,171,225,230,2025.09.30 03:04:40,2025.10.06 06:43:40,1759201480000,1759733020000,2025-09-30T00:04:40Z,2025-10-06T03:43:40Z,COMPLETE,,0.01000000,0.01000000,3835.33,3928.34,0E-8,0E-8,0E-8,0E-8,-4.74000000,93.01000000,88.27000000
BOSS19_P4B_SOURCE_BOUND_DEAL_V2,H3-C02-MAIN,XAUUSD,16385,PERIOD_H1,990001,990001,990001,2,226,167,170,226,229,2025.09.30 04:36:40,2025.10.06 06:43:40,1759207000000,1759733020000,2025-09-30T01:36:40Z,2025-10-06T03:43:40Z,COMPLETE,,0.01000000,0.01000000,3849.11,3928.34,0E-8,0E-8,0E-8,0E-8,-4.74000000,79.23000000,74.49000000
BOSS19_P4B_SOURCE_BOUND_DEAL_V2,H3-C02-MAIN,XAUUSD,16385,PERIOD_H1,990001,990001,990001,2,227,168,169,227,228,2025.09.30 06:42:40,2025.10.06 06:43:40,1759214560000,1759733020000,2025-09-30T03:42:40Z,2025-10-06T03:43:40Z,COMPLETE,,0.02000000,0.02000000,3862.90,3928.34,0E-8,0E-8,0E-8,0E-8,-9.48000000,130.88000000,121.40000000
BOSS19_P4B_SOURCE_BOUND_DEAL_V2,H3-C02-MAIN,XAUUSD,16385,PERIOD_H1,990001,990001,990001,2,231,172,177,231,236,2025.10.06 08:07:40,2025.10.08 12:46:40,1759738060000,1759927600000,2025-10-06T05:07:40Z,2025-10-08T09:46:40Z,COMPLETE,,0.01000000,0.01000000,3943.48,4045.23,0E-8,0E-8,0E-8,0E-8,-1.58000000,101.75000000,100.17000000
BOSS19_P4B_SOURCE_BOUND_DEAL_V2,H3-C02-MAIN,XAUUSD,16385,PERIOD_H1,990001,990001,990001,2,232,173,176,232,235,2025.10.06 17:43:20,2025.10.08 12:46:40,1759772600000,1759927600000,2025-10-06T14:43:20Z,2025-10-08T09:46:40Z,COMPLETE,,0.01000000,0.01000000,3958.63,4045.23,0E-8,0E-8,0E-8,0E-8,-1.58000000,86.60000000,85.02000000
BOSS19_P4B_SOURCE_BOUND_DEAL_V2,H3-C02-MAIN,XAUUSD,16385,PERIOD_H1,990001,990001,990001,2,233,174,175,233,234,2025.10.07 01:25:40,2025.10.08 12:46:40,1759800340000,1759927600000,2025-10-06T22:25:40Z,2025-10-08T09:46:40Z,COMPLETE,,0.02000000,0.02000000,3973.79,4045.23,0E-8,0E-8,0E-8,0E-8,-1.58000000,142.88000000,141.30000000
BOSS19_P4B_SOURCE_BOUND_DEAL_V2,H3-C02-MAIN,XAUUSD,16385,PERIOD_H1,990001,990001,990001,2,246,178,179,246,249,2025.10.09 22:27:40,2025.10.13 08:09:40,1760048860000,1760342980000,2025-10-09T19:27:40Z,2025-10-13T05:09:40Z,COMPLETE,,0.01000000,0.01000000,3975.80,4065.98,0E-8,0E-8,0E-8,0E-8,-1.58000000,90.18000000,88.60000000
BOSS19_P4B_SOURCE_BOUND_DEAL_V2,H3-C02-MAIN,XAUUSD,16385,PERIOD_H1,990001,990001,990001,2,250,180,185,250,255,2025.10.13 13:51:40,2025.10.15 09:46:40,1760363500000,1760521600000,2025-10-13T10:51:40Z,2025-10-15T06:46:40Z,COMPLETE,,0.01000000,0.01000000,4083.51,4196.74,0E-8,0E-8,0E-8,0E-8,-1.58000000,113.23000000,111.65000000
BOSS19_P4B_SOURCE_BOUND_DEAL_V2,H3-C02-MAIN,XAUUSD,16385,PERIOD_H1,990001,990001,990001,2,251,181,184,251,254,2025.10.13 17:52:40,2025.10.15 09:46:40,1760377960000,1760521600000,2025-10-13T14:52:40Z,2025-10-15T06:46:40Z,COMPLETE,,0.01000000,0.01000000,4100.96,4196.74,0E-8,0E-8,0E-8,0E-8,-1.58000000,95.78000000,94.20000000
BOSS19_P4B_SOURCE_BOUND_DEAL_V2,H3-C02-MAIN,XAUUSD,16385,PERIOD_H1,990001,990001,990001,2,252,182,183,252,253,2025.10.14 02:33:40,2025.10.15 09:46:40,1760409220000,1760521600000,2025-10-13T23:33:40Z,2025-10-15T06:46:40Z,COMPLETE,,0.02000000,0.02000000,4118.40,4196.74,0E-8,0E-8,0E-8,0E-8,-1.58000000,156.68000000,155.10000000
BOSS19_P4B_SOURCE_BOUND_DEAL_V2,H3-C02-MAIN,XAUUSD,16385,PERIOD_H1,990001,990001,990001,2,256,186,191,256,261,2025.10.15 11:09:40,2025.10.16 23:54:40,1760526580000,1760658880000,2025-10-15T08:09:40Z,2025-10-16T20:54:40Z,COMPLETE,,0.01000000,0.01000000,4214.64,4330.79,0E-8,0E-8,0E-8,0E-8,-2.37000000,116.15000000,113.78000000
BOSS19_P4B_SOURCE_BOUND_DEAL_V2,H3-C02-MAIN,XAUUSD,16385,PERIOD_H1,990001,990001,990001,2,257,187,190,257,260,2025.10.16 04:42:40,2025.10.16 23:54:40,1760589760000,1760658880000,2025-10-16T01:42:40Z,2025-10-16T20:54:40Z,COMPLETE,,0.01000000,0.01000000,4232.86,4330.79,0E-8,0E-8,0E-8,0E-8,0E-8,97.93000000,97.93000000
BOSS19_P4B_SOURCE_BOUND_DEAL_V2,H3-C02-MAIN,XAUUSD,16385,PERIOD_H1,990001,990001,990001,2,258,188,189,258,259,2025.10.16 15:37:40,2025.10.16 23:54:40,1760629060000,1760658880000,2025-10-16T12:37:40Z,2025-10-16T20:54:40Z,COMPLETE,,0.02000000,0.02000000,4251.07,4330.79,0E-8,0E-8,0E-8,0E-8,0E-8,159.44000000,159.44000000
BOSS19_P4B_SOURCE_BOUND_DEAL_V2,H3-C02-MAIN,XAUUSD,16385,PERIOD_H1,990001,990001,990001,2,262,192,195,262,266,2025.10.17 01:08:40,2025.12.23 02:07:40,1760663320000,1766455660000,2025-10-16T22:08:40Z,2025-12-23T00:07:40Z,COMPLETE,,0.01000000,0.01000000,4347.83,4465.80,0E-8,0E-8,0E-8,0E-8,-51.35000000,117.97000000,66.62000000
BOSS19_P4B_SOURCE_BOUND_DEAL_V2,H3-C02-MAIN,XAUUSD,16385,PERIOD_H1,990001,990001,990001,2,263,193,194,263,265,2025.10.17 01:18:40,2025.12.23 02:07:40,1760663920000,1766455660000,2025-10-16T22:18:40Z,2025-12-23T00:07:40Z,COMPLETE,,0.01000000,0.01000000,4366.30,4465.80,0E-8,0E-8,0E-8,0E-8,-51.35000000,99.50000000,48.15000000
BOSS19_P4B_SOURCE_BOUND_DEAL_V2,H3-C02-MAIN,XAUUSD,16385,PERIOD_H1,990001,990001,0,2,267,196,201,267,272,2025.12.23 03:52:40,2025.12.30 23:59:59,1766461960000,1767139199000,2025-12-23T01:52:40Z,2025-12-30T21:59:59Z,COMPLETE,,0.01000000,0.01000000,4487.30,4338.17,0E-8,0E-8,0E-8,0E-8,-5.53000000,-149.13000000,-154.66000000
BOSS19_P4B_SOURCE_BOUND_DEAL_V2,H3-C02-MAIN,XAUUSD,16385,PERIOD_H1,990001,990001,0,2,268,197,200,268,271,2025.12.24 01:42:20,2025.12.30 23:59:59,1766540540000,1767139199000,2025-12-23T23:42:20Z,2025-12-30T21:59:59Z,COMPLETE,,0.01000000,0.01000000,4508.89,4338.17,0E-8,0E-8,0E-8,0E-8,-4.74000000,-170.72000000,-175.46000000
BOSS19_P4B_SOURCE_BOUND_DEAL_V2,H3-C02-MAIN,XAUUSD,16385,PERIOD_H1,990001,990001,0,2,269,198,199,269,270,2025.12.26 03:05:40,2025.12.30 23:59:59,1766718340000,1767139199000,2025-12-26T01:05:40Z,2025-12-30T21:59:59Z,COMPLETE,,0.02000000,0.02000000,4530.47,4338.17,0E-8,0E-8,0E-8,0E-8,-3.16000000,-384.60000000,-387.76000000
BOSS19_P4B_SOURCE_BOUND_DEAL_V2,H3-C02-BWD,XAUUSD,16385,PERIOD_H1,990001,990001,990001,2,2,2,7,2,7,2020.01.02 14:50:40,2020.01.03 10:01:20,1577976640000,1578045680000,2020-01-02T12:50:40Z,2020-01-03T08:01:20Z,COMPLETE,,0.01000000,0.01000000,1523.63,1545.34,0E-8,0E-8,0E-8,0E-8,-0.79000000,21.71000000,20.92000000
BOSS19_P4B_SOURCE_BOUND_DEAL_V2,H3-C02-BWD,XAUUSD,16385,PERIOD_H1,990001,990001,990001,2,3,3,6,3,6,2020.01.02 15:51:40,2020.01.03 10:01:20,1577980300000,1578045680000,2020-01-02T13:51:40Z,2020-01-03T08:01:20Z,COMPLETE,,0.01000000,0.01000000,1527.06,1545.34,0E-8,0E-8,0E-8,0E-8,-0.79000000,18.28000000,17.49000000
BOSS19_P4B_SOURCE_BOUND_DEAL_V2,H3-C02-BWD,XAUUSD,16385,PERIOD_H1,990001,990001,990001,2,4,4,5,4,5,2020.01.02 16:37:40,2020.01.03 10:01:20,1577983060000,1578045680000,2020-01-02T14:37:40Z,2020-01-03T08:01:20Z,COMPLETE,,0.02000000,0.02000000,1530.49,1545.34,0E-8,0E-8,0E-8,0E-8,-1.58000000,29.70000000,28.12000000
BOSS19_P4B_SOURCE_BOUND_DEAL_V2,H3-C02-BWD,XAUUSD,16385,PERIOD_H1,990001,990001,990001,2,8,8,13,8,13,2020.01.03 11:28:00,2020.01.06 01:05:00,1578050880000,1578272700000,2020-01-03T09:28:00Z,2020-01-05T23:05:00Z,COMPLETE,,0.01000000,0.01000000,1547.62,1576.45,0E-8,0E-8,0E-8,0E-8,-0.79000000,28.83000000,28.04000000
BOSS19_P4B_SOURCE_BOUND_DEAL_V2,H3-C02-BWD,XAUUSD,16385,PERIOD_H1,990001,990001,990001,2,9,9,12,9,12,2020.01.03 13:43:40,2020.01.06 01:05:00,1578059020000,1578272700000,2020-01-03T11:43:40Z,2020-01-05T23:05:00Z,COMPLETE,,0.01000000,0.01000000,1551.08,1576.45,0E-8,0E-8,0E-8,0E-8,-0.79000000,25.37000000,24.58000000
BOSS19_P4B_SOURCE_BOUND_DEAL_V2,H3-C02-BWD,XAUUSD,16385,PERIOD_H1,990001,990001,990001,2,10,10,11,10,11,2020.01.06 01:05:00,2020.01.06 01:05:00,1578272700000,1578272700000,2020-01-05T23:05:00Z,2020-01-05T23:05:00Z,COMPLETE,,0.02000000,0.02000000,1554.55,1576.45,0E-8,0E-8,0E-8,0E-8,0E-8,43.80000000,43.80000000
BOSS19_P4B_SOURCE_BOUND_DEAL_V2,H3-C02-BWD,XAUUSD,16385,PERIOD_H1,990001,990001,990001,2,14,14,19,14,19,2020.01.06 01:05:40,2020.01.08 02:17:40,1578272740000,1578449860000,2020-01-05T23:05:40Z,2020-01-08T00:17:40Z,COMPLETE,,0.01000000,0.01000000,1580.19,1604.28,0E-8,0E-8,0E-8,0E-8,-1.58000000,24.09000000,22.51000000
BOSS19_P4B_SOURCE_BOUND_DEAL_V2,H3-C02-BWD,XAUUSD,16385,PERIOD_H1,990001,990001,990001,2,15,15,18,15,18,2020.01.08 01:22:40,2020.01.08 02:17:40,1578446560000,1578449860000,2020-01-07T23:22:40Z,2020-01-08T00:17:40Z,COMPLETE,,0.01000000,0.01000000,1583.78,1604.28,0E-8,0E-8,0E-8,0E-8,0E-8,20.50000000,20.50000000
BOSS19_P4B_SOURCE_BOUND_DEAL_V2,H3-C02-BWD,XAUUSD,16385,PERIOD_H1,990001,990001,990001,2,16,16,17,16,17,2020.01.08 01:23:40,2020.01.08 02:17:40,1578446620000,1578449860000,2020-01-07T23:23:40Z,2020-01-08T00:17:40Z,COMPLETE,,0.02000000,0.02000000,1587.38,1604.28,0E-8,0E-8,0E-8,0E-8,0E-8,33.80000000,33.80000000
BOSS19_P4B_SOURCE_BOUND_DEAL_V2,H3-C02-BWD,XAUUSD,16385,PERIOD_H1,990001,990001,990001,2,20,20,21,20,23,2020.01.08 02:25:40,2020.02.21 08:34:40,1578450340000,1582274080000,2020-01-08T00:25:40Z,2020-02-21T06:34:40Z,COMPLETE,,0.01000000,0.01000000,1608.38,1631.18,0E-8,0E-8,0E-8,0E-8,-36.34000000,22.80000000,-13.54000000
BOSS19_P4B_SOURCE_BOUND_DEAL_V2,H3-C02-BWD,XAUUSD,16385,PERIOD_H1,990001,990001,990001,2,24,22,27,24,29,2020.02.21 10:07:40,2020.02.24 01:10:40,1582279660000,1582506640000,2020-02-21T08:07:40Z,2020-02-23T23:10:40Z,COMPLETE,,0.01000000,0.01000000,1635.79,1664.64,0E-8,0E-8,0E-8,0E-8,-0.79000000,28.85000000,28.06000000
BOSS19_P4B_SOURCE_BOUND_DEAL_V2,H3-C02-BWD,XAUUSD,16385,PERIOD_H1,990001,990001,990001,2,25,23,26,25,28,2020.02.21 15:16:40,2020.02.24 01:10:40,1582298200000,1582506640000,2020-02-21T13:16:40Z,2020-02-23T23:10:40Z,COMPLETE,,0.01000000,0.01000000,1640.28,1664.64,0E-8,0E-8,0E-8,0E-8,-0.79000000,24.36000000,23.57000000
BOSS19_P4B_SOURCE_BOUND_DEAL_V2,H3-C02-BWD,XAUUSD,16385,PERIOD_H1,990001,990001,990001,2,26,24,25,26,27,2020.02.21 15:47:40,2020.02.24 01:10:40,1582300060000,1582506640000,2020-02-21T13:47:40Z,2020-02-23T23:10:40Z,COMPLETE,,0.02000000,0.02000000,1644.77,1664.64,0E-8,0E-8,0E-8,0E-8,-1.58000000,39.74000000,38.16000000
BOSS19_P4B_SOURCE_BOUND_DEAL_V2,H3-C02-BWD,XAUUSD,16385,PERIOD_H1,990001,990001,990001,2,30,28,33,30,35,2020.02.24 01:11:40,2020.05.14 16:34:40,1582506700000,1589474080000,2020-02-23T23:11:40Z,2020-05-14T13:34:40Z,COMPLETE,,0.01000000,0.01000000,1669.28,1721.73,0E-8,0E-8,0E-8,0E-8,-64.78000000,52.45000000,-12.33000000
BOSS19_P4B_SOURCE_BOUND_DEAL_V2,H3-C02-BWD,XAUUSD,16385,PERIOD_H1,990001,990001,990001,2,31,29,32,31,34,2020.02.24 01:12:40,2020.05.14 16:34:40,1582506760000,1589474080000,2020-02-23T23:12:40Z,2020-05-14T13:34:40Z,COMPLETE,,0.01000000,0.01000000,1673.90,1721.73,0E-8,0E-8,0E-8,0E-8,-64.78000000,47.83000000,-16.95000000
BOSS19_P4B_SOURCE_BOUND_DEAL_V2,H3-C02-BWD,XAUUSD,16385,PERIOD_H1,990001,990001,990001,2,32,30,31,32,33,2020.02.24 01:12:40,2020.05.14 16:34:40,1582506760000,1589474080000,2020-02-23T23:12:40Z,2020-05-14T13:34:40Z,COMPLETE,,0.02000000,0.02000000,1678.51,1721.73,0E-8,0E-8,0E-8,0E-8,-129.56000000,86.44000000,-43.12000000
BOSS19_P4B_SOURCE_BOUND_DEAL_V2,H3-C02-BWD,XAUUSD,16385,PERIOD_H1,990001,990001,990001,2,36,34,39,36,41,2020.05.14 16:59:40,2020.06.24 13:01:40,1589475580000,1593003700000,2020-05-14T13:59:40Z,2020-06-24T10:01:40Z,COMPLETE,,0.01000000,0.01000000,1730.70,1778.82,0E-8,0E-8,0E-8,0E-8,-30.81000000,48.12000000,17.31000000
BOSS19_P4B_SOURCE_BOUND_DEAL_V2,H3-C02-BWD,XAUUSD,16385,PERIOD_H1,990001,990001,990001,2,37,35,38,37,40,2020.05.15 15:33:40,2020.06.24 13:01:40,1589556820000,1593003700000,2020-05-15T12:33:40Z,2020-06-24T10:01:40Z,COMPLETE,,0.01000000,0.01000000,1739.89,1778.82,0E-8,0E-8,0E-8,0E-8,-30.02000000,38.93000000,8.91000000
BOSS19_P4B_SOURCE_BOUND_DEAL_V2,H3-C02-BWD,XAUUSD,16385,PERIOD_H1,990001,990001,990001,2,38,36,37,38,39,2020.05.15 18:59:20,2020.06.24 13:01:40,1589569160000,1593003700000,2020-05-15T15:59:20Z,2020-06-24T10:01:40Z,COMPLETE,,0.02000000,0.02000000,1749.09,1778.82,0E-8,0E-8,0E-8,0E-8,-60.04000000,59.46000000,-0.58000000
BOSS19_P4B_SOURCE_BOUND_DEAL_V2,H3-C02-BWD,XAUUSD,16385,PERIOD_H1,990001,990001,990001,2,117,40,43,117,121,2020.06.30 17:33:40,2020.07.08 16:32:40,1593538420000,1594225960000,2020-06-30T14:33:40Z,2020-07-08T13:32:40Z,COMPLETE,,0.01000000,0.01000000,1775.50,1814.53,0E-8,0E-8,0E-8,0E-8,-6.32000000,39.03000000,32.71000000
BOSS19_P4B_SOURCE_BOUND_DEAL_V2,H3-C02-BWD,XAUUSD,16385,PERIOD_H1,990001,990001,990001,2,118,41,42,118,120,2020.06.30 17:50:40,2020.07.08 16:32:40,1593539440000,1594225960000,2020-06-30T14:50:40Z,2020-07-08T13:32:40Z,COMPLETE,,0.01000000,0.01000000,1782.64,1814.53,0E-8,0E-8,0E-8,0E-8,-6.32000000,31.89000000,25.57000000
BOSS19_P4B_SOURCE_BOUND_DEAL_V2,H3-C02-BWD,XAUUSD,16385,PERIOD_H1,990001,990001,990001,2,125,44,45,125,128,2020.07.13 02:11:40,2020.07.14 13:18:40,1594606300000,1594732720000,2020-07-12T23:11:40Z,2020-07-14T10:18:40Z,COMPLETE,,0.01000000,0.01000000,1801.30,1790.99,0E-8,0E-8,0E-8,0E-8,0.31000000,10.31000000,10.62000000
BOSS19_P4B_SOURCE_BOUND_DEAL_V2,H3-C02-BWD,XAUUSD,16385,PERIOD_H1,990001,990001,990001,2,129,46,49,129,133,2020.07.14 14:58:40,2020.11.27 15:30:40,1594738720000,1606491040000,2020-07-14T11:58:40Z,2020-11-27T13:30:40Z,COMPLETE,,0.01000000,0.01000000,1799.38,1790.27,0E-8,0E-8,0E-8,0E-8,42.58000000,9.11000000,51.69000000
BOSS19_P4B_SOURCE_BOUND_DEAL_V2,H3-C02-BWD,XAUUSD,16385,PERIOD_H1,990001,990001,990001,2,130,47,48,130,132,2020.07.14 17:29:40,2020.07.16 20:05:40,1594747780000,1594929940000,2020-07-14T14:29:40Z,2020-07-16T17:05:40Z,COMPLETE,,0.01000000,0.01000000,1806.17,1799.58,0E-8,0E-8,0E-8,0E-8,1.23000000,6.59000000,7.82000000
BOSS19_P4B_SOURCE_BOUND_DEAL_V2,H3-C02-BWD,XAUUSD,16385,PERIOD_H1,990001,990001,990001,2,134,50,53,134,138,2020.12.01 12:39:40,2021.02.04 16:40:40,1606826380000,1612456840000,2020-12-01T10:39:40Z,2021-02-04T14:40:40Z,COMPLETE,,0.01000000,0.01000000,1798.75,1789.11,0E-8,0E-8,0E-8,0E-8,20.67000000,9.64000000,30.31000000
BOSS19_P4B_SOURCE_BOUND_DEAL_V2,H3-C02-BWD,XAUUSD,16385,PERIOD_H1,990001,990001,990001,2,135,51,52,135,137,2020.12.01 13:12:20,2021.02.04 16:04:40,1606828340000,1612454680000,2020-12-01T11:12:20Z,2021-02-04T14:04:40Z,COMPLETE,,0.01000000,0.01000000,1807.27,1798.59,0E-8,0E-8,0E-8,0E-8,20.67000000,8.68000000,29.35000000
BOSS19_P4B_SOURCE_BOUND_DEAL_V2,H3-C02-BWD,XAUUSD,16385,PERIOD_H1,990001,990001,990001,2,139,54,59,139,144,2021.02.05 07:34:40,2021.02.17 01:07:40,1612510480000,1613524060000,2021-02-05T05:34:40Z,2021-02-16T23:07:40Z,COMPLETE,,0.01000000,0.01000000,1797.93,1788.56,0E-8,0E-8,0E-8,0E-8,3.09000000,9.37000000,12.46000000
BOSS19_P4B_SOURCE_BOUND_DEAL_V2,H3-C02-BWD,XAUUSD,16385,PERIOD_H1,990001,990001,990001,2,140,55,56,140,142,2021.02.05 10:12:40,2021.02.05 15:06:40,1612519960000,1612537600000,2021-02-05T08:12:40Z,2021-02-05T13:06:40Z,COMPLETE,,0.01000000,0.01000000,1806.46,1797.10,0E-8,0E-8,0E-8,0E-8,0E-8,9.36000000,9.36000000
BOSS19_P4B_SOURCE_BOUND_DEAL_V2,H3-C02-BWD,XAUUSD,16385,PERIOD_H1,990001,990001,990001,2,141,57,58,141,143,2021.02.05 19:10:40,2021.02.16 15:00:40,1612552240000,1613487640000,2021-02-05T17:10:40Z,2021-02-16T13:00:40Z,COMPLETE,,0.01000000,0.01000000,1815.00,1805.44,0E-8,0E-8,0E-8,0E-8,2.78000000,9.56000000,12.34000000
BOSS19_P4B_SOURCE_BOUND_DEAL_V2,H3-C02-BWD,XAUUSD,16385,PERIOD_H1,990001,990001,990001,2,148,60,65,148,153,2021.02.22 08:11:40,2021.05.07 15:37:40,1613981500000,1620401860000,2021-02-22T06:11:40Z,2021-05-07T12:37:40Z,COMPLETE,,0.01000000,0.01000000,1793.00,1837.88,0E-8,0E-8,0E-8,0E-8,-60.04000000,44.88000000,-15.16000000
BOSS19_P4B_SOURCE_BOUND_DEAL_V2,H3-C02-BWD,XAUUSD,16385,PERIOD_H1,990001,990001,990001,2,149,61,64,149,152,2021.02.22 15:15:40,2021.05.07 15:37:40,1614006940000,1620401860000,2021-02-22T13:15:40Z,2021-05-07T12:37:40Z,COMPLETE,,0.01000000,0.01000000,1800.97,1837.88,0E-8,0E-8,0E-8,0E-8,-60.04000000,36.91000000,-23.13000000
BOSS19_P4B_SOURCE_BOUND_DEAL_V2,H3-C02-BWD,XAUUSD,16385,PERIOD_H1,990001,990001,990001,2,150,62,63,150,151,2021.02.22 17:30:20,2021.05.07 15:37:40,1614015020000,1620401860000,2021-02-22T15:30:20Z,2021-05-07T12:37:40Z,COMPLETE,,0.02000000,0.02000000,1808.95,1837.88,0E-8,0E-8,0E-8,0E-8,-120.08000000,57.86000000,-62.22000000
BOSS19_P4B_SOURCE_BOUND_DEAL_V2,H3-C02-BWD,XAUUSD,16385,PERIOD_H1,990001,990001,990001,2,154,66,67,154,157,2021.05.10 16:30:40,2021.05.19 16:38:40,1620664240000,1621442320000,2021-05-10T13:30:40Z,2021-05-19T13:38:40Z,COMPLETE,,0.01000000,0.01000000,1844.81,1878.80,0E-8,0E-8,0E-8,0E-8,-7.11000000,33.99000000,26.88000000
BOSS19_P4B_SOURCE_BOUND_DEAL_V2,H3-C02-BWD,XAUUSD,16385,PERIOD_H1,990001,990001,990001,2,158,68,73,158,163,2021.05.19 16:42:40,2022.02.24 05:09:40,1621442560000,1645679380000,2021-05-19T13:42:40Z,2022-02-24T03:09:40Z,COMPLETE,,0.01000000,0.01000000,1885.25,1927.59,0E-8,0E-8,0E-8,0E-8,-223.57000000,42.34000000,-181.23000000
BOSS19_P4B_SOURCE_BOUND_DEAL_V2,H3-C02-BWD,XAUUSD,16385,PERIOD_H1,990001,990001,990001,2,159,69,72,159,162,2021.05.25 17:03:40,2022.02.24 05:09:40,1621962220000,1645679380000,2021-05-25T14:03:40Z,2022-02-24T03:09:40Z,COMPLETE,,0.01000000,0.01000000,1892.04,1927.59,0E-8,0E-8,0E-8,0E-8,-218.83000000,35.55000000,-183.28000000
BOSS19_P4B_SOURCE_BOUND_DEAL_V2,H3-C02-BWD,XAUUSD,16385,PERIOD_H1,990001,990001,990001,2,160,70,71,160,161,2021.05.25 21:05:20,2022.02.24 05:09:40,1621976720000,1645679380000,2021-05-25T18:05:20Z,2022-02-24T03:09:40Z,COMPLETE,,0.02000000,0.02000000,1898.82,1927.59,0E-8,0E-8,0E-8,0E-8,-437.66000000,57.54000000,-380.12000000
BOSS19_P4B_SOURCE_BOUND_DEAL_V2,H3-C02-BWD,XAUUSD,16385,PERIOD_H1,990001,990001,990001,2,164,74,79,164,169,2022.02.24 06:10:40,2022.02.24 12:24:40,1645683040000,1645705480000,2022-02-24T04:10:40Z,2022-02-24T10:24:40Z,COMPLETE,,0.01000000,0.01000000,1933.96,1973.07,0E-8,0E-8,0E-8,0E-8,0E-8,39.11000000,39.11000000
BOSS19_P4B_SOURCE_BOUND_DEAL_V2,H3-C02-BWD,XAUUSD,16385,PERIOD_H1,990001,990001,990001,2,165,75,78,165,168,2022.02.24 06:12:40,2022.02.24 12:24:40,1645683160000,1645705480000,2022-02-24T04:12:40Z,2022-02-24T10:24:40Z,COMPLETE,,0.01000000,0.01000000,1940.18,1973.07,0E-8,0E-8,0E-8,0E-8,0E-8,32.89000000,32.89000000
BOSS19_P4B_SOURCE_BOUND_DEAL_V2,H3-C02-BWD,XAUUSD,16385,PERIOD_H1,990001,990001,990001,2,166,76,77,166,167,2022.02.24 06:15:40,2022.02.24 12:24:40,1645683340000,1645705480000,2022-02-24T04:15:40Z,2022-02-24T10:24:40Z,COMPLETE,,0.02000000,0.02000000,1946.39,1973.07,0E-8,0E-8,0E-8,0E-8,0E-8,53.36000000,53.36000000
BOSS19_P4B_SOURCE_BOUND_DEAL_V2,H3-C02-BWD,XAUUSD,16385,PERIOD_H1,990001,990001,990001,2,173,80,81,173,176,2022.02.28 01:10:00,2022.02.28 01:14:40,1646010600000,1646010880000,2022-02-27T23:10:00Z,2022-02-27T23:14:40Z,COMPLETE,,0.01000000,0.01000000,1917.74,1909.63,0E-8,0E-8,0E-8,0E-8,0E-8,8.11000000,8.11000000
BOSS19_P4B_SOURCE_BOUND_DEAL_V2,H3-C02-BWD,XAUUSD,16385,PERIOD_H1,990001,990001,990001,2,177,82,87,177,182,2022.03.01 12:30:40,2022.03.04 21:40:00,1646137840000,1646430000000,2022-03-01T10:30:40Z,2022-03-04T19:40:00Z,COMPLETE,,0.01000000,0.01000000,1920.11,1968.99,0E-8,0E-8,0E-8,0E-8,-3.95000000,48.88000000,44.93000000
BOSS19_P4B_SOURCE_BOUND_DEAL_V2,H3-C02-BWD,XAUUSD,16385,PERIOD_H1,990001,990001,990001,2,178,83,86,178,181,2022.03.01 17:45:40,2022.03.04 21:40:00,1646156740000,1646430000000,2022-03-01T15:45:40Z,2022-03-04T19:40:00Z,COMPLETE,,0.01000000,0.01000000,1927.58,1968.99,0E-8,0E-8,0E-8,0E-8,-3.95000000,41.41000000,37.46000000
BOSS19_P4B_SOURCE_BOUND_DEAL_V2,H3-C02-BWD,XAUUSD,16385,PERIOD_H1,990001,990001,990001,2,179,84,85,179,180,2022.03.01 18:52:40,2022.03.04 21:40:00,1646160760000,1646430000000,2022-03-01T16:52:40Z,2022-03-04T19:40:00Z,COMPLETE,,0.02000000,0.02000000,1935.05,1968.99,0E-8,0E-8,0E-8,0E-8,-7.90000000,67.88000000,59.98000000
BOSS19_P4B_SOURCE_BOUND_DEAL_V2,H3-C02-BWD,XAUUSD,16385,PERIOD_H1,990001,990001,990001,2,183,88,93,183,188,2022.03.07 01:13:00,2022.03.08 16:40:40,1646615580000,1646757640000,2022-03-06T23:13:00Z,2022-03-08T14:40:40Z,COMPLETE,,0.01000000,0.01000000,1977.04,2031.79,0E-8,0E-8,0E-8,0E-8,-0.79000000,54.75000000,53.96000000
BOSS19_P4B_SOURCE_BOUND_DEAL_V2,H3-C02-BWD,XAUUSD,16385,PERIOD_H1,990001,990001,990001,2,184,89,92,184,187,2022.03.07 01:13:00,2022.03.08 16:40:40,1646615580000,1646757640000,2022-03-06T23:13:00Z,2022-03-08T14:40:40Z,COMPLETE,,0.01000000,0.01000000,1984.91,2031.79,0E-8,0E-8,0E-8,0E-8,-0.79000000,46.88000000,46.09000000
BOSS19_P4B_SOURCE_BOUND_DEAL_V2,H3-C02-BWD,XAUUSD,16385,PERIOD_H1,990001,990001,990001,2,185,90,91,185,186,2022.03.07 03:03:40,2022.03.08 16:40:40,1646622220000,1646757640000,2022-03-07T01:03:40Z,2022-03-08T14:40:40Z,COMPLETE,,0.02000000,0.02000000,1992.79,2031.79,0E-8,0E-8,0E-8,0E-8,-1.58000000,78.00000000,76.42000000
BOSS19_P4B_SOURCE_BOUND_DEAL_V2,H3-C02-BWD,XAUUSD,16385,PERIOD_H1,990001,990001,990001,2,189,94,99,189,194,2022.03.08 16:53:20,2022.09.23 12:51:40,1646758400000,1663937500000,2022-03-08T14:53:20Z,2022-09-23T09:51:40Z,COMPLETE,,0.01000000,0.01000000,2040.18,1652.84,0E-8,0E-8,0E-8,0E-8,-158.79000000,-387.34000000,-546.13000000
BOSS19_P4B_SOURCE_BOUND_DEAL_V2,H3-C02-BWD,XAUUSD,16385,PERIOD_H1,990001,990001,990001,2,190,95,98,190,193,2022.03.08 17:05:40,2022.09.23 12:51:40,1646759140000,1663937500000,2022-03-08T15:05:40Z,2022-09-23T09:51:40Z,COMPLETE,,0.01000000,0.01000000,2048.58,1652.84,0E-8,0E-8,0E-8,0E-8,-158.79000000,-395.74000000,-554.53000000
BOSS19_P4B_SOURCE_BOUND_DEAL_V2,H3-C02-BWD,XAUUSD,16385,PERIOD_H1,990001,990001,990001,2,191,96,97,191,192,2022.03.08 17:07:40,2022.09.23 12:51:40,1646759260000,1663937500000,2022-03-08T15:07:40Z,2022-09-23T09:51:40Z,COMPLETE,,0.02000000,0.02000000,2056.99,1652.84,0E-8,0E-8,0E-8,0E-8,-317.58000000,-808.30000000,-1125.88000000
BOSS19_P4B_SOURCE_BOUND_DEAL_V2,H3-C03-MAIN,XAUUSD,16388,PERIOD_H4,990001,990001,990001,2,2,2,7,2,7,2023.01.03 04:40:40,2023.01.09 04:38:40,1672720840000,1673239120000,2023-01-03T02:40:40Z,2023-01-09T02:38:40Z,COMPLETE,,0.01000000,0.01000000,1833.98,1878.69,0E-8,0E-8,0E-8,0E-8,-4.74000000,44.71000000,39.97000000
BOSS19_P4B_SOURCE_BOUND_DEAL_V2,H3-C03-MAIN,XAUUSD,16388,PERIOD_H4,990001,990001,990001,2,3,3,6,3,6,2023.01.03 05:08:40,2023.01.09 04:38:40,1672722520000,1673239120000,2023-01-03T03:08:40Z,2023-01-09T02:38:40Z,COMPLETE,,0.01000000,0.01000000,1840.73,1878.69,0E-8,0E-8,0E-8,0E-8,-4.74000000,37.96000000,33.22000000
BOSS19_P4B_SOURCE_BOUND_DEAL_V2,H3-C03-MAIN,XAUUSD,16388,PERIOD_H4,990001,990001,990001,2,4,4,5,4,5,2023.01.03 09:28:40,2023.01.09 04:38:40,1672738120000,1673239120000,2023-01-03T07:28:40Z,2023-01-09T02:38:40Z,COMPLETE,,0.02000000,0.02000000,1847.48,1878.69,0E-8,0E-8,0E-8,0E-8,-9.48000000,62.42000000,52.94000000
BOSS19_P4B_SOURCE_BOUND_DEAL_V2,H3-C03-MAIN,XAUUSD,16388,PERIOD_H4,990001,990001,990001,2,8,8,13,8,13,2023.01.11 10:50:40,2023.01.19 21:26:40,1673434240000,1674163600000,2023-01-11T08:50:40Z,2023-01-19T19:26:40Z,COMPLETE,,0.01000000,0.01000000,1885.74,1930.44,0E-8,0E-8,0E-8,0E-8,-7.90000000,44.70000000,36.80000000
BOSS19_P4B_SOURCE_BOUND_DEAL_V2,H3-C03-MAIN,XAUUSD,16388,PERIOD_H4,990001,990001,990001,2,9,9,12,9,12,2023.01.12 15:34:40,2023.01.19 21:26:40,1673537680000,1674163600000,2023-01-12T13:34:40Z,2023-01-19T19:26:40Z,COMPLETE,,0.01000000,0.01000000,1892.96,1930.44,0E-8,0E-8,0E-8,0E-8,-5.53000000,37.48000000,31.95000000
BOSS19_P4B_SOURCE_BOUND_DEAL_V2,H3-C03-MAIN,XAUUSD,16388,PERIOD_H4,990001,990001,990001,2,10,10,11,10,11,2023.01.12 15:54:40,2023.01.19 21:26:40,1673538880000,1674163600000,2023-01-12T13:54:40Z,2023-01-19T19:26:40Z,COMPLETE,,0.02000000,0.02000000,1900.17,1930.44,0E-8,0E-8,0E-8,0E-8,-11.06000000,60.54000000,49.48000000
BOSS19_P4B_SOURCE_BOUND_DEAL_V2,H3-C03-MAIN,XAUUSD,16388,PERIOD_H4,990001,990001,990001,2,14,14,19,14,19,2023.01.20 10:09:40,2023.03.17 21:43:20,1674209380000,1679089400000,2023-01-20T08:09:40Z,2023-03-17T18:43:20Z,COMPLETE,,0.01000000,0.01000000,1936.74,1981.94,0E-8,0E-8,0E-8,0E-8,-44.24000000,45.20000000,0.96000000
BOSS19_P4B_SOURCE_BOUND_DEAL_V2,H3-C03-MAIN,XAUUSD,16388,PERIOD_H4,990001,990001,990001,2,15,15,18,15,18,2023.01.25 22:03:00,2023.03.17 21:43:20,1674684180000,1679089400000,2023-01-25T20:03:00Z,2023-03-17T18:43:20Z,COMPLETE,,0.01000000,0.01000000,1943.65,1981.94,0E-8,0E-8,0E-8,0E-8,-41.87000000,38.29000000,-3.58000000
BOSS19_P4B_SOURCE_BOUND_DEAL_V2,H3-C03-MAIN,XAUUSD,16388,PERIOD_H4,990001,990001,990001,2,16,16,17,16,17,2023.02.01 22:33:40,2023.03.17 21:43:20,1675290820000,1679089400000,2023-02-01T20:33:40Z,2023-03-17T18:43:20Z,COMPLETE,,0.02000000,0.02000000,1950.56,1981.94,0E-8,0E-8,0E-8,0E-8,-72.68000000,62.76000000,-9.92000000
BOSS19_P4B_SOURCE_BOUND_DEAL_V2,H3-C03-MAIN,XAUUSD,16388,PERIOD_H4,990001,990001,990001,2,20,20,25,20,25,2023.03.17 21:52:40,2023.04.13 15:54:40,1679089960000,1681401280000,2023-03-17T18:52:40Z,2023-04-13T12:54:40Z,COMPLETE,,0.01000000,0.01000000,1987.28,2044.75,0E-8,0E-8,0E-8,0E-8,-21.33000000,57.47000000,36.14000000
BOSS19_P4B_SOURCE_BOUND_DEAL_V2,H3-C03-MAIN,XAUUSD,16388,PERIOD_H4,990001,990001,990001,2,21,21,24,21,24,2023.03.20 10:06:40,2023.04.13 15:54:40,1679306800000,1681401280000,2023-03-20T07:06:40Z,2023-04-13T12:54:40Z,COMPLETE,,0.01000000,0.01000000,1994.55,2044.75,0E-8,0E-8,0E-8,0E-8,-20.54000000,50.20000000,29.66000000
BOSS19_P4B_SOURCE_BOUND_DEAL_V2,H3-C03-MAIN,XAUUSD,16388,PERIOD_H4,990001,990001,990001,2,22,22,23,22,23,2023.03.20 10:24:40,2023.04.13 15:54:40,1679307880000,1681401280000,2023-03-20T07:24:40Z,2023-04-13T12:54:40Z,COMPLETE,,0.02000000,0.02000000,2001.83,2044.75,0E-8,0E-8,0E-8,0E-8,-41.08000000,85.84000000,44.76000000
BOSS19_P4B_SOURCE_BOUND_DEAL_V2,H3-C03-MAIN,XAUUSD,16388,PERIOD_H4,990001,990001,990001,2,41,26,29,41,45,2023.04.20 09:44:40,2023.04.21 09:30:40,1681983880000,1682069440000,2023-04-20T06:44:40Z,2023-04-21T06:30:40Z,COMPLETE,,0.01000000,0.01000000,1998.73,1987.24,0E-8,0E-8,0E-8,0E-8,0.31000000,11.49000000,11.80000000
BOSS19_P4B_SOURCE_BOUND_DEAL_V2,H3-C03-MAIN,XAUUSD,16388,PERIOD_H4,990001,990001,990001,2,42,27,28,42,44,2023.04.20 15:32:40,2023.04.21 08:30:40,1682004760000,1682065840000,2023-04-20T12:32:40Z,2023-04-21T05:30:40Z,COMPLETE,,0.01000000,0.01000000,2008.86,1998.18,0E-8,0E-8,0E-8,0E-8,0.31000000,10.68000000,10.99000000
BOSS19_P4B_SOURCE_BOUND_DEAL_V2,H3-C03-MAIN,XAUUSD,16388,PERIOD_H4,990001,990001,990001,2,43,30,31,43,46,2023.05.02 19:10:40,2023.05.03 15:15:40,1683054640000,1683126940000,2023-05-02T16:10:40Z,2023-05-03T12:15:40Z,COMPLETE,,0.01000000,0.01000000,2018.98,2007.73,0E-8,0E-8,0E-8,0E-8,0.31000000,11.25000000,11.56000000
BOSS19_P4B_SOURCE_BOUND_DEAL_V2,H3-C03-MAIN,XAUUSD,16388,PERIOD_H4,990001,990001,990001,2,47,32,37,47,52,2023.05.03 17:52:40,2023.05.04 01:01:20,1683136360000,1683162080000,2023-05-03T14:52:40Z,2023-05-03T22:01:20Z,COMPLETE,,0.01000000,0.01000000,2021.31,2078.32,0E-8,0E-8,0E-8,0E-8,-2.37000000,57.01000000,54.64000000
BOSS19_P4B_SOURCE_BOUND_DEAL_V2,H3-C03-MAIN,XAUUSD,16388,PERIOD_H4,990001,990001,990001,2,48,33,36,48,51,2023.05.03 21:00:40,2023.05.04 01:01:20,1683147640000,1683162080000,2023-05-03T18:00:40Z,2023-05-03T22:01:20Z,COMPLETE,,0.01000000,0.01000000,2030.47,2078.32,0E-8,0E-8,0E-8,0E-8,-2.37000000,47.85000000,45.48000000
BOSS19_P4B_SOURCE_BOUND_DEAL_V2,H3-C03-MAIN,XAUUSD,16388,PERIOD_H4,990001,990001,990001,2,49,34,35,49,50,2023.05.03 23:55:40,2023.05.04 01:01:20,1683158140000,1683162080000,2023-05-03T20:55:40Z,2023-05-03T22:01:20Z,COMPLETE,,0.02000000,0.02000000,2039.64,2078.32,0E-8,0E-8,0E-8,0E-8,-4.74000000,77.36000000,72.62000000
BOSS19_P4B_SOURCE_BOUND_DEAL_V2,H3-C03-MAIN,XAUUSD,16388,PERIOD_H4,990001,990001,990001,2,95,38,41,95,99,2023.06.05 17:02:40,2023.06.07 18:47:40,1685984560000,1686163660000,2023-06-05T14:02:40Z,2023-06-07T15:47:40Z,COMPLETE,,0.01000000,0.01000000,1957.68,1949.63,0E-8,0E-8,0E-8,0E-8,0.62000000,8.05000000,8.67000000
BOSS19_P4B_SOURCE_BOUND_DEAL_V2,H3-C03-MAIN,XAUUSD,16388,PERIOD_H4,990001,990001,990001,2,96,39,40,96,98,2023.06.06 15:20:40,2023.06.06 16:47:40,1686064840000,1686070060000,2023-06-06T12:20:40Z,2023-06-06T13:47:40Z,COMPLETE,,0.01000000,0.01000000,1965.68,1956.94,0E-8,0E-8,0E-8,0E-8,0E-8,8.74000000,8.74000000
BOSS19_P4B_SOURCE_BOUND_DEAL_V2,H3-C03-MAIN,XAUUSD,16388,PERIOD_H4,990001,990001,990001,2,196,42,43,196,199,2023.06.16 13:54:20,2023.06.16 16:31:40,1686923660000,1686933100000,2023-06-16T10:54:20Z,2023-06-16T13:31:40Z,COMPLETE,,0.01000000,0.01000000,1965.42,1957.10,0E-8,0E-8,0E-8,0E-8,0E-8,8.32000000,8.32000000
BOSS19_P4B_SOURCE_BOUND_DEAL_V2,H3-C03-MAIN,XAUUSD,16388,PERIOD_H4,990001,990001,990001,2,383,44,45,383,386,2023.07.07 15:30:20,2023.07.07 15:30:40,1688743820000,1688743840000,2023-07-07T12:30:20Z,2023-07-07T12:30:40Z,COMPLETE,,0.01000000,0.01000000,1928.18,1919.69,0E-8,0E-8,0E-8,0E-8,0E-8,8.49000000,8.49000000
BOSS19_P4B_SOURCE_BOUND_DEAL_V2,H3-C03-MAIN,XAUUSD,16388,PERIOD_H4,990001,990001,990001,2,384,46,47,384,387,2023.07.07 18:03:20,2023.07.07 18:12:40,1688753000000,1688753560000,2023-07-07T15:03:20Z,2023-07-07T15:12:40Z,COMPLETE,,0.01000000,0.01000000,1934.83,1927.88,0E-8,0E-8,0E-8,0E-8,0E-8,6.95000000,6.95000000
BOSS19_P4B_SOURCE_BOUND_DEAL_V2,H3-C03-MAIN,XAUUSD,16388,PERIOD_H4,990001,990001,990001,2,388,48,53,388,393,2023.07.11 09:35:40,2023.07.18 14:16:40,1689068140000,1689689800000,2023-07-11T06:35:40Z,2023-07-18T11:16:40Z,COMPLETE,,0.01000000,0.01000000,1932.05,1972.02,0E-8,0E-8,0E-8,0E-8,-5.53000000,39.97000000,34.44000000
BOSS19_P4B_SOURCE_BOUND_DEAL_V2,H3-C03-MAIN,XAUUSD,16388,PERIOD_H4,990001,990001,990001,2,389,49,52,389,392,2023.07.12 04:44:40,2023.07.18 14:16:40,1689137080000,1689689800000,2023-07-12T01:44:40Z,2023-07-18T11:16:40Z,COMPLETE,,0.01000000,0.01000000,1938.72,1972.02,0E-8,0E-8,0E-8,0E-8,-4.74000000,33.30000000,28.56000000
BOSS19_P4B_SOURCE_BOUND_DEAL_V2,H3-C03-MAIN,XAUUSD,16388,PERIOD_H4,990001,990001,990001,2,390,50,51,390,391,2023.07.12 15:30:40,2023.07.18 14:16:40,1689175840000,1689689800000,2023-07-12T12:30:40Z,2023-07-18T11:16:40Z,COMPLETE,,0.02000000,0.02000000,1945.38,1972.02,0E-8,0E-8,0E-8,0E-8,-9.48000000,53.28000000,43.80000000
BOSS19_P4B_SOURCE_BOUND_DEAL_V2,H3-C03-MAIN,XAUUSD,16388,PERIOD_H4,990001,990001,990001,2,394,54,57,394,398,2023.07.18 17:09:40,2023.11.27 03:27:40,1689700180000,1701055660000,2023-07-18T14:09:40Z,2023-11-27T01:27:40Z,COMPLETE,,0.01000000,0.01000000,1977.00,2018.03,0E-8,0E-8,0E-8,0E-8,-104.28000000,41.03000000,-63.25000000
BOSS19_P4B_SOURCE_BOUND_DEAL_V2,H3-C03-MAIN,XAUUSD,16388,PERIOD_H4,990001,990001,990001,2,395,55,56,395,397,2023.07.18 17:42:40,2023.11.27 03:27:40,1689702160000,1701055660000,2023-07-18T14:42:40Z,2023-11-27T01:27:40Z,COMPLETE,,0.01000000,0.01000000,1983.03,2018.03,0E-8,0E-8,0E-8,0E-8,-104.28000000,35.00000000,-69.28000000
BOSS19_P4B_SOURCE_BOUND_DEAL_V2,H3-C03-MAIN,XAUUSD,16388,PERIOD_H4,990001,990001,990001,2,399,58,63,399,404,2023.11.28 16:16:40,2023.12.01 19:49:40,1701188200000,1701460180000,2023-11-28T14:16:40Z,2023-12-01T17:49:40Z,COMPLETE,,0.01000000,0.01000000,2025.04,2066.39,0E-8,0E-8,0E-8,0E-8,-3.95000000,41.35000000,37.40000000
BOSS19_P4B_SOURCE_BOUND_DEAL_V2,H3-C03-MAIN,XAUUSD,16388,PERIOD_H4,990001,990001,990001,2,400,59,62,400,403,2023.11.28 18:02:40,2023.12.01 19:49:40,1701194560000,1701460180000,2023-11-28T16:02:40Z,2023-12-01T17:49:40Z,COMPLETE,,0.01000000,0.01000000,2031.91,2066.39,0E-8,0E-8,0E-8,0E-8,-3.95000000,34.48000000,30.53000000
BOSS19_P4B_SOURCE_BOUND_DEAL_V2,H3-C03-MAIN,XAUUSD,16388,PERIOD_H4,990001,990001,990001,2,401,60,61,401,402,2023.11.28 18:45:40,2023.12.01 19:49:40,1701197140000,1701460180000,2023-11-28T16:45:40Z,2023-12-01T17:49:40Z,COMPLETE,,0.02000000,0.02000000,2038.77,2066.39,0E-8,0E-8,0E-8,0E-8,-7.90000000,55.24000000,47.34000000
BOSS19_P4B_SOURCE_BOUND_DEAL_V2,H3-C03-MAIN,XAUUSD,16388,PERIOD_H4,990001,990001,990001,2,405,64,69,405,410,2023.12.01 20:34:40,2023.12.04 01:23:40,1701462880000,1701653020000,2023-12-01T18:34:40Z,2023-12-03T23:23:40Z,COMPLETE,,0.01000000,0.01000000,2072.87,2123.75,0E-8,0E-8,0E-8,0E-8,-0.79000000,50.88000000,50.09000000
BOSS19_P4B_SOURCE_BOUND_DEAL_V2,H3-C03-MAIN,XAUUSD,16388,PERIOD_H4,990001,990001,990001,2,406,65,68,406,409,2023.12.04 01:16:40,2023.12.04 01:23:40,1701652600000,1701653020000,2023-12-03T23:16:40Z,2023-12-03T23:23:40Z,COMPLETE,,0.01000000,0.01000000,2079.39,2123.75,0E-8,0E-8,0E-8,0E-8,0E-8,44.36000000,44.36000000
BOSS19_P4B_SOURCE_BOUND_DEAL_V2,H3-C03-MAIN,XAUUSD,16388,PERIOD_H4,990001,990001,990001,2,407,66,67,407,408,2023.12.04 01:16:40,2023.12.04 01:23:40,1701652600000,1701653020000,2023-12-03T23:16:40Z,2023-12-03T23:23:40Z,COMPLETE,,0.02000000,0.02000000,2085.91,2123.75,0E-8,0E-8,0E-8,0E-8,0E-8,75.68000000,75.68000000
BOSS19_P4B_SOURCE_BOUND_DEAL_V2,H3-C03-MAIN,XAUUSD,16388,PERIOD_H4,990001,990001,990001,2,411,70,75,411,416,2023.12.04 01:26:40,2024.03.08 10:30:40,1701653200000,1709893840000,2023-12-03T23:26:40Z,2024-03-08T08:30:40Z,COMPLETE,,0.01000000,0.01000000,2125.43,2168.70,0E-8,0E-8,0E-8,0E-8,-76.63000000,43.27000000,-33.36000000
BOSS19_P4B_SOURCE_BOUND_DEAL_V2,H3-C03-MAIN,XAUUSD,16388,PERIOD_H4,990001,990001,990001,2,412,71,74,412,415,2023.12.04 01:27:40,2024.03.08 10:30:40,1701653260000,1709893840000,2023-12-03T23:27:40Z,2024-03-08T08:30:40Z,COMPLETE,,0.01000000,0.01000000,2132.11,2168.70,0E-8,0E-8,0E-8,0E-8,-76.63000000,36.59000000,-40.04000000
BOSS19_P4B_SOURCE_BOUND_DEAL_V2,H3-C03-MAIN,XAUUSD,16388,PERIOD_H4,990001,990001,990001,2,413,72,73,413,414,2023.12.04 01:27:40,2024.03.08 10:30:40,1701653260000,1709893840000,2023-12-03T23:27:40Z,2024-03-08T08:30:40Z,COMPLETE,,0.02000000,0.02000000,2138.79,2168.70,0E-8,0E-8,0E-8,0E-8,-153.26000000,59.82000000,-93.44000000
BOSS19_P4B_SOURCE_BOUND_DEAL_V2,H3-C03-MAIN,XAUUSD,16388,PERIOD_H4,990001,990001,990001,2,417,76,81,417,422,2024.03.08 15:31:40,2024.03.21 01:16:40,1709911900000,1710983800000,2024-03-08T13:31:40Z,2024-03-20T22:16:40Z,COMPLETE,,0.01000000,0.01000000,2173.47,2222.33,0E-8,0E-8,0E-8,0E-8,-10.27000000,48.86000000,38.59000000
BOSS19_P4B_SOURCE_BOUND_DEAL_V2,H3-C03-MAIN,XAUUSD,16388,PERIOD_H4,990001,990001,990001,2,418,77,80,418,421,2024.03.08 15:31:40,2024.03.21 01:16:40,1709911900000,1710983800000,2024-03-08T13:31:40Z,2024-03-20T22:16:40Z,COMPLETE,,0.01000000,0.01000000,2179.98,2222.33,0E-8,0E-8,0E-8,0E-8,-10.27000000,42.35000000,32.08000000
BOSS19_P4B_SOURCE_BOUND_DEAL_V2,H3-C03-MAIN,XAUUSD,16388,PERIOD_H4,990001,990001,990001,2,419,78,79,419,420,2024.03.08 19:04:40,2024.03.21 01:16:40,1709924680000,1710983800000,2024-03-08T17:04:40Z,2024-03-20T22:16:40Z,COMPLETE,,0.02000000,0.02000000,2186.50,2222.33,0E-8,0E-8,0E-8,0E-8,-20.54000000,71.66000000,51.12000000
BOSS19_P4B_SOURCE_BOUND_DEAL_V2,H3-C03-MAIN,XAUUSD,16388,PERIOD_H4,990001,990001,990001,2,423,82,87,423,428,2024.03.28 19:27:40,2024.04.02 16:48:40,1711654060000,1712076520000,2024-03-28T16:27:40Z,2024-04-02T13:48:40Z,COMPLETE,,0.01000000,0.01000000,2219.06,2266.87,0E-8,0E-8,0E-8,0E-8,-2.37000000,47.81000000,45.44000000
BOSS19_P4B_SOURCE_BOUND_DEAL_V2,H3-C03-MAIN,XAUUSD,16388,PERIOD_H4,990001,990001,990001,2,424,83,86,424,427,2024.03.28 23:49:40,2024.04.02 16:48:40,1711669780000,1712076520000,2024-03-28T20:49:40Z,2024-04-02T13:48:40Z,COMPLETE,,0.01000000,0.01000000,2225.88,2266.87,0E-8,0E-8,0E-8,0E-8,-2.37000000,40.99000000,38.62000000
BOSS19_P4B_SOURCE_BOUND_DEAL_V2,H3-C03-MAIN,XAUUSD,16388,PERIOD_H4,990001,990001,990001,2,425,84,85,425,426,2024.03.28 23:49:40,2024.04.02 16:48:40,1711669780000,1712076520000,2024-03-28T20:49:40Z,2024-04-02T13:48:40Z,COMPLETE,,0.02000000,0.02000000,2232.70,2266.87,0E-8,0E-8,0E-8,0E-8,-4.74000000,68.34000000,63.60000000
BOSS19_P4B_SOURCE_BOUND_DEAL_V2,H3-C03-MAIN,XAUUSD,16388,PERIOD_H4,990001,990001,990001,2,429,88,93,429,434,2024.04.02 17:24:40,2024.04.05 18:26:40,1712078680000,1712341600000,2024-04-02T14:24:40Z,2024-04-05T15:26:40Z,COMPLETE,,0.01000000,0.01000000,2274.92,2327.36,0E-8,0E-8,0E-8,0E-8,-3.95000000,52.44000000,48.49000000
BOSS19_P4B_SOURCE_BOUND_DEAL_V2,H3-C03-MAIN,XAUUSD,16388,PERIOD_H4,990001,990001,990001,2,430,89,92,430,433,2024.04.03 01:16:40,2024.04.05 18:26:40,1712107000000,1712341600000,2024-04-02T22:16:40Z,2024-04-05T15:26:40Z,COMPLETE,,0.01000000,0.01000000,2282.76,2327.36,0E-8,0E-8,0E-8,0E-8,-3.16000000,44.60000000,41.44000000
BOSS19_P4B_SOURCE_BOUND_DEAL_V2,H3-C03-MAIN,XAUUSD,16388,PERIOD_H4,990001,990001,990001,2,431,90,91,431,432,2024.04.03 19:23:40,2024.04.05 18:26:40,1712172220000,1712341600000,2024-04-03T16:23:40Z,2024-04-05T15:26:40Z,COMPLETE,,0.02000000,0.02000000,2290.61,2327.36,0E-8,0E-8,0E-8,0E-8,-6.32000000,73.50000000,67.18000000
BOSS19_P4B_SOURCE_BOUND_DEAL_V2,H3-C03-MAIN,XAUUSD,16388,PERIOD_H4,990001,990001,990001,2,435,94,99,435,440,2024.04.08 05:34:40,2024.04.12 10:09:40,1712554480000,1712916580000,2024-04-08T02:34:40Z,2024-04-12T07:09:40Z,COMPLETE,,0.01000000,0.01000000,2335.14,2398.15,0E-8,0E-8,0E-8,0E-8,-4.74000000,63.01000000,58.27000000
BOSS19_P4B_SOURCE_BOUND_DEAL_V2,H3-C03-MAIN,XAUUSD,16388,PERIOD_H4,990001,990001,990001,2,436,95,98,436,439,2024.04.08 05:37:40,2024.04.12 10:09:40,1712554660000,1712916580000,2024-04-08T02:37:40Z,2024-04-12T07:09:40Z,COMPLETE,,0.01000000,0.01000000,2343.54,2398.15,0E-8,0E-8,0E-8,0E-8,-4.74000000,54.61000000,49.87000000
BOSS19_P4B_SOURCE_BOUND_DEAL_V2,H3-C03-MAIN,XAUUSD,16388,PERIOD_H4,990001,990001,990001,2,437,96,97,437,438,2024.04.08 05:39:20,2024.04.12 10:09:40,1712554760000,1712916580000,2024-04-08T02:39:20Z,2024-04-12T07:09:40Z,COMPLETE,,0.02000000,0.02000000,2351.95,2398.15,0E-8,0E-8,0E-8,0E-8,-9.48000000,92.40000000,82.92000000
BOSS19_P4B_SOURCE_BOUND_DEAL_V2,H3-C03-MAIN,XAUUSD,16388,PERIOD_H4,990001,990001,990001,2,441,100,105,441,446,2024.04.12 17:03:40,2024.07.16 22:59:40,1712941420000,1721170780000,2024-04-12T14:03:40Z,2024-07-16T19:59:40Z,COMPLETE,,0.01000000,0.01000000,2407.68,2468.71,0E-8,0E-8,0E-8,0E-8,-73.47000000,61.03000000,-12.44000000
BOSS19_P4B_SOURCE_BOUND_DEAL_V2,H3-C03-MAIN,XAUUSD,16388,PERIOD_H4,990001,990001,990001,2,442,101,104,442,445,2024.04.12 17:15:40,2024.07.16 22:59:40,1712942140000,1721170780000,2024-04-12T14:15:40Z,2024-07-16T19:59:40Z,COMPLETE,,0.01000000,0.01000000,2417.67,2468.71,0E-8,0E-8,0E-8,0E-8,-73.47000000,51.04000000,-22.43000000
BOSS19_P4B_SOURCE_BOUND_DEAL_V2,H3-C03-MAIN,XAUUSD,16388,PERIOD_H4,990001,990001,990001,2,443,102,103,443,444,2024.04.12 17:58:40,2024.07.16 22:59:40,1712944720000,1721170780000,2024-04-12T14:58:40Z,2024-07-16T19:59:40Z,COMPLETE,,0.02000000,0.02000000,2427.65,2468.71,0E-8,0E-8,0E-8,0E-8,-146.94000000,82.12000000,-64.82000000
BOSS19_P4B_SOURCE_BOUND_DEAL_V2,H3-C03-MAIN,XAUUSD,16388,PERIOD_H4,990001,990001,990001,2,447,106,107,447,450,2024.07.17 04:41:40,2024.09.12 15:45:40,1721191300000,1726155940000,2024-07-17T01:41:40Z,2024-09-12T12:45:40Z,COMPLETE,,0.01000000,0.01000000,2478.25,2532.87,0E-8,0E-8,0E-8,0E-8,-46.61000000,54.62000000,8.01000000
BOSS19_P4B_SOURCE_BOUND_DEAL_V2,H3-C03-MAIN,XAUUSD,16388,PERIOD_H4,990001,990001,990001,2,451,108,113,451,456,2024.09.12 16:38:40,2024.09.20 09:50:40,1726159120000,1726825840000,2024-09-12T13:38:40Z,2024-09-20T06:50:40Z,COMPLETE,,0.01000000,0.01000000,2543.39,2605.01,0E-8,0E-8,0E-8,0E-8,-6.32000000,61.62000000,55.30000000
BOSS19_P4B_SOURCE_BOUND_DEAL_V2,H3-C03-MAIN,XAUUSD,16388,PERIOD_H4,990001,990001,990001,2,452,109,112,452,455,2024.09.12 17:46:40,2024.09.20 09:50:40,1726163200000,1726825840000,2024-09-12T14:46:40Z,2024-09-20T06:50:40Z,COMPLETE,,0.01000000,0.01000000,2553.87,2605.01,0E-8,0E-8,0E-8,0E-8,-6.32000000,51.14000000,44.82000000
BOSS19_P4B_SOURCE_BOUND_DEAL_V2,H3-C03-MAIN,XAUUSD,16388,PERIOD_H4,990001,990001,990001,2,453,110,111,453,454,2024.09.13 04:01:40,2024.09.20 09:50:40,1726200100000,1726825840000,2024-09-13T01:01:40Z,2024-09-20T06:50:40Z,COMPLETE,,0.02000000,0.02000000,2564.34,2605.01,0E-8,0E-8,0E-8,0E-8,-11.06000000,81.34000000,70.28000000
BOSS19_P4B_SOURCE_BOUND_DEAL_V2,H3-C03-MAIN,XAUUSD,16388,PERIOD_H4,990001,990001,990001,2,457,114,119,457,462,2024.09.20 14:00:40,2024.09.26 13:45:20,1726840840000,1727358320000,2024-09-20T11:00:40Z,2024-09-26T10:45:20Z,COMPLETE,,0.01000000,0.01000000,2614.51,2674.36,0E-8,0E-8,0E-8,0E-8,-4.74000000,59.85000000,55.11000000
BOSS19_P4B_SOURCE_BOUND_DEAL_V2,H3-C03-MAIN,XAUUSD,16388,PERIOD_H4,990001,990001,990001,2,458,115,118,458,461,2024.09.20 19:00:40,2024.09.26 13:45:20,1726858840000,1727358320000,2024-09-20T16:00:40Z,2024-09-26T10:45:20Z,COMPLETE,,0.01000000,0.01000000,2624.10,2674.36,0E-8,0E-8,0E-8,0E-8,-4.74000000,50.26000000,45.52000000
BOSS19_P4B_SOURCE_BOUND_DEAL_V2,H3-C03-MAIN,XAUUSD,16388,PERIOD_H4,990001,990001,990001,2,459,116,117,459,460,2024.09.23 16:54:40,2024.09.26 13:45:20,1727110480000,1727358320000,2024-09-23T13:54:40Z,2024-09-26T10:45:20Z,COMPLETE,,0.02000000,0.02000000,2633.68,2674.36,0E-8,0E-8,0E-8,0E-8,-7.90000000,81.36000000,73.46000000
BOSS19_P4B_SOURCE_BOUND_DEAL_V2,H3-C03-MAIN,XAUUSD,16388,PERIOD_H4,990001,990001,990001,2,463,120,121,463,466,2024.09.26 14:39:40,2024.10.21 05:28:40,1727361580000,1729488520000,2024-09-26T11:39:40Z,2024-10-21T02:28:40Z,COMPLETE,,0.01000000,0.01000000,2683.06,2729.77,0E-8,0E-8,0E-8,0E-8,-18.17000000,46.71000000,28.54000000
BOSS19_P4B_SOURCE_BOUND_DEAL_V2,H3-C03-MAIN,XAUUSD,16388,PERIOD_H4,990001,990001,990001,2,467,122,127,467,472,2024.10.21 15:30:20,2025.01.30 17:56:40,1729524620000,1738259800000,2024-10-21T12:30:20Z,2025-01-30T15:56:40Z,COMPLETE,,0.01000000,0.01000000,2739.26,2796.73,0E-8,0E-8,0E-8,0E-8,-81.37000000,57.47000000,-23.90000000
BOSS19_P4B_SOURCE_BOUND_DEAL_V2,H3-C03-MAIN,XAUUSD,16388,PERIOD_H4,990001,990001,990001,2,468,123,126,468,471,2024.10.22 22:58:40,2025.01.30 17:56:40,1729637920000,1738259800000,2024-10-22T19:58:40Z,2025-01-30T15:56:40Z,COMPLETE,,0.01000000,0.01000000,2748.56,2796.73,0E-8,0E-8,0E-8,0E-8,-80.58000000,48.17000000,-32.41000000
BOSS19_P4B_SOURCE_BOUND_DEAL_V2,H3-C03-MAIN,XAUUSD,16388,PERIOD_H4,990001,990001,990001,2,469,124,125,469,470,2024.10.23 11:31:40,2025.01.30 17:56:40,1729683100000,1738259800000,2024-10-23T08:31:40Z,2025-01-30T15:56:40Z,COMPLETE,,0.02000000,0.02000000,2757.86,2796.73,0E-8,0E-8,0E-8,0E-8,-159.58000000,77.74000000,-81.84000000
BOSS19_P4B_SOURCE_BOUND_DEAL_V2,H3-C03-MAIN,XAUUSD,16388,PERIOD_H4,990001,990001,990001,2,473,128,133,473,478,2025.01.31 14:19:40,2025.02.05 08:24:40,1738333180000,1738743880000,2025-01-31T12:19:40Z,2025-02-05T06:24:40Z,COMPLETE,,0.01000000,0.01000000,2804.82,2861.46,0E-8,0E-8,0E-8,0E-8,-2.37000000,56.64000000,54.27000000
BOSS19_P4B_SOURCE_BOUND_DEAL_V2,H3-C03-MAIN,XAUUSD,16388,PERIOD_H4,990001,990001,990001,2,474,129,132,474,477,2025.01.31 17:05:40,2025.02.05 08:24:40,1738343140000,1738743880000,2025-01-31T15:05:40Z,2025-02-05T06:24:40Z,COMPLETE,,0.01000000,0.01000000,2813.97,2861.46,0E-8,0E-8,0E-8,0E-8,-2.37000000,47.49000000,45.12000000
BOSS19_P4B_SOURCE_BOUND_DEAL_V2,H3-C03-MAIN,XAUUSD,16388,PERIOD_H4,990001,990001,990001,2,475,130,131,475,476,2025.02.03 16:47:40,2025.02.05 08:24:40,1738601260000,1738743880000,2025-02-03T14:47:40Z,2025-02-05T06:24:40Z,COMPLETE,,0.02000000,0.02000000,2823.12,2861.46,0E-8,0E-8,0E-8,0E-8,-3.16000000,76.68000000,73.52000000
BOSS19_P4B_SOURCE_BOUND_DEAL_V2,H3-C03-MAIN,XAUUSD,16388,PERIOD_H4,990001,990001,990001,2,479,134,139,479,484,2025.02.05 11:24:40,2025.02.11 03:13:40,1738754680000,1739243620000,2025-02-05T09:24:40Z,2025-02-11T01:13:40Z,COMPLETE,,0.01000000,0.01000000,2870.38,2931.20,0E-8,0E-8,0E-8,0E-8,-4.74000000,60.82000000,56.08000000
BOSS19_P4B_SOURCE_BOUND_DEAL_V2,H3-C03-MAIN,XAUUSD,16388,PERIOD_H4,990001,990001,990001,2,480,135,138,480,483,2025.02.05 17:46:40,2025.02.11 03:13:40,1738777600000,1739243620000,2025-02-05T15:46:40Z,2025-02-11T01:13:40Z,COMPLETE,,0.01000000,0.01000000,2879.38,2931.20,0E-8,0E-8,0E-8,0E-8,-4.74000000,51.82000000,47.08000000
BOSS19_P4B_SOURCE_BOUND_DEAL_V2,H3-C03-MAIN,XAUUSD,16388,PERIOD_H4,990001,990001,990001,2,481,136,137,481,482,2025.02.10 08:46:40,2025.02.11 03:13:40,1739177200000,1739243620000,2025-02-10T06:46:40Z,2025-02-11T01:13:40Z,COMPLETE,,0.02000000,0.02000000,2888.37,2931.20,0E-8,0E-8,0E-8,0E-8,-1.58000000,85.66000000,84.08000000
BOSS19_P4B_SOURCE_BOUND_DEAL_V2,H3-C03-MAIN,XAUUSD,16388,PERIOD_H4,990001,990001,990001,2,485,140,143,485,489,2025.02.11 04:13:40,2025.03.18 04:56:40,1739247220000,1742273800000,2025-02-11T02:13:40Z,2025-03-18T01:56:40Z,COMPLETE,,0.01000000,0.01000000,2940.98,3006.87,0E-8,0E-8,0E-8,0E-8,-27.65000000,65.89000000,38.24000000
BOSS19_P4B_SOURCE_BOUND_DEAL_V2,H3-C03-MAIN,XAUUSD,16388,PERIOD_H4,990001,990001,990001,2,486,141,142,486,488,2025.02.20 09:33:40,2025.03.18 04:56:40,1740044020000,1742273800000,2025-02-20T07:33:40Z,2025-03-18T01:56:40Z,COMPLETE,,0.01000000,0.01000000,2950.76,3006.87,0E-8,0E-8,0E-8,0E-8,-18.96000000,56.11000000,37.15000000
BOSS19_P4B_SOURCE_BOUND_DEAL_V2,H3-C03-MAIN,XAUUSD,16388,PERIOD_H4,990001,990001,990001,2,490,144,149,490,495,2025.03.18 10:19:20,2025.03.31 01:05:00,1742293160000,1743383100000,2025-03-18T07:19:20Z,2025-03-30T22:05:00Z,COMPLETE,,0.01000000,0.01000000,3019.12,3092.28,0E-8,0E-8,0E-8,0E-8,-10.27000000,73.16000000,62.89000000
BOSS19_P4B_SOURCE_BOUND_DEAL_V2,H3-C03-MAIN,XAUUSD,16388,PERIOD_H4,990001,990001,990001,2,491,145,148,491,494,2025.03.18 15:13:20,2025.03.31 01:05:00,1742310800000,1743383100000,2025-03-18T12:13:20Z,2025-03-30T22:05:00Z,COMPLETE,,0.01000000,0.01000000,3031.32,3092.28,0E-8,0E-8,0E-8,0E-8,-10.27000000,60.96000000,50.69000000
BOSS19_P4B_SOURCE_BOUND_DEAL_V2,H3-C03-MAIN,XAUUSD,16388,PERIOD_H4,990001,990001,990001,2,492,146,147,492,493,2025.03.19 08:55:40,2025.03.31 01:05:00,1742374540000,1743383100000,2025-03-19T05:55:40Z,2025-03-30T22:05:00Z,COMPLETE,,0.02000000,0.02000000,3043.51,3092.28,0E-8,0E-8,0E-8,0E-8,-18.96000000,97.54000000,78.58000000
BOSS19_P4B_SOURCE_BOUND_DEAL_V2,H3-C03-MAIN,XAUUSD,16388,PERIOD_H4,990001,990001,990001,2,496,150,155,496,501,2025.03.31 05:22:40,2025.04.11 03:21:40,1743398560000,1744341700000,2025-03-31T02:22:40Z,2025-04-11T00:21:40Z,COMPLETE,,0.01000000,0.01000000,3103.27,3196.91,0E-8,0E-8,0E-8,0E-8,-10.27000000,93.64000000,83.37000000
BOSS19_P4B_SOURCE_BOUND_DEAL_V2,H3-C03-MAIN,XAUUSD,16388,PERIOD_H4,990001,990001,990001,2,497,151,154,497,500,2025.03.31 07:51:40,2025.04.11 03:21:40,1743407500000,1744341700000,2025-03-31T04:51:40Z,2025-04-11T00:21:40Z,COMPLETE,,0.01000000,0.01000000,3114.45,3196.91,0E-8,0E-8,0E-8,0E-8,-10.27000000,82.46000000,72.19000000
BOSS19_P4B_SOURCE_BOUND_DEAL_V2,H3-C03-MAIN,XAUUSD,16388,PERIOD_H4,990001,990001,990001,2,498,152,153,498,499,2025.03.31 09:13:40,2025.04.11 03:21:40,1743412420000,1744341700000,2025-03-31T06:13:40Z,2025-04-11T00:21:40Z,COMPLETE,,0.02000000,0.02000000,3125.63,3196.91,0E-8,0E-8,0E-8,0E-8,-20.54000000,142.56000000,122.02000000
BOSS19_P4B_SOURCE_BOUND_DEAL_V2,H3-C03-MAIN,XAUUSD,16388,PERIOD_H4,990001,990001,990001,2,502,156,161,502,507,2025.04.11 03:41:40,2025.04.16 11:03:40,1744342900000,1744801420000,2025-04-11T00:41:40Z,2025-04-16T08:03:40Z,COMPLETE,,0.01000000,0.01000000,3209.93,3305.80,0E-8,0E-8,0E-8,0E-8,-2.37000000,95.87000000,93.50000000
BOSS19_P4B_SOURCE_BOUND_DEAL_V2,H3-C03-MAIN,XAUUSD,16388,PERIOD_H4,990001,990001,990001,2,503,157,160,503,506,2025.04.11 11:23:40,2025.04.16 11:03:40,1744370620000,1744801420000,2025-04-11T08:23:40Z,2025-04-16T08:03:40Z,COMPLETE,,0.01000000,0.01000000,3225.09,3305.80,0E-8,0E-8,0E-8,0E-8,-2.37000000,80.71000000,78.34000000
BOSS19_P4B_SOURCE_BOUND_DEAL_V2,H3-C03-MAIN,XAUUSD,16388,PERIOD_H4,990001,990001,990001,2,504,158,159,504,505,2025.04.11 16:32:40,2025.04.16 11:03:40,1744389160000,1744801420000,2025-04-11T13:32:40Z,2025-04-16T08:03:40Z,COMPLETE,,0.02000000,0.02000000,3240.24,3305.80,0E-8,0E-8,0E-8,0E-8,-4.74000000,131.12000000,126.38000000
BOSS19_P4B_SOURCE_BOUND_DEAL_V2,H3-C03-MAIN,XAUUSD,16388,PERIOD_H4,990001,990001,990001,2,508,162,167,508,513,2025.04.16 18:41:40,2025.04.21 16:04:40,1744828900000,1745251480000,2025-04-16T15:41:40Z,2025-04-21T13:04:40Z,COMPLETE,,0.01000000,0.01000000,3321.23,3422.57,0E-8,0E-8,0E-8,0E-8,-3.95000000,101.34000000,97.39000000
BOSS19_P4B_SOURCE_BOUND_DEAL_V2,H3-C03-MAIN,XAUUSD,16388,PERIOD_H4,990001,990001,990001,2,509,163,166,509,512,2025.04.16 21:22:40,2025.04.21 16:04:40,1744838560000,1745251480000,2025-04-16T18:22:40Z,2025-04-21T13:04:40Z,COMPLETE,,0.01000000,0.01000000,3336.47,3422.57,0E-8,0E-8,0E-8,0E-8,-3.95000000,86.10000000,82.15000000
BOSS19_P4B_SOURCE_BOUND_DEAL_V2,H3-C03-MAIN,XAUUSD,16388,PERIOD_H4,990001,990001,990001,2,510,164,165,510,511,2025.04.17 01:05:40,2025.04.21 16:04:40,1744851940000,1745251480000,2025-04-16T22:05:40Z,2025-04-21T13:04:40Z,COMPLETE,,0.02000000,0.02000000,3351.72,3422.57,0E-8,0E-8,0E-8,0E-8,-3.16000000,141.70000000,138.54000000
BOSS19_P4B_SOURCE_BOUND_DEAL_V2,H3-C03-MAIN,XAUUSD,16388,PERIOD_H4,990001,990001,990001,2,514,168,173,514,519,2025.04.22 02:17:40,2025.09.02 18:58:40,1745288260000,1756839520000,2025-04-21T23:17:40Z,2025-09-02T15:58:40Z,COMPLETE,,0.01000000,0.01000000,3437.66,3520.16,0E-8,0E-8,0E-8,0E-8,-105.07000000,82.50000000,-22.57000000
BOSS19_P4B_SOURCE_BOUND_DEAL_V2,H3-C03-MAIN,XAUUSD,16388,PERIOD_H4,990001,990001,990001,2,515,169,172,515,518,2025.04.22 04:45:40,2025.09.02 18:58:40,1745297140000,1756839520000,2025-04-22T01:45:40Z,2025-09-02T15:58:40Z,COMPLETE,,0.01000000,0.01000000,3454.07,3520.16,0E-8,0E-8,0E-8,0E-8,-105.07000000,66.09000000,-38.98000000
BOSS19_P4B_SOURCE_BOUND_DEAL_V2,H3-C03-MAIN,XAUUSD,16388,PERIOD_H4,990001,990001,990001,2,516,170,171,516,517,2025.04.22 05:45:40,2025.09.02 18:58:40,1745300740000,1756839520000,2025-04-22T02:45:40Z,2025-09-02T15:58:40Z,COMPLETE,,0.02000000,0.02000000,3470.49,3520.16,0E-8,0E-8,0E-8,0E-8,-210.14000000,99.34000000,-110.80000000
BOSS19_P4B_SOURCE_BOUND_DEAL_V2,H3-C03-MAIN,XAUUSD,16388,PERIOD_H4,990001,990001,990001,2,520,174,179,520,525,2025.09.02 21:38:40,2025.09.08 10:32:40,1756849120000,1757327560000,2025-09-02T18:38:40Z,2025-09-08T07:32:40Z,COMPLETE,,0.01000000,0.01000000,3532.48,3611.40,0E-8,0E-8,0E-8,0E-8,-4.74000000,78.92000000,74.18000000
BOSS19_P4B_SOURCE_BOUND_DEAL_V2,H3-C03-MAIN,XAUUSD,16388,PERIOD_H4,990001,990001,990001,2,521,175,178,521,524,2025.09.03 03:25:20,2025.09.08 10:32:40,1756869920000,1757327560000,2025-09-03T00:25:20Z,2025-09-08T07:32:40Z,COMPLETE,,0.01000000,0.01000000,3544.73,3611.40,0E-8,0E-8,0E-8,0E-8,-3.95000000,66.67000000,62.72000000
BOSS19_P4B_SOURCE_BOUND_DEAL_V2,H3-C03-MAIN,XAUUSD,16388,PERIOD_H4,990001,990001,990001,2,522,176,177,522,523,2025.09.03 16:14:40,2025.09.08 10:32:40,1756916080000,1757327560000,2025-09-03T13:14:40Z,2025-09-08T07:32:40Z,COMPLETE,,0.02000000,0.02000000,3556.98,3611.40,0E-8,0E-8,0E-8,0E-8,-7.90000000,108.84000000,100.94000000
BOSS19_P4B_SOURCE_BOUND_DEAL_V2,H3-C03-MAIN,XAUUSD,16388,PERIOD_H4,990001,990001,990001,2,526,180,185,526,531,2025.09.08 15:54:40,2025.09.16 17:17:40,1757346880000,1758043060000,2025-09-08T12:54:40Z,2025-09-16T14:17:40Z,COMPLETE,,0.01000000,0.01000000,3624.05,3702.53,0E-8,0E-8,0E-8,0E-8,-6.32000000,78.48000000,72.16000000
BOSS19_P4B_SOURCE_BOUND_DEAL_V2,H3-C03-MAIN,XAUUSD,16388,PERIOD_H4,990001,990001,990001,2,527,181,184,527,530,2025.09.08 16:50:40,2025.09.16 17:17:40,1757350240000,1758043060000,2025-09-08T13:50:40Z,2025-09-16T14:17:40Z,COMPLETE,,0.01000000,0.01000000,3636.64,3702.53,0E-8,0E-8,0E-8,0E-8,-6.32000000,65.89000000,59.57000000
BOSS19_P4B_SOURCE_BOUND_DEAL_V2,H3-C03-MAIN,XAUUSD,16388,PERIOD_H4,990001,990001,990001,2,528,182,183,528,529,2025.09.09 05:08:40,2025.09.16 17:17:40,1757394520000,1758043060000,2025-09-09T02:08:40Z,2025-09-16T14:17:40Z,COMPLETE,,0.02000000,0.02000000,3649.24,3702.53,0E-8,0E-8,0E-8,0E-8,-11.06000000,106.58000000,95.52000000
BOSS19_P4B_SOURCE_BOUND_DEAL_V2,H3-C03-MAIN,XAUUSD,16388,PERIOD_H4,990001,990001,990001,2,532,186,191,532,537,2025.09.22 09:38:40,2025.09.29 05:21:40,1758533920000,1759123300000,2025-09-22T06:38:40Z,2025-09-29T02:21:40Z,COMPLETE,,0.01000000,0.01000000,3713.87,3798.55,0E-8,0E-8,0E-8,0E-8,-5.53000000,84.68000000,79.15000000
BOSS19_P4B_SOURCE_BOUND_DEAL_V2,H3-C03-MAIN,XAUUSD,16388,PERIOD_H4,990001,990001,990001,2,533,187,190,533,536,2025.09.22 12:23:40,2025.09.29 05:21:40,1758543820000,1759123300000,2025-09-22T09:23:40Z,2025-09-29T02:21:40Z,COMPLETE,,0.01000000,0.01000000,3726.23,3798.55,0E-8,0E-8,0E-8,0E-8,-5.53000000,72.32000000,66.79000000
BOSS19_P4B_SOURCE_BOUND_DEAL_V2,H3-C03-MAIN,XAUUSD,16388,PERIOD_H4,990001,990001,990001,2,534,188,189,534,535,2025.09.22 19:11:20,2025.09.29 05:21:40,1758568280000,1759123300000,2025-09-22T16:11:20Z,2025-09-29T02:21:40Z,COMPLETE,,0.02000000,0.02000000,3738.59,3798.55,0E-8,0E-8,0E-8,0E-8,-11.06000000,119.92000000,108.86000000
BOSS19_P4B_SOURCE_BOUND_DEAL_V2,H3-C03-MAIN,XAUUSD,16388,PERIOD_H4,990001,990001,990001,2,538,192,197,538,543,2025.09.29 08:05:40,2025.10.06 01:59:40,1759133140000,1759715980000,2025-09-29T05:05:40Z,2025-10-05T22:59:40Z,COMPLETE,,0.01000000,0.01000000,3809.64,3903.64,0E-8,0E-8,0E-8,0E-8,-5.53000000,94.00000000,88.47000000
BOSS19_P4B_SOURCE_BOUND_DEAL_V2,H3-C03-MAIN,XAUUSD,16388,PERIOD_H4,990001,990001,990001,2,539,193,196,539,542,2025.09.29 14:18:40,2025.10.06 01:59:40,1759155520000,1759715980000,2025-09-29T11:18:40Z,2025-10-05T22:59:40Z,COMPLETE,,0.01000000,0.01000000,3823.42,3903.64,0E-8,0E-8,0E-8,0E-8,-5.53000000,80.22000000,74.69000000
BOSS19_P4B_SOURCE_BOUND_DEAL_V2,H3-C03-MAIN,XAUUSD,16388,PERIOD_H4,990001,990001,990001,2,540,194,195,540,541,2025.09.30 03:05:40,2025.10.06 01:59:40,1759201540000,1759715980000,2025-09-30T00:05:40Z,2025-10-05T22:59:40Z,COMPLETE,,0.02000000,0.02000000,3837.21,3903.64,0E-8,0E-8,0E-8,0E-8,-9.48000000,132.86000000,123.38000000
BOSS19_P4B_SOURCE_BOUND_DEAL_V2,H3-C03-MAIN,XAUUSD,16388,PERIOD_H4,990001,990001,990001,2,544,198,203,544,549,2025.10.06 02:04:40,2025.10.08 06:07:20,1759716280000,1759903640000,2025-10-05T23:04:40Z,2025-10-08T03:07:20Z,COMPLETE,,0.01000000,0.01000000,3915.75,4014.38,0E-8,0E-8,0E-8,0E-8,-1.58000000,98.63000000,97.05000000
BOSS19_P4B_SOURCE_BOUND_DEAL_V2,H3-C03-MAIN,XAUUSD,16388,PERIOD_H4,990001,990001,990001,2,545,199,202,545,548,2025.10.06 06:47:40,2025.10.08 06:07:20,1759733260000,1759903640000,2025-10-06T03:47:40Z,2025-10-08T03:07:20Z,COMPLETE,,0.01000000,0.01000000,3930.90,4014.38,0E-8,0E-8,0E-8,0E-8,-1.58000000,83.48000000,81.90000000
BOSS19_P4B_SOURCE_BOUND_DEAL_V2,H3-C03-MAIN,XAUUSD,16388,PERIOD_H4,990001,990001,990001,2,546,200,201,546,547,2025.10.06 11:02:20,2025.10.08 06:07:20,1759748540000,1759903640000,2025-10-06T08:02:20Z,2025-10-08T03:07:20Z,COMPLETE,,0.02000000,0.02000000,3946.06,4014.38,0E-8,0E-8,0E-8,0E-8,-3.16000000,136.64000000,133.48000000
BOSS19_P4B_SOURCE_BOUND_DEAL_V2,H3-C03-MAIN,XAUUSD,16388,PERIOD_H4,990001,990001,990001,2,550,204,209,550,555,2025.10.08 08:05:40,2025.10.14 04:12:40,1759910740000,1760415160000,2025-10-08T05:05:40Z,2025-10-14T01:12:40Z,COMPLETE,,0.01000000,0.01000000,4029.52,4140.77,0E-8,0E-8,0E-8,0E-8,-4.74000000,111.25000000,106.51000000
BOSS19_P4B_SOURCE_BOUND_DEAL_V2,H3-C03-MAIN,XAUUSD,16388,PERIOD_H4,990001,990001,990001,2,551,205,208,551,554,2025.10.08 12:53:40,2025.10.14 04:12:40,1759928020000,1760415160000,2025-10-08T09:53:40Z,2025-10-14T01:12:40Z,COMPLETE,,0.01000000,0.01000000,4045.45,4140.77,0E-8,0E-8,0E-8,0E-8,-4.74000000,95.32000000,90.58000000
BOSS19_P4B_SOURCE_BOUND_DEAL_V2,H3-C03-MAIN,XAUUSD,16388,PERIOD_H4,990001,990001,990001,2,552,206,207,552,553,2025.10.13 08:04:40,2025.10.14 04:12:40,1760342680000,1760415160000,2025-10-13T05:04:40Z,2025-10-14T01:12:40Z,COMPLETE,,0.02000000,0.02000000,4061.37,4140.77,0E-8,0E-8,0E-8,0E-8,-1.58000000,158.80000000,157.22000000
BOSS19_P4B_SOURCE_BOUND_DEAL_V2,H3-C03-MAIN,XAUUSD,16388,PERIOD_H4,990001,990001,990001,2,556,210,215,556,561,2025.10.14 06:17:20,2025.10.16 18:29:40,1760422640000,1760639380000,2025-10-14T03:17:20Z,2025-10-16T15:29:40Z,COMPLETE,,0.01000000,0.01000000,4158.02,4273.20,0E-8,0E-8,0E-8,0E-8,-3.16000000,115.18000000,112.02000000
BOSS19_P4B_SOURCE_BOUND_DEAL_V2,H3-C03-MAIN,XAUUSD,16388,PERIOD_H4,990001,990001,990001,2,557,211,214,557,560,2025.10.14 08:08:40,2025.10.16 18:29:40,1760429320000,1760639380000,2025-10-14T05:08:40Z,2025-10-16T15:29:40Z,COMPLETE,,0.01000000,0.01000000,4176.03,4273.20,0E-8,0E-8,0E-8,0E-8,-3.16000000,97.17000000,94.01000000
BOSS19_P4B_SOURCE_BOUND_DEAL_V2,H3-C03-MAIN,XAUUSD,16388,PERIOD_H4,990001,990001,990001,2,558,212,213,558,559,2025.10.15 09:43:40,2025.10.16 18:29:40,1760521420000,1760639380000,2025-10-15T06:43:40Z,2025-10-16T15:29:40Z,COMPLETE,,0.02000000,0.02000000,4194.05,4273.20,0E-8,0E-8,0E-8,0E-8,-4.74000000,158.30000000,153.56000000
BOSS19_P4B_SOURCE_BOUND_DEAL_V2,H3-C03-MAIN,XAUUSD,16388,PERIOD_H4,990001,990001,990001,2,562,216,221,562,567,2025.10.16 19:28:00,2025.12.22 15:09:20,1760642880000,1766416160000,2025-10-16T16:28:00Z,2025-12-22T13:09:20Z,COMPLETE,,0.01000000,0.01000000,4290.80,4422.29,0E-8,0E-8,0E-8,0E-8,-51.35000000,131.49000000,80.14000000
BOSS19_P4B_SOURCE_BOUND_DEAL_V2,H3-C03-MAIN,XAUUSD,16388,PERIOD_H4,990001,990001,990001,2,563,217,220,563,566,2025.10.16 22:55:40,2025.12.22 15:09:20,1760655340000,1766416160000,2025-10-16T19:55:40Z,2025-12-22T13:09:20Z,COMPLETE,,0.01000000,0.01000000,4309.27,4422.29,0E-8,0E-8,0E-8,0E-8,-51.35000000,113.02000000,61.67000000
BOSS19_P4B_SOURCE_BOUND_DEAL_V2,H3-C03-MAIN,XAUUSD,16388,PERIOD_H4,990001,990001,990001,2,564,218,219,564,565,2025.10.16 23:53:40,2025.12.22 15:09:20,1760658820000,1766416160000,2025-10-16T20:53:40Z,2025-12-22T13:09:20Z,COMPLETE,,0.02000000,0.02000000,4327.74,4422.29,0E-8,0E-8,0E-8,0E-8,-102.70000000,189.10000000,86.40000000
BOSS19_P4B_SOURCE_BOUND_DEAL_V2,H3-C03-MAIN,XAUUSD,16388,PERIOD_H4,990001,990001,0,2,568,222,227,568,573,2025.12.22 18:31:20,2025.12.30 23:59:59,1766428280000,1767139199000,2025-12-22T16:31:20Z,2025-12-30T21:59:59Z,COMPLETE,,0.01000000,0.01000000,4442.31,4338.17,0E-8,0E-8,0E-8,0E-8,-6.32000000,-104.14000000,-110.46000000
BOSS19_P4B_SOURCE_BOUND_DEAL_V2,H3-C03-MAIN,XAUUSD,16388,PERIOD_H4,990001,990001,0,2,569,223,226,569,572,2025.12.23 02:07:40,2025.12.30 23:59:59,1766455660000,1767139199000,2025-12-23T00:07:40Z,2025-12-30T21:59:59Z,COMPLETE,,0.01000000,0.01000000,4463.95,4338.17,0E-8,0E-8,0E-8,0E-8,-5.53000000,-125.78000000,-131.31000000
BOSS19_P4B_SOURCE_BOUND_DEAL_V2,H3-C03-MAIN,XAUUSD,16388,PERIOD_H4,990001,990001,0,2,570,224,225,570,571,2025.12.23 03:11:40,2025.12.30 23:59:59,1766459500000,1767139199000,2025-12-23T01:11:40Z,2025-12-30T21:59:59Z,COMPLETE,,0.02000000,0.02000000,4485.59,4338.17,0E-8,0E-8,0E-8,0E-8,-11.06000000,-294.84000000,-305.90000000
BOSS19_P4B_SOURCE_BOUND_DEAL_V2,H3-C03-BWD,XAUUSD,16388,PERIOD_H4,990001,990001,990001,2,2,2,7,2,7,2020.01.02 14:50:40,2020.01.03 10:01:20,1577976640000,1578045680000,2020-01-02T12:50:40Z,2020-01-03T08:01:20Z,COMPLETE,,0.01000000,0.01000000,1523.63,1545.34,0E-8,0E-8,0E-8,0E-8,-0.79000000,21.71000000,20.92000000
BOSS19_P4B_SOURCE_BOUND_DEAL_V2,H3-C03-BWD,XAUUSD,16388,PERIOD_H4,990001,990001,990001,2,3,3,6,3,6,2020.01.02 15:51:40,2020.01.03 10:01:20,1577980300000,1578045680000,2020-01-02T13:51:40Z,2020-01-03T08:01:20Z,COMPLETE,,0.01000000,0.01000000,1527.06,1545.34,0E-8,0E-8,0E-8,0E-8,-0.79000000,18.28000000,17.49000000
BOSS19_P4B_SOURCE_BOUND_DEAL_V2,H3-C03-BWD,XAUUSD,16388,PERIOD_H4,990001,990001,990001,2,4,4,5,4,5,2020.01.02 16:37:40,2020.01.03 10:01:20,1577983060000,1578045680000,2020-01-02T14:37:40Z,2020-01-03T08:01:20Z,COMPLETE,,0.02000000,0.02000000,1530.49,1545.34,0E-8,0E-8,0E-8,0E-8,-1.58000000,29.70000000,28.12000000
BOSS19_P4B_SOURCE_BOUND_DEAL_V2,H3-C03-BWD,XAUUSD,16388,PERIOD_H4,990001,990001,990001,2,8,8,13,8,13,2020.01.03 11:28:00,2020.01.06 01:05:00,1578050880000,1578272700000,2020-01-03T09:28:00Z,2020-01-05T23:05:00Z,COMPLETE,,0.01000000,0.01000000,1547.62,1576.45,0E-8,0E-8,0E-8,0E-8,-0.79000000,28.83000000,28.04000000
BOSS19_P4B_SOURCE_BOUND_DEAL_V2,H3-C03-BWD,XAUUSD,16388,PERIOD_H4,990001,990001,990001,2,9,9,12,9,12,2020.01.03 13:43:40,2020.01.06 01:05:00,1578059020000,1578272700000,2020-01-03T11:43:40Z,2020-01-05T23:05:00Z,COMPLETE,,0.01000000,0.01000000,1551.08,1576.45,0E-8,0E-8,0E-8,0E-8,-0.79000000,25.37000000,24.58000000
BOSS19_P4B_SOURCE_BOUND_DEAL_V2,H3-C03-BWD,XAUUSD,16388,PERIOD_H4,990001,990001,990001,2,10,10,11,10,11,2020.01.06 01:05:00,2020.01.06 01:05:00,1578272700000,1578272700000,2020-01-05T23:05:00Z,2020-01-05T23:05:00Z,COMPLETE,,0.02000000,0.02000000,1554.55,1576.45,0E-8,0E-8,0E-8,0E-8,0E-8,43.80000000,43.80000000
BOSS19_P4B_SOURCE_BOUND_DEAL_V2,H3-C03-BWD,XAUUSD,16388,PERIOD_H4,990001,990001,990001,2,14,14,19,14,19,2020.01.06 01:05:40,2020.01.08 02:17:40,1578272740000,1578449860000,2020-01-05T23:05:40Z,2020-01-08T00:17:40Z,COMPLETE,,0.01000000,0.01000000,1580.19,1604.28,0E-8,0E-8,0E-8,0E-8,-1.58000000,24.09000000,22.51000000
BOSS19_P4B_SOURCE_BOUND_DEAL_V2,H3-C03-BWD,XAUUSD,16388,PERIOD_H4,990001,990001,990001,2,15,15,18,15,18,2020.01.08 01:22:40,2020.01.08 02:17:40,1578446560000,1578449860000,2020-01-07T23:22:40Z,2020-01-08T00:17:40Z,COMPLETE,,0.01000000,0.01000000,1583.78,1604.28,0E-8,0E-8,0E-8,0E-8,0E-8,20.50000000,20.50000000
BOSS19_P4B_SOURCE_BOUND_DEAL_V2,H3-C03-BWD,XAUUSD,16388,PERIOD_H4,990001,990001,990001,2,16,16,17,16,17,2020.01.08 01:23:40,2020.01.08 02:17:40,1578446620000,1578449860000,2020-01-07T23:23:40Z,2020-01-08T00:17:40Z,COMPLETE,,0.02000000,0.02000000,1587.38,1604.28,0E-8,0E-8,0E-8,0E-8,0E-8,33.80000000,33.80000000
BOSS19_P4B_SOURCE_BOUND_DEAL_V2,H3-C03-BWD,XAUUSD,16388,PERIOD_H4,990001,990001,990001,2,20,20,21,20,23,2020.01.08 02:25:40,2020.02.21 08:34:40,1578450340000,1582274080000,2020-01-08T00:25:40Z,2020-02-21T06:34:40Z,COMPLETE,,0.01000000,0.01000000,1608.38,1631.18,0E-8,0E-8,0E-8,0E-8,-36.34000000,22.80000000,-13.54000000
BOSS19_P4B_SOURCE_BOUND_DEAL_V2,H3-C03-BWD,XAUUSD,16388,PERIOD_H4,990001,990001,990001,2,24,22,27,24,29,2020.02.21 10:07:40,2020.02.24 01:10:40,1582279660000,1582506640000,2020-02-21T08:07:40Z,2020-02-23T23:10:40Z,COMPLETE,,0.01000000,0.01000000,1635.79,1664.64,0E-8,0E-8,0E-8,0E-8,-0.79000000,28.85000000,28.06000000
BOSS19_P4B_SOURCE_BOUND_DEAL_V2,H3-C03-BWD,XAUUSD,16388,PERIOD_H4,990001,990001,990001,2,25,23,26,25,28,2020.02.21 15:16:40,2020.02.24 01:10:40,1582298200000,1582506640000,2020-02-21T13:16:40Z,2020-02-23T23:10:40Z,COMPLETE,,0.01000000,0.01000000,1640.28,1664.64,0E-8,0E-8,0E-8,0E-8,-0.79000000,24.36000000,23.57000000
BOSS19_P4B_SOURCE_BOUND_DEAL_V2,H3-C03-BWD,XAUUSD,16388,PERIOD_H4,990001,990001,990001,2,26,24,25,26,27,2020.02.21 15:47:40,2020.02.24 01:10:40,1582300060000,1582506640000,2020-02-21T13:47:40Z,2020-02-23T23:10:40Z,COMPLETE,,0.02000000,0.02000000,1644.77,1664.64,0E-8,0E-8,0E-8,0E-8,-1.58000000,39.74000000,38.16000000
BOSS19_P4B_SOURCE_BOUND_DEAL_V2,H3-C03-BWD,XAUUSD,16388,PERIOD_H4,990001,990001,990001,2,30,28,33,30,35,2020.02.24 01:11:40,2020.05.14 16:34:40,1582506700000,1589474080000,2020-02-23T23:11:40Z,2020-05-14T13:34:40Z,COMPLETE,,0.01000000,0.01000000,1669.28,1721.73,0E-8,0E-8,0E-8,0E-8,-64.78000000,52.45000000,-12.33000000
BOSS19_P4B_SOURCE_BOUND_DEAL_V2,H3-C03-BWD,XAUUSD,16388,PERIOD_H4,990001,990001,990001,2,31,29,32,31,34,2020.02.24 01:12:40,2020.05.14 16:34:40,1582506760000,1589474080000,2020-02-23T23:12:40Z,2020-05-14T13:34:40Z,COMPLETE,,0.01000000,0.01000000,1673.90,1721.73,0E-8,0E-8,0E-8,0E-8,-64.78000000,47.83000000,-16.95000000
BOSS19_P4B_SOURCE_BOUND_DEAL_V2,H3-C03-BWD,XAUUSD,16388,PERIOD_H4,990001,990001,990001,2,32,30,31,32,33,2020.02.24 01:12:40,2020.05.14 16:34:40,1582506760000,1589474080000,2020-02-23T23:12:40Z,2020-05-14T13:34:40Z,COMPLETE,,0.02000000,0.02000000,1678.51,1721.73,0E-8,0E-8,0E-8,0E-8,-129.56000000,86.44000000,-43.12000000
BOSS19_P4B_SOURCE_BOUND_DEAL_V2,H3-C03-BWD,XAUUSD,16388,PERIOD_H4,990001,990001,990001,2,36,34,39,36,41,2020.05.14 16:59:40,2020.06.24 13:01:40,1589475580000,1593003700000,2020-05-14T13:59:40Z,2020-06-24T10:01:40Z,COMPLETE,,0.01000000,0.01000000,1730.70,1778.82,0E-8,0E-8,0E-8,0E-8,-30.81000000,48.12000000,17.31000000
BOSS19_P4B_SOURCE_BOUND_DEAL_V2,H3-C03-BWD,XAUUSD,16388,PERIOD_H4,990001,990001,990001,2,37,35,38,37,40,2020.05.15 15:33:40,2020.06.24 13:01:40,1589556820000,1593003700000,2020-05-15T12:33:40Z,2020-06-24T10:01:40Z,COMPLETE,,0.01000000,0.01000000,1739.89,1778.82,0E-8,0E-8,0E-8,0E-8,-30.02000000,38.93000000,8.91000000
BOSS19_P4B_SOURCE_BOUND_DEAL_V2,H3-C03-BWD,XAUUSD,16388,PERIOD_H4,990001,990001,990001,2,38,36,37,38,39,2020.05.15 18:59:20,2020.06.24 13:01:40,1589569160000,1593003700000,2020-05-15T15:59:20Z,2020-06-24T10:01:40Z,COMPLETE,,0.02000000,0.02000000,1749.09,1778.82,0E-8,0E-8,0E-8,0E-8,-60.04000000,59.46000000,-0.58000000
BOSS19_P4B_SOURCE_BOUND_DEAL_V2,H3-C03-BWD,XAUUSD,16388,PERIOD_H4,990001,990001,990001,2,42,40,45,42,47,2020.07.01 10:13:40,2020.07.21 13:14:40,1593598420000,1595337280000,2020-07-01T07:13:40Z,2020-07-21T10:14:40Z,COMPLETE,,0.01000000,0.01000000,1786.10,1825.68,0E-8,0E-8,0E-8,0E-8,-15.80000000,39.58000000,23.78000000
BOSS19_P4B_SOURCE_BOUND_DEAL_V2,H3-C03-BWD,XAUUSD,16388,PERIOD_H4,990001,990001,990001,2,43,41,44,43,46,2020.07.07 17:10:40,2020.07.21 13:14:40,1594141840000,1595337280000,2020-07-07T14:10:40Z,2020-07-21T10:14:40Z,COMPLETE,,0.01000000,0.01000000,1793.35,1825.68,0E-8,0E-8,0E-8,0E-8,-11.06000000,32.33000000,21.27000000
BOSS19_P4B_SOURCE_BOUND_DEAL_V2,H3-C03-BWD,XAUUSD,16388,PERIOD_H4,990001,990001,990001,2,44,42,43,44,45,2020.07.08 11:29:40,2020.07.21 13:14:40,1594207780000,1595337280000,2020-07-08T08:29:40Z,2020-07-21T10:14:40Z,COMPLETE,,0.02000000,0.02000000,1800.60,1825.68,0E-8,0E-8,0E-8,0E-8,-20.54000000,50.16000000,29.62000000
BOSS19_P4B_SOURCE_BOUND_DEAL_V2,H3-C03-BWD,XAUUSD,16388,PERIOD_H4,990001,990001,990001,2,48,46,51,48,53,2020.07.21 15:11:40,2020.07.22 19:24:40,1595344300000,1595445880000,2020-07-21T12:11:40Z,2020-07-22T16:24:40Z,COMPLETE,,0.01000000,0.01000000,1831.74,1870.04,0E-8,0E-8,0E-8,0E-8,-0.79000000,38.30000000,37.51000000
BOSS19_P4B_SOURCE_BOUND_DEAL_V2,H3-C03-BWD,XAUUSD,16388,PERIOD_H4,990001,990001,990001,2,49,47,50,49,52,2020.07.21 15:22:40,2020.07.22 19:24:40,1595344960000,1595445880000,2020-07-21T12:22:40Z,2020-07-22T16:24:40Z,COMPLETE,,0.01000000,0.01000000,1837.76,1870.04,0E-8,0E-8,0E-8,0E-8,-0.79000000,32.28000000,31.49000000
BOSS19_P4B_SOURCE_BOUND_DEAL_V2,H3-C03-BWD,XAUUSD,16388,PERIOD_H4,990001,990001,990001,2,50,48,49,50,51,2020.07.22 02:03:40,2020.07.22 19:24:40,1595383420000,1595445880000,2020-07-21T23:03:40Z,2020-07-22T16:24:40Z,COMPLETE,,0.02000000,0.02000000,1843.78,1870.04,0E-8,0E-8,0E-8,0E-8,0E-8,52.52000000,52.52000000
BOSS19_P4B_SOURCE_BOUND_DEAL_V2,H3-C03-BWD,XAUUSD,16388,PERIOD_H4,990001,990001,990001,2,54,52,57,54,59,2020.07.23 03:07:40,2020.07.27 02:43:40,1595473660000,1595817820000,2020-07-23T00:07:40Z,2020-07-26T23:43:40Z,COMPLETE,,0.01000000,0.01000000,1875.94,1915.26,0E-8,0E-8,0E-8,0E-8,-1.58000000,39.32000000,37.74000000
BOSS19_P4B_SOURCE_BOUND_DEAL_V2,H3-C03-BWD,XAUUSD,16388,PERIOD_H4,990001,990001,990001,2,55,53,56,55,58,2020.07.23 11:27:40,2020.07.27 02:43:40,1595503660000,1595817820000,2020-07-23T08:27:40Z,2020-07-26T23:43:40Z,COMPLETE,,0.01000000,0.01000000,1881.95,1915.26,0E-8,0E-8,0E-8,0E-8,-1.58000000,33.31000000,31.73000000
BOSS19_P4B_SOURCE_BOUND_DEAL_V2,H3-C03-BWD,XAUUSD,16388,PERIOD_H4,990001,990001,990001,2,56,54,55,56,57,2020.07.23 11:41:40,2020.07.27 02:43:40,1595504500000,1595817820000,2020-07-23T08:41:40Z,2020-07-26T23:43:40Z,COMPLETE,,0.02000000,0.02000000,1887.96,1915.26,0E-8,0E-8,0E-8,0E-8,-3.16000000,54.60000000,51.44000000
BOSS19_P4B_SOURCE_BOUND_DEAL_V2,H3-C03-BWD,XAUUSD,16388,PERIOD_H4,990001,990001,990001,2,60,58,63,60,65,2020.07.27 05:11:40,2020.07.28 02:36:40,1595826700000,1595903800000,2020-07-27T02:11:40Z,2020-07-27T23:36:40Z,COMPLETE,,0.01000000,0.01000000,1921.15,1962.46,0E-8,0E-8,0E-8,0E-8,-0.79000000,41.31000000,40.52000000
BOSS19_P4B_SOURCE_BOUND_DEAL_V2,H3-C03-BWD,XAUUSD,16388,PERIOD_H4,990001,990001,990001,2,61,59,62,61,64,2020.07.27 05:45:40,2020.07.28 02:36:40,1595828740000,1595903800000,2020-07-27T02:45:40Z,2020-07-27T23:36:40Z,COMPLETE,,0.01000000,0.01000000,1927.32,1962.46,0E-8,0E-8,0E-8,0E-8,-0.79000000,35.14000000,34.35000000
BOSS19_P4B_SOURCE_BOUND_DEAL_V2,H3-C03-BWD,XAUUSD,16388,PERIOD_H4,990001,990001,990001,2,62,60,61,62,63,2020.07.27 06:08:40,2020.07.28 02:36:40,1595830120000,1595903800000,2020-07-27T03:08:40Z,2020-07-27T23:36:40Z,COMPLETE,,0.02000000,0.02000000,1933.48,1962.46,0E-8,0E-8,0E-8,0E-8,-1.58000000,57.96000000,56.38000000
BOSS19_P4B_SOURCE_BOUND_DEAL_V2,H3-C03-BWD,XAUUSD,16388,PERIOD_H4,990001,990001,990001,2,66,64,69,66,71,2020.07.28 04:02:40,2020.08.04 22:38:40,1595908960000,1596580720000,2020-07-28T01:02:40Z,2020-08-04T19:38:40Z,COMPLETE,,0.01000000,0.01000000,1968.95,2013.81,0E-8,0E-8,0E-8,0E-8,-5.53000000,44.86000000,39.33000000
BOSS19_P4B_SOURCE_BOUND_DEAL_V2,H3-C03-BWD,XAUUSD,16388,PERIOD_H4,990001,990001,990001,2,67,65,68,67,70,2020.07.28 04:10:40,2020.08.04 22:38:40,1595909440000,1596580720000,2020-07-28T01:10:40Z,2020-08-04T19:38:40Z,COMPLETE,,0.01000000,0.01000000,1975.27,2013.81,0E-8,0E-8,0E-8,0E-8,-5.53000000,38.54000000,33.01000000
BOSS19_P4B_SOURCE_BOUND_DEAL_V2,H3-C03-BWD,XAUUSD,16388,PERIOD_H4,990001,990001,990001,2,68,66,67,68,69,2020.07.31 10:01:40,2020.08.04 22:38:40,1596189700000,1596580720000,2020-07-31T07:01:40Z,2020-08-04T19:38:40Z,COMPLETE,,0.02000000,0.02000000,1981.58,2013.81,0E-8,0E-8,0E-8,0E-8,-3.16000000,64.46000000,61.30000000
BOSS19_P4B_SOURCE_BOUND_DEAL_V2,H3-C03-BWD,XAUUSD,16388,PERIOD_H4,990001,990001,990001,2,72,70,75,72,77,2020.08.05 01:03:40,2020.08.06 17:09:20,1596589420000,1596733760000,2020-08-04T22:03:40Z,2020-08-06T14:09:20Z,COMPLETE,,0.01000000,0.01000000,2021.07,2069.66,0E-8,0E-8,0E-8,0E-8,-2.37000000,48.59000000,46.22000000
BOSS19_P4B_SOURCE_BOUND_DEAL_V2,H3-C03-BWD,XAUUSD,16388,PERIOD_H4,990001,990001,990001,2,73,71,74,73,76,2020.08.05 02:47:40,2020.08.06 17:09:20,1596595660000,1596733760000,2020-08-04T23:47:40Z,2020-08-06T14:09:20Z,COMPLETE,,0.01000000,0.01000000,2028.39,2069.66,0E-8,0E-8,0E-8,0E-8,-2.37000000,41.27000000,38.90000000
BOSS19_P4B_SOURCE_BOUND_DEAL_V2,H3-C03-BWD,XAUUSD,16388,PERIOD_H4,990001,990001,990001,2,74,72,73,74,75,2020.08.05 09:53:40,2020.08.06 17:09:20,1596621220000,1596733760000,2020-08-05T06:53:40Z,2020-08-06T14:09:20Z,COMPLETE,,0.02000000,0.02000000,2035.71,2069.66,0E-8,0E-8,0E-8,0E-8,-4.74000000,67.90000000,63.16000000
BOSS19_P4B_SOURCE_BOUND_DEAL_V2,H3-C03-BWD,XAUUSD,16388,PERIOD_H4,990001,990001,990001,2,81,76,79,81,85,2020.08.12 10:36:40,2020.08.12 11:48:40,1597228600000,1597232920000,2020-08-12T07:36:40Z,2020-08-12T08:48:40Z,COMPLETE,,0.01000000,0.01000000,1934.43,1924.38,0E-8,0E-8,0E-8,0E-8,0E-8,10.05000000,10.05000000
BOSS19_P4B_SOURCE_BOUND_DEAL_V2,H3-C03-BWD,XAUUSD,16388,PERIOD_H4,990001,990001,990001,2,82,77,78,82,84,2020.08.12 11:17:40,2020.08.12 11:32:40,1597231060000,1597231960000,2020-08-12T08:17:40Z,2020-08-12T08:32:40Z,COMPLETE,,0.01000000,0.01000000,1944.15,1934.40,0E-8,0E-8,0E-8,0E-8,0E-8,9.75000000,9.75000000
BOSS19_P4B_SOURCE_BOUND_DEAL_V2,H3-C03-BWD,XAUUSD,16388,PERIOD_H4,990001,990001,990001,2,83,80,81,83,86,2020.08.13 19:50:40,2020.08.13 21:20:40,1597348240000,1597353640000,2020-08-13T16:50:40Z,2020-08-13T18:20:40Z,COMPLETE,,0.01000000,0.01000000,1953.86,1942.94,0E-8,0E-8,0E-8,0E-8,0E-8,10.92000000,10.92000000
BOSS19_P4B_SOURCE_BOUND_DEAL_V2,H3-C03-BWD,XAUUSD,16388,PERIOD_H4,990001,990001,990001,2,87,82,83,87,90,2020.08.13 22:51:40,2020.08.14 09:53:40,1597359100000,1597398820000,2020-08-13T19:51:40Z,2020-08-14T06:53:40Z,COMPLETE,,0.01000000,0.01000000,1953.07,1941.29,0E-8,0E-8,0E-8,0E-8,0.31000000,11.78000000,12.09000000
BOSS19_P4B_SOURCE_BOUND_DEAL_V2,H3-C03-BWD,XAUUSD,16388,PERIOD_H4,990001,990001,990001,2,88,84,87,88,92,2020.08.17 16:29:40,2020.08.19 21:09:40,1597681780000,1597871380000,2020-08-17T13:29:40Z,2020-08-19T18:09:40Z,COMPLETE,,0.01000000,0.01000000,1963.36,1951.01,0E-8,0E-8,0E-8,0E-8,0.62000000,12.35000000,12.97000000
BOSS19_P4B_SOURCE_BOUND_DEAL_V2,H3-C03-BWD,XAUUSD,16388,PERIOD_H4,990001,990001,990001,2,89,85,86,89,91,2020.08.17 17:00:40,2020.08.19 17:58:40,1597683640000,1597859920000,2020-08-17T14:00:40Z,2020-08-19T14:58:40Z,COMPLETE,,0.01000000,0.01000000,1973.64,1961.41,0E-8,0E-8,0E-8,0E-8,0.62000000,12.23000000,12.85000000
BOSS19_P4B_SOURCE_BOUND_DEAL_V2,H3-C03-BWD,XAUUSD,16388,PERIOD_H4,990001,990001,990001,2,96,88,89,96,99,2020.08.20 03:52:40,2020.08.20 11:14:40,1597895560000,1597922080000,2020-08-20T00:52:40Z,2020-08-20T08:14:40Z,COMPLETE,,0.01000000,0.01000000,1940.53,1928.41,0E-8,0E-8,0E-8,0E-8,0E-8,12.12000000,12.12000000
BOSS19_P4B_SOURCE_BOUND_DEAL_V2,H3-C03-BWD,XAUUSD,16388,PERIOD_H4,990001,990001,990001,2,100,90,91,100,103,2020.08.20 14:47:40,2020.08.20 16:06:40,1597934860000,1597939600000,2020-08-20T11:47:40Z,2020-08-20T13:06:40Z,COMPLETE,,0.01000000,0.01000000,1940.44,1928.39,0E-8,0E-8,0E-8,0E-8,0E-8,12.05000000,12.05000000
BOSS19_P4B_SOURCE_BOUND_DEAL_V2,H3-C03-BWD,XAUUSD,16388,PERIOD_H4,990001,990001,990001,2,101,92,93,101,104,2020.08.20 22:06:40,2020.08.21 10:14:40,1597961200000,1598004880000,2020-08-20T19:06:40Z,2020-08-21T07:14:40Z,COMPLETE,,0.01000000,0.01000000,1952.45,1937.90,0E-8,0E-8,0E-8,0E-8,0.31000000,14.55000000,14.86000000
BOSS19_P4B_SOURCE_BOUND_DEAL_V2,H3-C03-BWD,XAUUSD,16388,PERIOD_H4,990001,990001,990001,2,102,94,95,102,105,2020.08.27 16:15:40,2020.08.27 16:34:40,1598544940000,1598546080000,2020-08-27T13:15:40Z,2020-08-27T13:34:40Z,COMPLETE,,0.01000000,0.01000000,1964.45,1950.56,0E-8,0E-8,0E-8,0E-8,0E-8,13.89000000,13.89000000
BOSS19_P4B_SOURCE_BOUND_DEAL_V2,H3-C03-BWD,XAUUSD,16388,PERIOD_H4,990001,990001,990001,2,106,96,97,106,109,2020.08.28 18:13:40,2020.09.02 16:31:40,1598638420000,1599064300000,2020-08-28T15:13:40Z,2020-09-02T13:31:40Z,COMPLETE,,0.01000000,0.01000000,1966.97,1952.07,0E-8,0E-8,0E-8,0E-8,0.93000000,14.90000000,15.83000000
BOSS19_P4B_SOURCE_BOUND_DEAL_V2,H3-C03-BWD,XAUUSD,16388,PERIOD_H4,990001,990001,990001,2,113,98,101,113,117,2020.09.09 21:58:40,2020.09.17 12:30:40,1599688720000,1600345840000,2020-09-09T18:58:40Z,2020-09-17T09:30:40Z,COMPLETE,,0.01000000,0.01000000,1949.82,1937.03,0E-8,0E-8,0E-8,0E-8,3.08000000,12.79000000,15.87000000
BOSS19_P4B_SOURCE_BOUND_DEAL_V2,H3-C03-BWD,XAUUSD,16388,PERIOD_H4,990001,990001,990001,2,114,99,100,114,116,2020.09.10 16:56:40,2020.09.10 21:24:40,1599757000000,1599773080000,2020-09-10T13:56:40Z,2020-09-10T18:24:40Z,COMPLETE,,0.01000000,0.01000000,1963.86,1949.64,0E-8,0E-8,0E-8,0E-8,0E-8,14.22000000,14.22000000
BOSS19_P4B_SOURCE_BOUND_DEAL_V2,H3-C03-BWD,XAUUSD,16388,PERIOD_H4,990001,990001,990001,2,118,102,103,118,121,2020.09.18 03:06:40,2022.03.07 01:30:40,1600398400000,1646616640000,2020-09-18T00:06:40Z,2022-03-06T23:30:40Z,COMPLETE,,0.01000000,0.01000000,1950.12,1990.81,0E-8,0E-8,0E-8,0E-8,-421.07000000,40.69000000,-380.38000000
BOSS19_P4B_SOURCE_BOUND_DEAL_V2,H3-C03-BWD,XAUUSD,16388,PERIOD_H4,990001,990001,990001,2,122,104,109,122,127,2022.03.07 03:43:40,2022.03.08 17:06:40,1646624620000,1646759200000,2022-03-07T01:43:40Z,2022-03-08T15:06:40Z,COMPLETE,,0.01000000,0.01000000,1999.02,2053.02,0E-8,0E-8,0E-8,0E-8,-0.79000000,54.00000000,53.21000000
BOSS19_P4B_SOURCE_BOUND_DEAL_V2,H3-C03-BWD,XAUUSD,16388,PERIOD_H4,990001,990001,990001,2,123,105,108,123,126,2022.03.08 08:36:40,2022.03.08 17:06:40,1646728600000,1646759200000,2022-03-08T06:36:40Z,2022-03-08T15:06:40Z,COMPLETE,,0.01000000,0.01000000,2007.15,2053.02,0E-8,0E-8,0E-8,0E-8,0E-8,45.87000000,45.87000000
BOSS19_P4B_SOURCE_BOUND_DEAL_V2,H3-C03-BWD,XAUUSD,16388,PERIOD_H4,990001,990001,990001,2,124,106,107,124,125,2022.03.08 08:57:40,2022.03.08 17:06:40,1646729860000,1646759200000,2022-03-08T06:57:40Z,2022-03-08T15:06:40Z,COMPLETE,,0.02000000,0.02000000,2015.29,2053.02,0E-8,0E-8,0E-8,0E-8,0E-8,75.46000000,75.46000000
BOSS19_P4B_SOURCE_BOUND_DEAL_V2,H3-C03-BWD,XAUUSD,16388,PERIOD_H4,990001,990001,0,2,128,110,113,128,132,2022.03.08 17:07:40,2022.12.30 23:58:59,1646759260000,1672444739000,2022-03-08T15:07:40Z,2022-12-30T21:58:59Z,COMPLETE,,0.01000000,0.01000000,2061.61,1823.86,0E-8,0E-8,0E-8,0E-8,-236.21000000,-237.75000000,-473.96000000
BOSS19_P4B_SOURCE_BOUND_DEAL_V2,H3-C03-BWD,XAUUSD,16388,PERIOD_H4,990001,990001,0,2,129,111,112,129,131,2022.03.08 18:57:40,2022.12.30 23:58:59,1646765860000,1672444739000,2022-03-08T16:57:40Z,2022-12-30T21:58:59Z,COMPLETE,,0.01000000,0.01000000,2070.01,1823.86,0E-8,0E-8,0E-8,0E-8,-236.21000000,-246.15000000,-482.36000000
BOSS19_P4B_SOURCE_BOUND_DEAL_V2,H3-C04-MAIN,EURUSD,15,PERIOD_M15,990001,990001,990001,2,29,2,5,29,33,2023.01.04 09:41:40,2023.01.09 18:48:40,1672825300000,1673290120000,2023-01-04T07:41:40Z,2023-01-09T16:48:40Z,COMPLETE,,0.01000000,0.01000000,1.05963,1.07593,0E-8,0E-8,0E-8,0E-8,-0.35000000,16.30000000,15.95000000
BOSS19_P4B_SOURCE_BOUND_DEAL_V2,H3-C04-MAIN,EURUSD,15,PERIOD_M15,990001,990001,990001,2,30,3,4,30,32,2023.01.04 10:14:40,2023.01.09 18:48:40,1672827280000,1673290120000,2023-01-04T08:14:40Z,2023-01-09T16:48:40Z,COMPLETE,,0.01000000,0.01000000,1.06249,1.07593,0E-8,0E-8,0E-8,0E-8,-0.35000000,13.44000000,13.09000000
BOSS19_P4B_SOURCE_BOUND_DEAL_V2,H3-C04-MAIN,EURUSD,15,PERIOD_M15,990001,990001,990001,2,37,6,7,37,40,2023.01.10 16:27:40,2023.02.06 18:56:40,1673368060000,1675709800000,2023-01-10T14:27:40Z,2023-02-06T16:56:40Z,COMPLETE,,0.01000000,0.01000000,1.07492,1.07180,0E-8,0E-8,0E-8,0E-8,0.81000000,3.12000000,3.93000000
BOSS19_P4B_SOURCE_BOUND_DEAL_V2,H3-C04-MAIN,EURUSD,15,PERIOD_M15,990001,990001,990001,2,41,8,9,41,44,2023.02.07 19:53:40,2023.02.07 20:16:20,1675799620000,1675800980000,2023-02-07T17:53:40Z,2023-02-07T18:16:20Z,COMPLETE,,0.01000000,0.01000000,1.07469,1.07177,0E-8,0E-8,0E-8,0E-8,0E-8,2.92000000,2.92000000
BOSS19_P4B_SOURCE_BOUND_DEAL_V2,H3-C04-MAIN,EURUSD,15,PERIOD_M15,990001,990001,990001,2,63,10,11,63,66,2023.02.08 09:46:40,2023.03.22 21:41:40,1675849600000,1679521300000,2023-02-08T07:46:40Z,2023-03-22T18:41:40Z,COMPLETE,,0.01000000,0.01000000,1.07456,1.08826,0E-8,0E-8,0E-8,0E-8,-2.94000000,13.70000000,10.76000000
BOSS19_P4B_SOURCE_BOUND_DEAL_V2,H3-C04-MAIN,EURUSD,15,PERIOD_M15,990001,990001,990001,2,67,12,13,67,70,2023.03.22 21:48:40,2023.04.13 15:54:40,1679521720000,1681401280000,2023-03-22T18:48:40Z,2023-04-13T12:54:40Z,COMPLETE,,0.01000000,0.01000000,1.09080,1.10528,0E-8,0E-8,0E-8,0E-8,-1.68000000,14.48000000,12.80000000
BOSS19_P4B_SOURCE_BOUND_DEAL_V2,H3-C04-MAIN,EURUSD,15,PERIOD_M15,990001,990001,990001,2,125,14,15,125,128,2023.04.18 10:51:40,2023.05.04 09:14:40,1681815100000,1683191680000,2023-04-18T07:51:40Z,2023-05-04T06:14:40Z,COMPLETE,,0.01000000,0.01000000,1.09671,1.10906,0E-8,0E-8,0E-8,0E-8,-1.26000000,12.35000000,11.09000000
BOSS19_P4B_SOURCE_BOUND_DEAL_V2,H3-C04-MAIN,EURUSD,15,PERIOD_M15,990001,990001,990001,2,132,16,17,132,135,2023.05.04 14:07:40,2023.05.04 15:27:40,1683209260000,1683214060000,2023-05-04T11:07:40Z,2023-05-04T12:27:40Z,COMPLETE,,0.01000000,0.01000000,1.10646,1.10366,0E-8,0E-8,0E-8,0E-8,0E-8,2.80000000,2.80000000
BOSS19_P4B_SOURCE_BOUND_DEAL_V2,H3-C04-MAIN,EURUSD,15,PERIOD_M15,990001,990001,990001,2,253,18,19,253,256,2023.05.08 09:14:40,2023.07.13 10:13:40,1683537280000,1689243220000,2023-05-08T06:14:40Z,2023-07-13T07:13:40Z,COMPLETE,,0.01000000,0.01000000,1.10456,1.11573,0E-8,0E-8,0E-8,0E-8,-4.76000000,11.17000000,6.41000000
BOSS19_P4B_SOURCE_BOUND_DEAL_V2,H3-C04-MAIN,EURUSD,15,PERIOD_M15,990001,990001,990001,2,257,20,25,257,262,2023.07.13 15:03:40,2025.04.11 03:33:20,1689260620000,1744342400000,2023-07-13T12:03:40Z,2025-04-11T00:33:20Z,COMPLETE,,0.01000000,0.01000000,1.11793,1.13835,0E-8,0E-8,0E-8,0E-8,-44.66000000,20.42000000,-24.24000000
BOSS19_P4B_SOURCE_BOUND_DEAL_V2,H3-C04-MAIN,EURUSD,15,PERIOD_M15,990001,990001,990001,2,258,21,24,258,261,2023.07.13 19:07:40,2025.04.11 03:33:20,1689275260000,1744342400000,2023-07-13T16:07:40Z,2025-04-11T00:33:20Z,COMPLETE,,0.01000000,0.01000000,1.12014,1.13835,0E-8,0E-8,0E-8,0E-8,-44.66000000,18.21000000,-26.45000000
BOSS19_P4B_SOURCE_BOUND_DEAL_V2,H3-C04-MAIN,EURUSD,15,PERIOD_M15,990001,990001,990001,2,259,22,23,259,260,2023.07.13 22:22:40,2025.04.11 03:33:20,1689286960000,1744342400000,2023-07-13T19:22:40Z,2025-04-11T00:33:20Z,COMPLETE,,0.02000000,0.02000000,1.12236,1.13835,0E-8,0E-8,0E-8,0E-8,-88.41000000,31.98000000,-56.43000000
BOSS19_P4B_SOURCE_BOUND_DEAL_V2,H3-C04-MAIN,EURUSD,15,PERIOD_M15,990001,990001,990001,2,263,26,31,263,268,2025.04.11 03:35:40,2025.04.21 10:57:40,1744342540000,1745233060000,2025-04-11T00:35:40Z,2025-04-21T07:57:40Z,COMPLETE,,0.01000000,0.01000000,1.13487,1.15671,0E-8,0E-8,0E-8,0E-8,-0.56000000,21.84000000,21.28000000
BOSS19_P4B_SOURCE_BOUND_DEAL_V2,H3-C04-MAIN,EURUSD,15,PERIOD_M15,990001,990001,990001,2,264,27,30,264,267,2025.04.11 11:02:40,2025.04.21 10:57:40,1744369360000,1745233060000,2025-04-11T08:02:40Z,2025-04-21T07:57:40Z,COMPLETE,,0.01000000,0.01000000,1.13829,1.15671,0E-8,0E-8,0E-8,0E-8,-0.56000000,18.42000000,17.86000000
BOSS19_P4B_SOURCE_BOUND_DEAL_V2,H3-C04-MAIN,EURUSD,15,PERIOD_M15,990001,990001,990001,2,265,28,29,265,266,2025.04.11 11:02:40,2025.04.21 10:57:40,1744369360000,1745233060000,2025-04-11T08:02:40Z,2025-04-21T07:57:40Z,COMPLETE,,0.02000000,0.02000000,1.14170,1.15671,0E-8,0E-8,0E-8,0E-8,-1.11000000,30.02000000,28.91000000
BOSS19_P4B_SOURCE_BOUND_DEAL_V2,H3-C04-MAIN,EURUSD,15,PERIOD_M15,990001,990001,990001,2,290,32,33,290,293,2025.04.22 06:03:40,2025.04.22 10:03:20,1745301820000,1745316200000,2025-04-22T03:03:40Z,2025-04-22T07:03:20Z,COMPLETE,,0.01000000,0.01000000,1.15318,1.14945,0E-8,0E-8,0E-8,0E-8,0E-8,3.73000000,3.73000000
BOSS19_P4B_SOURCE_BOUND_DEAL_V2,H3-C04-MAIN,EURUSD,15,PERIOD_M15,990001,990001,990001,2,330,34,35,330,333,2025.04.24 22:39:20,2025.06.12 11:16:40,1745534360000,1749727000000,2025-04-24T19:39:20Z,2025-06-12T08:16:40Z,COMPLETE,,0.01000000,0.01000000,1.13975,1.15392,0E-8,0E-8,0E-8,0E-8,-3.43000000,14.17000000,10.74000000
BOSS19_P4B_SOURCE_BOUND_DEAL_V2,H3-C04-MAIN,EURUSD,15,PERIOD_M15,990001,990001,990001,2,334,36,41,334,339,2025.06.12 12:52:40,2025.06.26 11:33:40,1749732760000,1750937620000,2025-06-12T09:52:40Z,2025-06-26T08:33:40Z,COMPLETE,,0.01000000,0.01000000,1.15677,1.17378,0E-8,0E-8,0E-8,0E-8,-0.98000000,17.01000000,16.03000000
BOSS19_P4B_SOURCE_BOUND_DEAL_V2,H3-C04-MAIN,EURUSD,15,PERIOD_M15,990001,990001,990001,2,335,37,40,335,338,2025.06.12 13:30:40,2025.06.26 11:33:40,1749735040000,1750937620000,2025-06-12T10:30:40Z,2025-06-26T08:33:40Z,COMPLETE,,0.01000000,0.01000000,1.15956,1.17378,0E-8,0E-8,0E-8,0E-8,-0.98000000,14.22000000,13.24000000
BOSS19_P4B_SOURCE_BOUND_DEAL_V2,H3-C04-MAIN,EURUSD,15,PERIOD_M15,990001,990001,990001,2,336,38,39,336,337,2025.06.12 15:30:40,2025.06.26 11:33:40,1749742240000,1750937620000,2025-06-12T12:30:40Z,2025-06-26T08:33:40Z,COMPLETE,,0.02000000,0.02000000,1.16235,1.17378,0E-8,0E-8,0E-8,0E-8,-1.94000000,22.86000000,20.92000000
BOSS19_P4B_SOURCE_BOUND_DEAL_V2,H3-C04-MAIN,EURUSD,15,PERIOD_M15,990001,990001,990001,2,355,42,43,355,358,2025.06.27 15:57:40,2025.09.16 19:18:40,1751039860000,1758050320000,2025-06-27T12:57:40Z,2025-09-16T16:18:40Z,COMPLETE,,0.01000000,0.01000000,1.17463,1.18587,0E-8,0E-8,0E-8,0E-8,-5.53000000,11.24000000,5.71000000
BOSS19_P4B_SOURCE_BOUND_DEAL_V2,H3-C04-MAIN,EURUSD,15,PERIOD_M15,990001,990001,0,2,410,44,47,410,414,2025.09.17 21:00:40,2025.12.30 23:59:59,1758142840000,1767139199000,2025-09-17T18:00:40Z,2025-12-30T21:59:59Z,COMPLETE,,0.01000000,0.01000000,1.18759,1.17469,0E-8,0E-8,0E-8,0E-8,-7.28000000,-12.90000000,-20.18000000
BOSS19_P4B_SOURCE_BOUND_DEAL_V2,H3-C04-MAIN,EURUSD,15,PERIOD_M15,990001,990001,0,2,411,45,46,411,413,2025.09.17 21:07:40,2025.12.30 23:59:59,1758143260000,1767139199000,2025-09-17T18:07:40Z,2025-12-30T21:59:59Z,COMPLETE,,0.01000000,0.01000000,1.18989,1.17469,0E-8,0E-8,0E-8,0E-8,-7.28000000,-15.20000000,-22.48000000
BOSS19_P4B_SOURCE_BOUND_DEAL_V2,H3-C04-BWD,EURUSD,15,PERIOD_M15,990001,990001,990001,2,2,2,3,2,5,2020.01.02 03:20:40,2020.01.02 06:43:40,1577935240000,1577947420000,2020-01-02T01:20:40Z,2020-01-02T04:43:40Z,COMPLETE,,0.01000000,0.01000000,1.12238,1.12094,0E-8,0E-8,0E-8,0E-8,0E-8,1.44000000,1.44000000
BOSS19_P4B_SOURCE_BOUND_DEAL_V2,H3-C04-BWD,EURUSD,15,PERIOD_M15,990001,990001,990001,2,105,4,7,105,109,2020.01.06 10:56:40,2020.03.06 10:53:40,1578308200000,1583492020000,2020-01-06T08:56:40Z,2020-03-06T08:53:40Z,COMPLETE,,0.01000000,0.01000000,1.11776,1.12778,0E-8,0E-8,0E-8,0E-8,-4.34000000,10.02000000,5.68000000
BOSS19_P4B_SOURCE_BOUND_DEAL_V2,H3-C04-BWD,EURUSD,15,PERIOD_M15,990001,990001,990001,2,106,5,6,106,108,2020.01.06 11:59:40,2020.03.06 10:53:40,1578311980000,1583492020000,2020-01-06T09:59:40Z,2020-03-06T08:53:40Z,COMPLETE,,0.01000000,0.01000000,1.11919,1.12778,0E-8,0E-8,0E-8,0E-8,-4.34000000,8.59000000,4.25000000
BOSS19_P4B_SOURCE_BOUND_DEAL_V2,H3-C04-BWD,EURUSD,15,PERIOD_M15,990001,990001,990001,2,110,8,13,110,115,2020.03.06 12:03:40,2020.03.09 04:49:40,1583496220000,1583729380000,2020-03-06T10:03:40Z,2020-03-09T01:49:40Z,COMPLETE,,0.01000000,0.01000000,1.12972,1.14653,0E-8,0E-8,0E-8,0E-8,-0.07000000,16.81000000,16.74000000
BOSS19_P4B_SOURCE_BOUND_DEAL_V2,H3-C04-BWD,EURUSD,15,PERIOD_M15,990001,990001,990001,2,111,9,12,111,114,2020.03.06 12:21:40,2020.03.09 04:49:40,1583497300000,1583729380000,2020-03-06T10:21:40Z,2020-03-09T01:49:40Z,COMPLETE,,0.01000000,0.01000000,1.13157,1.14653,0E-8,0E-8,0E-8,0E-8,-0.07000000,14.96000000,14.89000000
BOSS19_P4B_SOURCE_BOUND_DEAL_V2,H3-C04-BWD,EURUSD,15,PERIOD_M15,990001,990001,990001,2,112,10,11,112,113,2020.03.06 13:16:40,2020.03.09 04:49:40,1583500600000,1583729380000,2020-03-06T11:16:40Z,2020-03-09T01:49:40Z,COMPLETE,,0.02000000,0.02000000,1.13341,1.14653,0E-8,0E-8,0E-8,0E-8,-0.14000000,26.24000000,26.10000000
BOSS19_P4B_SOURCE_BOUND_DEAL_V2,H3-C04-BWD,EURUSD,15,PERIOD_M15,990001,990001,990001,2,116,14,15,116,119,2020.03.09 04:50:20,2020.07.23 18:43:40,1583729420000,1595529820000,2020-03-09T01:50:20Z,2020-07-23T15:43:40Z,COMPLETE,,0.01000000,0.01000000,1.14860,1.16150,0E-8,0E-8,0E-8,0E-8,-9.66000000,12.90000000,3.24000000
BOSS19_P4B_SOURCE_BOUND_DEAL_V2,H3-C04-BWD,EURUSD,15,PERIOD_M15,990001,990001,990001,2,153,16,21,153,158,2020.07.24 20:20:40,2020.07.29 21:42:40,1595622040000,1596058960000,2020-07-24T17:20:40Z,2020-07-29T18:42:40Z,COMPLETE,,0.01000000,0.01000000,1.16421,1.18051,0E-8,0E-8,0E-8,0E-8,-0.21000000,16.30000000,16.09000000
BOSS19_P4B_SOURCE_BOUND_DEAL_V2,H3-C04-BWD,EURUSD,15,PERIOD_M15,990001,990001,990001,2,154,17,20,154,157,2020.07.27 03:20:40,2020.07.29 21:42:40,1595820040000,1596058960000,2020-07-27T00:20:40Z,2020-07-29T18:42:40Z,COMPLETE,,0.01000000,0.01000000,1.16673,1.18051,0E-8,0E-8,0E-8,0E-8,-0.14000000,13.78000000,13.64000000
BOSS19_P4B_SOURCE_BOUND_DEAL_V2,H3-C04-BWD,EURUSD,15,PERIOD_M15,990001,990001,990001,2,155,18,19,155,156,2020.07.27 03:44:40,2020.07.29 21:42:40,1595821480000,1596058960000,2020-07-27T00:44:40Z,2020-07-29T18:42:40Z,COMPLETE,,0.02000000,0.02000000,1.16926,1.18051,0E-8,0E-8,0E-8,0E-8,-0.28000000,22.50000000,22.22000000
BOSS19_P4B_SOURCE_BOUND_DEAL_V2,H3-C04-BWD,EURUSD,15,PERIOD_M15,990001,990001,990001,2,162,22,23,162,165,2020.07.30 16:03:40,2020.07.31 19:39:40,1596125020000,1596224380000,2020-07-30T13:03:40Z,2020-07-31T16:39:40Z,COMPLETE,,0.01000000,0.01000000,1.17906,1.17621,0E-8,0E-8,0E-8,0E-8,0.03000000,2.85000000,2.88000000
BOSS19_P4B_SOURCE_BOUND_DEAL_V2,H3-C04-BWD,EURUSD,15,PERIOD_M15,990001,990001,990001,2,166,24,25,166,169,2020.07.31 19:52:40,2020.08.03 03:16:40,1596225160000,1596424600000,2020-07-31T16:52:40Z,2020-08-03T00:16:40Z,COMPLETE,,0.01000000,0.01000000,1.17893,1.17554,0E-8,0E-8,0E-8,0E-8,0.03000000,3.39000000,3.42000000
BOSS19_P4B_SOURCE_BOUND_DEAL_V2,H3-C04-BWD,EURUSD,15,PERIOD_M15,990001,990001,990001,2,170,26,27,170,173,2020.08.04 10:18:00,2020.08.18 15:19:40,1596536280000,1597763980000,2020-08-04T07:18:00Z,2020-08-18T12:19:40Z,COMPLETE,,0.01000000,0.01000000,1.17865,1.19277,0E-8,0E-8,0E-8,0E-8,-0.98000000,14.12000000,13.14000000
BOSS19_P4B_SOURCE_BOUND_DEAL_V2,H3-C04-BWD,EURUSD,15,PERIOD_M15,990001,990001,990001,2,174,28,29,174,177,2020.08.18 16:28:40,2020.12.01 22:54:40,1597768120000,1606863280000,2020-08-18T13:28:40Z,2020-12-01T20:54:40Z,COMPLETE,,0.01000000,0.01000000,1.19556,1.20747,0E-8,0E-8,0E-8,0E-8,-7.35000000,11.91000000,4.56000000
BOSS19_P4B_SOURCE_BOUND_DEAL_V2,H3-C04-BWD,EURUSD,15,PERIOD_M15,990001,990001,990001,2,190,30,31,190,193,2020.12.02 15:37:40,2021.02.02 12:15:40,1606923460000,1612268140000,2020-12-02T13:37:40Z,2021-02-02T10:15:40Z,COMPLETE,,0.01000000,0.01000000,1.20719,1.20413,0E-8,0E-8,0E-8,0E-8,1.86000000,3.06000000,4.92000000
BOSS19_P4B_SOURCE_BOUND_DEAL_V2,H3-C04-BWD,EURUSD,15,PERIOD_M15,990001,990001,990001,2,293,32,37,293,298,2021.02.05 15:35:40,2021.02.11 15:09:40,1612539340000,1613056180000,2021-02-05T13:35:40Z,2021-02-11T13:09:40Z,COMPLETE,,0.01000000,0.01000000,1.20026,1.21432,0E-8,0E-8,0E-8,0E-8,-0.42000000,14.06000000,13.64000000
BOSS19_P4B_SOURCE_BOUND_DEAL_V2,H3-C04-BWD,EURUSD,15,PERIOD_M15,990001,990001,990001,2,294,33,36,294,297,2021.02.05 17:05:40,2021.02.11 15:09:40,1612544740000,1613056180000,2021-02-05T15:05:40Z,2021-02-11T13:09:40Z,COMPLETE,,0.01000000,0.01000000,1.20247,1.21432,0E-8,0E-8,0E-8,0E-8,-0.42000000,11.85000000,11.43000000
BOSS19_P4B_SOURCE_BOUND_DEAL_V2,H3-C04-BWD,EURUSD,15,PERIOD_M15,990001,990001,990001,2,295,34,35,295,296,2021.02.05 20:46:40,2021.02.11 15:09:40,1612558000000,1613056180000,2021-02-05T18:46:40Z,2021-02-11T13:09:40Z,COMPLETE,,0.02000000,0.02000000,1.20469,1.21432,0E-8,0E-8,0E-8,0E-8,-0.83000000,19.26000000,18.43000000
BOSS19_P4B_SOURCE_BOUND_DEAL_V2,H3-C04-BWD,EURUSD,15,PERIOD_M15,990001,990001,990001,2,365,38,39,365,368,2021.02.16 10:58:40,2021.05.25 10:07:40,1613473120000,1621937260000,2021-02-16T08:58:40Z,2021-05-25T07:07:40Z,COMPLETE,,0.01000000,0.01000000,1.21564,1.22587,0E-8,0E-8,0E-8,0E-8,-6.86000000,10.23000000,3.37000000
BOSS19_P4B_SOURCE_BOUND_DEAL_V2,H3-C04-BWD,EURUSD,15,PERIOD_M15,990001,990001,990001,2,402,40,41,402,405,2021.05.27 13:23:40,2021.05.27 16:34:40,1622121820000,1622133280000,2021-05-27T10:23:40Z,2021-05-27T13:34:40Z,COMPLETE,,0.01000000,0.01000000,1.22019,1.21803,0E-8,0E-8,0E-8,0E-8,0E-8,2.16000000,2.16000000
BOSS19_P4B_SOURCE_BOUND_DEAL_V2,H3-C04-BWD,EURUSD,15,PERIOD_M15,990001,990001,990001,2,406,42,43,406,409,2021.05.27 17:02:40,2021.05.28 08:43:40,1622134960000,1622191420000,2021-05-27T14:02:40Z,2021-05-28T05:43:40Z,COMPLETE,,0.01000000,0.01000000,1.22010,1.21783,0E-8,0E-8,0E-8,0E-8,0.03000000,2.27000000,2.30000000
BOSS19_P4B_SOURCE_BOUND_DEAL_V2,H3-C04-BWD,EURUSD,15,PERIOD_M15,990001,990001,990001,2,410,44,45,410,413,2021.05.28 11:17:20,2021.05.28 13:46:40,1622200640000,1622209600000,2021-05-28T08:17:20Z,2021-05-28T10:46:40Z,COMPLETE,,0.01000000,0.01000000,1.21979,1.21757,0E-8,0E-8,0E-8,0E-8,0E-8,2.22000000,2.22000000
BOSS19_P4B_SOURCE_BOUND_DEAL_V2,H3-C04-BWD,EURUSD,15,PERIOD_M15,990001,990001,990001,2,414,46,47,414,417,2021.05.28 18:36:20,2021.06.02 12:32:40,1622226980000,1622637160000,2021-05-28T15:36:20Z,2021-06-02T09:32:40Z,COMPLETE,,0.01000000,0.01000000,1.21959,1.21724,0E-8,0E-8,0E-8,0E-8,0.09000000,2.35000000,2.44000000
BOSS19_P4B_SOURCE_BOUND_DEAL_V2,H3-C04-BWD,EURUSD,15,PERIOD_M15,990001,990001,990001,2,418,48,51,418,422,2021.06.02 16:34:40,2021.06.03 15:23:40,1622651680000,1622733820000,2021-06-02T13:34:40Z,2021-06-03T12:23:40Z,COMPLETE,,0.01000000,0.01000000,1.21915,1.21688,0E-8,0E-8,0E-8,0E-8,0.09000000,2.27000000,2.36000000
BOSS19_P4B_SOURCE_BOUND_DEAL_V2,H3-C04-BWD,EURUSD,15,PERIOD_M15,990001,990001,990001,2,419,49,50,419,421,2021.06.02 18:13:40,2021.06.03 09:13:40,1622657620000,1622711620000,2021-06-02T15:13:40Z,2021-06-03T06:13:40Z,COMPLETE,,0.01000000,0.01000000,1.22115,1.21911,0E-8,0E-8,0E-8,0E-8,0.09000000,2.04000000,2.13000000
BOSS19_P4B_SOURCE_BOUND_DEAL_V2,H3-C04-BWD,EURUSD,15,PERIOD_M15,990001,990001,0,2,429,52,53,429,432,2021.06.04 15:56:40,2022.12.30 23:54:59,1622822200000,1672444499000,2021-06-04T12:56:40Z,2022-12-30T21:54:59Z,COMPLETE,,0.01000000,0.01000000,1.21723,1.07000,0E-8,0E-8,0E-8,0E-8,-40.18000000,-147.23000000,-187.41000000
BOSS19_P4B_SOURCE_BOUND_DEAL_V2,H3-C05-MAIN,EURUSD,16385,PERIOD_H1,990001,990001,990001,2,5,2,3,5,8,2023.01.04 10:13:40,2023.01.04 17:09:20,1672827220000,1672852160000,2023-01-04T08:13:40Z,2023-01-04T15:09:20Z,COMPLETE,,0.01000000,0.01000000,1.06175,1.05877,0E-8,0E-8,0E-8,0E-8,0E-8,2.98000000,2.98000000
BOSS19_P4B_SOURCE_BOUND_DEAL_V2,H3-C05-MAIN,EURUSD,16385,PERIOD_H1,990001,990001,990001,2,48,4,7,48,52,2023.01.06 17:40:20,2023.02.23 19:14:40,1673026820000,1677179680000,2023-01-06T15:40:20Z,2023-02-23T17:14:40Z,COMPLETE,,0.01000000,0.01000000,1.06043,1.05776,0E-8,0E-8,0E-8,0E-8,1.44000000,2.67000000,4.11000000
BOSS19_P4B_SOURCE_BOUND_DEAL_V2,H3-C05-MAIN,EURUSD,16385,PERIOD_H1,990001,990001,990001,2,49,5,6,49,51,2023.01.06 19:45:40,2023.02.22 21:24:40,1673034340000,1677101080000,2023-01-06T17:45:40Z,2023-02-22T19:24:40Z,COMPLETE,,0.01000000,0.01000000,1.06326,1.06064,0E-8,0E-8,0E-8,0E-8,1.35000000,2.62000000,3.97000000
BOSS19_P4B_SOURCE_BOUND_DEAL_V2,H3-C05-MAIN,EURUSD,16385,PERIOD_H1,990001,990001,990001,2,53,8,9,53,56,2023.02.24 02:53:40,2023.02.24 13:35:40,1677207220000,1677245740000,2023-02-24T00:53:40Z,2023-02-24T11:35:40Z,COMPLETE,,0.01000000,0.01000000,1.06031,1.05774,0E-8,0E-8,0E-8,0E-8,0E-8,2.57000000,2.57000000
BOSS19_P4B_SOURCE_BOUND_DEAL_V2,H3-C05-MAIN,EURUSD,16385,PERIOD_H1,990001,990001,990001,2,57,10,11,57,60,2023.02.28 15:57:40,2023.03.21 13:58:40,1677599860000,1679407120000,2023-02-28T13:57:40Z,2023-03-21T10:58:40Z,COMPLETE,,0.01000000,0.01000000,1.06320,1.07638,0E-8,0E-8,0E-8,0E-8,-1.47000000,13.18000000,11.71000000
BOSS19_P4B_SOURCE_BOUND_DEAL_V2,H3-C05-MAIN,EURUSD,16385,PERIOD_H1,990001,990001,990001,2,61,12,17,61,66,2023.03.22 12:19:40,2023.04.04 17:33:40,1679487580000,1680629620000,2023-03-22T09:19:40Z,2023-04-04T14:33:40Z,COMPLETE,,0.01000000,0.01000000,1.07907,1.09632,0E-8,0E-8,0E-8,0E-8,-0.91000000,17.25000000,16.34000000
BOSS19_P4B_SOURCE_BOUND_DEAL_V2,H3-C05-MAIN,EURUSD,16385,PERIOD_H1,990001,990001,990001,2,62,13,16,62,65,2023.03.22 21:00:40,2023.04.04 17:33:40,1679518840000,1680629620000,2023-03-22T18:00:40Z,2023-04-04T14:33:40Z,COMPLETE,,0.01000000,0.01000000,1.08165,1.09632,0E-8,0E-8,0E-8,0E-8,-0.91000000,14.67000000,13.76000000
BOSS19_P4B_SOURCE_BOUND_DEAL_V2,H3-C05-MAIN,EURUSD,16385,PERIOD_H1,990001,990001,990001,2,63,14,15,63,64,2023.03.22 21:00:40,2023.04.04 17:33:40,1679518840000,1680629620000,2023-03-22T18:00:40Z,2023-04-04T14:33:40Z,COMPLETE,,0.02000000,0.02000000,1.08424,1.09632,0E-8,0E-8,0E-8,0E-8,-1.80000000,24.16000000,22.36000000
BOSS19_P4B_SOURCE_BOUND_DEAL_V2,H3-C05-MAIN,EURUSD,16385,PERIOD_H1,990001,990001,990001,2,79,18,19,79,82,2023.04.06 17:57:40,2023.04.07 15:30:40,1680803860000,1680881440000,2023-04-06T14:57:40Z,2023-04-07T12:30:40Z,COMPLETE,,0.01000000,0.01000000,1.09234,1.08886,0E-8,0E-8,0E-8,0E-8,0.03000000,3.48000000,3.51000000
BOSS19_P4B_SOURCE_BOUND_DEAL_V2,H3-C05-MAIN,EURUSD,16385,PERIOD_H1,990001,990001,990001,2,134,20,25,134,139,2023.04.12 08:53:40,2023.07.12 16:19:40,1681289620000,1689178780000,2023-04-12T05:53:40Z,2023-07-12T13:19:40Z,COMPLETE,,0.01000000,0.01000000,1.09352,1.10833,0E-8,0E-8,0E-8,0E-8,-6.37000000,14.81000000,8.44000000
BOSS19_P4B_SOURCE_BOUND_DEAL_V2,H3-C05-MAIN,EURUSD,16385,PERIOD_H1,990001,990001,990001,2,135,21,24,135,138,2023.04.12 15:30:40,2023.07.12 16:19:40,1681313440000,1689178780000,2023-04-12T12:30:40Z,2023-07-12T13:19:40Z,COMPLETE,,0.01000000,0.01000000,1.09631,1.10833,0E-8,0E-8,0E-8,0E-8,-6.37000000,12.02000000,5.65000000
BOSS19_P4B_SOURCE_BOUND_DEAL_V2,H3-C05-MAIN,EURUSD,16385,PERIOD_H1,990001,990001,990001,2,136,22,23,136,137,2023.04.12 17:14:40,2023.07.12 16:19:40,1681319680000,1689178780000,2023-04-12T14:14:40Z,2023-07-12T13:19:40Z,COMPLETE,,0.02000000,0.02000000,1.09910,1.10833,0E-8,0E-8,0E-8,0E-8,-12.61000000,18.46000000,5.85000000
BOSS19_P4B_SOURCE_BOUND_DEAL_V2,H3-C05-MAIN,EURUSD,16385,PERIOD_H1,990001,990001,990001,2,140,26,31,140,145,2023.07.12 17:19:40,2023.07.14 12:14:20,1689182380000,1689336860000,2023-07-12T14:19:40Z,2023-07-14T09:14:20Z,COMPLETE,,0.01000000,0.01000000,1.11055,1.12446,0E-8,0E-8,0E-8,0E-8,-0.28000000,13.91000000,13.63000000
BOSS19_P4B_SOURCE_BOUND_DEAL_V2,H3-C05-MAIN,EURUSD,16385,PERIOD_H1,990001,990001,990001,2,141,27,30,141,144,2023.07.12 19:10:40,2023.07.14 12:14:20,1689189040000,1689336860000,2023-07-12T16:10:40Z,2023-07-14T09:14:20Z,COMPLETE,,0.01000000,0.01000000,1.11273,1.12446,0E-8,0E-8,0E-8,0E-8,-0.28000000,11.73000000,11.45000000
BOSS19_P4B_SOURCE_BOUND_DEAL_V2,H3-C05-MAIN,EURUSD,16385,PERIOD_H1,990001,990001,990001,2,142,28,29,142,143,2023.07.13 06:18:20,2023.07.14 12:14:20,1689229100000,1689336860000,2023-07-13T03:18:20Z,2023-07-14T09:14:20Z,COMPLETE,,0.02000000,0.02000000,1.11490,1.12446,0E-8,0E-8,0E-8,0E-8,-0.14000000,19.12000000,18.98000000
BOSS19_P4B_SOURCE_BOUND_DEAL_V2,H3-C05-MAIN,EURUSD,16385,PERIOD_H1,990001,990001,990001,2,146,32,33,146,149,2023.07.18 10:07:40,2025.04.11 11:43:00,1689674860000,1744371780000,2023-07-18T07:07:40Z,2025-04-11T08:43:00Z,COMPLETE,,0.01000000,0.01000000,1.12648,1.14355,0E-8,0E-8,0E-8,0E-8,-44.45000000,17.07000000,-27.38000000
BOSS19_P4B_SOURCE_BOUND_DEAL_V2,H3-C05-MAIN,EURUSD,16385,PERIOD_H1,990001,990001,990001,2,153,34,35,153,156,2025.04.16 03:12:40,2025.05.01 17:54:40,1744773160000,1746122080000,2025-04-16T00:12:40Z,2025-05-01T14:54:40Z,COMPLETE,,0.01000000,0.01000000,1.13095,1.12711,0E-8,0E-8,0E-8,0E-8,0.51000000,3.84000000,4.35000000
BOSS19_P4B_SOURCE_BOUND_DEAL_V2,H3-C05-MAIN,EURUSD,16385,PERIOD_H1,990001,990001,990001,2,157,36,39,157,161,2025.05.02 06:25:40,2025.05.08 18:39:40,1746167140000,1746729580000,2025-05-02T03:25:40Z,2025-05-08T15:39:40Z,COMPLETE,,0.01000000,0.01000000,1.13069,1.12655,0E-8,0E-8,0E-8,0E-8,0.18000000,4.14000000,4.32000000
BOSS19_P4B_SOURCE_BOUND_DEAL_V2,H3-C05-MAIN,EURUSD,16385,PERIOD_H1,990001,990001,990001,2,158,37,38,158,160,2025.05.02 12:39:40,2025.05.02 15:30:40,1746189580000,1746199840000,2025-05-02T09:39:40Z,2025-05-02T12:30:40Z,COMPLETE,,0.01000000,0.01000000,1.13437,1.13060,0E-8,0E-8,0E-8,0E-8,0E-8,3.77000000,3.77000000
BOSS19_P4B_SOURCE_BOUND_DEAL_V2,H3-C05-MAIN,EURUSD,16385,PERIOD_H1,990001,990001,990001,2,192,40,41,192,195,2025.05.14 11:04:40,2025.05.26 01:10:40,1747220680000,1748221840000,2025-05-14T08:04:40Z,2025-05-25T22:10:40Z,COMPLETE,,0.01000000,0.01000000,1.12287,1.13785,0E-8,0E-8,0E-8,0E-8,-0.84000000,14.98000000,14.14000000
BOSS19_P4B_SOURCE_BOUND_DEAL_V2,H3-C05-MAIN,EURUSD,16385,PERIOD_H1,990001,990001,990001,2,196,42,43,196,199,2025.05.26 04:53:40,2025.06.12 12:08:40,1748235220000,1749730120000,2025-05-26T01:53:40Z,2025-06-12T09:08:40Z,COMPLETE,,0.01000000,0.01000000,1.14092,1.15543,0E-8,0E-8,0E-8,0E-8,-1.33000000,14.51000000,13.18000000
BOSS19_P4B_SOURCE_BOUND_DEAL_V2,H3-C05-MAIN,EURUSD,16385,PERIOD_H1,990001,990001,990001,2,200,44,47,200,204,2025.06.12 12:53:40,2025.06.26 11:14:40,1749732820000,1750936480000,2025-06-12T09:53:40Z,2025-06-26T08:14:40Z,COMPLETE,,0.01000000,0.01000000,1.15832,1.17317,0E-8,0E-8,0E-8,0E-8,-0.98000000,14.85000000,13.87000000
BOSS19_P4B_SOURCE_BOUND_DEAL_V2,H3-C05-MAIN,EURUSD,16385,PERIOD_H1,990001,990001,990001,2,201,45,46,201,203,2025.06.12 15:30:40,2025.06.26 11:14:40,1749742240000,1750936480000,2025-06-12T12:30:40Z,2025-06-26T08:14:40Z,COMPLETE,,0.01000000,0.01000000,1.16111,1.17317,0E-8,0E-8,0E-8,0E-8,-0.98000000,12.06000000,11.08000000
BOSS19_P4B_SOURCE_BOUND_DEAL_V2,H3-C05-MAIN,EURUSD,16385,PERIOD_H1,990001,990001,990001,2,205,48,53,205,210,2025.06.30 18:46:40,2025.09.17 21:08:40,1751309200000,1758143320000,2025-06-30T15:46:40Z,2025-09-17T18:08:40Z,COMPLETE,,0.01000000,0.01000000,1.17593,1.19111,0E-8,0E-8,0E-8,0E-8,-5.53000000,15.18000000,9.65000000
BOSS19_P4B_SOURCE_BOUND_DEAL_V2,H3-C05-MAIN,EURUSD,16385,PERIOD_H1,990001,990001,990001,2,206,49,52,206,209,2025.06.30 23:26:20,2025.09.17 21:08:40,1751325980000,1758143320000,2025-06-30T20:26:20Z,2025-09-17T18:08:40Z,COMPLETE,,0.01000000,0.01000000,1.17858,1.19111,0E-8,0E-8,0E-8,0E-8,-5.53000000,12.53000000,7.00000000
BOSS19_P4B_SOURCE_BOUND_DEAL_V2,H3-C05-MAIN,EURUSD,16385,PERIOD_H1,990001,990001,990001,2,207,50,51,207,208,2025.07.01 11:54:40,2025.09.17 21:08:40,1751370880000,1758143320000,2025-07-01T08:54:40Z,2025-09-17T18:08:40Z,COMPLETE,,0.02000000,0.02000000,1.18124,1.19111,0E-8,0E-8,0E-8,0E-8,-10.81000000,19.74000000,8.93000000
BOSS19_P4B_SOURCE_BOUND_DEAL_V2,H3-C05-MAIN,EURUSD,16385,PERIOD_H1,990001,990001,0,2,223,54,55,223,226,2025.09.18 10:40:40,2025.12.30 23:59:59,1758192040000,1767139199000,2025-09-18T07:40:40Z,2025-12-30T21:59:59Z,COMPLETE,,0.01000000,0.01000000,1.18324,1.17469,0E-8,0E-8,0E-8,0E-8,-7.07000000,-8.55000000,-15.62000000
BOSS19_P4B_SOURCE_BOUND_DEAL_V2,H3-C05-BWD,EURUSD,16385,PERIOD_H1,990001,990001,990001,2,50,2,5,50,54,2020.01.02 17:56:40,2020.03.06 11:41:40,1577987800000,1583494900000,2020-01-02T15:56:40Z,2020-03-06T09:41:40Z,COMPLETE,,0.01000000,0.01000000,1.11882,1.12874,0E-8,0E-8,0E-8,0E-8,-4.48000000,9.92000000,5.44000000
BOSS19_P4B_SOURCE_BOUND_DEAL_V2,H3-C05-BWD,EURUSD,16385,PERIOD_H1,990001,990001,990001,2,51,3,4,51,53,2020.01.02 17:59:40,2020.03.06 11:41:40,1577987980000,1583494900000,2020-01-02T15:59:40Z,2020-03-06T09:41:40Z,COMPLETE,,0.01000000,0.01000000,1.12017,1.12874,0E-8,0E-8,0E-8,0E-8,-4.48000000,8.57000000,4.09000000
BOSS19_P4B_SOURCE_BOUND_DEAL_V2,H3-C05-BWD,EURUSD,16385,PERIOD_H1,990001,990001,990001,2,55,6,11,55,60,2020.03.06 12:05:40,2020.03.09 04:49:40,1583496340000,1583729380000,2020-03-06T10:05:40Z,2020-03-09T01:49:40Z,COMPLETE,,0.01000000,0.01000000,1.13049,1.14653,0E-8,0E-8,0E-8,0E-8,-0.07000000,16.04000000,15.97000000
BOSS19_P4B_SOURCE_BOUND_DEAL_V2,H3-C05-BWD,EURUSD,16385,PERIOD_H1,990001,990001,990001,2,56,7,10,56,59,2020.03.06 12:28:40,2020.03.09 04:49:40,1583497720000,1583729380000,2020-03-06T10:28:40Z,2020-03-09T01:49:40Z,COMPLETE,,0.01000000,0.01000000,1.13234,1.14653,0E-8,0E-8,0E-8,0E-8,-0.07000000,14.19000000,14.12000000
BOSS19_P4B_SOURCE_BOUND_DEAL_V2,H3-C05-BWD,EURUSD,16385,PERIOD_H1,990001,990001,990001,2,57,8,9,57,58,2020.03.06 16:16:40,2020.03.09 04:49:40,1583511400000,1583729380000,2020-03-06T14:16:40Z,2020-03-09T01:49:40Z,COMPLETE,,0.02000000,0.02000000,1.13418,1.14653,0E-8,0E-8,0E-8,0E-8,-0.14000000,24.70000000,24.56000000
BOSS19_P4B_SOURCE_BOUND_DEAL_V2,H3-C05-BWD,EURUSD,16385,PERIOD_H1,990001,990001,990001,2,61,12,13,61,64,2020.03.09 04:50:20,2020.07.23 18:43:40,1583729420000,1595529820000,2020-03-09T01:50:20Z,2020-07-23T15:43:40Z,COMPLETE,,0.01000000,0.01000000,1.14860,1.16150,0E-8,0E-8,0E-8,0E-8,-9.66000000,12.90000000,3.24000000
BOSS19_P4B_SOURCE_BOUND_DEAL_V2,H3-C05-BWD,EURUSD,16385,PERIOD_H1,990001,990001,990001,2,65,14,19,65,70,2020.07.24 20:20:40,2020.07.29 21:42:40,1595622040000,1596058960000,2020-07-24T17:20:40Z,2020-07-29T18:42:40Z,COMPLETE,,0.01000000,0.01000000,1.16418,1.18051,0E-8,0E-8,0E-8,0E-8,-0.21000000,16.33000000,16.12000000
BOSS19_P4B_SOURCE_BOUND_DEAL_V2,H3-C05-BWD,EURUSD,16385,PERIOD_H1,990001,990001,990001,2,66,15,18,66,69,2020.07.27 03:20:40,2020.07.29 21:42:40,1595820040000,1596058960000,2020-07-27T00:20:40Z,2020-07-29T18:42:40Z,COMPLETE,,0.01000000,0.01000000,1.16674,1.18051,0E-8,0E-8,0E-8,0E-8,-0.14000000,13.77000000,13.63000000
BOSS19_P4B_SOURCE_BOUND_DEAL_V2,H3-C05-BWD,EURUSD,16385,PERIOD_H1,990001,990001,990001,2,67,16,17,67,68,2020.07.27 03:44:40,2020.07.29 21:42:40,1595821480000,1596058960000,2020-07-27T00:44:40Z,2020-07-29T18:42:40Z,COMPLETE,,0.02000000,0.02000000,1.16929,1.18051,0E-8,0E-8,0E-8,0E-8,-0.28000000,22.44000000,22.16000000
BOSS19_P4B_SOURCE_BOUND_DEAL_V2,H3-C05-BWD,EURUSD,16385,PERIOD_H1,990001,990001,990001,2,71,20,25,71,76,2020.07.30 20:34:40,2020.09.01 16:21:40,1596141280000,1598977300000,2020-07-30T17:34:40Z,2020-09-01T13:21:40Z,COMPLETE,,0.01000000,0.01000000,1.18283,1.20102,0E-8,0E-8,0E-8,0E-8,-2.17000000,18.19000000,16.02000000
BOSS19_P4B_SOURCE_BOUND_DEAL_V2,H3-C05-BWD,EURUSD,16385,PERIOD_H1,990001,990001,990001,2,72,21,24,72,75,2020.07.31 02:15:40,2020.09.01 16:21:40,1596161740000,1598977300000,2020-07-30T23:15:40Z,2020-09-01T13:21:40Z,COMPLETE,,0.01000000,0.01000000,1.18530,1.20102,0E-8,0E-8,0E-8,0E-8,-2.10000000,15.72000000,13.62000000
BOSS19_P4B_SOURCE_BOUND_DEAL_V2,H3-C05-BWD,EURUSD,16385,PERIOD_H1,990001,990001,990001,2,73,22,23,73,74,2020.07.31 03:01:40,2020.09.01 16:21:40,1596164500000,1598977300000,2020-07-31T00:01:40Z,2020-09-01T13:21:40Z,COMPLETE,,0.02000000,0.02000000,1.18778,1.20102,0E-8,0E-8,0E-8,0E-8,-4.16000000,26.48000000,22.32000000
BOSS19_P4B_SOURCE_BOUND_DEAL_V2,H3-C05-BWD,EURUSD,16385,PERIOD_H1,990001,990001,990001,2,83,26,31,83,88,2020.09.10 11:44:40,2020.11.30 11:58:20,1599738280000,1606737500000,2020-09-10T08:44:40Z,2020-11-30T09:58:20Z,COMPLETE,,0.01000000,0.01000000,1.18384,1.19846,0E-8,0E-8,0E-8,0E-8,-5.53000000,14.62000000,9.09000000
BOSS19_P4B_SOURCE_BOUND_DEAL_V2,H3-C05-BWD,EURUSD,16385,PERIOD_H1,990001,990001,990001,2,84,27,30,84,87,2020.09.10 15:31:40,2020.11.30 11:58:20,1599751900000,1606737500000,2020-09-10T12:31:40Z,2020-11-30T09:58:20Z,COMPLETE,,0.01000000,0.01000000,1.18659,1.19846,0E-8,0E-8,0E-8,0E-8,-5.53000000,11.87000000,6.34000000
BOSS19_P4B_SOURCE_BOUND_DEAL_V2,H3-C05-BWD,EURUSD,16385,PERIOD_H1,990001,990001,990001,2,85,28,29,85,86,2020.09.10 15:37:40,2020.11.30 11:58:20,1599752260000,1606737500000,2020-09-10T12:37:40Z,2020-11-30T09:58:20Z,COMPLETE,,0.02000000,0.02000000,1.18934,1.19846,0E-8,0E-8,0E-8,0E-8,-10.95000000,18.24000000,7.29000000
BOSS19_P4B_SOURCE_BOUND_DEAL_V2,H3-C05-BWD,EURUSD,16385,PERIOD_H1,990001,990001,990001,2,89,32,37,89,94,2020.12.01 17:17:40,2020.12.03 14:58:40,1606843060000,1607007520000,2020-12-01T15:17:40Z,2020-12-03T12:58:40Z,COMPLETE,,0.01000000,0.01000000,1.20066,1.21605,0E-8,0E-8,0E-8,0E-8,-0.28000000,15.39000000,15.11000000
BOSS19_P4B_SOURCE_BOUND_DEAL_V2,H3-C05-BWD,EURUSD,16385,PERIOD_H1,990001,990001,990001,2,90,33,36,90,93,2020.12.01 17:46:40,2020.12.03 14:58:40,1606844800000,1607007520000,2020-12-01T15:46:40Z,2020-12-03T12:58:40Z,COMPLETE,,0.01000000,0.01000000,1.20290,1.21605,0E-8,0E-8,0E-8,0E-8,-0.28000000,13.15000000,12.87000000
BOSS19_P4B_SOURCE_BOUND_DEAL_V2,H3-C05-BWD,EURUSD,16385,PERIOD_H1,990001,990001,990001,2,91,34,35,91,92,2020.12.01 18:21:40,2020.12.03 14:58:40,1606846900000,1607007520000,2020-12-01T16:21:40Z,2020-12-03T12:58:40Z,COMPLETE,,0.02000000,0.02000000,1.20513,1.21605,0E-8,0E-8,0E-8,0E-8,-0.55000000,21.84000000,21.29000000
BOSS19_P4B_SOURCE_BOUND_DEAL_V2,H3-C05-BWD,EURUSD,16385,PERIOD_H1,990001,990001,990001,2,149,38,39,149,152,2020.12.07 15:19:40,2020.12.07 23:59:40,1607354380000,1607385580000,2020-12-07T13:19:40Z,2020-12-07T21:59:40Z,COMPLETE,,0.01000000,0.01000000,1.21309,1.21055,0E-8,0E-8,0E-8,0E-8,0E-8,2.54000000,2.54000000
BOSS19_P4B_SOURCE_BOUND_DEAL_V2,H3-C05-BWD,EURUSD,16385,PERIOD_H1,990001,990001,990001,2,153,40,41,153,156,2020.12.08 10:45:40,2020.12.08 17:27:40,1607424340000,1607448460000,2020-12-08T08:45:40Z,2020-12-08T15:27:40Z,COMPLETE,,0.01000000,0.01000000,1.21284,1.21028,0E-8,0E-8,0E-8,0E-8,0E-8,2.56000000,2.56000000
BOSS19_P4B_SOURCE_BOUND_DEAL_V2,H3-C05-BWD,EURUSD,16385,PERIOD_H1,990001,990001,990001,2,223,42,43,223,226,2020.12.10 15:40:40,2020.12.10 16:07:40,1607614840000,1607616460000,2020-12-10T13:40:40Z,2020-12-10T14:07:40Z,COMPLETE,,0.01000000,0.01000000,1.21299,1.21045,0E-8,0E-8,0E-8,0E-8,0E-8,2.54000000,2.54000000
BOSS19_P4B_SOURCE_BOUND_DEAL_V2,H3-C05-BWD,EURUSD,16385,PERIOD_H1,990001,990001,990001,2,224,44,45,224,227,2020.12.10 16:58:40,2020.12.10 17:27:40,1607619520000,1607621260000,2020-12-10T14:58:40Z,2020-12-10T15:27:40Z,COMPLETE,,0.01000000,0.01000000,1.21533,1.21296,0E-8,0E-8,0E-8,0E-8,0E-8,2.37000000,2.37000000
BOSS19_P4B_SOURCE_BOUND_DEAL_V2,H3-C05-BWD,EURUSD,16385,PERIOD_H1,990001,990001,990001,2,228,46,51,228,233,2020.12.11 03:09:40,2020.12.30 03:40:40,1607656180000,1609299640000,2020-12-11T01:09:40Z,2020-12-30T01:40:40Z,COMPLETE,,0.01000000,0.01000000,1.21547,1.22938,0E-8,0E-8,0E-8,0E-8,-1.19000000,13.91000000,12.72000000
BOSS19_P4B_SOURCE_BOUND_DEAL_V2,H3-C05-BWD,EURUSD,16385,PERIOD_H1,990001,990001,990001,2,229,47,50,229,232,2020.12.16 10:30:40,2020.12.30 03:40:40,1608114640000,1609299640000,2020-12-16T08:30:40Z,2020-12-30T01:40:40Z,COMPLETE,,0.01000000,0.01000000,1.21782,1.22938,0E-8,0E-8,0E-8,0E-8,-0.98000000,11.56000000,10.58000000
BOSS19_P4B_SOURCE_BOUND_DEAL_V2,H3-C05-BWD,EURUSD,16385,PERIOD_H1,990001,990001,990001,2,230,48,49,230,231,2020.12.16 10:34:40,2020.12.30 03:40:40,1608114880000,1609299640000,2020-12-16T08:34:40Z,2020-12-30T01:40:40Z,COMPLETE,,0.02000000,0.02000000,1.22018,1.22938,0E-8,0E-8,0E-8,0E-8,-1.94000000,18.40000000,16.46000000
BOSS19_P4B_SOURCE_BOUND_DEAL_V2,H3-C05-BWD,EURUSD,16385,PERIOD_H1,990001,990001,990001,2,237,52,57,237,242,2021.01.04 01:49:40,2021.01.08 10:04:40,1609724980000,1610100280000,2021-01-03T23:49:40Z,2021-01-08T08:04:40Z,COMPLETE,,0.01000000,0.01000000,1.22490,1.22228,0E-8,0E-8,0E-8,0E-8,0.18000000,2.62000000,2.80000000
BOSS19_P4B_SOURCE_BOUND_DEAL_V2,H3-C05-BWD,EURUSD,16385,PERIOD_H1,990001,990001,990001,2,238,53,56,238,241,2021.01.04 10:17:40,2021.01.04 20:09:40,1609755460000,1609790980000,2021-01-04T08:17:40Z,2021-01-04T18:09:40Z,COMPLETE,,0.01000000,0.01000000,1.22707,1.22467,0E-8,0E-8,0E-8,0E-8,0E-8,2.40000000,2.40000000
BOSS19_P4B_SOURCE_BOUND_DEAL_V2,H3-C05-BWD,EURUSD,16385,PERIOD_H1,990001,990001,990001,2,239,54,55,239,240,2021.01.04 11:18:40,2021.01.04 17:30:40,1609759120000,1609781440000,2021-01-04T09:18:40Z,2021-01-04T15:30:40Z,COMPLETE,,0.01000000,0.01000000,1.22924,1.22677,0E-8,0E-8,0E-8,0E-8,0E-8,2.47000000,2.47000000
BOSS19_P4B_SOURCE_BOUND_DEAL_V2,H3-C05-BWD,EURUSD,16385,PERIOD_H1,990001,990001,990001,2,243,58,61,243,247,2021.01.08 13:15:40,2021.01.08 17:23:40,1610111740000,1610126620000,2021-01-08T11:15:40Z,2021-01-08T15:23:40Z,COMPLETE,,0.01000000,0.01000000,1.22474,1.22226,0E-8,0E-8,0E-8,0E-8,0E-8,2.48000000,2.48000000
BOSS19_P4B_SOURCE_BOUND_DEAL_V2,H3-C05-BWD,EURUSD,16385,PERIOD_H1,990001,990001,990001,2,244,59,60,244,246,2021.01.08 15:41:40,2021.01.08 16:53:20,1610120500000,1610124800000,2021-01-08T13:41:40Z,2021-01-08T14:53:20Z,COMPLETE,,0.01000000,0.01000000,1.22704,1.22464,0E-8,0E-8,0E-8,0E-8,0E-8,2.40000000,2.40000000
BOSS19_P4B_SOURCE_BOUND_DEAL_V2,H3-C05-BWD,EURUSD,16385,PERIOD_H1,990001,990001,990001,2,275,62,63,275,278,2021.01.20 08:36:40,2021.05.25 10:04:40,1611131800000,1621937080000,2021-01-20T06:36:40Z,2021-05-25T07:04:40Z,COMPLETE,,0.01000000,0.01000000,1.21516,1.22572,0E-8,0E-8,0E-8,0E-8,-8.75000000,10.56000000,1.81000000
BOSS19_P4B_SOURCE_BOUND_DEAL_V2,H3-C05-BWD,EURUSD,16385,PERIOD_H1,990001,990001,0,2,318,64,67,318,322,2021.05.31 17:56:40,2022.12.30 23:54:59,1622483800000,1672444499000,2021-05-31T14:56:40Z,2022-12-30T21:54:59Z,COMPLETE,,0.01000000,0.01000000,1.22261,1.07000,0E-8,0E-8,0E-8,0E-8,-40.60000000,-152.61000000,-193.21000000
BOSS19_P4B_SOURCE_BOUND_DEAL_V2,H3-C05-BWD,EURUSD,16385,PERIOD_H1,990001,990001,0,2,319,65,66,319,321,2021.06.01 17:00:40,2022.12.30 23:54:59,1622566840000,1672444499000,2021-06-01T14:00:40Z,2022-12-30T21:54:59Z,COMPLETE,,0.01000000,0.01000000,1.22468,1.07000,0E-8,0E-8,0E-8,0E-8,-40.53000000,-154.68000000,-195.21000000
BOSS19_P4B_SOURCE_BOUND_DEAL_V2,H3-C06-MAIN,EURUSD,16388,PERIOD_H4,990001,990001,990001,2,5,2,7,5,10,2023.01.04 07:02:40,2023.01.05 16:33:40,1672815760000,1672936420000,2023-01-04T05:02:40Z,2023-01-05T14:33:40Z,COMPLETE,,0.01000000,0.01000000,1.05742,1.05448,0E-8,0E-8,0E-8,0E-8,0.09000000,2.94000000,3.03000000
BOSS19_P4B_SOURCE_BOUND_DEAL_V2,H3-C06-MAIN,EURUSD,16388,PERIOD_H4,990001,990001,990001,2,6,3,6,6,9,2023.01.04 09:44:40,2023.01.05 15:30:40,1672825480000,1672932640000,2023-01-04T07:44:40Z,2023-01-05T13:30:40Z,COMPLETE,,0.01000000,0.01000000,1.06017,1.05729,0E-8,0E-8,0E-8,0E-8,0.09000000,2.88000000,2.97000000
BOSS19_P4B_SOURCE_BOUND_DEAL_V2,H3-C06-MAIN,EURUSD,16388,PERIOD_H4,990001,990001,990001,2,7,4,5,7,8,2023.01.04 10:16:40,2023.01.04 14:39:20,1672827400000,1672843160000,2023-01-04T08:16:40Z,2023-01-04T12:39:20Z,COMPLETE,,0.01000000,0.01000000,1.06293,1.06006,0E-8,0E-8,0E-8,0E-8,0E-8,2.87000000,2.87000000
BOSS19_P4B_SOURCE_BOUND_DEAL_V2,H3-C06-MAIN,EURUSD,16388,PERIOD_H4,990001,990001,990001,2,11,8,13,11,16,2023.01.06 17:12:40,2023.02.24 15:30:40,1673025160000,1677252640000,2023-01-06T15:12:40Z,2023-02-24T13:30:40Z,COMPLETE,,0.01000000,0.01000000,1.05728,1.05454,0E-8,0E-8,0E-8,0E-8,1.47000000,2.74000000,4.21000000
BOSS19_P4B_SOURCE_BOUND_DEAL_V2,H3-C06-MAIN,EURUSD,16388,PERIOD_H4,990001,990001,990001,2,12,9,12,12,15,2023.01.06 17:39:40,2023.02.24 13:41:40,1673026780000,1677246100000,2023-01-06T15:39:40Z,2023-02-24T11:41:40Z,COMPLETE,,0.01000000,0.01000000,1.06011,1.05744,0E-8,0E-8,0E-8,0E-8,1.47000000,2.67000000,4.14000000
BOSS19_P4B_SOURCE_BOUND_DEAL_V2,H3-C06-MAIN,EURUSD,16388,PERIOD_H4,990001,990001,990001,2,13,10,11,13,14,2023.01.06 19:44:40,2023.02.22 21:34:20,1673034280000,1677101660000,2023-01-06T17:44:40Z,2023-02-22T19:34:20Z,COMPLETE,,0.01000000,0.01000000,1.06295,1.06036,0E-8,0E-8,0E-8,0E-8,1.35000000,2.59000000,3.94000000
BOSS19_P4B_SOURCE_BOUND_DEAL_V2,H3-C06-MAIN,EURUSD,16388,PERIOD_H4,990001,990001,990001,2,17,14,19,17,22,2023.02.27 15:41:40,2023.03.08 02:05:40,1677512500000,1678241140000,2023-02-27T13:41:40Z,2023-03-08T00:05:40Z,COMPLETE,,0.01000000,0.01000000,1.05702,1.05440,0E-8,0E-8,0E-8,0E-8,0.27000000,2.62000000,2.89000000
BOSS19_P4B_SOURCE_BOUND_DEAL_V2,H3-C06-MAIN,EURUSD,16388,PERIOD_H4,990001,990001,990001,2,18,15,18,18,21,2023.02.27 17:05:40,2023.03.01 02:10:40,1677517540000,1677636640000,2023-02-27T15:05:40Z,2023-03-01T00:10:40Z,COMPLETE,,0.01000000,0.01000000,1.05948,1.05699,0E-8,0E-8,0E-8,0E-8,0.06000000,2.49000000,2.55000000
BOSS19_P4B_SOURCE_BOUND_DEAL_V2,H3-C06-MAIN,EURUSD,16388,PERIOD_H4,990001,990001,990001,2,19,16,17,19,20,2023.02.28 10:53:40,2023.02.28 20:15:40,1677581620000,1677615340000,2023-02-28T08:53:40Z,2023-02-28T18:15:40Z,COMPLETE,,0.01000000,0.01000000,1.06195,1.05929,0E-8,0E-8,0E-8,0E-8,0E-8,2.66000000,2.66000000
BOSS19_P4B_SOURCE_BOUND_DEAL_V2,H3-C06-MAIN,EURUSD,16388,PERIOD_H4,990001,990001,990001,2,23,20,21,23,26,2023.03.08 17:27:20,2023.03.08 19:12:40,1678296440000,1678302760000,2023-03-08T15:27:20Z,2023-03-08T17:12:40Z,COMPLETE,,0.01000000,0.01000000,1.05690,1.05433,0E-8,0E-8,0E-8,0E-8,0E-8,2.57000000,2.57000000
BOSS19_P4B_SOURCE_BOUND_DEAL_V2,H3-C06-MAIN,EURUSD,16388,PERIOD_H4,990001,990001,990001,2,24,22,25,24,28,2023.03.10 02:25:40,2023.03.15 15:09:40,1678415140000,1678892980000,2023-03-10T00:25:40Z,2023-03-15T12:09:40Z,COMPLETE,,0.01000000,0.01000000,1.05946,1.05635,0E-8,0E-8,0E-8,0E-8,0.09000000,3.11000000,3.20000000
BOSS19_P4B_SOURCE_BOUND_DEAL_V2,H3-C06-MAIN,EURUSD,16388,PERIOD_H4,990001,990001,990001,2,25,23,24,25,27,2023.03.10 15:30:40,2023.03.15 14:21:40,1678462240000,1678890100000,2023-03-10T13:30:40Z,2023-03-15T11:21:40Z,COMPLETE,,0.01000000,0.01000000,1.06201,1.05922,0E-8,0E-8,0E-8,0E-8,0.09000000,2.79000000,2.88000000
BOSS19_P4B_SOURCE_BOUND_DEAL_V2,H3-C06-MAIN,EURUSD,16388,PERIOD_H4,990001,990001,990001,2,29,26,29,29,33,2023.03.15 15:30:40,2023.03.21 11:11:40,1678894240000,1679397100000,2023-03-15T12:30:40Z,2023-03-21T08:11:40Z,COMPLETE,,0.01000000,0.01000000,1.05898,1.07339,0E-8,0E-8,0E-8,0E-8,-0.42000000,14.41000000,13.99000000
BOSS19_P4B_SOURCE_BOUND_DEAL_V2,H3-C06-MAIN,EURUSD,16388,PERIOD_H4,990001,990001,990001,2,30,27,28,30,32,2023.03.16 08:28:20,2023.03.21 11:11:40,1678955300000,1679397100000,2023-03-16T05:28:20Z,2023-03-21T08:11:40Z,COMPLETE,,0.01000000,0.01000000,1.06160,1.07339,0E-8,0E-8,0E-8,0E-8,-0.21000000,11.79000000,11.58000000
BOSS19_P4B_SOURCE_BOUND_DEAL_V2,H3-C06-MAIN,EURUSD,16388,PERIOD_H4,990001,990001,990001,2,34,30,35,34,39,2023.03.21 13:42:20,2023.03.23 09:28:40,1679406140000,1679563720000,2023-03-21T10:42:20Z,2023-03-23T06:28:40Z,COMPLETE,,0.01000000,0.01000000,1.07586,1.09292,0E-8,0E-8,0E-8,0E-8,-0.28000000,17.06000000,16.78000000
BOSS19_P4B_SOURCE_BOUND_DEAL_V2,H3-C06-MAIN,EURUSD,16388,PERIOD_H4,990001,990001,990001,2,35,31,34,35,38,2023.03.21 14:56:40,2023.03.23 09:28:40,1679410600000,1679563720000,2023-03-21T11:56:40Z,2023-03-23T06:28:40Z,COMPLETE,,0.01000000,0.01000000,1.07844,1.09292,0E-8,0E-8,0E-8,0E-8,-0.28000000,14.48000000,14.20000000
BOSS19_P4B_SOURCE_BOUND_DEAL_V2,H3-C06-MAIN,EURUSD,16388,PERIOD_H4,990001,990001,990001,2,36,32,33,36,37,2023.03.22 21:00:40,2023.03.23 09:28:40,1679518840000,1679563720000,2023-03-22T18:00:40Z,2023-03-23T06:28:40Z,COMPLETE,,0.02000000,0.02000000,1.08103,1.09292,0E-8,0E-8,0E-8,0E-8,-0.41000000,23.78000000,23.37000000
BOSS19_P4B_SOURCE_BOUND_DEAL_V2,H3-C06-MAIN,EURUSD,16388,PERIOD_H4,990001,990001,990001,2,40,36,41,40,45,2023.04.04 17:19:20,2023.07.12 16:53:40,1680628760000,1689180820000,2023-04-04T14:19:20Z,2023-07-12T13:53:40Z,COMPLETE,,0.01000000,0.01000000,1.09541,1.10994,0E-8,0E-8,0E-8,0E-8,-6.93000000,14.53000000,7.60000000
BOSS19_P4B_SOURCE_BOUND_DEAL_V2,H3-C06-MAIN,EURUSD,16388,PERIOD_H4,990001,990001,990001,2,41,37,40,41,44,2023.04.12 15:31:40,2023.07.12 16:53:40,1681313500000,1689180820000,2023-04-12T12:31:40Z,2023-07-12T13:53:40Z,COMPLETE,,0.01000000,0.01000000,1.09808,1.10994,0E-8,0E-8,0E-8,0E-8,-6.37000000,11.86000000,5.49000000
BOSS19_P4B_SOURCE_BOUND_DEAL_V2,H3-C06-MAIN,EURUSD,16388,PERIOD_H4,990001,990001,990001,2,42,38,39,42,43,2023.04.13 11:00:40,2023.07.12 16:53:40,1681383640000,1689180820000,2023-04-13T08:00:40Z,2023-07-12T13:53:40Z,COMPLETE,,0.02000000,0.02000000,1.10076,1.10994,0E-8,0E-8,0E-8,0E-8,-12.20000000,18.36000000,6.16000000
BOSS19_P4B_SOURCE_BOUND_DEAL_V2,H3-C06-MAIN,EURUSD,16388,PERIOD_H4,990001,990001,990001,2,46,42,47,46,51,2023.07.12 17:53:40,2023.07.18 08:15:40,1689184420000,1689668140000,2023-07-12T14:53:40Z,2023-07-18T05:15:40Z,COMPLETE,,0.01000000,0.01000000,1.11218,1.12588,0E-8,0E-8,0E-8,0E-8,-0.42000000,13.70000000,13.28000000
BOSS19_P4B_SOURCE_BOUND_DEAL_V2,H3-C06-MAIN,EURUSD,16388,PERIOD_H4,990001,990001,990001,2,47,43,46,47,50,2023.07.13 03:20:40,2023.07.18 08:15:40,1689218440000,1689668140000,2023-07-13T00:20:40Z,2023-07-18T05:15:40Z,COMPLETE,,0.01000000,0.01000000,1.11436,1.12588,0E-8,0E-8,0E-8,0E-8,-0.21000000,11.52000000,11.31000000
BOSS19_P4B_SOURCE_BOUND_DEAL_V2,H3-C06-MAIN,EURUSD,16388,PERIOD_H4,990001,990001,990001,2,48,44,45,48,49,2023.07.13 11:27:40,2023.07.18 08:15:40,1689247660000,1689668140000,2023-07-13T08:27:40Z,2023-07-18T05:15:40Z,COMPLETE,,0.02000000,0.02000000,1.11653,1.12588,0E-8,0E-8,0E-8,0E-8,-0.42000000,18.70000000,18.28000000
BOSS19_P4B_SOURCE_BOUND_DEAL_V2,H3-C06-MAIN,EURUSD,16388,PERIOD_H4,990001,990001,990001,2,73,48,49,73,76,2023.07.26 21:44:40,2023.07.27 02:35:40,1690407880000,1690425340000,2023-07-26T18:44:40Z,2023-07-26T23:35:40Z,COMPLETE,,0.01000000,0.01000000,1.11010,1.10788,0E-8,0E-8,0E-8,0E-8,0.09000000,2.22000000,2.31000000
BOSS19_P4B_SOURCE_BOUND_DEAL_V2,H3-C06-MAIN,EURUSD,16388,PERIOD_H4,990001,990001,990001,2,74,50,53,74,78,2023.07.27 10:40:40,2023.07.27 15:21:20,1690454440000,1690471280000,2023-07-27T07:40:40Z,2023-07-27T12:21:20Z,COMPLETE,,0.01000000,0.01000000,1.11228,1.10986,0E-8,0E-8,0E-8,0E-8,0E-8,2.42000000,2.42000000
BOSS19_P4B_SOURCE_BOUND_DEAL_V2,H3-C06-MAIN,EURUSD,16388,PERIOD_H4,990001,990001,990001,2,75,51,52,75,77,2023.07.27 13:05:40,2023.07.27 15:15:40,1690463140000,1690470940000,2023-07-27T10:05:40Z,2023-07-27T12:15:40Z,COMPLETE,,0.01000000,0.01000000,1.11447,1.11161,0E-8,0E-8,0E-8,0E-8,0E-8,2.86000000,2.86000000
BOSS19_P4B_SOURCE_BOUND_DEAL_V2,H3-C06-MAIN,EURUSD,16388,PERIOD_H4,990001,990001,990001,2,118,54,55,118,121,2023.09.01 16:33:40,2023.11.28 17:04:40,1693586020000,1701191080000,2023-09-01T13:33:40Z,2023-11-28T15:04:40Z,COMPLETE,,0.01000000,0.01000000,1.08776,1.09875,0E-8,0E-8,0E-8,0E-8,-6.02000000,10.99000000,4.97000000
BOSS19_P4B_SOURCE_BOUND_DEAL_V2,H3-C06-MAIN,EURUSD,16388,PERIOD_H4,990001,990001,990001,2,122,56,57,122,125,2023.11.28 19:00:40,2023.12.27 18:19:40,1701198040000,1703701180000,2023-11-28T17:00:40Z,2023-12-27T16:19:40Z,COMPLETE,,0.01000000,0.01000000,1.10080,1.11203,0E-8,0E-8,0E-8,0E-8,-2.03000000,11.23000000,9.20000000
BOSS19_P4B_SOURCE_BOUND_DEAL_V2,H3-C06-MAIN,EURUSD,16388,PERIOD_H4,990001,990001,990001,2,129,58,59,129,132,2024.01.04 11:30:40,2024.01.04 15:32:40,1704367840000,1704382360000,2024-01-04T09:30:40Z,2024-01-04T13:32:40Z,COMPLETE,,0.01000000,0.01000000,1.09578,1.09341,0E-8,0E-8,0E-8,0E-8,0E-8,2.37000000,2.37000000
BOSS19_P4B_SOURCE_BOUND_DEAL_V2,H3-C06-MAIN,EURUSD,16388,PERIOD_H4,990001,990001,990001,2,130,60,61,130,133,2024.01.05 17:01:40,2024.01.05 18:55:40,1704474100000,1704480940000,2024-01-05T15:01:40Z,2024-01-05T16:55:40Z,COMPLETE,,0.01000000,0.01000000,1.09793,1.09576,0E-8,0E-8,0E-8,0E-8,0E-8,2.17000000,2.17000000
BOSS19_P4B_SOURCE_BOUND_DEAL_V2,H3-C06-MAIN,EURUSD,16388,PERIOD_H4,990001,990001,990001,2,221,62,67,221,226,2024.02.20 11:35:40,2024.03.06 17:54:40,1708428940000,1709747680000,2024-02-20T09:35:40Z,2024-03-06T15:54:40Z,COMPLETE,,0.01000000,0.01000000,1.07937,1.09053,0E-8,0E-8,0E-8,0E-8,-1.05000000,11.16000000,10.11000000
BOSS19_P4B_SOURCE_BOUND_DEAL_V2,H3-C06-MAIN,EURUSD,16388,PERIOD_H4,990001,990001,990001,2,222,63,66,222,225,2024.02.20 15:30:40,2024.03.06 17:54:40,1708443040000,1709747680000,2024-02-20T13:30:40Z,2024-03-06T15:54:40Z,COMPLETE,,0.01000000,0.01000000,1.08117,1.09053,0E-8,0E-8,0E-8,0E-8,-1.05000000,9.36000000,8.31000000
BOSS19_P4B_SOURCE_BOUND_DEAL_V2,H3-C06-MAIN,EURUSD,16388,PERIOD_H4,990001,990001,990001,2,223,64,65,223,224,2024.02.20 16:21:40,2024.03.06 17:54:40,1708446100000,1709747680000,2024-02-20T14:21:40Z,2024-03-06T15:54:40Z,COMPLETE,,0.02000000,0.02000000,1.08298,1.09053,0E-8,0E-8,0E-8,0E-8,-2.08000000,15.10000000,13.02000000
BOSS19_P4B_SOURCE_BOUND_DEAL_V2,H3-C06-MAIN,EURUSD,16388,PERIOD_H4,990001,990001,990001,2,227,68,73,227,232,2024.03.07 17:38:40,2024.08.14 12:03:40,1709833120000,1723637020000,2024-03-07T15:38:40Z,2024-08-14T09:03:40Z,COMPLETE,,0.01000000,0.01000000,1.09237,1.10226,0E-8,0E-8,0E-8,0E-8,-11.06000000,9.89000000,-1.17000000
BOSS19_P4B_SOURCE_BOUND_DEAL_V2,H3-C06-MAIN,EURUSD,16388,PERIOD_H4,990001,990001,990001,2,228,69,72,228,231,2024.03.07 18:54:40,2024.08.14 12:03:40,1709837680000,1723637020000,2024-03-07T16:54:40Z,2024-08-14T09:03:40Z,COMPLETE,,0.01000000,0.01000000,1.09410,1.10226,0E-8,0E-8,0E-8,0E-8,-11.06000000,8.16000000,-2.90000000
BOSS19_P4B_SOURCE_BOUND_DEAL_V2,H3-C06-MAIN,EURUSD,16388,PERIOD_H4,990001,990001,990001,2,229,70,71,229,230,2024.03.08 15:30:40,2024.08.14 12:03:40,1709911840000,1723637020000,2024-03-08T13:30:40Z,2024-08-14T09:03:40Z,COMPLETE,,0.02000000,0.02000000,1.09583,1.10226,0E-8,0E-8,0E-8,0E-8,-21.76000000,12.86000000,-8.90000000
BOSS19_P4B_SOURCE_BOUND_DEAL_V2,H3-C06-MAIN,EURUSD,16388,PERIOD_H4,990001,990001,990001,2,233,74,79,233,238,2024.08.14 16:09:40,2024.08.21 18:26:40,1723651780000,1724264800000,2024-08-14T13:09:40Z,2024-08-21T15:26:40Z,COMPLETE,,0.01000000,0.01000000,1.10390,1.11419,0E-8,0E-8,0E-8,0E-8,-0.49000000,10.29000000,9.80000000
BOSS19_P4B_SOURCE_BOUND_DEAL_V2,H3-C06-MAIN,EURUSD,16388,PERIOD_H4,990001,990001,990001,2,234,75,78,234,237,2024.08.19 17:10:20,2024.08.21 18:26:40,1724087420000,1724264800000,2024-08-19T14:10:20Z,2024-08-21T15:26:40Z,COMPLETE,,0.01000000,0.01000000,1.10544,1.11419,0E-8,0E-8,0E-8,0E-8,-0.14000000,8.75000000,8.61000000
BOSS19_P4B_SOURCE_BOUND_DEAL_V2,H3-C06-MAIN,EURUSD,16388,PERIOD_H4,990001,990001,990001,2,235,76,77,235,236,2024.08.19 17:34:40,2024.08.21 18:26:40,1724088880000,1724264800000,2024-08-19T14:34:40Z,2024-08-21T15:26:40Z,COMPLETE,,0.02000000,0.02000000,1.10698,1.11419,0E-8,0E-8,0E-8,0E-8,-0.28000000,14.42000000,14.14000000
BOSS19_P4B_SOURCE_BOUND_DEAL_V2,H3-C06-MAIN,EURUSD,16388,PERIOD_H4,990001,990001,990001,2,239,80,85,239,244,2024.08.21 20:48:40,2025.04.11 03:32:40,1724273320000,1744342360000,2024-08-21T17:48:40Z,2025-04-11T00:32:40Z,COMPLETE,,0.01000000,0.01000000,1.11570,1.13747,0E-8,0E-8,0E-8,0E-8,-16.45000000,21.77000000,5.32000000
BOSS19_P4B_SOURCE_BOUND_DEAL_V2,H3-C06-MAIN,EURUSD,16388,PERIOD_H4,990001,990001,990001,2,240,81,84,240,243,2024.08.21 21:17:40,2025.04.11 03:32:40,1724275060000,1744342360000,2024-08-21T18:17:40Z,2025-04-11T00:32:40Z,COMPLETE,,0.01000000,0.01000000,1.11732,1.13747,0E-8,0E-8,0E-8,0E-8,-16.45000000,20.15000000,3.70000000
BOSS19_P4B_SOURCE_BOUND_DEAL_V2,H3-C06-MAIN,EURUSD,16388,PERIOD_H4,990001,990001,990001,2,241,82,83,241,242,2024.08.23 18:11:40,2025.04.11 03:32:40,1724436700000,1744342360000,2024-08-23T15:11:40Z,2025-04-11T00:32:40Z,COMPLETE,,0.02000000,0.02000000,1.11895,1.13747,0E-8,0E-8,0E-8,0E-8,-32.01000000,37.04000000,5.03000000
BOSS19_P4B_SOURCE_BOUND_DEAL_V2,H3-C06-MAIN,EURUSD,16388,PERIOD_H4,990001,990001,990001,2,245,86,91,245,250,2025.04.11 11:02:40,2025.06.12 12:54:20,1744369360000,1749732860000,2025-04-11T08:02:40Z,2025-06-12T09:54:20Z,COMPLETE,,0.01000000,0.01000000,1.14039,1.15882,0E-8,0E-8,0E-8,0E-8,-4.34000000,18.43000000,14.09000000
BOSS19_P4B_SOURCE_BOUND_DEAL_V2,H3-C06-MAIN,EURUSD,16388,PERIOD_H4,990001,990001,990001,2,246,87,90,246,249,2025.04.11 11:43:20,2025.06.12 12:54:20,1744371800000,1749732860000,2025-04-11T08:43:20Z,2025-06-12T09:54:20Z,COMPLETE,,0.01000000,0.01000000,1.14381,1.15882,0E-8,0E-8,0E-8,0E-8,-4.34000000,15.01000000,10.67000000
BOSS19_P4B_SOURCE_BOUND_DEAL_V2,H3-C06-MAIN,EURUSD,16388,PERIOD_H4,990001,990001,990001,2,247,88,89,247,248,2025.04.11 11:50:40,2025.06.12 12:54:20,1744372240000,1749732860000,2025-04-11T08:50:40Z,2025-06-12T09:54:20Z,COMPLETE,,0.02000000,0.02000000,1.14722,1.15882,0E-8,0E-8,0E-8,0E-8,-8.59000000,23.20000000,14.61000000
BOSS19_P4B_SOURCE_BOUND_DEAL_V2,H3-C06-MAIN,EURUSD,16388,PERIOD_H4,990001,990001,990001,2,251,92,97,251,256,2025.06.12 13:51:40,2025.06.30 21:17:40,1749736300000,1751318260000,2025-06-12T10:51:40Z,2025-06-30T18:17:40Z,COMPLETE,,0.01000000,0.01000000,1.16036,1.17770,0E-8,0E-8,0E-8,0E-8,-1.12000000,17.34000000,16.22000000
BOSS19_P4B_SOURCE_BOUND_DEAL_V2,H3-C06-MAIN,EURUSD,16388,PERIOD_H4,990001,990001,990001,2,252,93,96,252,255,2025.06.12 15:30:40,2025.06.30 21:17:40,1749742240000,1751318260000,2025-06-12T12:30:40Z,2025-06-30T18:17:40Z,COMPLETE,,0.01000000,0.01000000,1.16315,1.17770,0E-8,0E-8,0E-8,0E-8,-1.12000000,14.55000000,13.43000000
BOSS19_P4B_SOURCE_BOUND_DEAL_V2,H3-C06-MAIN,EURUSD,16388,PERIOD_H4,990001,990001,990001,2,253,94,95,253,254,2025.06.25 21:43:40,2025.06.30 21:17:40,1750887820000,1751318260000,2025-06-25T18:43:40Z,2025-06-30T18:17:40Z,COMPLETE,,0.02000000,0.02000000,1.16594,1.17770,0E-8,0E-8,0E-8,0E-8,-0.69000000,23.52000000,22.83000000
BOSS19_P4B_SOURCE_BOUND_DEAL_V2,H3-C06-MAIN,EURUSD,16388,PERIOD_H4,990001,990001,0,2,257,98,99,257,260,2025.07.01 04:20:40,2025.12.30 23:59:59,1751343640000,1767139199000,2025-07-01T01:20:40Z,2025-12-30T21:59:59Z,COMPLETE,,0.01000000,0.01000000,1.18048,1.17469,0E-8,0E-8,0E-8,0E-8,-12.74000000,-5.79000000,-18.53000000
BOSS19_P4B_SOURCE_BOUND_DEAL_V2,H3-C06-BWD,EURUSD,16388,PERIOD_H4,990001,990001,990001,2,5,2,3,5,8,2020.01.13 11:02:40,2020.01.13 11:30:40,1578913360000,1578915040000,2020-01-13T09:02:40Z,2020-01-13T09:30:40Z,COMPLETE,,0.01000000,0.01000000,1.11333,1.11184,0E-8,0E-8,0E-8,0E-8,0E-8,1.49000000,1.49000000
BOSS19_P4B_SOURCE_BOUND_DEAL_V2,H3-C06-BWD,EURUSD,16388,PERIOD_H4,990001,990001,990001,2,6,4,7,6,10,2020.01.15 13:09:40,2020.01.16 17:18:40,1579093780000,1579195120000,2020-01-15T11:09:40Z,2020-01-16T15:18:40Z,COMPLETE,,0.01000000,0.01000000,1.11475,1.11321,0E-8,0E-8,0E-8,0E-8,0.09000000,1.54000000,1.63000000
BOSS19_P4B_SOURCE_BOUND_DEAL_V2,H3-C06-BWD,EURUSD,16388,PERIOD_H4,990001,990001,990001,2,7,5,6,7,9,2020.01.15 16:33:40,2020.01.15 17:08:40,1579106020000,1579108120000,2020-01-15T14:33:40Z,2020-01-15T15:08:40Z,COMPLETE,,0.01000000,0.01000000,1.11617,1.11465,0E-8,0E-8,0E-8,0E-8,0E-8,1.52000000,1.52000000
BOSS19_P4B_SOURCE_BOUND_DEAL_V2,H3-C06-BWD,EURUSD,16388,PERIOD_H4,990001,990001,990001,2,170,8,13,170,175,2020.02.26 10:49:40,2020.02.27 15:58:40,1582714180000,1582819120000,2020-02-26T08:49:40Z,2020-02-27T13:58:40Z,COMPLETE,,0.01000000,0.01000000,1.08907,1.09771,0E-8,0E-8,0E-8,0E-8,-0.21000000,8.64000000,8.43000000
BOSS19_P4B_SOURCE_BOUND_DEAL_V2,H3-C06-BWD,EURUSD,16388,PERIOD_H4,990001,990001,990001,2,171,9,12,171,174,2020.02.26 14:11:40,2020.02.27 15:58:40,1582726300000,1582819120000,2020-02-26T12:11:40Z,2020-02-27T13:58:40Z,COMPLETE,,0.01000000,0.01000000,1.09044,1.09771,0E-8,0E-8,0E-8,0E-8,-0.21000000,7.27000000,7.06000000
BOSS19_P4B_SOURCE_BOUND_DEAL_V2,H3-C06-BWD,EURUSD,16388,PERIOD_H4,990001,990001,990001,2,172,10,11,172,173,2020.02.27 08:50:40,2020.02.27 15:58:40,1582793440000,1582819120000,2020-02-27T06:50:40Z,2020-02-27T13:58:40Z,COMPLETE,,0.02000000,0.02000000,1.09182,1.09771,0E-8,0E-8,0E-8,0E-8,0E-8,11.78000000,11.78000000
BOSS19_P4B_SOURCE_BOUND_DEAL_V2,H3-C06-BWD,EURUSD,16388,PERIOD_H4,990001,990001,990001,2,176,14,19,176,181,2020.02.27 17:05:40,2020.03.02 10:13:40,1582823140000,1583144020000,2020-02-27T15:05:40Z,2020-03-02T08:13:40Z,COMPLETE,,0.01000000,0.01000000,1.09918,1.10851,0E-8,0E-8,0E-8,0E-8,-0.14000000,9.33000000,9.19000000
BOSS19_P4B_SOURCE_BOUND_DEAL_V2,H3-C06-BWD,EURUSD,16388,PERIOD_H4,990001,990001,990001,2,177,15,18,177,180,2020.02.27 17:43:40,2020.03.02 10:13:40,1582825420000,1583144020000,2020-02-27T15:43:40Z,2020-03-02T08:13:40Z,COMPLETE,,0.01000000,0.01000000,1.10057,1.10851,0E-8,0E-8,0E-8,0E-8,-0.14000000,7.94000000,7.80000000
BOSS19_P4B_SOURCE_BOUND_DEAL_V2,H3-C06-BWD,EURUSD,16388,PERIOD_H4,990001,990001,990001,2,178,16,17,178,179,2020.02.28 10:11:40,2020.03.02 10:13:40,1582884700000,1583144020000,2020-02-28T08:11:40Z,2020-03-02T08:13:40Z,COMPLETE,,0.02000000,0.02000000,1.10195,1.10851,0E-8,0E-8,0E-8,0E-8,-0.14000000,13.12000000,12.98000000
BOSS19_P4B_SOURCE_BOUND_DEAL_V2,H3-C06-BWD,EURUSD,16388,PERIOD_H4,990001,990001,990001,2,182,20,25,182,187,2020.03.02 13:35:20,2020.03.03 17:19:40,1583156120000,1583255980000,2020-03-02T11:35:20Z,2020-03-03T15:19:40Z,COMPLETE,,0.01000000,0.01000000,1.11007,1.12107,0E-8,0E-8,0E-8,0E-8,-0.07000000,11.00000000,10.93000000
BOSS19_P4B_SOURCE_BOUND_DEAL_V2,H3-C06-BWD,EURUSD,16388,PERIOD_H4,990001,990001,990001,2,183,21,24,183,186,2020.03.02 13:57:40,2020.03.03 17:19:40,1583157460000,1583255980000,2020-03-02T11:57:40Z,2020-03-03T15:19:40Z,COMPLETE,,0.01000000,0.01000000,1.11159,1.12107,0E-8,0E-8,0E-8,0E-8,-0.07000000,9.48000000,9.41000000
BOSS19_P4B_SOURCE_BOUND_DEAL_V2,H3-C06-BWD,EURUSD,16388,PERIOD_H4,990001,990001,990001,2,184,22,23,184,185,2020.03.02 15:20:20,2020.03.03 17:19:40,1583162420000,1583255980000,2020-03-02T13:20:20Z,2020-03-03T15:19:40Z,COMPLETE,,0.02000000,0.02000000,1.11310,1.12107,0E-8,0E-8,0E-8,0E-8,-0.14000000,15.94000000,15.80000000
BOSS19_P4B_SOURCE_BOUND_DEAL_V2,H3-C06-BWD,EURUSD,16388,PERIOD_H4,990001,990001,990001,2,188,26,31,188,193,2020.03.05 22:36:40,2020.03.06 13:35:40,1583447800000,1583501740000,2020-03-05T20:36:40Z,2020-03-06T11:35:40Z,COMPLETE,,0.01000000,0.01000000,1.12251,1.13391,0E-8,0E-8,0E-8,0E-8,-0.07000000,11.40000000,11.33000000
BOSS19_P4B_SOURCE_BOUND_DEAL_V2,H3-C06-BWD,EURUSD,16388,PERIOD_H4,990001,990001,990001,2,189,27,30,189,192,2020.03.05 23:43:40,2020.03.06 13:35:40,1583451820000,1583501740000,2020-03-05T21:43:40Z,2020-03-06T11:35:40Z,COMPLETE,,0.01000000,0.01000000,1.12416,1.13391,0E-8,0E-8,0E-8,0E-8,-0.07000000,9.75000000,9.68000000
BOSS19_P4B_SOURCE_BOUND_DEAL_V2,H3-C06-BWD,EURUSD,16388,PERIOD_H4,990001,990001,990001,2,190,28,29,190,191,2020.03.06 10:31:40,2020.03.06 13:35:40,1583490700000,1583501740000,2020-03-06T08:31:40Z,2020-03-06T11:35:40Z,COMPLETE,,0.02000000,0.02000000,1.12580,1.13391,0E-8,0E-8,0E-8,0E-8,0E-8,16.22000000,16.22000000
BOSS19_P4B_SOURCE_BOUND_DEAL_V2,H3-C06-BWD,EURUSD,16388,PERIOD_H4,990001,990001,990001,2,194,32,37,194,199,2020.03.09 01:34:40,2020.03.09 04:50:20,1583717680000,1583729420000,2020-03-08T22:34:40Z,2020-03-09T01:50:20Z,COMPLETE,,0.01000000,0.01000000,1.13586,1.14935,0E-8,0E-8,0E-8,0E-8,0E-8,13.49000000,13.49000000
BOSS19_P4B_SOURCE_BOUND_DEAL_V2,H3-C06-BWD,EURUSD,16388,PERIOD_H4,990001,990001,990001,2,195,33,36,195,198,2020.03.09 01:42:40,2020.03.09 04:50:20,1583718160000,1583729420000,2020-03-08T22:42:40Z,2020-03-09T01:50:20Z,COMPLETE,,0.01000000,0.01000000,1.13771,1.14935,0E-8,0E-8,0E-8,0E-8,0E-8,11.64000000,11.64000000
BOSS19_P4B_SOURCE_BOUND_DEAL_V2,H3-C06-BWD,EURUSD,16388,PERIOD_H4,990001,990001,990001,2,196,34,35,196,197,2020.03.09 02:38:40,2020.03.09 04:50:20,1583721520000,1583729420000,2020-03-08T23:38:40Z,2020-03-09T01:50:20Z,COMPLETE,,0.02000000,0.02000000,1.13955,1.14935,0E-8,0E-8,0E-8,0E-8,0E-8,19.60000000,19.60000000
BOSS19_P4B_SOURCE_BOUND_DEAL_V2,H3-C06-BWD,EURUSD,16388,PERIOD_H4,990001,990001,990001,2,200,38,41,200,204,2020.03.09 04:52:20,2020.07.23 17:56:40,1583729540000,1595527000000,2020-03-09T01:52:20Z,2020-07-23T14:56:40Z,COMPLETE,,0.01000000,0.01000000,1.14632,1.16042,0E-8,0E-8,0E-8,0E-8,-9.66000000,14.10000000,4.44000000
BOSS19_P4B_SOURCE_BOUND_DEAL_V2,H3-C06-BWD,EURUSD,16388,PERIOD_H4,990001,990001,990001,2,201,39,40,201,203,2020.03.09 16:38:40,2020.07.23 17:56:40,1583771920000,1595527000000,2020-03-09T13:38:40Z,2020-07-23T14:56:40Z,COMPLETE,,0.01000000,0.01000000,1.14826,1.16042,0E-8,0E-8,0E-8,0E-8,-9.66000000,12.16000000,2.50000000
BOSS19_P4B_SOURCE_BOUND_DEAL_V2,H3-C06-BWD,EURUSD,16388,PERIOD_H4,990001,990001,990001,2,205,42,47,205,210,2020.07.24 17:31:40,2020.07.29 20:41:40,1595611900000,1596055300000,2020-07-24T14:31:40Z,2020-07-29T17:41:40Z,COMPLETE,,0.01000000,0.01000000,1.16297,1.17874,0E-8,0E-8,0E-8,0E-8,-0.21000000,15.77000000,15.56000000
BOSS19_P4B_SOURCE_BOUND_DEAL_V2,H3-C06-BWD,EURUSD,16388,PERIOD_H4,990001,990001,990001,2,206,43,46,206,209,2020.07.24 23:19:40,2020.07.29 20:41:40,1595632780000,1596055300000,2020-07-24T20:19:40Z,2020-07-29T17:41:40Z,COMPLETE,,0.01000000,0.01000000,1.16553,1.17874,0E-8,0E-8,0E-8,0E-8,-0.21000000,13.21000000,13.00000000
BOSS19_P4B_SOURCE_BOUND_DEAL_V2,H3-C06-BWD,EURUSD,16388,PERIOD_H4,990001,990001,990001,2,207,44,45,207,208,2020.07.27 03:38:40,2020.07.29 20:41:40,1595821120000,1596055300000,2020-07-27T00:38:40Z,2020-07-29T17:41:40Z,COMPLETE,,0.02000000,0.02000000,1.16808,1.17874,0E-8,0E-8,0E-8,0E-8,-0.28000000,21.32000000,21.04000000
BOSS19_P4B_SOURCE_BOUND_DEAL_V2,H3-C06-BWD,EURUSD,16388,PERIOD_H4,990001,990001,990001,2,211,48,53,211,216,2020.07.30 20:05:40,2020.09.01 05:38:40,1596139540000,1598938720000,2020-07-30T17:05:40Z,2020-09-01T02:38:40Z,COMPLETE,,0.01000000,0.01000000,1.18119,1.19924,0E-8,0E-8,0E-8,0E-8,-2.17000000,18.05000000,15.88000000
BOSS19_P4B_SOURCE_BOUND_DEAL_V2,H3-C06-BWD,EURUSD,16388,PERIOD_H4,990001,990001,990001,2,212,49,52,212,215,2020.07.30 21:59:40,2020.09.01 05:38:40,1596146380000,1598938720000,2020-07-30T18:59:40Z,2020-09-01T02:38:40Z,COMPLETE,,0.01000000,0.01000000,1.18366,1.19924,0E-8,0E-8,0E-8,0E-8,-2.17000000,15.58000000,13.41000000
BOSS19_P4B_SOURCE_BOUND_DEAL_V2,H3-C06-BWD,EURUSD,16388,PERIOD_H4,990001,990001,990001,2,213,50,51,213,214,2020.07.31 02:16:40,2020.09.01 05:38:40,1596161800000,1598938720000,2020-07-30T23:16:40Z,2020-09-01T02:38:40Z,COMPLETE,,0.02000000,0.02000000,1.18614,1.19924,0E-8,0E-8,0E-8,0E-8,-4.16000000,26.20000000,22.04000000
BOSS19_P4B_SOURCE_BOUND_DEAL_V2,H3-C06-BWD,EURUSD,16388,PERIOD_H4,990001,990001,990001,2,340,54,57,340,344,2020.09.10 15:33:40,2020.09.10 19:45:40,1599752020000,1599767140000,2020-09-10T12:33:40Z,2020-09-10T16:45:40Z,COMPLETE,,0.01000000,0.01000000,1.18841,1.18549,0E-8,0E-8,0E-8,0E-8,0E-8,2.92000000,2.92000000
BOSS19_P4B_SOURCE_BOUND_DEAL_V2,H3-C06-BWD,EURUSD,16388,PERIOD_H4,990001,990001,990001,2,341,55,56,341,343,2020.09.10 16:49:40,2020.09.10 17:46:40,1599756580000,1599760000000,2020-09-10T13:49:40Z,2020-09-10T14:46:40Z,COMPLETE,,0.01000000,0.01000000,1.19131,1.18835,0E-8,0E-8,0E-8,0E-8,0E-8,2.96000000,2.96000000
BOSS19_P4B_SOURCE_BOUND_DEAL_V2,H3-C06-BWD,EURUSD,16388,PERIOD_H4,990001,990001,990001,2,411,58,59,411,414,2020.09.14 15:49:40,2020.11.30 16:19:20,1600098580000,1606753160000,2020-09-14T12:49:40Z,2020-11-30T14:19:20Z,COMPLETE,,0.01000000,0.01000000,1.18832,1.19951,0E-8,0E-8,0E-8,0E-8,-5.39000000,11.19000000,5.80000000
BOSS19_P4B_SOURCE_BOUND_DEAL_V2,H3-C06-BWD,EURUSD,16388,PERIOD_H4,990001,990001,990001,2,415,60,65,415,420,2020.12.01 17:19:40,2020.12.03 16:14:40,1606843180000,1607012080000,2020-12-01T15:19:40Z,2020-12-03T14:14:40Z,COMPLETE,,0.01000000,0.01000000,1.20168,1.21647,0E-8,0E-8,0E-8,0E-8,-0.28000000,14.79000000,14.51000000
BOSS19_P4B_SOURCE_BOUND_DEAL_V2,H3-C06-BWD,EURUSD,16388,PERIOD_H4,990001,990001,990001,2,416,61,64,416,419,2020.12.01 17:55:40,2020.12.03 16:14:40,1606845340000,1607012080000,2020-12-01T15:55:40Z,2020-12-03T14:14:40Z,COMPLETE,,0.01000000,0.01000000,1.20392,1.21647,0E-8,0E-8,0E-8,0E-8,-0.28000000,12.55000000,12.27000000
BOSS19_P4B_SOURCE_BOUND_DEAL_V2,H3-C06-BWD,EURUSD,16388,PERIOD_H4,990001,990001,990001,2,417,62,63,417,418,2020.12.01 22:40:40,2020.12.03 16:14:40,1606862440000,1607012080000,2020-12-01T20:40:40Z,2020-12-03T14:14:40Z,COMPLETE,,0.02000000,0.02000000,1.20615,1.21647,0E-8,0E-8,0E-8,0E-8,-0.55000000,20.64000000,20.09000000
BOSS19_P4B_SOURCE_BOUND_DEAL_V2,H3-C06-BWD,EURUSD,16388,PERIOD_H4,990001,990001,990001,2,421,66,71,421,426,2020.12.16 10:31:40,2021.01.06 09:10:40,1608114700000,1609924240000,2020-12-16T08:31:40Z,2021-01-06T07:10:40Z,COMPLETE,,0.01000000,0.01000000,1.21885,1.23328,0E-8,0E-8,0E-8,0E-8,-1.47000000,14.43000000,12.96000000
BOSS19_P4B_SOURCE_BOUND_DEAL_V2,H3-C06-BWD,EURUSD,16388,PERIOD_H4,990001,990001,990001,2,422,67,70,422,425,2020.12.16 10:53:40,2021.01.06 09:10:40,1608116020000,1609924240000,2020-12-16T08:53:40Z,2021-01-06T07:10:40Z,COMPLETE,,0.01000000,0.01000000,1.22116,1.23328,0E-8,0E-8,0E-8,0E-8,-1.47000000,12.12000000,10.65000000
BOSS19_P4B_SOURCE_BOUND_DEAL_V2,H3-C06-BWD,EURUSD,16388,PERIOD_H4,990001,990001,990001,2,423,68,69,423,424,2020.12.17 06:24:40,2021.01.06 09:10:40,1608186280000,1609924240000,2020-12-17T04:24:40Z,2021-01-06T07:10:40Z,COMPLETE,,0.02000000,0.02000000,1.22348,1.23328,0E-8,0E-8,0E-8,0E-8,-2.50000000,19.60000000,17.10000000
BOSS19_P4B_SOURCE_BOUND_DEAL_V2,H3-C06-BWD,EURUSD,16388,PERIOD_H4,990001,990001,990001,2,442,72,73,442,445,2021.01.12 21:32:40,2021.01.13 12:28:40,1610487160000,1610540920000,2021-01-12T19:32:40Z,2021-01-13T10:28:40Z,COMPLETE,,0.01000000,0.01000000,1.22007,1.21737,0E-8,0E-8,0E-8,0E-8,0.03000000,2.70000000,2.73000000
BOSS19_P4B_SOURCE_BOUND_DEAL_V2,H3-C06-BWD,EURUSD,16388,PERIOD_H4,990001,990001,990001,2,506,74,75,506,509,2021.01.26 17:32:40,2021.01.26 18:52:40,1611682360000,1611687160000,2021-01-26T15:32:40Z,2021-01-26T16:52:40Z,COMPLETE,,0.01000000,0.01000000,1.21686,1.21404,0E-8,0E-8,0E-8,0E-8,0E-8,2.82000000,2.82000000
BOSS19_P4B_SOURCE_BOUND_DEAL_V2,H3-C06-BWD,EURUSD,16388,PERIOD_H4,990001,990001,990001,2,642,76,79,642,646,2021.02.10 09:32:20,2021.05.19 09:25:40,1612949540000,1621416340000,2021-02-10T07:32:20Z,2021-05-19T06:25:40Z,COMPLETE,,0.01000000,0.01000000,1.21337,1.22442,0E-8,0E-8,0E-8,0E-8,-6.86000000,11.05000000,4.19000000
BOSS19_P4B_SOURCE_BOUND_DEAL_V2,H3-C06-BWD,EURUSD,16388,PERIOD_H4,990001,990001,990001,2,643,77,78,643,645,2021.02.16 10:58:40,2021.05.19 09:25:40,1613473120000,1621416340000,2021-02-16T08:58:40Z,2021-05-19T06:25:40Z,COMPLETE,,0.01000000,0.01000000,1.21564,1.22442,0E-8,0E-8,0E-8,0E-8,-6.44000000,8.78000000,2.34000000
BOSS19_P4B_SOURCE_BOUND_DEAL_V2,H3-C06-BWD,EURUSD,16388,PERIOD_H4,990001,990001,0,2,647,80,81,647,650,2021.05.25 15:14:40,2022.12.30 23:54:59,1621955680000,1672444499000,2021-05-25T12:14:40Z,2022-12-30T21:54:59Z,COMPLETE,,0.01000000,0.01000000,1.22643,1.07000,0E-8,0E-8,0E-8,0E-8,-41.02000000,-156.43000000,-197.45000000
BOSS19_P4B_SOURCE_BOUND_DEAL_V2,H3-C07-MAIN,GBPUSD,15,PERIOD_M15,990001,990001,990001,2,29,2,5,29,33,2023.01.04 10:06:40,2023.01.16 03:58:40,1672826800000,1673841520000,2023-01-04T08:06:40Z,2023-01-16T01:58:40Z,COMPLETE,,0.01000000,0.01000000,1.20426,1.22749,0E-8,0E-8,0E-8,0E-8,-0.22000000,23.23000000,23.01000000
BOSS19_P4B_SOURCE_BOUND_DEAL_V2,H3-C07-MAIN,GBPUSD,15,PERIOD_M15,990001,990001,990001,2,30,3,4,30,32,2023.01.04 10:16:40,2023.01.16 03:58:40,1672827400000,1673841520000,2023-01-04T08:16:40Z,2023-01-16T01:58:40Z,COMPLETE,,0.01000000,0.01000000,1.20841,1.22749,0E-8,0E-8,0E-8,0E-8,-0.22000000,19.08000000,18.86000000
BOSS19_P4B_SOURCE_BOUND_DEAL_V2,H3-C07-MAIN,GBPUSD,15,PERIOD_M15,990001,990001,990001,2,55,6,11,55,60,2023.01.17 13:56:20,2023.04.04 12:06:40,1673963780000,1680610000000,2023-01-17T11:56:20Z,2023-04-04T09:06:40Z,COMPLETE,,0.01000000,0.01000000,1.22584,1.24863,0E-8,0E-8,0E-8,0E-8,-1.43000000,22.79000000,21.36000000
BOSS19_P4B_SOURCE_BOUND_DEAL_V2,H3-C07-MAIN,GBPUSD,15,PERIOD_M15,990001,990001,990001,2,56,7,10,56,59,2023.01.17 17:01:40,2023.04.04 12:06:40,1673974900000,1680610000000,2023-01-17T15:01:40Z,2023-04-04T09:06:40Z,COMPLETE,,0.01000000,0.01000000,1.22992,1.24863,0E-8,0E-8,0E-8,0E-8,-1.43000000,18.71000000,17.28000000
BOSS19_P4B_SOURCE_BOUND_DEAL_V2,H3-C07-MAIN,GBPUSD,15,PERIOD_M15,990001,990001,990001,2,57,8,9,57,58,2023.01.18 10:17:40,2023.04.04 12:06:40,1674037060000,1680610000000,2023-01-18T08:17:40Z,2023-04-04T09:06:40Z,COMPLETE,,0.02000000,0.02000000,1.23401,1.24863,0E-8,0E-8,0E-8,0E-8,-2.39000000,29.24000000,26.85000000
BOSS19_P4B_SOURCE_BOUND_DEAL_V2,H3-C07-MAIN,GBPUSD,15,PERIOD_M15,990001,990001,990001,2,61,12,13,61,64,2023.04.04 12:51:40,2023.05.08 13:33:20,1680612700000,1683552800000,2023-04-04T09:51:40Z,2023-05-08T10:33:20Z,COMPLETE,,0.01000000,0.01000000,1.25202,1.26575,0E-8,0E-8,0E-8,0E-8,-0.63000000,13.73000000,13.10000000
BOSS19_P4B_SOURCE_BOUND_DEAL_V2,H3-C07-MAIN,GBPUSD,15,PERIOD_M15,990001,990001,990001,2,113,14,15,113,116,2023.05.10 15:30:40,2023.05.10 17:42:40,1683732640000,1683740560000,2023-05-10T12:30:40Z,2023-05-10T14:42:40Z,COMPLETE,,0.01000000,0.01000000,1.26458,1.26187,0E-8,0E-8,0E-8,0E-8,0E-8,2.71000000,2.71000000
BOSS19_P4B_SOURCE_BOUND_DEAL_V2,H3-C07-MAIN,GBPUSD,15,PERIOD_M15,990001,990001,990001,2,237,16,19,237,241,2023.05.15 12:54:40,2023.06.14 13:00:20,1684155280000,1686747620000,2023-05-15T09:54:40Z,2023-06-14T10:00:20Z,COMPLETE,,0.01000000,0.01000000,1.24947,1.26465,0E-8,0E-8,0E-8,0E-8,-0.56000000,15.18000000,14.62000000
BOSS19_P4B_SOURCE_BOUND_DEAL_V2,H3-C07-MAIN,GBPUSD,15,PERIOD_M15,990001,990001,990001,2,238,17,18,238,240,2023.05.15 18:38:40,2023.06.14 13:00:20,1684175920000,1686747620000,2023-05-15T15:38:40Z,2023-06-14T10:00:20Z,COMPLETE,,0.01000000,0.01000000,1.25224,1.26465,0E-8,0E-8,0E-8,0E-8,-0.56000000,12.41000000,11.85000000
BOSS19_P4B_SOURCE_BOUND_DEAL_V2,H3-C07-MAIN,GBPUSD,15,PERIOD_M15,990001,990001,990001,2,242,20,21,242,245,2023.06.14 15:54:40,2023.06.16 09:33:40,1686758080000,1686908020000,2023-06-14T12:54:40Z,2023-06-16T06:33:40Z,COMPLETE,,0.01000000,0.01000000,1.26731,1.28169,0E-8,0E-8,0E-8,0E-8,-0.07000000,14.38000000,14.31000000
BOSS19_P4B_SOURCE_BOUND_DEAL_V2,H3-C07-MAIN,GBPUSD,15,PERIOD_M15,990001,990001,990001,2,246,22,23,246,249,2023.06.16 15:16:40,2023.07.12 16:37:40,1686928600000,1689179860000,2023-06-16T12:16:40Z,2023-07-12T13:37:40Z,COMPLETE,,0.01000000,0.01000000,1.28460,1.29920,0E-8,0E-8,0E-8,0E-8,-0.45000000,14.60000000,14.15000000
BOSS19_P4B_SOURCE_BOUND_DEAL_V2,H3-C07-MAIN,GBPUSD,15,PERIOD_M15,990001,990001,990001,2,250,24,29,250,255,2023.07.13 10:07:40,2024.08.23 17:02:40,1689242860000,1724432560000,2023-07-13T07:07:40Z,2024-08-23T14:02:40Z,COMPLETE,,0.01000000,0.01000000,1.30213,1.31808,0E-8,0E-8,0E-8,0E-8,-7.56000000,15.95000000,8.39000000
BOSS19_P4B_SOURCE_BOUND_DEAL_V2,H3-C07-MAIN,GBPUSD,15,PERIOD_M15,990001,990001,990001,2,251,25,28,251,254,2023.07.13 11:18:40,2024.08.23 17:02:40,1689247120000,1724432560000,2023-07-13T08:18:40Z,2024-08-23T14:02:40Z,COMPLETE,,0.01000000,0.01000000,1.30501,1.31808,0E-8,0E-8,0E-8,0E-8,-7.56000000,13.07000000,5.51000000
BOSS19_P4B_SOURCE_BOUND_DEAL_V2,H3-C07-MAIN,GBPUSD,15,PERIOD_M15,990001,990001,990001,2,252,26,27,252,253,2023.07.13 12:44:40,2024.08.23 17:02:40,1689252280000,1724432560000,2023-07-13T09:44:40Z,2024-08-23T14:02:40Z,COMPLETE,,0.02000000,0.02000000,1.30789,1.31808,0E-8,0E-8,0E-8,0E-8,-12.79000000,20.38000000,7.59000000
BOSS19_P4B_SOURCE_BOUND_DEAL_V2,H3-C07-MAIN,GBPUSD,15,PERIOD_M15,990001,990001,990001,2,256,30,35,256,261,2024.08.23 17:05:20,2024.09.20 10:09:40,1724432720000,1726826980000,2024-08-23T14:05:20Z,2024-09-20T07:09:40Z,COMPLETE,,0.01000000,0.01000000,1.31815,1.33360,0E-8,0E-8,0E-8,0E-8,-0.52000000,15.45000000,14.93000000
BOSS19_P4B_SOURCE_BOUND_DEAL_V2,H3-C07-MAIN,GBPUSD,15,PERIOD_M15,990001,990001,990001,2,257,31,34,257,260,2024.08.23 17:33:40,2024.09.20 10:09:40,1724434420000,1726826980000,2024-08-23T14:33:40Z,2024-09-20T07:09:40Z,COMPLETE,,0.01000000,0.01000000,1.32033,1.33360,0E-8,0E-8,0E-8,0E-8,-0.52000000,13.27000000,12.75000000
BOSS19_P4B_SOURCE_BOUND_DEAL_V2,H3-C07-MAIN,GBPUSD,15,PERIOD_M15,990001,990001,990001,2,258,32,33,258,259,2024.08.23 18:15:40,2024.09.20 10:09:40,1724436940000,1726826980000,2024-08-23T15:15:40Z,2024-09-20T07:09:40Z,COMPLETE,,0.02000000,0.02000000,1.32252,1.33360,0E-8,0E-8,0E-8,0E-8,-0.88000000,22.16000000,21.28000000
BOSS19_P4B_SOURCE_BOUND_DEAL_V2,H3-C07-MAIN,GBPUSD,15,PERIOD_M15,990001,990001,990001,2,292,36,37,292,295,2024.09.20 19:10:40,2024.09.23 10:09:40,1726859440000,1727086180000,2024-09-20T16:10:40Z,2024-09-23T07:09:40Z,COMPLETE,,0.01000000,0.01000000,1.33124,1.32864,0E-8,0E-8,0E-8,0E-8,-0.01000000,2.60000000,2.59000000
BOSS19_P4B_SOURCE_BOUND_DEAL_V2,H3-C07-MAIN,GBPUSD,15,PERIOD_M15,990001,990001,990001,2,302,38,39,302,305,2024.09.23 13:38:40,2024.10.01 18:05:40,1727098720000,1727805940000,2024-09-23T10:38:40Z,2024-10-01T15:05:40Z,COMPLETE,,0.01000000,0.01000000,1.33027,1.32735,0E-8,0E-8,0E-8,0E-8,-0.09000000,2.92000000,2.83000000
BOSS19_P4B_SOURCE_BOUND_DEAL_V2,H3-C07-MAIN,GBPUSD,15,PERIOD_M15,990001,990001,990001,2,306,40,41,306,309,2024.10.02 10:13:40,2024.10.02 16:01:40,1727864020000,1727884900000,2024-10-02T07:13:40Z,2024-10-02T13:01:40Z,COMPLETE,,0.01000000,0.01000000,1.32994,1.32707,0E-8,0E-8,0E-8,0E-8,0E-8,2.87000000,2.87000000
BOSS19_P4B_SOURCE_BOUND_DEAL_V2,H3-C07-MAIN,GBPUSD,15,PERIOD_M15,990001,990001,990001,2,313,42,43,313,316,2024.10.04 10:57:40,2025.04.21 03:01:40,1728039460000,1745204500000,2024-10-04T07:57:40Z,2025-04-21T00:01:40Z,COMPLETE,,0.01000000,0.01000000,1.31656,1.33238,0E-8,0E-8,0E-8,0E-8,-3.66000000,15.82000000,12.16000000
BOSS19_P4B_SOURCE_BOUND_DEAL_V2,H3-C07-MAIN,GBPUSD,15,PERIOD_M15,990001,990001,990001,2,317,44,49,317,322,2025.04.21 03:35:40,2025.05.26 03:21:40,1745206540000,1748229700000,2025-04-21T00:35:40Z,2025-05-26T00:21:40Z,COMPLETE,,0.01000000,0.01000000,1.33563,1.35472,0E-8,0E-8,0E-8,0E-8,-0.65000000,19.09000000,18.44000000
BOSS19_P4B_SOURCE_BOUND_DEAL_V2,H3-C07-MAIN,GBPUSD,15,PERIOD_M15,990001,990001,990001,2,318,45,48,318,321,2025.04.21 08:06:40,2025.05.26 03:21:40,1745222800000,1748229700000,2025-04-21T05:06:40Z,2025-05-26T00:21:40Z,COMPLETE,,0.01000000,0.01000000,1.33876,1.35472,0E-8,0E-8,0E-8,0E-8,-0.65000000,15.96000000,15.31000000
BOSS19_P4B_SOURCE_BOUND_DEAL_V2,H3-C07-MAIN,GBPUSD,15,PERIOD_M15,990001,990001,990001,2,319,46,47,319,320,2025.04.21 12:12:40,2025.05.26 03:21:40,1745237560000,1748229700000,2025-04-21T09:12:40Z,2025-05-26T00:21:40Z,COMPLETE,,0.02000000,0.02000000,1.34188,1.35472,0E-8,0E-8,0E-8,0E-8,-1.10000000,25.68000000,24.58000000
BOSS19_P4B_SOURCE_BOUND_DEAL_V2,H3-C07-MAIN,GBPUSD,15,PERIOD_M15,990001,990001,990001,2,323,50,51,323,326,2025.05.26 04:50:40,2025.06.26 06:05:40,1748235040000,1750917940000,2025-05-26T01:50:40Z,2025-06-26T03:05:40Z,COMPLETE,,0.01000000,0.01000000,1.35786,1.37186,0E-8,0E-8,0E-8,0E-8,-0.61000000,14.00000000,13.39000000
BOSS19_P4B_SOURCE_BOUND_DEAL_V2,H3-C07-MAIN,GBPUSD,15,PERIOD_M15,990001,990001,0,2,327,52,53,327,330,2025.06.26 11:05:40,2025.12.30 23:59:59,1750935940000,1767139199000,2025-06-26T08:05:40Z,2025-12-30T21:59:59Z,COMPLETE,,0.01000000,0.01000000,1.37464,1.34669,0E-8,0E-8,0E-8,0E-8,-3.44000000,-27.95000000,-31.39000000
BOSS19_P4B_SOURCE_BOUND_DEAL_V2,H3-C07-BWD,GBPUSD,15,PERIOD_M15,990001,990001,990001,2,92,2,5,92,96,2020.01.06 11:35:40,2020.08.28 17:49:40,1578310540000,1598636980000,2020-01-06T09:35:40Z,2020-08-28T14:49:40Z,COMPLETE,,0.01000000,0.01000000,1.31380,1.33258,0E-8,0E-8,0E-8,0E-8,-4.40000000,18.78000000,14.38000000
BOSS19_P4B_SOURCE_BOUND_DEAL_V2,H3-C07-BWD,GBPUSD,15,PERIOD_M15,990001,990001,990001,2,93,3,4,93,95,2020.01.06 12:42:40,2020.08.28 17:49:40,1578314560000,1598636980000,2020-01-06T10:42:40Z,2020-08-28T14:49:40Z,COMPLETE,,0.01000000,0.01000000,1.31716,1.33258,0E-8,0E-8,0E-8,0E-8,-4.40000000,15.42000000,11.02000000
BOSS19_P4B_SOURCE_BOUND_DEAL_V2,H3-C07-BWD,GBPUSD,15,PERIOD_M15,990001,990001,990001,2,97,6,7,97,100,2020.08.31 03:01:40,2020.12.04 16:19:40,1598842900000,1607098780000,2020-08-31T00:01:40Z,2020-12-04T14:19:40Z,COMPLETE,,0.01000000,0.01000000,1.33606,1.35319,0E-8,0E-8,0E-8,0E-8,-1.80000000,17.13000000,15.33000000
BOSS19_P4B_SOURCE_BOUND_DEAL_V2,H3-C07-BWD,GBPUSD,15,PERIOD_M15,990001,990001,990001,2,122,8,9,122,125,2020.12.07 21:12:40,2020.12.17 09:24:40,1607375560000,1608197080000,2020-12-07T19:12:40Z,2020-12-17T07:24:40Z,COMPLETE,,0.01000000,0.01000000,1.33932,1.35783,0E-8,0E-8,0E-8,0E-8,-0.22000000,18.51000000,18.29000000
BOSS19_P4B_SOURCE_BOUND_DEAL_V2,H3-C07-BWD,GBPUSD,15,PERIOD_M15,990001,990001,990001,2,126,10,11,126,129,2020.12.17 13:16:40,2021.02.09 04:25:40,1608211000000,1612844740000,2020-12-17T11:16:40Z,2021-02-09T02:25:40Z,COMPLETE,,0.01000000,0.01000000,1.36141,1.37723,0E-8,0E-8,0E-8,0E-8,-0.97000000,15.82000000,14.85000000
BOSS19_P4B_SOURCE_BOUND_DEAL_V2,H3-C07-BWD,GBPUSD,15,PERIOD_M15,990001,990001,990001,2,130,12,15,130,134,2021.02.09 21:00:40,2021.02.18 14:47:40,1612904440000,1613659660000,2021-02-09T19:00:40Z,2021-02-18T12:47:40Z,COMPLETE,,0.01000000,0.01000000,1.38043,1.39633,0E-8,0E-8,0E-8,0E-8,-0.20000000,15.90000000,15.70000000
BOSS19_P4B_SOURCE_BOUND_DEAL_V2,H3-C07-BWD,GBPUSD,15,PERIOD_M15,990001,990001,990001,2,131,13,14,131,133,2021.02.10 10:34:40,2021.02.18 14:47:40,1612953280000,1613659660000,2021-02-10T08:34:40Z,2021-02-18T12:47:40Z,COMPLETE,,0.01000000,0.01000000,1.38358,1.39633,0E-8,0E-8,0E-8,0E-8,-0.18000000,12.75000000,12.57000000
BOSS19_P4B_SOURCE_BOUND_DEAL_V2,H3-C07-BWD,GBPUSD,15,PERIOD_M15,990001,990001,990001,2,135,16,21,135,140,2021.02.19 10:51:40,2021.02.24 03:06:40,1613731900000,1614136000000,2021-02-19T08:51:40Z,2021-02-24T01:06:40Z,COMPLETE,,0.01000000,0.01000000,1.39910,1.41692,0E-8,0E-8,0E-8,0E-8,-0.06000000,17.82000000,17.76000000
BOSS19_P4B_SOURCE_BOUND_DEAL_V2,H3-C07-BWD,GBPUSD,15,PERIOD_M15,990001,990001,990001,2,136,17,20,136,139,2021.02.19 15:07:40,2021.02.24 03:06:40,1613747260000,1614136000000,2021-02-19T13:07:40Z,2021-02-24T01:06:40Z,COMPLETE,,0.01000000,0.01000000,1.40194,1.41692,0E-8,0E-8,0E-8,0E-8,-0.06000000,14.98000000,14.92000000
BOSS19_P4B_SOURCE_BOUND_DEAL_V2,H3-C07-BWD,GBPUSD,15,PERIOD_M15,990001,990001,990001,2,137,18,19,137,138,2021.02.22 03:23:40,2021.02.24 03:06:40,1613964220000,1614136000000,2021-02-22T01:23:40Z,2021-02-24T01:06:40Z,COMPLETE,,0.02000000,0.02000000,1.40478,1.41692,0E-8,0E-8,0E-8,0E-8,-0.06000000,24.28000000,24.22000000
BOSS19_P4B_SOURCE_BOUND_DEAL_V2,H3-C07-BWD,GBPUSD,15,PERIOD_M15,990001,990001,0,2,141,22,25,141,145,2021.02.24 03:22:40,2022.12.30 23:54:59,1614136960000,1672444499000,2021-02-24T01:22:40Z,2022-12-30T21:54:59Z,COMPLETE,,0.01000000,0.01000000,1.41874,1.20921,0E-8,0E-8,0E-8,0E-8,-12.55000000,-209.53000000,-222.08000000
BOSS19_P4B_SOURCE_BOUND_DEAL_V2,H3-C07-BWD,GBPUSD,15,PERIOD_M15,990001,990001,0,2,142,23,24,142,144,2021.02.24 03:22:40,2022.12.30 23:54:59,1614136960000,1672444499000,2021-02-24T01:22:40Z,2022-12-30T21:54:59Z,COMPLETE,,0.01000000,0.01000000,1.42150,1.20921,0E-8,0E-8,0E-8,0E-8,-12.55000000,-212.29000000,-224.84000000
BOSS19_P4B_SOURCE_BOUND_DEAL_V2,H3-C08-MAIN,GBPUSD,16385,PERIOD_H1,990001,990001,990001,2,8,2,3,8,11,2023.01.03 16:33:40,2023.01.03 18:30:40,1672763620000,1672770640000,2023-01-03T14:33:40Z,2023-01-03T16:30:40Z,COMPLETE,,0.01000000,0.01000000,1.20183,1.19772,0E-8,0E-8,0E-8,0E-8,0E-8,4.11000000,4.11000000
BOSS19_P4B_SOURCE_BOUND_DEAL_V2,H3-C08-MAIN,GBPUSD,16385,PERIOD_H1,990001,990001,990001,2,9,4,5,9,12,2023.01.04 10:09:40,2023.01.04 17:11:40,1672826980000,1672852300000,2023-01-04T08:09:40Z,2023-01-04T15:11:40Z,COMPLETE,,0.01000000,0.01000000,1.20589,1.20141,0E-8,0E-8,0E-8,0E-8,0E-8,4.48000000,4.48000000
BOSS19_P4B_SOURCE_BOUND_DEAL_V2,H3-C08-MAIN,GBPUSD,16385,PERIOD_H1,990001,990001,990001,2,13,6,7,13,16,2023.01.04 17:47:20,2023.01.16 03:58:40,1672854440000,1673841520000,2023-01-04T15:47:20Z,2023-01-16T01:58:40Z,COMPLETE,,0.01000000,0.01000000,1.20599,1.22749,0E-8,0E-8,0E-8,0E-8,-0.22000000,21.50000000,21.28000000
BOSS19_P4B_SOURCE_BOUND_DEAL_V2,H3-C08-MAIN,GBPUSD,16385,PERIOD_H1,990001,990001,990001,2,71,8,13,71,76,2023.01.17 13:55:40,2023.04.04 11:16:40,1673963740000,1680607000000,2023-01-17T11:55:40Z,2023-04-04T08:16:40Z,COMPLETE,,0.01000000,0.01000000,1.22548,1.24792,0E-8,0E-8,0E-8,0E-8,-1.43000000,22.44000000,21.01000000
BOSS19_P4B_SOURCE_BOUND_DEAL_V2,H3-C08-MAIN,GBPUSD,16385,PERIOD_H1,990001,990001,990001,2,72,9,12,72,75,2023.01.17 17:01:40,2023.04.04 11:16:40,1673974900000,1680607000000,2023-01-17T15:01:40Z,2023-04-04T08:16:40Z,COMPLETE,,0.01000000,0.01000000,1.22956,1.24792,0E-8,0E-8,0E-8,0E-8,-1.43000000,18.36000000,16.93000000
BOSS19_P4B_SOURCE_BOUND_DEAL_V2,H3-C08-MAIN,GBPUSD,16385,PERIOD_H1,990001,990001,990001,2,73,10,11,73,74,2023.01.18 10:17:40,2023.04.04 11:16:40,1674037060000,1680607000000,2023-01-18T08:17:40Z,2023-04-04T08:16:40Z,COMPLETE,,0.02000000,0.02000000,1.23365,1.24792,0E-8,0E-8,0E-8,0E-8,-2.39000000,28.54000000,26.15000000
BOSS19_P4B_SOURCE_BOUND_DEAL_V2,H3-C08-MAIN,GBPUSD,16385,PERIOD_H1,990001,990001,990001,2,77,14,15,77,80,2023.04.04 12:45:40,2023.05.05 18:47:40,1680612340000,1683312460000,2023-04-04T09:45:40Z,2023-05-05T15:47:40Z,COMPLETE,,0.01000000,0.01000000,1.25141,1.26517,0E-8,0E-8,0E-8,0E-8,-0.61000000,13.76000000,13.15000000
BOSS19_P4B_SOURCE_BOUND_DEAL_V2,H3-C08-MAIN,GBPUSD,16385,PERIOD_H1,990001,990001,990001,2,132,16,17,132,135,2023.05.09 17:52:40,2023.05.11 09:57:40,1683654760000,1683799060000,2023-05-09T14:52:40Z,2023-05-11T06:57:40Z,COMPLETE,,0.01000000,0.01000000,1.26183,1.25902,0E-8,0E-8,0E-8,0E-8,-0.05000000,2.81000000,2.76000000
BOSS19_P4B_SOURCE_BOUND_DEAL_V2,H3-C08-MAIN,GBPUSD,16385,PERIOD_H1,990001,990001,990001,2,154,18,19,154,157,2023.05.16 11:14:40,2023.06.14 15:37:20,1684235680000,1686757040000,2023-05-16T08:14:40Z,2023-06-14T12:37:20Z,COMPLETE,,0.01000000,0.01000000,1.25286,1.26669,0E-8,0E-8,0E-8,0E-8,-0.54000000,13.83000000,13.29000000
BOSS19_P4B_SOURCE_BOUND_DEAL_V2,H3-C08-MAIN,GBPUSD,16385,PERIOD_H1,990001,990001,990001,2,158,20,25,158,163,2023.06.14 16:44:20,2023.07.11 04:24:20,1686761060000,1689049460000,2023-06-14T13:44:20Z,2023-07-11T01:24:20Z,COMPLETE,,0.01000000,0.01000000,1.26926,1.28734,0E-8,0E-8,0E-8,0E-8,-0.50000000,18.08000000,17.58000000
BOSS19_P4B_SOURCE_BOUND_DEAL_V2,H3-C08-MAIN,GBPUSD,16385,PERIOD_H1,990001,990001,990001,2,159,21,24,159,162,2023.06.15 16:58:40,2023.07.11 04:24:20,1686848320000,1689049460000,2023-06-15T13:58:40Z,2023-07-11T01:24:20Z,COMPLETE,,0.01000000,0.01000000,1.27202,1.28734,0E-8,0E-8,0E-8,0E-8,-0.45000000,15.32000000,14.87000000
BOSS19_P4B_SOURCE_BOUND_DEAL_V2,H3-C08-MAIN,GBPUSD,16385,PERIOD_H1,990001,990001,990001,2,160,22,23,160,161,2023.06.15 17:32:40,2023.07.11 04:24:20,1686850360000,1689049460000,2023-06-15T14:32:40Z,2023-07-11T01:24:20Z,COMPLETE,,0.02000000,0.02000000,1.27477,1.28734,0E-8,0E-8,0E-8,0E-8,-0.75000000,25.14000000,24.39000000
BOSS19_P4B_SOURCE_BOUND_DEAL_V2,H3-C08-MAIN,GBPUSD,16385,PERIOD_H1,990001,990001,990001,2,164,26,31,164,169,2023.07.11 09:19:40,2023.07.13 15:59:40,1689067180000,1689263980000,2023-07-11T06:19:40Z,2023-07-13T12:59:40Z,COMPLETE,,0.01000000,0.01000000,1.29024,1.30830,0E-8,0E-8,0E-8,0E-8,-0.07000000,18.06000000,17.99000000
BOSS19_P4B_SOURCE_BOUND_DEAL_V2,H3-C08-MAIN,GBPUSD,16385,PERIOD_H1,990001,990001,990001,2,165,27,30,165,168,2023.07.11 13:37:40,2023.07.13 15:59:40,1689082660000,1689263980000,2023-07-11T10:37:40Z,2023-07-13T12:59:40Z,COMPLETE,,0.01000000,0.01000000,1.29316,1.30830,0E-8,0E-8,0E-8,0E-8,-0.07000000,15.14000000,15.07000000
BOSS19_P4B_SOURCE_BOUND_DEAL_V2,H3-C08-MAIN,GBPUSD,16385,PERIOD_H1,990001,990001,990001,2,166,28,29,166,167,2023.07.12 04:15:40,2023.07.13 15:59:40,1689135340000,1689263980000,2023-07-12T01:15:40Z,2023-07-13T12:59:40Z,COMPLETE,,0.02000000,0.02000000,1.29607,1.30830,0E-8,0E-8,0E-8,0E-8,-0.10000000,24.46000000,24.36000000
BOSS19_P4B_SOURCE_BOUND_DEAL_V2,H3-C08-MAIN,GBPUSD,16385,PERIOD_H1,990001,990001,990001,2,170,32,35,170,174,2023.07.13 16:58:40,2024.08.27 12:16:40,1689267520000,1724761000000,2023-07-13T13:58:40Z,2024-08-27T09:16:40Z,COMPLETE,,0.01000000,0.01000000,1.31119,1.32410,0E-8,0E-8,0E-8,0E-8,-7.60000000,12.91000000,5.31000000
BOSS19_P4B_SOURCE_BOUND_DEAL_V2,H3-C08-MAIN,GBPUSD,16385,PERIOD_H1,990001,990001,990001,2,171,33,34,171,173,2023.07.13 22:22:40,2024.08.27 12:16:40,1689286960000,1724761000000,2023-07-13T19:22:40Z,2024-08-27T09:16:40Z,COMPLETE,,0.01000000,0.01000000,1.31407,1.32410,0E-8,0E-8,0E-8,0E-8,-7.60000000,10.03000000,2.43000000
BOSS19_P4B_SOURCE_BOUND_DEAL_V2,H3-C08-MAIN,GBPUSD,16385,PERIOD_H1,990001,990001,990001,2,175,36,37,175,178,2024.08.27 21:47:40,2024.09.24 17:09:40,1724795260000,1727197780000,2024-08-27T18:47:40Z,2024-09-24T14:09:40Z,COMPLETE,,0.01000000,0.01000000,1.32635,1.33946,0E-8,0E-8,0E-8,0E-8,-0.52000000,13.11000000,12.59000000
BOSS19_P4B_SOURCE_BOUND_DEAL_V2,H3-C08-MAIN,GBPUSD,16385,PERIOD_H1,990001,990001,990001,2,179,38,39,179,182,2024.09.25 01:54:40,2025.05.26 04:46:40,1727229280000,1748234800000,2024-09-24T22:54:40Z,2025-05-26T01:46:40Z,COMPLETE,,0.01000000,0.01000000,1.34212,1.35732,0E-8,0E-8,0E-8,0E-8,-4.51000000,15.20000000,10.69000000
BOSS19_P4B_SOURCE_BOUND_DEAL_V2,H3-C08-MAIN,GBPUSD,16385,PERIOD_H1,990001,990001,990001,2,264,40,45,264,269,2025.06.02 09:39:20,2025.06.26 05:51:40,1748857160000,1750917100000,2025-06-02T06:39:20Z,2025-06-26T02:51:40Z,COMPLETE,,0.01000000,0.01000000,1.35308,1.37070,0E-8,0E-8,0E-8,0E-8,-0.48000000,17.62000000,17.14000000
BOSS19_P4B_SOURCE_BOUND_DEAL_V2,H3-C08-MAIN,GBPUSD,16385,PERIOD_H1,990001,990001,990001,2,265,41,44,265,268,2025.06.04 17:07:40,2025.06.26 05:51:40,1749056860000,1750917100000,2025-06-04T14:07:40Z,2025-06-26T02:51:40Z,COMPLETE,,0.01000000,0.01000000,1.35606,1.37070,0E-8,0E-8,0E-8,0E-8,-0.44000000,14.64000000,14.20000000
BOSS19_P4B_SOURCE_BOUND_DEAL_V2,H3-C08-MAIN,GBPUSD,16385,PERIOD_H1,990001,990001,990001,2,266,42,43,266,267,2025.06.05 15:30:40,2025.06.26 05:51:40,1749137440000,1750917100000,2025-06-05T12:30:40Z,2025-06-26T02:51:40Z,COMPLETE,,0.02000000,0.02000000,1.35904,1.37070,0E-8,0E-8,0E-8,0E-8,-0.66000000,23.32000000,22.66000000
BOSS19_P4B_SOURCE_BOUND_DEAL_V2,H3-C08-MAIN,GBPUSD,16385,PERIOD_H1,990001,990001,0,2,270,46,49,270,274,2025.06.26 10:16:40,2025.12.30 23:59:59,1750933000000,1767139199000,2025-06-26T07:16:40Z,2025-12-30T21:59:59Z,COMPLETE,,0.01000000,0.01000000,1.37351,1.34669,0E-8,0E-8,0E-8,0E-8,-3.44000000,-26.82000000,-30.26000000
BOSS19_P4B_SOURCE_BOUND_DEAL_V2,H3-C08-MAIN,GBPUSD,16385,PERIOD_H1,990001,990001,0,2,271,47,48,271,273,2025.06.26 11:34:40,2025.12.30 23:59:59,1750937680000,1767139199000,2025-06-26T08:34:40Z,2025-12-30T21:59:59Z,COMPLETE,,0.01000000,0.01000000,1.37627,1.34669,0E-8,0E-8,0E-8,0E-8,-3.44000000,-29.58000000,-33.02000000
BOSS19_P4B_SOURCE_BOUND_DEAL_V2,H3-C08-BWD,GBPUSD,16385,PERIOD_H1,990001,990001,990001,2,5,2,3,5,8,2020.01.06 12:39:40,2020.01.06 16:04:40,1578314380000,1578326680000,2020-01-06T10:39:40Z,2020-01-06T14:04:40Z,COMPLETE,,0.01000000,0.01000000,1.31684,1.31335,0E-8,0E-8,0E-8,0E-8,0E-8,3.49000000,3.49000000
BOSS19_P4B_SOURCE_BOUND_DEAL_V2,H3-C08-BWD,GBPUSD,16385,PERIOD_H1,990001,990001,990001,2,9,4,5,9,12,2020.01.07 10:30:40,2020.08.31 17:32:40,1578393040000,1598895160000,2020-01-07T08:30:40Z,2020-08-31T14:32:40Z,COMPLETE,,0.01000000,0.01000000,1.31921,1.33689,0E-8,0E-8,0E-8,0E-8,-4.40000000,17.68000000,13.28000000
BOSS19_P4B_SOURCE_BOUND_DEAL_V2,H3-C08-BWD,GBPUSD,16385,PERIOD_H1,990001,990001,990001,2,13,6,11,13,18,2020.09.01 05:38:40,2020.12.31 09:59:40,1598938720000,1609408780000,2020-09-01T02:38:40Z,2020-12-31T07:59:40Z,COMPLETE,,0.01000000,0.01000000,1.34043,1.36547,0E-8,0E-8,0E-8,0E-8,-2.28000000,25.04000000,22.76000000
BOSS19_P4B_SOURCE_BOUND_DEAL_V2,H3-C08-BWD,GBPUSD,16385,PERIOD_H1,990001,990001,990001,2,14,7,10,14,17,2020.09.01 10:53:40,2020.12.31 09:59:40,1598957620000,1609408780000,2020-09-01T07:53:40Z,2020-12-31T07:59:40Z,COMPLETE,,0.01000000,0.01000000,1.34395,1.36547,0E-8,0E-8,0E-8,0E-8,-2.28000000,21.52000000,19.24000000
BOSS19_P4B_SOURCE_BOUND_DEAL_V2,H3-C08-BWD,GBPUSD,16385,PERIOD_H1,990001,990001,990001,2,15,8,9,15,16,2020.09.01 14:02:40,2020.12.31 09:59:40,1598968960000,1609408780000,2020-09-01T11:02:40Z,2020-12-31T07:59:40Z,COMPLETE,,0.02000000,0.02000000,1.34748,1.36547,0E-8,0E-8,0E-8,0E-8,-3.87000000,35.98000000,32.11000000
BOSS19_P4B_SOURCE_BOUND_DEAL_V2,H3-C08-BWD,GBPUSD,16385,PERIOD_H1,990001,990001,990001,2,19,12,13,19,22,2021.01.04 05:42:20,2021.02.10 10:47:40,1609738940000,1612954060000,2021-01-04T03:42:20Z,2021-02-10T08:47:40Z,COMPLETE,,0.01000000,0.01000000,1.36958,1.38510,0E-8,0E-8,0E-8,0E-8,-0.69000000,15.52000000,14.83000000
BOSS19_P4B_SOURCE_BOUND_DEAL_V2,H3-C08-BWD,GBPUSD,16385,PERIOD_H1,990001,990001,990001,2,41,14,17,41,45,2021.02.12 16:44:40,2021.03.05 15:32:40,1613148280000,1614958360000,2021-02-12T14:44:40Z,2021-03-05T13:32:40Z,COMPLETE,,0.01000000,0.01000000,1.38184,1.37870,0E-8,0E-8,0E-8,0E-8,-0.24000000,3.14000000,2.90000000
BOSS19_P4B_SOURCE_BOUND_DEAL_V2,H3-C08-BWD,GBPUSD,16385,PERIOD_H1,990001,990001,990001,2,42,15,16,42,44,2021.02.12 17:53:40,2021.03.05 11:34:40,1613152420000,1614944080000,2021-02-12T15:53:40Z,2021-03-05T09:34:40Z,COMPLETE,,0.01000000,0.01000000,1.38483,1.38156,0E-8,0E-8,0E-8,0E-8,-0.24000000,3.27000000,3.03000000
BOSS19_P4B_SOURCE_BOUND_DEAL_V2,H3-C08-BWD,GBPUSD,16385,PERIOD_H1,990001,990001,990001,2,46,18,23,46,51,2021.03.05 15:42:40,2021.03.23 12:22:40,1614958960000,1616502160000,2021-03-05T13:42:40Z,2021-03-23T09:22:40Z,COMPLETE,,0.01000000,0.01000000,1.38174,1.37849,0E-8,0E-8,0E-8,0E-8,-0.18000000,3.25000000,3.07000000
BOSS19_P4B_SOURCE_BOUND_DEAL_V2,H3-C08-BWD,GBPUSD,16385,PERIOD_H1,990001,990001,990001,2,47,19,20,47,49,2021.03.05 16:09:40,2021.03.05 16:55:40,1614960580000,1614963340000,2021-03-05T14:09:40Z,2021-03-05T14:55:40Z,COMPLETE,,0.01000000,0.01000000,1.38475,1.38170,0E-8,0E-8,0E-8,0E-8,0E-8,3.05000000,3.05000000
BOSS19_P4B_SOURCE_BOUND_DEAL_V2,H3-C08-BWD,GBPUSD,16385,PERIOD_H1,990001,990001,990001,2,48,21,22,48,50,2021.03.09 09:50:40,2021.03.10 08:12:40,1615283440000,1615363960000,2021-03-09T07:50:40Z,2021-03-10T06:12:40Z,COMPLETE,,0.01000000,0.01000000,1.38776,1.38472,0E-8,0E-8,0E-8,0E-8,-0.01000000,3.04000000,3.03000000
BOSS19_P4B_SOURCE_BOUND_DEAL_V2,H3-C08-BWD,GBPUSD,16385,PERIOD_H1,990001,990001,990001,2,55,24,27,55,59,2021.03.26 12:59:40,2021.04.19 15:53:40,1616763580000,1618847620000,2021-03-26T09:59:40Z,2021-04-19T12:53:40Z,COMPLETE,,0.01000000,0.01000000,1.37909,1.39452,0E-8,0E-8,0E-8,0E-8,-0.41000000,15.43000000,15.02000000
BOSS19_P4B_SOURCE_BOUND_DEAL_V2,H3-C08-BWD,GBPUSD,16385,PERIOD_H1,990001,990001,990001,2,56,25,26,56,58,2021.03.29 11:28:40,2021.04.19 15:53:40,1617017320000,1618847620000,2021-03-29T08:28:40Z,2021-04-19T12:53:40Z,COMPLETE,,0.01000000,0.01000000,1.38223,1.39452,0E-8,0E-8,0E-8,0E-8,-0.39000000,12.29000000,11.90000000
BOSS19_P4B_SOURCE_BOUND_DEAL_V2,H3-C08-BWD,GBPUSD,16385,PERIOD_H1,990001,990001,990001,2,60,28,31,60,64,2021.04.19 17:36:40,2021.05.10 15:23:40,1618853800000,1620660220000,2021-04-19T14:36:40Z,2021-05-10T12:23:40Z,COMPLETE,,0.01000000,0.01000000,1.39734,1.41296,0E-8,0E-8,0E-8,0E-8,-0.39000000,15.62000000,15.23000000
BOSS19_P4B_SOURCE_BOUND_DEAL_V2,H3-C08-BWD,GBPUSD,16385,PERIOD_H1,990001,990001,990001,2,61,29,30,61,63,2021.04.20 06:06:20,2021.05.10 15:23:40,1618898780000,1620660220000,2021-04-20T03:06:20Z,2021-05-10T12:23:40Z,COMPLETE,,0.01000000,0.01000000,1.40011,1.41296,0E-8,0E-8,0E-8,0E-8,-0.37000000,12.85000000,12.48000000
BOSS19_P4B_SOURCE_BOUND_DEAL_V2,H3-C08-BWD,GBPUSD,16385,PERIOD_H1,990001,990001,0,2,65,32,33,65,68,2021.05.10 15:53:40,2022.12.30 23:54:59,1620662020000,1672444499000,2021-05-10T12:53:40Z,2022-12-30T21:54:59Z,COMPLETE,,0.01000000,0.01000000,1.41571,1.20921,0E-8,0E-8,0E-8,0E-8,-11.16000000,-206.50000000,-217.66000000
BOSS19_P4B_SOURCE_BOUND_DEAL_V2,H3-C09-MAIN,GBPUSD,16388,PERIOD_H4,990001,990001,990001,2,2,2,7,2,7,2023.01.06 21:05:40,2023.02.03 23:00:40,1673039140000,1675465240000,2023-01-06T19:05:40Z,2023-02-03T21:00:40Z,COMPLETE,,0.01000000,0.01000000,1.20875,1.20503,0E-8,0E-8,0E-8,0E-8,-0.32000000,3.72000000,3.40000000
BOSS19_P4B_SOURCE_BOUND_DEAL_V2,H3-C09-MAIN,GBPUSD,16388,PERIOD_H4,990001,990001,990001,2,3,3,6,3,6,2023.01.09 04:15:40,2023.02.03 17:00:40,1673237740000,1675443640000,2023-01-09T02:15:40Z,2023-02-03T15:00:40Z,COMPLETE,,0.01000000,0.01000000,1.21281,1.20870,0E-8,0E-8,0E-8,0E-8,-0.31000000,4.11000000,3.80000000
BOSS19_P4B_SOURCE_BOUND_DEAL_V2,H3-C09-MAIN,GBPUSD,16388,PERIOD_H4,990001,990001,990001,2,4,4,5,4,5,2023.01.09 10:49:40,2023.01.09 12:36:40,1673261380000,1673267800000,2023-01-09T08:49:40Z,2023-01-09T10:36:40Z,COMPLETE,,0.01000000,0.01000000,1.21686,1.21192,0E-8,0E-8,0E-8,0E-8,0E-8,4.94000000,4.94000000
BOSS19_P4B_SOURCE_BOUND_DEAL_V2,H3-C09-MAIN,GBPUSD,16388,PERIOD_H4,990001,990001,990001,2,8,8,9,8,11,2023.02.07 19:57:40,2023.02.07 20:12:20,1675799860000,1675800740000,2023-02-07T17:57:40Z,2023-02-07T18:12:20Z,COMPLETE,,0.01000000,0.01000000,1.20869,1.20488,0E-8,0E-8,0E-8,0E-8,0E-8,3.81000000,3.81000000
BOSS19_P4B_SOURCE_BOUND_DEAL_V2,H3-C09-MAIN,GBPUSD,16388,PERIOD_H4,990001,990001,990001,2,9,10,13,9,13,2023.02.09 10:23:20,2023.02.10 12:06:40,1675938200000,1676030800000,2023-02-09T08:23:20Z,2023-02-10T10:06:40Z,COMPLETE,,0.01000000,0.01000000,1.21240,1.20854,0E-8,0E-8,0E-8,0E-8,-0.01000000,3.86000000,3.85000000
BOSS19_P4B_SOURCE_BOUND_DEAL_V2,H3-C09-MAIN,GBPUSD,16388,PERIOD_H4,990001,990001,990001,2,10,11,12,10,12,2023.02.09 14:46:40,2023.02.09 20:41:40,1675954000000,1675975300000,2023-02-09T12:46:40Z,2023-02-09T18:41:40Z,COMPLETE,,0.01000000,0.01000000,1.21611,1.21221,0E-8,0E-8,0E-8,0E-8,0E-8,3.90000000,3.90000000
BOSS19_P4B_SOURCE_BOUND_DEAL_V2,H3-C09-MAIN,GBPUSD,16388,PERIOD_H4,990001,990001,990001,2,14,14,15,14,17,2023.02.10 16:48:40,2023.02.10 17:47:40,1676047720000,1676051260000,2023-02-10T14:48:40Z,2023-02-10T15:47:40Z,COMPLETE,,0.01000000,0.01000000,1.21230,1.20834,0E-8,0E-8,0E-8,0E-8,0E-8,3.96000000,3.96000000
BOSS19_P4B_SOURCE_BOUND_DEAL_V2,H3-C09-MAIN,GBPUSD,16388,PERIOD_H4,990001,990001,990001,2,15,16,19,15,19,2023.02.14 09:01:40,2023.02.14 16:31:40,1676365300000,1676392300000,2023-02-14T07:01:40Z,2023-02-14T14:31:40Z,COMPLETE,,0.01000000,0.01000000,1.21606,1.21189,0E-8,0E-8,0E-8,0E-8,0E-8,4.17000000,4.17000000
BOSS19_P4B_SOURCE_BOUND_DEAL_V2,H3-C09-MAIN,GBPUSD,16388,PERIOD_H4,990001,990001,990001,2,16,17,18,16,18,2023.02.14 12:12:40,2023.02.14 15:30:40,1676376760000,1676388640000,2023-02-14T10:12:40Z,2023-02-14T13:30:40Z,COMPLETE,,0.01000000,0.01000000,1.21981,1.21506,0E-8,0E-8,0E-8,0E-8,0E-8,4.75000000,4.75000000
BOSS19_P4B_SOURCE_BOUND_DEAL_V2,H3-C09-MAIN,GBPUSD,16388,PERIOD_H4,990001,990001,990001,2,20,20,23,20,24,2023.02.14 16:41:40,2023.02.15 09:00:40,1676392900000,1676451640000,2023-02-14T14:41:40Z,2023-02-15T07:00:40Z,COMPLETE,,0.01000000,0.01000000,1.21594,1.21091,0E-8,0E-8,0E-8,0E-8,-0.01000000,5.03000000,5.02000000
BOSS19_P4B_SOURCE_BOUND_DEAL_V2,H3-C09-MAIN,GBPUSD,16388,PERIOD_H4,990001,990001,990001,2,21,21,22,21,23,2023.02.14 17:03:40,2023.02.14 17:46:40,1676394220000,1676396800000,2023-02-14T15:03:40Z,2023-02-14T15:46:40Z,COMPLETE,,0.01000000,0.01000000,1.21974,1.21580,0E-8,0E-8,0E-8,0E-8,0E-8,3.94000000,3.94000000
BOSS19_P4B_SOURCE_BOUND_DEAL_V2,H3-C09-MAIN,GBPUSD,16388,PERIOD_H4,990001,990001,990001,2,49,24,29,49,54,2023.03.13 05:32:40,2023.03.23 10:27:40,1678685560000,1679567260000,2023-03-13T02:32:40Z,2023-03-23T07:27:40Z,COMPLETE,,0.01000000,0.01000000,1.21097,1.23407,0E-8,0E-8,0E-8,0E-8,-0.22000000,23.10000000,22.88000000
BOSS19_P4B_SOURCE_BOUND_DEAL_V2,H3-C09-MAIN,GBPUSD,16388,PERIOD_H4,990001,990001,990001,2,50,25,28,50,53,2023.03.13 17:45:40,2023.03.23 10:27:40,1678729540000,1679567260000,2023-03-13T14:45:40Z,2023-03-23T07:27:40Z,COMPLETE,,0.01000000,0.01000000,1.21466,1.23407,0E-8,0E-8,0E-8,0E-8,-0.22000000,19.41000000,19.19000000
BOSS19_P4B_SOURCE_BOUND_DEAL_V2,H3-C09-MAIN,GBPUSD,16388,PERIOD_H4,990001,990001,990001,2,51,26,27,51,52,2023.03.13 20:38:40,2023.03.23 10:27:40,1678739920000,1679567260000,2023-03-13T17:38:40Z,2023-03-23T07:27:40Z,COMPLETE,,0.02000000,0.02000000,1.21836,1.23407,0E-8,0E-8,0E-8,0E-8,-0.38000000,31.42000000,31.04000000
BOSS19_P4B_SOURCE_BOUND_DEAL_V2,H3-C09-MAIN,GBPUSD,16388,PERIOD_H4,990001,990001,990001,2,55,30,35,55,60,2023.03.30 15:39:40,2023.04.28 17:58:40,1680190780000,1682704720000,2023-03-30T12:39:40Z,2023-04-28T14:58:40Z,COMPLETE,,0.01000000,0.01000000,1.23777,1.25665,0E-8,0E-8,0E-8,0E-8,-0.54000000,18.88000000,18.34000000
BOSS19_P4B_SOURCE_BOUND_DEAL_V2,H3-C09-MAIN,GBPUSD,16388,PERIOD_H4,990001,990001,990001,2,56,31,34,56,59,2023.03.31 04:21:40,2023.04.28 17:58:40,1680236500000,1682704720000,2023-03-31T01:21:40Z,2023-04-28T14:58:40Z,COMPLETE,,0.01000000,0.01000000,1.24145,1.25665,0E-8,0E-8,0E-8,0E-8,-0.52000000,15.20000000,14.68000000
BOSS19_P4B_SOURCE_BOUND_DEAL_V2,H3-C09-MAIN,GBPUSD,16388,PERIOD_H4,990001,990001,990001,2,57,32,33,57,58,2023.04.04 10:44:40,2023.04.28 17:58:40,1680605080000,1682704720000,2023-04-04T07:44:40Z,2023-04-28T14:58:40Z,COMPLETE,,0.02000000,0.02000000,1.24514,1.25665,0E-8,0E-8,0E-8,0E-8,-0.82000000,23.02000000,22.20000000
BOSS19_P4B_SOURCE_BOUND_DEAL_V2,H3-C09-MAIN,GBPUSD,16388,PERIOD_H4,990001,990001,990001,2,61,36,41,61,66,2023.05.04 17:32:40,2023.06.15 19:16:40,1683221560000,1686856600000,2023-05-04T14:32:40Z,2023-06-15T16:16:40Z,COMPLETE,,0.01000000,0.01000000,1.25957,1.27682,0E-8,0E-8,0E-8,0E-8,-0.78000000,17.25000000,16.47000000
BOSS19_P4B_SOURCE_BOUND_DEAL_V2,H3-C09-MAIN,GBPUSD,16388,PERIOD_H4,990001,990001,990001,2,62,37,40,62,65,2023.05.05 09:40:40,2023.06.15 19:16:40,1683279640000,1686856600000,2023-05-05T06:40:40Z,2023-06-15T16:16:40Z,COMPLETE,,0.01000000,0.01000000,1.26236,1.27682,0E-8,0E-8,0E-8,0E-8,-0.76000000,14.46000000,13.70000000
BOSS19_P4B_SOURCE_BOUND_DEAL_V2,H3-C09-MAIN,GBPUSD,16388,PERIOD_H4,990001,990001,990001,2,63,38,39,63,64,2023.05.05 18:47:40,2023.06.15 19:16:40,1683312460000,1686856600000,2023-05-05T15:47:40Z,2023-06-15T16:16:40Z,COMPLETE,,0.02000000,0.02000000,1.26515,1.27682,0E-8,0E-8,0E-8,0E-8,-1.29000000,23.34000000,22.05000000
BOSS19_P4B_SOURCE_BOUND_DEAL_V2,H3-C09-MAIN,GBPUSD,16388,PERIOD_H4,990001,990001,990001,2,67,42,45,67,71,2023.06.16 09:12:20,2023.07.12 04:04:20,1686906740000,1689134660000,2023-06-16T06:12:20Z,2023-07-12T01:04:20Z,COMPLETE,,0.01000000,0.01000000,1.27967,1.29547,0E-8,0E-8,0E-8,0E-8,-0.45000000,15.80000000,15.35000000
BOSS19_P4B_SOURCE_BOUND_DEAL_V2,H3-C09-MAIN,GBPUSD,16388,PERIOD_H4,990001,990001,990001,2,68,43,44,68,70,2023.06.16 14:53:40,2023.07.12 04:04:20,1686927220000,1689134660000,2023-06-16T11:53:40Z,2023-07-12T01:04:20Z,COMPLETE,,0.01000000,0.01000000,1.28240,1.29547,0E-8,0E-8,0E-8,0E-8,-0.45000000,13.07000000,12.62000000
BOSS19_P4B_SOURCE_BOUND_DEAL_V2,H3-C09-MAIN,GBPUSD,16388,PERIOD_H4,990001,990001,990001,2,72,46,51,72,77,2023.07.12 16:19:40,2024.08.23 11:47:40,1689178780000,1724413660000,2023-07-12T13:19:40Z,2024-08-23T08:47:40Z,COMPLETE,,0.01000000,0.01000000,1.29820,1.31275,0E-8,0E-8,0E-8,0E-8,-7.61000000,14.55000000,6.94000000
BOSS19_P4B_SOURCE_BOUND_DEAL_V2,H3-C09-MAIN,GBPUSD,16388,PERIOD_H4,990001,990001,990001,2,73,47,50,73,76,2023.07.13 05:46:40,2024.08.23 11:47:40,1689227200000,1724413660000,2023-07-13T02:46:40Z,2024-08-23T08:47:40Z,COMPLETE,,0.01000000,0.01000000,1.30108,1.31275,0E-8,0E-8,0E-8,0E-8,-7.56000000,11.67000000,4.11000000
BOSS19_P4B_SOURCE_BOUND_DEAL_V2,H3-C09-MAIN,GBPUSD,16388,PERIOD_H4,990001,990001,990001,2,74,48,49,74,75,2023.07.13 11:10:40,2024.08.23 11:47:40,1689246640000,1724413660000,2023-07-13T08:10:40Z,2024-08-23T08:47:40Z,COMPLETE,,0.02000000,0.02000000,1.30396,1.31275,0E-8,0E-8,0E-8,0E-8,-12.79000000,17.58000000,4.79000000
BOSS19_P4B_SOURCE_BOUND_DEAL_V2,H3-C09-MAIN,GBPUSD,16388,PERIOD_H4,990001,990001,990001,2,78,52,57,78,83,2024.08.23 17:02:40,2024.09.18 21:34:40,1724432560000,1726695280000,2024-08-23T14:02:40Z,2024-09-18T18:34:40Z,COMPLETE,,0.01000000,0.01000000,1.31501,1.32970,0E-8,0E-8,0E-8,0E-8,-0.45000000,14.69000000,14.24000000
BOSS19_P4B_SOURCE_BOUND_DEAL_V2,H3-C09-MAIN,GBPUSD,16388,PERIOD_H4,990001,990001,990001,2,79,53,56,79,82,2024.08.23 17:02:40,2024.09.18 21:34:40,1724432560000,1726695280000,2024-08-23T14:02:40Z,2024-09-18T18:34:40Z,COMPLETE,,0.01000000,0.01000000,1.31719,1.32970,0E-8,0E-8,0E-8,0E-8,-0.45000000,12.51000000,12.06000000
BOSS19_P4B_SOURCE_BOUND_DEAL_V2,H3-C09-MAIN,GBPUSD,16388,PERIOD_H4,990001,990001,990001,2,80,54,55,80,81,2024.08.23 17:13:40,2024.09.18 21:34:40,1724433220000,1726695280000,2024-08-23T14:13:40Z,2024-09-18T18:34:40Z,COMPLETE,,0.02000000,0.02000000,1.31938,1.32970,0E-8,0E-8,0E-8,0E-8,-0.75000000,20.64000000,19.89000000
BOSS19_P4B_SOURCE_BOUND_DEAL_V2,H3-C09-MAIN,GBPUSD,16388,PERIOD_H4,990001,990001,990001,2,84,58,63,84,89,2024.09.20 09:07:40,2025.05.23 14:20:40,1726823260000,1748010040000,2024-09-20T06:07:40Z,2025-05-23T11:20:40Z,COMPLETE,,0.01000000,0.01000000,1.33199,1.35058,0E-8,0E-8,0E-8,0E-8,-4.55000000,18.59000000,14.04000000
BOSS19_P4B_SOURCE_BOUND_DEAL_V2,H3-C09-MAIN,GBPUSD,16388,PERIOD_H4,990001,990001,990001,2,85,59,62,85,88,2024.09.23 17:15:40,2025.05.23 14:20:40,1727111740000,1748010040000,2024-09-23T14:15:40Z,2025-05-23T11:20:40Z,COMPLETE,,0.01000000,0.01000000,1.33435,1.35058,0E-8,0E-8,0E-8,0E-8,-4.53000000,16.23000000,11.70000000
BOSS19_P4B_SOURCE_BOUND_DEAL_V2,H3-C09-MAIN,GBPUSD,16388,PERIOD_H4,990001,990001,990001,2,86,60,61,86,87,2024.09.24 11:31:40,2025.05.23 14:20:40,1727177500000,1748010040000,2024-09-24T08:31:40Z,2025-05-23T11:20:40Z,COMPLETE,,0.02000000,0.02000000,1.33671,1.35058,0E-8,0E-8,0E-8,0E-8,-7.64000000,27.74000000,20.10000000
BOSS19_P4B_SOURCE_BOUND_DEAL_V2,H3-C09-MAIN,GBPUSD,16388,PERIOD_H4,990001,990001,990001,2,90,64,69,90,95,2025.05.23 20:49:40,2025.06.26 06:05:40,1748033380000,1750917940000,2025-05-23T17:49:40Z,2025-06-26T03:05:40Z,COMPLETE,,0.01000000,0.01000000,1.35377,1.37186,0E-8,0E-8,0E-8,0E-8,-0.63000000,18.09000000,17.46000000
BOSS19_P4B_SOURCE_BOUND_DEAL_V2,H3-C09-MAIN,GBPUSD,16388,PERIOD_H4,990001,990001,990001,2,91,65,68,91,94,2025.05.26 04:39:40,2025.06.26 06:05:40,1748234380000,1750917940000,2025-05-26T01:39:40Z,2025-06-26T03:05:40Z,COMPLETE,,0.01000000,0.01000000,1.35685,1.37186,0E-8,0E-8,0E-8,0E-8,-0.61000000,15.01000000,14.40000000
BOSS19_P4B_SOURCE_BOUND_DEAL_V2,H3-C09-MAIN,GBPUSD,16388,PERIOD_H4,990001,990001,990001,2,92,66,67,92,93,2025.06.05 16:20:40,2025.06.26 06:05:40,1749140440000,1750917940000,2025-06-05T13:20:40Z,2025-06-26T03:05:40Z,COMPLETE,,0.02000000,0.02000000,1.35993,1.37186,0E-8,0E-8,0E-8,0E-8,-0.66000000,23.86000000,23.20000000
BOSS19_P4B_SOURCE_BOUND_DEAL_V2,H3-C09-MAIN,GBPUSD,16388,PERIOD_H4,990001,990001,0,2,96,70,73,96,100,2025.06.26 11:05:40,2025.12.30 23:59:59,1750935940000,1767139199000,2025-06-26T08:05:40Z,2025-12-30T21:59:59Z,COMPLETE,,0.01000000,0.01000000,1.37464,1.34669,0E-8,0E-8,0E-8,0E-8,-3.44000000,-27.95000000,-31.39000000
BOSS19_P4B_SOURCE_BOUND_DEAL_V2,H3-C09-MAIN,GBPUSD,16388,PERIOD_H4,990001,990001,0,2,97,71,72,97,99,2025.07.01 11:37:40,2025.12.30 23:59:59,1751369860000,1767139199000,2025-07-01T08:37:40Z,2025-12-30T21:59:59Z,COMPLETE,,0.01000000,0.01000000,1.37740,1.34669,0E-8,0E-8,0E-8,0E-8,-3.38000000,-30.71000000,-34.09000000
BOSS19_P4B_SOURCE_BOUND_DEAL_V2,H3-C09-BWD,GBPUSD,16388,PERIOD_H4,990001,990001,990001,2,17,2,3,17,20,2020.01.09 15:48:40,2020.01.13 03:08:40,1578584920000,1578884920000,2020-01-09T13:48:40Z,2020-01-13T01:08:40Z,COMPLETE,,0.01000000,0.01000000,1.30673,1.30329,0E-8,0E-8,0E-8,0E-8,-0.02000000,3.44000000,3.42000000
BOSS19_P4B_SOURCE_BOUND_DEAL_V2,H3-C09-BWD,GBPUSD,16388,PERIOD_H4,990001,990001,990001,2,18,4,5,18,21,2020.01.17 11:19:40,2020.01.17 11:32:40,1579259980000,1579260760000,2020-01-17T09:19:40Z,2020-01-17T09:32:40Z,COMPLETE,,0.01000000,0.01000000,1.31016,1.30655,0E-8,0E-8,0E-8,0E-8,0E-8,3.61000000,3.61000000
BOSS19_P4B_SOURCE_BOUND_DEAL_V2,H3-C09-BWD,GBPUSD,16388,PERIOD_H4,990001,990001,990001,2,94,6,7,94,97,2020.01.24 11:30:00,2020.08.28 17:55:40,1579865400000,1598637340000,2020-01-24T09:30:00Z,2020-08-28T14:55:40Z,COMPLETE,,0.01000000,0.01000000,1.31589,1.33397,0E-8,0E-8,0E-8,0E-8,-4.03000000,18.08000000,14.05000000
BOSS19_P4B_SOURCE_BOUND_DEAL_V2,H3-C09-BWD,GBPUSD,16388,PERIOD_H4,990001,990001,990001,2,98,8,13,98,103,2020.08.31 17:55:40,2020.12.17 12:58:20,1598896540000,1608209900000,2020-08-31T14:55:40Z,2020-12-17T10:58:20Z,COMPLETE,,0.01000000,0.01000000,1.33723,1.35995,0E-8,0E-8,0E-8,0E-8,-2.04000000,22.72000000,20.68000000
BOSS19_P4B_SOURCE_BOUND_DEAL_V2,H3-C09-BWD,GBPUSD,16388,PERIOD_H4,990001,990001,990001,2,99,9,12,99,102,2020.09.01 05:38:40,2020.12.17 12:58:20,1598938720000,1608209900000,2020-09-01T02:38:40Z,2020-12-17T10:58:20Z,COMPLETE,,0.01000000,0.01000000,1.34065,1.35995,0E-8,0E-8,0E-8,0E-8,-2.02000000,19.30000000,17.28000000
BOSS19_P4B_SOURCE_BOUND_DEAL_V2,H3-C09-BWD,GBPUSD,16388,PERIOD_H4,990001,990001,990001,2,100,10,11,100,101,2020.09.01 10:54:20,2020.12.17 12:58:20,1598957660000,1608209900000,2020-09-01T07:54:20Z,2020-12-17T10:58:20Z,COMPLETE,,0.02000000,0.02000000,1.34407,1.35995,0E-8,0E-8,0E-8,0E-8,-3.43000000,31.76000000,28.33000000
BOSS19_P4B_SOURCE_BOUND_DEAL_V2,H3-C09-BWD,GBPUSD,16388,PERIOD_H4,990001,990001,990001,2,179,14,19,179,184,2020.12.23 01:52:40,2021.11.11 10:21:40,1608688360000,1636626100000,2020-12-22T23:52:40Z,2021-11-11T08:21:40Z,COMPLETE,,0.01000000,0.01000000,1.33937,1.33644,0E-8,0E-8,0E-8,0E-8,-3.72000000,2.93000000,-0.79000000
BOSS19_P4B_SOURCE_BOUND_DEAL_V2,H3-C09-BWD,GBPUSD,16388,PERIOD_H4,990001,990001,990001,2,180,15,18,180,183,2020.12.23 09:10:40,2021.11.10 23:20:40,1608714640000,1636586440000,2020-12-23T07:10:40Z,2021-11-10T21:20:40Z,COMPLETE,,0.01000000,0.01000000,1.34320,1.34041,0E-8,0E-8,0E-8,0E-8,-3.68000000,2.79000000,-0.89000000
BOSS19_P4B_SOURCE_BOUND_DEAL_V2,H3-C09-BWD,GBPUSD,16388,PERIOD_H4,990001,990001,990001,2,181,16,17,181,182,2020.12.23 15:55:40,2020.12.28 17:57:40,1608738940000,1609178260000,2020-12-23T13:55:40Z,2020-12-28T15:57:40Z,COMPLETE,,0.01000000,0.01000000,1.34703,1.34302,0E-8,0E-8,0E-8,0E-8,-0.06000000,4.01000000,3.95000000
BOSS19_P4B_SOURCE_BOUND_DEAL_V2,H3-C09-BWD,GBPUSD,16388,PERIOD_H4,990001,990001,990001,2,185,20,21,185,188,2021.11.11 12:02:20,2021.11.11 20:08:40,1636632140000,1636661320000,2021-11-11T10:02:20Z,2021-11-11T18:08:40Z,COMPLETE,,0.01000000,0.01000000,1.33958,1.33674,0E-8,0E-8,0E-8,0E-8,0E-8,2.84000000,2.84000000
BOSS19_P4B_SOURCE_BOUND_DEAL_V2,H3-C09-BWD,GBPUSD,16388,PERIOD_H4,990001,990001,990001,2,186,22,23,186,189,2021.11.12 17:19:40,2021.11.12 17:50:40,1636737580000,1636739440000,2021-11-12T15:19:40Z,2021-11-12T15:50:40Z,COMPLETE,,0.01000000,0.01000000,1.34238,1.33958,0E-8,0E-8,0E-8,0E-8,0E-8,2.80000000,2.80000000
BOSS19_P4B_SOURCE_BOUND_DEAL_V2,H3-C09-BWD,GBPUSD,16388,PERIOD_H4,990001,990001,990001,2,187,24,25,187,190,2021.11.16 09:17:40,2021.11.16 16:13:40,1637054260000,1637079220000,2021-11-16T07:17:40Z,2021-11-16T14:13:40Z,COMPLETE,,0.01000000,0.01000000,1.34517,1.34230,0E-8,0E-8,0E-8,0E-8,0E-8,2.87000000,2.87000000
BOSS19_P4B_SOURCE_BOUND_DEAL_V2,H3-C09-BWD,GBPUSD,16388,PERIOD_H4,990001,990001,990001,2,191,26,27,191,194,2021.11.17 09:00:40,2021.11.17 12:07:20,1637139640000,1637150840000,2021-11-17T07:00:40Z,2021-11-17T10:07:20Z,COMPLETE,,0.01000000,0.01000000,1.34486,1.34215,0E-8,0E-8,0E-8,0E-8,0E-8,2.71000000,2.71000000
BOSS19_P4B_SOURCE_BOUND_DEAL_V2,H3-C09-BWD,GBPUSD,16388,PERIOD_H4,990001,990001,990001,2,192,28,31,192,196,2021.11.17 15:32:40,2021.11.19 11:00:40,1637163160000,1637319640000,2021-11-17T13:32:40Z,2021-11-19T09:00:40Z,COMPLETE,,0.01000000,0.01000000,1.34750,1.34433,0E-8,0E-8,0E-8,0E-8,-0.05000000,3.17000000,3.12000000
BOSS19_P4B_SOURCE_BOUND_DEAL_V2,H3-C09-BWD,GBPUSD,16388,PERIOD_H4,990001,990001,990001,2,193,29,30,193,195,2021.11.18 04:26:40,2021.11.18 15:19:40,1637209600000,1637248780000,2021-11-18T02:26:40Z,2021-11-18T13:19:40Z,COMPLETE,,0.01000000,0.01000000,1.35014,1.34730,0E-8,0E-8,0E-8,0E-8,0E-8,2.84000000,2.84000000
BOSS19_P4B_SOURCE_BOUND_DEAL_V2,H3-C09-BWD,GBPUSD,16388,PERIOD_H4,990001,990001,990001,2,197,32,33,197,200,2021.11.19 17:39:40,2021.11.19 22:57:40,1637343580000,1637362660000,2021-11-19T15:39:40Z,2021-11-19T20:57:40Z,COMPLETE,,0.01000000,0.01000000,1.34698,1.34430,0E-8,0E-8,0E-8,0E-8,0E-8,2.68000000,2.68000000
BOSS19_P4B_SOURCE_BOUND_DEAL_V2,H3-C09-BWD,GBPUSD,16388,PERIOD_H4,990001,990001,990001,2,222,34,39,222,227,2021.12.20 14:44:20,2022.03.07 10:17:40,1640011460000,1646648260000,2021-12-20T12:44:20Z,2022-03-07T08:17:40Z,COMPLETE,,0.01000000,0.01000000,1.32140,1.31847,0E-8,0E-8,0E-8,0E-8,-0.88000000,2.93000000,2.05000000
BOSS19_P4B_SOURCE_BOUND_DEAL_V2,H3-C09-BWD,GBPUSD,16388,PERIOD_H4,990001,990001,990001,2,223,35,36,223,225,2021.12.20 15:45:40,2021.12.20 17:44:40,1640015140000,1640022280000,2021-12-20T13:45:40Z,2021-12-20T15:44:40Z,COMPLETE,,0.01000000,0.01000000,1.32401,1.32119,0E-8,0E-8,0E-8,0E-8,0E-8,2.82000000,2.82000000
BOSS19_P4B_SOURCE_BOUND_DEAL_V2,H3-C09-BWD,GBPUSD,16388,PERIOD_H4,990001,990001,990001,2,224,37,38,224,226,2021.12.21 21:37:20,2022.03.04 15:43:20,1640122640000,1646408600000,2021-12-21T19:37:20Z,2022-03-04T13:43:20Z,COMPLETE,,0.01000000,0.01000000,1.32662,1.32362,0E-8,0E-8,0E-8,0E-8,-0.86000000,3.00000000,2.14000000
BOSS19_P4B_SOURCE_BOUND_DEAL_V2,H3-C09-BWD,GBPUSD,16388,PERIOD_H4,990001,990001,990001,2,228,40,41,228,231,2022.03.07 14:35:40,2022.03.07 14:59:20,1646663740000,1646665160000,2022-03-07T12:35:40Z,2022-03-07T12:59:20Z,COMPLETE,,0.01000000,0.01000000,1.32124,1.31829,0E-8,0E-8,0E-8,0E-8,0E-8,2.95000000,2.95000000
BOSS19_P4B_SOURCE_BOUND_DEAL_V2,H3-C09-BWD,GBPUSD,16388,PERIOD_H4,990001,990001,0,2,232,42,47,232,237,2022.03.21 17:11:40,2022.12.30 23:54:59,1647882700000,1672444499000,2022-03-21T14:11:40Z,2022-12-30T21:54:59Z,COMPLETE,,0.01000000,0.01000000,1.31943,1.20921,0E-8,0E-8,0E-8,0E-8,-5.31000000,-110.22000000,-115.53000000
BOSS19_P4B_SOURCE_BOUND_DEAL_V2,H3-C09-BWD,GBPUSD,16388,PERIOD_H4,990001,990001,0,2,233,43,46,233,236,2022.03.22 14:45:40,2022.12.30 23:54:59,1647960340000,1672444499000,2022-03-22T11:45:40Z,2022-12-30T21:54:59Z,COMPLETE,,0.01000000,0.01000000,1.32242,1.20921,0E-8,0E-8,0E-8,0E-8,-5.29000000,-113.21000000,-118.50000000
BOSS19_P4B_SOURCE_BOUND_DEAL_V2,H3-C09-BWD,GBPUSD,16388,PERIOD_H4,990001,990001,0,2,234,44,45,234,235,2022.03.22 16:22:40,2022.12.30 23:54:59,1647966160000,1672444499000,2022-03-22T13:22:40Z,2022-12-30T21:54:59Z,COMPLETE,,0.02000000,0.02000000,1.32540,1.20921,0E-8,0E-8,0E-8,0E-8,-8.96000000,-232.38000000,-241.34000000
BOSS19_P4B_SOURCE_BOUND_DEAL_V2,H3-C10-MAIN,AUDUSD,15,PERIOD_M15,990001,990001,990001,2,5,2,3,5,8,2023.01.03 04:50:40,2023.01.03 10:04:40,1672721440000,1672740280000,2023-01-03T02:50:40Z,2023-01-03T08:04:40Z,COMPLETE,,0.01000000,0.01000000,0.68046,0.67720,0E-8,0E-8,0E-8,0E-8,0E-8,3.26000000,3.26000000
BOSS19_P4B_SOURCE_BOUND_DEAL_V2,H3-C10-MAIN,AUDUSD,15,PERIOD_M15,990001,990001,990001,2,21,4,9,21,26,2023.01.04 06:02:40,2023.01.12 15:35:40,1672812160000,1673537740000,2023-01-04T04:02:40Z,2023-01-12T13:35:40Z,COMPLETE,,0.01000000,0.01000000,0.67847,0.69705,0E-8,0E-8,0E-8,0E-8,0E-8,18.58000000,18.58000000
BOSS19_P4B_SOURCE_BOUND_DEAL_V2,H3-C10-MAIN,AUDUSD,15,PERIOD_M15,990001,990001,990001,2,22,5,8,22,25,2023.01.04 06:58:40,2023.01.12 15:35:40,1672815520000,1673537740000,2023-01-04T04:58:40Z,2023-01-12T13:35:40Z,COMPLETE,,0.01000000,0.01000000,0.68119,0.69705,0E-8,0E-8,0E-8,0E-8,0E-8,15.86000000,15.86000000
BOSS19_P4B_SOURCE_BOUND_DEAL_V2,H3-C10-MAIN,AUDUSD,15,PERIOD_M15,990001,990001,990001,2,23,6,7,23,24,2023.01.04 09:38:40,2023.01.12 15:35:40,1672825120000,1673537740000,2023-01-04T07:38:40Z,2023-01-12T13:35:40Z,COMPLETE,,0.02000000,0.02000000,0.68392,0.69705,0E-8,0E-8,0E-8,0E-8,0E-8,26.26000000,26.26000000
BOSS19_P4B_SOURCE_BOUND_DEAL_V2,H3-C10-MAIN,AUDUSD,15,PERIOD_M15,990001,990001,990001,2,27,10,11,27,30,2023.01.13 10:47:40,2023.01.26 16:05:40,1673606860000,1674749140000,2023-01-13T08:47:40Z,2023-01-26T14:05:40Z,COMPLETE,,0.01000000,0.01000000,0.69942,0.71351,0E-8,0E-8,0E-8,0E-8,0E-8,14.09000000,14.09000000
BOSS19_P4B_SOURCE_BOUND_DEAL_V2,H3-C10-MAIN,AUDUSD,15,PERIOD_M15,990001,990001,0,2,118,12,13,118,121,2023.02.01 06:36:40,2025.12.30 23:59:59,1675233400000,1767139199000,2023-02-01T04:36:40Z,2025-12-30T21:59:59Z,COMPLETE,,0.01000000,0.01000000,0.70736,0.66948,0E-8,0E-8,0E-8,0E-8,0E-8,-37.88000000,-37.88000000
BOSS19_P4B_SOURCE_BOUND_DEAL_V2,H3-C10-BWD,AUDUSD,15,PERIOD_M15,990001,990001,990001,2,185,2,7,185,190,2020.01.10 06:23:40,2020.06.08 22:38:40,1578637420000,1591655920000,2020-01-10T04:23:40Z,2020-06-08T19:38:40Z,COMPLETE,,0.01000000,0.01000000,0.68760,0.70252,0E-8,0E-8,0E-8,0E-8,0E-8,14.92000000,14.92000000
BOSS19_P4B_SOURCE_BOUND_DEAL_V2,H3-C10-BWD,AUDUSD,15,PERIOD_M15,990001,990001,990001,2,186,3,6,186,189,2020.01.10 15:33:40,2020.06.08 22:38:40,1578670420000,1591655920000,2020-01-10T13:33:40Z,2020-06-08T19:38:40Z,COMPLETE,,0.01000000,0.01000000,0.68884,0.70252,0E-8,0E-8,0E-8,0E-8,0E-8,13.68000000,13.68000000
BOSS19_P4B_SOURCE_BOUND_DEAL_V2,H3-C10-BWD,AUDUSD,15,PERIOD_M15,990001,990001,990001,2,187,4,5,187,188,2020.01.10 17:39:40,2020.06.08 22:38:40,1578677980000,1591655920000,2020-01-10T15:39:40Z,2020-06-08T19:38:40Z,COMPLETE,,0.02000000,0.02000000,0.69009,0.70252,0E-8,0E-8,0E-8,0E-8,0E-8,24.86000000,24.86000000
BOSS19_P4B_SOURCE_BOUND_DEAL_V2,H3-C10-BWD,AUDUSD,15,PERIOD_M15,990001,990001,990001,2,242,8,13,242,247,2020.06.10 08:28:40,2020.07.22 08:58:40,1591777720000,1595408320000,2020-06-10T05:28:40Z,2020-07-22T05:58:40Z,COMPLETE,,0.01000000,0.01000000,0.69963,0.71515,0E-8,0E-8,0E-8,0E-8,0E-8,15.52000000,15.52000000
BOSS19_P4B_SOURCE_BOUND_DEAL_V2,H3-C10-BWD,AUDUSD,15,PERIOD_M15,990001,990001,990001,2,243,9,12,243,246,2020.06.10 21:00:20,2020.07.22 08:58:40,1591822820000,1595408320000,2020-06-10T18:00:20Z,2020-07-22T05:58:40Z,COMPLETE,,0.01000000,0.01000000,0.70232,0.71515,0E-8,0E-8,0E-8,0E-8,0E-8,12.83000000,12.83000000
BOSS19_P4B_SOURCE_BOUND_DEAL_V2,H3-C10-BWD,AUDUSD,15,PERIOD_M15,990001,990001,990001,2,244,10,11,244,245,2020.06.10 21:14:40,2020.07.22 08:58:40,1591823680000,1595408320000,2020-06-10T18:14:40Z,2020-07-22T05:58:40Z,COMPLETE,,0.02000000,0.02000000,0.70502,0.71515,0E-8,0E-8,0E-8,0E-8,0E-8,20.26000000,20.26000000
BOSS19_P4B_SOURCE_BOUND_DEAL_V2,H3-C10-BWD,AUDUSD,15,PERIOD_M15,990001,990001,990001,2,248,14,15,248,251,2020.07.22 14:53:20,2020.08.19 12:24:40,1595429600000,1597839880000,2020-07-22T11:53:20Z,2020-08-19T09:24:40Z,COMPLETE,,0.01000000,0.01000000,0.71765,0.72746,0E-8,0E-8,0E-8,0E-8,0E-8,9.81000000,9.81000000
BOSS19_P4B_SOURCE_BOUND_DEAL_V2,H3-C10-BWD,AUDUSD,15,PERIOD_M15,990001,990001,990001,2,258,16,17,258,261,2020.08.20 22:04:40,2020.08.28 09:02:40,1597961080000,1598605360000,2020-08-20T19:04:40Z,2020-08-28T06:02:40Z,COMPLETE,,0.01000000,0.01000000,0.71966,0.72993,0E-8,0E-8,0E-8,0E-8,0E-8,10.27000000,10.27000000
BOSS19_P4B_SOURCE_BOUND_DEAL_V2,H3-C10-BWD,AUDUSD,15,PERIOD_M15,990001,990001,990001,2,262,18,23,262,267,2020.08.28 12:09:20,2020.12.07 18:11:20,1598616560000,1607364680000,2020-08-28T09:09:20Z,2020-12-07T16:11:20Z,COMPLETE,,0.01000000,0.01000000,0.73206,0.74489,0E-8,0E-8,0E-8,0E-8,0E-8,12.83000000,12.83000000
BOSS19_P4B_SOURCE_BOUND_DEAL_V2,H3-C10-BWD,AUDUSD,15,PERIOD_M15,990001,990001,990001,2,263,19,22,263,266,2020.08.28 14:12:40,2020.12.07 18:11:20,1598623960000,1607364680000,2020-08-28T11:12:40Z,2020-12-07T16:11:20Z,COMPLETE,,0.01000000,0.01000000,0.73411,0.74489,0E-8,0E-8,0E-8,0E-8,0E-8,10.78000000,10.78000000
BOSS19_P4B_SOURCE_BOUND_DEAL_V2,H3-C10-BWD,AUDUSD,15,PERIOD_M15,990001,990001,990001,2,264,20,21,264,265,2020.08.28 23:42:40,2020.12.07 18:11:20,1598658160000,1607364680000,2020-08-28T20:42:40Z,2020-12-07T16:11:20Z,COMPLETE,,0.02000000,0.02000000,0.73615,0.74489,0E-8,0E-8,0E-8,0E-8,0E-8,17.48000000,17.48000000
BOSS19_P4B_SOURCE_BOUND_DEAL_V2,H3-C10-BWD,AUDUSD,15,PERIOD_M15,990001,990001,990001,2,328,24,29,328,333,2020.12.09 06:10:40,2020.12.11 06:09:40,1607494240000,1607666980000,2020-12-09T04:10:40Z,2020-12-11T04:09:40Z,COMPLETE,,0.01000000,0.01000000,0.74373,0.75711,0E-8,0E-8,0E-8,0E-8,0E-8,13.38000000,13.38000000
BOSS19_P4B_SOURCE_BOUND_DEAL_V2,H3-C10-BWD,AUDUSD,15,PERIOD_M15,990001,990001,990001,2,329,25,28,329,332,2020.12.09 10:41:40,2020.12.11 06:09:40,1607510500000,1607666980000,2020-12-09T08:41:40Z,2020-12-11T04:09:40Z,COMPLETE,,0.01000000,0.01000000,0.74581,0.75711,0E-8,0E-8,0E-8,0E-8,0E-8,11.30000000,11.30000000
BOSS19_P4B_SOURCE_BOUND_DEAL_V2,H3-C10-BWD,AUDUSD,15,PERIOD_M15,990001,990001,990001,2,330,26,27,330,331,2020.12.09 12:49:40,2020.12.11 06:09:40,1607518180000,1607666980000,2020-12-09T10:49:40Z,2020-12-11T04:09:40Z,COMPLETE,,0.02000000,0.02000000,0.74788,0.75711,0E-8,0E-8,0E-8,0E-8,0E-8,18.46000000,18.46000000
BOSS19_P4B_SOURCE_BOUND_DEAL_V2,H3-C10-BWD,AUDUSD,15,PERIOD_M15,990001,990001,990001,2,379,30,31,379,382,2020.12.14 09:31:40,2020.12.30 06:44:40,1607938300000,1609310680000,2020-12-14T07:31:40Z,2020-12-30T04:44:40Z,COMPLETE,,0.01000000,0.01000000,0.75618,0.76559,0E-8,0E-8,0E-8,0E-8,0E-8,9.41000000,9.41000000
BOSS19_P4B_SOURCE_BOUND_DEAL_V2,H3-C10-BWD,AUDUSD,15,PERIOD_M15,990001,990001,990001,2,383,32,37,383,388,2020.12.30 16:05:40,2021.01.06 11:17:40,1609344340000,1609931860000,2020-12-30T14:05:40Z,2021-01-06T09:17:40Z,COMPLETE,,0.01000000,0.01000000,0.76760,0.78092,0E-8,0E-8,0E-8,0E-8,0E-8,13.32000000,13.32000000
BOSS19_P4B_SOURCE_BOUND_DEAL_V2,H3-C10-BWD,AUDUSD,15,PERIOD_M15,990001,990001,990001,2,384,33,36,384,387,2020.12.31 02:29:00,2021.01.06 11:17:40,1609381740000,1609931860000,2020-12-31T00:29:00Z,2021-01-06T09:17:40Z,COMPLETE,,0.01000000,0.01000000,0.76947,0.78092,0E-8,0E-8,0E-8,0E-8,0E-8,11.45000000,11.45000000
BOSS19_P4B_SOURCE_BOUND_DEAL_V2,H3-C10-BWD,AUDUSD,15,PERIOD_M15,990001,990001,990001,2,385,34,35,385,386,2020.12.31 10:02:40,2021.01.06 11:17:40,1609408960000,1609931860000,2020-12-31T08:02:40Z,2021-01-06T09:17:40Z,COMPLETE,,0.02000000,0.02000000,0.77135,0.78092,0E-8,0E-8,0E-8,0E-8,0E-8,19.14000000,19.14000000
BOSS19_P4B_SOURCE_BOUND_DEAL_V2,H3-C10-BWD,AUDUSD,15,PERIOD_M15,990001,990001,990001,2,422,38,39,422,425,2021.01.06 23:40:40,2021.02.22 17:11:40,1609976440000,1614013900000,2021-01-06T21:40:40Z,2021-02-22T15:11:40Z,COMPLETE,,0.01000000,0.01000000,0.78071,0.79125,0E-8,0E-8,0E-8,0E-8,0E-8,10.54000000,10.54000000
BOSS19_P4B_SOURCE_BOUND_DEAL_V2,H3-C10-BWD,AUDUSD,15,PERIOD_M15,990001,990001,0,2,426,40,41,426,429,2021.02.23 03:49:40,2022.12.30 23:54:59,1614052180000,1672444499000,2021-02-23T01:49:40Z,2022-12-30T21:54:59Z,COMPLETE,,0.01000000,0.01000000,0.79340,0.68153,0E-8,0E-8,0E-8,0E-8,0E-8,-111.87000000,-111.87000000
BOSS19_P4B_SOURCE_BOUND_DEAL_V2,H3-C11-MAIN,AUDUSD,16385,PERIOD_H1,990001,990001,990001,2,2,2,3,2,5,2023.01.03 05:39:40,2023.01.12 15:54:40,1672724380000,1673538880000,2023-01-03T03:39:40Z,2023-01-12T13:54:40Z,COMPLETE,,0.01000000,0.01000000,0.68305,0.69771,0E-8,0E-8,0E-8,0E-8,0E-8,14.66000000,14.66000000
BOSS19_P4B_SOURCE_BOUND_DEAL_V2,H3-C11-MAIN,AUDUSD,16385,PERIOD_H1,990001,990001,990001,2,6,4,5,6,9,2023.01.16 03:55:40,2023.02.01 22:07:20,1673841340000,1675289240000,2023-01-16T01:55:40Z,2023-02-01T20:07:20Z,COMPLETE,,0.01000000,0.01000000,0.70059,0.71359,0E-8,0E-8,0E-8,0E-8,0E-8,13.00000000,13.00000000
BOSS19_P4B_SOURCE_BOUND_DEAL_V2,H3-C11-MAIN,AUDUSD,16385,PERIOD_H1,990001,990001,0,2,10,6,7,10,13,2023.02.02 01:11:40,2025.12.30 23:59:59,1675300300000,1767139199000,2023-02-01T23:11:40Z,2025-12-30T21:59:59Z,COMPLETE,,0.01000000,0.01000000,0.71500,0.66948,0E-8,0E-8,0E-8,0E-8,0E-8,-45.52000000,-45.52000000
BOSS19_P4B_SOURCE_BOUND_DEAL_V2,H3-C11-BWD,AUDUSD,16385,PERIOD_H1,990001,990001,990001,2,35,2,7,35,40,2020.01.10 17:10:40,2020.06.09 03:05:40,1578676240000,1591671940000,2020-01-10T15:10:40Z,2020-06-09T00:05:40Z,COMPLETE,,0.01000000,0.01000000,0.68915,0.70386,0E-8,0E-8,0E-8,0E-8,0E-8,14.71000000,14.71000000
BOSS19_P4B_SOURCE_BOUND_DEAL_V2,H3-C11-BWD,AUDUSD,16385,PERIOD_H1,990001,990001,990001,2,36,3,6,36,39,2020.01.10 17:55:40,2020.06.09 03:05:40,1578678940000,1591671940000,2020-01-10T15:55:40Z,2020-06-09T00:05:40Z,COMPLETE,,0.01000000,0.01000000,0.69039,0.70386,0E-8,0E-8,0E-8,0E-8,0E-8,13.47000000,13.47000000
BOSS19_P4B_SOURCE_BOUND_DEAL_V2,H3-C11-BWD,AUDUSD,16385,PERIOD_H1,990001,990001,990001,2,37,4,5,37,38,2020.01.13 05:00:40,2020.06.09 03:05:40,1578891640000,1591671940000,2020-01-13T03:00:40Z,2020-06-09T00:05:40Z,COMPLETE,,0.02000000,0.02000000,0.69164,0.70386,0E-8,0E-8,0E-8,0E-8,0E-8,24.44000000,24.44000000
BOSS19_P4B_SOURCE_BOUND_DEAL_V2,H3-C11-BWD,AUDUSD,16385,PERIOD_H1,990001,990001,990001,2,44,8,13,44,49,2020.06.09 14:41:40,2020.06.11 10:07:40,1591713700000,1591870060000,2020-06-09T11:41:40Z,2020-06-11T07:07:40Z,COMPLETE,,0.01000000,0.01000000,0.69393,0.69095,0E-8,0E-8,0E-8,0E-8,-0.11000000,2.98000000,2.87000000
BOSS19_P4B_SOURCE_BOUND_DEAL_V2,H3-C11-BWD,AUDUSD,16385,PERIOD_H1,990001,990001,990001,2,45,9,10,45,47,2020.06.09 17:26:40,2020.06.10 03:01:40,1591723600000,1591758100000,2020-06-09T14:26:40Z,2020-06-10T00:01:40Z,COMPLETE,,0.01000000,0.01000000,0.69656,0.69373,0E-8,0E-8,0E-8,0E-8,-0.03000000,2.83000000,2.80000000
BOSS19_P4B_SOURCE_BOUND_DEAL_V2,H3-C11-BWD,AUDUSD,16385,PERIOD_H1,990001,990001,990001,2,46,11,12,46,48,2020.06.10 08:23:40,2020.06.11 06:06:40,1591777420000,1591855600000,2020-06-10T05:23:40Z,2020-06-11T03:06:40Z,COMPLETE,,0.01000000,0.01000000,0.69918,0.69633,0E-8,0E-8,0E-8,0E-8,-0.08000000,2.85000000,2.77000000
BOSS19_P4B_SOURCE_BOUND_DEAL_V2,H3-C11-BWD,AUDUSD,16385,PERIOD_H1,990001,990001,990001,2,50,14,15,50,53,2020.06.11 11:14:40,2020.06.11 14:34:20,1591874080000,1591886060000,2020-06-11T08:14:40Z,2020-06-11T11:34:20Z,COMPLETE,,0.01000000,0.01000000,0.69365,0.69076,0E-8,0E-8,0E-8,0E-8,0E-8,2.89000000,2.89000000
BOSS19_P4B_SOURCE_BOUND_DEAL_V2,H3-C11-BWD,AUDUSD,16385,PERIOD_H1,990001,990001,990001,2,54,16,17,54,57,2020.06.16 01:23:40,2020.07.21 12:44:40,1592270620000,1595335480000,2020-06-15T22:23:40Z,2020-07-21T09:44:40Z,COMPLETE,,0.01000000,0.01000000,0.69492,0.70693,0E-8,0E-8,0E-8,0E-8,0E-8,12.01000000,12.01000000
BOSS19_P4B_SOURCE_BOUND_DEAL_V2,H3-C11-BWD,AUDUSD,16385,PERIOD_H1,990001,990001,990001,2,58,18,23,58,63,2020.07.21 15:36:40,2020.07.31 09:37:40,1595345800000,1596188260000,2020-07-21T12:36:40Z,2020-07-31T06:37:40Z,COMPLETE,,0.01000000,0.01000000,0.70943,0.72256,0E-8,0E-8,0E-8,0E-8,0E-8,13.13000000,13.13000000
BOSS19_P4B_SOURCE_BOUND_DEAL_V2,H3-C11-BWD,AUDUSD,16385,PERIOD_H1,990001,990001,990001,2,59,19,22,59,62,2020.07.21 18:17:40,2020.07.31 09:37:40,1595355460000,1596188260000,2020-07-21T15:17:40Z,2020-07-31T06:37:40Z,COMPLETE,,0.01000000,0.01000000,0.71183,0.72256,0E-8,0E-8,0E-8,0E-8,0E-8,10.73000000,10.73000000
BOSS19_P4B_SOURCE_BOUND_DEAL_V2,H3-C11-BWD,AUDUSD,16385,PERIOD_H1,990001,990001,990001,2,60,20,21,60,61,2020.07.21 21:40:40,2020.07.31 09:37:40,1595367640000,1596188260000,2020-07-21T18:40:40Z,2020-07-31T06:37:40Z,COMPLETE,,0.02000000,0.02000000,0.71423,0.72256,0E-8,0E-8,0E-8,0E-8,0E-8,16.66000000,16.66000000
BOSS19_P4B_SOURCE_BOUND_DEAL_V2,H3-C11-BWD,AUDUSD,16385,PERIOD_H1,990001,990001,990001,2,82,24,29,82,87,2020.08.05 02:53:20,2020.08.28 09:04:40,1596596000000,1598605480000,2020-08-04T23:53:20Z,2020-08-28T06:04:40Z,COMPLETE,,0.01000000,0.01000000,0.71740,0.73013,0E-8,0E-8,0E-8,0E-8,0E-8,12.73000000,12.73000000
BOSS19_P4B_SOURCE_BOUND_DEAL_V2,H3-C11-BWD,AUDUSD,16385,PERIOD_H1,990001,990001,990001,2,83,25,28,83,86,2020.08.05 10:18:40,2020.08.28 09:04:40,1596622720000,1598605480000,2020-08-05T07:18:40Z,2020-08-28T06:04:40Z,COMPLETE,,0.01000000,0.01000000,0.71939,0.73013,0E-8,0E-8,0E-8,0E-8,0E-8,10.74000000,10.74000000
BOSS19_P4B_SOURCE_BOUND_DEAL_V2,H3-C11-BWD,AUDUSD,16385,PERIOD_H1,990001,990001,990001,2,84,26,27,84,85,2020.08.05 12:44:40,2020.08.28 09:04:40,1596631480000,1598605480000,2020-08-05T09:44:40Z,2020-08-28T06:04:40Z,COMPLETE,,0.02000000,0.02000000,0.72139,0.73013,0E-8,0E-8,0E-8,0E-8,0E-8,17.48000000,17.48000000
BOSS19_P4B_SOURCE_BOUND_DEAL_V2,H3-C11-BWD,AUDUSD,16385,PERIOD_H1,990001,990001,990001,2,88,30,35,88,93,2020.08.28 12:11:40,2020.12.07 18:38:40,1598616700000,1607366320000,2020-08-28T09:11:40Z,2020-12-07T16:38:40Z,COMPLETE,,0.01000000,0.01000000,0.73222,0.74510,0E-8,0E-8,0E-8,0E-8,0E-8,12.88000000,12.88000000
BOSS19_P4B_SOURCE_BOUND_DEAL_V2,H3-C11-BWD,AUDUSD,16385,PERIOD_H1,990001,990001,990001,2,89,31,34,89,92,2020.08.28 14:12:40,2020.12.07 18:38:40,1598623960000,1607366320000,2020-08-28T11:12:40Z,2020-12-07T16:38:40Z,COMPLETE,,0.01000000,0.01000000,0.73427,0.74510,0E-8,0E-8,0E-8,0E-8,0E-8,10.83000000,10.83000000
BOSS19_P4B_SOURCE_BOUND_DEAL_V2,H3-C11-BWD,AUDUSD,16385,PERIOD_H1,990001,990001,990001,2,90,32,33,90,91,2020.08.28 23:44:40,2020.12.07 18:38:40,1598658280000,1607366320000,2020-08-28T20:44:40Z,2020-12-07T16:38:40Z,COMPLETE,,0.02000000,0.02000000,0.73631,0.74510,0E-8,0E-8,0E-8,0E-8,0E-8,17.58000000,17.58000000
BOSS19_P4B_SOURCE_BOUND_DEAL_V2,H3-C11-BWD,AUDUSD,16385,PERIOD_H1,990001,990001,990001,2,154,36,37,154,157,2020.12.09 06:00:40,2021.07.09 04:41:40,1607493640000,1625805700000,2020-12-09T04:00:40Z,2021-07-09T01:41:40Z,COMPLETE,,0.01000000,0.01000000,0.74322,0.74125,0E-8,0E-8,0E-8,0E-8,-6.11000000,1.97000000,-4.14000000
BOSS19_P4B_SOURCE_BOUND_DEAL_V2,H3-C11-BWD,AUDUSD,16385,PERIOD_H1,990001,990001,990001,2,158,38,43,158,163,2021.07.09 10:09:40,2021.07.15 20:55:40,1625825380000,1626382540000,2021-07-09T07:09:40Z,2021-07-15T17:55:40Z,COMPLETE,,0.01000000,0.01000000,0.74312,0.74116,0E-8,0E-8,0E-8,0E-8,-0.17000000,1.96000000,1.79000000
BOSS19_P4B_SOURCE_BOUND_DEAL_V2,H3-C11-BWD,AUDUSD,16385,PERIOD_H1,990001,990001,990001,2,159,39,42,159,162,2021.07.09 12:23:40,2021.07.13 15:53:40,1625833420000,1626191620000,2021-07-09T09:23:40Z,2021-07-13T12:53:40Z,COMPLETE,,0.01000000,0.01000000,0.74501,0.74307,0E-8,0E-8,0E-8,0E-8,-0.06000000,1.94000000,1.88000000
BOSS19_P4B_SOURCE_BOUND_DEAL_V2,H3-C11-BWD,AUDUSD,16385,PERIOD_H1,990001,990001,990001,2,160,40,41,160,161,2021.07.09 14:40:40,2021.07.12 13:30:40,1625841640000,1626096640000,2021-07-09T11:40:40Z,2021-07-12T10:30:40Z,COMPLETE,,0.01000000,0.01000000,0.74691,0.74499,0E-8,0E-8,0E-8,0E-8,-0.03000000,1.92000000,1.89000000
BOSS19_P4B_SOURCE_BOUND_DEAL_V2,H3-C11-BWD,AUDUSD,16385,PERIOD_H1,990001,990001,990001,2,164,44,45,164,167,2021.07.16 01:45:40,2021.07.16 15:41:40,1626399940000,1626450100000,2021-07-15T22:45:40Z,2021-07-16T12:41:40Z,COMPLETE,,0.01000000,0.01000000,0.74298,0.74084,0E-8,0E-8,0E-8,0E-8,0E-8,2.14000000,2.14000000
BOSS19_P4B_SOURCE_BOUND_DEAL_V2,H3-C11-BWD,AUDUSD,16385,PERIOD_H1,990001,990001,990001,2,168,46,49,168,172,2021.07.22 10:25:40,2021.10.19 20:23:40,1626949540000,1634675020000,2021-07-22T07:25:40Z,2021-10-19T17:23:40Z,COMPLETE,,0.01000000,0.01000000,0.73791,0.74850,0E-8,0E-8,0E-8,0E-8,0E-8,10.59000000,10.59000000
BOSS19_P4B_SOURCE_BOUND_DEAL_V2,H3-C11-BWD,AUDUSD,16385,PERIOD_H1,990001,990001,990001,2,169,47,48,169,171,2021.07.23 00:58:20,2021.10.19 20:23:40,1627001900000,1634675020000,2021-07-22T21:58:20Z,2021-10-19T17:23:40Z,COMPLETE,,0.01000000,0.01000000,0.73988,0.74850,0E-8,0E-8,0E-8,0E-8,0E-8,8.62000000,8.62000000
BOSS19_P4B_SOURCE_BOUND_DEAL_V2,H3-C11-BWD,AUDUSD,16385,PERIOD_H1,990001,990001,990001,2,173,50,55,173,178,2021.10.20 17:30:40,2022.04.05 16:31:40,1634751040000,1649176300000,2021-10-20T14:30:40Z,2022-04-05T13:31:40Z,COMPLETE,,0.01000000,0.01000000,0.75051,0.76462,0E-8,0E-8,0E-8,0E-8,0E-8,14.11000000,14.11000000
BOSS19_P4B_SOURCE_BOUND_DEAL_V2,H3-C11-BWD,AUDUSD,16385,PERIOD_H1,990001,990001,990001,2,174,51,54,174,177,2021.10.21 03:22:40,2022.04.05 16:31:40,1634786560000,1649176300000,2021-10-21T00:22:40Z,2022-04-05T13:31:40Z,COMPLETE,,0.01000000,0.01000000,0.75242,0.76462,0E-8,0E-8,0E-8,0E-8,0E-8,12.20000000,12.20000000
BOSS19_P4B_SOURCE_BOUND_DEAL_V2,H3-C11-BWD,AUDUSD,16385,PERIOD_H1,990001,990001,990001,2,175,52,53,175,176,2021.10.21 05:13:40,2022.04.05 16:31:40,1634793220000,1649176300000,2021-10-21T02:13:40Z,2022-04-05T13:31:40Z,COMPLETE,,0.02000000,0.02000000,0.75432,0.76462,0E-8,0E-8,0E-8,0E-8,0E-8,20.60000000,20.60000000
BOSS19_P4B_SOURCE_BOUND_DEAL_V2,H3-C11-BWD,AUDUSD,16385,PERIOD_H1,990001,990001,990001,2,182,56,57,182,185,2022.04.06 21:03:20,2022.04.06 21:07:40,1649279000000,1649279260000,2022-04-06T18:03:20Z,2022-04-06T18:07:40Z,COMPLETE,,0.01000000,0.01000000,0.75543,0.75234,0E-8,0E-8,0E-8,0E-8,0E-8,3.09000000,3.09000000
BOSS19_P4B_SOURCE_BOUND_DEAL_V2,H3-C11-BWD,AUDUSD,16385,PERIOD_H1,990001,990001,990001,2,240,58,59,240,243,2022.04.13 22:36:20,2022.04.14 16:37:40,1649889380000,1649954260000,2022-04-13T19:36:20Z,2022-04-14T13:37:40Z,COMPLETE,,0.01000000,0.01000000,0.74505,0.74259,0E-8,0E-8,0E-8,0E-8,-0.08000000,2.46000000,2.38000000
BOSS19_P4B_SOURCE_BOUND_DEAL_V2,H3-C11-BWD,AUDUSD,16385,PERIOD_H1,990001,990001,0,2,283,60,65,283,288,2022.04.20 04:57:40,2022.12.30 23:54:59,1650430660000,1672444499000,2022-04-20T01:57:40Z,2022-12-30T21:54:59Z,COMPLETE,,0.01000000,0.01000000,0.73999,0.68153,0E-8,0E-8,0E-8,0E-8,0E-8,-58.46000000,-58.46000000
BOSS19_P4B_SOURCE_BOUND_DEAL_V2,H3-C11-BWD,AUDUSD,16385,PERIOD_H1,990001,990001,0,2,284,61,64,284,287,2022.04.20 07:56:40,2022.12.30 23:54:59,1650441400000,1672444499000,2022-04-20T04:56:40Z,2022-12-30T21:54:59Z,COMPLETE,,0.01000000,0.01000000,0.74214,0.68153,0E-8,0E-8,0E-8,0E-8,0E-8,-60.61000000,-60.61000000
BOSS19_P4B_SOURCE_BOUND_DEAL_V2,H3-C11-BWD,AUDUSD,16385,PERIOD_H1,990001,990001,0,2,285,62,63,285,286,2022.04.20 13:14:40,2022.12.30 23:54:59,1650460480000,1672444499000,2022-04-20T10:14:40Z,2022-12-30T21:54:59Z,COMPLETE,,0.02000000,0.02000000,0.74430,0.68153,0E-8,0E-8,0E-8,0E-8,0E-8,-125.54000000,-125.54000000
BOSS19_P4B_SOURCE_BOUND_DEAL_V2,H3-C12-MAIN,AUDUSD,16388,PERIOD_H4,990001,990001,990001,2,2,2,7,2,7,2023.01.03 05:39:40,2023.01.16 03:55:40,1672724380000,1673841340000,2023-01-03T03:39:40Z,2023-01-16T01:55:40Z,COMPLETE,,0.01000000,0.01000000,0.68305,0.70069,0E-8,0E-8,0E-8,0E-8,0E-8,17.64000000,17.64000000
BOSS19_P4B_SOURCE_BOUND_DEAL_V2,H3-C12-MAIN,AUDUSD,16388,PERIOD_H4,990001,990001,990001,2,3,3,6,3,6,2023.01.04 10:13:40,2023.01.16 03:55:40,1672827220000,1673841340000,2023-01-04T08:13:40Z,2023-01-16T01:55:40Z,COMPLETE,,0.01000000,0.01000000,0.68570,0.70069,0E-8,0E-8,0E-8,0E-8,0E-8,14.99000000,14.99000000
BOSS19_P4B_SOURCE_BOUND_DEAL_V2,H3-C12-MAIN,AUDUSD,16388,PERIOD_H4,990001,990001,990001,2,4,4,5,4,5,2023.01.04 11:22:40,2023.01.16 03:55:40,1672831360000,1673841340000,2023-01-04T09:22:40Z,2023-01-16T01:55:40Z,COMPLETE,,0.02000000,0.02000000,0.68834,0.70069,0E-8,0E-8,0E-8,0E-8,0E-8,24.70000000,24.70000000
BOSS19_P4B_SOURCE_BOUND_DEAL_V2,H3-C12-MAIN,AUDUSD,16388,PERIOD_H4,990001,990001,0,2,8,8,13,8,13,2023.01.18 10:17:40,2025.12.30 23:59:59,1674037060000,1767139199000,2023-01-18T08:17:40Z,2025-12-30T21:59:59Z,COMPLETE,,0.01000000,0.01000000,0.70360,0.66948,0E-8,0E-8,0E-8,0E-8,0E-8,-34.12000000,-34.12000000
BOSS19_P4B_SOURCE_BOUND_DEAL_V2,H3-C12-MAIN,AUDUSD,16388,PERIOD_H4,990001,990001,0,2,9,9,12,9,12,2023.01.25 02:30:40,2025.12.30 23:59:59,1674613840000,1767139199000,2023-01-25T00:30:40Z,2025-12-30T21:59:59Z,COMPLETE,,0.01000000,0.01000000,0.70644,0.66948,0E-8,0E-8,0E-8,0E-8,0E-8,-36.96000000,-36.96000000
BOSS19_P4B_SOURCE_BOUND_DEAL_V2,H3-C12-MAIN,AUDUSD,16388,PERIOD_H4,990001,990001,0,2,10,10,11,10,11,2023.01.25 04:12:40,2025.12.30 23:59:59,1674619960000,1767139199000,2023-01-25T02:12:40Z,2025-12-30T21:59:59Z,COMPLETE,,0.02000000,0.02000000,0.70929,0.66948,0E-8,0E-8,0E-8,0E-8,0E-8,-79.62000000,-79.62000000
BOSS19_P4B_SOURCE_BOUND_DEAL_V2,H3-C12-BWD,AUDUSD,16388,PERIOD_H4,990001,990001,990001,2,5,2,3,5,8,2020.01.16 13:27:40,2020.01.16 16:51:40,1579181260000,1579193500000,2020-01-16T11:27:40Z,2020-01-16T14:51:40Z,COMPLETE,,0.01000000,0.01000000,0.69254,0.69123,0E-8,0E-8,0E-8,0E-8,0E-8,1.31000000,1.31000000
BOSS19_P4B_SOURCE_BOUND_DEAL_V2,H3-C12-BWD,AUDUSD,16388,PERIOD_H4,990001,990001,990001,2,9,4,5,9,12,2020.03.06 10:34:40,2020.06.01 10:57:40,1583490880000,1591009060000,2020-03-06T08:34:40Z,2020-06-01T07:57:40Z,COMPLETE,,0.01000000,0.01000000,0.66425,0.67673,0E-8,0E-8,0E-8,0E-8,0E-8,12.48000000,12.48000000
BOSS19_P4B_SOURCE_BOUND_DEAL_V2,H3-C12-BWD,AUDUSD,16388,PERIOD_H4,990001,990001,990001,2,13,6,11,13,18,2020.06.01 19:20:40,2020.06.03 03:45:40,1591039240000,1591155940000,2020-06-01T16:20:40Z,2020-06-03T00:45:40Z,COMPLETE,,0.01000000,0.01000000,0.67927,0.69581,0E-8,0E-8,0E-8,0E-8,0E-8,16.54000000,16.54000000
BOSS19_P4B_SOURCE_BOUND_DEAL_V2,H3-C12-BWD,AUDUSD,16388,PERIOD_H4,990001,990001,990001,2,14,7,10,14,17,2020.06.02 11:18:40,2020.06.03 03:45:40,1591096720000,1591155940000,2020-06-02T08:18:40Z,2020-06-03T00:45:40Z,COMPLETE,,0.01000000,0.01000000,0.68175,0.69581,0E-8,0E-8,0E-8,0E-8,0E-8,14.06000000,14.06000000
BOSS19_P4B_SOURCE_BOUND_DEAL_V2,H3-C12-BWD,AUDUSD,16388,PERIOD_H4,990001,990001,990001,2,15,8,9,15,16,2020.06.02 11:50:40,2020.06.03 03:45:40,1591098640000,1591155940000,2020-06-02T08:50:40Z,2020-06-03T00:45:40Z,COMPLETE,,0.02000000,0.02000000,0.68424,0.69581,0E-8,0E-8,0E-8,0E-8,0E-8,23.14000000,23.14000000
BOSS19_P4B_SOURCE_BOUND_DEAL_V2,H3-C12-BWD,AUDUSD,16388,PERIOD_H4,990001,990001,990001,2,19,12,17,19,24,2020.06.03 04:24:40,2020.07.21 20:50:40,1591158280000,1595364640000,2020-06-03T01:24:40Z,2020-07-21T17:50:40Z,COMPLETE,,0.01000000,0.01000000,0.69824,0.71361,0E-8,0E-8,0E-8,0E-8,0E-8,15.37000000,15.37000000
BOSS19_P4B_SOURCE_BOUND_DEAL_V2,H3-C12-BWD,AUDUSD,16388,PERIOD_H4,990001,990001,990001,2,20,13,16,20,23,2020.06.05 10:36:40,2020.07.21 20:50:40,1591353400000,1595364640000,2020-06-05T07:36:40Z,2020-07-21T17:50:40Z,COMPLETE,,0.01000000,0.01000000,0.70085,0.71361,0E-8,0E-8,0E-8,0E-8,0E-8,12.76000000,12.76000000
BOSS19_P4B_SOURCE_BOUND_DEAL_V2,H3-C12-BWD,AUDUSD,16388,PERIOD_H4,990001,990001,990001,2,21,14,15,21,22,2020.06.09 03:04:40,2020.07.21 20:50:40,1591671880000,1595364640000,2020-06-09T00:04:40Z,2020-07-21T17:50:40Z,COMPLETE,,0.02000000,0.02000000,0.70345,0.71361,0E-8,0E-8,0E-8,0E-8,0E-8,20.32000000,20.32000000
BOSS19_P4B_SOURCE_BOUND_DEAL_V2,H3-C12-BWD,AUDUSD,16388,PERIOD_H4,990001,990001,990001,2,25,18,23,25,30,2020.07.22 10:05:40,2020.08.28 08:01:40,1595412340000,1598601700000,2020-07-22T07:05:40Z,2020-08-28T05:01:40Z,COMPLETE,,0.01000000,0.01000000,0.71606,0.72929,0E-8,0E-8,0E-8,0E-8,0E-8,13.23000000,13.23000000
BOSS19_P4B_SOURCE_BOUND_DEAL_V2,H3-C12-BWD,AUDUSD,16388,PERIOD_H4,990001,990001,990001,2,26,19,22,26,29,2020.07.29 10:42:40,2020.08.28 08:01:40,1596019360000,1598601700000,2020-07-29T07:42:40Z,2020-08-28T05:01:40Z,COMPLETE,,0.01000000,0.01000000,0.71846,0.72929,0E-8,0E-8,0E-8,0E-8,0E-8,10.83000000,10.83000000
BOSS19_P4B_SOURCE_BOUND_DEAL_V2,H3-C12-BWD,AUDUSD,16388,PERIOD_H4,990001,990001,990001,2,27,20,21,27,28,2020.07.31 03:01:40,2020.08.28 08:01:40,1596164500000,1598601700000,2020-07-31T00:01:40Z,2020-08-28T05:01:40Z,COMPLETE,,0.02000000,0.02000000,0.72086,0.72929,0E-8,0E-8,0E-8,0E-8,0E-8,16.86000000,16.86000000
BOSS19_P4B_SOURCE_BOUND_DEAL_V2,H3-C12-BWD,AUDUSD,16388,PERIOD_H4,990001,990001,990001,2,31,24,29,31,36,2020.08.28 10:23:40,2020.12.03 16:27:20,1598610220000,1607012840000,2020-08-28T07:23:40Z,2020-12-03T14:27:20Z,COMPLETE,,0.01000000,0.01000000,0.73140,0.74423,0E-8,0E-8,0E-8,0E-8,0E-8,12.83000000,12.83000000
BOSS19_P4B_SOURCE_BOUND_DEAL_V2,H3-C12-BWD,AUDUSD,16388,PERIOD_H4,990001,990001,990001,2,32,25,28,32,35,2020.08.28 14:06:40,2020.12.03 16:27:20,1598623600000,1607012840000,2020-08-28T11:06:40Z,2020-12-03T14:27:20Z,COMPLETE,,0.01000000,0.01000000,0.73345,0.74423,0E-8,0E-8,0E-8,0E-8,0E-8,10.78000000,10.78000000
BOSS19_P4B_SOURCE_BOUND_DEAL_V2,H3-C12-BWD,AUDUSD,16388,PERIOD_H4,990001,990001,990001,2,33,26,27,33,34,2020.08.28 17:55:40,2020.12.03 16:27:20,1598637340000,1607012840000,2020-08-28T14:55:40Z,2020-12-03T14:27:20Z,COMPLETE,,0.02000000,0.02000000,0.73549,0.74423,0E-8,0E-8,0E-8,0E-8,0E-8,17.48000000,17.48000000
BOSS19_P4B_SOURCE_BOUND_DEAL_V2,H3-C12-BWD,AUDUSD,16388,PERIOD_H4,990001,990001,990001,2,37,30,35,37,42,2020.12.09 10:45:40,2020.12.17 02:30:40,1607510740000,1608172240000,2020-12-09T08:45:40Z,2020-12-17T00:30:40Z,COMPLETE,,0.01000000,0.01000000,0.74630,0.75866,0E-8,0E-8,0E-8,0E-8,0E-8,12.36000000,12.36000000
BOSS19_P4B_SOURCE_BOUND_DEAL_V2,H3-C12-BWD,AUDUSD,16388,PERIOD_H4,990001,990001,990001,2,38,31,34,38,41,2020.12.09 13:10:40,2020.12.17 02:30:40,1607519440000,1608172240000,2020-12-09T11:10:40Z,2020-12-17T00:30:40Z,COMPLETE,,0.01000000,0.01000000,0.74836,0.75866,0E-8,0E-8,0E-8,0E-8,0E-8,10.30000000,10.30000000
BOSS19_P4B_SOURCE_BOUND_DEAL_V2,H3-C12-BWD,AUDUSD,16388,PERIOD_H4,990001,990001,990001,2,39,32,33,39,40,2020.12.10 15:09:40,2020.12.17 02:30:40,1607612980000,1608172240000,2020-12-10T13:09:40Z,2020-12-17T00:30:40Z,COMPLETE,,0.02000000,0.02000000,0.75041,0.75866,0E-8,0E-8,0E-8,0E-8,0E-8,16.50000000,16.50000000
BOSS19_P4B_SOURCE_BOUND_DEAL_V2,H3-C12-BWD,AUDUSD,16388,PERIOD_H4,990001,990001,990001,2,43,36,41,43,48,2020.12.17 08:48:40,2020.12.31 12:33:40,1608194920000,1609418020000,2020-12-17T06:48:40Z,2020-12-31T10:33:40Z,COMPLETE,,0.01000000,0.01000000,0.75981,0.77183,0E-8,0E-8,0E-8,0E-8,0E-8,12.02000000,12.02000000
BOSS19_P4B_SOURCE_BOUND_DEAL_V2,H3-C12-BWD,AUDUSD,16388,PERIOD_H4,990001,990001,990001,2,44,37,40,44,47,2020.12.17 09:19:40,2020.12.31 12:33:40,1608196780000,1609418020000,2020-12-17T07:19:40Z,2020-12-31T10:33:40Z,COMPLETE,,0.01000000,0.01000000,0.76165,0.77183,0E-8,0E-8,0E-8,0E-8,0E-8,10.18000000,10.18000000
BOSS19_P4B_SOURCE_BOUND_DEAL_V2,H3-C12-BWD,AUDUSD,16388,PERIOD_H4,990001,990001,990001,2,45,38,39,45,46,2020.12.17 11:39:40,2020.12.31 12:33:40,1608205180000,1609418020000,2020-12-17T09:39:40Z,2020-12-31T10:33:40Z,COMPLETE,,0.02000000,0.02000000,0.76349,0.77183,0E-8,0E-8,0E-8,0E-8,0E-8,16.68000000,16.68000000
BOSS19_P4B_SOURCE_BOUND_DEAL_V2,H3-C12-BWD,AUDUSD,16388,PERIOD_H4,990001,990001,990001,2,49,42,47,49,54,2020.12.31 12:59:40,2021.02.19 15:48:40,1609419580000,1613749720000,2020-12-31T10:59:40Z,2021-02-19T13:48:40Z,COMPLETE,,0.01000000,0.01000000,0.77367,0.78631,0E-8,0E-8,0E-8,0E-8,0E-8,12.64000000,12.64000000
BOSS19_P4B_SOURCE_BOUND_DEAL_V2,H3-C12-BWD,AUDUSD,16388,PERIOD_H4,990001,990001,990001,2,50,43,46,50,53,2021.01.05 18:45:40,2021.02.19 15:48:40,1609872340000,1613749720000,2021-01-05T16:45:40Z,2021-02-19T13:48:40Z,COMPLETE,,0.01000000,0.01000000,0.77558,0.78631,0E-8,0E-8,0E-8,0E-8,0E-8,10.73000000,10.73000000
BOSS19_P4B_SOURCE_BOUND_DEAL_V2,H3-C12-BWD,AUDUSD,16388,PERIOD_H4,990001,990001,990001,2,51,44,45,51,52,2021.01.05 21:44:40,2021.02.19 15:48:40,1609883080000,1613749720000,2021-01-05T19:44:40Z,2021-02-19T13:48:40Z,COMPLETE,,0.02000000,0.02000000,0.77749,0.78631,0E-8,0E-8,0E-8,0E-8,0E-8,17.64000000,17.64000000
BOSS19_P4B_SOURCE_BOUND_DEAL_V2,H3-C12-BWD,AUDUSD,16388,PERIOD_H4,990001,990001,0,2,55,48,53,55,60,2021.02.22 01:39:20,2022.12.30 23:54:59,1613957960000,1672444499000,2021-02-21T23:39:20Z,2022-12-30T21:54:59Z,COMPLETE,,0.01000000,0.01000000,0.78840,0.68153,0E-8,0E-8,0E-8,0E-8,0E-8,-106.87000000,-106.87000000
BOSS19_P4B_SOURCE_BOUND_DEAL_V2,H3-C12-BWD,AUDUSD,16388,PERIOD_H4,990001,990001,0,2,56,49,52,56,59,2021.02.22 03:23:40,2022.12.30 23:54:59,1613964220000,1672444499000,2021-02-22T01:23:40Z,2022-12-30T21:54:59Z,COMPLETE,,0.01000000,0.01000000,0.79043,0.68153,0E-8,0E-8,0E-8,0E-8,0E-8,-108.90000000,-108.90000000
BOSS19_P4B_SOURCE_BOUND_DEAL_V2,H3-C12-BWD,AUDUSD,16388,PERIOD_H4,990001,990001,0,2,57,50,51,57,58,2021.02.22 20:30:40,2022.12.30 23:54:59,1614025840000,1672444499000,2021-02-22T18:30:40Z,2022-12-30T21:54:59Z,COMPLETE,,0.02000000,0.02000000,0.79247,0.68153,0E-8,0E-8,0E-8,0E-8,0E-8,-221.88000000,-221.88000000
BOSS19_P4B_SOURCE_BOUND_DEAL_V2,H3-C13-MAIN,USDJPY,15,PERIOD_M15,990001,990001,990001,2,2,2,3,2,5,2023.01.03 01:17:40,2023.01.03 02:35:40,1672708660000,1672713340000,2023-01-02T23:17:40Z,2023-01-03T00:35:40Z,COMPLETE,,0.01000000,0.01000000,131.279,130.700,0E-8,0E-8,0E-8,0E-8,0E-8,4.43000000,4.43000000
BOSS19_P4B_SOURCE_BOUND_DEAL_V2,H3-C13-MAIN,USDJPY,15,PERIOD_M15,990001,990001,990001,2,6,4,5,6,9,2023.01.04 01:17:40,2023.01.06 07:45:40,1672795060000,1672991140000,2023-01-03T23:17:40Z,2023-01-06T05:45:40Z,COMPLETE,,0.01000000,0.01000000,131.248,134.310,0E-8,0E-8,0E-8,0E-8,0.31000000,22.80000000,23.11000000
BOSS19_P4B_SOURCE_BOUND_DEAL_V2,H3-C13-MAIN,USDJPY,15,PERIOD_M15,990001,990001,990001,2,82,6,7,82,85,2023.01.11 03:32:40,2023.02.17 13:11:20,1673407960000,1676639480000,2023-01-11T01:32:40Z,2023-02-17T11:11:20Z,COMPLETE,,0.01000000,0.01000000,132.490,135.063,0E-8,0E-8,0E-8,0E-8,3.09000000,19.05000000,22.14000000
BOSS19_P4B_SOURCE_BOUND_DEAL_V2,H3-C13-MAIN,USDJPY,15,PERIOD_M15,990001,990001,990001,2,137,8,11,137,141,2023.02.21 10:01:40,2023.03.07 20:48:40,1676973700000,1678222120000,2023-02-21T08:01:40Z,2023-03-07T18:48:40Z,COMPLETE,,0.01000000,0.01000000,134.714,136.996,0E-8,0E-8,0E-8,0E-8,1.10000000,16.66000000,17.76000000
BOSS19_P4B_SOURCE_BOUND_DEAL_V2,H3-C13-MAIN,USDJPY,15,PERIOD_M15,990001,990001,990001,2,138,9,10,138,140,2023.02.21 16:51:40,2023.03.07 20:48:40,1676998300000,1678222120000,2023-02-21T14:51:40Z,2023-03-07T18:48:40Z,COMPLETE,,0.01000000,0.01000000,135.212,136.996,0E-8,0E-8,0E-8,0E-8,1.10000000,13.02000000,14.12000000
BOSS19_P4B_SOURCE_BOUND_DEAL_V2,H3-C13-MAIN,USDJPY,15,PERIOD_M15,990001,990001,990001,2,142,12,15,142,146,2023.03.08 01:53:40,2023.05.24 23:31:40,1678240420000,1684971100000,2023-03-07T23:53:40Z,2023-05-24T20:31:40Z,COMPLETE,,0.01000000,0.01000000,137.403,139.429,0E-8,0E-8,0E-8,0E-8,5.98000000,14.53000000,20.51000000
BOSS19_P4B_SOURCE_BOUND_DEAL_V2,H3-C13-MAIN,USDJPY,15,PERIOD_M15,990001,990001,990001,2,143,13,14,143,145,2023.03.08 06:35:40,2023.05.24 23:31:40,1678257340000,1684971100000,2023-03-08T04:35:40Z,2023-05-24T20:31:40Z,COMPLETE,,0.01000000,0.01000000,137.809,139.429,0E-8,0E-8,0E-8,0E-8,5.98000000,11.62000000,17.60000000
BOSS19_P4B_SOURCE_BOUND_DEAL_V2,H3-C13-MAIN,USDJPY,15,PERIOD_M15,990001,990001,990001,2,147,16,19,147,151,2023.05.25 16:00:40,2023.06.16 18:37:40,1685030440000,1686940660000,2023-05-25T13:00:40Z,2023-06-16T15:37:40Z,COMPLETE,,0.01000000,0.01000000,139.806,141.734,0E-8,0E-8,0E-8,0E-8,1.57000000,13.60000000,15.17000000
BOSS19_P4B_SOURCE_BOUND_DEAL_V2,H3-C13-MAIN,USDJPY,15,PERIOD_M15,990001,990001,990001,2,148,17,18,148,150,2023.05.25 22:32:40,2023.06.16 18:37:40,1685053960000,1686940660000,2023-05-25T19:32:40Z,2023-06-16T15:37:40Z,COMPLETE,,0.01000000,0.01000000,140.171,141.734,0E-8,0E-8,0E-8,0E-8,1.57000000,11.03000000,12.60000000
BOSS19_P4B_SOURCE_BOUND_DEAL_V2,H3-C13-MAIN,USDJPY,15,PERIOD_M15,990001,990001,990001,2,161,20,21,161,164,2023.06.20 03:21:20,2023.06.27 12:38:40,1687231280000,1687869520000,2023-06-20T00:21:20Z,2023-06-27T09:38:40Z,COMPLETE,,0.01000000,0.01000000,142.095,143.896,0E-8,0E-8,0E-8,0E-8,0.50000000,12.52000000,13.02000000
BOSS19_P4B_SOURCE_BOUND_DEAL_V2,H3-C13-MAIN,USDJPY,15,PERIOD_M15,990001,990001,990001,2,186,22,27,186,191,2023.06.27 17:36:40,2023.08.25 17:32:40,1687887400000,1692984760000,2023-06-27T14:36:40Z,2023-08-25T14:32:40Z,COMPLETE,,0.01000000,0.01000000,143.948,146.438,0E-8,0E-8,0E-8,0E-8,4.30000000,17.00000000,21.30000000
BOSS19_P4B_SOURCE_BOUND_DEAL_V2,H3-C13-MAIN,USDJPY,15,PERIOD_M15,990001,990001,990001,2,187,23,26,187,190,2023.06.28 15:09:40,2023.08.25 17:32:40,1687964980000,1692984760000,2023-06-28T12:09:40Z,2023-08-25T14:32:40Z,COMPLETE,,0.01000000,0.01000000,144.307,146.438,0E-8,0E-8,0E-8,0E-8,4.23000000,14.55000000,18.78000000
BOSS19_P4B_SOURCE_BOUND_DEAL_V2,H3-C13-MAIN,USDJPY,15,PERIOD_M15,990001,990001,990001,2,188,24,25,188,189,2023.06.29 09:32:20,2023.08.25 17:32:40,1688031140000,1692984760000,2023-06-29T06:32:20Z,2023-08-25T14:32:40Z,COMPLETE,,0.02000000,0.02000000,144.665,146.438,0E-8,0E-8,0E-8,0E-8,8.19000000,24.22000000,32.41000000
BOSS19_P4B_SOURCE_BOUND_DEAL_V2,H3-C13-MAIN,USDJPY,15,PERIOD_M15,990001,990001,990001,2,210,28,31,210,214,2023.08.29 14:19:40,2023.09.25 12:31:40,1693318780000,1695645100000,2023-08-29T11:19:40Z,2023-09-25T09:31:40Z,COMPLETE,,0.01000000,0.01000000,146.909,148.581,0E-8,0E-8,0E-8,0E-8,1.89000000,11.25000000,13.14000000
BOSS19_P4B_SOURCE_BOUND_DEAL_V2,H3-C13-MAIN,USDJPY,15,PERIOD_M15,990001,990001,990001,2,211,29,30,211,213,2023.08.29 15:26:40,2023.09.25 12:31:40,1693322800000,1695645100000,2023-08-29T12:26:40Z,2023-09-25T09:31:40Z,COMPLETE,,0.01000000,0.01000000,147.297,148.581,0E-8,0E-8,0E-8,0E-8,1.89000000,8.64000000,10.53000000
BOSS19_P4B_SOURCE_BOUND_DEAL_V2,H3-C13-MAIN,USDJPY,15,PERIOD_M15,990001,990001,990001,2,215,32,35,215,219,2023.09.25 17:19:40,2023.10.25 23:29:40,1695662380000,1698276580000,2023-09-25T14:19:40Z,2023-10-25T20:29:40Z,COMPLETE,,0.01000000,0.01000000,148.888,150.158,0E-8,0E-8,0E-8,0E-8,2.10000000,8.46000000,10.56000000
BOSS19_P4B_SOURCE_BOUND_DEAL_V2,H3-C13-MAIN,USDJPY,15,PERIOD_M15,990001,990001,990001,2,216,33,34,216,218,2023.09.26 09:42:20,2023.10.25 23:29:40,1695721340000,1698276580000,2023-09-26T06:42:20Z,2023-10-25T20:29:40Z,COMPLETE,,0.01000000,0.01000000,149.182,150.158,0E-8,0E-8,0E-8,0E-8,2.03000000,6.50000000,8.53000000
BOSS19_P4B_SOURCE_BOUND_DEAL_V2,H3-C13-MAIN,USDJPY,15,PERIOD_M15,990001,990001,990001,2,220,36,39,220,224,2023.10.26 05:18:40,2023.10.31 19:46:40,1698297520000,1698781600000,2023-10-26T02:18:40Z,2023-10-31T16:46:40Z,COMPLETE,,0.01000000,0.01000000,150.392,151.691,0E-8,0E-8,0E-8,0E-8,0.21000000,8.56000000,8.77000000
BOSS19_P4B_SOURCE_BOUND_DEAL_V2,H3-C13-MAIN,USDJPY,15,PERIOD_M15,990001,990001,990001,2,221,37,38,221,223,2023.10.26 09:05:40,2023.10.31 19:46:40,1698311140000,1698781600000,2023-10-26T06:05:40Z,2023-10-31T16:46:40Z,COMPLETE,,0.01000000,0.01000000,150.614,151.691,0E-8,0E-8,0E-8,0E-8,0.21000000,7.10000000,7.31000000
BOSS19_P4B_SOURCE_BOUND_DEAL_V2,H3-C13-MAIN,USDJPY,15,PERIOD_M15,990001,990001,990001,2,303,40,45,303,308,2023.11.06 21:41:40,2023.11.13 02:49:20,1699306900000,1699843760000,2023-11-06T19:41:40Z,2023-11-13T00:49:20Z,COMPLETE,,0.01000000,0.01000000,149.939,151.569,0E-8,0E-8,0E-8,0E-8,0.48000000,10.75000000,11.23000000
BOSS19_P4B_SOURCE_BOUND_DEAL_V2,H3-C13-MAIN,USDJPY,15,PERIOD_M15,990001,990001,990001,2,304,41,44,304,307,2023.11.07 05:48:40,2023.11.13 02:49:20,1699336120000,1699843760000,2023-11-07T03:48:40Z,2023-11-13T00:49:20Z,COMPLETE,,0.01000000,0.01000000,150.201,151.569,0E-8,0E-8,0E-8,0E-8,0.41000000,9.03000000,9.44000000
BOSS19_P4B_SOURCE_BOUND_DEAL_V2,H3-C13-MAIN,USDJPY,15,PERIOD_M15,990001,990001,990001,2,305,42,43,305,306,2023.11.07 09:31:40,2023.11.13 02:49:20,1699349500000,1699843760000,2023-11-07T07:31:40Z,2023-11-13T00:49:20Z,COMPLETE,,0.02000000,0.02000000,150.464,151.569,0E-8,0E-8,0E-8,0E-8,0.83000000,14.58000000,15.41000000
BOSS19_P4B_SOURCE_BOUND_DEAL_V2,H3-C13-MAIN,USDJPY,15,PERIOD_M15,990001,990001,990001,2,309,46,47,309,312,2023.11.13 10:17:40,2024.04.10 23:38:40,1699870660000,1712792320000,2023-11-13T08:17:40Z,2024-04-10T20:38:40Z,COMPLETE,,0.01000000,0.01000000,151.835,153.168,0E-8,0E-8,0E-8,0E-8,10.40000000,8.70000000,19.10000000
BOSS19_P4B_SOURCE_BOUND_DEAL_V2,H3-C13-MAIN,USDJPY,15,PERIOD_M15,990001,990001,990001,2,412,48,53,412,417,2024.04.15 03:54:40,2024.04.24 09:12:40,1713153280000,1713949960000,2024-04-15T00:54:40Z,2024-04-24T06:12:40Z,COMPLETE,,0.01000000,0.01000000,153.408,154.931,0E-8,0E-8,0E-8,0E-8,0.62000000,9.83000000,10.45000000
BOSS19_P4B_SOURCE_BOUND_DEAL_V2,H3-C13-MAIN,USDJPY,15,PERIOD_M15,990001,990001,990001,2,413,49,52,413,416,2024.04.15 04:05:40,2024.04.24 09:12:40,1713153940000,1713949960000,2024-04-15T01:05:40Z,2024-04-24T06:12:40Z,COMPLETE,,0.01000000,0.01000000,153.669,154.931,0E-8,0E-8,0E-8,0E-8,0.62000000,8.15000000,8.77000000
BOSS19_P4B_SOURCE_BOUND_DEAL_V2,H3-C13-MAIN,USDJPY,15,PERIOD_M15,990001,990001,990001,2,414,50,51,414,415,2024.04.15 10:02:40,2024.04.24 09:12:40,1713175360000,1713949960000,2024-04-15T07:02:40Z,2024-04-24T06:12:40Z,COMPLETE,,0.02000000,0.02000000,153.930,154.931,0E-8,0E-8,0E-8,0E-8,1.18000000,12.92000000,14.10000000
BOSS19_P4B_SOURCE_BOUND_DEAL_V2,H3-C13-MAIN,USDJPY,15,PERIOD_M15,990001,990001,990001,2,418,54,59,418,423,2024.04.24 15:13:40,2024.04.26 10:07:40,1713971620000,1714126060000,2024-04-24T12:13:40Z,2024-04-26T07:07:40Z,COMPLETE,,0.01000000,0.01000000,155.179,156.652,0E-8,0E-8,0E-8,0E-8,0.27000000,9.40000000,9.67000000
BOSS19_P4B_SOURCE_BOUND_DEAL_V2,H3-C13-MAIN,USDJPY,15,PERIOD_M15,990001,990001,990001,2,419,55,58,419,422,2024.04.25 03:53:40,2024.04.26 10:07:40,1714017220000,1714126060000,2024-04-25T00:53:40Z,2024-04-26T07:07:40Z,COMPLETE,,0.01000000,0.01000000,155.414,156.652,0E-8,0E-8,0E-8,0E-8,0.07000000,7.90000000,7.97000000
BOSS19_P4B_SOURCE_BOUND_DEAL_V2,H3-C13-MAIN,USDJPY,15,PERIOD_M15,990001,990001,990001,2,420,56,57,420,421,2024.04.25 08:03:40,2024.04.26 10:07:40,1714032220000,1714126060000,2024-04-25T05:03:40Z,2024-04-26T07:07:40Z,COMPLETE,,0.02000000,0.02000000,155.648,156.652,0E-8,0E-8,0E-8,0E-8,0.13000000,12.82000000,12.95000000
BOSS19_P4B_SOURCE_BOUND_DEAL_V2,H3-C13-MAIN,USDJPY,15,PERIOD_M15,990001,990001,990001,2,424,60,65,424,429,2024.04.26 14:03:40,2024.04.26 23:33:40,1714140220000,1714174420000,2024-04-26T11:03:40Z,2024-04-26T20:33:40Z,COMPLETE,,0.01000000,0.01000000,156.858,158.337,0E-8,0E-8,0E-8,0E-8,0E-8,9.34000000,9.34000000
BOSS19_P4B_SOURCE_BOUND_DEAL_V2,H3-C13-MAIN,USDJPY,15,PERIOD_M15,990001,990001,990001,2,425,61,64,425,428,2024.04.26 17:38:40,2024.04.26 23:33:40,1714153120000,1714174420000,2024-04-26T14:38:40Z,2024-04-26T20:33:40Z,COMPLETE,,0.01000000,0.01000000,157.087,158.337,0E-8,0E-8,0E-8,0E-8,0E-8,7.89000000,7.89000000
BOSS19_P4B_SOURCE_BOUND_DEAL_V2,H3-C13-MAIN,USDJPY,15,PERIOD_M15,990001,990001,990001,2,426,62,63,426,427,2024.04.26 17:55:40,2024.04.26 23:33:40,1714154140000,1714174420000,2024-04-26T14:55:40Z,2024-04-26T20:33:40Z,COMPLETE,,0.02000000,0.02000000,157.315,158.337,0E-8,0E-8,0E-8,0E-8,0E-8,12.91000000,12.91000000
BOSS19_P4B_SOURCE_BOUND_DEAL_V2,H3-C13-MAIN,USDJPY,15,PERIOD_M15,990001,990001,990001,2,430,66,71,430,435,2024.04.29 04:30:40,2024.04.29 04:35:40,1714365040000,1714365340000,2024-04-29T01:30:40Z,2024-04-29T01:35:40Z,COMPLETE,,0.01000000,0.01000000,158.517,160.205,0E-8,0E-8,0E-8,0E-8,0E-8,10.54000000,10.54000000
BOSS19_P4B_SOURCE_BOUND_DEAL_V2,H3-C13-MAIN,USDJPY,15,PERIOD_M15,990001,990001,990001,2,431,67,70,431,434,2024.04.29 04:35:40,2024.04.29 04:35:40,1714365340000,1714365340000,2024-04-29T01:35:40Z,2024-04-29T01:35:40Z,COMPLETE,,0.01000000,0.01000000,158.746,160.205,0E-8,0E-8,0E-8,0E-8,0E-8,9.11000000,9.11000000
BOSS19_P4B_SOURCE_BOUND_DEAL_V2,H3-C13-MAIN,USDJPY,15,PERIOD_M15,990001,990001,990001,2,432,68,69,432,433,2024.04.29 04:35:40,2024.04.29 04:35:40,1714365340000,1714365340000,2024-04-29T01:35:40Z,2024-04-29T01:35:40Z,COMPLETE,,0.02000000,0.02000000,158.974,160.205,0E-8,0E-8,0E-8,0E-8,0E-8,15.37000000,15.37000000
BOSS19_P4B_SOURCE_BOUND_DEAL_V2,H3-C13-MAIN,USDJPY,15,PERIOD_M15,990001,990001,990001,2,439,72,73,439,442,2024.04.29 08:23:40,2024.04.29 08:32:20,1714379020000,1714379540000,2024-04-29T05:23:40Z,2024-04-29T05:32:20Z,COMPLETE,,0.01000000,0.01000000,156.184,155.489,0E-8,0E-8,0E-8,0E-8,0E-8,4.47000000,4.47000000
BOSS19_P4B_SOURCE_BOUND_DEAL_V2,H3-C13-MAIN,USDJPY,15,PERIOD_M15,990001,990001,990001,2,440,74,77,440,444,2024.04.29 08:41:20,2024.04.29 10:08:40,1714380080000,1714385320000,2024-04-29T05:41:20Z,2024-04-29T07:08:40Z,COMPLETE,,0.01000000,0.01000000,156.436,156.179,0E-8,0E-8,0E-8,0E-8,0E-8,1.65000000,1.65000000
BOSS19_P4B_SOURCE_BOUND_DEAL_V2,H3-C13-MAIN,USDJPY,15,PERIOD_M15,990001,990001,990001,2,441,75,76,441,443,2024.04.29 08:50:40,2024.04.29 10:08:40,1714380640000,1714385320000,2024-04-29T05:50:40Z,2024-04-29T07:08:40Z,COMPLETE,,0.01000000,0.01000000,156.689,156.179,0E-8,0E-8,0E-8,0E-8,0E-8,3.27000000,3.27000000
BOSS19_P4B_SOURCE_BOUND_DEAL_V2,H3-C13-MAIN,USDJPY,15,PERIOD_M15,990001,990001,990001,2,445,78,79,445,448,2024.04.29 10:09:40,2024.04.29 10:10:40,1714385380000,1714385440000,2024-04-29T07:09:40Z,2024-04-29T07:10:40Z,COMPLETE,,0.01000000,0.01000000,156.441,155.749,0E-8,0E-8,0E-8,0E-8,0E-8,4.44000000,4.44000000
BOSS19_P4B_SOURCE_BOUND_DEAL_V2,H3-C13-MAIN,USDJPY,15,PERIOD_M15,990001,990001,990001,2,446,80,81,446,449,2024.04.29 16:56:40,2024.04.29 19:22:40,1714409800000,1714418560000,2024-04-29T13:56:40Z,2024-04-29T16:22:40Z,COMPLETE,,0.01000000,0.01000000,156.693,156.375,0E-8,0E-8,0E-8,0E-8,0E-8,2.03000000,2.03000000
BOSS19_P4B_SOURCE_BOUND_DEAL_V2,H3-C13-MAIN,USDJPY,15,PERIOD_M15,990001,990001,990001,2,450,82,87,450,455,2024.04.30 15:07:40,2024.06.21 03:55:40,1714489660000,1718942140000,2024-04-30T12:07:40Z,2024-06-21T00:55:40Z,COMPLETE,,0.01000000,0.01000000,157.131,159.064,0E-8,0E-8,0E-8,0E-8,3.68000000,12.15000000,15.83000000
BOSS19_P4B_SOURCE_BOUND_DEAL_V2,H3-C13-MAIN,USDJPY,15,PERIOD_M15,990001,990001,990001,2,451,83,86,451,454,2024.04.30 15:50:40,2024.06.21 03:55:40,1714492240000,1718942140000,2024-04-30T12:50:40Z,2024-06-21T00:55:40Z,COMPLETE,,0.01000000,0.01000000,157.436,159.064,0E-8,0E-8,0E-8,0E-8,3.68000000,10.23000000,13.91000000
BOSS19_P4B_SOURCE_BOUND_DEAL_V2,H3-C13-MAIN,USDJPY,15,PERIOD_M15,990001,990001,990001,2,452,84,85,452,453,2024.04.30 22:18:40,2024.06.21 03:55:40,1714515520000,1718942140000,2024-04-30T19:18:40Z,2024-06-21T00:55:40Z,COMPLETE,,0.02000000,0.02000000,157.740,159.064,0E-8,0E-8,0E-8,0E-8,7.05000000,16.65000000,23.70000000
BOSS19_P4B_SOURCE_BOUND_DEAL_V2,H3-C13-MAIN,USDJPY,15,PERIOD_M15,990001,990001,990001,2,498,88,93,498,503,2024.06.21 16:45:40,2024.06.28 03:55:40,1718988340000,1719546940000,2024-06-21T13:45:40Z,2024-06-28T00:55:40Z,COMPLETE,,0.01000000,0.01000000,159.188,161.031,0E-8,0E-8,0E-8,0E-8,0.43000000,11.45000000,11.88000000
BOSS19_P4B_SOURCE_BOUND_DEAL_V2,H3-C13-MAIN,USDJPY,15,PERIOD_M15,990001,990001,990001,2,499,89,92,499,502,2024.06.21 17:57:40,2024.06.28 03:55:40,1718992660000,1719546940000,2024-06-21T14:57:40Z,2024-06-28T00:55:40Z,COMPLETE,,0.01000000,0.01000000,159.488,161.031,0E-8,0E-8,0E-8,0E-8,0.43000000,9.58000000,10.01000000
BOSS19_P4B_SOURCE_BOUND_DEAL_V2,H3-C13-MAIN,USDJPY,15,PERIOD_M15,990001,990001,990001,2,500,90,91,500,501,2024.06.21 23:50:40,2024.06.28 03:55:40,1719013840000,1719546940000,2024-06-21T20:50:40Z,2024-06-28T00:55:40Z,COMPLETE,,0.02000000,0.02000000,159.789,161.031,0E-8,0E-8,0E-8,0E-8,0.90000000,15.43000000,16.33000000
BOSS19_P4B_SOURCE_BOUND_DEAL_V2,H3-C13-MAIN,USDJPY,15,PERIOD_M15,990001,990001,0,2,504,94,95,504,507,2024.06.28 04:30:40,2025.12.30 23:59:59,1719549040000,1767139199000,2024-06-28T01:30:40Z,2025-12-30T21:59:59Z,COMPLETE,,0.01000000,0.01000000,161.269,156.404,0E-8,0E-8,0E-8,0E-8,37.91000000,-31.11000000,6.80000000
BOSS19_P4B_SOURCE_BOUND_DEAL_V2,H3-C13-BWD,USDJPY,15,PERIOD_M15,990001,990001,990001,2,98,2,7,98,103,2020.01.06 17:26:40,2020.01.08 18:53:40,1578331600000,1578509620000,2020-01-06T15:26:40Z,2020-01-08T16:53:40Z,COMPLETE,,0.01000000,0.01000000,108.225,109.096,0E-8,0E-8,0E-8,0E-8,0.18000000,7.98000000,8.16000000
BOSS19_P4B_SOURCE_BOUND_DEAL_V2,H3-C13-BWD,USDJPY,15,PERIOD_M15,990001,990001,990001,2,99,3,6,99,102,2020.01.06 17:50:40,2020.01.08 18:53:40,1578333040000,1578509620000,2020-01-06T15:50:40Z,2020-01-08T16:53:40Z,COMPLETE,,0.01000000,0.01000000,108.358,109.096,0E-8,0E-8,0E-8,0E-8,0.18000000,6.76000000,6.94000000
BOSS19_P4B_SOURCE_BOUND_DEAL_V2,H3-C13-BWD,USDJPY,15,PERIOD_M15,990001,990001,990001,2,100,4,5,100,101,2020.01.06 21:44:40,2020.01.08 18:53:40,1578347080000,1578509620000,2020-01-06T19:44:40Z,2020-01-08T16:53:40Z,COMPLETE,,0.02000000,0.02000000,108.490,109.096,0E-8,0E-8,0E-8,0E-8,0.38000000,11.11000000,11.49000000
BOSS19_P4B_SOURCE_BOUND_DEAL_V2,H3-C13-BWD,USDJPY,15,PERIOD_M15,990001,990001,990001,2,104,8,13,104,109,2020.01.08 21:26:40,2020.01.14 02:55:40,1578518800000,1578970540000,2020-01-08T19:26:40Z,2020-01-14T00:55:40Z,COMPLETE,,0.01000000,0.01000000,109.223,110.206,0E-8,0E-8,0E-8,0E-8,0.55000000,8.92000000,9.47000000
BOSS19_P4B_SOURCE_BOUND_DEAL_V2,H3-C13-BWD,USDJPY,15,PERIOD_M15,990001,990001,990001,2,105,9,12,105,108,2020.01.09 09:56:40,2020.01.14 02:55:40,1578563800000,1578970540000,2020-01-09T07:56:40Z,2020-01-14T00:55:40Z,COMPLETE,,0.01000000,0.01000000,109.360,110.206,0E-8,0E-8,0E-8,0E-8,0.27000000,7.68000000,7.95000000
BOSS19_P4B_SOURCE_BOUND_DEAL_V2,H3-C13-BWD,USDJPY,15,PERIOD_M15,990001,990001,990001,2,106,10,11,106,107,2020.01.09 16:10:20,2020.01.14 02:55:40,1578586220000,1578970540000,2020-01-09T14:10:20Z,2020-01-14T00:55:40Z,COMPLETE,,0.02000000,0.02000000,109.497,110.206,0E-8,0E-8,0E-8,0E-8,0.57000000,12.87000000,13.44000000
BOSS19_P4B_SOURCE_BOUND_DEAL_V2,H3-C13-BWD,USDJPY,15,PERIOD_M15,990001,990001,990001,2,242,14,17,242,246,2020.01.16 16:30:40,2020.02.19 16:51:40,1579192240000,1582131100000,2020-01-16T14:30:40Z,2020-02-19T14:51:40Z,COMPLETE,,0.01000000,0.01000000,110.076,110.832,0E-8,0E-8,0E-8,0E-8,2.92000000,6.82000000,9.74000000
BOSS19_P4B_SOURCE_BOUND_DEAL_V2,H3-C13-BWD,USDJPY,15,PERIOD_M15,990001,990001,990001,2,243,15,16,243,245,2020.01.17 01:14:40,2020.02.19 16:51:40,1579223680000,1582131100000,2020-01-16T23:14:40Z,2020-02-19T14:51:40Z,COMPLETE,,0.01000000,0.01000000,110.222,110.832,0E-8,0E-8,0E-8,0E-8,2.83000000,5.50000000,8.33000000
BOSS19_P4B_SOURCE_BOUND_DEAL_V2,H3-C13-BWD,USDJPY,15,PERIOD_M15,990001,990001,990001,2,247,18,23,247,252,2020.02.19 17:52:20,2020.02.20 09:31:40,1582134740000,1582191100000,2020-02-19T15:52:20Z,2020-02-20T07:31:40Z,COMPLETE,,0.01000000,0.01000000,110.978,111.830,0E-8,0E-8,0E-8,0E-8,0.28000000,7.62000000,7.90000000
BOSS19_P4B_SOURCE_BOUND_DEAL_V2,H3-C13-BWD,USDJPY,15,PERIOD_M15,990001,990001,990001,2,248,19,22,248,251,2020.02.19 18:23:40,2020.02.20 09:31:40,1582136620000,1582191100000,2020-02-19T16:23:40Z,2020-02-20T07:31:40Z,COMPLETE,,0.01000000,0.01000000,111.112,111.830,0E-8,0E-8,0E-8,0E-8,0.28000000,6.42000000,6.70000000
BOSS19_P4B_SOURCE_BOUND_DEAL_V2,H3-C13-BWD,USDJPY,15,PERIOD_M15,990001,990001,990001,2,249,20,21,249,250,2020.02.19 18:38:40,2020.02.20 09:31:40,1582137520000,1582191100000,2020-02-19T16:38:40Z,2020-02-20T07:31:40Z,COMPLETE,,0.02000000,0.02000000,111.247,111.830,0E-8,0E-8,0E-8,0E-8,0.55000000,10.43000000,10.98000000
BOSS19_P4B_SOURCE_BOUND_DEAL_V2,H3-C13-BWD,USDJPY,15,PERIOD_M15,990001,990001,990001,2,253,24,27,253,257,2020.02.20 11:57:40,2021.10.11 11:06:40,1582199860000,1633950400000,2020-02-20T09:57:40Z,2021-10-11T08:06:40Z,COMPLETE,,0.01000000,0.01000000,111.977,112.887,0E-8,0E-8,0E-8,0E-8,57.22000000,8.06000000,65.28000000
BOSS19_P4B_SOURCE_BOUND_DEAL_V2,H3-C13-BWD,USDJPY,15,PERIOD_M15,990001,990001,990001,2,254,25,26,254,256,2020.02.20 12:51:40,2021.10.11 11:06:40,1582203100000,1633950400000,2020-02-20T10:51:40Z,2021-10-11T08:06:40Z,COMPLETE,,0.01000000,0.01000000,112.114,112.887,0E-8,0E-8,0E-8,0E-8,57.22000000,6.85000000,64.07000000
BOSS19_P4B_SOURCE_BOUND_DEAL_V2,H3-C13-BWD,USDJPY,15,PERIOD_M15,990001,990001,990001,2,258,28,33,258,263,2021.10.11 15:29:40,2021.10.15 11:38:40,1633966180000,1634297920000,2021-10-11T12:29:40Z,2021-10-15T08:38:40Z,COMPLETE,,0.01000000,0.01000000,113.062,114.189,0E-8,0E-8,0E-8,0E-8,0.54000000,9.87000000,10.41000000
BOSS19_P4B_SOURCE_BOUND_DEAL_V2,H3-C13-BWD,USDJPY,15,PERIOD_M15,990001,990001,990001,2,259,29,32,259,262,2021.10.11 15:32:40,2021.10.15 11:38:40,1633966360000,1634297920000,2021-10-11T12:32:40Z,2021-10-15T08:38:40Z,COMPLETE,,0.01000000,0.01000000,113.228,114.189,0E-8,0E-8,0E-8,0E-8,0.54000000,8.42000000,8.96000000
BOSS19_P4B_SOURCE_BOUND_DEAL_V2,H3-C13-BWD,USDJPY,15,PERIOD_M15,990001,990001,990001,2,260,30,31,260,261,2021.10.11 19:00:40,2021.10.15 11:38:40,1633978840000,1634297920000,2021-10-11T16:00:40Z,2021-10-15T08:38:40Z,COMPLETE,,0.02000000,0.02000000,113.395,114.189,0E-8,0E-8,0E-8,0E-8,1.08000000,13.91000000,14.99000000
BOSS19_P4B_SOURCE_BOUND_DEAL_V2,H3-C13-BWD,USDJPY,15,PERIOD_M15,990001,990001,990001,2,264,34,35,264,267,2021.10.15 12:18:20,2021.11.24 17:11:20,1634300300000,1637773880000,2021-10-15T09:18:20Z,2021-11-24T15:11:20Z,COMPLETE,,0.01000000,0.01000000,114.380,115.405,0E-8,0E-8,0E-8,0E-8,3.42000000,8.88000000,12.30000000
BOSS19_P4B_SOURCE_BOUND_DEAL_V2,H3-C13-BWD,USDJPY,15,PERIOD_M15,990001,990001,990001,2,325,36,37,325,328,2021.11.29 16:14:40,2021.12.29 10:30:40,1638202480000,1640773840000,2021-11-29T14:14:40Z,2021-12-29T08:30:40Z,COMPLETE,,0.01000000,0.01000000,113.909,114.969,0E-8,0E-8,0E-8,0E-8,2.70000000,9.22000000,11.92000000
BOSS19_P4B_SOURCE_BOUND_DEAL_V2,H3-C13-BWD,USDJPY,15,PERIOD_M15,990001,990001,990001,2,344,38,39,344,347,2021.12.30 08:41:40,2022.01.04 13:26:40,1640853700000,1641302800000,2021-12-30T06:41:40Z,2022-01-04T11:26:40Z,COMPLETE,,0.01000000,0.01000000,115.172,116.139,0E-8,0E-8,0E-8,0E-8,0.27000000,8.33000000,8.60000000
BOSS19_P4B_SOURCE_BOUND_DEAL_V2,H3-C13-BWD,USDJPY,15,PERIOD_M15,990001,990001,990001,2,348,40,41,348,351,2022.01.04 14:24:20,2022.03.11 20:41:40,1641306260000,1647031300000,2022-01-04T12:24:20Z,2022-03-11T18:41:40Z,COMPLETE,,0.01000000,0.01000000,116.337,117.300,0E-8,0E-8,0E-8,0E-8,6.12000000,8.21000000,14.33000000
BOSS19_P4B_SOURCE_BOUND_DEAL_V2,H3-C13-BWD,USDJPY,15,PERIOD_M15,990001,990001,990001,2,352,42,47,352,357,2022.03.14 01:31:40,2022.03.16 21:00:40,1647221500000,1647464440000,2022-03-13T22:31:40Z,2022-03-16T18:00:40Z,COMPLETE,,0.01000000,0.01000000,117.494,118.830,0E-8,0E-8,0E-8,0E-8,0.18000000,11.24000000,11.42000000
BOSS19_P4B_SOURCE_BOUND_DEAL_V2,H3-C13-BWD,USDJPY,15,PERIOD_M15,990001,990001,990001,2,353,43,46,353,356,2022.03.14 04:40:40,2022.03.16 21:00:40,1647232840000,1647464440000,2022-03-14T01:40:40Z,2022-03-16T18:00:40Z,COMPLETE,,0.01000000,0.01000000,117.686,118.830,0E-8,0E-8,0E-8,0E-8,0.18000000,9.63000000,9.81000000
BOSS19_P4B_SOURCE_BOUND_DEAL_V2,H3-C13-BWD,USDJPY,15,PERIOD_M15,990001,990001,990001,2,354,44,45,354,355,2022.03.14 05:44:40,2022.03.16 21:00:40,1647236680000,1647464440000,2022-03-14T02:44:40Z,2022-03-16T18:00:40Z,COMPLETE,,0.02000000,0.02000000,117.878,118.830,0E-8,0E-8,0E-8,0E-8,0.34000000,16.02000000,16.36000000
BOSS19_P4B_SOURCE_BOUND_DEAL_V2,H3-C13-BWD,USDJPY,15,PERIOD_M15,990001,990001,990001,2,358,48,49,358,361,2022.03.16 21:14:40,2022.03.22 03:48:40,1647465280000,1647920920000,2022-03-16T18:14:40Z,2022-03-22T00:48:40Z,COMPLETE,,0.01000000,0.01000000,118.949,120.068,0E-8,0E-8,0E-8,0E-8,0.53000000,9.32000000,9.85000000
BOSS19_P4B_SOURCE_BOUND_DEAL_V2,H3-C13-BWD,USDJPY,15,PERIOD_M15,990001,990001,990001,2,362,50,55,362,367,2022.03.22 07:16:40,2022.03.24 09:55:40,1647933400000,1648115740000,2022-03-22T04:16:40Z,2022-03-24T06:55:40Z,COMPLETE,,0.01000000,0.01000000,120.162,121.550,0E-8,0E-8,0E-8,0E-8,0.34000000,11.42000000,11.76000000
BOSS19_P4B_SOURCE_BOUND_DEAL_V2,H3-C13-BWD,USDJPY,15,PERIOD_M15,990001,990001,990001,2,363,51,54,363,366,2022.03.22 07:36:40,2022.03.24 09:55:40,1647934600000,1648115740000,2022-03-22T04:36:40Z,2022-03-24T06:55:40Z,COMPLETE,,0.01000000,0.01000000,120.370,121.550,0E-8,0E-8,0E-8,0E-8,0.34000000,9.71000000,10.05000000
BOSS19_P4B_SOURCE_BOUND_DEAL_V2,H3-C13-BWD,USDJPY,15,PERIOD_M15,990001,990001,990001,2,364,52,53,364,365,2022.03.22 12:19:40,2022.03.24 09:55:40,1647951580000,1648115740000,2022-03-22T09:19:40Z,2022-03-24T06:55:40Z,COMPLETE,,0.02000000,0.02000000,120.579,121.550,0E-8,0E-8,0E-8,0E-8,0.68000000,15.98000000,16.66000000
BOSS19_P4B_SOURCE_BOUND_DEAL_V2,H3-C13-BWD,USDJPY,15,PERIOD_M15,990001,990001,990001,2,368,56,61,368,373,2022.03.24 16:10:40,2022.03.28 08:50:40,1648138240000,1648457440000,2022-03-24T13:10:40Z,2022-03-28T05:50:40Z,COMPLETE,,0.01000000,0.01000000,121.772,123.226,0E-8,0E-8,0E-8,0E-8,0.16000000,11.80000000,11.96000000
BOSS19_P4B_SOURCE_BOUND_DEAL_V2,H3-C13-BWD,USDJPY,15,PERIOD_M15,990001,990001,990001,2,369,57,60,369,372,2022.03.24 17:04:40,2022.03.28 08:50:40,1648141480000,1648457440000,2022-03-24T14:04:40Z,2022-03-28T05:50:40Z,COMPLETE,,0.01000000,0.01000000,121.995,123.226,0E-8,0E-8,0E-8,0E-8,0.16000000,9.99000000,10.15000000
BOSS19_P4B_SOURCE_BOUND_DEAL_V2,H3-C13-BWD,USDJPY,15,PERIOD_M15,990001,990001,990001,2,370,58,59,370,371,2022.03.24 19:33:40,2022.03.28 08:50:40,1648150420000,1648457440000,2022-03-24T16:33:40Z,2022-03-28T05:50:40Z,COMPLETE,,0.02000000,0.02000000,122.218,123.226,0E-8,0E-8,0E-8,0E-8,0.34000000,16.36000000,16.70000000
BOSS19_P4B_SOURCE_BOUND_DEAL_V2,H3-C13-BWD,USDJPY,15,PERIOD_M15,990001,990001,990001,2,374,62,67,374,379,2022.03.28 10:02:20,2022.03.28 11:50:40,1648461740000,1648468240000,2022-03-28T07:02:20Z,2022-03-28T08:50:40Z,COMPLETE,,0.01000000,0.01000000,123.451,125.056,0E-8,0E-8,0E-8,0E-8,0E-8,12.83000000,12.83000000
BOSS19_P4B_SOURCE_BOUND_DEAL_V2,H3-C13-BWD,USDJPY,15,PERIOD_M15,990001,990001,990001,2,375,63,66,375,378,2022.03.28 10:15:20,2022.03.28 11:50:40,1648462520000,1648468240000,2022-03-28T07:15:20Z,2022-03-28T08:50:40Z,COMPLETE,,0.01000000,0.01000000,123.681,125.056,0E-8,0E-8,0E-8,0E-8,0E-8,11.00000000,11.00000000
BOSS19_P4B_SOURCE_BOUND_DEAL_V2,H3-C13-BWD,USDJPY,15,PERIOD_M15,990001,990001,990001,2,376,64,65,376,377,2022.03.28 10:56:40,2022.03.28 11:50:40,1648465000000,1648468240000,2022-03-28T07:56:40Z,2022-03-28T08:50:40Z,COMPLETE,,0.02000000,0.02000000,123.911,125.056,0E-8,0E-8,0E-8,0E-8,0E-8,18.31000000,18.31000000
BOSS19_P4B_SOURCE_BOUND_DEAL_V2,H3-C13-BWD,USDJPY,15,PERIOD_M15,990001,990001,990001,2,386,68,73,386,391,2022.03.28 22:25:40,2022.04.11 14:27:40,1648506340000,1649687260000,2022-03-28T19:25:40Z,2022-04-11T11:27:40Z,COMPLETE,,0.01000000,0.01000000,123.776,125.625,0E-8,0E-8,0E-8,0E-8,1.14000000,14.72000000,15.86000000
BOSS19_P4B_SOURCE_BOUND_DEAL_V2,H3-C13-BWD,USDJPY,15,PERIOD_M15,990001,990001,990001,2,387,69,72,387,390,2022.03.29 01:40:40,2022.04.11 14:27:40,1648518040000,1649687260000,2022-03-28T22:40:40Z,2022-04-11T11:27:40Z,COMPLETE,,0.01000000,0.01000000,124.006,125.625,0E-8,0E-8,0E-8,0E-8,1.06000000,12.89000000,13.95000000
BOSS19_P4B_SOURCE_BOUND_DEAL_V2,H3-C13-BWD,USDJPY,15,PERIOD_M15,990001,990001,990001,2,388,70,71,388,389,2022.03.29 03:58:40,2022.04.11 14:27:40,1648526320000,1649687260000,2022-03-29T00:58:40Z,2022-04-11T11:27:40Z,COMPLETE,,0.02000000,0.02000000,124.236,125.625,0E-8,0E-8,0E-8,0E-8,2.20000000,22.11000000,24.31000000
BOSS19_P4B_SOURCE_BOUND_DEAL_V2,H3-C13-BWD,USDJPY,15,PERIOD_M15,990001,990001,990001,2,422,74,77,422,426,2022.04.13 08:07:40,2022.04.19 04:36:40,1649837260000,1650343000000,2022-04-13T05:07:40Z,2022-04-19T01:36:40Z,COMPLETE,,0.01000000,0.01000000,125.704,127.521,0E-8,0E-8,0E-8,0E-8,0.49000000,14.25000000,14.74000000
BOSS19_P4B_SOURCE_BOUND_DEAL_V2,H3-C13-BWD,USDJPY,15,PERIOD_M15,990001,990001,990001,2,423,75,76,423,425,2022.04.13 09:23:40,2022.04.19 04:36:40,1649841820000,1650343000000,2022-04-13T06:23:40Z,2022-04-19T01:36:40Z,COMPLETE,,0.01000000,0.01000000,126.023,127.521,0E-8,0E-8,0E-8,0E-8,0.49000000,11.75000000,12.24000000
BOSS19_P4B_SOURCE_BOUND_DEAL_V2,H3-C13-BWD,USDJPY,15,PERIOD_M15,990001,990001,990001,2,427,78,83,427,432,2022.04.19 06:24:40,2022.04.28 08:40:40,1650349480000,1651135240000,2022-04-19T03:24:40Z,2022-04-28T05:40:40Z,COMPLETE,,0.01000000,0.01000000,127.826,130.200,0E-8,0E-8,0E-8,0E-8,0.88000000,18.23000000,19.11000000
BOSS19_P4B_SOURCE_BOUND_DEAL_V2,H3-C13-BWD,USDJPY,15,PERIOD_M15,990001,990001,990001,2,428,79,82,428,431,2022.04.19 07:41:40,2022.04.28 08:40:40,1650354100000,1651135240000,2022-04-19T04:41:40Z,2022-04-28T05:40:40Z,COMPLETE,,0.01000000,0.01000000,128.152,130.200,0E-8,0E-8,0E-8,0E-8,0.88000000,15.73000000,16.61000000
BOSS19_P4B_SOURCE_BOUND_DEAL_V2,H3-C13-BWD,USDJPY,15,PERIOD_M15,990001,990001,990001,2,429,80,81,429,430,2022.04.19 15:57:40,2022.04.28 08:40:40,1650383860000,1651135240000,2022-04-19T12:57:40Z,2022-04-28T05:40:40Z,COMPLETE,,0.02000000,0.02000000,128.477,130.200,0E-8,0E-8,0E-8,0E-8,1.76000000,26.47000000,28.23000000
BOSS19_P4B_SOURCE_BOUND_DEAL_V2,H3-C13-BWD,USDJPY,15,PERIOD_M15,990001,990001,990001,2,433,84,87,433,437,2022.04.28 09:57:40,2022.06.07 04:22:40,1651139860000,1654575760000,2022-04-28T06:57:40Z,2022-06-07T01:22:40Z,COMPLETE,,0.01000000,0.01000000,130.559,132.744,0E-8,0E-8,0E-8,0E-8,3.04000000,16.46000000,19.50000000
BOSS19_P4B_SOURCE_BOUND_DEAL_V2,H3-C13-BWD,USDJPY,15,PERIOD_M15,990001,990001,990001,2,434,85,86,434,436,2022.04.28 11:55:40,2022.06.07 04:22:40,1651146940000,1654575760000,2022-04-28T08:55:40Z,2022-06-07T01:22:40Z,COMPLETE,,0.01000000,0.01000000,130.936,132.744,0E-8,0E-8,0E-8,0E-8,3.04000000,13.62000000,16.66000000
BOSS19_P4B_SOURCE_BOUND_DEAL_V2,H3-C13-BWD,USDJPY,15,PERIOD_M15,990001,990001,990001,2,492,88,93,492,497,2022.06.08 03:59:40,2022.06.14 22:20:40,1654660780000,1655245240000,2022-06-08T00:59:40Z,2022-06-14T19:20:40Z,COMPLETE,,0.01000000,0.01000000,133.012,135.423,0E-8,0E-8,0E-8,0E-8,0.47000000,17.80000000,18.27000000
BOSS19_P4B_SOURCE_BOUND_DEAL_V2,H3-C13-BWD,USDJPY,15,PERIOD_M15,990001,990001,990001,2,493,89,92,493,496,2022.06.08 10:18:40,2022.06.14 22:20:40,1654683520000,1655245240000,2022-06-08T07:18:40Z,2022-06-14T19:20:40Z,COMPLETE,,0.01000000,0.01000000,133.402,135.423,0E-8,0E-8,0E-8,0E-8,0.47000000,14.92000000,15.39000000
BOSS19_P4B_SOURCE_BOUND_DEAL_V2,H3-C13-BWD,USDJPY,15,PERIOD_M15,990001,990001,990001,2,494,90,91,494,495,2022.06.08 11:35:40,2022.06.14 22:20:40,1654688140000,1655245240000,2022-06-08T08:35:40Z,2022-06-14T19:20:40Z,COMPLETE,,0.02000000,0.02000000,133.791,135.423,0E-8,0E-8,0E-8,0E-8,0.91000000,24.10000000,25.01000000
BOSS19_P4B_SOURCE_BOUND_DEAL_V2,H3-C13-BWD,USDJPY,15,PERIOD_M15,990001,990001,990001,2,510,94,99,510,515,2022.06.17 05:43:40,2022.06.21 15:01:40,1655444620000,1655823700000,2022-06-17T02:43:40Z,2022-06-21T12:01:40Z,COMPLETE,,0.01000000,0.01000000,133.638,136.295,0E-8,0E-8,0E-8,0E-8,0.16000000,19.49000000,19.65000000
BOSS19_P4B_SOURCE_BOUND_DEAL_V2,H3-C13-BWD,USDJPY,15,PERIOD_M15,990001,990001,990001,2,511,95,98,511,514,2022.06.17 05:43:40,2022.06.21 15:01:40,1655444620000,1655823700000,2022-06-17T02:43:40Z,2022-06-21T12:01:40Z,COMPLETE,,0.01000000,0.01000000,134.043,136.295,0E-8,0E-8,0E-8,0E-8,0.16000000,16.52000000,16.68000000
BOSS19_P4B_SOURCE_BOUND_DEAL_V2,H3-C13-BWD,USDJPY,15,PERIOD_M15,990001,990001,990001,2,512,96,97,512,513,2022.06.17 05:43:40,2022.06.21 15:01:40,1655444620000,1655823700000,2022-06-17T02:43:40Z,2022-06-21T12:01:40Z,COMPLETE,,0.02000000,0.02000000,134.449,136.295,0E-8,0E-8,0E-8,0E-8,0.30000000,27.09000000,27.39000000
BOSS19_P4B_SOURCE_BOUND_DEAL_V2,H3-C13-BWD,USDJPY,15,PERIOD_M15,990001,990001,990001,2,603,100,101,603,606,2022.06.27 15:04:40,2022.07.11 15:44:40,1656342280000,1657554280000,2022-06-27T12:04:40Z,2022-07-11T12:44:40Z,COMPLETE,,0.01000000,0.01000000,135.505,137.626,0E-8,0E-8,0E-8,0E-8,1.10000000,15.41000000,16.51000000
BOSS19_P4B_SOURCE_BOUND_DEAL_V2,H3-C13-BWD,USDJPY,15,PERIOD_M15,990001,990001,990001,2,679,102,107,679,684,2022.07.13 15:30:40,2022.09.02 02:00:40,1657726240000,1662084040000,2022-07-13T12:30:40Z,2022-09-01T23:00:40Z,COMPLETE,,0.01000000,0.01000000,137.365,140.251,0E-8,0E-8,0E-8,0E-8,4.01000000,20.58000000,24.59000000
BOSS19_P4B_SOURCE_BOUND_DEAL_V2,H3-C13-BWD,USDJPY,15,PERIOD_M15,990001,990001,990001,2,680,103,106,680,683,2022.07.13 17:09:40,2022.09.02 02:00:40,1657732180000,1662084040000,2022-07-13T14:09:40Z,2022-09-01T23:00:40Z,COMPLETE,,0.01000000,0.01000000,137.793,140.251,0E-8,0E-8,0E-8,0E-8,4.01000000,17.53000000,21.54000000
BOSS19_P4B_SOURCE_BOUND_DEAL_V2,H3-C13-BWD,USDJPY,15,PERIOD_M15,990001,990001,990001,2,681,104,105,681,682,2022.07.14 07:45:40,2022.09.02 02:00:40,1657784740000,1662084040000,2022-07-14T04:45:40Z,2022-09-01T23:00:40Z,COMPLETE,,0.02000000,0.02000000,138.222,140.251,0E-8,0E-8,0E-8,0E-8,7.53000000,28.93000000,36.46000000
BOSS19_P4B_SOURCE_BOUND_DEAL_V2,H3-C13-BWD,USDJPY,15,PERIOD_M15,990001,990001,990001,2,685,108,109,685,688,2022.09.02 15:44:40,2022.09.06 18:26:40,1662133480000,1662488800000,2022-09-02T12:44:40Z,2022-09-06T15:26:40Z,COMPLETE,,0.01000000,0.01000000,140.725,142.972,0E-8,0E-8,0E-8,0E-8,0.14000000,15.72000000,15.86000000
BOSS19_P4B_SOURCE_BOUND_DEAL_V2,H3-C13-BWD,USDJPY,15,PERIOD_M15,990001,990001,990001,2,689,110,115,689,694,2022.09.07 01:51:40,2022.10.12 03:01:40,1662515500000,1665543700000,2022-09-06T22:51:40Z,2022-10-12T00:01:40Z,COMPLETE,,0.01000000,0.01000000,143.408,146.136,0E-8,0E-8,0E-8,0E-8,2.46000000,18.67000000,21.13000000
BOSS19_P4B_SOURCE_BOUND_DEAL_V2,H3-C13-BWD,USDJPY,15,PERIOD_M15,990001,990001,990001,2,690,111,114,690,693,2022.09.07 06:16:40,2022.10.12 03:01:40,1662531400000,1665543700000,2022-09-07T03:16:40Z,2022-10-12T00:01:40Z,COMPLETE,,0.01000000,0.01000000,143.858,146.136,0E-8,0E-8,0E-8,0E-8,2.46000000,15.59000000,18.05000000
BOSS19_P4B_SOURCE_BOUND_DEAL_V2,H3-C13-BWD,USDJPY,15,PERIOD_M15,990001,990001,990001,2,691,112,113,691,692,2022.09.07 07:20:40,2022.10.12 03:01:40,1662535240000,1665543700000,2022-09-07T04:20:40Z,2022-10-12T00:01:40Z,COMPLETE,,0.02000000,0.02000000,144.307,146.136,0E-8,0E-8,0E-8,0E-8,4.95000000,25.03000000,29.98000000
BOSS19_P4B_SOURCE_BOUND_DEAL_V2,H3-C13-BWD,USDJPY,15,PERIOD_M15,990001,990001,990001,2,695,116,119,695,699,2022.10.12 13:31:40,2022.10.17 22:00:20,1665581500000,1666044020000,2022-10-12T10:31:40Z,2022-10-17T19:00:20Z,COMPLETE,,0.01000000,0.01000000,146.487,148.909,0E-8,0E-8,0E-8,0E-8,0.35000000,16.26000000,16.61000000
BOSS19_P4B_SOURCE_BOUND_DEAL_V2,H3-C13-BWD,USDJPY,15,PERIOD_M15,990001,990001,990001,2,696,117,118,696,698,2022.10.12 17:24:40,2022.10.17 22:00:20,1665595480000,1666044020000,2022-10-12T14:24:40Z,2022-10-17T19:00:20Z,COMPLETE,,0.01000000,0.01000000,146.914,148.909,0E-8,0E-8,0E-8,0E-8,0.35000000,13.40000000,13.75000000
BOSS19_P4B_SOURCE_BOUND_DEAL_V2,H3-C13-BWD,USDJPY,15,PERIOD_M15,990001,990001,990001,2,739,120,123,739,743,2022.10.18 18:26:20,2022.10.21 14:15:40,1666117580000,1666361740000,2022-10-18T15:26:20Z,2022-10-21T11:15:40Z,COMPLETE,,0.01000000,0.01000000,149.320,151.583,0E-8,0E-8,0E-8,0E-8,0.35000000,14.93000000,15.28000000
BOSS19_P4B_SOURCE_BOUND_DEAL_V2,H3-C13-BWD,USDJPY,15,PERIOD_M15,990001,990001,990001,2,740,121,122,740,742,2022.10.19 15:32:40,2022.10.21 14:15:40,1666193560000,1666361740000,2022-10-19T12:32:40Z,2022-10-21T11:15:40Z,COMPLETE,,0.01000000,0.01000000,149.762,151.583,0E-8,0E-8,0E-8,0E-8,0.28000000,12.01000000,12.29000000
BOSS19_P4B_SOURCE_BOUND_DEAL_V2,H3-C13-BWD,USDJPY,15,PERIOD_M15,990001,990001,990001,2,747,124,125,747,750,2022.10.24 01:04:40,2022.10.24 01:06:40,1666573480000,1666573600000,2022-10-23T22:04:40Z,2022-10-23T22:06:40Z,COMPLETE,,0.01000000,0.01000000,148.773,148.282,0E-8,0E-8,0E-8,0E-8,0E-8,3.31000000,3.31000000
BOSS19_P4B_SOURCE_BOUND_DEAL_V2,H3-C13-BWD,USDJPY,15,PERIOD_M15,990001,990001,990001,2,748,126,129,748,752,2022.10.24 01:54:20,2022.10.24 02:37:40,1666576460000,1666579060000,2022-10-23T22:54:20Z,2022-10-23T23:37:40Z,COMPLETE,,0.01000000,0.01000000,149.179,147.418,0E-8,0E-8,0E-8,0E-8,0E-8,11.95000000,11.95000000
BOSS19_P4B_SOURCE_BOUND_DEAL_V2,H3-C13-BWD,USDJPY,15,PERIOD_M15,990001,990001,990001,2,749,127,128,749,751,2022.10.24 02:30:40,2022.10.24 02:37:40,1666578640000,1666579060000,2022-10-23T23:30:40Z,2022-10-23T23:37:40Z,COMPLETE,,0.01000000,0.01000000,149.585,147.418,0E-8,0E-8,0E-8,0E-8,0E-8,14.70000000,14.70000000
BOSS19_P4B_SOURCE_BOUND_DEAL_V2,H3-C13-BWD,USDJPY,15,PERIOD_M15,990001,990001,990001,2,753,130,131,753,756,2022.10.24 02:38:20,2022.10.24 02:38:40,1666579100000,1666579120000,2022-10-23T23:38:20Z,2022-10-23T23:38:40Z,COMPLETE,,0.01000000,0.01000000,147.921,146.887,0E-8,0E-8,0E-8,0E-8,0E-8,7.04000000,7.04000000
BOSS19_P4B_SOURCE_BOUND_DEAL_V2,H3-C13-BWD,USDJPY,15,PERIOD_M15,990001,990001,990001,2,754,132,133,754,757,2022.10.24 03:04:40,2022.10.24 03:05:40,1666580680000,1666580740000,2022-10-24T00:04:40Z,2022-10-24T00:05:40Z,COMPLETE,,0.01000000,0.01000000,148.359,147.379,0E-8,0E-8,0E-8,0E-8,0E-8,6.65000000,6.65000000
BOSS19_P4B_SOURCE_BOUND_DEAL_V2,H3-C13-BWD,USDJPY,15,PERIOD_M15,990001,990001,990001,2,755,134,135,755,758,2022.10.24 03:53:40,2022.10.24 14:48:40,1666583620000,1666622920000,2022-10-24T00:53:40Z,2022-10-24T11:48:40Z,COMPLETE,,0.01000000,0.01000000,148.796,148.288,0E-8,0E-8,0E-8,0E-8,0E-8,3.43000000,3.43000000
BOSS19_P4B_SOURCE_BOUND_DEAL_V2,H3-C13-BWD,USDJPY,15,PERIOD_M15,990001,990001,0,2,759,136,137,759,762,2022.10.24 15:30:40,2022.12.30 23:54:59,1666625440000,1672444499000,2022-10-24T12:30:40Z,2022-12-30T21:54:59Z,COMPLETE,,0.01000000,0.01000000,149.168,131.111,0E-8,0E-8,0E-8,0E-8,5.08000000,-137.72000000,-132.64000000
BOSS19_P4B_SOURCE_BOUND_DEAL_V2,H3-C14-MAIN,USDJPY,16385,PERIOD_H1,990001,990001,990001,2,2,2,3,2,5,2023.01.03 01:17:40,2023.01.03 02:35:40,1672708660000,1672713340000,2023-01-02T23:17:40Z,2023-01-03T00:35:40Z,COMPLETE,,0.01000000,0.01000000,131.279,130.700,0E-8,0E-8,0E-8,0E-8,0E-8,4.43000000,4.43000000
BOSS19_P4B_SOURCE_BOUND_DEAL_V2,H3-C14-MAIN,USDJPY,16385,PERIOD_H1,990001,990001,990001,2,3,4,7,3,7,2023.01.04 17:22:40,2023.01.12 11:20:40,1672852960000,1673522440000,2023-01-04T15:22:40Z,2023-01-12T09:20:40Z,COMPLETE,,0.01000000,0.01000000,131.844,131.257,0E-8,0E-8,0E-8,0E-8,-1.10000000,4.47000000,3.37000000
BOSS19_P4B_SOURCE_BOUND_DEAL_V2,H3-C14-MAIN,USDJPY,16385,PERIOD_H1,990001,990001,990001,2,4,5,6,4,6,2023.01.04 19:30:40,2023.01.05 02:29:20,1672860640000,1672885760000,2023-01-04T17:30:40Z,2023-01-05T00:29:20Z,COMPLETE,,0.01000000,0.01000000,132.408,131.822,0E-8,0E-8,0E-8,0E-8,-0.33000000,4.45000000,4.12000000
BOSS19_P4B_SOURCE_BOUND_DEAL_V2,H3-C14-MAIN,USDJPY,16385,PERIOD_H1,990001,990001,990001,2,35,8,9,35,38,2023.01.18 05:30:40,2023.02.15 15:30:40,1674019840000,1676475040000,2023-01-18T03:30:40Z,2023-02-15T13:30:40Z,COMPLETE,,0.01000000,0.01000000,131.121,134.098,0E-8,0E-8,0E-8,0E-8,2.23000000,22.20000000,24.43000000
BOSS19_P4B_SOURCE_BOUND_DEAL_V2,H3-C14-MAIN,USDJPY,16385,PERIOD_H1,990001,990001,990001,2,39,10,13,39,43,2023.02.17 03:43:40,2023.03.02 15:30:40,1676605420000,1677771040000,2023-02-17T01:43:40Z,2023-03-02T13:30:40Z,COMPLETE,,0.01000000,0.01000000,134.507,136.967,0E-8,0E-8,0E-8,0E-8,1.02000000,17.96000000,18.98000000
BOSS19_P4B_SOURCE_BOUND_DEAL_V2,H3-C14-MAIN,USDJPY,16385,PERIOD_H1,990001,990001,990001,2,40,11,12,40,42,2023.02.17 13:08:40,2023.03.02 15:30:40,1676639320000,1677771040000,2023-02-17T11:08:40Z,2023-03-02T13:30:40Z,COMPLETE,,0.01000000,0.01000000,135.046,136.967,0E-8,0E-8,0E-8,0E-8,1.02000000,14.03000000,15.05000000
BOSS19_P4B_SOURCE_BOUND_DEAL_V2,H3-C14-MAIN,USDJPY,16385,PERIOD_H1,990001,990001,990001,2,62,14,15,62,65,2023.03.07 17:01:40,2023.03.09 11:40:40,1678208500000,1678362040000,2023-03-07T15:01:40Z,2023-03-09T09:40:40Z,COMPLETE,,0.01000000,0.01000000,136.557,136.134,0E-8,0E-8,0E-8,0E-8,-0.41000000,3.11000000,2.70000000
BOSS19_P4B_SOURCE_BOUND_DEAL_V2,H3-C14-MAIN,USDJPY,16385,PERIOD_H1,990001,990001,990001,2,69,16,17,69,72,2023.03.10 04:30:40,2023.03.10 10:12:40,1678422640000,1678443160000,2023-03-10T02:30:40Z,2023-03-10T08:12:40Z,COMPLETE,,0.01000000,0.01000000,136.589,136.178,0E-8,0E-8,0E-8,0E-8,0E-8,3.02000000,3.02000000
BOSS19_P4B_SOURCE_BOUND_DEAL_V2,H3-C14-MAIN,USDJPY,16385,PERIOD_H1,990001,990001,990001,2,73,18,19,73,76,2023.03.15 11:17:40,2023.05.01 17:04:40,1678879060000,1682960680000,2023-03-15T08:17:40Z,2023-05-01T14:04:40Z,COMPLETE,,0.01000000,0.01000000,135.095,137.116,0E-8,0E-8,0E-8,0E-8,3.69000000,14.74000000,18.43000000
BOSS19_P4B_SOURCE_BOUND_DEAL_V2,H3-C14-MAIN,USDJPY,16385,PERIOD_H1,990001,990001,990001,2,77,20,21,77,80,2023.05.01 22:18:40,2023.05.24 19:13:40,1682979520000,1684955620000,2023-05-01T19:18:40Z,2023-05-24T16:13:40Z,COMPLETE,,0.01000000,0.01000000,137.511,139.358,0E-8,0E-8,0E-8,0E-8,1.75000000,13.25000000,15.00000000
BOSS19_P4B_SOURCE_BOUND_DEAL_V2,H3-C14-MAIN,USDJPY,16385,PERIOD_H1,990001,990001,990001,2,81,22,27,81,86,2023.05.25 15:47:40,2023.06.19 03:58:40,1685029660000,1687147120000,2023-05-25T12:47:40Z,2023-06-19T00:58:40Z,COMPLETE,,0.01000000,0.01000000,139.733,141.966,0E-8,0E-8,0E-8,0E-8,1.64000000,15.73000000,17.37000000
BOSS19_P4B_SOURCE_BOUND_DEAL_V2,H3-C14-MAIN,USDJPY,16385,PERIOD_H1,990001,990001,990001,2,82,23,26,82,85,2023.05.25 22:17:40,2023.06.19 03:58:40,1685053060000,1687147120000,2023-05-25T19:17:40Z,2023-06-19T00:58:40Z,COMPLETE,,0.01000000,0.01000000,140.098,141.966,0E-8,0E-8,0E-8,0E-8,1.64000000,13.16000000,14.80000000
BOSS19_P4B_SOURCE_BOUND_DEAL_V2,H3-C14-MAIN,USDJPY,16385,PERIOD_H1,990001,990001,990001,2,83,24,25,83,84,2023.05.26 17:52:40,2023.06.19 03:58:40,1685123560000,1687147120000,2023-05-26T14:52:40Z,2023-06-19T00:58:40Z,COMPLETE,,0.02000000,0.02000000,140.462,141.966,0E-8,0E-8,0E-8,0E-8,3.26000000,21.19000000,24.45000000
BOSS19_P4B_SOURCE_BOUND_DEAL_V2,H3-C14-MAIN,USDJPY,16385,PERIOD_H1,990001,990001,990001,2,123,28,33,123,128,2023.06.21 09:26:40,2023.06.28 11:24:40,1687339600000,1687951480000,2023-06-21T06:26:40Z,2023-06-28T08:24:40Z,COMPLETE,,0.01000000,0.01000000,141.999,144.247,0E-8,0E-8,0E-8,0E-8,0.50000000,15.58000000,16.08000000
BOSS19_P4B_SOURCE_BOUND_DEAL_V2,H3-C14-MAIN,USDJPY,16385,PERIOD_H1,990001,990001,990001,2,124,29,32,124,127,2023.06.21 16:45:40,2023.06.28 11:24:40,1687365940000,1687951480000,2023-06-21T13:45:40Z,2023-06-28T08:24:40Z,COMPLETE,,0.01000000,0.01000000,142.356,144.247,0E-8,0E-8,0E-8,0E-8,0.50000000,13.11000000,13.61000000
BOSS19_P4B_SOURCE_BOUND_DEAL_V2,H3-C14-MAIN,USDJPY,16385,PERIOD_H1,990001,990001,990001,2,125,30,31,125,126,2023.06.22 17:33:40,2023.06.28 11:24:40,1687455220000,1687951480000,2023-06-22T14:33:40Z,2023-06-28T08:24:40Z,COMPLETE,,0.02000000,0.02000000,142.713,144.247,0E-8,0E-8,0E-8,0E-8,0.56000000,21.27000000,21.83000000
BOSS19_P4B_SOURCE_BOUND_DEAL_V2,H3-C14-MAIN,USDJPY,16385,PERIOD_H1,990001,990001,990001,2,129,34,37,129,133,2023.06.28 17:57:40,2023.08.29 13:56:40,1687975060000,1693317400000,2023-06-28T14:57:40Z,2023-08-29T10:56:40Z,COMPLETE,,0.01000000,0.01000000,144.618,146.759,0E-8,0E-8,0E-8,0E-8,4.37000000,14.59000000,18.96000000
BOSS19_P4B_SOURCE_BOUND_DEAL_V2,H3-C14-MAIN,USDJPY,16385,PERIOD_H1,990001,990001,990001,2,130,35,36,130,132,2023.06.30 04:29:20,2023.08.29 13:56:40,1688099360000,1693317400000,2023-06-30T01:29:20Z,2023-08-29T10:56:40Z,COMPLETE,,0.01000000,0.01000000,144.976,146.759,0E-8,0E-8,0E-8,0E-8,4.09000000,12.15000000,16.24000000
BOSS19_P4B_SOURCE_BOUND_DEAL_V2,H3-C14-MAIN,USDJPY,16385,PERIOD_H1,990001,990001,990001,2,134,38,39,134,137,2023.08.29 14:58:40,2023.09.25 13:11:40,1693321120000,1695647500000,2023-08-29T11:58:40Z,2023-09-25T10:11:40Z,COMPLETE,,0.01000000,0.01000000,147.161,148.634,0E-8,0E-8,0E-8,0E-8,1.89000000,9.91000000,11.80000000
BOSS19_P4B_SOURCE_BOUND_DEAL_V2,H3-C14-MAIN,USDJPY,16385,PERIOD_H1,990001,990001,990001,2,138,40,45,138,143,2023.09.25 17:25:40,2023.10.26 05:18:40,1695662740000,1698297520000,2023-09-25T14:25:40Z,2023-10-26T02:18:40Z,COMPLETE,,0.01000000,0.01000000,148.940,150.411,0E-8,0E-8,0E-8,0E-8,2.31000000,9.78000000,12.09000000
BOSS19_P4B_SOURCE_BOUND_DEAL_V2,H3-C14-MAIN,USDJPY,16385,PERIOD_H1,990001,990001,990001,2,139,41,44,139,142,2023.09.27 13:03:40,2023.10.26 05:18:40,1695819820000,1698297520000,2023-09-27T10:03:40Z,2023-10-26T02:18:40Z,COMPLETE,,0.01000000,0.01000000,149.234,150.411,0E-8,0E-8,0E-8,0E-8,2.17000000,7.83000000,10.00000000
BOSS19_P4B_SOURCE_BOUND_DEAL_V2,H3-C14-MAIN,USDJPY,16385,PERIOD_H1,990001,990001,990001,2,140,42,43,140,141,2023.09.27 19:09:40,2023.10.26 05:18:40,1695841780000,1698297520000,2023-09-27T16:09:40Z,2023-10-26T02:18:40Z,COMPLETE,,0.02000000,0.02000000,149.527,150.411,0E-8,0E-8,0E-8,0E-8,4.29000000,11.75000000,16.04000000
BOSS19_P4B_SOURCE_BOUND_DEAL_V2,H3-C14-MAIN,USDJPY,16385,PERIOD_H1,990001,990001,990001,2,144,46,47,144,147,2023.10.26 09:05:40,2024.03.27 05:43:20,1698311140000,1711518200000,2023-10-26T06:05:40Z,2024-03-27T02:43:20Z,COMPLETE,,0.01000000,0.01000000,150.616,151.964,0E-8,0E-8,0E-8,0E-8,10.54000000,8.87000000,19.41000000
BOSS19_P4B_SOURCE_BOUND_DEAL_V2,H3-C14-MAIN,USDJPY,16385,PERIOD_H1,990001,990001,990001,2,280,48,51,280,284,2024.04.01 16:48:40,2024.04.10 23:38:40,1711990120000,1712792320000,2024-04-01T13:48:40Z,2024-04-10T20:38:40Z,COMPLETE,,0.01000000,0.01000000,151.637,153.168,0E-8,0E-8,0E-8,0E-8,0.62000000,10.00000000,10.62000000
BOSS19_P4B_SOURCE_BOUND_DEAL_V2,H3-C14-MAIN,USDJPY,16385,PERIOD_H1,990001,990001,990001,2,281,49,50,281,283,2024.04.03 15:24:40,2024.04.10 23:38:40,1712157880000,1712792320000,2024-04-03T12:24:40Z,2024-04-10T20:38:40Z,COMPLETE,,0.01000000,0.01000000,151.898,153.168,0E-8,0E-8,0E-8,0E-8,0.48000000,8.29000000,8.77000000
BOSS19_P4B_SOURCE_BOUND_DEAL_V2,H3-C14-MAIN,USDJPY,16385,PERIOD_H1,990001,990001,990001,2,285,52,57,285,290,2024.04.15 03:54:40,2024.04.24 09:12:40,1713153280000,1713949960000,2024-04-15T00:54:40Z,2024-04-24T06:12:40Z,COMPLETE,,0.01000000,0.01000000,153.403,154.931,0E-8,0E-8,0E-8,0E-8,0.62000000,9.86000000,10.48000000
BOSS19_P4B_SOURCE_BOUND_DEAL_V2,H3-C14-MAIN,USDJPY,16385,PERIOD_H1,990001,990001,990001,2,286,53,56,286,289,2024.04.15 04:05:40,2024.04.24 09:12:40,1713153940000,1713949960000,2024-04-15T01:05:40Z,2024-04-24T06:12:40Z,COMPLETE,,0.01000000,0.01000000,153.662,154.931,0E-8,0E-8,0E-8,0E-8,0.62000000,8.19000000,8.81000000
BOSS19_P4B_SOURCE_BOUND_DEAL_V2,H3-C14-MAIN,USDJPY,16385,PERIOD_H1,990001,990001,990001,2,287,54,55,287,288,2024.04.15 10:02:40,2024.04.24 09:12:40,1713175360000,1713949960000,2024-04-15T07:02:40Z,2024-04-24T06:12:40Z,COMPLETE,,0.02000000,0.02000000,153.921,154.931,0E-8,0E-8,0E-8,0E-8,1.18000000,13.04000000,14.22000000
BOSS19_P4B_SOURCE_BOUND_DEAL_V2,H3-C14-MAIN,USDJPY,16385,PERIOD_H1,990001,990001,990001,2,291,58,63,291,296,2024.04.24 15:13:40,2024.04.26 10:07:40,1713971620000,1714126060000,2024-04-24T12:13:40Z,2024-04-26T07:07:40Z,COMPLETE,,0.01000000,0.01000000,155.179,156.652,0E-8,0E-8,0E-8,0E-8,0.27000000,9.40000000,9.67000000
BOSS19_P4B_SOURCE_BOUND_DEAL_V2,H3-C14-MAIN,USDJPY,16385,PERIOD_H1,990001,990001,990001,2,292,59,62,292,295,2024.04.25 03:53:40,2024.04.26 10:07:40,1714017220000,1714126060000,2024-04-25T00:53:40Z,2024-04-26T07:07:40Z,COMPLETE,,0.01000000,0.01000000,155.414,156.652,0E-8,0E-8,0E-8,0E-8,0.07000000,7.90000000,7.97000000
BOSS19_P4B_SOURCE_BOUND_DEAL_V2,H3-C14-MAIN,USDJPY,16385,PERIOD_H1,990001,990001,990001,2,293,60,61,293,294,2024.04.25 08:03:40,2024.04.26 10:07:40,1714032220000,1714126060000,2024-04-25T05:03:40Z,2024-04-26T07:07:40Z,COMPLETE,,0.02000000,0.02000000,155.648,156.652,0E-8,0E-8,0E-8,0E-8,0.13000000,12.82000000,12.95000000
BOSS19_P4B_SOURCE_BOUND_DEAL_V2,H3-C14-MAIN,USDJPY,16385,PERIOD_H1,990001,990001,990001,2,297,64,69,297,302,2024.04.26 14:03:40,2024.04.26 23:33:40,1714140220000,1714174420000,2024-04-26T11:03:40Z,2024-04-26T20:33:40Z,COMPLETE,,0.01000000,0.01000000,156.858,158.337,0E-8,0E-8,0E-8,0E-8,0E-8,9.34000000,9.34000000
BOSS19_P4B_SOURCE_BOUND_DEAL_V2,H3-C14-MAIN,USDJPY,16385,PERIOD_H1,990001,990001,990001,2,298,65,68,298,301,2024.04.26 17:38:40,2024.04.26 23:33:40,1714153120000,1714174420000,2024-04-26T14:38:40Z,2024-04-26T20:33:40Z,COMPLETE,,0.01000000,0.01000000,157.087,158.337,0E-8,0E-8,0E-8,0E-8,0E-8,7.89000000,7.89000000
BOSS19_P4B_SOURCE_BOUND_DEAL_V2,H3-C14-MAIN,USDJPY,16385,PERIOD_H1,990001,990001,990001,2,299,66,67,299,300,2024.04.26 17:55:40,2024.04.26 23:33:40,1714154140000,1714174420000,2024-04-26T14:55:40Z,2024-04-26T20:33:40Z,COMPLETE,,0.02000000,0.02000000,157.315,158.337,0E-8,0E-8,0E-8,0E-8,0E-8,12.91000000,12.91000000
BOSS19_P4B_SOURCE_BOUND_DEAL_V2,H3-C14-MAIN,USDJPY,16385,PERIOD_H1,990001,990001,990001,2,303,70,75,303,308,2024.04.29 04:30:40,2024.04.29 04:35:40,1714365040000,1714365340000,2024-04-29T01:30:40Z,2024-04-29T01:35:40Z,COMPLETE,,0.01000000,0.01000000,158.517,160.205,0E-8,0E-8,0E-8,0E-8,0E-8,10.54000000,10.54000000
BOSS19_P4B_SOURCE_BOUND_DEAL_V2,H3-C14-MAIN,USDJPY,16385,PERIOD_H1,990001,990001,990001,2,304,71,74,304,307,2024.04.29 04:35:40,2024.04.29 04:35:40,1714365340000,1714365340000,2024-04-29T01:35:40Z,2024-04-29T01:35:40Z,COMPLETE,,0.01000000,0.01000000,158.746,160.205,0E-8,0E-8,0E-8,0E-8,0E-8,9.11000000,9.11000000
BOSS19_P4B_SOURCE_BOUND_DEAL_V2,H3-C14-MAIN,USDJPY,16385,PERIOD_H1,990001,990001,990001,2,305,72,73,305,306,2024.04.29 04:35:40,2024.04.29 04:35:40,1714365340000,1714365340000,2024-04-29T01:35:40Z,2024-04-29T01:35:40Z,COMPLETE,,0.02000000,0.02000000,158.974,160.205,0E-8,0E-8,0E-8,0E-8,0E-8,15.37000000,15.37000000
BOSS19_P4B_SOURCE_BOUND_DEAL_V2,H3-C14-MAIN,USDJPY,16385,PERIOD_H1,990001,990001,990001,2,312,76,81,312,317,2024.04.29 22:31:40,2024.05.01 23:21:20,1714429900000,1714605680000,2024-04-29T19:31:40Z,2024-05-01T20:21:20Z,COMPLETE,,0.01000000,0.01000000,156.062,155.749,0E-8,0E-8,0E-8,0E-8,-0.18000000,2.01000000,1.83000000
BOSS19_P4B_SOURCE_BOUND_DEAL_V2,H3-C14-MAIN,USDJPY,16385,PERIOD_H1,990001,990001,990001,2,313,77,80,313,316,2024.04.29 23:37:40,2024.05.01 23:16:40,1714433860000,1714605400000,2024-04-29T20:37:40Z,2024-05-01T20:16:40Z,COMPLETE,,0.01000000,0.01000000,156.314,155.795,0E-8,0E-8,0E-8,0E-8,-0.18000000,3.33000000,3.15000000
BOSS19_P4B_SOURCE_BOUND_DEAL_V2,H3-C14-MAIN,USDJPY,16385,PERIOD_H1,990001,990001,990001,2,314,78,79,314,315,2024.04.30 03:37:40,2024.05.01 23:13:40,1714448260000,1714605220000,2024-04-30T00:37:40Z,2024-05-01T20:13:40Z,COMPLETE,,0.01000000,0.01000000,156.567,156.117,0E-8,0E-8,0E-8,0E-8,-0.09000000,2.88000000,2.79000000
BOSS19_P4B_SOURCE_BOUND_DEAL_V2,H3-C14-MAIN,USDJPY,16385,PERIOD_H1,990001,990001,990001,2,324,82,87,324,329,2024.05.01 23:50:40,2024.05.02 21:39:40,1714607440000,1714685980000,2024-05-01T20:50:40Z,2024-05-02T18:39:40Z,COMPLETE,,0.01000000,0.01000000,153.487,153.115,0E-8,0E-8,0E-8,0E-8,-0.28000000,2.43000000,2.15000000
BOSS19_P4B_SOURCE_BOUND_DEAL_V2,H3-C14-MAIN,USDJPY,16385,PERIOD_H1,990001,990001,990001,2,325,83,86,325,328,2024.05.01 23:51:40,2024.05.02 20:44:40,1714607500000,1714682680000,2024-05-01T20:51:40Z,2024-05-02T17:44:40Z,COMPLETE,,0.01000000,0.01000000,153.790,153.359,0E-8,0E-8,0E-8,0E-8,-0.28000000,2.81000000,2.53000000
BOSS19_P4B_SOURCE_BOUND_DEAL_V2,H3-C14-MAIN,USDJPY,16385,PERIOD_H1,990001,990001,990001,2,326,84,85,326,327,2024.05.01 23:51:40,2024.05.02 18:30:40,1714607500000,1714674640000,2024-05-01T20:51:40Z,2024-05-02T15:30:40Z,COMPLETE,,0.01000000,0.01000000,154.094,153.718,0E-8,0E-8,0E-8,0E-8,-0.28000000,2.45000000,2.17000000
BOSS19_P4B_SOURCE_BOUND_DEAL_V2,H3-C14-MAIN,USDJPY,16385,PERIOD_H1,990001,990001,990001,2,330,88,91,330,334,2024.05.02 23:25:40,2024.05.03 02:14:40,1714692340000,1714702480000,2024-05-02T20:25:40Z,2024-05-02T23:14:40Z,COMPLETE,,0.01000000,0.01000000,153.444,153.061,0E-8,0E-8,0E-8,0E-8,-0.09000000,2.50000000,2.41000000
BOSS19_P4B_SOURCE_BOUND_DEAL_V2,H3-C14-MAIN,USDJPY,16385,PERIOD_H1,990001,990001,990001,2,331,89,90,331,333,2024.05.02 23:31:20,2024.05.03 01:04:00,1714692680000,1714698240000,2024-05-02T20:31:20Z,2024-05-02T22:04:00Z,COMPLETE,,0.01000000,0.01000000,153.787,153.426,0E-8,0E-8,0E-8,0E-8,-0.09000000,2.35000000,2.26000000
BOSS19_P4B_SOURCE_BOUND_DEAL_V2,H3-C14-MAIN,USDJPY,16385,PERIOD_H1,990001,990001,990001,2,332,92,93,332,335,2024.05.07 02:07:40,2024.05.16 03:56:40,1715047660000,1715831800000,2024-05-06T23:07:40Z,2024-05-16T00:56:40Z,COMPLETE,,0.01000000,0.01000000,154.130,153.707,0E-8,0E-8,0E-8,0E-8,-1.01000000,2.75000000,1.74000000
BOSS19_P4B_SOURCE_BOUND_DEAL_V2,H3-C14-MAIN,USDJPY,16385,PERIOD_H1,990001,990001,990001,2,336,94,99,336,341,2024.05.16 05:00:40,2024.07.24 16:33:40,1715835640000,1721838820000,2024-05-16T02:00:40Z,2024-07-24T13:33:40Z,COMPLETE,,0.01000000,0.01000000,154.121,153.733,0E-8,0E-8,0E-8,0E-8,-6.06000000,2.52000000,-3.54000000
BOSS19_P4B_SOURCE_BOUND_DEAL_V2,H3-C14-MAIN,USDJPY,16385,PERIOD_H1,990001,990001,990001,2,337,95,98,337,340,2024.05.16 11:15:40,2024.07.24 14:46:40,1715858140000,1721832400000,2024-05-16T08:15:40Z,2024-07-24T11:46:40Z,COMPLETE,,0.01000000,0.01000000,154.533,154.157,0E-8,0E-8,0E-8,0E-8,-6.06000000,2.44000000,-3.62000000
BOSS19_P4B_SOURCE_BOUND_DEAL_V2,H3-C14-MAIN,USDJPY,16385,PERIOD_H1,990001,990001,990001,2,338,96,97,338,339,2024.05.16 15:02:40,2024.07.24 07:52:20,1715871760000,1721807540000,2024-05-16T12:02:40Z,2024-07-24T04:52:20Z,COMPLETE,,0.01000000,0.01000000,154.944,154.580,0E-8,0E-8,0E-8,0E-8,-6.06000000,2.35000000,-3.71000000
BOSS19_P4B_SOURCE_BOUND_DEAL_V2,H3-C14-MAIN,USDJPY,16385,PERIOD_H1,990001,990001,990001,2,342,100,101,342,345,2024.07.25 16:06:40,2024.07.25 16:58:40,1721923600000,1721926720000,2024-07-25T13:06:40Z,2024-07-25T13:58:40Z,COMPLETE,,0.01000000,0.01000000,154.098,153.539,0E-8,0E-8,0E-8,0E-8,0E-8,3.64000000,3.64000000
BOSS19_P4B_SOURCE_BOUND_DEAL_V2,H3-C14-MAIN,USDJPY,16385,PERIOD_H1,990001,990001,990001,2,343,102,103,343,346,2024.07.26 13:42:20,2024.07.26 15:41:40,1722001340000,1722008500000,2024-07-26T10:42:20Z,2024-07-26T12:41:40Z,COMPLETE,,0.01000000,0.01000000,154.461,154.031,0E-8,0E-8,0E-8,0E-8,0E-8,2.79000000,2.79000000
BOSS19_P4B_SOURCE_BOUND_DEAL_V2,H3-C14-MAIN,USDJPY,16385,PERIOD_H1,990001,990001,990001,2,368,104,109,368,373,2024.07.30 07:42:40,2024.12.19 11:56:40,1722325360000,1734609400000,2024-07-30T04:42:40Z,2024-12-19T09:56:40Z,COMPLETE,,0.01000000,0.01000000,154.375,157.141,0E-8,0E-8,0E-8,0E-8,10.01000000,17.60000000,27.61000000
BOSS19_P4B_SOURCE_BOUND_DEAL_V2,H3-C14-MAIN,USDJPY,16385,PERIOD_H1,990001,990001,990001,2,369,105,108,369,372,2024.07.30 08:55:40,2024.12.19 11:56:40,1722329740000,1734609400000,2024-07-30T05:55:40Z,2024-12-19T09:56:40Z,COMPLETE,,0.01000000,0.01000000,154.769,157.141,0E-8,0E-8,0E-8,0E-8,10.01000000,15.09000000,25.10000000
BOSS19_P4B_SOURCE_BOUND_DEAL_V2,H3-C14-MAIN,USDJPY,16385,PERIOD_H1,990001,990001,990001,2,370,106,107,370,371,2024.07.30 09:44:40,2024.12.19 11:56:40,1722332680000,1734609400000,2024-07-30T06:44:40Z,2024-12-19T09:56:40Z,COMPLETE,,0.02000000,0.02000000,155.162,157.141,0E-8,0E-8,0E-8,0E-8,19.83000000,25.19000000,45.02000000
BOSS19_P4B_SOURCE_BOUND_DEAL_V2,H3-C14-MAIN,USDJPY,16385,PERIOD_H1,990001,990001,0,2,374,110,113,374,378,2024.12.19 17:51:40,2025.12.30 23:59:59,1734630700000,1767139199000,2024-12-19T15:51:40Z,2025-12-30T21:59:59Z,COMPLETE,,0.01000000,0.01000000,157.598,156.404,0E-8,0E-8,0E-8,0E-8,25.96000000,-7.63000000,18.33000000
BOSS19_P4B_SOURCE_BOUND_DEAL_V2,H3-C14-MAIN,USDJPY,16385,PERIOD_H1,990001,990001,0,2,375,111,112,375,377,2024.12.26 17:59:40,2025.12.30 23:59:59,1735235980000,1767139199000,2024-12-26T15:59:40Z,2025-12-30T21:59:59Z,COMPLETE,,0.01000000,0.01000000,158.052,156.404,0E-8,0E-8,0E-8,0E-8,25.48000000,-10.54000000,14.94000000
BOSS19_P4B_SOURCE_BOUND_DEAL_V2,H3-C14-BWD,USDJPY,16385,PERIOD_H1,990001,990001,990001,2,2,2,3,2,5,2020.01.02 12:08:40,2020.01.02 15:22:40,1577966920000,1577978560000,2020-01-02T10:08:40Z,2020-01-02T13:22:40Z,COMPLETE,,0.01000000,0.01000000,108.855,108.721,0E-8,0E-8,0E-8,0E-8,0E-8,1.23000000,1.23000000
BOSS19_P4B_SOURCE_BOUND_DEAL_V2,H3-C14-BWD,USDJPY,16385,PERIOD_H1,990001,990001,990001,2,6,4,5,6,9,2020.01.07 06:17:40,2020.01.08 21:22:20,1578377860000,1578518540000,2020-01-07T04:17:40Z,2020-01-08T19:22:20Z,COMPLETE,,0.01000000,0.01000000,108.509,109.195,0E-8,0E-8,0E-8,0E-8,0.09000000,6.28000000,6.37000000
BOSS19_P4B_SOURCE_BOUND_DEAL_V2,H3-C14-BWD,USDJPY,16385,PERIOD_H1,990001,990001,990001,2,10,6,11,10,15,2020.01.09 09:46:40,2020.01.17 01:14:40,1578563200000,1579223680000,2020-01-09T07:46:40Z,2020-01-16T23:14:40Z,COMPLETE,,0.01000000,0.01000000,109.331,110.220,0E-8,0E-8,0E-8,0E-8,0.73000000,8.07000000,8.80000000
BOSS19_P4B_SOURCE_BOUND_DEAL_V2,H3-C14-BWD,USDJPY,16385,PERIOD_H1,990001,990001,990001,2,11,7,10,11,14,2020.01.09 13:36:40,2020.01.17 01:14:40,1578577000000,1579223680000,2020-01-09T11:36:40Z,2020-01-16T23:14:40Z,COMPLETE,,0.01000000,0.01000000,109.468,110.220,0E-8,0E-8,0E-8,0E-8,0.73000000,6.82000000,7.55000000
BOSS19_P4B_SOURCE_BOUND_DEAL_V2,H3-C14-BWD,USDJPY,16385,PERIOD_H1,990001,990001,990001,2,12,8,9,12,13,2020.01.10 07:44:20,2020.01.17 01:14:40,1578642260000,1579223680000,2020-01-10T05:44:20Z,2020-01-16T23:14:40Z,COMPLETE,,0.02000000,0.02000000,109.605,110.220,0E-8,0E-8,0E-8,0E-8,1.32000000,11.16000000,12.48000000
BOSS19_P4B_SOURCE_BOUND_DEAL_V2,H3-C14-BWD,USDJPY,16385,PERIOD_H1,990001,990001,990001,2,43,12,13,43,46,2020.01.21 16:03:40,2020.01.21 17:16:40,1579622620000,1579627000000,2020-01-21T14:03:40Z,2020-01-21T15:16:40Z,COMPLETE,,0.01000000,0.01000000,110.105,109.967,0E-8,0E-8,0E-8,0E-8,0E-8,1.25000000,1.25000000
BOSS19_P4B_SOURCE_BOUND_DEAL_V2,H3-C14-BWD,USDJPY,16385,PERIOD_H1,990001,990001,990001,2,242,14,19,242,247,2020.02.04 10:27:40,2020.02.06 21:04:40,1580812060000,1581023080000,2020-02-04T08:27:40Z,2020-02-06T19:04:40Z,COMPLETE,,0.01000000,0.01000000,109.059,109.987,0E-8,0E-8,0E-8,0E-8,0.37000000,8.44000000,8.81000000
BOSS19_P4B_SOURCE_BOUND_DEAL_V2,H3-C14-BWD,USDJPY,16385,PERIOD_H1,990001,990001,990001,2,243,15,18,243,246,2020.02.04 15:42:40,2020.02.06 21:04:40,1580830960000,1581023080000,2020-02-04T13:42:40Z,2020-02-06T19:04:40Z,COMPLETE,,0.01000000,0.01000000,109.199,109.987,0E-8,0E-8,0E-8,0E-8,0.37000000,7.16000000,7.53000000
BOSS19_P4B_SOURCE_BOUND_DEAL_V2,H3-C14-BWD,USDJPY,16385,PERIOD_H1,990001,990001,990001,2,244,16,17,244,245,2020.02.04 17:29:40,2020.02.06 21:04:40,1580837380000,1581023080000,2020-02-04T15:29:40Z,2020-02-06T19:04:40Z,COMPLETE,,0.02000000,0.02000000,109.339,109.987,0E-8,0E-8,0E-8,0E-8,0.75000000,11.78000000,12.53000000
BOSS19_P4B_SOURCE_BOUND_DEAL_V2,H3-C14-BWD,USDJPY,16385,PERIOD_H1,990001,990001,990001,2,398,20,21,398,401,2020.02.12 10:32:40,2020.02.19 15:36:40,1581503560000,1582126600000,2020-02-12T08:32:40Z,2020-02-19T13:36:40Z,COMPLETE,,0.01000000,0.01000000,109.993,110.673,0E-8,0E-8,0E-8,0E-8,0.64000000,6.14000000,6.78000000
BOSS19_P4B_SOURCE_BOUND_DEAL_V2,H3-C14-BWD,USDJPY,16385,PERIOD_H1,990001,990001,990001,2,402,22,27,402,407,2020.02.19 16:49:40,2020.02.20 09:18:40,1582130980000,1582190320000,2020-02-19T14:49:40Z,2020-02-20T07:18:40Z,COMPLETE,,0.01000000,0.01000000,110.809,111.662,0E-8,0E-8,0E-8,0E-8,0.28000000,7.64000000,7.92000000
BOSS19_P4B_SOURCE_BOUND_DEAL_V2,H3-C14-BWD,USDJPY,16385,PERIOD_H1,990001,990001,990001,2,403,23,26,403,406,2020.02.19 17:33:40,2020.02.20 09:18:40,1582133620000,1582190320000,2020-02-19T15:33:40Z,2020-02-20T07:18:40Z,COMPLETE,,0.01000000,0.01000000,110.943,111.662,0E-8,0E-8,0E-8,0E-8,0.28000000,6.44000000,6.72000000
BOSS19_P4B_SOURCE_BOUND_DEAL_V2,H3-C14-BWD,USDJPY,16385,PERIOD_H1,990001,990001,990001,2,404,24,25,404,405,2020.02.19 18:23:40,2020.02.20 09:18:40,1582136620000,1582190320000,2020-02-19T16:23:40Z,2020-02-20T07:18:40Z,COMPLETE,,0.02000000,0.02000000,111.078,111.662,0E-8,0E-8,0E-8,0E-8,0.55000000,10.46000000,11.01000000
BOSS19_P4B_SOURCE_BOUND_DEAL_V2,H3-C14-BWD,USDJPY,16385,PERIOD_H1,990001,990001,990001,2,408,28,33,408,413,2020.02.20 09:23:40,2021.10.11 10:05:40,1582190620000,1633946740000,2020-02-20T07:23:40Z,2021-10-11T07:05:40Z,COMPLETE,,0.01000000,0.01000000,111.809,112.825,0E-8,0E-8,0E-8,0E-8,57.22000000,9.01000000,66.23000000
BOSS19_P4B_SOURCE_BOUND_DEAL_V2,H3-C14-BWD,USDJPY,16385,PERIOD_H1,990001,990001,990001,2,409,29,32,409,412,2020.02.20 11:43:40,2021.10.11 10:05:40,1582199020000,1633946740000,2020-02-20T09:43:40Z,2021-10-11T07:05:40Z,COMPLETE,,0.01000000,0.01000000,111.946,112.825,0E-8,0E-8,0E-8,0E-8,57.22000000,7.79000000,65.01000000
BOSS19_P4B_SOURCE_BOUND_DEAL_V2,H3-C14-BWD,USDJPY,16385,PERIOD_H1,990001,990001,990001,2,410,30,31,410,411,2020.02.20 12:32:20,2021.10.11 10:05:40,1582201940000,1633946740000,2020-02-20T10:32:20Z,2021-10-11T07:05:40Z,COMPLETE,,0.02000000,0.02000000,112.082,112.825,0E-8,0E-8,0E-8,0E-8,114.44000000,13.17000000,127.61000000
BOSS19_P4B_SOURCE_BOUND_DEAL_V2,H3-C14-BWD,USDJPY,16385,PERIOD_H1,990001,990001,990001,2,414,34,39,414,419,2021.10.11 12:19:40,2021.10.15 08:31:20,1633954780000,1634286680000,2021-10-11T09:19:40Z,2021-10-15T05:31:20Z,COMPLETE,,0.01000000,0.01000000,112.981,114.103,0E-8,0E-8,0E-8,0E-8,0.54000000,9.83000000,10.37000000
BOSS19_P4B_SOURCE_BOUND_DEAL_V2,H3-C14-BWD,USDJPY,16385,PERIOD_H1,990001,990001,990001,2,415,35,38,415,418,2021.10.11 15:31:40,2021.10.15 08:31:20,1633966300000,1634286680000,2021-10-11T12:31:40Z,2021-10-15T05:31:20Z,COMPLETE,,0.01000000,0.01000000,113.147,114.103,0E-8,0E-8,0E-8,0E-8,0.54000000,8.38000000,8.92000000
BOSS19_P4B_SOURCE_BOUND_DEAL_V2,H3-C14-BWD,USDJPY,16385,PERIOD_H1,990001,990001,990001,2,416,36,37,416,417,2021.10.11 17:48:40,2021.10.15 08:31:20,1633974520000,1634286680000,2021-10-11T14:48:40Z,2021-10-15T05:31:20Z,COMPLETE,,0.02000000,0.02000000,113.314,114.103,0E-8,0E-8,0E-8,0E-8,1.08000000,13.83000000,14.91000000
BOSS19_P4B_SOURCE_BOUND_DEAL_V2,H3-C14-BWD,USDJPY,16385,PERIOD_H1,990001,990001,990001,2,420,40,45,420,425,2021.10.15 11:46:40,2022.01.04 03:38:40,1634298400000,1641267520000,2021-10-15T08:46:40Z,2022-01-04T01:38:40Z,COMPLETE,,0.01000000,0.01000000,114.271,115.442,0E-8,0E-8,0E-8,0E-8,7.11000000,10.14000000,17.25000000
BOSS19_P4B_SOURCE_BOUND_DEAL_V2,H3-C14-BWD,USDJPY,16385,PERIOD_H1,990001,990001,990001,2,421,41,44,421,424,2021.10.15 15:59:40,2022.01.04 03:38:40,1634313580000,1641267520000,2021-10-15T12:59:40Z,2022-01-04T01:38:40Z,COMPLETE,,0.01000000,0.01000000,114.453,115.442,0E-8,0E-8,0E-8,0E-8,7.11000000,8.57000000,15.68000000
BOSS19_P4B_SOURCE_BOUND_DEAL_V2,H3-C14-BWD,USDJPY,16385,PERIOD_H1,990001,990001,990001,2,422,42,43,422,423,2021.10.20 03:25:40,2022.01.04 03:38:40,1634700340000,1641267520000,2021-10-20T00:25:40Z,2022-01-04T01:38:40Z,COMPLETE,,0.02000000,0.02000000,114.636,115.442,0E-8,0E-8,0E-8,0E-8,13.68000000,13.96000000,27.64000000
BOSS19_P4B_SOURCE_BOUND_DEAL_V2,H3-C14-BWD,USDJPY,16385,PERIOD_H1,990001,990001,990001,2,426,46,51,426,431,2022.01.04 05:05:40,2022.03.11 10:14:40,1641272740000,1646993680000,2022-01-04T03:05:40Z,2022-03-11T08:14:40Z,COMPLETE,,0.01000000,0.01000000,115.641,116.836,0E-8,0E-8,0E-8,0E-8,6.12000000,10.23000000,16.35000000
BOSS19_P4B_SOURCE_BOUND_DEAL_V2,H3-C14-BWD,USDJPY,16385,PERIOD_H1,990001,990001,990001,2,427,47,50,427,430,2022.01.04 10:38:40,2022.03.11 10:14:40,1641292720000,1646993680000,2022-01-04T08:38:40Z,2022-03-11T08:14:40Z,COMPLETE,,0.01000000,0.01000000,115.828,116.836,0E-8,0E-8,0E-8,0E-8,6.12000000,8.63000000,14.75000000
BOSS19_P4B_SOURCE_BOUND_DEAL_V2,H3-C14-BWD,USDJPY,16385,PERIOD_H1,990001,990001,990001,2,428,48,49,428,429,2022.01.04 13:24:40,2022.03.11 10:14:40,1641302680000,1646993680000,2022-01-04T11:24:40Z,2022-03-11T08:14:40Z,COMPLETE,,0.02000000,0.02000000,116.016,116.836,0E-8,0E-8,0E-8,0E-8,12.19000000,14.04000000,26.23000000
BOSS19_P4B_SOURCE_BOUND_DEAL_V2,H3-C14-BWD,USDJPY,16385,PERIOD_H1,990001,990001,990001,2,432,52,57,432,437,2022.03.11 11:08:40,2022.03.15 01:22:40,1646996920000,1647307360000,2022-03-11T09:08:40Z,2022-03-14T22:22:40Z,COMPLETE,,0.01000000,0.01000000,117.028,118.290,0E-8,0E-8,0E-8,0E-8,0.18000000,10.67000000,10.85000000
BOSS19_P4B_SOURCE_BOUND_DEAL_V2,H3-C14-BWD,USDJPY,16385,PERIOD_H1,990001,990001,990001,2,433,53,56,433,436,2022.03.11 19:57:40,2022.03.15 01:22:40,1647028660000,1647307360000,2022-03-11T17:57:40Z,2022-03-14T22:22:40Z,COMPLETE,,0.01000000,0.01000000,117.220,118.290,0E-8,0E-8,0E-8,0E-8,0.18000000,9.05000000,9.23000000
BOSS19_P4B_SOURCE_BOUND_DEAL_V2,H3-C14-BWD,USDJPY,16385,PERIOD_H1,990001,990001,990001,2,434,54,55,434,435,2022.03.14 01:25:40,2022.03.15 01:22:40,1647221140000,1647307360000,2022-03-13T22:25:40Z,2022-03-14T22:22:40Z,COMPLETE,,0.02000000,0.02000000,117.412,118.290,0E-8,0E-8,0E-8,0E-8,0.17000000,14.84000000,15.01000000
BOSS19_P4B_SOURCE_BOUND_DEAL_V2,H3-C14-BWD,USDJPY,16385,PERIOD_H1,990001,990001,990001,2,438,58,63,438,443,2022.03.16 18:56:40,2022.03.22 03:28:40,1647457000000,1647919720000,2022-03-16T15:56:40Z,2022-03-22T00:28:40Z,COMPLETE,,0.01000000,0.01000000,118.502,119.798,0E-8,0E-8,0E-8,0E-8,0.53000000,10.82000000,11.35000000
BOSS19_P4B_SOURCE_BOUND_DEAL_V2,H3-C14-BWD,USDJPY,16385,PERIOD_H1,990001,990001,990001,2,439,59,62,439,442,2022.03.16 21:00:00,2022.03.22 03:28:40,1647464400000,1647919720000,2022-03-16T18:00:00Z,2022-03-22T00:28:40Z,COMPLETE,,0.01000000,0.01000000,118.703,119.798,0E-8,0E-8,0E-8,0E-8,0.53000000,9.14000000,9.67000000
BOSS19_P4B_SOURCE_BOUND_DEAL_V2,H3-C14-BWD,USDJPY,16385,PERIOD_H1,990001,990001,990001,2,440,60,61,440,441,2022.03.16 21:10:40,2022.03.22 03:28:40,1647465040000,1647919720000,2022-03-16T18:10:40Z,2022-03-22T00:28:40Z,COMPLETE,,0.02000000,0.02000000,118.905,119.798,0E-8,0E-8,0E-8,0E-8,1.03000000,14.91000000,15.94000000
BOSS19_P4B_SOURCE_BOUND_DEAL_V2,H3-C14-BWD,USDJPY,16385,PERIOD_H1,990001,990001,990001,2,444,64,69,444,449,2022.03.22 03:48:40,2022.03.23 02:57:40,1647920920000,1648004260000,2022-03-22T00:48:40Z,2022-03-22T23:57:40Z,COMPLETE,,0.01000000,0.01000000,120.017,121.409,0E-8,0E-8,0E-8,0E-8,0.09000000,11.47000000,11.56000000
BOSS19_P4B_SOURCE_BOUND_DEAL_V2,H3-C14-BWD,USDJPY,16385,PERIOD_H1,990001,990001,990001,2,445,65,68,445,448,2022.03.22 07:21:40,2022.03.23 02:57:40,1647933700000,1648004260000,2022-03-22T04:21:40Z,2022-03-22T23:57:40Z,COMPLETE,,0.01000000,0.01000000,120.225,121.409,0E-8,0E-8,0E-8,0E-8,0.09000000,9.75000000,9.84000000
BOSS19_P4B_SOURCE_BOUND_DEAL_V2,H3-C14-BWD,USDJPY,16385,PERIOD_H1,990001,990001,990001,2,446,66,67,446,447,2022.03.22 07:38:40,2022.03.23 02:57:40,1647934720000,1648004260000,2022-03-22T04:38:40Z,2022-03-22T23:57:40Z,COMPLETE,,0.02000000,0.02000000,120.434,121.409,0E-8,0E-8,0E-8,0E-8,0.17000000,16.06000000,16.23000000
BOSS19_P4B_SOURCE_BOUND_DEAL_V2,H3-C14-BWD,USDJPY,16385,PERIOD_H1,990001,990001,990001,2,450,70,75,450,455,2022.03.24 09:57:40,2022.03.28 05:01:40,1648115860000,1648443700000,2022-03-24T06:57:40Z,2022-03-28T02:01:40Z,COMPLETE,,0.01000000,0.01000000,121.603,123.103,0E-8,0E-8,0E-8,0E-8,0.16000000,12.18000000,12.34000000
BOSS19_P4B_SOURCE_BOUND_DEAL_V2,H3-C14-BWD,USDJPY,16385,PERIOD_H1,990001,990001,990001,2,451,71,74,451,454,2022.03.24 16:15:00,2022.03.28 05:01:40,1648138500000,1648443700000,2022-03-24T13:15:00Z,2022-03-28T02:01:40Z,COMPLETE,,0.01000000,0.01000000,121.822,123.103,0E-8,0E-8,0E-8,0E-8,0.16000000,10.41000000,10.57000000
BOSS19_P4B_SOURCE_BOUND_DEAL_V2,H3-C14-BWD,USDJPY,16385,PERIOD_H1,990001,990001,990001,2,452,72,73,452,453,2022.03.24 18:46:40,2022.03.28 05:01:40,1648147600000,1648443700000,2022-03-24T15:46:40Z,2022-03-28T02:01:40Z,COMPLETE,,0.02000000,0.02000000,122.040,123.103,0E-8,0E-8,0E-8,0E-8,0.34000000,17.27000000,17.61000000
BOSS19_P4B_SOURCE_BOUND_DEAL_V2,H3-C14-BWD,USDJPY,16385,PERIOD_H1,990001,990001,990001,2,456,76,81,456,461,2022.03.28 09:58:40,2022.03.28 11:48:40,1648461520000,1648468120000,2022-03-28T06:58:40Z,2022-03-28T08:48:40Z,COMPLETE,,0.01000000,0.01000000,123.298,124.781,0E-8,0E-8,0E-8,0E-8,0E-8,11.88000000,11.88000000
BOSS19_P4B_SOURCE_BOUND_DEAL_V2,H3-C14-BWD,USDJPY,16385,PERIOD_H1,990001,990001,990001,2,457,77,80,457,460,2022.03.28 10:04:20,2022.03.28 11:48:40,1648461860000,1648468120000,2022-03-28T07:04:20Z,2022-03-28T08:48:40Z,COMPLETE,,0.01000000,0.01000000,123.528,124.781,0E-8,0E-8,0E-8,0E-8,0E-8,10.04000000,10.04000000
BOSS19_P4B_SOURCE_BOUND_DEAL_V2,H3-C14-BWD,USDJPY,16385,PERIOD_H1,990001,990001,990001,2,458,78,79,458,459,2022.03.28 10:26:40,2022.03.28 11:48:40,1648463200000,1648468120000,2022-03-28T07:26:40Z,2022-03-28T08:48:40Z,COMPLETE,,0.02000000,0.02000000,123.758,124.781,0E-8,0E-8,0E-8,0E-8,0E-8,16.40000000,16.40000000
BOSS19_P4B_SOURCE_BOUND_DEAL_V2,H3-C14-BWD,USDJPY,16385,PERIOD_H1,990001,990001,990001,2,462,82,83,462,465,2022.03.28 11:50:40,2022.04.15 09:19:40,1648468240000,1650014380000,2022-03-28T08:50:40Z,2022-04-15T06:19:40Z,COMPLETE,,0.01000000,0.01000000,124.992,126.656,0E-8,0E-8,0E-8,0E-8,1.63000000,13.14000000,14.77000000
BOSS19_P4B_SOURCE_BOUND_DEAL_V2,H3-C14-BWD,USDJPY,16385,PERIOD_H1,990001,990001,990001,2,466,84,89,466,471,2022.04.18 19:22:40,2022.04.19 22:29:40,1650309760000,1650407380000,2022-04-18T16:22:40Z,2022-04-19T19:29:40Z,COMPLETE,,0.01000000,0.01000000,126.900,128.935,0E-8,0E-8,0E-8,0E-8,0.08000000,15.78000000,15.86000000
BOSS19_P4B_SOURCE_BOUND_DEAL_V2,H3-C14-BWD,USDJPY,16385,PERIOD_H1,990001,990001,990001,2,467,85,88,467,470,2022.04.19 02:36:20,2022.04.19 22:29:40,1650335780000,1650407380000,2022-04-18T23:36:20Z,2022-04-19T19:29:40Z,COMPLETE,,0.01000000,0.01000000,127.225,128.935,0E-8,0E-8,0E-8,0E-8,0E-8,13.26000000,13.26000000
BOSS19_P4B_SOURCE_BOUND_DEAL_V2,H3-C14-BWD,USDJPY,16385,PERIOD_H1,990001,990001,990001,2,468,86,87,468,469,2022.04.19 04:40:20,2022.04.19 22:29:40,1650343220000,1650407380000,2022-04-19T01:40:20Z,2022-04-19T19:29:40Z,COMPLETE,,0.02000000,0.02000000,127.550,128.935,0E-8,0E-8,0E-8,0E-8,0E-8,21.48000000,21.48000000
BOSS19_P4B_SOURCE_BOUND_DEAL_V2,H3-C14-BWD,USDJPY,16385,PERIOD_H1,990001,990001,990001,2,472,90,91,472,475,2022.04.20 01:19:40,2022.04.28 17:16:40,1650417580000,1651166200000,2022-04-19T22:19:40Z,2022-04-28T14:16:40Z,COMPLETE,,0.01000000,0.01000000,129.268,131.194,0E-8,0E-8,0E-8,0E-8,0.80000000,14.68000000,15.48000000
BOSS19_P4B_SOURCE_BOUND_DEAL_V2,H3-C14-BWD,USDJPY,16385,PERIOD_H1,990001,990001,990001,2,575,92,95,575,579,2022.05.09 03:01:40,2022.06.07 09:15:40,1652065300000,1654593340000,2022-05-09T00:01:40Z,2022-06-07T06:15:40Z,COMPLETE,,0.01000000,0.01000000,130.829,132.998,0E-8,0E-8,0E-8,0E-8,2.32000000,16.31000000,18.63000000
BOSS19_P4B_SOURCE_BOUND_DEAL_V2,H3-C14-BWD,USDJPY,16385,PERIOD_H1,990001,990001,990001,2,576,93,94,576,578,2022.05.09 09:53:40,2022.06.07 09:15:40,1652090020000,1654593340000,2022-05-09T06:53:40Z,2022-06-07T06:15:40Z,COMPLETE,,0.01000000,0.01000000,131.240,132.998,0E-8,0E-8,0E-8,0E-8,2.32000000,13.22000000,15.54000000
BOSS19_P4B_SOURCE_BOUND_DEAL_V2,H3-C14-BWD,USDJPY,16385,PERIOD_H1,990001,990001,990001,2,580,96,101,580,585,2022.06.08 10:18:40,2022.06.21 14:35:40,1654683520000,1655822140000,2022-06-08T07:18:40Z,2022-06-21T11:35:40Z,COMPLETE,,0.01000000,0.01000000,133.391,136.026,0E-8,0E-8,0E-8,0E-8,1.02000000,19.37000000,20.39000000
BOSS19_P4B_SOURCE_BOUND_DEAL_V2,H3-C14-BWD,USDJPY,16385,PERIOD_H1,990001,990001,990001,2,581,97,100,581,584,2022.06.08 11:35:40,2022.06.21 14:35:40,1654688140000,1655822140000,2022-06-08T08:35:40Z,2022-06-21T11:35:40Z,COMPLETE,,0.01000000,0.01000000,133.781,136.026,0E-8,0E-8,0E-8,0E-8,1.02000000,16.50000000,17.52000000
BOSS19_P4B_SOURCE_BOUND_DEAL_V2,H3-C14-BWD,USDJPY,16385,PERIOD_H1,990001,990001,990001,2,582,98,99,582,583,2022.06.08 15:24:40,2022.06.21 14:35:40,1654701880000,1655822140000,2022-06-08T12:24:40Z,2022-06-21T11:35:40Z,COMPLETE,,0.02000000,0.02000000,134.170,136.026,0E-8,0E-8,0E-8,0E-8,1.98000000,27.29000000,29.27000000
BOSS19_P4B_SOURCE_BOUND_DEAL_V2,H3-C14-BWD,USDJPY,16385,PERIOD_H1,990001,990001,990001,2,586,102,103,586,589,2022.06.21 21:26:40,2022.07.14 09:21:40,1655846800000,1657790500000,2022-06-21T18:26:40Z,2022-07-14T06:21:40Z,COMPLETE,,0.01000000,0.01000000,136.464,138.642,0E-8,0E-8,0E-8,0E-8,1.94000000,15.71000000,17.65000000
BOSS19_P4B_SOURCE_BOUND_DEAL_V2,H3-C14-BWD,USDJPY,16385,PERIOD_H1,990001,990001,990001,2,590,104,105,590,593,2022.07.14 10:56:40,2022.09.06 10:04:40,1657796200000,1662458680000,2022-07-14T07:56:40Z,2022-09-06T07:04:40Z,COMPLETE,,0.01000000,0.01000000,139.072,141.343,0E-8,0E-8,0E-8,0E-8,3.93000000,16.07000000,20.00000000
BOSS19_P4B_SOURCE_BOUND_DEAL_V2,H3-C14-BWD,USDJPY,16385,PERIOD_H1,990001,990001,990001,2,594,106,111,594,599,2022.09.06 11:35:40,2022.09.07 13:57:40,1662464140000,1662559060000,2022-09-06T08:35:40Z,2022-09-07T10:57:40Z,COMPLETE,,0.01000000,0.01000000,141.786,144.707,0E-8,0E-8,0E-8,0E-8,0.07000000,20.19000000,20.26000000
BOSS19_P4B_SOURCE_BOUND_DEAL_V2,H3-C14-BWD,USDJPY,16385,PERIOD_H1,990001,990001,990001,2,595,107,110,595,598,2022.09.06 15:44:40,2022.09.07 13:57:40,1662479080000,1662559060000,2022-09-06T12:44:40Z,2022-09-07T10:57:40Z,COMPLETE,,0.01000000,0.01000000,142.236,144.707,0E-8,0E-8,0E-8,0E-8,0.07000000,17.08000000,17.15000000
BOSS19_P4B_SOURCE_BOUND_DEAL_V2,H3-C14-BWD,USDJPY,16385,PERIOD_H1,990001,990001,990001,2,596,108,109,596,597,2022.09.06 17:00:00,2022.09.07 13:57:40,1662483600000,1662559060000,2022-09-06T14:00:00Z,2022-09-07T10:57:40Z,COMPLETE,,0.02000000,0.02000000,142.685,144.707,0E-8,0E-8,0E-8,0E-8,0.14000000,27.95000000,28.09000000
BOSS19_P4B_SOURCE_BOUND_DEAL_V2,H3-C14-BWD,USDJPY,16385,PERIOD_H1,990001,990001,990001,2,603,112,113,603,606,2022.09.12 07:26:40,2022.09.12 10:21:40,1662967600000,1662978100000,2022-09-12T04:26:40Z,2022-09-12T07:21:40Z,COMPLETE,,0.01000000,0.01000000,143.173,142.686,0E-8,0E-8,0E-8,0E-8,0E-8,3.41000000,3.41000000
BOSS19_P4B_SOURCE_BOUND_DEAL_V2,H3-C14-BWD,USDJPY,16385,PERIOD_H1,990001,990001,990001,2,604,114,115,604,607,2022.09.13 15:30:40,2022.09.13 15:31:20,1663083040000,1663083080000,2022-09-13T12:30:40Z,2022-09-13T12:31:20Z,COMPLETE,,0.01000000,0.01000000,143.645,143.067,0E-8,0E-8,0E-8,0E-8,0E-8,4.04000000,4.04000000
BOSS19_P4B_SOURCE_BOUND_DEAL_V2,H3-C14-BWD,USDJPY,16385,PERIOD_H1,990001,990001,990001,2,605,116,117,605,608,2022.09.13 15:54:40,2022.09.14 08:03:40,1663084480000,1663142620000,2022-09-13T12:54:40Z,2022-09-14T05:03:40Z,COMPLETE,,0.01000000,0.01000000,144.116,143.632,0E-8,0E-8,0E-8,0E-8,-0.10000000,3.37000000,3.27000000
BOSS19_P4B_SOURCE_BOUND_DEAL_V2,H3-C14-BWD,USDJPY,16385,PERIOD_H1,990001,990001,990001,2,612,118,119,612,615,2022.09.15 05:15:40,2022.09.16 03:37:40,1663218940000,1663299460000,2022-09-15T02:15:40Z,2022-09-16T00:37:40Z,COMPLETE,,0.01000000,0.01000000,143.391,142.885,0E-8,0E-8,0E-8,0E-8,-0.10000000,3.54000000,3.44000000
BOSS19_P4B_SOURCE_BOUND_DEAL_V2,H3-C14-BWD,USDJPY,16385,PERIOD_H1,990001,990001,990001,2,814,120,125,814,819,2022.09.20 16:27:40,2022.10.12 13:56:40,1663691260000,1665583000000,2022-09-20T13:27:40Z,2022-10-12T10:56:40Z,COMPLETE,,0.01000000,0.01000000,143.841,146.540,0E-8,0E-8,0E-8,0E-8,1.54000000,18.42000000,19.96000000
BOSS19_P4B_SOURCE_BOUND_DEAL_V2,H3-C14-BWD,USDJPY,16385,PERIOD_H1,990001,990001,990001,2,815,121,124,815,818,2022.09.21 19:14:40,2022.10.12 13:56:40,1663787680000,1665583000000,2022-09-21T16:14:40Z,2022-10-12T10:56:40Z,COMPLETE,,0.01000000,0.01000000,144.285,146.540,0E-8,0E-8,0E-8,0E-8,1.47000000,15.39000000,16.86000000
BOSS19_P4B_SOURCE_BOUND_DEAL_V2,H3-C14-BWD,USDJPY,16385,PERIOD_H1,990001,990001,990001,2,816,122,123,816,817,2022.09.22 05:51:40,2022.10.12 13:56:40,1663825900000,1665583000000,2022-09-22T02:51:40Z,2022-10-12T10:56:40Z,COMPLETE,,0.02000000,0.02000000,144.730,146.540,0E-8,0E-8,0E-8,0E-8,2.54000000,24.70000000,27.24000000
BOSS19_P4B_SOURCE_BOUND_DEAL_V2,H3-C14-BWD,USDJPY,16385,PERIOD_H1,990001,990001,990001,2,820,126,131,820,825,2022.10.12 18:38:40,2022.10.19 14:02:40,1665599920000,1666188160000,2022-10-12T15:38:40Z,2022-10-19T11:02:40Z,COMPLETE,,0.01000000,0.01000000,146.945,149.627,0E-8,0E-8,0E-8,0E-8,0.49000000,17.92000000,18.41000000
BOSS19_P4B_SOURCE_BOUND_DEAL_V2,H3-C14-BWD,USDJPY,16385,PERIOD_H1,990001,990001,990001,2,821,127,130,821,824,2022.10.13 15:32:20,2022.10.19 14:02:40,1665675140000,1666188160000,2022-10-13T12:32:20Z,2022-10-19T11:02:40Z,COMPLETE,,0.01000000,0.01000000,147.372,149.627,0E-8,0E-8,0E-8,0E-8,0.28000000,15.07000000,15.35000000
BOSS19_P4B_SOURCE_BOUND_DEAL_V2,H3-C14-BWD,USDJPY,16385,PERIOD_H1,990001,990001,990001,2,822,128,129,822,823,2022.10.14 14:55:00,2022.10.19 14:02:40,1665759300000,1666188160000,2022-10-14T11:55:00Z,2022-10-19T11:02:40Z,COMPLETE,,0.02000000,0.02000000,147.798,149.627,0E-8,0E-8,0E-8,0E-8,0.42000000,24.45000000,24.87000000
BOSS19_P4B_SOURCE_BOUND_DEAL_V2,H3-C14-BWD,USDJPY,16385,PERIOD_H1,990001,990001,0,2,826,132,137,826,831,2022.10.20 10:40:20,2022.12.30 23:54:59,1666262420000,1672444499000,2022-10-20T07:40:20Z,2022-12-30T21:54:59Z,COMPLETE,,0.01000000,0.01000000,150.037,131.111,0E-8,0E-8,0E-8,0E-8,5.22000000,-144.35000000,-139.13000000
BOSS19_P4B_SOURCE_BOUND_DEAL_V2,H3-C14-BWD,USDJPY,16385,PERIOD_H1,990001,990001,0,2,827,133,136,827,830,2022.10.21 10:14:20,2022.12.30 23:54:59,1666347260000,1672444499000,2022-10-21T07:14:20Z,2022-12-30T21:54:59Z,COMPLETE,,0.01000000,0.01000000,150.463,131.111,0E-8,0E-8,0E-8,0E-8,5.15000000,-147.60000000,-142.45000000
BOSS19_P4B_SOURCE_BOUND_DEAL_V2,H3-C14-BWD,USDJPY,16385,PERIOD_H1,990001,990001,0,2,828,134,135,828,829,2022.10.21 11:48:40,2022.12.30 23:54:59,1666352920000,1672444499000,2022-10-21T08:48:40Z,2022-12-30T21:54:59Z,COMPLETE,,0.02000000,0.02000000,150.890,131.111,0E-8,0E-8,0E-8,0E-8,10.32000000,-301.71000000,-291.39000000
BOSS19_P4B_SOURCE_BOUND_DEAL_V2,H3-C15-MAIN,USDJPY,16388,PERIOD_H4,990001,990001,990001,2,2,2,3,2,5,2023.01.03 01:17:40,2023.01.03 02:35:40,1672708660000,1672713340000,2023-01-02T23:17:40Z,2023-01-03T00:35:40Z,COMPLETE,,0.01000000,0.01000000,131.279,130.700,0E-8,0E-8,0E-8,0E-8,0E-8,4.43000000,4.43000000
BOSS19_P4B_SOURCE_BOUND_DEAL_V2,H3-C15-MAIN,USDJPY,16388,PERIOD_H4,990001,990001,990001,2,3,4,7,3,7,2023.01.04 17:22:40,2023.01.12 11:20:40,1672852960000,1673522440000,2023-01-04T15:22:40Z,2023-01-12T09:20:40Z,COMPLETE,,0.01000000,0.01000000,131.844,131.257,0E-8,0E-8,0E-8,0E-8,-1.10000000,4.47000000,3.37000000
BOSS19_P4B_SOURCE_BOUND_DEAL_V2,H3-C15-MAIN,USDJPY,16388,PERIOD_H4,990001,990001,990001,2,4,5,6,4,6,2023.01.04 19:30:40,2023.01.05 02:29:20,1672860640000,1672885760000,2023-01-04T17:30:40Z,2023-01-05T00:29:20Z,COMPLETE,,0.01000000,0.01000000,132.408,131.822,0E-8,0E-8,0E-8,0E-8,-0.33000000,4.45000000,4.12000000
BOSS19_P4B_SOURCE_BOUND_DEAL_V2,H3-C15-MAIN,USDJPY,16388,PERIOD_H4,990001,990001,990001,2,26,8,9,26,29,2023.01.24 16:45:40,2023.02.15 09:07:40,1674578740000,1676452060000,2023-01-24T14:45:40Z,2023-02-15T07:07:40Z,COMPLETE,,0.01000000,0.01000000,130.733,133.427,0E-8,0E-8,0E-8,0E-8,1.75000000,20.19000000,21.94000000
BOSS19_P4B_SOURCE_BOUND_DEAL_V2,H3-C15-MAIN,USDJPY,16388,PERIOD_H4,990001,990001,990001,2,30,10,15,30,35,2023.02.15 15:30:40,2023.02.28 16:40:40,1676475040000,1677602440000,2023-02-15T13:30:40Z,2023-02-28T14:40:40Z,COMPLETE,,0.01000000,0.01000000,133.952,136.911,0E-8,0E-8,0E-8,0E-8,1.02000000,21.61000000,22.63000000
BOSS19_P4B_SOURCE_BOUND_DEAL_V2,H3-C15-MAIN,USDJPY,16388,PERIOD_H4,990001,990001,990001,2,31,11,14,31,34,2023.02.17 03:33:40,2023.02.28 16:40:40,1676604820000,1677602440000,2023-02-17T01:33:40Z,2023-02-28T14:40:40Z,COMPLETE,,0.01000000,0.01000000,134.491,136.911,0E-8,0E-8,0E-8,0E-8,0.71000000,17.68000000,18.39000000
BOSS19_P4B_SOURCE_BOUND_DEAL_V2,H3-C15-MAIN,USDJPY,16388,PERIOD_H4,990001,990001,990001,2,32,12,13,32,33,2023.02.17 10:42:20,2023.02.28 16:40:40,1676630540000,1677602440000,2023-02-17T08:42:20Z,2023-02-28T14:40:40Z,COMPLETE,,0.02000000,0.02000000,135.029,136.911,0E-8,0E-8,0E-8,0E-8,1.36000000,27.49000000,28.85000000
BOSS19_P4B_SOURCE_BOUND_DEAL_V2,H3-C15-MAIN,USDJPY,16388,PERIOD_H4,990001,990001,990001,2,36,16,19,36,40,2023.03.08 01:52:40,2023.05.24 23:31:40,1678240360000,1684971100000,2023-03-07T23:52:40Z,2023-05-24T20:31:40Z,COMPLETE,,0.01000000,0.01000000,137.376,139.429,0E-8,0E-8,0E-8,0E-8,5.98000000,14.72000000,20.70000000
BOSS19_P4B_SOURCE_BOUND_DEAL_V2,H3-C15-MAIN,USDJPY,16388,PERIOD_H4,990001,990001,990001,2,37,17,18,37,39,2023.03.08 06:36:40,2023.05.24 23:31:40,1678257400000,1684971100000,2023-03-08T04:36:40Z,2023-05-24T20:31:40Z,COMPLETE,,0.01000000,0.01000000,137.833,139.429,0E-8,0E-8,0E-8,0E-8,5.98000000,11.45000000,17.43000000
BOSS19_P4B_SOURCE_BOUND_DEAL_V2,H3-C15-MAIN,USDJPY,16388,PERIOD_H4,990001,990001,990001,2,41,20,25,41,46,2023.05.25 16:00:40,2023.06.20 03:03:20,1685030440000,1687230200000,2023-05-25T13:00:40Z,2023-06-20T00:03:20Z,COMPLETE,,0.01000000,0.01000000,139.806,142.028,0E-8,0E-8,0E-8,0E-8,1.71000000,15.64000000,17.35000000
BOSS19_P4B_SOURCE_BOUND_DEAL_V2,H3-C15-MAIN,USDJPY,16388,PERIOD_H4,990001,990001,990001,2,42,21,24,42,45,2023.05.25 22:32:40,2023.06.20 03:03:20,1685053960000,1687230200000,2023-05-25T19:32:40Z,2023-06-20T00:03:20Z,COMPLETE,,0.01000000,0.01000000,140.171,142.028,0E-8,0E-8,0E-8,0E-8,1.71000000,13.07000000,14.78000000
BOSS19_P4B_SOURCE_BOUND_DEAL_V2,H3-C15-MAIN,USDJPY,16388,PERIOD_H4,990001,990001,990001,2,43,22,23,43,44,2023.05.26 18:00:40,2023.06.20 03:03:20,1685124040000,1687230200000,2023-05-26T15:00:40Z,2023-06-20T00:03:20Z,COMPLETE,,0.02000000,0.02000000,140.535,142.028,0E-8,0E-8,0E-8,0E-8,3.40000000,21.02000000,24.42000000
BOSS19_P4B_SOURCE_BOUND_DEAL_V2,H3-C15-MAIN,USDJPY,16388,PERIOD_H4,990001,990001,990001,2,47,26,31,47,52,2023.06.20 04:17:40,2023.06.28 17:07:40,1687234660000,1687972060000,2023-06-20T01:17:40Z,2023-06-28T14:07:40Z,COMPLETE,,0.01000000,0.01000000,142.257,144.484,0E-8,0E-8,0E-8,0E-8,0.57000000,15.41000000,15.98000000
BOSS19_P4B_SOURCE_BOUND_DEAL_V2,H3-C15-MAIN,USDJPY,16388,PERIOD_H4,990001,990001,990001,2,48,27,30,48,51,2023.06.22 17:26:40,2023.06.28 17:07:40,1687454800000,1687972060000,2023-06-22T14:26:40Z,2023-06-28T14:07:40Z,COMPLETE,,0.01000000,0.01000000,142.610,144.484,0E-8,0E-8,0E-8,0E-8,0.28000000,12.97000000,13.25000000
BOSS19_P4B_SOURCE_BOUND_DEAL_V2,H3-C15-MAIN,USDJPY,16388,PERIOD_H4,990001,990001,990001,2,49,28,29,49,50,2023.06.22 19:20:20,2023.06.28 17:07:40,1687461620000,1687972060000,2023-06-22T16:20:20Z,2023-06-28T14:07:40Z,COMPLETE,,0.02000000,0.02000000,142.962,144.484,0E-8,0E-8,0E-8,0E-8,0.56000000,21.07000000,21.63000000
BOSS19_P4B_SOURCE_BOUND_DEAL_V2,H3-C15-MAIN,USDJPY,16388,PERIOD_H4,990001,990001,990001,2,53,32,33,53,56,2023.06.29 16:01:40,2023.08.29 13:57:40,1688054500000,1693317460000,2023-06-29T13:01:40Z,2023-08-29T10:57:40Z,COMPLETE,,0.01000000,0.01000000,144.833,146.780,0E-8,0E-8,0E-8,0E-8,4.16000000,13.26000000,17.42000000
BOSS19_P4B_SOURCE_BOUND_DEAL_V2,H3-C15-MAIN,USDJPY,16388,PERIOD_H4,990001,990001,990001,2,57,34,35,57,60,2023.08.29 14:59:20,2023.09.25 13:12:40,1693321160000,1695647560000,2023-08-29T11:59:20Z,2023-09-25T10:12:40Z,COMPLETE,,0.01000000,0.01000000,147.171,148.651,0E-8,0E-8,0E-8,0E-8,1.89000000,9.96000000,11.85000000
BOSS19_P4B_SOURCE_BOUND_DEAL_V2,H3-C15-MAIN,USDJPY,16388,PERIOD_H4,990001,990001,990001,2,61,36,41,61,66,2023.09.25 17:25:40,2023.10.26 05:18:40,1695662740000,1698297520000,2023-09-25T14:25:40Z,2023-10-26T02:18:40Z,COMPLETE,,0.01000000,0.01000000,148.942,150.411,0E-8,0E-8,0E-8,0E-8,2.31000000,9.77000000,12.08000000
BOSS19_P4B_SOURCE_BOUND_DEAL_V2,H3-C15-MAIN,USDJPY,16388,PERIOD_H4,990001,990001,990001,2,62,37,40,62,65,2023.09.27 13:03:40,2023.10.26 05:18:40,1695819820000,1698297520000,2023-09-27T10:03:40Z,2023-10-26T02:18:40Z,COMPLETE,,0.01000000,0.01000000,149.236,150.411,0E-8,0E-8,0E-8,0E-8,2.17000000,7.81000000,9.98000000
BOSS19_P4B_SOURCE_BOUND_DEAL_V2,H3-C15-MAIN,USDJPY,16388,PERIOD_H4,990001,990001,990001,2,63,38,39,63,64,2023.09.27 19:09:40,2023.10.26 05:18:40,1695841780000,1698297520000,2023-09-27T16:09:40Z,2023-10-26T02:18:40Z,COMPLETE,,0.02000000,0.02000000,149.529,150.411,0E-8,0E-8,0E-8,0E-8,4.29000000,11.73000000,16.02000000
BOSS19_P4B_SOURCE_BOUND_DEAL_V2,H3-C15-MAIN,USDJPY,16388,PERIOD_H4,990001,990001,990001,2,67,42,43,67,70,2023.10.26 09:05:40,2024.03.27 05:43:20,1698311140000,1711518200000,2023-10-26T06:05:40Z,2024-03-27T02:43:20Z,COMPLETE,,0.01000000,0.01000000,150.616,151.964,0E-8,0E-8,0E-8,0E-8,10.54000000,8.87000000,19.41000000
BOSS19_P4B_SOURCE_BOUND_DEAL_V2,H3-C15-MAIN,USDJPY,16388,PERIOD_H4,990001,990001,990001,2,71,44,49,71,76,2024.04.10 15:30:40,2024.04.15 07:38:40,1712763040000,1713166720000,2024-04-10T12:30:40Z,2024-04-15T04:38:40Z,COMPLETE,,0.01000000,0.01000000,152.189,153.831,0E-8,0E-8,0E-8,0E-8,0.34000000,10.67000000,11.01000000
BOSS19_P4B_SOURCE_BOUND_DEAL_V2,H3-C15-MAIN,USDJPY,16388,PERIOD_H4,990001,990001,990001,2,72,45,48,72,75,2024.04.10 15:33:20,2024.04.15 07:38:40,1712763200000,1713166720000,2024-04-10T12:33:20Z,2024-04-15T04:38:40Z,COMPLETE,,0.01000000,0.01000000,152.456,153.831,0E-8,0E-8,0E-8,0E-8,0.34000000,8.94000000,9.28000000
BOSS19_P4B_SOURCE_BOUND_DEAL_V2,H3-C15-MAIN,USDJPY,16388,PERIOD_H4,990001,990001,990001,2,73,46,47,73,74,2024.04.10 17:04:40,2024.04.15 07:38:40,1712768680000,1713166720000,2024-04-10T14:04:40Z,2024-04-15T04:38:40Z,COMPLETE,,0.02000000,0.02000000,152.724,153.831,0E-8,0E-8,0E-8,0E-8,0.66000000,14.39000000,15.05000000
BOSS19_P4B_SOURCE_BOUND_DEAL_V2,H3-C15-MAIN,USDJPY,16388,PERIOD_H4,990001,990001,990001,2,77,50,55,77,82,2024.04.15 15:30:40,2024.04.25 07:57:40,1713195040000,1714031860000,2024-04-15T12:30:40Z,2024-04-25T04:57:40Z,COMPLETE,,0.01000000,0.01000000,154.104,155.618,0E-8,0E-8,0E-8,0E-8,0.82000000,9.73000000,10.55000000
BOSS19_P4B_SOURCE_BOUND_DEAL_V2,H3-C15-MAIN,USDJPY,16388,PERIOD_H4,990001,990001,990001,2,78,51,54,78,81,2024.04.15 15:31:40,2024.04.25 07:57:40,1713195100000,1714031860000,2024-04-15T12:31:40Z,2024-04-25T04:57:40Z,COMPLETE,,0.01000000,0.01000000,154.365,155.618,0E-8,0E-8,0E-8,0E-8,0.82000000,8.05000000,8.87000000
BOSS19_P4B_SOURCE_BOUND_DEAL_V2,H3-C15-MAIN,USDJPY,16388,PERIOD_H4,990001,990001,990001,2,79,52,53,79,80,2024.04.16 14:00:40,2024.04.25 07:57:40,1713276040000,1714031860000,2024-04-16T11:00:40Z,2024-04-25T04:57:40Z,COMPLETE,,0.02000000,0.02000000,154.626,155.618,0E-8,0E-8,0E-8,0E-8,1.45000000,12.75000000,14.20000000
BOSS19_P4B_SOURCE_BOUND_DEAL_V2,H3-C15-MAIN,USDJPY,16388,PERIOD_H4,990001,990001,990001,2,83,56,61,83,88,2024.04.26 06:24:40,2024.04.26 17:55:40,1714112680000,1714154140000,2024-04-26T03:24:40Z,2024-04-26T14:55:40Z,COMPLETE,,0.01000000,0.01000000,155.851,157.305,0E-8,0E-8,0E-8,0E-8,0E-8,9.24000000,9.24000000
BOSS19_P4B_SOURCE_BOUND_DEAL_V2,H3-C15-MAIN,USDJPY,16388,PERIOD_H4,990001,990001,990001,2,84,57,60,84,87,2024.04.26 06:31:40,2024.04.26 17:55:40,1714113100000,1714154140000,2024-04-26T03:31:40Z,2024-04-26T14:55:40Z,COMPLETE,,0.01000000,0.01000000,156.083,157.305,0E-8,0E-8,0E-8,0E-8,0E-8,7.77000000,7.77000000
BOSS19_P4B_SOURCE_BOUND_DEAL_V2,H3-C15-MAIN,USDJPY,16388,PERIOD_H4,990001,990001,990001,2,85,58,59,85,86,2024.04.26 09:57:40,2024.04.26 17:55:40,1714125460000,1714154140000,2024-04-26T06:57:40Z,2024-04-26T14:55:40Z,COMPLETE,,0.02000000,0.02000000,156.316,157.305,0E-8,0E-8,0E-8,0E-8,0E-8,12.57000000,12.57000000
BOSS19_P4B_SOURCE_BOUND_DEAL_V2,H3-C15-MAIN,USDJPY,16388,PERIOD_H4,990001,990001,990001,2,89,62,67,89,94,2024.04.26 18:53:40,2024.04.29 04:35:40,1714157620000,1714365340000,2024-04-26T15:53:40Z,2024-04-29T01:35:40Z,COMPLETE,,0.01000000,0.01000000,157.535,160.205,0E-8,0E-8,0E-8,0E-8,0.06000000,16.67000000,16.73000000
BOSS19_P4B_SOURCE_BOUND_DEAL_V2,H3-C15-MAIN,USDJPY,16388,PERIOD_H4,990001,990001,990001,2,90,63,66,90,93,2024.04.26 19:02:40,2024.04.29 04:35:40,1714158160000,1714365340000,2024-04-26T16:02:40Z,2024-04-29T01:35:40Z,COMPLETE,,0.01000000,0.01000000,157.764,160.205,0E-8,0E-8,0E-8,0E-8,0.06000000,15.24000000,15.30000000
BOSS19_P4B_SOURCE_BOUND_DEAL_V2,H3-C15-MAIN,USDJPY,16388,PERIOD_H4,990001,990001,990001,2,91,64,65,91,92,2024.04.26 23:32:40,2024.04.29 04:35:40,1714174360000,1714365340000,2024-04-26T20:32:40Z,2024-04-29T01:35:40Z,COMPLETE,,0.02000000,0.02000000,157.992,160.205,0E-8,0E-8,0E-8,0E-8,0.13000000,27.63000000,27.76000000
BOSS19_P4B_SOURCE_BOUND_DEAL_V2,H3-C15-MAIN,USDJPY,16388,PERIOD_H4,990001,990001,990001,2,98,68,69,98,101,2024.05.06 06:35:20,2024.05.06 15:20:40,1714977320000,1715008840000,2024-05-06T03:35:20Z,2024-05-06T12:20:40Z,COMPLETE,,0.01000000,0.01000000,153.960,153.556,0E-8,0E-8,0E-8,0E-8,0E-8,2.63000000,2.63000000
BOSS19_P4B_SOURCE_BOUND_DEAL_V2,H3-C15-MAIN,USDJPY,16388,PERIOD_H4,990001,990001,990001,2,99,70,73,99,103,2024.05.07 04:29:40,2024.05.16 03:36:40,1715056180000,1715830600000,2024-05-07T01:29:40Z,2024-05-16T00:36:40Z,COMPLETE,,0.01000000,0.01000000,154.321,153.883,0E-8,0E-8,0E-8,0E-8,-1.01000000,2.85000000,1.84000000
BOSS19_P4B_SOURCE_BOUND_DEAL_V2,H3-C15-MAIN,USDJPY,16388,PERIOD_H4,990001,990001,990001,2,100,71,72,100,102,2024.05.07 21:01:40,2024.05.16 02:35:40,1715115700000,1715826940000,2024-05-07T18:01:40Z,2024-05-15T23:35:40Z,COMPLETE,,0.01000000,0.01000000,154.681,154.217,0E-8,0E-8,0E-8,0E-8,-1.01000000,3.01000000,2.00000000
BOSS19_P4B_SOURCE_BOUND_DEAL_V2,H3-C15-MAIN,USDJPY,16388,PERIOD_H4,990001,990001,990001,2,107,74,79,107,112,2024.05.16 04:55:40,2024.07.24 16:34:40,1715835340000,1721838880000,2024-05-16T01:55:40Z,2024-07-24T13:34:40Z,COMPLETE,,0.01000000,0.01000000,154.060,153.683,0E-8,0E-8,0E-8,0E-8,-6.06000000,2.45000000,-3.61000000
BOSS19_P4B_SOURCE_BOUND_DEAL_V2,H3-C15-MAIN,USDJPY,16388,PERIOD_H4,990001,990001,990001,2,108,75,78,108,111,2024.05.16 11:08:40,2024.07.24 14:47:40,1715857720000,1721832460000,2024-05-16T08:08:40Z,2024-07-24T11:47:40Z,COMPLETE,,0.01000000,0.01000000,154.472,154.104,0E-8,0E-8,0E-8,0E-8,-6.06000000,2.39000000,-3.67000000
BOSS19_P4B_SOURCE_BOUND_DEAL_V2,H3-C15-MAIN,USDJPY,16388,PERIOD_H4,990001,990001,990001,2,109,76,77,109,110,2024.05.16 14:28:40,2024.07.24 08:06:40,1715869720000,1721808400000,2024-05-16T11:28:40Z,2024-07-24T05:06:40Z,COMPLETE,,0.01000000,0.01000000,154.883,154.510,0E-8,0E-8,0E-8,0E-8,-6.06000000,2.41000000,-3.65000000
BOSS19_P4B_SOURCE_BOUND_DEAL_V2,H3-C15-MAIN,USDJPY,16388,PERIOD_H4,990001,990001,990001,2,113,80,81,113,116,2024.07.24 21:48:40,2024.07.25 00:43:40,1721857720000,1721868220000,2024-07-24T18:48:40Z,2024-07-24T21:43:40Z,COMPLETE,,0.01000000,0.01000000,154.048,153.547,0E-8,0E-8,0E-8,0E-8,-0.28000000,3.26000000,2.98000000
BOSS19_P4B_SOURCE_BOUND_DEAL_V2,H3-C15-MAIN,USDJPY,16388,PERIOD_H4,990001,990001,990001,2,114,82,83,114,117,2024.07.26 11:32:40,2024.07.26 16:05:40,1721993560000,1722009940000,2024-07-26T08:32:40Z,2024-07-26T13:05:40Z,COMPLETE,,0.01000000,0.01000000,154.411,153.787,0E-8,0E-8,0E-8,0E-8,0E-8,4.06000000,4.06000000
BOSS19_P4B_SOURCE_BOUND_DEAL_V2,H3-C15-MAIN,USDJPY,16388,PERIOD_H4,990001,990001,990001,2,115,84,85,115,118,2024.07.30 09:15:40,2024.07.30 16:27:20,1722330940000,1722356840000,2024-07-30T06:15:40Z,2024-07-30T13:27:20Z,COMPLETE,,0.01000000,0.01000000,154.774,154.365,0E-8,0E-8,0E-8,0E-8,0E-8,2.65000000,2.65000000
BOSS19_P4B_SOURCE_BOUND_DEAL_V2,H3-C15-MAIN,USDJPY,16388,PERIOD_H4,990001,990001,990001,2,146,86,87,146,149,2024.08.20 08:24:40,2024.08.20 10:39:40,1724142280000,1724150380000,2024-08-20T05:24:40Z,2024-08-20T07:39:40Z,COMPLETE,,0.01000000,0.01000000,147.226,146.495,0E-8,0E-8,0E-8,0E-8,0E-8,4.99000000,4.99000000
BOSS19_P4B_SOURCE_BOUND_DEAL_V2,H3-C15-MAIN,USDJPY,16388,PERIOD_H4,990001,990001,990001,2,381,88,93,381,386,2024.09.20 09:53:40,2024.09.27 08:16:40,1726826020000,1727425000000,2024-09-20T06:53:40Z,2024-09-27T05:16:40Z,COMPLETE,,0.01000000,0.01000000,142.870,146.235,0E-8,0E-8,0E-8,0E-8,0.49000000,23.01000000,23.50000000
BOSS19_P4B_SOURCE_BOUND_DEAL_V2,H3-C15-MAIN,USDJPY,16388,PERIOD_H4,990001,990001,990001,2,382,89,92,382,385,2024.09.20 10:35:40,2024.09.27 08:16:40,1726828540000,1727425000000,2024-09-20T07:35:40Z,2024-09-27T05:16:40Z,COMPLETE,,0.01000000,0.01000000,143.406,146.235,0E-8,0E-8,0E-8,0E-8,0.49000000,19.35000000,19.84000000
BOSS19_P4B_SOURCE_BOUND_DEAL_V2,H3-C15-MAIN,USDJPY,16388,PERIOD_H4,990001,990001,990001,2,383,90,91,383,384,2024.09.20 12:59:40,2024.09.27 08:16:40,1726837180000,1727425000000,2024-09-20T09:59:40Z,2024-09-27T05:16:40Z,COMPLETE,,0.02000000,0.02000000,143.941,146.235,0E-8,0E-8,0E-8,0E-8,0.99000000,31.37000000,32.36000000
BOSS19_P4B_SOURCE_BOUND_DEAL_V2,H3-C15-MAIN,USDJPY,16388,PERIOD_H4,990001,990001,990001,2,399,94,99,399,404,2024.09.30 21:15:40,2024.10.03 04:06:40,1727730940000,1727928400000,2024-09-30T18:15:40Z,2024-10-03T01:06:40Z,COMPLETE,,0.01000000,0.01000000,143.686,147.200,0E-8,0E-8,0E-8,0E-8,0.35000000,23.87000000,24.22000000
BOSS19_P4B_SOURCE_BOUND_DEAL_V2,H3-C15-MAIN,USDJPY,16388,PERIOD_H4,990001,990001,990001,2,400,95,98,400,403,2024.10.01 06:37:40,2024.10.03 04:06:40,1727764660000,1727928400000,2024-10-01T03:37:40Z,2024-10-03T01:06:40Z,COMPLETE,,0.01000000,0.01000000,144.250,147.200,0E-8,0E-8,0E-8,0E-8,0.28000000,20.04000000,20.32000000
BOSS19_P4B_SOURCE_BOUND_DEAL_V2,H3-C15-MAIN,USDJPY,16388,PERIOD_H4,990001,990001,990001,2,401,96,97,401,402,2024.10.02 13:52:40,2024.10.03 04:06:40,1727877160000,1727928400000,2024-10-02T10:52:40Z,2024-10-03T01:06:40Z,COMPLETE,,0.02000000,0.02000000,144.814,147.200,0E-8,0E-8,0E-8,0E-8,0.42000000,32.42000000,32.84000000
BOSS19_P4B_SOURCE_BOUND_DEAL_V2,H3-C15-MAIN,USDJPY,16388,PERIOD_H4,990001,990001,990001,2,405,100,105,405,410,2024.10.04 15:30:40,2024.10.22 06:20:40,1728055840000,1729578040000,2024-10-04T12:30:40Z,2024-10-22T03:20:40Z,COMPLETE,,0.01000000,0.01000000,147.726,150.965,0E-8,0E-8,0E-8,0E-8,1.12000000,21.46000000,22.58000000
BOSS19_P4B_SOURCE_BOUND_DEAL_V2,H3-C15-MAIN,USDJPY,16388,PERIOD_H4,990001,990001,990001,2,406,101,104,406,409,2024.10.04 15:32:40,2024.10.22 06:20:40,1728055960000,1729578040000,2024-10-04T12:32:40Z,2024-10-22T03:20:40Z,COMPLETE,,0.01000000,0.01000000,148.284,150.965,0E-8,0E-8,0E-8,0E-8,1.12000000,17.76000000,18.88000000
BOSS19_P4B_SOURCE_BOUND_DEAL_V2,H3-C15-MAIN,USDJPY,16388,PERIOD_H4,990001,990001,990001,2,407,102,103,407,408,2024.10.04 19:15:40,2024.10.22 06:20:40,1728069340000,1729578040000,2024-10-04T16:15:40Z,2024-10-22T03:20:40Z,COMPLETE,,0.02000000,0.02000000,148.843,150.965,0E-8,0E-8,0E-8,0E-8,2.22000000,28.11000000,30.33000000
BOSS19_P4B_SOURCE_BOUND_DEAL_V2,H3-C15-MAIN,USDJPY,16388,PERIOD_H4,990001,990001,990001,2,411,106,111,411,416,2024.10.23 04:00:40,2024.11.06 14:26:40,1729656040000,1730903200000,2024-10-23T01:00:40Z,2024-11-06T12:26:40Z,COMPLETE,,0.01000000,0.01000000,151.483,154.413,0E-8,0E-8,0E-8,0E-8,0.96000000,18.98000000,19.94000000
BOSS19_P4B_SOURCE_BOUND_DEAL_V2,H3-C15-MAIN,USDJPY,16388,PERIOD_H4,990001,990001,990001,2,412,107,110,412,415,2024.10.23 07:39:40,2024.11.06 14:26:40,1729669180000,1730903200000,2024-10-23T04:39:40Z,2024-11-06T12:26:40Z,COMPLETE,,0.01000000,0.01000000,151.991,154.413,0E-8,0E-8,0E-8,0E-8,0.96000000,15.69000000,16.65000000
BOSS19_P4B_SOURCE_BOUND_DEAL_V2,H3-C15-MAIN,USDJPY,16388,PERIOD_H4,990001,990001,990001,2,413,108,109,413,414,2024.10.23 10:22:40,2024.11.06 14:26:40,1729678960000,1730903200000,2024-10-23T07:22:40Z,2024-11-06T12:26:40Z,COMPLETE,,0.02000000,0.02000000,152.499,154.413,0E-8,0E-8,0E-8,0E-8,1.88000000,24.79000000,26.67000000
BOSS19_P4B_SOURCE_BOUND_DEAL_V2,H3-C15-MAIN,USDJPY,16388,PERIOD_H4,990001,990001,990001,2,417,112,117,417,422,2024.11.12 19:13:40,2024.12.19 17:55:40,1731438820000,1734630940000,2024-11-12T17:13:40Z,2024-12-19T15:55:40Z,COMPLETE,,0.01000000,0.01000000,154.868,157.726,0E-8,0E-8,0E-8,0E-8,2.67000000,18.12000000,20.79000000
BOSS19_P4B_SOURCE_BOUND_DEAL_V2,H3-C15-MAIN,USDJPY,16388,PERIOD_H4,990001,990001,990001,2,418,113,116,418,421,2024.11.13 19:02:40,2024.12.19 17:55:40,1731524560000,1734630940000,2024-11-13T17:02:40Z,2024-12-19T15:55:40Z,COMPLETE,,0.01000000,0.01000000,155.322,157.726,0E-8,0E-8,0E-8,0E-8,2.60000000,15.24000000,17.84000000
BOSS19_P4B_SOURCE_BOUND_DEAL_V2,H3-C15-MAIN,USDJPY,16388,PERIOD_H4,990001,990001,990001,2,419,114,115,419,420,2024.11.14 02:51:40,2024.12.19 17:55:40,1731552700000,1734630940000,2024-11-14T00:51:40Z,2024-12-19T15:55:40Z,COMPLETE,,0.02000000,0.02000000,155.775,157.726,0E-8,0E-8,0E-8,0E-8,4.70000000,24.74000000,29.44000000
BOSS19_P4B_SOURCE_BOUND_DEAL_V2,H3-C15-MAIN,USDJPY,16388,PERIOD_H4,990001,990001,0,2,423,118,121,423,427,2025.01.07 02:33:20,2025.12.30 23:59:59,1736217200000,1767139199000,2025-01-07T00:33:20Z,2025-12-30T21:59:59Z,COMPLETE,,0.01000000,0.01000000,158.164,156.404,0E-8,0E-8,0E-8,0E-8,24.79000000,-11.25000000,13.54000000
BOSS19_P4B_SOURCE_BOUND_DEAL_V2,H3-C15-MAIN,USDJPY,16388,PERIOD_H4,990001,990001,0,2,424,119,120,424,426,2025.01.10 15:30:40,2025.12.30 23:59:59,1736523040000,1767139199000,2025-01-10T13:30:40Z,2025-12-30T21:59:59Z,COMPLETE,,0.01000000,0.01000000,158.618,156.404,0E-8,0E-8,0E-8,0E-8,24.48000000,-14.16000000,10.32000000
BOSS19_P4B_SOURCE_BOUND_DEAL_V2,H3-C15-BWD,USDJPY,16388,PERIOD_H4,990001,990001,990001,2,2,2,3,2,5,2020.01.02 12:08:40,2020.01.02 15:22:40,1577966920000,1577978560000,2020-01-02T10:08:40Z,2020-01-02T13:22:40Z,COMPLETE,,0.01000000,0.01000000,108.855,108.721,0E-8,0E-8,0E-8,0E-8,0E-8,1.23000000,1.23000000
BOSS19_P4B_SOURCE_BOUND_DEAL_V2,H3-C15-BWD,USDJPY,16388,PERIOD_H4,990001,990001,990001,2,3,4,7,3,7,2020.01.08 18:42:40,2020.01.27 01:07:40,1578508960000,1580087260000,2020-01-08T16:42:40Z,2020-01-26T23:07:40Z,COMPLETE,,0.01000000,0.01000000,108.981,108.832,0E-8,0E-8,0E-8,0E-8,-2.48000000,1.37000000,-1.11000000
BOSS19_P4B_SOURCE_BOUND_DEAL_V2,H3-C15-BWD,USDJPY,16388,PERIOD_H4,990001,990001,990001,2,4,5,6,4,6,2020.01.08 19:39:40,2020.01.27 00:07:20,1578512380000,1580083640000,2020-01-08T17:39:40Z,2020-01-26T22:07:20Z,COMPLETE,,0.01000000,0.01000000,109.106,108.962,0E-8,0E-8,0E-8,0E-8,-2.48000000,1.32000000,-1.16000000
BOSS19_P4B_SOURCE_BOUND_DEAL_V2,H3-C15-BWD,USDJPY,16388,PERIOD_H4,990001,990001,990001,2,8,8,11,8,12,2020.01.27 02:23:40,2020.01.28 02:58:40,1580091820000,1580180320000,2020-01-27T00:23:40Z,2020-01-28T00:58:40Z,COMPLETE,,0.01000000,0.01000000,108.971,108.833,0E-8,0E-8,0E-8,0E-8,-0.13000000,1.27000000,1.14000000
BOSS19_P4B_SOURCE_BOUND_DEAL_V2,H3-C15-BWD,USDJPY,16388,PERIOD_H4,990001,990001,990001,2,9,9,10,9,11,2020.01.27 06:46:40,2020.01.27 11:03:40,1580107600000,1580123020000,2020-01-27T04:46:40Z,2020-01-27T09:03:40Z,COMPLETE,,0.01000000,0.01000000,109.113,108.967,0E-8,0E-8,0E-8,0E-8,0E-8,1.34000000,1.34000000
BOSS19_P4B_SOURCE_BOUND_DEAL_V2,H3-C15-BWD,USDJPY,16388,PERIOD_H4,990001,990001,990001,2,10,12,13,10,13,2020.01.29 00:51:40,2020.01.29 01:05:40,1580259100000,1580259940000,2020-01-28T22:51:40Z,2020-01-28T23:05:40Z,COMPLETE,,0.01000000,0.01000000,109.254,109.112,0E-8,0E-8,0E-8,0E-8,0E-8,1.30000000,1.30000000
BOSS19_P4B_SOURCE_BOUND_DEAL_V2,H3-C15-BWD,USDJPY,16388,PERIOD_H4,990001,990001,990001,2,14,14,15,14,17,2020.01.29 21:00:40,2020.01.29 21:53:40,1580331640000,1580334820000,2020-01-29T19:00:40Z,2020-01-29T19:53:40Z,COMPLETE,,0.01000000,0.01000000,109.239,109.081,0E-8,0E-8,0E-8,0E-8,0E-8,1.45000000,1.45000000
BOSS19_P4B_SOURCE_BOUND_DEAL_V2,H3-C15-BWD,USDJPY,16388,PERIOD_H4,990001,990001,990001,2,15,16,19,15,19,2020.02.04 18:26:40,2020.02.28 05:07:40,1580840800000,1582866460000,2020-02-04T16:26:40Z,2020-02-28T03:07:40Z,COMPLETE,,0.01000000,0.01000000,109.372,109.192,0E-8,0E-8,0E-8,0E-8,-3.38000000,1.65000000,-1.73000000
BOSS19_P4B_SOURCE_BOUND_DEAL_V2,H3-C15-BWD,USDJPY,16388,PERIOD_H4,990001,990001,990001,2,16,17,18,16,18,2020.02.04 20:38:40,2020.02.05 09:13:40,1580848720000,1580894020000,2020-02-04T18:38:40Z,2020-02-05T07:13:40Z,COMPLETE,,0.01000000,0.01000000,109.505,109.341,0E-8,0E-8,0E-8,0E-8,-0.13000000,1.50000000,1.37000000
BOSS19_P4B_SOURCE_BOUND_DEAL_V2,H3-C15-BWD,USDJPY,16388,PERIOD_H4,990001,990001,990001,2,23,20,21,23,26,2020.03.17 04:15:40,2020.03.19 05:08:40,1584418540000,1584594520000,2020-03-17T01:15:40Z,2020-03-19T02:08:40Z,COMPLETE,,0.01000000,0.01000000,106.969,109.157,0E-8,0E-8,0E-8,0E-8,0.39000000,20.04000000,20.43000000
BOSS19_P4B_SOURCE_BOUND_DEAL_V2,H3-C15-BWD,USDJPY,16388,PERIOD_H4,990001,990001,990001,2,27,22,27,27,32,2020.03.19 14:13:40,2021.06.23 13:03:40,1584627220000,1624453420000,2020-03-19T11:13:40Z,2021-06-23T10:03:40Z,COMPLETE,,0.01000000,0.01000000,109.593,111.043,0E-8,0E-8,0E-8,0E-8,44.47000000,13.06000000,57.53000000
BOSS19_P4B_SOURCE_BOUND_DEAL_V2,H3-C15-BWD,USDJPY,16388,PERIOD_H4,990001,990001,990001,2,28,23,26,28,31,2020.03.19 17:00:40,2021.06.23 13:03:40,1584637240000,1624453420000,2020-03-19T14:00:40Z,2021-06-23T10:03:40Z,COMPLETE,,0.01000000,0.01000000,110.022,111.043,0E-8,0E-8,0E-8,0E-8,44.47000000,9.19000000,53.66000000
BOSS19_P4B_SOURCE_BOUND_DEAL_V2,H3-C15-BWD,USDJPY,16388,PERIOD_H4,990001,990001,990001,2,29,24,25,29,30,2020.03.19 21:11:40,2021.06.23 13:03:40,1584652300000,1624453420000,2020-03-19T18:11:40Z,2021-06-23T10:03:40Z,COMPLETE,,0.02000000,0.02000000,110.452,111.043,0E-8,0E-8,0E-8,0E-8,88.47000000,10.64000000,99.11000000
BOSS19_P4B_SOURCE_BOUND_DEAL_V2,H3-C15-BWD,USDJPY,16388,PERIOD_H4,990001,990001,990001,2,33,28,33,33,38,2021.07.01 09:46:40,2021.10.08 20:13:40,1625132800000,1633724020000,2021-07-01T06:46:40Z,2021-10-08T17:13:40Z,COMPLETE,,0.01000000,0.01000000,111.205,112.240,0E-8,0E-8,0E-8,0E-8,9.05000000,9.22000000,18.27000000
BOSS19_P4B_SOURCE_BOUND_DEAL_V2,H3-C15-BWD,USDJPY,16388,PERIOD_H4,990001,990001,990001,2,34,29,32,34,37,2021.07.01 11:08:40,2021.10.08 20:13:40,1625137720000,1633724020000,2021-07-01T08:08:40Z,2021-10-08T17:13:40Z,COMPLETE,,0.01000000,0.01000000,111.374,112.240,0E-8,0E-8,0E-8,0E-8,9.05000000,7.72000000,16.77000000
BOSS19_P4B_SOURCE_BOUND_DEAL_V2,H3-C15-BWD,USDJPY,16388,PERIOD_H4,990001,990001,990001,2,35,30,31,35,36,2021.07.01 13:02:40,2021.10.08 20:13:40,1625144560000,1633724020000,2021-07-01T10:02:40Z,2021-10-08T17:13:40Z,COMPLETE,,0.02000000,0.02000000,111.544,112.240,0E-8,0E-8,0E-8,0E-8,18.59000000,12.40000000,30.99000000
BOSS19_P4B_SOURCE_BOUND_DEAL_V2,H3-C15-BWD,USDJPY,16388,PERIOD_H4,990001,990001,990001,2,39,34,39,39,44,2021.10.11 04:31:20,2021.10.12 15:27:40,1633926680000,1634052460000,2021-10-11T01:31:20Z,2021-10-12T12:27:40Z,COMPLETE,,0.01000000,0.01000000,112.413,113.512,0E-8,0E-8,0E-8,0E-8,0.09000000,9.68000000,9.77000000
BOSS19_P4B_SOURCE_BOUND_DEAL_V2,H3-C15-BWD,USDJPY,16388,PERIOD_H4,990001,990001,990001,2,40,35,38,40,43,2021.10.11 06:07:40,2021.10.12 15:27:40,1633932460000,1634052460000,2021-10-11T03:07:40Z,2021-10-12T12:27:40Z,COMPLETE,,0.01000000,0.01000000,112.576,113.512,0E-8,0E-8,0E-8,0E-8,0.09000000,8.25000000,8.34000000
BOSS19_P4B_SOURCE_BOUND_DEAL_V2,H3-C15-BWD,USDJPY,16388,PERIOD_H4,990001,990001,990001,2,41,36,37,41,42,2021.10.11 08:46:40,2021.10.12 15:27:40,1633942000000,1634052460000,2021-10-11T05:46:40Z,2021-10-12T12:27:40Z,COMPLETE,,0.02000000,0.02000000,112.740,113.512,0E-8,0E-8,0E-8,0E-8,0.18000000,13.60000000,13.78000000
BOSS19_P4B_SOURCE_BOUND_DEAL_V2,H3-C15-BWD,USDJPY,16388,PERIOD_H4,990001,990001,990001,2,45,40,45,45,50,2021.10.12 15:37:40,2021.11.17 01:17:40,1634053060000,1637111860000,2021-10-12T12:37:40Z,2021-11-16T23:17:40Z,COMPLETE,,0.01000000,0.01000000,113.698,114.922,0E-8,0E-8,0E-8,0E-8,3.24000000,10.65000000,13.89000000
BOSS19_P4B_SOURCE_BOUND_DEAL_V2,H3-C15-BWD,USDJPY,16388,PERIOD_H4,990001,990001,990001,2,46,41,44,46,49,2021.10.15 02:36:40,2021.11.17 01:17:40,1634265400000,1637111860000,2021-10-14T23:36:40Z,2021-11-16T23:17:40Z,COMPLETE,,0.01000000,0.01000000,113.875,114.922,0E-8,0E-8,0E-8,0E-8,2.79000000,9.11000000,11.90000000
BOSS19_P4B_SOURCE_BOUND_DEAL_V2,H3-C15-BWD,USDJPY,16388,PERIOD_H4,990001,990001,990001,2,47,42,43,47,48,2021.10.15 08:19:40,2021.11.17 01:17:40,1634285980000,1637111860000,2021-10-15T05:19:40Z,2021-11-16T23:17:40Z,COMPLETE,,0.02000000,0.02000000,114.051,114.922,0E-8,0E-8,0E-8,0E-8,5.58000000,15.16000000,20.74000000
BOSS19_P4B_SOURCE_BOUND_DEAL_V2,H3-C15-BWD,USDJPY,16388,PERIOD_H4,990001,990001,990001,2,51,46,49,51,55,2021.11.23 05:13:40,2022.01.04 13:27:20,1637644420000,1641302840000,2021-11-23T03:13:40Z,2022-01-04T11:27:20Z,COMPLETE,,0.01000000,0.01000000,115.131,116.172,0E-8,0E-8,0E-8,0E-8,3.78000000,8.96000000,12.74000000
BOSS19_P4B_SOURCE_BOUND_DEAL_V2,H3-C15-BWD,USDJPY,16388,PERIOD_H4,990001,990001,990001,2,52,47,48,52,54,2021.11.24 16:10:40,2022.01.04 13:27:20,1637770240000,1641302840000,2021-11-24T14:10:40Z,2022-01-04T11:27:20Z,COMPLETE,,0.01000000,0.01000000,115.329,116.172,0E-8,0E-8,0E-8,0E-8,3.69000000,7.26000000,10.95000000
BOSS19_P4B_SOURCE_BOUND_DEAL_V2,H3-C15-BWD,USDJPY,16388,PERIOD_H4,990001,990001,990001,2,56,50,51,56,59,2022.01.04 14:23:40,2022.03.11 20:41:40,1641306220000,1647031300000,2022-01-04T12:23:40Z,2022-03-11T18:41:40Z,COMPLETE,,0.01000000,0.01000000,116.294,117.300,0E-8,0E-8,0E-8,0E-8,6.12000000,8.58000000,14.70000000
BOSS19_P4B_SOURCE_BOUND_DEAL_V2,H3-C15-BWD,USDJPY,16388,PERIOD_H4,990001,990001,990001,2,60,52,57,60,65,2022.03.14 01:31:40,2022.03.16 21:00:40,1647221500000,1647464440000,2022-03-13T22:31:40Z,2022-03-16T18:00:40Z,COMPLETE,,0.01000000,0.01000000,117.494,118.830,0E-8,0E-8,0E-8,0E-8,0.18000000,11.24000000,11.42000000
BOSS19_P4B_SOURCE_BOUND_DEAL_V2,H3-C15-BWD,USDJPY,16388,PERIOD_H4,990001,990001,990001,2,61,53,56,61,64,2022.03.14 04:40:40,2022.03.16 21:00:40,1647232840000,1647464440000,2022-03-14T01:40:40Z,2022-03-16T18:00:40Z,COMPLETE,,0.01000000,0.01000000,117.686,118.830,0E-8,0E-8,0E-8,0E-8,0.18000000,9.63000000,9.81000000
BOSS19_P4B_SOURCE_BOUND_DEAL_V2,H3-C15-BWD,USDJPY,16388,PERIOD_H4,990001,990001,990001,2,62,54,55,62,63,2022.03.14 05:44:40,2022.03.16 21:00:40,1647236680000,1647464440000,2022-03-14T02:44:40Z,2022-03-16T18:00:40Z,COMPLETE,,0.02000000,0.02000000,117.878,118.830,0E-8,0E-8,0E-8,0E-8,0.34000000,16.02000000,16.36000000
BOSS19_P4B_SOURCE_BOUND_DEAL_V2,H3-C15-BWD,USDJPY,16388,PERIOD_H4,990001,990001,990001,2,66,58,63,66,71,2022.03.16 21:14:40,2022.03.22 07:21:40,1647465280000,1647933700000,2022-03-16T18:14:40Z,2022-03-22T04:21:40Z,COMPLETE,,0.01000000,0.01000000,118.949,120.277,0E-8,0E-8,0E-8,0E-8,0.53000000,11.04000000,11.57000000
BOSS19_P4B_SOURCE_BOUND_DEAL_V2,H3-C15-BWD,USDJPY,16388,PERIOD_H4,990001,990001,990001,2,67,59,62,67,70,2022.03.18 15:50:40,2022.03.22 07:21:40,1647618640000,1647933700000,2022-03-18T12:50:40Z,2022-03-22T04:21:40Z,COMPLETE,,0.01000000,0.01000000,119.152,120.277,0E-8,0E-8,0E-8,0E-8,0.18000000,9.35000000,9.53000000
BOSS19_P4B_SOURCE_BOUND_DEAL_V2,H3-C15-BWD,USDJPY,16388,PERIOD_H4,990001,990001,990001,2,68,60,61,68,69,2022.03.18 16:12:40,2022.03.22 07:21:40,1647619960000,1647933700000,2022-03-18T13:12:40Z,2022-03-22T04:21:40Z,COMPLETE,,0.02000000,0.02000000,119.354,120.277,0E-8,0E-8,0E-8,0E-8,0.34000000,15.35000000,15.69000000
BOSS19_P4B_SOURCE_BOUND_DEAL_V2,H3-C15-BWD,USDJPY,16388,PERIOD_H4,990001,990001,990001,2,72,64,69,72,77,2022.03.22 09:47:40,2022.03.24 16:20:40,1647942460000,1648138840000,2022-03-22T06:47:40Z,2022-03-24T13:20:40Z,COMPLETE,,0.01000000,0.01000000,120.475,121.875,0E-8,0E-8,0E-8,0E-8,0.34000000,11.49000000,11.83000000
BOSS19_P4B_SOURCE_BOUND_DEAL_V2,H3-C15-BWD,USDJPY,16388,PERIOD_H4,990001,990001,990001,2,73,65,68,73,76,2022.03.22 12:41:40,2022.03.24 16:20:40,1647952900000,1648138840000,2022-03-22T09:41:40Z,2022-03-24T13:20:40Z,COMPLETE,,0.01000000,0.01000000,120.683,121.875,0E-8,0E-8,0E-8,0E-8,0.34000000,9.78000000,10.12000000
BOSS19_P4B_SOURCE_BOUND_DEAL_V2,H3-C15-BWD,USDJPY,16388,PERIOD_H4,990001,990001,990001,2,74,66,67,74,75,2022.03.22 13:05:40,2022.03.24 16:20:40,1647954340000,1648138840000,2022-03-22T10:05:40Z,2022-03-24T13:20:40Z,COMPLETE,,0.02000000,0.02000000,120.892,121.875,0E-8,0E-8,0E-8,0E-8,0.68000000,16.13000000,16.81000000
BOSS19_P4B_SOURCE_BOUND_DEAL_V2,H3-C15-BWD,USDJPY,16388,PERIOD_H4,990001,990001,990001,2,78,70,75,78,83,2022.03.24 18:52:40,2022.03.28 10:04:20,1648147960000,1648461860000,2022-03-24T15:52:40Z,2022-03-28T07:04:20Z,COMPLETE,,0.01000000,0.01000000,122.083,123.518,0E-8,0E-8,0E-8,0E-8,0.16000000,11.62000000,11.78000000
BOSS19_P4B_SOURCE_BOUND_DEAL_V2,H3-C15-BWD,USDJPY,16388,PERIOD_H4,990001,990001,990001,2,79,71,74,79,82,2022.03.24 19:35:40,2022.03.28 10:04:20,1648150540000,1648461860000,2022-03-24T16:35:40Z,2022-03-28T07:04:20Z,COMPLETE,,0.01000000,0.01000000,122.306,123.518,0E-8,0E-8,0E-8,0E-8,0.16000000,9.81000000,9.97000000
BOSS19_P4B_SOURCE_BOUND_DEAL_V2,H3-C15-BWD,USDJPY,16388,PERIOD_H4,990001,990001,990001,2,80,72,73,80,81,2022.03.28 04:13:40,2022.03.28 10:04:20,1648440820000,1648461860000,2022-03-28T01:13:40Z,2022-03-28T07:04:20Z,COMPLETE,,0.02000000,0.02000000,122.529,123.518,0E-8,0E-8,0E-8,0E-8,0E-8,16.01000000,16.01000000
BOSS19_P4B_SOURCE_BOUND_DEAL_V2,H3-C15-BWD,USDJPY,16388,PERIOD_H4,990001,990001,990001,2,84,76,81,84,89,2022.03.28 10:15:20,2022.04.11 13:48:40,1648462520000,1649684920000,2022-03-28T07:15:20Z,2022-04-11T10:48:40Z,COMPLETE,,0.01000000,0.01000000,123.701,125.535,0E-8,0E-8,0E-8,0E-8,1.14000000,14.61000000,15.75000000
BOSS19_P4B_SOURCE_BOUND_DEAL_V2,H3-C15-BWD,USDJPY,16388,PERIOD_H4,990001,990001,990001,2,85,77,80,85,88,2022.03.28 10:56:40,2022.04.11 13:48:40,1648465000000,1649684920000,2022-03-28T07:56:40Z,2022-04-11T10:48:40Z,COMPLETE,,0.01000000,0.01000000,123.931,125.535,0E-8,0E-8,0E-8,0E-8,1.14000000,12.78000000,13.92000000
BOSS19_P4B_SOURCE_BOUND_DEAL_V2,H3-C15-BWD,USDJPY,16388,PERIOD_H4,990001,990001,990001,2,86,78,79,86,87,2022.03.28 11:34:40,2022.04.11 13:48:40,1648467280000,1649684920000,2022-03-28T08:34:40Z,2022-04-11T10:48:40Z,COMPLETE,,0.02000000,0.02000000,124.161,125.535,0E-8,0E-8,0E-8,0E-8,2.37000000,21.89000000,24.26000000
BOSS19_P4B_SOURCE_BOUND_DEAL_V2,H3-C15-BWD,USDJPY,16388,PERIOD_H4,990001,990001,990001,2,90,82,87,90,95,2022.04.13 09:20:40,2022.04.19 06:27:20,1649841640000,1650349640000,2022-04-13T06:20:40Z,2022-04-19T03:27:20Z,COMPLETE,,0.01000000,0.01000000,125.849,127.869,0E-8,0E-8,0E-8,0E-8,0.49000000,15.80000000,16.29000000
BOSS19_P4B_SOURCE_BOUND_DEAL_V2,H3-C15-BWD,USDJPY,16388,PERIOD_H4,990001,990001,990001,2,91,83,86,91,94,2022.04.13 09:29:40,2022.04.19 06:27:20,1649842180000,1650349640000,2022-04-13T06:29:40Z,2022-04-19T03:27:20Z,COMPLETE,,0.01000000,0.01000000,126.156,127.869,0E-8,0E-8,0E-8,0E-8,0.49000000,13.40000000,13.89000000
BOSS19_P4B_SOURCE_BOUND_DEAL_V2,H3-C15-BWD,USDJPY,16388,PERIOD_H4,990001,990001,990001,2,92,84,85,92,93,2022.04.15 04:05:40,2022.04.19 06:27:20,1649995540000,1650349640000,2022-04-15T01:05:40Z,2022-04-19T03:27:20Z,COMPLETE,,0.02000000,0.02000000,126.462,127.869,0E-8,0E-8,0E-8,0E-8,0.32000000,22.01000000,22.33000000
BOSS19_P4B_SOURCE_BOUND_DEAL_V2,H3-C15-BWD,USDJPY,16388,PERIOD_H4,990001,990001,990001,2,96,88,93,96,101,2022.04.19 07:50:20,2022.04.28 09:55:40,1650354620000,1651139740000,2022-04-19T04:50:20Z,2022-04-28T06:55:40Z,COMPLETE,,0.01000000,0.01000000,128.170,130.470,0E-8,0E-8,0E-8,0E-8,0.88000000,17.63000000,18.51000000
BOSS19_P4B_SOURCE_BOUND_DEAL_V2,H3-C15-BWD,USDJPY,16388,PERIOD_H4,990001,990001,990001,2,97,89,92,97,100,2022.04.19 15:57:40,2022.04.28 09:55:40,1650383860000,1651139740000,2022-04-19T12:57:40Z,2022-04-28T06:55:40Z,COMPLETE,,0.01000000,0.01000000,128.496,130.470,0E-8,0E-8,0E-8,0E-8,0.88000000,15.13000000,16.01000000
BOSS19_P4B_SOURCE_BOUND_DEAL_V2,H3-C15-BWD,USDJPY,16388,PERIOD_H4,990001,990001,990001,2,98,90,91,98,99,2022.04.19 17:58:40,2022.04.28 09:55:40,1650391120000,1651139740000,2022-04-19T14:58:40Z,2022-04-28T06:55:40Z,COMPLETE,,0.02000000,0.02000000,128.821,130.470,0E-8,0E-8,0E-8,0E-8,1.76000000,25.28000000,27.04000000
BOSS19_P4B_SOURCE_BOUND_DEAL_V2,H3-C15-BWD,USDJPY,16388,PERIOD_H4,990001,990001,990001,2,102,94,97,102,106,2022.04.28 11:51:40,2022.06.07 09:03:40,1651146700000,1654592620000,2022-04-28T08:51:40Z,2022-06-07T06:03:40Z,COMPLETE,,0.01000000,0.01000000,130.827,132.975,0E-8,0E-8,0E-8,0E-8,3.04000000,16.15000000,19.19000000
BOSS19_P4B_SOURCE_BOUND_DEAL_V2,H3-C15-BWD,USDJPY,16388,PERIOD_H4,990001,990001,990001,2,103,95,96,103,105,2022.04.28 17:16:40,2022.06.07 09:03:40,1651166200000,1654592620000,2022-04-28T14:16:40Z,2022-06-07T06:03:40Z,COMPLETE,,0.01000000,0.01000000,131.204,132.975,0E-8,0E-8,0E-8,0E-8,3.04000000,13.32000000,16.36000000
BOSS19_P4B_SOURCE_BOUND_DEAL_V2,H3-C15-BWD,USDJPY,16388,PERIOD_H4,990001,990001,990001,2,107,98,103,107,112,2022.06.08 09:52:20,2022.06.21 14:35:40,1654681940000,1655822140000,2022-06-08T06:52:20Z,2022-06-21T11:35:40Z,COMPLETE,,0.01000000,0.01000000,133.361,136.026,0E-8,0E-8,0E-8,0E-8,1.02000000,19.59000000,20.61000000
BOSS19_P4B_SOURCE_BOUND_DEAL_V2,H3-C15-BWD,USDJPY,16388,PERIOD_H4,990001,990001,990001,2,108,99,102,108,111,2022.06.08 11:30:40,2022.06.21 14:35:40,1654687840000,1655822140000,2022-06-08T08:30:40Z,2022-06-21T11:35:40Z,COMPLETE,,0.01000000,0.01000000,133.751,136.026,0E-8,0E-8,0E-8,0E-8,1.02000000,16.72000000,17.74000000
BOSS19_P4B_SOURCE_BOUND_DEAL_V2,H3-C15-BWD,USDJPY,16388,PERIOD_H4,990001,990001,990001,2,109,100,101,109,110,2022.06.08 15:24:40,2022.06.21 14:35:40,1654701880000,1655822140000,2022-06-08T12:24:40Z,2022-06-21T11:35:40Z,COMPLETE,,0.02000000,0.02000000,134.140,136.026,0E-8,0E-8,0E-8,0E-8,1.98000000,27.73000000,29.71000000
BOSS19_P4B_SOURCE_BOUND_DEAL_V2,H3-C15-BWD,USDJPY,16388,PERIOD_H4,990001,990001,990001,2,113,104,109,113,118,2022.06.21 21:26:40,2022.07.14 10:57:40,1655846800000,1657796260000,2022-06-21T18:26:40Z,2022-07-14T07:57:40Z,COMPLETE,,0.01000000,0.01000000,136.464,139.167,0E-8,0E-8,0E-8,0E-8,1.94000000,19.42000000,21.36000000
BOSS19_P4B_SOURCE_BOUND_DEAL_V2,H3-C15-BWD,USDJPY,16388,PERIOD_H4,990001,990001,990001,2,114,105,108,114,117,2022.06.29 16:31:40,2022.07.14 10:57:40,1656520300000,1657796260000,2022-06-29T13:31:40Z,2022-07-14T07:57:40Z,COMPLETE,,0.01000000,0.01000000,136.892,139.167,0E-8,0E-8,0E-8,0E-8,1.31000000,16.35000000,17.66000000
BOSS19_P4B_SOURCE_BOUND_DEAL_V2,H3-C15-BWD,USDJPY,16388,PERIOD_H4,990001,990001,990001,2,115,106,107,115,116,2022.07.11 14:56:40,2022.07.14 10:57:40,1657551400000,1657796260000,2022-07-11T11:56:40Z,2022-07-14T07:57:40Z,COMPLETE,,0.02000000,0.02000000,137.320,139.167,0E-8,0E-8,0E-8,0E-8,0.75000000,26.54000000,27.29000000
BOSS19_P4B_SOURCE_BOUND_DEAL_V2,H3-C15-BWD,USDJPY,16388,PERIOD_H4,990001,990001,990001,2,131,110,111,131,134,2022.07.22 17:30:40,2022.08.29 04:31:20,1658511040000,1661747480000,2022-07-22T14:30:40Z,2022-08-29T01:31:20Z,COMPLETE,,0.01000000,0.01000000,136.178,138.477,0E-8,0E-8,0E-8,0E-8,2.79000000,16.60000000,19.39000000
BOSS19_P4B_SOURCE_BOUND_DEAL_V2,H3-C15-BWD,USDJPY,16388,PERIOD_H4,990001,990001,990001,2,135,112,117,135,140,2022.08.29 08:02:40,2022.09.06 11:21:40,1661760160000,1662463300000,2022-08-29T05:02:40Z,2022-09-06T08:21:40Z,COMPLETE,,0.01000000,0.01000000,138.926,141.750,0E-8,0E-8,0E-8,0E-8,0.57000000,19.92000000,20.49000000
BOSS19_P4B_SOURCE_BOUND_DEAL_V2,H3-C15-BWD,USDJPY,16388,PERIOD_H4,990001,990001,990001,2,136,113,116,136,139,2022.09.01 03:19:40,2022.09.06 11:21:40,1662002380000,1662463300000,2022-09-01T00:19:40Z,2022-09-06T08:21:40Z,COMPLETE,,0.01000000,0.01000000,139.386,141.750,0E-8,0E-8,0E-8,0E-8,0.21000000,16.68000000,16.89000000
BOSS19_P4B_SOURCE_BOUND_DEAL_V2,H3-C15-BWD,USDJPY,16388,PERIOD_H4,990001,990001,990001,2,137,114,115,137,138,2022.09.01 17:01:40,2022.09.06 11:21:40,1662051700000,1662463300000,2022-09-01T14:01:40Z,2022-09-06T08:21:40Z,COMPLETE,,0.02000000,0.02000000,139.845,141.750,0E-8,0E-8,0E-8,0E-8,0.45000000,26.88000000,27.33000000
BOSS19_P4B_SOURCE_BOUND_DEAL_V2,H3-C15-BWD,USDJPY,16388,PERIOD_H4,990001,990001,990001,2,141,118,123,141,146,2022.09.06 15:33:40,2022.09.22 05:51:40,1662478420000,1663825900000,2022-09-06T12:33:40Z,2022-09-22T02:51:40Z,COMPLETE,,0.01000000,0.01000000,142.199,144.937,0E-8,0E-8,0E-8,0E-8,1.27000000,18.89000000,20.16000000
BOSS19_P4B_SOURCE_BOUND_DEAL_V2,H3-C15-BWD,USDJPY,16388,PERIOD_H4,990001,990001,990001,2,142,119,122,142,145,2022.09.06 17:00:00,2022.09.22 05:51:40,1662483600000,1663825900000,2022-09-06T14:00:00Z,2022-09-22T02:51:40Z,COMPLETE,,0.01000000,0.01000000,142.649,144.937,0E-8,0E-8,0E-8,0E-8,1.27000000,15.79000000,17.06000000
BOSS19_P4B_SOURCE_BOUND_DEAL_V2,H3-C15-BWD,USDJPY,16388,PERIOD_H4,990001,990001,990001,2,143,120,121,143,144,2022.09.07 01:51:40,2022.09.22 05:51:40,1662515500000,1663825900000,2022-09-06T22:51:40Z,2022-09-22T02:51:40Z,COMPLETE,,0.02000000,0.02000000,143.098,144.937,0E-8,0E-8,0E-8,0E-8,2.41000000,25.38000000,27.79000000
BOSS19_P4B_SOURCE_BOUND_DEAL_V2,H3-C15-BWD,USDJPY,16388,PERIOD_H4,990001,990001,990001,2,147,124,127,147,151,2022.09.22 05:55:40,2022.10.14 11:58:40,1663826140000,1665748720000,2022-09-22T02:55:40Z,2022-10-14T08:58:40Z,COMPLETE,,0.01000000,0.01000000,145.349,147.733,0E-8,0E-8,0E-8,0E-8,1.54000000,16.14000000,17.68000000
BOSS19_P4B_SOURCE_BOUND_DEAL_V2,H3-C15-BWD,USDJPY,16388,PERIOD_H4,990001,990001,990001,2,148,125,126,148,150,2022.09.22 10:03:40,2022.10.14 11:58:40,1663841020000,1665748720000,2022-09-22T07:03:40Z,2022-10-14T08:58:40Z,COMPLETE,,0.01000000,0.01000000,145.778,147.733,0E-8,0E-8,0E-8,0E-8,1.54000000,13.23000000,14.77000000
BOSS19_P4B_SOURCE_BOUND_DEAL_V2,H3-C15-BWD,USDJPY,16388,PERIOD_H4,990001,990001,990001,2,152,128,133,152,157,2022.10.14 17:00:00,2022.10.21 11:15:40,1665766800000,1666350940000,2022-10-14T14:00:00Z,2022-10-21T08:15:40Z,COMPLETE,,0.01000000,0.01000000,148.093,150.676,0E-8,0E-8,0E-8,0E-8,0.49000000,17.14000000,17.63000000
BOSS19_P4B_SOURCE_BOUND_DEAL_V2,H3-C15-BWD,USDJPY,16388,PERIOD_H4,990001,990001,990001,2,153,129,132,153,156,2022.10.14 19:14:40,2022.10.21 11:15:40,1665774880000,1666350940000,2022-10-14T16:14:40Z,2022-10-21T08:15:40Z,COMPLETE,,0.01000000,0.01000000,148.525,150.676,0E-8,0E-8,0E-8,0E-8,0.49000000,14.28000000,14.77000000
BOSS19_P4B_SOURCE_BOUND_DEAL_V2,H3-C15-BWD,USDJPY,16388,PERIOD_H4,990001,990001,990001,2,154,130,131,154,155,2022.10.17 22:12:20,2022.10.21 11:15:40,1666044740000,1666350940000,2022-10-17T19:12:20Z,2022-10-21T08:15:40Z,COMPLETE,,0.02000000,0.02000000,148.956,150.676,0E-8,0E-8,0E-8,0E-8,0.83000000,22.83000000,23.66000000
BOSS19_P4B_SOURCE_BOUND_DEAL_V2,H3-C15-BWD,USDJPY,16388,PERIOD_H4,990001,990001,0,2,158,134,139,158,163,2022.10.21 13:29:40,2022.12.30 23:54:59,1666358980000,1672444499000,2022-10-21T10:29:40Z,2022-12-30T21:54:59Z,COMPLETE,,0.01000000,0.01000000,151.060,131.111,0E-8,0E-8,0E-8,0E-8,5.15000000,-152.15000000,-147.00000000
BOSS19_P4B_SOURCE_BOUND_DEAL_V2,H3-C15-BWD,USDJPY,16388,PERIOD_H4,990001,990001,0,2,159,135,138,159,162,2022.10.21 14:10:40,2022.12.30 23:54:59,1666361440000,1672444499000,2022-10-21T11:10:40Z,2022-12-30T21:54:59Z,COMPLETE,,0.01000000,0.01000000,151.466,131.111,0E-8,0E-8,0E-8,0E-8,5.15000000,-155.25000000,-150.10000000
BOSS19_P4B_SOURCE_BOUND_DEAL_V2,H3-C15-BWD,USDJPY,16388,PERIOD_H4,990001,990001,0,2,160,136,137,160,161,2022.10.21 15:32:40,2022.12.30 23:54:59,1666366360000,1672444499000,2022-10-21T12:32:40Z,2022-12-30T21:54:59Z,COMPLETE,,0.02000000,0.02000000,151.872,131.111,0E-8,0E-8,0E-8,0E-8,10.32000000,-316.69000000,-306.37000000
BOSS19_P4B_SOURCE_BOUND_DEAL_V2,H3-C16-MAIN,BTCUSD,15,PERIOD_M15,990001,990001,990001,2,2,2,3,2,5,2023.01.02 09:15:40,2023.01.09 15:44:20,1672650940000,1673279060000,2023-01-02T07:15:40Z,2023-01-09T13:44:20Z,COMPLETE,,0.01000000,0.01000000,16750.63,17269.34,0E-8,0E-8,0E-8,0E-8,-0.35000000,5.19000000,4.84000000
BOSS19_P4B_SOURCE_BOUND_DEAL_V2,H3-C16-MAIN,BTCUSD,15,PERIOD_M15,990001,990001,990001,2,6,4,5,6,9,2023.01.09 19:21:40,2023.01.12 01:33:40,1673292100000,1673487220000,2023-01-09T17:21:40Z,2023-01-11T23:33:40Z,COMPLETE,,0.01000000,0.01000000,17398.36,17931.21,0E-8,0E-8,0E-8,0E-8,-0.21000000,5.33000000,5.12000000
BOSS19_P4B_SOURCE_BOUND_DEAL_V2,H3-C16-MAIN,BTCUSD,15,PERIOD_M15,990001,990001,990001,2,10,6,11,10,15,2023.01.12 01:34:40,2023.01.12 19:37:40,1673487280000,1673552260000,2023-01-11T23:34:40Z,2023-01-12T17:37:40Z,COMPLETE,,0.01000000,0.01000000,18007.35,18720.20,0E-8,0E-8,0E-8,0E-8,0E-8,7.13000000,7.13000000
BOSS19_P4B_SOURCE_BOUND_DEAL_V2,H3-C16-MAIN,BTCUSD,15,PERIOD_M15,990001,990001,990001,2,11,7,10,11,14,2023.01.12 02:55:40,2023.01.12 19:37:40,1673492140000,1673552260000,2023-01-12T00:55:40Z,2023-01-12T17:37:40Z,COMPLETE,,0.01000000,0.01000000,18108.58,18720.20,0E-8,0E-8,0E-8,0E-8,0E-8,6.12000000,6.12000000
BOSS19_P4B_SOURCE_BOUND_DEAL_V2,H3-C16-MAIN,BTCUSD,15,PERIOD_M15,990001,990001,990001,2,12,8,9,12,13,2023.01.12 02:59:40,2023.01.12 19:37:40,1673492380000,1673552260000,2023-01-12T00:59:40Z,2023-01-12T17:37:40Z,COMPLETE,,0.02000000,0.02000000,18209.80,18720.20,0E-8,0E-8,0E-8,0E-8,0E-8,10.21000000,10.21000000
BOSS19_P4B_SOURCE_BOUND_DEAL_V2,H3-C16-MAIN,BTCUSD,15,PERIOD_M15,990001,990001,990001,2,16,12,17,16,21,2023.01.12 19:39:40,2023.01.13 23:26:40,1673552380000,1673652400000,2023-01-12T17:39:40Z,2023-01-13T21:26:40Z,COMPLETE,,0.01000000,0.01000000,18798.92,19497.25,0E-8,0E-8,0E-8,0E-8,-0.08000000,6.98000000,6.90000000
BOSS19_P4B_SOURCE_BOUND_DEAL_V2,H3-C16-MAIN,BTCUSD,15,PERIOD_M15,990001,990001,990001,2,17,13,16,17,20,2023.01.12 20:00:40,2023.01.13 23:26:40,1673553640000,1673652400000,2023-01-12T18:00:40Z,2023-01-13T21:26:40Z,COMPLETE,,0.01000000,0.01000000,18900.15,19497.25,0E-8,0E-8,0E-8,0E-8,-0.08000000,5.97000000,5.89000000
BOSS19_P4B_SOURCE_BOUND_DEAL_V2,H3-C16-MAIN,BTCUSD,15,PERIOD_M15,990001,990001,990001,2,18,14,15,18,19,2023.01.12 21:48:20,2023.01.13 23:26:40,1673560100000,1673652400000,2023-01-12T19:48:20Z,2023-01-13T21:26:40Z,COMPLETE,,0.02000000,0.02000000,19001.37,19497.25,0E-8,0E-8,0E-8,0E-8,-0.16000000,9.92000000,9.76000000
BOSS19_P4B_SOURCE_BOUND_DEAL_V2,H3-C16-MAIN,BTCUSD,15,PERIOD_M15,990001,990001,990001,2,22,18,23,22,27,2023.01.13 23:37:40,2023.01.14 02:25:40,1673653060000,1673663140000,2023-01-13T21:37:40Z,2023-01-14T00:25:40Z,COMPLETE,,0.01000000,0.01000000,19627.10,20414.35,0E-8,0E-8,0E-8,0E-8,-0.08000000,7.87000000,7.79000000
BOSS19_P4B_SOURCE_BOUND_DEAL_V2,H3-C16-MAIN,BTCUSD,15,PERIOD_M15,990001,990001,990001,2,23,19,22,23,26,2023.01.13 23:38:40,2023.01.14 02:25:40,1673653120000,1673663140000,2023-01-13T21:38:40Z,2023-01-14T00:25:40Z,COMPLETE,,0.01000000,0.01000000,19741.46,20414.35,0E-8,0E-8,0E-8,0E-8,-0.08000000,6.73000000,6.65000000
BOSS19_P4B_SOURCE_BOUND_DEAL_V2,H3-C16-MAIN,BTCUSD,15,PERIOD_M15,990001,990001,990001,2,24,20,21,24,25,2023.01.13 23:38:40,2023.01.14 02:25:40,1673653120000,1673663140000,2023-01-13T21:38:40Z,2023-01-14T00:25:40Z,COMPLETE,,0.02000000,0.02000000,19855.81,20414.35,0E-8,0E-8,0E-8,0E-8,-0.17000000,11.17000000,11.00000000
BOSS19_P4B_SOURCE_BOUND_DEAL_V2,H3-C16-MAIN,BTCUSD,15,PERIOD_M15,990001,990001,990001,2,28,24,29,28,33,2023.01.14 02:37:40,2023.01.14 02:40:40,1673663860000,1673664040000,2023-01-14T00:37:40Z,2023-01-14T00:40:40Z,COMPLETE,,0.01000000,0.01000000,20529.74,21371.41,0E-8,0E-8,0E-8,0E-8,0E-8,8.42000000,8.42000000
BOSS19_P4B_SOURCE_BOUND_DEAL_V2,H3-C16-MAIN,BTCUSD,15,PERIOD_M15,990001,990001,990001,2,29,25,28,29,32,2023.01.14 02:38:40,2023.01.14 02:40:40,1673663920000,1673664040000,2023-01-14T00:38:40Z,2023-01-14T00:40:40Z,COMPLETE,,0.01000000,0.01000000,20654.82,21371.41,0E-8,0E-8,0E-8,0E-8,0E-8,7.17000000,7.17000000
BOSS19_P4B_SOURCE_BOUND_DEAL_V2,H3-C16-MAIN,BTCUSD,15,PERIOD_M15,990001,990001,990001,2,30,26,27,30,31,2023.01.14 02:38:40,2023.01.14 02:40:40,1673663920000,1673664040000,2023-01-14T00:38:40Z,2023-01-14T00:40:40Z,COMPLETE,,0.02000000,0.02000000,20779.89,21371.41,0E-8,0E-8,0E-8,0E-8,0E-8,11.83000000,11.83000000
BOSS19_P4B_SOURCE_BOUND_DEAL_V2,H3-C16-MAIN,BTCUSD,15,PERIOD_M15,990001,990001,990001,2,52,30,31,52,55,2023.01.15 15:40:40,2023.01.16 10:10:40,1673797240000,1673863840000,2023-01-15T13:40:40Z,2023-01-16T08:10:40Z,COMPLETE,,0.01000000,0.01000000,20815.78,20662.66,0E-8,0E-8,0E-8,0E-8,0E-8,1.53000000,1.53000000
BOSS19_P4B_SOURCE_BOUND_DEAL_V2,H3-C16-MAIN,BTCUSD,15,PERIOD_M15,990001,990001,990001,2,56,32,33,56,59,2023.01.16 10:13:20,2023.01.17 16:24:40,1673864000000,1673972680000,2023-01-16T08:13:20Z,2023-01-17T14:24:40Z,COMPLETE,,0.01000000,0.01000000,20824.44,21609.53,0E-8,0E-8,0E-8,0E-8,-0.09000000,7.85000000,7.76000000
BOSS19_P4B_SOURCE_BOUND_DEAL_V2,H3-C16-MAIN,BTCUSD,15,PERIOD_M15,990001,990001,990001,2,72,34,35,72,75,2023.01.18 04:44:40,2023.01.18 17:52:40,1674017080000,1674064360000,2023-01-18T02:44:40Z,2023-01-18T15:52:40Z,COMPLETE,,0.01000000,0.01000000,21294.19,21077.06,0E-8,0E-8,0E-8,0E-8,0E-8,2.17000000,2.17000000
BOSS19_P4B_SOURCE_BOUND_DEAL_V2,H3-C16-MAIN,BTCUSD,15,PERIOD_M15,990001,990001,990001,2,103,36,37,103,106,2023.01.18 19:11:40,2023.01.18 19:26:40,1674069100000,1674070000000,2023-01-18T17:11:40Z,2023-01-18T17:26:40Z,COMPLETE,,0.01000000,0.01000000,21012.48,20866.12,0E-8,0E-8,0E-8,0E-8,0E-8,1.46000000,1.46000000
BOSS19_P4B_SOURCE_BOUND_DEAL_V2,H3-C16-MAIN,BTCUSD,15,PERIOD_M15,990001,990001,990001,2,131,38,41,131,135,2023.01.19 21:16:40,2023.01.20 22:05:40,1674163000000,1674252340000,2023-01-19T19:16:40Z,2023-01-20T20:05:40Z,COMPLETE,,0.01000000,0.01000000,21060.73,21981.66,0E-8,0E-8,0E-8,0E-8,-0.09000000,9.21000000,9.12000000
BOSS19_P4B_SOURCE_BOUND_DEAL_V2,H3-C16-MAIN,BTCUSD,15,PERIOD_M15,990001,990001,990001,2,132,39,40,132,134,2023.01.20 04:32:40,2023.01.20 22:05:40,1674189160000,1674252340000,2023-01-20T02:32:40Z,2023-01-20T20:05:40Z,COMPLETE,,0.01000000,0.01000000,21209.72,21981.66,0E-8,0E-8,0E-8,0E-8,0E-8,7.72000000,7.72000000
BOSS19_P4B_SOURCE_BOUND_DEAL_V2,H3-C16-MAIN,BTCUSD,15,PERIOD_M15,990001,990001,990001,2,136,42,47,136,141,2023.01.20 22:38:40,2023.01.21 11:58:40,1674254320000,1674302320000,2023-01-20T20:38:40Z,2023-01-21T09:58:40Z,COMPLETE,,0.01000000,0.01000000,22071.84,23094.98,0E-8,0E-8,0E-8,0E-8,-0.10000000,10.23000000,10.13000000
BOSS19_P4B_SOURCE_BOUND_DEAL_V2,H3-C16-MAIN,BTCUSD,15,PERIOD_M15,990001,990001,990001,2,137,43,46,137,140,2023.01.20 22:38:40,2023.01.21 11:58:40,1674254320000,1674302320000,2023-01-20T20:38:40Z,2023-01-21T09:58:40Z,COMPLETE,,0.01000000,0.01000000,22218.52,23094.98,0E-8,0E-8,0E-8,0E-8,-0.10000000,8.76000000,8.66000000
BOSS19_P4B_SOURCE_BOUND_DEAL_V2,H3-C16-MAIN,BTCUSD,15,PERIOD_M15,990001,990001,990001,2,138,44,45,138,139,2023.01.20 22:54:40,2023.01.21 11:58:40,1674255280000,1674302320000,2023-01-20T20:54:40Z,2023-01-21T09:58:40Z,COMPLETE,,0.02000000,0.02000000,22365.19,23094.98,0E-8,0E-8,0E-8,0E-8,-0.19000000,14.60000000,14.41000000
BOSS19_P4B_SOURCE_BOUND_DEAL_V2,H3-C16-MAIN,BTCUSD,15,PERIOD_M15,990001,990001,990001,2,142,48,49,142,145,2023.01.21 17:29:40,2023.02.16 02:11:40,1674322180000,1676513500000,2023-01-21T15:29:40Z,2023-02-16T00:11:40Z,COMPLETE,,0.01000000,0.01000000,23212.41,24576.10,0E-8,0E-8,0E-8,0E-8,-1.76000000,13.64000000,11.88000000
BOSS19_P4B_SOURCE_BOUND_DEAL_V2,H3-C16-MAIN,BTCUSD,15,PERIOD_M15,990001,990001,990001,2,146,50,53,146,150,2023.02.16 02:16:40,2023.03.14 16:02:40,1676513800000,1678809760000,2023-02-16T00:16:40Z,2023-03-14T13:02:40Z,COMPLETE,,0.01000000,0.01000000,24799.44,26463.65,0E-8,0E-8,0E-8,0E-8,-1.76000000,16.64000000,14.88000000
BOSS19_P4B_SOURCE_BOUND_DEAL_V2,H3-C16-MAIN,BTCUSD,15,PERIOD_M15,990001,990001,990001,2,147,51,52,147,149,2023.02.16 17:59:40,2023.03.14 16:02:40,1676570380000,1678809760000,2023-02-16T15:59:40Z,2023-03-14T13:02:40Z,COMPLETE,,0.01000000,0.01000000,25054.99,26463.65,0E-8,0E-8,0E-8,0E-8,-1.76000000,14.09000000,12.33000000
BOSS19_P4B_SOURCE_BOUND_DEAL_V2,H3-C16-MAIN,BTCUSD,15,PERIOD_M15,990001,990001,990001,2,154,54,55,154,157,2023.03.15 04:02:40,2023.03.15 13:28:40,1678852960000,1678886920000,2023-03-15T01:02:40Z,2023-03-15T10:28:40Z,COMPLETE,,0.01000000,0.01000000,24916.66,24540.08,0E-8,0E-8,0E-8,0E-8,0E-8,3.77000000,3.77000000
BOSS19_P4B_SOURCE_BOUND_DEAL_V2,H3-C16-MAIN,BTCUSD,15,PERIOD_M15,990001,990001,990001,2,155,56,57,155,158,2023.03.15 15:31:40,2023.03.15 15:37:40,1678894300000,1678894660000,2023-03-15T12:31:40Z,2023-03-15T12:37:40Z,COMPLETE,,0.01000000,0.01000000,25218.73,24882.19,0E-8,0E-8,0E-8,0E-8,0E-8,3.37000000,3.37000000
BOSS19_P4B_SOURCE_BOUND_DEAL_V2,H3-C16-MAIN,BTCUSD,15,PERIOD_M15,990001,990001,990001,2,225,58,63,225,230,2023.03.16 13:31:40,2023.03.18 01:00:00,1678973500000,1679101200000,2023-03-16T10:31:40Z,2023-03-17T22:00:00Z,COMPLETE,,0.01000000,0.01000000,24992.19,27144.25,0E-8,0E-8,0E-8,0E-8,-0.22000000,21.52000000,21.30000000
BOSS19_P4B_SOURCE_BOUND_DEAL_V2,H3-C16-MAIN,BTCUSD,15,PERIOD_M15,990001,990001,990001,2,226,59,62,226,229,2023.03.17 04:29:40,2023.03.18 01:00:00,1679027380000,1679101200000,2023-03-17T01:29:40Z,2023-03-17T22:00:00Z,COMPLETE,,0.01000000,0.01000000,25324.28,27144.25,0E-8,0E-8,0E-8,0E-8,-0.11000000,18.20000000,18.09000000
BOSS19_P4B_SOURCE_BOUND_DEAL_V2,H3-C16-MAIN,BTCUSD,15,PERIOD_M15,990001,990001,990001,2,227,60,61,227,228,2023.03.17 04:52:40,2023.03.18 01:00:00,1679028760000,1679101200000,2023-03-17T01:52:40Z,2023-03-17T22:00:00Z,COMPLETE,,0.02000000,0.02000000,25656.38,27144.25,0E-8,0E-8,0E-8,0E-8,-0.23000000,29.76000000,29.53000000
BOSS19_P4B_SOURCE_BOUND_DEAL_V2,H3-C16-MAIN,BTCUSD,15,PERIOD_M15,990001,990001,990001,2,231,64,67,231,235,2023.03.18 01:29:40,2023.04.11 01:03:40,1679102980000,1681175020000,2023-03-17T22:29:40Z,2023-04-10T22:03:40Z,COMPLETE,,0.01000000,0.01000000,27506.46,29842.00,0E-8,0E-8,0E-8,0E-8,-1.92000000,23.36000000,21.44000000
BOSS19_P4B_SOURCE_BOUND_DEAL_V2,H3-C16-MAIN,BTCUSD,15,PERIOD_M15,990001,990001,990001,2,232,65,66,232,234,2023.03.18 01:45:40,2023.04.11 01:03:40,1679103940000,1681175020000,2023-03-17T22:45:40Z,2023-04-10T22:03:40Z,COMPLETE,,0.01000000,0.01000000,27841.04,29842.00,0E-8,0E-8,0E-8,0E-8,-1.92000000,20.01000000,18.09000000
BOSS19_P4B_SOURCE_BOUND_DEAL_V2,H3-C16-MAIN,BTCUSD,15,PERIOD_M15,990001,990001,990001,2,236,68,71,236,240,2023.04.11 04:52:40,2023.07.13 22:25:40,1681188760000,1689287140000,2023-04-11T01:52:40Z,2023-07-13T19:25:40Z,COMPLETE,,0.01000000,0.01000000,30069.48,31682.00,0E-8,0E-8,0E-8,0E-8,-8.09000000,16.13000000,8.04000000
BOSS19_P4B_SOURCE_BOUND_DEAL_V2,H3-C16-MAIN,BTCUSD,15,PERIOD_M15,990001,990001,990001,2,237,69,70,237,239,2023.04.11 05:09:40,2023.07.13 22:25:40,1681189780000,1689287140000,2023-04-11T02:09:40Z,2023-07-13T19:25:40Z,COMPLETE,,0.01000000,0.01000000,30448.36,31682.00,0E-8,0E-8,0E-8,0E-8,-8.09000000,12.34000000,4.25000000
BOSS19_P4B_SOURCE_BOUND_DEAL_V2,H3-C16-MAIN,BTCUSD,15,PERIOD_M15,990001,990001,990001,2,463,72,73,463,466,2023.07.20 10:27:40,2023.10.23 20:08:20,1689848860000,1698091700000,2023-07-20T07:27:40Z,2023-10-23T17:08:20Z,COMPLETE,,0.01000000,0.01000000,30243.13,31324.30,0E-8,0E-8,0E-8,0E-8,-7.84000000,10.81000000,2.97000000
BOSS19_P4B_SOURCE_BOUND_DEAL_V2,H3-C16-MAIN,BTCUSD,15,PERIOD_M15,990001,990001,990001,2,467,74,79,467,472,2023.10.23 23:07:20,2023.10.24 01:41:40,1698102440000,1698111700000,2023-10-23T20:07:20Z,2023-10-23T22:41:40Z,COMPLETE,,0.01000000,0.01000000,31485.09,33647.40,0E-8,0E-8,0E-8,0E-8,-0.13000000,21.62000000,21.49000000
BOSS19_P4B_SOURCE_BOUND_DEAL_V2,H3-C16-MAIN,BTCUSD,15,PERIOD_M15,990001,990001,990001,2,468,75,78,468,471,2023.10.23 23:19:40,2023.10.24 01:41:40,1698103180000,1698111700000,2023-10-23T20:19:40Z,2023-10-23T22:41:40Z,COMPLETE,,0.01000000,0.01000000,31699.68,33647.40,0E-8,0E-8,0E-8,0E-8,-0.13000000,19.48000000,19.35000000
BOSS19_P4B_SOURCE_BOUND_DEAL_V2,H3-C16-MAIN,BTCUSD,15,PERIOD_M15,990001,990001,990001,2,469,76,77,469,470,2023.10.24 01:13:20,2023.10.24 01:41:40,1698110000000,1698111700000,2023-10-23T22:13:20Z,2023-10-23T22:41:40Z,COMPLETE,,0.02000000,0.02000000,31914.27,33647.40,0E-8,0E-8,0E-8,0E-8,0E-8,34.66000000,34.66000000
BOSS19_P4B_SOURCE_BOUND_DEAL_V2,H3-C16-MAIN,BTCUSD,15,PERIOD_M15,990001,990001,990001,2,473,80,85,473,478,2023.10.24 01:42:40,2023.11.02 03:24:20,1698111760000,1698895460000,2023-10-23T22:42:40Z,2023-11-02T00:24:20Z,COMPLETE,,0.01000000,0.01000000,33886.92,35652.60,0E-8,0E-8,0E-8,0E-8,-1.03000000,17.66000000,16.63000000
BOSS19_P4B_SOURCE_BOUND_DEAL_V2,H3-C16-MAIN,BTCUSD,15,PERIOD_M15,990001,990001,990001,2,474,81,84,474,477,2023.10.24 01:42:40,2023.11.02 03:24:20,1698111760000,1698895460000,2023-10-23T22:42:40Z,2023-11-02T00:24:20Z,COMPLETE,,0.01000000,0.01000000,34121.44,35652.60,0E-8,0E-8,0E-8,0E-8,-1.03000000,15.31000000,14.28000000
BOSS19_P4B_SOURCE_BOUND_DEAL_V2,H3-C16-MAIN,BTCUSD,15,PERIOD_M15,990001,990001,990001,2,475,82,83,475,476,2023.10.24 01:42:40,2023.11.02 03:24:20,1698111760000,1698895460000,2023-10-23T22:42:40Z,2023-11-02T00:24:20Z,COMPLETE,,0.02000000,0.02000000,34355.96,35652.60,0E-8,0E-8,0E-8,0E-8,-2.06000000,25.93000000,23.87000000
BOSS19_P4B_SOURCE_BOUND_DEAL_V2,H3-C16-MAIN,BTCUSD,15,PERIOD_M15,990001,990001,990001,2,479,86,87,479,482,2023.11.02 05:47:40,2023.11.09 16:11:40,1698904060000,1699546300000,2023-11-02T02:47:40Z,2023-11-09T14:11:40Z,COMPLETE,,0.01000000,0.01000000,35904.16,37760.50,0E-8,0E-8,0E-8,0E-8,-0.75000000,18.56000000,17.81000000
BOSS19_P4B_SOURCE_BOUND_DEAL_V2,H3-C16-MAIN,BTCUSD,15,PERIOD_M15,990001,990001,990001,2,483,88,89,483,486,2023.11.09 16:52:40,2023.12.03 15:56:40,1699548760000,1701619000000,2023-11-09T14:52:40Z,2023-12-03T13:56:40Z,COMPLETE,,0.01000000,0.01000000,37970.94,39757.00,0E-8,0E-8,0E-8,0E-8,-2.71000000,17.86000000,15.15000000
BOSS19_P4B_SOURCE_BOUND_DEAL_V2,H3-C16-MAIN,BTCUSD,15,PERIOD_M15,990001,990001,990001,2,487,90,95,487,492,2023.12.04 00:33:40,2023.12.05 00:18:40,1701650020000,1701735520000,2023-12-03T22:33:40Z,2023-12-04T22:18:40Z,COMPLETE,,0.01000000,0.01000000,40100.56,42385.20,0E-8,0E-8,0E-8,0E-8,-0.18000000,22.85000000,22.67000000
BOSS19_P4B_SOURCE_BOUND_DEAL_V2,H3-C16-MAIN,BTCUSD,15,PERIOD_M15,990001,990001,990001,2,488,91,94,488,491,2023.12.04 03:22:40,2023.12.05 00:18:40,1701660160000,1701735520000,2023-12-04T01:22:40Z,2023-12-04T22:18:40Z,COMPLETE,,0.01000000,0.01000000,40445.73,42385.20,0E-8,0E-8,0E-8,0E-8,-0.18000000,19.39000000,19.21000000
BOSS19_P4B_SOURCE_BOUND_DEAL_V2,H3-C16-MAIN,BTCUSD,15,PERIOD_M15,990001,990001,990001,2,489,92,93,489,490,2023.12.04 03:25:40,2023.12.05 00:18:40,1701660340000,1701735520000,2023-12-04T01:25:40Z,2023-12-04T22:18:40Z,COMPLETE,,0.02000000,0.02000000,40790.89,42385.20,0E-8,0E-8,0E-8,0E-8,-0.36000000,31.89000000,31.53000000
BOSS19_P4B_SOURCE_BOUND_DEAL_V2,H3-C16-MAIN,BTCUSD,15,PERIOD_M15,990001,990001,990001,2,517,96,101,517,522,2023.12.05 16:35:40,2023.12.08 23:23:40,1701794140000,1702077820000,2023-12-05T14:35:40Z,2023-12-08T21:23:40Z,COMPLETE,,0.01000000,0.01000000,42182.56,44630.40,0E-8,0E-8,0E-8,0E-8,-0.56000000,24.48000000,23.92000000
BOSS19_P4B_SOURCE_BOUND_DEAL_V2,H3-C16-MAIN,BTCUSD,15,PERIOD_M15,990001,990001,990001,2,518,97,100,518,521,2023.12.05 18:40:40,2023.12.08 23:23:40,1701801640000,1702077820000,2023-12-05T16:40:40Z,2023-12-08T21:23:40Z,COMPLETE,,0.01000000,0.01000000,42545.02,44630.40,0E-8,0E-8,0E-8,0E-8,-0.56000000,20.85000000,20.29000000
BOSS19_P4B_SOURCE_BOUND_DEAL_V2,H3-C16-MAIN,BTCUSD,15,PERIOD_M15,990001,990001,990001,2,519,98,99,519,520,2023.12.05 19:03:40,2023.12.08 23:23:40,1701803020000,1702077820000,2023-12-05T17:03:40Z,2023-12-08T21:23:40Z,COMPLETE,,0.02000000,0.02000000,42907.48,44630.40,0E-8,0E-8,0E-8,0E-8,-1.11000000,34.46000000,33.35000000
BOSS19_P4B_SOURCE_BOUND_DEAL_V2,H3-C16-MAIN,BTCUSD,15,PERIOD_M15,990001,990001,990001,2,622,102,103,622,625,2023.12.12 09:46:40,2023.12.20 16:28:40,1702374400000,1703089720000,2023-12-12T07:46:40Z,2023-12-20T14:28:40Z,COMPLETE,,0.01000000,0.01000000,41921.61,44122.20,0E-8,0E-8,0E-8,0E-8,-1.07000000,22.01000000,20.94000000
BOSS19_P4B_SOURCE_BOUND_DEAL_V2,H3-C16-MAIN,BTCUSD,15,PERIOD_M15,990001,990001,990001,2,653,104,105,653,656,2023.12.21 12:53:40,2024.01.08 20:38:40,1703163220000,1704746320000,2023-12-21T10:53:40Z,2024-01-08T18:38:40Z,COMPLETE,,0.01000000,0.01000000,43991.32,46840.00,0E-8,0E-8,0E-8,0E-8,-2.22000000,28.49000000,26.27000000
BOSS19_P4B_SOURCE_BOUND_DEAL_V2,H3-C16-MAIN,BTCUSD,15,PERIOD_M15,990001,990001,990001,2,657,106,107,657,660,2024.01.08 21:12:40,2024.02.12 17:33:40,1704748360000,1707759220000,2024-01-08T19:12:40Z,2024-02-12T15:33:40Z,COMPLETE,,0.01000000,0.01000000,47192.41,49441.40,0E-8,0E-8,0E-8,0E-8,-4.57000000,22.49000000,17.92000000
BOSS19_P4B_SOURCE_BOUND_DEAL_V2,H3-C16-MAIN,BTCUSD,15,PERIOD_M15,990001,990001,990001,2,661,108,111,661,665,2024.02.12 17:54:40,2024.02.15 02:23:40,1707760480000,1707963820000,2024-02-12T15:54:40Z,2024-02-15T00:23:40Z,COMPLETE,,0.01000000,0.01000000,49857.46,52439.50,0E-8,0E-8,0E-8,0E-8,-0.64000000,25.82000000,25.18000000
BOSS19_P4B_SOURCE_BOUND_DEAL_V2,H3-C16-MAIN,BTCUSD,15,PERIOD_M15,990001,990001,990001,2,662,109,110,662,664,2024.02.12 19:31:40,2024.02.15 02:23:40,1707766300000,1707963820000,2024-02-12T17:31:40Z,2024-02-15T00:23:40Z,COMPLETE,,0.01000000,0.01000000,50258.52,52439.50,0E-8,0E-8,0E-8,0E-8,-0.64000000,21.81000000,21.17000000
BOSS19_P4B_SOURCE_BOUND_DEAL_V2,H3-C16-MAIN,BTCUSD,15,PERIOD_M15,990001,990001,990001,2,666,112,113,666,669,2024.02.15 16:33:40,2024.02.26 22:06:40,1708014820000,1708985200000,2024-02-15T14:33:40Z,2024-02-26T20:06:40Z,COMPLETE,,0.01000000,0.01000000,52790.35,54947.20,0E-8,0E-8,0E-8,0E-8,-1.54000000,21.57000000,20.03000000
BOSS19_P4B_SOURCE_BOUND_DEAL_V2,H3-C16-MAIN,BTCUSD,15,PERIOD_M15,990001,990001,990001,2,670,114,119,670,675,2024.02.27 03:48:40,2024.02.28 09:51:40,1709005720000,1709113900000,2024-02-27T01:48:40Z,2024-02-28T07:51:40Z,COMPLETE,,0.01000000,0.01000000,55329.93,58239.00,0E-8,0E-8,0E-8,0E-8,-0.24000000,29.09000000,28.85000000
BOSS19_P4B_SOURCE_BOUND_DEAL_V2,H3-C16-MAIN,BTCUSD,15,PERIOD_M15,990001,990001,990001,2,671,115,118,671,674,2024.02.27 03:56:40,2024.02.28 09:51:40,1709006200000,1709113900000,2024-02-27T01:56:40Z,2024-02-28T07:51:40Z,COMPLETE,,0.01000000,0.01000000,55748.06,58239.00,0E-8,0E-8,0E-8,0E-8,-0.24000000,24.91000000,24.67000000
BOSS19_P4B_SOURCE_BOUND_DEAL_V2,H3-C16-MAIN,BTCUSD,15,PERIOD_M15,990001,990001,990001,2,672,116,117,672,673,2024.02.27 04:06:40,2024.02.28 09:51:40,1709006800000,1709113900000,2024-02-27T02:06:40Z,2024-02-28T07:51:40Z,COMPLETE,,0.02000000,0.02000000,56166.19,58239.00,0E-8,0E-8,0E-8,0E-8,-0.48000000,41.46000000,40.98000000
BOSS19_P4B_SOURCE_BOUND_DEAL_V2,H3-C16-MAIN,BTCUSD,15,PERIOD_M15,990001,990001,990001,2,676,120,125,676,681,2024.02.28 10:04:20,2024.02.28 18:34:40,1709114660000,1709145280000,2024-02-28T08:04:20Z,2024-02-28T16:34:40Z,COMPLETE,,0.01000000,0.01000000,58724.73,61776.30,0E-8,0E-8,0E-8,0E-8,0E-8,30.52000000,30.52000000
BOSS19_P4B_SOURCE_BOUND_DEAL_V2,H3-C16-MAIN,BTCUSD,15,PERIOD_M15,990001,990001,990001,2,677,121,124,677,680,2024.02.28 10:53:40,2024.02.28 18:34:40,1709117620000,1709145280000,2024-02-28T08:53:40Z,2024-02-28T16:34:40Z,COMPLETE,,0.01000000,0.01000000,59195.46,61776.30,0E-8,0E-8,0E-8,0E-8,0E-8,25.81000000,25.81000000
BOSS19_P4B_SOURCE_BOUND_DEAL_V2,H3-C16-MAIN,BTCUSD,15,PERIOD_M15,990001,990001,990001,2,678,122,123,678,679,2024.02.28 15:06:40,2024.02.28 18:34:40,1709132800000,1709145280000,2024-02-28T13:06:40Z,2024-02-28T16:34:40Z,COMPLETE,,0.02000000,0.02000000,59666.18,61776.30,0E-8,0E-8,0E-8,0E-8,0E-8,42.20000000,42.20000000
BOSS19_P4B_SOURCE_BOUND_DEAL_V2,H3-C16-MAIN,BTCUSD,15,PERIOD_M15,990001,990001,990001,2,682,126,131,682,687,2024.02.28 18:56:40,2024.03.04 16:35:40,1709146600000,1709570140000,2024-02-28T16:56:40Z,2024-03-04T14:35:40Z,COMPLETE,,0.01000000,0.01000000,62250.43,65900.80,0E-8,0E-8,0E-8,0E-8,-0.79000000,36.50000000,35.71000000
BOSS19_P4B_SOURCE_BOUND_DEAL_V2,H3-C16-MAIN,BTCUSD,15,PERIOD_M15,990001,990001,990001,2,683,127,130,683,686,2024.02.28 19:04:40,2024.03.04 16:35:40,1709147080000,1709570140000,2024-02-28T17:04:40Z,2024-03-04T14:35:40Z,COMPLETE,,0.01000000,0.01000000,62721.16,65900.80,0E-8,0E-8,0E-8,0E-8,-0.79000000,31.80000000,31.01000000
BOSS19_P4B_SOURCE_BOUND_DEAL_V2,H3-C16-MAIN,BTCUSD,15,PERIOD_M15,990001,990001,990001,2,684,128,129,684,685,2024.02.28 19:12:40,2024.03.04 16:35:40,1709147560000,1709570140000,2024-02-28T17:12:40Z,2024-03-04T14:35:40Z,COMPLETE,,0.02000000,0.02000000,63191.88,65900.80,0E-8,0E-8,0E-8,0E-8,-1.57000000,54.18000000,52.61000000
BOSS19_P4B_SOURCE_BOUND_DEAL_V2,H3-C16-MAIN,BTCUSD,15,PERIOD_M15,990001,990001,990001,2,688,132,137,688,693,2024.03.04 16:56:40,2024.03.11 10:32:40,1709571400000,1710153160000,2024-03-04T14:56:40Z,2024-03-11T07:32:40Z,COMPLETE,,0.01000000,0.01000000,66378.73,71032.40,0E-8,0E-8,0E-8,0E-8,-1.42000000,46.54000000,45.12000000
BOSS19_P4B_SOURCE_BOUND_DEAL_V2,H3-C16-MAIN,BTCUSD,15,PERIOD_M15,990001,990001,990001,2,689,133,136,689,692,2024.03.04 19:17:40,2024.03.11 10:32:40,1709579860000,1710153160000,2024-03-04T17:17:40Z,2024-03-11T07:32:40Z,COMPLETE,,0.01000000,0.01000000,66946.96,71032.40,0E-8,0E-8,0E-8,0E-8,-1.42000000,40.85000000,39.43000000
BOSS19_P4B_SOURCE_BOUND_DEAL_V2,H3-C16-MAIN,BTCUSD,15,PERIOD_M15,990001,990001,990001,2,690,134,135,690,691,2024.03.04 19:32:20,2024.03.11 10:32:40,1709580740000,1710153160000,2024-03-04T17:32:20Z,2024-03-11T07:32:40Z,COMPLETE,,0.02000000,0.02000000,67515.18,71032.40,0E-8,0E-8,0E-8,0E-8,-2.83000000,70.34000000,67.51000000
BOSS19_P4B_SOURCE_BOUND_DEAL_V2,H3-C16-MAIN,BTCUSD,15,PERIOD_M15,990001,990001,990001,2,694,138,141,694,698,2024.03.11 12:31:20,2024.11.06 21:08:40,1710160280000,1730927320000,2024-03-11T09:31:20Z,2024-11-06T19:08:40Z,COMPLETE,,0.01000000,0.01000000,71713.84,75467.50,0E-8,0E-8,0E-8,0E-8,-47.06000000,37.54000000,-9.52000000
BOSS19_P4B_SOURCE_BOUND_DEAL_V2,H3-C16-MAIN,BTCUSD,15,PERIOD_M15,990001,990001,990001,2,695,139,140,695,697,2024.03.11 18:06:40,2024.11.06 21:08:40,1710180400000,1730927320000,2024-03-11T15:06:40Z,2024-11-06T19:08:40Z,COMPLETE,,0.01000000,0.01000000,72483.18,75467.50,0E-8,0E-8,0E-8,0E-8,-47.06000000,29.84000000,-17.22000000
BOSS19_P4B_SOURCE_BOUND_DEAL_V2,H3-C16-MAIN,BTCUSD,15,PERIOD_M15,990001,990001,990001,2,699,142,143,699,702,2024.11.06 22:11:40,2024.11.10 07:29:40,1730931100000,1731223780000,2024-11-06T20:11:40Z,2024-11-10T05:29:40Z,COMPLETE,,0.01000000,0.01000000,76124.89,79761.30,0E-8,0E-8,0E-8,0E-8,-0.97000000,36.36000000,35.39000000
BOSS19_P4B_SOURCE_BOUND_DEAL_V2,H3-C16-MAIN,BTCUSD,15,PERIOD_M15,990001,990001,990001,2,703,144,149,703,708,2024.11.10 19:38:40,2024.11.11 18:13:40,1731267520000,1731348820000,2024-11-10T17:38:40Z,2024-11-11T16:13:40Z,COMPLETE,,0.01000000,0.01000000,80413.23,84982.20,0E-8,0E-8,0E-8,0E-8,0E-8,45.69000000,45.69000000
BOSS19_P4B_SOURCE_BOUND_DEAL_V2,H3-C16-MAIN,BTCUSD,15,PERIOD_M15,990001,990001,990001,2,704,145,148,704,707,2024.11.10 20:27:40,2024.11.11 18:13:40,1731270460000,1731348820000,2024-11-10T18:27:40Z,2024-11-11T16:13:40Z,COMPLETE,,0.01000000,0.01000000,81127.75,84982.20,0E-8,0E-8,0E-8,0E-8,0E-8,38.54000000,38.54000000
BOSS19_P4B_SOURCE_BOUND_DEAL_V2,H3-C16-MAIN,BTCUSD,15,PERIOD_M15,990001,990001,990001,2,705,146,147,705,706,2024.11.11 05:50:40,2024.11.11 18:13:40,1731304240000,1731348820000,2024-11-11T03:50:40Z,2024-11-11T16:13:40Z,COMPLETE,,0.02000000,0.02000000,81842.28,84982.20,0E-8,0E-8,0E-8,0E-8,0E-8,62.80000000,62.80000000
BOSS19_P4B_SOURCE_BOUND_DEAL_V2,H3-C16-MAIN,BTCUSD,15,PERIOD_M15,990001,990001,990001,2,709,150,155,709,714,2024.11.11 20:49:40,2024.11.13 16:33:40,1731358180000,1731515620000,2024-11-11T18:49:40Z,2024-11-13T14:33:40Z,COMPLETE,,0.01000000,0.01000000,85675.23,91131.95,0E-8,0E-8,0E-8,0E-8,-0.75000000,54.57000000,53.82000000
BOSS19_P4B_SOURCE_BOUND_DEAL_V2,H3-C16-MAIN,BTCUSD,15,PERIOD_M15,990001,990001,990001,2,710,151,154,710,713,2024.11.11 21:06:40,2024.11.13 16:33:40,1731359200000,1731515620000,2024-11-11T19:06:40Z,2024-11-13T14:33:40Z,COMPLETE,,0.01000000,0.01000000,86399.26,91131.95,0E-8,0E-8,0E-8,0E-8,-0.75000000,47.33000000,46.58000000
BOSS19_P4B_SOURCE_BOUND_DEAL_V2,H3-C16-MAIN,BTCUSD,15,PERIOD_M15,990001,990001,990001,2,711,152,153,711,712,2024.11.11 22:11:40,2024.11.13 16:33:40,1731363100000,1731515620000,2024-11-11T20:11:40Z,2024-11-13T14:33:40Z,COMPLETE,,0.02000000,0.02000000,87123.29,91131.95,0E-8,0E-8,0E-8,0E-8,-1.50000000,80.17000000,78.67000000
BOSS19_P4B_SOURCE_BOUND_DEAL_V2,H3-C16-MAIN,BTCUSD,15,PERIOD_M15,990001,990001,990001,2,715,156,159,715,719,2024.11.13 17:23:40,2024.11.21 06:56:40,1731518620000,1732172200000,2024-11-13T15:23:40Z,2024-11-21T04:56:40Z,COMPLETE,,0.01000000,0.01000000,92037.43,97595.60,0E-8,0E-8,0E-8,0E-8,-2.33000000,55.58000000,53.25000000
BOSS19_P4B_SOURCE_BOUND_DEAL_V2,H3-C16-MAIN,BTCUSD,15,PERIOD_M15,990001,990001,990001,2,716,157,158,716,718,2024.11.13 17:56:20,2024.11.21 06:56:40,1731520580000,1732172200000,2024-11-13T15:56:20Z,2024-11-21T04:56:40Z,COMPLETE,,0.01000000,0.01000000,92872.01,97595.60,0E-8,0E-8,0E-8,0E-8,-2.33000000,47.24000000,44.91000000
BOSS19_P4B_SOURCE_BOUND_DEAL_V2,H3-C16-MAIN,BTCUSD,15,PERIOD_M15,990001,990001,990001,2,720,160,161,720,723,2024.11.21 21:10:40,2024.12.16 01:20:40,1732223440000,1734312040000,2024-11-21T19:10:40Z,2024-12-15T23:20:40Z,COMPLETE,,0.01000000,0.01000000,98606.18,104480.80,0E-8,0E-8,0E-8,0E-8,-7.07000000,58.75000000,51.68000000
BOSS19_P4B_SOURCE_BOUND_DEAL_V2,H3-C16-MAIN,BTCUSD,15,PERIOD_M15,990001,990001,990001,2,724,162,163,724,727,2024.12.16 02:30:40,2025.05.21 19:34:40,1734316240000,1747856080000,2024-12-16T00:30:40Z,2025-05-21T16:34:40Z,COMPLETE,,0.01000000,0.01000000,105506.10,109647.25,0E-8,0E-8,0E-8,0E-8,-44.55000000,41.41000000,-3.14000000
BOSS19_P4B_SOURCE_BOUND_DEAL_V2,H3-C16-MAIN,BTCUSD,15,PERIOD_M15,990001,990001,990001,2,728,164,167,728,732,2025.05.22 02:26:40,2025.07.11 00:17:40,1747880800000,1752193060000,2025-05-21T23:26:40Z,2025-07-10T21:17:40Z,COMPLETE,,0.01000000,0.01000000,110472.79,115037.93,0E-8,0E-8,0E-8,0E-8,-16.43000000,45.65000000,29.22000000
BOSS19_P4B_SOURCE_BOUND_DEAL_V2,H3-C16-MAIN,BTCUSD,15,PERIOD_M15,990001,990001,990001,2,729,165,166,729,731,2025.05.22 06:42:40,2025.07.11 00:17:40,1747896160000,1752193060000,2025-05-22T03:42:40Z,2025-07-10T21:17:40Z,COMPLETE,,0.01000000,0.01000000,111288.67,115037.93,0E-8,0E-8,0E-8,0E-8,-16.43000000,37.49000000,21.06000000
BOSS19_P4B_SOURCE_BOUND_DEAL_V2,H3-C16-MAIN,BTCUSD,15,PERIOD_M15,990001,990001,990001,2,733,168,173,733,738,2025.07.11 00:19:40,2025.07.14 06:42:40,1752193180000,1752475360000,2025-07-10T21:19:40Z,2025-07-14T03:42:40Z,COMPLETE,,0.01000000,0.01000000,115792.44,121073.03,0E-8,0E-8,0E-8,0E-8,-0.50000000,52.81000000,52.31000000
BOSS19_P4B_SOURCE_BOUND_DEAL_V2,H3-C16-MAIN,BTCUSD,15,PERIOD_M15,990001,990001,990001,2,734,169,172,734,737,2025.07.11 00:19:40,2025.07.14 06:42:40,1752193180000,1752475360000,2025-07-10T21:19:40Z,2025-07-14T03:42:40Z,COMPLETE,,0.01000000,0.01000000,116586.27,121073.03,0E-8,0E-8,0E-8,0E-8,-0.50000000,44.87000000,44.37000000
BOSS19_P4B_SOURCE_BOUND_DEAL_V2,H3-C16-MAIN,BTCUSD,15,PERIOD_M15,990001,990001,990001,2,735,170,171,735,736,2025.07.11 08:08:40,2025.07.14 06:42:40,1752221320000,1752475360000,2025-07-11T05:08:40Z,2025-07-14T03:42:40Z,COMPLETE,,0.02000000,0.02000000,117380.11,121073.03,0E-8,0E-8,0E-8,0E-8,-1.00000000,73.86000000,72.86000000
BOSS19_P4B_SOURCE_BOUND_DEAL_V2,H3-C16-MAIN,BTCUSD,15,PERIOD_M15,990001,990001,990001,2,739,174,179,739,744,2025.07.14 06:43:40,2025.10.06 21:56:40,1752475420000,1759787800000,2025-07-14T03:43:40Z,2025-10-06T18:56:40Z,COMPLETE,,0.01000000,0.01000000,121596.48,126244.04,0E-8,0E-8,0E-8,0E-8,-29.50000000,46.48000000,16.98000000
BOSS19_P4B_SOURCE_BOUND_DEAL_V2,H3-C16-MAIN,BTCUSD,15,PERIOD_M15,990001,990001,990001,2,740,175,178,740,743,2025.07.14 08:24:40,2025.10.06 21:56:40,1752481480000,1759787800000,2025-07-14T05:24:40Z,2025-10-06T18:56:40Z,COMPLETE,,0.01000000,0.01000000,122389.75,126244.04,0E-8,0E-8,0E-8,0E-8,-29.50000000,38.54000000,9.04000000
BOSS19_P4B_SOURCE_BOUND_DEAL_V2,H3-C16-MAIN,BTCUSD,15,PERIOD_M15,990001,990001,990001,2,741,176,177,741,742,2025.07.14 10:38:40,2025.10.06 21:56:40,1752489520000,1759787800000,2025-07-14T07:38:40Z,2025-10-06T18:56:40Z,COMPLETE,,0.02000000,0.02000000,123183.03,126244.04,0E-8,0E-8,0E-8,0E-8,-58.97000000,61.22000000,2.25000000
BOSS19_P4B_SOURCE_BOUND_DEAL_V2,H3-C16-MAIN,BTCUSD,15,PERIOD_M15,990001,990001,0,2,772,180,183,772,776,2025.10.08 17:02:20,2025.12.30 23:59:59,1759942940000,1767139199000,2025-10-08T14:02:20Z,2025-12-30T21:59:59Z,COMPLETE,,0.01000000,0.01000000,123409.02,88201.09,0E-8,0E-8,0E-8,0E-8,-24.70000000,-352.08000000,-376.78000000
BOSS19_P4B_SOURCE_BOUND_DEAL_V2,H3-C16-MAIN,BTCUSD,15,PERIOD_M15,990001,990001,0,2,773,181,182,773,775,2025.10.08 20:56:40,2025.12.30 23:59:59,1759957000000,1767139199000,2025-10-08T17:56:40Z,2025-12-30T21:59:59Z,COMPLETE,,0.01000000,0.01000000,124190.74,88201.09,0E-8,0E-8,0E-8,0E-8,-24.70000000,-359.90000000,-384.60000000
BOSS19_P4B_SOURCE_BOUND_DEAL_V2,H3-C16-BWD,BTCUSD,15,PERIOD_M15,990001,990001,990001,2,5,2,7,5,10,2020.01.03 18:13:40,2020.01.07 20:49:40,1578075220000,1578430180000,2020-01-03T16:13:40Z,2020-01-07T18:49:40Z,COMPLETE,,0.01000000,0.01000000,7385.01,8102.60,0E-8,0E-8,0E-8,0E-8,-0.06000000,7.18000000,7.12000000
BOSS19_P4B_SOURCE_BOUND_DEAL_V2,H3-C16-BWD,BTCUSD,15,PERIOD_M15,990001,990001,990001,2,6,3,6,6,9,2020.01.06 04:08:40,2020.01.07 20:49:40,1578283720000,1578430180000,2020-01-06T02:08:40Z,2020-01-07T18:49:40Z,COMPLETE,,0.01000000,0.01000000,7500.06,8102.60,0E-8,0E-8,0E-8,0E-8,-0.03000000,6.03000000,6.00000000
BOSS19_P4B_SOURCE_BOUND_DEAL_V2,H3-C16-BWD,BTCUSD,15,PERIOD_M15,990001,990001,990001,2,7,4,5,7,8,2020.01.06 15:53:40,2020.01.07 20:49:40,1578326020000,1578430180000,2020-01-06T13:53:40Z,2020-01-07T18:49:40Z,COMPLETE,,0.02000000,0.02000000,7615.11,8102.60,0E-8,0E-8,0E-8,0E-8,-0.06000000,9.75000000,9.69000000
BOSS19_P4B_SOURCE_BOUND_DEAL_V2,H3-C16-BWD,BTCUSD,15,PERIOD_M15,990001,990001,990001,2,11,8,11,11,15,2020.01.08 02:05:40,2020.01.15 01:32:40,1578449140000,1579051960000,2020-01-08T00:05:40Z,2020-01-14T23:32:40Z,COMPLETE,,0.01000000,0.01000000,8255.43,8858.73,0E-8,0E-8,0E-8,0E-8,-0.16000000,6.03000000,5.87000000
BOSS19_P4B_SOURCE_BOUND_DEAL_V2,H3-C16-BWD,BTCUSD,15,PERIOD_M15,990001,990001,990001,2,12,9,10,12,14,2020.01.08 02:12:40,2020.01.15 01:32:40,1578449560000,1579051960000,2020-01-08T00:12:40Z,2020-01-14T23:32:40Z,COMPLETE,,0.01000000,0.01000000,8370.15,8858.73,0E-8,0E-8,0E-8,0E-8,-0.16000000,4.89000000,4.73000000
BOSS19_P4B_SOURCE_BOUND_DEAL_V2,H3-C16-BWD,BTCUSD,15,PERIOD_M15,990001,990001,990001,2,19,12,13,19,22,2020.01.15 11:50:40,2020.01.20 00:16:40,1579089040000,1579479400000,2020-01-15T09:50:40Z,2020-01-19T22:16:40Z,COMPLETE,,0.01000000,0.01000000,8675.90,8518.40,0E-8,0E-8,0E-8,0E-8,0E-8,1.58000000,1.58000000
BOSS19_P4B_SOURCE_BOUND_DEAL_V2,H3-C16-BWD,BTCUSD,15,PERIOD_M15,990001,990001,990001,2,23,14,15,23,26,2020.01.20 00:26:40,2020.01.21 21:41:40,1579480000000,1579642900000,2020-01-19T22:26:40Z,2020-01-21T19:41:40Z,COMPLETE,,0.01000000,0.01000000,8627.56,8505.04,0E-8,0E-8,0E-8,0E-8,0E-8,1.23000000,1.23000000
BOSS19_P4B_SOURCE_BOUND_DEAL_V2,H3-C16-BWD,BTCUSD,15,PERIOD_M15,990001,990001,990001,2,27,16,17,27,30,2020.01.21 22:03:40,2020.01.23 07:34:20,1579644220000,1579764860000,2020-01-21T20:03:40Z,2020-01-23T05:34:20Z,COMPLETE,,0.01000000,0.01000000,8599.91,8496.16,0E-8,0E-8,0E-8,0E-8,0E-8,1.04000000,1.04000000
BOSS19_P4B_SOURCE_BOUND_DEAL_V2,H3-C16-BWD,BTCUSD,15,PERIOD_M15,990001,990001,990001,2,34,18,23,34,39,2020.01.24 18:00:40,2020.01.29 01:35:40,1579888840000,1580261740000,2020-01-24T16:00:40Z,2020-01-28T23:35:40Z,COMPLETE,,0.01000000,0.01000000,8523.19,9256.85,0E-8,0E-8,0E-8,0E-8,-0.12000000,7.34000000,7.22000000
BOSS19_P4B_SOURCE_BOUND_DEAL_V2,H3-C16-BWD,BTCUSD,15,PERIOD_M15,990001,990001,990001,2,35,19,22,35,38,2020.01.27 02:00:40,2020.01.29 01:35:40,1580090440000,1580261740000,2020-01-27T00:00:40Z,2020-01-28T23:35:40Z,COMPLETE,,0.01000000,0.01000000,8627.58,9256.85,0E-8,0E-8,0E-8,0E-8,-0.08000000,6.29000000,6.21000000
BOSS19_P4B_SOURCE_BOUND_DEAL_V2,H3-C16-BWD,BTCUSD,15,PERIOD_M15,990001,990001,990001,2,36,20,21,36,37,2020.01.27 13:53:40,2020.01.29 01:35:40,1580133220000,1580261740000,2020-01-27T11:53:40Z,2020-01-28T23:35:40Z,COMPLETE,,0.02000000,0.02000000,8731.98,9256.85,0E-8,0E-8,0E-8,0E-8,-0.16000000,10.50000000,10.34000000
BOSS19_P4B_SOURCE_BOUND_DEAL_V2,H3-C16-BWD,BTCUSD,15,PERIOD_M15,990001,990001,990001,2,40,24,25,40,43,2020.01.29 01:46:40,2020.02.10 00:01:00,1580262400000,1581292860000,2020-01-28T23:46:40Z,2020-02-09T22:01:00Z,COMPLETE,,0.01000000,0.01000000,9396.78,10059.02,0E-8,0E-8,0E-8,0E-8,-0.32000000,6.62000000,6.30000000
BOSS19_P4B_SOURCE_BOUND_DEAL_V2,H3-C16-BWD,BTCUSD,15,PERIOD_M15,990001,990001,990001,2,44,26,27,44,47,2020.02.10 02:02:40,2020.07.27 19:50:40,1581300160000,1595879440000,2020-02-10T00:02:40Z,2020-07-27T16:50:40Z,COMPLETE,,0.01000000,0.01000000,10204.38,10614.48,0E-8,0E-8,0E-8,0E-8,-4.38000000,4.10000000,-0.28000000
BOSS19_P4B_SOURCE_BOUND_DEAL_V2,H3-C16-BWD,BTCUSD,15,PERIOD_M15,990001,990001,990001,2,48,28,33,48,53,2020.07.27 19:54:40,2020.07.28 01:07:40,1595879680000,1595898460000,2020-07-27T16:54:40Z,2020-07-27T22:07:40Z,COMPLETE,,0.01000000,0.01000000,10697.53,11195.72,0E-8,0E-8,0E-8,0E-8,-0.05000000,4.98000000,4.93000000
BOSS19_P4B_SOURCE_BOUND_DEAL_V2,H3-C16-BWD,BTCUSD,15,PERIOD_M15,990001,990001,990001,2,49,29,32,49,52,2020.07.27 19:57:40,2020.07.28 01:07:40,1595879860000,1595898460000,2020-07-27T16:57:40Z,2020-07-27T22:07:40Z,COMPLETE,,0.01000000,0.01000000,10770.59,11195.72,0E-8,0E-8,0E-8,0E-8,-0.05000000,4.25000000,4.20000000
BOSS19_P4B_SOURCE_BOUND_DEAL_V2,H3-C16-BWD,BTCUSD,15,PERIOD_M15,990001,990001,990001,2,50,30,31,50,51,2020.07.27 20:01:40,2020.07.28 01:07:40,1595880100000,1595898460000,2020-07-27T17:01:40Z,2020-07-27T22:07:40Z,COMPLETE,,0.02000000,0.02000000,10843.64,11195.72,0E-8,0E-8,0E-8,0E-8,-0.09000000,7.04000000,6.95000000
BOSS19_P4B_SOURCE_BOUND_DEAL_V2,H3-C16-BWD,BTCUSD,15,PERIOD_M15,990001,990001,990001,2,54,34,37,54,58,2020.07.28 01:10:40,2020.08.06 16:33:40,1595898640000,1596731620000,2020-07-27T22:10:40Z,2020-08-06T13:33:40Z,COMPLETE,,0.01000000,0.01000000,11278.10,11816.00,0E-8,0E-8,0E-8,0E-8,-0.35000000,5.38000000,5.03000000
BOSS19_P4B_SOURCE_BOUND_DEAL_V2,H3-C16-BWD,BTCUSD,15,PERIOD_M15,990001,990001,990001,2,55,35,36,55,57,2020.07.28 01:11:40,2020.08.06 16:33:40,1595898700000,1596731620000,2020-07-27T22:11:40Z,2020-08-06T13:33:40Z,COMPLETE,,0.01000000,0.01000000,11358.58,11816.00,0E-8,0E-8,0E-8,0E-8,-0.35000000,4.57000000,4.22000000
BOSS19_P4B_SOURCE_BOUND_DEAL_V2,H3-C16-BWD,BTCUSD,15,PERIOD_M15,990001,990001,990001,2,59,38,39,59,62,2020.08.06 22:11:40,2020.10.21 15:58:20,1596751900000,1603295900000,2020-08-06T19:11:40Z,2020-10-21T12:58:20Z,COMPLETE,,0.01000000,0.01000000,11917.83,12450.24,0E-8,0E-8,0E-8,0E-8,-2.60000000,5.32000000,2.72000000
BOSS19_P4B_SOURCE_BOUND_DEAL_V2,H3-C16-BWD,BTCUSD,15,PERIOD_M15,990001,990001,990001,2,63,40,45,63,68,2020.10.21 17:20:40,2020.10.22 02:00:20,1603300840000,1603332020000,2020-10-21T14:20:40Z,2020-10-21T23:00:20Z,COMPLETE,,0.01000000,0.01000000,12550.30,13250.18,0E-8,0E-8,0E-8,0E-8,-0.05000000,7.00000000,6.95000000
BOSS19_P4B_SOURCE_BOUND_DEAL_V2,H3-C16-BWD,BTCUSD,15,PERIOD_M15,990001,990001,990001,2,64,41,44,64,67,2020.10.21 17:21:40,2020.10.22 02:00:20,1603300900000,1603332020000,2020-10-21T14:21:40Z,2020-10-21T23:00:20Z,COMPLETE,,0.01000000,0.01000000,12656.43,13250.18,0E-8,0E-8,0E-8,0E-8,-0.05000000,5.94000000,5.89000000
BOSS19_P4B_SOURCE_BOUND_DEAL_V2,H3-C16-BWD,BTCUSD,15,PERIOD_M15,990001,990001,990001,2,65,42,43,65,66,2020.10.21 17:22:40,2020.10.22 02:00:20,1603300960000,1603332020000,2020-10-21T14:22:40Z,2020-10-21T23:00:20Z,COMPLETE,,0.02000000,0.02000000,12762.55,13250.18,0E-8,0E-8,0E-8,0E-8,-0.11000000,9.75000000,9.64000000
BOSS19_P4B_SOURCE_BOUND_DEAL_V2,H3-C16-BWD,BTCUSD,15,PERIOD_M15,990001,990001,990001,2,87,46,47,87,90,2020.10.23 13:53:40,2020.10.23 19:13:40,1603461220000,1603480420000,2020-10-23T10:53:40Z,2020-10-23T16:13:40Z,COMPLETE,,0.01000000,0.01000000,13025.62,12892.04,0E-8,0E-8,0E-8,0E-8,0E-8,1.34000000,1.34000000
BOSS19_P4B_SOURCE_BOUND_DEAL_V2,H3-C16-BWD,BTCUSD,15,PERIOD_M15,990001,990001,990001,2,91,48,49,91,94,2020.10.26 00:03:00,2020.10.26 19:34:40,1603670580000,1603740880000,2020-10-25T21:03:00Z,2020-10-26T16:34:40Z,COMPLETE,,0.01000000,0.01000000,13006.16,12875.84,0E-8,0E-8,0E-8,0E-8,0E-8,1.30000000,1.30000000
BOSS19_P4B_SOURCE_BOUND_DEAL_V2,H3-C16-BWD,BTCUSD,15,PERIOD_M15,990001,990001,0,2,95,50,51,95,98,2020.10.26 22:56:40,2022.12.30 23:59:59,1603753000000,1672444799000,2020-10-26T19:56:40Z,2022-12-30T21:59:59Z,COMPLETE,,0.01000000,0.01000000,13005.93,16608.44,0E-8,0E-8,0E-8,0E-8,-2.92000000,-36.03000000,-38.95000000
BOSS19_P4B_SOURCE_BOUND_DEAL_V2,H3-C17-MAIN,BTCUSD,16385,PERIOD_H1,990001,990001,990001,2,5,2,5,5,9,2023.01.02 10:17:40,2023.01.09 20:08:40,1672654660000,1673294920000,2023-01-02T08:17:40Z,2023-01-09T18:08:40Z,COMPLETE,,0.01000000,0.01000000,16785.75,17368.74,0E-8,0E-8,0E-8,0E-8,-0.35000000,5.83000000,5.48000000
BOSS19_P4B_SOURCE_BOUND_DEAL_V2,H3-C17-MAIN,BTCUSD,16385,PERIOD_H1,990001,990001,990001,2,6,3,4,6,8,2023.01.04 06:00:40,2023.01.09 20:08:40,1672812040000,1673294920000,2023-01-04T04:00:40Z,2023-01-09T18:08:40Z,COMPLETE,,0.01000000,0.01000000,16903.59,17368.74,0E-8,0E-8,0E-8,0E-8,-0.21000000,4.65000000,4.44000000
BOSS19_P4B_SOURCE_BOUND_DEAL_V2,H3-C17-MAIN,BTCUSD,16385,PERIOD_H1,990001,990001,990001,2,10,6,11,10,15,2023.01.11 03:06:40,2023.01.12 02:55:40,1673406400000,1673492140000,2023-01-11T01:06:40Z,2023-01-12T00:55:40Z,COMPLETE,,0.01000000,0.01000000,17509.22,18177.41,0E-8,0E-8,0E-8,0E-8,-0.07000000,6.68000000,6.61000000
BOSS19_P4B_SOURCE_BOUND_DEAL_V2,H3-C17-MAIN,BTCUSD,16385,PERIOD_H1,990001,990001,990001,2,11,7,10,11,14,2023.01.12 01:27:40,2023.01.12 02:55:40,1673486860000,1673492140000,2023-01-11T23:27:40Z,2023-01-12T00:55:40Z,COMPLETE,,0.01000000,0.01000000,17611.69,18177.41,0E-8,0E-8,0E-8,0E-8,0E-8,5.66000000,5.66000000
BOSS19_P4B_SOURCE_BOUND_DEAL_V2,H3-C17-MAIN,BTCUSD,16385,PERIOD_H1,990001,990001,990001,2,12,8,9,12,13,2023.01.12 01:32:40,2023.01.12 02:55:40,1673487160000,1673492140000,2023-01-11T23:32:40Z,2023-01-12T00:55:40Z,COMPLETE,,0.02000000,0.02000000,17714.16,18177.41,0E-8,0E-8,0E-8,0E-8,0E-8,9.27000000,9.27000000
BOSS19_P4B_SOURCE_BOUND_DEAL_V2,H3-C17-MAIN,BTCUSD,16385,PERIOD_H1,990001,990001,990001,2,16,12,17,16,21,2023.01.12 02:59:40,2023.01.12 20:00:40,1673492380000,1673553640000,2023-01-12T00:59:40Z,2023-01-12T18:00:40Z,COMPLETE,,0.01000000,0.01000000,18261.58,18972.52,0E-8,0E-8,0E-8,0E-8,0E-8,7.11000000,7.11000000
BOSS19_P4B_SOURCE_BOUND_DEAL_V2,H3-C17-MAIN,BTCUSD,16385,PERIOD_H1,990001,990001,990001,2,17,13,16,17,20,2023.01.12 04:48:40,2023.01.12 20:00:40,1673498920000,1673553640000,2023-01-12T02:48:40Z,2023-01-12T18:00:40Z,COMPLETE,,0.01000000,0.01000000,18362.81,18972.52,0E-8,0E-8,0E-8,0E-8,0E-8,6.10000000,6.10000000
BOSS19_P4B_SOURCE_BOUND_DEAL_V2,H3-C17-MAIN,BTCUSD,16385,PERIOD_H1,990001,990001,990001,2,18,14,15,18,19,2023.01.12 19:36:40,2023.01.12 20:00:40,1673552200000,1673553640000,2023-01-12T17:36:40Z,2023-01-12T18:00:40Z,COMPLETE,,0.02000000,0.02000000,18464.03,18972.52,0E-8,0E-8,0E-8,0E-8,0E-8,10.17000000,10.17000000
BOSS19_P4B_SOURCE_BOUND_DEAL_V2,H3-C17-MAIN,BTCUSD,16385,PERIOD_H1,990001,990001,990001,2,22,18,23,22,27,2023.01.12 21:48:20,2023.01.13 23:38:40,1673560100000,1673653120000,2023-01-12T19:48:20Z,2023-01-13T21:38:40Z,COMPLETE,,0.01000000,0.01000000,19041.66,19873.12,0E-8,0E-8,0E-8,0E-8,-0.08000000,8.31000000,8.23000000
BOSS19_P4B_SOURCE_BOUND_DEAL_V2,H3-C17-MAIN,BTCUSD,16385,PERIOD_H1,990001,990001,990001,2,23,19,22,23,26,2023.01.13 16:58:20,2023.01.13 23:38:40,1673629100000,1673653120000,2023-01-13T14:58:20Z,2023-01-13T21:38:40Z,COMPLETE,,0.01000000,0.01000000,19142.89,19873.12,0E-8,0E-8,0E-8,0E-8,0E-8,7.30000000,7.30000000
BOSS19_P4B_SOURCE_BOUND_DEAL_V2,H3-C17-MAIN,BTCUSD,16385,PERIOD_H1,990001,990001,990001,2,24,20,21,24,25,2023.01.13 17:27:40,2023.01.13 23:38:40,1673630860000,1673653120000,2023-01-13T15:27:40Z,2023-01-13T21:38:40Z,COMPLETE,,0.02000000,0.02000000,19244.11,19873.12,0E-8,0E-8,0E-8,0E-8,0E-8,12.58000000,12.58000000
BOSS19_P4B_SOURCE_BOUND_DEAL_V2,H3-C17-MAIN,BTCUSD,16385,PERIOD_H1,990001,990001,990001,2,28,24,29,28,33,2023.01.14 01:59:20,2023.01.14 02:38:40,1673661560000,1673663920000,2023-01-13T23:59:20Z,2023-01-14T00:38:40Z,COMPLETE,,0.01000000,0.01000000,19993.94,21052.28,0E-8,0E-8,0E-8,0E-8,0E-8,10.58000000,10.58000000
BOSS19_P4B_SOURCE_BOUND_DEAL_V2,H3-C17-MAIN,BTCUSD,16385,PERIOD_H1,990001,990001,990001,2,29,25,28,29,32,2023.01.14 02:06:40,2023.01.14 02:38:40,1673662000000,1673663920000,2023-01-14T00:06:40Z,2023-01-14T00:38:40Z,COMPLETE,,0.01000000,0.01000000,20108.30,21052.28,0E-8,0E-8,0E-8,0E-8,0E-8,9.44000000,9.44000000
BOSS19_P4B_SOURCE_BOUND_DEAL_V2,H3-C17-MAIN,BTCUSD,16385,PERIOD_H1,990001,990001,990001,2,30,26,27,30,31,2023.01.14 02:12:40,2023.01.14 02:38:40,1673662360000,1673663920000,2023-01-14T00:12:40Z,2023-01-14T00:38:40Z,COMPLETE,,0.02000000,0.02000000,20222.65,21052.28,0E-8,0E-8,0E-8,0E-8,0E-8,16.59000000,16.59000000
BOSS19_P4B_SOURCE_BOUND_DEAL_V2,H3-C17-MAIN,BTCUSD,16385,PERIOD_H1,990001,990001,990001,2,34,30,35,34,39,2023.01.14 02:40:40,2023.01.20 22:38:40,1673664040000,1674254320000,2023-01-14T00:40:40Z,2023-01-20T20:38:40Z,COMPLETE,,0.01000000,0.01000000,21179.12,22215.64,0E-8,0E-8,0E-8,0E-8,-0.36000000,10.37000000,10.01000000
BOSS19_P4B_SOURCE_BOUND_DEAL_V2,H3-C17-MAIN,BTCUSD,16385,PERIOD_H1,990001,990001,990001,2,35,31,34,35,38,2023.01.14 02:40:40,2023.01.20 22:38:40,1673664040000,1674254320000,2023-01-14T00:40:40Z,2023-01-20T20:38:40Z,COMPLETE,,0.01000000,0.01000000,21304.20,22215.64,0E-8,0E-8,0E-8,0E-8,-0.36000000,9.11000000,8.75000000
BOSS19_P4B_SOURCE_BOUND_DEAL_V2,H3-C17-MAIN,BTCUSD,16385,PERIOD_H1,990001,990001,990001,2,36,32,33,36,37,2023.01.16 04:24:40,2023.01.20 22:38:40,1673843080000,1674254320000,2023-01-16T02:24:40Z,2023-01-20T20:38:40Z,COMPLETE,,0.02000000,0.02000000,21429.27,22215.64,0E-8,0E-8,0E-8,0E-8,-0.72000000,15.73000000,15.01000000
BOSS19_P4B_SOURCE_BOUND_DEAL_V2,H3-C17-MAIN,BTCUSD,16385,PERIOD_H1,990001,990001,990001,2,40,36,41,40,45,2023.01.20 22:54:40,2023.01.21 19:52:20,1674255280000,1674330740000,2023-01-20T20:54:40Z,2023-01-21T17:52:20Z,COMPLETE,,0.01000000,0.01000000,22336.97,23350.00,0E-8,0E-8,0E-8,0E-8,-0.10000000,10.13000000,10.03000000
BOSS19_P4B_SOURCE_BOUND_DEAL_V2,H3-C17-MAIN,BTCUSD,16385,PERIOD_H1,990001,990001,990001,2,41,37,40,41,44,2023.01.21 01:00:00,2023.01.21 19:52:20,1674262800000,1674330740000,2023-01-20T23:00:00Z,2023-01-21T17:52:20Z,COMPLETE,,0.01000000,0.01000000,22483.65,23350.00,0E-8,0E-8,0E-8,0E-8,0E-8,8.66000000,8.66000000
BOSS19_P4B_SOURCE_BOUND_DEAL_V2,H3-C17-MAIN,BTCUSD,16385,PERIOD_H1,990001,990001,990001,2,42,38,39,42,43,2023.01.21 01:00:40,2023.01.21 19:52:20,1674262840000,1674330740000,2023-01-20T23:00:40Z,2023-01-21T17:52:20Z,COMPLETE,,0.02000000,0.02000000,22630.32,23350.00,0E-8,0E-8,0E-8,0E-8,0E-8,14.39000000,14.39000000
BOSS19_P4B_SOURCE_BOUND_DEAL_V2,H3-C17-MAIN,BTCUSD,16385,PERIOD_H1,990001,990001,990001,2,70,42,43,70,73,2023.01.25 07:23:40,2023.01.25 16:35:40,1674631420000,1674664540000,2023-01-25T05:23:40Z,2023-01-25T14:35:40Z,COMPLETE,,0.01000000,0.01000000,22653.71,22478.00,0E-8,0E-8,0E-8,0E-8,0E-8,1.76000000,1.76000000
BOSS19_P4B_SOURCE_BOUND_DEAL_V2,H3-C17-MAIN,BTCUSD,16385,PERIOD_H1,990001,990001,990001,2,71,44,47,71,75,2023.01.25 22:01:40,2023.01.27 03:37:40,1674684100000,1674790660000,2023-01-25T20:01:40Z,2023-01-27T01:37:40Z,COMPLETE,,0.01000000,0.01000000,22828.43,22583.67,0E-8,0E-8,0E-8,0E-8,0E-8,2.45000000,2.45000000
BOSS19_P4B_SOURCE_BOUND_DEAL_V2,H3-C17-MAIN,BTCUSD,16385,PERIOD_H1,990001,990001,990001,2,72,45,46,72,74,2023.01.25 23:09:40,2023.01.27 03:36:40,1674688180000,1674790600000,2023-01-25T21:09:40Z,2023-01-27T01:36:40Z,COMPLETE,,0.01000000,0.01000000,23003.14,22654.67,0E-8,0E-8,0E-8,0E-8,0E-8,3.48000000,3.48000000
BOSS19_P4B_SOURCE_BOUND_DEAL_V2,H3-C17-MAIN,BTCUSD,16385,PERIOD_H1,990001,990001,990001,2,76,48,49,76,79,2023.01.27 06:23:40,2023.01.29 21:30:40,1674800620000,1675027840000,2023-01-27T04:23:40Z,2023-01-29T19:30:40Z,COMPLETE,,0.01000000,0.01000000,22864.56,23881.83,0E-8,0E-8,0E-8,0E-8,-0.10000000,10.17000000,10.07000000
BOSS19_P4B_SOURCE_BOUND_DEAL_V2,H3-C17-MAIN,BTCUSD,16385,PERIOD_H1,990001,990001,990001,2,125,50,51,125,128,2023.02.01 21:47:40,2023.02.05 14:55:40,1675288060000,1675608940000,2023-02-01T19:47:40Z,2023-02-05T12:55:40Z,COMPLETE,,0.01000000,0.01000000,23355.63,23099.06,0E-8,0E-8,0E-8,0E-8,0E-8,2.57000000,2.57000000
BOSS19_P4B_SOURCE_BOUND_DEAL_V2,H3-C17-MAIN,BTCUSD,16385,PERIOD_H1,990001,990001,990001,2,129,52,53,129,132,2023.02.07 19:54:40,2023.02.07 20:16:40,1675799680000,1675801000000,2023-02-07T17:54:40Z,2023-02-07T18:16:40Z,COMPLETE,,0.01000000,0.01000000,23323.93,23033.29,0E-8,0E-8,0E-8,0E-8,0E-8,2.91000000,2.91000000
BOSS19_P4B_SOURCE_BOUND_DEAL_V2,H3-C17-MAIN,BTCUSD,16385,PERIOD_H1,990001,990001,990001,2,133,54,55,133,136,2023.02.08 03:12:40,2023.02.16 02:16:40,1675825960000,1676513800000,2023-02-08T01:12:40Z,2023-02-16T00:16:40Z,COMPLETE,,0.01000000,0.01000000,23449.44,24778.97,0E-8,0E-8,0E-8,0E-8,-0.56000000,13.30000000,12.74000000
BOSS19_P4B_SOURCE_BOUND_DEAL_V2,H3-C17-MAIN,BTCUSD,16385,PERIOD_H1,990001,990001,990001,2,137,56,57,137,140,2023.02.16 17:53:40,2023.03.14 16:04:40,1676570020000,1678809880000,2023-02-16T15:53:40Z,2023-03-14T13:04:40Z,COMPLETE,,0.01000000,0.01000000,25012.60,26535.50,0E-8,0E-8,0E-8,0E-8,-1.76000000,15.23000000,13.47000000
BOSS19_P4B_SOURCE_BOUND_DEAL_V2,H3-C17-MAIN,BTCUSD,16385,PERIOD_H1,990001,990001,990001,2,141,58,63,141,146,2023.03.17 13:48:20,2023.03.30 05:32:20,1679060900000,1680154340000,2023-03-17T10:48:20Z,2023-03-30T02:32:20Z,COMPLETE,,0.01000000,0.01000000,26849.36,29127.75,0E-8,0E-8,0E-8,0E-8,-1.07000000,22.78000000,21.71000000
BOSS19_P4B_SOURCE_BOUND_DEAL_V2,H3-C17-MAIN,BTCUSD,16385,PERIOD_H1,990001,990001,990001,2,142,59,62,142,145,2023.03.18 01:00:00,2023.03.30 05:32:20,1679101200000,1680154340000,2023-03-17T22:00:00Z,2023-03-30T02:32:20Z,COMPLETE,,0.01000000,0.01000000,27151.43,29127.75,0E-8,0E-8,0E-8,0E-8,-0.96000000,19.76000000,18.80000000
BOSS19_P4B_SOURCE_BOUND_DEAL_V2,H3-C17-MAIN,BTCUSD,16385,PERIOD_H1,990001,990001,990001,2,143,60,61,143,144,2023.03.18 01:22:40,2023.03.30 05:32:20,1679102560000,1680154340000,2023-03-17T22:22:40Z,2023-03-30T02:32:20Z,COMPLETE,,0.02000000,0.02000000,27453.49,29127.75,0E-8,0E-8,0E-8,0E-8,-1.89000000,33.49000000,31.60000000
BOSS19_P4B_SOURCE_BOUND_DEAL_V2,H3-C17-MAIN,BTCUSD,16385,PERIOD_H1,990001,990001,990001,2,192,64,65,192,195,2023.03.31 16:10:20,2023.04.03 04:42:40,1680279020000,1680496960000,2023-03-31T13:10:20Z,2023-04-03T01:42:40Z,COMPLETE,,0.01000000,0.01000000,28197.01,27722.11,0E-8,0E-8,0E-8,0E-8,0E-8,4.75000000,4.75000000
BOSS19_P4B_SOURCE_BOUND_DEAL_V2,H3-C17-MAIN,BTCUSD,16385,PERIOD_H1,990001,990001,990001,2,196,66,69,196,200,2023.04.03 11:07:40,2023.04.03 23:13:40,1680520060000,1680563620000,2023-04-03T08:07:40Z,2023-04-03T20:13:40Z,COMPLETE,,0.01000000,0.01000000,28124.35,27704.80,0E-8,0E-8,0E-8,0E-8,0E-8,4.20000000,4.20000000
BOSS19_P4B_SOURCE_BOUND_DEAL_V2,H3-C17-MAIN,BTCUSD,16385,PERIOD_H1,990001,990001,990001,2,197,67,68,197,199,2023.04.03 13:30:40,2023.04.03 15:29:40,1680528640000,1680535780000,2023-04-03T10:30:40Z,2023-04-03T12:29:40Z,COMPLETE,,0.01000000,0.01000000,28503.64,28119.92,0E-8,0E-8,0E-8,0E-8,0E-8,3.84000000,3.84000000
BOSS19_P4B_SOURCE_BOUND_DEAL_V2,H3-C17-MAIN,BTCUSD,16385,PERIOD_H1,990001,990001,990001,2,291,70,71,291,294,2023.04.05 03:55:40,2023.04.11 05:09:40,1680666940000,1681189780000,2023-04-05T00:55:40Z,2023-04-11T02:09:40Z,COMPLETE,,0.01000000,0.01000000,28535.11,30449.39,0E-8,0E-8,0E-8,0E-8,-0.48000000,19.14000000,18.66000000
BOSS19_P4B_SOURCE_BOUND_DEAL_V2,H3-C17-MAIN,BTCUSD,16385,PERIOD_H1,990001,990001,990001,2,295,72,73,295,298,2023.04.14 03:37:40,2023.10.24 01:19:40,1681443460000,1698110380000,2023-04-14T00:37:40Z,2023-10-23T22:19:40Z,COMPLETE,,0.01000000,0.01000000,30784.03,31972.65,0E-8,0E-8,0E-8,0E-8,-16.32000000,11.89000000,-4.43000000
BOSS19_P4B_SOURCE_BOUND_DEAL_V2,H3-C17-MAIN,BTCUSD,16385,PERIOD_H1,990001,990001,990001,2,299,74,79,299,304,2023.10.24 01:29:40,2023.10.24 01:42:40,1698110980000,1698111760000,2023-10-23T22:29:40Z,2023-10-23T22:42:40Z,COMPLETE,,0.01000000,0.01000000,32202.32,34937.50,0E-8,0E-8,0E-8,0E-8,0E-8,27.35000000,27.35000000
BOSS19_P4B_SOURCE_BOUND_DEAL_V2,H3-C17-MAIN,BTCUSD,16385,PERIOD_H1,990001,990001,990001,2,300,75,78,300,303,2023.10.24 01:40:40,2023.10.24 01:42:40,1698111640000,1698111760000,2023-10-23T22:40:40Z,2023-10-23T22:42:40Z,COMPLETE,,0.01000000,0.01000000,32436.84,34937.50,0E-8,0E-8,0E-8,0E-8,0E-8,25.01000000,25.01000000
BOSS19_P4B_SOURCE_BOUND_DEAL_V2,H3-C17-MAIN,BTCUSD,16385,PERIOD_H1,990001,990001,990001,2,301,76,77,301,302,2023.10.24 01:41:40,2023.10.24 01:42:40,1698111700000,1698111760000,2023-10-23T22:41:40Z,2023-10-23T22:42:40Z,COMPLETE,,0.02000000,0.02000000,32671.36,34937.50,0E-8,0E-8,0E-8,0E-8,0E-8,45.32000000,45.32000000
BOSS19_P4B_SOURCE_BOUND_DEAL_V2,H3-C17-MAIN,BTCUSD,16385,PERIOD_H1,990001,990001,990001,2,305,80,85,305,310,2023.10.24 05:17:40,2023.11.09 04:26:20,1698124660000,1699503980000,2023-10-24T02:17:40Z,2023-11-09T02:26:20Z,COMPLETE,,0.01000000,0.01000000,34645.22,36588.20,0E-8,0E-8,0E-8,0E-8,-1.78000000,19.43000000,17.65000000
BOSS19_P4B_SOURCE_BOUND_DEAL_V2,H3-C17-MAIN,BTCUSD,16385,PERIOD_H1,990001,990001,990001,2,306,81,84,306,309,2023.10.24 05:24:40,2023.11.09 04:26:20,1698125080000,1699503980000,2023-10-24T02:24:40Z,2023-11-09T02:26:20Z,COMPLETE,,0.01000000,0.01000000,34879.74,36588.20,0E-8,0E-8,0E-8,0E-8,-1.78000000,17.08000000,15.30000000
BOSS19_P4B_SOURCE_BOUND_DEAL_V2,H3-C17-MAIN,BTCUSD,16385,PERIOD_H1,990001,990001,990001,2,307,82,83,307,308,2023.10.24 05:26:40,2023.11.09 04:26:20,1698125200000,1699503980000,2023-10-24T02:26:40Z,2023-11-09T02:26:20Z,COMPLETE,,0.02000000,0.02000000,35114.26,36588.20,0E-8,0E-8,0E-8,0E-8,-3.55000000,29.48000000,25.93000000
BOSS19_P4B_SOURCE_BOUND_DEAL_V2,H3-C17-MAIN,BTCUSD,16385,PERIOD_H1,990001,990001,990001,2,311,86,91,311,316,2023.11.09 06:36:40,2023.12.01 18:33:40,1699511800000,1701455620000,2023-11-09T04:36:40Z,2023-12-01T16:33:40Z,COMPLETE,,0.01000000,0.01000000,36702.24,38895.65,0E-8,0E-8,0E-8,0E-8,-2.54000000,21.93000000,19.39000000
BOSS19_P4B_SOURCE_BOUND_DEAL_V2,H3-C17-MAIN,BTCUSD,16385,PERIOD_H1,990001,990001,990001,2,312,87,90,312,315,2023.11.09 14:47:40,2023.12.01 18:33:40,1699541260000,1701455620000,2023-11-09T12:47:40Z,2023-12-01T16:33:40Z,COMPLETE,,0.01000000,0.01000000,37020.28,38895.65,0E-8,0E-8,0E-8,0E-8,-2.54000000,18.75000000,16.21000000
BOSS19_P4B_SOURCE_BOUND_DEAL_V2,H3-C17-MAIN,BTCUSD,16385,PERIOD_H1,990001,990001,990001,2,313,88,89,313,314,2023.11.09 16:01:40,2023.12.01 18:33:40,1699545700000,1701455620000,2023-11-09T14:01:40Z,2023-12-01T16:33:40Z,COMPLETE,,0.02000000,0.02000000,37338.31,38895.65,0E-8,0E-8,0E-8,0E-8,-5.05000000,31.15000000,26.10000000
BOSS19_P4B_SOURCE_BOUND_DEAL_V2,H3-C17-MAIN,BTCUSD,16385,PERIOD_H1,990001,990001,990001,2,317,92,97,317,322,2023.12.02 21:09:40,2023.12.04 07:23:40,1701551380000,1701674620000,2023-12-02T19:09:40Z,2023-12-04T05:23:40Z,COMPLETE,,0.01000000,0.01000000,39252.54,41484.20,0E-8,0E-8,0E-8,0E-8,0E-8,22.32000000,22.32000000
BOSS19_P4B_SOURCE_BOUND_DEAL_V2,H3-C17-MAIN,BTCUSD,16385,PERIOD_H1,990001,990001,990001,2,318,93,96,318,321,2023.12.02 21:12:40,2023.12.04 07:23:40,1701551560000,1701674620000,2023-12-02T19:12:40Z,2023-12-04T05:23:40Z,COMPLETE,,0.01000000,0.01000000,39603.73,41484.20,0E-8,0E-8,0E-8,0E-8,0E-8,18.80000000,18.80000000
BOSS19_P4B_SOURCE_BOUND_DEAL_V2,H3-C17-MAIN,BTCUSD,16385,PERIOD_H1,990001,990001,990001,2,319,94,95,319,320,2023.12.04 00:21:40,2023.12.04 07:23:40,1701649300000,1701674620000,2023-12-03T22:21:40Z,2023-12-04T05:23:40Z,COMPLETE,,0.02000000,0.02000000,39954.92,41484.20,0E-8,0E-8,0E-8,0E-8,0E-8,30.59000000,30.59000000
BOSS19_P4B_SOURCE_BOUND_DEAL_V2,H3-C17-MAIN,BTCUSD,16385,PERIOD_H1,990001,990001,990001,2,323,98,103,323,328,2023.12.04 12:33:40,2023.12.05 20:43:40,1701693220000,1701809020000,2023-12-04T10:33:40Z,2023-12-05T18:43:40Z,COMPLETE,,0.01000000,0.01000000,41841.39,44086.50,0E-8,0E-8,0E-8,0E-8,-0.18000000,22.45000000,22.27000000
BOSS19_P4B_SOURCE_BOUND_DEAL_V2,H3-C17-MAIN,BTCUSD,16385,PERIOD_H1,990001,990001,990001,2,324,99,102,324,327,2023.12.05 00:14:00,2023.12.05 20:43:40,1701735240000,1701809020000,2023-12-04T22:14:00Z,2023-12-05T18:43:40Z,COMPLETE,,0.01000000,0.01000000,42183.58,44086.50,0E-8,0E-8,0E-8,0E-8,0E-8,19.03000000,19.03000000
BOSS19_P4B_SOURCE_BOUND_DEAL_V2,H3-C17-MAIN,BTCUSD,16385,PERIOD_H1,990001,990001,990001,2,325,100,101,325,326,2023.12.05 18:40:40,2023.12.05 20:43:40,1701801640000,1701809020000,2023-12-05T16:40:40Z,2023-12-05T18:43:40Z,COMPLETE,,0.02000000,0.02000000,42525.77,44086.50,0E-8,0E-8,0E-8,0E-8,0E-8,31.21000000,31.21000000
BOSS19_P4B_SOURCE_BOUND_DEAL_V2,H3-C17-MAIN,BTCUSD,16385,PERIOD_H1,990001,990001,990001,2,329,104,105,329,332,2023.12.06 00:29:40,2024.01.08 20:44:40,1701822580000,1704746680000,2023-12-05T22:29:40Z,2024-01-08T18:44:40Z,COMPLETE,,0.01000000,0.01000000,44451.56,47014.90,0E-8,0E-8,0E-8,0E-8,-4.22000000,25.63000000,21.41000000
BOSS19_P4B_SOURCE_BOUND_DEAL_V2,H3-C17-MAIN,BTCUSD,16385,PERIOD_H1,990001,990001,990001,2,333,106,109,333,337,2024.01.09 23:12:00,2024.02.12 17:41:40,1704841920000,1707759700000,2024-01-09T21:12:00Z,2024-02-12T15:41:40Z,COMPLETE,,0.01000000,0.01000000,47456.31,49751.50,0E-8,0E-8,0E-8,0E-8,-4.37000000,22.95000000,18.58000000
BOSS19_P4B_SOURCE_BOUND_DEAL_V2,H3-C17-MAIN,BTCUSD,16385,PERIOD_H1,990001,990001,990001,2,334,107,108,334,336,2024.01.09 23:15:20,2024.02.12 17:41:40,1704842120000,1707759700000,2024-01-09T21:15:20Z,2024-02-12T15:41:40Z,COMPLETE,,0.01000000,0.01000000,47950.02,49751.50,0E-8,0E-8,0E-8,0E-8,-4.37000000,18.01000000,13.64000000
BOSS19_P4B_SOURCE_BOUND_DEAL_V2,H3-C17-MAIN,BTCUSD,16385,PERIOD_H1,990001,990001,990001,2,338,110,115,338,343,2024.02.12 19:19:40,2024.02.15 16:34:40,1707765580000,1708014880000,2024-02-12T17:19:40Z,2024-02-15T14:34:40Z,COMPLETE,,0.01000000,0.01000000,50108.16,52832.70,0E-8,0E-8,0E-8,0E-8,-0.64000000,27.25000000,26.61000000
BOSS19_P4B_SOURCE_BOUND_DEAL_V2,H3-C17-MAIN,BTCUSD,16385,PERIOD_H1,990001,990001,990001,2,339,111,114,339,342,2024.02.14 10:57:40,2024.02.15 16:34:40,1707908260000,1708014880000,2024-02-14T08:57:40Z,2024-02-15T14:34:40Z,COMPLETE,,0.01000000,0.01000000,50509.22,52832.70,0E-8,0E-8,0E-8,0E-8,-0.22000000,23.23000000,23.01000000
BOSS19_P4B_SOURCE_BOUND_DEAL_V2,H3-C17-MAIN,BTCUSD,16385,PERIOD_H1,990001,990001,990001,2,340,112,113,340,341,2024.02.14 11:08:40,2024.02.15 16:34:40,1707908920000,1708014880000,2024-02-14T09:08:40Z,2024-02-15T14:34:40Z,COMPLETE,,0.02000000,0.02000000,50910.27,52832.70,0E-8,0E-8,0E-8,0E-8,-0.44000000,38.45000000,38.01000000
BOSS19_P4B_SOURCE_BOUND_DEAL_V2,H3-C17-MAIN,BTCUSD,16385,PERIOD_H1,990001,990001,990001,2,368,116,119,368,372,2024.02.17 22:51:40,2024.02.20 19:21:40,1708210300000,1708456900000,2024-02-17T20:51:40Z,2024-02-20T17:21:40Z,COMPLETE,,0.01000000,0.01000000,51469.40,51006.40,0E-8,0E-8,0E-8,0E-8,-0.01000000,4.63000000,4.62000000
BOSS19_P4B_SOURCE_BOUND_DEAL_V2,H3-C17-MAIN,BTCUSD,16385,PERIOD_H1,990001,990001,990001,2,369,117,118,369,371,2024.02.17 23:23:40,2024.02.18 04:06:40,1708212220000,1708229200000,2024-02-17T21:23:40Z,2024-02-18T02:06:40Z,COMPLETE,,0.01000000,0.01000000,51907.39,51462.60,0E-8,0E-8,0E-8,0E-8,0E-8,4.45000000,4.45000000
BOSS19_P4B_SOURCE_BOUND_DEAL_V2,H3-C17-MAIN,BTCUSD,16385,PERIOD_H1,990001,990001,990001,2,373,120,123,373,377,2024.02.20 20:23:40,2024.02.21 12:08:40,1708460620000,1708517320000,2024-02-20T18:23:40Z,2024-02-21T10:08:40Z,COMPLETE,,0.01000000,0.01000000,51421.70,50960.20,0E-8,0E-8,0E-8,0E-8,-0.01000000,4.62000000,4.61000000
BOSS19_P4B_SOURCE_BOUND_DEAL_V2,H3-C17-MAIN,BTCUSD,16385,PERIOD_H1,990001,990001,990001,2,374,121,122,374,376,2024.02.20 21:45:40,2024.02.21 11:18:20,1708465540000,1708514300000,2024-02-20T19:45:40Z,2024-02-21T09:18:20Z,COMPLETE,,0.01000000,0.01000000,51846.81,51399.70,0E-8,0E-8,0E-8,0E-8,-0.01000000,4.47000000,4.46000000
BOSS19_P4B_SOURCE_BOUND_DEAL_V2,H3-C17-MAIN,BTCUSD,16385,PERIOD_H1,990001,990001,990001,2,378,124,125,378,381,2024.02.21 12:51:40,2024.02.21 13:37:00,1708519900000,1708522620000,2024-02-21T10:51:40Z,2024-02-21T11:37:00Z,COMPLETE,,0.01000000,0.01000000,51388.53,50943.60,0E-8,0E-8,0E-8,0E-8,0E-8,4.45000000,4.45000000
BOSS19_P4B_SOURCE_BOUND_DEAL_V2,H3-C17-MAIN,BTCUSD,16385,PERIOD_H1,990001,990001,990001,2,379,126,127,379,382,2024.02.22 01:47:40,2024.02.22 03:33:40,1708566460000,1708572820000,2024-02-21T23:47:40Z,2024-02-22T01:33:40Z,COMPLETE,,0.01000000,0.01000000,51832.66,51390.20,0E-8,0E-8,0E-8,0E-8,0E-8,4.42000000,4.42000000
BOSS19_P4B_SOURCE_BOUND_DEAL_V2,H3-C17-MAIN,BTCUSD,16385,PERIOD_H1,990001,990001,990001,2,398,128,129,398,401,2024.02.25 22:13:40,2024.02.26 21:15:40,1708899220000,1708982140000,2024-02-25T20:13:40Z,2024-02-26T19:15:40Z,COMPLETE,,0.01000000,0.01000000,51918.27,54267.50,0E-8,0E-8,0E-8,0E-8,0E-8,23.49000000,23.49000000
BOSS19_P4B_SOURCE_BOUND_DEAL_V2,H3-C17-MAIN,BTCUSD,16385,PERIOD_H1,990001,990001,990001,2,402,130,135,402,407,2024.02.26 22:05:40,2024.02.27 21:52:40,1708985140000,1709070760000,2024-02-26T20:05:40Z,2024-02-27T19:52:40Z,COMPLETE,,0.01000000,0.01000000,54685.73,57473.40,0E-8,0E-8,0E-8,0E-8,-0.23000000,27.88000000,27.65000000
BOSS19_P4B_SOURCE_BOUND_DEAL_V2,H3-C17-MAIN,BTCUSD,16385,PERIOD_H1,990001,990001,990001,2,403,131,134,403,406,2024.02.27 03:44:40,2024.02.27 21:52:40,1709005480000,1709070760000,2024-02-27T01:44:40Z,2024-02-27T19:52:40Z,COMPLETE,,0.01000000,0.01000000,55103.86,57473.40,0E-8,0E-8,0E-8,0E-8,0E-8,23.70000000,23.70000000
BOSS19_P4B_SOURCE_BOUND_DEAL_V2,H3-C17-MAIN,BTCUSD,16385,PERIOD_H1,990001,990001,990001,2,404,132,133,404,405,2024.02.27 03:49:40,2024.02.27 21:52:40,1709005780000,1709070760000,2024-02-27T01:49:40Z,2024-02-27T19:52:40Z,COMPLETE,,0.02000000,0.02000000,55521.99,57473.40,0E-8,0E-8,0E-8,0E-8,0E-8,39.03000000,39.03000000
BOSS19_P4B_SOURCE_BOUND_DEAL_V2,H3-C17-MAIN,BTCUSD,16385,PERIOD_H1,990001,990001,990001,2,408,136,141,408,413,2024.02.28 09:43:40,2024.02.28 16:56:40,1709113420000,1709139400000,2024-02-28T07:43:40Z,2024-02-28T14:56:40Z,COMPLETE,,0.01000000,0.01000000,57938.24,60907.80,0E-8,0E-8,0E-8,0E-8,0E-8,29.70000000,29.70000000
BOSS19_P4B_SOURCE_BOUND_DEAL_V2,H3-C17-MAIN,BTCUSD,16385,PERIOD_H1,990001,990001,990001,2,409,137,140,409,412,2024.02.28 09:54:40,2024.02.28 16:56:40,1709114080000,1709139400000,2024-02-28T07:54:40Z,2024-02-28T14:56:40Z,COMPLETE,,0.01000000,0.01000000,58389.18,60907.80,0E-8,0E-8,0E-8,0E-8,0E-8,25.19000000,25.19000000
BOSS19_P4B_SOURCE_BOUND_DEAL_V2,H3-C17-MAIN,BTCUSD,16385,PERIOD_H1,990001,990001,990001,2,410,138,139,410,411,2024.02.28 10:41:40,2024.02.28 16:56:40,1709116900000,1709139400000,2024-02-28T08:41:40Z,2024-02-28T14:56:40Z,COMPLETE,,0.02000000,0.02000000,58840.11,60907.80,0E-8,0E-8,0E-8,0E-8,0E-8,41.35000000,41.35000000
BOSS19_P4B_SOURCE_BOUND_DEAL_V2,H3-C17-MAIN,BTCUSD,16385,PERIOD_H1,990001,990001,990001,2,414,142,147,414,419,2024.02.28 17:16:20,2024.03.04 10:11:20,1709140580000,1709547080000,2024-02-28T15:16:20Z,2024-03-04T08:11:20Z,COMPLETE,,0.01000000,0.01000000,61371.23,64900.90,0E-8,0E-8,0E-8,0E-8,-0.79000000,35.30000000,34.51000000
BOSS19_P4B_SOURCE_BOUND_DEAL_V2,H3-C17-MAIN,BTCUSD,16385,PERIOD_H1,990001,990001,990001,2,415,143,146,415,418,2024.02.28 18:36:40,2024.03.04 10:11:20,1709145400000,1709547080000,2024-02-28T16:36:40Z,2024-03-04T08:11:20Z,COMPLETE,,0.01000000,0.01000000,61841.96,64900.90,0E-8,0E-8,0E-8,0E-8,-0.79000000,30.59000000,29.80000000
BOSS19_P4B_SOURCE_BOUND_DEAL_V2,H3-C17-MAIN,BTCUSD,16385,PERIOD_H1,990001,990001,990001,2,416,144,145,416,417,2024.02.28 18:57:40,2024.03.04 10:11:20,1709146660000,1709547080000,2024-02-28T16:57:40Z,2024-03-04T08:11:20Z,COMPLETE,,0.02000000,0.02000000,62312.68,64900.90,0E-8,0E-8,0E-8,0E-8,-1.57000000,51.76000000,50.19000000
BOSS19_P4B_SOURCE_BOUND_DEAL_V2,H3-C17-MAIN,BTCUSD,16385,PERIOD_H1,990001,990001,990001,2,420,148,153,420,425,2024.03.04 10:38:40,2024.03.05 17:04:20,1709548720000,1709658260000,2024-03-04T08:38:40Z,2024-03-05T15:04:20Z,COMPLETE,,0.01000000,0.01000000,65235.33,69243.60,0E-8,0E-8,0E-8,0E-8,-0.29000000,40.08000000,39.79000000
BOSS19_P4B_SOURCE_BOUND_DEAL_V2,H3-C17-MAIN,BTCUSD,16385,PERIOD_H1,990001,990001,990001,2,421,149,152,421,424,2024.03.04 16:35:40,2024.03.05 17:04:20,1709570140000,1709658260000,2024-03-04T14:35:40Z,2024-03-05T15:04:20Z,COMPLETE,,0.01000000,0.01000000,65803.56,69243.60,0E-8,0E-8,0E-8,0E-8,-0.29000000,34.40000000,34.11000000
BOSS19_P4B_SOURCE_BOUND_DEAL_V2,H3-C17-MAIN,BTCUSD,16385,PERIOD_H1,990001,990001,990001,2,422,150,151,422,423,2024.03.04 16:56:40,2024.03.05 17:04:20,1709571400000,1709658260000,2024-03-04T14:56:40Z,2024-03-05T15:04:20Z,COMPLETE,,0.02000000,0.02000000,66371.78,69243.60,0E-8,0E-8,0E-8,0E-8,-0.57000000,57.44000000,56.87000000
BOSS19_P4B_SOURCE_BOUND_DEAL_V2,H3-C17-MAIN,BTCUSD,16385,PERIOD_H1,990001,990001,990001,2,429,154,155,429,432,2024.03.06 01:40:40,2024.03.06 03:35:40,1709689240000,1709696140000,2024-03-05T23:40:40Z,2024-03-06T01:35:40Z,COMPLETE,,0.01000000,0.01000000,64046.20,63316.30,0E-8,0E-8,0E-8,0E-8,0E-8,7.30000000,7.30000000
BOSS19_P4B_SOURCE_BOUND_DEAL_V2,H3-C17-MAIN,BTCUSD,16385,PERIOD_H1,990001,990001,990001,2,430,156,159,430,434,2024.03.06 07:09:40,2024.03.19 10:16:40,1709708980000,1710843400000,2024-03-06T05:09:40Z,2024-03-19T07:16:40Z,COMPLETE,,0.01000000,0.01000000,64761.81,63725.60,0E-8,0E-8,0E-8,0E-8,-0.09000000,10.36000000,10.27000000
BOSS19_P4B_SOURCE_BOUND_DEAL_V2,H3-C17-MAIN,BTCUSD,16385,PERIOD_H1,990001,990001,990001,2,431,157,158,431,433,2024.03.06 07:21:40,2024.03.06 14:47:20,1709709700000,1709736440000,2024-03-06T05:21:40Z,2024-03-06T12:47:20Z,COMPLETE,,0.01000000,0.01000000,65477.41,64706.50,0E-8,0E-8,0E-8,0E-8,0E-8,7.71000000,7.71000000
BOSS19_P4B_SOURCE_BOUND_DEAL_V2,H3-C17-MAIN,BTCUSD,16385,PERIOD_H1,990001,990001,990001,2,435,160,161,435,438,2024.03.19 10:57:40,2024.03.19 11:27:40,1710845860000,1710847660000,2024-03-19T07:57:40Z,2024-03-19T08:27:40Z,COMPLETE,,0.01000000,0.01000000,64687.34,63650.40,0E-8,0E-8,0E-8,0E-8,0E-8,10.37000000,10.37000000
BOSS19_P4B_SOURCE_BOUND_DEAL_V2,H3-C17-MAIN,BTCUSD,16385,PERIOD_H1,990001,990001,990001,2,436,162,163,436,439,2024.03.19 20:28:40,2024.03.19 20:43:20,1710880120000,1710881000000,2024-03-19T17:28:40Z,2024-03-19T17:43:20Z,COMPLETE,,0.01000000,0.01000000,65669.48,64678.40,0E-8,0E-8,0E-8,0E-8,0E-8,9.91000000,9.91000000
BOSS19_P4B_SOURCE_BOUND_DEAL_V2,H3-C17-MAIN,BTCUSD,16385,PERIOD_H1,990001,990001,990001,2,437,164,165,437,440,2024.03.20 23:24:40,2024.03.21 21:07:00,1710977080000,1711055220000,2024-03-20T20:24:40Z,2024-03-21T18:07:00Z,COMPLETE,,0.01000000,0.01000000,66651.61,65555.10,0E-8,0E-8,0E-8,0E-8,-0.01000000,10.97000000,10.96000000
BOSS19_P4B_SOURCE_BOUND_DEAL_V2,H3-C17-MAIN,BTCUSD,16385,PERIOD_H1,990001,990001,990001,2,441,166,167,441,444,2024.03.22 09:09:40,2024.04.08 11:54:40,1711098580000,1712577280000,2024-03-22T06:09:40Z,2024-04-08T08:54:40Z,COMPLETE,,0.01000000,0.01000000,66657.24,71960.80,0E-8,0E-8,0E-8,0E-8,-3.20000000,53.04000000,49.84000000
BOSS19_P4B_SOURCE_BOUND_DEAL_V2,H3-C17-MAIN,BTCUSD,16385,PERIOD_H1,990001,990001,990001,2,448,168,169,448,451,2024.04.10 05:03:40,2024.04.10 15:30:40,1712725420000,1712763040000,2024-04-10T02:03:40Z,2024-04-10T12:30:40Z,COMPLETE,,0.01000000,0.01000000,69561.05,68467.60,0E-8,0E-8,0E-8,0E-8,0E-8,10.93000000,10.93000000
BOSS19_P4B_SOURCE_BOUND_DEAL_V2,H3-C17-MAIN,BTCUSD,16385,PERIOD_H1,990001,990001,990001,2,449,170,171,449,452,2024.04.11 01:18:40,2024.04.12 17:38:40,1712798320000,1712943520000,2024-04-10T22:18:40Z,2024-04-12T14:38:40Z,COMPLETE,,0.01000000,0.01000000,70623.20,69519.20,0E-8,0E-8,0E-8,0E-8,-0.01000000,11.04000000,11.03000000
BOSS19_P4B_SOURCE_BOUND_DEAL_V2,H3-C17-MAIN,BTCUSD,16385,PERIOD_H1,990001,990001,990001,2,471,172,177,471,476,2024.04.19 06:26:20,2024.04.30 14:42:40,1713507980000,1714488160000,2024-04-19T03:26:20Z,2024-04-30T11:42:40Z,COMPLETE,,0.01000000,0.01000000,62047.09,61024.60,0E-8,0E-8,0E-8,0E-8,-0.07000000,10.22000000,10.15000000
BOSS19_P4B_SOURCE_BOUND_DEAL_V2,H3-C17-MAIN,BTCUSD,16385,PERIOD_H1,990001,990001,990001,2,472,173,176,472,475,2024.04.19 09:40:40,2024.04.29 08:33:40,1713519640000,1714379620000,2024-04-19T06:40:40Z,2024-04-29T05:33:40Z,COMPLETE,,0.01000000,0.01000000,63087.99,62060.70,0E-8,0E-8,0E-8,0E-8,-0.06000000,10.27000000,10.21000000
BOSS19_P4B_SOURCE_BOUND_DEAL_V2,H3-C17-MAIN,BTCUSD,16385,PERIOD_H1,990001,990001,990001,2,473,174,175,473,474,2024.04.19 09:51:20,2024.04.20 02:04:20,1713520280000,1713578660000,2024-04-19T06:51:20Z,2024-04-19T23:04:20Z,COMPLETE,,0.01000000,0.01000000,64128.88,63038.40,0E-8,0E-8,0E-8,0E-8,-0.01000000,10.90000000,10.89000000
BOSS19_P4B_SOURCE_BOUND_DEAL_V2,H3-C17-MAIN,BTCUSD,16385,PERIOD_H1,990001,990001,990001,2,498,178,183,498,503,2024.05.03 15:46:40,2024.05.15 21:58:40,1714751200000,1715810320000,2024-05-03T12:46:40Z,2024-05-15T18:58:40Z,COMPLETE,,0.01000000,0.01000000,60583.51,65826.80,0E-8,0E-8,0E-8,0E-8,-2.13000000,52.43000000,50.30000000
BOSS19_P4B_SOURCE_BOUND_DEAL_V2,H3-C17-MAIN,BTCUSD,16385,PERIOD_H1,990001,990001,990001,2,499,179,182,499,502,2024.05.03 16:32:20,2024.05.15 21:58:40,1714753940000,1715810320000,2024-05-03T13:32:20Z,2024-05-15T18:58:40Z,COMPLETE,,0.01000000,0.01000000,61543.02,65826.80,0E-8,0E-8,0E-8,0E-8,-2.13000000,42.84000000,40.71000000
BOSS19_P4B_SOURCE_BOUND_DEAL_V2,H3-C17-MAIN,BTCUSD,16385,PERIOD_H1,990001,990001,990001,2,500,180,181,500,501,2024.05.03 23:17:40,2024.05.15 21:58:40,1714778260000,1715810320000,2024-05-03T20:17:40Z,2024-05-15T18:58:40Z,COMPLETE,,0.02000000,0.02000000,62502.53,65826.80,0E-8,0E-8,0E-8,0E-8,-4.25000000,66.49000000,62.24000000
BOSS19_P4B_SOURCE_BOUND_DEAL_V2,H3-C17-MAIN,BTCUSD,16385,PERIOD_H1,990001,990001,990001,2,504,184,187,504,508,2024.05.16 03:09:40,2024.05.21 02:22:40,1715828980000,1716258160000,2024-05-16T00:09:40Z,2024-05-20T23:22:40Z,COMPLETE,,0.01000000,0.01000000,66576.44,70731.80,0E-8,0E-8,0E-8,0E-8,-0.87000000,41.55000000,40.68000000
BOSS19_P4B_SOURCE_BOUND_DEAL_V2,H3-C17-MAIN,BTCUSD,16385,PERIOD_H1,990001,990001,990001,2,505,185,186,505,507,2024.05.17 18:29:40,2024.05.21 02:22:40,1715970580000,1716258160000,2024-05-17T15:29:40Z,2024-05-20T23:22:40Z,COMPLETE,,0.01000000,0.01000000,67380.37,70731.80,0E-8,0E-8,0E-8,0E-8,-0.59000000,33.51000000,32.92000000
BOSS19_P4B_SOURCE_BOUND_DEAL_V2,H3-C17-MAIN,BTCUSD,16385,PERIOD_H1,990001,990001,990001,2,509,188,189,509,512,2024.05.21 02:28:40,2024.11.06 05:07:40,1716258520000,1730869660000,2024-05-20T23:28:40Z,2024-11-06T03:07:40Z,COMPLETE,,0.01000000,0.01000000,71463.27,74893.60,0E-8,0E-8,0E-8,0E-8,-32.71000000,34.30000000,1.59000000
BOSS19_P4B_SOURCE_BOUND_DEAL_V2,H3-C17-MAIN,BTCUSD,16385,PERIOD_H1,990001,990001,990001,2,513,190,195,513,518,2024.11.06 21:14:40,2024.11.10 13:33:40,1730927680000,1731245620000,2024-11-06T19:14:40Z,2024-11-10T11:33:40Z,COMPLETE,,0.01000000,0.01000000,75493.04,79910.80,0E-8,0E-8,0E-8,0E-8,-0.97000000,44.18000000,43.21000000
BOSS19_P4B_SOURCE_BOUND_DEAL_V2,H3-C17-MAIN,BTCUSD,16385,PERIOD_H1,990001,990001,990001,2,514,191,194,514,517,2024.11.06 22:54:40,2024.11.10 13:33:40,1730933680000,1731245620000,2024-11-06T20:54:40Z,2024-11-10T11:33:40Z,COMPLETE,,0.01000000,0.01000000,76162.22,79910.80,0E-8,0E-8,0E-8,0E-8,-0.97000000,37.49000000,36.52000000
BOSS19_P4B_SOURCE_BOUND_DEAL_V2,H3-C17-MAIN,BTCUSD,16385,PERIOD_H1,990001,990001,990001,2,515,192,193,515,516,2024.11.07 22:17:40,2024.11.10 13:33:40,1731017860000,1731245620000,2024-11-07T20:17:40Z,2024-11-10T11:33:40Z,COMPLETE,,0.02000000,0.02000000,76831.41,79910.80,0E-8,0E-8,0E-8,0E-8,-1.30000000,61.59000000,60.29000000
BOSS19_P4B_SOURCE_BOUND_DEAL_V2,H3-C17-MAIN,BTCUSD,16385,PERIOD_H1,990001,990001,990001,2,519,196,201,519,524,2024.11.10 19:51:40,2024.11.11 20:39:40,1731268300000,1731357580000,2024-11-10T17:51:40Z,2024-11-11T18:39:40Z,COMPLETE,,0.01000000,0.01000000,80675.08,85252.30,0E-8,0E-8,0E-8,0E-8,0E-8,45.77000000,45.77000000
BOSS19_P4B_SOURCE_BOUND_DEAL_V2,H3-C17-MAIN,BTCUSD,16385,PERIOD_H1,990001,990001,990001,2,520,197,200,520,523,2024.11.11 00:22:40,2024.11.11 20:39:40,1731284560000,1731357580000,2024-11-10T22:22:40Z,2024-11-11T18:39:40Z,COMPLETE,,0.01000000,0.01000000,81389.60,85252.30,0E-8,0E-8,0E-8,0E-8,0E-8,38.63000000,38.63000000
BOSS19_P4B_SOURCE_BOUND_DEAL_V2,H3-C17-MAIN,BTCUSD,16385,PERIOD_H1,990001,990001,990001,2,521,198,199,521,522,2024.11.11 12:08:20,2024.11.11 20:39:40,1731326900000,1731357580000,2024-11-11T10:08:20Z,2024-11-11T18:39:40Z,COMPLETE,,0.02000000,0.02000000,82104.13,85252.30,0E-8,0E-8,0E-8,0E-8,0E-8,62.96000000,62.96000000
BOSS19_P4B_SOURCE_BOUND_DEAL_V2,H3-C17-MAIN,BTCUSD,16385,PERIOD_H1,990001,990001,990001,2,525,202,207,525,530,2024.11.11 20:59:40,2024.11.13 16:33:40,1731358780000,1731515620000,2024-11-11T18:59:40Z,2024-11-13T14:33:40Z,COMPLETE,,0.01000000,0.01000000,85962.83,91131.95,0E-8,0E-8,0E-8,0E-8,-0.75000000,51.69000000,50.94000000
BOSS19_P4B_SOURCE_BOUND_DEAL_V2,H3-C17-MAIN,BTCUSD,16385,PERIOD_H1,990001,990001,990001,2,526,203,206,526,529,2024.11.11 21:07:40,2024.11.13 16:33:40,1731359260000,1731515620000,2024-11-11T19:07:40Z,2024-11-13T14:33:40Z,COMPLETE,,0.01000000,0.01000000,86686.86,91131.95,0E-8,0E-8,0E-8,0E-8,-0.75000000,44.45000000,43.70000000
BOSS19_P4B_SOURCE_BOUND_DEAL_V2,H3-C17-MAIN,BTCUSD,16385,PERIOD_H1,990001,990001,990001,2,527,204,205,527,528,2024.11.11 22:15:40,2024.11.13 16:33:40,1731363340000,1731515620000,2024-11-11T20:15:40Z,2024-11-13T14:33:40Z,COMPLETE,,0.02000000,0.02000000,87410.89,91131.95,0E-8,0E-8,0E-8,0E-8,-1.50000000,74.42000000,72.92000000
BOSS19_P4B_SOURCE_BOUND_DEAL_V2,H3-C17-MAIN,BTCUSD,16385,PERIOD_H1,990001,990001,990001,2,531,208,211,531,535,2024.11.13 17:23:40,2024.11.21 06:56:40,1731518620000,1732172200000,2024-11-13T15:23:40Z,2024-11-21T04:56:40Z,COMPLETE,,0.01000000,0.01000000,92037.43,97595.60,0E-8,0E-8,0E-8,0E-8,-2.33000000,55.58000000,53.25000000
BOSS19_P4B_SOURCE_BOUND_DEAL_V2,H3-C17-MAIN,BTCUSD,16385,PERIOD_H1,990001,990001,990001,2,532,209,210,532,534,2024.11.13 17:56:20,2024.11.21 06:56:40,1731520580000,1732172200000,2024-11-13T15:56:20Z,2024-11-21T04:56:40Z,COMPLETE,,0.01000000,0.01000000,92872.01,97595.60,0E-8,0E-8,0E-8,0E-8,-2.33000000,47.24000000,44.91000000
BOSS19_P4B_SOURCE_BOUND_DEAL_V2,H3-C17-MAIN,BTCUSD,16385,PERIOD_H1,990001,990001,990001,2,536,212,215,536,540,2024.11.21 21:10:40,2024.12.16 01:23:40,1732223440000,1734312220000,2024-11-21T19:10:40Z,2024-12-15T23:23:40Z,COMPLETE,,0.01000000,0.01000000,98606.18,104766.00,0E-8,0E-8,0E-8,0E-8,-7.07000000,61.60000000,54.53000000
BOSS19_P4B_SOURCE_BOUND_DEAL_V2,H3-C17-MAIN,BTCUSD,16385,PERIOD_H1,990001,990001,990001,2,537,213,214,537,539,2024.11.22 21:31:40,2024.12.16 01:23:40,1732311100000,1734312220000,2024-11-22T19:31:40Z,2024-12-15T23:23:40Z,COMPLETE,,0.01000000,0.01000000,99597.76,104766.00,0E-8,0E-8,0E-8,0E-8,-6.65000000,51.68000000,45.03000000
BOSS19_P4B_SOURCE_BOUND_DEAL_V2,H3-C17-MAIN,BTCUSD,16385,PERIOD_H1,990001,990001,990001,2,541,216,221,541,546,2024.12.16 02:33:40,2025.05.22 06:42:40,1734316420000,1747896160000,2024-12-16T00:33:40Z,2025-05-22T03:42:40Z,COMPLETE,,0.01000000,0.01000000,105828.20,111326.25,0E-8,0E-8,0E-8,0E-8,-45.01000000,54.98000000,9.97000000
BOSS19_P4B_SOURCE_BOUND_DEAL_V2,H3-C17-MAIN,BTCUSD,16385,PERIOD_H1,990001,990001,990001,2,542,217,220,542,545,2024.12.16 18:33:40,2025.05.22 06:42:40,1734374020000,1747896160000,2024-12-16T16:33:40Z,2025-05-22T03:42:40Z,COMPLETE,,0.01000000,0.01000000,106949.49,111326.25,0E-8,0E-8,0E-8,0E-8,-45.01000000,43.77000000,-1.24000000
BOSS19_P4B_SOURCE_BOUND_DEAL_V2,H3-C17-MAIN,BTCUSD,16385,PERIOD_H1,990001,990001,990001,2,543,218,219,543,544,2024.12.17 16:51:40,2025.05.22 06:42:40,1734454300000,1747896160000,2024-12-17T14:51:40Z,2025-05-22T03:42:40Z,COMPLETE,,0.02000000,0.02000000,108070.79,111326.25,0E-8,0E-8,0E-8,0E-8,-89.26000000,65.11000000,-24.15000000
BOSS19_P4B_SOURCE_BOUND_DEAL_V2,H3-C17-MAIN,BTCUSD,16385,PERIOD_H1,990001,990001,990001,2,550,222,223,550,553,2025.05.24 18:06:40,2025.05.25 01:41:40,1748110000000,1748137300000,2025-05-24T15:06:40Z,2025-05-24T22:41:40Z,COMPLETE,,0.01000000,0.01000000,109070.58,108236.58,0E-8,0E-8,0E-8,0E-8,0E-8,8.34000000,8.34000000
BOSS19_P4B_SOURCE_BOUND_DEAL_V2,H3-C17-MAIN,BTCUSD,16385,PERIOD_H1,990001,990001,990001,2,551,224,225,551,554,2025.05.26 04:48:40,2025.05.26 20:46:40,1748234920000,1748292400000,2025-05-26T01:48:40Z,2025-05-26T17:46:40Z,COMPLETE,,0.01000000,0.01000000,109888.56,108990.12,0E-8,0E-8,0E-8,0E-8,0E-8,8.98000000,8.98000000
BOSS19_P4B_SOURCE_BOUND_DEAL_V2,H3-C17-MAIN,BTCUSD,16385,PERIOD_H1,990001,990001,990001,2,555,226,229,555,559,2025.05.27 01:13:40,2025.07.11 00:17:40,1748308420000,1752193060000,2025-05-26T22:13:40Z,2025-07-10T21:17:40Z,COMPLETE,,0.01000000,0.01000000,109802.60,115037.93,0E-8,0E-8,0E-8,0E-8,-15.03000000,52.35000000,37.32000000
BOSS19_P4B_SOURCE_BOUND_DEAL_V2,H3-C17-MAIN,BTCUSD,16385,PERIOD_H1,990001,990001,990001,2,556,227,228,556,558,2025.05.27 16:13:40,2025.07.11 00:17:40,1748362420000,1752193060000,2025-05-27T13:13:40Z,2025-07-10T21:17:40Z,COMPLETE,,0.01000000,0.01000000,110615.07,115037.93,0E-8,0E-8,0E-8,0E-8,-15.03000000,44.23000000,29.20000000
BOSS19_P4B_SOURCE_BOUND_DEAL_V2,H3-C17-MAIN,BTCUSD,16385,PERIOD_H1,990001,990001,990001,2,560,230,235,560,565,2025.07.11 00:19:40,2025.07.14 06:42:40,1752193180000,1752475360000,2025-07-10T21:19:40Z,2025-07-14T03:42:40Z,COMPLETE,,0.01000000,0.01000000,115792.44,121073.03,0E-8,0E-8,0E-8,0E-8,-0.50000000,52.81000000,52.31000000
BOSS19_P4B_SOURCE_BOUND_DEAL_V2,H3-C17-MAIN,BTCUSD,16385,PERIOD_H1,990001,990001,990001,2,561,231,234,561,564,2025.07.11 00:19:40,2025.07.14 06:42:40,1752193180000,1752475360000,2025-07-10T21:19:40Z,2025-07-14T03:42:40Z,COMPLETE,,0.01000000,0.01000000,116586.27,121073.03,0E-8,0E-8,0E-8,0E-8,-0.50000000,44.87000000,44.37000000
BOSS19_P4B_SOURCE_BOUND_DEAL_V2,H3-C17-MAIN,BTCUSD,16385,PERIOD_H1,990001,990001,990001,2,562,232,233,562,563,2025.07.11 08:08:40,2025.07.14 06:42:40,1752221320000,1752475360000,2025-07-11T05:08:40Z,2025-07-14T03:42:40Z,COMPLETE,,0.02000000,0.02000000,117380.11,121073.03,0E-8,0E-8,0E-8,0E-8,-1.00000000,73.86000000,72.86000000
BOSS19_P4B_SOURCE_BOUND_DEAL_V2,H3-C17-MAIN,BTCUSD,16385,PERIOD_H1,990001,990001,990001,2,566,236,241,566,571,2025.07.14 06:43:40,2025.10.06 21:56:40,1752475420000,1759787800000,2025-07-14T03:43:40Z,2025-10-06T18:56:40Z,COMPLETE,,0.01000000,0.01000000,121596.48,126244.04,0E-8,0E-8,0E-8,0E-8,-29.50000000,46.48000000,16.98000000
BOSS19_P4B_SOURCE_BOUND_DEAL_V2,H3-C17-MAIN,BTCUSD,16385,PERIOD_H1,990001,990001,990001,2,567,237,240,567,570,2025.07.14 08:24:40,2025.10.06 21:56:40,1752481480000,1759787800000,2025-07-14T05:24:40Z,2025-10-06T18:56:40Z,COMPLETE,,0.01000000,0.01000000,122389.75,126244.04,0E-8,0E-8,0E-8,0E-8,-29.50000000,38.54000000,9.04000000
BOSS19_P4B_SOURCE_BOUND_DEAL_V2,H3-C17-MAIN,BTCUSD,16385,PERIOD_H1,990001,990001,990001,2,568,238,239,568,569,2025.07.14 10:38:40,2025.10.06 21:56:40,1752489520000,1759787800000,2025-07-14T07:38:40Z,2025-10-06T18:56:40Z,COMPLETE,,0.02000000,0.02000000,123183.03,126244.04,0E-8,0E-8,0E-8,0E-8,-58.97000000,61.22000000,2.25000000
BOSS19_P4B_SOURCE_BOUND_DEAL_V2,H3-C17-MAIN,BTCUSD,16385,PERIOD_H1,990001,990001,990001,2,575,242,243,575,578,2025.10.08 11:36:20,2025.10.08 16:43:40,1759923380000,1759941820000,2025-10-08T08:36:20Z,2025-10-08T13:43:40Z,COMPLETE,,0.01000000,0.01000000,122577.05,121756.28,0E-8,0E-8,0E-8,0E-8,0E-8,8.21000000,8.21000000
BOSS19_P4B_SOURCE_BOUND_DEAL_V2,H3-C17-MAIN,BTCUSD,16385,PERIOD_H1,990001,990001,990001,2,576,244,245,576,579,2025.10.08 17:01:40,2025.10.08 17:25:40,1759942900000,1759944340000,2025-10-08T14:01:40Z,2025-10-08T14:25:40Z,COMPLETE,,0.01000000,0.01000000,123324.76,122475.37,0E-8,0E-8,0E-8,0E-8,0E-8,8.49000000,8.49000000
BOSS19_P4B_SOURCE_BOUND_DEAL_V2,H3-C17-MAIN,BTCUSD,16385,PERIOD_H1,990001,990001,990001,2,577,246,247,577,580,2025.10.08 20:31:40,2025.10.08 22:09:20,1759955500000,1759961360000,2025-10-08T17:31:40Z,2025-10-08T19:09:20Z,COMPLETE,,0.01000000,0.01000000,124072.46,123244.70,0E-8,0E-8,0E-8,0E-8,0E-8,8.28000000,8.28000000
BOSS19_P4B_SOURCE_BOUND_DEAL_V2,H3-C17-MAIN,BTCUSD,16385,PERIOD_H1,990001,990001,990001,2,611,248,251,611,615,2025.10.20 06:50:40,2025.10.27 10:06:20,1760943040000,1761559580000,2025-10-20T03:50:40Z,2025-10-27T07:06:20Z,COMPLETE,,0.01000000,0.01000000,109579.93,116410.74,0E-8,0E-8,0E-8,0E-8,-2.34000000,68.31000000,65.97000000
BOSS19_P4B_SOURCE_BOUND_DEAL_V2,H3-C17-MAIN,BTCUSD,16385,PERIOD_H1,990001,990001,990001,2,612,249,250,612,614,2025.10.20 08:21:20,2025.10.27 10:06:20,1760948480000,1761559580000,2025-10-20T05:21:20Z,2025-10-27T07:06:20Z,COMPLETE,,0.01000000,0.01000000,110723.49,116410.74,0E-8,0E-8,0E-8,0E-8,-2.34000000,56.87000000,54.53000000
BOSS19_P4B_SOURCE_BOUND_DEAL_V2,H3-C17-MAIN,BTCUSD,16385,PERIOD_H1,990001,990001,990001,2,787,252,253,787,790,2025.11.09 16:11:40,2025.11.12 17:53:40,1762704700000,1762970020000,2025-11-09T14:11:40Z,2025-11-12T15:53:40Z,COMPLETE,,0.01000000,0.01000000,103184.70,101978.35,0E-8,0E-8,0E-8,0E-8,-0.02000000,12.06000000,12.04000000
BOSS19_P4B_SOURCE_BOUND_DEAL_V2,H3-C17-MAIN,BTCUSD,16385,PERIOD_H1,990001,990001,990001,2,791,254,255,791,794,2025.11.13 07:55:40,2025.11.13 16:36:40,1763020540000,1763051800000,2025-11-13T05:55:40Z,2025-11-13T14:36:40Z,COMPLETE,,0.01000000,0.01000000,103197.20,101811.36,0E-8,0E-8,0E-8,0E-8,0E-8,13.86000000,13.86000000
BOSS19_P4B_SOURCE_BOUND_DEAL_V2,H3-C17-MAIN,BTCUSD,16385,PERIOD_H1,990001,990001,990001,2,795,256,259,795,799,2025.11.23 21:33:40,2025.12.09 18:47:40,1763933620000,1765306060000,2025-11-23T19:33:40Z,2025-12-09T16:47:40Z,COMPLETE,,0.01000000,0.01000000,87580.98,94273.96,0E-8,0E-8,0E-8,0E-8,-4.23000000,66.93000000,62.70000000
BOSS19_P4B_SOURCE_BOUND_DEAL_V2,H3-C17-MAIN,BTCUSD,16385,PERIOD_H1,990001,990001,990001,2,796,257,258,796,798,2025.11.24 22:21:40,2025.12.09 18:47:40,1764022900000,1765306060000,2025-11-24T20:21:40Z,2025-12-09T16:47:40Z,COMPLETE,,0.01000000,0.01000000,88845.05,94273.96,0E-8,0E-8,0E-8,0E-8,-4.23000000,54.29000000,50.06000000
BOSS19_P4B_SOURCE_BOUND_DEAL_V2,H3-C17-MAIN,BTCUSD,16385,PERIOD_H1,990001,990001,990001,2,803,260,263,803,807,2025.12.11 21:33:20,2025.12.12 17:55:40,1765488800000,1765562140000,2025-12-11T19:33:20Z,2025-12-12T15:55:40Z,COMPLETE,,0.01000000,0.01000000,91311.78,90089.49,0E-8,0E-8,0E-8,0E-8,-0.01000000,12.22000000,12.21000000
BOSS19_P4B_SOURCE_BOUND_DEAL_V2,H3-C17-MAIN,BTCUSD,16385,PERIOD_H1,990001,990001,990001,2,804,261,262,804,806,2025.12.11 23:12:40,2025.12.12 17:26:40,1765494760000,1765560400000,2025-12-11T21:12:40Z,2025-12-12T15:26:40Z,COMPLETE,,0.01000000,0.01000000,92536.11,91220.39,0E-8,0E-8,0E-8,0E-8,-0.01000000,13.16000000,13.15000000
BOSS19_P4B_SOURCE_BOUND_DEAL_V2,H3-C17-MAIN,BTCUSD,16385,PERIOD_H1,990001,990001,0,2,862,264,267,862,866,2025.12.19 05:28:20,2025.12.30 23:59:59,1766122100000,1767139199000,2025-12-19T03:28:20Z,2025-12-30T21:59:59Z,COMPLETE,,0.01000000,0.01000000,87098.42,88216.09,0E-8,0E-8,0E-8,0E-8,-0.07000000,-11.18000000,-11.25000000
BOSS19_P4B_SOURCE_BOUND_DEAL_V2,H3-C17-MAIN,BTCUSD,16385,PERIOD_H1,990001,990001,990001,2,863,265,266,863,865,2025.12.19 09:11:40,2025.12.19 19:33:40,1766135500000,1766172820000,2025-12-19T07:11:40Z,2025-12-19T17:33:40Z,COMPLETE,,0.01000000,0.01000000,88231.70,86886.98,0E-8,0E-8,0E-8,0E-8,0E-8,13.45000000,13.45000000
BOSS19_P4B_SOURCE_BOUND_DEAL_V2,H3-C17-BWD,BTCUSD,16385,PERIOD_H1,990001,990001,990001,2,2,2,3,2,5,2020.01.03 11:52:40,2020.03.12 13:30:40,1578052360000,1584019840000,2020-01-03T09:52:40Z,2020-03-12T10:30:40Z,COMPLETE,,0.01000000,0.01000000,7299.06,7141.31,0E-8,0E-8,0E-8,0E-8,0E-8,1.58000000,1.58000000
BOSS19_P4B_SOURCE_BOUND_DEAL_V2,H3-C17-BWD,BTCUSD,16385,PERIOD_H1,990001,990001,990001,2,9,4,9,9,14,2020.03.17 16:13:40,2020.03.17 16:44:40,1584461620000,1584463480000,2020-03-17T13:13:40Z,2020-03-17T13:44:40Z,COMPLETE,,0.01000000,0.01000000,5421.86,5211.40,0E-8,0E-8,0E-8,0E-8,0E-8,2.10000000,2.10000000
BOSS19_P4B_SOURCE_BOUND_DEAL_V2,H3-C17-BWD,BTCUSD,16385,PERIOD_H1,990001,990001,990001,2,10,5,8,10,13,2020.03.17 16:13:40,2020.03.17 16:15:00,1584461620000,1584461700000,2020-03-17T13:13:40Z,2020-03-17T13:15:00Z,COMPLETE,,0.01000000,0.01000000,5623.29,5263.12,0E-8,0E-8,0E-8,0E-8,0E-8,3.60000000,3.60000000
BOSS19_P4B_SOURCE_BOUND_DEAL_V2,H3-C17-BWD,BTCUSD,16385,PERIOD_H1,990001,990001,990001,2,11,6,7,11,12,2020.03.17 16:13:40,2020.03.17 16:15:00,1584461620000,1584461700000,2020-03-17T13:13:40Z,2020-03-17T13:15:00Z,COMPLETE,,0.01000000,0.01000000,5824.73,5263.12,0E-8,0E-8,0E-8,0E-8,0E-8,5.62000000,5.62000000
BOSS19_P4B_SOURCE_BOUND_DEAL_V2,H3-C17-BWD,BTCUSD,16385,PERIOD_H1,990001,990001,990001,2,15,10,11,15,18,2020.03.17 19:01:40,2020.03.18 10:25:40,1584471700000,1584527140000,2020-03-17T16:01:40Z,2020-03-18T07:25:40Z,COMPLETE,,0.01000000,0.01000000,5396.52,5170.85,0E-8,0E-8,0E-8,0E-8,0E-8,2.26000000,2.26000000
BOSS19_P4B_SOURCE_BOUND_DEAL_V2,H3-C17-BWD,BTCUSD,16385,PERIOD_H1,990001,990001,0,2,19,12,13,19,22,2020.03.18 16:54:40,2022.12.30 23:59:59,1584550480000,1672444799000,2020-03-18T13:54:40Z,2022-12-30T21:59:59Z,COMPLETE,,0.01000000,0.01000000,5382.68,16608.44,0E-8,0E-8,0E-8,0E-8,-2.92000000,-112.26000000,-115.18000000
BOSS19_P4B_SOURCE_BOUND_DEAL_V2,H3-C18-MAIN,BTCUSD,16388,PERIOD_H4,990001,990001,0,2,2,2,5,2,6,2023.01.02 09:15:40,2025.12.30 23:59:59,1672650940000,1767139199000,2023-01-02T07:15:40Z,2025-12-30T21:59:59Z,COMPLETE,,0.01000000,0.01000000,16698.63,88216.09,0E-8,0E-8,0E-8,0E-8,-6.26000000,-715.17000000,-721.43000000
BOSS19_P4B_SOURCE_BOUND_DEAL_V2,H3-C18-MAIN,BTCUSD,16388,PERIOD_H4,990001,990001,990001,2,3,3,4,3,5,2023.01.04 05:15:20,2023.01.06 15:29:40,1672809320000,1673018980000,2023-01-04T03:15:20Z,2023-01-06T13:29:40Z,COMPLETE,,0.01000000,0.01000000,16816.47,16694.90,0E-8,0E-8,0E-8,0E-8,0E-8,1.22000000,1.22000000
BOSS19_P4B_SOURCE_BOUND_DEAL_V2,H3-C18-BWD,BTCUSD,16388,PERIOD_H4,990001,990001,990001,2,44,2,5,44,48,2020.01.03 10:42:40,2020.03.12 13:32:40,1578048160000,1584019960000,2020-01-03T08:42:40Z,2020-03-12T10:32:40Z,COMPLETE,,0.01000000,0.01000000,7230.83,7026.77,0E-8,0E-8,0E-8,0E-8,0E-8,2.04000000,2.04000000
BOSS19_P4B_SOURCE_BOUND_DEAL_V2,H3-C18-BWD,BTCUSD,16388,PERIOD_H4,990001,990001,990001,2,45,3,4,45,47,2020.01.03 18:13:40,2020.03.12 13:25:40,1578075220000,1584019540000,2020-01-03T16:13:40Z,2020-03-12T10:25:40Z,COMPLETE,,0.01000000,0.01000000,7345.08,7199.01,0E-8,0E-8,0E-8,0E-8,0E-8,1.46000000,1.46000000
BOSS19_P4B_SOURCE_BOUND_DEAL_V2,H3-C18-BWD,BTCUSD,16388,PERIOD_H4,990001,990001,990001,2,52,6,7,52,55,2020.03.25 12:17:40,2020.04.28 00:17:40,1585138660000,1588033060000,2020-03-25T09:17:40Z,2020-04-27T21:17:40Z,COMPLETE,,0.01000000,0.01000000,6888.37,7726.38,0E-8,0E-8,0E-8,0E-8,-0.72000000,8.38000000,7.66000000
BOSS19_P4B_SOURCE_BOUND_DEAL_V2,H3-C18-BWD,BTCUSD,16388,PERIOD_H4,990001,990001,990001,2,56,8,13,56,61,2020.04.29 09:01:40,2020.04.29 20:41:40,1588150900000,1588192900000,2020-04-29T06:01:40Z,2020-04-29T17:41:40Z,COMPLETE,,0.01000000,0.01000000,7909.27,8848.49,0E-8,0E-8,0E-8,0E-8,0E-8,9.39000000,9.39000000
BOSS19_P4B_SOURCE_BOUND_DEAL_V2,H3-C18-BWD,BTCUSD,16388,PERIOD_H4,990001,990001,990001,2,57,9,12,57,60,2020.04.29 13:12:40,2020.04.29 20:41:40,1588165960000,1588192900000,2020-04-29T10:12:40Z,2020-04-29T17:41:40Z,COMPLETE,,0.01000000,0.01000000,8076.73,8848.49,0E-8,0E-8,0E-8,0E-8,0E-8,7.72000000,7.72000000
BOSS19_P4B_SOURCE_BOUND_DEAL_V2,H3-C18-BWD,BTCUSD,16388,PERIOD_H4,990001,990001,990001,2,58,10,11,58,59,2020.04.29 15:55:40,2020.04.29 20:41:40,1588175740000,1588192900000,2020-04-29T12:55:40Z,2020-04-29T17:41:40Z,COMPLETE,,0.02000000,0.02000000,8244.18,8848.49,0E-8,0E-8,0E-8,0E-8,0E-8,12.09000000,12.09000000
BOSS19_P4B_SOURCE_BOUND_DEAL_V2,H3-C18-BWD,BTCUSD,16388,PERIOD_H4,990001,990001,990001,2,62,14,19,62,67,2020.04.30 06:03:40,2020.05.07 20:38:40,1588226620000,1588883920000,2020-04-30T03:03:40Z,2020-05-07T17:38:40Z,COMPLETE,,0.01000000,0.01000000,9004.11,9871.19,0E-8,0E-8,0E-8,0E-8,-0.20000000,8.67000000,8.47000000
BOSS19_P4B_SOURCE_BOUND_DEAL_V2,H3-C18-BWD,BTCUSD,16388,PERIOD_H4,990001,990001,990001,2,63,15,18,63,66,2020.04.30 06:36:40,2020.05.07 20:38:40,1588228600000,1588883920000,2020-04-30T03:36:40Z,2020-05-07T17:38:40Z,COMPLETE,,0.01000000,0.01000000,9149.72,9871.19,0E-8,0E-8,0E-8,0E-8,-0.20000000,7.21000000,7.01000000
BOSS19_P4B_SOURCE_BOUND_DEAL_V2,H3-C18-BWD,BTCUSD,16388,PERIOD_H4,990001,990001,990001,2,64,16,17,64,65,2020.04.30 06:55:40,2020.05.07 20:38:40,1588229740000,1588883920000,2020-04-30T03:55:40Z,2020-05-07T17:38:40Z,COMPLETE,,0.02000000,0.02000000,9295.33,9871.19,0E-8,0E-8,0E-8,0E-8,-0.39000000,11.52000000,11.13000000
BOSS19_P4B_SOURCE_BOUND_DEAL_V2,H3-C18-BWD,BTCUSD,16388,PERIOD_H4,990001,990001,990001,2,68,20,21,68,71,2020.05.08 02:42:40,2020.07.27 16:59:20,1588905760000,1595869160000,2020-05-07T23:42:40Z,2020-07-27T13:59:20Z,COMPLETE,,0.01000000,0.01000000,10023.73,10391.95,0E-8,0E-8,0E-8,0E-8,-2.24000000,3.68000000,1.44000000
BOSS19_P4B_SOURCE_BOUND_DEAL_V2,H3-C18-BWD,BTCUSD,16388,PERIOD_H4,990001,990001,990001,2,72,22,27,72,77,2020.07.27 17:54:40,2020.07.27 20:01:40,1595872480000,1595880100000,2020-07-27T14:54:40Z,2020-07-27T17:01:40Z,COMPLETE,,0.01000000,0.01000000,10444.52,10934.54,0E-8,0E-8,0E-8,0E-8,0E-8,4.90000000,4.90000000
BOSS19_P4B_SOURCE_BOUND_DEAL_V2,H3-C18-BWD,BTCUSD,16388,PERIOD_H4,990001,990001,990001,2,73,23,26,73,76,2020.07.27 19:35:40,2020.07.27 20:01:40,1595878540000,1595880100000,2020-07-27T16:35:40Z,2020-07-27T17:01:40Z,COMPLETE,,0.01000000,0.01000000,10517.58,10934.54,0E-8,0E-8,0E-8,0E-8,0E-8,4.17000000,4.17000000
BOSS19_P4B_SOURCE_BOUND_DEAL_V2,H3-C18-BWD,BTCUSD,16388,PERIOD_H4,990001,990001,990001,2,74,24,25,74,75,2020.07.27 19:50:40,2020.07.27 20:01:40,1595879440000,1595880100000,2020-07-27T16:50:40Z,2020-07-27T17:01:40Z,COMPLETE,,0.02000000,0.02000000,10590.63,10934.54,0E-8,0E-8,0E-8,0E-8,0E-8,6.88000000,6.88000000
BOSS19_P4B_SOURCE_BOUND_DEAL_V2,H3-C18-BWD,BTCUSD,16388,PERIOD_H4,990001,990001,990001,2,78,28,33,78,83,2020.07.28 00:53:40,2020.08.05 16:00:40,1595897620000,1596643240000,2020-07-27T21:53:40Z,2020-08-05T13:00:40Z,COMPLETE,,0.01000000,0.01000000,11015.67,11606.96,0E-8,0E-8,0E-8,0E-8,-0.30000000,5.91000000,5.61000000
BOSS19_P4B_SOURCE_BOUND_DEAL_V2,H3-C18-BWD,BTCUSD,16388,PERIOD_H4,990001,990001,990001,2,79,29,32,79,82,2020.07.28 00:55:40,2020.08.05 16:00:40,1595897740000,1596643240000,2020-07-27T21:55:40Z,2020-08-05T13:00:40Z,COMPLETE,,0.01000000,0.01000000,11088.73,11606.96,0E-8,0E-8,0E-8,0E-8,-0.30000000,5.18000000,4.88000000
BOSS19_P4B_SOURCE_BOUND_DEAL_V2,H3-C18-BWD,BTCUSD,16388,PERIOD_H4,990001,990001,990001,2,80,30,31,80,81,2020.07.28 01:00:40,2020.08.05 16:00:40,1595898040000,1596643240000,2020-07-27T22:00:40Z,2020-08-05T13:00:40Z,COMPLETE,,0.02000000,0.02000000,11161.78,11606.96,0E-8,0E-8,0E-8,0E-8,-0.58000000,8.90000000,8.32000000
BOSS19_P4B_SOURCE_BOUND_DEAL_V2,H3-C18-BWD,BTCUSD,16388,PERIOD_H4,990001,990001,990001,2,84,34,39,84,89,2020.08.05 18:10:20,2020.08.17 18:46:40,1596651020000,1597690000000,2020-08-05T15:10:20Z,2020-08-17T15:46:40Z,COMPLETE,,0.01000000,0.01000000,11697.57,12413.25,0E-8,0E-8,0E-8,0E-8,-0.40000000,7.16000000,6.76000000
BOSS19_P4B_SOURCE_BOUND_DEAL_V2,H3-C18-BWD,BTCUSD,16388,PERIOD_H4,990001,990001,990001,2,85,35,38,85,88,2020.08.06 00:41:40,2020.08.17 18:46:40,1596674500000,1597690000000,2020-08-05T21:41:40Z,2020-08-17T15:46:40Z,COMPLETE,,0.01000000,0.01000000,11795.12,12413.25,0E-8,0E-8,0E-8,0E-8,-0.35000000,6.18000000,5.83000000
BOSS19_P4B_SOURCE_BOUND_DEAL_V2,H3-C18-BWD,BTCUSD,16388,PERIOD_H4,990001,990001,990001,2,86,36,37,86,87,2020.08.06 17:33:40,2020.08.17 18:46:40,1596735220000,1597690000000,2020-08-06T14:33:40Z,2020-08-17T15:46:40Z,COMPLETE,,0.02000000,0.02000000,11892.67,12413.25,0E-8,0E-8,0E-8,0E-8,-0.70000000,10.41000000,9.71000000
BOSS19_P4B_SOURCE_BOUND_DEAL_V2,H3-C18-BWD,BTCUSD,16388,PERIOD_H4,990001,990001,990001,2,120,40,41,120,123,2020.08.31 15:54:20,2020.09.01 03:21:40,1598889260000,1598930500000,2020-08-31T12:54:20Z,2020-09-01T00:21:40Z,COMPLETE,,0.01000000,0.01000000,11747.74,11532.70,0E-8,0E-8,0E-8,0E-8,0E-8,2.15000000,2.15000000
BOSS19_P4B_SOURCE_BOUND_DEAL_V2,H3-C18-BWD,BTCUSD,16388,PERIOD_H4,990001,990001,990001,2,124,42,45,124,128,2020.09.01 10:02:40,2020.10.21 17:00:20,1598954560000,1603299620000,2020-09-01T07:02:40Z,2020-10-21T14:00:20Z,COMPLETE,,0.01000000,0.01000000,11893.88,12497.48,0E-8,0E-8,0E-8,0E-8,-1.70000000,6.04000000,4.34000000
BOSS19_P4B_SOURCE_BOUND_DEAL_V2,H3-C18-BWD,BTCUSD,16388,PERIOD_H4,990001,990001,990001,2,125,43,44,125,127,2020.09.01 18:51:40,2020.10.21 17:00:20,1598986300000,1603299620000,2020-09-01T15:51:40Z,2020-10-21T14:00:20Z,COMPLETE,,0.01000000,0.01000000,12034.57,12497.48,0E-8,0E-8,0E-8,0E-8,-1.70000000,4.63000000,2.93000000
BOSS19_P4B_SOURCE_BOUND_DEAL_V2,H3-C18-BWD,BTCUSD,16388,PERIOD_H4,990001,990001,990001,2,129,46,51,129,134,2020.10.21 17:20:40,2020.10.27 13:38:40,1603300840000,1603805920000,2020-10-21T14:20:40Z,2020-10-27T10:38:40Z,COMPLETE,,0.01000000,0.01000000,12567.03,13285.73,0E-8,0E-8,0E-8,0E-8,-0.23000000,7.19000000,6.96000000
BOSS19_P4B_SOURCE_BOUND_DEAL_V2,H3-C18-BWD,BTCUSD,16388,PERIOD_H4,990001,990001,990001,2,130,47,50,130,133,2020.10.21 17:22:40,2020.10.27 13:38:40,1603300960000,1603805920000,2020-10-21T14:22:40Z,2020-10-27T10:38:40Z,COMPLETE,,0.01000000,0.01000000,12673.16,13285.73,0E-8,0E-8,0E-8,0E-8,-0.23000000,6.13000000,5.90000000
BOSS19_P4B_SOURCE_BOUND_DEAL_V2,H3-C18-BWD,BTCUSD,16388,PERIOD_H4,990001,990001,990001,2,131,48,49,131,132,2020.10.21 17:23:40,2020.10.27 13:38:40,1603301020000,1603805920000,2020-10-21T14:23:40Z,2020-10-27T10:38:40Z,COMPLETE,,0.02000000,0.02000000,12779.28,13285.73,0E-8,0E-8,0E-8,0E-8,-0.44000000,10.13000000,9.69000000
BOSS19_P4B_SOURCE_BOUND_DEAL_V2,H3-C18-BWD,BTCUSD,16388,PERIOD_H4,990001,990001,990001,2,135,52,57,135,140,2020.10.27 14:20:40,2020.11.04 19:06:40,1603808440000,1604516800000,2020-10-27T11:20:40Z,2020-11-04T17:06:40Z,COMPLETE,,0.01000000,0.01000000,13407.80,14250.33,0E-8,0E-8,0E-8,0E-8,-0.36000000,8.43000000,8.07000000
BOSS19_P4B_SOURCE_BOUND_DEAL_V2,H3-C18-BWD,BTCUSD,16388,PERIOD_H4,990001,990001,990001,2,136,53,56,136,139,2020.10.27 18:43:20,2020.11.04 19:06:40,1603824200000,1604516800000,2020-10-27T15:43:20Z,2020-11-04T17:06:40Z,COMPLETE,,0.01000000,0.01000000,13524.16,14250.33,0E-8,0E-8,0E-8,0E-8,-0.36000000,7.26000000,6.90000000
BOSS19_P4B_SOURCE_BOUND_DEAL_V2,H3-C18-BWD,BTCUSD,16388,PERIOD_H4,990001,990001,990001,2,137,54,55,137,138,2020.10.27 18:57:40,2020.11.04 19:06:40,1603825060000,1604516800000,2020-10-27T15:57:40Z,2020-11-04T17:06:40Z,COMPLETE,,0.02000000,0.02000000,13640.51,14250.33,0E-8,0E-8,0E-8,0E-8,-0.70000000,12.20000000,11.50000000
BOSS19_P4B_SOURCE_BOUND_DEAL_V2,H3-C18-BWD,BTCUSD,16388,PERIOD_H4,990001,990001,990001,2,141,58,63,141,146,2020.11.05 05:53:20,2020.11.05 18:04:40,1604555600000,1604599480000,2020-11-05T03:53:20Z,2020-11-05T16:04:40Z,COMPLETE,,0.01000000,0.01000000,14392.14,15309.33,0E-8,0E-8,0E-8,0E-8,0E-8,9.17000000,9.17000000
BOSS19_P4B_SOURCE_BOUND_DEAL_V2,H3-C18-BWD,BTCUSD,16388,PERIOD_H4,990001,990001,990001,2,142,59,62,142,145,2020.11.05 09:40:40,2020.11.05 18:04:40,1604569240000,1604599480000,2020-11-05T07:40:40Z,2020-11-05T16:04:40Z,COMPLETE,,0.01000000,0.01000000,14527.84,15309.33,0E-8,0E-8,0E-8,0E-8,0E-8,7.81000000,7.81000000
BOSS19_P4B_SOURCE_BOUND_DEAL_V2,H3-C18-BWD,BTCUSD,16388,PERIOD_H4,990001,990001,990001,2,143,60,61,143,144,2020.11.05 12:59:40,2020.11.05 18:04:40,1604581180000,1604599480000,2020-11-05T10:59:40Z,2020-11-05T16:04:40Z,COMPLETE,,0.02000000,0.02000000,14663.55,15309.33,0E-8,0E-8,0E-8,0E-8,0E-8,12.92000000,12.92000000
BOSS19_P4B_SOURCE_BOUND_DEAL_V2,H3-C18-BWD,BTCUSD,16388,PERIOD_H4,990001,990001,990001,2,147,64,69,147,152,2020.11.06 00:22:40,2020.11.13 03:41:40,1604622160000,1605238900000,2020-11-05T22:22:40Z,2020-11-13T01:41:40Z,COMPLETE,,0.01000000,0.01000000,15454.03,16473.55,0E-8,0E-8,0E-8,0E-8,-0.35000000,10.20000000,9.85000000
BOSS19_P4B_SOURCE_BOUND_DEAL_V2,H3-C18-BWD,BTCUSD,16388,PERIOD_H4,990001,990001,990001,2,148,65,68,148,151,2020.11.06 00:57:40,2020.11.13 03:41:40,1604624260000,1605238900000,2020-11-05T22:57:40Z,2020-11-13T01:41:40Z,COMPLETE,,0.01000000,0.01000000,15592.79,16473.55,0E-8,0E-8,0E-8,0E-8,-0.35000000,8.81000000,8.46000000
BOSS19_P4B_SOURCE_BOUND_DEAL_V2,H3-C18-BWD,BTCUSD,16388,PERIOD_H4,990001,990001,990001,2,149,66,67,149,150,2020.11.06 01:13:40,2020.11.13 03:41:40,1604625220000,1605238900000,2020-11-05T23:13:40Z,2020-11-13T01:41:40Z,COMPLETE,,0.02000000,0.02000000,15731.55,16473.55,0E-8,0E-8,0E-8,0E-8,-0.66000000,14.84000000,14.18000000
BOSS19_P4B_SOURCE_BOUND_DEAL_V2,H3-C18-BWD,BTCUSD,16388,PERIOD_H4,990001,990001,990001,2,153,70,75,153,158,2020.11.16 18:32:40,2020.11.17 19:43:40,1605551560000,1605642220000,2020-11-16T16:32:40Z,2020-11-17T17:43:40Z,COMPLETE,,0.01000000,0.01000000,16650.03,17779.17,0E-8,0E-8,0E-8,0E-8,-0.07000000,11.29000000,11.22000000
BOSS19_P4B_SOURCE_BOUND_DEAL_V2,H3-C18-BWD,BTCUSD,16388,PERIOD_H4,990001,990001,990001,2,154,71,74,154,157,2020.11.16 21:16:40,2020.11.17 19:43:40,1605561400000,1605642220000,2020-11-16T19:16:40Z,2020-11-17T17:43:40Z,COMPLETE,,0.01000000,0.01000000,16818.52,17779.17,0E-8,0E-8,0E-8,0E-8,-0.07000000,9.61000000,9.54000000
BOSS19_P4B_SOURCE_BOUND_DEAL_V2,H3-C18-BWD,BTCUSD,16388,PERIOD_H4,990001,990001,990001,2,155,72,73,155,156,2020.11.17 13:37:40,2020.11.17 19:43:40,1605620260000,1605642220000,2020-11-17T11:37:40Z,2020-11-17T17:43:40Z,COMPLETE,,0.02000000,0.02000000,16987.02,17779.17,0E-8,0E-8,0E-8,0E-8,0E-8,15.84000000,15.84000000
BOSS19_P4B_SOURCE_BOUND_DEAL_V2,H3-C18-BWD,BTCUSD,16388,PERIOD_H4,990001,990001,990001,2,159,76,81,159,164,2020.11.18 05:51:40,2020.11.24 15:10:40,1605678700000,1606230640000,2020-11-18T03:51:40Z,2020-11-24T13:10:40Z,COMPLETE,,0.01000000,0.01000000,17958.80,19279.19,0E-8,0E-8,0E-8,0E-8,-0.32000000,13.20000000,12.88000000
BOSS19_P4B_SOURCE_BOUND_DEAL_V2,H3-C18-BWD,BTCUSD,16388,PERIOD_H4,990001,990001,990001,2,160,77,80,160,163,2020.11.18 06:16:40,2020.11.24 15:10:40,1605680200000,1606230640000,2020-11-18T04:16:40Z,2020-11-24T13:10:40Z,COMPLETE,,0.01000000,0.01000000,18138.23,19279.19,0E-8,0E-8,0E-8,0E-8,-0.32000000,11.41000000,11.09000000
BOSS19_P4B_SOURCE_BOUND_DEAL_V2,H3-C18-BWD,BTCUSD,16388,PERIOD_H4,990001,990001,990001,2,161,78,79,161,162,2020.11.18 06:44:40,2020.11.24 15:10:40,1605681880000,1606230640000,2020-11-18T04:44:40Z,2020-11-24T13:10:40Z,COMPLETE,,0.02000000,0.02000000,18317.67,19279.19,0E-8,0E-8,0E-8,0E-8,-0.62000000,19.23000000,18.61000000
BOSS19_P4B_SOURCE_BOUND_DEAL_V2,H3-C18-BWD,BTCUSD,16388,PERIOD_H4,990001,990001,990001,2,168,82,87,168,173,2020.11.30 00:03:00,2022.11.09 19:23:40,1606694580000,1668021820000,2020-11-29T22:03:00Z,2022-11-09T17:23:40Z,COMPLETE,,0.01000000,0.01000000,17177.74,16966.05,0E-8,0E-8,0E-8,0E-8,-2.92000000,2.12000000,-0.80000000
BOSS19_P4B_SOURCE_BOUND_DEAL_V2,H3-C18-BWD,BTCUSD,16388,PERIOD_H4,990001,990001,990001,2,169,83,86,169,172,2020.11.30 00:03:00,2022.11.09 17:40:40,1606694580000,1668015640000,2020-11-29T22:03:00Z,2022-11-09T15:40:40Z,COMPLETE,,0.01000000,0.01000000,17431.80,17166.62,0E-8,0E-8,0E-8,0E-8,-2.92000000,2.65000000,-0.27000000
BOSS19_P4B_SOURCE_BOUND_DEAL_V2,H3-C18-BWD,BTCUSD,16388,PERIOD_H4,990001,990001,990001,2,170,84,85,170,171,2020.11.30 00:03:00,2022.11.08 21:31:40,1606694580000,1667943100000,2020-11-29T22:03:00Z,2022-11-08T19:31:40Z,COMPLETE,,0.01000000,0.01000000,17685.86,17461.00,0E-8,0E-8,0E-8,0E-8,-2.92000000,2.25000000,-0.67000000
BOSS19_P4B_SOURCE_BOUND_DEAL_V2,H3-C18-BWD,BTCUSD,16388,PERIOD_H4,990001,990001,990001,2,174,88,93,174,179,2022.11.10 15:31:40,2022.11.11 16:19:40,1668094300000,1668183580000,2022-11-10T13:31:40Z,2022-11-11T14:19:40Z,COMPLETE,,0.01000000,0.01000000,17072.15,16768.20,0E-8,0E-8,0E-8,0E-8,0E-8,3.04000000,3.04000000
BOSS19_P4B_SOURCE_BOUND_DEAL_V2,H3-C18-BWD,BTCUSD,16388,PERIOD_H4,990001,990001,990001,2,175,89,90,175,177,2022.11.10 15:31:40,2022.11.10 15:32:40,1668094300000,1668094360000,2022-11-10T13:31:40Z,2022-11-10T13:32:40Z,COMPLETE,,0.01000000,0.01000000,17270.03,17045.40,0E-8,0E-8,0E-8,0E-8,0E-8,2.25000000,2.25000000
BOSS19_P4B_SOURCE_BOUND_DEAL_V2,H3-C18-BWD,BTCUSD,16388,PERIOD_H4,990001,990001,990001,2,176,91,92,176,178,2022.11.10 15:34:20,2022.11.10 15:37:40,1668094460000,1668094660000,2022-11-10T13:34:20Z,2022-11-10T13:37:40Z,COMPLETE,,0.01000000,0.01000000,17467.90,17201.00,0E-8,0E-8,0E-8,0E-8,0E-8,2.67000000,2.67000000
BOSS19_P4B_SOURCE_BOUND_DEAL_V2,H3-C18-BWD,BTCUSD,16388,PERIOD_H4,990001,990001,990001,2,180,94,97,180,184,2022.11.11 16:47:40,2022.11.11 18:16:40,1668185260000,1668190600000,2022-11-11T14:47:40Z,2022-11-11T16:16:40Z,COMPLETE,,0.01000000,0.01000000,16943.10,16668.70,0E-8,0E-8,0E-8,0E-8,0E-8,2.74000000,2.74000000
BOSS19_P4B_SOURCE_BOUND_DEAL_V2,H3-C18-BWD,BTCUSD,16388,PERIOD_H4,990001,990001,990001,2,181,95,96,181,183,2022.11.11 16:47:40,2022.11.11 16:52:40,1668185260000,1668185560000,2022-11-11T14:47:40Z,2022-11-11T14:52:40Z,COMPLETE,,0.01000000,0.01000000,17186.19,16889.10,0E-8,0E-8,0E-8,0E-8,0E-8,2.97000000,2.97000000
BOSS19_P4B_SOURCE_BOUND_DEAL_V2,H3-C18-BWD,BTCUSD,16388,PERIOD_H4,990001,990001,990001,2,182,98,99,182,185,2022.11.12 01:52:00,2022.11.12 02:00:40,1668217920000,1668218440000,2022-11-11T23:52:00Z,2022-11-12T00:00:40Z,COMPLETE,,0.01000000,0.01000000,17429.29,17030.32,0E-8,0E-8,0E-8,0E-8,0E-8,3.99000000,3.99000000
BOSS19_P4B_SOURCE_BOUND_DEAL_V2,H3-C18-BWD,BTCUSD,16388,PERIOD_H4,990001,990001,990001,2,225,100,105,225,230,2022.11.30 21:18:40,2022.12.14 20:22:40,1669843120000,1671049360000,2022-11-30T19:18:40Z,2022-12-14T18:22:40Z,COMPLETE,,0.01000000,0.01000000,17168.93,18225.50,0E-8,0E-8,0E-8,0E-8,-0.71000000,10.57000000,9.86000000
BOSS19_P4B_SOURCE_BOUND_DEAL_V2,H3-C18-BWD,BTCUSD,16388,PERIOD_H4,990001,990001,990001,2,226,101,104,226,229,2022.12.05 06:57:40,2022.12.14 20:22:40,1670223460000,1671049360000,2022-12-05T04:57:40Z,2022-12-14T18:22:40Z,COMPLETE,,0.01000000,0.01000000,17419.46,18225.50,0E-8,0E-8,0E-8,0E-8,-0.50000000,8.06000000,7.56000000
BOSS19_P4B_SOURCE_BOUND_DEAL_V2,H3-C18-BWD,BTCUSD,16388,PERIOD_H4,990001,990001,990001,2,227,102,103,227,228,2022.12.13 15:20:20,2022.12.14 20:22:40,1670944820000,1671049360000,2022-12-13T13:20:20Z,2022-12-14T18:22:40Z,COMPLETE,,0.02000000,0.02000000,17669.99,18225.50,0E-8,0E-8,0E-8,0E-8,-0.15000000,11.11000000,10.96000000
BOSS19_P4B_SOURCE_BOUND_DEAL_V2,H3-C18-BWD,BTCUSD,16388,PERIOD_H4,990001,990001,990001,2,234,106,109,234,238,2022.12.20 06:40:40,2022.12.22 16:32:40,1671518440000,1671726760000,2022-12-20T04:40:40Z,2022-12-22T14:32:40Z,COMPLETE,,0.01000000,0.01000000,16842.11,16697.50,0E-8,0E-8,0E-8,0E-8,0E-8,1.45000000,1.45000000
BOSS19_P4B_SOURCE_BOUND_DEAL_V2,H3-C18-BWD,BTCUSD,16388,PERIOD_H4,990001,990001,990001,2,235,107,108,235,237,2022.12.20 17:22:20,2022.12.20 18:23:40,1671556940000,1671560620000,2022-12-20T15:22:20Z,2022-12-20T16:23:40Z,COMPLETE,,0.01000000,0.01000000,16976.44,16834.67,0E-8,0E-8,0E-8,0E-8,0E-8,1.42000000,1.42000000
