schema_version,created_utc,evidence_package_sha256,timeline_sha256,timeline_manifest_sha256,prejoin_readiness_sha256,package_review_receipt_sha256,classifier_id,classifier_version,h3_run_id,window,year,symbol,tf,attribution_unit,macro_state,local_state,vol_state,classification_status,eligible_unit_count,classified_unit_count,unknown_unit_count,participation_share,net_realized,gross_profit,gross_loss,profit_factor,partition_realized_equity_dd,dd_basis,dd_order_basis,hard_kill_count,max_open_exposure,exposure_basis,macro_coverage_min,macro_partial_unit_count,unknown_reason_counts,participation_confidence,participation_confidence_basis,concentration_flags,evidence_status,distinct_entry_days,distinct_entry_months,distinct_entry_years,basket_status
BOSS19_P4B_REGIME_AFFINITY_V1,2026-09-02T17:30:00Z,1330a822ed66149ba07d693d8732ced5b9e9ce66d15f34ce8d21ef70894b760c,5f3a0f8d1accd25cb6cc08ad1c6e291aed6d238d620269102151016dbfaf569d,858f4d02d1ae30511dd1f38ffab347c85c06a4a25df4bedf901dc169c2847916,ffa5a59f49cf9099c50520cc95c548ad2d47883a472689dfb58ffc722a44d51e,bb331765f169503ad878223d54a6f45fd2bb6e289609ae671857e298384463a4,BOSS19_P4_REGIME_CLASSIFIER_V1,1.0.0,H3-C01-BWD,BWD,2020,XAUUSD,M15,DEAL,NEUTRAL,RANGE,LOW,CLASSIFIED,1,1,0,0.02272727,21.19000000,21.19000000,0.00000000,,0.00000000,PARTITION_REALIZED_SEQUENCE,EXIT_TIME_MSC_THEN_SOURCE_DEAL_ID,,,UNAVAILABLE_FROM_SOURCE_BOUND_UNIT_PACKAGE,1.00000000,0,{},UNKNOWN,NO_PREDECLARED_NUMERIC_MAPPING_IN_CONTRACT,BASKET_UNAVAILABLE;SINGLE_YEAR_ABS_NET_GE_50PCT,COMPLETE,1,1,1,UNAVAILABLE_NO_SOURCE_BASKET_ID
BOSS19_P4B_REGIME_AFFINITY_V1,2026-09-02T17:30:00Z,1330a822ed66149ba07d693d8732ced5b9e9ce66d15f34ce8d21ef70894b760c,5f3a0f8d1accd25cb6cc08ad1c6e291aed6d238d620269102151016dbfaf569d,858f4d02d1ae30511dd1f38ffab347c85c06a4a25df4bedf901dc169c2847916,ffa5a59f49cf9099c50520cc95c548ad2d47883a472689dfb58ffc722a44d51e,bb331765f169503ad878223d54a6f45fd2bb6e289609ae671857e298384463a4,BOSS19_P4_REGIME_CLASSIFIER_V1,1.0.0,H3-C01-BWD,BWD,2020,XAUUSD,M15,DEAL,NEUTRAL,RANGE,NORMAL,CLASSIFIED,1,1,0,0.02272727,7.13000000,7.13000000,0.00000000,,0.00000000,PARTITION_REALIZED_SEQUENCE,EXIT_TIME_MSC_THEN_SOURCE_DEAL_ID,,,UNAVAILABLE_FROM_SOURCE_BOUND_UNIT_PACKAGE,1.00000000,0,{},UNKNOWN,NO_PREDECLARED_NUMERIC_MAPPING_IN_CONTRACT,BASKET_UNAVAILABLE;SINGLE_YEAR_ABS_NET_GE_50PCT,COMPLETE,1,1,1,UNAVAILABLE_NO_SOURCE_BASKET_ID
BOSS19_P4B_REGIME_AFFINITY_V1,2026-09-02T17:30:00Z,1330a822ed66149ba07d693d8732ced5b9e9ce66d15f34ce8d21ef70894b760c,5f3a0f8d1accd25cb6cc08ad1c6e291aed6d238d620269102151016dbfaf569d,858f4d02d1ae30511dd1f38ffab347c85c06a4a25df4bedf901dc169c2847916,ffa5a59f49cf9099c50520cc95c548ad2d47883a472689dfb58ffc722a44d51e,bb331765f169503ad878223d54a6f45fd2bb6e289609ae671857e298384463a4,BOSS19_P4_REGIME_CLASSIFIER_V1,1.0.0,H3-C01-BWD,BWD,2020,XAUUSD,M15,DEAL,NEUTRAL,TRANSITION,NORMAL,CLASSIFIED,2,2,0,0.04545455,136.62000000,136.62000000,0.00000000,,0.00000000,PARTITION_REALIZED_SEQUENCE,EXIT_TIME_MSC_THEN_SOURCE_DEAL_ID,,,UNAVAILABLE_FROM_SOURCE_BOUND_UNIT_PACKAGE,1.00000000,0,{},UNKNOWN,NO_PREDECLARED_NUMERIC_MAPPING_IN_CONTRACT,BASKET_UNAVAILABLE;SINGLE_YEAR_ABS_NET_GE_50PCT,COMPLETE,1,1,1,UNAVAILABLE_NO_SOURCE_BASKET_ID
BOSS19_P4B_REGIME_AFFINITY_V1,2026-09-02T17:30:00Z,1330a822ed66149ba07d693d8732ced5b9e9ce66d15f34ce8d21ef70894b760c,5f3a0f8d1accd25cb6cc08ad1c6e291aed6d238d620269102151016dbfaf569d,858f4d02d1ae30511dd1f38ffab347c85c06a4a25df4bedf901dc169c2847916,ffa5a59f49cf9099c50520cc95c548ad2d47883a472689dfb58ffc722a44d51e,bb331765f169503ad878223d54a6f45fd2bb6e289609ae671857e298384463a4,BOSS19_P4_REGIME_CLASSIFIER_V1,1.0.0,H3-C01-BWD,BWD,2020,XAUUSD,M15,DEAL,NEUTRAL,TREND_UP,EXTREME,CLASSIFIED,2,2,0,0.04545455,-27.56000000,0.00000000,-27.56000000,0.00000000,27.56000000,PARTITION_REALIZED_SEQUENCE,EXIT_TIME_MSC_THEN_SOURCE_DEAL_ID,,,UNAVAILABLE_FROM_SOURCE_BOUND_UNIT_PACKAGE,1.00000000,0,{},UNKNOWN,NO_PREDECLARED_NUMERIC_MAPPING_IN_CONTRACT,BASKET_UNAVAILABLE;SINGLE_YEAR_ABS_NET_GE_50PCT,COMPLETE,1,1,1,UNAVAILABLE_NO_SOURCE_BASKET_ID
BOSS19_P4B_REGIME_AFFINITY_V1,2026-09-02T17:30:00Z,1330a822ed66149ba07d693d8732ced5b9e9ce66d15f34ce8d21ef70894b760c,5f3a0f8d1accd25cb6cc08ad1c6e291aed6d238d620269102151016dbfaf569d,858f4d02d1ae30511dd1f38ffab347c85c06a4a25df4bedf901dc169c2847916,ffa5a59f49cf9099c50520cc95c548ad2d47883a472689dfb58ffc722a44d51e,bb331765f169503ad878223d54a6f45fd2bb6e289609ae671857e298384463a4,BOSS19_P4_REGIME_CLASSIFIER_V1,1.0.0,H3-C01-BWD,BWD,2020,XAUUSD,M15,DEAL,NEUTRAL,TREND_UP,NORMAL,CLASSIFIED,9,9,0,0.20454545,254.33000000,254.33000000,0.00000000,,0.00000000,PARTITION_REALIZED_SEQUENCE,EXIT_TIME_MSC_THEN_SOURCE_DEAL_ID,,,UNAVAILABLE_FROM_SOURCE_BOUND_UNIT_PACKAGE,1.00000000,0,{},UNKNOWN,NO_PREDECLARED_NUMERIC_MAPPING_IN_CONTRACT,BASKET_UNAVAILABLE;SINGLE_YEAR_ABS_NET_GE_50PCT,COMPLETE,4,2,1,UNAVAILABLE_NO_SOURCE_BASKET_ID
BOSS19_P4B_REGIME_AFFINITY_V1,2026-09-02T17:30:00Z,1330a822ed66149ba07d693d8732ced5b9e9ce66d15f34ce8d21ef70894b760c,5f3a0f8d1accd25cb6cc08ad1c6e291aed6d238d620269102151016dbfaf569d,858f4d02d1ae30511dd1f38ffab347c85c06a4a25df4bedf901dc169c2847916,ffa5a59f49cf9099c50520cc95c548ad2d47883a472689dfb58ffc722a44d51e,bb331765f169503ad878223d54a6f45fd2bb6e289609ae671857e298384463a4,BOSS19_P4_REGIME_CLASSIFIER_V1,1.0.0,H3-C01-BWD,BWD,2020,XAUUSD,M15,DEAL,RISK_OFF,TREND_UP,NORMAL,CLASSIFIED,3,3,0,0.06818182,-72.40000000,0.00000000,-72.40000000,0.00000000,72.40000000,PARTITION_REALIZED_SEQUENCE,EXIT_TIME_MSC_THEN_SOURCE_DEAL_ID,,,UNAVAILABLE_FROM_SOURCE_BOUND_UNIT_PACKAGE,1.00000000,0,{},UNKNOWN,NO_PREDECLARED_NUMERIC_MAPPING_IN_CONTRACT,BASKET_UNAVAILABLE;SINGLE_YEAR_ABS_NET_GE_50PCT,COMPLETE,1,1,1,UNAVAILABLE_NO_SOURCE_BASKET_ID
BOSS19_P4B_REGIME_AFFINITY_V1,2026-09-02T17:30:00Z,1330a822ed66149ba07d693d8732ced5b9e9ce66d15f34ce8d21ef70894b760c,5f3a0f8d1accd25cb6cc08ad1c6e291aed6d238d620269102151016dbfaf569d,858f4d02d1ae30511dd1f38ffab347c85c06a4a25df4bedf901dc169c2847916,ffa5a59f49cf9099c50520cc95c548ad2d47883a472689dfb58ffc722a44d51e,bb331765f169503ad878223d54a6f45fd2bb6e289609ae671857e298384463a4,BOSS19_P4_REGIME_CLASSIFIER_V1,1.0.0,H3-C01-BWD,BWD,2020,XAUUSD,M15,DEAL,STRESS,RANGE,NORMAL,CLASSIFIED,3,3,0,0.06818182,34.75000000,34.75000000,0.00000000,,0.00000000,PARTITION_REALIZED_SEQUENCE,EXIT_TIME_MSC_THEN_SOURCE_DEAL_ID,,,UNAVAILABLE_FROM_SOURCE_BOUND_UNIT_PACKAGE,1.00000000,0,{},UNKNOWN,NO_PREDECLARED_NUMERIC_MAPPING_IN_CONTRACT,BASKET_UNAVAILABLE;SINGLE_YEAR_ABS_NET_GE_50PCT,COMPLETE,3,2,1,UNAVAILABLE_NO_SOURCE_BASKET_ID
BOSS19_P4B_REGIME_AFFINITY_V1,2026-09-02T17:30:00Z,1330a822ed66149ba07d693d8732ced5b9e9ce66d15f34ce8d21ef70894b760c,5f3a0f8d1accd25cb6cc08ad1c6e291aed6d238d620269102151016dbfaf569d,858f4d02d1ae30511dd1f38ffab347c85c06a4a25df4bedf901dc169c2847916,ffa5a59f49cf9099c50520cc95c548ad2d47883a472689dfb58ffc722a44d51e,bb331765f169503ad878223d54a6f45fd2bb6e289609ae671857e298384463a4,BOSS19_P4_REGIME_CLASSIFIER_V1,1.0.0,H3-C01-BWD,BWD,2020,XAUUSD,M15,DEAL,STRESS,TREND_DOWN,HIGH,CLASSIFIED,1,1,0,0.02272727,8.57000000,8.57000000,0.00000000,,0.00000000,PARTITION_REALIZED_SEQUENCE,EXIT_TIME_MSC_THEN_SOURCE_DEAL_ID,,,UNAVAILABLE_FROM_SOURCE_BOUND_UNIT_PACKAGE,1.00000000,0,{},UNKNOWN,NO_PREDECLARED_NUMERIC_MAPPING_IN_CONTRACT,BASKET_UNAVAILABLE;SINGLE_YEAR_ABS_NET_GE_50PCT,COMPLETE,1,1,1,UNAVAILABLE_NO_SOURCE_BASKET_ID
BOSS19_P4B_REGIME_AFFINITY_V1,2026-09-02T17:30:00Z,1330a822ed66149ba07d693d8732ced5b9e9ce66d15f34ce8d21ef70894b760c,5f3a0f8d1accd25cb6cc08ad1c6e291aed6d238d620269102151016dbfaf569d,858f4d02d1ae30511dd1f38ffab347c85c06a4a25df4bedf901dc169c2847916,ffa5a59f49cf9099c50520cc95c548ad2d47883a472689dfb58ffc722a44d51e,bb331765f169503ad878223d54a6f45fd2bb6e289609ae671857e298384463a4,BOSS19_P4_REGIME_CLASSIFIER_V1,1.0.0,H3-C01-BWD,BWD,2020,XAUUSD,M15,DEAL,STRESS,TREND_UP,NORMAL,CLASSIFIED,1,1,0,0.02272727,-0.58000000,0.00000000,-0.58000000,0.00000000,0.58000000,PARTITION_REALIZED_SEQUENCE,EXIT_TIME_MSC_THEN_SOURCE_DEAL_ID,,,UNAVAILABLE_FROM_SOURCE_BOUND_UNIT_PACKAGE,1.00000000,0,{},UNKNOWN,NO_PREDECLARED_NUMERIC_MAPPING_IN_CONTRACT,BASKET_UNAVAILABLE;SINGLE_YEAR_ABS_NET_GE_50PCT,COMPLETE,1,1,1,UNAVAILABLE_NO_SOURCE_BASKET_ID
BOSS19_P4B_REGIME_AFFINITY_V1,2026-09-02T17:30:00Z,1330a822ed66149ba07d693d8732ced5b9e9ce66d15f34ce8d21ef70894b760c,5f3a0f8d1accd25cb6cc08ad1c6e291aed6d238d620269102151016dbfaf569d,858f4d02d1ae30511dd1f38ffab347c85c06a4a25df4bedf901dc169c2847916,ffa5a59f49cf9099c50520cc95c548ad2d47883a472689dfb58ffc722a44d51e,bb331765f169503ad878223d54a6f45fd2bb6e289609ae671857e298384463a4,BOSS19_P4_REGIME_CLASSIFIER_V1,1.0.0,H3-C01-BWD,BWD,2021,XAUUSD,M15,DEAL,NEUTRAL,RANGE,EXTREME,CLASSIFIED,1,1,0,0.02272727,28.88000000,28.88000000,0.00000000,,0.00000000,PARTITION_REALIZED_SEQUENCE,EXIT_TIME_MSC_THEN_SOURCE_DEAL_ID,,,UNAVAILABLE_FROM_SOURCE_BOUND_UNIT_PACKAGE,1.00000000,0,{},UNKNOWN,NO_PREDECLARED_NUMERIC_MAPPING_IN_CONTRACT,BASKET_UNAVAILABLE;SINGLE_YEAR_ABS_NET_GE_50PCT,COMPLETE,1,1,1,UNAVAILABLE_NO_SOURCE_BASKET_ID
BOSS19_P4B_REGIME_AFFINITY_V1,2026-09-02T17:30:00Z,1330a822ed66149ba07d693d8732ced5b9e9ce66d15f34ce8d21ef70894b760c,5f3a0f8d1accd25cb6cc08ad1c6e291aed6d238d620269102151016dbfaf569d,858f4d02d1ae30511dd1f38ffab347c85c06a4a25df4bedf901dc169c2847916,ffa5a59f49cf9099c50520cc95c548ad2d47883a472689dfb58ffc722a44d51e,bb331765f169503ad878223d54a6f45fd2bb6e289609ae671857e298384463a4,BOSS19_P4_REGIME_CLASSIFIER_V1,1.0.0,H3-C01-BWD,BWD,2021,XAUUSD,M15,DEAL,NEUTRAL,RANGE,HIGH,CLASSIFIED,2,2,0,0.04545455,14.69000000,14.69000000,0.00000000,,0.00000000,PARTITION_REALIZED_SEQUENCE,EXIT_TIME_MSC_THEN_SOURCE_DEAL_ID,,,UNAVAILABLE_FROM_SOURCE_BOUND_UNIT_PACKAGE,1.00000000,0,{},UNKNOWN,NO_PREDECLARED_NUMERIC_MAPPING_IN_CONTRACT,BASKET_UNAVAILABLE;SINGLE_YEAR_ABS_NET_GE_50PCT,COMPLETE,1,1,1,UNAVAILABLE_NO_SOURCE_BASKET_ID
BOSS19_P4B_REGIME_AFFINITY_V1,2026-09-02T17:30:00Z,1330a822ed66149ba07d693d8732ced5b9e9ce66d15f34ce8d21ef70894b760c,5f3a0f8d1accd25cb6cc08ad1c6e291aed6d238d620269102151016dbfaf569d,858f4d02d1ae30511dd1f38ffab347c85c06a4a25df4bedf901dc169c2847916,ffa5a59f49cf9099c50520cc95c548ad2d47883a472689dfb58ffc722a44d51e,bb331765f169503ad878223d54a6f45fd2bb6e289609ae671857e298384463a4,BOSS19_P4_REGIME_CLASSIFIER_V1,1.0.0,H3-C01-BWD,BWD,2021,XAUUSD,M15,DEAL,NEUTRAL,RANGE,NORMAL,CLASSIFIED,1,1,0,0.02272727,22.73000000,22.73000000,0.00000000,,0.00000000,PARTITION_REALIZED_SEQUENCE,EXIT_TIME_MSC_THEN_SOURCE_DEAL_ID,,,UNAVAILABLE_FROM_SOURCE_BOUND_UNIT_PACKAGE,1.00000000,0,{},UNKNOWN,NO_PREDECLARED_NUMERIC_MAPPING_IN_CONTRACT,BASKET_UNAVAILABLE;SINGLE_YEAR_ABS_NET_GE_50PCT,COMPLETE,1,1,1,UNAVAILABLE_NO_SOURCE_BASKET_ID
BOSS19_P4B_REGIME_AFFINITY_V1,2026-09-02T17:30:00Z,1330a822ed66149ba07d693d8732ced5b9e9ce66d15f34ce8d21ef70894b760c,5f3a0f8d1accd25cb6cc08ad1c6e291aed6d238d620269102151016dbfaf569d,858f4d02d1ae30511dd1f38ffab347c85c06a4a25df4bedf901dc169c2847916,ffa5a59f49cf9099c50520cc95c548ad2d47883a472689dfb58ffc722a44d51e,bb331765f169503ad878223d54a6f45fd2bb6e289609ae671857e298384463a4,BOSS19_P4_REGIME_CLASSIFIER_V1,1.0.0,H3-C01-BWD,BWD,2021,XAUUSD,M15,DEAL,NEUTRAL,TREND_DOWN,HIGH,CLASSIFIED,1,1,0,0.02272727,8.51000000,8.51000000,0.00000000,,0.00000000,PARTITION_REALIZED_SEQUENCE,EXIT_TIME_MSC_THEN_SOURCE_DEAL_ID,,,UNAVAILABLE_FROM_SOURCE_BOUND_UNIT_PACKAGE,1.00000000,0,{},UNKNOWN,NO_PREDECLARED_NUMERIC_MAPPING_IN_CONTRACT,BASKET_UNAVAILABLE;SINGLE_YEAR_ABS_NET_GE_50PCT,COMPLETE,1,1,1,UNAVAILABLE_NO_SOURCE_BASKET_ID
BOSS19_P4B_REGIME_AFFINITY_V1,2026-09-02T17:30:00Z,1330a822ed66149ba07d693d8732ced5b9e9ce66d15f34ce8d21ef70894b760c,5f3a0f8d1accd25cb6cc08ad1c6e291aed6d238d620269102151016dbfaf569d,858f4d02d1ae30511dd1f38ffab347c85c06a4a25df4bedf901dc169c2847916,ffa5a59f49cf9099c50520cc95c548ad2d47883a472689dfb58ffc722a44d51e,bb331765f169503ad878223d54a6f45fd2bb6e289609ae671857e298384463a4,BOSS19_P4_REGIME_CLASSIFIER_V1,1.0.0,H3-C01-BWD,BWD,2021,XAUUSD,M15,DEAL,NEUTRAL,TREND_DOWN,NORMAL,CLASSIFIED,1,1,0,0.02272727,7.08000000,7.08000000,0.00000000,,0.00000000,PARTITION_REALIZED_SEQUENCE,EXIT_TIME_MSC_THEN_SOURCE_DEAL_ID,,,UNAVAILABLE_FROM_SOURCE_BOUND_UNIT_PACKAGE,1.00000000,0,{},UNKNOWN,NO_PREDECLARED_NUMERIC_MAPPING_IN_CONTRACT,BASKET_UNAVAILABLE;SINGLE_YEAR_ABS_NET_GE_50PCT,COMPLETE,1,1,1,UNAVAILABLE_NO_SOURCE_BASKET_ID
BOSS19_P4B_REGIME_AFFINITY_V1,2026-09-02T17:30:00Z,1330a822ed66149ba07d693d8732ced5b9e9ce66d15f34ce8d21ef70894b760c,5f3a0f8d1accd25cb6cc08ad1c6e291aed6d238d620269102151016dbfaf569d,858f4d02d1ae30511dd1f38ffab347c85c06a4a25df4bedf901dc169c2847916,ffa5a59f49cf9099c50520cc95c548ad2d47883a472689dfb58ffc722a44d51e,bb331765f169503ad878223d54a6f45fd2bb6e289609ae671857e298384463a4,BOSS19_P4_REGIME_CLASSIFIER_V1,1.0.0,H3-C01-BWD,BWD,2021,XAUUSD,M15,DEAL,NEUTRAL,TREND_UP,NORMAL,CLASSIFIED,3,3,0,0.06818182,-164.07000000,27.28000000,-191.35000000,0.14256598,185.78000000,PARTITION_REALIZED_SEQUENCE,EXIT_TIME_MSC_THEN_SOURCE_DEAL_ID,,,UNAVAILABLE_FROM_SOURCE_BOUND_UNIT_PACKAGE,1.00000000,0,{},UNKNOWN,NO_PREDECLARED_NUMERIC_MAPPING_IN_CONTRACT,BASKET_UNAVAILABLE;SINGLE_YEAR_ABS_NET_GE_50PCT,COMPLETE,3,2,1,UNAVAILABLE_NO_SOURCE_BASKET_ID
BOSS19_P4B_REGIME_AFFINITY_V1,2026-09-02T17:30:00Z,1330a822ed66149ba07d693d8732ced5b9e9ce66d15f34ce8d21ef70894b760c,5f3a0f8d1accd25cb6cc08ad1c6e291aed6d238d620269102151016dbfaf569d,858f4d02d1ae30511dd1f38ffab347c85c06a4a25df4bedf901dc169c2847916,ffa5a59f49cf9099c50520cc95c548ad2d47883a472689dfb58ffc722a44d51e,bb331765f169503ad878223d54a6f45fd2bb6e289609ae671857e298384463a4,BOSS19_P4_REGIME_CLASSIFIER_V1,1.0.0,H3-C01-BWD,BWD,2022,XAUUSD,M15,DEAL,NEUTRAL,RANGE,EXTREME,CLASSIFIED,1,1,0,0.02272727,12.87000000,12.87000000,0.00000000,,0.00000000,PARTITION_REALIZED_SEQUENCE,EXIT_TIME_MSC_THEN_SOURCE_DEAL_ID,,,UNAVAILABLE_FROM_SOURCE_BOUND_UNIT_PACKAGE,1.00000000,0,{},UNKNOWN,NO_PREDECLARED_NUMERIC_MAPPING_IN_CONTRACT,BASKET_UNAVAILABLE;SINGLE_YEAR_ABS_NET_GE_50PCT,COMPLETE,1,1,1,UNAVAILABLE_NO_SOURCE_BASKET_ID
BOSS19_P4B_REGIME_AFFINITY_V1,2026-09-02T17:30:00Z,1330a822ed66149ba07d693d8732ced5b9e9ce66d15f34ce8d21ef70894b760c,5f3a0f8d1accd25cb6cc08ad1c6e291aed6d238d620269102151016dbfaf569d,858f4d02d1ae30511dd1f38ffab347c85c06a4a25df4bedf901dc169c2847916,ffa5a59f49cf9099c50520cc95c548ad2d47883a472689dfb58ffc722a44d51e,bb331765f169503ad878223d54a6f45fd2bb6e289609ae671857e298384463a4,BOSS19_P4_REGIME_CLASSIFIER_V1,1.0.0,H3-C01-BWD,BWD,2022,XAUUSD,M15,DEAL,NEUTRAL,RANGE,HIGH,CLASSIFIED,1,1,0,0.02272727,-337.44000000,0.00000000,-337.44000000,0.00000000,337.44000000,PARTITION_REALIZED_SEQUENCE,EXIT_TIME_MSC_THEN_SOURCE_DEAL_ID,,,UNAVAILABLE_FROM_SOURCE_BOUND_UNIT_PACKAGE,1.00000000,0,{},UNKNOWN,NO_PREDECLARED_NUMERIC_MAPPING_IN_CONTRACT,BASKET_UNAVAILABLE;SINGLE_YEAR_ABS_NET_GE_50PCT,COMPLETE,1,1,1,UNAVAILABLE_NO_SOURCE_BASKET_ID
BOSS19_P4B_REGIME_AFFINITY_V1,2026-09-02T17:30:00Z,1330a822ed66149ba07d693d8732ced5b9e9ce66d15f34ce8d21ef70894b760c,5f3a0f8d1accd25cb6cc08ad1c6e291aed6d238d620269102151016dbfaf569d,858f4d02d1ae30511dd1f38ffab347c85c06a4a25df4bedf901dc169c2847916,ffa5a59f49cf9099c50520cc95c548ad2d47883a472689dfb58ffc722a44d51e,bb331765f169503ad878223d54a6f45fd2bb6e289609ae671857e298384463a4,BOSS19_P4_REGIME_CLASSIFIER_V1,1.0.0,H3-C01-BWD,BWD,2022,XAUUSD,M15,DEAL,NEUTRAL,TREND_UP,HIGH,CLASSIFIED,1,1,0,0.02272727,-714.00000000,0.00000000,-714.00000000,0.00000000,714.00000000,PARTITION_REALIZED_SEQUENCE,EXIT_TIME_MSC_THEN_SOURCE_DEAL_ID,,,UNAVAILABLE_FROM_SOURCE_BOUND_UNIT_PACKAGE,1.00000000,0,{},UNKNOWN,NO_PREDECLARED_NUMERIC_MAPPING_IN_CONTRACT,BASKET_UNAVAILABLE;SINGLE_YEAR_ABS_NET_GE_50PCT,COMPLETE,1,1,1,UNAVAILABLE_NO_SOURCE_BASKET_ID
BOSS19_P4B_REGIME_AFFINITY_V1,2026-09-02T17:30:00Z,1330a822ed66149ba07d693d8732ced5b9e9ce66d15f34ce8d21ef70894b760c,5f3a0f8d1accd25cb6cc08ad1c6e291aed6d238d620269102151016dbfaf569d,858f4d02d1ae30511dd1f38ffab347c85c06a4a25df4bedf901dc169c2847916,ffa5a59f49cf9099c50520cc95c548ad2d47883a472689dfb58ffc722a44d51e,bb331765f169503ad878223d54a6f45fd2bb6e289609ae671857e298384463a4,BOSS19_P4_REGIME_CLASSIFIER_V1,1.0.0,H3-C01-BWD,BWD,2022,XAUUSD,M15,DEAL,NEUTRAL,TREND_UP,NORMAL,CLASSIFIED,1,1,0,0.02272727,-348.40000000,0.00000000,-348.40000000,0.00000000,348.40000000,PARTITION_REALIZED_SEQUENCE,EXIT_TIME_MSC_THEN_SOURCE_DEAL_ID,,,UNAVAILABLE_FROM_SOURCE_BOUND_UNIT_PACKAGE,1.00000000,0,{},UNKNOWN,NO_PREDECLARED_NUMERIC_MAPPING_IN_CONTRACT,BASKET_UNAVAILABLE;SINGLE_YEAR_ABS_NET_GE_50PCT,COMPLETE,1,1,1,UNAVAILABLE_NO_SOURCE_BASKET_ID
BOSS19_P4B_REGIME_AFFINITY_V1,2026-09-02T17:30:00Z,1330a822ed66149ba07d693d8732ced5b9e9ce66d15f34ce8d21ef70894b760c,5f3a0f8d1accd25cb6cc08ad1c6e291aed6d238d620269102151016dbfaf569d,858f4d02d1ae30511dd1f38ffab347c85c06a4a25df4bedf901dc169c2847916,ffa5a59f49cf9099c50520cc95c548ad2d47883a472689dfb58ffc722a44d51e,bb331765f169503ad878223d54a6f45fd2bb6e289609ae671857e298384463a4,BOSS19_P4_REGIME_CLASSIFIER_V1,1.0.0,H3-C01-BWD,BWD,2022,XAUUSD,M15,DEAL,STRESS,RANGE,EXTREME,CLASSIFIED,4,4,0,0.09090909,42.54000000,42.54000000,0.00000000,,0.00000000,PARTITION_REALIZED_SEQUENCE,EXIT_TIME_MSC_THEN_SOURCE_DEAL_ID,,,UNAVAILABLE_FROM_SOURCE_BOUND_UNIT_PACKAGE,1.00000000,0,{},UNKNOWN,NO_PREDECLARED_NUMERIC_MAPPING_IN_CONTRACT,BASKET_UNAVAILABLE;SINGLE_YEAR_ABS_NET_GE_50PCT,COMPLETE,2,1,1,UNAVAILABLE_NO_SOURCE_BASKET_ID
BOSS19_P4B_REGIME_AFFINITY_V1,2026-09-02T17:30:00Z,1330a822ed66149ba07d693d8732ced5b9e9ce66d15f34ce8d21ef70894b760c,5f3a0f8d1accd25cb6cc08ad1c6e291aed6d238d620269102151016dbfaf569d,858f4d02d1ae30511dd1f38ffab347c85c06a4a25df4bedf901dc169c2847916,ffa5a59f49cf9099c50520cc95c548ad2d47883a472689dfb58ffc722a44d51e,bb331765f169503ad878223d54a6f45fd2bb6e289609ae671857e298384463a4,BOSS19_P4_REGIME_CLASSIFIER_V1,1.0.0,H3-C01-BWD,BWD,2022,XAUUSD,M15,DEAL,STRESS,TRANSITION,EXTREME,CLASSIFIED,1,1,0,0.02272727,10.59000000,10.59000000,0.00000000,,0.00000000,PARTITION_REALIZED_SEQUENCE,EXIT_TIME_MSC_THEN_SOURCE_DEAL_ID,,,UNAVAILABLE_FROM_SOURCE_BOUND_UNIT_PACKAGE,1.00000000,0,{},UNKNOWN,NO_PREDECLARED_NUMERIC_MAPPING_IN_CONTRACT,BASKET_UNAVAILABLE;SINGLE_YEAR_ABS_NET_GE_50PCT,COMPLETE,1,1,1,UNAVAILABLE_NO_SOURCE_BASKET_ID
BOSS19_P4B_REGIME_AFFINITY_V1,2026-09-02T17:30:00Z,1330a822ed66149ba07d693d8732ced5b9e9ce66d15f34ce8d21ef70894b760c,5f3a0f8d1accd25cb6cc08ad1c6e291aed6d238d620269102151016dbfaf569d,858f4d02d1ae30511dd1f38ffab347c85c06a4a25df4bedf901dc169c2847916,ffa5a59f49cf9099c50520cc95c548ad2d47883a472689dfb58ffc722a44d51e,bb331765f169503ad878223d54a6f45fd2bb6e289609ae671857e298384463a4,BOSS19_P4_REGIME_CLASSIFIER_V1,1.0.0,H3-C01-BWD,BWD,2022,XAUUSD,M15,DEAL,STRESS,TREND_UP,EXTREME,CLASSIFIED,3,3,0,0.06818182,140.40000000,140.40000000,0.00000000,,0.00000000,PARTITION_REALIZED_SEQUENCE,EXIT_TIME_MSC_THEN_SOURCE_DEAL_ID,,,UNAVAILABLE_FROM_SOURCE_BOUND_UNIT_PACKAGE,1.00000000,0,{},UNKNOWN,NO_PREDECLARED_NUMERIC_MAPPING_IN_CONTRACT,BASKET_UNAVAILABLE;SINGLE_YEAR_ABS_NET_GE_50PCT,COMPLETE,1,1,1,UNAVAILABLE_NO_SOURCE_BASKET_ID
BOSS19_P4B_REGIME_AFFINITY_V1,2026-09-02T17:30:00Z,1330a822ed66149ba07d693d8732ced5b9e9ce66d15f34ce8d21ef70894b760c,5f3a0f8d1accd25cb6cc08ad1c6e291aed6d238d620269102151016dbfaf569d,858f4d02d1ae30511dd1f38ffab347c85c06a4a25df4bedf901dc169c2847916,ffa5a59f49cf9099c50520cc95c548ad2d47883a472689dfb58ffc722a44d51e,bb331765f169503ad878223d54a6f45fd2bb6e289609ae671857e298384463a4,BOSS19_P4_REGIME_CLASSIFIER_V1,1.0.0,H3-C01-MAIN,MAIN,2023,XAUUSD,M15,DEAL,NEUTRAL,TRANSITION,HIGH,CLASSIFIED,2,2,0,0.02500000,-254.49000000,0.00000000,-254.49000000,0.00000000,254.49000000,PARTITION_REALIZED_SEQUENCE,EXIT_TIME_MSC_THEN_SOURCE_DEAL_ID,,,UNAVAILABLE_FROM_SOURCE_BOUND_UNIT_PACKAGE,1.00000000,0,{},UNKNOWN,NO_PREDECLARED_NUMERIC_MAPPING_IN_CONTRACT,BASKET_UNAVAILABLE;SINGLE_YEAR_ABS_NET_GE_50PCT,COMPLETE,1,1,1,UNAVAILABLE_NO_SOURCE_BASKET_ID
BOSS19_P4B_REGIME_AFFINITY_V1,2026-09-02T17:30:00Z,1330a822ed66149ba07d693d8732ced5b9e9ce66d15f34ce8d21ef70894b760c,5f3a0f8d1accd25cb6cc08ad1c6e291aed6d238d620269102151016dbfaf569d,858f4d02d1ae30511dd1f38ffab347c85c06a4a25df4bedf901dc169c2847916,ffa5a59f49cf9099c50520cc95c548ad2d47883a472689dfb58ffc722a44d51e,bb331765f169503ad878223d54a6f45fd2bb6e289609ae671857e298384463a4,BOSS19_P4_REGIME_CLASSIFIER_V1,1.0.0,H3-C01-MAIN,MAIN,2023,XAUUSD,M15,DEAL,NEUTRAL,TREND_UP,EXTREME,CLASSIFIED,1,1,0,0.01250000,-37.25000000,0.00000000,-37.25000000,0.00000000,37.25000000,PARTITION_REALIZED_SEQUENCE,EXIT_TIME_MSC_THEN_SOURCE_DEAL_ID,,,UNAVAILABLE_FROM_SOURCE_BOUND_UNIT_PACKAGE,1.00000000,0,{},UNKNOWN,NO_PREDECLARED_NUMERIC_MAPPING_IN_CONTRACT,BASKET_UNAVAILABLE;SINGLE_YEAR_ABS_NET_GE_50PCT,COMPLETE,1,1,1,UNAVAILABLE_NO_SOURCE_BASKET_ID
BOSS19_P4B_REGIME_AFFINITY_V1,2026-09-02T17:30:00Z,1330a822ed66149ba07d693d8732ced5b9e9ce66d15f34ce8d21ef70894b760c,5f3a0f8d1accd25cb6cc08ad1c6e291aed6d238d620269102151016dbfaf569d,858f4d02d1ae30511dd1f38ffab347c85c06a4a25df4bedf901dc169c2847916,ffa5a59f49cf9099c50520cc95c548ad2d47883a472689dfb58ffc722a44d51e,bb331765f169503ad878223d54a6f45fd2bb6e289609ae671857e298384463a4,BOSS19_P4_REGIME_CLASSIFIER_V1,1.0.0,H3-C01-MAIN,MAIN,2023,XAUUSD,M15,DEAL,NEUTRAL,TREND_UP,HIGH,CLASSIFIED,3,3,0,0.03750000,165.32000000,165.32000000,0.00000000,,0.00000000,PARTITION_REALIZED_SEQUENCE,EXIT_TIME_MSC_THEN_SOURCE_DEAL_ID,,,UNAVAILABLE_FROM_SOURCE_BOUND_UNIT_PACKAGE,1.00000000,0,{},UNKNOWN,NO_PREDECLARED_NUMERIC_MAPPING_IN_CONTRACT,BASKET_UNAVAILABLE;SINGLE_YEAR_ABS_NET_GE_50PCT,COMPLETE,1,1,1,UNAVAILABLE_NO_SOURCE_BASKET_ID
BOSS19_P4B_REGIME_AFFINITY_V1,2026-09-02T17:30:00Z,1330a822ed66149ba07d693d8732ced5b9e9ce66d15f34ce8d21ef70894b760c,5f3a0f8d1accd25cb6cc08ad1c6e291aed6d238d620269102151016dbfaf569d,858f4d02d1ae30511dd1f38ffab347c85c06a4a25df4bedf901dc169c2847916,ffa5a59f49cf9099c50520cc95c548ad2d47883a472689dfb58ffc722a44d51e,bb331765f169503ad878223d54a6f45fd2bb6e289609ae671857e298384463a4,BOSS19_P4_REGIME_CLASSIFIER_V1,1.0.0,H3-C01-MAIN,MAIN,2023,XAUUSD,M15,DEAL,NEUTRAL,TREND_UP,NORMAL,CLASSIFIED,1,1,0,0.01250000,-11.96000000,0.00000000,-11.96000000,0.00000000,11.96000000,PARTITION_REALIZED_SEQUENCE,EXIT_TIME_MSC_THEN_SOURCE_DEAL_ID,,,UNAVAILABLE_FROM_SOURCE_BOUND_UNIT_PACKAGE,1.00000000,0,{},UNKNOWN,NO_PREDECLARED_NUMERIC_MAPPING_IN_CONTRACT,BASKET_UNAVAILABLE;SINGLE_YEAR_ABS_NET_GE_50PCT,COMPLETE,1,1,1,UNAVAILABLE_NO_SOURCE_BASKET_ID
BOSS19_P4B_REGIME_AFFINITY_V1,2026-09-02T17:30:00Z,1330a822ed66149ba07d693d8732ced5b9e9ce66d15f34ce8d21ef70894b760c,5f3a0f8d1accd25cb6cc08ad1c6e291aed6d238d620269102151016dbfaf569d,858f4d02d1ae30511dd1f38ffab347c85c06a4a25df4bedf901dc169c2847916,ffa5a59f49cf9099c50520cc95c548ad2d47883a472689dfb58ffc722a44d51e,bb331765f169503ad878223d54a6f45fd2bb6e289609ae671857e298384463a4,BOSS19_P4_REGIME_CLASSIFIER_V1,1.0.0,H3-C01-MAIN,MAIN,2023,XAUUSD,M15,DEAL,RISK_OFF,RANGE,NORMAL,CLASSIFIED,2,2,0,0.02500000,55.65000000,55.65000000,0.00000000,,0.00000000,PARTITION_REALIZED_SEQUENCE,EXIT_TIME_MSC_THEN_SOURCE_DEAL_ID,,,UNAVAILABLE_FROM_SOURCE_BOUND_UNIT_PACKAGE,1.00000000,0,{},UNKNOWN,NO_PREDECLARED_NUMERIC_MAPPING_IN_CONTRACT,BASKET_UNAVAILABLE;SINGLE_YEAR_ABS_NET_GE_50PCT,COMPLETE,2,2,1,UNAVAILABLE_NO_SOURCE_BASKET_ID
BOSS19_P4B_REGIME_AFFINITY_V1,2026-09-02T17:30:00Z,1330a822ed66149ba07d693d8732ced5b9e9ce66d15f34ce8d21ef70894b760c,5f3a0f8d1accd25cb6cc08ad1c6e291aed6d238d620269102151016dbfaf569d,858f4d02d1ae30511dd1f38ffab347c85c06a4a25df4bedf901dc169c2847916,ffa5a59f49cf9099c50520cc95c548ad2d47883a472689dfb58ffc722a44d51e,bb331765f169503ad878223d54a6f45fd2bb6e289609ae671857e298384463a4,BOSS19_P4_REGIME_CLASSIFIER_V1,1.0.0,H3-C01-MAIN,MAIN,2023,XAUUSD,M15,DEAL,RISK_OFF,TREND_UP,EXTREME,CLASSIFIED,3,3,0,0.03750000,131.99000000,131.99000000,0.00000000,,0.00000000,PARTITION_REALIZED_SEQUENCE,EXIT_TIME_MSC_THEN_SOURCE_DEAL_ID,,,UNAVAILABLE_FROM_SOURCE_BOUND_UNIT_PACKAGE,1.00000000,0,{},UNKNOWN,NO_PREDECLARED_NUMERIC_MAPPING_IN_CONTRACT,BASKET_UNAVAILABLE;SINGLE_YEAR_ABS_NET_GE_50PCT,COMPLETE,1,1,1,UNAVAILABLE_NO_SOURCE_BASKET_ID
BOSS19_P4B_REGIME_AFFINITY_V1,2026-09-02T17:30:00Z,1330a822ed66149ba07d693d8732ced5b9e9ce66d15f34ce8d21ef70894b760c,5f3a0f8d1accd25cb6cc08ad1c6e291aed6d238d620269102151016dbfaf569d,858f4d02d1ae30511dd1f38ffab347c85c06a4a25df4bedf901dc169c2847916,ffa5a59f49cf9099c50520cc95c548ad2d47883a472689dfb58ffc722a44d51e,bb331765f169503ad878223d54a6f45fd2bb6e289609ae671857e298384463a4,BOSS19_P4_REGIME_CLASSIFIER_V1,1.0.0,H3-C01-MAIN,MAIN,2023,XAUUSD,M15,DEAL,RISK_OFF,TREND_UP,NORMAL,CLASSIFIED,3,3,0,0.03750000,126.13000000,126.13000000,0.00000000,,0.00000000,PARTITION_REALIZED_SEQUENCE,EXIT_TIME_MSC_THEN_SOURCE_DEAL_ID,,,UNAVAILABLE_FROM_SOURCE_BOUND_UNIT_PACKAGE,1.00000000,0,{},UNKNOWN,NO_PREDECLARED_NUMERIC_MAPPING_IN_CONTRACT,BASKET_UNAVAILABLE;SINGLE_YEAR_ABS_NET_GE_50PCT,COMPLETE,1,1,1,UNAVAILABLE_NO_SOURCE_BASKET_ID
BOSS19_P4B_REGIME_AFFINITY_V1,2026-09-02T17:30:00Z,1330a822ed66149ba07d693d8732ced5b9e9ce66d15f34ce8d21ef70894b760c,5f3a0f8d1accd25cb6cc08ad1c6e291aed6d238d620269102151016dbfaf569d,858f4d02d1ae30511dd1f38ffab347c85c06a4a25df4bedf901dc169c2847916,ffa5a59f49cf9099c50520cc95c548ad2d47883a472689dfb58ffc722a44d51e,bb331765f169503ad878223d54a6f45fd2bb6e289609ae671857e298384463a4,BOSS19_P4_REGIME_CLASSIFIER_V1,1.0.0,H3-C01-MAIN,MAIN,2024,XAUUSD,M15,DEAL,NEUTRAL,RANGE,EXTREME,CLASSIFIED,2,2,0,0.02500000,92.04000000,92.04000000,0.00000000,,0.00000000,PARTITION_REALIZED_SEQUENCE,EXIT_TIME_MSC_THEN_SOURCE_DEAL_ID,,,UNAVAILABLE_FROM_SOURCE_BOUND_UNIT_PACKAGE,1.00000000,0,{},UNKNOWN,NO_PREDECLARED_NUMERIC_MAPPING_IN_CONTRACT,BASKET_UNAVAILABLE;SINGLE_YEAR_ABS_NET_GE_50PCT,COMPLETE,2,1,1,UNAVAILABLE_NO_SOURCE_BASKET_ID
BOSS19_P4B_REGIME_AFFINITY_V1,2026-09-02T17:30:00Z,1330a822ed66149ba07d693d8732ced5b9e9ce66d15f34ce8d21ef70894b760c,5f3a0f8d1accd25cb6cc08ad1c6e291aed6d238d620269102151016dbfaf569d,858f4d02d1ae30511dd1f38ffab347c85c06a4a25df4bedf901dc169c2847916,ffa5a59f49cf9099c50520cc95c548ad2d47883a472689dfb58ffc722a44d51e,bb331765f169503ad878223d54a6f45fd2bb6e289609ae671857e298384463a4,BOSS19_P4_REGIME_CLASSIFIER_V1,1.0.0,H3-C01-MAIN,MAIN,2024,XAUUSD,M15,DEAL,NEUTRAL,RANGE,HIGH,CLASSIFIED,1,1,0,0.01250000,8.08000000,8.08000000,0.00000000,,0.00000000,PARTITION_REALIZED_SEQUENCE,EXIT_TIME_MSC_THEN_SOURCE_DEAL_ID,,,UNAVAILABLE_FROM_SOURCE_BOUND_UNIT_PACKAGE,1.00000000,0,{},UNKNOWN,NO_PREDECLARED_NUMERIC_MAPPING_IN_CONTRACT,BASKET_UNAVAILABLE;SINGLE_YEAR_ABS_NET_GE_50PCT,COMPLETE,1,1,1,UNAVAILABLE_NO_SOURCE_BASKET_ID
BOSS19_P4B_REGIME_AFFINITY_V1,2026-09-02T17:30:00Z,1330a822ed66149ba07d693d8732ced5b9e9ce66d15f34ce8d21ef70894b760c,5f3a0f8d1accd25cb6cc08ad1c6e291aed6d238d620269102151016dbfaf569d,858f4d02d1ae30511dd1f38ffab347c85c06a4a25df4bedf901dc169c2847916,ffa5a59f49cf9099c50520cc95c548ad2d47883a472689dfb58ffc722a44d51e,bb331765f169503ad878223d54a6f45fd2bb6e289609ae671857e298384463a4,BOSS19_P4_REGIME_CLASSIFIER_V1,1.0.0,H3-C01-MAIN,MAIN,2024,XAUUSD,M15,DEAL,NEUTRAL,RANGE,NORMAL,CLASSIFIED,2,2,0,0.02500000,4.39000000,34.58000000,-30.19000000,1.14541239,30.19000000,PARTITION_REALIZED_SEQUENCE,EXIT_TIME_MSC_THEN_SOURCE_DEAL_ID,,,UNAVAILABLE_FROM_SOURCE_BOUND_UNIT_PACKAGE,1.00000000,0,{},UNKNOWN,NO_PREDECLARED_NUMERIC_MAPPING_IN_CONTRACT,BASKET_UNAVAILABLE;SINGLE_YEAR_ABS_NET_GE_50PCT,COMPLETE,2,2,1,UNAVAILABLE_NO_SOURCE_BASKET_ID
BOSS19_P4B_REGIME_AFFINITY_V1,2026-09-02T17:30:00Z,1330a822ed66149ba07d693d8732ced5b9e9ce66d15f34ce8d21ef70894b760c,5f3a0f8d1accd25cb6cc08ad1c6e291aed6d238d620269102151016dbfaf569d,858f4d02d1ae30511dd1f38ffab347c85c06a4a25df4bedf901dc169c2847916,ffa5a59f49cf9099c50520cc95c548ad2d47883a472689dfb58ffc722a44d51e,bb331765f169503ad878223d54a6f45fd2bb6e289609ae671857e298384463a4,BOSS19_P4_REGIME_CLASSIFIER_V1,1.0.0,H3-C01-MAIN,MAIN,2024,XAUUSD,M15,DEAL,NEUTRAL,TREND_UP,EXTREME,CLASSIFIED,4,4,0,0.05000000,146.24000000,146.24000000,0.00000000,,0.00000000,PARTITION_REALIZED_SEQUENCE,EXIT_TIME_MSC_THEN_SOURCE_DEAL_ID,,,UNAVAILABLE_FROM_SOURCE_BOUND_UNIT_PACKAGE,1.00000000,0,{},UNKNOWN,NO_PREDECLARED_NUMERIC_MAPPING_IN_CONTRACT,BASKET_UNAVAILABLE;SINGLE_YEAR_ABS_NET_GE_50PCT,COMPLETE,2,1,1,UNAVAILABLE_NO_SOURCE_BASKET_ID
BOSS19_P4B_REGIME_AFFINITY_V1,2026-09-02T17:30:00Z,1330a822ed66149ba07d693d8732ced5b9e9ce66d15f34ce8d21ef70894b760c,5f3a0f8d1accd25cb6cc08ad1c6e291aed6d238d620269102151016dbfaf569d,858f4d02d1ae30511dd1f38ffab347c85c06a4a25df4bedf901dc169c2847916,ffa5a59f49cf9099c50520cc95c548ad2d47883a472689dfb58ffc722a44d51e,bb331765f169503ad878223d54a6f45fd2bb6e289609ae671857e298384463a4,BOSS19_P4_REGIME_CLASSIFIER_V1,1.0.0,H3-C01-MAIN,MAIN,2024,XAUUSD,M15,DEAL,NEUTRAL,TREND_UP,HIGH,CLASSIFIED,2,2,0,0.02500000,79.91000000,79.91000000,0.00000000,,0.00000000,PARTITION_REALIZED_SEQUENCE,EXIT_TIME_MSC_THEN_SOURCE_DEAL_ID,,,UNAVAILABLE_FROM_SOURCE_BOUND_UNIT_PACKAGE,1.00000000,0,{},UNKNOWN,NO_PREDECLARED_NUMERIC_MAPPING_IN_CONTRACT,BASKET_UNAVAILABLE;SINGLE_YEAR_ABS_NET_GE_50PCT,COMPLETE,2,2,1,UNAVAILABLE_NO_SOURCE_BASKET_ID
BOSS19_P4B_REGIME_AFFINITY_V1,2026-09-02T17:30:00Z,1330a822ed66149ba07d693d8732ced5b9e9ce66d15f34ce8d21ef70894b760c,5f3a0f8d1accd25cb6cc08ad1c6e291aed6d238d620269102151016dbfaf569d,858f4d02d1ae30511dd1f38ffab347c85c06a4a25df4bedf901dc169c2847916,ffa5a59f49cf9099c50520cc95c548ad2d47883a472689dfb58ffc722a44d51e,bb331765f169503ad878223d54a6f45fd2bb6e289609ae671857e298384463a4,BOSS19_P4_REGIME_CLASSIFIER_V1,1.0.0,H3-C01-MAIN,MAIN,2024,XAUUSD,M15,DEAL,NEUTRAL,TREND_UP,NORMAL,CLASSIFIED,5,5,0,0.06250000,164.99000000,164.99000000,0.00000000,,0.00000000,PARTITION_REALIZED_SEQUENCE,EXIT_TIME_MSC_THEN_SOURCE_DEAL_ID,,,UNAVAILABLE_FROM_SOURCE_BOUND_UNIT_PACKAGE,1.00000000,0,{},UNKNOWN,NO_PREDECLARED_NUMERIC_MAPPING_IN_CONTRACT,BASKET_UNAVAILABLE;SINGLE_YEAR_ABS_NET_GE_50PCT,COMPLETE,4,3,1,UNAVAILABLE_NO_SOURCE_BASKET_ID
BOSS19_P4B_REGIME_AFFINITY_V1,2026-09-02T17:30:00Z,1330a822ed66149ba07d693d8732ced5b9e9ce66d15f34ce8d21ef70894b760c,5f3a0f8d1accd25cb6cc08ad1c6e291aed6d238d620269102151016dbfaf569d,858f4d02d1ae30511dd1f38ffab347c85c06a4a25df4bedf901dc169c2847916,ffa5a59f49cf9099c50520cc95c548ad2d47883a472689dfb58ffc722a44d51e,bb331765f169503ad878223d54a6f45fd2bb6e289609ae671857e298384463a4,BOSS19_P4_REGIME_CLASSIFIER_V1,1.0.0,H3-C01-MAIN,MAIN,2024,XAUUSD,M15,DEAL,RISK_OFF,TREND_UP,HIGH,CLASSIFIED,2,2,0,0.02500000,103.16000000,103.16000000,0.00000000,,0.00000000,PARTITION_REALIZED_SEQUENCE,EXIT_TIME_MSC_THEN_SOURCE_DEAL_ID,,,UNAVAILABLE_FROM_SOURCE_BOUND_UNIT_PACKAGE,1.00000000,0,{},UNKNOWN,NO_PREDECLARED_NUMERIC_MAPPING_IN_CONTRACT,BASKET_UNAVAILABLE;SINGLE_YEAR_ABS_NET_GE_50PCT,COMPLETE,1,1,1,UNAVAILABLE_NO_SOURCE_BASKET_ID
BOSS19_P4B_REGIME_AFFINITY_V1,2026-09-02T17:30:00Z,1330a822ed66149ba07d693d8732ced5b9e9ce66d15f34ce8d21ef70894b760c,5f3a0f8d1accd25cb6cc08ad1c6e291aed6d238d620269102151016dbfaf569d,858f4d02d1ae30511dd1f38ffab347c85c06a4a25df4bedf901dc169c2847916,ffa5a59f49cf9099c50520cc95c548ad2d47883a472689dfb58ffc722a44d51e,bb331765f169503ad878223d54a6f45fd2bb6e289609ae671857e298384463a4,BOSS19_P4_REGIME_CLASSIFIER_V1,1.0.0,H3-C01-MAIN,MAIN,2024,XAUUSD,M15,DEAL,RISK_OFF,TREND_UP,NORMAL,CLASSIFIED,1,1,0,0.01250000,73.32000000,73.32000000,0.00000000,,0.00000000,PARTITION_REALIZED_SEQUENCE,EXIT_TIME_MSC_THEN_SOURCE_DEAL_ID,,,UNAVAILABLE_FROM_SOURCE_BOUND_UNIT_PACKAGE,1.00000000,0,{},UNKNOWN,NO_PREDECLARED_NUMERIC_MAPPING_IN_CONTRACT,BASKET_UNAVAILABLE;SINGLE_YEAR_ABS_NET_GE_50PCT,COMPLETE,1,1,1,UNAVAILABLE_NO_SOURCE_BASKET_ID
BOSS19_P4B_REGIME_AFFINITY_V1,2026-09-02T17:30:00Z,1330a822ed66149ba07d693d8732ced5b9e9ce66d15f34ce8d21ef70894b760c,5f3a0f8d1accd25cb6cc08ad1c6e291aed6d238d620269102151016dbfaf569d,858f4d02d1ae30511dd1f38ffab347c85c06a4a25df4bedf901dc169c2847916,ffa5a59f49cf9099c50520cc95c548ad2d47883a472689dfb58ffc722a44d51e,bb331765f169503ad878223d54a6f45fd2bb6e289609ae671857e298384463a4,BOSS19_P4_REGIME_CLASSIFIER_V1,1.0.0,H3-C01-MAIN,MAIN,2024,XAUUSD,M15,DEAL,RISK_ON,TREND_UP,EXTREME,CLASSIFIED,4,4,0,0.05000000,-26.05000000,67.40000000,-93.45000000,0.72124131,93.45000000,PARTITION_REALIZED_SEQUENCE,EXIT_TIME_MSC_THEN_SOURCE_DEAL_ID,,,UNAVAILABLE_FROM_SOURCE_BOUND_UNIT_PACKAGE,1.00000000,0,{},UNKNOWN,NO_PREDECLARED_NUMERIC_MAPPING_IN_CONTRACT,BASKET_UNAVAILABLE;SINGLE_YEAR_ABS_NET_GE_50PCT,COMPLETE,2,1,1,UNAVAILABLE_NO_SOURCE_BASKET_ID
BOSS19_P4B_REGIME_AFFINITY_V1,2026-09-02T17:30:00Z,1330a822ed66149ba07d693d8732ced5b9e9ce66d15f34ce8d21ef70894b760c,5f3a0f8d1accd25cb6cc08ad1c6e291aed6d238d620269102151016dbfaf569d,858f4d02d1ae30511dd1f38ffab347c85c06a4a25df4bedf901dc169c2847916,ffa5a59f49cf9099c50520cc95c548ad2d47883a472689dfb58ffc722a44d51e,bb331765f169503ad878223d54a6f45fd2bb6e289609ae671857e298384463a4,BOSS19_P4_REGIME_CLASSIFIER_V1,1.0.0,H3-C01-MAIN,MAIN,2025,XAUUSD,M15,DEAL,NEUTRAL,RANGE,EXTREME,CLASSIFIED,1,1,0,0.01250000,95.03000000,95.03000000,0.00000000,,0.00000000,PARTITION_REALIZED_SEQUENCE,EXIT_TIME_MSC_THEN_SOURCE_DEAL_ID,,,UNAVAILABLE_FROM_SOURCE_BOUND_UNIT_PACKAGE,1.00000000,0,{},UNKNOWN,NO_PREDECLARED_NUMERIC_MAPPING_IN_CONTRACT,BASKET_UNAVAILABLE;SINGLE_YEAR_ABS_NET_GE_50PCT,COMPLETE,1,1,1,UNAVAILABLE_NO_SOURCE_BASKET_ID
BOSS19_P4B_REGIME_AFFINITY_V1,2026-09-02T17:30:00Z,1330a822ed66149ba07d693d8732ced5b9e9ce66d15f34ce8d21ef70894b760c,5f3a0f8d1accd25cb6cc08ad1c6e291aed6d238d620269102151016dbfaf569d,858f4d02d1ae30511dd1f38ffab347c85c06a4a25df4bedf901dc169c2847916,ffa5a59f49cf9099c50520cc95c548ad2d47883a472689dfb58ffc722a44d51e,bb331765f169503ad878223d54a6f45fd2bb6e289609ae671857e298384463a4,BOSS19_P4_REGIME_CLASSIFIER_V1,1.0.0,H3-C01-MAIN,MAIN,2025,XAUUSD,M15,DEAL,NEUTRAL,RANGE,HIGH,CLASSIFIED,3,3,0,0.03750000,210.36000000,210.36000000,0.00000000,,0.00000000,PARTITION_REALIZED_SEQUENCE,EXIT_TIME_MSC_THEN_SOURCE_DEAL_ID,,,UNAVAILABLE_FROM_SOURCE_BOUND_UNIT_PACKAGE,1.00000000,0,{},UNKNOWN,NO_PREDECLARED_NUMERIC_MAPPING_IN_CONTRACT,BASKET_UNAVAILABLE;SINGLE_YEAR_ABS_NET_GE_50PCT,COMPLETE,3,1,1,UNAVAILABLE_NO_SOURCE_BASKET_ID
BOSS19_P4B_REGIME_AFFINITY_V1,2026-09-02T17:30:00Z,1330a822ed66149ba07d693d8732ced5b9e9ce66d15f34ce8d21ef70894b760c,5f3a0f8d1accd25cb6cc08ad1c6e291aed6d238d620269102151016dbfaf569d,858f4d02d1ae30511dd1f38ffab347c85c06a4a25df4bedf901dc169c2847916,ffa5a59f49cf9099c50520cc95c548ad2d47883a472689dfb58ffc722a44d51e,bb331765f169503ad878223d54a6f45fd2bb6e289609ae671857e298384463a4,BOSS19_P4_REGIME_CLASSIFIER_V1,1.0.0,H3-C01-MAIN,MAIN,2025,XAUUSD,M15,DEAL,NEUTRAL,RANGE,NORMAL,CLASSIFIED,1,1,0,0.01250000,60.59000000,60.59000000,0.00000000,,0.00000000,PARTITION_REALIZED_SEQUENCE,EXIT_TIME_MSC_THEN_SOURCE_DEAL_ID,,,UNAVAILABLE_FROM_SOURCE_BOUND_UNIT_PACKAGE,1.00000000,0,{},UNKNOWN,NO_PREDECLARED_NUMERIC_MAPPING_IN_CONTRACT,BASKET_UNAVAILABLE;SINGLE_YEAR_ABS_NET_GE_50PCT,COMPLETE,1,1,1,UNAVAILABLE_NO_SOURCE_BASKET_ID
BOSS19_P4B_REGIME_AFFINITY_V1,2026-09-02T17:30:00Z,1330a822ed66149ba07d693d8732ced5b9e9ce66d15f34ce8d21ef70894b760c,5f3a0f8d1accd25cb6cc08ad1c6e291aed6d238d620269102151016dbfaf569d,858f4d02d1ae30511dd1f38ffab347c85c06a4a25df4bedf901dc169c2847916,ffa5a59f49cf9099c50520cc95c548ad2d47883a472689dfb58ffc722a44d51e,bb331765f169503ad878223d54a6f45fd2bb6e289609ae671857e298384463a4,BOSS19_P4_REGIME_CLASSIFIER_V1,1.0.0,H3-C01-MAIN,MAIN,2025,XAUUSD,M15,DEAL,NEUTRAL,TRANSITION,HIGH,CLASSIFIED,1,1,0,0.01250000,21.98000000,21.98000000,0.00000000,,0.00000000,PARTITION_REALIZED_SEQUENCE,EXIT_TIME_MSC_THEN_SOURCE_DEAL_ID,,,UNAVAILABLE_FROM_SOURCE_BOUND_UNIT_PACKAGE,1.00000000,0,{},UNKNOWN,NO_PREDECLARED_NUMERIC_MAPPING_IN_CONTRACT,BASKET_UNAVAILABLE;SINGLE_YEAR_ABS_NET_GE_50PCT,COMPLETE,1,1,1,UNAVAILABLE_NO_SOURCE_BASKET_ID
BOSS19_P4B_REGIME_AFFINITY_V1,2026-09-02T17:30:00Z,1330a822ed66149ba07d693d8732ced5b9e9ce66d15f34ce8d21ef70894b760c,5f3a0f8d1accd25cb6cc08ad1c6e291aed6d238d620269102151016dbfaf569d,858f4d02d1ae30511dd1f38ffab347c85c06a4a25df4bedf901dc169c2847916,ffa5a59f49cf9099c50520cc95c548ad2d47883a472689dfb58ffc722a44d51e,bb331765f169503ad878223d54a6f45fd2bb6e289609ae671857e298384463a4,BOSS19_P4_REGIME_CLASSIFIER_V1,1.0.0,H3-C01-MAIN,MAIN,2025,XAUUSD,M15,DEAL,NEUTRAL,TREND_UP,EXTREME,CLASSIFIED,1,1,0,0.01250000,155.70000000,155.70000000,0.00000000,,0.00000000,PARTITION_REALIZED_SEQUENCE,EXIT_TIME_MSC_THEN_SOURCE_DEAL_ID,,,UNAVAILABLE_FROM_SOURCE_BOUND_UNIT_PACKAGE,1.00000000,0,{},UNKNOWN,NO_PREDECLARED_NUMERIC_MAPPING_IN_CONTRACT,BASKET_UNAVAILABLE;SINGLE_YEAR_ABS_NET_GE_50PCT,COMPLETE,1,1,1,UNAVAILABLE_NO_SOURCE_BASKET_ID
BOSS19_P4B_REGIME_AFFINITY_V1,2026-09-02T17:30:00Z,1330a822ed66149ba07d693d8732ced5b9e9ce66d15f34ce8d21ef70894b760c,5f3a0f8d1accd25cb6cc08ad1c6e291aed6d238d620269102151016dbfaf569d,858f4d02d1ae30511dd1f38ffab347c85c06a4a25df4bedf901dc169c2847916,ffa5a59f49cf9099c50520cc95c548ad2d47883a472689dfb58ffc722a44d51e,bb331765f169503ad878223d54a6f45fd2bb6e289609ae671857e298384463a4,BOSS19_P4_REGIME_CLASSIFIER_V1,1.0.0,H3-C01-MAIN,MAIN,2025,XAUUSD,M15,DEAL,NEUTRAL,TREND_UP,HIGH,CLASSIFIED,3,3,0,0.03750000,235.53000000,235.53000000,0.00000000,,0.00000000,PARTITION_REALIZED_SEQUENCE,EXIT_TIME_MSC_THEN_SOURCE_DEAL_ID,,,UNAVAILABLE_FROM_SOURCE_BOUND_UNIT_PACKAGE,1.00000000,0,{},UNKNOWN,NO_PREDECLARED_NUMERIC_MAPPING_IN_CONTRACT,BASKET_UNAVAILABLE;SINGLE_YEAR_ABS_NET_GE_50PCT,COMPLETE,2,1,1,UNAVAILABLE_NO_SOURCE_BASKET_ID
BOSS19_P4B_REGIME_AFFINITY_V1,2026-09-02T17:30:00Z,1330a822ed66149ba07d693d8732ced5b9e9ce66d15f34ce8d21ef70894b760c,5f3a0f8d1accd25cb6cc08ad1c6e291aed6d238d620269102151016dbfaf569d,858f4d02d1ae30511dd1f38ffab347c85c06a4a25df4bedf901dc169c2847916,ffa5a59f49cf9099c50520cc95c548ad2d47883a472689dfb58ffc722a44d51e,bb331765f169503ad878223d54a6f45fd2bb6e289609ae671857e298384463a4,BOSS19_P4_REGIME_CLASSIFIER_V1,1.0.0,H3-C01-MAIN,MAIN,2025,XAUUSD,M15,DEAL,NEUTRAL,TREND_UP,NORMAL,CLASSIFIED,19,19,0,0.23750000,687.38000000,1139.08000000,-451.70000000,2.52176223,451.70000000,PARTITION_REALIZED_SEQUENCE,EXIT_TIME_MSC_THEN_SOURCE_DEAL_ID,,,UNAVAILABLE_FROM_SOURCE_BOUND_UNIT_PACKAGE,1.00000000,0,{},UNKNOWN,NO_PREDECLARED_NUMERIC_MAPPING_IN_CONTRACT,BASKET_UNAVAILABLE;SINGLE_YEAR_ABS_NET_GE_50PCT,COMPLETE,11,5,1,UNAVAILABLE_NO_SOURCE_BASKET_ID
BOSS19_P4B_REGIME_AFFINITY_V1,2026-09-02T17:30:00Z,1330a822ed66149ba07d693d8732ced5b9e9ce66d15f34ce8d21ef70894b760c,5f3a0f8d1accd25cb6cc08ad1c6e291aed6d238d620269102151016dbfaf569d,858f4d02d1ae30511dd1f38ffab347c85c06a4a25df4bedf901dc169c2847916,ffa5a59f49cf9099c50520cc95c548ad2d47883a472689dfb58ffc722a44d51e,bb331765f169503ad878223d54a6f45fd2bb6e289609ae671857e298384463a4,BOSS19_P4_REGIME_CLASSIFIER_V1,1.0.0,H3-C01-MAIN,MAIN,2025,XAUUSD,M15,DEAL,RISK_OFF,RANGE,NORMAL,CLASSIFIED,1,1,0,0.01250000,95.74000000,95.74000000,0.00000000,,0.00000000,PARTITION_REALIZED_SEQUENCE,EXIT_TIME_MSC_THEN_SOURCE_DEAL_ID,,,UNAVAILABLE_FROM_SOURCE_BOUND_UNIT_PACKAGE,1.00000000,0,{},UNKNOWN,NO_PREDECLARED_NUMERIC_MAPPING_IN_CONTRACT,BASKET_UNAVAILABLE;SINGLE_YEAR_ABS_NET_GE_50PCT,COMPLETE,1,1,1,UNAVAILABLE_NO_SOURCE_BASKET_ID
BOSS19_P4B_REGIME_AFFINITY_V1,2026-09-02T17:30:00Z,1330a822ed66149ba07d693d8732ced5b9e9ce66d15f34ce8d21ef70894b760c,5f3a0f8d1accd25cb6cc08ad1c6e291aed6d238d620269102151016dbfaf569d,858f4d02d1ae30511dd1f38ffab347c85c06a4a25df4bedf901dc169c2847916,ffa5a59f49cf9099c50520cc95c548ad2d47883a472689dfb58ffc722a44d51e,bb331765f169503ad878223d54a6f45fd2bb6e289609ae671857e298384463a4,BOSS19_P4_REGIME_CLASSIFIER_V1,1.0.0,H3-C01-MAIN,MAIN,2025,XAUUSD,M15,DEAL,RISK_OFF,TREND_UP,HIGH,CLASSIFIED,1,1,0,0.01250000,-23.22000000,0.00000000,-23.22000000,0.00000000,23.22000000,PARTITION_REALIZED_SEQUENCE,EXIT_TIME_MSC_THEN_SOURCE_DEAL_ID,,,UNAVAILABLE_FROM_SOURCE_BOUND_UNIT_PACKAGE,1.00000000,0,{},UNKNOWN,NO_PREDECLARED_NUMERIC_MAPPING_IN_CONTRACT,BASKET_UNAVAILABLE;SINGLE_YEAR_ABS_NET_GE_50PCT,COMPLETE,1,1,1,UNAVAILABLE_NO_SOURCE_BASKET_ID
BOSS19_P4B_REGIME_AFFINITY_V1,2026-09-02T17:30:00Z,1330a822ed66149ba07d693d8732ced5b9e9ce66d15f34ce8d21ef70894b760c,5f3a0f8d1accd25cb6cc08ad1c6e291aed6d238d620269102151016dbfaf569d,858f4d02d1ae30511dd1f38ffab347c85c06a4a25df4bedf901dc169c2847916,ffa5a59f49cf9099c50520cc95c548ad2d47883a472689dfb58ffc722a44d51e,bb331765f169503ad878223d54a6f45fd2bb6e289609ae671857e298384463a4,BOSS19_P4_REGIME_CLASSIFIER_V1,1.0.0,H3-C01-MAIN,MAIN,2025,XAUUSD,M15,DEAL,RISK_OFF,TREND_UP,NORMAL,CLASSIFIED,6,6,0,0.07500000,351.53000000,351.53000000,0.00000000,,0.00000000,PARTITION_REALIZED_SEQUENCE,EXIT_TIME_MSC_THEN_SOURCE_DEAL_ID,,,UNAVAILABLE_FROM_SOURCE_BOUND_UNIT_PACKAGE,1.00000000,0,{},UNKNOWN,NO_PREDECLARED_NUMERIC_MAPPING_IN_CONTRACT,BASKET_UNAVAILABLE;SINGLE_YEAR_ABS_NET_GE_50PCT,COMPLETE,5,3,1,UNAVAILABLE_NO_SOURCE_BASKET_ID
BOSS19_P4B_REGIME_AFFINITY_V1,2026-09-02T17:30:00Z,1330a822ed66149ba07d693d8732ced5b9e9ce66d15f34ce8d21ef70894b760c,5f3a0f8d1accd25cb6cc08ad1c6e291aed6d238d620269102151016dbfaf569d,858f4d02d1ae30511dd1f38ffab347c85c06a4a25df4bedf901dc169c2847916,ffa5a59f49cf9099c50520cc95c548ad2d47883a472689dfb58ffc722a44d51e,bb331765f169503ad878223d54a6f45fd2bb6e289609ae671857e298384463a4,BOSS19_P4_REGIME_CLASSIFIER_V1,1.0.0,H3-C01-MAIN,MAIN,2025,XAUUSD,M15,DEAL,STRESS,TREND_UP,EXTREME,CLASSIFIED,4,4,0,0.05000000,9.83000000,161.56000000,-151.73000000,1.06478613,151.73000000,PARTITION_REALIZED_SEQUENCE,EXIT_TIME_MSC_THEN_SOURCE_DEAL_ID,,,UNAVAILABLE_FROM_SOURCE_BOUND_UNIT_PACKAGE,1.00000000,0,{},UNKNOWN,NO_PREDECLARED_NUMERIC_MAPPING_IN_CONTRACT,BASKET_UNAVAILABLE;SINGLE_YEAR_ABS_NET_GE_50PCT,COMPLETE,3,1,1,UNAVAILABLE_NO_SOURCE_BASKET_ID
BOSS19_P4B_REGIME_AFFINITY_V1,2026-09-02T17:30:00Z,1330a822ed66149ba07d693d8732ced5b9e9ce66d15f34ce8d21ef70894b760c,5f3a0f8d1accd25cb6cc08ad1c6e291aed6d238d620269102151016dbfaf569d,858f4d02d1ae30511dd1f38ffab347c85c06a4a25df4bedf901dc169c2847916,ffa5a59f49cf9099c50520cc95c548ad2d47883a472689dfb58ffc722a44d51e,bb331765f169503ad878223d54a6f45fd2bb6e289609ae671857e298384463a4,BOSS19_P4_REGIME_CLASSIFIER_V1,1.0.0,H3-C01-MAIN,MAIN,2025,XAUUSD,M15,DEAL,STRESS,TREND_UP,HIGH,CLASSIFIED,1,1,0,0.01250000,74.09000000,74.09000000,0.00000000,,0.00000000,PARTITION_REALIZED_SEQUENCE,EXIT_TIME_MSC_THEN_SOURCE_DEAL_ID,,,UNAVAILABLE_FROM_SOURCE_BOUND_UNIT_PACKAGE,1.00000000,0,{},UNKNOWN,NO_PREDECLARED_NUMERIC_MAPPING_IN_CONTRACT,BASKET_UNAVAILABLE;SINGLE_YEAR_ABS_NET_GE_50PCT,COMPLETE,1,1,1,UNAVAILABLE_NO_SOURCE_BASKET_ID
BOSS19_P4B_REGIME_AFFINITY_V1,2026-09-02T17:30:00Z,1330a822ed66149ba07d693d8732ced5b9e9ce66d15f34ce8d21ef70894b760c,5f3a0f8d1accd25cb6cc08ad1c6e291aed6d238d620269102151016dbfaf569d,858f4d02d1ae30511dd1f38ffab347c85c06a4a25df4bedf901dc169c2847916,ffa5a59f49cf9099c50520cc95c548ad2d47883a472689dfb58ffc722a44d51e,bb331765f169503ad878223d54a6f45fd2bb6e289609ae671857e298384463a4,BOSS19_P4_REGIME_CLASSIFIER_V1,1.0.0,H3-C02-BWD,BWD,2020,XAUUSD,H1,DEAL,NEUTRAL,RANGE,LOW,CLASSIFIED,2,2,0,0.04081633,38.41000000,38.41000000,0.00000000,,0.00000000,PARTITION_REALIZED_SEQUENCE,EXIT_TIME_MSC_THEN_SOURCE_DEAL_ID,,,UNAVAILABLE_FROM_SOURCE_BOUND_UNIT_PACKAGE,1.00000000,0,{},UNKNOWN,NO_PREDECLARED_NUMERIC_MAPPING_IN_CONTRACT,BASKET_UNAVAILABLE;SINGLE_TUPLE_ABS_NET_GE_50PCT;SINGLE_YEAR_ABS_NET_GE_50PCT,COMPLETE,1,1,1,UNAVAILABLE_NO_SOURCE_BASKET_ID
BOSS19_P4B_REGIME_AFFINITY_V1,2026-09-02T17:30:00Z,1330a822ed66149ba07d693d8732ced5b9e9ce66d15f34ce8d21ef70894b760c,5f3a0f8d1accd25cb6cc08ad1c6e291aed6d238d620269102151016dbfaf569d,858f4d02d1ae30511dd1f38ffab347c85c06a4a25df4bedf901dc169c2847916,ffa5a59f49cf9099c50520cc95c548ad2d47883a472689dfb58ffc722a44d51e,bb331765f169503ad878223d54a6f45fd2bb6e289609ae671857e298384463a4,BOSS19_P4_REGIME_CLASSIFIER_V1,1.0.0,H3-C02-BWD,BWD,2020,XAUUSD,H1,DEAL,NEUTRAL,RANGE,NORMAL,CLASSIFIED,4,4,0,0.08163265,98.40000000,98.40000000,0.00000000,,0.00000000,PARTITION_REALIZED_SEQUENCE,EXIT_TIME_MSC_THEN_SOURCE_DEAL_ID,,,UNAVAILABLE_FROM_SOURCE_BOUND_UNIT_PACKAGE,1.00000000,0,{},UNKNOWN,NO_PREDECLARED_NUMERIC_MAPPING_IN_CONTRACT,BASKET_UNAVAILABLE;SINGLE_TUPLE_ABS_NET_GE_50PCT;SINGLE_YEAR_ABS_NET_GE_50PCT,COMPLETE,3,3,1,UNAVAILABLE_NO_SOURCE_BASKET_ID
BOSS19_P4B_REGIME_AFFINITY_V1,2026-09-02T17:30:00Z,1330a822ed66149ba07d693d8732ced5b9e9ce66d15f34ce8d21ef70894b760c,5f3a0f8d1accd25cb6cc08ad1c6e291aed6d238d620269102151016dbfaf569d,858f4d02d1ae30511dd1f38ffab347c85c06a4a25df4bedf901dc169c2847916,ffa5a59f49cf9099c50520cc95c548ad2d47883a472689dfb58ffc722a44d51e,bb331765f169503ad878223d54a6f45fd2bb6e289609ae671857e298384463a4,BOSS19_P4_REGIME_CLASSIFIER_V1,1.0.0,H3-C02-BWD,BWD,2020,XAUUSD,H1,DEAL,NEUTRAL,TREND_UP,HIGH,CLASSIFIED,1,1,0,0.02040816,-13.54000000,0.00000000,-13.54000000,0.00000000,13.54000000,PARTITION_REALIZED_SEQUENCE,EXIT_TIME_MSC_THEN_SOURCE_DEAL_ID,,,UNAVAILABLE_FROM_SOURCE_BOUND_UNIT_PACKAGE,1.00000000,0,{},UNKNOWN,NO_PREDECLARED_NUMERIC_MAPPING_IN_CONTRACT,BASKET_UNAVAILABLE;SINGLE_TUPLE_ABS_NET_GE_50PCT;SINGLE_YEAR_ABS_NET_GE_50PCT,COMPLETE,1,1,1,UNAVAILABLE_NO_SOURCE_BASKET_ID
BOSS19_P4B_REGIME_AFFINITY_V1,2026-09-02T17:30:00Z,1330a822ed66149ba07d693d8732ced5b9e9ce66d15f34ce8d21ef70894b760c,5f3a0f8d1accd25cb6cc08ad1c6e291aed6d238d620269102151016dbfaf569d,858f4d02d1ae30511dd1f38ffab347c85c06a4a25df4bedf901dc169c2847916,ffa5a59f49cf9099c50520cc95c548ad2d47883a472689dfb58ffc722a44d51e,bb331765f169503ad878223d54a6f45fd2bb6e289609ae671857e298384463a4,BOSS19_P4_REGIME_CLASSIFIER_V1,1.0.0,H3-C02-BWD,BWD,2020,XAUUSD,H1,DEAL,NEUTRAL,TREND_UP,NORMAL,CLASSIFIED,9,9,0,0.18367347,263.02000000,263.02000000,0.00000000,,0.00000000,PARTITION_REALIZED_SEQUENCE,EXIT_TIME_MSC_THEN_SOURCE_DEAL_ID,,,UNAVAILABLE_FROM_SOURCE_BOUND_UNIT_PACKAGE,1.00000000,0,{},UNKNOWN,NO_PREDECLARED_NUMERIC_MAPPING_IN_CONTRACT,BASKET_UNAVAILABLE;SINGLE_TUPLE_ABS_NET_GE_50PCT;SINGLE_YEAR_ABS_NET_GE_50PCT,COMPLETE,4,2,1,UNAVAILABLE_NO_SOURCE_BASKET_ID
BOSS19_P4B_REGIME_AFFINITY_V1,2026-09-02T17:30:00Z,1330a822ed66149ba07d693d8732ced5b9e9ce66d15f34ce8d21ef70894b760c,5f3a0f8d1accd25cb6cc08ad1c6e291aed6d238d620269102151016dbfaf569d,858f4d02d1ae30511dd1f38ffab347c85c06a4a25df4bedf901dc169c2847916,ffa5a59f49cf9099c50520cc95c548ad2d47883a472689dfb58ffc722a44d51e,bb331765f169503ad878223d54a6f45fd2bb6e289609ae671857e298384463a4,BOSS19_P4_REGIME_CLASSIFIER_V1,1.0.0,H3-C02-BWD,BWD,2020,XAUUSD,H1,DEAL,RISK_OFF,TREND_UP,NORMAL,CLASSIFIED,3,3,0,0.06122449,-72.40000000,0.00000000,-72.40000000,0.00000000,72.40000000,PARTITION_REALIZED_SEQUENCE,EXIT_TIME_MSC_THEN_SOURCE_DEAL_ID,,,UNAVAILABLE_FROM_SOURCE_BOUND_UNIT_PACKAGE,1.00000000,0,{},UNKNOWN,NO_PREDECLARED_NUMERIC_MAPPING_IN_CONTRACT,BASKET_UNAVAILABLE;SINGLE_TUPLE_ABS_NET_GE_50PCT;SINGLE_YEAR_ABS_NET_GE_50PCT,COMPLETE,1,1,1,UNAVAILABLE_NO_SOURCE_BASKET_ID
BOSS19_P4B_REGIME_AFFINITY_V1,2026-09-02T17:30:00Z,1330a822ed66149ba07d693d8732ced5b9e9ce66d15f34ce8d21ef70894b760c,5f3a0f8d1accd25cb6cc08ad1c6e291aed6d238d620269102151016dbfaf569d,858f4d02d1ae30511dd1f38ffab347c85c06a4a25df4bedf901dc169c2847916,ffa5a59f49cf9099c50520cc95c548ad2d47883a472689dfb58ffc722a44d51e,bb331765f169503ad878223d54a6f45fd2bb6e289609ae671857e298384463a4,BOSS19_P4_REGIME_CLASSIFIER_V1,1.0.0,H3-C02-BWD,BWD,2020,XAUUSD,H1,DEAL,STRESS,RANGE,NORMAL,CLASSIFIED,5,5,0,0.10204082,135.10000000,135.10000000,0.00000000,,0.00000000,PARTITION_REALIZED_SEQUENCE,EXIT_TIME_MSC_THEN_SOURCE_DEAL_ID,,,UNAVAILABLE_FROM_SOURCE_BOUND_UNIT_PACKAGE,1.00000000,0,{},UNKNOWN,NO_PREDECLARED_NUMERIC_MAPPING_IN_CONTRACT,BASKET_UNAVAILABLE;SINGLE_TUPLE_ABS_NET_GE_50PCT;SINGLE_YEAR_ABS_NET_GE_50PCT,COMPLETE,3,3,1,UNAVAILABLE_NO_SOURCE_BASKET_ID
BOSS19_P4B_REGIME_AFFINITY_V1,2026-09-02T17:30:00Z,1330a822ed66149ba07d693d8732ced5b9e9ce66d15f34ce8d21ef70894b760c,5f3a0f8d1accd25cb6cc08ad1c6e291aed6d238d620269102151016dbfaf569d,858f4d02d1ae30511dd1f38ffab347c85c06a4a25df4bedf901dc169c2847916,ffa5a59f49cf9099c50520cc95c548ad2d47883a472689dfb58ffc722a44d51e,bb331765f169503ad878223d54a6f45fd2bb6e289609ae671857e298384463a4,BOSS19_P4_REGIME_CLASSIFIER_V1,1.0.0,H3-C02-BWD,BWD,2020,XAUUSD,H1,DEAL,STRESS,TREND_UP,NORMAL,CLASSIFIED,2,2,0,0.04081633,8.33000000,8.91000000,-0.58000000,15.36206897,0.58000000,PARTITION_REALIZED_SEQUENCE,EXIT_TIME_MSC_THEN_SOURCE_DEAL_ID,,,UNAVAILABLE_FROM_SOURCE_BOUND_UNIT_PACKAGE,1.00000000,0,{},UNKNOWN,NO_PREDECLARED_NUMERIC_MAPPING_IN_CONTRACT,BASKET_UNAVAILABLE;SINGLE_TUPLE_ABS_NET_GE_50PCT;SINGLE_YEAR_ABS_NET_GE_50PCT,COMPLETE,1,1,1,UNAVAILABLE_NO_SOURCE_BASKET_ID
BOSS19_P4B_REGIME_AFFINITY_V1,2026-09-02T17:30:00Z,1330a822ed66149ba07d693d8732ced5b9e9ce66d15f34ce8d21ef70894b760c,5f3a0f8d1accd25cb6cc08ad1c6e291aed6d238d620269102151016dbfaf569d,858f4d02d1ae30511dd1f38ffab347c85c06a4a25df4bedf901dc169c2847916,ffa5a59f49cf9099c50520cc95c548ad2d47883a472689dfb58ffc722a44d51e,bb331765f169503ad878223d54a6f45fd2bb6e289609ae671857e298384463a4,BOSS19_P4_REGIME_CLASSIFIER_V1,1.0.0,H3-C02-BWD,BWD,2021,XAUUSD,H1,DEAL,NEUTRAL,RANGE,LOW,CLASSIFIED,1,1,0,0.02040816,-183.28000000,0.00000000,-183.28000000,0.00000000,183.28000000,PARTITION_REALIZED_SEQUENCE,EXIT_TIME_MSC_THEN_SOURCE_DEAL_ID,,,UNAVAILABLE_FROM_SOURCE_BOUND_UNIT_PACKAGE,1.00000000,0,{},UNKNOWN,NO_PREDECLARED_NUMERIC_MAPPING_IN_CONTRACT,BASKET_UNAVAILABLE;SINGLE_TUPLE_ABS_NET_GE_50PCT;SINGLE_YEAR_ABS_NET_GE_50PCT,COMPLETE,1,1,1,UNAVAILABLE_NO_SOURCE_BASKET_ID
BOSS19_P4B_REGIME_AFFINITY_V1,2026-09-02T17:30:00Z,1330a822ed66149ba07d693d8732ced5b9e9ce66d15f34ce8d21ef70894b760c,5f3a0f8d1accd25cb6cc08ad1c6e291aed6d238d620269102151016dbfaf569d,858f4d02d1ae30511dd1f38ffab347c85c06a4a25df4bedf901dc169c2847916,ffa5a59f49cf9099c50520cc95c548ad2d47883a472689dfb58ffc722a44d51e,bb331765f169503ad878223d54a6f45fd2bb6e289609ae671857e298384463a4,BOSS19_P4_REGIME_CLASSIFIER_V1,1.0.0,H3-C02-BWD,BWD,2021,XAUUSD,H1,DEAL,NEUTRAL,RANGE,NORMAL,CLASSIFIED,4,4,0,0.08163265,-646.70000000,0.00000000,-646.70000000,0.00000000,646.70000000,PARTITION_REALIZED_SEQUENCE,EXIT_TIME_MSC_THEN_SOURCE_DEAL_ID,,,UNAVAILABLE_FROM_SOURCE_BOUND_UNIT_PACKAGE,1.00000000,0,{},UNKNOWN,NO_PREDECLARED_NUMERIC_MAPPING_IN_CONTRACT,BASKET_UNAVAILABLE;SINGLE_TUPLE_ABS_NET_GE_50PCT;SINGLE_YEAR_ABS_NET_GE_50PCT,COMPLETE,3,2,1,UNAVAILABLE_NO_SOURCE_BASKET_ID
BOSS19_P4B_REGIME_AFFINITY_V1,2026-09-02T17:30:00Z,1330a822ed66149ba07d693d8732ced5b9e9ce66d15f34ce8d21ef70894b760c,5f3a0f8d1accd25cb6cc08ad1c6e291aed6d238d620269102151016dbfaf569d,858f4d02d1ae30511dd1f38ffab347c85c06a4a25df4bedf901dc169c2847916,ffa5a59f49cf9099c50520cc95c548ad2d47883a472689dfb58ffc722a44d51e,bb331765f169503ad878223d54a6f45fd2bb6e289609ae671857e298384463a4,BOSS19_P4_REGIME_CLASSIFIER_V1,1.0.0,H3-C02-BWD,BWD,2021,XAUUSD,H1,DEAL,NEUTRAL,TRANSITION,NORMAL,CLASSIFIED,1,1,0,0.02040816,-15.16000000,0.00000000,-15.16000000,0.00000000,15.16000000,PARTITION_REALIZED_SEQUENCE,EXIT_TIME_MSC_THEN_SOURCE_DEAL_ID,,,UNAVAILABLE_FROM_SOURCE_BOUND_UNIT_PACKAGE,1.00000000,0,{},UNKNOWN,NO_PREDECLARED_NUMERIC_MAPPING_IN_CONTRACT,BASKET_UNAVAILABLE;SINGLE_TUPLE_ABS_NET_GE_50PCT;SINGLE_YEAR_ABS_NET_GE_50PCT,COMPLETE,1,1,1,UNAVAILABLE_NO_SOURCE_BASKET_ID
BOSS19_P4B_REGIME_AFFINITY_V1,2026-09-02T17:30:00Z,1330a822ed66149ba07d693d8732ced5b9e9ce66d15f34ce8d21ef70894b760c,5f3a0f8d1accd25cb6cc08ad1c6e291aed6d238d620269102151016dbfaf569d,858f4d02d1ae30511dd1f38ffab347c85c06a4a25df4bedf901dc169c2847916,ffa5a59f49cf9099c50520cc95c548ad2d47883a472689dfb58ffc722a44d51e,bb331765f169503ad878223d54a6f45fd2bb6e289609ae671857e298384463a4,BOSS19_P4_REGIME_CLASSIFIER_V1,1.0.0,H3-C02-BWD,BWD,2021,XAUUSD,H1,DEAL,NEUTRAL,TREND_DOWN,NORMAL,CLASSIFIED,3,3,0,0.06122449,34.16000000,34.16000000,0.00000000,,0.00000000,PARTITION_REALIZED_SEQUENCE,EXIT_TIME_MSC_THEN_SOURCE_DEAL_ID,,,UNAVAILABLE_FROM_SOURCE_BOUND_UNIT_PACKAGE,1.00000000,0,{},UNKNOWN,NO_PREDECLARED_NUMERIC_MAPPING_IN_CONTRACT,BASKET_UNAVAILABLE;SINGLE_TUPLE_ABS_NET_GE_50PCT;SINGLE_YEAR_ABS_NET_GE_50PCT,COMPLETE,1,1,1,UNAVAILABLE_NO_SOURCE_BASKET_ID
BOSS19_P4B_REGIME_AFFINITY_V1,2026-09-02T17:30:00Z,1330a822ed66149ba07d693d8732ced5b9e9ce66d15f34ce8d21ef70894b760c,5f3a0f8d1accd25cb6cc08ad1c6e291aed6d238d620269102151016dbfaf569d,858f4d02d1ae30511dd1f38ffab347c85c06a4a25df4bedf901dc169c2847916,ffa5a59f49cf9099c50520cc95c548ad2d47883a472689dfb58ffc722a44d51e,bb331765f169503ad878223d54a6f45fd2bb6e289609ae671857e298384463a4,BOSS19_P4_REGIME_CLASSIFIER_V1,1.0.0,H3-C02-BWD,BWD,2021,XAUUSD,H1,DEAL,NEUTRAL,TREND_UP,NORMAL,CLASSIFIED,1,1,0,0.02040816,26.88000000,26.88000000,0.00000000,,0.00000000,PARTITION_REALIZED_SEQUENCE,EXIT_TIME_MSC_THEN_SOURCE_DEAL_ID,,,UNAVAILABLE_FROM_SOURCE_BOUND_UNIT_PACKAGE,1.00000000,0,{},UNKNOWN,NO_PREDECLARED_NUMERIC_MAPPING_IN_CONTRACT,BASKET_UNAVAILABLE;SINGLE_TUPLE_ABS_NET_GE_50PCT;SINGLE_YEAR_ABS_NET_GE_50PCT,COMPLETE,1,1,1,UNAVAILABLE_NO_SOURCE_BASKET_ID
BOSS19_P4B_REGIME_AFFINITY_V1,2026-09-02T17:30:00Z,1330a822ed66149ba07d693d8732ced5b9e9ce66d15f34ce8d21ef70894b760c,5f3a0f8d1accd25cb6cc08ad1c6e291aed6d238d620269102151016dbfaf569d,858f4d02d1ae30511dd1f38ffab347c85c06a4a25df4bedf901dc169c2847916,ffa5a59f49cf9099c50520cc95c548ad2d47883a472689dfb58ffc722a44d51e,bb331765f169503ad878223d54a6f45fd2bb6e289609ae671857e298384463a4,BOSS19_P4_REGIME_CLASSIFIER_V1,1.0.0,H3-C02-BWD,BWD,2022,XAUUSD,H1,DEAL,NEUTRAL,TREND_DOWN,EXTREME,CLASSIFIED,1,1,0,0.02040816,8.11000000,8.11000000,0.00000000,,0.00000000,PARTITION_REALIZED_SEQUENCE,EXIT_TIME_MSC_THEN_SOURCE_DEAL_ID,,,UNAVAILABLE_FROM_SOURCE_BOUND_UNIT_PACKAGE,1.00000000,0,{},UNKNOWN,NO_PREDECLARED_NUMERIC_MAPPING_IN_CONTRACT,BASKET_UNAVAILABLE;SINGLE_TUPLE_ABS_NET_GE_50PCT;SINGLE_YEAR_ABS_NET_GE_50PCT,COMPLETE,1,1,1,UNAVAILABLE_NO_SOURCE_BASKET_ID
BOSS19_P4B_REGIME_AFFINITY_V1,2026-09-02T17:30:00Z,1330a822ed66149ba07d693d8732ced5b9e9ce66d15f34ce8d21ef70894b760c,5f3a0f8d1accd25cb6cc08ad1c6e291aed6d238d620269102151016dbfaf569d,858f4d02d1ae30511dd1f38ffab347c85c06a4a25df4bedf901dc169c2847916,ffa5a59f49cf9099c50520cc95c548ad2d47883a472689dfb58ffc722a44d51e,bb331765f169503ad878223d54a6f45fd2bb6e289609ae671857e298384463a4,BOSS19_P4_REGIME_CLASSIFIER_V1,1.0.0,H3-C02-BWD,BWD,2022,XAUUSD,H1,DEAL,STRESS,RANGE,EXTREME,CLASSIFIED,2,2,0,0.04081633,97.44000000,97.44000000,0.00000000,,0.00000000,PARTITION_REALIZED_SEQUENCE,EXIT_TIME_MSC_THEN_SOURCE_DEAL_ID,,,UNAVAILABLE_FROM_SOURCE_BOUND_UNIT_PACKAGE,1.00000000,0,{},UNKNOWN,NO_PREDECLARED_NUMERIC_MAPPING_IN_CONTRACT,BASKET_UNAVAILABLE;SINGLE_TUPLE_ABS_NET_GE_50PCT;SINGLE_YEAR_ABS_NET_GE_50PCT,COMPLETE,1,1,1,UNAVAILABLE_NO_SOURCE_BASKET_ID
BOSS19_P4B_REGIME_AFFINITY_V1,2026-09-02T17:30:00Z,1330a822ed66149ba07d693d8732ced5b9e9ce66d15f34ce8d21ef70894b760c,5f3a0f8d1accd25cb6cc08ad1c6e291aed6d238d620269102151016dbfaf569d,858f4d02d1ae30511dd1f38ffab347c85c06a4a25df4bedf901dc169c2847916,ffa5a59f49cf9099c50520cc95c548ad2d47883a472689dfb58ffc722a44d51e,bb331765f169503ad878223d54a6f45fd2bb6e289609ae671857e298384463a4,BOSS19_P4_REGIME_CLASSIFIER_V1,1.0.0,H3-C02-BWD,BWD,2022,XAUUSD,H1,DEAL,STRESS,TRANSITION,EXTREME,CLASSIFIED,1,1,0,0.02040816,44.93000000,44.93000000,0.00000000,,0.00000000,PARTITION_REALIZED_SEQUENCE,EXIT_TIME_MSC_THEN_SOURCE_DEAL_ID,,,UNAVAILABLE_FROM_SOURCE_BOUND_UNIT_PACKAGE,1.00000000,0,{},UNKNOWN,NO_PREDECLARED_NUMERIC_MAPPING_IN_CONTRACT,BASKET_UNAVAILABLE;SINGLE_TUPLE_ABS_NET_GE_50PCT;SINGLE_YEAR_ABS_NET_GE_50PCT,COMPLETE,1,1,1,UNAVAILABLE_NO_SOURCE_BASKET_ID
BOSS19_P4B_REGIME_AFFINITY_V1,2026-09-02T17:30:00Z,1330a822ed66149ba07d693d8732ced5b9e9ce66d15f34ce8d21ef70894b760c,5f3a0f8d1accd25cb6cc08ad1c6e291aed6d238d620269102151016dbfaf569d,858f4d02d1ae30511dd1f38ffab347c85c06a4a25df4bedf901dc169c2847916,ffa5a59f49cf9099c50520cc95c548ad2d47883a472689dfb58ffc722a44d51e,bb331765f169503ad878223d54a6f45fd2bb6e289609ae671857e298384463a4,BOSS19_P4_REGIME_CLASSIFIER_V1,1.0.0,H3-C02-BWD,BWD,2022,XAUUSD,H1,DEAL,STRESS,TREND_UP,EXTREME,CLASSIFIED,6,6,0,0.12244898,-2050.07000000,176.47000000,-2226.54000000,0.07925750,2226.54000000,PARTITION_REALIZED_SEQUENCE,EXIT_TIME_MSC_THEN_SOURCE_DEAL_ID,,,UNAVAILABLE_FROM_SOURCE_BOUND_UNIT_PACKAGE,1.00000000,0,{},UNKNOWN,NO_PREDECLARED_NUMERIC_MAPPING_IN_CONTRACT,BASKET_UNAVAILABLE;SINGLE_TUPLE_ABS_NET_GE_50PCT;SINGLE_YEAR_ABS_NET_GE_50PCT,COMPLETE,3,1,1,UNAVAILABLE_NO_SOURCE_BASKET_ID
BOSS19_P4B_REGIME_AFFINITY_V1,2026-09-02T17:30:00Z,1330a822ed66149ba07d693d8732ced5b9e9ce66d15f34ce8d21ef70894b760c,5f3a0f8d1accd25cb6cc08ad1c6e291aed6d238d620269102151016dbfaf569d,858f4d02d1ae30511dd1f38ffab347c85c06a4a25df4bedf901dc169c2847916,ffa5a59f49cf9099c50520cc95c548ad2d47883a472689dfb58ffc722a44d51e,bb331765f169503ad878223d54a6f45fd2bb6e289609ae671857e298384463a4,BOSS19_P4_REGIME_CLASSIFIER_V1,1.0.0,H3-C02-BWD,BWD,2022,XAUUSD,H1,DEAL,STRESS,TREND_UP,NORMAL,CLASSIFIED,3,3,0,0.06122449,125.36000000,125.36000000,0.00000000,,0.00000000,PARTITION_REALIZED_SEQUENCE,EXIT_TIME_MSC_THEN_SOURCE_DEAL_ID,,,UNAVAILABLE_FROM_SOURCE_BOUND_UNIT_PACKAGE,1.00000000,0,{},UNKNOWN,NO_PREDECLARED_NUMERIC_MAPPING_IN_CONTRACT,BASKET_UNAVAILABLE;SINGLE_TUPLE_ABS_NET_GE_50PCT;SINGLE_YEAR_ABS_NET_GE_50PCT,COMPLETE,1,1,1,UNAVAILABLE_NO_SOURCE_BASKET_ID
BOSS19_P4B_REGIME_AFFINITY_V1,2026-09-02T17:30:00Z,1330a822ed66149ba07d693d8732ced5b9e9ce66d15f34ce8d21ef70894b760c,5f3a0f8d1accd25cb6cc08ad1c6e291aed6d238d620269102151016dbfaf569d,858f4d02d1ae30511dd1f38ffab347c85c06a4a25df4bedf901dc169c2847916,ffa5a59f49cf9099c50520cc95c548ad2d47883a472689dfb58ffc722a44d51e,bb331765f169503ad878223d54a6f45fd2bb6e289609ae671857e298384463a4,BOSS19_P4_REGIME_CLASSIFIER_V1,1.0.0,H3-C02-MAIN,MAIN,2023,XAUUSD,H1,DEAL,NEUTRAL,TREND_UP,HIGH,CLASSIFIED,4,4,0,0.04000000,153.47000000,190.72000000,-37.25000000,5.12000000,37.25000000,PARTITION_REALIZED_SEQUENCE,EXIT_TIME_MSC_THEN_SOURCE_DEAL_ID,,,UNAVAILABLE_FROM_SOURCE_BOUND_UNIT_PACKAGE,1.00000000,0,{},UNKNOWN,NO_PREDECLARED_NUMERIC_MAPPING_IN_CONTRACT,BASKET_UNAVAILABLE;SINGLE_YEAR_ABS_NET_GE_50PCT,COMPLETE,1,1,1,UNAVAILABLE_NO_SOURCE_BASKET_ID
BOSS19_P4B_REGIME_AFFINITY_V1,2026-09-02T17:30:00Z,1330a822ed66149ba07d693d8732ced5b9e9ce66d15f34ce8d21ef70894b760c,5f3a0f8d1accd25cb6cc08ad1c6e291aed6d238d620269102151016dbfaf569d,858f4d02d1ae30511dd1f38ffab347c85c06a4a25df4bedf901dc169c2847916,ffa5a59f49cf9099c50520cc95c548ad2d47883a472689dfb58ffc722a44d51e,bb331765f169503ad878223d54a6f45fd2bb6e289609ae671857e298384463a4,BOSS19_P4_REGIME_CLASSIFIER_V1,1.0.0,H3-C02-MAIN,MAIN,2023,XAUUSD,H1,DEAL,NEUTRAL,TREND_UP,NORMAL,CLASSIFIED,2,2,0,0.02000000,-299.73000000,0.00000000,-299.73000000,0.00000000,299.73000000,PARTITION_REALIZED_SEQUENCE,EXIT_TIME_MSC_THEN_SOURCE_DEAL_ID,,,UNAVAILABLE_FROM_SOURCE_BOUND_UNIT_PACKAGE,1.00000000,0,{},UNKNOWN,NO_PREDECLARED_NUMERIC_MAPPING_IN_CONTRACT,BASKET_UNAVAILABLE;SINGLE_YEAR_ABS_NET_GE_50PCT,COMPLETE,1,1,1,UNAVAILABLE_NO_SOURCE_BASKET_ID
BOSS19_P4B_REGIME_AFFINITY_V1,2026-09-02T17:30:00Z,1330a822ed66149ba07d693d8732ced5b9e9ce66d15f34ce8d21ef70894b760c,5f3a0f8d1accd25cb6cc08ad1c6e291aed6d238d620269102151016dbfaf569d,858f4d02d1ae30511dd1f38ffab347c85c06a4a25df4bedf901dc169c2847916,ffa5a59f49cf9099c50520cc95c548ad2d47883a472689dfb58ffc722a44d51e,bb331765f169503ad878223d54a6f45fd2bb6e289609ae671857e298384463a4,BOSS19_P4_REGIME_CLASSIFIER_V1,1.0.0,H3-C02-MAIN,MAIN,2023,XAUUSD,H1,DEAL,RISK_OFF,RANGE,LOW,CLASSIFIED,2,2,0,0.02000000,81.43000000,81.43000000,0.00000000,,0.00000000,PARTITION_REALIZED_SEQUENCE,EXIT_TIME_MSC_THEN_SOURCE_DEAL_ID,,,UNAVAILABLE_FROM_SOURCE_BOUND_UNIT_PACKAGE,1.00000000,0,{},UNKNOWN,NO_PREDECLARED_NUMERIC_MAPPING_IN_CONTRACT,BASKET_UNAVAILABLE;SINGLE_YEAR_ABS_NET_GE_50PCT,COMPLETE,1,1,1,UNAVAILABLE_NO_SOURCE_BASKET_ID
BOSS19_P4B_REGIME_AFFINITY_V1,2026-09-02T17:30:00Z,1330a822ed66149ba07d693d8732ced5b9e9ce66d15f34ce8d21ef70894b760c,5f3a0f8d1accd25cb6cc08ad1c6e291aed6d238d620269102151016dbfaf569d,858f4d02d1ae30511dd1f38ffab347c85c06a4a25df4bedf901dc169c2847916,ffa5a59f49cf9099c50520cc95c548ad2d47883a472689dfb58ffc722a44d51e,bb331765f169503ad878223d54a6f45fd2bb6e289609ae671857e298384463a4,BOSS19_P4_REGIME_CLASSIFIER_V1,1.0.0,H3-C02-MAIN,MAIN,2023,XAUUSD,H1,DEAL,RISK_OFF,TREND_UP,EXTREME,CLASSIFIED,3,3,0,0.03000000,104.57000000,104.57000000,0.00000000,,0.00000000,PARTITION_REALIZED_SEQUENCE,EXIT_TIME_MSC_THEN_SOURCE_DEAL_ID,,,UNAVAILABLE_FROM_SOURCE_BOUND_UNIT_PACKAGE,1.00000000,0,{},UNKNOWN,NO_PREDECLARED_NUMERIC_MAPPING_IN_CONTRACT,BASKET_UNAVAILABLE;SINGLE_YEAR_ABS_NET_GE_50PCT,COMPLETE,2,1,1,UNAVAILABLE_NO_SOURCE_BASKET_ID
BOSS19_P4B_REGIME_AFFINITY_V1,2026-09-02T17:30:00Z,1330a822ed66149ba07d693d8732ced5b9e9ce66d15f34ce8d21ef70894b760c,5f3a0f8d1accd25cb6cc08ad1c6e291aed6d238d620269102151016dbfaf569d,858f4d02d1ae30511dd1f38ffab347c85c06a4a25df4bedf901dc169c2847916,ffa5a59f49cf9099c50520cc95c548ad2d47883a472689dfb58ffc722a44d51e,bb331765f169503ad878223d54a6f45fd2bb6e289609ae671857e298384463a4,BOSS19_P4_REGIME_CLASSIFIER_V1,1.0.0,H3-C02-MAIN,MAIN,2023,XAUUSD,H1,DEAL,RISK_OFF,TREND_UP,LOW,CLASSIFIED,1,1,0,0.01000000,36.80000000,36.80000000,0.00000000,,0.00000000,PARTITION_REALIZED_SEQUENCE,EXIT_TIME_MSC_THEN_SOURCE_DEAL_ID,,,UNAVAILABLE_FROM_SOURCE_BOUND_UNIT_PACKAGE,1.00000000,0,{},UNKNOWN,NO_PREDECLARED_NUMERIC_MAPPING_IN_CONTRACT,BASKET_UNAVAILABLE;SINGLE_YEAR_ABS_NET_GE_50PCT,COMPLETE,1,1,1,UNAVAILABLE_NO_SOURCE_BASKET_ID
BOSS19_P4B_REGIME_AFFINITY_V1,2026-09-02T17:30:00Z,1330a822ed66149ba07d693d8732ced5b9e9ce66d15f34ce8d21ef70894b760c,5f3a0f8d1accd25cb6cc08ad1c6e291aed6d238d620269102151016dbfaf569d,858f4d02d1ae30511dd1f38ffab347c85c06a4a25df4bedf901dc169c2847916,ffa5a59f49cf9099c50520cc95c548ad2d47883a472689dfb58ffc722a44d51e,bb331765f169503ad878223d54a6f45fd2bb6e289609ae671857e298384463a4,BOSS19_P4_REGIME_CLASSIFIER_V1,1.0.0,H3-C02-MAIN,MAIN,2023,XAUUSD,H1,DEAL,RISK_OFF,TREND_UP,NORMAL,CLASSIFIED,4,4,0,0.04000000,118.61000000,126.13000000,-7.52000000,16.77260638,7.52000000,PARTITION_REALIZED_SEQUENCE,EXIT_TIME_MSC_THEN_SOURCE_DEAL_ID,,,UNAVAILABLE_FROM_SOURCE_BOUND_UNIT_PACKAGE,1.00000000,0,{},UNKNOWN,NO_PREDECLARED_NUMERIC_MAPPING_IN_CONTRACT,BASKET_UNAVAILABLE;SINGLE_YEAR_ABS_NET_GE_50PCT,COMPLETE,2,1,1,UNAVAILABLE_NO_SOURCE_BASKET_ID
BOSS19_P4B_REGIME_AFFINITY_V1,2026-09-02T17:30:00Z,1330a822ed66149ba07d693d8732ced5b9e9ce66d15f34ce8d21ef70894b760c,5f3a0f8d1accd25cb6cc08ad1c6e291aed6d238d620269102151016dbfaf569d,858f4d02d1ae30511dd1f38ffab347c85c06a4a25df4bedf901dc169c2847916,ffa5a59f49cf9099c50520cc95c548ad2d47883a472689dfb58ffc722a44d51e,bb331765f169503ad878223d54a6f45fd2bb6e289609ae671857e298384463a4,BOSS19_P4_REGIME_CLASSIFIER_V1,1.0.0,H3-C02-MAIN,MAIN,2024,XAUUSD,H1,DEAL,NEUTRAL,RANGE,EXTREME,CLASSIFIED,1,1,0,0.01000000,76.78000000,76.78000000,0.00000000,,0.00000000,PARTITION_REALIZED_SEQUENCE,EXIT_TIME_MSC_THEN_SOURCE_DEAL_ID,,,UNAVAILABLE_FROM_SOURCE_BOUND_UNIT_PACKAGE,1.00000000,0,{},UNKNOWN,NO_PREDECLARED_NUMERIC_MAPPING_IN_CONTRACT,BASKET_UNAVAILABLE;SINGLE_YEAR_ABS_NET_GE_50PCT,COMPLETE,1,1,1,UNAVAILABLE_NO_SOURCE_BASKET_ID
BOSS19_P4B_REGIME_AFFINITY_V1,2026-09-02T17:30:00Z,1330a822ed66149ba07d693d8732ced5b9e9ce66d15f34ce8d21ef70894b760c,5f3a0f8d1accd25cb6cc08ad1c6e291aed6d238d620269102151016dbfaf569d,858f4d02d1ae30511dd1f38ffab347c85c06a4a25df4bedf901dc169c2847916,ffa5a59f49cf9099c50520cc95c548ad2d47883a472689dfb58ffc722a44d51e,bb331765f169503ad878223d54a6f45fd2bb6e289609ae671857e298384463a4,BOSS19_P4_REGIME_CLASSIFIER_V1,1.0.0,H3-C02-MAIN,MAIN,2024,XAUUSD,H1,DEAL,NEUTRAL,RANGE,HIGH,CLASSIFIED,1,1,0,0.01000000,57.35000000,57.35000000,0.00000000,,0.00000000,PARTITION_REALIZED_SEQUENCE,EXIT_TIME_MSC_THEN_SOURCE_DEAL_ID,,,UNAVAILABLE_FROM_SOURCE_BOUND_UNIT_PACKAGE,1.00000000,0,{},UNKNOWN,NO_PREDECLARED_NUMERIC_MAPPING_IN_CONTRACT,BASKET_UNAVAILABLE;SINGLE_YEAR_ABS_NET_GE_50PCT,COMPLETE,1,1,1,UNAVAILABLE_NO_SOURCE_BASKET_ID
BOSS19_P4B_REGIME_AFFINITY_V1,2026-09-02T17:30:00Z,1330a822ed66149ba07d693d8732ced5b9e9ce66d15f34ce8d21ef70894b760c,5f3a0f8d1accd25cb6cc08ad1c6e291aed6d238d620269102151016dbfaf569d,858f4d02d1ae30511dd1f38ffab347c85c06a4a25df4bedf901dc169c2847916,ffa5a59f49cf9099c50520cc95c548ad2d47883a472689dfb58ffc722a44d51e,bb331765f169503ad878223d54a6f45fd2bb6e289609ae671857e298384463a4,BOSS19_P4_REGIME_CLASSIFIER_V1,1.0.0,H3-C02-MAIN,MAIN,2024,XAUUSD,H1,DEAL,NEUTRAL,RANGE,NORMAL,CLASSIFIED,3,3,0,0.03000000,131.97000000,131.97000000,0.00000000,,0.00000000,PARTITION_REALIZED_SEQUENCE,EXIT_TIME_MSC_THEN_SOURCE_DEAL_ID,,,UNAVAILABLE_FROM_SOURCE_BOUND_UNIT_PACKAGE,1.00000000,0,{},UNKNOWN,NO_PREDECLARED_NUMERIC_MAPPING_IN_CONTRACT,BASKET_UNAVAILABLE;SINGLE_YEAR_ABS_NET_GE_50PCT,COMPLETE,2,2,1,UNAVAILABLE_NO_SOURCE_BASKET_ID
BOSS19_P4B_REGIME_AFFINITY_V1,2026-09-02T17:30:00Z,1330a822ed66149ba07d693d8732ced5b9e9ce66d15f34ce8d21ef70894b760c,5f3a0f8d1accd25cb6cc08ad1c6e291aed6d238d620269102151016dbfaf569d,858f4d02d1ae30511dd1f38ffab347c85c06a4a25df4bedf901dc169c2847916,ffa5a59f49cf9099c50520cc95c548ad2d47883a472689dfb58ffc722a44d51e,bb331765f169503ad878223d54a6f45fd2bb6e289609ae671857e298384463a4,BOSS19_P4_REGIME_CLASSIFIER_V1,1.0.0,H3-C02-MAIN,MAIN,2024,XAUUSD,H1,DEAL,NEUTRAL,TRANSITION,NORMAL,CLASSIFIED,1,1,0,0.01000000,10.45000000,10.45000000,0.00000000,,0.00000000,PARTITION_REALIZED_SEQUENCE,EXIT_TIME_MSC_THEN_SOURCE_DEAL_ID,,,UNAVAILABLE_FROM_SOURCE_BOUND_UNIT_PACKAGE,1.00000000,0,{},UNKNOWN,NO_PREDECLARED_NUMERIC_MAPPING_IN_CONTRACT,BASKET_UNAVAILABLE;SINGLE_YEAR_ABS_NET_GE_50PCT,COMPLETE,1,1,1,UNAVAILABLE_NO_SOURCE_BASKET_ID
BOSS19_P4B_REGIME_AFFINITY_V1,2026-09-02T17:30:00Z,1330a822ed66149ba07d693d8732ced5b9e9ce66d15f34ce8d21ef70894b760c,5f3a0f8d1accd25cb6cc08ad1c6e291aed6d238d620269102151016dbfaf569d,858f4d02d1ae30511dd1f38ffab347c85c06a4a25df4bedf901dc169c2847916,ffa5a59f49cf9099c50520cc95c548ad2d47883a472689dfb58ffc722a44d51e,bb331765f169503ad878223d54a6f45fd2bb6e289609ae671857e298384463a4,BOSS19_P4_REGIME_CLASSIFIER_V1,1.0.0,H3-C02-MAIN,MAIN,2024,XAUUSD,H1,DEAL,NEUTRAL,TREND_DOWN,NORMAL,CLASSIFIED,1,1,0,0.01000000,9.62000000,9.62000000,0.00000000,,0.00000000,PARTITION_REALIZED_SEQUENCE,EXIT_TIME_MSC_THEN_SOURCE_DEAL_ID,,,UNAVAILABLE_FROM_SOURCE_BOUND_UNIT_PACKAGE,1.00000000,0,{},UNKNOWN,NO_PREDECLARED_NUMERIC_MAPPING_IN_CONTRACT,BASKET_UNAVAILABLE;SINGLE_YEAR_ABS_NET_GE_50PCT,COMPLETE,1,1,1,UNAVAILABLE_NO_SOURCE_BASKET_ID
BOSS19_P4B_REGIME_AFFINITY_V1,2026-09-02T17:30:00Z,1330a822ed66149ba07d693d8732ced5b9e9ce66d15f34ce8d21ef70894b760c,5f3a0f8d1accd25cb6cc08ad1c6e291aed6d238d620269102151016dbfaf569d,858f4d02d1ae30511dd1f38ffab347c85c06a4a25df4bedf901dc169c2847916,ffa5a59f49cf9099c50520cc95c548ad2d47883a472689dfb58ffc722a44d51e,bb331765f169503ad878223d54a6f45fd2bb6e289609ae671857e298384463a4,BOSS19_P4_REGIME_CLASSIFIER_V1,1.0.0,H3-C02-MAIN,MAIN,2024,XAUUSD,H1,DEAL,NEUTRAL,TREND_UP,EXTREME,CLASSIFIED,7,7,0,0.07000000,290.05000000,290.05000000,0.00000000,,0.00000000,PARTITION_REALIZED_SEQUENCE,EXIT_TIME_MSC_THEN_SOURCE_DEAL_ID,,,UNAVAILABLE_FROM_SOURCE_BOUND_UNIT_PACKAGE,1.00000000,0,{},UNKNOWN,NO_PREDECLARED_NUMERIC_MAPPING_IN_CONTRACT,BASKET_UNAVAILABLE;SINGLE_YEAR_ABS_NET_GE_50PCT,COMPLETE,4,2,1,UNAVAILABLE_NO_SOURCE_BASKET_ID
BOSS19_P4B_REGIME_AFFINITY_V1,2026-09-02T17:30:00Z,1330a822ed66149ba07d693d8732ced5b9e9ce66d15f34ce8d21ef70894b760c,5f3a0f8d1accd25cb6cc08ad1c6e291aed6d238d620269102151016dbfaf569d,858f4d02d1ae30511dd1f38ffab347c85c06a4a25df4bedf901dc169c2847916,ffa5a59f49cf9099c50520cc95c548ad2d47883a472689dfb58ffc722a44d51e,bb331765f169503ad878223d54a6f45fd2bb6e289609ae671857e298384463a4,BOSS19_P4_REGIME_CLASSIFIER_V1,1.0.0,H3-C02-MAIN,MAIN,2024,XAUUSD,H1,DEAL,NEUTRAL,TREND_UP,NORMAL,CLASSIFIED,12,12,0,0.12000000,426.57000000,436.39000000,-9.82000000,44.43890020,9.82000000,PARTITION_REALIZED_SEQUENCE,EXIT_TIME_MSC_THEN_SOURCE_DEAL_ID,,,UNAVAILABLE_FROM_SOURCE_BOUND_UNIT_PACKAGE,1.00000000,0,{},UNKNOWN,NO_PREDECLARED_NUMERIC_MAPPING_IN_CONTRACT,BASKET_UNAVAILABLE;SINGLE_YEAR_ABS_NET_GE_50PCT,COMPLETE,8,4,1,UNAVAILABLE_NO_SOURCE_BASKET_ID
BOSS19_P4B_REGIME_AFFINITY_V1,2026-09-02T17:30:00Z,1330a822ed66149ba07d693d8732ced5b9e9ce66d15f34ce8d21ef70894b760c,5f3a0f8d1accd25cb6cc08ad1c6e291aed6d238d620269102151016dbfaf569d,858f4d02d1ae30511dd1f38ffab347c85c06a4a25df4bedf901dc169c2847916,ffa5a59f49cf9099c50520cc95c548ad2d47883a472689dfb58ffc722a44d51e,bb331765f169503ad878223d54a6f45fd2bb6e289609ae671857e298384463a4,BOSS19_P4_REGIME_CLASSIFIER_V1,1.0.0,H3-C02-MAIN,MAIN,2024,XAUUSD,H1,DEAL,RISK_OFF,RANGE,NORMAL,CLASSIFIED,2,2,0,0.02000000,103.32000000,103.32000000,0.00000000,,0.00000000,PARTITION_REALIZED_SEQUENCE,EXIT_TIME_MSC_THEN_SOURCE_DEAL_ID,,,UNAVAILABLE_FROM_SOURCE_BOUND_UNIT_PACKAGE,1.00000000,0,{},UNKNOWN,NO_PREDECLARED_NUMERIC_MAPPING_IN_CONTRACT,BASKET_UNAVAILABLE;SINGLE_YEAR_ABS_NET_GE_50PCT,COMPLETE,1,1,1,UNAVAILABLE_NO_SOURCE_BASKET_ID
BOSS19_P4B_REGIME_AFFINITY_V1,2026-09-02T17:30:00Z,1330a822ed66149ba07d693d8732ced5b9e9ce66d15f34ce8d21ef70894b760c,5f3a0f8d1accd25cb6cc08ad1c6e291aed6d238d620269102151016dbfaf569d,858f4d02d1ae30511dd1f38ffab347c85c06a4a25df4bedf901dc169c2847916,ffa5a59f49cf9099c50520cc95c548ad2d47883a472689dfb58ffc722a44d51e,bb331765f169503ad878223d54a6f45fd2bb6e289609ae671857e298384463a4,BOSS19_P4_REGIME_CLASSIFIER_V1,1.0.0,H3-C02-MAIN,MAIN,2024,XAUUSD,H1,DEAL,RISK_OFF,TREND_UP,NORMAL,CLASSIFIED,2,2,0,0.02000000,162.04000000,162.04000000,0.00000000,,0.00000000,PARTITION_REALIZED_SEQUENCE,EXIT_TIME_MSC_THEN_SOURCE_DEAL_ID,,,UNAVAILABLE_FROM_SOURCE_BOUND_UNIT_PACKAGE,1.00000000,0,{},UNKNOWN,NO_PREDECLARED_NUMERIC_MAPPING_IN_CONTRACT,BASKET_UNAVAILABLE;SINGLE_YEAR_ABS_NET_GE_50PCT,COMPLETE,2,2,1,UNAVAILABLE_NO_SOURCE_BASKET_ID
BOSS19_P4B_REGIME_AFFINITY_V1,2026-09-02T17:30:00Z,1330a822ed66149ba07d693d8732ced5b9e9ce66d15f34ce8d21ef70894b760c,5f3a0f8d1accd25cb6cc08ad1c6e291aed6d238d620269102151016dbfaf569d,858f4d02d1ae30511dd1f38ffab347c85c06a4a25df4bedf901dc169c2847916,ffa5a59f49cf9099c50520cc95c548ad2d47883a472689dfb58ffc722a44d51e,bb331765f169503ad878223d54a6f45fd2bb6e289609ae671857e298384463a4,BOSS19_P4_REGIME_CLASSIFIER_V1,1.0.0,H3-C02-MAIN,MAIN,2024,XAUUSD,H1,DEAL,RISK_ON,TREND_UP,EXTREME,CLASSIFIED,3,3,0,0.03000000,16.33000000,67.40000000,-51.07000000,1.31975720,51.07000000,PARTITION_REALIZED_SEQUENCE,EXIT_TIME_MSC_THEN_SOURCE_DEAL_ID,,,UNAVAILABLE_FROM_SOURCE_BOUND_UNIT_PACKAGE,1.00000000,0,{},UNKNOWN,NO_PREDECLARED_NUMERIC_MAPPING_IN_CONTRACT,BASKET_UNAVAILABLE;SINGLE_YEAR_ABS_NET_GE_50PCT,COMPLETE,2,1,1,UNAVAILABLE_NO_SOURCE_BASKET_ID
BOSS19_P4B_REGIME_AFFINITY_V1,2026-09-02T17:30:00Z,1330a822ed66149ba07d693d8732ced5b9e9ce66d15f34ce8d21ef70894b760c,5f3a0f8d1accd25cb6cc08ad1c6e291aed6d238d620269102151016dbfaf569d,858f4d02d1ae30511dd1f38ffab347c85c06a4a25df4bedf901dc169c2847916,ffa5a59f49cf9099c50520cc95c548ad2d47883a472689dfb58ffc722a44d51e,bb331765f169503ad878223d54a6f45fd2bb6e289609ae671857e298384463a4,BOSS19_P4_REGIME_CLASSIFIER_V1,1.0.0,H3-C02-MAIN,MAIN,2025,XAUUSD,H1,DEAL,NEUTRAL,RANGE,HIGH,CLASSIFIED,1,1,0,0.01000000,88.60000000,88.60000000,0.00000000,,0.00000000,PARTITION_REALIZED_SEQUENCE,EXIT_TIME_MSC_THEN_SOURCE_DEAL_ID,,,UNAVAILABLE_FROM_SOURCE_BOUND_UNIT_PACKAGE,1.00000000,0,{},UNKNOWN,NO_PREDECLARED_NUMERIC_MAPPING_IN_CONTRACT,BASKET_UNAVAILABLE;SINGLE_YEAR_ABS_NET_GE_50PCT,COMPLETE,1,1,1,UNAVAILABLE_NO_SOURCE_BASKET_ID
BOSS19_P4B_REGIME_AFFINITY_V1,2026-09-02T17:30:00Z,1330a822ed66149ba07d693d8732ced5b9e9ce66d15f34ce8d21ef70894b760c,5f3a0f8d1accd25cb6cc08ad1c6e291aed6d238d620269102151016dbfaf569d,858f4d02d1ae30511dd1f38ffab347c85c06a4a25df4bedf901dc169c2847916,ffa5a59f49cf9099c50520cc95c548ad2d47883a472689dfb58ffc722a44d51e,bb331765f169503ad878223d54a6f45fd2bb6e289609ae671857e298384463a4,BOSS19_P4_REGIME_CLASSIFIER_V1,1.0.0,H3-C02-MAIN,MAIN,2025,XAUUSD,H1,DEAL,NEUTRAL,RANGE,NORMAL,CLASSIFIED,3,3,0,0.03000000,-232.49000000,155.27000000,-387.76000000,0.40042810,387.76000000,PARTITION_REALIZED_SEQUENCE,EXIT_TIME_MSC_THEN_SOURCE_DEAL_ID,,,UNAVAILABLE_FROM_SOURCE_BOUND_UNIT_PACKAGE,1.00000000,0,{},UNKNOWN,NO_PREDECLARED_NUMERIC_MAPPING_IN_CONTRACT,BASKET_UNAVAILABLE;SINGLE_YEAR_ABS_NET_GE_50PCT,COMPLETE,3,3,1,UNAVAILABLE_NO_SOURCE_BASKET_ID
BOSS19_P4B_REGIME_AFFINITY_V1,2026-09-02T17:30:00Z,1330a822ed66149ba07d693d8732ced5b9e9ce66d15f34ce8d21ef70894b760c,5f3a0f8d1accd25cb6cc08ad1c6e291aed6d238d620269102151016dbfaf569d,858f4d02d1ae30511dd1f38ffab347c85c06a4a25df4bedf901dc169c2847916,ffa5a59f49cf9099c50520cc95c548ad2d47883a472689dfb58ffc722a44d51e,bb331765f169503ad878223d54a6f45fd2bb6e289609ae671857e298384463a4,BOSS19_P4_REGIME_CLASSIFIER_V1,1.0.0,H3-C02-MAIN,MAIN,2025,XAUUSD,H1,DEAL,NEUTRAL,TREND_UP,HIGH,CLASSIFIED,8,8,0,0.08000000,846.87000000,846.87000000,0.00000000,,0.00000000,PARTITION_REALIZED_SEQUENCE,EXIT_TIME_MSC_THEN_SOURCE_DEAL_ID,,,UNAVAILABLE_FROM_SOURCE_BOUND_UNIT_PACKAGE,1.00000000,0,{},UNKNOWN,NO_PREDECLARED_NUMERIC_MAPPING_IN_CONTRACT,BASKET_UNAVAILABLE;SINGLE_YEAR_ABS_NET_GE_50PCT,COMPLETE,3,1,1,UNAVAILABLE_NO_SOURCE_BASKET_ID
BOSS19_P4B_REGIME_AFFINITY_V1,2026-09-02T17:30:00Z,1330a822ed66149ba07d693d8732ced5b9e9ce66d15f34ce8d21ef70894b760c,5f3a0f8d1accd25cb6cc08ad1c6e291aed6d238d620269102151016dbfaf569d,858f4d02d1ae30511dd1f38ffab347c85c06a4a25df4bedf901dc169c2847916,ffa5a59f49cf9099c50520cc95c548ad2d47883a472689dfb58ffc722a44d51e,bb331765f169503ad878223d54a6f45fd2bb6e289609ae671857e298384463a4,BOSS19_P4_REGIME_CLASSIFIER_V1,1.0.0,H3-C02-MAIN,MAIN,2025,XAUUSD,H1,DEAL,NEUTRAL,TREND_UP,NORMAL,CLASSIFIED,19,19,0,0.19000000,1016.89000000,1347.01000000,-330.12000000,4.08036472,330.12000000,PARTITION_REALIZED_SEQUENCE,EXIT_TIME_MSC_THEN_SOURCE_DEAL_ID,,,UNAVAILABLE_FROM_SOURCE_BOUND_UNIT_PACKAGE,1.00000000,0,{},UNKNOWN,NO_PREDECLARED_NUMERIC_MAPPING_IN_CONTRACT,BASKET_UNAVAILABLE;SINGLE_YEAR_ABS_NET_GE_50PCT,COMPLETE,9,5,1,UNAVAILABLE_NO_SOURCE_BASKET_ID
BOSS19_P4B_REGIME_AFFINITY_V1,2026-09-02T17:30:00Z,1330a822ed66149ba07d693d8732ced5b9e9ce66d15f34ce8d21ef70894b760c,5f3a0f8d1accd25cb6cc08ad1c6e291aed6d238d620269102151016dbfaf569d,858f4d02d1ae30511dd1f38ffab347c85c06a4a25df4bedf901dc169c2847916,ffa5a59f49cf9099c50520cc95c548ad2d47883a472689dfb58ffc722a44d51e,bb331765f169503ad878223d54a6f45fd2bb6e289609ae671857e298384463a4,BOSS19_P4_REGIME_CLASSIFIER_V1,1.0.0,H3-C02-MAIN,MAIN,2025,XAUUSD,H1,DEAL,RISK_OFF,RANGE,EXTREME,CLASSIFIED,1,1,0,0.01000000,65.01000000,65.01000000,0.00000000,,0.00000000,PARTITION_REALIZED_SEQUENCE,EXIT_TIME_MSC_THEN_SOURCE_DEAL_ID,,,UNAVAILABLE_FROM_SOURCE_BOUND_UNIT_PACKAGE,1.00000000,0,{},UNKNOWN,NO_PREDECLARED_NUMERIC_MAPPING_IN_CONTRACT,BASKET_UNAVAILABLE;SINGLE_YEAR_ABS_NET_GE_50PCT,COMPLETE,1,1,1,UNAVAILABLE_NO_SOURCE_BASKET_ID
BOSS19_P4B_REGIME_AFFINITY_V1,2026-09-02T17:30:00Z,1330a822ed66149ba07d693d8732ced5b9e9ce66d15f34ce8d21ef70894b760c,5f3a0f8d1accd25cb6cc08ad1c6e291aed6d238d620269102151016dbfaf569d,858f4d02d1ae30511dd1f38ffab347c85c06a4a25df4bedf901dc169c2847916,ffa5a59f49cf9099c50520cc95c548ad2d47883a472689dfb58ffc722a44d51e,bb331765f169503ad878223d54a6f45fd2bb6e289609ae671857e298384463a4,BOSS19_P4_REGIME_CLASSIFIER_V1,1.0.0,H3-C02-MAIN,MAIN,2025,XAUUSD,H1,DEAL,RISK_OFF,RANGE,LOW,CLASSIFIED,2,2,0,0.02000000,111.82000000,111.82000000,0.00000000,,0.00000000,PARTITION_REALIZED_SEQUENCE,EXIT_TIME_MSC_THEN_SOURCE_DEAL_ID,,,UNAVAILABLE_FROM_SOURCE_BOUND_UNIT_PACKAGE,1.00000000,0,{},UNKNOWN,NO_PREDECLARED_NUMERIC_MAPPING_IN_CONTRACT,BASKET_UNAVAILABLE;SINGLE_YEAR_ABS_NET_GE_50PCT,COMPLETE,1,1,1,UNAVAILABLE_NO_SOURCE_BASKET_ID
BOSS19_P4B_REGIME_AFFINITY_V1,2026-09-02T17:30:00Z,1330a822ed66149ba07d693d8732ced5b9e9ce66d15f34ce8d21ef70894b760c,5f3a0f8d1accd25cb6cc08ad1c6e291aed6d238d620269102151016dbfaf569d,858f4d02d1ae30511dd1f38ffab347c85c06a4a25df4bedf901dc169c2847916,ffa5a59f49cf9099c50520cc95c548ad2d47883a472689dfb58ffc722a44d51e,bb331765f169503ad878223d54a6f45fd2bb6e289609ae671857e298384463a4,BOSS19_P4_REGIME_CLASSIFIER_V1,1.0.0,H3-C02-MAIN,MAIN,2025,XAUUSD,H1,DEAL,RISK_OFF,RANGE,NORMAL,CLASSIFIED,1,1,0,0.01000000,54.59000000,54.59000000,0.00000000,,0.00000000,PARTITION_REALIZED_SEQUENCE,EXIT_TIME_MSC_THEN_SOURCE_DEAL_ID,,,UNAVAILABLE_FROM_SOURCE_BOUND_UNIT_PACKAGE,1.00000000,0,{},UNKNOWN,NO_PREDECLARED_NUMERIC_MAPPING_IN_CONTRACT,BASKET_UNAVAILABLE;SINGLE_YEAR_ABS_NET_GE_50PCT,COMPLETE,1,1,1,UNAVAILABLE_NO_SOURCE_BASKET_ID
BOSS19_P4B_REGIME_AFFINITY_V1,2026-09-02T17:30:00Z,1330a822ed66149ba07d693d8732ced5b9e9ce66d15f34ce8d21ef70894b760c,5f3a0f8d1accd25cb6cc08ad1c6e291aed6d238d620269102151016dbfaf569d,858f4d02d1ae30511dd1f38ffab347c85c06a4a25df4bedf901dc169c2847916,ffa5a59f49cf9099c50520cc95c548ad2d47883a472689dfb58ffc722a44d51e,bb331765f169503ad878223d54a6f45fd2bb6e289609ae671857e298384463a4,BOSS19_P4_REGIME_CLASSIFIER_V1,1.0.0,H3-C02-MAIN,MAIN,2025,XAUUSD,H1,DEAL,RISK_OFF,TREND_UP,EXTREME,CLASSIFIED,1,1,0,0.01000000,91.62000000,91.62000000,0.00000000,,0.00000000,PARTITION_REALIZED_SEQUENCE,EXIT_TIME_MSC_THEN_SOURCE_DEAL_ID,,,UNAVAILABLE_FROM_SOURCE_BOUND_UNIT_PACKAGE,1.00000000,0,{},UNKNOWN,NO_PREDECLARED_NUMERIC_MAPPING_IN_CONTRACT,BASKET_UNAVAILABLE;SINGLE_YEAR_ABS_NET_GE_50PCT,COMPLETE,1,1,1,UNAVAILABLE_NO_SOURCE_BASKET_ID
BOSS19_P4B_REGIME_AFFINITY_V1,2026-09-02T17:30:00Z,1330a822ed66149ba07d693d8732ced5b9e9ce66d15f34ce8d21ef70894b760c,5f3a0f8d1accd25cb6cc08ad1c6e291aed6d238d620269102151016dbfaf569d,858f4d02d1ae30511dd1f38ffab347c85c06a4a25df4bedf901dc169c2847916,ffa5a59f49cf9099c50520cc95c548ad2d47883a472689dfb58ffc722a44d51e,bb331765f169503ad878223d54a6f45fd2bb6e289609ae671857e298384463a4,BOSS19_P4_REGIME_CLASSIFIER_V1,1.0.0,H3-C02-MAIN,MAIN,2025,XAUUSD,H1,DEAL,RISK_OFF,TREND_UP,HIGH,CLASSIFIED,1,1,0,0.01000000,152.74000000,152.74000000,0.00000000,,0.00000000,PARTITION_REALIZED_SEQUENCE,EXIT_TIME_MSC_THEN_SOURCE_DEAL_ID,,,UNAVAILABLE_FROM_SOURCE_BOUND_UNIT_PACKAGE,1.00000000,0,{},UNKNOWN,NO_PREDECLARED_NUMERIC_MAPPING_IN_CONTRACT,BASKET_UNAVAILABLE;SINGLE_YEAR_ABS_NET_GE_50PCT,COMPLETE,1,1,1,UNAVAILABLE_NO_SOURCE_BASKET_ID
BOSS19_P4B_REGIME_AFFINITY_V1,2026-09-02T17:30:00Z,1330a822ed66149ba07d693d8732ced5b9e9ce66d15f34ce8d21ef70894b760c,5f3a0f8d1accd25cb6cc08ad1c6e291aed6d238d620269102151016dbfaf569d,858f4d02d1ae30511dd1f38ffab347c85c06a4a25df4bedf901dc169c2847916,ffa5a59f49cf9099c50520cc95c548ad2d47883a472689dfb58ffc722a44d51e,bb331765f169503ad878223d54a6f45fd2bb6e289609ae671857e298384463a4,BOSS19_P4_REGIME_CLASSIFIER_V1,1.0.0,H3-C02-MAIN,MAIN,2025,XAUUSD,H1,DEAL,RISK_OFF,TREND_UP,LOW,CLASSIFIED,2,2,0,0.02000000,129.11000000,129.11000000,0.00000000,,0.00000000,PARTITION_REALIZED_SEQUENCE,EXIT_TIME_MSC_THEN_SOURCE_DEAL_ID,,,UNAVAILABLE_FROM_SOURCE_BOUND_UNIT_PACKAGE,1.00000000,0,{},UNKNOWN,NO_PREDECLARED_NUMERIC_MAPPING_IN_CONTRACT,BASKET_UNAVAILABLE;SINGLE_YEAR_ABS_NET_GE_50PCT,COMPLETE,2,2,1,UNAVAILABLE_NO_SOURCE_BASKET_ID
BOSS19_P4B_REGIME_AFFINITY_V1,2026-09-02T17:30:00Z,1330a822ed66149ba07d693d8732ced5b9e9ce66d15f34ce8d21ef70894b760c,5f3a0f8d1accd25cb6cc08ad1c6e291aed6d238d620269102151016dbfaf569d,858f4d02d1ae30511dd1f38ffab347c85c06a4a25df4bedf901dc169c2847916,ffa5a59f49cf9099c50520cc95c548ad2d47883a472689dfb58ffc722a44d51e,bb331765f169503ad878223d54a6f45fd2bb6e289609ae671857e298384463a4,BOSS19_P4_REGIME_CLASSIFIER_V1,1.0.0,H3-C02-MAIN,MAIN,2025,XAUUSD,H1,DEAL,RISK_OFF,TREND_UP,NORMAL,CLASSIFIED,6,6,0,0.06000000,403.34000000,403.34000000,0.00000000,,0.00000000,PARTITION_REALIZED_SEQUENCE,EXIT_TIME_MSC_THEN_SOURCE_DEAL_ID,,,UNAVAILABLE_FROM_SOURCE_BOUND_UNIT_PACKAGE,1.00000000,0,{},UNKNOWN,NO_PREDECLARED_NUMERIC_MAPPING_IN_CONTRACT,BASKET_UNAVAILABLE;SINGLE_YEAR_ABS_NET_GE_50PCT,COMPLETE,5,3,1,UNAVAILABLE_NO_SOURCE_BASKET_ID
BOSS19_P4B_REGIME_AFFINITY_V1,2026-09-02T17:30:00Z,1330a822ed66149ba07d693d8732ced5b9e9ce66d15f34ce8d21ef70894b760c,5f3a0f8d1accd25cb6cc08ad1c6e291aed6d238d620269102151016dbfaf569d,858f4d02d1ae30511dd1f38ffab347c85c06a4a25df4bedf901dc169c2847916,ffa5a59f49cf9099c50520cc95c548ad2d47883a472689dfb58ffc722a44d51e,bb331765f169503ad878223d54a6f45fd2bb6e289609ae671857e298384463a4,BOSS19_P4_REGIME_CLASSIFIER_V1,1.0.0,H3-C02-MAIN,MAIN,2025,XAUUSD,H1,DEAL,STRESS,RANGE,HIGH,CLASSIFIED,1,1,0,0.01000000,80.12000000,80.12000000,0.00000000,,0.00000000,PARTITION_REALIZED_SEQUENCE,EXIT_TIME_MSC_THEN_SOURCE_DEAL_ID,,,UNAVAILABLE_FROM_SOURCE_BOUND_UNIT_PACKAGE,1.00000000,0,{},UNKNOWN,NO_PREDECLARED_NUMERIC_MAPPING_IN_CONTRACT,BASKET_UNAVAILABLE;SINGLE_YEAR_ABS_NET_GE_50PCT,COMPLETE,1,1,1,UNAVAILABLE_NO_SOURCE_BASKET_ID
BOSS19_P4B_REGIME_AFFINITY_V1,2026-09-02T17:30:00Z,1330a822ed66149ba07d693d8732ced5b9e9ce66d15f34ce8d21ef70894b760c,5f3a0f8d1accd25cb6cc08ad1c6e291aed6d238d620269102151016dbfaf569d,858f4d02d1ae30511dd1f38ffab347c85c06a4a25df4bedf901dc169c2847916,ffa5a59f49cf9099c50520cc95c548ad2d47883a472689dfb58ffc722a44d51e,bb331765f169503ad878223d54a6f45fd2bb6e289609ae671857e298384463a4,BOSS19_P4_REGIME_CLASSIFIER_V1,1.0.0,H3-C02-MAIN,MAIN,2025,XAUUSD,H1,DEAL,STRESS,TREND_UP,EXTREME,CLASSIFIED,3,3,0,0.03000000,6.21000000,92.91000000,-86.70000000,1.07162630,86.70000000,PARTITION_REALIZED_SEQUENCE,EXIT_TIME_MSC_THEN_SOURCE_DEAL_ID,,,UNAVAILABLE_FROM_SOURCE_BOUND_UNIT_PACKAGE,1.00000000,0,{},UNKNOWN,NO_PREDECLARED_NUMERIC_MAPPING_IN_CONTRACT,BASKET_UNAVAILABLE;SINGLE_YEAR_ABS_NET_GE_50PCT,COMPLETE,2,1,1,UNAVAILABLE_NO_SOURCE_BASKET_ID
BOSS19_P4B_REGIME_AFFINITY_V1,2026-09-02T17:30:00Z,1330a822ed66149ba07d693d8732ced5b9e9ce66d15f34ce8d21ef70894b760c,5f3a0f8d1accd25cb6cc08ad1c6e291aed6d238d620269102151016dbfaf569d,858f4d02d1ae30511dd1f38ffab347c85c06a4a25df4bedf901dc169c2847916,ffa5a59f49cf9099c50520cc95c548ad2d47883a472689dfb58ffc722a44d51e,bb331765f169503ad878223d54a6f45fd2bb6e289609ae671857e298384463a4,BOSS19_P4_REGIME_CLASSIFIER_V1,1.0.0,H3-C02-MAIN,MAIN,2025,XAUUSD,H1,DEAL,STRESS,TREND_UP,HIGH,CLASSIFIED,2,2,0,0.02000000,235.22000000,235.22000000,0.00000000,,0.00000000,PARTITION_REALIZED_SEQUENCE,EXIT_TIME_MSC_THEN_SOURCE_DEAL_ID,,,UNAVAILABLE_FROM_SOURCE_BOUND_UNIT_PACKAGE,1.00000000,0,{},UNKNOWN,NO_PREDECLARED_NUMERIC_MAPPING_IN_CONTRACT,BASKET_UNAVAILABLE;SINGLE_YEAR_ABS_NET_GE_50PCT,COMPLETE,1,1,1,UNAVAILABLE_NO_SOURCE_BASKET_ID
BOSS19_P4B_REGIME_AFFINITY_V1,2026-09-02T17:30:00Z,1330a822ed66149ba07d693d8732ced5b9e9ce66d15f34ce8d21ef70894b760c,5f3a0f8d1accd25cb6cc08ad1c6e291aed6d238d620269102151016dbfaf569d,858f4d02d1ae30511dd1f38ffab347c85c06a4a25df4bedf901dc169c2847916,ffa5a59f49cf9099c50520cc95c548ad2d47883a472689dfb58ffc722a44d51e,bb331765f169503ad878223d54a6f45fd2bb6e289609ae671857e298384463a4,BOSS19_P4_REGIME_CLASSIFIER_V1,1.0.0,H3-C03-BWD,BWD,2020,XAUUSD,H4,DEAL,NEUTRAL,RANGE,HIGH,CLASSIFIED,5,5,0,0.08928571,60.95000000,60.95000000,0.00000000,,0.00000000,PARTITION_REALIZED_SEQUENCE,EXIT_TIME_MSC_THEN_SOURCE_DEAL_ID,,,UNAVAILABLE_FROM_SOURCE_BOUND_UNIT_PACKAGE,1.00000000,0,{},UNKNOWN,NO_PREDECLARED_NUMERIC_MAPPING_IN_CONTRACT,BASKET_UNAVAILABLE;SHORT_CALENDAR_SPAN;SINGLE_YEAR_ABS_NET_GE_50PCT,COMPLETE,3,1,1,UNAVAILABLE_NO_SOURCE_BASKET_ID
BOSS19_P4B_REGIME_AFFINITY_V1,2026-09-02T17:30:00Z,1330a822ed66149ba07d693d8732ced5b9e9ce66d15f34ce8d21ef70894b760c,5f3a0f8d1accd25cb6cc08ad1c6e291aed6d238d620269102151016dbfaf569d,858f4d02d1ae30511dd1f38ffab347c85c06a4a25df4bedf901dc169c2847916,ffa5a59f49cf9099c50520cc95c548ad2d47883a472689dfb58ffc722a44d51e,bb331765f169503ad878223d54a6f45fd2bb6e289609ae671857e298384463a4,BOSS19_P4_REGIME_CLASSIFIER_V1,1.0.0,H3-C03-BWD,BWD,2020,XAUUSD,H4,DEAL,NEUTRAL,RANGE,NORMAL,CLASSIFIED,4,4,0,0.07142857,-336.44000000,43.94000000,-380.38000000,0.11551606,380.38000000,PARTITION_REALIZED_SEQUENCE,EXIT_TIME_MSC_THEN_SOURCE_DEAL_ID,,,UNAVAILABLE_FROM_SOURCE_BOUND_UNIT_PACKAGE,1.00000000,0,{},UNKNOWN,NO_PREDECLARED_NUMERIC_MAPPING_IN_CONTRACT,BASKET_UNAVAILABLE;SHORT_CALENDAR_SPAN;SINGLE_YEAR_ABS_NET_GE_50PCT,COMPLETE,4,2,1,UNAVAILABLE_NO_SOURCE_BASKET_ID
BOSS19_P4B_REGIME_AFFINITY_V1,2026-09-02T17:30:00Z,1330a822ed66149ba07d693d8732ced5b9e9ce66d15f34ce8d21ef70894b760c,5f3a0f8d1accd25cb6cc08ad1c6e291aed6d238d620269102151016dbfaf569d,858f4d02d1ae30511dd1f38ffab347c85c06a4a25df4bedf901dc169c2847916,ffa5a59f49cf9099c50520cc95c548ad2d47883a472689dfb58ffc722a44d51e,bb331765f169503ad878223d54a6f45fd2bb6e289609ae671857e298384463a4,BOSS19_P4_REGIME_CLASSIFIER_V1,1.0.0,H3-C03-BWD,BWD,2020,XAUUSD,H4,DEAL,NEUTRAL,TRANSITION,HIGH,CLASSIFIED,4,4,0,0.07142857,46.71000000,46.71000000,0.00000000,,0.00000000,PARTITION_REALIZED_SEQUENCE,EXIT_TIME_MSC_THEN_SOURCE_DEAL_ID,,,UNAVAILABLE_FROM_SOURCE_BOUND_UNIT_PACKAGE,1.00000000,0,{},UNKNOWN,NO_PREDECLARED_NUMERIC_MAPPING_IN_CONTRACT,BASKET_UNAVAILABLE;SHORT_CALENDAR_SPAN;SINGLE_YEAR_ABS_NET_GE_50PCT,COMPLETE,2,1,1,UNAVAILABLE_NO_SOURCE_BASKET_ID
BOSS19_P4B_REGIME_AFFINITY_V1,2026-09-02T17:30:00Z,1330a822ed66149ba07d693d8732ced5b9e9ce66d15f34ce8d21ef70894b760c,5f3a0f8d1accd25cb6cc08ad1c6e291aed6d238d620269102151016dbfaf569d,858f4d02d1ae30511dd1f38ffab347c85c06a4a25df4bedf901dc169c2847916,ffa5a59f49cf9099c50520cc95c548ad2d47883a472689dfb58ffc722a44d51e,bb331765f169503ad878223d54a6f45fd2bb6e289609ae671857e298384463a4,BOSS19_P4_REGIME_CLASSIFIER_V1,1.0.0,H3-C03-BWD,BWD,2020,XAUUSD,H4,DEAL,NEUTRAL,TREND_UP,LOW,CLASSIFIED,9,9,0,0.16071429,277.84000000,277.84000000,0.00000000,,0.00000000,PARTITION_REALIZED_SEQUENCE,EXIT_TIME_MSC_THEN_SOURCE_DEAL_ID,,,UNAVAILABLE_FROM_SOURCE_BOUND_UNIT_PACKAGE,1.00000000,0,{},UNKNOWN,NO_PREDECLARED_NUMERIC_MAPPING_IN_CONTRACT,BASKET_UNAVAILABLE;SHORT_CALENDAR_SPAN;SINGLE_YEAR_ABS_NET_GE_50PCT,COMPLETE,3,3,1,UNAVAILABLE_NO_SOURCE_BASKET_ID
BOSS19_P4B_REGIME_AFFINITY_V1,2026-09-02T17:30:00Z,1330a822ed66149ba07d693d8732ced5b9e9ce66d15f34ce8d21ef70894b760c,5f3a0f8d1accd25cb6cc08ad1c6e291aed6d238d620269102151016dbfaf569d,858f4d02d1ae30511dd1f38ffab347c85c06a4a25df4bedf901dc169c2847916,ffa5a59f49cf9099c50520cc95c548ad2d47883a472689dfb58ffc722a44d51e,bb331765f169503ad878223d54a6f45fd2bb6e289609ae671857e298384463a4,BOSS19_P4_REGIME_CLASSIFIER_V1,1.0.0,H3-C03-BWD,BWD,2020,XAUUSD,H4,DEAL,NEUTRAL,TREND_UP,NORMAL,CLASSIFIED,21,21,0,0.37500000,744.66000000,758.20000000,-13.54000000,55.99704579,13.54000000,PARTITION_REALIZED_SEQUENCE,EXIT_TIME_MSC_THEN_SOURCE_DEAL_ID,,,UNAVAILABLE_FROM_SOURCE_BOUND_UNIT_PACKAGE,1.00000000,0,{},UNKNOWN,NO_PREDECLARED_NUMERIC_MAPPING_IN_CONTRACT,BASKET_UNAVAILABLE;SHORT_CALENDAR_SPAN;SINGLE_YEAR_ABS_NET_GE_50PCT,COMPLETE,12,3,1,UNAVAILABLE_NO_SOURCE_BASKET_ID
BOSS19_P4B_REGIME_AFFINITY_V1,2026-09-02T17:30:00Z,1330a822ed66149ba07d693d8732ced5b9e9ce66d15f34ce8d21ef70894b760c,5f3a0f8d1accd25cb6cc08ad1c6e291aed6d238d620269102151016dbfaf569d,858f4d02d1ae30511dd1f38ffab347c85c06a4a25df4bedf901dc169c2847916,ffa5a59f49cf9099c50520cc95c548ad2d47883a472689dfb58ffc722a44d51e,bb331765f169503ad878223d54a6f45fd2bb6e289609ae671857e298384463a4,BOSS19_P4_REGIME_CLASSIFIER_V1,1.0.0,H3-C03-BWD,BWD,2020,XAUUSD,H4,DEAL,RISK_OFF,TREND_UP,NORMAL,CLASSIFIED,3,3,0,0.05357143,-72.40000000,0.00000000,-72.40000000,0.00000000,72.40000000,PARTITION_REALIZED_SEQUENCE,EXIT_TIME_MSC_THEN_SOURCE_DEAL_ID,,,UNAVAILABLE_FROM_SOURCE_BOUND_UNIT_PACKAGE,1.00000000,0,{},UNKNOWN,NO_PREDECLARED_NUMERIC_MAPPING_IN_CONTRACT,BASKET_UNAVAILABLE;SHORT_CALENDAR_SPAN;SINGLE_YEAR_ABS_NET_GE_50PCT,COMPLETE,1,1,1,UNAVAILABLE_NO_SOURCE_BASKET_ID
BOSS19_P4B_REGIME_AFFINITY_V1,2026-09-02T17:30:00Z,1330a822ed66149ba07d693d8732ced5b9e9ce66d15f34ce8d21ef70894b760c,5f3a0f8d1accd25cb6cc08ad1c6e291aed6d238d620269102151016dbfaf569d,858f4d02d1ae30511dd1f38ffab347c85c06a4a25df4bedf901dc169c2847916,ffa5a59f49cf9099c50520cc95c548ad2d47883a472689dfb58ffc722a44d51e,bb331765f169503ad878223d54a6f45fd2bb6e289609ae671857e298384463a4,BOSS19_P4_REGIME_CLASSIFIER_V1,1.0.0,H3-C03-BWD,BWD,2020,XAUUSD,H4,DEAL,STRESS,RANGE,NORMAL,CLASSIFIED,2,2,0,0.03571429,33.18000000,33.18000000,0.00000000,,0.00000000,PARTITION_REALIZED_SEQUENCE,EXIT_TIME_MSC_THEN_SOURCE_DEAL_ID,,,UNAVAILABLE_FROM_SOURCE_BOUND_UNIT_PACKAGE,1.00000000,0,{},UNKNOWN,NO_PREDECLARED_NUMERIC_MAPPING_IN_CONTRACT,BASKET_UNAVAILABLE;SHORT_CALENDAR_SPAN;SINGLE_YEAR_ABS_NET_GE_50PCT,COMPLETE,2,2,1,UNAVAILABLE_NO_SOURCE_BASKET_ID
BOSS19_P4B_REGIME_AFFINITY_V1,2026-09-02T17:30:00Z,1330a822ed66149ba07d693d8732ced5b9e9ce66d15f34ce8d21ef70894b760c,5f3a0f8d1accd25cb6cc08ad1c6e291aed6d238d620269102151016dbfaf569d,858f4d02d1ae30511dd1f38ffab347c85c06a4a25df4bedf901dc169c2847916,ffa5a59f49cf9099c50520cc95c548ad2d47883a472689dfb58ffc722a44d51e,bb331765f169503ad878223d54a6f45fd2bb6e289609ae671857e298384463a4,BOSS19_P4_REGIME_CLASSIFIER_V1,1.0.0,H3-C03-BWD,BWD,2020,XAUUSD,H4,DEAL,STRESS,TREND_UP,NORMAL,CLASSIFIED,3,3,0,0.05357143,32.11000000,32.69000000,-0.58000000,56.36206897,0.58000000,PARTITION_REALIZED_SEQUENCE,EXIT_TIME_MSC_THEN_SOURCE_DEAL_ID,,,UNAVAILABLE_FROM_SOURCE_BOUND_UNIT_PACKAGE,1.00000000,0,{},UNKNOWN,NO_PREDECLARED_NUMERIC_MAPPING_IN_CONTRACT,BASKET_UNAVAILABLE;SHORT_CALENDAR_SPAN;SINGLE_YEAR_ABS_NET_GE_50PCT,COMPLETE,2,2,1,UNAVAILABLE_NO_SOURCE_BASKET_ID
BOSS19_P4B_REGIME_AFFINITY_V1,2026-09-02T17:30:00Z,1330a822ed66149ba07d693d8732ced5b9e9ce66d15f34ce8d21ef70894b760c,5f3a0f8d1accd25cb6cc08ad1c6e291aed6d238d620269102151016dbfaf569d,858f4d02d1ae30511dd1f38ffab347c85c06a4a25df4bedf901dc169c2847916,ffa5a59f49cf9099c50520cc95c548ad2d47883a472689dfb58ffc722a44d51e,bb331765f169503ad878223d54a6f45fd2bb6e289609ae671857e298384463a4,BOSS19_P4_REGIME_CLASSIFIER_V1,1.0.0,H3-C03-BWD,BWD,2022,XAUUSD,H4,DEAL,STRESS,TREND_UP,EXTREME,CLASSIFIED,5,5,0,0.08928571,-781.78000000,174.54000000,-956.32000000,0.18251213,956.32000000,PARTITION_REALIZED_SEQUENCE,EXIT_TIME_MSC_THEN_SOURCE_DEAL_ID,,,UNAVAILABLE_FROM_SOURCE_BOUND_UNIT_PACKAGE,1.00000000,0,{},UNKNOWN,NO_PREDECLARED_NUMERIC_MAPPING_IN_CONTRACT,BASKET_UNAVAILABLE;SHORT_CALENDAR_SPAN;SINGLE_YEAR_ABS_NET_GE_50PCT,COMPLETE,2,1,1,UNAVAILABLE_NO_SOURCE_BASKET_ID
BOSS19_P4B_REGIME_AFFINITY_V1,2026-09-02T17:30:00Z,1330a822ed66149ba07d693d8732ced5b9e9ce66d15f34ce8d21ef70894b760c,5f3a0f8d1accd25cb6cc08ad1c6e291aed6d238d620269102151016dbfaf569d,858f4d02d1ae30511dd1f38ffab347c85c06a4a25df4bedf901dc169c2847916,ffa5a59f49cf9099c50520cc95c548ad2d47883a472689dfb58ffc722a44d51e,bb331765f169503ad878223d54a6f45fd2bb6e289609ae671857e298384463a4,BOSS19_P4_REGIME_CLASSIFIER_V1,1.0.0,H3-C03-MAIN,MAIN,2023,XAUUSD,H4,DEAL,NEUTRAL,RANGE,LOW,CLASSIFIED,6,6,0,0.05309735,105.21000000,105.21000000,0.00000000,,0.00000000,PARTITION_REALIZED_SEQUENCE,EXIT_TIME_MSC_THEN_SOURCE_DEAL_ID,,,UNAVAILABLE_FROM_SOURCE_BOUND_UNIT_PACKAGE,1.00000000,0,{},UNKNOWN,NO_PREDECLARED_NUMERIC_MAPPING_IN_CONTRACT,BASKET_UNAVAILABLE;SINGLE_YEAR_ABS_NET_GE_50PCT,COMPLETE,4,2,1,UNAVAILABLE_NO_SOURCE_BASKET_ID
BOSS19_P4B_REGIME_AFFINITY_V1,2026-09-02T17:30:00Z,1330a822ed66149ba07d693d8732ced5b9e9ce66d15f34ce8d21ef70894b760c,5f3a0f8d1accd25cb6cc08ad1c6e291aed6d238d620269102151016dbfaf569d,858f4d02d1ae30511dd1f38ffab347c85c06a4a25df4bedf901dc169c2847916,ffa5a59f49cf9099c50520cc95c548ad2d47883a472689dfb58ffc722a44d51e,bb331765f169503ad878223d54a6f45fd2bb6e289609ae671857e298384463a4,BOSS19_P4_REGIME_CLASSIFIER_V1,1.0.0,H3-C03-MAIN,MAIN,2023,XAUUSD,H4,DEAL,NEUTRAL,RANGE,NORMAL,CLASSIFIED,6,6,0,0.05309735,142.53000000,152.45000000,-9.92000000,15.36794355,9.92000000,PARTITION_REALIZED_SEQUENCE,EXIT_TIME_MSC_THEN_SOURCE_DEAL_ID,,,UNAVAILABLE_FROM_SOURCE_BOUND_UNIT_PACKAGE,1.00000000,0,{},UNKNOWN,NO_PREDECLARED_NUMERIC_MAPPING_IN_CONTRACT,BASKET_UNAVAILABLE;SINGLE_YEAR_ABS_NET_GE_50PCT,COMPLETE,4,3,1,UNAVAILABLE_NO_SOURCE_BASKET_ID
BOSS19_P4B_REGIME_AFFINITY_V1,2026-09-02T17:30:00Z,1330a822ed66149ba07d693d8732ced5b9e9ce66d15f34ce8d21ef70894b760c,5f3a0f8d1accd25cb6cc08ad1c6e291aed6d238d620269102151016dbfaf569d,858f4d02d1ae30511dd1f38ffab347c85c06a4a25df4bedf901dc169c2847916,ffa5a59f49cf9099c50520cc95c548ad2d47883a472689dfb58ffc722a44d51e,bb331765f169503ad878223d54a6f45fd2bb6e289609ae671857e298384463a4,BOSS19_P4_REGIME_CLASSIFIER_V1,1.0.0,H3-C03-MAIN,MAIN,2023,XAUUSD,H4,DEAL,NEUTRAL,TRANSITION,LOW,CLASSIFIED,1,1,0,0.00884956,34.44000000,34.44000000,0.00000000,,0.00000000,PARTITION_REALIZED_SEQUENCE,EXIT_TIME_MSC_THEN_SOURCE_DEAL_ID,,,UNAVAILABLE_FROM_SOURCE_BOUND_UNIT_PACKAGE,1.00000000,0,{},UNKNOWN,NO_PREDECLARED_NUMERIC_MAPPING_IN_CONTRACT,BASKET_UNAVAILABLE;SINGLE_YEAR_ABS_NET_GE_50PCT,COMPLETE,1,1,1,UNAVAILABLE_NO_SOURCE_BASKET_ID
BOSS19_P4B_REGIME_AFFINITY_V1,2026-09-02T17:30:00Z,1330a822ed66149ba07d693d8732ced5b9e9ce66d15f34ce8d21ef70894b760c,5f3a0f8d1accd25cb6cc08ad1c6e291aed6d238d620269102151016dbfaf569d,858f4d02d1ae30511dd1f38ffab347c85c06a4a25df4bedf901dc169c2847916,ffa5a59f49cf9099c50520cc95c548ad2d47883a472689dfb58ffc722a44d51e,bb331765f169503ad878223d54a6f45fd2bb6e289609ae671857e298384463a4,BOSS19_P4_REGIME_CLASSIFIER_V1,1.0.0,H3-C03-MAIN,MAIN,2023,XAUUSD,H4,DEAL,NEUTRAL,TRANSITION,NORMAL,CLASSIFIED,1,1,0,0.00884956,54.64000000,54.64000000,0.00000000,,0.00000000,PARTITION_REALIZED_SEQUENCE,EXIT_TIME_MSC_THEN_SOURCE_DEAL_ID,,,UNAVAILABLE_FROM_SOURCE_BOUND_UNIT_PACKAGE,1.00000000,0,{},UNKNOWN,NO_PREDECLARED_NUMERIC_MAPPING_IN_CONTRACT,BASKET_UNAVAILABLE;SINGLE_YEAR_ABS_NET_GE_50PCT,COMPLETE,1,1,1,UNAVAILABLE_NO_SOURCE_BASKET_ID
BOSS19_P4B_REGIME_AFFINITY_V1,2026-09-02T17:30:00Z,1330a822ed66149ba07d693d8732ced5b9e9ce66d15f34ce8d21ef70894b760c,5f3a0f8d1accd25cb6cc08ad1c6e291aed6d238d620269102151016dbfaf569d,858f4d02d1ae30511dd1f38ffab347c85c06a4a25df4bedf901dc169c2847916,ffa5a59f49cf9099c50520cc95c548ad2d47883a472689dfb58ffc722a44d51e,bb331765f169503ad878223d54a6f45fd2bb6e289609ae671857e298384463a4,BOSS19_P4_REGIME_CLASSIFIER_V1,1.0.0,H3-C03-MAIN,MAIN,2023,XAUUSD,H4,DEAL,NEUTRAL,TREND_UP,LOW,CLASSIFIED,5,5,0,0.04424779,-17.26000000,115.27000000,-132.53000000,0.86976534,132.53000000,PARTITION_REALIZED_SEQUENCE,EXIT_TIME_MSC_THEN_SOURCE_DEAL_ID,,,UNAVAILABLE_FROM_SOURCE_BOUND_UNIT_PACKAGE,1.00000000,0,{},UNKNOWN,NO_PREDECLARED_NUMERIC_MAPPING_IN_CONTRACT,BASKET_UNAVAILABLE;SINGLE_YEAR_ABS_NET_GE_50PCT,COMPLETE,2,2,1,UNAVAILABLE_NO_SOURCE_BASKET_ID
BOSS19_P4B_REGIME_AFFINITY_V1,2026-09-02T17:30:00Z,1330a822ed66149ba07d693d8732ced5b9e9ce66d15f34ce8d21ef70894b760c,5f3a0f8d1accd25cb6cc08ad1c6e291aed6d238d620269102151016dbfaf569d,858f4d02d1ae30511dd1f38ffab347c85c06a4a25df4bedf901dc169c2847916,ffa5a59f49cf9099c50520cc95c548ad2d47883a472689dfb58ffc722a44d51e,bb331765f169503ad878223d54a6f45fd2bb6e289609ae671857e298384463a4,BOSS19_P4_REGIME_CLASSIFIER_V1,1.0.0,H3-C03-MAIN,MAIN,2023,XAUUSD,H4,DEAL,NEUTRAL,TREND_UP,NORMAL,CLASSIFIED,7,7,0,0.06194690,-0.29000000,170.13000000,-170.42000000,0.99829832,166.84000000,PARTITION_REALIZED_SEQUENCE,EXIT_TIME_MSC_THEN_SOURCE_DEAL_ID,,,UNAVAILABLE_FROM_SOURCE_BOUND_UNIT_PACKAGE,1.00000000,0,{},UNKNOWN,NO_PREDECLARED_NUMERIC_MAPPING_IN_CONTRACT,BASKET_UNAVAILABLE;SINGLE_YEAR_ABS_NET_GE_50PCT,COMPLETE,3,2,1,UNAVAILABLE_NO_SOURCE_BASKET_ID
BOSS19_P4B_REGIME_AFFINITY_V1,2026-09-02T17:30:00Z,1330a822ed66149ba07d693d8732ced5b9e9ce66d15f34ce8d21ef70894b760c,5f3a0f8d1accd25cb6cc08ad1c6e291aed6d238d620269102151016dbfaf569d,858f4d02d1ae30511dd1f38ffab347c85c06a4a25df4bedf901dc169c2847916,ffa5a59f49cf9099c50520cc95c548ad2d47883a472689dfb58ffc722a44d51e,bb331765f169503ad878223d54a6f45fd2bb6e289609ae671857e298384463a4,BOSS19_P4_REGIME_CLASSIFIER_V1,1.0.0,H3-C03-MAIN,MAIN,2023,XAUUSD,H4,DEAL,RISK_OFF,RANGE,LOW,CLASSIFIED,3,3,0,0.02654867,126.13000000,126.13000000,0.00000000,,0.00000000,PARTITION_REALIZED_SEQUENCE,EXIT_TIME_MSC_THEN_SOURCE_DEAL_ID,,,UNAVAILABLE_FROM_SOURCE_BOUND_UNIT_PACKAGE,1.00000000,0,{},UNKNOWN,NO_PREDECLARED_NUMERIC_MAPPING_IN_CONTRACT,BASKET_UNAVAILABLE;SINGLE_YEAR_ABS_NET_GE_50PCT,COMPLETE,1,1,1,UNAVAILABLE_NO_SOURCE_BASKET_ID
BOSS19_P4B_REGIME_AFFINITY_V1,2026-09-02T17:30:00Z,1330a822ed66149ba07d693d8732ced5b9e9ce66d15f34ce8d21ef70894b760c,5f3a0f8d1accd25cb6cc08ad1c6e291aed6d238d620269102151016dbfaf569d,858f4d02d1ae30511dd1f38ffab347c85c06a4a25df4bedf901dc169c2847916,ffa5a59f49cf9099c50520cc95c548ad2d47883a472689dfb58ffc722a44d51e,bb331765f169503ad878223d54a6f45fd2bb6e289609ae671857e298384463a4,BOSS19_P4_REGIME_CLASSIFIER_V1,1.0.0,H3-C03-MAIN,MAIN,2023,XAUUSD,H4,DEAL,RISK_OFF,TREND_UP,EXTREME,CLASSIFIED,3,3,0,0.02654867,110.56000000,110.56000000,0.00000000,,0.00000000,PARTITION_REALIZED_SEQUENCE,EXIT_TIME_MSC_THEN_SOURCE_DEAL_ID,,,UNAVAILABLE_FROM_SOURCE_BOUND_UNIT_PACKAGE,1.00000000,0,{},UNKNOWN,NO_PREDECLARED_NUMERIC_MAPPING_IN_CONTRACT,BASKET_UNAVAILABLE;SINGLE_YEAR_ABS_NET_GE_50PCT,COMPLETE,2,1,1,UNAVAILABLE_NO_SOURCE_BASKET_ID
BOSS19_P4B_REGIME_AFFINITY_V1,2026-09-02T17:30:00Z,1330a822ed66149ba07d693d8732ced5b9e9ce66d15f34ce8d21ef70894b760c,5f3a0f8d1accd25cb6cc08ad1c6e291aed6d238d620269102151016dbfaf569d,858f4d02d1ae30511dd1f38ffab347c85c06a4a25df4bedf901dc169c2847916,ffa5a59f49cf9099c50520cc95c548ad2d47883a472689dfb58ffc722a44d51e,bb331765f169503ad878223d54a6f45fd2bb6e289609ae671857e298384463a4,BOSS19_P4_REGIME_CLASSIFIER_V1,1.0.0,H3-C03-MAIN,MAIN,2023,XAUUSD,H4,DEAL,RISK_OFF,TREND_UP,LOW,CLASSIFIED,2,2,0,0.01769912,81.43000000,81.43000000,0.00000000,,0.00000000,PARTITION_REALIZED_SEQUENCE,EXIT_TIME_MSC_THEN_SOURCE_DEAL_ID,,,UNAVAILABLE_FROM_SOURCE_BOUND_UNIT_PACKAGE,1.00000000,0,{},UNKNOWN,NO_PREDECLARED_NUMERIC_MAPPING_IN_CONTRACT,BASKET_UNAVAILABLE;SINGLE_YEAR_ABS_NET_GE_50PCT,COMPLETE,1,1,1,UNAVAILABLE_NO_SOURCE_BASKET_ID
BOSS19_P4B_REGIME_AFFINITY_V1,2026-09-02T17:30:00Z,1330a822ed66149ba07d693d8732ced5b9e9ce66d15f34ce8d21ef70894b760c,5f3a0f8d1accd25cb6cc08ad1c6e291aed6d238d620269102151016dbfaf569d,858f4d02d1ae30511dd1f38ffab347c85c06a4a25df4bedf901dc169c2847916,ffa5a59f49cf9099c50520cc95c548ad2d47883a472689dfb58ffc722a44d51e,bb331765f169503ad878223d54a6f45fd2bb6e289609ae671857e298384463a4,BOSS19_P4_REGIME_CLASSIFIER_V1,1.0.0,H3-C03-MAIN,MAIN,2023,XAUUSD,H4,DEAL,RISK_OFF,TREND_UP,NORMAL,CLASSIFIED,2,2,0,0.01769912,37.76000000,37.76000000,0.00000000,,0.00000000,PARTITION_REALIZED_SEQUENCE,EXIT_TIME_MSC_THEN_SOURCE_DEAL_ID,,,UNAVAILABLE_FROM_SOURCE_BOUND_UNIT_PACKAGE,1.00000000,0,{},UNKNOWN,NO_PREDECLARED_NUMERIC_MAPPING_IN_CONTRACT,BASKET_UNAVAILABLE;SINGLE_YEAR_ABS_NET_GE_50PCT,COMPLETE,2,1,1,UNAVAILABLE_NO_SOURCE_BASKET_ID
BOSS19_P4B_REGIME_AFFINITY_V1,2026-09-02T17:30:00Z,1330a822ed66149ba07d693d8732ced5b9e9ce66d15f34ce8d21ef70894b760c,5f3a0f8d1accd25cb6cc08ad1c6e291aed6d238d620269102151016dbfaf569d,858f4d02d1ae30511dd1f38ffab347c85c06a4a25df4bedf901dc169c2847916,ffa5a59f49cf9099c50520cc95c548ad2d47883a472689dfb58ffc722a44d51e,bb331765f169503ad878223d54a6f45fd2bb6e289609ae671857e298384463a4,BOSS19_P4_REGIME_CLASSIFIER_V1,1.0.0,H3-C03-MAIN,MAIN,2023,XAUUSD,H4,DEAL,RISK_ON,RANGE,NORMAL,CLASSIFIED,1,1,0,0.00884956,8.32000000,8.32000000,0.00000000,,0.00000000,PARTITION_REALIZED_SEQUENCE,EXIT_TIME_MSC_THEN_SOURCE_DEAL_ID,,,UNAVAILABLE_FROM_SOURCE_BOUND_UNIT_PACKAGE,1.00000000,0,{},UNKNOWN,NO_PREDECLARED_NUMERIC_MAPPING_IN_CONTRACT,BASKET_UNAVAILABLE;SINGLE_YEAR_ABS_NET_GE_50PCT,COMPLETE,1,1,1,UNAVAILABLE_NO_SOURCE_BASKET_ID
BOSS19_P4B_REGIME_AFFINITY_V1,2026-09-02T17:30:00Z,1330a822ed66149ba07d693d8732ced5b9e9ce66d15f34ce8d21ef70894b760c,5f3a0f8d1accd25cb6cc08ad1c6e291aed6d238d620269102151016dbfaf569d,858f4d02d1ae30511dd1f38ffab347c85c06a4a25df4bedf901dc169c2847916,ffa5a59f49cf9099c50520cc95c548ad2d47883a472689dfb58ffc722a44d51e,bb331765f169503ad878223d54a6f45fd2bb6e289609ae671857e298384463a4,BOSS19_P4_REGIME_CLASSIFIER_V1,1.0.0,H3-C03-MAIN,MAIN,2024,XAUUSD,H4,DEAL,NEUTRAL,TREND_UP,EXTREME,CLASSIFIED,6,6,0,0.05309735,348.17000000,348.17000000,0.00000000,,0.00000000,PARTITION_REALIZED_SEQUENCE,EXIT_TIME_MSC_THEN_SOURCE_DEAL_ID,,,UNAVAILABLE_FROM_SOURCE_BOUND_UNIT_PACKAGE,1.00000000,0,{},UNKNOWN,NO_PREDECLARED_NUMERIC_MAPPING_IN_CONTRACT,BASKET_UNAVAILABLE;SINGLE_YEAR_ABS_NET_GE_50PCT,COMPLETE,3,1,1,UNAVAILABLE_NO_SOURCE_BASKET_ID
BOSS19_P4B_REGIME_AFFINITY_V1,2026-09-02T17:30:00Z,1330a822ed66149ba07d693d8732ced5b9e9ce66d15f34ce8d21ef70894b760c,5f3a0f8d1accd25cb6cc08ad1c6e291aed6d238d620269102151016dbfaf569d,858f4d02d1ae30511dd1f38ffab347c85c06a4a25df4bedf901dc169c2847916,ffa5a59f49cf9099c50520cc95c548ad2d47883a472689dfb58ffc722a44d51e,bb331765f169503ad878223d54a6f45fd2bb6e289609ae671857e298384463a4,BOSS19_P4_REGIME_CLASSIFIER_V1,1.0.0,H3-C03-MAIN,MAIN,2024,XAUUSD,H4,DEAL,NEUTRAL,TREND_UP,HIGH,CLASSIFIED,1,1,0,0.00884956,51.12000000,51.12000000,0.00000000,,0.00000000,PARTITION_REALIZED_SEQUENCE,EXIT_TIME_MSC_THEN_SOURCE_DEAL_ID,,,UNAVAILABLE_FROM_SOURCE_BOUND_UNIT_PACKAGE,1.00000000,0,{},UNKNOWN,NO_PREDECLARED_NUMERIC_MAPPING_IN_CONTRACT,BASKET_UNAVAILABLE;SINGLE_YEAR_ABS_NET_GE_50PCT,COMPLETE,1,1,1,UNAVAILABLE_NO_SOURCE_BASKET_ID
BOSS19_P4B_REGIME_AFFINITY_V1,2026-09-02T17:30:00Z,1330a822ed66149ba07d693d8732ced5b9e9ce66d15f34ce8d21ef70894b760c,5f3a0f8d1accd25cb6cc08ad1c6e291aed6d238d620269102151016dbfaf569d,858f4d02d1ae30511dd1f38ffab347c85c06a4a25df4bedf901dc169c2847916,ffa5a59f49cf9099c50520cc95c548ad2d47883a472689dfb58ffc722a44d51e,bb331765f169503ad878223d54a6f45fd2bb6e289609ae671857e298384463a4,BOSS19_P4_REGIME_CLASSIFIER_V1,1.0.0,H3-C03-MAIN,MAIN,2024,XAUUSD,H4,DEAL,NEUTRAL,TREND_UP,LOW,CLASSIFIED,3,3,0,0.02654867,-138.15000000,0.00000000,-138.15000000,0.00000000,138.15000000,PARTITION_REALIZED_SEQUENCE,EXIT_TIME_MSC_THEN_SOURCE_DEAL_ID,,,UNAVAILABLE_FROM_SOURCE_BOUND_UNIT_PACKAGE,1.00000000,0,{},UNKNOWN,NO_PREDECLARED_NUMERIC_MAPPING_IN_CONTRACT,BASKET_UNAVAILABLE;SINGLE_YEAR_ABS_NET_GE_50PCT,COMPLETE,3,1,1,UNAVAILABLE_NO_SOURCE_BASKET_ID
BOSS19_P4B_REGIME_AFFINITY_V1,2026-09-02T17:30:00Z,1330a822ed66149ba07d693d8732ced5b9e9ce66d15f34ce8d21ef70894b760c,5f3a0f8d1accd25cb6cc08ad1c6e291aed6d238d620269102151016dbfaf569d,858f4d02d1ae30511dd1f38ffab347c85c06a4a25df4bedf901dc169c2847916,ffa5a59f49cf9099c50520cc95c548ad2d47883a472689dfb58ffc722a44d51e,bb331765f169503ad878223d54a6f45fd2bb6e289609ae671857e298384463a4,BOSS19_P4_REGIME_CLASSIFIER_V1,1.0.0,H3-C03-MAIN,MAIN,2024,XAUUSD,H4,DEAL,NEUTRAL,TREND_UP,NORMAL,CLASSIFIED,7,7,0,0.06194690,281.31000000,281.31000000,0.00000000,,0.00000000,PARTITION_REALIZED_SEQUENCE,EXIT_TIME_MSC_THEN_SOURCE_DEAL_ID,,,UNAVAILABLE_FROM_SOURCE_BOUND_UNIT_PACKAGE,1.00000000,0,{},UNKNOWN,NO_PREDECLARED_NUMERIC_MAPPING_IN_CONTRACT,BASKET_UNAVAILABLE;SINGLE_YEAR_ABS_NET_GE_50PCT,COMPLETE,5,3,1,UNAVAILABLE_NO_SOURCE_BASKET_ID
BOSS19_P4B_REGIME_AFFINITY_V1,2026-09-02T17:30:00Z,1330a822ed66149ba07d693d8732ced5b9e9ce66d15f34ce8d21ef70894b760c,5f3a0f8d1accd25cb6cc08ad1c6e291aed6d238d620269102151016dbfaf569d,858f4d02d1ae30511dd1f38ffab347c85c06a4a25df4bedf901dc169c2847916,ffa5a59f49cf9099c50520cc95c548ad2d47883a472689dfb58ffc722a44d51e,bb331765f169503ad878223d54a6f45fd2bb6e289609ae671857e298384463a4,BOSS19_P4_REGIME_CLASSIFIER_V1,1.0.0,H3-C03-MAIN,MAIN,2024,XAUUSD,H4,DEAL,RISK_OFF,RANGE,NORMAL,CLASSIFIED,2,2,0,0.01769912,100.12000000,100.12000000,0.00000000,,0.00000000,PARTITION_REALIZED_SEQUENCE,EXIT_TIME_MSC_THEN_SOURCE_DEAL_ID,,,UNAVAILABLE_FROM_SOURCE_BOUND_UNIT_PACKAGE,1.00000000,0,{},UNKNOWN,NO_PREDECLARED_NUMERIC_MAPPING_IN_CONTRACT,BASKET_UNAVAILABLE;SINGLE_YEAR_ABS_NET_GE_50PCT,COMPLETE,1,1,1,UNAVAILABLE_NO_SOURCE_BASKET_ID
BOSS19_P4B_REGIME_AFFINITY_V1,2026-09-02T17:30:00Z,1330a822ed66149ba07d693d8732ced5b9e9ce66d15f34ce8d21ef70894b760c,5f3a0f8d1accd25cb6cc08ad1c6e291aed6d238d620269102151016dbfaf569d,858f4d02d1ae30511dd1f38ffab347c85c06a4a25df4bedf901dc169c2847916,ffa5a59f49cf9099c50520cc95c548ad2d47883a472689dfb58ffc722a44d51e,bb331765f169503ad878223d54a6f45fd2bb6e289609ae671857e298384463a4,BOSS19_P4_REGIME_CLASSIFIER_V1,1.0.0,H3-C03-MAIN,MAIN,2024,XAUUSD,H4,DEAL,RISK_OFF,TREND_UP,NORMAL,CLASSIFIED,1,1,0,0.00884956,70.28000000,70.28000000,0.00000000,,0.00000000,PARTITION_REALIZED_SEQUENCE,EXIT_TIME_MSC_THEN_SOURCE_DEAL_ID,,,UNAVAILABLE_FROM_SOURCE_BOUND_UNIT_PACKAGE,1.00000000,0,{},UNKNOWN,NO_PREDECLARED_NUMERIC_MAPPING_IN_CONTRACT,BASKET_UNAVAILABLE;SINGLE_YEAR_ABS_NET_GE_50PCT,COMPLETE,1,1,1,UNAVAILABLE_NO_SOURCE_BASKET_ID
BOSS19_P4B_REGIME_AFFINITY_V1,2026-09-02T17:30:00Z,1330a822ed66149ba07d693d8732ced5b9e9ce66d15f34ce8d21ef70894b760c,5f3a0f8d1accd25cb6cc08ad1c6e291aed6d238d620269102151016dbfaf569d,858f4d02d1ae30511dd1f38ffab347c85c06a4a25df4bedf901dc169c2847916,ffa5a59f49cf9099c50520cc95c548ad2d47883a472689dfb58ffc722a44d51e,bb331765f169503ad878223d54a6f45fd2bb6e289609ae671857e298384463a4,BOSS19_P4_REGIME_CLASSIFIER_V1,1.0.0,H3-C03-MAIN,MAIN,2024,XAUUSD,H4,DEAL,RISK_ON,RANGE,HIGH,CLASSIFIED,3,3,0,0.02654867,147.66000000,147.66000000,0.00000000,,0.00000000,PARTITION_REALIZED_SEQUENCE,EXIT_TIME_MSC_THEN_SOURCE_DEAL_ID,,,UNAVAILABLE_FROM_SOURCE_BOUND_UNIT_PACKAGE,1.00000000,0,{},UNKNOWN,NO_PREDECLARED_NUMERIC_MAPPING_IN_CONTRACT,BASKET_UNAVAILABLE;SINGLE_YEAR_ABS_NET_GE_50PCT,COMPLETE,1,1,1,UNAVAILABLE_NO_SOURCE_BASKET_ID
BOSS19_P4B_REGIME_AFFINITY_V1,2026-09-02T17:30:00Z,1330a822ed66149ba07d693d8732ced5b9e9ce66d15f34ce8d21ef70894b760c,5f3a0f8d1accd25cb6cc08ad1c6e291aed6d238d620269102151016dbfaf569d,858f4d02d1ae30511dd1f38ffab347c85c06a4a25df4bedf901dc169c2847916,ffa5a59f49cf9099c50520cc95c548ad2d47883a472689dfb58ffc722a44d51e,bb331765f169503ad878223d54a6f45fd2bb6e289609ae671857e298384463a4,BOSS19_P4_REGIME_CLASSIFIER_V1,1.0.0,H3-C03-MAIN,MAIN,2024,XAUUSD,H4,DEAL,RISK_ON,TREND_UP,EXTREME,CLASSIFIED,3,3,0,0.02654867,-99.69000000,0.00000000,-99.69000000,0.00000000,99.69000000,PARTITION_REALIZED_SEQUENCE,EXIT_TIME_MSC_THEN_SOURCE_DEAL_ID,,,UNAVAILABLE_FROM_SOURCE_BOUND_UNIT_PACKAGE,1.00000000,0,{},UNKNOWN,NO_PREDECLARED_NUMERIC_MAPPING_IN_CONTRACT,BASKET_UNAVAILABLE;SINGLE_YEAR_ABS_NET_GE_50PCT,COMPLETE,1,1,1,UNAVAILABLE_NO_SOURCE_BASKET_ID
BOSS19_P4B_REGIME_AFFINITY_V1,2026-09-02T17:30:00Z,1330a822ed66149ba07d693d8732ced5b9e9ce66d15f34ce8d21ef70894b760c,5f3a0f8d1accd25cb6cc08ad1c6e291aed6d238d620269102151016dbfaf569d,858f4d02d1ae30511dd1f38ffab347c85c06a4a25df4bedf901dc169c2847916,ffa5a59f49cf9099c50520cc95c548ad2d47883a472689dfb58ffc722a44d51e,bb331765f169503ad878223d54a6f45fd2bb6e289609ae671857e298384463a4,BOSS19_P4_REGIME_CLASSIFIER_V1,1.0.0,H3-C03-MAIN,MAIN,2025,XAUUSD,H4,DEAL,NEUTRAL,RANGE,NORMAL,CLASSIFIED,1,1,0,0.00884956,79.15000000,79.15000000,0.00000000,,0.00000000,PARTITION_REALIZED_SEQUENCE,EXIT_TIME_MSC_THEN_SOURCE_DEAL_ID,,,UNAVAILABLE_FROM_SOURCE_BOUND_UNIT_PACKAGE,1.00000000,0,{},UNKNOWN,NO_PREDECLARED_NUMERIC_MAPPING_IN_CONTRACT,BASKET_UNAVAILABLE;SINGLE_YEAR_ABS_NET_GE_50PCT,COMPLETE,1,1,1,UNAVAILABLE_NO_SOURCE_BASKET_ID
BOSS19_P4B_REGIME_AFFINITY_V1,2026-09-02T17:30:00Z,1330a822ed66149ba07d693d8732ced5b9e9ce66d15f34ce8d21ef70894b760c,5f3a0f8d1accd25cb6cc08ad1c6e291aed6d238d620269102151016dbfaf569d,858f4d02d1ae30511dd1f38ffab347c85c06a4a25df4bedf901dc169c2847916,ffa5a59f49cf9099c50520cc95c548ad2d47883a472689dfb58ffc722a44d51e,bb331765f169503ad878223d54a6f45fd2bb6e289609ae671857e298384463a4,BOSS19_P4_REGIME_CLASSIFIER_V1,1.0.0,H3-C03-MAIN,MAIN,2025,XAUUSD,H4,DEAL,NEUTRAL,TREND_UP,HIGH,CLASSIFIED,5,5,0,0.04424779,538.99000000,538.99000000,0.00000000,,0.00000000,PARTITION_REALIZED_SEQUENCE,EXIT_TIME_MSC_THEN_SOURCE_DEAL_ID,,,UNAVAILABLE_FROM_SOURCE_BOUND_UNIT_PACKAGE,1.00000000,0,{},UNKNOWN,NO_PREDECLARED_NUMERIC_MAPPING_IN_CONTRACT,BASKET_UNAVAILABLE;SINGLE_YEAR_ABS_NET_GE_50PCT,COMPLETE,3,1,1,UNAVAILABLE_NO_SOURCE_BASKET_ID
BOSS19_P4B_REGIME_AFFINITY_V1,2026-09-02T17:30:00Z,1330a822ed66149ba07d693d8732ced5b9e9ce66d15f34ce8d21ef70894b760c,5f3a0f8d1accd25cb6cc08ad1c6e291aed6d238d620269102151016dbfaf569d,858f4d02d1ae30511dd1f38ffab347c85c06a4a25df4bedf901dc169c2847916,ffa5a59f49cf9099c50520cc95c548ad2d47883a472689dfb58ffc722a44d51e,bb331765f169503ad878223d54a6f45fd2bb6e289609ae671857e298384463a4,BOSS19_P4_REGIME_CLASSIFIER_V1,1.0.0,H3-C03-MAIN,MAIN,2025,XAUUSD,H4,DEAL,NEUTRAL,TREND_UP,LOW,CLASSIFIED,2,2,0,0.01769912,99.39000000,99.39000000,0.00000000,,0.00000000,PARTITION_REALIZED_SEQUENCE,EXIT_TIME_MSC_THEN_SOURCE_DEAL_ID,,,UNAVAILABLE_FROM_SOURCE_BOUND_UNIT_PACKAGE,1.00000000,0,{},UNKNOWN,NO_PREDECLARED_NUMERIC_MAPPING_IN_CONTRACT,BASKET_UNAVAILABLE;SINGLE_YEAR_ABS_NET_GE_50PCT,COMPLETE,1,1,1,UNAVAILABLE_NO_SOURCE_BASKET_ID
BOSS19_P4B_REGIME_AFFINITY_V1,2026-09-02T17:30:00Z,1330a822ed66149ba07d693d8732ced5b9e9ce66d15f34ce8d21ef70894b760c,5f3a0f8d1accd25cb6cc08ad1c6e291aed6d238d620269102151016dbfaf569d,858f4d02d1ae30511dd1f38ffab347c85c06a4a25df4bedf901dc169c2847916,ffa5a59f49cf9099c50520cc95c548ad2d47883a472689dfb58ffc722a44d51e,bb331765f169503ad878223d54a6f45fd2bb6e289609ae671857e298384463a4,BOSS19_P4_REGIME_CLASSIFIER_V1,1.0.0,H3-C03-MAIN,MAIN,2025,XAUUSD,H4,DEAL,NEUTRAL,TREND_UP,NORMAL,CLASSIFIED,23,23,0,0.20353982,1216.39000000,1764.06000000,-547.67000000,3.22102726,547.67000000,PARTITION_REALIZED_SEQUENCE,EXIT_TIME_MSC_THEN_SOURCE_DEAL_ID,,,UNAVAILABLE_FROM_SOURCE_BOUND_UNIT_PACKAGE,1.00000000,0,{},UNKNOWN,NO_PREDECLARED_NUMERIC_MAPPING_IN_CONTRACT,BASKET_UNAVAILABLE;SINGLE_YEAR_ABS_NET_GE_50PCT,COMPLETE,15,4,1,UNAVAILABLE_NO_SOURCE_BASKET_ID
BOSS19_P4B_REGIME_AFFINITY_V1,2026-09-02T17:30:00Z,1330a822ed66149ba07d693d8732ced5b9e9ce66d15f34ce8d21ef70894b760c,5f3a0f8d1accd25cb6cc08ad1c6e291aed6d238d620269102151016dbfaf569d,858f4d02d1ae30511dd1f38ffab347c85c06a4a25df4bedf901dc169c2847916,ffa5a59f49cf9099c50520cc95c548ad2d47883a472689dfb58ffc722a44d51e,bb331765f169503ad878223d54a6f45fd2bb6e289609ae671857e298384463a4,BOSS19_P4_REGIME_CLASSIFIER_V1,1.0.0,H3-C03-MAIN,MAIN,2025,XAUUSD,H4,DEAL,RISK_OFF,TREND_UP,HIGH,CLASSIFIED,1,1,0,0.00884956,-22.57000000,0.00000000,-22.57000000,0.00000000,22.57000000,PARTITION_REALIZED_SEQUENCE,EXIT_TIME_MSC_THEN_SOURCE_DEAL_ID,,,UNAVAILABLE_FROM_SOURCE_BOUND_UNIT_PACKAGE,1.00000000,0,{},UNKNOWN,NO_PREDECLARED_NUMERIC_MAPPING_IN_CONTRACT,BASKET_UNAVAILABLE;SINGLE_YEAR_ABS_NET_GE_50PCT,COMPLETE,1,1,1,UNAVAILABLE_NO_SOURCE_BASKET_ID
BOSS19_P4B_REGIME_AFFINITY_V1,2026-09-02T17:30:00Z,1330a822ed66149ba07d693d8732ced5b9e9ce66d15f34ce8d21ef70894b760c,5f3a0f8d1accd25cb6cc08ad1c6e291aed6d238d620269102151016dbfaf569d,858f4d02d1ae30511dd1f38ffab347c85c06a4a25df4bedf901dc169c2847916,ffa5a59f49cf9099c50520cc95c548ad2d47883a472689dfb58ffc722a44d51e,bb331765f169503ad878223d54a6f45fd2bb6e289609ae671857e298384463a4,BOSS19_P4_REGIME_CLASSIFIER_V1,1.0.0,H3-C03-MAIN,MAIN,2025,XAUUSD,H4,DEAL,RISK_OFF,TREND_UP,NORMAL,CLASSIFIED,10,10,0,0.08849558,684.66000000,684.66000000,0.00000000,,0.00000000,PARTITION_REALIZED_SEQUENCE,EXIT_TIME_MSC_THEN_SOURCE_DEAL_ID,,,UNAVAILABLE_FROM_SOURCE_BOUND_UNIT_PACKAGE,1.00000000,0,{},UNKNOWN,NO_PREDECLARED_NUMERIC_MAPPING_IN_CONTRACT,BASKET_UNAVAILABLE;SINGLE_YEAR_ABS_NET_GE_50PCT,COMPLETE,6,2,1,UNAVAILABLE_NO_SOURCE_BASKET_ID
BOSS19_P4B_REGIME_AFFINITY_V1,2026-09-02T17:30:00Z,1330a822ed66149ba07d693d8732ced5b9e9ce66d15f34ce8d21ef70894b760c,5f3a0f8d1accd25cb6cc08ad1c6e291aed6d238d620269102151016dbfaf569d,858f4d02d1ae30511dd1f38ffab347c85c06a4a25df4bedf901dc169c2847916,ffa5a59f49cf9099c50520cc95c548ad2d47883a472689dfb58ffc722a44d51e,bb331765f169503ad878223d54a6f45fd2bb6e289609ae671857e298384463a4,BOSS19_P4_REGIME_CLASSIFIER_V1,1.0.0,H3-C03-MAIN,MAIN,2025,XAUUSD,H4,DEAL,STRESS,RANGE,EXTREME,CLASSIFIED,2,2,0,0.01769912,204.72000000,204.72000000,0.00000000,,0.00000000,PARTITION_REALIZED_SEQUENCE,EXIT_TIME_MSC_THEN_SOURCE_DEAL_ID,,,UNAVAILABLE_FROM_SOURCE_BOUND_UNIT_PACKAGE,1.00000000,0,{},UNKNOWN,NO_PREDECLARED_NUMERIC_MAPPING_IN_CONTRACT,BASKET_UNAVAILABLE;SINGLE_YEAR_ABS_NET_GE_50PCT,COMPLETE,1,1,1,UNAVAILABLE_NO_SOURCE_BASKET_ID
BOSS19_P4B_REGIME_AFFINITY_V1,2026-09-02T17:30:00Z,1330a822ed66149ba07d693d8732ced5b9e9ce66d15f34ce8d21ef70894b760c,5f3a0f8d1accd25cb6cc08ad1c6e291aed6d238d620269102151016dbfaf569d,858f4d02d1ae30511dd1f38ffab347c85c06a4a25df4bedf901dc169c2847916,ffa5a59f49cf9099c50520cc95c548ad2d47883a472689dfb58ffc722a44d51e,bb331765f169503ad878223d54a6f45fd2bb6e289609ae671857e298384463a4,BOSS19_P4_REGIME_CLASSIFIER_V1,1.0.0,H3-C03-MAIN,MAIN,2025,XAUUSD,H4,DEAL,STRESS,TRANSITION,EXTREME,CLASSIFIED,1,1,0,0.00884956,93.50000000,93.50000000,0.00000000,,0.00000000,PARTITION_REALIZED_SEQUENCE,EXIT_TIME_MSC_THEN_SOURCE_DEAL_ID,,,UNAVAILABLE_FROM_SOURCE_BOUND_UNIT_PACKAGE,1.00000000,0,{},UNKNOWN,NO_PREDECLARED_NUMERIC_MAPPING_IN_CONTRACT,BASKET_UNAVAILABLE;SINGLE_YEAR_ABS_NET_GE_50PCT,COMPLETE,1,1,1,UNAVAILABLE_NO_SOURCE_BASKET_ID
BOSS19_P4B_REGIME_AFFINITY_V1,2026-09-02T17:30:00Z,1330a822ed66149ba07d693d8732ced5b9e9ce66d15f34ce8d21ef70894b760c,5f3a0f8d1accd25cb6cc08ad1c6e291aed6d238d620269102151016dbfaf569d,858f4d02d1ae30511dd1f38ffab347c85c06a4a25df4bedf901dc169c2847916,ffa5a59f49cf9099c50520cc95c548ad2d47883a472689dfb58ffc722a44d51e,bb331765f169503ad878223d54a6f45fd2bb6e289609ae671857e298384463a4,BOSS19_P4_REGIME_CLASSIFIER_V1,1.0.0,H3-C03-MAIN,MAIN,2025,XAUUSD,H4,DEAL,STRESS,TREND_UP,EXTREME,CLASSIFIED,3,3,0,0.02654867,318.08000000,318.08000000,0.00000000,,0.00000000,PARTITION_REALIZED_SEQUENCE,EXIT_TIME_MSC_THEN_SOURCE_DEAL_ID,,,UNAVAILABLE_FROM_SOURCE_BOUND_UNIT_PACKAGE,1.00000000,0,{},UNKNOWN,NO_PREDECLARED_NUMERIC_MAPPING_IN_CONTRACT,BASKET_UNAVAILABLE;SINGLE_YEAR_ABS_NET_GE_50PCT,COMPLETE,1,1,1,UNAVAILABLE_NO_SOURCE_BASKET_ID
BOSS19_P4B_REGIME_AFFINITY_V1,2026-09-02T17:30:00Z,1330a822ed66149ba07d693d8732ced5b9e9ce66d15f34ce8d21ef70894b760c,5f3a0f8d1accd25cb6cc08ad1c6e291aed6d238d620269102151016dbfaf569d,858f4d02d1ae30511dd1f38ffab347c85c06a4a25df4bedf901dc169c2847916,ffa5a59f49cf9099c50520cc95c548ad2d47883a472689dfb58ffc722a44d51e,bb331765f169503ad878223d54a6f45fd2bb6e289609ae671857e298384463a4,BOSS19_P4_REGIME_CLASSIFIER_V1,1.0.0,H3-C03-MAIN,MAIN,2025,XAUUSD,H4,DEAL,STRESS,TREND_UP,HIGH,CLASSIFIED,2,2,0,0.01769912,-149.78000000,0.00000000,-149.78000000,0.00000000,149.78000000,PARTITION_REALIZED_SEQUENCE,EXIT_TIME_MSC_THEN_SOURCE_DEAL_ID,,,UNAVAILABLE_FROM_SOURCE_BOUND_UNIT_PACKAGE,1.00000000,0,{},UNKNOWN,NO_PREDECLARED_NUMERIC_MAPPING_IN_CONTRACT,BASKET_UNAVAILABLE;SINGLE_YEAR_ABS_NET_GE_50PCT,COMPLETE,1,1,1,UNAVAILABLE_NO_SOURCE_BASKET_ID
BOSS19_P4B_REGIME_AFFINITY_V1,2026-09-02T17:30:00Z,1330a822ed66149ba07d693d8732ced5b9e9ce66d15f34ce8d21ef70894b760c,5f3a0f8d1accd25cb6cc08ad1c6e291aed6d238d620269102151016dbfaf569d,858f4d02d1ae30511dd1f38ffab347c85c06a4a25df4bedf901dc169c2847916,ffa5a59f49cf9099c50520cc95c548ad2d47883a472689dfb58ffc722a44d51e,bb331765f169503ad878223d54a6f45fd2bb6e289609ae671857e298384463a4,BOSS19_P4_REGIME_CLASSIFIER_V1,1.0.0,H3-C04-BWD,BWD,2020,EURUSD,M15,DEAL,NEUTRAL,RANGE,NORMAL,CLASSIFIED,6,6,0,0.23076923,32.31000000,32.31000000,0.00000000,,0.00000000,PARTITION_REALIZED_SEQUENCE,EXIT_TIME_MSC_THEN_SOURCE_DEAL_ID,,,UNAVAILABLE_FROM_SOURCE_BOUND_UNIT_PACKAGE,1.00000000,0,{},UNKNOWN,NO_PREDECLARED_NUMERIC_MAPPING_IN_CONTRACT,BASKET_UNAVAILABLE;SHORT_CALENDAR_SPAN;SINGLE_YEAR_ABS_NET_GE_50PCT,COMPLETE,5,4,1,UNAVAILABLE_NO_SOURCE_BASKET_ID
BOSS19_P4B_REGIME_AFFINITY_V1,2026-09-02T17:30:00Z,1330a822ed66149ba07d693d8732ced5b9e9ce66d15f34ce8d21ef70894b760c,5f3a0f8d1accd25cb6cc08ad1c6e291aed6d238d620269102151016dbfaf569d,858f4d02d1ae30511dd1f38ffab347c85c06a4a25df4bedf901dc169c2847916,ffa5a59f49cf9099c50520cc95c548ad2d47883a472689dfb58ffc722a44d51e,bb331765f169503ad878223d54a6f45fd2bb6e289609ae671857e298384463a4,BOSS19_P4_REGIME_CLASSIFIER_V1,1.0.0,H3-C04-BWD,BWD,2020,EURUSD,M15,DEAL,NEUTRAL,TREND_DOWN,HIGH,CLASSIFIED,1,1,0,0.03846154,3.42000000,3.42000000,0.00000000,,0.00000000,PARTITION_REALIZED_SEQUENCE,EXIT_TIME_MSC_THEN_SOURCE_DEAL_ID,,,UNAVAILABLE_FROM_SOURCE_BOUND_UNIT_PACKAGE,1.00000000,0,{},UNKNOWN,NO_PREDECLARED_NUMERIC_MAPPING_IN_CONTRACT,BASKET_UNAVAILABLE;SHORT_CALENDAR_SPAN;SINGLE_YEAR_ABS_NET_GE_50PCT,COMPLETE,1,1,1,UNAVAILABLE_NO_SOURCE_BASKET_ID
BOSS19_P4B_REGIME_AFFINITY_V1,2026-09-02T17:30:00Z,1330a822ed66149ba07d693d8732ced5b9e9ce66d15f34ce8d21ef70894b760c,5f3a0f8d1accd25cb6cc08ad1c6e291aed6d238d620269102151016dbfaf569d,858f4d02d1ae30511dd1f38ffab347c85c06a4a25df4bedf901dc169c2847916,ffa5a59f49cf9099c50520cc95c548ad2d47883a472689dfb58ffc722a44d51e,bb331765f169503ad878223d54a6f45fd2bb6e289609ae671857e298384463a4,BOSS19_P4_REGIME_CLASSIFIER_V1,1.0.0,H3-C04-BWD,BWD,2020,EURUSD,M15,DEAL,NEUTRAL,TREND_UP,NORMAL,CLASSIFIED,4,4,0,0.15384615,56.51000000,56.51000000,0.00000000,,0.00000000,PARTITION_REALIZED_SEQUENCE,EXIT_TIME_MSC_THEN_SOURCE_DEAL_ID,,,UNAVAILABLE_FROM_SOURCE_BOUND_UNIT_PACKAGE,1.00000000,0,{},UNKNOWN,NO_PREDECLARED_NUMERIC_MAPPING_IN_CONTRACT,BASKET_UNAVAILABLE;SHORT_CALENDAR_SPAN;SINGLE_YEAR_ABS_NET_GE_50PCT,COMPLETE,3,2,1,UNAVAILABLE_NO_SOURCE_BASKET_ID
BOSS19_P4B_REGIME_AFFINITY_V1,2026-09-02T17:30:00Z,1330a822ed66149ba07d693d8732ced5b9e9ce66d15f34ce8d21ef70894b760c,5f3a0f8d1accd25cb6cc08ad1c6e291aed6d238d620269102151016dbfaf569d,858f4d02d1ae30511dd1f38ffab347c85c06a4a25df4bedf901dc169c2847916,ffa5a59f49cf9099c50520cc95c548ad2d47883a472689dfb58ffc722a44d51e,bb331765f169503ad878223d54a6f45fd2bb6e289609ae671857e298384463a4,BOSS19_P4_REGIME_CLASSIFIER_V1,1.0.0,H3-C04-BWD,BWD,2020,EURUSD,M15,DEAL,STRESS,TREND_UP,EXTREME,CLASSIFIED,4,4,0,0.15384615,60.97000000,60.97000000,0.00000000,,0.00000000,PARTITION_REALIZED_SEQUENCE,EXIT_TIME_MSC_THEN_SOURCE_DEAL_ID,,,UNAVAILABLE_FROM_SOURCE_BOUND_UNIT_PACKAGE,1.00000000,0,{},UNKNOWN,NO_PREDECLARED_NUMERIC_MAPPING_IN_CONTRACT,BASKET_UNAVAILABLE;SHORT_CALENDAR_SPAN;SINGLE_YEAR_ABS_NET_GE_50PCT,COMPLETE,2,1,1,UNAVAILABLE_NO_SOURCE_BASKET_ID
BOSS19_P4B_REGIME_AFFINITY_V1,2026-09-02T17:30:00Z,1330a822ed66149ba07d693d8732ced5b9e9ce66d15f34ce8d21ef70894b760c,5f3a0f8d1accd25cb6cc08ad1c6e291aed6d238d620269102151016dbfaf569d,858f4d02d1ae30511dd1f38ffab347c85c06a4a25df4bedf901dc169c2847916,ffa5a59f49cf9099c50520cc95c548ad2d47883a472689dfb58ffc722a44d51e,bb331765f169503ad878223d54a6f45fd2bb6e289609ae671857e298384463a4,BOSS19_P4_REGIME_CLASSIFIER_V1,1.0.0,H3-C04-BWD,BWD,2021,EURUSD,M15,DEAL,NEUTRAL,RANGE,HIGH,CLASSIFIED,1,1,0,0.03846154,2.44000000,2.44000000,0.00000000,,0.00000000,PARTITION_REALIZED_SEQUENCE,EXIT_TIME_MSC_THEN_SOURCE_DEAL_ID,,,UNAVAILABLE_FROM_SOURCE_BOUND_UNIT_PACKAGE,1.00000000,0,{},UNKNOWN,NO_PREDECLARED_NUMERIC_MAPPING_IN_CONTRACT,BASKET_UNAVAILABLE;SHORT_CALENDAR_SPAN;SINGLE_YEAR_ABS_NET_GE_50PCT,COMPLETE,1,1,1,UNAVAILABLE_NO_SOURCE_BASKET_ID
BOSS19_P4B_REGIME_AFFINITY_V1,2026-09-02T17:30:00Z,1330a822ed66149ba07d693d8732ced5b9e9ce66d15f34ce8d21ef70894b760c,5f3a0f8d1accd25cb6cc08ad1c6e291aed6d238d620269102151016dbfaf569d,858f4d02d1ae30511dd1f38ffab347c85c06a4a25df4bedf901dc169c2847916,ffa5a59f49cf9099c50520cc95c548ad2d47883a472689dfb58ffc722a44d51e,bb331765f169503ad878223d54a6f45fd2bb6e289609ae671857e298384463a4,BOSS19_P4_REGIME_CLASSIFIER_V1,1.0.0,H3-C04-BWD,BWD,2021,EURUSD,M15,DEAL,NEUTRAL,RANGE,LOW,CLASSIFIED,1,1,0,0.03846154,3.37000000,3.37000000,0.00000000,,0.00000000,PARTITION_REALIZED_SEQUENCE,EXIT_TIME_MSC_THEN_SOURCE_DEAL_ID,,,UNAVAILABLE_FROM_SOURCE_BOUND_UNIT_PACKAGE,1.00000000,0,{},UNKNOWN,NO_PREDECLARED_NUMERIC_MAPPING_IN_CONTRACT,BASKET_UNAVAILABLE;SHORT_CALENDAR_SPAN;SINGLE_YEAR_ABS_NET_GE_50PCT,COMPLETE,1,1,1,UNAVAILABLE_NO_SOURCE_BASKET_ID
BOSS19_P4B_REGIME_AFFINITY_V1,2026-09-02T17:30:00Z,1330a822ed66149ba07d693d8732ced5b9e9ce66d15f34ce8d21ef70894b760c,5f3a0f8d1accd25cb6cc08ad1c6e291aed6d238d620269102151016dbfaf569d,858f4d02d1ae30511dd1f38ffab347c85c06a4a25df4bedf901dc169c2847916,ffa5a59f49cf9099c50520cc95c548ad2d47883a472689dfb58ffc722a44d51e,bb331765f169503ad878223d54a6f45fd2bb6e289609ae671857e298384463a4,BOSS19_P4_REGIME_CLASSIFIER_V1,1.0.0,H3-C04-BWD,BWD,2021,EURUSD,M15,DEAL,NEUTRAL,RANGE,NORMAL,CLASSIFIED,6,6,0,0.23076923,-164.96000000,22.45000000,-187.41000000,0.11979083,187.41000000,PARTITION_REALIZED_SEQUENCE,EXIT_TIME_MSC_THEN_SOURCE_DEAL_ID,,,UNAVAILABLE_FROM_SOURCE_BOUND_UNIT_PACKAGE,1.00000000,0,{},UNKNOWN,NO_PREDECLARED_NUMERIC_MAPPING_IN_CONTRACT,BASKET_UNAVAILABLE;SHORT_CALENDAR_SPAN;SINGLE_YEAR_ABS_NET_GE_50PCT,COMPLETE,5,3,1,UNAVAILABLE_NO_SOURCE_BASKET_ID
BOSS19_P4B_REGIME_AFFINITY_V1,2026-09-02T17:30:00Z,1330a822ed66149ba07d693d8732ced5b9e9ce66d15f34ce8d21ef70894b760c,5f3a0f8d1accd25cb6cc08ad1c6e291aed6d238d620269102151016dbfaf569d,858f4d02d1ae30511dd1f38ffab347c85c06a4a25df4bedf901dc169c2847916,ffa5a59f49cf9099c50520cc95c548ad2d47883a472689dfb58ffc722a44d51e,bb331765f169503ad878223d54a6f45fd2bb6e289609ae671857e298384463a4,BOSS19_P4_REGIME_CLASSIFIER_V1,1.0.0,H3-C04-BWD,BWD,2021,EURUSD,M15,DEAL,NEUTRAL,TREND_DOWN,NORMAL,CLASSIFIED,1,1,0,0.03846154,2.36000000,2.36000000,0.00000000,,0.00000000,PARTITION_REALIZED_SEQUENCE,EXIT_TIME_MSC_THEN_SOURCE_DEAL_ID,,,UNAVAILABLE_FROM_SOURCE_BOUND_UNIT_PACKAGE,1.00000000,0,{},UNKNOWN,NO_PREDECLARED_NUMERIC_MAPPING_IN_CONTRACT,BASKET_UNAVAILABLE;SHORT_CALENDAR_SPAN;SINGLE_YEAR_ABS_NET_GE_50PCT,COMPLETE,1,1,1,UNAVAILABLE_NO_SOURCE_BASKET_ID
BOSS19_P4B_REGIME_AFFINITY_V1,2026-09-02T17:30:00Z,1330a822ed66149ba07d693d8732ced5b9e9ce66d15f34ce8d21ef70894b760c,5f3a0f8d1accd25cb6cc08ad1c6e291aed6d238d620269102151016dbfaf569d,858f4d02d1ae30511dd1f38ffab347c85c06a4a25df4bedf901dc169c2847916,ffa5a59f49cf9099c50520cc95c548ad2d47883a472689dfb58ffc722a44d51e,bb331765f169503ad878223d54a6f45fd2bb6e289609ae671857e298384463a4,BOSS19_P4_REGIME_CLASSIFIER_V1,1.0.0,H3-C04-BWD,BWD,2021,EURUSD,M15,DEAL,NEUTRAL,TREND_UP,NORMAL,CLASSIFIED,2,2,0,0.07692308,29.86000000,29.86000000,0.00000000,,0.00000000,PARTITION_REALIZED_SEQUENCE,EXIT_TIME_MSC_THEN_SOURCE_DEAL_ID,,,UNAVAILABLE_FROM_SOURCE_BOUND_UNIT_PACKAGE,1.00000000,0,{},UNKNOWN,NO_PREDECLARED_NUMERIC_MAPPING_IN_CONTRACT,BASKET_UNAVAILABLE;SHORT_CALENDAR_SPAN;SINGLE_YEAR_ABS_NET_GE_50PCT,COMPLETE,1,1,1,UNAVAILABLE_NO_SOURCE_BASKET_ID
BOSS19_P4B_REGIME_AFFINITY_V1,2026-09-02T17:30:00Z,1330a822ed66149ba07d693d8732ced5b9e9ce66d15f34ce8d21ef70894b760c,5f3a0f8d1accd25cb6cc08ad1c6e291aed6d238d620269102151016dbfaf569d,858f4d02d1ae30511dd1f38ffab347c85c06a4a25df4bedf901dc169c2847916,ffa5a59f49cf9099c50520cc95c548ad2d47883a472689dfb58ffc722a44d51e,bb331765f169503ad878223d54a6f45fd2bb6e289609ae671857e298384463a4,BOSS19_P4_REGIME_CLASSIFIER_V1,1.0.0,H3-C04-MAIN,MAIN,2023,EURUSD,M15,DEAL,NEUTRAL,RANGE,LOW,CLASSIFIED,1,1,0,0.04347826,11.09000000,11.09000000,0.00000000,,0.00000000,PARTITION_REALIZED_SEQUENCE,EXIT_TIME_MSC_THEN_SOURCE_DEAL_ID,,,UNAVAILABLE_FROM_SOURCE_BOUND_UNIT_PACKAGE,1.00000000,0,{},UNKNOWN,NO_PREDECLARED_NUMERIC_MAPPING_IN_CONTRACT,BASKET_UNAVAILABLE;SHORT_CALENDAR_SPAN;SINGLE_YEAR_ABS_NET_GE_50PCT,COMPLETE,1,1,1,UNAVAILABLE_NO_SOURCE_BASKET_ID
BOSS19_P4B_REGIME_AFFINITY_V1,2026-09-02T17:30:00Z,1330a822ed66149ba07d693d8732ced5b9e9ce66d15f34ce8d21ef70894b760c,5f3a0f8d1accd25cb6cc08ad1c6e291aed6d238d620269102151016dbfaf569d,858f4d02d1ae30511dd1f38ffab347c85c06a4a25df4bedf901dc169c2847916,ffa5a59f49cf9099c50520cc95c548ad2d47883a472689dfb58ffc722a44d51e,bb331765f169503ad878223d54a6f45fd2bb6e289609ae671857e298384463a4,BOSS19_P4_REGIME_CLASSIFIER_V1,1.0.0,H3-C04-MAIN,MAIN,2023,EURUSD,M15,DEAL,NEUTRAL,RANGE,NORMAL,CLASSIFIED,1,1,0,0.04347826,2.80000000,2.80000000,0.00000000,,0.00000000,PARTITION_REALIZED_SEQUENCE,EXIT_TIME_MSC_THEN_SOURCE_DEAL_ID,,,UNAVAILABLE_FROM_SOURCE_BOUND_UNIT_PACKAGE,1.00000000,0,{},UNKNOWN,NO_PREDECLARED_NUMERIC_MAPPING_IN_CONTRACT,BASKET_UNAVAILABLE;SHORT_CALENDAR_SPAN;SINGLE_YEAR_ABS_NET_GE_50PCT,COMPLETE,1,1,1,UNAVAILABLE_NO_SOURCE_BASKET_ID
BOSS19_P4B_REGIME_AFFINITY_V1,2026-09-02T17:30:00Z,1330a822ed66149ba07d693d8732ced5b9e9ce66d15f34ce8d21ef70894b760c,5f3a0f8d1accd25cb6cc08ad1c6e291aed6d238d620269102151016dbfaf569d,858f4d02d1ae30511dd1f38ffab347c85c06a4a25df4bedf901dc169c2847916,ffa5a59f49cf9099c50520cc95c548ad2d47883a472689dfb58ffc722a44d51e,bb331765f169503ad878223d54a6f45fd2bb6e289609ae671857e298384463a4,BOSS19_P4_REGIME_CLASSIFIER_V1,1.0.0,H3-C04-MAIN,MAIN,2023,EURUSD,M15,DEAL,NEUTRAL,TREND_UP,LOW,CLASSIFIED,1,1,0,0.04347826,6.41000000,6.41000000,0.00000000,,0.00000000,PARTITION_REALIZED_SEQUENCE,EXIT_TIME_MSC_THEN_SOURCE_DEAL_ID,,,UNAVAILABLE_FROM_SOURCE_BOUND_UNIT_PACKAGE,1.00000000,0,{},UNKNOWN,NO_PREDECLARED_NUMERIC_MAPPING_IN_CONTRACT,BASKET_UNAVAILABLE;SHORT_CALENDAR_SPAN;SINGLE_YEAR_ABS_NET_GE_50PCT,COMPLETE,1,1,1,UNAVAILABLE_NO_SOURCE_BASKET_ID
BOSS19_P4B_REGIME_AFFINITY_V1,2026-09-02T17:30:00Z,1330a822ed66149ba07d693d8732ced5b9e9ce66d15f34ce8d21ef70894b760c,5f3a0f8d1accd25cb6cc08ad1c6e291aed6d238d620269102151016dbfaf569d,858f4d02d1ae30511dd1f38ffab347c85c06a4a25df4bedf901dc169c2847916,ffa5a59f49cf9099c50520cc95c548ad2d47883a472689dfb58ffc722a44d51e,bb331765f169503ad878223d54a6f45fd2bb6e289609ae671857e298384463a4,BOSS19_P4_REGIME_CLASSIFIER_V1,1.0.0,H3-C04-MAIN,MAIN,2023,EURUSD,M15,DEAL,NEUTRAL,TREND_UP,NORMAL,CLASSIFIED,4,4,0,0.17391304,-94.32000000,12.80000000,-107.12000000,0.11949216,107.12000000,PARTITION_REALIZED_SEQUENCE,EXIT_TIME_MSC_THEN_SOURCE_DEAL_ID,,,UNAVAILABLE_FROM_SOURCE_BOUND_UNIT_PACKAGE,1.00000000,0,{},UNKNOWN,NO_PREDECLARED_NUMERIC_MAPPING_IN_CONTRACT,BASKET_UNAVAILABLE;SHORT_CALENDAR_SPAN;SINGLE_YEAR_ABS_NET_GE_50PCT,COMPLETE,2,2,1,UNAVAILABLE_NO_SOURCE_BASKET_ID
BOSS19_P4B_REGIME_AFFINITY_V1,2026-09-02T17:30:00Z,1330a822ed66149ba07d693d8732ced5b9e9ce66d15f34ce8d21ef70894b760c,5f3a0f8d1accd25cb6cc08ad1c6e291aed6d238d620269102151016dbfaf569d,858f4d02d1ae30511dd1f38ffab347c85c06a4a25df4bedf901dc169c2847916,ffa5a59f49cf9099c50520cc95c548ad2d47883a472689dfb58ffc722a44d51e,bb331765f169503ad878223d54a6f45fd2bb6e289609ae671857e298384463a4,BOSS19_P4_REGIME_CLASSIFIER_V1,1.0.0,H3-C04-MAIN,MAIN,2023,EURUSD,M15,DEAL,RISK_OFF,RANGE,LOW,CLASSIFIED,2,2,0,0.08695652,26.71000000,26.71000000,0.00000000,,0.00000000,PARTITION_REALIZED_SEQUENCE,EXIT_TIME_MSC_THEN_SOURCE_DEAL_ID,,,UNAVAILABLE_FROM_SOURCE_BOUND_UNIT_PACKAGE,1.00000000,0,{},UNKNOWN,NO_PREDECLARED_NUMERIC_MAPPING_IN_CONTRACT,BASKET_UNAVAILABLE;SHORT_CALENDAR_SPAN;SINGLE_YEAR_ABS_NET_GE_50PCT,COMPLETE,2,2,1,UNAVAILABLE_NO_SOURCE_BASKET_ID
BOSS19_P4B_REGIME_AFFINITY_V1,2026-09-02T17:30:00Z,1330a822ed66149ba07d693d8732ced5b9e9ce66d15f34ce8d21ef70894b760c,5f3a0f8d1accd25cb6cc08ad1c6e291aed6d238d620269102151016dbfaf569d,858f4d02d1ae30511dd1f38ffab347c85c06a4a25df4bedf901dc169c2847916,ffa5a59f49cf9099c50520cc95c548ad2d47883a472689dfb58ffc722a44d51e,bb331765f169503ad878223d54a6f45fd2bb6e289609ae671857e298384463a4,BOSS19_P4_REGIME_CLASSIFIER_V1,1.0.0,H3-C04-MAIN,MAIN,2023,EURUSD,M15,DEAL,RISK_OFF,RANGE,NORMAL,CLASSIFIED,3,3,0,0.13043478,19.94000000,19.94000000,0.00000000,,0.00000000,PARTITION_REALIZED_SEQUENCE,EXIT_TIME_MSC_THEN_SOURCE_DEAL_ID,,,UNAVAILABLE_FROM_SOURCE_BOUND_UNIT_PACKAGE,1.00000000,0,{},UNKNOWN,NO_PREDECLARED_NUMERIC_MAPPING_IN_CONTRACT,BASKET_UNAVAILABLE;SHORT_CALENDAR_SPAN;SINGLE_YEAR_ABS_NET_GE_50PCT,COMPLETE,3,2,1,UNAVAILABLE_NO_SOURCE_BASKET_ID
BOSS19_P4B_REGIME_AFFINITY_V1,2026-09-02T17:30:00Z,1330a822ed66149ba07d693d8732ced5b9e9ce66d15f34ce8d21ef70894b760c,5f3a0f8d1accd25cb6cc08ad1c6e291aed6d238d620269102151016dbfaf569d,858f4d02d1ae30511dd1f38ffab347c85c06a4a25df4bedf901dc169c2847916,ffa5a59f49cf9099c50520cc95c548ad2d47883a472689dfb58ffc722a44d51e,bb331765f169503ad878223d54a6f45fd2bb6e289609ae671857e298384463a4,BOSS19_P4_REGIME_CLASSIFIER_V1,1.0.0,H3-C04-MAIN,MAIN,2025,EURUSD,M15,DEAL,NEUTRAL,RANGE,HIGH,CLASSIFIED,1,1,0,0.04347826,10.74000000,10.74000000,0.00000000,,0.00000000,PARTITION_REALIZED_SEQUENCE,EXIT_TIME_MSC_THEN_SOURCE_DEAL_ID,,,UNAVAILABLE_FROM_SOURCE_BOUND_UNIT_PACKAGE,1.00000000,0,{},UNKNOWN,NO_PREDECLARED_NUMERIC_MAPPING_IN_CONTRACT,BASKET_UNAVAILABLE;SHORT_CALENDAR_SPAN;SINGLE_YEAR_ABS_NET_GE_50PCT,COMPLETE,1,1,1,UNAVAILABLE_NO_SOURCE_BASKET_ID
BOSS19_P4B_REGIME_AFFINITY_V1,2026-09-02T17:30:00Z,1330a822ed66149ba07d693d8732ced5b9e9ce66d15f34ce8d21ef70894b760c,5f3a0f8d1accd25cb6cc08ad1c6e291aed6d238d620269102151016dbfaf569d,858f4d02d1ae30511dd1f38ffab347c85c06a4a25df4bedf901dc169c2847916,ffa5a59f49cf9099c50520cc95c548ad2d47883a472689dfb58ffc722a44d51e,bb331765f169503ad878223d54a6f45fd2bb6e289609ae671857e298384463a4,BOSS19_P4_REGIME_CLASSIFIER_V1,1.0.0,H3-C04-MAIN,MAIN,2025,EURUSD,M15,DEAL,NEUTRAL,RANGE,LOW,CLASSIFIED,2,2,0,0.08695652,-42.66000000,0.00000000,-42.66000000,0.00000000,42.66000000,PARTITION_REALIZED_SEQUENCE,EXIT_TIME_MSC_THEN_SOURCE_DEAL_ID,,,UNAVAILABLE_FROM_SOURCE_BOUND_UNIT_PACKAGE,1.00000000,0,{},UNKNOWN,NO_PREDECLARED_NUMERIC_MAPPING_IN_CONTRACT,BASKET_UNAVAILABLE;SHORT_CALENDAR_SPAN;SINGLE_YEAR_ABS_NET_GE_50PCT,COMPLETE,1,1,1,UNAVAILABLE_NO_SOURCE_BASKET_ID
BOSS19_P4B_REGIME_AFFINITY_V1,2026-09-02T17:30:00Z,1330a822ed66149ba07d693d8732ced5b9e9ce66d15f34ce8d21ef70894b760c,5f3a0f8d1accd25cb6cc08ad1c6e291aed6d238d620269102151016dbfaf569d,858f4d02d1ae30511dd1f38ffab347c85c06a4a25df4bedf901dc169c2847916,ffa5a59f49cf9099c50520cc95c548ad2d47883a472689dfb58ffc722a44d51e,bb331765f169503ad878223d54a6f45fd2bb6e289609ae671857e298384463a4,BOSS19_P4_REGIME_CLASSIFIER_V1,1.0.0,H3-C04-MAIN,MAIN,2025,EURUSD,M15,DEAL,NEUTRAL,RANGE,NORMAL,CLASSIFIED,1,1,0,0.04347826,5.71000000,5.71000000,0.00000000,,0.00000000,PARTITION_REALIZED_SEQUENCE,EXIT_TIME_MSC_THEN_SOURCE_DEAL_ID,,,UNAVAILABLE_FROM_SOURCE_BOUND_UNIT_PACKAGE,1.00000000,0,{},UNKNOWN,NO_PREDECLARED_NUMERIC_MAPPING_IN_CONTRACT,BASKET_UNAVAILABLE;SHORT_CALENDAR_SPAN;SINGLE_YEAR_ABS_NET_GE_50PCT,COMPLETE,1,1,1,UNAVAILABLE_NO_SOURCE_BASKET_ID
BOSS19_P4B_REGIME_AFFINITY_V1,2026-09-02T17:30:00Z,1330a822ed66149ba07d693d8732ced5b9e9ce66d15f34ce8d21ef70894b760c,5f3a0f8d1accd25cb6cc08ad1c6e291aed6d238d620269102151016dbfaf569d,858f4d02d1ae30511dd1f38ffab347c85c06a4a25df4bedf901dc169c2847916,ffa5a59f49cf9099c50520cc95c548ad2d47883a472689dfb58ffc722a44d51e,bb331765f169503ad878223d54a6f45fd2bb6e289609ae671857e298384463a4,BOSS19_P4_REGIME_CLASSIFIER_V1,1.0.0,H3-C04-MAIN,MAIN,2025,EURUSD,M15,DEAL,NEUTRAL,TREND_UP,HIGH,CLASSIFIED,2,2,0,0.08695652,34.16000000,34.16000000,0.00000000,,0.00000000,PARTITION_REALIZED_SEQUENCE,EXIT_TIME_MSC_THEN_SOURCE_DEAL_ID,,,UNAVAILABLE_FROM_SOURCE_BOUND_UNIT_PACKAGE,1.00000000,0,{},UNKNOWN,NO_PREDECLARED_NUMERIC_MAPPING_IN_CONTRACT,BASKET_UNAVAILABLE;SHORT_CALENDAR_SPAN;SINGLE_YEAR_ABS_NET_GE_50PCT,COMPLETE,1,1,1,UNAVAILABLE_NO_SOURCE_BASKET_ID
BOSS19_P4B_REGIME_AFFINITY_V1,2026-09-02T17:30:00Z,1330a822ed66149ba07d693d8732ced5b9e9ce66d15f34ce8d21ef70894b760c,5f3a0f8d1accd25cb6cc08ad1c6e291aed6d238d620269102151016dbfaf569d,858f4d02d1ae30511dd1f38ffab347c85c06a4a25df4bedf901dc169c2847916,ffa5a59f49cf9099c50520cc95c548ad2d47883a472689dfb58ffc722a44d51e,bb331765f169503ad878223d54a6f45fd2bb6e289609ae671857e298384463a4,BOSS19_P4_REGIME_CLASSIFIER_V1,1.0.0,H3-C04-MAIN,MAIN,2025,EURUSD,M15,DEAL,NEUTRAL,TREND_UP,NORMAL,CLASSIFIED,1,1,0,0.04347826,16.03000000,16.03000000,0.00000000,,0.00000000,PARTITION_REALIZED_SEQUENCE,EXIT_TIME_MSC_THEN_SOURCE_DEAL_ID,,,UNAVAILABLE_FROM_SOURCE_BOUND_UNIT_PACKAGE,1.00000000,0,{},UNKNOWN,NO_PREDECLARED_NUMERIC_MAPPING_IN_CONTRACT,BASKET_UNAVAILABLE;SHORT_CALENDAR_SPAN;SINGLE_YEAR_ABS_NET_GE_50PCT,COMPLETE,1,1,1,UNAVAILABLE_NO_SOURCE_BASKET_ID
BOSS19_P4B_REGIME_AFFINITY_V1,2026-09-02T17:30:00Z,1330a822ed66149ba07d693d8732ced5b9e9ce66d15f34ce8d21ef70894b760c,5f3a0f8d1accd25cb6cc08ad1c6e291aed6d238d620269102151016dbfaf569d,858f4d02d1ae30511dd1f38ffab347c85c06a4a25df4bedf901dc169c2847916,ffa5a59f49cf9099c50520cc95c548ad2d47883a472689dfb58ffc722a44d51e,bb331765f169503ad878223d54a6f45fd2bb6e289609ae671857e298384463a4,BOSS19_P4_REGIME_CLASSIFIER_V1,1.0.0,H3-C04-MAIN,MAIN,2025,EURUSD,M15,DEAL,STRESS,RANGE,NORMAL,CLASSIFIED,1,1,0,0.04347826,3.73000000,3.73000000,0.00000000,,0.00000000,PARTITION_REALIZED_SEQUENCE,EXIT_TIME_MSC_THEN_SOURCE_DEAL_ID,,,UNAVAILABLE_FROM_SOURCE_BOUND_UNIT_PACKAGE,1.00000000,0,{},UNKNOWN,NO_PREDECLARED_NUMERIC_MAPPING_IN_CONTRACT,BASKET_UNAVAILABLE;SHORT_CALENDAR_SPAN;SINGLE_YEAR_ABS_NET_GE_50PCT,COMPLETE,1,1,1,UNAVAILABLE_NO_SOURCE_BASKET_ID
BOSS19_P4B_REGIME_AFFINITY_V1,2026-09-02T17:30:00Z,1330a822ed66149ba07d693d8732ced5b9e9ce66d15f34ce8d21ef70894b760c,5f3a0f8d1accd25cb6cc08ad1c6e291aed6d238d620269102151016dbfaf569d,858f4d02d1ae30511dd1f38ffab347c85c06a4a25df4bedf901dc169c2847916,ffa5a59f49cf9099c50520cc95c548ad2d47883a472689dfb58ffc722a44d51e,bb331765f169503ad878223d54a6f45fd2bb6e289609ae671857e298384463a4,BOSS19_P4_REGIME_CLASSIFIER_V1,1.0.0,H3-C04-MAIN,MAIN,2025,EURUSD,M15,DEAL,STRESS,TREND_UP,EXTREME,CLASSIFIED,3,3,0,0.13043478,68.05000000,68.05000000,0.00000000,,0.00000000,PARTITION_REALIZED_SEQUENCE,EXIT_TIME_MSC_THEN_SOURCE_DEAL_ID,,,UNAVAILABLE_FROM_SOURCE_BOUND_UNIT_PACKAGE,1.00000000,0,{},UNKNOWN,NO_PREDECLARED_NUMERIC_MAPPING_IN_CONTRACT,BASKET_UNAVAILABLE;SHORT_CALENDAR_SPAN;SINGLE_YEAR_ABS_NET_GE_50PCT,COMPLETE,1,1,1,UNAVAILABLE_NO_SOURCE_BASKET_ID
BOSS19_P4B_REGIME_AFFINITY_V1,2026-09-02T17:30:00Z,1330a822ed66149ba07d693d8732ced5b9e9ce66d15f34ce8d21ef70894b760c,5f3a0f8d1accd25cb6cc08ad1c6e291aed6d238d620269102151016dbfaf569d,858f4d02d1ae30511dd1f38ffab347c85c06a4a25df4bedf901dc169c2847916,ffa5a59f49cf9099c50520cc95c548ad2d47883a472689dfb58ffc722a44d51e,bb331765f169503ad878223d54a6f45fd2bb6e289609ae671857e298384463a4,BOSS19_P4_REGIME_CLASSIFIER_V1,1.0.0,H3-C05-BWD,BWD,2020,EURUSD,H1,DEAL,NEUTRAL,RANGE,LOW,CLASSIFIED,3,3,0,0.09090909,29.60000000,29.60000000,0.00000000,,0.00000000,PARTITION_REALIZED_SEQUENCE,EXIT_TIME_MSC_THEN_SOURCE_DEAL_ID,,,UNAVAILABLE_FROM_SOURCE_BOUND_UNIT_PACKAGE,1.00000000,0,{},UNKNOWN,NO_PREDECLARED_NUMERIC_MAPPING_IN_CONTRACT,BASKET_UNAVAILABLE;SHORT_CALENDAR_SPAN;SINGLE_TUPLE_PARTICIPATION_GE_50PCT;SINGLE_YEAR_ABS_NET_GE_50PCT,COMPLETE,2,1,1,UNAVAILABLE_NO_SOURCE_BASKET_ID
BOSS19_P4B_REGIME_AFFINITY_V1,2026-09-02T17:30:00Z,1330a822ed66149ba07d693d8732ced5b9e9ce66d15f34ce8d21ef70894b760c,5f3a0f8d1accd25cb6cc08ad1c6e291aed6d238d620269102151016dbfaf569d,858f4d02d1ae30511dd1f38ffab347c85c06a4a25df4bedf901dc169c2847916,ffa5a59f49cf9099c50520cc95c548ad2d47883a472689dfb58ffc722a44d51e,bb331765f169503ad878223d54a6f45fd2bb6e289609ae671857e298384463a4,BOSS19_P4_REGIME_CLASSIFIER_V1,1.0.0,H3-C05-BWD,BWD,2020,EURUSD,H1,DEAL,NEUTRAL,RANGE,NORMAL,CLASSIFIED,13,13,0,0.39393939,131.29000000,131.29000000,0.00000000,,0.00000000,PARTITION_REALIZED_SEQUENCE,EXIT_TIME_MSC_THEN_SOURCE_DEAL_ID,,,UNAVAILABLE_FROM_SOURCE_BOUND_UNIT_PACKAGE,1.00000000,0,{},UNKNOWN,NO_PREDECLARED_NUMERIC_MAPPING_IN_CONTRACT,BASKET_UNAVAILABLE;SHORT_CALENDAR_SPAN;SINGLE_TUPLE_PARTICIPATION_GE_50PCT;SINGLE_YEAR_ABS_NET_GE_50PCT,COMPLETE,7,4,1,UNAVAILABLE_NO_SOURCE_BASKET_ID
BOSS19_P4B_REGIME_AFFINITY_V1,2026-09-02T17:30:00Z,1330a822ed66149ba07d693d8732ced5b9e9ce66d15f34ce8d21ef70894b760c,5f3a0f8d1accd25cb6cc08ad1c6e291aed6d238d620269102151016dbfaf569d,858f4d02d1ae30511dd1f38ffab347c85c06a4a25df4bedf901dc169c2847916,ffa5a59f49cf9099c50520cc95c548ad2d47883a472689dfb58ffc722a44d51e,bb331765f169503ad878223d54a6f45fd2bb6e289609ae671857e298384463a4,BOSS19_P4_REGIME_CLASSIFIER_V1,1.0.0,H3-C05-BWD,BWD,2020,EURUSD,H1,DEAL,NEUTRAL,TRANSITION,NORMAL,CLASSIFIED,1,1,0,0.03030303,2.54000000,2.54000000,0.00000000,,0.00000000,PARTITION_REALIZED_SEQUENCE,EXIT_TIME_MSC_THEN_SOURCE_DEAL_ID,,,UNAVAILABLE_FROM_SOURCE_BOUND_UNIT_PACKAGE,1.00000000,0,{},UNKNOWN,NO_PREDECLARED_NUMERIC_MAPPING_IN_CONTRACT,BASKET_UNAVAILABLE;SHORT_CALENDAR_SPAN;SINGLE_TUPLE_PARTICIPATION_GE_50PCT;SINGLE_YEAR_ABS_NET_GE_50PCT,COMPLETE,1,1,1,UNAVAILABLE_NO_SOURCE_BASKET_ID
BOSS19_P4B_REGIME_AFFINITY_V1,2026-09-02T17:30:00Z,1330a822ed66149ba07d693d8732ced5b9e9ce66d15f34ce8d21ef70894b760c,5f3a0f8d1accd25cb6cc08ad1c6e291aed6d238d620269102151016dbfaf569d,858f4d02d1ae30511dd1f38ffab347c85c06a4a25df4bedf901dc169c2847916,ffa5a59f49cf9099c50520cc95c548ad2d47883a472689dfb58ffc722a44d51e,bb331765f169503ad878223d54a6f45fd2bb6e289609ae671857e298384463a4,BOSS19_P4_REGIME_CLASSIFIER_V1,1.0.0,H3-C05-BWD,BWD,2020,EURUSD,H1,DEAL,NEUTRAL,TREND_UP,NORMAL,CLASSIFIED,4,4,0,0.12121212,71.73000000,71.73000000,0.00000000,,0.00000000,PARTITION_REALIZED_SEQUENCE,EXIT_TIME_MSC_THEN_SOURCE_DEAL_ID,,,UNAVAILABLE_FROM_SOURCE_BOUND_UNIT_PACKAGE,1.00000000,0,{},UNKNOWN,NO_PREDECLARED_NUMERIC_MAPPING_IN_CONTRACT,BASKET_UNAVAILABLE;SHORT_CALENDAR_SPAN;SINGLE_TUPLE_PARTICIPATION_GE_50PCT;SINGLE_YEAR_ABS_NET_GE_50PCT,COMPLETE,3,1,1,UNAVAILABLE_NO_SOURCE_BASKET_ID
BOSS19_P4B_REGIME_AFFINITY_V1,2026-09-02T17:30:00Z,1330a822ed66149ba07d693d8732ced5b9e9ce66d15f34ce8d21ef70894b760c,5f3a0f8d1accd25cb6cc08ad1c6e291aed6d238d620269102151016dbfaf569d,858f4d02d1ae30511dd1f38ffab347c85c06a4a25df4bedf901dc169c2847916,ffa5a59f49cf9099c50520cc95c548ad2d47883a472689dfb58ffc722a44d51e,bb331765f169503ad878223d54a6f45fd2bb6e289609ae671857e298384463a4,BOSS19_P4_REGIME_CLASSIFIER_V1,1.0.0,H3-C05-BWD,BWD,2020,EURUSD,H1,DEAL,STRESS,TREND_UP,EXTREME,CLASSIFIED,4,4,0,0.12121212,57.89000000,57.89000000,0.00000000,,0.00000000,PARTITION_REALIZED_SEQUENCE,EXIT_TIME_MSC_THEN_SOURCE_DEAL_ID,,,UNAVAILABLE_FROM_SOURCE_BOUND_UNIT_PACKAGE,1.00000000,0,{},UNKNOWN,NO_PREDECLARED_NUMERIC_MAPPING_IN_CONTRACT,BASKET_UNAVAILABLE;SHORT_CALENDAR_SPAN;SINGLE_TUPLE_PARTICIPATION_GE_50PCT;SINGLE_YEAR_ABS_NET_GE_50PCT,COMPLETE,2,1,1,UNAVAILABLE_NO_SOURCE_BASKET_ID
BOSS19_P4B_REGIME_AFFINITY_V1,2026-09-02T17:30:00Z,1330a822ed66149ba07d693d8732ced5b9e9ce66d15f34ce8d21ef70894b760c,5f3a0f8d1accd25cb6cc08ad1c6e291aed6d238d620269102151016dbfaf569d,858f4d02d1ae30511dd1f38ffab347c85c06a4a25df4bedf901dc169c2847916,ffa5a59f49cf9099c50520cc95c548ad2d47883a472689dfb58ffc722a44d51e,bb331765f169503ad878223d54a6f45fd2bb6e289609ae671857e298384463a4,BOSS19_P4_REGIME_CLASSIFIER_V1,1.0.0,H3-C05-BWD,BWD,2021,EURUSD,H1,DEAL,NEUTRAL,RANGE,NORMAL,CLASSIFIED,6,6,0,0.18181818,-182.66000000,12.55000000,-195.21000000,0.06428974,195.21000000,PARTITION_REALIZED_SEQUENCE,EXIT_TIME_MSC_THEN_SOURCE_DEAL_ID,,,UNAVAILABLE_FROM_SOURCE_BOUND_UNIT_PACKAGE,1.00000000,0,{},UNKNOWN,NO_PREDECLARED_NUMERIC_MAPPING_IN_CONTRACT,BASKET_UNAVAILABLE;SHORT_CALENDAR_SPAN;SINGLE_TUPLE_PARTICIPATION_GE_50PCT;SINGLE_YEAR_ABS_NET_GE_50PCT,COMPLETE,4,2,1,UNAVAILABLE_NO_SOURCE_BASKET_ID
BOSS19_P4B_REGIME_AFFINITY_V1,2026-09-02T17:30:00Z,1330a822ed66149ba07d693d8732ced5b9e9ce66d15f34ce8d21ef70894b760c,5f3a0f8d1accd25cb6cc08ad1c6e291aed6d238d620269102151016dbfaf569d,858f4d02d1ae30511dd1f38ffab347c85c06a4a25df4bedf901dc169c2847916,ffa5a59f49cf9099c50520cc95c548ad2d47883a472689dfb58ffc722a44d51e,bb331765f169503ad878223d54a6f45fd2bb6e289609ae671857e298384463a4,BOSS19_P4_REGIME_CLASSIFIER_V1,1.0.0,H3-C05-BWD,BWD,2021,EURUSD,H1,DEAL,NEUTRAL,TRANSITION,NORMAL,CLASSIFIED,1,1,0,0.03030303,-193.21000000,0.00000000,-193.21000000,0.00000000,193.21000000,PARTITION_REALIZED_SEQUENCE,EXIT_TIME_MSC_THEN_SOURCE_DEAL_ID,,,UNAVAILABLE_FROM_SOURCE_BOUND_UNIT_PACKAGE,1.00000000,0,{},UNKNOWN,NO_PREDECLARED_NUMERIC_MAPPING_IN_CONTRACT,BASKET_UNAVAILABLE;SHORT_CALENDAR_SPAN;SINGLE_TUPLE_PARTICIPATION_GE_50PCT;SINGLE_YEAR_ABS_NET_GE_50PCT,COMPLETE,1,1,1,UNAVAILABLE_NO_SOURCE_BASKET_ID
BOSS19_P4B_REGIME_AFFINITY_V1,2026-09-02T17:30:00Z,1330a822ed66149ba07d693d8732ced5b9e9ce66d15f34ce8d21ef70894b760c,5f3a0f8d1accd25cb6cc08ad1c6e291aed6d238d620269102151016dbfaf569d,858f4d02d1ae30511dd1f38ffab347c85c06a4a25df4bedf901dc169c2847916,ffa5a59f49cf9099c50520cc95c548ad2d47883a472689dfb58ffc722a44d51e,bb331765f169503ad878223d54a6f45fd2bb6e289609ae671857e298384463a4,BOSS19_P4_REGIME_CLASSIFIER_V1,1.0.0,H3-C05-BWD,BWD,2021,EURUSD,H1,DEAL,NEUTRAL,TREND_UP,LOW,CLASSIFIED,1,1,0,0.03030303,1.81000000,1.81000000,0.00000000,,0.00000000,PARTITION_REALIZED_SEQUENCE,EXIT_TIME_MSC_THEN_SOURCE_DEAL_ID,,,UNAVAILABLE_FROM_SOURCE_BOUND_UNIT_PACKAGE,1.00000000,0,{},UNKNOWN,NO_PREDECLARED_NUMERIC_MAPPING_IN_CONTRACT,BASKET_UNAVAILABLE;SHORT_CALENDAR_SPAN;SINGLE_TUPLE_PARTICIPATION_GE_50PCT;SINGLE_YEAR_ABS_NET_GE_50PCT,COMPLETE,1,1,1,UNAVAILABLE_NO_SOURCE_BASKET_ID
BOSS19_P4B_REGIME_AFFINITY_V1,2026-09-02T17:30:00Z,1330a822ed66149ba07d693d8732ced5b9e9ce66d15f34ce8d21ef70894b760c,5f3a0f8d1accd25cb6cc08ad1c6e291aed6d238d620269102151016dbfaf569d,858f4d02d1ae30511dd1f38ffab347c85c06a4a25df4bedf901dc169c2847916,ffa5a59f49cf9099c50520cc95c548ad2d47883a472689dfb58ffc722a44d51e,bb331765f169503ad878223d54a6f45fd2bb6e289609ae671857e298384463a4,BOSS19_P4_REGIME_CLASSIFIER_V1,1.0.0,H3-C05-MAIN,MAIN,2023,EURUSD,H1,DEAL,NEUTRAL,RANGE,LOW,CLASSIFIED,3,3,0,0.11111111,19.94000000,19.94000000,0.00000000,,0.00000000,PARTITION_REALIZED_SEQUENCE,EXIT_TIME_MSC_THEN_SOURCE_DEAL_ID,,,UNAVAILABLE_FROM_SOURCE_BOUND_UNIT_PACKAGE,1.00000000,0,{},UNKNOWN,NO_PREDECLARED_NUMERIC_MAPPING_IN_CONTRACT,BASKET_UNAVAILABLE;SHORT_CALENDAR_SPAN;SINGLE_YEAR_ABS_NET_GE_50PCT,COMPLETE,1,1,1,UNAVAILABLE_NO_SOURCE_BASKET_ID
BOSS19_P4B_REGIME_AFFINITY_V1,2026-09-02T17:30:00Z,1330a822ed66149ba07d693d8732ced5b9e9ce66d15f34ce8d21ef70894b760c,5f3a0f8d1accd25cb6cc08ad1c6e291aed6d238d620269102151016dbfaf569d,858f4d02d1ae30511dd1f38ffab347c85c06a4a25df4bedf901dc169c2847916,ffa5a59f49cf9099c50520cc95c548ad2d47883a472689dfb58ffc722a44d51e,bb331765f169503ad878223d54a6f45fd2bb6e289609ae671857e298384463a4,BOSS19_P4_REGIME_CLASSIFIER_V1,1.0.0,H3-C05-MAIN,MAIN,2023,EURUSD,H1,DEAL,NEUTRAL,TREND_UP,LOW,CLASSIFIED,5,5,0,0.18518519,44.06000000,71.44000000,-27.38000000,2.60920380,27.38000000,PARTITION_REALIZED_SEQUENCE,EXIT_TIME_MSC_THEN_SOURCE_DEAL_ID,,,UNAVAILABLE_FROM_SOURCE_BOUND_UNIT_PACKAGE,1.00000000,0,{},UNKNOWN,NO_PREDECLARED_NUMERIC_MAPPING_IN_CONTRACT,BASKET_UNAVAILABLE;SHORT_CALENDAR_SPAN;SINGLE_YEAR_ABS_NET_GE_50PCT,COMPLETE,3,2,1,UNAVAILABLE_NO_SOURCE_BASKET_ID
BOSS19_P4B_REGIME_AFFINITY_V1,2026-09-02T17:30:00Z,1330a822ed66149ba07d693d8732ced5b9e9ce66d15f34ce8d21ef70894b760c,5f3a0f8d1accd25cb6cc08ad1c6e291aed6d238d620269102151016dbfaf569d,858f4d02d1ae30511dd1f38ffab347c85c06a4a25df4bedf901dc169c2847916,ffa5a59f49cf9099c50520cc95c548ad2d47883a472689dfb58ffc722a44d51e,bb331765f169503ad878223d54a6f45fd2bb6e289609ae671857e298384463a4,BOSS19_P4_REGIME_CLASSIFIER_V1,1.0.0,H3-C05-MAIN,MAIN,2023,EURUSD,H1,DEAL,NEUTRAL,TREND_UP,NORMAL,CLASSIFIED,2,2,0,0.07407407,25.08000000,25.08000000,0.00000000,,0.00000000,PARTITION_REALIZED_SEQUENCE,EXIT_TIME_MSC_THEN_SOURCE_DEAL_ID,,,UNAVAILABLE_FROM_SOURCE_BOUND_UNIT_PACKAGE,1.00000000,0,{},UNKNOWN,NO_PREDECLARED_NUMERIC_MAPPING_IN_CONTRACT,BASKET_UNAVAILABLE;SHORT_CALENDAR_SPAN;SINGLE_YEAR_ABS_NET_GE_50PCT,COMPLETE,1,1,1,UNAVAILABLE_NO_SOURCE_BASKET_ID
BOSS19_P4B_REGIME_AFFINITY_V1,2026-09-02T17:30:00Z,1330a822ed66149ba07d693d8732ced5b9e9ce66d15f34ce8d21ef70894b760c,5f3a0f8d1accd25cb6cc08ad1c6e291aed6d238d620269102151016dbfaf569d,858f4d02d1ae30511dd1f38ffab347c85c06a4a25df4bedf901dc169c2847916,ffa5a59f49cf9099c50520cc95c548ad2d47883a472689dfb58ffc722a44d51e,bb331765f169503ad878223d54a6f45fd2bb6e289609ae671857e298384463a4,BOSS19_P4_REGIME_CLASSIFIER_V1,1.0.0,H3-C05-MAIN,MAIN,2023,EURUSD,H1,DEAL,RISK_OFF,RANGE,LOW,CLASSIFIED,2,2,0,0.07407407,15.22000000,15.22000000,0.00000000,,0.00000000,PARTITION_REALIZED_SEQUENCE,EXIT_TIME_MSC_THEN_SOURCE_DEAL_ID,,,UNAVAILABLE_FROM_SOURCE_BOUND_UNIT_PACKAGE,1.00000000,0,{},UNKNOWN,NO_PREDECLARED_NUMERIC_MAPPING_IN_CONTRACT,BASKET_UNAVAILABLE;SHORT_CALENDAR_SPAN;SINGLE_YEAR_ABS_NET_GE_50PCT,COMPLETE,2,2,1,UNAVAILABLE_NO_SOURCE_BASKET_ID
BOSS19_P4B_REGIME_AFFINITY_V1,2026-09-02T17:30:00Z,1330a822ed66149ba07d693d8732ced5b9e9ce66d15f34ce8d21ef70894b760c,5f3a0f8d1accd25cb6cc08ad1c6e291aed6d238d620269102151016dbfaf569d,858f4d02d1ae30511dd1f38ffab347c85c06a4a25df4bedf901dc169c2847916,ffa5a59f49cf9099c50520cc95c548ad2d47883a472689dfb58ffc722a44d51e,bb331765f169503ad878223d54a6f45fd2bb6e289609ae671857e298384463a4,BOSS19_P4_REGIME_CLASSIFIER_V1,1.0.0,H3-C05-MAIN,MAIN,2023,EURUSD,H1,DEAL,RISK_OFF,RANGE,NORMAL,CLASSIFIED,1,1,0,0.03703704,3.97000000,3.97000000,0.00000000,,0.00000000,PARTITION_REALIZED_SEQUENCE,EXIT_TIME_MSC_THEN_SOURCE_DEAL_ID,,,UNAVAILABLE_FROM_SOURCE_BOUND_UNIT_PACKAGE,1.00000000,0,{},UNKNOWN,NO_PREDECLARED_NUMERIC_MAPPING_IN_CONTRACT,BASKET_UNAVAILABLE;SHORT_CALENDAR_SPAN;SINGLE_YEAR_ABS_NET_GE_50PCT,COMPLETE,1,1,1,UNAVAILABLE_NO_SOURCE_BASKET_ID
BOSS19_P4B_REGIME_AFFINITY_V1,2026-09-02T17:30:00Z,1330a822ed66149ba07d693d8732ced5b9e9ce66d15f34ce8d21ef70894b760c,5f3a0f8d1accd25cb6cc08ad1c6e291aed6d238d620269102151016dbfaf569d,858f4d02d1ae30511dd1f38ffab347c85c06a4a25df4bedf901dc169c2847916,ffa5a59f49cf9099c50520cc95c548ad2d47883a472689dfb58ffc722a44d51e,bb331765f169503ad878223d54a6f45fd2bb6e289609ae671857e298384463a4,BOSS19_P4_REGIME_CLASSIFIER_V1,1.0.0,H3-C05-MAIN,MAIN,2023,EURUSD,H1,DEAL,RISK_OFF,TREND_DOWN,LOW,CLASSIFIED,1,1,0,0.03703704,2.57000000,2.57000000,0.00000000,,0.00000000,PARTITION_REALIZED_SEQUENCE,EXIT_TIME_MSC_THEN_SOURCE_DEAL_ID,,,UNAVAILABLE_FROM_SOURCE_BOUND_UNIT_PACKAGE,1.00000000,0,{},UNKNOWN,NO_PREDECLARED_NUMERIC_MAPPING_IN_CONTRACT,BASKET_UNAVAILABLE;SHORT_CALENDAR_SPAN;SINGLE_YEAR_ABS_NET_GE_50PCT,COMPLETE,1,1,1,UNAVAILABLE_NO_SOURCE_BASKET_ID
BOSS19_P4B_REGIME_AFFINITY_V1,2026-09-02T17:30:00Z,1330a822ed66149ba07d693d8732ced5b9e9ce66d15f34ce8d21ef70894b760c,5f3a0f8d1accd25cb6cc08ad1c6e291aed6d238d620269102151016dbfaf569d,858f4d02d1ae30511dd1f38ffab347c85c06a4a25df4bedf901dc169c2847916,ffa5a59f49cf9099c50520cc95c548ad2d47883a472689dfb58ffc722a44d51e,bb331765f169503ad878223d54a6f45fd2bb6e289609ae671857e298384463a4,BOSS19_P4_REGIME_CLASSIFIER_V1,1.0.0,H3-C05-MAIN,MAIN,2023,EURUSD,H1,DEAL,RISK_OFF,TREND_DOWN,NORMAL,CLASSIFIED,2,2,0,0.07407407,7.09000000,7.09000000,0.00000000,,0.00000000,PARTITION_REALIZED_SEQUENCE,EXIT_TIME_MSC_THEN_SOURCE_DEAL_ID,,,UNAVAILABLE_FROM_SOURCE_BOUND_UNIT_PACKAGE,1.00000000,0,{},UNKNOWN,NO_PREDECLARED_NUMERIC_MAPPING_IN_CONTRACT,BASKET_UNAVAILABLE;SHORT_CALENDAR_SPAN;SINGLE_YEAR_ABS_NET_GE_50PCT,COMPLETE,2,1,1,UNAVAILABLE_NO_SOURCE_BASKET_ID
BOSS19_P4B_REGIME_AFFINITY_V1,2026-09-02T17:30:00Z,1330a822ed66149ba07d693d8732ced5b9e9ce66d15f34ce8d21ef70894b760c,5f3a0f8d1accd25cb6cc08ad1c6e291aed6d238d620269102151016dbfaf569d,858f4d02d1ae30511dd1f38ffab347c85c06a4a25df4bedf901dc169c2847916,ffa5a59f49cf9099c50520cc95c548ad2d47883a472689dfb58ffc722a44d51e,bb331765f169503ad878223d54a6f45fd2bb6e289609ae671857e298384463a4,BOSS19_P4_REGIME_CLASSIFIER_V1,1.0.0,H3-C05-MAIN,MAIN,2025,EURUSD,H1,DEAL,NEUTRAL,RANGE,NORMAL,CLASSIFIED,3,3,0,0.11111111,8.17000000,23.79000000,-15.62000000,1.52304738,15.62000000,PARTITION_REALIZED_SEQUENCE,EXIT_TIME_MSC_THEN_SOURCE_DEAL_ID,,,UNAVAILABLE_FROM_SOURCE_BOUND_UNIT_PACKAGE,1.00000000,0,{},UNKNOWN,NO_PREDECLARED_NUMERIC_MAPPING_IN_CONTRACT,BASKET_UNAVAILABLE;SHORT_CALENDAR_SPAN;SINGLE_YEAR_ABS_NET_GE_50PCT,COMPLETE,3,3,1,UNAVAILABLE_NO_SOURCE_BASKET_ID
BOSS19_P4B_REGIME_AFFINITY_V1,2026-09-02T17:30:00Z,1330a822ed66149ba07d693d8732ced5b9e9ce66d15f34ce8d21ef70894b760c,5f3a0f8d1accd25cb6cc08ad1c6e291aed6d238d620269102151016dbfaf569d,858f4d02d1ae30511dd1f38ffab347c85c06a4a25df4bedf901dc169c2847916,ffa5a59f49cf9099c50520cc95c548ad2d47883a472689dfb58ffc722a44d51e,bb331765f169503ad878223d54a6f45fd2bb6e289609ae671857e298384463a4,BOSS19_P4_REGIME_CLASSIFIER_V1,1.0.0,H3-C05-MAIN,MAIN,2025,EURUSD,H1,DEAL,NEUTRAL,TREND_UP,NORMAL,CLASSIFIED,4,4,0,0.14814815,40.88000000,40.88000000,0.00000000,,0.00000000,PARTITION_REALIZED_SEQUENCE,EXIT_TIME_MSC_THEN_SOURCE_DEAL_ID,,,UNAVAILABLE_FROM_SOURCE_BOUND_UNIT_PACKAGE,1.00000000,0,{},UNKNOWN,NO_PREDECLARED_NUMERIC_MAPPING_IN_CONTRACT,BASKET_UNAVAILABLE;SHORT_CALENDAR_SPAN;SINGLE_YEAR_ABS_NET_GE_50PCT,COMPLETE,3,2,1,UNAVAILABLE_NO_SOURCE_BASKET_ID
BOSS19_P4B_REGIME_AFFINITY_V1,2026-09-02T17:30:00Z,1330a822ed66149ba07d693d8732ced5b9e9ce66d15f34ce8d21ef70894b760c,5f3a0f8d1accd25cb6cc08ad1c6e291aed6d238d620269102151016dbfaf569d,858f4d02d1ae30511dd1f38ffab347c85c06a4a25df4bedf901dc169c2847916,ffa5a59f49cf9099c50520cc95c548ad2d47883a472689dfb58ffc722a44d51e,bb331765f169503ad878223d54a6f45fd2bb6e289609ae671857e298384463a4,BOSS19_P4_REGIME_CLASSIFIER_V1,1.0.0,H3-C05-MAIN,MAIN,2025,EURUSD,H1,DEAL,RISK_OFF,RANGE,NORMAL,CLASSIFIED,1,1,0,0.03703704,3.77000000,3.77000000,0.00000000,,0.00000000,PARTITION_REALIZED_SEQUENCE,EXIT_TIME_MSC_THEN_SOURCE_DEAL_ID,,,UNAVAILABLE_FROM_SOURCE_BOUND_UNIT_PACKAGE,1.00000000,0,{},UNKNOWN,NO_PREDECLARED_NUMERIC_MAPPING_IN_CONTRACT,BASKET_UNAVAILABLE;SHORT_CALENDAR_SPAN;SINGLE_YEAR_ABS_NET_GE_50PCT,COMPLETE,1,1,1,UNAVAILABLE_NO_SOURCE_BASKET_ID
BOSS19_P4B_REGIME_AFFINITY_V1,2026-09-02T17:30:00Z,1330a822ed66149ba07d693d8732ced5b9e9ce66d15f34ce8d21ef70894b760c,5f3a0f8d1accd25cb6cc08ad1c6e291aed6d238d620269102151016dbfaf569d,858f4d02d1ae30511dd1f38ffab347c85c06a4a25df4bedf901dc169c2847916,ffa5a59f49cf9099c50520cc95c548ad2d47883a472689dfb58ffc722a44d51e,bb331765f169503ad878223d54a6f45fd2bb6e289609ae671857e298384463a4,BOSS19_P4_REGIME_CLASSIFIER_V1,1.0.0,H3-C05-MAIN,MAIN,2025,EURUSD,H1,DEAL,RISK_OFF,TREND_DOWN,NORMAL,CLASSIFIED,1,1,0,0.03703704,4.32000000,4.32000000,0.00000000,,0.00000000,PARTITION_REALIZED_SEQUENCE,EXIT_TIME_MSC_THEN_SOURCE_DEAL_ID,,,UNAVAILABLE_FROM_SOURCE_BOUND_UNIT_PACKAGE,1.00000000,0,{},UNKNOWN,NO_PREDECLARED_NUMERIC_MAPPING_IN_CONTRACT,BASKET_UNAVAILABLE;SHORT_CALENDAR_SPAN;SINGLE_YEAR_ABS_NET_GE_50PCT,COMPLETE,1,1,1,UNAVAILABLE_NO_SOURCE_BASKET_ID
BOSS19_P4B_REGIME_AFFINITY_V1,2026-09-02T17:30:00Z,1330a822ed66149ba07d693d8732ced5b9e9ce66d15f34ce8d21ef70894b760c,5f3a0f8d1accd25cb6cc08ad1c6e291aed6d238d620269102151016dbfaf569d,858f4d02d1ae30511dd1f38ffab347c85c06a4a25df4bedf901dc169c2847916,ffa5a59f49cf9099c50520cc95c548ad2d47883a472689dfb58ffc722a44d51e,bb331765f169503ad878223d54a6f45fd2bb6e289609ae671857e298384463a4,BOSS19_P4_REGIME_CLASSIFIER_V1,1.0.0,H3-C05-MAIN,MAIN,2025,EURUSD,H1,DEAL,RISK_OFF,TREND_UP,NORMAL,CLASSIFIED,1,1,0,0.03703704,13.18000000,13.18000000,0.00000000,,0.00000000,PARTITION_REALIZED_SEQUENCE,EXIT_TIME_MSC_THEN_SOURCE_DEAL_ID,,,UNAVAILABLE_FROM_SOURCE_BOUND_UNIT_PACKAGE,1.00000000,0,{},UNKNOWN,NO_PREDECLARED_NUMERIC_MAPPING_IN_CONTRACT,BASKET_UNAVAILABLE;SHORT_CALENDAR_SPAN;SINGLE_YEAR_ABS_NET_GE_50PCT,COMPLETE,1,1,1,UNAVAILABLE_NO_SOURCE_BASKET_ID
BOSS19_P4B_REGIME_AFFINITY_V1,2026-09-02T17:30:00Z,1330a822ed66149ba07d693d8732ced5b9e9ce66d15f34ce8d21ef70894b760c,5f3a0f8d1accd25cb6cc08ad1c6e291aed6d238d620269102151016dbfaf569d,858f4d02d1ae30511dd1f38ffab347c85c06a4a25df4bedf901dc169c2847916,ffa5a59f49cf9099c50520cc95c548ad2d47883a472689dfb58ffc722a44d51e,bb331765f169503ad878223d54a6f45fd2bb6e289609ae671857e298384463a4,BOSS19_P4_REGIME_CLASSIFIER_V1,1.0.0,H3-C05-MAIN,MAIN,2025,EURUSD,H1,DEAL,STRESS,RANGE,HIGH,CLASSIFIED,1,1,0,0.03703704,4.35000000,4.35000000,0.00000000,,0.00000000,PARTITION_REALIZED_SEQUENCE,EXIT_TIME_MSC_THEN_SOURCE_DEAL_ID,,,UNAVAILABLE_FROM_SOURCE_BOUND_UNIT_PACKAGE,1.00000000,0,{},UNKNOWN,NO_PREDECLARED_NUMERIC_MAPPING_IN_CONTRACT,BASKET_UNAVAILABLE;SHORT_CALENDAR_SPAN;SINGLE_YEAR_ABS_NET_GE_50PCT,COMPLETE,1,1,1,UNAVAILABLE_NO_SOURCE_BASKET_ID
BOSS19_P4B_REGIME_AFFINITY_V1,2026-09-02T17:30:00Z,1330a822ed66149ba07d693d8732ced5b9e9ce66d15f34ce8d21ef70894b760c,5f3a0f8d1accd25cb6cc08ad1c6e291aed6d238d620269102151016dbfaf569d,858f4d02d1ae30511dd1f38ffab347c85c06a4a25df4bedf901dc169c2847916,ffa5a59f49cf9099c50520cc95c548ad2d47883a472689dfb58ffc722a44d51e,bb331765f169503ad878223d54a6f45fd2bb6e289609ae671857e298384463a4,BOSS19_P4_REGIME_CLASSIFIER_V1,1.0.0,H3-C06-BWD,BWD,2020,EURUSD,H4,DEAL,NEUTRAL,RANGE,NORMAL,CLASSIFIED,6,6,0,0.15000000,16.32000000,16.32000000,0.00000000,,0.00000000,PARTITION_REALIZED_SEQUENCE,EXIT_TIME_MSC_THEN_SOURCE_DEAL_ID,,,UNAVAILABLE_FROM_SOURCE_BOUND_UNIT_PACKAGE,1.00000000,0,{},UNKNOWN,NO_PREDECLARED_NUMERIC_MAPPING_IN_CONTRACT,BASKET_UNAVAILABLE;SHORT_CALENDAR_SPAN;SINGLE_YEAR_ABS_NET_GE_50PCT,COMPLETE,4,2,1,UNAVAILABLE_NO_SOURCE_BASKET_ID
BOSS19_P4B_REGIME_AFFINITY_V1,2026-09-02T17:30:00Z,1330a822ed66149ba07d693d8732ced5b9e9ce66d15f34ce8d21ef70894b760c,5f3a0f8d1accd25cb6cc08ad1c6e291aed6d238d620269102151016dbfaf569d,858f4d02d1ae30511dd1f38ffab347c85c06a4a25df4bedf901dc169c2847916,ffa5a59f49cf9099c50520cc95c548ad2d47883a472689dfb58ffc722a44d51e,bb331765f169503ad878223d54a6f45fd2bb6e289609ae671857e298384463a4,BOSS19_P4_REGIME_CLASSIFIER_V1,1.0.0,H3-C06-BWD,BWD,2020,EURUSD,H4,DEAL,NEUTRAL,TREND_UP,LOW,CLASSIFIED,5,5,0,0.12500000,70.48000000,70.48000000,0.00000000,,0.00000000,PARTITION_REALIZED_SEQUENCE,EXIT_TIME_MSC_THEN_SOURCE_DEAL_ID,,,UNAVAILABLE_FROM_SOURCE_BOUND_UNIT_PACKAGE,1.00000000,0,{},UNKNOWN,NO_PREDECLARED_NUMERIC_MAPPING_IN_CONTRACT,BASKET_UNAVAILABLE;SHORT_CALENDAR_SPAN;SINGLE_YEAR_ABS_NET_GE_50PCT,COMPLETE,2,1,1,UNAVAILABLE_NO_SOURCE_BASKET_ID
BOSS19_P4B_REGIME_AFFINITY_V1,2026-09-02T17:30:00Z,1330a822ed66149ba07d693d8732ced5b9e9ce66d15f34ce8d21ef70894b760c,5f3a0f8d1accd25cb6cc08ad1c6e291aed6d238d620269102151016dbfaf569d,858f4d02d1ae30511dd1f38ffab347c85c06a4a25df4bedf901dc169c2847916,ffa5a59f49cf9099c50520cc95c548ad2d47883a472689dfb58ffc722a44d51e,bb331765f169503ad878223d54a6f45fd2bb6e289609ae671857e298384463a4,BOSS19_P4_REGIME_CLASSIFIER_V1,1.0.0,H3-C06-BWD,BWD,2020,EURUSD,H4,DEAL,NEUTRAL,TREND_UP,NORMAL,CLASSIFIED,7,7,0,0.17500000,118.03000000,118.03000000,0.00000000,,0.00000000,PARTITION_REALIZED_SEQUENCE,EXIT_TIME_MSC_THEN_SOURCE_DEAL_ID,,,UNAVAILABLE_FROM_SOURCE_BOUND_UNIT_PACKAGE,1.00000000,0,{},UNKNOWN,NO_PREDECLARED_NUMERIC_MAPPING_IN_CONTRACT,BASKET_UNAVAILABLE;SHORT_CALENDAR_SPAN;SINGLE_YEAR_ABS_NET_GE_50PCT,COMPLETE,4,2,1,UNAVAILABLE_NO_SOURCE_BASKET_ID
BOSS19_P4B_REGIME_AFFINITY_V1,2026-09-02T17:30:00Z,1330a822ed66149ba07d693d8732ced5b9e9ce66d15f34ce8d21ef70894b760c,5f3a0f8d1accd25cb6cc08ad1c6e291aed6d238d620269102151016dbfaf569d,858f4d02d1ae30511dd1f38ffab347c85c06a4a25df4bedf901dc169c2847916,ffa5a59f49cf9099c50520cc95c548ad2d47883a472689dfb58ffc722a44d51e,bb331765f169503ad878223d54a6f45fd2bb6e289609ae671857e298384463a4,BOSS19_P4_REGIME_CLASSIFIER_V1,1.0.0,H3-C06-BWD,BWD,2020,EURUSD,H4,DEAL,RISK_OFF,RANGE,EXTREME,CLASSIFIED,3,3,0,0.07500000,28.77000000,28.77000000,0.00000000,,0.00000000,PARTITION_REALIZED_SEQUENCE,EXIT_TIME_MSC_THEN_SOURCE_DEAL_ID,,,UNAVAILABLE_FROM_SOURCE_BOUND_UNIT_PACKAGE,1.00000000,0,{},UNKNOWN,NO_PREDECLARED_NUMERIC_MAPPING_IN_CONTRACT,BASKET_UNAVAILABLE;SHORT_CALENDAR_SPAN;SINGLE_YEAR_ABS_NET_GE_50PCT,COMPLETE,1,1,1,UNAVAILABLE_NO_SOURCE_BASKET_ID
BOSS19_P4B_REGIME_AFFINITY_V1,2026-09-02T17:30:00Z,1330a822ed66149ba07d693d8732ced5b9e9ce66d15f34ce8d21ef70894b760c,5f3a0f8d1accd25cb6cc08ad1c6e291aed6d238d620269102151016dbfaf569d,858f4d02d1ae30511dd1f38ffab347c85c06a4a25df4bedf901dc169c2847916,ffa5a59f49cf9099c50520cc95c548ad2d47883a472689dfb58ffc722a44d51e,bb331765f169503ad878223d54a6f45fd2bb6e289609ae671857e298384463a4,BOSS19_P4_REGIME_CLASSIFIER_V1,1.0.0,H3-C06-BWD,BWD,2020,EURUSD,H4,DEAL,RISK_OFF,RANGE,HIGH,CLASSIFIED,1,1,0,0.02500000,8.43000000,8.43000000,0.00000000,,0.00000000,PARTITION_REALIZED_SEQUENCE,EXIT_TIME_MSC_THEN_SOURCE_DEAL_ID,,,UNAVAILABLE_FROM_SOURCE_BOUND_UNIT_PACKAGE,1.00000000,0,{},UNKNOWN,NO_PREDECLARED_NUMERIC_MAPPING_IN_CONTRACT,BASKET_UNAVAILABLE;SHORT_CALENDAR_SPAN;SINGLE_YEAR_ABS_NET_GE_50PCT,COMPLETE,1,1,1,UNAVAILABLE_NO_SOURCE_BASKET_ID
BOSS19_P4B_REGIME_AFFINITY_V1,2026-09-02T17:30:00Z,1330a822ed66149ba07d693d8732ced5b9e9ce66d15f34ce8d21ef70894b760c,5f3a0f8d1accd25cb6cc08ad1c6e291aed6d238d620269102151016dbfaf569d,858f4d02d1ae30511dd1f38ffab347c85c06a4a25df4bedf901dc169c2847916,ffa5a59f49cf9099c50520cc95c548ad2d47883a472689dfb58ffc722a44d51e,bb331765f169503ad878223d54a6f45fd2bb6e289609ae671857e298384463a4,BOSS19_P4_REGIME_CLASSIFIER_V1,1.0.0,H3-C06-BWD,BWD,2020,EURUSD,H4,DEAL,RISK_OFF,TRANSITION,HIGH,CLASSIFIED,1,1,0,0.02500000,7.06000000,7.06000000,0.00000000,,0.00000000,PARTITION_REALIZED_SEQUENCE,EXIT_TIME_MSC_THEN_SOURCE_DEAL_ID,,,UNAVAILABLE_FROM_SOURCE_BOUND_UNIT_PACKAGE,1.00000000,0,{},UNKNOWN,NO_PREDECLARED_NUMERIC_MAPPING_IN_CONTRACT,BASKET_UNAVAILABLE;SHORT_CALENDAR_SPAN;SINGLE_YEAR_ABS_NET_GE_50PCT,COMPLETE,1,1,1,UNAVAILABLE_NO_SOURCE_BASKET_ID
BOSS19_P4B_REGIME_AFFINITY_V1,2026-09-02T17:30:00Z,1330a822ed66149ba07d693d8732ced5b9e9ce66d15f34ce8d21ef70894b760c,5f3a0f8d1accd25cb6cc08ad1c6e291aed6d238d620269102151016dbfaf569d,858f4d02d1ae30511dd1f38ffab347c85c06a4a25df4bedf901dc169c2847916,ffa5a59f49cf9099c50520cc95c548ad2d47883a472689dfb58ffc722a44d51e,bb331765f169503ad878223d54a6f45fd2bb6e289609ae671857e298384463a4,BOSS19_P4_REGIME_CLASSIFIER_V1,1.0.0,H3-C06-BWD,BWD,2020,EURUSD,H4,DEAL,STRESS,TREND_UP,EXTREME,CLASSIFIED,12,12,0,0.30000000,138.02000000,138.02000000,0.00000000,,0.00000000,PARTITION_REALIZED_SEQUENCE,EXIT_TIME_MSC_THEN_SOURCE_DEAL_ID,,,UNAVAILABLE_FROM_SOURCE_BOUND_UNIT_PACKAGE,1.00000000,0,{},UNKNOWN,NO_PREDECLARED_NUMERIC_MAPPING_IN_CONTRACT,BASKET_UNAVAILABLE;SHORT_CALENDAR_SPAN;SINGLE_YEAR_ABS_NET_GE_50PCT,COMPLETE,6,2,1,UNAVAILABLE_NO_SOURCE_BASKET_ID
BOSS19_P4B_REGIME_AFFINITY_V1,2026-09-02T17:30:00Z,1330a822ed66149ba07d693d8732ced5b9e9ce66d15f34ce8d21ef70894b760c,5f3a0f8d1accd25cb6cc08ad1c6e291aed6d238d620269102151016dbfaf569d,858f4d02d1ae30511dd1f38ffab347c85c06a4a25df4bedf901dc169c2847916,ffa5a59f49cf9099c50520cc95c548ad2d47883a472689dfb58ffc722a44d51e,bb331765f169503ad878223d54a6f45fd2bb6e289609ae671857e298384463a4,BOSS19_P4_REGIME_CLASSIFIER_V1,1.0.0,H3-C06-BWD,BWD,2021,EURUSD,H4,DEAL,NEUTRAL,RANGE,LOW,CLASSIFIED,1,1,0,0.02500000,2.82000000,2.82000000,0.00000000,,0.00000000,PARTITION_REALIZED_SEQUENCE,EXIT_TIME_MSC_THEN_SOURCE_DEAL_ID,,,UNAVAILABLE_FROM_SOURCE_BOUND_UNIT_PACKAGE,1.00000000,0,{},UNKNOWN,NO_PREDECLARED_NUMERIC_MAPPING_IN_CONTRACT,BASKET_UNAVAILABLE;SHORT_CALENDAR_SPAN;SINGLE_YEAR_ABS_NET_GE_50PCT,COMPLETE,1,1,1,UNAVAILABLE_NO_SOURCE_BASKET_ID
BOSS19_P4B_REGIME_AFFINITY_V1,2026-09-02T17:30:00Z,1330a822ed66149ba07d693d8732ced5b9e9ce66d15f34ce8d21ef70894b760c,5f3a0f8d1accd25cb6cc08ad1c6e291aed6d238d620269102151016dbfaf569d,858f4d02d1ae30511dd1f38ffab347c85c06a4a25df4bedf901dc169c2847916,ffa5a59f49cf9099c50520cc95c548ad2d47883a472689dfb58ffc722a44d51e,bb331765f169503ad878223d54a6f45fd2bb6e289609ae671857e298384463a4,BOSS19_P4_REGIME_CLASSIFIER_V1,1.0.0,H3-C06-BWD,BWD,2021,EURUSD,H4,DEAL,NEUTRAL,RANGE,NORMAL,CLASSIFIED,1,1,0,0.02500000,2.73000000,2.73000000,0.00000000,,0.00000000,PARTITION_REALIZED_SEQUENCE,EXIT_TIME_MSC_THEN_SOURCE_DEAL_ID,,,UNAVAILABLE_FROM_SOURCE_BOUND_UNIT_PACKAGE,1.00000000,0,{},UNKNOWN,NO_PREDECLARED_NUMERIC_MAPPING_IN_CONTRACT,BASKET_UNAVAILABLE;SHORT_CALENDAR_SPAN;SINGLE_YEAR_ABS_NET_GE_50PCT,COMPLETE,1,1,1,UNAVAILABLE_NO_SOURCE_BASKET_ID
BOSS19_P4B_REGIME_AFFINITY_V1,2026-09-02T17:30:00Z,1330a822ed66149ba07d693d8732ced5b9e9ce66d15f34ce8d21ef70894b760c,5f3a0f8d1accd25cb6cc08ad1c6e291aed6d238d620269102151016dbfaf569d,858f4d02d1ae30511dd1f38ffab347c85c06a4a25df4bedf901dc169c2847916,ffa5a59f49cf9099c50520cc95c548ad2d47883a472689dfb58ffc722a44d51e,bb331765f169503ad878223d54a6f45fd2bb6e289609ae671857e298384463a4,BOSS19_P4_REGIME_CLASSIFIER_V1,1.0.0,H3-C06-BWD,BWD,2021,EURUSD,H4,DEAL,NEUTRAL,TRANSITION,LOW,CLASSIFIED,1,1,0,0.02500000,4.19000000,4.19000000,0.00000000,,0.00000000,PARTITION_REALIZED_SEQUENCE,EXIT_TIME_MSC_THEN_SOURCE_DEAL_ID,,,UNAVAILABLE_FROM_SOURCE_BOUND_UNIT_PACKAGE,1.00000000,0,{},UNKNOWN,NO_PREDECLARED_NUMERIC_MAPPING_IN_CONTRACT,BASKET_UNAVAILABLE;SHORT_CALENDAR_SPAN;SINGLE_YEAR_ABS_NET_GE_50PCT,COMPLETE,1,1,1,UNAVAILABLE_NO_SOURCE_BASKET_ID
BOSS19_P4B_REGIME_AFFINITY_V1,2026-09-02T17:30:00Z,1330a822ed66149ba07d693d8732ced5b9e9ce66d15f34ce8d21ef70894b760c,5f3a0f8d1accd25cb6cc08ad1c6e291aed6d238d620269102151016dbfaf569d,858f4d02d1ae30511dd1f38ffab347c85c06a4a25df4bedf901dc169c2847916,ffa5a59f49cf9099c50520cc95c548ad2d47883a472689dfb58ffc722a44d51e,bb331765f169503ad878223d54a6f45fd2bb6e289609ae671857e298384463a4,BOSS19_P4_REGIME_CLASSIFIER_V1,1.0.0,H3-C06-BWD,BWD,2021,EURUSD,H4,DEAL,NEUTRAL,TREND_UP,LOW,CLASSIFIED,1,1,0,0.02500000,2.34000000,2.34000000,0.00000000,,0.00000000,PARTITION_REALIZED_SEQUENCE,EXIT_TIME_MSC_THEN_SOURCE_DEAL_ID,,,UNAVAILABLE_FROM_SOURCE_BOUND_UNIT_PACKAGE,1.00000000,0,{},UNKNOWN,NO_PREDECLARED_NUMERIC_MAPPING_IN_CONTRACT,BASKET_UNAVAILABLE;SHORT_CALENDAR_SPAN;SINGLE_YEAR_ABS_NET_GE_50PCT,COMPLETE,1,1,1,UNAVAILABLE_NO_SOURCE_BASKET_ID
BOSS19_P4B_REGIME_AFFINITY_V1,2026-09-02T17:30:00Z,1330a822ed66149ba07d693d8732ced5b9e9ce66d15f34ce8d21ef70894b760c,5f3a0f8d1accd25cb6cc08ad1c6e291aed6d238d620269102151016dbfaf569d,858f4d02d1ae30511dd1f38ffab347c85c06a4a25df4bedf901dc169c2847916,ffa5a59f49cf9099c50520cc95c548ad2d47883a472689dfb58ffc722a44d51e,bb331765f169503ad878223d54a6f45fd2bb6e289609ae671857e298384463a4,BOSS19_P4_REGIME_CLASSIFIER_V1,1.0.0,H3-C06-BWD,BWD,2021,EURUSD,H4,DEAL,NEUTRAL,TREND_UP,NORMAL,CLASSIFIED,1,1,0,0.02500000,-197.45000000,0.00000000,-197.45000000,0.00000000,197.45000000,PARTITION_REALIZED_SEQUENCE,EXIT_TIME_MSC_THEN_SOURCE_DEAL_ID,,,UNAVAILABLE_FROM_SOURCE_BOUND_UNIT_PACKAGE,1.00000000,0,{},UNKNOWN,NO_PREDECLARED_NUMERIC_MAPPING_IN_CONTRACT,BASKET_UNAVAILABLE;SHORT_CALENDAR_SPAN;SINGLE_YEAR_ABS_NET_GE_50PCT,COMPLETE,1,1,1,UNAVAILABLE_NO_SOURCE_BASKET_ID
BOSS19_P4B_REGIME_AFFINITY_V1,2026-09-02T17:30:00Z,1330a822ed66149ba07d693d8732ced5b9e9ce66d15f34ce8d21ef70894b760c,5f3a0f8d1accd25cb6cc08ad1c6e291aed6d238d620269102151016dbfaf569d,858f4d02d1ae30511dd1f38ffab347c85c06a4a25df4bedf901dc169c2847916,ffa5a59f49cf9099c50520cc95c548ad2d47883a472689dfb58ffc722a44d51e,bb331765f169503ad878223d54a6f45fd2bb6e289609ae671857e298384463a4,BOSS19_P4_REGIME_CLASSIFIER_V1,1.0.0,H3-C06-MAIN,MAIN,2023,EURUSD,H4,DEAL,NEUTRAL,RANGE,LOW,CLASSIFIED,1,1,0,0.02040816,5.49000000,5.49000000,0.00000000,,0.00000000,PARTITION_REALIZED_SEQUENCE,EXIT_TIME_MSC_THEN_SOURCE_DEAL_ID,,,UNAVAILABLE_FROM_SOURCE_BOUND_UNIT_PACKAGE,1.00000000,0,{},UNKNOWN,NO_PREDECLARED_NUMERIC_MAPPING_IN_CONTRACT,BASKET_UNAVAILABLE;SINGLE_YEAR_ABS_NET_GE_50PCT,COMPLETE,1,1,1,UNAVAILABLE_NO_SOURCE_BASKET_ID
BOSS19_P4B_REGIME_AFFINITY_V1,2026-09-02T17:30:00Z,1330a822ed66149ba07d693d8732ced5b9e9ce66d15f34ce8d21ef70894b760c,5f3a0f8d1accd25cb6cc08ad1c6e291aed6d238d620269102151016dbfaf569d,858f4d02d1ae30511dd1f38ffab347c85c06a4a25df4bedf901dc169c2847916,ffa5a59f49cf9099c50520cc95c548ad2d47883a472689dfb58ffc722a44d51e,bb331765f169503ad878223d54a6f45fd2bb6e289609ae671857e298384463a4,BOSS19_P4_REGIME_CLASSIFIER_V1,1.0.0,H3-C06-MAIN,MAIN,2023,EURUSD,H4,DEAL,NEUTRAL,RANGE,NORMAL,CLASSIFIED,1,1,0,0.02040816,4.97000000,4.97000000,0.00000000,,0.00000000,PARTITION_REALIZED_SEQUENCE,EXIT_TIME_MSC_THEN_SOURCE_DEAL_ID,,,UNAVAILABLE_FROM_SOURCE_BOUND_UNIT_PACKAGE,1.00000000,0,{},UNKNOWN,NO_PREDECLARED_NUMERIC_MAPPING_IN_CONTRACT,BASKET_UNAVAILABLE;SINGLE_YEAR_ABS_NET_GE_50PCT,COMPLETE,1,1,1,UNAVAILABLE_NO_SOURCE_BASKET_ID
BOSS19_P4B_REGIME_AFFINITY_V1,2026-09-02T17:30:00Z,1330a822ed66149ba07d693d8732ced5b9e9ce66d15f34ce8d21ef70894b760c,5f3a0f8d1accd25cb6cc08ad1c6e291aed6d238d620269102151016dbfaf569d,858f4d02d1ae30511dd1f38ffab347c85c06a4a25df4bedf901dc169c2847916,ffa5a59f49cf9099c50520cc95c548ad2d47883a472689dfb58ffc722a44d51e,bb331765f169503ad878223d54a6f45fd2bb6e289609ae671857e298384463a4,BOSS19_P4_REGIME_CLASSIFIER_V1,1.0.0,H3-C06-MAIN,MAIN,2023,EURUSD,H4,DEAL,NEUTRAL,TREND_UP,LOW,CLASSIFIED,6,6,0,0.12244898,77.89000000,77.89000000,0.00000000,,0.00000000,PARTITION_REALIZED_SEQUENCE,EXIT_TIME_MSC_THEN_SOURCE_DEAL_ID,,,UNAVAILABLE_FROM_SOURCE_BOUND_UNIT_PACKAGE,1.00000000,0,{},UNKNOWN,NO_PREDECLARED_NUMERIC_MAPPING_IN_CONTRACT,BASKET_UNAVAILABLE;SINGLE_YEAR_ABS_NET_GE_50PCT,COMPLETE,6,4,1,UNAVAILABLE_NO_SOURCE_BASKET_ID
BOSS19_P4B_REGIME_AFFINITY_V1,2026-09-02T17:30:00Z,1330a822ed66149ba07d693d8732ced5b9e9ce66d15f34ce8d21ef70894b760c,5f3a0f8d1accd25cb6cc08ad1c6e291aed6d238d620269102151016dbfaf569d,858f4d02d1ae30511dd1f38ffab347c85c06a4a25df4bedf901dc169c2847916,ffa5a59f49cf9099c50520cc95c548ad2d47883a472689dfb58ffc722a44d51e,bb331765f169503ad878223d54a6f45fd2bb6e289609ae671857e298384463a4,BOSS19_P4_REGIME_CLASSIFIER_V1,1.0.0,H3-C06-MAIN,MAIN,2023,EURUSD,H4,DEAL,NEUTRAL,TREND_UP,NORMAL,CLASSIFIED,1,1,0,0.02040816,11.31000000,11.31000000,0.00000000,,0.00000000,PARTITION_REALIZED_SEQUENCE,EXIT_TIME_MSC_THEN_SOURCE_DEAL_ID,,,UNAVAILABLE_FROM_SOURCE_BOUND_UNIT_PACKAGE,1.00000000,0,{},UNKNOWN,NO_PREDECLARED_NUMERIC_MAPPING_IN_CONTRACT,BASKET_UNAVAILABLE;SINGLE_YEAR_ABS_NET_GE_50PCT,COMPLETE,1,1,1,UNAVAILABLE_NO_SOURCE_BASKET_ID
BOSS19_P4B_REGIME_AFFINITY_V1,2026-09-02T17:30:00Z,1330a822ed66149ba07d693d8732ced5b9e9ce66d15f34ce8d21ef70894b760c,5f3a0f8d1accd25cb6cc08ad1c6e291aed6d238d620269102151016dbfaf569d,858f4d02d1ae30511dd1f38ffab347c85c06a4a25df4bedf901dc169c2847916,ffa5a59f49cf9099c50520cc95c548ad2d47883a472689dfb58ffc722a44d51e,bb331765f169503ad878223d54a6f45fd2bb6e289609ae671857e298384463a4,BOSS19_P4_REGIME_CLASSIFIER_V1,1.0.0,H3-C06-MAIN,MAIN,2023,EURUSD,H4,DEAL,RISK_OFF,RANGE,LOW,CLASSIFIED,2,2,0,0.04081633,6.08000000,6.08000000,0.00000000,,0.00000000,PARTITION_REALIZED_SEQUENCE,EXIT_TIME_MSC_THEN_SOURCE_DEAL_ID,,,UNAVAILABLE_FROM_SOURCE_BOUND_UNIT_PACKAGE,1.00000000,0,{},UNKNOWN,NO_PREDECLARED_NUMERIC_MAPPING_IN_CONTRACT,BASKET_UNAVAILABLE;SINGLE_YEAR_ABS_NET_GE_50PCT,COMPLETE,1,1,1,UNAVAILABLE_NO_SOURCE_BASKET_ID
BOSS19_P4B_REGIME_AFFINITY_V1,2026-09-02T17:30:00Z,1330a822ed66149ba07d693d8732ced5b9e9ce66d15f34ce8d21ef70894b760c,5f3a0f8d1accd25cb6cc08ad1c6e291aed6d238d620269102151016dbfaf569d,858f4d02d1ae30511dd1f38ffab347c85c06a4a25df4bedf901dc169c2847916,ffa5a59f49cf9099c50520cc95c548ad2d47883a472689dfb58ffc722a44d51e,bb331765f169503ad878223d54a6f45fd2bb6e289609ae671857e298384463a4,BOSS19_P4_REGIME_CLASSIFIER_V1,1.0.0,H3-C06-MAIN,MAIN,2023,EURUSD,H4,DEAL,RISK_OFF,RANGE,NORMAL,CLASSIFIED,6,6,0,0.12244898,54.85000000,54.85000000,0.00000000,,0.00000000,PARTITION_REALIZED_SEQUENCE,EXIT_TIME_MSC_THEN_SOURCE_DEAL_ID,,,UNAVAILABLE_FROM_SOURCE_BOUND_UNIT_PACKAGE,1.00000000,0,{},UNKNOWN,NO_PREDECLARED_NUMERIC_MAPPING_IN_CONTRACT,BASKET_UNAVAILABLE;SINGLE_YEAR_ABS_NET_GE_50PCT,COMPLETE,3,2,1,UNAVAILABLE_NO_SOURCE_BASKET_ID
BOSS19_P4B_REGIME_AFFINITY_V1,2026-09-02T17:30:00Z,1330a822ed66149ba07d693d8732ced5b9e9ce66d15f34ce8d21ef70894b760c,5f3a0f8d1accd25cb6cc08ad1c6e291aed6d238d620269102151016dbfaf569d,858f4d02d1ae30511dd1f38ffab347c85c06a4a25df4bedf901dc169c2847916,ffa5a59f49cf9099c50520cc95c548ad2d47883a472689dfb58ffc722a44d51e,bb331765f169503ad878223d54a6f45fd2bb6e289609ae671857e298384463a4,BOSS19_P4_REGIME_CLASSIFIER_V1,1.0.0,H3-C06-MAIN,MAIN,2023,EURUSD,H4,DEAL,RISK_OFF,TRANSITION,LOW,CLASSIFIED,1,1,0,0.02040816,2.57000000,2.57000000,0.00000000,,0.00000000,PARTITION_REALIZED_SEQUENCE,EXIT_TIME_MSC_THEN_SOURCE_DEAL_ID,,,UNAVAILABLE_FROM_SOURCE_BOUND_UNIT_PACKAGE,1.00000000,0,{},UNKNOWN,NO_PREDECLARED_NUMERIC_MAPPING_IN_CONTRACT,BASKET_UNAVAILABLE;SINGLE_YEAR_ABS_NET_GE_50PCT,COMPLETE,1,1,1,UNAVAILABLE_NO_SOURCE_BASKET_ID
BOSS19_P4B_REGIME_AFFINITY_V1,2026-09-02T17:30:00Z,1330a822ed66149ba07d693d8732ced5b9e9ce66d15f34ce8d21ef70894b760c,5f3a0f8d1accd25cb6cc08ad1c6e291aed6d238d620269102151016dbfaf569d,858f4d02d1ae30511dd1f38ffab347c85c06a4a25df4bedf901dc169c2847916,ffa5a59f49cf9099c50520cc95c548ad2d47883a472689dfb58ffc722a44d51e,bb331765f169503ad878223d54a6f45fd2bb6e289609ae671857e298384463a4,BOSS19_P4_REGIME_CLASSIFIER_V1,1.0.0,H3-C06-MAIN,MAIN,2023,EURUSD,H4,DEAL,RISK_OFF,TRANSITION,NORMAL,CLASSIFIED,3,3,0,0.06122449,8.87000000,8.87000000,0.00000000,,0.00000000,PARTITION_REALIZED_SEQUENCE,EXIT_TIME_MSC_THEN_SOURCE_DEAL_ID,,,UNAVAILABLE_FROM_SOURCE_BOUND_UNIT_PACKAGE,1.00000000,0,{},UNKNOWN,NO_PREDECLARED_NUMERIC_MAPPING_IN_CONTRACT,BASKET_UNAVAILABLE;SINGLE_YEAR_ABS_NET_GE_50PCT,COMPLETE,1,1,1,UNAVAILABLE_NO_SOURCE_BASKET_ID
BOSS19_P4B_REGIME_AFFINITY_V1,2026-09-02T17:30:00Z,1330a822ed66149ba07d693d8732ced5b9e9ce66d15f34ce8d21ef70894b760c,5f3a0f8d1accd25cb6cc08ad1c6e291aed6d238d620269102151016dbfaf569d,858f4d02d1ae30511dd1f38ffab347c85c06a4a25df4bedf901dc169c2847916,ffa5a59f49cf9099c50520cc95c548ad2d47883a472689dfb58ffc722a44d51e,bb331765f169503ad878223d54a6f45fd2bb6e289609ae671857e298384463a4,BOSS19_P4_REGIME_CLASSIFIER_V1,1.0.0,H3-C06-MAIN,MAIN,2023,EURUSD,H4,DEAL,RISK_OFF,TREND_DOWN,LOW,CLASSIFIED,3,3,0,0.06122449,8.10000000,8.10000000,0.00000000,,0.00000000,PARTITION_REALIZED_SEQUENCE,EXIT_TIME_MSC_THEN_SOURCE_DEAL_ID,,,UNAVAILABLE_FROM_SOURCE_BOUND_UNIT_PACKAGE,1.00000000,0,{},UNKNOWN,NO_PREDECLARED_NUMERIC_MAPPING_IN_CONTRACT,BASKET_UNAVAILABLE;SINGLE_YEAR_ABS_NET_GE_50PCT,COMPLETE,2,1,1,UNAVAILABLE_NO_SOURCE_BASKET_ID
BOSS19_P4B_REGIME_AFFINITY_V1,2026-09-02T17:30:00Z,1330a822ed66149ba07d693d8732ced5b9e9ce66d15f34ce8d21ef70894b760c,5f3a0f8d1accd25cb6cc08ad1c6e291aed6d238d620269102151016dbfaf569d,858f4d02d1ae30511dd1f38ffab347c85c06a4a25df4bedf901dc169c2847916,ffa5a59f49cf9099c50520cc95c548ad2d47883a472689dfb58ffc722a44d51e,bb331765f169503ad878223d54a6f45fd2bb6e289609ae671857e298384463a4,BOSS19_P4_REGIME_CLASSIFIER_V1,1.0.0,H3-C06-MAIN,MAIN,2023,EURUSD,H4,DEAL,RISK_OFF,TREND_UP,LOW,CLASSIFIED,1,1,0,0.02040816,13.99000000,13.99000000,0.00000000,,0.00000000,PARTITION_REALIZED_SEQUENCE,EXIT_TIME_MSC_THEN_SOURCE_DEAL_ID,,,UNAVAILABLE_FROM_SOURCE_BOUND_UNIT_PACKAGE,1.00000000,0,{},UNKNOWN,NO_PREDECLARED_NUMERIC_MAPPING_IN_CONTRACT,BASKET_UNAVAILABLE;SINGLE_YEAR_ABS_NET_GE_50PCT,COMPLETE,1,1,1,UNAVAILABLE_NO_SOURCE_BASKET_ID
BOSS19_P4B_REGIME_AFFINITY_V1,2026-09-02T17:30:00Z,1330a822ed66149ba07d693d8732ced5b9e9ce66d15f34ce8d21ef70894b760c,5f3a0f8d1accd25cb6cc08ad1c6e291aed6d238d620269102151016dbfaf569d,858f4d02d1ae30511dd1f38ffab347c85c06a4a25df4bedf901dc169c2847916,ffa5a59f49cf9099c50520cc95c548ad2d47883a472689dfb58ffc722a44d51e,bb331765f169503ad878223d54a6f45fd2bb6e289609ae671857e298384463a4,BOSS19_P4_REGIME_CLASSIFIER_V1,1.0.0,H3-C06-MAIN,MAIN,2023,EURUSD,H4,DEAL,RISK_ON,RANGE,LOW,CLASSIFIED,1,1,0,0.02040816,2.31000000,2.31000000,0.00000000,,0.00000000,PARTITION_REALIZED_SEQUENCE,EXIT_TIME_MSC_THEN_SOURCE_DEAL_ID,,,UNAVAILABLE_FROM_SOURCE_BOUND_UNIT_PACKAGE,1.00000000,0,{},UNKNOWN,NO_PREDECLARED_NUMERIC_MAPPING_IN_CONTRACT,BASKET_UNAVAILABLE;SINGLE_YEAR_ABS_NET_GE_50PCT,COMPLETE,1,1,1,UNAVAILABLE_NO_SOURCE_BASKET_ID
BOSS19_P4B_REGIME_AFFINITY_V1,2026-09-02T17:30:00Z,1330a822ed66149ba07d693d8732ced5b9e9ce66d15f34ce8d21ef70894b760c,5f3a0f8d1accd25cb6cc08ad1c6e291aed6d238d620269102151016dbfaf569d,858f4d02d1ae30511dd1f38ffab347c85c06a4a25df4bedf901dc169c2847916,ffa5a59f49cf9099c50520cc95c548ad2d47883a472689dfb58ffc722a44d51e,bb331765f169503ad878223d54a6f45fd2bb6e289609ae671857e298384463a4,BOSS19_P4_REGIME_CLASSIFIER_V1,1.0.0,H3-C06-MAIN,MAIN,2023,EURUSD,H4,DEAL,RISK_ON,RANGE,NORMAL,CLASSIFIED,2,2,0,0.04081633,5.28000000,5.28000000,0.00000000,,0.00000000,PARTITION_REALIZED_SEQUENCE,EXIT_TIME_MSC_THEN_SOURCE_DEAL_ID,,,UNAVAILABLE_FROM_SOURCE_BOUND_UNIT_PACKAGE,1.00000000,0,{},UNKNOWN,NO_PREDECLARED_NUMERIC_MAPPING_IN_CONTRACT,BASKET_UNAVAILABLE;SINGLE_YEAR_ABS_NET_GE_50PCT,COMPLETE,1,1,1,UNAVAILABLE_NO_SOURCE_BASKET_ID
BOSS19_P4B_REGIME_AFFINITY_V1,2026-09-02T17:30:00Z,1330a822ed66149ba07d693d8732ced5b9e9ce66d15f34ce8d21ef70894b760c,5f3a0f8d1accd25cb6cc08ad1c6e291aed6d238d620269102151016dbfaf569d,858f4d02d1ae30511dd1f38ffab347c85c06a4a25df4bedf901dc169c2847916,ffa5a59f49cf9099c50520cc95c548ad2d47883a472689dfb58ffc722a44d51e,bb331765f169503ad878223d54a6f45fd2bb6e289609ae671857e298384463a4,BOSS19_P4_REGIME_CLASSIFIER_V1,1.0.0,H3-C06-MAIN,MAIN,2024,EURUSD,H4,DEAL,NEUTRAL,RANGE,NORMAL,CLASSIFIED,2,2,0,0.04081633,4.54000000,4.54000000,0.00000000,,0.00000000,PARTITION_REALIZED_SEQUENCE,EXIT_TIME_MSC_THEN_SOURCE_DEAL_ID,,,UNAVAILABLE_FROM_SOURCE_BOUND_UNIT_PACKAGE,1.00000000,0,{},UNKNOWN,NO_PREDECLARED_NUMERIC_MAPPING_IN_CONTRACT,BASKET_UNAVAILABLE;SINGLE_YEAR_ABS_NET_GE_50PCT,COMPLETE,2,1,1,UNAVAILABLE_NO_SOURCE_BASKET_ID
BOSS19_P4B_REGIME_AFFINITY_V1,2026-09-02T17:30:00Z,1330a822ed66149ba07d693d8732ced5b9e9ce66d15f34ce8d21ef70894b760c,5f3a0f8d1accd25cb6cc08ad1c6e291aed6d238d620269102151016dbfaf569d,858f4d02d1ae30511dd1f38ffab347c85c06a4a25df4bedf901dc169c2847916,ffa5a59f49cf9099c50520cc95c548ad2d47883a472689dfb58ffc722a44d51e,bb331765f169503ad878223d54a6f45fd2bb6e289609ae671857e298384463a4,BOSS19_P4_REGIME_CLASSIFIER_V1,1.0.0,H3-C06-MAIN,MAIN,2024,EURUSD,H4,DEAL,NEUTRAL,TREND_UP,LOW,CLASSIFIED,3,3,0,0.06122449,-12.97000000,0.00000000,-12.97000000,0.00000000,12.97000000,PARTITION_REALIZED_SEQUENCE,EXIT_TIME_MSC_THEN_SOURCE_DEAL_ID,,,UNAVAILABLE_FROM_SOURCE_BOUND_UNIT_PACKAGE,1.00000000,0,{},UNKNOWN,NO_PREDECLARED_NUMERIC_MAPPING_IN_CONTRACT,BASKET_UNAVAILABLE;SINGLE_YEAR_ABS_NET_GE_50PCT,COMPLETE,2,1,1,UNAVAILABLE_NO_SOURCE_BASKET_ID
BOSS19_P4B_REGIME_AFFINITY_V1,2026-09-02T17:30:00Z,1330a822ed66149ba07d693d8732ced5b9e9ce66d15f34ce8d21ef70894b760c,5f3a0f8d1accd25cb6cc08ad1c6e291aed6d238d620269102151016dbfaf569d,858f4d02d1ae30511dd1f38ffab347c85c06a4a25df4bedf901dc169c2847916,ffa5a59f49cf9099c50520cc95c548ad2d47883a472689dfb58ffc722a44d51e,bb331765f169503ad878223d54a6f45fd2bb6e289609ae671857e298384463a4,BOSS19_P4_REGIME_CLASSIFIER_V1,1.0.0,H3-C06-MAIN,MAIN,2024,EURUSD,H4,DEAL,NEUTRAL,TREND_UP,NORMAL,CLASSIFIED,4,4,0,0.08163265,31.77000000,31.77000000,0.00000000,,0.00000000,PARTITION_REALIZED_SEQUENCE,EXIT_TIME_MSC_THEN_SOURCE_DEAL_ID,,,UNAVAILABLE_FROM_SOURCE_BOUND_UNIT_PACKAGE,1.00000000,0,{},UNKNOWN,NO_PREDECLARED_NUMERIC_MAPPING_IN_CONTRACT,BASKET_UNAVAILABLE;SINGLE_YEAR_ABS_NET_GE_50PCT,COMPLETE,2,1,1,UNAVAILABLE_NO_SOURCE_BASKET_ID
BOSS19_P4B_REGIME_AFFINITY_V1,2026-09-02T17:30:00Z,1330a822ed66149ba07d693d8732ced5b9e9ce66d15f34ce8d21ef70894b760c,5f3a0f8d1accd25cb6cc08ad1c6e291aed6d238d620269102151016dbfaf569d,858f4d02d1ae30511dd1f38ffab347c85c06a4a25df4bedf901dc169c2847916,ffa5a59f49cf9099c50520cc95c548ad2d47883a472689dfb58ffc722a44d51e,bb331765f169503ad878223d54a6f45fd2bb6e289609ae671857e298384463a4,BOSS19_P4_REGIME_CLASSIFIER_V1,1.0.0,H3-C06-MAIN,MAIN,2024,EURUSD,H4,DEAL,RISK_OFF,TREND_UP,NORMAL,CLASSIFIED,2,2,0,0.04081633,14.83000000,14.83000000,0.00000000,,0.00000000,PARTITION_REALIZED_SEQUENCE,EXIT_TIME_MSC_THEN_SOURCE_DEAL_ID,,,UNAVAILABLE_FROM_SOURCE_BOUND_UNIT_PACKAGE,1.00000000,0,{},UNKNOWN,NO_PREDECLARED_NUMERIC_MAPPING_IN_CONTRACT,BASKET_UNAVAILABLE;SINGLE_YEAR_ABS_NET_GE_50PCT,COMPLETE,2,1,1,UNAVAILABLE_NO_SOURCE_BASKET_ID
BOSS19_P4B_REGIME_AFFINITY_V1,2026-09-02T17:30:00Z,1330a822ed66149ba07d693d8732ced5b9e9ce66d15f34ce8d21ef70894b760c,5f3a0f8d1accd25cb6cc08ad1c6e291aed6d238d620269102151016dbfaf569d,858f4d02d1ae30511dd1f38ffab347c85c06a4a25df4bedf901dc169c2847916,ffa5a59f49cf9099c50520cc95c548ad2d47883a472689dfb58ffc722a44d51e,bb331765f169503ad878223d54a6f45fd2bb6e289609ae671857e298384463a4,BOSS19_P4_REGIME_CLASSIFIER_V1,1.0.0,H3-C06-MAIN,MAIN,2024,EURUSD,H4,DEAL,RISK_ON,RANGE,LOW,CLASSIFIED,1,1,0,0.02040816,10.11000000,10.11000000,0.00000000,,0.00000000,PARTITION_REALIZED_SEQUENCE,EXIT_TIME_MSC_THEN_SOURCE_DEAL_ID,,,UNAVAILABLE_FROM_SOURCE_BOUND_UNIT_PACKAGE,1.00000000,0,{},UNKNOWN,NO_PREDECLARED_NUMERIC_MAPPING_IN_CONTRACT,BASKET_UNAVAILABLE;SINGLE_YEAR_ABS_NET_GE_50PCT,COMPLETE,1,1,1,UNAVAILABLE_NO_SOURCE_BASKET_ID
BOSS19_P4B_REGIME_AFFINITY_V1,2026-09-02T17:30:00Z,1330a822ed66149ba07d693d8732ced5b9e9ce66d15f34ce8d21ef70894b760c,5f3a0f8d1accd25cb6cc08ad1c6e291aed6d238d620269102151016dbfaf569d,858f4d02d1ae30511dd1f38ffab347c85c06a4a25df4bedf901dc169c2847916,ffa5a59f49cf9099c50520cc95c548ad2d47883a472689dfb58ffc722a44d51e,bb331765f169503ad878223d54a6f45fd2bb6e289609ae671857e298384463a4,BOSS19_P4_REGIME_CLASSIFIER_V1,1.0.0,H3-C06-MAIN,MAIN,2024,EURUSD,H4,DEAL,RISK_ON,TRANSITION,LOW,CLASSIFIED,2,2,0,0.04081633,21.33000000,21.33000000,0.00000000,,0.00000000,PARTITION_REALIZED_SEQUENCE,EXIT_TIME_MSC_THEN_SOURCE_DEAL_ID,,,UNAVAILABLE_FROM_SOURCE_BOUND_UNIT_PACKAGE,1.00000000,0,{},UNKNOWN,NO_PREDECLARED_NUMERIC_MAPPING_IN_CONTRACT,BASKET_UNAVAILABLE;SINGLE_YEAR_ABS_NET_GE_50PCT,COMPLETE,1,1,1,UNAVAILABLE_NO_SOURCE_BASKET_ID
BOSS19_P4B_REGIME_AFFINITY_V1,2026-09-02T17:30:00Z,1330a822ed66149ba07d693d8732ced5b9e9ce66d15f34ce8d21ef70894b760c,5f3a0f8d1accd25cb6cc08ad1c6e291aed6d238d620269102151016dbfaf569d,858f4d02d1ae30511dd1f38ffab347c85c06a4a25df4bedf901dc169c2847916,ffa5a59f49cf9099c50520cc95c548ad2d47883a472689dfb58ffc722a44d51e,bb331765f169503ad878223d54a6f45fd2bb6e289609ae671857e298384463a4,BOSS19_P4_REGIME_CLASSIFIER_V1,1.0.0,H3-C06-MAIN,MAIN,2025,EURUSD,H4,DEAL,NEUTRAL,TREND_UP,NORMAL,CLASSIFIED,4,4,0,0.08163265,33.95000000,52.48000000,-18.53000000,2.83216406,18.53000000,PARTITION_REALIZED_SEQUENCE,EXIT_TIME_MSC_THEN_SOURCE_DEAL_ID,,,UNAVAILABLE_FROM_SOURCE_BOUND_UNIT_PACKAGE,1.00000000,0,{},UNKNOWN,NO_PREDECLARED_NUMERIC_MAPPING_IN_CONTRACT,BASKET_UNAVAILABLE;SINGLE_YEAR_ABS_NET_GE_50PCT,COMPLETE,3,2,1,UNAVAILABLE_NO_SOURCE_BASKET_ID
BOSS19_P4B_REGIME_AFFINITY_V1,2026-09-02T17:30:00Z,1330a822ed66149ba07d693d8732ced5b9e9ce66d15f34ce8d21ef70894b760c,5f3a0f8d1accd25cb6cc08ad1c6e291aed6d238d620269102151016dbfaf569d,858f4d02d1ae30511dd1f38ffab347c85c06a4a25df4bedf901dc169c2847916,ffa5a59f49cf9099c50520cc95c548ad2d47883a472689dfb58ffc722a44d51e,bb331765f169503ad878223d54a6f45fd2bb6e289609ae671857e298384463a4,BOSS19_P4_REGIME_CLASSIFIER_V1,1.0.0,H3-C06-MAIN,MAIN,2025,EURUSD,H4,DEAL,STRESS,TREND_UP,EXTREME,CLASSIFIED,3,3,0,0.06122449,39.37000000,39.37000000,0.00000000,,0.00000000,PARTITION_REALIZED_SEQUENCE,EXIT_TIME_MSC_THEN_SOURCE_DEAL_ID,,,UNAVAILABLE_FROM_SOURCE_BOUND_UNIT_PACKAGE,1.00000000,0,{},UNKNOWN,NO_PREDECLARED_NUMERIC_MAPPING_IN_CONTRACT,BASKET_UNAVAILABLE;SINGLE_YEAR_ABS_NET_GE_50PCT,COMPLETE,1,1,1,UNAVAILABLE_NO_SOURCE_BASKET_ID
BOSS19_P4B_REGIME_AFFINITY_V1,2026-09-02T17:30:00Z,1330a822ed66149ba07d693d8732ced5b9e9ce66d15f34ce8d21ef70894b760c,5f3a0f8d1accd25cb6cc08ad1c6e291aed6d238d620269102151016dbfaf569d,858f4d02d1ae30511dd1f38ffab347c85c06a4a25df4bedf901dc169c2847916,ffa5a59f49cf9099c50520cc95c548ad2d47883a472689dfb58ffc722a44d51e,bb331765f169503ad878223d54a6f45fd2bb6e289609ae671857e298384463a4,BOSS19_P4_REGIME_CLASSIFIER_V1,1.0.0,H3-C07-BWD,BWD,2020,GBPUSD,M15,DEAL,NEUTRAL,RANGE,EXTREME,CLASSIFIED,1,1,0,0.08333333,18.29000000,18.29000000,0.00000000,,0.00000000,PARTITION_REALIZED_SEQUENCE,EXIT_TIME_MSC_THEN_SOURCE_DEAL_ID,,,UNAVAILABLE_FROM_SOURCE_BOUND_UNIT_PACKAGE,1.00000000,0,{},UNKNOWN,NO_PREDECLARED_NUMERIC_MAPPING_IN_CONTRACT,BASKET_UNAVAILABLE;SHORT_CALENDAR_SPAN;SINGLE_TUPLE_ABS_NET_GE_50PCT;SINGLE_YEAR_ABS_NET_GE_50PCT,COMPLETE,1,1,1,UNAVAILABLE_NO_SOURCE_BASKET_ID
BOSS19_P4B_REGIME_AFFINITY_V1,2026-09-02T17:30:00Z,1330a822ed66149ba07d693d8732ced5b9e9ce66d15f34ce8d21ef70894b760c,5f3a0f8d1accd25cb6cc08ad1c6e291aed6d238d620269102151016dbfaf569d,858f4d02d1ae30511dd1f38ffab347c85c06a4a25df4bedf901dc169c2847916,ffa5a59f49cf9099c50520cc95c548ad2d47883a472689dfb58ffc722a44d51e,bb331765f169503ad878223d54a6f45fd2bb6e289609ae671857e298384463a4,BOSS19_P4_REGIME_CLASSIFIER_V1,1.0.0,H3-C07-BWD,BWD,2020,GBPUSD,M15,DEAL,NEUTRAL,TRANSITION,NORMAL,CLASSIFIED,1,1,0,0.08333333,14.38000000,14.38000000,0.00000000,,0.00000000,PARTITION_REALIZED_SEQUENCE,EXIT_TIME_MSC_THEN_SOURCE_DEAL_ID,,,UNAVAILABLE_FROM_SOURCE_BOUND_UNIT_PACKAGE,1.00000000,0,{},UNKNOWN,NO_PREDECLARED_NUMERIC_MAPPING_IN_CONTRACT,BASKET_UNAVAILABLE;SHORT_CALENDAR_SPAN;SINGLE_TUPLE_ABS_NET_GE_50PCT;SINGLE_YEAR_ABS_NET_GE_50PCT,COMPLETE,1,1,1,UNAVAILABLE_NO_SOURCE_BASKET_ID
BOSS19_P4B_REGIME_AFFINITY_V1,2026-09-02T17:30:00Z,1330a822ed66149ba07d693d8732ced5b9e9ce66d15f34ce8d21ef70894b760c,5f3a0f8d1accd25cb6cc08ad1c6e291aed6d238d620269102151016dbfaf569d,858f4d02d1ae30511dd1f38ffab347c85c06a4a25df4bedf901dc169c2847916,ffa5a59f49cf9099c50520cc95c548ad2d47883a472689dfb58ffc722a44d51e,bb331765f169503ad878223d54a6f45fd2bb6e289609ae671857e298384463a4,BOSS19_P4_REGIME_CLASSIFIER_V1,1.0.0,H3-C07-BWD,BWD,2020,GBPUSD,M15,DEAL,NEUTRAL,TREND_UP,HIGH,CLASSIFIED,1,1,0,0.08333333,11.02000000,11.02000000,0.00000000,,0.00000000,PARTITION_REALIZED_SEQUENCE,EXIT_TIME_MSC_THEN_SOURCE_DEAL_ID,,,UNAVAILABLE_FROM_SOURCE_BOUND_UNIT_PACKAGE,1.00000000,0,{},UNKNOWN,NO_PREDECLARED_NUMERIC_MAPPING_IN_CONTRACT,BASKET_UNAVAILABLE;SHORT_CALENDAR_SPAN;SINGLE_TUPLE_ABS_NET_GE_50PCT;SINGLE_YEAR_ABS_NET_GE_50PCT,COMPLETE,1,1,1,UNAVAILABLE_NO_SOURCE_BASKET_ID
BOSS19_P4B_REGIME_AFFINITY_V1,2026-09-02T17:30:00Z,1330a822ed66149ba07d693d8732ced5b9e9ce66d15f34ce8d21ef70894b760c,5f3a0f8d1accd25cb6cc08ad1c6e291aed6d238d620269102151016dbfaf569d,858f4d02d1ae30511dd1f38ffab347c85c06a4a25df4bedf901dc169c2847916,ffa5a59f49cf9099c50520cc95c548ad2d47883a472689dfb58ffc722a44d51e,bb331765f169503ad878223d54a6f45fd2bb6e289609ae671857e298384463a4,BOSS19_P4_REGIME_CLASSIFIER_V1,1.0.0,H3-C07-BWD,BWD,2020,GBPUSD,M15,DEAL,NEUTRAL,TREND_UP,NORMAL,CLASSIFIED,2,2,0,0.16666667,30.18000000,30.18000000,0.00000000,,0.00000000,PARTITION_REALIZED_SEQUENCE,EXIT_TIME_MSC_THEN_SOURCE_DEAL_ID,,,UNAVAILABLE_FROM_SOURCE_BOUND_UNIT_PACKAGE,1.00000000,0,{},UNKNOWN,NO_PREDECLARED_NUMERIC_MAPPING_IN_CONTRACT,BASKET_UNAVAILABLE;SHORT_CALENDAR_SPAN;SINGLE_TUPLE_ABS_NET_GE_50PCT;SINGLE_YEAR_ABS_NET_GE_50PCT,COMPLETE,2,2,1,UNAVAILABLE_NO_SOURCE_BASKET_ID
BOSS19_P4B_REGIME_AFFINITY_V1,2026-09-02T17:30:00Z,1330a822ed66149ba07d693d8732ced5b9e9ce66d15f34ce8d21ef70894b760c,5f3a0f8d1accd25cb6cc08ad1c6e291aed6d238d620269102151016dbfaf569d,858f4d02d1ae30511dd1f38ffab347c85c06a4a25df4bedf901dc169c2847916,ffa5a59f49cf9099c50520cc95c548ad2d47883a472689dfb58ffc722a44d51e,bb331765f169503ad878223d54a6f45fd2bb6e289609ae671857e298384463a4,BOSS19_P4_REGIME_CLASSIFIER_V1,1.0.0,H3-C07-BWD,BWD,2021,GBPUSD,M15,DEAL,NEUTRAL,TREND_UP,LOW,CLASSIFIED,4,4,0,0.33333333,70.25000000,70.25000000,0.00000000,,0.00000000,PARTITION_REALIZED_SEQUENCE,EXIT_TIME_MSC_THEN_SOURCE_DEAL_ID,,,UNAVAILABLE_FROM_SOURCE_BOUND_UNIT_PACKAGE,1.00000000,0,{},UNKNOWN,NO_PREDECLARED_NUMERIC_MAPPING_IN_CONTRACT,BASKET_UNAVAILABLE;SHORT_CALENDAR_SPAN;SINGLE_TUPLE_ABS_NET_GE_50PCT;SINGLE_YEAR_ABS_NET_GE_50PCT,COMPLETE,4,1,1,UNAVAILABLE_NO_SOURCE_BASKET_ID
BOSS19_P4B_REGIME_AFFINITY_V1,2026-09-02T17:30:00Z,1330a822ed66149ba07d693d8732ced5b9e9ce66d15f34ce8d21ef70894b760c,5f3a0f8d1accd25cb6cc08ad1c6e291aed6d238d620269102151016dbfaf569d,858f4d02d1ae30511dd1f38ffab347c85c06a4a25df4bedf901dc169c2847916,ffa5a59f49cf9099c50520cc95c548ad2d47883a472689dfb58ffc722a44d51e,bb331765f169503ad878223d54a6f45fd2bb6e289609ae671857e298384463a4,BOSS19_P4_REGIME_CLASSIFIER_V1,1.0.0,H3-C07-BWD,BWD,2021,GBPUSD,M15,DEAL,NEUTRAL,TREND_UP,NORMAL,CLASSIFIED,3,3,0,0.25000000,-432.00000000,14.92000000,-446.92000000,0.03338405,446.92000000,PARTITION_REALIZED_SEQUENCE,EXIT_TIME_MSC_THEN_SOURCE_DEAL_ID,,,UNAVAILABLE_FROM_SOURCE_BOUND_UNIT_PACKAGE,1.00000000,0,{},UNKNOWN,NO_PREDECLARED_NUMERIC_MAPPING_IN_CONTRACT,BASKET_UNAVAILABLE;SHORT_CALENDAR_SPAN;SINGLE_TUPLE_ABS_NET_GE_50PCT;SINGLE_YEAR_ABS_NET_GE_50PCT,COMPLETE,2,1,1,UNAVAILABLE_NO_SOURCE_BASKET_ID
BOSS19_P4B_REGIME_AFFINITY_V1,2026-09-02T17:30:00Z,1330a822ed66149ba07d693d8732ced5b9e9ce66d15f34ce8d21ef70894b760c,5f3a0f8d1accd25cb6cc08ad1c6e291aed6d238d620269102151016dbfaf569d,858f4d02d1ae30511dd1f38ffab347c85c06a4a25df4bedf901dc169c2847916,ffa5a59f49cf9099c50520cc95c548ad2d47883a472689dfb58ffc722a44d51e,bb331765f169503ad878223d54a6f45fd2bb6e289609ae671857e298384463a4,BOSS19_P4_REGIME_CLASSIFIER_V1,1.0.0,H3-C07-MAIN,MAIN,2023,GBPUSD,M15,DEAL,NEUTRAL,RANGE,NORMAL,CLASSIFIED,2,2,0,0.07692308,29.75000000,29.75000000,0.00000000,,0.00000000,PARTITION_REALIZED_SEQUENCE,EXIT_TIME_MSC_THEN_SOURCE_DEAL_ID,,,UNAVAILABLE_FROM_SOURCE_BOUND_UNIT_PACKAGE,1.00000000,0,{},UNKNOWN,NO_PREDECLARED_NUMERIC_MAPPING_IN_CONTRACT,BASKET_UNAVAILABLE;SINGLE_YEAR_ABS_NET_GE_50PCT,COMPLETE,2,2,1,UNAVAILABLE_NO_SOURCE_BASKET_ID
BOSS19_P4B_REGIME_AFFINITY_V1,2026-09-02T17:30:00Z,1330a822ed66149ba07d693d8732ced5b9e9ce66d15f34ce8d21ef70894b760c,5f3a0f8d1accd25cb6cc08ad1c6e291aed6d238d620269102151016dbfaf569d,858f4d02d1ae30511dd1f38ffab347c85c06a4a25df4bedf901dc169c2847916,ffa5a59f49cf9099c50520cc95c548ad2d47883a472689dfb58ffc722a44d51e,bb331765f169503ad878223d54a6f45fd2bb6e289609ae671857e298384463a4,BOSS19_P4_REGIME_CLASSIFIER_V1,1.0.0,H3-C07-MAIN,MAIN,2023,GBPUSD,M15,DEAL,NEUTRAL,TREND_UP,NORMAL,CLASSIFIED,5,5,0,0.19230769,70.33000000,70.33000000,0.00000000,,0.00000000,PARTITION_REALIZED_SEQUENCE,EXIT_TIME_MSC_THEN_SOURCE_DEAL_ID,,,UNAVAILABLE_FROM_SOURCE_BOUND_UNIT_PACKAGE,1.00000000,0,{},UNKNOWN,NO_PREDECLARED_NUMERIC_MAPPING_IN_CONTRACT,BASKET_UNAVAILABLE;SINGLE_YEAR_ABS_NET_GE_50PCT,COMPLETE,4,3,1,UNAVAILABLE_NO_SOURCE_BASKET_ID
BOSS19_P4B_REGIME_AFFINITY_V1,2026-09-02T17:30:00Z,1330a822ed66149ba07d693d8732ced5b9e9ce66d15f34ce8d21ef70894b760c,5f3a0f8d1accd25cb6cc08ad1c6e291aed6d238d620269102151016dbfaf569d,858f4d02d1ae30511dd1f38ffab347c85c06a4a25df4bedf901dc169c2847916,ffa5a59f49cf9099c50520cc95c548ad2d47883a472689dfb58ffc722a44d51e,bb331765f169503ad878223d54a6f45fd2bb6e289609ae671857e298384463a4,BOSS19_P4_REGIME_CLASSIFIER_V1,1.0.0,H3-C07-MAIN,MAIN,2023,GBPUSD,M15,DEAL,RISK_OFF,RANGE,LOW,CLASSIFIED,1,1,0,0.03846154,2.71000000,2.71000000,0.00000000,,0.00000000,PARTITION_REALIZED_SEQUENCE,EXIT_TIME_MSC_THEN_SOURCE_DEAL_ID,,,UNAVAILABLE_FROM_SOURCE_BOUND_UNIT_PACKAGE,1.00000000,0,{},UNKNOWN,NO_PREDECLARED_NUMERIC_MAPPING_IN_CONTRACT,BASKET_UNAVAILABLE;SINGLE_YEAR_ABS_NET_GE_50PCT,COMPLETE,1,1,1,UNAVAILABLE_NO_SOURCE_BASKET_ID
BOSS19_P4B_REGIME_AFFINITY_V1,2026-09-02T17:30:00Z,1330a822ed66149ba07d693d8732ced5b9e9ce66d15f34ce8d21ef70894b760c,5f3a0f8d1accd25cb6cc08ad1c6e291aed6d238d620269102151016dbfaf569d,858f4d02d1ae30511dd1f38ffab347c85c06a4a25df4bedf901dc169c2847916,ffa5a59f49cf9099c50520cc95c548ad2d47883a472689dfb58ffc722a44d51e,bb331765f169503ad878223d54a6f45fd2bb6e289609ae671857e298384463a4,BOSS19_P4_REGIME_CLASSIFIER_V1,1.0.0,H3-C07-MAIN,MAIN,2023,GBPUSD,M15,DEAL,RISK_OFF,RANGE,NORMAL,CLASSIFIED,2,2,0,0.07692308,41.87000000,41.87000000,0.00000000,,0.00000000,PARTITION_REALIZED_SEQUENCE,EXIT_TIME_MSC_THEN_SOURCE_DEAL_ID,,,UNAVAILABLE_FROM_SOURCE_BOUND_UNIT_PACKAGE,1.00000000,0,{},UNKNOWN,NO_PREDECLARED_NUMERIC_MAPPING_IN_CONTRACT,BASKET_UNAVAILABLE;SINGLE_YEAR_ABS_NET_GE_50PCT,COMPLETE,1,1,1,UNAVAILABLE_NO_SOURCE_BASKET_ID
BOSS19_P4B_REGIME_AFFINITY_V1,2026-09-02T17:30:00Z,1330a822ed66149ba07d693d8732ced5b9e9ce66d15f34ce8d21ef70894b760c,5f3a0f8d1accd25cb6cc08ad1c6e291aed6d238d620269102151016dbfaf569d,858f4d02d1ae30511dd1f38ffab347c85c06a4a25df4bedf901dc169c2847916,ffa5a59f49cf9099c50520cc95c548ad2d47883a472689dfb58ffc722a44d51e,bb331765f169503ad878223d54a6f45fd2bb6e289609ae671857e298384463a4,BOSS19_P4_REGIME_CLASSIFIER_V1,1.0.0,H3-C07-MAIN,MAIN,2023,GBPUSD,M15,DEAL,RISK_OFF,TREND_UP,LOW,CLASSIFIED,2,2,0,0.07692308,26.47000000,26.47000000,0.00000000,,0.00000000,PARTITION_REALIZED_SEQUENCE,EXIT_TIME_MSC_THEN_SOURCE_DEAL_ID,,,UNAVAILABLE_FROM_SOURCE_BOUND_UNIT_PACKAGE,1.00000000,0,{},UNKNOWN,NO_PREDECLARED_NUMERIC_MAPPING_IN_CONTRACT,BASKET_UNAVAILABLE;SINGLE_YEAR_ABS_NET_GE_50PCT,COMPLETE,1,1,1,UNAVAILABLE_NO_SOURCE_BASKET_ID
BOSS19_P4B_REGIME_AFFINITY_V1,2026-09-02T17:30:00Z,1330a822ed66149ba07d693d8732ced5b9e9ce66d15f34ce8d21ef70894b760c,5f3a0f8d1accd25cb6cc08ad1c6e291aed6d238d620269102151016dbfaf569d,858f4d02d1ae30511dd1f38ffab347c85c06a4a25df4bedf901dc169c2847916,ffa5a59f49cf9099c50520cc95c548ad2d47883a472689dfb58ffc722a44d51e,bb331765f169503ad878223d54a6f45fd2bb6e289609ae671857e298384463a4,BOSS19_P4_REGIME_CLASSIFIER_V1,1.0.0,H3-C07-MAIN,MAIN,2023,GBPUSD,M15,DEAL,RISK_ON,TREND_UP,LOW,CLASSIFIED,1,1,0,0.03846154,14.31000000,14.31000000,0.00000000,,0.00000000,PARTITION_REALIZED_SEQUENCE,EXIT_TIME_MSC_THEN_SOURCE_DEAL_ID,,,UNAVAILABLE_FROM_SOURCE_BOUND_UNIT_PACKAGE,1.00000000,0,{},UNKNOWN,NO_PREDECLARED_NUMERIC_MAPPING_IN_CONTRACT,BASKET_UNAVAILABLE;SINGLE_YEAR_ABS_NET_GE_50PCT,COMPLETE,1,1,1,UNAVAILABLE_NO_SOURCE_BASKET_ID
BOSS19_P4B_REGIME_AFFINITY_V1,2026-09-02T17:30:00Z,1330a822ed66149ba07d693d8732ced5b9e9ce66d15f34ce8d21ef70894b760c,5f3a0f8d1accd25cb6cc08ad1c6e291aed6d238d620269102151016dbfaf569d,858f4d02d1ae30511dd1f38ffab347c85c06a4a25df4bedf901dc169c2847916,ffa5a59f49cf9099c50520cc95c548ad2d47883a472689dfb58ffc722a44d51e,bb331765f169503ad878223d54a6f45fd2bb6e289609ae671857e298384463a4,BOSS19_P4_REGIME_CLASSIFIER_V1,1.0.0,H3-C07-MAIN,MAIN,2023,GBPUSD,M15,DEAL,RISK_ON,TREND_UP,NORMAL,CLASSIFIED,1,1,0,0.03846154,14.15000000,14.15000000,0.00000000,,0.00000000,PARTITION_REALIZED_SEQUENCE,EXIT_TIME_MSC_THEN_SOURCE_DEAL_ID,,,UNAVAILABLE_FROM_SOURCE_BOUND_UNIT_PACKAGE,1.00000000,0,{},UNKNOWN,NO_PREDECLARED_NUMERIC_MAPPING_IN_CONTRACT,BASKET_UNAVAILABLE;SINGLE_YEAR_ABS_NET_GE_50PCT,COMPLETE,1,1,1,UNAVAILABLE_NO_SOURCE_BASKET_ID
BOSS19_P4B_REGIME_AFFINITY_V1,2026-09-02T17:30:00Z,1330a822ed66149ba07d693d8732ced5b9e9ce66d15f34ce8d21ef70894b760c,5f3a0f8d1accd25cb6cc08ad1c6e291aed6d238d620269102151016dbfaf569d,858f4d02d1ae30511dd1f38ffab347c85c06a4a25df4bedf901dc169c2847916,ffa5a59f49cf9099c50520cc95c548ad2d47883a472689dfb58ffc722a44d51e,bb331765f169503ad878223d54a6f45fd2bb6e289609ae671857e298384463a4,BOSS19_P4_REGIME_CLASSIFIER_V1,1.0.0,H3-C07-MAIN,MAIN,2024,GBPUSD,M15,DEAL,NEUTRAL,RANGE,EXTREME,CLASSIFIED,1,1,0,0.03846154,2.59000000,2.59000000,0.00000000,,0.00000000,PARTITION_REALIZED_SEQUENCE,EXIT_TIME_MSC_THEN_SOURCE_DEAL_ID,,,UNAVAILABLE_FROM_SOURCE_BOUND_UNIT_PACKAGE,1.00000000,0,{},UNKNOWN,NO_PREDECLARED_NUMERIC_MAPPING_IN_CONTRACT,BASKET_UNAVAILABLE;SINGLE_YEAR_ABS_NET_GE_50PCT,COMPLETE,1,1,1,UNAVAILABLE_NO_SOURCE_BASKET_ID
BOSS19_P4B_REGIME_AFFINITY_V1,2026-09-02T17:30:00Z,1330a822ed66149ba07d693d8732ced5b9e9ce66d15f34ce8d21ef70894b760c,5f3a0f8d1accd25cb6cc08ad1c6e291aed6d238d620269102151016dbfaf569d,858f4d02d1ae30511dd1f38ffab347c85c06a4a25df4bedf901dc169c2847916,ffa5a59f49cf9099c50520cc95c548ad2d47883a472689dfb58ffc722a44d51e,bb331765f169503ad878223d54a6f45fd2bb6e289609ae671857e298384463a4,BOSS19_P4_REGIME_CLASSIFIER_V1,1.0.0,H3-C07-MAIN,MAIN,2024,GBPUSD,M15,DEAL,NEUTRAL,RANGE,NORMAL,CLASSIFIED,1,1,0,0.03846154,12.16000000,12.16000000,0.00000000,,0.00000000,PARTITION_REALIZED_SEQUENCE,EXIT_TIME_MSC_THEN_SOURCE_DEAL_ID,,,UNAVAILABLE_FROM_SOURCE_BOUND_UNIT_PACKAGE,1.00000000,0,{},UNKNOWN,NO_PREDECLARED_NUMERIC_MAPPING_IN_CONTRACT,BASKET_UNAVAILABLE;SINGLE_YEAR_ABS_NET_GE_50PCT,COMPLETE,1,1,1,UNAVAILABLE_NO_SOURCE_BASKET_ID
BOSS19_P4B_REGIME_AFFINITY_V1,2026-09-02T17:30:00Z,1330a822ed66149ba07d693d8732ced5b9e9ce66d15f34ce8d21ef70894b760c,5f3a0f8d1accd25cb6cc08ad1c6e291aed6d238d620269102151016dbfaf569d,858f4d02d1ae30511dd1f38ffab347c85c06a4a25df4bedf901dc169c2847916,ffa5a59f49cf9099c50520cc95c548ad2d47883a472689dfb58ffc722a44d51e,bb331765f169503ad878223d54a6f45fd2bb6e289609ae671857e298384463a4,BOSS19_P4_REGIME_CLASSIFIER_V1,1.0.0,H3-C07-MAIN,MAIN,2024,GBPUSD,M15,DEAL,NEUTRAL,TREND_DOWN,HIGH,CLASSIFIED,1,1,0,0.03846154,2.83000000,2.83000000,0.00000000,,0.00000000,PARTITION_REALIZED_SEQUENCE,EXIT_TIME_MSC_THEN_SOURCE_DEAL_ID,,,UNAVAILABLE_FROM_SOURCE_BOUND_UNIT_PACKAGE,1.00000000,0,{},UNKNOWN,NO_PREDECLARED_NUMERIC_MAPPING_IN_CONTRACT,BASKET_UNAVAILABLE;SINGLE_YEAR_ABS_NET_GE_50PCT,COMPLETE,1,1,1,UNAVAILABLE_NO_SOURCE_BASKET_ID
BOSS19_P4B_REGIME_AFFINITY_V1,2026-09-02T17:30:00Z,1330a822ed66149ba07d693d8732ced5b9e9ce66d15f34ce8d21ef70894b760c,5f3a0f8d1accd25cb6cc08ad1c6e291aed6d238d620269102151016dbfaf569d,858f4d02d1ae30511dd1f38ffab347c85c06a4a25df4bedf901dc169c2847916,ffa5a59f49cf9099c50520cc95c548ad2d47883a472689dfb58ffc722a44d51e,bb331765f169503ad878223d54a6f45fd2bb6e289609ae671857e298384463a4,BOSS19_P4_REGIME_CLASSIFIER_V1,1.0.0,H3-C07-MAIN,MAIN,2024,GBPUSD,M15,DEAL,RISK_OFF,RANGE,NORMAL,CLASSIFIED,2,2,0,0.07692308,17.80000000,17.80000000,0.00000000,,0.00000000,PARTITION_REALIZED_SEQUENCE,EXIT_TIME_MSC_THEN_SOURCE_DEAL_ID,,,UNAVAILABLE_FROM_SOURCE_BOUND_UNIT_PACKAGE,1.00000000,0,{},UNKNOWN,NO_PREDECLARED_NUMERIC_MAPPING_IN_CONTRACT,BASKET_UNAVAILABLE;SINGLE_YEAR_ABS_NET_GE_50PCT,COMPLETE,2,2,1,UNAVAILABLE_NO_SOURCE_BASKET_ID
BOSS19_P4B_REGIME_AFFINITY_V1,2026-09-02T17:30:00Z,1330a822ed66149ba07d693d8732ced5b9e9ce66d15f34ce8d21ef70894b760c,5f3a0f8d1accd25cb6cc08ad1c6e291aed6d238d620269102151016dbfaf569d,858f4d02d1ae30511dd1f38ffab347c85c06a4a25df4bedf901dc169c2847916,ffa5a59f49cf9099c50520cc95c548ad2d47883a472689dfb58ffc722a44d51e,bb331765f169503ad878223d54a6f45fd2bb6e289609ae671857e298384463a4,BOSS19_P4_REGIME_CLASSIFIER_V1,1.0.0,H3-C07-MAIN,MAIN,2024,GBPUSD,M15,DEAL,RISK_OFF,TREND_UP,EXTREME,CLASSIFIED,2,2,0,0.07692308,34.03000000,34.03000000,0.00000000,,0.00000000,PARTITION_REALIZED_SEQUENCE,EXIT_TIME_MSC_THEN_SOURCE_DEAL_ID,,,UNAVAILABLE_FROM_SOURCE_BOUND_UNIT_PACKAGE,1.00000000,0,{},UNKNOWN,NO_PREDECLARED_NUMERIC_MAPPING_IN_CONTRACT,BASKET_UNAVAILABLE;SINGLE_YEAR_ABS_NET_GE_50PCT,COMPLETE,1,1,1,UNAVAILABLE_NO_SOURCE_BASKET_ID
BOSS19_P4B_REGIME_AFFINITY_V1,2026-09-02T17:30:00Z,1330a822ed66149ba07d693d8732ced5b9e9ce66d15f34ce8d21ef70894b760c,5f3a0f8d1accd25cb6cc08ad1c6e291aed6d238d620269102151016dbfaf569d,858f4d02d1ae30511dd1f38ffab347c85c06a4a25df4bedf901dc169c2847916,ffa5a59f49cf9099c50520cc95c548ad2d47883a472689dfb58ffc722a44d51e,bb331765f169503ad878223d54a6f45fd2bb6e289609ae671857e298384463a4,BOSS19_P4_REGIME_CLASSIFIER_V1,1.0.0,H3-C07-MAIN,MAIN,2025,GBPUSD,M15,DEAL,NEUTRAL,TREND_UP,NORMAL,CLASSIFIED,1,1,0,0.03846154,-31.39000000,0.00000000,-31.39000000,0.00000000,31.39000000,PARTITION_REALIZED_SEQUENCE,EXIT_TIME_MSC_THEN_SOURCE_DEAL_ID,,,UNAVAILABLE_FROM_SOURCE_BOUND_UNIT_PACKAGE,1.00000000,0,{},UNKNOWN,NO_PREDECLARED_NUMERIC_MAPPING_IN_CONTRACT,BASKET_UNAVAILABLE;SINGLE_YEAR_ABS_NET_GE_50PCT,COMPLETE,1,1,1,UNAVAILABLE_NO_SOURCE_BASKET_ID
BOSS19_P4B_REGIME_AFFINITY_V1,2026-09-02T17:30:00Z,1330a822ed66149ba07d693d8732ced5b9e9ce66d15f34ce8d21ef70894b760c,5f3a0f8d1accd25cb6cc08ad1c6e291aed6d238d620269102151016dbfaf569d,858f4d02d1ae30511dd1f38ffab347c85c06a4a25df4bedf901dc169c2847916,ffa5a59f49cf9099c50520cc95c548ad2d47883a472689dfb58ffc722a44d51e,bb331765f169503ad878223d54a6f45fd2bb6e289609ae671857e298384463a4,BOSS19_P4_REGIME_CLASSIFIER_V1,1.0.0,H3-C07-MAIN,MAIN,2025,GBPUSD,M15,DEAL,RISK_OFF,TREND_UP,NORMAL,CLASSIFIED,4,4,0,0.15384615,71.72000000,71.72000000,0.00000000,,0.00000000,PARTITION_REALIZED_SEQUENCE,EXIT_TIME_MSC_THEN_SOURCE_DEAL_ID,,,UNAVAILABLE_FROM_SOURCE_BOUND_UNIT_PACKAGE,1.00000000,0,{},UNKNOWN,NO_PREDECLARED_NUMERIC_MAPPING_IN_CONTRACT,BASKET_UNAVAILABLE;SINGLE_YEAR_ABS_NET_GE_50PCT,COMPLETE,2,2,1,UNAVAILABLE_NO_SOURCE_BASKET_ID
BOSS19_P4B_REGIME_AFFINITY_V1,2026-09-02T17:30:00Z,1330a822ed66149ba07d693d8732ced5b9e9ce66d15f34ce8d21ef70894b760c,5f3a0f8d1accd25cb6cc08ad1c6e291aed6d238d620269102151016dbfaf569d,858f4d02d1ae30511dd1f38ffab347c85c06a4a25df4bedf901dc169c2847916,ffa5a59f49cf9099c50520cc95c548ad2d47883a472689dfb58ffc722a44d51e,bb331765f169503ad878223d54a6f45fd2bb6e289609ae671857e298384463a4,BOSS19_P4_REGIME_CLASSIFIER_V1,1.0.0,H3-C08-BWD,BWD,2020,GBPUSD,H1,DEAL,NEUTRAL,RANGE,NORMAL,CLASSIFIED,2,2,0,0.12500000,16.77000000,16.77000000,0.00000000,,0.00000000,PARTITION_REALIZED_SEQUENCE,EXIT_TIME_MSC_THEN_SOURCE_DEAL_ID,,,UNAVAILABLE_FROM_SOURCE_BOUND_UNIT_PACKAGE,1.00000000,0,{},UNKNOWN,NO_PREDECLARED_NUMERIC_MAPPING_IN_CONTRACT,BASKET_UNAVAILABLE;SHORT_CALENDAR_SPAN;SINGLE_TUPLE_ABS_NET_GE_50PCT;SINGLE_YEAR_ABS_NET_GE_50PCT,COMPLETE,2,1,1,UNAVAILABLE_NO_SOURCE_BASKET_ID
BOSS19_P4B_REGIME_AFFINITY_V1,2026-09-02T17:30:00Z,1330a822ed66149ba07d693d8732ced5b9e9ce66d15f34ce8d21ef70894b760c,5f3a0f8d1accd25cb6cc08ad1c6e291aed6d238d620269102151016dbfaf569d,858f4d02d1ae30511dd1f38ffab347c85c06a4a25df4bedf901dc169c2847916,ffa5a59f49cf9099c50520cc95c548ad2d47883a472689dfb58ffc722a44d51e,bb331765f169503ad878223d54a6f45fd2bb6e289609ae671857e298384463a4,BOSS19_P4_REGIME_CLASSIFIER_V1,1.0.0,H3-C08-BWD,BWD,2020,GBPUSD,H1,DEAL,NEUTRAL,TREND_UP,NORMAL,CLASSIFIED,3,3,0,0.18750000,74.11000000,74.11000000,0.00000000,,0.00000000,PARTITION_REALIZED_SEQUENCE,EXIT_TIME_MSC_THEN_SOURCE_DEAL_ID,,,UNAVAILABLE_FROM_SOURCE_BOUND_UNIT_PACKAGE,1.00000000,0,{},UNKNOWN,NO_PREDECLARED_NUMERIC_MAPPING_IN_CONTRACT,BASKET_UNAVAILABLE;SHORT_CALENDAR_SPAN;SINGLE_TUPLE_ABS_NET_GE_50PCT;SINGLE_YEAR_ABS_NET_GE_50PCT,COMPLETE,1,1,1,UNAVAILABLE_NO_SOURCE_BASKET_ID
BOSS19_P4B_REGIME_AFFINITY_V1,2026-09-02T17:30:00Z,1330a822ed66149ba07d693d8732ced5b9e9ce66d15f34ce8d21ef70894b760c,5f3a0f8d1accd25cb6cc08ad1c6e291aed6d238d620269102151016dbfaf569d,858f4d02d1ae30511dd1f38ffab347c85c06a4a25df4bedf901dc169c2847916,ffa5a59f49cf9099c50520cc95c548ad2d47883a472689dfb58ffc722a44d51e,bb331765f169503ad878223d54a6f45fd2bb6e289609ae671857e298384463a4,BOSS19_P4_REGIME_CLASSIFIER_V1,1.0.0,H3-C08-BWD,BWD,2021,GBPUSD,H1,DEAL,NEUTRAL,RANGE,LOW,CLASSIFIED,4,4,0,0.25000000,32.85000000,32.85000000,0.00000000,,0.00000000,PARTITION_REALIZED_SEQUENCE,EXIT_TIME_MSC_THEN_SOURCE_DEAL_ID,,,UNAVAILABLE_FROM_SOURCE_BOUND_UNIT_PACKAGE,1.00000000,0,{},UNKNOWN,NO_PREDECLARED_NUMERIC_MAPPING_IN_CONTRACT,BASKET_UNAVAILABLE;SHORT_CALENDAR_SPAN;SINGLE_TUPLE_ABS_NET_GE_50PCT;SINGLE_YEAR_ABS_NET_GE_50PCT,COMPLETE,3,2,1,UNAVAILABLE_NO_SOURCE_BASKET_ID
BOSS19_P4B_REGIME_AFFINITY_V1,2026-09-02T17:30:00Z,1330a822ed66149ba07d693d8732ced5b9e9ce66d15f34ce8d21ef70894b760c,5f3a0f8d1accd25cb6cc08ad1c6e291aed6d238d620269102151016dbfaf569d,858f4d02d1ae30511dd1f38ffab347c85c06a4a25df4bedf901dc169c2847916,ffa5a59f49cf9099c50520cc95c548ad2d47883a472689dfb58ffc722a44d51e,bb331765f169503ad878223d54a6f45fd2bb6e289609ae671857e298384463a4,BOSS19_P4_REGIME_CLASSIFIER_V1,1.0.0,H3-C08-BWD,BWD,2021,GBPUSD,H1,DEAL,NEUTRAL,RANGE,NORMAL,CLASSIFIED,1,1,0,0.06250000,3.03000000,3.03000000,0.00000000,,0.00000000,PARTITION_REALIZED_SEQUENCE,EXIT_TIME_MSC_THEN_SOURCE_DEAL_ID,,,UNAVAILABLE_FROM_SOURCE_BOUND_UNIT_PACKAGE,1.00000000,0,{},UNKNOWN,NO_PREDECLARED_NUMERIC_MAPPING_IN_CONTRACT,BASKET_UNAVAILABLE;SHORT_CALENDAR_SPAN;SINGLE_TUPLE_ABS_NET_GE_50PCT;SINGLE_YEAR_ABS_NET_GE_50PCT,COMPLETE,1,1,1,UNAVAILABLE_NO_SOURCE_BASKET_ID
BOSS19_P4B_REGIME_AFFINITY_V1,2026-09-02T17:30:00Z,1330a822ed66149ba07d693d8732ced5b9e9ce66d15f34ce8d21ef70894b760c,5f3a0f8d1accd25cb6cc08ad1c6e291aed6d238d620269102151016dbfaf569d,858f4d02d1ae30511dd1f38ffab347c85c06a4a25df4bedf901dc169c2847916,ffa5a59f49cf9099c50520cc95c548ad2d47883a472689dfb58ffc722a44d51e,bb331765f169503ad878223d54a6f45fd2bb6e289609ae671857e298384463a4,BOSS19_P4_REGIME_CLASSIFIER_V1,1.0.0,H3-C08-BWD,BWD,2021,GBPUSD,H1,DEAL,NEUTRAL,TREND_DOWN,NORMAL,CLASSIFIED,2,2,0,0.12500000,6.12000000,6.12000000,0.00000000,,0.00000000,PARTITION_REALIZED_SEQUENCE,EXIT_TIME_MSC_THEN_SOURCE_DEAL_ID,,,UNAVAILABLE_FROM_SOURCE_BOUND_UNIT_PACKAGE,1.00000000,0,{},UNKNOWN,NO_PREDECLARED_NUMERIC_MAPPING_IN_CONTRACT,BASKET_UNAVAILABLE;SHORT_CALENDAR_SPAN;SINGLE_TUPLE_ABS_NET_GE_50PCT;SINGLE_YEAR_ABS_NET_GE_50PCT,COMPLETE,1,1,1,UNAVAILABLE_NO_SOURCE_BASKET_ID
BOSS19_P4B_REGIME_AFFINITY_V1,2026-09-02T17:30:00Z,1330a822ed66149ba07d693d8732ced5b9e9ce66d15f34ce8d21ef70894b760c,5f3a0f8d1accd25cb6cc08ad1c6e291aed6d238d620269102151016dbfaf569d,858f4d02d1ae30511dd1f38ffab347c85c06a4a25df4bedf901dc169c2847916,ffa5a59f49cf9099c50520cc95c548ad2d47883a472689dfb58ffc722a44d51e,bb331765f169503ad878223d54a6f45fd2bb6e289609ae671857e298384463a4,BOSS19_P4_REGIME_CLASSIFIER_V1,1.0.0,H3-C08-BWD,BWD,2021,GBPUSD,H1,DEAL,NEUTRAL,TREND_UP,LOW,CLASSIFIED,1,1,0,0.06250000,12.48000000,12.48000000,0.00000000,,0.00000000,PARTITION_REALIZED_SEQUENCE,EXIT_TIME_MSC_THEN_SOURCE_DEAL_ID,,,UNAVAILABLE_FROM_SOURCE_BOUND_UNIT_PACKAGE,1.00000000,0,{},UNKNOWN,NO_PREDECLARED_NUMERIC_MAPPING_IN_CONTRACT,BASKET_UNAVAILABLE;SHORT_CALENDAR_SPAN;SINGLE_TUPLE_ABS_NET_GE_50PCT;SINGLE_YEAR_ABS_NET_GE_50PCT,COMPLETE,1,1,1,UNAVAILABLE_NO_SOURCE_BASKET_ID
BOSS19_P4B_REGIME_AFFINITY_V1,2026-09-02T17:30:00Z,1330a822ed66149ba07d693d8732ced5b9e9ce66d15f34ce8d21ef70894b760c,5f3a0f8d1accd25cb6cc08ad1c6e291aed6d238d620269102151016dbfaf569d,858f4d02d1ae30511dd1f38ffab347c85c06a4a25df4bedf901dc169c2847916,ffa5a59f49cf9099c50520cc95c548ad2d47883a472689dfb58ffc722a44d51e,bb331765f169503ad878223d54a6f45fd2bb6e289609ae671857e298384463a4,BOSS19_P4_REGIME_CLASSIFIER_V1,1.0.0,H3-C08-BWD,BWD,2021,GBPUSD,H1,DEAL,NEUTRAL,TREND_UP,NORMAL,CLASSIFIED,3,3,0,0.18750000,-187.60000000,30.06000000,-217.66000000,0.13810530,217.66000000,PARTITION_REALIZED_SEQUENCE,EXIT_TIME_MSC_THEN_SOURCE_DEAL_ID,,,UNAVAILABLE_FROM_SOURCE_BOUND_UNIT_PACKAGE,1.00000000,0,{},UNKNOWN,NO_PREDECLARED_NUMERIC_MAPPING_IN_CONTRACT,BASKET_UNAVAILABLE;SHORT_CALENDAR_SPAN;SINGLE_TUPLE_ABS_NET_GE_50PCT;SINGLE_YEAR_ABS_NET_GE_50PCT,COMPLETE,3,3,1,UNAVAILABLE_NO_SOURCE_BASKET_ID
BOSS19_P4B_REGIME_AFFINITY_V1,2026-09-02T17:30:00Z,1330a822ed66149ba07d693d8732ced5b9e9ce66d15f34ce8d21ef70894b760c,5f3a0f8d1accd25cb6cc08ad1c6e291aed6d238d620269102151016dbfaf569d,858f4d02d1ae30511dd1f38ffab347c85c06a4a25df4bedf901dc169c2847916,ffa5a59f49cf9099c50520cc95c548ad2d47883a472689dfb58ffc722a44d51e,bb331765f169503ad878223d54a6f45fd2bb6e289609ae671857e298384463a4,BOSS19_P4_REGIME_CLASSIFIER_V1,1.0.0,H3-C08-MAIN,MAIN,2023,GBPUSD,H1,DEAL,NEUTRAL,RANGE,NORMAL,CLASSIFIED,1,1,0,0.04166667,21.01000000,21.01000000,0.00000000,,0.00000000,PARTITION_REALIZED_SEQUENCE,EXIT_TIME_MSC_THEN_SOURCE_DEAL_ID,,,UNAVAILABLE_FROM_SOURCE_BOUND_UNIT_PACKAGE,1.00000000,0,{},UNKNOWN,NO_PREDECLARED_NUMERIC_MAPPING_IN_CONTRACT,BASKET_UNAVAILABLE;SINGLE_YEAR_ABS_NET_GE_50PCT,COMPLETE,1,1,1,UNAVAILABLE_NO_SOURCE_BASKET_ID
BOSS19_P4B_REGIME_AFFINITY_V1,2026-09-02T17:30:00Z,1330a822ed66149ba07d693d8732ced5b9e9ce66d15f34ce8d21ef70894b760c,5f3a0f8d1accd25cb6cc08ad1c6e291aed6d238d620269102151016dbfaf569d,858f4d02d1ae30511dd1f38ffab347c85c06a4a25df4bedf901dc169c2847916,ffa5a59f49cf9099c50520cc95c548ad2d47883a472689dfb58ffc722a44d51e,bb331765f169503ad878223d54a6f45fd2bb6e289609ae671857e298384463a4,BOSS19_P4_REGIME_CLASSIFIER_V1,1.0.0,H3-C08-MAIN,MAIN,2023,GBPUSD,H1,DEAL,NEUTRAL,TRANSITION,NORMAL,CLASSIFIED,1,1,0,0.04166667,16.93000000,16.93000000,0.00000000,,0.00000000,PARTITION_REALIZED_SEQUENCE,EXIT_TIME_MSC_THEN_SOURCE_DEAL_ID,,,UNAVAILABLE_FROM_SOURCE_BOUND_UNIT_PACKAGE,1.00000000,0,{},UNKNOWN,NO_PREDECLARED_NUMERIC_MAPPING_IN_CONTRACT,BASKET_UNAVAILABLE;SINGLE_YEAR_ABS_NET_GE_50PCT,COMPLETE,1,1,1,UNAVAILABLE_NO_SOURCE_BASKET_ID
BOSS19_P4B_REGIME_AFFINITY_V1,2026-09-02T17:30:00Z,1330a822ed66149ba07d693d8732ced5b9e9ce66d15f34ce8d21ef70894b760c,5f3a0f8d1accd25cb6cc08ad1c6e291aed6d238d620269102151016dbfaf569d,858f4d02d1ae30511dd1f38ffab347c85c06a4a25df4bedf901dc169c2847916,ffa5a59f49cf9099c50520cc95c548ad2d47883a472689dfb58ffc722a44d51e,bb331765f169503ad878223d54a6f45fd2bb6e289609ae671857e298384463a4,BOSS19_P4_REGIME_CLASSIFIER_V1,1.0.0,H3-C08-MAIN,MAIN,2023,GBPUSD,H1,DEAL,NEUTRAL,TREND_UP,LOW,CLASSIFIED,3,3,0,0.12500000,55.50000000,55.50000000,0.00000000,,0.00000000,PARTITION_REALIZED_SEQUENCE,EXIT_TIME_MSC_THEN_SOURCE_DEAL_ID,,,UNAVAILABLE_FROM_SOURCE_BOUND_UNIT_PACKAGE,1.00000000,0,{},UNKNOWN,NO_PREDECLARED_NUMERIC_MAPPING_IN_CONTRACT,BASKET_UNAVAILABLE;SINGLE_YEAR_ABS_NET_GE_50PCT,COMPLETE,3,2,1,UNAVAILABLE_NO_SOURCE_BASKET_ID
BOSS19_P4B_REGIME_AFFINITY_V1,2026-09-02T17:30:00Z,1330a822ed66149ba07d693d8732ced5b9e9ce66d15f34ce8d21ef70894b760c,5f3a0f8d1accd25cb6cc08ad1c6e291aed6d238d620269102151016dbfaf569d,858f4d02d1ae30511dd1f38ffab347c85c06a4a25df4bedf901dc169c2847916,ffa5a59f49cf9099c50520cc95c548ad2d47883a472689dfb58ffc722a44d51e,bb331765f169503ad878223d54a6f45fd2bb6e289609ae671857e298384463a4,BOSS19_P4_REGIME_CLASSIFIER_V1,1.0.0,H3-C08-MAIN,MAIN,2023,GBPUSD,H1,DEAL,NEUTRAL,TREND_UP,NORMAL,CLASSIFIED,6,6,0,0.25000000,88.22000000,88.22000000,0.00000000,,0.00000000,PARTITION_REALIZED_SEQUENCE,EXIT_TIME_MSC_THEN_SOURCE_DEAL_ID,,,UNAVAILABLE_FROM_SOURCE_BOUND_UNIT_PACKAGE,1.00000000,0,{},UNKNOWN,NO_PREDECLARED_NUMERIC_MAPPING_IN_CONTRACT,BASKET_UNAVAILABLE;SINGLE_YEAR_ABS_NET_GE_50PCT,COMPLETE,4,3,1,UNAVAILABLE_NO_SOURCE_BASKET_ID
BOSS19_P4B_REGIME_AFFINITY_V1,2026-09-02T17:30:00Z,1330a822ed66149ba07d693d8732ced5b9e9ce66d15f34ce8d21ef70894b760c,5f3a0f8d1accd25cb6cc08ad1c6e291aed6d238d620269102151016dbfaf569d,858f4d02d1ae30511dd1f38ffab347c85c06a4a25df4bedf901dc169c2847916,ffa5a59f49cf9099c50520cc95c548ad2d47883a472689dfb58ffc722a44d51e,bb331765f169503ad878223d54a6f45fd2bb6e289609ae671857e298384463a4,BOSS19_P4_REGIME_CLASSIFIER_V1,1.0.0,H3-C08-MAIN,MAIN,2023,GBPUSD,H1,DEAL,RISK_OFF,RANGE,HIGH,CLASSIFIED,1,1,0,0.04166667,4.11000000,4.11000000,0.00000000,,0.00000000,PARTITION_REALIZED_SEQUENCE,EXIT_TIME_MSC_THEN_SOURCE_DEAL_ID,,,UNAVAILABLE_FROM_SOURCE_BOUND_UNIT_PACKAGE,1.00000000,0,{},UNKNOWN,NO_PREDECLARED_NUMERIC_MAPPING_IN_CONTRACT,BASKET_UNAVAILABLE;SINGLE_YEAR_ABS_NET_GE_50PCT,COMPLETE,1,1,1,UNAVAILABLE_NO_SOURCE_BASKET_ID
BOSS19_P4B_REGIME_AFFINITY_V1,2026-09-02T17:30:00Z,1330a822ed66149ba07d693d8732ced5b9e9ce66d15f34ce8d21ef70894b760c,5f3a0f8d1accd25cb6cc08ad1c6e291aed6d238d620269102151016dbfaf569d,858f4d02d1ae30511dd1f38ffab347c85c06a4a25df4bedf901dc169c2847916,ffa5a59f49cf9099c50520cc95c548ad2d47883a472689dfb58ffc722a44d51e,bb331765f169503ad878223d54a6f45fd2bb6e289609ae671857e298384463a4,BOSS19_P4_REGIME_CLASSIFIER_V1,1.0.0,H3-C08-MAIN,MAIN,2023,GBPUSD,H1,DEAL,RISK_OFF,RANGE,LOW,CLASSIFIED,1,1,0,0.04166667,13.29000000,13.29000000,0.00000000,,0.00000000,PARTITION_REALIZED_SEQUENCE,EXIT_TIME_MSC_THEN_SOURCE_DEAL_ID,,,UNAVAILABLE_FROM_SOURCE_BOUND_UNIT_PACKAGE,1.00000000,0,{},UNKNOWN,NO_PREDECLARED_NUMERIC_MAPPING_IN_CONTRACT,BASKET_UNAVAILABLE;SINGLE_YEAR_ABS_NET_GE_50PCT,COMPLETE,1,1,1,UNAVAILABLE_NO_SOURCE_BASKET_ID
BOSS19_P4B_REGIME_AFFINITY_V1,2026-09-02T17:30:00Z,1330a822ed66149ba07d693d8732ced5b9e9ce66d15f34ce8d21ef70894b760c,5f3a0f8d1accd25cb6cc08ad1c6e291aed6d238d620269102151016dbfaf569d,858f4d02d1ae30511dd1f38ffab347c85c06a4a25df4bedf901dc169c2847916,ffa5a59f49cf9099c50520cc95c548ad2d47883a472689dfb58ffc722a44d51e,bb331765f169503ad878223d54a6f45fd2bb6e289609ae671857e298384463a4,BOSS19_P4_REGIME_CLASSIFIER_V1,1.0.0,H3-C08-MAIN,MAIN,2023,GBPUSD,H1,DEAL,RISK_OFF,RANGE,NORMAL,CLASSIFIED,1,1,0,0.04166667,4.48000000,4.48000000,0.00000000,,0.00000000,PARTITION_REALIZED_SEQUENCE,EXIT_TIME_MSC_THEN_SOURCE_DEAL_ID,,,UNAVAILABLE_FROM_SOURCE_BOUND_UNIT_PACKAGE,1.00000000,0,{},UNKNOWN,NO_PREDECLARED_NUMERIC_MAPPING_IN_CONTRACT,BASKET_UNAVAILABLE;SINGLE_YEAR_ABS_NET_GE_50PCT,COMPLETE,1,1,1,UNAVAILABLE_NO_SOURCE_BASKET_ID
BOSS19_P4B_REGIME_AFFINITY_V1,2026-09-02T17:30:00Z,1330a822ed66149ba07d693d8732ced5b9e9ce66d15f34ce8d21ef70894b760c,5f3a0f8d1accd25cb6cc08ad1c6e291aed6d238d620269102151016dbfaf569d,858f4d02d1ae30511dd1f38ffab347c85c06a4a25df4bedf901dc169c2847916,ffa5a59f49cf9099c50520cc95c548ad2d47883a472689dfb58ffc722a44d51e,bb331765f169503ad878223d54a6f45fd2bb6e289609ae671857e298384463a4,BOSS19_P4_REGIME_CLASSIFIER_V1,1.0.0,H3-C08-MAIN,MAIN,2023,GBPUSD,H1,DEAL,RISK_OFF,TRANSITION,LOW,CLASSIFIED,1,1,0,0.04166667,2.76000000,2.76000000,0.00000000,,0.00000000,PARTITION_REALIZED_SEQUENCE,EXIT_TIME_MSC_THEN_SOURCE_DEAL_ID,,,UNAVAILABLE_FROM_SOURCE_BOUND_UNIT_PACKAGE,1.00000000,0,{},UNKNOWN,NO_PREDECLARED_NUMERIC_MAPPING_IN_CONTRACT,BASKET_UNAVAILABLE;SINGLE_YEAR_ABS_NET_GE_50PCT,COMPLETE,1,1,1,UNAVAILABLE_NO_SOURCE_BASKET_ID
BOSS19_P4B_REGIME_AFFINITY_V1,2026-09-02T17:30:00Z,1330a822ed66149ba07d693d8732ced5b9e9ce66d15f34ce8d21ef70894b760c,5f3a0f8d1accd25cb6cc08ad1c6e291aed6d238d620269102151016dbfaf569d,858f4d02d1ae30511dd1f38ffab347c85c06a4a25df4bedf901dc169c2847916,ffa5a59f49cf9099c50520cc95c548ad2d47883a472689dfb58ffc722a44d51e,bb331765f169503ad878223d54a6f45fd2bb6e289609ae671857e298384463a4,BOSS19_P4_REGIME_CLASSIFIER_V1,1.0.0,H3-C08-MAIN,MAIN,2023,GBPUSD,H1,DEAL,RISK_OFF,TRANSITION,NORMAL,CLASSIFIED,1,1,0,0.04166667,21.28000000,21.28000000,0.00000000,,0.00000000,PARTITION_REALIZED_SEQUENCE,EXIT_TIME_MSC_THEN_SOURCE_DEAL_ID,,,UNAVAILABLE_FROM_SOURCE_BOUND_UNIT_PACKAGE,1.00000000,0,{},UNKNOWN,NO_PREDECLARED_NUMERIC_MAPPING_IN_CONTRACT,BASKET_UNAVAILABLE;SINGLE_YEAR_ABS_NET_GE_50PCT,COMPLETE,1,1,1,UNAVAILABLE_NO_SOURCE_BASKET_ID
BOSS19_P4B_REGIME_AFFINITY_V1,2026-09-02T17:30:00Z,1330a822ed66149ba07d693d8732ced5b9e9ce66d15f34ce8d21ef70894b760c,5f3a0f8d1accd25cb6cc08ad1c6e291aed6d238d620269102151016dbfaf569d,858f4d02d1ae30511dd1f38ffab347c85c06a4a25df4bedf901dc169c2847916,ffa5a59f49cf9099c50520cc95c548ad2d47883a472689dfb58ffc722a44d51e,bb331765f169503ad878223d54a6f45fd2bb6e289609ae671857e298384463a4,BOSS19_P4_REGIME_CLASSIFIER_V1,1.0.0,H3-C08-MAIN,MAIN,2023,GBPUSD,H1,DEAL,RISK_ON,TREND_UP,LOW,CLASSIFIED,1,1,0,0.04166667,17.58000000,17.58000000,0.00000000,,0.00000000,PARTITION_REALIZED_SEQUENCE,EXIT_TIME_MSC_THEN_SOURCE_DEAL_ID,,,UNAVAILABLE_FROM_SOURCE_BOUND_UNIT_PACKAGE,1.00000000,0,{},UNKNOWN,NO_PREDECLARED_NUMERIC_MAPPING_IN_CONTRACT,BASKET_UNAVAILABLE;SINGLE_YEAR_ABS_NET_GE_50PCT,COMPLETE,1,1,1,UNAVAILABLE_NO_SOURCE_BASKET_ID
BOSS19_P4B_REGIME_AFFINITY_V1,2026-09-02T17:30:00Z,1330a822ed66149ba07d693d8732ced5b9e9ce66d15f34ce8d21ef70894b760c,5f3a0f8d1accd25cb6cc08ad1c6e291aed6d238d620269102151016dbfaf569d,858f4d02d1ae30511dd1f38ffab347c85c06a4a25df4bedf901dc169c2847916,ffa5a59f49cf9099c50520cc95c548ad2d47883a472689dfb58ffc722a44d51e,bb331765f169503ad878223d54a6f45fd2bb6e289609ae671857e298384463a4,BOSS19_P4_REGIME_CLASSIFIER_V1,1.0.0,H3-C08-MAIN,MAIN,2024,GBPUSD,H1,DEAL,NEUTRAL,TREND_UP,NORMAL,CLASSIFIED,2,2,0,0.08333333,23.28000000,23.28000000,0.00000000,,0.00000000,PARTITION_REALIZED_SEQUENCE,EXIT_TIME_MSC_THEN_SOURCE_DEAL_ID,,,UNAVAILABLE_FROM_SOURCE_BOUND_UNIT_PACKAGE,1.00000000,0,{},UNKNOWN,NO_PREDECLARED_NUMERIC_MAPPING_IN_CONTRACT,BASKET_UNAVAILABLE;SINGLE_YEAR_ABS_NET_GE_50PCT,COMPLETE,2,2,1,UNAVAILABLE_NO_SOURCE_BASKET_ID
BOSS19_P4B_REGIME_AFFINITY_V1,2026-09-02T17:30:00Z,1330a822ed66149ba07d693d8732ced5b9e9ce66d15f34ce8d21ef70894b760c,5f3a0f8d1accd25cb6cc08ad1c6e291aed6d238d620269102151016dbfaf569d,858f4d02d1ae30511dd1f38ffab347c85c06a4a25df4bedf901dc169c2847916,ffa5a59f49cf9099c50520cc95c548ad2d47883a472689dfb58ffc722a44d51e,bb331765f169503ad878223d54a6f45fd2bb6e289609ae671857e298384463a4,BOSS19_P4_REGIME_CLASSIFIER_V1,1.0.0,H3-C08-MAIN,MAIN,2025,GBPUSD,H1,DEAL,NEUTRAL,RANGE,LOW,CLASSIFIED,1,1,0,0.04166667,22.66000000,22.66000000,0.00000000,,0.00000000,PARTITION_REALIZED_SEQUENCE,EXIT_TIME_MSC_THEN_SOURCE_DEAL_ID,,,UNAVAILABLE_FROM_SOURCE_BOUND_UNIT_PACKAGE,1.00000000,0,{},UNKNOWN,NO_PREDECLARED_NUMERIC_MAPPING_IN_CONTRACT,BASKET_UNAVAILABLE;SINGLE_YEAR_ABS_NET_GE_50PCT,COMPLETE,1,1,1,UNAVAILABLE_NO_SOURCE_BASKET_ID
BOSS19_P4B_REGIME_AFFINITY_V1,2026-09-02T17:30:00Z,1330a822ed66149ba07d693d8732ced5b9e9ce66d15f34ce8d21ef70894b760c,5f3a0f8d1accd25cb6cc08ad1c6e291aed6d238d620269102151016dbfaf569d,858f4d02d1ae30511dd1f38ffab347c85c06a4a25df4bedf901dc169c2847916,ffa5a59f49cf9099c50520cc95c548ad2d47883a472689dfb58ffc722a44d51e,bb331765f169503ad878223d54a6f45fd2bb6e289609ae671857e298384463a4,BOSS19_P4_REGIME_CLASSIFIER_V1,1.0.0,H3-C08-MAIN,MAIN,2025,GBPUSD,H1,DEAL,NEUTRAL,RANGE,NORMAL,CLASSIFIED,1,1,0,0.04166667,14.20000000,14.20000000,0.00000000,,0.00000000,PARTITION_REALIZED_SEQUENCE,EXIT_TIME_MSC_THEN_SOURCE_DEAL_ID,,,UNAVAILABLE_FROM_SOURCE_BOUND_UNIT_PACKAGE,1.00000000,0,{},UNKNOWN,NO_PREDECLARED_NUMERIC_MAPPING_IN_CONTRACT,BASKET_UNAVAILABLE;SINGLE_YEAR_ABS_NET_GE_50PCT,COMPLETE,1,1,1,UNAVAILABLE_NO_SOURCE_BASKET_ID
BOSS19_P4B_REGIME_AFFINITY_V1,2026-09-02T17:30:00Z,1330a822ed66149ba07d693d8732ced5b9e9ce66d15f34ce8d21ef70894b760c,5f3a0f8d1accd25cb6cc08ad1c6e291aed6d238d620269102151016dbfaf569d,858f4d02d1ae30511dd1f38ffab347c85c06a4a25df4bedf901dc169c2847916,ffa5a59f49cf9099c50520cc95c548ad2d47883a472689dfb58ffc722a44d51e,bb331765f169503ad878223d54a6f45fd2bb6e289609ae671857e298384463a4,BOSS19_P4_REGIME_CLASSIFIER_V1,1.0.0,H3-C08-MAIN,MAIN,2025,GBPUSD,H1,DEAL,NEUTRAL,TREND_UP,NORMAL,CLASSIFIED,2,2,0,0.08333333,-63.28000000,0.00000000,-63.28000000,0.00000000,63.28000000,PARTITION_REALIZED_SEQUENCE,EXIT_TIME_MSC_THEN_SOURCE_DEAL_ID,,,UNAVAILABLE_FROM_SOURCE_BOUND_UNIT_PACKAGE,1.00000000,0,{},UNKNOWN,NO_PREDECLARED_NUMERIC_MAPPING_IN_CONTRACT,BASKET_UNAVAILABLE;SINGLE_YEAR_ABS_NET_GE_50PCT,COMPLETE,1,1,1,UNAVAILABLE_NO_SOURCE_BASKET_ID
BOSS19_P4B_REGIME_AFFINITY_V1,2026-09-02T17:30:00Z,1330a822ed66149ba07d693d8732ced5b9e9ce66d15f34ce8d21ef70894b760c,5f3a0f8d1accd25cb6cc08ad1c6e291aed6d238d620269102151016dbfaf569d,858f4d02d1ae30511dd1f38ffab347c85c06a4a25df4bedf901dc169c2847916,ffa5a59f49cf9099c50520cc95c548ad2d47883a472689dfb58ffc722a44d51e,bb331765f169503ad878223d54a6f45fd2bb6e289609ae671857e298384463a4,BOSS19_P4_REGIME_CLASSIFIER_V1,1.0.0,H3-C08-MAIN,MAIN,2025,GBPUSD,H1,DEAL,RISK_OFF,TRANSITION,NORMAL,CLASSIFIED,1,1,0,0.04166667,17.14000000,17.14000000,0.00000000,,0.00000000,PARTITION_REALIZED_SEQUENCE,EXIT_TIME_MSC_THEN_SOURCE_DEAL_ID,,,UNAVAILABLE_FROM_SOURCE_BOUND_UNIT_PACKAGE,1.00000000,0,{},UNKNOWN,NO_PREDECLARED_NUMERIC_MAPPING_IN_CONTRACT,BASKET_UNAVAILABLE;SINGLE_YEAR_ABS_NET_GE_50PCT,COMPLETE,1,1,1,UNAVAILABLE_NO_SOURCE_BASKET_ID
BOSS19_P4B_REGIME_AFFINITY_V1,2026-09-02T17:30:00Z,1330a822ed66149ba07d693d8732ced5b9e9ce66d15f34ce8d21ef70894b760c,5f3a0f8d1accd25cb6cc08ad1c6e291aed6d238d620269102151016dbfaf569d,858f4d02d1ae30511dd1f38ffab347c85c06a4a25df4bedf901dc169c2847916,ffa5a59f49cf9099c50520cc95c548ad2d47883a472689dfb58ffc722a44d51e,bb331765f169503ad878223d54a6f45fd2bb6e289609ae671857e298384463a4,BOSS19_P4_REGIME_CLASSIFIER_V1,1.0.0,H3-C09-BWD,BWD,2020,GBPUSD,H4,DEAL,NEUTRAL,RANGE,NORMAL,CLASSIFIED,2,2,0,0.08695652,17.66000000,17.66000000,0.00000000,,0.00000000,PARTITION_REALIZED_SEQUENCE,EXIT_TIME_MSC_THEN_SOURCE_DEAL_ID,,,UNAVAILABLE_FROM_SOURCE_BOUND_UNIT_PACKAGE,1.00000000,0,{},UNKNOWN,NO_PREDECLARED_NUMERIC_MAPPING_IN_CONTRACT,BASKET_UNAVAILABLE;SINGLE_TUPLE_ABS_NET_GE_50PCT;SINGLE_YEAR_ABS_NET_GE_50PCT,COMPLETE,2,1,1,UNAVAILABLE_NO_SOURCE_BASKET_ID
BOSS19_P4B_REGIME_AFFINITY_V1,2026-09-02T17:30:00Z,1330a822ed66149ba07d693d8732ced5b9e9ce66d15f34ce8d21ef70894b760c,5f3a0f8d1accd25cb6cc08ad1c6e291aed6d238d620269102151016dbfaf569d,858f4d02d1ae30511dd1f38ffab347c85c06a4a25df4bedf901dc169c2847916,ffa5a59f49cf9099c50520cc95c548ad2d47883a472689dfb58ffc722a44d51e,bb331765f169503ad878223d54a6f45fd2bb6e289609ae671857e298384463a4,BOSS19_P4_REGIME_CLASSIFIER_V1,1.0.0,H3-C09-BWD,BWD,2020,GBPUSD,H4,DEAL,NEUTRAL,TRANSITION,EXTREME,CLASSIFIED,3,3,0,0.13043478,2.27000000,3.95000000,-1.68000000,2.35119048,1.68000000,PARTITION_REALIZED_SEQUENCE,EXIT_TIME_MSC_THEN_SOURCE_DEAL_ID,,,UNAVAILABLE_FROM_SOURCE_BOUND_UNIT_PACKAGE,1.00000000,0,{},UNKNOWN,NO_PREDECLARED_NUMERIC_MAPPING_IN_CONTRACT,BASKET_UNAVAILABLE;SINGLE_TUPLE_ABS_NET_GE_50PCT;SINGLE_YEAR_ABS_NET_GE_50PCT,COMPLETE,2,1,1,UNAVAILABLE_NO_SOURCE_BASKET_ID
BOSS19_P4B_REGIME_AFFINITY_V1,2026-09-02T17:30:00Z,1330a822ed66149ba07d693d8732ced5b9e9ce66d15f34ce8d21ef70894b760c,5f3a0f8d1accd25cb6cc08ad1c6e291aed6d238d620269102151016dbfaf569d,858f4d02d1ae30511dd1f38ffab347c85c06a4a25df4bedf901dc169c2847916,ffa5a59f49cf9099c50520cc95c548ad2d47883a472689dfb58ffc722a44d51e,bb331765f169503ad878223d54a6f45fd2bb6e289609ae671857e298384463a4,BOSS19_P4_REGIME_CLASSIFIER_V1,1.0.0,H3-C09-BWD,BWD,2020,GBPUSD,H4,DEAL,NEUTRAL,TRANSITION,NORMAL,CLASSIFIED,1,1,0,0.04347826,3.42000000,3.42000000,0.00000000,,0.00000000,PARTITION_REALIZED_SEQUENCE,EXIT_TIME_MSC_THEN_SOURCE_DEAL_ID,,,UNAVAILABLE_FROM_SOURCE_BOUND_UNIT_PACKAGE,1.00000000,0,{},UNKNOWN,NO_PREDECLARED_NUMERIC_MAPPING_IN_CONTRACT,BASKET_UNAVAILABLE;SINGLE_TUPLE_ABS_NET_GE_50PCT;SINGLE_YEAR_ABS_NET_GE_50PCT,COMPLETE,1,1,1,UNAVAILABLE_NO_SOURCE_BASKET_ID
BOSS19_P4B_REGIME_AFFINITY_V1,2026-09-02T17:30:00Z,1330a822ed66149ba07d693d8732ced5b9e9ce66d15f34ce8d21ef70894b760c,5f3a0f8d1accd25cb6cc08ad1c6e291aed6d238d620269102151016dbfaf569d,858f4d02d1ae30511dd1f38ffab347c85c06a4a25df4bedf901dc169c2847916,ffa5a59f49cf9099c50520cc95c548ad2d47883a472689dfb58ffc722a44d51e,bb331765f169503ad878223d54a6f45fd2bb6e289609ae671857e298384463a4,BOSS19_P4_REGIME_CLASSIFIER_V1,1.0.0,H3-C09-BWD,BWD,2020,GBPUSD,H4,DEAL,NEUTRAL,TREND_UP,NORMAL,CLASSIFIED,3,3,0,0.13043478,66.29000000,66.29000000,0.00000000,,0.00000000,PARTITION_REALIZED_SEQUENCE,EXIT_TIME_MSC_THEN_SOURCE_DEAL_ID,,,UNAVAILABLE_FROM_SOURCE_BOUND_UNIT_PACKAGE,1.00000000,0,{},UNKNOWN,NO_PREDECLARED_NUMERIC_MAPPING_IN_CONTRACT,BASKET_UNAVAILABLE;SINGLE_TUPLE_ABS_NET_GE_50PCT;SINGLE_YEAR_ABS_NET_GE_50PCT,COMPLETE,2,2,1,UNAVAILABLE_NO_SOURCE_BASKET_ID
BOSS19_P4B_REGIME_AFFINITY_V1,2026-09-02T17:30:00Z,1330a822ed66149ba07d693d8732ced5b9e9ce66d15f34ce8d21ef70894b760c,5f3a0f8d1accd25cb6cc08ad1c6e291aed6d238d620269102151016dbfaf569d,858f4d02d1ae30511dd1f38ffab347c85c06a4a25df4bedf901dc169c2847916,ffa5a59f49cf9099c50520cc95c548ad2d47883a472689dfb58ffc722a44d51e,bb331765f169503ad878223d54a6f45fd2bb6e289609ae671857e298384463a4,BOSS19_P4_REGIME_CLASSIFIER_V1,1.0.0,H3-C09-BWD,BWD,2021,GBPUSD,H4,DEAL,NEUTRAL,RANGE,NORMAL,CLASSIFIED,2,2,0,0.08695652,5.52000000,5.52000000,0.00000000,,0.00000000,PARTITION_REALIZED_SEQUENCE,EXIT_TIME_MSC_THEN_SOURCE_DEAL_ID,,,UNAVAILABLE_FROM_SOURCE_BOUND_UNIT_PACKAGE,1.00000000,0,{},UNKNOWN,NO_PREDECLARED_NUMERIC_MAPPING_IN_CONTRACT,BASKET_UNAVAILABLE;SINGLE_TUPLE_ABS_NET_GE_50PCT;SINGLE_YEAR_ABS_NET_GE_50PCT,COMPLETE,2,1,1,UNAVAILABLE_NO_SOURCE_BASKET_ID
BOSS19_P4B_REGIME_AFFINITY_V1,2026-09-02T17:30:00Z,1330a822ed66149ba07d693d8732ced5b9e9ce66d15f34ce8d21ef70894b760c,5f3a0f8d1accd25cb6cc08ad1c6e291aed6d238d620269102151016dbfaf569d,858f4d02d1ae30511dd1f38ffab347c85c06a4a25df4bedf901dc169c2847916,ffa5a59f49cf9099c50520cc95c548ad2d47883a472689dfb58ffc722a44d51e,bb331765f169503ad878223d54a6f45fd2bb6e289609ae671857e298384463a4,BOSS19_P4_REGIME_CLASSIFIER_V1,1.0.0,H3-C09-BWD,BWD,2021,GBPUSD,H4,DEAL,NEUTRAL,TREND_DOWN,HIGH,CLASSIFIED,1,1,0,0.04347826,2.84000000,2.84000000,0.00000000,,0.00000000,PARTITION_REALIZED_SEQUENCE,EXIT_TIME_MSC_THEN_SOURCE_DEAL_ID,,,UNAVAILABLE_FROM_SOURCE_BOUND_UNIT_PACKAGE,1.00000000,0,{},UNKNOWN,NO_PREDECLARED_NUMERIC_MAPPING_IN_CONTRACT,BASKET_UNAVAILABLE;SINGLE_TUPLE_ABS_NET_GE_50PCT;SINGLE_YEAR_ABS_NET_GE_50PCT,COMPLETE,1,1,1,UNAVAILABLE_NO_SOURCE_BASKET_ID
BOSS19_P4B_REGIME_AFFINITY_V1,2026-09-02T17:30:00Z,1330a822ed66149ba07d693d8732ced5b9e9ce66d15f34ce8d21ef70894b760c,5f3a0f8d1accd25cb6cc08ad1c6e291aed6d238d620269102151016dbfaf569d,858f4d02d1ae30511dd1f38ffab347c85c06a4a25df4bedf901dc169c2847916,ffa5a59f49cf9099c50520cc95c548ad2d47883a472689dfb58ffc722a44d51e,bb331765f169503ad878223d54a6f45fd2bb6e289609ae671857e298384463a4,BOSS19_P4_REGIME_CLASSIFIER_V1,1.0.0,H3-C09-BWD,BWD,2021,GBPUSD,H4,DEAL,NEUTRAL,TREND_DOWN,NORMAL,CLASSIFIED,4,4,0,0.17391304,11.50000000,11.50000000,0.00000000,,0.00000000,PARTITION_REALIZED_SEQUENCE,EXIT_TIME_MSC_THEN_SOURCE_DEAL_ID,,,UNAVAILABLE_FROM_SOURCE_BOUND_UNIT_PACKAGE,1.00000000,0,{},UNKNOWN,NO_PREDECLARED_NUMERIC_MAPPING_IN_CONTRACT,BASKET_UNAVAILABLE;SINGLE_TUPLE_ABS_NET_GE_50PCT;SINGLE_YEAR_ABS_NET_GE_50PCT,COMPLETE,3,1,1,UNAVAILABLE_NO_SOURCE_BASKET_ID
BOSS19_P4B_REGIME_AFFINITY_V1,2026-09-02T17:30:00Z,1330a822ed66149ba07d693d8732ced5b9e9ce66d15f34ce8d21ef70894b760c,5f3a0f8d1accd25cb6cc08ad1c6e291aed6d238d620269102151016dbfaf569d,858f4d02d1ae30511dd1f38ffab347c85c06a4a25df4bedf901dc169c2847916,ffa5a59f49cf9099c50520cc95c548ad2d47883a472689dfb58ffc722a44d51e,bb331765f169503ad878223d54a6f45fd2bb6e289609ae671857e298384463a4,BOSS19_P4_REGIME_CLASSIFIER_V1,1.0.0,H3-C09-BWD,BWD,2021,GBPUSD,H4,DEAL,RISK_OFF,RANGE,NORMAL,CLASSIFIED,1,1,0,0.04347826,2.14000000,2.14000000,0.00000000,,0.00000000,PARTITION_REALIZED_SEQUENCE,EXIT_TIME_MSC_THEN_SOURCE_DEAL_ID,,,UNAVAILABLE_FROM_SOURCE_BOUND_UNIT_PACKAGE,1.00000000,0,{},UNKNOWN,NO_PREDECLARED_NUMERIC_MAPPING_IN_CONTRACT,BASKET_UNAVAILABLE;SINGLE_TUPLE_ABS_NET_GE_50PCT;SINGLE_YEAR_ABS_NET_GE_50PCT,COMPLETE,1,1,1,UNAVAILABLE_NO_SOURCE_BASKET_ID
BOSS19_P4B_REGIME_AFFINITY_V1,2026-09-02T17:30:00Z,1330a822ed66149ba07d693d8732ced5b9e9ce66d15f34ce8d21ef70894b760c,5f3a0f8d1accd25cb6cc08ad1c6e291aed6d238d620269102151016dbfaf569d,858f4d02d1ae30511dd1f38ffab347c85c06a4a25df4bedf901dc169c2847916,ffa5a59f49cf9099c50520cc95c548ad2d47883a472689dfb58ffc722a44d51e,bb331765f169503ad878223d54a6f45fd2bb6e289609ae671857e298384463a4,BOSS19_P4_REGIME_CLASSIFIER_V1,1.0.0,H3-C09-BWD,BWD,2021,GBPUSD,H4,DEAL,RISK_OFF,TRANSITION,NORMAL,CLASSIFIED,2,2,0,0.08695652,4.87000000,4.87000000,0.00000000,,0.00000000,PARTITION_REALIZED_SEQUENCE,EXIT_TIME_MSC_THEN_SOURCE_DEAL_ID,,,UNAVAILABLE_FROM_SOURCE_BOUND_UNIT_PACKAGE,1.00000000,0,{},UNKNOWN,NO_PREDECLARED_NUMERIC_MAPPING_IN_CONTRACT,BASKET_UNAVAILABLE;SINGLE_TUPLE_ABS_NET_GE_50PCT;SINGLE_YEAR_ABS_NET_GE_50PCT,COMPLETE,1,1,1,UNAVAILABLE_NO_SOURCE_BASKET_ID
BOSS19_P4B_REGIME_AFFINITY_V1,2026-09-02T17:30:00Z,1330a822ed66149ba07d693d8732ced5b9e9ce66d15f34ce8d21ef70894b760c,5f3a0f8d1accd25cb6cc08ad1c6e291aed6d238d620269102151016dbfaf569d,858f4d02d1ae30511dd1f38ffab347c85c06a4a25df4bedf901dc169c2847916,ffa5a59f49cf9099c50520cc95c548ad2d47883a472689dfb58ffc722a44d51e,bb331765f169503ad878223d54a6f45fd2bb6e289609ae671857e298384463a4,BOSS19_P4_REGIME_CLASSIFIER_V1,1.0.0,H3-C09-BWD,BWD,2022,GBPUSD,H4,DEAL,NEUTRAL,RANGE,EXTREME,CLASSIFIED,2,2,0,0.08695652,-359.84000000,0.00000000,-359.84000000,0.00000000,359.84000000,PARTITION_REALIZED_SEQUENCE,EXIT_TIME_MSC_THEN_SOURCE_DEAL_ID,,,UNAVAILABLE_FROM_SOURCE_BOUND_UNIT_PACKAGE,1.00000000,0,{},UNKNOWN,NO_PREDECLARED_NUMERIC_MAPPING_IN_CONTRACT,BASKET_UNAVAILABLE;SINGLE_TUPLE_ABS_NET_GE_50PCT;SINGLE_YEAR_ABS_NET_GE_50PCT,COMPLETE,1,1,1,UNAVAILABLE_NO_SOURCE_BASKET_ID
BOSS19_P4B_REGIME_AFFINITY_V1,2026-09-02T17:30:00Z,1330a822ed66149ba07d693d8732ced5b9e9ce66d15f34ce8d21ef70894b760c,5f3a0f8d1accd25cb6cc08ad1c6e291aed6d238d620269102151016dbfaf569d,858f4d02d1ae30511dd1f38ffab347c85c06a4a25df4bedf901dc169c2847916,ffa5a59f49cf9099c50520cc95c548ad2d47883a472689dfb58ffc722a44d51e,bb331765f169503ad878223d54a6f45fd2bb6e289609ae671857e298384463a4,BOSS19_P4_REGIME_CLASSIFIER_V1,1.0.0,H3-C09-BWD,BWD,2022,GBPUSD,H4,DEAL,NEUTRAL,RANGE,HIGH,CLASSIFIED,1,1,0,0.04347826,-115.53000000,0.00000000,-115.53000000,0.00000000,115.53000000,PARTITION_REALIZED_SEQUENCE,EXIT_TIME_MSC_THEN_SOURCE_DEAL_ID,,,UNAVAILABLE_FROM_SOURCE_BOUND_UNIT_PACKAGE,1.00000000,0,{},UNKNOWN,NO_PREDECLARED_NUMERIC_MAPPING_IN_CONTRACT,BASKET_UNAVAILABLE;SINGLE_TUPLE_ABS_NET_GE_50PCT;SINGLE_YEAR_ABS_NET_GE_50PCT,COMPLETE,1,1,1,UNAVAILABLE_NO_SOURCE_BASKET_ID
BOSS19_P4B_REGIME_AFFINITY_V1,2026-09-02T17:30:00Z,1330a822ed66149ba07d693d8732ced5b9e9ce66d15f34ce8d21ef70894b760c,5f3a0f8d1accd25cb6cc08ad1c6e291aed6d238d620269102151016dbfaf569d,858f4d02d1ae30511dd1f38ffab347c85c06a4a25df4bedf901dc169c2847916,ffa5a59f49cf9099c50520cc95c548ad2d47883a472689dfb58ffc722a44d51e,bb331765f169503ad878223d54a6f45fd2bb6e289609ae671857e298384463a4,BOSS19_P4_REGIME_CLASSIFIER_V1,1.0.0,H3-C09-BWD,BWD,2022,GBPUSD,H4,DEAL,STRESS,TREND_DOWN,EXTREME,CLASSIFIED,1,1,0,0.04347826,2.95000000,2.95000000,0.00000000,,0.00000000,PARTITION_REALIZED_SEQUENCE,EXIT_TIME_MSC_THEN_SOURCE_DEAL_ID,,,UNAVAILABLE_FROM_SOURCE_BOUND_UNIT_PACKAGE,1.00000000,0,{},UNKNOWN,NO_PREDECLARED_NUMERIC_MAPPING_IN_CONTRACT,BASKET_UNAVAILABLE;SINGLE_TUPLE_ABS_NET_GE_50PCT;SINGLE_YEAR_ABS_NET_GE_50PCT,COMPLETE,1,1,1,UNAVAILABLE_NO_SOURCE_BASKET_ID
BOSS19_P4B_REGIME_AFFINITY_V1,2026-09-02T17:30:00Z,1330a822ed66149ba07d693d8732ced5b9e9ce66d15f34ce8d21ef70894b760c,5f3a0f8d1accd25cb6cc08ad1c6e291aed6d238d620269102151016dbfaf569d,858f4d02d1ae30511dd1f38ffab347c85c06a4a25df4bedf901dc169c2847916,ffa5a59f49cf9099c50520cc95c548ad2d47883a472689dfb58ffc722a44d51e,bb331765f169503ad878223d54a6f45fd2bb6e289609ae671857e298384463a4,BOSS19_P4_REGIME_CLASSIFIER_V1,1.0.0,H3-C09-MAIN,MAIN,2023,GBPUSD,H4,DEAL,NEUTRAL,RANGE,LOW,CLASSIFIED,1,1,0,0.02777778,16.47000000,16.47000000,0.00000000,,0.00000000,PARTITION_REALIZED_SEQUENCE,EXIT_TIME_MSC_THEN_SOURCE_DEAL_ID,,,UNAVAILABLE_FROM_SOURCE_BOUND_UNIT_PACKAGE,1.00000000,0,{},UNKNOWN,NO_PREDECLARED_NUMERIC_MAPPING_IN_CONTRACT,BASKET_UNAVAILABLE;SINGLE_YEAR_ABS_NET_GE_50PCT,COMPLETE,1,1,1,UNAVAILABLE_NO_SOURCE_BASKET_ID
BOSS19_P4B_REGIME_AFFINITY_V1,2026-09-02T17:30:00Z,1330a822ed66149ba07d693d8732ced5b9e9ce66d15f34ce8d21ef70894b760c,5f3a0f8d1accd25cb6cc08ad1c6e291aed6d238d620269102151016dbfaf569d,858f4d02d1ae30511dd1f38ffab347c85c06a4a25df4bedf901dc169c2847916,ffa5a59f49cf9099c50520cc95c548ad2d47883a472689dfb58ffc722a44d51e,bb331765f169503ad878223d54a6f45fd2bb6e289609ae671857e298384463a4,BOSS19_P4_REGIME_CLASSIFIER_V1,1.0.0,H3-C09-MAIN,MAIN,2023,GBPUSD,H4,DEAL,NEUTRAL,TREND_DOWN,NORMAL,CLASSIFIED,2,2,0,0.05555556,7.75000000,7.75000000,0.00000000,,0.00000000,PARTITION_REALIZED_SEQUENCE,EXIT_TIME_MSC_THEN_SOURCE_DEAL_ID,,,UNAVAILABLE_FROM_SOURCE_BOUND_UNIT_PACKAGE,1.00000000,0,{},UNKNOWN,NO_PREDECLARED_NUMERIC_MAPPING_IN_CONTRACT,BASKET_UNAVAILABLE;SINGLE_YEAR_ABS_NET_GE_50PCT,COMPLETE,1,1,1,UNAVAILABLE_NO_SOURCE_BASKET_ID
BOSS19_P4B_REGIME_AFFINITY_V1,2026-09-02T17:30:00Z,1330a822ed66149ba07d693d8732ced5b9e9ce66d15f34ce8d21ef70894b760c,5f3a0f8d1accd25cb6cc08ad1c6e291aed6d238d620269102151016dbfaf569d,858f4d02d1ae30511dd1f38ffab347c85c06a4a25df4bedf901dc169c2847916,ffa5a59f49cf9099c50520cc95c548ad2d47883a472689dfb58ffc722a44d51e,bb331765f169503ad878223d54a6f45fd2bb6e289609ae671857e298384463a4,BOSS19_P4_REGIME_CLASSIFIER_V1,1.0.0,H3-C09-MAIN,MAIN,2023,GBPUSD,H4,DEAL,NEUTRAL,TREND_UP,LOW,CLASSIFIED,3,3,0,0.08333333,55.22000000,55.22000000,0.00000000,,0.00000000,PARTITION_REALIZED_SEQUENCE,EXIT_TIME_MSC_THEN_SOURCE_DEAL_ID,,,UNAVAILABLE_FROM_SOURCE_BOUND_UNIT_PACKAGE,1.00000000,0,{},UNKNOWN,NO_PREDECLARED_NUMERIC_MAPPING_IN_CONTRACT,BASKET_UNAVAILABLE;SINGLE_YEAR_ABS_NET_GE_50PCT,COMPLETE,3,2,1,UNAVAILABLE_NO_SOURCE_BASKET_ID
BOSS19_P4B_REGIME_AFFINITY_V1,2026-09-02T17:30:00Z,1330a822ed66149ba07d693d8732ced5b9e9ce66d15f34ce8d21ef70894b760c,5f3a0f8d1accd25cb6cc08ad1c6e291aed6d238d620269102151016dbfaf569d,858f4d02d1ae30511dd1f38ffab347c85c06a4a25df4bedf901dc169c2847916,ffa5a59f49cf9099c50520cc95c548ad2d47883a472689dfb58ffc722a44d51e,bb331765f169503ad878223d54a6f45fd2bb6e289609ae671857e298384463a4,BOSS19_P4_REGIME_CLASSIFIER_V1,1.0.0,H3-C09-MAIN,MAIN,2023,GBPUSD,H4,DEAL,NEUTRAL,TREND_UP,NORMAL,CLASSIFIED,3,3,0,0.08333333,15.84000000,15.84000000,0.00000000,,0.00000000,PARTITION_REALIZED_SEQUENCE,EXIT_TIME_MSC_THEN_SOURCE_DEAL_ID,,,UNAVAILABLE_FROM_SOURCE_BOUND_UNIT_PACKAGE,1.00000000,0,{},UNKNOWN,NO_PREDECLARED_NUMERIC_MAPPING_IN_CONTRACT,BASKET_UNAVAILABLE;SINGLE_YEAR_ABS_NET_GE_50PCT,COMPLETE,2,1,1,UNAVAILABLE_NO_SOURCE_BASKET_ID
BOSS19_P4B_REGIME_AFFINITY_V1,2026-09-02T17:30:00Z,1330a822ed66149ba07d693d8732ced5b9e9ce66d15f34ce8d21ef70894b760c,5f3a0f8d1accd25cb6cc08ad1c6e291aed6d238d620269102151016dbfaf569d,858f4d02d1ae30511dd1f38ffab347c85c06a4a25df4bedf901dc169c2847916,ffa5a59f49cf9099c50520cc95c548ad2d47883a472689dfb58ffc722a44d51e,bb331765f169503ad878223d54a6f45fd2bb6e289609ae671857e298384463a4,BOSS19_P4_REGIME_CLASSIFIER_V1,1.0.0,H3-C09-MAIN,MAIN,2023,GBPUSD,H4,DEAL,RISK_OFF,RANGE,LOW,CLASSIFIED,7,7,0,0.19444444,57.59000000,57.59000000,0.00000000,,0.00000000,PARTITION_REALIZED_SEQUENCE,EXIT_TIME_MSC_THEN_SOURCE_DEAL_ID,,,UNAVAILABLE_FROM_SOURCE_BOUND_UNIT_PACKAGE,1.00000000,0,{},UNKNOWN,NO_PREDECLARED_NUMERIC_MAPPING_IN_CONTRACT,BASKET_UNAVAILABLE;SINGLE_YEAR_ABS_NET_GE_50PCT,COMPLETE,3,2,1,UNAVAILABLE_NO_SOURCE_BASKET_ID
BOSS19_P4B_REGIME_AFFINITY_V1,2026-09-02T17:30:00Z,1330a822ed66149ba07d693d8732ced5b9e9ce66d15f34ce8d21ef70894b760c,5f3a0f8d1accd25cb6cc08ad1c6e291aed6d238d620269102151016dbfaf569d,858f4d02d1ae30511dd1f38ffab347c85c06a4a25df4bedf901dc169c2847916,ffa5a59f49cf9099c50520cc95c548ad2d47883a472689dfb58ffc722a44d51e,bb331765f169503ad878223d54a6f45fd2bb6e289609ae671857e298384463a4,BOSS19_P4_REGIME_CLASSIFIER_V1,1.0.0,H3-C09-MAIN,MAIN,2023,GBPUSD,H4,DEAL,RISK_OFF,RANGE,NORMAL,CLASSIFIED,4,4,0,0.11111111,35.02000000,35.02000000,0.00000000,,0.00000000,PARTITION_REALIZED_SEQUENCE,EXIT_TIME_MSC_THEN_SOURCE_DEAL_ID,,,UNAVAILABLE_FROM_SOURCE_BOUND_UNIT_PACKAGE,1.00000000,0,{},UNKNOWN,NO_PREDECLARED_NUMERIC_MAPPING_IN_CONTRACT,BASKET_UNAVAILABLE;SINGLE_YEAR_ABS_NET_GE_50PCT,COMPLETE,3,2,1,UNAVAILABLE_NO_SOURCE_BASKET_ID
BOSS19_P4B_REGIME_AFFINITY_V1,2026-09-02T17:30:00Z,1330a822ed66149ba07d693d8732ced5b9e9ce66d15f34ce8d21ef70894b760c,5f3a0f8d1accd25cb6cc08ad1c6e291aed6d238d620269102151016dbfaf569d,858f4d02d1ae30511dd1f38ffab347c85c06a4a25df4bedf901dc169c2847916,ffa5a59f49cf9099c50520cc95c548ad2d47883a472689dfb58ffc722a44d51e,bb331765f169503ad878223d54a6f45fd2bb6e289609ae671857e298384463a4,BOSS19_P4_REGIME_CLASSIFIER_V1,1.0.0,H3-C09-MAIN,MAIN,2023,GBPUSD,H4,DEAL,RISK_OFF,TRANSITION,NORMAL,CLASSIFIED,2,2,0,0.05555556,50.23000000,50.23000000,0.00000000,,0.00000000,PARTITION_REALIZED_SEQUENCE,EXIT_TIME_MSC_THEN_SOURCE_DEAL_ID,,,UNAVAILABLE_FROM_SOURCE_BOUND_UNIT_PACKAGE,1.00000000,0,{},UNKNOWN,NO_PREDECLARED_NUMERIC_MAPPING_IN_CONTRACT,BASKET_UNAVAILABLE;SINGLE_YEAR_ABS_NET_GE_50PCT,COMPLETE,1,1,1,UNAVAILABLE_NO_SOURCE_BASKET_ID
BOSS19_P4B_REGIME_AFFINITY_V1,2026-09-02T17:30:00Z,1330a822ed66149ba07d693d8732ced5b9e9ce66d15f34ce8d21ef70894b760c,5f3a0f8d1accd25cb6cc08ad1c6e291aed6d238d620269102151016dbfaf569d,858f4d02d1ae30511dd1f38ffab347c85c06a4a25df4bedf901dc169c2847916,ffa5a59f49cf9099c50520cc95c548ad2d47883a472689dfb58ffc722a44d51e,bb331765f169503ad878223d54a6f45fd2bb6e289609ae671857e298384463a4,BOSS19_P4_REGIME_CLASSIFIER_V1,1.0.0,H3-C09-MAIN,MAIN,2023,GBPUSD,H4,DEAL,RISK_OFF,TREND_DOWN,NORMAL,CLASSIFIED,1,1,0,0.02777778,3.81000000,3.81000000,0.00000000,,0.00000000,PARTITION_REALIZED_SEQUENCE,EXIT_TIME_MSC_THEN_SOURCE_DEAL_ID,,,UNAVAILABLE_FROM_SOURCE_BOUND_UNIT_PACKAGE,1.00000000,0,{},UNKNOWN,NO_PREDECLARED_NUMERIC_MAPPING_IN_CONTRACT,BASKET_UNAVAILABLE;SINGLE_YEAR_ABS_NET_GE_50PCT,COMPLETE,1,1,1,UNAVAILABLE_NO_SOURCE_BASKET_ID
BOSS19_P4B_REGIME_AFFINITY_V1,2026-09-02T17:30:00Z,1330a822ed66149ba07d693d8732ced5b9e9ce66d15f34ce8d21ef70894b760c,5f3a0f8d1accd25cb6cc08ad1c6e291aed6d238d620269102151016dbfaf569d,858f4d02d1ae30511dd1f38ffab347c85c06a4a25df4bedf901dc169c2847916,ffa5a59f49cf9099c50520cc95c548ad2d47883a472689dfb58ffc722a44d51e,bb331765f169503ad878223d54a6f45fd2bb6e289609ae671857e298384463a4,BOSS19_P4_REGIME_CLASSIFIER_V1,1.0.0,H3-C09-MAIN,MAIN,2023,GBPUSD,H4,DEAL,RISK_ON,TREND_UP,LOW,CLASSIFIED,2,2,0,0.05555556,27.97000000,27.97000000,0.00000000,,0.00000000,PARTITION_REALIZED_SEQUENCE,EXIT_TIME_MSC_THEN_SOURCE_DEAL_ID,,,UNAVAILABLE_FROM_SOURCE_BOUND_UNIT_PACKAGE,1.00000000,0,{},UNKNOWN,NO_PREDECLARED_NUMERIC_MAPPING_IN_CONTRACT,BASKET_UNAVAILABLE;SINGLE_YEAR_ABS_NET_GE_50PCT,COMPLETE,1,1,1,UNAVAILABLE_NO_SOURCE_BASKET_ID
BOSS19_P4B_REGIME_AFFINITY_V1,2026-09-02T17:30:00Z,1330a822ed66149ba07d693d8732ced5b9e9ce66d15f34ce8d21ef70894b760c,5f3a0f8d1accd25cb6cc08ad1c6e291aed6d238d620269102151016dbfaf569d,858f4d02d1ae30511dd1f38ffab347c85c06a4a25df4bedf901dc169c2847916,ffa5a59f49cf9099c50520cc95c548ad2d47883a472689dfb58ffc722a44d51e,bb331765f169503ad878223d54a6f45fd2bb6e289609ae671857e298384463a4,BOSS19_P4_REGIME_CLASSIFIER_V1,1.0.0,H3-C09-MAIN,MAIN,2024,GBPUSD,H4,DEAL,NEUTRAL,TREND_UP,EXTREME,CLASSIFIED,2,2,0,0.05555556,25.74000000,25.74000000,0.00000000,,0.00000000,PARTITION_REALIZED_SEQUENCE,EXIT_TIME_MSC_THEN_SOURCE_DEAL_ID,,,UNAVAILABLE_FROM_SOURCE_BOUND_UNIT_PACKAGE,1.00000000,0,{},UNKNOWN,NO_PREDECLARED_NUMERIC_MAPPING_IN_CONTRACT,BASKET_UNAVAILABLE;SINGLE_YEAR_ABS_NET_GE_50PCT,COMPLETE,2,1,1,UNAVAILABLE_NO_SOURCE_BASKET_ID
BOSS19_P4B_REGIME_AFFINITY_V1,2026-09-02T17:30:00Z,1330a822ed66149ba07d693d8732ced5b9e9ce66d15f34ce8d21ef70894b760c,5f3a0f8d1accd25cb6cc08ad1c6e291aed6d238d620269102151016dbfaf569d,858f4d02d1ae30511dd1f38ffab347c85c06a4a25df4bedf901dc169c2847916,ffa5a59f49cf9099c50520cc95c548ad2d47883a472689dfb58ffc722a44d51e,bb331765f169503ad878223d54a6f45fd2bb6e289609ae671857e298384463a4,BOSS19_P4_REGIME_CLASSIFIER_V1,1.0.0,H3-C09-MAIN,MAIN,2024,GBPUSD,H4,DEAL,NEUTRAL,TREND_UP,HIGH,CLASSIFIED,1,1,0,0.02777778,20.10000000,20.10000000,0.00000000,,0.00000000,PARTITION_REALIZED_SEQUENCE,EXIT_TIME_MSC_THEN_SOURCE_DEAL_ID,,,UNAVAILABLE_FROM_SOURCE_BOUND_UNIT_PACKAGE,1.00000000,0,{},UNKNOWN,NO_PREDECLARED_NUMERIC_MAPPING_IN_CONTRACT,BASKET_UNAVAILABLE;SINGLE_YEAR_ABS_NET_GE_50PCT,COMPLETE,1,1,1,UNAVAILABLE_NO_SOURCE_BASKET_ID
BOSS19_P4B_REGIME_AFFINITY_V1,2026-09-02T17:30:00Z,1330a822ed66149ba07d693d8732ced5b9e9ce66d15f34ce8d21ef70894b760c,5f3a0f8d1accd25cb6cc08ad1c6e291aed6d238d620269102151016dbfaf569d,858f4d02d1ae30511dd1f38ffab347c85c06a4a25df4bedf901dc169c2847916,ffa5a59f49cf9099c50520cc95c548ad2d47883a472689dfb58ffc722a44d51e,bb331765f169503ad878223d54a6f45fd2bb6e289609ae671857e298384463a4,BOSS19_P4_REGIME_CLASSIFIER_V1,1.0.0,H3-C09-MAIN,MAIN,2024,GBPUSD,H4,DEAL,RISK_OFF,TREND_UP,NORMAL,CLASSIFIED,3,3,0,0.08333333,46.19000000,46.19000000,0.00000000,,0.00000000,PARTITION_REALIZED_SEQUENCE,EXIT_TIME_MSC_THEN_SOURCE_DEAL_ID,,,UNAVAILABLE_FROM_SOURCE_BOUND_UNIT_PACKAGE,1.00000000,0,{},UNKNOWN,NO_PREDECLARED_NUMERIC_MAPPING_IN_CONTRACT,BASKET_UNAVAILABLE;SINGLE_YEAR_ABS_NET_GE_50PCT,COMPLETE,1,1,1,UNAVAILABLE_NO_SOURCE_BASKET_ID
BOSS19_P4B_REGIME_AFFINITY_V1,2026-09-02T17:30:00Z,1330a822ed66149ba07d693d8732ced5b9e9ce66d15f34ce8d21ef70894b760c,5f3a0f8d1accd25cb6cc08ad1c6e291aed6d238d620269102151016dbfaf569d,858f4d02d1ae30511dd1f38ffab347c85c06a4a25df4bedf901dc169c2847916,ffa5a59f49cf9099c50520cc95c548ad2d47883a472689dfb58ffc722a44d51e,bb331765f169503ad878223d54a6f45fd2bb6e289609ae671857e298384463a4,BOSS19_P4_REGIME_CLASSIFIER_V1,1.0.0,H3-C09-MAIN,MAIN,2025,GBPUSD,H4,DEAL,NEUTRAL,RANGE,LOW,CLASSIFIED,1,1,0,0.02777778,23.20000000,23.20000000,0.00000000,,0.00000000,PARTITION_REALIZED_SEQUENCE,EXIT_TIME_MSC_THEN_SOURCE_DEAL_ID,,,UNAVAILABLE_FROM_SOURCE_BOUND_UNIT_PACKAGE,1.00000000,0,{},UNKNOWN,NO_PREDECLARED_NUMERIC_MAPPING_IN_CONTRACT,BASKET_UNAVAILABLE;SINGLE_YEAR_ABS_NET_GE_50PCT,COMPLETE,1,1,1,UNAVAILABLE_NO_SOURCE_BASKET_ID
BOSS19_P4B_REGIME_AFFINITY_V1,2026-09-02T17:30:00Z,1330a822ed66149ba07d693d8732ced5b9e9ce66d15f34ce8d21ef70894b760c,5f3a0f8d1accd25cb6cc08ad1c6e291aed6d238d620269102151016dbfaf569d,858f4d02d1ae30511dd1f38ffab347c85c06a4a25df4bedf901dc169c2847916,ffa5a59f49cf9099c50520cc95c548ad2d47883a472689dfb58ffc722a44d51e,bb331765f169503ad878223d54a6f45fd2bb6e289609ae671857e298384463a4,BOSS19_P4_REGIME_CLASSIFIER_V1,1.0.0,H3-C09-MAIN,MAIN,2025,GBPUSD,H4,DEAL,NEUTRAL,TREND_UP,NORMAL,CLASSIFIED,2,2,0,0.05555556,-65.48000000,0.00000000,-65.48000000,0.00000000,65.48000000,PARTITION_REALIZED_SEQUENCE,EXIT_TIME_MSC_THEN_SOURCE_DEAL_ID,,,UNAVAILABLE_FROM_SOURCE_BOUND_UNIT_PACKAGE,1.00000000,0,{},UNKNOWN,NO_PREDECLARED_NUMERIC_MAPPING_IN_CONTRACT,BASKET_UNAVAILABLE;SINGLE_YEAR_ABS_NET_GE_50PCT,COMPLETE,2,2,1,UNAVAILABLE_NO_SOURCE_BASKET_ID
BOSS19_P4B_REGIME_AFFINITY_V1,2026-09-02T17:30:00Z,1330a822ed66149ba07d693d8732ced5b9e9ce66d15f34ce8d21ef70894b760c,5f3a0f8d1accd25cb6cc08ad1c6e291aed6d238d620269102151016dbfaf569d,858f4d02d1ae30511dd1f38ffab347c85c06a4a25df4bedf901dc169c2847916,ffa5a59f49cf9099c50520cc95c548ad2d47883a472689dfb58ffc722a44d51e,bb331765f169503ad878223d54a6f45fd2bb6e289609ae671857e298384463a4,BOSS19_P4_REGIME_CLASSIFIER_V1,1.0.0,H3-C09-MAIN,MAIN,2025,GBPUSD,H4,DEAL,RISK_OFF,TREND_UP,NORMAL,CLASSIFIED,2,2,0,0.05555556,31.86000000,31.86000000,0.00000000,,0.00000000,PARTITION_REALIZED_SEQUENCE,EXIT_TIME_MSC_THEN_SOURCE_DEAL_ID,,,UNAVAILABLE_FROM_SOURCE_BOUND_UNIT_PACKAGE,1.00000000,0,{},UNKNOWN,NO_PREDECLARED_NUMERIC_MAPPING_IN_CONTRACT,BASKET_UNAVAILABLE;SINGLE_YEAR_ABS_NET_GE_50PCT,COMPLETE,2,1,1,UNAVAILABLE_NO_SOURCE_BASKET_ID
BOSS19_P4B_REGIME_AFFINITY_V1,2026-09-02T17:30:00Z,1330a822ed66149ba07d693d8732ced5b9e9ce66d15f34ce8d21ef70894b760c,5f3a0f8d1accd25cb6cc08ad1c6e291aed6d238d620269102151016dbfaf569d,858f4d02d1ae30511dd1f38ffab347c85c06a4a25df4bedf901dc169c2847916,ffa5a59f49cf9099c50520cc95c548ad2d47883a472689dfb58ffc722a44d51e,bb331765f169503ad878223d54a6f45fd2bb6e289609ae671857e298384463a4,BOSS19_P4_REGIME_CLASSIFIER_V1,1.0.0,H3-C10-BWD,BWD,2020,AUDUSD,M15,DEAL,NEUTRAL,RANGE,LOW,CLASSIFIED,2,2,0,0.10000000,22.79000000,22.79000000,0.00000000,,0.00000000,PARTITION_REALIZED_SEQUENCE,EXIT_TIME_MSC_THEN_SOURCE_DEAL_ID,,,UNAVAILABLE_FROM_SOURCE_BOUND_UNIT_PACKAGE,1.00000000,0,{},UNKNOWN,NO_PREDECLARED_NUMERIC_MAPPING_IN_CONTRACT,BASKET_UNAVAILABLE;SHORT_CALENDAR_SPAN;SINGLE_YEAR_ABS_NET_GE_50PCT,COMPLETE,2,1,1,UNAVAILABLE_NO_SOURCE_BASKET_ID
BOSS19_P4B_REGIME_AFFINITY_V1,2026-09-02T17:30:00Z,1330a822ed66149ba07d693d8732ced5b9e9ce66d15f34ce8d21ef70894b760c,5f3a0f8d1accd25cb6cc08ad1c6e291aed6d238d620269102151016dbfaf569d,858f4d02d1ae30511dd1f38ffab347c85c06a4a25df4bedf901dc169c2847916,ffa5a59f49cf9099c50520cc95c548ad2d47883a472689dfb58ffc722a44d51e,bb331765f169503ad878223d54a6f45fd2bb6e289609ae671857e298384463a4,BOSS19_P4_REGIME_CLASSIFIER_V1,1.0.0,H3-C10-BWD,BWD,2020,AUDUSD,M15,DEAL,NEUTRAL,RANGE,NORMAL,CLASSIFIED,5,5,0,0.25000000,73.80000000,73.80000000,0.00000000,,0.00000000,PARTITION_REALIZED_SEQUENCE,EXIT_TIME_MSC_THEN_SOURCE_DEAL_ID,,,UNAVAILABLE_FROM_SOURCE_BOUND_UNIT_PACKAGE,1.00000000,0,{},UNKNOWN,NO_PREDECLARED_NUMERIC_MAPPING_IN_CONTRACT,BASKET_UNAVAILABLE;SHORT_CALENDAR_SPAN;SINGLE_YEAR_ABS_NET_GE_50PCT,COMPLETE,3,3,1,UNAVAILABLE_NO_SOURCE_BASKET_ID
BOSS19_P4B_REGIME_AFFINITY_V1,2026-09-02T17:30:00Z,1330a822ed66149ba07d693d8732ced5b9e9ce66d15f34ce8d21ef70894b760c,5f3a0f8d1accd25cb6cc08ad1c6e291aed6d238d620269102151016dbfaf569d,858f4d02d1ae30511dd1f38ffab347c85c06a4a25df4bedf901dc169c2847916,ffa5a59f49cf9099c50520cc95c548ad2d47883a472689dfb58ffc722a44d51e,bb331765f169503ad878223d54a6f45fd2bb6e289609ae671857e298384463a4,BOSS19_P4_REGIME_CLASSIFIER_V1,1.0.0,H3-C10-BWD,BWD,2020,AUDUSD,M15,DEAL,NEUTRAL,TREND_UP,HIGH,CLASSIFIED,1,1,0,0.05000000,24.86000000,24.86000000,0.00000000,,0.00000000,PARTITION_REALIZED_SEQUENCE,EXIT_TIME_MSC_THEN_SOURCE_DEAL_ID,,,UNAVAILABLE_FROM_SOURCE_BOUND_UNIT_PACKAGE,1.00000000,0,{},UNKNOWN,NO_PREDECLARED_NUMERIC_MAPPING_IN_CONTRACT,BASKET_UNAVAILABLE;SHORT_CALENDAR_SPAN;SINGLE_YEAR_ABS_NET_GE_50PCT,COMPLETE,1,1,1,UNAVAILABLE_NO_SOURCE_BASKET_ID
BOSS19_P4B_REGIME_AFFINITY_V1,2026-09-02T17:30:00Z,1330a822ed66149ba07d693d8732ced5b9e9ce66d15f34ce8d21ef70894b760c,5f3a0f8d1accd25cb6cc08ad1c6e291aed6d238d620269102151016dbfaf569d,858f4d02d1ae30511dd1f38ffab347c85c06a4a25df4bedf901dc169c2847916,ffa5a59f49cf9099c50520cc95c548ad2d47883a472689dfb58ffc722a44d51e,bb331765f169503ad878223d54a6f45fd2bb6e289609ae671857e298384463a4,BOSS19_P4_REGIME_CLASSIFIER_V1,1.0.0,H3-C10-BWD,BWD,2020,AUDUSD,M15,DEAL,NEUTRAL,TREND_UP,LOW,CLASSIFIED,5,5,0,0.25000000,73.67000000,73.67000000,0.00000000,,0.00000000,PARTITION_REALIZED_SEQUENCE,EXIT_TIME_MSC_THEN_SOURCE_DEAL_ID,,,UNAVAILABLE_FROM_SOURCE_BOUND_UNIT_PACKAGE,1.00000000,0,{},UNKNOWN,NO_PREDECLARED_NUMERIC_MAPPING_IN_CONTRACT,BASKET_UNAVAILABLE;SHORT_CALENDAR_SPAN;SINGLE_YEAR_ABS_NET_GE_50PCT,COMPLETE,3,1,1,UNAVAILABLE_NO_SOURCE_BASKET_ID
BOSS19_P4B_REGIME_AFFINITY_V1,2026-09-02T17:30:00Z,1330a822ed66149ba07d693d8732ced5b9e9ce66d15f34ce8d21ef70894b760c,5f3a0f8d1accd25cb6cc08ad1c6e291aed6d238d620269102151016dbfaf569d,858f4d02d1ae30511dd1f38ffab347c85c06a4a25df4bedf901dc169c2847916,ffa5a59f49cf9099c50520cc95c548ad2d47883a472689dfb58ffc722a44d51e,bb331765f169503ad878223d54a6f45fd2bb6e289609ae671857e298384463a4,BOSS19_P4_REGIME_CLASSIFIER_V1,1.0.0,H3-C10-BWD,BWD,2020,AUDUSD,M15,DEAL,NEUTRAL,TREND_UP,NORMAL,CLASSIFIED,5,5,0,0.25000000,64.58000000,64.58000000,0.00000000,,0.00000000,PARTITION_REALIZED_SEQUENCE,EXIT_TIME_MSC_THEN_SOURCE_DEAL_ID,,,UNAVAILABLE_FROM_SOURCE_BOUND_UNIT_PACKAGE,1.00000000,0,{},UNKNOWN,NO_PREDECLARED_NUMERIC_MAPPING_IN_CONTRACT,BASKET_UNAVAILABLE;SHORT_CALENDAR_SPAN;SINGLE_YEAR_ABS_NET_GE_50PCT,COMPLETE,3,3,1,UNAVAILABLE_NO_SOURCE_BASKET_ID
BOSS19_P4B_REGIME_AFFINITY_V1,2026-09-02T17:30:00Z,1330a822ed66149ba07d693d8732ced5b9e9ce66d15f34ce8d21ef70894b760c,5f3a0f8d1accd25cb6cc08ad1c6e291aed6d238d620269102151016dbfaf569d,858f4d02d1ae30511dd1f38ffab347c85c06a4a25df4bedf901dc169c2847916,ffa5a59f49cf9099c50520cc95c548ad2d47883a472689dfb58ffc722a44d51e,bb331765f169503ad878223d54a6f45fd2bb6e289609ae671857e298384463a4,BOSS19_P4_REGIME_CLASSIFIER_V1,1.0.0,H3-C10-BWD,BWD,2021,AUDUSD,M15,DEAL,NEUTRAL,RANGE,NORMAL,CLASSIFIED,1,1,0,0.05000000,10.54000000,10.54000000,0.00000000,,0.00000000,PARTITION_REALIZED_SEQUENCE,EXIT_TIME_MSC_THEN_SOURCE_DEAL_ID,,,UNAVAILABLE_FROM_SOURCE_BOUND_UNIT_PACKAGE,1.00000000,0,{},UNKNOWN,NO_PREDECLARED_NUMERIC_MAPPING_IN_CONTRACT,BASKET_UNAVAILABLE;SHORT_CALENDAR_SPAN;SINGLE_YEAR_ABS_NET_GE_50PCT,COMPLETE,1,1,1,UNAVAILABLE_NO_SOURCE_BASKET_ID
BOSS19_P4B_REGIME_AFFINITY_V1,2026-09-02T17:30:00Z,1330a822ed66149ba07d693d8732ced5b9e9ce66d15f34ce8d21ef70894b760c,5f3a0f8d1accd25cb6cc08ad1c6e291aed6d238d620269102151016dbfaf569d,858f4d02d1ae30511dd1f38ffab347c85c06a4a25df4bedf901dc169c2847916,ffa5a59f49cf9099c50520cc95c548ad2d47883a472689dfb58ffc722a44d51e,bb331765f169503ad878223d54a6f45fd2bb6e289609ae671857e298384463a4,BOSS19_P4_REGIME_CLASSIFIER_V1,1.0.0,H3-C10-BWD,BWD,2021,AUDUSD,M15,DEAL,NEUTRAL,TREND_UP,NORMAL,CLASSIFIED,1,1,0,0.05000000,-111.87000000,0.00000000,-111.87000000,0.00000000,111.87000000,PARTITION_REALIZED_SEQUENCE,EXIT_TIME_MSC_THEN_SOURCE_DEAL_ID,,,UNAVAILABLE_FROM_SOURCE_BOUND_UNIT_PACKAGE,1.00000000,0,{},UNKNOWN,NO_PREDECLARED_NUMERIC_MAPPING_IN_CONTRACT,BASKET_UNAVAILABLE;SHORT_CALENDAR_SPAN;SINGLE_YEAR_ABS_NET_GE_50PCT,COMPLETE,1,1,1,UNAVAILABLE_NO_SOURCE_BASKET_ID
BOSS19_P4B_REGIME_AFFINITY_V1,2026-09-02T17:30:00Z,1330a822ed66149ba07d693d8732ced5b9e9ce66d15f34ce8d21ef70894b760c,5f3a0f8d1accd25cb6cc08ad1c6e291aed6d238d620269102151016dbfaf569d,858f4d02d1ae30511dd1f38ffab347c85c06a4a25df4bedf901dc169c2847916,ffa5a59f49cf9099c50520cc95c548ad2d47883a472689dfb58ffc722a44d51e,bb331765f169503ad878223d54a6f45fd2bb6e289609ae671857e298384463a4,BOSS19_P4_REGIME_CLASSIFIER_V1,1.0.0,H3-C10-MAIN,MAIN,2023,AUDUSD,M15,DEAL,NEUTRAL,RANGE,LOW,CLASSIFIED,1,1,0,0.16666667,-37.88000000,0.00000000,-37.88000000,0.00000000,37.88000000,PARTITION_REALIZED_SEQUENCE,EXIT_TIME_MSC_THEN_SOURCE_DEAL_ID,,,UNAVAILABLE_FROM_SOURCE_BOUND_UNIT_PACKAGE,1.00000000,0,{},UNKNOWN,NO_PREDECLARED_NUMERIC_MAPPING_IN_CONTRACT,BASKET_UNAVAILABLE;SHORT_CALENDAR_SPAN;SINGLE_TUPLE_ABS_NET_GE_50PCT;SINGLE_TUPLE_PARTICIPATION_GE_50PCT;SINGLE_YEAR_ABS_NET_GE_50PCT,COMPLETE,1,1,1,UNAVAILABLE_NO_SOURCE_BASKET_ID
BOSS19_P4B_REGIME_AFFINITY_V1,2026-09-02T17:30:00Z,1330a822ed66149ba07d693d8732ced5b9e9ce66d15f34ce8d21ef70894b760c,5f3a0f8d1accd25cb6cc08ad1c6e291aed6d238d620269102151016dbfaf569d,858f4d02d1ae30511dd1f38ffab347c85c06a4a25df4bedf901dc169c2847916,ffa5a59f49cf9099c50520cc95c548ad2d47883a472689dfb58ffc722a44d51e,bb331765f169503ad878223d54a6f45fd2bb6e289609ae671857e298384463a4,BOSS19_P4_REGIME_CLASSIFIER_V1,1.0.0,H3-C10-MAIN,MAIN,2023,AUDUSD,M15,DEAL,RISK_OFF,RANGE,NORMAL,CLASSIFIED,2,2,0,0.33333333,17.35000000,17.35000000,0.00000000,,0.00000000,PARTITION_REALIZED_SEQUENCE,EXIT_TIME_MSC_THEN_SOURCE_DEAL_ID,,,UNAVAILABLE_FROM_SOURCE_BOUND_UNIT_PACKAGE,1.00000000,0,{},UNKNOWN,NO_PREDECLARED_NUMERIC_MAPPING_IN_CONTRACT,BASKET_UNAVAILABLE;SHORT_CALENDAR_SPAN;SINGLE_TUPLE_ABS_NET_GE_50PCT;SINGLE_TUPLE_PARTICIPATION_GE_50PCT;SINGLE_YEAR_ABS_NET_GE_50PCT,COMPLETE,2,1,1,UNAVAILABLE_NO_SOURCE_BASKET_ID
BOSS19_P4B_REGIME_AFFINITY_V1,2026-09-02T17:30:00Z,1330a822ed66149ba07d693d8732ced5b9e9ce66d15f34ce8d21ef70894b760c,5f3a0f8d1accd25cb6cc08ad1c6e291aed6d238d620269102151016dbfaf569d,858f4d02d1ae30511dd1f38ffab347c85c06a4a25df4bedf901dc169c2847916,ffa5a59f49cf9099c50520cc95c548ad2d47883a472689dfb58ffc722a44d51e,bb331765f169503ad878223d54a6f45fd2bb6e289609ae671857e298384463a4,BOSS19_P4_REGIME_CLASSIFIER_V1,1.0.0,H3-C10-MAIN,MAIN,2023,AUDUSD,M15,DEAL,RISK_OFF,TREND_UP,NORMAL,CLASSIFIED,3,3,0,0.50000000,60.70000000,60.70000000,0.00000000,,0.00000000,PARTITION_REALIZED_SEQUENCE,EXIT_TIME_MSC_THEN_SOURCE_DEAL_ID,,,UNAVAILABLE_FROM_SOURCE_BOUND_UNIT_PACKAGE,1.00000000,0,{},UNKNOWN,NO_PREDECLARED_NUMERIC_MAPPING_IN_CONTRACT,BASKET_UNAVAILABLE;SHORT_CALENDAR_SPAN;SINGLE_TUPLE_ABS_NET_GE_50PCT;SINGLE_TUPLE_PARTICIPATION_GE_50PCT;SINGLE_YEAR_ABS_NET_GE_50PCT,COMPLETE,1,1,1,UNAVAILABLE_NO_SOURCE_BASKET_ID
BOSS19_P4B_REGIME_AFFINITY_V1,2026-09-02T17:30:00Z,1330a822ed66149ba07d693d8732ced5b9e9ce66d15f34ce8d21ef70894b760c,5f3a0f8d1accd25cb6cc08ad1c6e291aed6d238d620269102151016dbfaf569d,858f4d02d1ae30511dd1f38ffab347c85c06a4a25df4bedf901dc169c2847916,ffa5a59f49cf9099c50520cc95c548ad2d47883a472689dfb58ffc722a44d51e,bb331765f169503ad878223d54a6f45fd2bb6e289609ae671857e298384463a4,BOSS19_P4_REGIME_CLASSIFIER_V1,1.0.0,H3-C11-BWD,BWD,2020,AUDUSD,H1,DEAL,NEUTRAL,RANGE,LOW,CLASSIFIED,1,1,0,0.03125000,-4.14000000,0.00000000,-4.14000000,0.00000000,4.14000000,PARTITION_REALIZED_SEQUENCE,EXIT_TIME_MSC_THEN_SOURCE_DEAL_ID,,,UNAVAILABLE_FROM_SOURCE_BOUND_UNIT_PACKAGE,1.00000000,0,{},UNKNOWN,NO_PREDECLARED_NUMERIC_MAPPING_IN_CONTRACT,BASKET_UNAVAILABLE,COMPLETE,1,1,1,UNAVAILABLE_NO_SOURCE_BASKET_ID
BOSS19_P4B_REGIME_AFFINITY_V1,2026-09-02T17:30:00Z,1330a822ed66149ba07d693d8732ced5b9e9ce66d15f34ce8d21ef70894b760c,5f3a0f8d1accd25cb6cc08ad1c6e291aed6d238d620269102151016dbfaf569d,858f4d02d1ae30511dd1f38ffab347c85c06a4a25df4bedf901dc169c2847916,ffa5a59f49cf9099c50520cc95c548ad2d47883a472689dfb58ffc722a44d51e,bb331765f169503ad878223d54a6f45fd2bb6e289609ae671857e298384463a4,BOSS19_P4_REGIME_CLASSIFIER_V1,1.0.0,H3-C11-BWD,BWD,2020,AUDUSD,H1,DEAL,NEUTRAL,RANGE,NORMAL,CLASSIFIED,3,3,0,0.09375000,26.24000000,26.24000000,0.00000000,,0.00000000,PARTITION_REALIZED_SEQUENCE,EXIT_TIME_MSC_THEN_SOURCE_DEAL_ID,,,UNAVAILABLE_FROM_SOURCE_BOUND_UNIT_PACKAGE,1.00000000,0,{},UNKNOWN,NO_PREDECLARED_NUMERIC_MAPPING_IN_CONTRACT,BASKET_UNAVAILABLE,COMPLETE,3,2,1,UNAVAILABLE_NO_SOURCE_BASKET_ID
BOSS19_P4B_REGIME_AFFINITY_V1,2026-09-02T17:30:00Z,1330a822ed66149ba07d693d8732ced5b9e9ce66d15f34ce8d21ef70894b760c,5f3a0f8d1accd25cb6cc08ad1c6e291aed6d238d620269102151016dbfaf569d,858f4d02d1ae30511dd1f38ffab347c85c06a4a25df4bedf901dc169c2847916,ffa5a59f49cf9099c50520cc95c548ad2d47883a472689dfb58ffc722a44d51e,bb331765f169503ad878223d54a6f45fd2bb6e289609ae671857e298384463a4,BOSS19_P4_REGIME_CLASSIFIER_V1,1.0.0,H3-C11-BWD,BWD,2020,AUDUSD,H1,DEAL,NEUTRAL,TRANSITION,HIGH,CLASSIFIED,3,3,0,0.09375000,8.56000000,8.56000000,0.00000000,,0.00000000,PARTITION_REALIZED_SEQUENCE,EXIT_TIME_MSC_THEN_SOURCE_DEAL_ID,,,UNAVAILABLE_FROM_SOURCE_BOUND_UNIT_PACKAGE,1.00000000,0,{},UNKNOWN,NO_PREDECLARED_NUMERIC_MAPPING_IN_CONTRACT,BASKET_UNAVAILABLE,COMPLETE,2,1,1,UNAVAILABLE_NO_SOURCE_BASKET_ID
BOSS19_P4B_REGIME_AFFINITY_V1,2026-09-02T17:30:00Z,1330a822ed66149ba07d693d8732ced5b9e9ce66d15f34ce8d21ef70894b760c,5f3a0f8d1accd25cb6cc08ad1c6e291aed6d238d620269102151016dbfaf569d,858f4d02d1ae30511dd1f38ffab347c85c06a4a25df4bedf901dc169c2847916,ffa5a59f49cf9099c50520cc95c548ad2d47883a472689dfb58ffc722a44d51e,bb331765f169503ad878223d54a6f45fd2bb6e289609ae671857e298384463a4,BOSS19_P4_REGIME_CLASSIFIER_V1,1.0.0,H3-C11-BWD,BWD,2020,AUDUSD,H1,DEAL,NEUTRAL,TRANSITION,NORMAL,CLASSIFIED,2,2,0,0.06250000,28.18000000,28.18000000,0.00000000,,0.00000000,PARTITION_REALIZED_SEQUENCE,EXIT_TIME_MSC_THEN_SOURCE_DEAL_ID,,,UNAVAILABLE_FROM_SOURCE_BOUND_UNIT_PACKAGE,1.00000000,0,{},UNKNOWN,NO_PREDECLARED_NUMERIC_MAPPING_IN_CONTRACT,BASKET_UNAVAILABLE,COMPLETE,1,1,1,UNAVAILABLE_NO_SOURCE_BASKET_ID
BOSS19_P4B_REGIME_AFFINITY_V1,2026-09-02T17:30:00Z,1330a822ed66149ba07d693d8732ced5b9e9ce66d15f34ce8d21ef70894b760c,5f3a0f8d1accd25cb6cc08ad1c6e291aed6d238d620269102151016dbfaf569d,858f4d02d1ae30511dd1f38ffab347c85c06a4a25df4bedf901dc169c2847916,ffa5a59f49cf9099c50520cc95c548ad2d47883a472689dfb58ffc722a44d51e,bb331765f169503ad878223d54a6f45fd2bb6e289609ae671857e298384463a4,BOSS19_P4_REGIME_CLASSIFIER_V1,1.0.0,H3-C11-BWD,BWD,2020,AUDUSD,H1,DEAL,NEUTRAL,TREND_UP,NORMAL,CLASSIFIED,8,8,0,0.25000000,123.73000000,123.73000000,0.00000000,,0.00000000,PARTITION_REALIZED_SEQUENCE,EXIT_TIME_MSC_THEN_SOURCE_DEAL_ID,,,UNAVAILABLE_FROM_SOURCE_BOUND_UNIT_PACKAGE,1.00000000,0,{},UNKNOWN,NO_PREDECLARED_NUMERIC_MAPPING_IN_CONTRACT,BASKET_UNAVAILABLE,COMPLETE,4,3,1,UNAVAILABLE_NO_SOURCE_BASKET_ID
BOSS19_P4B_REGIME_AFFINITY_V1,2026-09-02T17:30:00Z,1330a822ed66149ba07d693d8732ced5b9e9ce66d15f34ce8d21ef70894b760c,5f3a0f8d1accd25cb6cc08ad1c6e291aed6d238d620269102151016dbfaf569d,858f4d02d1ae30511dd1f38ffab347c85c06a4a25df4bedf901dc169c2847916,ffa5a59f49cf9099c50520cc95c548ad2d47883a472689dfb58ffc722a44d51e,bb331765f169503ad878223d54a6f45fd2bb6e289609ae671857e298384463a4,BOSS19_P4_REGIME_CLASSIFIER_V1,1.0.0,H3-C11-BWD,BWD,2020,AUDUSD,H1,DEAL,STRESS,TRANSITION,HIGH,CLASSIFIED,1,1,0,0.03125000,12.01000000,12.01000000,0.00000000,,0.00000000,PARTITION_REALIZED_SEQUENCE,EXIT_TIME_MSC_THEN_SOURCE_DEAL_ID,,,UNAVAILABLE_FROM_SOURCE_BOUND_UNIT_PACKAGE,1.00000000,0,{},UNKNOWN,NO_PREDECLARED_NUMERIC_MAPPING_IN_CONTRACT,BASKET_UNAVAILABLE,COMPLETE,1,1,1,UNAVAILABLE_NO_SOURCE_BASKET_ID
BOSS19_P4B_REGIME_AFFINITY_V1,2026-09-02T17:30:00Z,1330a822ed66149ba07d693d8732ced5b9e9ce66d15f34ce8d21ef70894b760c,5f3a0f8d1accd25cb6cc08ad1c6e291aed6d238d620269102151016dbfaf569d,858f4d02d1ae30511dd1f38ffab347c85c06a4a25df4bedf901dc169c2847916,ffa5a59f49cf9099c50520cc95c548ad2d47883a472689dfb58ffc722a44d51e,bb331765f169503ad878223d54a6f45fd2bb6e289609ae671857e298384463a4,BOSS19_P4_REGIME_CLASSIFIER_V1,1.0.0,H3-C11-BWD,BWD,2021,AUDUSD,H1,DEAL,NEUTRAL,RANGE,NORMAL,CLASSIFIED,1,1,0,0.03125000,10.59000000,10.59000000,0.00000000,,0.00000000,PARTITION_REALIZED_SEQUENCE,EXIT_TIME_MSC_THEN_SOURCE_DEAL_ID,,,UNAVAILABLE_FROM_SOURCE_BOUND_UNIT_PACKAGE,1.00000000,0,{},UNKNOWN,NO_PREDECLARED_NUMERIC_MAPPING_IN_CONTRACT,BASKET_UNAVAILABLE,COMPLETE,1,1,1,UNAVAILABLE_NO_SOURCE_BASKET_ID
BOSS19_P4B_REGIME_AFFINITY_V1,2026-09-02T17:30:00Z,1330a822ed66149ba07d693d8732ced5b9e9ce66d15f34ce8d21ef70894b760c,5f3a0f8d1accd25cb6cc08ad1c6e291aed6d238d620269102151016dbfaf569d,858f4d02d1ae30511dd1f38ffab347c85c06a4a25df4bedf901dc169c2847916,ffa5a59f49cf9099c50520cc95c548ad2d47883a472689dfb58ffc722a44d51e,bb331765f169503ad878223d54a6f45fd2bb6e289609ae671857e298384463a4,BOSS19_P4_REGIME_CLASSIFIER_V1,1.0.0,H3-C11-BWD,BWD,2021,AUDUSD,H1,DEAL,NEUTRAL,TREND_DOWN,NORMAL,CLASSIFIED,1,1,0,0.03125000,2.14000000,2.14000000,0.00000000,,0.00000000,PARTITION_REALIZED_SEQUENCE,EXIT_TIME_MSC_THEN_SOURCE_DEAL_ID,,,UNAVAILABLE_FROM_SOURCE_BOUND_UNIT_PACKAGE,1.00000000,0,{},UNKNOWN,NO_PREDECLARED_NUMERIC_MAPPING_IN_CONTRACT,BASKET_UNAVAILABLE,COMPLETE,1,1,1,UNAVAILABLE_NO_SOURCE_BASKET_ID
BOSS19_P4B_REGIME_AFFINITY_V1,2026-09-02T17:30:00Z,1330a822ed66149ba07d693d8732ced5b9e9ce66d15f34ce8d21ef70894b760c,5f3a0f8d1accd25cb6cc08ad1c6e291aed6d238d620269102151016dbfaf569d,858f4d02d1ae30511dd1f38ffab347c85c06a4a25df4bedf901dc169c2847916,ffa5a59f49cf9099c50520cc95c548ad2d47883a472689dfb58ffc722a44d51e,bb331765f169503ad878223d54a6f45fd2bb6e289609ae671857e298384463a4,BOSS19_P4_REGIME_CLASSIFIER_V1,1.0.0,H3-C11-BWD,BWD,2021,AUDUSD,H1,DEAL,NEUTRAL,TREND_UP,LOW,CLASSIFIED,3,3,0,0.09375000,46.91000000,46.91000000,0.00000000,,0.00000000,PARTITION_REALIZED_SEQUENCE,EXIT_TIME_MSC_THEN_SOURCE_DEAL_ID,,,UNAVAILABLE_FROM_SOURCE_BOUND_UNIT_PACKAGE,1.00000000,0,{},UNKNOWN,NO_PREDECLARED_NUMERIC_MAPPING_IN_CONTRACT,BASKET_UNAVAILABLE,COMPLETE,2,1,1,UNAVAILABLE_NO_SOURCE_BASKET_ID
BOSS19_P4B_REGIME_AFFINITY_V1,2026-09-02T17:30:00Z,1330a822ed66149ba07d693d8732ced5b9e9ce66d15f34ce8d21ef70894b760c,5f3a0f8d1accd25cb6cc08ad1c6e291aed6d238d620269102151016dbfaf569d,858f4d02d1ae30511dd1f38ffab347c85c06a4a25df4bedf901dc169c2847916,ffa5a59f49cf9099c50520cc95c548ad2d47883a472689dfb58ffc722a44d51e,bb331765f169503ad878223d54a6f45fd2bb6e289609ae671857e298384463a4,BOSS19_P4_REGIME_CLASSIFIER_V1,1.0.0,H3-C11-BWD,BWD,2021,AUDUSD,H1,DEAL,NEUTRAL,TREND_UP,NORMAL,CLASSIFIED,1,1,0,0.03125000,8.62000000,8.62000000,0.00000000,,0.00000000,PARTITION_REALIZED_SEQUENCE,EXIT_TIME_MSC_THEN_SOURCE_DEAL_ID,,,UNAVAILABLE_FROM_SOURCE_BOUND_UNIT_PACKAGE,1.00000000,0,{},UNKNOWN,NO_PREDECLARED_NUMERIC_MAPPING_IN_CONTRACT,BASKET_UNAVAILABLE,COMPLETE,1,1,1,UNAVAILABLE_NO_SOURCE_BASKET_ID
BOSS19_P4B_REGIME_AFFINITY_V1,2026-09-02T17:30:00Z,1330a822ed66149ba07d693d8732ced5b9e9ce66d15f34ce8d21ef70894b760c,5f3a0f8d1accd25cb6cc08ad1c6e291aed6d238d620269102151016dbfaf569d,858f4d02d1ae30511dd1f38ffab347c85c06a4a25df4bedf901dc169c2847916,ffa5a59f49cf9099c50520cc95c548ad2d47883a472689dfb58ffc722a44d51e,bb331765f169503ad878223d54a6f45fd2bb6e289609ae671857e298384463a4,BOSS19_P4_REGIME_CLASSIFIER_V1,1.0.0,H3-C11-BWD,BWD,2021,AUDUSD,H1,DEAL,RISK_OFF,TREND_DOWN,NORMAL,CLASSIFIED,3,3,0,0.09375000,5.56000000,5.56000000,0.00000000,,0.00000000,PARTITION_REALIZED_SEQUENCE,EXIT_TIME_MSC_THEN_SOURCE_DEAL_ID,,,UNAVAILABLE_FROM_SOURCE_BOUND_UNIT_PACKAGE,1.00000000,0,{},UNKNOWN,NO_PREDECLARED_NUMERIC_MAPPING_IN_CONTRACT,BASKET_UNAVAILABLE,COMPLETE,1,1,1,UNAVAILABLE_NO_SOURCE_BASKET_ID
BOSS19_P4B_REGIME_AFFINITY_V1,2026-09-02T17:30:00Z,1330a822ed66149ba07d693d8732ced5b9e9ce66d15f34ce8d21ef70894b760c,5f3a0f8d1accd25cb6cc08ad1c6e291aed6d238d620269102151016dbfaf569d,858f4d02d1ae30511dd1f38ffab347c85c06a4a25df4bedf901dc169c2847916,ffa5a59f49cf9099c50520cc95c548ad2d47883a472689dfb58ffc722a44d51e,bb331765f169503ad878223d54a6f45fd2bb6e289609ae671857e298384463a4,BOSS19_P4_REGIME_CLASSIFIER_V1,1.0.0,H3-C11-BWD,BWD,2022,AUDUSD,H1,DEAL,NEUTRAL,RANGE,HIGH,CLASSIFIED,1,1,0,0.03125000,2.38000000,2.38000000,0.00000000,,0.00000000,PARTITION_REALIZED_SEQUENCE,EXIT_TIME_MSC_THEN_SOURCE_DEAL_ID,,,UNAVAILABLE_FROM_SOURCE_BOUND_UNIT_PACKAGE,1.00000000,0,{},UNKNOWN,NO_PREDECLARED_NUMERIC_MAPPING_IN_CONTRACT,BASKET_UNAVAILABLE,COMPLETE,1,1,1,UNAVAILABLE_NO_SOURCE_BASKET_ID
BOSS19_P4B_REGIME_AFFINITY_V1,2026-09-02T17:30:00Z,1330a822ed66149ba07d693d8732ced5b9e9ce66d15f34ce8d21ef70894b760c,5f3a0f8d1accd25cb6cc08ad1c6e291aed6d238d620269102151016dbfaf569d,858f4d02d1ae30511dd1f38ffab347c85c06a4a25df4bedf901dc169c2847916,ffa5a59f49cf9099c50520cc95c548ad2d47883a472689dfb58ffc722a44d51e,bb331765f169503ad878223d54a6f45fd2bb6e289609ae671857e298384463a4,BOSS19_P4_REGIME_CLASSIFIER_V1,1.0.0,H3-C11-BWD,BWD,2022,AUDUSD,H1,DEAL,NEUTRAL,RANGE,NORMAL,CLASSIFIED,1,1,0,0.03125000,-125.54000000,0.00000000,-125.54000000,0.00000000,125.54000000,PARTITION_REALIZED_SEQUENCE,EXIT_TIME_MSC_THEN_SOURCE_DEAL_ID,,,UNAVAILABLE_FROM_SOURCE_BOUND_UNIT_PACKAGE,1.00000000,0,{},UNKNOWN,NO_PREDECLARED_NUMERIC_MAPPING_IN_CONTRACT,BASKET_UNAVAILABLE,COMPLETE,1,1,1,UNAVAILABLE_NO_SOURCE_BASKET_ID
BOSS19_P4B_REGIME_AFFINITY_V1,2026-09-02T17:30:00Z,1330a822ed66149ba07d693d8732ced5b9e9ce66d15f34ce8d21ef70894b760c,5f3a0f8d1accd25cb6cc08ad1c6e291aed6d238d620269102151016dbfaf569d,858f4d02d1ae30511dd1f38ffab347c85c06a4a25df4bedf901dc169c2847916,ffa5a59f49cf9099c50520cc95c548ad2d47883a472689dfb58ffc722a44d51e,bb331765f169503ad878223d54a6f45fd2bb6e289609ae671857e298384463a4,BOSS19_P4_REGIME_CLASSIFIER_V1,1.0.0,H3-C11-BWD,BWD,2022,AUDUSD,H1,DEAL,NEUTRAL,TRANSITION,HIGH,CLASSIFIED,1,1,0,0.03125000,3.09000000,3.09000000,0.00000000,,0.00000000,PARTITION_REALIZED_SEQUENCE,EXIT_TIME_MSC_THEN_SOURCE_DEAL_ID,,,UNAVAILABLE_FROM_SOURCE_BOUND_UNIT_PACKAGE,1.00000000,0,{},UNKNOWN,NO_PREDECLARED_NUMERIC_MAPPING_IN_CONTRACT,BASKET_UNAVAILABLE,COMPLETE,1,1,1,UNAVAILABLE_NO_SOURCE_BASKET_ID
BOSS19_P4B_REGIME_AFFINITY_V1,2026-09-02T17:30:00Z,1330a822ed66149ba07d693d8732ced5b9e9ce66d15f34ce8d21ef70894b760c,5f3a0f8d1accd25cb6cc08ad1c6e291aed6d238d620269102151016dbfaf569d,858f4d02d1ae30511dd1f38ffab347c85c06a4a25df4bedf901dc169c2847916,ffa5a59f49cf9099c50520cc95c548ad2d47883a472689dfb58ffc722a44d51e,bb331765f169503ad878223d54a6f45fd2bb6e289609ae671857e298384463a4,BOSS19_P4_REGIME_CLASSIFIER_V1,1.0.0,H3-C11-BWD,BWD,2022,AUDUSD,H1,DEAL,NEUTRAL,TRANSITION,NORMAL,CLASSIFIED,2,2,0,0.06250000,-119.07000000,0.00000000,-119.07000000,0.00000000,119.07000000,PARTITION_REALIZED_SEQUENCE,EXIT_TIME_MSC_THEN_SOURCE_DEAL_ID,,,UNAVAILABLE_FROM_SOURCE_BOUND_UNIT_PACKAGE,1.00000000,0,{},UNKNOWN,NO_PREDECLARED_NUMERIC_MAPPING_IN_CONTRACT,BASKET_UNAVAILABLE,COMPLETE,1,1,1,UNAVAILABLE_NO_SOURCE_BASKET_ID
BOSS19_P4B_REGIME_AFFINITY_V1,2026-09-02T17:30:00Z,1330a822ed66149ba07d693d8732ced5b9e9ce66d15f34ce8d21ef70894b760c,5f3a0f8d1accd25cb6cc08ad1c6e291aed6d238d620269102151016dbfaf569d,858f4d02d1ae30511dd1f38ffab347c85c06a4a25df4bedf901dc169c2847916,ffa5a59f49cf9099c50520cc95c548ad2d47883a472689dfb58ffc722a44d51e,bb331765f169503ad878223d54a6f45fd2bb6e289609ae671857e298384463a4,BOSS19_P4_REGIME_CLASSIFIER_V1,1.0.0,H3-C11-MAIN,MAIN,2023,AUDUSD,H1,DEAL,NEUTRAL,RANGE,NORMAL,CLASSIFIED,2,2,0,0.66666667,-32.52000000,13.00000000,-45.52000000,0.28558875,45.52000000,PARTITION_REALIZED_SEQUENCE,EXIT_TIME_MSC_THEN_SOURCE_DEAL_ID,,,UNAVAILABLE_FROM_SOURCE_BOUND_UNIT_PACKAGE,1.00000000,0,{},UNKNOWN,NO_PREDECLARED_NUMERIC_MAPPING_IN_CONTRACT,BASKET_UNAVAILABLE;SHORT_CALENDAR_SPAN;SINGLE_TUPLE_ABS_NET_GE_50PCT;SINGLE_TUPLE_PARTICIPATION_GE_50PCT;SINGLE_YEAR_ABS_NET_GE_50PCT,COMPLETE,2,2,1,UNAVAILABLE_NO_SOURCE_BASKET_ID
BOSS19_P4B_REGIME_AFFINITY_V1,2026-09-02T17:30:00Z,1330a822ed66149ba07d693d8732ced5b9e9ce66d15f34ce8d21ef70894b760c,5f3a0f8d1accd25cb6cc08ad1c6e291aed6d238d620269102151016dbfaf569d,858f4d02d1ae30511dd1f38ffab347c85c06a4a25df4bedf901dc169c2847916,ffa5a59f49cf9099c50520cc95c548ad2d47883a472689dfb58ffc722a44d51e,bb331765f169503ad878223d54a6f45fd2bb6e289609ae671857e298384463a4,BOSS19_P4_REGIME_CLASSIFIER_V1,1.0.0,H3-C11-MAIN,MAIN,2023,AUDUSD,H1,DEAL,RISK_OFF,RANGE,NORMAL,CLASSIFIED,1,1,0,0.33333333,14.66000000,14.66000000,0.00000000,,0.00000000,PARTITION_REALIZED_SEQUENCE,EXIT_TIME_MSC_THEN_SOURCE_DEAL_ID,,,UNAVAILABLE_FROM_SOURCE_BOUND_UNIT_PACKAGE,1.00000000,0,{},UNKNOWN,NO_PREDECLARED_NUMERIC_MAPPING_IN_CONTRACT,BASKET_UNAVAILABLE;SHORT_CALENDAR_SPAN;SINGLE_TUPLE_ABS_NET_GE_50PCT;SINGLE_TUPLE_PARTICIPATION_GE_50PCT;SINGLE_YEAR_ABS_NET_GE_50PCT,COMPLETE,1,1,1,UNAVAILABLE_NO_SOURCE_BASKET_ID
BOSS19_P4B_REGIME_AFFINITY_V1,2026-09-02T17:30:00Z,1330a822ed66149ba07d693d8732ced5b9e9ce66d15f34ce8d21ef70894b760c,5f3a0f8d1accd25cb6cc08ad1c6e291aed6d238d620269102151016dbfaf569d,858f4d02d1ae30511dd1f38ffab347c85c06a4a25df4bedf901dc169c2847916,ffa5a59f49cf9099c50520cc95c548ad2d47883a472689dfb58ffc722a44d51e,bb331765f169503ad878223d54a6f45fd2bb6e289609ae671857e298384463a4,BOSS19_P4_REGIME_CLASSIFIER_V1,1.0.0,H3-C12-BWD,BWD,2020,AUDUSD,H4,DEAL,NEUTRAL,RANGE,LOW,CLASSIFIED,1,1,0,0.03846154,12.36000000,12.36000000,0.00000000,,0.00000000,PARTITION_REALIZED_SEQUENCE,EXIT_TIME_MSC_THEN_SOURCE_DEAL_ID,,,UNAVAILABLE_FROM_SOURCE_BOUND_UNIT_PACKAGE,1.00000000,0,{},UNKNOWN,NO_PREDECLARED_NUMERIC_MAPPING_IN_CONTRACT,BASKET_UNAVAILABLE;SHORT_CALENDAR_SPAN;SINGLE_YEAR_ABS_NET_GE_50PCT,COMPLETE,1,1,1,UNAVAILABLE_NO_SOURCE_BASKET_ID
BOSS19_P4B_REGIME_AFFINITY_V1,2026-09-02T17:30:00Z,1330a822ed66149ba07d693d8732ced5b9e9ce66d15f34ce8d21ef70894b760c,5f3a0f8d1accd25cb6cc08ad1c6e291aed6d238d620269102151016dbfaf569d,858f4d02d1ae30511dd1f38ffab347c85c06a4a25df4bedf901dc169c2847916,ffa5a59f49cf9099c50520cc95c548ad2d47883a472689dfb58ffc722a44d51e,bb331765f169503ad878223d54a6f45fd2bb6e289609ae671857e298384463a4,BOSS19_P4_REGIME_CLASSIFIER_V1,1.0.0,H3-C12-BWD,BWD,2020,AUDUSD,H4,DEAL,NEUTRAL,RANGE,NORMAL,CLASSIFIED,3,3,0,0.11538462,24.92000000,24.92000000,0.00000000,,0.00000000,PARTITION_REALIZED_SEQUENCE,EXIT_TIME_MSC_THEN_SOURCE_DEAL_ID,,,UNAVAILABLE_FROM_SOURCE_BOUND_UNIT_PACKAGE,1.00000000,0,{},UNKNOWN,NO_PREDECLARED_NUMERIC_MAPPING_IN_CONTRACT,BASKET_UNAVAILABLE;SHORT_CALENDAR_SPAN;SINGLE_YEAR_ABS_NET_GE_50PCT,COMPLETE,2,2,1,UNAVAILABLE_NO_SOURCE_BASKET_ID
BOSS19_P4B_REGIME_AFFINITY_V1,2026-09-02T17:30:00Z,1330a822ed66149ba07d693d8732ced5b9e9ce66d15f34ce8d21ef70894b760c,5f3a0f8d1accd25cb6cc08ad1c6e291aed6d238d620269102151016dbfaf569d,858f4d02d1ae30511dd1f38ffab347c85c06a4a25df4bedf901dc169c2847916,ffa5a59f49cf9099c50520cc95c548ad2d47883a472689dfb58ffc722a44d51e,bb331765f169503ad878223d54a6f45fd2bb6e289609ae671857e298384463a4,BOSS19_P4_REGIME_CLASSIFIER_V1,1.0.0,H3-C12-BWD,BWD,2020,AUDUSD,H4,DEAL,NEUTRAL,TREND_UP,HIGH,CLASSIFIED,1,1,0,0.03846154,12.76000000,12.76000000,0.00000000,,0.00000000,PARTITION_REALIZED_SEQUENCE,EXIT_TIME_MSC_THEN_SOURCE_DEAL_ID,,,UNAVAILABLE_FROM_SOURCE_BOUND_UNIT_PACKAGE,1.00000000,0,{},UNKNOWN,NO_PREDECLARED_NUMERIC_MAPPING_IN_CONTRACT,BASKET_UNAVAILABLE;SHORT_CALENDAR_SPAN;SINGLE_YEAR_ABS_NET_GE_50PCT,COMPLETE,1,1,1,UNAVAILABLE_NO_SOURCE_BASKET_ID
BOSS19_P4B_REGIME_AFFINITY_V1,2026-09-02T17:30:00Z,1330a822ed66149ba07d693d8732ced5b9e9ce66d15f34ce8d21ef70894b760c,5f3a0f8d1accd25cb6cc08ad1c6e291aed6d238d620269102151016dbfaf569d,858f4d02d1ae30511dd1f38ffab347c85c06a4a25df4bedf901dc169c2847916,ffa5a59f49cf9099c50520cc95c548ad2d47883a472689dfb58ffc722a44d51e,bb331765f169503ad878223d54a6f45fd2bb6e289609ae671857e298384463a4,BOSS19_P4_REGIME_CLASSIFIER_V1,1.0.0,H3-C12-BWD,BWD,2020,AUDUSD,H4,DEAL,NEUTRAL,TREND_UP,LOW,CLASSIFIED,6,6,0,0.23076923,78.32000000,78.32000000,0.00000000,,0.00000000,PARTITION_REALIZED_SEQUENCE,EXIT_TIME_MSC_THEN_SOURCE_DEAL_ID,,,UNAVAILABLE_FROM_SOURCE_BOUND_UNIT_PACKAGE,1.00000000,0,{},UNKNOWN,NO_PREDECLARED_NUMERIC_MAPPING_IN_CONTRACT,BASKET_UNAVAILABLE;SHORT_CALENDAR_SPAN;SINGLE_YEAR_ABS_NET_GE_50PCT,COMPLETE,4,1,1,UNAVAILABLE_NO_SOURCE_BASKET_ID
BOSS19_P4B_REGIME_AFFINITY_V1,2026-09-02T17:30:00Z,1330a822ed66149ba07d693d8732ced5b9e9ce66d15f34ce8d21ef70894b760c,5f3a0f8d1accd25cb6cc08ad1c6e291aed6d238d620269102151016dbfaf569d,858f4d02d1ae30511dd1f38ffab347c85c06a4a25df4bedf901dc169c2847916,ffa5a59f49cf9099c50520cc95c548ad2d47883a472689dfb58ffc722a44d51e,bb331765f169503ad878223d54a6f45fd2bb6e289609ae671857e298384463a4,BOSS19_P4_REGIME_CLASSIFIER_V1,1.0.0,H3-C12-BWD,BWD,2020,AUDUSD,H4,DEAL,NEUTRAL,TREND_UP,NORMAL,CLASSIFIED,8,8,0,0.30769231,131.29000000,131.29000000,0.00000000,,0.00000000,PARTITION_REALIZED_SEQUENCE,EXIT_TIME_MSC_THEN_SOURCE_DEAL_ID,,,UNAVAILABLE_FROM_SOURCE_BOUND_UNIT_PACKAGE,1.00000000,0,{},UNKNOWN,NO_PREDECLARED_NUMERIC_MAPPING_IN_CONTRACT,BASKET_UNAVAILABLE;SHORT_CALENDAR_SPAN;SINGLE_YEAR_ABS_NET_GE_50PCT,COMPLETE,7,3,1,UNAVAILABLE_NO_SOURCE_BASKET_ID
BOSS19_P4B_REGIME_AFFINITY_V1,2026-09-02T17:30:00Z,1330a822ed66149ba07d693d8732ced5b9e9ce66d15f34ce8d21ef70894b760c,5f3a0f8d1accd25cb6cc08ad1c6e291aed6d238d620269102151016dbfaf569d,858f4d02d1ae30511dd1f38ffab347c85c06a4a25df4bedf901dc169c2847916,ffa5a59f49cf9099c50520cc95c548ad2d47883a472689dfb58ffc722a44d51e,bb331765f169503ad878223d54a6f45fd2bb6e289609ae671857e298384463a4,BOSS19_P4_REGIME_CLASSIFIER_V1,1.0.0,H3-C12-BWD,BWD,2020,AUDUSD,H4,DEAL,RISK_OFF,TREND_UP,NORMAL,CLASSIFIED,1,1,0,0.03846154,16.54000000,16.54000000,0.00000000,,0.00000000,PARTITION_REALIZED_SEQUENCE,EXIT_TIME_MSC_THEN_SOURCE_DEAL_ID,,,UNAVAILABLE_FROM_SOURCE_BOUND_UNIT_PACKAGE,1.00000000,0,{},UNKNOWN,NO_PREDECLARED_NUMERIC_MAPPING_IN_CONTRACT,BASKET_UNAVAILABLE;SHORT_CALENDAR_SPAN;SINGLE_YEAR_ABS_NET_GE_50PCT,COMPLETE,1,1,1,UNAVAILABLE_NO_SOURCE_BASKET_ID
BOSS19_P4B_REGIME_AFFINITY_V1,2026-09-02T17:30:00Z,1330a822ed66149ba07d693d8732ced5b9e9ce66d15f34ce8d21ef70894b760c,5f3a0f8d1accd25cb6cc08ad1c6e291aed6d238d620269102151016dbfaf569d,858f4d02d1ae30511dd1f38ffab347c85c06a4a25df4bedf901dc169c2847916,ffa5a59f49cf9099c50520cc95c548ad2d47883a472689dfb58ffc722a44d51e,bb331765f169503ad878223d54a6f45fd2bb6e289609ae671857e298384463a4,BOSS19_P4_REGIME_CLASSIFIER_V1,1.0.0,H3-C12-BWD,BWD,2020,AUDUSD,H4,DEAL,STRESS,RANGE,EXTREME,CLASSIFIED,1,1,0,0.03846154,12.48000000,12.48000000,0.00000000,,0.00000000,PARTITION_REALIZED_SEQUENCE,EXIT_TIME_MSC_THEN_SOURCE_DEAL_ID,,,UNAVAILABLE_FROM_SOURCE_BOUND_UNIT_PACKAGE,1.00000000,0,{},UNKNOWN,NO_PREDECLARED_NUMERIC_MAPPING_IN_CONTRACT,BASKET_UNAVAILABLE;SHORT_CALENDAR_SPAN;SINGLE_YEAR_ABS_NET_GE_50PCT,COMPLETE,1,1,1,UNAVAILABLE_NO_SOURCE_BASKET_ID
BOSS19_P4B_REGIME_AFFINITY_V1,2026-09-02T17:30:00Z,1330a822ed66149ba07d693d8732ced5b9e9ce66d15f34ce8d21ef70894b760c,5f3a0f8d1accd25cb6cc08ad1c6e291aed6d238d620269102151016dbfaf569d,858f4d02d1ae30511dd1f38ffab347c85c06a4a25df4bedf901dc169c2847916,ffa5a59f49cf9099c50520cc95c548ad2d47883a472689dfb58ffc722a44d51e,bb331765f169503ad878223d54a6f45fd2bb6e289609ae671857e298384463a4,BOSS19_P4_REGIME_CLASSIFIER_V1,1.0.0,H3-C12-BWD,BWD,2021,AUDUSD,H4,DEAL,NEUTRAL,TREND_UP,LOW,CLASSIFIED,2,2,0,0.07692308,-215.77000000,0.00000000,-215.77000000,0.00000000,215.77000000,PARTITION_REALIZED_SEQUENCE,EXIT_TIME_MSC_THEN_SOURCE_DEAL_ID,,,UNAVAILABLE_FROM_SOURCE_BOUND_UNIT_PACKAGE,1.00000000,0,{},UNKNOWN,NO_PREDECLARED_NUMERIC_MAPPING_IN_CONTRACT,BASKET_UNAVAILABLE;SHORT_CALENDAR_SPAN;SINGLE_YEAR_ABS_NET_GE_50PCT,COMPLETE,2,1,1,UNAVAILABLE_NO_SOURCE_BASKET_ID
BOSS19_P4B_REGIME_AFFINITY_V1,2026-09-02T17:30:00Z,1330a822ed66149ba07d693d8732ced5b9e9ce66d15f34ce8d21ef70894b760c,5f3a0f8d1accd25cb6cc08ad1c6e291aed6d238d620269102151016dbfaf569d,858f4d02d1ae30511dd1f38ffab347c85c06a4a25df4bedf901dc169c2847916,ffa5a59f49cf9099c50520cc95c548ad2d47883a472689dfb58ffc722a44d51e,bb331765f169503ad878223d54a6f45fd2bb6e289609ae671857e298384463a4,BOSS19_P4_REGIME_CLASSIFIER_V1,1.0.0,H3-C12-BWD,BWD,2021,AUDUSD,H4,DEAL,NEUTRAL,TREND_UP,NORMAL,CLASSIFIED,3,3,0,0.11538462,-193.51000000,28.37000000,-221.88000000,0.12786191,221.88000000,PARTITION_REALIZED_SEQUENCE,EXIT_TIME_MSC_THEN_SOURCE_DEAL_ID,,,UNAVAILABLE_FROM_SOURCE_BOUND_UNIT_PACKAGE,1.00000000,0,{},UNKNOWN,NO_PREDECLARED_NUMERIC_MAPPING_IN_CONTRACT,BASKET_UNAVAILABLE;SHORT_CALENDAR_SPAN;SINGLE_YEAR_ABS_NET_GE_50PCT,COMPLETE,2,2,1,UNAVAILABLE_NO_SOURCE_BASKET_ID
BOSS19_P4B_REGIME_AFFINITY_V1,2026-09-02T17:30:00Z,1330a822ed66149ba07d693d8732ced5b9e9ce66d15f34ce8d21ef70894b760c,5f3a0f8d1accd25cb6cc08ad1c6e291aed6d238d620269102151016dbfaf569d,858f4d02d1ae30511dd1f38ffab347c85c06a4a25df4bedf901dc169c2847916,ffa5a59f49cf9099c50520cc95c548ad2d47883a472689dfb58ffc722a44d51e,bb331765f169503ad878223d54a6f45fd2bb6e289609ae671857e298384463a4,BOSS19_P4_REGIME_CLASSIFIER_V1,1.0.0,H3-C12-MAIN,MAIN,2023,AUDUSD,H4,DEAL,NEUTRAL,TREND_UP,NORMAL,CLASSIFIED,3,3,0,0.50000000,-150.70000000,0.00000000,-150.70000000,0.00000000,150.70000000,PARTITION_REALIZED_SEQUENCE,EXIT_TIME_MSC_THEN_SOURCE_DEAL_ID,,,UNAVAILABLE_FROM_SOURCE_BOUND_UNIT_PACKAGE,1.00000000,0,{},UNKNOWN,NO_PREDECLARED_NUMERIC_MAPPING_IN_CONTRACT,BASKET_UNAVAILABLE;SHORT_CALENDAR_SPAN;SINGLE_TUPLE_ABS_NET_GE_50PCT;SINGLE_TUPLE_PARTICIPATION_GE_50PCT;SINGLE_YEAR_ABS_NET_GE_50PCT,COMPLETE,2,1,1,UNAVAILABLE_NO_SOURCE_BASKET_ID
BOSS19_P4B_REGIME_AFFINITY_V1,2026-09-02T17:30:00Z,1330a822ed66149ba07d693d8732ced5b9e9ce66d15f34ce8d21ef70894b760c,5f3a0f8d1accd25cb6cc08ad1c6e291aed6d238d620269102151016dbfaf569d,858f4d02d1ae30511dd1f38ffab347c85c06a4a25df4bedf901dc169c2847916,ffa5a59f49cf9099c50520cc95c548ad2d47883a472689dfb58ffc722a44d51e,bb331765f169503ad878223d54a6f45fd2bb6e289609ae671857e298384463a4,BOSS19_P4_REGIME_CLASSIFIER_V1,1.0.0,H3-C12-MAIN,MAIN,2023,AUDUSD,H4,DEAL,RISK_OFF,RANGE,LOW,CLASSIFIED,1,1,0,0.16666667,17.64000000,17.64000000,0.00000000,,0.00000000,PARTITION_REALIZED_SEQUENCE,EXIT_TIME_MSC_THEN_SOURCE_DEAL_ID,,,UNAVAILABLE_FROM_SOURCE_BOUND_UNIT_PACKAGE,1.00000000,0,{},UNKNOWN,NO_PREDECLARED_NUMERIC_MAPPING_IN_CONTRACT,BASKET_UNAVAILABLE;SHORT_CALENDAR_SPAN;SINGLE_TUPLE_ABS_NET_GE_50PCT;SINGLE_TUPLE_PARTICIPATION_GE_50PCT;SINGLE_YEAR_ABS_NET_GE_50PCT,COMPLETE,1,1,1,UNAVAILABLE_NO_SOURCE_BASKET_ID
BOSS19_P4B_REGIME_AFFINITY_V1,2026-09-02T17:30:00Z,1330a822ed66149ba07d693d8732ced5b9e9ce66d15f34ce8d21ef70894b760c,5f3a0f8d1accd25cb6cc08ad1c6e291aed6d238d620269102151016dbfaf569d,858f4d02d1ae30511dd1f38ffab347c85c06a4a25df4bedf901dc169c2847916,ffa5a59f49cf9099c50520cc95c548ad2d47883a472689dfb58ffc722a44d51e,bb331765f169503ad878223d54a6f45fd2bb6e289609ae671857e298384463a4,BOSS19_P4_REGIME_CLASSIFIER_V1,1.0.0,H3-C12-MAIN,MAIN,2023,AUDUSD,H4,DEAL,RISK_OFF,RANGE,NORMAL,CLASSIFIED,2,2,0,0.33333333,39.69000000,39.69000000,0.00000000,,0.00000000,PARTITION_REALIZED_SEQUENCE,EXIT_TIME_MSC_THEN_SOURCE_DEAL_ID,,,UNAVAILABLE_FROM_SOURCE_BOUND_UNIT_PACKAGE,1.00000000,0,{},UNKNOWN,NO_PREDECLARED_NUMERIC_MAPPING_IN_CONTRACT,BASKET_UNAVAILABLE;SHORT_CALENDAR_SPAN;SINGLE_TUPLE_ABS_NET_GE_50PCT;SINGLE_TUPLE_PARTICIPATION_GE_50PCT;SINGLE_YEAR_ABS_NET_GE_50PCT,COMPLETE,1,1,1,UNAVAILABLE_NO_SOURCE_BASKET_ID
BOSS19_P4B_REGIME_AFFINITY_V1,2026-09-02T17:30:00Z,1330a822ed66149ba07d693d8732ced5b9e9ce66d15f34ce8d21ef70894b760c,5f3a0f8d1accd25cb6cc08ad1c6e291aed6d238d620269102151016dbfaf569d,858f4d02d1ae30511dd1f38ffab347c85c06a4a25df4bedf901dc169c2847916,ffa5a59f49cf9099c50520cc95c548ad2d47883a472689dfb58ffc722a44d51e,bb331765f169503ad878223d54a6f45fd2bb6e289609ae671857e298384463a4,BOSS19_P4_REGIME_CLASSIFIER_V1,1.0.0,H3-C13-BWD,BWD,2020,USDJPY,M15,DEAL,NEUTRAL,RANGE,LOW,CLASSIFIED,1,1,0,0.01470588,9.74000000,9.74000000,0.00000000,,0.00000000,PARTITION_REALIZED_SEQUENCE,EXIT_TIME_MSC_THEN_SOURCE_DEAL_ID,,,UNAVAILABLE_FROM_SOURCE_BOUND_UNIT_PACKAGE,1.00000000,0,{},UNKNOWN,NO_PREDECLARED_NUMERIC_MAPPING_IN_CONTRACT,BASKET_UNAVAILABLE;SINGLE_YEAR_ABS_NET_GE_50PCT,COMPLETE,1,1,1,UNAVAILABLE_NO_SOURCE_BASKET_ID
BOSS19_P4B_REGIME_AFFINITY_V1,2026-09-02T17:30:00Z,1330a822ed66149ba07d693d8732ced5b9e9ce66d15f34ce8d21ef70894b760c,5f3a0f8d1accd25cb6cc08ad1c6e291aed6d238d620269102151016dbfaf569d,858f4d02d1ae30511dd1f38ffab347c85c06a4a25df4bedf901dc169c2847916,ffa5a59f49cf9099c50520cc95c548ad2d47883a472689dfb58ffc722a44d51e,bb331765f169503ad878223d54a6f45fd2bb6e289609ae671857e298384463a4,BOSS19_P4_REGIME_CLASSIFIER_V1,1.0.0,H3-C13-BWD,BWD,2020,USDJPY,M15,DEAL,NEUTRAL,RANGE,NORMAL,CLASSIFIED,2,2,0,0.02941176,15.10000000,15.10000000,0.00000000,,0.00000000,PARTITION_REALIZED_SEQUENCE,EXIT_TIME_MSC_THEN_SOURCE_DEAL_ID,,,UNAVAILABLE_FROM_SOURCE_BOUND_UNIT_PACKAGE,1.00000000,0,{},UNKNOWN,NO_PREDECLARED_NUMERIC_MAPPING_IN_CONTRACT,BASKET_UNAVAILABLE;SINGLE_YEAR_ABS_NET_GE_50PCT,COMPLETE,1,1,1,UNAVAILABLE_NO_SOURCE_BASKET_ID
BOSS19_P4B_REGIME_AFFINITY_V1,2026-09-02T17:30:00Z,1330a822ed66149ba07d693d8732ced5b9e9ce66d15f34ce8d21ef70894b760c,5f3a0f8d1accd25cb6cc08ad1c6e291aed6d238d620269102151016dbfaf569d,858f4d02d1ae30511dd1f38ffab347c85c06a4a25df4bedf901dc169c2847916,ffa5a59f49cf9099c50520cc95c548ad2d47883a472689dfb58ffc722a44d51e,bb331765f169503ad878223d54a6f45fd2bb6e289609ae671857e298384463a4,BOSS19_P4_REGIME_CLASSIFIER_V1,1.0.0,H3-C13-BWD,BWD,2020,USDJPY,M15,DEAL,NEUTRAL,TREND_UP,HIGH,CLASSIFIED,4,4,0,0.05882353,35.05000000,35.05000000,0.00000000,,0.00000000,PARTITION_REALIZED_SEQUENCE,EXIT_TIME_MSC_THEN_SOURCE_DEAL_ID,,,UNAVAILABLE_FROM_SOURCE_BOUND_UNIT_PACKAGE,1.00000000,0,{},UNKNOWN,NO_PREDECLARED_NUMERIC_MAPPING_IN_CONTRACT,BASKET_UNAVAILABLE;SINGLE_YEAR_ABS_NET_GE_50PCT,COMPLETE,2,2,1,UNAVAILABLE_NO_SOURCE_BASKET_ID
BOSS19_P4B_REGIME_AFFINITY_V1,2026-09-02T17:30:00Z,1330a822ed66149ba07d693d8732ced5b9e9ce66d15f34ce8d21ef70894b760c,5f3a0f8d1accd25cb6cc08ad1c6e291aed6d238d620269102151016dbfaf569d,858f4d02d1ae30511dd1f38ffab347c85c06a4a25df4bedf901dc169c2847916,ffa5a59f49cf9099c50520cc95c548ad2d47883a472689dfb58ffc722a44d51e,bb331765f169503ad878223d54a6f45fd2bb6e289609ae671857e298384463a4,BOSS19_P4_REGIME_CLASSIFIER_V1,1.0.0,H3-C13-BWD,BWD,2020,USDJPY,M15,DEAL,NEUTRAL,TREND_UP,LOW,CLASSIFIED,1,1,0,0.01470588,8.33000000,8.33000000,0.00000000,,0.00000000,PARTITION_REALIZED_SEQUENCE,EXIT_TIME_MSC_THEN_SOURCE_DEAL_ID,,,UNAVAILABLE_FROM_SOURCE_BOUND_UNIT_PACKAGE,1.00000000,0,{},UNKNOWN,NO_PREDECLARED_NUMERIC_MAPPING_IN_CONTRACT,BASKET_UNAVAILABLE;SINGLE_YEAR_ABS_NET_GE_50PCT,COMPLETE,1,1,1,UNAVAILABLE_NO_SOURCE_BASKET_ID
BOSS19_P4B_REGIME_AFFINITY_V1,2026-09-02T17:30:00Z,1330a822ed66149ba07d693d8732ced5b9e9ce66d15f34ce8d21ef70894b760c,5f3a0f8d1accd25cb6cc08ad1c6e291aed6d238d620269102151016dbfaf569d,858f4d02d1ae30511dd1f38ffab347c85c06a4a25df4bedf901dc169c2847916,ffa5a59f49cf9099c50520cc95c548ad2d47883a472689dfb58ffc722a44d51e,bb331765f169503ad878223d54a6f45fd2bb6e289609ae671857e298384463a4,BOSS19_P4_REGIME_CLASSIFIER_V1,1.0.0,H3-C13-BWD,BWD,2020,USDJPY,M15,DEAL,NEUTRAL,TREND_UP,NORMAL,CLASSIFIED,3,3,0,0.04411765,32.88000000,32.88000000,0.00000000,,0.00000000,PARTITION_REALIZED_SEQUENCE,EXIT_TIME_MSC_THEN_SOURCE_DEAL_ID,,,UNAVAILABLE_FROM_SOURCE_BOUND_UNIT_PACKAGE,1.00000000,0,{},UNKNOWN,NO_PREDECLARED_NUMERIC_MAPPING_IN_CONTRACT,BASKET_UNAVAILABLE;SINGLE_YEAR_ABS_NET_GE_50PCT,COMPLETE,2,1,1,UNAVAILABLE_NO_SOURCE_BASKET_ID
BOSS19_P4B_REGIME_AFFINITY_V1,2026-09-02T17:30:00Z,1330a822ed66149ba07d693d8732ced5b9e9ce66d15f34ce8d21ef70894b760c,5f3a0f8d1accd25cb6cc08ad1c6e291aed6d238d620269102151016dbfaf569d,858f4d02d1ae30511dd1f38ffab347c85c06a4a25df4bedf901dc169c2847916,ffa5a59f49cf9099c50520cc95c548ad2d47883a472689dfb58ffc722a44d51e,bb331765f169503ad878223d54a6f45fd2bb6e289609ae671857e298384463a4,BOSS19_P4_REGIME_CLASSIFIER_V1,1.0.0,H3-C13-BWD,BWD,2020,USDJPY,M15,DEAL,RISK_OFF,TREND_UP,EXTREME,CLASSIFIED,1,1,0,0.01470588,64.07000000,64.07000000,0.00000000,,0.00000000,PARTITION_REALIZED_SEQUENCE,EXIT_TIME_MSC_THEN_SOURCE_DEAL_ID,,,UNAVAILABLE_FROM_SOURCE_BOUND_UNIT_PACKAGE,1.00000000,0,{},UNKNOWN,NO_PREDECLARED_NUMERIC_MAPPING_IN_CONTRACT,BASKET_UNAVAILABLE;SINGLE_YEAR_ABS_NET_GE_50PCT,COMPLETE,1,1,1,UNAVAILABLE_NO_SOURCE_BASKET_ID
BOSS19_P4B_REGIME_AFFINITY_V1,2026-09-02T17:30:00Z,1330a822ed66149ba07d693d8732ced5b9e9ce66d15f34ce8d21ef70894b760c,5f3a0f8d1accd25cb6cc08ad1c6e291aed6d238d620269102151016dbfaf569d,858f4d02d1ae30511dd1f38ffab347c85c06a4a25df4bedf901dc169c2847916,ffa5a59f49cf9099c50520cc95c548ad2d47883a472689dfb58ffc722a44d51e,bb331765f169503ad878223d54a6f45fd2bb6e289609ae671857e298384463a4,BOSS19_P4_REGIME_CLASSIFIER_V1,1.0.0,H3-C13-BWD,BWD,2020,USDJPY,M15,DEAL,RISK_OFF,TREND_UP,HIGH,CLASSIFIED,1,1,0,0.01470588,65.28000000,65.28000000,0.00000000,,0.00000000,PARTITION_REALIZED_SEQUENCE,EXIT_TIME_MSC_THEN_SOURCE_DEAL_ID,,,UNAVAILABLE_FROM_SOURCE_BOUND_UNIT_PACKAGE,1.00000000,0,{},UNKNOWN,NO_PREDECLARED_NUMERIC_MAPPING_IN_CONTRACT,BASKET_UNAVAILABLE;SINGLE_YEAR_ABS_NET_GE_50PCT,COMPLETE,1,1,1,UNAVAILABLE_NO_SOURCE_BASKET_ID
BOSS19_P4B_REGIME_AFFINITY_V1,2026-09-02T17:30:00Z,1330a822ed66149ba07d693d8732ced5b9e9ce66d15f34ce8d21ef70894b760c,5f3a0f8d1accd25cb6cc08ad1c6e291aed6d238d620269102151016dbfaf569d,858f4d02d1ae30511dd1f38ffab347c85c06a4a25df4bedf901dc169c2847916,ffa5a59f49cf9099c50520cc95c548ad2d47883a472689dfb58ffc722a44d51e,bb331765f169503ad878223d54a6f45fd2bb6e289609ae671857e298384463a4,BOSS19_P4_REGIME_CLASSIFIER_V1,1.0.0,H3-C13-BWD,BWD,2021,USDJPY,M15,DEAL,NEUTRAL,TREND_UP,EXTREME,CLASSIFIED,1,1,0,0.01470588,14.99000000,14.99000000,0.00000000,,0.00000000,PARTITION_REALIZED_SEQUENCE,EXIT_TIME_MSC_THEN_SOURCE_DEAL_ID,,,UNAVAILABLE_FROM_SOURCE_BOUND_UNIT_PACKAGE,1.00000000,0,{},UNKNOWN,NO_PREDECLARED_NUMERIC_MAPPING_IN_CONTRACT,BASKET_UNAVAILABLE;SINGLE_YEAR_ABS_NET_GE_50PCT,COMPLETE,1,1,1,UNAVAILABLE_NO_SOURCE_BASKET_ID
BOSS19_P4B_REGIME_AFFINITY_V1,2026-09-02T17:30:00Z,1330a822ed66149ba07d693d8732ced5b9e9ce66d15f34ce8d21ef70894b760c,5f3a0f8d1accd25cb6cc08ad1c6e291aed6d238d620269102151016dbfaf569d,858f4d02d1ae30511dd1f38ffab347c85c06a4a25df4bedf901dc169c2847916,ffa5a59f49cf9099c50520cc95c548ad2d47883a472689dfb58ffc722a44d51e,bb331765f169503ad878223d54a6f45fd2bb6e289609ae671857e298384463a4,BOSS19_P4_REGIME_CLASSIFIER_V1,1.0.0,H3-C13-BWD,BWD,2021,USDJPY,M15,DEAL,NEUTRAL,TREND_UP,HIGH,CLASSIFIED,3,3,0,0.04411765,31.67000000,31.67000000,0.00000000,,0.00000000,PARTITION_REALIZED_SEQUENCE,EXIT_TIME_MSC_THEN_SOURCE_DEAL_ID,,,UNAVAILABLE_FROM_SOURCE_BOUND_UNIT_PACKAGE,1.00000000,0,{},UNKNOWN,NO_PREDECLARED_NUMERIC_MAPPING_IN_CONTRACT,BASKET_UNAVAILABLE;SINGLE_YEAR_ABS_NET_GE_50PCT,COMPLETE,2,1,1,UNAVAILABLE_NO_SOURCE_BASKET_ID
BOSS19_P4B_REGIME_AFFINITY_V1,2026-09-02T17:30:00Z,1330a822ed66149ba07d693d8732ced5b9e9ce66d15f34ce8d21ef70894b760c,5f3a0f8d1accd25cb6cc08ad1c6e291aed6d238d620269102151016dbfaf569d,858f4d02d1ae30511dd1f38ffab347c85c06a4a25df4bedf901dc169c2847916,ffa5a59f49cf9099c50520cc95c548ad2d47883a472689dfb58ffc722a44d51e,bb331765f169503ad878223d54a6f45fd2bb6e289609ae671857e298384463a4,BOSS19_P4_REGIME_CLASSIFIER_V1,1.0.0,H3-C13-BWD,BWD,2021,USDJPY,M15,DEAL,NEUTRAL,TREND_UP,LOW,CLASSIFIED,1,1,0,0.01470588,8.60000000,8.60000000,0.00000000,,0.00000000,PARTITION_REALIZED_SEQUENCE,EXIT_TIME_MSC_THEN_SOURCE_DEAL_ID,,,UNAVAILABLE_FROM_SOURCE_BOUND_UNIT_PACKAGE,1.00000000,0,{},UNKNOWN,NO_PREDECLARED_NUMERIC_MAPPING_IN_CONTRACT,BASKET_UNAVAILABLE;SINGLE_YEAR_ABS_NET_GE_50PCT,COMPLETE,1,1,1,UNAVAILABLE_NO_SOURCE_BASKET_ID
BOSS19_P4B_REGIME_AFFINITY_V1,2026-09-02T17:30:00Z,1330a822ed66149ba07d693d8732ced5b9e9ce66d15f34ce8d21ef70894b760c,5f3a0f8d1accd25cb6cc08ad1c6e291aed6d238d620269102151016dbfaf569d,858f4d02d1ae30511dd1f38ffab347c85c06a4a25df4bedf901dc169c2847916,ffa5a59f49cf9099c50520cc95c548ad2d47883a472689dfb58ffc722a44d51e,bb331765f169503ad878223d54a6f45fd2bb6e289609ae671857e298384463a4,BOSS19_P4_REGIME_CLASSIFIER_V1,1.0.0,H3-C13-BWD,BWD,2021,USDJPY,M15,DEAL,RISK_OFF,TRANSITION,EXTREME,CLASSIFIED,1,1,0,0.01470588,11.92000000,11.92000000,0.00000000,,0.00000000,PARTITION_REALIZED_SEQUENCE,EXIT_TIME_MSC_THEN_SOURCE_DEAL_ID,,,UNAVAILABLE_FROM_SOURCE_BOUND_UNIT_PACKAGE,1.00000000,0,{},UNKNOWN,NO_PREDECLARED_NUMERIC_MAPPING_IN_CONTRACT,BASKET_UNAVAILABLE;SINGLE_YEAR_ABS_NET_GE_50PCT,COMPLETE,1,1,1,UNAVAILABLE_NO_SOURCE_BASKET_ID
BOSS19_P4B_REGIME_AFFINITY_V1,2026-09-02T17:30:00Z,1330a822ed66149ba07d693d8732ced5b9e9ce66d15f34ce8d21ef70894b760c,5f3a0f8d1accd25cb6cc08ad1c6e291aed6d238d620269102151016dbfaf569d,858f4d02d1ae30511dd1f38ffab347c85c06a4a25df4bedf901dc169c2847916,ffa5a59f49cf9099c50520cc95c548ad2d47883a472689dfb58ffc722a44d51e,bb331765f169503ad878223d54a6f45fd2bb6e289609ae671857e298384463a4,BOSS19_P4_REGIME_CLASSIFIER_V1,1.0.0,H3-C13-BWD,BWD,2022,USDJPY,M15,DEAL,NEUTRAL,RANGE,EXTREME,CLASSIFIED,7,7,0,0.10294118,85.94000000,85.94000000,0.00000000,,0.00000000,PARTITION_REALIZED_SEQUENCE,EXIT_TIME_MSC_THEN_SOURCE_DEAL_ID,,,UNAVAILABLE_FROM_SOURCE_BOUND_UNIT_PACKAGE,1.00000000,0,{},UNKNOWN,NO_PREDECLARED_NUMERIC_MAPPING_IN_CONTRACT,BASKET_UNAVAILABLE;SINGLE_YEAR_ABS_NET_GE_50PCT,COMPLETE,4,2,1,UNAVAILABLE_NO_SOURCE_BASKET_ID
BOSS19_P4B_REGIME_AFFINITY_V1,2026-09-02T17:30:00Z,1330a822ed66149ba07d693d8732ced5b9e9ce66d15f34ce8d21ef70894b760c,5f3a0f8d1accd25cb6cc08ad1c6e291aed6d238d620269102151016dbfaf569d,858f4d02d1ae30511dd1f38ffab347c85c06a4a25df4bedf901dc169c2847916,ffa5a59f49cf9099c50520cc95c548ad2d47883a472689dfb58ffc722a44d51e,bb331765f169503ad878223d54a6f45fd2bb6e289609ae671857e298384463a4,BOSS19_P4_REGIME_CLASSIFIER_V1,1.0.0,H3-C13-BWD,BWD,2022,USDJPY,M15,DEAL,NEUTRAL,RANGE,HIGH,CLASSIFIED,1,1,0,0.01470588,-132.64000000,0.00000000,-132.64000000,0.00000000,132.64000000,PARTITION_REALIZED_SEQUENCE,EXIT_TIME_MSC_THEN_SOURCE_DEAL_ID,,,UNAVAILABLE_FROM_SOURCE_BOUND_UNIT_PACKAGE,1.00000000,0,{},UNKNOWN,NO_PREDECLARED_NUMERIC_MAPPING_IN_CONTRACT,BASKET_UNAVAILABLE;SINGLE_YEAR_ABS_NET_GE_50PCT,COMPLETE,1,1,1,UNAVAILABLE_NO_SOURCE_BASKET_ID
BOSS19_P4B_REGIME_AFFINITY_V1,2026-09-02T17:30:00Z,1330a822ed66149ba07d693d8732ced5b9e9ce66d15f34ce8d21ef70894b760c,5f3a0f8d1accd25cb6cc08ad1c6e291aed6d238d620269102151016dbfaf569d,858f4d02d1ae30511dd1f38ffab347c85c06a4a25df4bedf901dc169c2847916,ffa5a59f49cf9099c50520cc95c548ad2d47883a472689dfb58ffc722a44d51e,bb331765f169503ad878223d54a6f45fd2bb6e289609ae671857e298384463a4,BOSS19_P4_REGIME_CLASSIFIER_V1,1.0.0,H3-C13-BWD,BWD,2022,USDJPY,M15,DEAL,NEUTRAL,RANGE,NORMAL,CLASSIFIED,3,3,0,0.04411765,57.60000000,57.60000000,0.00000000,,0.00000000,PARTITION_REALIZED_SEQUENCE,EXIT_TIME_MSC_THEN_SOURCE_DEAL_ID,,,UNAVAILABLE_FROM_SOURCE_BOUND_UNIT_PACKAGE,1.00000000,0,{},UNKNOWN,NO_PREDECLARED_NUMERIC_MAPPING_IN_CONTRACT,BASKET_UNAVAILABLE;SINGLE_YEAR_ABS_NET_GE_50PCT,COMPLETE,3,3,1,UNAVAILABLE_NO_SOURCE_BASKET_ID
BOSS19_P4B_REGIME_AFFINITY_V1,2026-09-02T17:30:00Z,1330a822ed66149ba07d693d8732ced5b9e9ce66d15f34ce8d21ef70894b760c,5f3a0f8d1accd25cb6cc08ad1c6e291aed6d238d620269102151016dbfaf569d,858f4d02d1ae30511dd1f38ffab347c85c06a4a25df4bedf901dc169c2847916,ffa5a59f49cf9099c50520cc95c548ad2d47883a472689dfb58ffc722a44d51e,bb331765f169503ad878223d54a6f45fd2bb6e289609ae671857e298384463a4,BOSS19_P4_REGIME_CLASSIFIER_V1,1.0.0,H3-C13-BWD,BWD,2022,USDJPY,M15,DEAL,NEUTRAL,TREND_DOWN,EXTREME,CLASSIFIED,2,2,0,0.02941176,15.26000000,15.26000000,0.00000000,,0.00000000,PARTITION_REALIZED_SEQUENCE,EXIT_TIME_MSC_THEN_SOURCE_DEAL_ID,,,UNAVAILABLE_FROM_SOURCE_BOUND_UNIT_PACKAGE,1.00000000,0,{},UNKNOWN,NO_PREDECLARED_NUMERIC_MAPPING_IN_CONTRACT,BASKET_UNAVAILABLE;SINGLE_YEAR_ABS_NET_GE_50PCT,COMPLETE,1,1,1,UNAVAILABLE_NO_SOURCE_BASKET_ID
BOSS19_P4B_REGIME_AFFINITY_V1,2026-09-02T17:30:00Z,1330a822ed66149ba07d693d8732ced5b9e9ce66d15f34ce8d21ef70894b760c,5f3a0f8d1accd25cb6cc08ad1c6e291aed6d238d620269102151016dbfaf569d,858f4d02d1ae30511dd1f38ffab347c85c06a4a25df4bedf901dc169c2847916,ffa5a59f49cf9099c50520cc95c548ad2d47883a472689dfb58ffc722a44d51e,bb331765f169503ad878223d54a6f45fd2bb6e289609ae671857e298384463a4,BOSS19_P4_REGIME_CLASSIFIER_V1,1.0.0,H3-C13-BWD,BWD,2022,USDJPY,M15,DEAL,NEUTRAL,TREND_UP,EXTREME,CLASSIFIED,4,4,0,0.05882353,70.37000000,70.37000000,0.00000000,,0.00000000,PARTITION_REALIZED_SEQUENCE,EXIT_TIME_MSC_THEN_SOURCE_DEAL_ID,,,UNAVAILABLE_FROM_SOURCE_BOUND_UNIT_PACKAGE,1.00000000,0,{},UNKNOWN,NO_PREDECLARED_NUMERIC_MAPPING_IN_CONTRACT,BASKET_UNAVAILABLE;SINGLE_YEAR_ABS_NET_GE_50PCT,COMPLETE,2,2,1,UNAVAILABLE_NO_SOURCE_BASKET_ID
BOSS19_P4B_REGIME_AFFINITY_V1,2026-09-02T17:30:00Z,1330a822ed66149ba07d693d8732ced5b9e9ce66d15f34ce8d21ef70894b760c,5f3a0f8d1accd25cb6cc08ad1c6e291aed6d238d620269102151016dbfaf569d,858f4d02d1ae30511dd1f38ffab347c85c06a4a25df4bedf901dc169c2847916,ffa5a59f49cf9099c50520cc95c548ad2d47883a472689dfb58ffc722a44d51e,bb331765f169503ad878223d54a6f45fd2bb6e289609ae671857e298384463a4,BOSS19_P4_REGIME_CLASSIFIER_V1,1.0.0,H3-C13-BWD,BWD,2022,USDJPY,M15,DEAL,NEUTRAL,TREND_UP,HIGH,CLASSIFIED,12,12,0,0.17647059,211.21000000,211.21000000,0.00000000,,0.00000000,PARTITION_REALIZED_SEQUENCE,EXIT_TIME_MSC_THEN_SOURCE_DEAL_ID,,,UNAVAILABLE_FROM_SOURCE_BOUND_UNIT_PACKAGE,1.00000000,0,{},UNKNOWN,NO_PREDECLARED_NUMERIC_MAPPING_IN_CONTRACT,BASKET_UNAVAILABLE;SINGLE_YEAR_ABS_NET_GE_50PCT,COMPLETE,6,5,1,UNAVAILABLE_NO_SOURCE_BASKET_ID
BOSS19_P4B_REGIME_AFFINITY_V1,2026-09-02T17:30:00Z,1330a822ed66149ba07d693d8732ced5b9e9ce66d15f34ce8d21ef70894b760c,5f3a0f8d1accd25cb6cc08ad1c6e291aed6d238d620269102151016dbfaf569d,858f4d02d1ae30511dd1f38ffab347c85c06a4a25df4bedf901dc169c2847916,ffa5a59f49cf9099c50520cc95c548ad2d47883a472689dfb58ffc722a44d51e,bb331765f169503ad878223d54a6f45fd2bb6e289609ae671857e298384463a4,BOSS19_P4_REGIME_CLASSIFIER_V1,1.0.0,H3-C13-BWD,BWD,2022,USDJPY,M15,DEAL,NEUTRAL,TREND_UP,NORMAL,CLASSIFIED,7,7,0,0.10294118,121.63000000,121.63000000,0.00000000,,0.00000000,PARTITION_REALIZED_SEQUENCE,EXIT_TIME_MSC_THEN_SOURCE_DEAL_ID,,,UNAVAILABLE_FROM_SOURCE_BOUND_UNIT_PACKAGE,1.00000000,0,{},UNKNOWN,NO_PREDECLARED_NUMERIC_MAPPING_IN_CONTRACT,BASKET_UNAVAILABLE;SINGLE_YEAR_ABS_NET_GE_50PCT,COMPLETE,7,5,1,UNAVAILABLE_NO_SOURCE_BASKET_ID
BOSS19_P4B_REGIME_AFFINITY_V1,2026-09-02T17:30:00Z,1330a822ed66149ba07d693d8732ced5b9e9ce66d15f34ce8d21ef70894b760c,5f3a0f8d1accd25cb6cc08ad1c6e291aed6d238d620269102151016dbfaf569d,858f4d02d1ae30511dd1f38ffab347c85c06a4a25df4bedf901dc169c2847916,ffa5a59f49cf9099c50520cc95c548ad2d47883a472689dfb58ffc722a44d51e,bb331765f169503ad878223d54a6f45fd2bb6e289609ae671857e298384463a4,BOSS19_P4_REGIME_CLASSIFIER_V1,1.0.0,H3-C13-BWD,BWD,2022,USDJPY,M15,DEAL,RISK_OFF,RANGE,NORMAL,CLASSIFIED,1,1,0,0.01470588,16.51000000,16.51000000,0.00000000,,0.00000000,PARTITION_REALIZED_SEQUENCE,EXIT_TIME_MSC_THEN_SOURCE_DEAL_ID,,,UNAVAILABLE_FROM_SOURCE_BOUND_UNIT_PACKAGE,1.00000000,0,{},UNKNOWN,NO_PREDECLARED_NUMERIC_MAPPING_IN_CONTRACT,BASKET_UNAVAILABLE;SINGLE_YEAR_ABS_NET_GE_50PCT,COMPLETE,1,1,1,UNAVAILABLE_NO_SOURCE_BASKET_ID
BOSS19_P4B_REGIME_AFFINITY_V1,2026-09-02T17:30:00Z,1330a822ed66149ba07d693d8732ced5b9e9ce66d15f34ce8d21ef70894b760c,5f3a0f8d1accd25cb6cc08ad1c6e291aed6d238d620269102151016dbfaf569d,858f4d02d1ae30511dd1f38ffab347c85c06a4a25df4bedf901dc169c2847916,ffa5a59f49cf9099c50520cc95c548ad2d47883a472689dfb58ffc722a44d51e,bb331765f169503ad878223d54a6f45fd2bb6e289609ae671857e298384463a4,BOSS19_P4_REGIME_CLASSIFIER_V1,1.0.0,H3-C13-BWD,BWD,2022,USDJPY,M15,DEAL,STRESS,RANGE,EXTREME,CLASSIFIED,3,3,0,0.04411765,63.72000000,63.72000000,0.00000000,,0.00000000,PARTITION_REALIZED_SEQUENCE,EXIT_TIME_MSC_THEN_SOURCE_DEAL_ID,,,UNAVAILABLE_FROM_SOURCE_BOUND_UNIT_PACKAGE,1.00000000,0,{},UNKNOWN,NO_PREDECLARED_NUMERIC_MAPPING_IN_CONTRACT,BASKET_UNAVAILABLE;SINGLE_YEAR_ABS_NET_GE_50PCT,COMPLETE,1,1,1,UNAVAILABLE_NO_SOURCE_BASKET_ID
BOSS19_P4B_REGIME_AFFINITY_V1,2026-09-02T17:30:00Z,1330a822ed66149ba07d693d8732ced5b9e9ce66d15f34ce8d21ef70894b760c,5f3a0f8d1accd25cb6cc08ad1c6e291aed6d238d620269102151016dbfaf569d,858f4d02d1ae30511dd1f38ffab347c85c06a4a25df4bedf901dc169c2847916,ffa5a59f49cf9099c50520cc95c548ad2d47883a472689dfb58ffc722a44d51e,bb331765f169503ad878223d54a6f45fd2bb6e289609ae671857e298384463a4,BOSS19_P4_REGIME_CLASSIFIER_V1,1.0.0,H3-C13-BWD,BWD,2022,USDJPY,M15,DEAL,STRESS,RANGE,NORMAL,CLASSIFIED,1,1,0,0.01470588,15.28000000,15.28000000,0.00000000,,0.00000000,PARTITION_REALIZED_SEQUENCE,EXIT_TIME_MSC_THEN_SOURCE_DEAL_ID,,,UNAVAILABLE_FROM_SOURCE_BOUND_UNIT_PACKAGE,1.00000000,0,{},UNKNOWN,NO_PREDECLARED_NUMERIC_MAPPING_IN_CONTRACT,BASKET_UNAVAILABLE;SINGLE_YEAR_ABS_NET_GE_50PCT,COMPLETE,1,1,1,UNAVAILABLE_NO_SOURCE_BASKET_ID
BOSS19_P4B_REGIME_AFFINITY_V1,2026-09-02T17:30:00Z,1330a822ed66149ba07d693d8732ced5b9e9ce66d15f34ce8d21ef70894b760c,5f3a0f8d1accd25cb6cc08ad1c6e291aed6d238d620269102151016dbfaf569d,858f4d02d1ae30511dd1f38ffab347c85c06a4a25df4bedf901dc169c2847916,ffa5a59f49cf9099c50520cc95c548ad2d47883a472689dfb58ffc722a44d51e,bb331765f169503ad878223d54a6f45fd2bb6e289609ae671857e298384463a4,BOSS19_P4_REGIME_CLASSIFIER_V1,1.0.0,H3-C13-BWD,BWD,2022,USDJPY,M15,DEAL,STRESS,TREND_UP,EXTREME,CLASSIFIED,2,2,0,0.02941176,36.16000000,36.16000000,0.00000000,,0.00000000,PARTITION_REALIZED_SEQUENCE,EXIT_TIME_MSC_THEN_SOURCE_DEAL_ID,,,UNAVAILABLE_FROM_SOURCE_BOUND_UNIT_PACKAGE,1.00000000,0,{},UNKNOWN,NO_PREDECLARED_NUMERIC_MAPPING_IN_CONTRACT,BASKET_UNAVAILABLE;SINGLE_YEAR_ABS_NET_GE_50PCT,COMPLETE,1,1,1,UNAVAILABLE_NO_SOURCE_BASKET_ID
BOSS19_P4B_REGIME_AFFINITY_V1,2026-09-02T17:30:00Z,1330a822ed66149ba07d693d8732ced5b9e9ce66d15f34ce8d21ef70894b760c,5f3a0f8d1accd25cb6cc08ad1c6e291aed6d238d620269102151016dbfaf569d,858f4d02d1ae30511dd1f38ffab347c85c06a4a25df4bedf901dc169c2847916,ffa5a59f49cf9099c50520cc95c548ad2d47883a472689dfb58ffc722a44d51e,bb331765f169503ad878223d54a6f45fd2bb6e289609ae671857e298384463a4,BOSS19_P4_REGIME_CLASSIFIER_V1,1.0.0,H3-C13-BWD,BWD,2022,USDJPY,M15,DEAL,STRESS,TREND_UP,HIGH,CLASSIFIED,1,1,0,0.01470588,16.36000000,16.36000000,0.00000000,,0.00000000,PARTITION_REALIZED_SEQUENCE,EXIT_TIME_MSC_THEN_SOURCE_DEAL_ID,,,UNAVAILABLE_FROM_SOURCE_BOUND_UNIT_PACKAGE,1.00000000,0,{},UNKNOWN,NO_PREDECLARED_NUMERIC_MAPPING_IN_CONTRACT,BASKET_UNAVAILABLE;SINGLE_YEAR_ABS_NET_GE_50PCT,COMPLETE,1,1,1,UNAVAILABLE_NO_SOURCE_BASKET_ID
BOSS19_P4B_REGIME_AFFINITY_V1,2026-09-02T17:30:00Z,1330a822ed66149ba07d693d8732ced5b9e9ce66d15f34ce8d21ef70894b760c,5f3a0f8d1accd25cb6cc08ad1c6e291aed6d238d620269102151016dbfaf569d,858f4d02d1ae30511dd1f38ffab347c85c06a4a25df4bedf901dc169c2847916,ffa5a59f49cf9099c50520cc95c548ad2d47883a472689dfb58ffc722a44d51e,bb331765f169503ad878223d54a6f45fd2bb6e289609ae671857e298384463a4,BOSS19_P4_REGIME_CLASSIFIER_V1,1.0.0,H3-C13-BWD,BWD,2022,USDJPY,M15,DEAL,STRESS,TREND_UP,LOW,CLASSIFIED,1,1,0,0.01470588,12.29000000,12.29000000,0.00000000,,0.00000000,PARTITION_REALIZED_SEQUENCE,EXIT_TIME_MSC_THEN_SOURCE_DEAL_ID,,,UNAVAILABLE_FROM_SOURCE_BOUND_UNIT_PACKAGE,1.00000000,0,{},UNKNOWN,NO_PREDECLARED_NUMERIC_MAPPING_IN_CONTRACT,BASKET_UNAVAILABLE;SINGLE_YEAR_ABS_NET_GE_50PCT,COMPLETE,1,1,1,UNAVAILABLE_NO_SOURCE_BASKET_ID
BOSS19_P4B_REGIME_AFFINITY_V1,2026-09-02T17:30:00Z,1330a822ed66149ba07d693d8732ced5b9e9ce66d15f34ce8d21ef70894b760c,5f3a0f8d1accd25cb6cc08ad1c6e291aed6d238d620269102151016dbfaf569d,858f4d02d1ae30511dd1f38ffab347c85c06a4a25df4bedf901dc169c2847916,ffa5a59f49cf9099c50520cc95c548ad2d47883a472689dfb58ffc722a44d51e,bb331765f169503ad878223d54a6f45fd2bb6e289609ae671857e298384463a4,BOSS19_P4_REGIME_CLASSIFIER_V1,1.0.0,H3-C13-BWD,BWD,2022,USDJPY,M15,DEAL,STRESS,TREND_UP,NORMAL,CLASSIFIED,4,4,0,0.05882353,51.59000000,51.59000000,0.00000000,,0.00000000,PARTITION_REALIZED_SEQUENCE,EXIT_TIME_MSC_THEN_SOURCE_DEAL_ID,,,UNAVAILABLE_FROM_SOURCE_BOUND_UNIT_PACKAGE,1.00000000,0,{},UNKNOWN,NO_PREDECLARED_NUMERIC_MAPPING_IN_CONTRACT,BASKET_UNAVAILABLE;SINGLE_YEAR_ABS_NET_GE_50PCT,COMPLETE,3,2,1,UNAVAILABLE_NO_SOURCE_BASKET_ID
BOSS19_P4B_REGIME_AFFINITY_V1,2026-09-02T17:30:00Z,1330a822ed66149ba07d693d8732ced5b9e9ce66d15f34ce8d21ef70894b760c,5f3a0f8d1accd25cb6cc08ad1c6e291aed6d238d620269102151016dbfaf569d,858f4d02d1ae30511dd1f38ffab347c85c06a4a25df4bedf901dc169c2847916,ffa5a59f49cf9099c50520cc95c548ad2d47883a472689dfb58ffc722a44d51e,bb331765f169503ad878223d54a6f45fd2bb6e289609ae671857e298384463a4,BOSS19_P4_REGIME_CLASSIFIER_V1,1.0.0,H3-C13-MAIN,MAIN,2023,USDJPY,M15,DEAL,NEUTRAL,RANGE,LOW,CLASSIFIED,3,3,0,0.06382979,40.45000000,40.45000000,0.00000000,,0.00000000,PARTITION_REALIZED_SEQUENCE,EXIT_TIME_MSC_THEN_SOURCE_DEAL_ID,,,UNAVAILABLE_FROM_SOURCE_BOUND_UNIT_PACKAGE,1.00000000,0,{},UNKNOWN,NO_PREDECLARED_NUMERIC_MAPPING_IN_CONTRACT,BASKET_UNAVAILABLE;SHORT_CALENDAR_SPAN;SINGLE_YEAR_ABS_NET_GE_50PCT,COMPLETE,3,3,1,UNAVAILABLE_NO_SOURCE_BASKET_ID
BOSS19_P4B_REGIME_AFFINITY_V1,2026-09-02T17:30:00Z,1330a822ed66149ba07d693d8732ced5b9e9ce66d15f34ce8d21ef70894b760c,5f3a0f8d1accd25cb6cc08ad1c6e291aed6d238d620269102151016dbfaf569d,858f4d02d1ae30511dd1f38ffab347c85c06a4a25df4bedf901dc169c2847916,ffa5a59f49cf9099c50520cc95c548ad2d47883a472689dfb58ffc722a44d51e,bb331765f169503ad878223d54a6f45fd2bb6e289609ae671857e298384463a4,BOSS19_P4_REGIME_CLASSIFIER_V1,1.0.0,H3-C13-MAIN,MAIN,2023,USDJPY,M15,DEAL,NEUTRAL,TRANSITION,NORMAL,CLASSIFIED,1,1,0,0.02127660,21.30000000,21.30000000,0.00000000,,0.00000000,PARTITION_REALIZED_SEQUENCE,EXIT_TIME_MSC_THEN_SOURCE_DEAL_ID,,,UNAVAILABLE_FROM_SOURCE_BOUND_UNIT_PACKAGE,1.00000000,0,{},UNKNOWN,NO_PREDECLARED_NUMERIC_MAPPING_IN_CONTRACT,BASKET_UNAVAILABLE;SHORT_CALENDAR_SPAN;SINGLE_YEAR_ABS_NET_GE_50PCT,COMPLETE,1,1,1,UNAVAILABLE_NO_SOURCE_BASKET_ID
BOSS19_P4B_REGIME_AFFINITY_V1,2026-09-02T17:30:00Z,1330a822ed66149ba07d693d8732ced5b9e9ce66d15f34ce8d21ef70894b760c,5f3a0f8d1accd25cb6cc08ad1c6e291aed6d238d620269102151016dbfaf569d,858f4d02d1ae30511dd1f38ffab347c85c06a4a25df4bedf901dc169c2847916,ffa5a59f49cf9099c50520cc95c548ad2d47883a472689dfb58ffc722a44d51e,bb331765f169503ad878223d54a6f45fd2bb6e289609ae671857e298384463a4,BOSS19_P4_REGIME_CLASSIFIER_V1,1.0.0,H3-C13-MAIN,MAIN,2023,USDJPY,M15,DEAL,NEUTRAL,TREND_UP,LOW,CLASSIFIED,10,10,0,0.21276596,142.52000000,142.52000000,0.00000000,,0.00000000,PARTITION_REALIZED_SEQUENCE,EXIT_TIME_MSC_THEN_SOURCE_DEAL_ID,,,UNAVAILABLE_FROM_SOURCE_BOUND_UNIT_PACKAGE,1.00000000,0,{},UNKNOWN,NO_PREDECLARED_NUMERIC_MAPPING_IN_CONTRACT,BASKET_UNAVAILABLE;SHORT_CALENDAR_SPAN;SINGLE_YEAR_ABS_NET_GE_50PCT,COMPLETE,8,6,1,UNAVAILABLE_NO_SOURCE_BASKET_ID
BOSS19_P4B_REGIME_AFFINITY_V1,2026-09-02T17:30:00Z,1330a822ed66149ba07d693d8732ced5b9e9ce66d15f34ce8d21ef70894b760c,5f3a0f8d1accd25cb6cc08ad1c6e291aed6d238d620269102151016dbfaf569d,858f4d02d1ae30511dd1f38ffab347c85c06a4a25df4bedf901dc169c2847916,ffa5a59f49cf9099c50520cc95c548ad2d47883a472689dfb58ffc722a44d51e,bb331765f169503ad878223d54a6f45fd2bb6e289609ae671857e298384463a4,BOSS19_P4_REGIME_CLASSIFIER_V1,1.0.0,H3-C13-MAIN,MAIN,2023,USDJPY,M15,DEAL,NEUTRAL,TREND_UP,NORMAL,CLASSIFIED,1,1,0,0.02127660,14.12000000,14.12000000,0.00000000,,0.00000000,PARTITION_REALIZED_SEQUENCE,EXIT_TIME_MSC_THEN_SOURCE_DEAL_ID,,,UNAVAILABLE_FROM_SOURCE_BOUND_UNIT_PACKAGE,1.00000000,0,{},UNKNOWN,NO_PREDECLARED_NUMERIC_MAPPING_IN_CONTRACT,BASKET_UNAVAILABLE;SHORT_CALENDAR_SPAN;SINGLE_YEAR_ABS_NET_GE_50PCT,COMPLETE,1,1,1,UNAVAILABLE_NO_SOURCE_BASKET_ID
BOSS19_P4B_REGIME_AFFINITY_V1,2026-09-02T17:30:00Z,1330a822ed66149ba07d693d8732ced5b9e9ce66d15f34ce8d21ef70894b760c,5f3a0f8d1accd25cb6cc08ad1c6e291aed6d238d620269102151016dbfaf569d,858f4d02d1ae30511dd1f38ffab347c85c06a4a25df4bedf901dc169c2847916,ffa5a59f49cf9099c50520cc95c548ad2d47883a472689dfb58ffc722a44d51e,bb331765f169503ad878223d54a6f45fd2bb6e289609ae671857e298384463a4,BOSS19_P4_REGIME_CLASSIFIER_V1,1.0.0,H3-C13-MAIN,MAIN,2023,USDJPY,M15,DEAL,RISK_OFF,RANGE,NORMAL,CLASSIFIED,2,2,0,0.04255319,37.31000000,37.31000000,0.00000000,,0.00000000,PARTITION_REALIZED_SEQUENCE,EXIT_TIME_MSC_THEN_SOURCE_DEAL_ID,,,UNAVAILABLE_FROM_SOURCE_BOUND_UNIT_PACKAGE,1.00000000,0,{},UNKNOWN,NO_PREDECLARED_NUMERIC_MAPPING_IN_CONTRACT,BASKET_UNAVAILABLE;SHORT_CALENDAR_SPAN;SINGLE_YEAR_ABS_NET_GE_50PCT,COMPLETE,2,2,1,UNAVAILABLE_NO_SOURCE_BASKET_ID
BOSS19_P4B_REGIME_AFFINITY_V1,2026-09-02T17:30:00Z,1330a822ed66149ba07d693d8732ced5b9e9ce66d15f34ce8d21ef70894b760c,5f3a0f8d1accd25cb6cc08ad1c6e291aed6d238d620269102151016dbfaf569d,858f4d02d1ae30511dd1f38ffab347c85c06a4a25df4bedf901dc169c2847916,ffa5a59f49cf9099c50520cc95c548ad2d47883a472689dfb58ffc722a44d51e,bb331765f169503ad878223d54a6f45fd2bb6e289609ae671857e298384463a4,BOSS19_P4_REGIME_CLASSIFIER_V1,1.0.0,H3-C13-MAIN,MAIN,2023,USDJPY,M15,DEAL,RISK_OFF,TREND_DOWN,HIGH,CLASSIFIED,1,1,0,0.02127660,4.43000000,4.43000000,0.00000000,,0.00000000,PARTITION_REALIZED_SEQUENCE,EXIT_TIME_MSC_THEN_SOURCE_DEAL_ID,,,UNAVAILABLE_FROM_SOURCE_BOUND_UNIT_PACKAGE,1.00000000,0,{},UNKNOWN,NO_PREDECLARED_NUMERIC_MAPPING_IN_CONTRACT,BASKET_UNAVAILABLE;SHORT_CALENDAR_SPAN;SINGLE_YEAR_ABS_NET_GE_50PCT,COMPLETE,1,1,1,UNAVAILABLE_NO_SOURCE_BASKET_ID
BOSS19_P4B_REGIME_AFFINITY_V1,2026-09-02T17:30:00Z,1330a822ed66149ba07d693d8732ced5b9e9ce66d15f34ce8d21ef70894b760c,5f3a0f8d1accd25cb6cc08ad1c6e291aed6d238d620269102151016dbfaf569d,858f4d02d1ae30511dd1f38ffab347c85c06a4a25df4bedf901dc169c2847916,ffa5a59f49cf9099c50520cc95c548ad2d47883a472689dfb58ffc722a44d51e,bb331765f169503ad878223d54a6f45fd2bb6e289609ae671857e298384463a4,BOSS19_P4_REGIME_CLASSIFIER_V1,1.0.0,H3-C13-MAIN,MAIN,2023,USDJPY,M15,DEAL,RISK_OFF,TREND_UP,LOW,CLASSIFIED,1,1,0,0.02127660,20.51000000,20.51000000,0.00000000,,0.00000000,PARTITION_REALIZED_SEQUENCE,EXIT_TIME_MSC_THEN_SOURCE_DEAL_ID,,,UNAVAILABLE_FROM_SOURCE_BOUND_UNIT_PACKAGE,1.00000000,0,{},UNKNOWN,NO_PREDECLARED_NUMERIC_MAPPING_IN_CONTRACT,BASKET_UNAVAILABLE;SHORT_CALENDAR_SPAN;SINGLE_YEAR_ABS_NET_GE_50PCT,COMPLETE,1,1,1,UNAVAILABLE_NO_SOURCE_BASKET_ID
BOSS19_P4B_REGIME_AFFINITY_V1,2026-09-02T17:30:00Z,1330a822ed66149ba07d693d8732ced5b9e9ce66d15f34ce8d21ef70894b760c,5f3a0f8d1accd25cb6cc08ad1c6e291aed6d238d620269102151016dbfaf569d,858f4d02d1ae30511dd1f38ffab347c85c06a4a25df4bedf901dc169c2847916,ffa5a59f49cf9099c50520cc95c548ad2d47883a472689dfb58ffc722a44d51e,bb331765f169503ad878223d54a6f45fd2bb6e289609ae671857e298384463a4,BOSS19_P4_REGIME_CLASSIFIER_V1,1.0.0,H3-C13-MAIN,MAIN,2023,USDJPY,M15,DEAL,RISK_OFF,TREND_UP,NORMAL,CLASSIFIED,3,3,0,0.06382979,53.31000000,53.31000000,0.00000000,,0.00000000,PARTITION_REALIZED_SEQUENCE,EXIT_TIME_MSC_THEN_SOURCE_DEAL_ID,,,UNAVAILABLE_FROM_SOURCE_BOUND_UNIT_PACKAGE,1.00000000,0,{},UNKNOWN,NO_PREDECLARED_NUMERIC_MAPPING_IN_CONTRACT,BASKET_UNAVAILABLE;SHORT_CALENDAR_SPAN;SINGLE_YEAR_ABS_NET_GE_50PCT,COMPLETE,3,3,1,UNAVAILABLE_NO_SOURCE_BASKET_ID
BOSS19_P4B_REGIME_AFFINITY_V1,2026-09-02T17:30:00Z,1330a822ed66149ba07d693d8732ced5b9e9ce66d15f34ce8d21ef70894b760c,5f3a0f8d1accd25cb6cc08ad1c6e291aed6d238d620269102151016dbfaf569d,858f4d02d1ae30511dd1f38ffab347c85c06a4a25df4bedf901dc169c2847916,ffa5a59f49cf9099c50520cc95c548ad2d47883a472689dfb58ffc722a44d51e,bb331765f169503ad878223d54a6f45fd2bb6e289609ae671857e298384463a4,BOSS19_P4_REGIME_CLASSIFIER_V1,1.0.0,H3-C13-MAIN,MAIN,2023,USDJPY,M15,DEAL,RISK_ON,RANGE,LOW,CLASSIFIED,1,1,0,0.02127660,13.02000000,13.02000000,0.00000000,,0.00000000,PARTITION_REALIZED_SEQUENCE,EXIT_TIME_MSC_THEN_SOURCE_DEAL_ID,,,UNAVAILABLE_FROM_SOURCE_BOUND_UNIT_PACKAGE,1.00000000,0,{},UNKNOWN,NO_PREDECLARED_NUMERIC_MAPPING_IN_CONTRACT,BASKET_UNAVAILABLE;SHORT_CALENDAR_SPAN;SINGLE_YEAR_ABS_NET_GE_50PCT,COMPLETE,1,1,1,UNAVAILABLE_NO_SOURCE_BASKET_ID
BOSS19_P4B_REGIME_AFFINITY_V1,2026-09-02T17:30:00Z,1330a822ed66149ba07d693d8732ced5b9e9ce66d15f34ce8d21ef70894b760c,5f3a0f8d1accd25cb6cc08ad1c6e291aed6d238d620269102151016dbfaf569d,858f4d02d1ae30511dd1f38ffab347c85c06a4a25df4bedf901dc169c2847916,ffa5a59f49cf9099c50520cc95c548ad2d47883a472689dfb58ffc722a44d51e,bb331765f169503ad878223d54a6f45fd2bb6e289609ae671857e298384463a4,BOSS19_P4_REGIME_CLASSIFIER_V1,1.0.0,H3-C13-MAIN,MAIN,2024,USDJPY,M15,DEAL,NEUTRAL,RANGE,EXTREME,CLASSIFIED,1,1,0,0.02127660,4.44000000,4.44000000,0.00000000,,0.00000000,PARTITION_REALIZED_SEQUENCE,EXIT_TIME_MSC_THEN_SOURCE_DEAL_ID,,,UNAVAILABLE_FROM_SOURCE_BOUND_UNIT_PACKAGE,1.00000000,0,{},UNKNOWN,NO_PREDECLARED_NUMERIC_MAPPING_IN_CONTRACT,BASKET_UNAVAILABLE;SHORT_CALENDAR_SPAN;SINGLE_YEAR_ABS_NET_GE_50PCT,COMPLETE,1,1,1,UNAVAILABLE_NO_SOURCE_BASKET_ID
BOSS19_P4B_REGIME_AFFINITY_V1,2026-09-02T17:30:00Z,1330a822ed66149ba07d693d8732ced5b9e9ce66d15f34ce8d21ef70894b760c,5f3a0f8d1accd25cb6cc08ad1c6e291aed6d238d620269102151016dbfaf569d,858f4d02d1ae30511dd1f38ffab347c85c06a4a25df4bedf901dc169c2847916,ffa5a59f49cf9099c50520cc95c548ad2d47883a472689dfb58ffc722a44d51e,bb331765f169503ad878223d54a6f45fd2bb6e289609ae671857e298384463a4,BOSS19_P4_REGIME_CLASSIFIER_V1,1.0.0,H3-C13-MAIN,MAIN,2024,USDJPY,M15,DEAL,NEUTRAL,RANGE,LOW,CLASSIFIED,1,1,0,0.02127660,9.67000000,9.67000000,0.00000000,,0.00000000,PARTITION_REALIZED_SEQUENCE,EXIT_TIME_MSC_THEN_SOURCE_DEAL_ID,,,UNAVAILABLE_FROM_SOURCE_BOUND_UNIT_PACKAGE,1.00000000,0,{},UNKNOWN,NO_PREDECLARED_NUMERIC_MAPPING_IN_CONTRACT,BASKET_UNAVAILABLE;SHORT_CALENDAR_SPAN;SINGLE_YEAR_ABS_NET_GE_50PCT,COMPLETE,1,1,1,UNAVAILABLE_NO_SOURCE_BASKET_ID
BOSS19_P4B_REGIME_AFFINITY_V1,2026-09-02T17:30:00Z,1330a822ed66149ba07d693d8732ced5b9e9ce66d15f34ce8d21ef70894b760c,5f3a0f8d1accd25cb6cc08ad1c6e291aed6d238d620269102151016dbfaf569d,858f4d02d1ae30511dd1f38ffab347c85c06a4a25df4bedf901dc169c2847916,ffa5a59f49cf9099c50520cc95c548ad2d47883a472689dfb58ffc722a44d51e,bb331765f169503ad878223d54a6f45fd2bb6e289609ae671857e298384463a4,BOSS19_P4_REGIME_CLASSIFIER_V1,1.0.0,H3-C13-MAIN,MAIN,2024,USDJPY,M15,DEAL,NEUTRAL,RANGE,NORMAL,CLASSIFIED,2,2,0,0.04255319,19.22000000,19.22000000,0.00000000,,0.00000000,PARTITION_REALIZED_SEQUENCE,EXIT_TIME_MSC_THEN_SOURCE_DEAL_ID,,,UNAVAILABLE_FROM_SOURCE_BOUND_UNIT_PACKAGE,1.00000000,0,{},UNKNOWN,NO_PREDECLARED_NUMERIC_MAPPING_IN_CONTRACT,BASKET_UNAVAILABLE;SHORT_CALENDAR_SPAN;SINGLE_YEAR_ABS_NET_GE_50PCT,COMPLETE,1,1,1,UNAVAILABLE_NO_SOURCE_BASKET_ID
BOSS19_P4B_REGIME_AFFINITY_V1,2026-09-02T17:30:00Z,1330a822ed66149ba07d693d8732ced5b9e9ce66d15f34ce8d21ef70894b760c,5f3a0f8d1accd25cb6cc08ad1c6e291aed6d238d620269102151016dbfaf569d,858f4d02d1ae30511dd1f38ffab347c85c06a4a25df4bedf901dc169c2847916,ffa5a59f49cf9099c50520cc95c548ad2d47883a472689dfb58ffc722a44d51e,bb331765f169503ad878223d54a6f45fd2bb6e289609ae671857e298384463a4,BOSS19_P4_REGIME_CLASSIFIER_V1,1.0.0,H3-C13-MAIN,MAIN,2024,USDJPY,M15,DEAL,NEUTRAL,TRANSITION,EXTREME,CLASSIFIED,3,3,0,0.06382979,9.39000000,9.39000000,0.00000000,,0.00000000,PARTITION_REALIZED_SEQUENCE,EXIT_TIME_MSC_THEN_SOURCE_DEAL_ID,,,UNAVAILABLE_FROM_SOURCE_BOUND_UNIT_PACKAGE,1.00000000,0,{},UNKNOWN,NO_PREDECLARED_NUMERIC_MAPPING_IN_CONTRACT,BASKET_UNAVAILABLE;SHORT_CALENDAR_SPAN;SINGLE_YEAR_ABS_NET_GE_50PCT,COMPLETE,1,1,1,UNAVAILABLE_NO_SOURCE_BASKET_ID
BOSS19_P4B_REGIME_AFFINITY_V1,2026-09-02T17:30:00Z,1330a822ed66149ba07d693d8732ced5b9e9ce66d15f34ce8d21ef70894b760c,5f3a0f8d1accd25cb6cc08ad1c6e291aed6d238d620269102151016dbfaf569d,858f4d02d1ae30511dd1f38ffab347c85c06a4a25df4bedf901dc169c2847916,ffa5a59f49cf9099c50520cc95c548ad2d47883a472689dfb58ffc722a44d51e,bb331765f169503ad878223d54a6f45fd2bb6e289609ae671857e298384463a4,BOSS19_P4_REGIME_CLASSIFIER_V1,1.0.0,H3-C13-MAIN,MAIN,2024,USDJPY,M15,DEAL,NEUTRAL,TREND_DOWN,EXTREME,CLASSIFIED,1,1,0,0.02127660,2.03000000,2.03000000,0.00000000,,0.00000000,PARTITION_REALIZED_SEQUENCE,EXIT_TIME_MSC_THEN_SOURCE_DEAL_ID,,,UNAVAILABLE_FROM_SOURCE_BOUND_UNIT_PACKAGE,1.00000000,0,{},UNKNOWN,NO_PREDECLARED_NUMERIC_MAPPING_IN_CONTRACT,BASKET_UNAVAILABLE;SHORT_CALENDAR_SPAN;SINGLE_YEAR_ABS_NET_GE_50PCT,COMPLETE,1,1,1,UNAVAILABLE_NO_SOURCE_BASKET_ID
BOSS19_P4B_REGIME_AFFINITY_V1,2026-09-02T17:30:00Z,1330a822ed66149ba07d693d8732ced5b9e9ce66d15f34ce8d21ef70894b760c,5f3a0f8d1accd25cb6cc08ad1c6e291aed6d238d620269102151016dbfaf569d,858f4d02d1ae30511dd1f38ffab347c85c06a4a25df4bedf901dc169c2847916,ffa5a59f49cf9099c50520cc95c548ad2d47883a472689dfb58ffc722a44d51e,bb331765f169503ad878223d54a6f45fd2bb6e289609ae671857e298384463a4,BOSS19_P4_REGIME_CLASSIFIER_V1,1.0.0,H3-C13-MAIN,MAIN,2024,USDJPY,M15,DEAL,NEUTRAL,TREND_UP,EXTREME,CLASSIFIED,1,1,0,0.02127660,9.34000000,9.34000000,0.00000000,,0.00000000,PARTITION_REALIZED_SEQUENCE,EXIT_TIME_MSC_THEN_SOURCE_DEAL_ID,,,UNAVAILABLE_FROM_SOURCE_BOUND_UNIT_PACKAGE,1.00000000,0,{},UNKNOWN,NO_PREDECLARED_NUMERIC_MAPPING_IN_CONTRACT,BASKET_UNAVAILABLE;SHORT_CALENDAR_SPAN;SINGLE_YEAR_ABS_NET_GE_50PCT,COMPLETE,1,1,1,UNAVAILABLE_NO_SOURCE_BASKET_ID
BOSS19_P4B_REGIME_AFFINITY_V1,2026-09-02T17:30:00Z,1330a822ed66149ba07d693d8732ced5b9e9ce66d15f34ce8d21ef70894b760c,5f3a0f8d1accd25cb6cc08ad1c6e291aed6d238d620269102151016dbfaf569d,858f4d02d1ae30511dd1f38ffab347c85c06a4a25df4bedf901dc169c2847916,ffa5a59f49cf9099c50520cc95c548ad2d47883a472689dfb58ffc722a44d51e,bb331765f169503ad878223d54a6f45fd2bb6e289609ae671857e298384463a4,BOSS19_P4_REGIME_CLASSIFIER_V1,1.0.0,H3-C13-MAIN,MAIN,2024,USDJPY,M15,DEAL,NEUTRAL,TREND_UP,HIGH,CLASSIFIED,5,5,0,0.10638298,55.82000000,55.82000000,0.00000000,,0.00000000,PARTITION_REALIZED_SEQUENCE,EXIT_TIME_MSC_THEN_SOURCE_DEAL_ID,,,UNAVAILABLE_FROM_SOURCE_BOUND_UNIT_PACKAGE,1.00000000,0,{},UNKNOWN,NO_PREDECLARED_NUMERIC_MAPPING_IN_CONTRACT,BASKET_UNAVAILABLE;SHORT_CALENDAR_SPAN;SINGLE_YEAR_ABS_NET_GE_50PCT,COMPLETE,2,1,1,UNAVAILABLE_NO_SOURCE_BASKET_ID
BOSS19_P4B_REGIME_AFFINITY_V1,2026-09-02T17:30:00Z,1330a822ed66149ba07d693d8732ced5b9e9ce66d15f34ce8d21ef70894b760c,5f3a0f8d1accd25cb6cc08ad1c6e291aed6d238d620269102151016dbfaf569d,858f4d02d1ae30511dd1f38ffab347c85c06a4a25df4bedf901dc169c2847916,ffa5a59f49cf9099c50520cc95c548ad2d47883a472689dfb58ffc722a44d51e,bb331765f169503ad878223d54a6f45fd2bb6e289609ae671857e298384463a4,BOSS19_P4_REGIME_CLASSIFIER_V1,1.0.0,H3-C13-MAIN,MAIN,2024,USDJPY,M15,DEAL,NEUTRAL,TREND_UP,LOW,CLASSIFIED,2,2,0,0.04255319,20.92000000,20.92000000,0.00000000,,0.00000000,PARTITION_REALIZED_SEQUENCE,EXIT_TIME_MSC_THEN_SOURCE_DEAL_ID,,,UNAVAILABLE_FROM_SOURCE_BOUND_UNIT_PACKAGE,1.00000000,0,{},UNKNOWN,NO_PREDECLARED_NUMERIC_MAPPING_IN_CONTRACT,BASKET_UNAVAILABLE;SHORT_CALENDAR_SPAN;SINGLE_YEAR_ABS_NET_GE_50PCT,COMPLETE,1,1,1,UNAVAILABLE_NO_SOURCE_BASKET_ID
BOSS19_P4B_REGIME_AFFINITY_V1,2026-09-02T17:30:00Z,1330a822ed66149ba07d693d8732ced5b9e9ce66d15f34ce8d21ef70894b760c,5f3a0f8d1accd25cb6cc08ad1c6e291aed6d238d620269102151016dbfaf569d,858f4d02d1ae30511dd1f38ffab347c85c06a4a25df4bedf901dc169c2847916,ffa5a59f49cf9099c50520cc95c548ad2d47883a472689dfb58ffc722a44d51e,bb331765f169503ad878223d54a6f45fd2bb6e289609ae671857e298384463a4,BOSS19_P4_REGIME_CLASSIFIER_V1,1.0.0,H3-C13-MAIN,MAIN,2024,USDJPY,M15,DEAL,NEUTRAL,TREND_UP,NORMAL,CLASSIFIED,2,2,0,0.04255319,20.90000000,20.90000000,0.00000000,,0.00000000,PARTITION_REALIZED_SEQUENCE,EXIT_TIME_MSC_THEN_SOURCE_DEAL_ID,,,UNAVAILABLE_FROM_SOURCE_BOUND_UNIT_PACKAGE,1.00000000,0,{},UNKNOWN,NO_PREDECLARED_NUMERIC_MAPPING_IN_CONTRACT,BASKET_UNAVAILABLE;SHORT_CALENDAR_SPAN;SINGLE_YEAR_ABS_NET_GE_50PCT,COMPLETE,2,2,1,UNAVAILABLE_NO_SOURCE_BASKET_ID
BOSS19_P4B_REGIME_AFFINITY_V1,2026-09-02T17:30:00Z,1330a822ed66149ba07d693d8732ced5b9e9ce66d15f34ce8d21ef70894b760c,5f3a0f8d1accd25cb6cc08ad1c6e291aed6d238d620269102151016dbfaf569d,858f4d02d1ae30511dd1f38ffab347c85c06a4a25df4bedf901dc169c2847916,ffa5a59f49cf9099c50520cc95c548ad2d47883a472689dfb58ffc722a44d51e,bb331765f169503ad878223d54a6f45fd2bb6e289609ae671857e298384463a4,BOSS19_P4_REGIME_CLASSIFIER_V1,1.0.0,H3-C13-MAIN,MAIN,2024,USDJPY,M15,DEAL,RISK_ON,RANGE,NORMAL,CLASSIFIED,1,1,0,0.02127660,11.88000000,11.88000000,0.00000000,,0.00000000,PARTITION_REALIZED_SEQUENCE,EXIT_TIME_MSC_THEN_SOURCE_DEAL_ID,,,UNAVAILABLE_FROM_SOURCE_BOUND_UNIT_PACKAGE,1.00000000,0,{},UNKNOWN,NO_PREDECLARED_NUMERIC_MAPPING_IN_CONTRACT,BASKET_UNAVAILABLE;SHORT_CALENDAR_SPAN;SINGLE_YEAR_ABS_NET_GE_50PCT,COMPLETE,1,1,1,UNAVAILABLE_NO_SOURCE_BASKET_ID
BOSS19_P4B_REGIME_AFFINITY_V1,2026-09-02T17:30:00Z,1330a822ed66149ba07d693d8732ced5b9e9ce66d15f34ce8d21ef70894b760c,5f3a0f8d1accd25cb6cc08ad1c6e291aed6d238d620269102151016dbfaf569d,858f4d02d1ae30511dd1f38ffab347c85c06a4a25df4bedf901dc169c2847916,ffa5a59f49cf9099c50520cc95c548ad2d47883a472689dfb58ffc722a44d51e,bb331765f169503ad878223d54a6f45fd2bb6e289609ae671857e298384463a4,BOSS19_P4_REGIME_CLASSIFIER_V1,1.0.0,H3-C13-MAIN,MAIN,2024,USDJPY,M15,DEAL,RISK_ON,TREND_UP,NORMAL,CLASSIFIED,5,5,0,0.10638298,79.78000000,79.78000000,0.00000000,,0.00000000,PARTITION_REALIZED_SEQUENCE,EXIT_TIME_MSC_THEN_SOURCE_DEAL_ID,,,UNAVAILABLE_FROM_SOURCE_BOUND_UNIT_PACKAGE,1.00000000,0,{},UNKNOWN,NO_PREDECLARED_NUMERIC_MAPPING_IN_CONTRACT,BASKET_UNAVAILABLE;SHORT_CALENDAR_SPAN;SINGLE_YEAR_ABS_NET_GE_50PCT,COMPLETE,2,2,1,UNAVAILABLE_NO_SOURCE_BASKET_ID
BOSS19_P4B_REGIME_AFFINITY_V1,2026-09-02T17:30:00Z,1330a822ed66149ba07d693d8732ced5b9e9ce66d15f34ce8d21ef70894b760c,5f3a0f8d1accd25cb6cc08ad1c6e291aed6d238d620269102151016dbfaf569d,858f4d02d1ae30511dd1f38ffab347c85c06a4a25df4bedf901dc169c2847916,ffa5a59f49cf9099c50520cc95c548ad2d47883a472689dfb58ffc722a44d51e,bb331765f169503ad878223d54a6f45fd2bb6e289609ae671857e298384463a4,BOSS19_P4_REGIME_CLASSIFIER_V1,1.0.0,H3-C14-BWD,BWD,2020,USDJPY,H1,DEAL,NEUTRAL,RANGE,LOW,CLASSIFIED,2,2,0,0.02941176,8.03000000,8.03000000,0.00000000,,0.00000000,PARTITION_REALIZED_SEQUENCE,EXIT_TIME_MSC_THEN_SOURCE_DEAL_ID,,,UNAVAILABLE_FROM_SOURCE_BOUND_UNIT_PACKAGE,1.00000000,0,{},UNKNOWN,NO_PREDECLARED_NUMERIC_MAPPING_IN_CONTRACT,BASKET_UNAVAILABLE;SINGLE_YEAR_ABS_NET_GE_50PCT,COMPLETE,2,2,1,UNAVAILABLE_NO_SOURCE_BASKET_ID
BOSS19_P4B_REGIME_AFFINITY_V1,2026-09-02T17:30:00Z,1330a822ed66149ba07d693d8732ced5b9e9ce66d15f34ce8d21ef70894b760c,5f3a0f8d1accd25cb6cc08ad1c6e291aed6d238d620269102151016dbfaf569d,858f4d02d1ae30511dd1f38ffab347c85c06a4a25df4bedf901dc169c2847916,ffa5a59f49cf9099c50520cc95c548ad2d47883a472689dfb58ffc722a44d51e,bb331765f169503ad878223d54a6f45fd2bb6e289609ae671857e298384463a4,BOSS19_P4_REGIME_CLASSIFIER_V1,1.0.0,H3-C14-BWD,BWD,2020,USDJPY,H1,DEAL,NEUTRAL,RANGE,NORMAL,CLASSIFIED,1,1,0,0.01470588,6.37000000,6.37000000,0.00000000,,0.00000000,PARTITION_REALIZED_SEQUENCE,EXIT_TIME_MSC_THEN_SOURCE_DEAL_ID,,,UNAVAILABLE_FROM_SOURCE_BOUND_UNIT_PACKAGE,1.00000000,0,{},UNKNOWN,NO_PREDECLARED_NUMERIC_MAPPING_IN_CONTRACT,BASKET_UNAVAILABLE;SINGLE_YEAR_ABS_NET_GE_50PCT,COMPLETE,1,1,1,UNAVAILABLE_NO_SOURCE_BASKET_ID
BOSS19_P4B_REGIME_AFFINITY_V1,2026-09-02T17:30:00Z,1330a822ed66149ba07d693d8732ced5b9e9ce66d15f34ce8d21ef70894b760c,5f3a0f8d1accd25cb6cc08ad1c6e291aed6d238d620269102151016dbfaf569d,858f4d02d1ae30511dd1f38ffab347c85c06a4a25df4bedf901dc169c2847916,ffa5a59f49cf9099c50520cc95c548ad2d47883a472689dfb58ffc722a44d51e,bb331765f169503ad878223d54a6f45fd2bb6e289609ae671857e298384463a4,BOSS19_P4_REGIME_CLASSIFIER_V1,1.0.0,H3-C14-BWD,BWD,2020,USDJPY,H1,DEAL,NEUTRAL,TREND_DOWN,LOW,CLASSIFIED,1,1,0,0.01470588,1.23000000,1.23000000,0.00000000,,0.00000000,PARTITION_REALIZED_SEQUENCE,EXIT_TIME_MSC_THEN_SOURCE_DEAL_ID,,,UNAVAILABLE_FROM_SOURCE_BOUND_UNIT_PACKAGE,1.00000000,0,{},UNKNOWN,NO_PREDECLARED_NUMERIC_MAPPING_IN_CONTRACT,BASKET_UNAVAILABLE;SINGLE_YEAR_ABS_NET_GE_50PCT,COMPLETE,1,1,1,UNAVAILABLE_NO_SOURCE_BASKET_ID
BOSS19_P4B_REGIME_AFFINITY_V1,2026-09-02T17:30:00Z,1330a822ed66149ba07d693d8732ced5b9e9ce66d15f34ce8d21ef70894b760c,5f3a0f8d1accd25cb6cc08ad1c6e291aed6d238d620269102151016dbfaf569d,858f4d02d1ae30511dd1f38ffab347c85c06a4a25df4bedf901dc169c2847916,ffa5a59f49cf9099c50520cc95c548ad2d47883a472689dfb58ffc722a44d51e,bb331765f169503ad878223d54a6f45fd2bb6e289609ae671857e298384463a4,BOSS19_P4_REGIME_CLASSIFIER_V1,1.0.0,H3-C14-BWD,BWD,2020,USDJPY,H1,DEAL,NEUTRAL,TREND_UP,HIGH,CLASSIFIED,1,1,0,0.01470588,8.80000000,8.80000000,0.00000000,,0.00000000,PARTITION_REALIZED_SEQUENCE,EXIT_TIME_MSC_THEN_SOURCE_DEAL_ID,,,UNAVAILABLE_FROM_SOURCE_BOUND_UNIT_PACKAGE,1.00000000,0,{},UNKNOWN,NO_PREDECLARED_NUMERIC_MAPPING_IN_CONTRACT,BASKET_UNAVAILABLE;SINGLE_YEAR_ABS_NET_GE_50PCT,COMPLETE,1,1,1,UNAVAILABLE_NO_SOURCE_BASKET_ID
BOSS19_P4B_REGIME_AFFINITY_V1,2026-09-02T17:30:00Z,1330a822ed66149ba07d693d8732ced5b9e9ce66d15f34ce8d21ef70894b760c,5f3a0f8d1accd25cb6cc08ad1c6e291aed6d238d620269102151016dbfaf569d,858f4d02d1ae30511dd1f38ffab347c85c06a4a25df4bedf901dc169c2847916,ffa5a59f49cf9099c50520cc95c548ad2d47883a472689dfb58ffc722a44d51e,bb331765f169503ad878223d54a6f45fd2bb6e289609ae671857e298384463a4,BOSS19_P4_REGIME_CLASSIFIER_V1,1.0.0,H3-C14-BWD,BWD,2020,USDJPY,H1,DEAL,NEUTRAL,TREND_UP,NORMAL,CLASSIFIED,5,5,0,0.07352941,45.68000000,45.68000000,0.00000000,,0.00000000,PARTITION_REALIZED_SEQUENCE,EXIT_TIME_MSC_THEN_SOURCE_DEAL_ID,,,UNAVAILABLE_FROM_SOURCE_BOUND_UNIT_PACKAGE,1.00000000,0,{},UNKNOWN,NO_PREDECLARED_NUMERIC_MAPPING_IN_CONTRACT,BASKET_UNAVAILABLE;SINGLE_YEAR_ABS_NET_GE_50PCT,COMPLETE,3,2,1,UNAVAILABLE_NO_SOURCE_BASKET_ID
BOSS19_P4B_REGIME_AFFINITY_V1,2026-09-02T17:30:00Z,1330a822ed66149ba07d693d8732ced5b9e9ce66d15f34ce8d21ef70894b760c,5f3a0f8d1accd25cb6cc08ad1c6e291aed6d238d620269102151016dbfaf569d,858f4d02d1ae30511dd1f38ffab347c85c06a4a25df4bedf901dc169c2847916,ffa5a59f49cf9099c50520cc95c548ad2d47883a472689dfb58ffc722a44d51e,bb331765f169503ad878223d54a6f45fd2bb6e289609ae671857e298384463a4,BOSS19_P4_REGIME_CLASSIFIER_V1,1.0.0,H3-C14-BWD,BWD,2020,USDJPY,H1,DEAL,RISK_OFF,RANGE,NORMAL,CLASSIFIED,2,2,0,0.02941176,20.06000000,20.06000000,0.00000000,,0.00000000,PARTITION_REALIZED_SEQUENCE,EXIT_TIME_MSC_THEN_SOURCE_DEAL_ID,,,UNAVAILABLE_FROM_SOURCE_BOUND_UNIT_PACKAGE,1.00000000,0,{},UNKNOWN,NO_PREDECLARED_NUMERIC_MAPPING_IN_CONTRACT,BASKET_UNAVAILABLE;SINGLE_YEAR_ABS_NET_GE_50PCT,COMPLETE,1,1,1,UNAVAILABLE_NO_SOURCE_BASKET_ID
BOSS19_P4B_REGIME_AFFINITY_V1,2026-09-02T17:30:00Z,1330a822ed66149ba07d693d8732ced5b9e9ce66d15f34ce8d21ef70894b760c,5f3a0f8d1accd25cb6cc08ad1c6e291aed6d238d620269102151016dbfaf569d,858f4d02d1ae30511dd1f38ffab347c85c06a4a25df4bedf901dc169c2847916,ffa5a59f49cf9099c50520cc95c548ad2d47883a472689dfb58ffc722a44d51e,bb331765f169503ad878223d54a6f45fd2bb6e289609ae671857e298384463a4,BOSS19_P4_REGIME_CLASSIFIER_V1,1.0.0,H3-C14-BWD,BWD,2020,USDJPY,H1,DEAL,RISK_OFF,TRANSITION,NORMAL,CLASSIFIED,1,1,0,0.01470588,8.81000000,8.81000000,0.00000000,,0.00000000,PARTITION_REALIZED_SEQUENCE,EXIT_TIME_MSC_THEN_SOURCE_DEAL_ID,,,UNAVAILABLE_FROM_SOURCE_BOUND_UNIT_PACKAGE,1.00000000,0,{},UNKNOWN,NO_PREDECLARED_NUMERIC_MAPPING_IN_CONTRACT,BASKET_UNAVAILABLE;SINGLE_YEAR_ABS_NET_GE_50PCT,COMPLETE,1,1,1,UNAVAILABLE_NO_SOURCE_BASKET_ID
BOSS19_P4B_REGIME_AFFINITY_V1,2026-09-02T17:30:00Z,1330a822ed66149ba07d693d8732ced5b9e9ce66d15f34ce8d21ef70894b760c,5f3a0f8d1accd25cb6cc08ad1c6e291aed6d238d620269102151016dbfaf569d,858f4d02d1ae30511dd1f38ffab347c85c06a4a25df4bedf901dc169c2847916,ffa5a59f49cf9099c50520cc95c548ad2d47883a472689dfb58ffc722a44d51e,bb331765f169503ad878223d54a6f45fd2bb6e289609ae671857e298384463a4,BOSS19_P4_REGIME_CLASSIFIER_V1,1.0.0,H3-C14-BWD,BWD,2020,USDJPY,H1,DEAL,RISK_OFF,TREND_UP,HIGH,CLASSIFIED,3,3,0,0.04411765,258.85000000,258.85000000,0.00000000,,0.00000000,PARTITION_REALIZED_SEQUENCE,EXIT_TIME_MSC_THEN_SOURCE_DEAL_ID,,,UNAVAILABLE_FROM_SOURCE_BOUND_UNIT_PACKAGE,1.00000000,0,{},UNKNOWN,NO_PREDECLARED_NUMERIC_MAPPING_IN_CONTRACT,BASKET_UNAVAILABLE;SINGLE_YEAR_ABS_NET_GE_50PCT,COMPLETE,1,1,1,UNAVAILABLE_NO_SOURCE_BASKET_ID
BOSS19_P4B_REGIME_AFFINITY_V1,2026-09-02T17:30:00Z,1330a822ed66149ba07d693d8732ced5b9e9ce66d15f34ce8d21ef70894b760c,5f3a0f8d1accd25cb6cc08ad1c6e291aed6d238d620269102151016dbfaf569d,858f4d02d1ae30511dd1f38ffab347c85c06a4a25df4bedf901dc169c2847916,ffa5a59f49cf9099c50520cc95c548ad2d47883a472689dfb58ffc722a44d51e,bb331765f169503ad878223d54a6f45fd2bb6e289609ae671857e298384463a4,BOSS19_P4_REGIME_CLASSIFIER_V1,1.0.0,H3-C14-BWD,BWD,2021,USDJPY,H1,DEAL,NEUTRAL,RANGE,NORMAL,CLASSIFIED,1,1,0,0.01470588,27.64000000,27.64000000,0.00000000,,0.00000000,PARTITION_REALIZED_SEQUENCE,EXIT_TIME_MSC_THEN_SOURCE_DEAL_ID,,,UNAVAILABLE_FROM_SOURCE_BOUND_UNIT_PACKAGE,1.00000000,0,{},UNKNOWN,NO_PREDECLARED_NUMERIC_MAPPING_IN_CONTRACT,BASKET_UNAVAILABLE;SINGLE_YEAR_ABS_NET_GE_50PCT,COMPLETE,1,1,1,UNAVAILABLE_NO_SOURCE_BASKET_ID
BOSS19_P4B_REGIME_AFFINITY_V1,2026-09-02T17:30:00Z,1330a822ed66149ba07d693d8732ced5b9e9ce66d15f34ce8d21ef70894b760c,5f3a0f8d1accd25cb6cc08ad1c6e291aed6d238d620269102151016dbfaf569d,858f4d02d1ae30511dd1f38ffab347c85c06a4a25df4bedf901dc169c2847916,ffa5a59f49cf9099c50520cc95c548ad2d47883a472689dfb58ffc722a44d51e,bb331765f169503ad878223d54a6f45fd2bb6e289609ae671857e298384463a4,BOSS19_P4_REGIME_CLASSIFIER_V1,1.0.0,H3-C14-BWD,BWD,2021,USDJPY,H1,DEAL,NEUTRAL,TREND_UP,HIGH,CLASSIFIED,3,3,0,0.04411765,40.96000000,40.96000000,0.00000000,,0.00000000,PARTITION_REALIZED_SEQUENCE,EXIT_TIME_MSC_THEN_SOURCE_DEAL_ID,,,UNAVAILABLE_FROM_SOURCE_BOUND_UNIT_PACKAGE,1.00000000,0,{},UNKNOWN,NO_PREDECLARED_NUMERIC_MAPPING_IN_CONTRACT,BASKET_UNAVAILABLE;SINGLE_YEAR_ABS_NET_GE_50PCT,COMPLETE,2,1,1,UNAVAILABLE_NO_SOURCE_BASKET_ID
BOSS19_P4B_REGIME_AFFINITY_V1,2026-09-02T17:30:00Z,1330a822ed66149ba07d693d8732ced5b9e9ce66d15f34ce8d21ef70894b760c,5f3a0f8d1accd25cb6cc08ad1c6e291aed6d238d620269102151016dbfaf569d,858f4d02d1ae30511dd1f38ffab347c85c06a4a25df4bedf901dc169c2847916,ffa5a59f49cf9099c50520cc95c548ad2d47883a472689dfb58ffc722a44d51e,bb331765f169503ad878223d54a6f45fd2bb6e289609ae671857e298384463a4,BOSS19_P4_REGIME_CLASSIFIER_V1,1.0.0,H3-C14-BWD,BWD,2021,USDJPY,H1,DEAL,NEUTRAL,TREND_UP,NORMAL,CLASSIFIED,2,2,0,0.02941176,26.17000000,26.17000000,0.00000000,,0.00000000,PARTITION_REALIZED_SEQUENCE,EXIT_TIME_MSC_THEN_SOURCE_DEAL_ID,,,UNAVAILABLE_FROM_SOURCE_BOUND_UNIT_PACKAGE,1.00000000,0,{},UNKNOWN,NO_PREDECLARED_NUMERIC_MAPPING_IN_CONTRACT,BASKET_UNAVAILABLE;SINGLE_YEAR_ABS_NET_GE_50PCT,COMPLETE,2,1,1,UNAVAILABLE_NO_SOURCE_BASKET_ID
BOSS19_P4B_REGIME_AFFINITY_V1,2026-09-02T17:30:00Z,1330a822ed66149ba07d693d8732ced5b9e9ce66d15f34ce8d21ef70894b760c,5f3a0f8d1accd25cb6cc08ad1c6e291aed6d238d620269102151016dbfaf569d,858f4d02d1ae30511dd1f38ffab347c85c06a4a25df4bedf901dc169c2847916,ffa5a59f49cf9099c50520cc95c548ad2d47883a472689dfb58ffc722a44d51e,bb331765f169503ad878223d54a6f45fd2bb6e289609ae671857e298384463a4,BOSS19_P4_REGIME_CLASSIFIER_V1,1.0.0,H3-C14-BWD,BWD,2022,USDJPY,H1,DEAL,NEUTRAL,RANGE,HIGH,CLASSIFIED,1,1,0,0.01470588,3.41000000,3.41000000,0.00000000,,0.00000000,PARTITION_REALIZED_SEQUENCE,EXIT_TIME_MSC_THEN_SOURCE_DEAL_ID,,,UNAVAILABLE_FROM_SOURCE_BOUND_UNIT_PACKAGE,1.00000000,0,{},UNKNOWN,NO_PREDECLARED_NUMERIC_MAPPING_IN_CONTRACT,BASKET_UNAVAILABLE;SINGLE_YEAR_ABS_NET_GE_50PCT,COMPLETE,1,1,1,UNAVAILABLE_NO_SOURCE_BASKET_ID
BOSS19_P4B_REGIME_AFFINITY_V1,2026-09-02T17:30:00Z,1330a822ed66149ba07d693d8732ced5b9e9ce66d15f34ce8d21ef70894b760c,5f3a0f8d1accd25cb6cc08ad1c6e291aed6d238d620269102151016dbfaf569d,858f4d02d1ae30511dd1f38ffab347c85c06a4a25df4bedf901dc169c2847916,ffa5a59f49cf9099c50520cc95c548ad2d47883a472689dfb58ffc722a44d51e,bb331765f169503ad878223d54a6f45fd2bb6e289609ae671857e298384463a4,BOSS19_P4_REGIME_CLASSIFIER_V1,1.0.0,H3-C14-BWD,BWD,2022,USDJPY,H1,DEAL,NEUTRAL,RANGE,NORMAL,CLASSIFIED,3,3,0,0.04411765,23.66000000,23.66000000,0.00000000,,0.00000000,PARTITION_REALIZED_SEQUENCE,EXIT_TIME_MSC_THEN_SOURCE_DEAL_ID,,,UNAVAILABLE_FROM_SOURCE_BOUND_UNIT_PACKAGE,1.00000000,0,{},UNKNOWN,NO_PREDECLARED_NUMERIC_MAPPING_IN_CONTRACT,BASKET_UNAVAILABLE;SINGLE_YEAR_ABS_NET_GE_50PCT,COMPLETE,2,2,1,UNAVAILABLE_NO_SOURCE_BASKET_ID
BOSS19_P4B_REGIME_AFFINITY_V1,2026-09-02T17:30:00Z,1330a822ed66149ba07d693d8732ced5b9e9ce66d15f34ce8d21ef70894b760c,5f3a0f8d1accd25cb6cc08ad1c6e291aed6d238d620269102151016dbfaf569d,858f4d02d1ae30511dd1f38ffab347c85c06a4a25df4bedf901dc169c2847916,ffa5a59f49cf9099c50520cc95c548ad2d47883a472689dfb58ffc722a44d51e,bb331765f169503ad878223d54a6f45fd2bb6e289609ae671857e298384463a4,BOSS19_P4_REGIME_CLASSIFIER_V1,1.0.0,H3-C14-BWD,BWD,2022,USDJPY,H1,DEAL,NEUTRAL,TREND_UP,EXTREME,CLASSIFIED,4,4,0,0.05882353,53.09000000,53.09000000,0.00000000,,0.00000000,PARTITION_REALIZED_SEQUENCE,EXIT_TIME_MSC_THEN_SOURCE_DEAL_ID,,,UNAVAILABLE_FROM_SOURCE_BOUND_UNIT_PACKAGE,1.00000000,0,{},UNKNOWN,NO_PREDECLARED_NUMERIC_MAPPING_IN_CONTRACT,BASKET_UNAVAILABLE;SINGLE_YEAR_ABS_NET_GE_50PCT,COMPLETE,1,1,1,UNAVAILABLE_NO_SOURCE_BASKET_ID
BOSS19_P4B_REGIME_AFFINITY_V1,2026-09-02T17:30:00Z,1330a822ed66149ba07d693d8732ced5b9e9ce66d15f34ce8d21ef70894b760c,5f3a0f8d1accd25cb6cc08ad1c6e291aed6d238d620269102151016dbfaf569d,858f4d02d1ae30511dd1f38ffab347c85c06a4a25df4bedf901dc169c2847916,ffa5a59f49cf9099c50520cc95c548ad2d47883a472689dfb58ffc722a44d51e,bb331765f169503ad878223d54a6f45fd2bb6e289609ae671857e298384463a4,BOSS19_P4_REGIME_CLASSIFIER_V1,1.0.0,H3-C14-BWD,BWD,2022,USDJPY,H1,DEAL,NEUTRAL,TREND_UP,HIGH,CLASSIFIED,7,7,0,0.10294118,123.18000000,123.18000000,0.00000000,,0.00000000,PARTITION_REALIZED_SEQUENCE,EXIT_TIME_MSC_THEN_SOURCE_DEAL_ID,,,UNAVAILABLE_FROM_SOURCE_BOUND_UNIT_PACKAGE,1.00000000,0,{},UNKNOWN,NO_PREDECLARED_NUMERIC_MAPPING_IN_CONTRACT,BASKET_UNAVAILABLE;SINGLE_YEAR_ABS_NET_GE_50PCT,COMPLETE,3,3,1,UNAVAILABLE_NO_SOURCE_BASKET_ID
BOSS19_P4B_REGIME_AFFINITY_V1,2026-09-02T17:30:00Z,1330a822ed66149ba07d693d8732ced5b9e9ce66d15f34ce8d21ef70894b760c,5f3a0f8d1accd25cb6cc08ad1c6e291aed6d238d620269102151016dbfaf569d,858f4d02d1ae30511dd1f38ffab347c85c06a4a25df4bedf901dc169c2847916,ffa5a59f49cf9099c50520cc95c548ad2d47883a472689dfb58ffc722a44d51e,bb331765f169503ad878223d54a6f45fd2bb6e289609ae671857e298384463a4,BOSS19_P4_REGIME_CLASSIFIER_V1,1.0.0,H3-C14-BWD,BWD,2022,USDJPY,H1,DEAL,NEUTRAL,TREND_UP,LOW,CLASSIFIED,2,2,0,0.02941176,-433.84000000,0.00000000,-433.84000000,0.00000000,433.84000000,PARTITION_REALIZED_SEQUENCE,EXIT_TIME_MSC_THEN_SOURCE_DEAL_ID,,,UNAVAILABLE_FROM_SOURCE_BOUND_UNIT_PACKAGE,1.00000000,0,{},UNKNOWN,NO_PREDECLARED_NUMERIC_MAPPING_IN_CONTRACT,BASKET_UNAVAILABLE;SINGLE_YEAR_ABS_NET_GE_50PCT,COMPLETE,1,1,1,UNAVAILABLE_NO_SOURCE_BASKET_ID
BOSS19_P4B_REGIME_AFFINITY_V1,2026-09-02T17:30:00Z,1330a822ed66149ba07d693d8732ced5b9e9ce66d15f34ce8d21ef70894b760c,5f3a0f8d1accd25cb6cc08ad1c6e291aed6d238d620269102151016dbfaf569d,858f4d02d1ae30511dd1f38ffab347c85c06a4a25df4bedf901dc169c2847916,ffa5a59f49cf9099c50520cc95c548ad2d47883a472689dfb58ffc722a44d51e,bb331765f169503ad878223d54a6f45fd2bb6e289609ae671857e298384463a4,BOSS19_P4_REGIME_CLASSIFIER_V1,1.0.0,H3-C14-BWD,BWD,2022,USDJPY,H1,DEAL,NEUTRAL,TREND_UP,NORMAL,CLASSIFIED,15,15,0,0.22058824,251.67000000,251.67000000,0.00000000,,0.00000000,PARTITION_REALIZED_SEQUENCE,EXIT_TIME_MSC_THEN_SOURCE_DEAL_ID,,,UNAVAILABLE_FROM_SOURCE_BOUND_UNIT_PACKAGE,1.00000000,0,{},UNKNOWN,NO_PREDECLARED_NUMERIC_MAPPING_IN_CONTRACT,BASKET_UNAVAILABLE;SINGLE_YEAR_ABS_NET_GE_50PCT,COMPLETE,7,5,1,UNAVAILABLE_NO_SOURCE_BASKET_ID
BOSS19_P4B_REGIME_AFFINITY_V1,2026-09-02T17:30:00Z,1330a822ed66149ba07d693d8732ced5b9e9ce66d15f34ce8d21ef70894b760c,5f3a0f8d1accd25cb6cc08ad1c6e291aed6d238d620269102151016dbfaf569d,858f4d02d1ae30511dd1f38ffab347c85c06a4a25df4bedf901dc169c2847916,ffa5a59f49cf9099c50520cc95c548ad2d47883a472689dfb58ffc722a44d51e,bb331765f169503ad878223d54a6f45fd2bb6e289609ae671857e298384463a4,BOSS19_P4_REGIME_CLASSIFIER_V1,1.0.0,H3-C14-BWD,BWD,2022,USDJPY,H1,DEAL,RISK_OFF,RANGE,HIGH,CLASSIFIED,1,1,0,0.01470588,3.44000000,3.44000000,0.00000000,,0.00000000,PARTITION_REALIZED_SEQUENCE,EXIT_TIME_MSC_THEN_SOURCE_DEAL_ID,,,UNAVAILABLE_FROM_SOURCE_BOUND_UNIT_PACKAGE,1.00000000,0,{},UNKNOWN,NO_PREDECLARED_NUMERIC_MAPPING_IN_CONTRACT,BASKET_UNAVAILABLE;SINGLE_YEAR_ABS_NET_GE_50PCT,COMPLETE,1,1,1,UNAVAILABLE_NO_SOURCE_BASKET_ID
BOSS19_P4B_REGIME_AFFINITY_V1,2026-09-02T17:30:00Z,1330a822ed66149ba07d693d8732ced5b9e9ce66d15f34ce8d21ef70894b760c,5f3a0f8d1accd25cb6cc08ad1c6e291aed6d238d620269102151016dbfaf569d,858f4d02d1ae30511dd1f38ffab347c85c06a4a25df4bedf901dc169c2847916,ffa5a59f49cf9099c50520cc95c548ad2d47883a472689dfb58ffc722a44d51e,bb331765f169503ad878223d54a6f45fd2bb6e289609ae671857e298384463a4,BOSS19_P4_REGIME_CLASSIFIER_V1,1.0.0,H3-C14-BWD,BWD,2022,USDJPY,H1,DEAL,RISK_OFF,RANGE,NORMAL,CLASSIFIED,3,3,0,0.04411765,64.06000000,64.06000000,0.00000000,,0.00000000,PARTITION_REALIZED_SEQUENCE,EXIT_TIME_MSC_THEN_SOURCE_DEAL_ID,,,UNAVAILABLE_FROM_SOURCE_BOUND_UNIT_PACKAGE,1.00000000,0,{},UNKNOWN,NO_PREDECLARED_NUMERIC_MAPPING_IN_CONTRACT,BASKET_UNAVAILABLE;SINGLE_YEAR_ABS_NET_GE_50PCT,COMPLETE,3,1,1,UNAVAILABLE_NO_SOURCE_BASKET_ID
BOSS19_P4B_REGIME_AFFINITY_V1,2026-09-02T17:30:00Z,1330a822ed66149ba07d693d8732ced5b9e9ce66d15f34ce8d21ef70894b760c,5f3a0f8d1accd25cb6cc08ad1c6e291aed6d238d620269102151016dbfaf569d,858f4d02d1ae30511dd1f38ffab347c85c06a4a25df4bedf901dc169c2847916,ffa5a59f49cf9099c50520cc95c548ad2d47883a472689dfb58ffc722a44d51e,bb331765f169503ad878223d54a6f45fd2bb6e289609ae671857e298384463a4,BOSS19_P4_REGIME_CLASSIFIER_V1,1.0.0,H3-C14-BWD,BWD,2022,USDJPY,H1,DEAL,STRESS,RANGE,HIGH,CLASSIFIED,1,1,0,0.01470588,18.63000000,18.63000000,0.00000000,,0.00000000,PARTITION_REALIZED_SEQUENCE,EXIT_TIME_MSC_THEN_SOURCE_DEAL_ID,,,UNAVAILABLE_FROM_SOURCE_BOUND_UNIT_PACKAGE,1.00000000,0,{},UNKNOWN,NO_PREDECLARED_NUMERIC_MAPPING_IN_CONTRACT,BASKET_UNAVAILABLE;SINGLE_YEAR_ABS_NET_GE_50PCT,COMPLETE,1,1,1,UNAVAILABLE_NO_SOURCE_BASKET_ID
BOSS19_P4B_REGIME_AFFINITY_V1,2026-09-02T17:30:00Z,1330a822ed66149ba07d693d8732ced5b9e9ce66d15f34ce8d21ef70894b760c,5f3a0f8d1accd25cb6cc08ad1c6e291aed6d238d620269102151016dbfaf569d,858f4d02d1ae30511dd1f38ffab347c85c06a4a25df4bedf901dc169c2847916,ffa5a59f49cf9099c50520cc95c548ad2d47883a472689dfb58ffc722a44d51e,bb331765f169503ad878223d54a6f45fd2bb6e289609ae671857e298384463a4,BOSS19_P4_REGIME_CLASSIFIER_V1,1.0.0,H3-C14-BWD,BWD,2022,USDJPY,H1,DEAL,STRESS,TREND_UP,HIGH,CLASSIFIED,2,2,0,0.02941176,24.77000000,24.77000000,0.00000000,,0.00000000,PARTITION_REALIZED_SEQUENCE,EXIT_TIME_MSC_THEN_SOURCE_DEAL_ID,,,UNAVAILABLE_FROM_SOURCE_BOUND_UNIT_PACKAGE,1.00000000,0,{},UNKNOWN,NO_PREDECLARED_NUMERIC_MAPPING_IN_CONTRACT,BASKET_UNAVAILABLE;SINGLE_YEAR_ABS_NET_GE_50PCT,COMPLETE,2,2,1,UNAVAILABLE_NO_SOURCE_BASKET_ID
BOSS19_P4B_REGIME_AFFINITY_V1,2026-09-02T17:30:00Z,1330a822ed66149ba07d693d8732ced5b9e9ce66d15f34ce8d21ef70894b760c,5f3a0f8d1accd25cb6cc08ad1c6e291aed6d238d620269102151016dbfaf569d,858f4d02d1ae30511dd1f38ffab347c85c06a4a25df4bedf901dc169c2847916,ffa5a59f49cf9099c50520cc95c548ad2d47883a472689dfb58ffc722a44d51e,bb331765f169503ad878223d54a6f45fd2bb6e289609ae671857e298384463a4,BOSS19_P4_REGIME_CLASSIFIER_V1,1.0.0,H3-C14-BWD,BWD,2022,USDJPY,H1,DEAL,STRESS,TREND_UP,LOW,CLASSIFIED,3,3,0,0.04411765,-105.37000000,33.76000000,-139.13000000,0.24265076,139.13000000,PARTITION_REALIZED_SEQUENCE,EXIT_TIME_MSC_THEN_SOURCE_DEAL_ID,,,UNAVAILABLE_FROM_SOURCE_BOUND_UNIT_PACKAGE,1.00000000,0,{},UNKNOWN,NO_PREDECLARED_NUMERIC_MAPPING_IN_CONTRACT,BASKET_UNAVAILABLE;SINGLE_YEAR_ABS_NET_GE_50PCT,COMPLETE,3,1,1,UNAVAILABLE_NO_SOURCE_BASKET_ID
BOSS19_P4B_REGIME_AFFINITY_V1,2026-09-02T17:30:00Z,1330a822ed66149ba07d693d8732ced5b9e9ce66d15f34ce8d21ef70894b760c,5f3a0f8d1accd25cb6cc08ad1c6e291aed6d238d620269102151016dbfaf569d,858f4d02d1ae30511dd1f38ffab347c85c06a4a25df4bedf901dc169c2847916,ffa5a59f49cf9099c50520cc95c548ad2d47883a472689dfb58ffc722a44d51e,bb331765f169503ad878223d54a6f45fd2bb6e289609ae671857e298384463a4,BOSS19_P4_REGIME_CLASSIFIER_V1,1.0.0,H3-C14-BWD,BWD,2022,USDJPY,H1,DEAL,STRESS,TREND_UP,NORMAL,CLASSIFIED,4,4,0,0.05882353,68.38000000,68.38000000,0.00000000,,0.00000000,PARTITION_REALIZED_SEQUENCE,EXIT_TIME_MSC_THEN_SOURCE_DEAL_ID,,,UNAVAILABLE_FROM_SOURCE_BOUND_UNIT_PACKAGE,1.00000000,0,{},UNKNOWN,NO_PREDECLARED_NUMERIC_MAPPING_IN_CONTRACT,BASKET_UNAVAILABLE;SINGLE_YEAR_ABS_NET_GE_50PCT,COMPLETE,4,3,1,UNAVAILABLE_NO_SOURCE_BASKET_ID
BOSS19_P4B_REGIME_AFFINITY_V1,2026-09-02T17:30:00Z,1330a822ed66149ba07d693d8732ced5b9e9ce66d15f34ce8d21ef70894b760c,5f3a0f8d1accd25cb6cc08ad1c6e291aed6d238d620269102151016dbfaf569d,858f4d02d1ae30511dd1f38ffab347c85c06a4a25df4bedf901dc169c2847916,ffa5a59f49cf9099c50520cc95c548ad2d47883a472689dfb58ffc722a44d51e,bb331765f169503ad878223d54a6f45fd2bb6e289609ae671857e298384463a4,BOSS19_P4_REGIME_CLASSIFIER_V1,1.0.0,H3-C14-MAIN,MAIN,2023,USDJPY,H1,DEAL,NEUTRAL,RANGE,LOW,CLASSIFIED,1,1,0,0.01785714,11.80000000,11.80000000,0.00000000,,0.00000000,PARTITION_REALIZED_SEQUENCE,EXIT_TIME_MSC_THEN_SOURCE_DEAL_ID,,,UNAVAILABLE_FROM_SOURCE_BOUND_UNIT_PACKAGE,1.00000000,0,{},UNKNOWN,NO_PREDECLARED_NUMERIC_MAPPING_IN_CONTRACT,BASKET_UNAVAILABLE;SHORT_CALENDAR_SPAN;SINGLE_YEAR_ABS_NET_GE_50PCT,COMPLETE,1,1,1,UNAVAILABLE_NO_SOURCE_BASKET_ID
BOSS19_P4B_REGIME_AFFINITY_V1,2026-09-02T17:30:00Z,1330a822ed66149ba07d693d8732ced5b9e9ce66d15f34ce8d21ef70894b760c,5f3a0f8d1accd25cb6cc08ad1c6e291aed6d238d620269102151016dbfaf569d,858f4d02d1ae30511dd1f38ffab347c85c06a4a25df4bedf901dc169c2847916,ffa5a59f49cf9099c50520cc95c548ad2d47883a472689dfb58ffc722a44d51e,bb331765f169503ad878223d54a6f45fd2bb6e289609ae671857e298384463a4,BOSS19_P4_REGIME_CLASSIFIER_V1,1.0.0,H3-C14-MAIN,MAIN,2023,USDJPY,H1,DEAL,NEUTRAL,TRANSITION,EXTREME,CLASSIFIED,1,1,0,0.01785714,24.43000000,24.43000000,0.00000000,,0.00000000,PARTITION_REALIZED_SEQUENCE,EXIT_TIME_MSC_THEN_SOURCE_DEAL_ID,,,UNAVAILABLE_FROM_SOURCE_BOUND_UNIT_PACKAGE,1.00000000,0,{},UNKNOWN,NO_PREDECLARED_NUMERIC_MAPPING_IN_CONTRACT,BASKET_UNAVAILABLE;SHORT_CALENDAR_SPAN;SINGLE_YEAR_ABS_NET_GE_50PCT,COMPLETE,1,1,1,UNAVAILABLE_NO_SOURCE_BASKET_ID
BOSS19_P4B_REGIME_AFFINITY_V1,2026-09-02T17:30:00Z,1330a822ed66149ba07d693d8732ced5b9e9ce66d15f34ce8d21ef70894b760c,5f3a0f8d1accd25cb6cc08ad1c6e291aed6d238d620269102151016dbfaf569d,858f4d02d1ae30511dd1f38ffab347c85c06a4a25df4bedf901dc169c2847916,ffa5a59f49cf9099c50520cc95c548ad2d47883a472689dfb58ffc722a44d51e,bb331765f169503ad878223d54a6f45fd2bb6e289609ae671857e298384463a4,BOSS19_P4_REGIME_CLASSIFIER_V1,1.0.0,H3-C14-MAIN,MAIN,2023,USDJPY,H1,DEAL,NEUTRAL,TREND_UP,LOW,CLASSIFIED,6,6,0,0.10714286,92.74000000,92.74000000,0.00000000,,0.00000000,PARTITION_REALIZED_SEQUENCE,EXIT_TIME_MSC_THEN_SOURCE_DEAL_ID,,,UNAVAILABLE_FROM_SOURCE_BOUND_UNIT_PACKAGE,1.00000000,0,{},UNKNOWN,NO_PREDECLARED_NUMERIC_MAPPING_IN_CONTRACT,BASKET_UNAVAILABLE;SHORT_CALENDAR_SPAN;SINGLE_YEAR_ABS_NET_GE_50PCT,COMPLETE,5,3,1,UNAVAILABLE_NO_SOURCE_BASKET_ID
BOSS19_P4B_REGIME_AFFINITY_V1,2026-09-02T17:30:00Z,1330a822ed66149ba07d693d8732ced5b9e9ce66d15f34ce8d21ef70894b760c,5f3a0f8d1accd25cb6cc08ad1c6e291aed6d238d620269102151016dbfaf569d,858f4d02d1ae30511dd1f38ffab347c85c06a4a25df4bedf901dc169c2847916,ffa5a59f49cf9099c50520cc95c548ad2d47883a472689dfb58ffc722a44d51e,bb331765f169503ad878223d54a6f45fd2bb6e289609ae671857e298384463a4,BOSS19_P4_REGIME_CLASSIFIER_V1,1.0.0,H3-C14-MAIN,MAIN,2023,USDJPY,H1,DEAL,NEUTRAL,TREND_UP,NORMAL,CLASSIFIED,4,4,0,0.07142857,73.48000000,73.48000000,0.00000000,,0.00000000,PARTITION_REALIZED_SEQUENCE,EXIT_TIME_MSC_THEN_SOURCE_DEAL_ID,,,UNAVAILABLE_FROM_SOURCE_BOUND_UNIT_PACKAGE,1.00000000,0,{},UNKNOWN,NO_PREDECLARED_NUMERIC_MAPPING_IN_CONTRACT,BASKET_UNAVAILABLE;SHORT_CALENDAR_SPAN;SINGLE_YEAR_ABS_NET_GE_50PCT,COMPLETE,3,2,1,UNAVAILABLE_NO_SOURCE_BASKET_ID
BOSS19_P4B_REGIME_AFFINITY_V1,2026-09-02T17:30:00Z,1330a822ed66149ba07d693d8732ced5b9e9ce66d15f34ce8d21ef70894b760c,5f3a0f8d1accd25cb6cc08ad1c6e291aed6d238d620269102151016dbfaf569d,858f4d02d1ae30511dd1f38ffab347c85c06a4a25df4bedf901dc169c2847916,ffa5a59f49cf9099c50520cc95c548ad2d47883a472689dfb58ffc722a44d51e,bb331765f169503ad878223d54a6f45fd2bb6e289609ae671857e298384463a4,BOSS19_P4_REGIME_CLASSIFIER_V1,1.0.0,H3-C14-MAIN,MAIN,2023,USDJPY,H1,DEAL,RISK_OFF,RANGE,HIGH,CLASSIFIED,2,2,0,0.03571429,7.49000000,7.49000000,0.00000000,,0.00000000,PARTITION_REALIZED_SEQUENCE,EXIT_TIME_MSC_THEN_SOURCE_DEAL_ID,,,UNAVAILABLE_FROM_SOURCE_BOUND_UNIT_PACKAGE,1.00000000,0,{},UNKNOWN,NO_PREDECLARED_NUMERIC_MAPPING_IN_CONTRACT,BASKET_UNAVAILABLE;SHORT_CALENDAR_SPAN;SINGLE_YEAR_ABS_NET_GE_50PCT,COMPLETE,1,1,1,UNAVAILABLE_NO_SOURCE_BASKET_ID
BOSS19_P4B_REGIME_AFFINITY_V1,2026-09-02T17:30:00Z,1330a822ed66149ba07d693d8732ced5b9e9ce66d15f34ce8d21ef70894b760c,5f3a0f8d1accd25cb6cc08ad1c6e291aed6d238d620269102151016dbfaf569d,858f4d02d1ae30511dd1f38ffab347c85c06a4a25df4bedf901dc169c2847916,ffa5a59f49cf9099c50520cc95c548ad2d47883a472689dfb58ffc722a44d51e,bb331765f169503ad878223d54a6f45fd2bb6e289609ae671857e298384463a4,BOSS19_P4_REGIME_CLASSIFIER_V1,1.0.0,H3-C14-MAIN,MAIN,2023,USDJPY,H1,DEAL,RISK_OFF,RANGE,LOW,CLASSIFIED,1,1,0,0.01785714,2.70000000,2.70000000,0.00000000,,0.00000000,PARTITION_REALIZED_SEQUENCE,EXIT_TIME_MSC_THEN_SOURCE_DEAL_ID,,,UNAVAILABLE_FROM_SOURCE_BOUND_UNIT_PACKAGE,1.00000000,0,{},UNKNOWN,NO_PREDECLARED_NUMERIC_MAPPING_IN_CONTRACT,BASKET_UNAVAILABLE;SHORT_CALENDAR_SPAN;SINGLE_YEAR_ABS_NET_GE_50PCT,COMPLETE,1,1,1,UNAVAILABLE_NO_SOURCE_BASKET_ID
BOSS19_P4B_REGIME_AFFINITY_V1,2026-09-02T17:30:00Z,1330a822ed66149ba07d693d8732ced5b9e9ce66d15f34ce8d21ef70894b760c,5f3a0f8d1accd25cb6cc08ad1c6e291aed6d238d620269102151016dbfaf569d,858f4d02d1ae30511dd1f38ffab347c85c06a4a25df4bedf901dc169c2847916,ffa5a59f49cf9099c50520cc95c548ad2d47883a472689dfb58ffc722a44d51e,bb331765f169503ad878223d54a6f45fd2bb6e289609ae671857e298384463a4,BOSS19_P4_REGIME_CLASSIFIER_V1,1.0.0,H3-C14-MAIN,MAIN,2023,USDJPY,H1,DEAL,RISK_OFF,RANGE,NORMAL,CLASSIFIED,1,1,0,0.01785714,3.02000000,3.02000000,0.00000000,,0.00000000,PARTITION_REALIZED_SEQUENCE,EXIT_TIME_MSC_THEN_SOURCE_DEAL_ID,,,UNAVAILABLE_FROM_SOURCE_BOUND_UNIT_PACKAGE,1.00000000,0,{},UNKNOWN,NO_PREDECLARED_NUMERIC_MAPPING_IN_CONTRACT,BASKET_UNAVAILABLE;SHORT_CALENDAR_SPAN;SINGLE_YEAR_ABS_NET_GE_50PCT,COMPLETE,1,1,1,UNAVAILABLE_NO_SOURCE_BASKET_ID
BOSS19_P4B_REGIME_AFFINITY_V1,2026-09-02T17:30:00Z,1330a822ed66149ba07d693d8732ced5b9e9ce66d15f34ce8d21ef70894b760c,5f3a0f8d1accd25cb6cc08ad1c6e291aed6d238d620269102151016dbfaf569d,858f4d02d1ae30511dd1f38ffab347c85c06a4a25df4bedf901dc169c2847916,ffa5a59f49cf9099c50520cc95c548ad2d47883a472689dfb58ffc722a44d51e,bb331765f169503ad878223d54a6f45fd2bb6e289609ae671857e298384463a4,BOSS19_P4_REGIME_CLASSIFIER_V1,1.0.0,H3-C14-MAIN,MAIN,2023,USDJPY,H1,DEAL,RISK_OFF,TRANSITION,HIGH,CLASSIFIED,1,1,0,0.01785714,18.43000000,18.43000000,0.00000000,,0.00000000,PARTITION_REALIZED_SEQUENCE,EXIT_TIME_MSC_THEN_SOURCE_DEAL_ID,,,UNAVAILABLE_FROM_SOURCE_BOUND_UNIT_PACKAGE,1.00000000,0,{},UNKNOWN,NO_PREDECLARED_NUMERIC_MAPPING_IN_CONTRACT,BASKET_UNAVAILABLE;SHORT_CALENDAR_SPAN;SINGLE_YEAR_ABS_NET_GE_50PCT,COMPLETE,1,1,1,UNAVAILABLE_NO_SOURCE_BASKET_ID
BOSS19_P4B_REGIME_AFFINITY_V1,2026-09-02T17:30:00Z,1330a822ed66149ba07d693d8732ced5b9e9ce66d15f34ce8d21ef70894b760c,5f3a0f8d1accd25cb6cc08ad1c6e291aed6d238d620269102151016dbfaf569d,858f4d02d1ae30511dd1f38ffab347c85c06a4a25df4bedf901dc169c2847916,ffa5a59f49cf9099c50520cc95c548ad2d47883a472689dfb58ffc722a44d51e,bb331765f169503ad878223d54a6f45fd2bb6e289609ae671857e298384463a4,BOSS19_P4_REGIME_CLASSIFIER_V1,1.0.0,H3-C14-MAIN,MAIN,2023,USDJPY,H1,DEAL,RISK_OFF,TREND_DOWN,NORMAL,CLASSIFIED,1,1,0,0.01785714,4.43000000,4.43000000,0.00000000,,0.00000000,PARTITION_REALIZED_SEQUENCE,EXIT_TIME_MSC_THEN_SOURCE_DEAL_ID,,,UNAVAILABLE_FROM_SOURCE_BOUND_UNIT_PACKAGE,1.00000000,0,{},UNKNOWN,NO_PREDECLARED_NUMERIC_MAPPING_IN_CONTRACT,BASKET_UNAVAILABLE;SHORT_CALENDAR_SPAN;SINGLE_YEAR_ABS_NET_GE_50PCT,COMPLETE,1,1,1,UNAVAILABLE_NO_SOURCE_BASKET_ID
BOSS19_P4B_REGIME_AFFINITY_V1,2026-09-02T17:30:00Z,1330a822ed66149ba07d693d8732ced5b9e9ce66d15f34ce8d21ef70894b760c,5f3a0f8d1accd25cb6cc08ad1c6e291aed6d238d620269102151016dbfaf569d,858f4d02d1ae30511dd1f38ffab347c85c06a4a25df4bedf901dc169c2847916,ffa5a59f49cf9099c50520cc95c548ad2d47883a472689dfb58ffc722a44d51e,bb331765f169503ad878223d54a6f45fd2bb6e289609ae671857e298384463a4,BOSS19_P4_REGIME_CLASSIFIER_V1,1.0.0,H3-C14-MAIN,MAIN,2023,USDJPY,H1,DEAL,RISK_OFF,TREND_UP,LOW,CLASSIFIED,1,1,0,0.01785714,17.37000000,17.37000000,0.00000000,,0.00000000,PARTITION_REALIZED_SEQUENCE,EXIT_TIME_MSC_THEN_SOURCE_DEAL_ID,,,UNAVAILABLE_FROM_SOURCE_BOUND_UNIT_PACKAGE,1.00000000,0,{},UNKNOWN,NO_PREDECLARED_NUMERIC_MAPPING_IN_CONTRACT,BASKET_UNAVAILABLE;SHORT_CALENDAR_SPAN;SINGLE_YEAR_ABS_NET_GE_50PCT,COMPLETE,1,1,1,UNAVAILABLE_NO_SOURCE_BASKET_ID
BOSS19_P4B_REGIME_AFFINITY_V1,2026-09-02T17:30:00Z,1330a822ed66149ba07d693d8732ced5b9e9ce66d15f34ce8d21ef70894b760c,5f3a0f8d1accd25cb6cc08ad1c6e291aed6d238d620269102151016dbfaf569d,858f4d02d1ae30511dd1f38ffab347c85c06a4a25df4bedf901dc169c2847916,ffa5a59f49cf9099c50520cc95c548ad2d47883a472689dfb58ffc722a44d51e,bb331765f169503ad878223d54a6f45fd2bb6e289609ae671857e298384463a4,BOSS19_P4_REGIME_CLASSIFIER_V1,1.0.0,H3-C14-MAIN,MAIN,2023,USDJPY,H1,DEAL,RISK_OFF,TREND_UP,NORMAL,CLASSIFIED,1,1,0,0.01785714,14.80000000,14.80000000,0.00000000,,0.00000000,PARTITION_REALIZED_SEQUENCE,EXIT_TIME_MSC_THEN_SOURCE_DEAL_ID,,,UNAVAILABLE_FROM_SOURCE_BOUND_UNIT_PACKAGE,1.00000000,0,{},UNKNOWN,NO_PREDECLARED_NUMERIC_MAPPING_IN_CONTRACT,BASKET_UNAVAILABLE;SHORT_CALENDAR_SPAN;SINGLE_YEAR_ABS_NET_GE_50PCT,COMPLETE,1,1,1,UNAVAILABLE_NO_SOURCE_BASKET_ID
BOSS19_P4B_REGIME_AFFINITY_V1,2026-09-02T17:30:00Z,1330a822ed66149ba07d693d8732ced5b9e9ce66d15f34ce8d21ef70894b760c,5f3a0f8d1accd25cb6cc08ad1c6e291aed6d238d620269102151016dbfaf569d,858f4d02d1ae30511dd1f38ffab347c85c06a4a25df4bedf901dc169c2847916,ffa5a59f49cf9099c50520cc95c548ad2d47883a472689dfb58ffc722a44d51e,bb331765f169503ad878223d54a6f45fd2bb6e289609ae671857e298384463a4,BOSS19_P4_REGIME_CLASSIFIER_V1,1.0.0,H3-C14-MAIN,MAIN,2023,USDJPY,H1,DEAL,RISK_ON,RANGE,LOW,CLASSIFIED,1,1,0,0.01785714,13.61000000,13.61000000,0.00000000,,0.00000000,PARTITION_REALIZED_SEQUENCE,EXIT_TIME_MSC_THEN_SOURCE_DEAL_ID,,,UNAVAILABLE_FROM_SOURCE_BOUND_UNIT_PACKAGE,1.00000000,0,{},UNKNOWN,NO_PREDECLARED_NUMERIC_MAPPING_IN_CONTRACT,BASKET_UNAVAILABLE;SHORT_CALENDAR_SPAN;SINGLE_YEAR_ABS_NET_GE_50PCT,COMPLETE,1,1,1,UNAVAILABLE_NO_SOURCE_BASKET_ID
BOSS19_P4B_REGIME_AFFINITY_V1,2026-09-02T17:30:00Z,1330a822ed66149ba07d693d8732ced5b9e9ce66d15f34ce8d21ef70894b760c,5f3a0f8d1accd25cb6cc08ad1c6e291aed6d238d620269102151016dbfaf569d,858f4d02d1ae30511dd1f38ffab347c85c06a4a25df4bedf901dc169c2847916,ffa5a59f49cf9099c50520cc95c548ad2d47883a472689dfb58ffc722a44d51e,bb331765f169503ad878223d54a6f45fd2bb6e289609ae671857e298384463a4,BOSS19_P4_REGIME_CLASSIFIER_V1,1.0.0,H3-C14-MAIN,MAIN,2023,USDJPY,H1,DEAL,RISK_ON,RANGE,NORMAL,CLASSIFIED,1,1,0,0.01785714,21.83000000,21.83000000,0.00000000,,0.00000000,PARTITION_REALIZED_SEQUENCE,EXIT_TIME_MSC_THEN_SOURCE_DEAL_ID,,,UNAVAILABLE_FROM_SOURCE_BOUND_UNIT_PACKAGE,1.00000000,0,{},UNKNOWN,NO_PREDECLARED_NUMERIC_MAPPING_IN_CONTRACT,BASKET_UNAVAILABLE;SHORT_CALENDAR_SPAN;SINGLE_YEAR_ABS_NET_GE_50PCT,COMPLETE,1,1,1,UNAVAILABLE_NO_SOURCE_BASKET_ID
BOSS19_P4B_REGIME_AFFINITY_V1,2026-09-02T17:30:00Z,1330a822ed66149ba07d693d8732ced5b9e9ce66d15f34ce8d21ef70894b760c,5f3a0f8d1accd25cb6cc08ad1c6e291aed6d238d620269102151016dbfaf569d,858f4d02d1ae30511dd1f38ffab347c85c06a4a25df4bedf901dc169c2847916,ffa5a59f49cf9099c50520cc95c548ad2d47883a472689dfb58ffc722a44d51e,bb331765f169503ad878223d54a6f45fd2bb6e289609ae671857e298384463a4,BOSS19_P4_REGIME_CLASSIFIER_V1,1.0.0,H3-C14-MAIN,MAIN,2023,USDJPY,H1,DEAL,RISK_ON,TRANSITION,LOW,CLASSIFIED,1,1,0,0.01785714,16.08000000,16.08000000,0.00000000,,0.00000000,PARTITION_REALIZED_SEQUENCE,EXIT_TIME_MSC_THEN_SOURCE_DEAL_ID,,,UNAVAILABLE_FROM_SOURCE_BOUND_UNIT_PACKAGE,1.00000000,0,{},UNKNOWN,NO_PREDECLARED_NUMERIC_MAPPING_IN_CONTRACT,BASKET_UNAVAILABLE;SHORT_CALENDAR_SPAN;SINGLE_YEAR_ABS_NET_GE_50PCT,COMPLETE,1,1,1,UNAVAILABLE_NO_SOURCE_BASKET_ID
BOSS19_P4B_REGIME_AFFINITY_V1,2026-09-02T17:30:00Z,1330a822ed66149ba07d693d8732ced5b9e9ce66d15f34ce8d21ef70894b760c,5f3a0f8d1accd25cb6cc08ad1c6e291aed6d238d620269102151016dbfaf569d,858f4d02d1ae30511dd1f38ffab347c85c06a4a25df4bedf901dc169c2847916,ffa5a59f49cf9099c50520cc95c548ad2d47883a472689dfb58ffc722a44d51e,bb331765f169503ad878223d54a6f45fd2bb6e289609ae671857e298384463a4,BOSS19_P4_REGIME_CLASSIFIER_V1,1.0.0,H3-C14-MAIN,MAIN,2024,USDJPY,H1,DEAL,NEUTRAL,RANGE,EXTREME,CLASSIFIED,1,1,0,0.01785714,1.83000000,1.83000000,0.00000000,,0.00000000,PARTITION_REALIZED_SEQUENCE,EXIT_TIME_MSC_THEN_SOURCE_DEAL_ID,,,UNAVAILABLE_FROM_SOURCE_BOUND_UNIT_PACKAGE,1.00000000,0,{},UNKNOWN,NO_PREDECLARED_NUMERIC_MAPPING_IN_CONTRACT,BASKET_UNAVAILABLE;SHORT_CALENDAR_SPAN;SINGLE_YEAR_ABS_NET_GE_50PCT,COMPLETE,1,1,1,UNAVAILABLE_NO_SOURCE_BASKET_ID
BOSS19_P4B_REGIME_AFFINITY_V1,2026-09-02T17:30:00Z,1330a822ed66149ba07d693d8732ced5b9e9ce66d15f34ce8d21ef70894b760c,5f3a0f8d1accd25cb6cc08ad1c6e291aed6d238d620269102151016dbfaf569d,858f4d02d1ae30511dd1f38ffab347c85c06a4a25df4bedf901dc169c2847916,ffa5a59f49cf9099c50520cc95c548ad2d47883a472689dfb58ffc722a44d51e,bb331765f169503ad878223d54a6f45fd2bb6e289609ae671857e298384463a4,BOSS19_P4_REGIME_CLASSIFIER_V1,1.0.0,H3-C14-MAIN,MAIN,2024,USDJPY,H1,DEAL,NEUTRAL,RANGE,HIGH,CLASSIFIED,3,3,0,0.05357143,97.73000000,97.73000000,0.00000000,,0.00000000,PARTITION_REALIZED_SEQUENCE,EXIT_TIME_MSC_THEN_SOURCE_DEAL_ID,,,UNAVAILABLE_FROM_SOURCE_BOUND_UNIT_PACKAGE,1.00000000,0,{},UNKNOWN,NO_PREDECLARED_NUMERIC_MAPPING_IN_CONTRACT,BASKET_UNAVAILABLE;SHORT_CALENDAR_SPAN;SINGLE_YEAR_ABS_NET_GE_50PCT,COMPLETE,1,1,1,UNAVAILABLE_NO_SOURCE_BASKET_ID
BOSS19_P4B_REGIME_AFFINITY_V1,2026-09-02T17:30:00Z,1330a822ed66149ba07d693d8732ced5b9e9ce66d15f34ce8d21ef70894b760c,5f3a0f8d1accd25cb6cc08ad1c6e291aed6d238d620269102151016dbfaf569d,858f4d02d1ae30511dd1f38ffab347c85c06a4a25df4bedf901dc169c2847916,ffa5a59f49cf9099c50520cc95c548ad2d47883a472689dfb58ffc722a44d51e,bb331765f169503ad878223d54a6f45fd2bb6e289609ae671857e298384463a4,BOSS19_P4_REGIME_CLASSIFIER_V1,1.0.0,H3-C14-MAIN,MAIN,2024,USDJPY,H1,DEAL,NEUTRAL,RANGE,LOW,CLASSIFIED,2,2,0,0.03571429,18.44000000,18.44000000,0.00000000,,0.00000000,PARTITION_REALIZED_SEQUENCE,EXIT_TIME_MSC_THEN_SOURCE_DEAL_ID,,,UNAVAILABLE_FROM_SOURCE_BOUND_UNIT_PACKAGE,1.00000000,0,{},UNKNOWN,NO_PREDECLARED_NUMERIC_MAPPING_IN_CONTRACT,BASKET_UNAVAILABLE;SHORT_CALENDAR_SPAN;SINGLE_YEAR_ABS_NET_GE_50PCT,COMPLETE,2,1,1,UNAVAILABLE_NO_SOURCE_BASKET_ID
BOSS19_P4B_REGIME_AFFINITY_V1,2026-09-02T17:30:00Z,1330a822ed66149ba07d693d8732ced5b9e9ce66d15f34ce8d21ef70894b760c,5f3a0f8d1accd25cb6cc08ad1c6e291aed6d238d620269102151016dbfaf569d,858f4d02d1ae30511dd1f38ffab347c85c06a4a25df4bedf901dc169c2847916,ffa5a59f49cf9099c50520cc95c548ad2d47883a472689dfb58ffc722a44d51e,bb331765f169503ad878223d54a6f45fd2bb6e289609ae671857e298384463a4,BOSS19_P4_REGIME_CLASSIFIER_V1,1.0.0,H3-C14-MAIN,MAIN,2024,USDJPY,H1,DEAL,NEUTRAL,RANGE,NORMAL,CLASSIFIED,6,6,0,0.10714286,27.88000000,27.88000000,0.00000000,,0.00000000,PARTITION_REALIZED_SEQUENCE,EXIT_TIME_MSC_THEN_SOURCE_DEAL_ID,,,UNAVAILABLE_FROM_SOURCE_BOUND_UNIT_PACKAGE,1.00000000,0,{},UNKNOWN,NO_PREDECLARED_NUMERIC_MAPPING_IN_CONTRACT,BASKET_UNAVAILABLE;SHORT_CALENDAR_SPAN;SINGLE_YEAR_ABS_NET_GE_50PCT,COMPLETE,3,2,1,UNAVAILABLE_NO_SOURCE_BASKET_ID
BOSS19_P4B_REGIME_AFFINITY_V1,2026-09-02T17:30:00Z,1330a822ed66149ba07d693d8732ced5b9e9ce66d15f34ce8d21ef70894b760c,5f3a0f8d1accd25cb6cc08ad1c6e291aed6d238d620269102151016dbfaf569d,858f4d02d1ae30511dd1f38ffab347c85c06a4a25df4bedf901dc169c2847916,ffa5a59f49cf9099c50520cc95c548ad2d47883a472689dfb58ffc722a44d51e,bb331765f169503ad878223d54a6f45fd2bb6e289609ae671857e298384463a4,BOSS19_P4_REGIME_CLASSIFIER_V1,1.0.0,H3-C14-MAIN,MAIN,2024,USDJPY,H1,DEAL,NEUTRAL,TRANSITION,EXTREME,CLASSIFIED,1,1,0,0.01785714,3.15000000,3.15000000,0.00000000,,0.00000000,PARTITION_REALIZED_SEQUENCE,EXIT_TIME_MSC_THEN_SOURCE_DEAL_ID,,,UNAVAILABLE_FROM_SOURCE_BOUND_UNIT_PACKAGE,1.00000000,0,{},UNKNOWN,NO_PREDECLARED_NUMERIC_MAPPING_IN_CONTRACT,BASKET_UNAVAILABLE;SHORT_CALENDAR_SPAN;SINGLE_YEAR_ABS_NET_GE_50PCT,COMPLETE,1,1,1,UNAVAILABLE_NO_SOURCE_BASKET_ID
BOSS19_P4B_REGIME_AFFINITY_V1,2026-09-02T17:30:00Z,1330a822ed66149ba07d693d8732ced5b9e9ce66d15f34ce8d21ef70894b760c,5f3a0f8d1accd25cb6cc08ad1c6e291aed6d238d620269102151016dbfaf569d,858f4d02d1ae30511dd1f38ffab347c85c06a4a25df4bedf901dc169c2847916,ffa5a59f49cf9099c50520cc95c548ad2d47883a472689dfb58ffc722a44d51e,bb331765f169503ad878223d54a6f45fd2bb6e289609ae671857e298384463a4,BOSS19_P4_REGIME_CLASSIFIER_V1,1.0.0,H3-C14-MAIN,MAIN,2024,USDJPY,H1,DEAL,NEUTRAL,TREND_DOWN,EXTREME,CLASSIFIED,3,3,0,0.05357143,8.31000000,8.31000000,0.00000000,,0.00000000,PARTITION_REALIZED_SEQUENCE,EXIT_TIME_MSC_THEN_SOURCE_DEAL_ID,,,UNAVAILABLE_FROM_SOURCE_BOUND_UNIT_PACKAGE,1.00000000,0,{},UNKNOWN,NO_PREDECLARED_NUMERIC_MAPPING_IN_CONTRACT,BASKET_UNAVAILABLE;SHORT_CALENDAR_SPAN;SINGLE_YEAR_ABS_NET_GE_50PCT,COMPLETE,2,2,1,UNAVAILABLE_NO_SOURCE_BASKET_ID
BOSS19_P4B_REGIME_AFFINITY_V1,2026-09-02T17:30:00Z,1330a822ed66149ba07d693d8732ced5b9e9ce66d15f34ce8d21ef70894b760c,5f3a0f8d1accd25cb6cc08ad1c6e291aed6d238d620269102151016dbfaf569d,858f4d02d1ae30511dd1f38ffab347c85c06a4a25df4bedf901dc169c2847916,ffa5a59f49cf9099c50520cc95c548ad2d47883a472689dfb58ffc722a44d51e,bb331765f169503ad878223d54a6f45fd2bb6e289609ae671857e298384463a4,BOSS19_P4_REGIME_CLASSIFIER_V1,1.0.0,H3-C14-MAIN,MAIN,2024,USDJPY,H1,DEAL,NEUTRAL,TREND_UP,HIGH,CLASSIFIED,6,6,0,0.10714286,65.16000000,65.16000000,0.00000000,,0.00000000,PARTITION_REALIZED_SEQUENCE,EXIT_TIME_MSC_THEN_SOURCE_DEAL_ID,,,UNAVAILABLE_FROM_SOURCE_BOUND_UNIT_PACKAGE,1.00000000,0,{},UNKNOWN,NO_PREDECLARED_NUMERIC_MAPPING_IN_CONTRACT,BASKET_UNAVAILABLE;SHORT_CALENDAR_SPAN;SINGLE_YEAR_ABS_NET_GE_50PCT,COMPLETE,2,1,1,UNAVAILABLE_NO_SOURCE_BASKET_ID
BOSS19_P4B_REGIME_AFFINITY_V1,2026-09-02T17:30:00Z,1330a822ed66149ba07d693d8732ced5b9e9ce66d15f34ce8d21ef70894b760c,5f3a0f8d1accd25cb6cc08ad1c6e291aed6d238d620269102151016dbfaf569d,858f4d02d1ae30511dd1f38ffab347c85c06a4a25df4bedf901dc169c2847916,ffa5a59f49cf9099c50520cc95c548ad2d47883a472689dfb58ffc722a44d51e,bb331765f169503ad878223d54a6f45fd2bb6e289609ae671857e298384463a4,BOSS19_P4_REGIME_CLASSIFIER_V1,1.0.0,H3-C14-MAIN,MAIN,2024,USDJPY,H1,DEAL,NEUTRAL,TREND_UP,LOW,CLASSIFIED,3,3,0,0.05357143,35.86000000,35.86000000,0.00000000,,0.00000000,PARTITION_REALIZED_SEQUENCE,EXIT_TIME_MSC_THEN_SOURCE_DEAL_ID,,,UNAVAILABLE_FROM_SOURCE_BOUND_UNIT_PACKAGE,1.00000000,0,{},UNKNOWN,NO_PREDECLARED_NUMERIC_MAPPING_IN_CONTRACT,BASKET_UNAVAILABLE;SHORT_CALENDAR_SPAN;SINGLE_YEAR_ABS_NET_GE_50PCT,COMPLETE,2,2,1,UNAVAILABLE_NO_SOURCE_BASKET_ID
BOSS19_P4B_REGIME_AFFINITY_V1,2026-09-02T17:30:00Z,1330a822ed66149ba07d693d8732ced5b9e9ce66d15f34ce8d21ef70894b760c,5f3a0f8d1accd25cb6cc08ad1c6e291aed6d238d620269102151016dbfaf569d,858f4d02d1ae30511dd1f38ffab347c85c06a4a25df4bedf901dc169c2847916,ffa5a59f49cf9099c50520cc95c548ad2d47883a472689dfb58ffc722a44d51e,bb331765f169503ad878223d54a6f45fd2bb6e289609ae671857e298384463a4,BOSS19_P4_REGIME_CLASSIFIER_V1,1.0.0,H3-C14-MAIN,MAIN,2024,USDJPY,H1,DEAL,NEUTRAL,TREND_UP,NORMAL,CLASSIFIED,1,1,0,0.01785714,14.22000000,14.22000000,0.00000000,,0.00000000,PARTITION_REALIZED_SEQUENCE,EXIT_TIME_MSC_THEN_SOURCE_DEAL_ID,,,UNAVAILABLE_FROM_SOURCE_BOUND_UNIT_PACKAGE,1.00000000,0,{},UNKNOWN,NO_PREDECLARED_NUMERIC_MAPPING_IN_CONTRACT,BASKET_UNAVAILABLE;SHORT_CALENDAR_SPAN;SINGLE_YEAR_ABS_NET_GE_50PCT,COMPLETE,1,1,1,UNAVAILABLE_NO_SOURCE_BASKET_ID
BOSS19_P4B_REGIME_AFFINITY_V1,2026-09-02T17:30:00Z,1330a822ed66149ba07d693d8732ced5b9e9ce66d15f34ce8d21ef70894b760c,5f3a0f8d1accd25cb6cc08ad1c6e291aed6d238d620269102151016dbfaf569d,858f4d02d1ae30511dd1f38ffab347c85c06a4a25df4bedf901dc169c2847916,ffa5a59f49cf9099c50520cc95c548ad2d47883a472689dfb58ffc722a44d51e,bb331765f169503ad878223d54a6f45fd2bb6e289609ae671857e298384463a4,BOSS19_P4_REGIME_CLASSIFIER_V1,1.0.0,H3-C14-MAIN,MAIN,2024,USDJPY,H1,DEAL,RISK_OFF,RANGE,EXTREME,CLASSIFIED,1,1,0,0.01785714,2.79000000,2.79000000,0.00000000,,0.00000000,PARTITION_REALIZED_SEQUENCE,EXIT_TIME_MSC_THEN_SOURCE_DEAL_ID,,,UNAVAILABLE_FROM_SOURCE_BOUND_UNIT_PACKAGE,1.00000000,0,{},UNKNOWN,NO_PREDECLARED_NUMERIC_MAPPING_IN_CONTRACT,BASKET_UNAVAILABLE;SHORT_CALENDAR_SPAN;SINGLE_YEAR_ABS_NET_GE_50PCT,COMPLETE,1,1,1,UNAVAILABLE_NO_SOURCE_BASKET_ID
BOSS19_P4B_REGIME_AFFINITY_V1,2026-09-02T17:30:00Z,1330a822ed66149ba07d693d8732ced5b9e9ce66d15f34ce8d21ef70894b760c,5f3a0f8d1accd25cb6cc08ad1c6e291aed6d238d620269102151016dbfaf569d,858f4d02d1ae30511dd1f38ffab347c85c06a4a25df4bedf901dc169c2847916,ffa5a59f49cf9099c50520cc95c548ad2d47883a472689dfb58ffc722a44d51e,bb331765f169503ad878223d54a6f45fd2bb6e289609ae671857e298384463a4,BOSS19_P4_REGIME_CLASSIFIER_V1,1.0.0,H3-C14-MAIN,MAIN,2024,USDJPY,H1,DEAL,RISK_OFF,TREND_UP,HIGH,CLASSIFIED,1,1,0,0.01785714,18.33000000,18.33000000,0.00000000,,0.00000000,PARTITION_REALIZED_SEQUENCE,EXIT_TIME_MSC_THEN_SOURCE_DEAL_ID,,,UNAVAILABLE_FROM_SOURCE_BOUND_UNIT_PACKAGE,1.00000000,0,{},UNKNOWN,NO_PREDECLARED_NUMERIC_MAPPING_IN_CONTRACT,BASKET_UNAVAILABLE;SHORT_CALENDAR_SPAN;SINGLE_YEAR_ABS_NET_GE_50PCT,COMPLETE,1,1,1,UNAVAILABLE_NO_SOURCE_BASKET_ID
BOSS19_P4B_REGIME_AFFINITY_V1,2026-09-02T17:30:00Z,1330a822ed66149ba07d693d8732ced5b9e9ce66d15f34ce8d21ef70894b760c,5f3a0f8d1accd25cb6cc08ad1c6e291aed6d238d620269102151016dbfaf569d,858f4d02d1ae30511dd1f38ffab347c85c06a4a25df4bedf901dc169c2847916,ffa5a59f49cf9099c50520cc95c548ad2d47883a472689dfb58ffc722a44d51e,bb331765f169503ad878223d54a6f45fd2bb6e289609ae671857e298384463a4,BOSS19_P4_REGIME_CLASSIFIER_V1,1.0.0,H3-C14-MAIN,MAIN,2024,USDJPY,H1,DEAL,RISK_ON,RANGE,EXTREME,CLASSIFIED,1,1,0,0.01785714,2.79000000,2.79000000,0.00000000,,0.00000000,PARTITION_REALIZED_SEQUENCE,EXIT_TIME_MSC_THEN_SOURCE_DEAL_ID,,,UNAVAILABLE_FROM_SOURCE_BOUND_UNIT_PACKAGE,1.00000000,0,{},UNKNOWN,NO_PREDECLARED_NUMERIC_MAPPING_IN_CONTRACT,BASKET_UNAVAILABLE;SHORT_CALENDAR_SPAN;SINGLE_YEAR_ABS_NET_GE_50PCT,COMPLETE,1,1,1,UNAVAILABLE_NO_SOURCE_BASKET_ID
BOSS19_P4B_REGIME_AFFINITY_V1,2026-09-02T17:30:00Z,1330a822ed66149ba07d693d8732ced5b9e9ce66d15f34ce8d21ef70894b760c,5f3a0f8d1accd25cb6cc08ad1c6e291aed6d238d620269102151016dbfaf569d,858f4d02d1ae30511dd1f38ffab347c85c06a4a25df4bedf901dc169c2847916,ffa5a59f49cf9099c50520cc95c548ad2d47883a472689dfb58ffc722a44d51e,bb331765f169503ad878223d54a6f45fd2bb6e289609ae671857e298384463a4,BOSS19_P4_REGIME_CLASSIFIER_V1,1.0.0,H3-C14-MAIN,MAIN,2024,USDJPY,H1,DEAL,RISK_ON,TRANSITION,LOW,CLASSIFIED,1,1,0,0.01785714,10.62000000,10.62000000,0.00000000,,0.00000000,PARTITION_REALIZED_SEQUENCE,EXIT_TIME_MSC_THEN_SOURCE_DEAL_ID,,,UNAVAILABLE_FROM_SOURCE_BOUND_UNIT_PACKAGE,1.00000000,0,{},UNKNOWN,NO_PREDECLARED_NUMERIC_MAPPING_IN_CONTRACT,BASKET_UNAVAILABLE;SHORT_CALENDAR_SPAN;SINGLE_YEAR_ABS_NET_GE_50PCT,COMPLETE,1,1,1,UNAVAILABLE_NO_SOURCE_BASKET_ID
BOSS19_P4B_REGIME_AFFINITY_V1,2026-09-02T17:30:00Z,1330a822ed66149ba07d693d8732ced5b9e9ce66d15f34ce8d21ef70894b760c,5f3a0f8d1accd25cb6cc08ad1c6e291aed6d238d620269102151016dbfaf569d,858f4d02d1ae30511dd1f38ffab347c85c06a4a25df4bedf901dc169c2847916,ffa5a59f49cf9099c50520cc95c548ad2d47883a472689dfb58ffc722a44d51e,bb331765f169503ad878223d54a6f45fd2bb6e289609ae671857e298384463a4,BOSS19_P4_REGIME_CLASSIFIER_V1,1.0.0,H3-C14-MAIN,MAIN,2024,USDJPY,H1,DEAL,RISK_ON,TREND_DOWN,HIGH,CLASSIFIED,3,3,0,0.05357143,-10.87000000,0.00000000,-10.87000000,0.00000000,10.87000000,PARTITION_REALIZED_SEQUENCE,EXIT_TIME_MSC_THEN_SOURCE_DEAL_ID,,,UNAVAILABLE_FROM_SOURCE_BOUND_UNIT_PACKAGE,1.00000000,0,{},UNKNOWN,NO_PREDECLARED_NUMERIC_MAPPING_IN_CONTRACT,BASKET_UNAVAILABLE;SHORT_CALENDAR_SPAN;SINGLE_YEAR_ABS_NET_GE_50PCT,COMPLETE,1,1,1,UNAVAILABLE_NO_SOURCE_BASKET_ID
BOSS19_P4B_REGIME_AFFINITY_V1,2026-09-02T17:30:00Z,1330a822ed66149ba07d693d8732ced5b9e9ce66d15f34ce8d21ef70894b760c,5f3a0f8d1accd25cb6cc08ad1c6e291aed6d238d620269102151016dbfaf569d,858f4d02d1ae30511dd1f38ffab347c85c06a4a25df4bedf901dc169c2847916,ffa5a59f49cf9099c50520cc95c548ad2d47883a472689dfb58ffc722a44d51e,bb331765f169503ad878223d54a6f45fd2bb6e289609ae671857e298384463a4,BOSS19_P4_REGIME_CLASSIFIER_V1,1.0.0,H3-C15-BWD,BWD,2020,USDJPY,H4,DEAL,NEUTRAL,RANGE,LOW,CLASSIFIED,2,2,0,0.02898551,2.48000000,2.48000000,0.00000000,,0.00000000,PARTITION_REALIZED_SEQUENCE,EXIT_TIME_MSC_THEN_SOURCE_DEAL_ID,,,UNAVAILABLE_FROM_SOURCE_BOUND_UNIT_PACKAGE,1.00000000,0,{},UNKNOWN,NO_PREDECLARED_NUMERIC_MAPPING_IN_CONTRACT,BASKET_UNAVAILABLE,COMPLETE,1,1,1,UNAVAILABLE_NO_SOURCE_BASKET_ID
BOSS19_P4B_REGIME_AFFINITY_V1,2026-09-02T17:30:00Z,1330a822ed66149ba07d693d8732ced5b9e9ce66d15f34ce8d21ef70894b760c,5f3a0f8d1accd25cb6cc08ad1c6e291aed6d238d620269102151016dbfaf569d,858f4d02d1ae30511dd1f38ffab347c85c06a4a25df4bedf901dc169c2847916,ffa5a59f49cf9099c50520cc95c548ad2d47883a472689dfb58ffc722a44d51e,bb331765f169503ad878223d54a6f45fd2bb6e289609ae671857e298384463a4,BOSS19_P4_REGIME_CLASSIFIER_V1,1.0.0,H3-C15-BWD,BWD,2020,USDJPY,H4,DEAL,NEUTRAL,RANGE,NORMAL,CLASSIFIED,2,2,0,0.02898551,-2.27000000,0.00000000,-2.27000000,0.00000000,2.27000000,PARTITION_REALIZED_SEQUENCE,EXIT_TIME_MSC_THEN_SOURCE_DEAL_ID,,,UNAVAILABLE_FROM_SOURCE_BOUND_UNIT_PACKAGE,1.00000000,0,{},UNKNOWN,NO_PREDECLARED_NUMERIC_MAPPING_IN_CONTRACT,BASKET_UNAVAILABLE,COMPLETE,1,1,1,UNAVAILABLE_NO_SOURCE_BASKET_ID
BOSS19_P4B_REGIME_AFFINITY_V1,2026-09-02T17:30:00Z,1330a822ed66149ba07d693d8732ced5b9e9ce66d15f34ce8d21ef70894b760c,5f3a0f8d1accd25cb6cc08ad1c6e291aed6d238d620269102151016dbfaf569d,858f4d02d1ae30511dd1f38ffab347c85c06a4a25df4bedf901dc169c2847916,ffa5a59f49cf9099c50520cc95c548ad2d47883a472689dfb58ffc722a44d51e,bb331765f169503ad878223d54a6f45fd2bb6e289609ae671857e298384463a4,BOSS19_P4_REGIME_CLASSIFIER_V1,1.0.0,H3-C15-BWD,BWD,2020,USDJPY,H4,DEAL,NEUTRAL,TREND_DOWN,LOW,CLASSIFIED,1,1,0,0.01449275,1.23000000,1.23000000,0.00000000,,0.00000000,PARTITION_REALIZED_SEQUENCE,EXIT_TIME_MSC_THEN_SOURCE_DEAL_ID,,,UNAVAILABLE_FROM_SOURCE_BOUND_UNIT_PACKAGE,1.00000000,0,{},UNKNOWN,NO_PREDECLARED_NUMERIC_MAPPING_IN_CONTRACT,BASKET_UNAVAILABLE,COMPLETE,1,1,1,UNAVAILABLE_NO_SOURCE_BASKET_ID
BOSS19_P4B_REGIME_AFFINITY_V1,2026-09-02T17:30:00Z,1330a822ed66149ba07d693d8732ced5b9e9ce66d15f34ce8d21ef70894b760c,5f3a0f8d1accd25cb6cc08ad1c6e291aed6d238d620269102151016dbfaf569d,858f4d02d1ae30511dd1f38ffab347c85c06a4a25df4bedf901dc169c2847916,ffa5a59f49cf9099c50520cc95c548ad2d47883a472689dfb58ffc722a44d51e,bb331765f169503ad878223d54a6f45fd2bb6e289609ae671857e298384463a4,BOSS19_P4_REGIME_CLASSIFIER_V1,1.0.0,H3-C15-BWD,BWD,2020,USDJPY,H4,DEAL,RISK_OFF,RANGE,NORMAL,CLASSIFIED,2,2,0,0.02898551,-0.36000000,1.37000000,-1.73000000,0.79190751,1.73000000,PARTITION_REALIZED_SEQUENCE,EXIT_TIME_MSC_THEN_SOURCE_DEAL_ID,,,UNAVAILABLE_FROM_SOURCE_BOUND_UNIT_PACKAGE,1.00000000,0,{},UNKNOWN,NO_PREDECLARED_NUMERIC_MAPPING_IN_CONTRACT,BASKET_UNAVAILABLE,COMPLETE,1,1,1,UNAVAILABLE_NO_SOURCE_BASKET_ID
BOSS19_P4B_REGIME_AFFINITY_V1,2026-09-02T17:30:00Z,1330a822ed66149ba07d693d8732ced5b9e9ce66d15f34ce8d21ef70894b760c,5f3a0f8d1accd25cb6cc08ad1c6e291aed6d238d620269102151016dbfaf569d,858f4d02d1ae30511dd1f38ffab347c85c06a4a25df4bedf901dc169c2847916,ffa5a59f49cf9099c50520cc95c548ad2d47883a472689dfb58ffc722a44d51e,bb331765f169503ad878223d54a6f45fd2bb6e289609ae671857e298384463a4,BOSS19_P4_REGIME_CLASSIFIER_V1,1.0.0,H3-C15-BWD,BWD,2020,USDJPY,H4,DEAL,RISK_OFF,TREND_DOWN,NORMAL,CLASSIFIED,2,2,0,0.02898551,2.75000000,2.75000000,0.00000000,,0.00000000,PARTITION_REALIZED_SEQUENCE,EXIT_TIME_MSC_THEN_SOURCE_DEAL_ID,,,UNAVAILABLE_FROM_SOURCE_BOUND_UNIT_PACKAGE,1.00000000,0,{},UNKNOWN,NO_PREDECLARED_NUMERIC_MAPPING_IN_CONTRACT,BASKET_UNAVAILABLE,COMPLETE,2,1,1,UNAVAILABLE_NO_SOURCE_BASKET_ID
BOSS19_P4B_REGIME_AFFINITY_V1,2026-09-02T17:30:00Z,1330a822ed66149ba07d693d8732ced5b9e9ce66d15f34ce8d21ef70894b760c,5f3a0f8d1accd25cb6cc08ad1c6e291aed6d238d620269102151016dbfaf569d,858f4d02d1ae30511dd1f38ffab347c85c06a4a25df4bedf901dc169c2847916,ffa5a59f49cf9099c50520cc95c548ad2d47883a472689dfb58ffc722a44d51e,bb331765f169503ad878223d54a6f45fd2bb6e289609ae671857e298384463a4,BOSS19_P4_REGIME_CLASSIFIER_V1,1.0.0,H3-C15-BWD,BWD,2020,USDJPY,H4,DEAL,STRESS,RANGE,EXTREME,CLASSIFIED,3,3,0,0.04347826,131.62000000,131.62000000,0.00000000,,0.00000000,PARTITION_REALIZED_SEQUENCE,EXIT_TIME_MSC_THEN_SOURCE_DEAL_ID,,,UNAVAILABLE_FROM_SOURCE_BOUND_UNIT_PACKAGE,1.00000000,0,{},UNKNOWN,NO_PREDECLARED_NUMERIC_MAPPING_IN_CONTRACT,BASKET_UNAVAILABLE,COMPLETE,2,1,1,UNAVAILABLE_NO_SOURCE_BASKET_ID
BOSS19_P4B_REGIME_AFFINITY_V1,2026-09-02T17:30:00Z,1330a822ed66149ba07d693d8732ced5b9e9ce66d15f34ce8d21ef70894b760c,5f3a0f8d1accd25cb6cc08ad1c6e291aed6d238d620269102151016dbfaf569d,858f4d02d1ae30511dd1f38ffab347c85c06a4a25df4bedf901dc169c2847916,ffa5a59f49cf9099c50520cc95c548ad2d47883a472689dfb58ffc722a44d51e,bb331765f169503ad878223d54a6f45fd2bb6e289609ae671857e298384463a4,BOSS19_P4_REGIME_CLASSIFIER_V1,1.0.0,H3-C15-BWD,BWD,2020,USDJPY,H4,DEAL,STRESS,TREND_UP,EXTREME,CLASSIFIED,1,1,0,0.01449275,99.11000000,99.11000000,0.00000000,,0.00000000,PARTITION_REALIZED_SEQUENCE,EXIT_TIME_MSC_THEN_SOURCE_DEAL_ID,,,UNAVAILABLE_FROM_SOURCE_BOUND_UNIT_PACKAGE,1.00000000,0,{},UNKNOWN,NO_PREDECLARED_NUMERIC_MAPPING_IN_CONTRACT,BASKET_UNAVAILABLE,COMPLETE,1,1,1,UNAVAILABLE_NO_SOURCE_BASKET_ID
BOSS19_P4B_REGIME_AFFINITY_V1,2026-09-02T17:30:00Z,1330a822ed66149ba07d693d8732ced5b9e9ce66d15f34ce8d21ef70894b760c,5f3a0f8d1accd25cb6cc08ad1c6e291aed6d238d620269102151016dbfaf569d,858f4d02d1ae30511dd1f38ffab347c85c06a4a25df4bedf901dc169c2847916,ffa5a59f49cf9099c50520cc95c548ad2d47883a472689dfb58ffc722a44d51e,bb331765f169503ad878223d54a6f45fd2bb6e289609ae671857e298384463a4,BOSS19_P4_REGIME_CLASSIFIER_V1,1.0.0,H3-C15-BWD,BWD,2021,USDJPY,H4,DEAL,NEUTRAL,RANGE,LOW,CLASSIFIED,2,2,0,0.02898551,35.04000000,35.04000000,0.00000000,,0.00000000,PARTITION_REALIZED_SEQUENCE,EXIT_TIME_MSC_THEN_SOURCE_DEAL_ID,,,UNAVAILABLE_FROM_SOURCE_BOUND_UNIT_PACKAGE,1.00000000,0,{},UNKNOWN,NO_PREDECLARED_NUMERIC_MAPPING_IN_CONTRACT,BASKET_UNAVAILABLE,COMPLETE,1,1,1,UNAVAILABLE_NO_SOURCE_BASKET_ID
BOSS19_P4B_REGIME_AFFINITY_V1,2026-09-02T17:30:00Z,1330a822ed66149ba07d693d8732ced5b9e9ce66d15f34ce8d21ef70894b760c,5f3a0f8d1accd25cb6cc08ad1c6e291aed6d238d620269102151016dbfaf569d,858f4d02d1ae30511dd1f38ffab347c85c06a4a25df4bedf901dc169c2847916,ffa5a59f49cf9099c50520cc95c548ad2d47883a472689dfb58ffc722a44d51e,bb331765f169503ad878223d54a6f45fd2bb6e289609ae671857e298384463a4,BOSS19_P4_REGIME_CLASSIFIER_V1,1.0.0,H3-C15-BWD,BWD,2021,USDJPY,H4,DEAL,NEUTRAL,RANGE,NORMAL,CLASSIFIED,1,1,0,0.01449275,30.99000000,30.99000000,0.00000000,,0.00000000,PARTITION_REALIZED_SEQUENCE,EXIT_TIME_MSC_THEN_SOURCE_DEAL_ID,,,UNAVAILABLE_FROM_SOURCE_BOUND_UNIT_PACKAGE,1.00000000,0,{},UNKNOWN,NO_PREDECLARED_NUMERIC_MAPPING_IN_CONTRACT,BASKET_UNAVAILABLE,COMPLETE,1,1,1,UNAVAILABLE_NO_SOURCE_BASKET_ID
BOSS19_P4B_REGIME_AFFINITY_V1,2026-09-02T17:30:00Z,1330a822ed66149ba07d693d8732ced5b9e9ce66d15f34ce8d21ef70894b760c,5f3a0f8d1accd25cb6cc08ad1c6e291aed6d238d620269102151016dbfaf569d,858f4d02d1ae30511dd1f38ffab347c85c06a4a25df4bedf901dc169c2847916,ffa5a59f49cf9099c50520cc95c548ad2d47883a472689dfb58ffc722a44d51e,bb331765f169503ad878223d54a6f45fd2bb6e289609ae671857e298384463a4,BOSS19_P4_REGIME_CLASSIFIER_V1,1.0.0,H3-C15-BWD,BWD,2021,USDJPY,H4,DEAL,NEUTRAL,TREND_UP,EXTREME,CLASSIFIED,2,2,0,0.02898551,24.84000000,24.84000000,0.00000000,,0.00000000,PARTITION_REALIZED_SEQUENCE,EXIT_TIME_MSC_THEN_SOURCE_DEAL_ID,,,UNAVAILABLE_FROM_SOURCE_BOUND_UNIT_PACKAGE,1.00000000,0,{},UNKNOWN,NO_PREDECLARED_NUMERIC_MAPPING_IN_CONTRACT,BASKET_UNAVAILABLE,COMPLETE,2,2,1,UNAVAILABLE_NO_SOURCE_BASKET_ID
BOSS19_P4B_REGIME_AFFINITY_V1,2026-09-02T17:30:00Z,1330a822ed66149ba07d693d8732ced5b9e9ce66d15f34ce8d21ef70894b760c,5f3a0f8d1accd25cb6cc08ad1c6e291aed6d238d620269102151016dbfaf569d,858f4d02d1ae30511dd1f38ffab347c85c06a4a25df4bedf901dc169c2847916,ffa5a59f49cf9099c50520cc95c548ad2d47883a472689dfb58ffc722a44d51e,bb331765f169503ad878223d54a6f45fd2bb6e289609ae671857e298384463a4,BOSS19_P4_REGIME_CLASSIFIER_V1,1.0.0,H3-C15-BWD,BWD,2021,USDJPY,H4,DEAL,NEUTRAL,TREND_UP,HIGH,CLASSIFIED,2,2,0,0.02898551,25.68000000,25.68000000,0.00000000,,0.00000000,PARTITION_REALIZED_SEQUENCE,EXIT_TIME_MSC_THEN_SOURCE_DEAL_ID,,,UNAVAILABLE_FROM_SOURCE_BOUND_UNIT_PACKAGE,1.00000000,0,{},UNKNOWN,NO_PREDECLARED_NUMERIC_MAPPING_IN_CONTRACT,BASKET_UNAVAILABLE,COMPLETE,2,1,1,UNAVAILABLE_NO_SOURCE_BASKET_ID
BOSS19_P4B_REGIME_AFFINITY_V1,2026-09-02T17:30:00Z,1330a822ed66149ba07d693d8732ced5b9e9ce66d15f34ce8d21ef70894b760c,5f3a0f8d1accd25cb6cc08ad1c6e291aed6d238d620269102151016dbfaf569d,858f4d02d1ae30511dd1f38ffab347c85c06a4a25df4bedf901dc169c2847916,ffa5a59f49cf9099c50520cc95c548ad2d47883a472689dfb58ffc722a44d51e,bb331765f169503ad878223d54a6f45fd2bb6e289609ae671857e298384463a4,BOSS19_P4_REGIME_CLASSIFIER_V1,1.0.0,H3-C15-BWD,BWD,2021,USDJPY,H4,DEAL,NEUTRAL,TREND_UP,NORMAL,CLASSIFIED,3,3,0,0.04347826,38.85000000,38.85000000,0.00000000,,0.00000000,PARTITION_REALIZED_SEQUENCE,EXIT_TIME_MSC_THEN_SOURCE_DEAL_ID,,,UNAVAILABLE_FROM_SOURCE_BOUND_UNIT_PACKAGE,1.00000000,0,{},UNKNOWN,NO_PREDECLARED_NUMERIC_MAPPING_IN_CONTRACT,BASKET_UNAVAILABLE,COMPLETE,2,1,1,UNAVAILABLE_NO_SOURCE_BASKET_ID
BOSS19_P4B_REGIME_AFFINITY_V1,2026-09-02T17:30:00Z,1330a822ed66149ba07d693d8732ced5b9e9ce66d15f34ce8d21ef70894b760c,5f3a0f8d1accd25cb6cc08ad1c6e291aed6d238d620269102151016dbfaf569d,858f4d02d1ae30511dd1f38ffab347c85c06a4a25df4bedf901dc169c2847916,ffa5a59f49cf9099c50520cc95c548ad2d47883a472689dfb58ffc722a44d51e,bb331765f169503ad878223d54a6f45fd2bb6e289609ae671857e298384463a4,BOSS19_P4_REGIME_CLASSIFIER_V1,1.0.0,H3-C15-BWD,BWD,2021,USDJPY,H4,DEAL,RISK_OFF,RANGE,HIGH,CLASSIFIED,1,1,0,0.01449275,12.74000000,12.74000000,0.00000000,,0.00000000,PARTITION_REALIZED_SEQUENCE,EXIT_TIME_MSC_THEN_SOURCE_DEAL_ID,,,UNAVAILABLE_FROM_SOURCE_BOUND_UNIT_PACKAGE,1.00000000,0,{},UNKNOWN,NO_PREDECLARED_NUMERIC_MAPPING_IN_CONTRACT,BASKET_UNAVAILABLE,COMPLETE,1,1,1,UNAVAILABLE_NO_SOURCE_BASKET_ID
BOSS19_P4B_REGIME_AFFINITY_V1,2026-09-02T17:30:00Z,1330a822ed66149ba07d693d8732ced5b9e9ce66d15f34ce8d21ef70894b760c,5f3a0f8d1accd25cb6cc08ad1c6e291aed6d238d620269102151016dbfaf569d,858f4d02d1ae30511dd1f38ffab347c85c06a4a25df4bedf901dc169c2847916,ffa5a59f49cf9099c50520cc95c548ad2d47883a472689dfb58ffc722a44d51e,bb331765f169503ad878223d54a6f45fd2bb6e289609ae671857e298384463a4,BOSS19_P4_REGIME_CLASSIFIER_V1,1.0.0,H3-C15-BWD,BWD,2022,USDJPY,H4,DEAL,NEUTRAL,RANGE,NORMAL,CLASSIFIED,2,2,0,0.02898551,46.68000000,46.68000000,0.00000000,,0.00000000,PARTITION_REALIZED_SEQUENCE,EXIT_TIME_MSC_THEN_SOURCE_DEAL_ID,,,UNAVAILABLE_FROM_SOURCE_BOUND_UNIT_PACKAGE,1.00000000,0,{},UNKNOWN,NO_PREDECLARED_NUMERIC_MAPPING_IN_CONTRACT,BASKET_UNAVAILABLE,COMPLETE,2,1,1,UNAVAILABLE_NO_SOURCE_BASKET_ID
BOSS19_P4B_REGIME_AFFINITY_V1,2026-09-02T17:30:00Z,1330a822ed66149ba07d693d8732ced5b9e9ce66d15f34ce8d21ef70894b760c,5f3a0f8d1accd25cb6cc08ad1c6e291aed6d238d620269102151016dbfaf569d,858f4d02d1ae30511dd1f38ffab347c85c06a4a25df4bedf901dc169c2847916,ffa5a59f49cf9099c50520cc95c548ad2d47883a472689dfb58ffc722a44d51e,bb331765f169503ad878223d54a6f45fd2bb6e289609ae671857e298384463a4,BOSS19_P4_REGIME_CLASSIFIER_V1,1.0.0,H3-C15-BWD,BWD,2022,USDJPY,H4,DEAL,NEUTRAL,TREND_UP,EXTREME,CLASSIFIED,4,4,0,0.05797101,69.94000000,69.94000000,0.00000000,,0.00000000,PARTITION_REALIZED_SEQUENCE,EXIT_TIME_MSC_THEN_SOURCE_DEAL_ID,,,UNAVAILABLE_FROM_SOURCE_BOUND_UNIT_PACKAGE,1.00000000,0,{},UNKNOWN,NO_PREDECLARED_NUMERIC_MAPPING_IN_CONTRACT,BASKET_UNAVAILABLE,COMPLETE,1,1,1,UNAVAILABLE_NO_SOURCE_BASKET_ID
BOSS19_P4B_REGIME_AFFINITY_V1,2026-09-02T17:30:00Z,1330a822ed66149ba07d693d8732ced5b9e9ce66d15f34ce8d21ef70894b760c,5f3a0f8d1accd25cb6cc08ad1c6e291aed6d238d620269102151016dbfaf569d,858f4d02d1ae30511dd1f38ffab347c85c06a4a25df4bedf901dc169c2847916,ffa5a59f49cf9099c50520cc95c548ad2d47883a472689dfb58ffc722a44d51e,bb331765f169503ad878223d54a6f45fd2bb6e289609ae671857e298384463a4,BOSS19_P4_REGIME_CLASSIFIER_V1,1.0.0,H3-C15-BWD,BWD,2022,USDJPY,H4,DEAL,NEUTRAL,TREND_UP,HIGH,CLASSIFIED,13,13,0,0.18840580,199.80000000,199.80000000,0.00000000,,0.00000000,PARTITION_REALIZED_SEQUENCE,EXIT_TIME_MSC_THEN_SOURCE_DEAL_ID,,,UNAVAILABLE_FROM_SOURCE_BOUND_UNIT_PACKAGE,1.00000000,0,{},UNKNOWN,NO_PREDECLARED_NUMERIC_MAPPING_IN_CONTRACT,BASKET_UNAVAILABLE,COMPLETE,6,2,1,UNAVAILABLE_NO_SOURCE_BASKET_ID
BOSS19_P4B_REGIME_AFFINITY_V1,2026-09-02T17:30:00Z,1330a822ed66149ba07d693d8732ced5b9e9ce66d15f34ce8d21ef70894b760c,5f3a0f8d1accd25cb6cc08ad1c6e291aed6d238d620269102151016dbfaf569d,858f4d02d1ae30511dd1f38ffab347c85c06a4a25df4bedf901dc169c2847916,ffa5a59f49cf9099c50520cc95c548ad2d47883a472689dfb58ffc722a44d51e,bb331765f169503ad878223d54a6f45fd2bb6e289609ae671857e298384463a4,BOSS19_P4_REGIME_CLASSIFIER_V1,1.0.0,H3-C15-BWD,BWD,2022,USDJPY,H4,DEAL,NEUTRAL,TREND_UP,LOW,CLASSIFIED,4,4,0,0.05797101,-588.77000000,14.70000000,-603.47000000,0.02435912,603.47000000,PARTITION_REALIZED_SEQUENCE,EXIT_TIME_MSC_THEN_SOURCE_DEAL_ID,,,UNAVAILABLE_FROM_SOURCE_BOUND_UNIT_PACKAGE,1.00000000,0,{},UNKNOWN,NO_PREDECLARED_NUMERIC_MAPPING_IN_CONTRACT,BASKET_UNAVAILABLE,COMPLETE,2,2,1,UNAVAILABLE_NO_SOURCE_BASKET_ID
BOSS19_P4B_REGIME_AFFINITY_V1,2026-09-02T17:30:00Z,1330a822ed66149ba07d693d8732ced5b9e9ce66d15f34ce8d21ef70894b760c,5f3a0f8d1accd25cb6cc08ad1c6e291aed6d238d620269102151016dbfaf569d,858f4d02d1ae30511dd1f38ffab347c85c06a4a25df4bedf901dc169c2847916,ffa5a59f49cf9099c50520cc95c548ad2d47883a472689dfb58ffc722a44d51e,bb331765f169503ad878223d54a6f45fd2bb6e289609ae671857e298384463a4,BOSS19_P4_REGIME_CLASSIFIER_V1,1.0.0,H3-C15-BWD,BWD,2022,USDJPY,H4,DEAL,NEUTRAL,TREND_UP,NORMAL,CLASSIFIED,10,10,0,0.14492754,209.35000000,209.35000000,0.00000000,,0.00000000,PARTITION_REALIZED_SEQUENCE,EXIT_TIME_MSC_THEN_SOURCE_DEAL_ID,,,UNAVAILABLE_FROM_SOURCE_BOUND_UNIT_PACKAGE,1.00000000,0,{},UNKNOWN,NO_PREDECLARED_NUMERIC_MAPPING_IN_CONTRACT,BASKET_UNAVAILABLE,COMPLETE,5,4,1,UNAVAILABLE_NO_SOURCE_BASKET_ID
BOSS19_P4B_REGIME_AFFINITY_V1,2026-09-02T17:30:00Z,1330a822ed66149ba07d693d8732ced5b9e9ce66d15f34ce8d21ef70894b760c,5f3a0f8d1accd25cb6cc08ad1c6e291aed6d238d620269102151016dbfaf569d,858f4d02d1ae30511dd1f38ffab347c85c06a4a25df4bedf901dc169c2847916,ffa5a59f49cf9099c50520cc95c548ad2d47883a472689dfb58ffc722a44d51e,bb331765f169503ad878223d54a6f45fd2bb6e289609ae671857e298384463a4,BOSS19_P4_REGIME_CLASSIFIER_V1,1.0.0,H3-C15-BWD,BWD,2022,USDJPY,H4,DEAL,RISK_OFF,RANGE,NORMAL,CLASSIFIED,3,3,0,0.04347826,50.11000000,50.11000000,0.00000000,,0.00000000,PARTITION_REALIZED_SEQUENCE,EXIT_TIME_MSC_THEN_SOURCE_DEAL_ID,,,UNAVAILABLE_FROM_SOURCE_BOUND_UNIT_PACKAGE,1.00000000,0,{},UNKNOWN,NO_PREDECLARED_NUMERIC_MAPPING_IN_CONTRACT,BASKET_UNAVAILABLE,COMPLETE,2,2,1,UNAVAILABLE_NO_SOURCE_BASKET_ID
BOSS19_P4B_REGIME_AFFINITY_V1,2026-09-02T17:30:00Z,1330a822ed66149ba07d693d8732ced5b9e9ce66d15f34ce8d21ef70894b760c,5f3a0f8d1accd25cb6cc08ad1c6e291aed6d238d620269102151016dbfaf569d,858f4d02d1ae30511dd1f38ffab347c85c06a4a25df4bedf901dc169c2847916,ffa5a59f49cf9099c50520cc95c548ad2d47883a472689dfb58ffc722a44d51e,bb331765f169503ad878223d54a6f45fd2bb6e289609ae671857e298384463a4,BOSS19_P4_REGIME_CLASSIFIER_V1,1.0.0,H3-C15-BWD,BWD,2022,USDJPY,H4,DEAL,STRESS,RANGE,EXTREME,CLASSIFIED,1,1,0,0.01449275,19.19000000,19.19000000,0.00000000,,0.00000000,PARTITION_REALIZED_SEQUENCE,EXIT_TIME_MSC_THEN_SOURCE_DEAL_ID,,,UNAVAILABLE_FROM_SOURCE_BOUND_UNIT_PACKAGE,1.00000000,0,{},UNKNOWN,NO_PREDECLARED_NUMERIC_MAPPING_IN_CONTRACT,BASKET_UNAVAILABLE,COMPLETE,1,1,1,UNAVAILABLE_NO_SOURCE_BASKET_ID
BOSS19_P4B_REGIME_AFFINITY_V1,2026-09-02T17:30:00Z,1330a822ed66149ba07d693d8732ced5b9e9ce66d15f34ce8d21ef70894b760c,5f3a0f8d1accd25cb6cc08ad1c6e291aed6d238d620269102151016dbfaf569d,858f4d02d1ae30511dd1f38ffab347c85c06a4a25df4bedf901dc169c2847916,ffa5a59f49cf9099c50520cc95c548ad2d47883a472689dfb58ffc722a44d51e,bb331765f169503ad878223d54a6f45fd2bb6e289609ae671857e298384463a4,BOSS19_P4_REGIME_CLASSIFIER_V1,1.0.0,H3-C15-BWD,BWD,2022,USDJPY,H4,DEAL,STRESS,TREND_UP,EXTREME,CLASSIFIED,2,2,0,0.02898551,37.72000000,37.72000000,0.00000000,,0.00000000,PARTITION_REALIZED_SEQUENCE,EXIT_TIME_MSC_THEN_SOURCE_DEAL_ID,,,UNAVAILABLE_FROM_SOURCE_BOUND_UNIT_PACKAGE,1.00000000,0,{},UNKNOWN,NO_PREDECLARED_NUMERIC_MAPPING_IN_CONTRACT,BASKET_UNAVAILABLE,COMPLETE,2,2,1,UNAVAILABLE_NO_SOURCE_BASKET_ID
BOSS19_P4B_REGIME_AFFINITY_V1,2026-09-02T17:30:00Z,1330a822ed66149ba07d693d8732ced5b9e9ce66d15f34ce8d21ef70894b760c,5f3a0f8d1accd25cb6cc08ad1c6e291aed6d238d620269102151016dbfaf569d,858f4d02d1ae30511dd1f38ffab347c85c06a4a25df4bedf901dc169c2847916,ffa5a59f49cf9099c50520cc95c548ad2d47883a472689dfb58ffc722a44d51e,bb331765f169503ad878223d54a6f45fd2bb6e289609ae671857e298384463a4,BOSS19_P4_REGIME_CLASSIFIER_V1,1.0.0,H3-C15-BWD,BWD,2022,USDJPY,H4,DEAL,STRESS,TREND_UP,LOW,CLASSIFIED,1,1,0,0.01449275,23.66000000,23.66000000,0.00000000,,0.00000000,PARTITION_REALIZED_SEQUENCE,EXIT_TIME_MSC_THEN_SOURCE_DEAL_ID,,,UNAVAILABLE_FROM_SOURCE_BOUND_UNIT_PACKAGE,1.00000000,0,{},UNKNOWN,NO_PREDECLARED_NUMERIC_MAPPING_IN_CONTRACT,BASKET_UNAVAILABLE,COMPLETE,1,1,1,UNAVAILABLE_NO_SOURCE_BASKET_ID
BOSS19_P4B_REGIME_AFFINITY_V1,2026-09-02T17:30:00Z,1330a822ed66149ba07d693d8732ced5b9e9ce66d15f34ce8d21ef70894b760c,5f3a0f8d1accd25cb6cc08ad1c6e291aed6d238d620269102151016dbfaf569d,858f4d02d1ae30511dd1f38ffab347c85c06a4a25df4bedf901dc169c2847916,ffa5a59f49cf9099c50520cc95c548ad2d47883a472689dfb58ffc722a44d51e,bb331765f169503ad878223d54a6f45fd2bb6e289609ae671857e298384463a4,BOSS19_P4_REGIME_CLASSIFIER_V1,1.0.0,H3-C15-BWD,BWD,2022,USDJPY,H4,DEAL,STRESS,TREND_UP,NORMAL,CLASSIFIED,5,5,0,0.07246377,69.99000000,69.99000000,0.00000000,,0.00000000,PARTITION_REALIZED_SEQUENCE,EXIT_TIME_MSC_THEN_SOURCE_DEAL_ID,,,UNAVAILABLE_FROM_SOURCE_BOUND_UNIT_PACKAGE,1.00000000,0,{},UNKNOWN,NO_PREDECLARED_NUMERIC_MAPPING_IN_CONTRACT,BASKET_UNAVAILABLE,COMPLETE,3,2,1,UNAVAILABLE_NO_SOURCE_BASKET_ID
BOSS19_P4B_REGIME_AFFINITY_V1,2026-09-02T17:30:00Z,1330a822ed66149ba07d693d8732ced5b9e9ce66d15f34ce8d21ef70894b760c,5f3a0f8d1accd25cb6cc08ad1c6e291aed6d238d620269102151016dbfaf569d,858f4d02d1ae30511dd1f38ffab347c85c06a4a25df4bedf901dc169c2847916,ffa5a59f49cf9099c50520cc95c548ad2d47883a472689dfb58ffc722a44d51e,bb331765f169503ad878223d54a6f45fd2bb6e289609ae671857e298384463a4,BOSS19_P4_REGIME_CLASSIFIER_V1,1.0.0,H3-C15-MAIN,MAIN,2023,USDJPY,H4,DEAL,NEUTRAL,RANGE,LOW,CLASSIFIED,3,3,0,0.05000000,43.34000000,43.34000000,0.00000000,,0.00000000,PARTITION_REALIZED_SEQUENCE,EXIT_TIME_MSC_THEN_SOURCE_DEAL_ID,,,UNAVAILABLE_FROM_SOURCE_BOUND_UNIT_PACKAGE,1.00000000,0,{},UNKNOWN,NO_PREDECLARED_NUMERIC_MAPPING_IN_CONTRACT,BASKET_UNAVAILABLE;SINGLE_YEAR_ABS_NET_GE_50PCT,COMPLETE,3,3,1,UNAVAILABLE_NO_SOURCE_BASKET_ID
BOSS19_P4B_REGIME_AFFINITY_V1,2026-09-02T17:30:00Z,1330a822ed66149ba07d693d8732ced5b9e9ce66d15f34ce8d21ef70894b760c,5f3a0f8d1accd25cb6cc08ad1c6e291aed6d238d620269102151016dbfaf569d,858f4d02d1ae30511dd1f38ffab347c85c06a4a25df4bedf901dc169c2847916,ffa5a59f49cf9099c50520cc95c548ad2d47883a472689dfb58ffc722a44d51e,bb331765f169503ad878223d54a6f45fd2bb6e289609ae671857e298384463a4,BOSS19_P4_REGIME_CLASSIFIER_V1,1.0.0,H3-C15-MAIN,MAIN,2023,USDJPY,H4,DEAL,NEUTRAL,RANGE,NORMAL,CLASSIFIED,1,1,0,0.01666667,22.63000000,22.63000000,0.00000000,,0.00000000,PARTITION_REALIZED_SEQUENCE,EXIT_TIME_MSC_THEN_SOURCE_DEAL_ID,,,UNAVAILABLE_FROM_SOURCE_BOUND_UNIT_PACKAGE,1.00000000,0,{},UNKNOWN,NO_PREDECLARED_NUMERIC_MAPPING_IN_CONTRACT,BASKET_UNAVAILABLE;SINGLE_YEAR_ABS_NET_GE_50PCT,COMPLETE,1,1,1,UNAVAILABLE_NO_SOURCE_BASKET_ID
BOSS19_P4B_REGIME_AFFINITY_V1,2026-09-02T17:30:00Z,1330a822ed66149ba07d693d8732ced5b9e9ce66d15f34ce8d21ef70894b760c,5f3a0f8d1accd25cb6cc08ad1c6e291aed6d238d620269102151016dbfaf569d,858f4d02d1ae30511dd1f38ffab347c85c06a4a25df4bedf901dc169c2847916,ffa5a59f49cf9099c50520cc95c548ad2d47883a472689dfb58ffc722a44d51e,bb331765f169503ad878223d54a6f45fd2bb6e289609ae671857e298384463a4,BOSS19_P4_REGIME_CLASSIFIER_V1,1.0.0,H3-C15-MAIN,MAIN,2023,USDJPY,H4,DEAL,NEUTRAL,TRANSITION,NORMAL,CLASSIFIED,1,1,0,0.01666667,21.94000000,21.94000000,0.00000000,,0.00000000,PARTITION_REALIZED_SEQUENCE,EXIT_TIME_MSC_THEN_SOURCE_DEAL_ID,,,UNAVAILABLE_FROM_SOURCE_BOUND_UNIT_PACKAGE,1.00000000,0,{},UNKNOWN,NO_PREDECLARED_NUMERIC_MAPPING_IN_CONTRACT,BASKET_UNAVAILABLE;SINGLE_YEAR_ABS_NET_GE_50PCT,COMPLETE,1,1,1,UNAVAILABLE_NO_SOURCE_BASKET_ID
BOSS19_P4B_REGIME_AFFINITY_V1,2026-09-02T17:30:00Z,1330a822ed66149ba07d693d8732ced5b9e9ce66d15f34ce8d21ef70894b760c,5f3a0f8d1accd25cb6cc08ad1c6e291aed6d238d620269102151016dbfaf569d,858f4d02d1ae30511dd1f38ffab347c85c06a4a25df4bedf901dc169c2847916,ffa5a59f49cf9099c50520cc95c548ad2d47883a472689dfb58ffc722a44d51e,bb331765f169503ad878223d54a6f45fd2bb6e289609ae671857e298384463a4,BOSS19_P4_REGIME_CLASSIFIER_V1,1.0.0,H3-C15-MAIN,MAIN,2023,USDJPY,H4,DEAL,NEUTRAL,TREND_UP,LOW,CLASSIFIED,4,4,0,0.06666667,67.84000000,67.84000000,0.00000000,,0.00000000,PARTITION_REALIZED_SEQUENCE,EXIT_TIME_MSC_THEN_SOURCE_DEAL_ID,,,UNAVAILABLE_FROM_SOURCE_BOUND_UNIT_PACKAGE,1.00000000,0,{},UNKNOWN,NO_PREDECLARED_NUMERIC_MAPPING_IN_CONTRACT,BASKET_UNAVAILABLE;SINGLE_YEAR_ABS_NET_GE_50PCT,COMPLETE,3,3,1,UNAVAILABLE_NO_SOURCE_BASKET_ID
BOSS19_P4B_REGIME_AFFINITY_V1,2026-09-02T17:30:00Z,1330a822ed66149ba07d693d8732ced5b9e9ce66d15f34ce8d21ef70894b760c,5f3a0f8d1accd25cb6cc08ad1c6e291aed6d238d620269102151016dbfaf569d,858f4d02d1ae30511dd1f38ffab347c85c06a4a25df4bedf901dc169c2847916,ffa5a59f49cf9099c50520cc95c548ad2d47883a472689dfb58ffc722a44d51e,bb331765f169503ad878223d54a6f45fd2bb6e289609ae671857e298384463a4,BOSS19_P4_REGIME_CLASSIFIER_V1,1.0.0,H3-C15-MAIN,MAIN,2023,USDJPY,H4,DEAL,NEUTRAL,TREND_UP,NORMAL,CLASSIFIED,2,2,0,0.03333333,47.24000000,47.24000000,0.00000000,,0.00000000,PARTITION_REALIZED_SEQUENCE,EXIT_TIME_MSC_THEN_SOURCE_DEAL_ID,,,UNAVAILABLE_FROM_SOURCE_BOUND_UNIT_PACKAGE,1.00000000,0,{},UNKNOWN,NO_PREDECLARED_NUMERIC_MAPPING_IN_CONTRACT,BASKET_UNAVAILABLE;SINGLE_YEAR_ABS_NET_GE_50PCT,COMPLETE,1,1,1,UNAVAILABLE_NO_SOURCE_BASKET_ID
BOSS19_P4B_REGIME_AFFINITY_V1,2026-09-02T17:30:00Z,1330a822ed66149ba07d693d8732ced5b9e9ce66d15f34ce8d21ef70894b760c,5f3a0f8d1accd25cb6cc08ad1c6e291aed6d238d620269102151016dbfaf569d,858f4d02d1ae30511dd1f38ffab347c85c06a4a25df4bedf901dc169c2847916,ffa5a59f49cf9099c50520cc95c548ad2d47883a472689dfb58ffc722a44d51e,bb331765f169503ad878223d54a6f45fd2bb6e289609ae671857e298384463a4,BOSS19_P4_REGIME_CLASSIFIER_V1,1.0.0,H3-C15-MAIN,MAIN,2023,USDJPY,H4,DEAL,RISK_OFF,RANGE,LOW,CLASSIFIED,2,2,0,0.03333333,38.13000000,38.13000000,0.00000000,,0.00000000,PARTITION_REALIZED_SEQUENCE,EXIT_TIME_MSC_THEN_SOURCE_DEAL_ID,,,UNAVAILABLE_FROM_SOURCE_BOUND_UNIT_PACKAGE,1.00000000,0,{},UNKNOWN,NO_PREDECLARED_NUMERIC_MAPPING_IN_CONTRACT,BASKET_UNAVAILABLE;SINGLE_YEAR_ABS_NET_GE_50PCT,COMPLETE,2,1,1,UNAVAILABLE_NO_SOURCE_BASKET_ID
BOSS19_P4B_REGIME_AFFINITY_V1,2026-09-02T17:30:00Z,1330a822ed66149ba07d693d8732ced5b9e9ce66d15f34ce8d21ef70894b760c,5f3a0f8d1accd25cb6cc08ad1c6e291aed6d238d620269102151016dbfaf569d,858f4d02d1ae30511dd1f38ffab347c85c06a4a25df4bedf901dc169c2847916,ffa5a59f49cf9099c50520cc95c548ad2d47883a472689dfb58ffc722a44d51e,bb331765f169503ad878223d54a6f45fd2bb6e289609ae671857e298384463a4,BOSS19_P4_REGIME_CLASSIFIER_V1,1.0.0,H3-C15-MAIN,MAIN,2023,USDJPY,H4,DEAL,RISK_OFF,RANGE,NORMAL,CLASSIFIED,1,1,0,0.01666667,4.43000000,4.43000000,0.00000000,,0.00000000,PARTITION_REALIZED_SEQUENCE,EXIT_TIME_MSC_THEN_SOURCE_DEAL_ID,,,UNAVAILABLE_FROM_SOURCE_BOUND_UNIT_PACKAGE,1.00000000,0,{},UNKNOWN,NO_PREDECLARED_NUMERIC_MAPPING_IN_CONTRACT,BASKET_UNAVAILABLE;SINGLE_YEAR_ABS_NET_GE_50PCT,COMPLETE,1,1,1,UNAVAILABLE_NO_SOURCE_BASKET_ID
BOSS19_P4B_REGIME_AFFINITY_V1,2026-09-02T17:30:00Z,1330a822ed66149ba07d693d8732ced5b9e9ce66d15f34ce8d21ef70894b760c,5f3a0f8d1accd25cb6cc08ad1c6e291aed6d238d620269102151016dbfaf569d,858f4d02d1ae30511dd1f38ffab347c85c06a4a25df4bedf901dc169c2847916,ffa5a59f49cf9099c50520cc95c548ad2d47883a472689dfb58ffc722a44d51e,bb331765f169503ad878223d54a6f45fd2bb6e289609ae671857e298384463a4,BOSS19_P4_REGIME_CLASSIFIER_V1,1.0.0,H3-C15-MAIN,MAIN,2023,USDJPY,H4,DEAL,RISK_OFF,TREND_DOWN,HIGH,CLASSIFIED,2,2,0,0.03333333,7.49000000,7.49000000,0.00000000,,0.00000000,PARTITION_REALIZED_SEQUENCE,EXIT_TIME_MSC_THEN_SOURCE_DEAL_ID,,,UNAVAILABLE_FROM_SOURCE_BOUND_UNIT_PACKAGE,1.00000000,0,{},UNKNOWN,NO_PREDECLARED_NUMERIC_MAPPING_IN_CONTRACT,BASKET_UNAVAILABLE;SINGLE_YEAR_ABS_NET_GE_50PCT,COMPLETE,1,1,1,UNAVAILABLE_NO_SOURCE_BASKET_ID
BOSS19_P4B_REGIME_AFFINITY_V1,2026-09-02T17:30:00Z,1330a822ed66149ba07d693d8732ced5b9e9ce66d15f34ce8d21ef70894b760c,5f3a0f8d1accd25cb6cc08ad1c6e291aed6d238d620269102151016dbfaf569d,858f4d02d1ae30511dd1f38ffab347c85c06a4a25df4bedf901dc169c2847916,ffa5a59f49cf9099c50520cc95c548ad2d47883a472689dfb58ffc722a44d51e,bb331765f169503ad878223d54a6f45fd2bb6e289609ae671857e298384463a4,BOSS19_P4_REGIME_CLASSIFIER_V1,1.0.0,H3-C15-MAIN,MAIN,2023,USDJPY,H4,DEAL,RISK_OFF,TREND_UP,LOW,CLASSIFIED,2,2,0,0.03333333,32.13000000,32.13000000,0.00000000,,0.00000000,PARTITION_REALIZED_SEQUENCE,EXIT_TIME_MSC_THEN_SOURCE_DEAL_ID,,,UNAVAILABLE_FROM_SOURCE_BOUND_UNIT_PACKAGE,1.00000000,0,{},UNKNOWN,NO_PREDECLARED_NUMERIC_MAPPING_IN_CONTRACT,BASKET_UNAVAILABLE;SINGLE_YEAR_ABS_NET_GE_50PCT,COMPLETE,1,1,1,UNAVAILABLE_NO_SOURCE_BASKET_ID
BOSS19_P4B_REGIME_AFFINITY_V1,2026-09-02T17:30:00Z,1330a822ed66149ba07d693d8732ced5b9e9ce66d15f34ce8d21ef70894b760c,5f3a0f8d1accd25cb6cc08ad1c6e291aed6d238d620269102151016dbfaf569d,858f4d02d1ae30511dd1f38ffab347c85c06a4a25df4bedf901dc169c2847916,ffa5a59f49cf9099c50520cc95c548ad2d47883a472689dfb58ffc722a44d51e,bb331765f169503ad878223d54a6f45fd2bb6e289609ae671857e298384463a4,BOSS19_P4_REGIME_CLASSIFIER_V1,1.0.0,H3-C15-MAIN,MAIN,2023,USDJPY,H4,DEAL,RISK_ON,TREND_UP,LOW,CLASSIFIED,3,3,0,0.05000000,50.86000000,50.86000000,0.00000000,,0.00000000,PARTITION_REALIZED_SEQUENCE,EXIT_TIME_MSC_THEN_SOURCE_DEAL_ID,,,UNAVAILABLE_FROM_SOURCE_BOUND_UNIT_PACKAGE,1.00000000,0,{},UNKNOWN,NO_PREDECLARED_NUMERIC_MAPPING_IN_CONTRACT,BASKET_UNAVAILABLE;SINGLE_YEAR_ABS_NET_GE_50PCT,COMPLETE,2,1,1,UNAVAILABLE_NO_SOURCE_BASKET_ID
BOSS19_P4B_REGIME_AFFINITY_V1,2026-09-02T17:30:00Z,1330a822ed66149ba07d693d8732ced5b9e9ce66d15f34ce8d21ef70894b760c,5f3a0f8d1accd25cb6cc08ad1c6e291aed6d238d620269102151016dbfaf569d,858f4d02d1ae30511dd1f38ffab347c85c06a4a25df4bedf901dc169c2847916,ffa5a59f49cf9099c50520cc95c548ad2d47883a472689dfb58ffc722a44d51e,bb331765f169503ad878223d54a6f45fd2bb6e289609ae671857e298384463a4,BOSS19_P4_REGIME_CLASSIFIER_V1,1.0.0,H3-C15-MAIN,MAIN,2024,USDJPY,H4,DEAL,NEUTRAL,RANGE,EXTREME,CLASSIFIED,1,1,0,0.01666667,2.63000000,2.63000000,0.00000000,,0.00000000,PARTITION_REALIZED_SEQUENCE,EXIT_TIME_MSC_THEN_SOURCE_DEAL_ID,,,UNAVAILABLE_FROM_SOURCE_BOUND_UNIT_PACKAGE,1.00000000,0,{},UNKNOWN,NO_PREDECLARED_NUMERIC_MAPPING_IN_CONTRACT,BASKET_UNAVAILABLE;SINGLE_YEAR_ABS_NET_GE_50PCT,COMPLETE,1,1,1,UNAVAILABLE_NO_SOURCE_BASKET_ID
BOSS19_P4B_REGIME_AFFINITY_V1,2026-09-02T17:30:00Z,1330a822ed66149ba07d693d8732ced5b9e9ce66d15f34ce8d21ef70894b760c,5f3a0f8d1accd25cb6cc08ad1c6e291aed6d238d620269102151016dbfaf569d,858f4d02d1ae30511dd1f38ffab347c85c06a4a25df4bedf901dc169c2847916,ffa5a59f49cf9099c50520cc95c548ad2d47883a472689dfb58ffc722a44d51e,bb331765f169503ad878223d54a6f45fd2bb6e289609ae671857e298384463a4,BOSS19_P4_REGIME_CLASSIFIER_V1,1.0.0,H3-C15-MAIN,MAIN,2024,USDJPY,H4,DEAL,NEUTRAL,RANGE,HIGH,CLASSIFIED,7,7,0,0.11666667,96.71000000,96.71000000,0.00000000,,0.00000000,PARTITION_REALIZED_SEQUENCE,EXIT_TIME_MSC_THEN_SOURCE_DEAL_ID,,,UNAVAILABLE_FROM_SOURCE_BOUND_UNIT_PACKAGE,1.00000000,0,{},UNKNOWN,NO_PREDECLARED_NUMERIC_MAPPING_IN_CONTRACT,BASKET_UNAVAILABLE;SINGLE_YEAR_ABS_NET_GE_50PCT,COMPLETE,5,4,1,UNAVAILABLE_NO_SOURCE_BASKET_ID
BOSS19_P4B_REGIME_AFFINITY_V1,2026-09-02T17:30:00Z,1330a822ed66149ba07d693d8732ced5b9e9ce66d15f34ce8d21ef70894b760c,5f3a0f8d1accd25cb6cc08ad1c6e291aed6d238d620269102151016dbfaf569d,858f4d02d1ae30511dd1f38ffab347c85c06a4a25df4bedf901dc169c2847916,ffa5a59f49cf9099c50520cc95c548ad2d47883a472689dfb58ffc722a44d51e,bb331765f169503ad878223d54a6f45fd2bb6e289609ae671857e298384463a4,BOSS19_P4_REGIME_CLASSIFIER_V1,1.0.0,H3-C15-MAIN,MAIN,2024,USDJPY,H4,DEAL,NEUTRAL,RANGE,NORMAL,CLASSIFIED,3,3,0,0.05000000,68.07000000,68.07000000,0.00000000,,0.00000000,PARTITION_REALIZED_SEQUENCE,EXIT_TIME_MSC_THEN_SOURCE_DEAL_ID,,,UNAVAILABLE_FROM_SOURCE_BOUND_UNIT_PACKAGE,1.00000000,0,{},UNKNOWN,NO_PREDECLARED_NUMERIC_MAPPING_IN_CONTRACT,BASKET_UNAVAILABLE;SINGLE_YEAR_ABS_NET_GE_50PCT,COMPLETE,3,1,1,UNAVAILABLE_NO_SOURCE_BASKET_ID
BOSS19_P4B_REGIME_AFFINITY_V1,2026-09-02T17:30:00Z,1330a822ed66149ba07d693d8732ced5b9e9ce66d15f34ce8d21ef70894b760c,5f3a0f8d1accd25cb6cc08ad1c6e291aed6d238d620269102151016dbfaf569d,858f4d02d1ae30511dd1f38ffab347c85c06a4a25df4bedf901dc169c2847916,ffa5a59f49cf9099c50520cc95c548ad2d47883a472689dfb58ffc722a44d51e,bb331765f169503ad878223d54a6f45fd2bb6e289609ae671857e298384463a4,BOSS19_P4_REGIME_CLASSIFIER_V1,1.0.0,H3-C15-MAIN,MAIN,2024,USDJPY,H4,DEAL,NEUTRAL,TRANSITION,EXTREME,CLASSIFIED,1,1,0,0.01666667,32.36000000,32.36000000,0.00000000,,0.00000000,PARTITION_REALIZED_SEQUENCE,EXIT_TIME_MSC_THEN_SOURCE_DEAL_ID,,,UNAVAILABLE_FROM_SOURCE_BOUND_UNIT_PACKAGE,1.00000000,0,{},UNKNOWN,NO_PREDECLARED_NUMERIC_MAPPING_IN_CONTRACT,BASKET_UNAVAILABLE;SINGLE_YEAR_ABS_NET_GE_50PCT,COMPLETE,1,1,1,UNAVAILABLE_NO_SOURCE_BASKET_ID
BOSS19_P4B_REGIME_AFFINITY_V1,2026-09-02T17:30:00Z,1330a822ed66149ba07d693d8732ced5b9e9ce66d15f34ce8d21ef70894b760c,5f3a0f8d1accd25cb6cc08ad1c6e291aed6d238d620269102151016dbfaf569d,858f4d02d1ae30511dd1f38ffab347c85c06a4a25df4bedf901dc169c2847916,ffa5a59f49cf9099c50520cc95c548ad2d47883a472689dfb58ffc722a44d51e,bb331765f169503ad878223d54a6f45fd2bb6e289609ae671857e298384463a4,BOSS19_P4_REGIME_CLASSIFIER_V1,1.0.0,H3-C15-MAIN,MAIN,2024,USDJPY,H4,DEAL,NEUTRAL,TREND_DOWN,HIGH,CLASSIFIED,2,2,0,0.03333333,5.63000000,5.63000000,0.00000000,,0.00000000,PARTITION_REALIZED_SEQUENCE,EXIT_TIME_MSC_THEN_SOURCE_DEAL_ID,,,UNAVAILABLE_FROM_SOURCE_BOUND_UNIT_PACKAGE,1.00000000,0,{},UNKNOWN,NO_PREDECLARED_NUMERIC_MAPPING_IN_CONTRACT,BASKET_UNAVAILABLE;SINGLE_YEAR_ABS_NET_GE_50PCT,COMPLETE,2,1,1,UNAVAILABLE_NO_SOURCE_BASKET_ID
BOSS19_P4B_REGIME_AFFINITY_V1,2026-09-02T17:30:00Z,1330a822ed66149ba07d693d8732ced5b9e9ce66d15f34ce8d21ef70894b760c,5f3a0f8d1accd25cb6cc08ad1c6e291aed6d238d620269102151016dbfaf569d,858f4d02d1ae30511dd1f38ffab347c85c06a4a25df4bedf901dc169c2847916,ffa5a59f49cf9099c50520cc95c548ad2d47883a472689dfb58ffc722a44d51e,bb331765f169503ad878223d54a6f45fd2bb6e289609ae671857e298384463a4,BOSS19_P4_REGIME_CLASSIFIER_V1,1.0.0,H3-C15-MAIN,MAIN,2024,USDJPY,H4,DEAL,NEUTRAL,TREND_UP,HIGH,CLASSIFIED,1,1,0,0.01666667,30.33000000,30.33000000,0.00000000,,0.00000000,PARTITION_REALIZED_SEQUENCE,EXIT_TIME_MSC_THEN_SOURCE_DEAL_ID,,,UNAVAILABLE_FROM_SOURCE_BOUND_UNIT_PACKAGE,1.00000000,0,{},UNKNOWN,NO_PREDECLARED_NUMERIC_MAPPING_IN_CONTRACT,BASKET_UNAVAILABLE;SINGLE_YEAR_ABS_NET_GE_50PCT,COMPLETE,1,1,1,UNAVAILABLE_NO_SOURCE_BASKET_ID
BOSS19_P4B_REGIME_AFFINITY_V1,2026-09-02T17:30:00Z,1330a822ed66149ba07d693d8732ced5b9e9ce66d15f34ce8d21ef70894b760c,5f3a0f8d1accd25cb6cc08ad1c6e291aed6d238d620269102151016dbfaf569d,858f4d02d1ae30511dd1f38ffab347c85c06a4a25df4bedf901dc169c2847916,ffa5a59f49cf9099c50520cc95c548ad2d47883a472689dfb58ffc722a44d51e,bb331765f169503ad878223d54a6f45fd2bb6e289609ae671857e298384463a4,BOSS19_P4_REGIME_CLASSIFIER_V1,1.0.0,H3-C15-MAIN,MAIN,2024,USDJPY,H4,DEAL,NEUTRAL,TREND_UP,LOW,CLASSIFIED,3,3,0,0.05000000,29.58000000,29.58000000,0.00000000,,0.00000000,PARTITION_REALIZED_SEQUENCE,EXIT_TIME_MSC_THEN_SOURCE_DEAL_ID,,,UNAVAILABLE_FROM_SOURCE_BOUND_UNIT_PACKAGE,1.00000000,0,{},UNKNOWN,NO_PREDECLARED_NUMERIC_MAPPING_IN_CONTRACT,BASKET_UNAVAILABLE;SINGLE_YEAR_ABS_NET_GE_50PCT,COMPLETE,1,1,1,UNAVAILABLE_NO_SOURCE_BASKET_ID
BOSS19_P4B_REGIME_AFFINITY_V1,2026-09-02T17:30:00Z,1330a822ed66149ba07d693d8732ced5b9e9ce66d15f34ce8d21ef70894b760c,5f3a0f8d1accd25cb6cc08ad1c6e291aed6d238d620269102151016dbfaf569d,858f4d02d1ae30511dd1f38ffab347c85c06a4a25df4bedf901dc169c2847916,ffa5a59f49cf9099c50520cc95c548ad2d47883a472689dfb58ffc722a44d51e,bb331765f169503ad878223d54a6f45fd2bb6e289609ae671857e298384463a4,BOSS19_P4_REGIME_CLASSIFIER_V1,1.0.0,H3-C15-MAIN,MAIN,2024,USDJPY,H4,DEAL,NEUTRAL,TREND_UP,NORMAL,CLASSIFIED,11,11,0,0.18333333,198.13000000,198.13000000,0.00000000,,0.00000000,PARTITION_REALIZED_SEQUENCE,EXIT_TIME_MSC_THEN_SOURCE_DEAL_ID,,,UNAVAILABLE_FROM_SOURCE_BOUND_UNIT_PACKAGE,1.00000000,0,{},UNKNOWN,NO_PREDECLARED_NUMERIC_MAPPING_IN_CONTRACT,BASKET_UNAVAILABLE;SINGLE_YEAR_ABS_NET_GE_50PCT,COMPLETE,5,2,1,UNAVAILABLE_NO_SOURCE_BASKET_ID
BOSS19_P4B_REGIME_AFFINITY_V1,2026-09-02T17:30:00Z,1330a822ed66149ba07d693d8732ced5b9e9ce66d15f34ce8d21ef70894b760c,5f3a0f8d1accd25cb6cc08ad1c6e291aed6d238d620269102151016dbfaf569d,858f4d02d1ae30511dd1f38ffab347c85c06a4a25df4bedf901dc169c2847916,ffa5a59f49cf9099c50520cc95c548ad2d47883a472689dfb58ffc722a44d51e,bb331765f169503ad878223d54a6f45fd2bb6e289609ae671857e298384463a4,BOSS19_P4_REGIME_CLASSIFIER_V1,1.0.0,H3-C15-MAIN,MAIN,2024,USDJPY,H4,DEAL,RISK_OFF,RANGE,HIGH,CLASSIFIED,1,1,0,0.01666667,32.84000000,32.84000000,0.00000000,,0.00000000,PARTITION_REALIZED_SEQUENCE,EXIT_TIME_MSC_THEN_SOURCE_DEAL_ID,,,UNAVAILABLE_FROM_SOURCE_BOUND_UNIT_PACKAGE,1.00000000,0,{},UNKNOWN,NO_PREDECLARED_NUMERIC_MAPPING_IN_CONTRACT,BASKET_UNAVAILABLE;SINGLE_YEAR_ABS_NET_GE_50PCT,COMPLETE,1,1,1,UNAVAILABLE_NO_SOURCE_BASKET_ID
BOSS19_P4B_REGIME_AFFINITY_V1,2026-09-02T17:30:00Z,1330a822ed66149ba07d693d8732ced5b9e9ce66d15f34ce8d21ef70894b760c,5f3a0f8d1accd25cb6cc08ad1c6e291aed6d238d620269102151016dbfaf569d,858f4d02d1ae30511dd1f38ffab347c85c06a4a25df4bedf901dc169c2847916,ffa5a59f49cf9099c50520cc95c548ad2d47883a472689dfb58ffc722a44d51e,bb331765f169503ad878223d54a6f45fd2bb6e289609ae671857e298384463a4,BOSS19_P4_REGIME_CLASSIFIER_V1,1.0.0,H3-C15-MAIN,MAIN,2024,USDJPY,H4,DEAL,RISK_OFF,TREND_DOWN,HIGH,CLASSIFIED,1,1,0,0.01666667,4.06000000,4.06000000,0.00000000,,0.00000000,PARTITION_REALIZED_SEQUENCE,EXIT_TIME_MSC_THEN_SOURCE_DEAL_ID,,,UNAVAILABLE_FROM_SOURCE_BOUND_UNIT_PACKAGE,1.00000000,0,{},UNKNOWN,NO_PREDECLARED_NUMERIC_MAPPING_IN_CONTRACT,BASKET_UNAVAILABLE;SINGLE_YEAR_ABS_NET_GE_50PCT,COMPLETE,1,1,1,UNAVAILABLE_NO_SOURCE_BASKET_ID
BOSS19_P4B_REGIME_AFFINITY_V1,2026-09-02T17:30:00Z,1330a822ed66149ba07d693d8732ced5b9e9ce66d15f34ce8d21ef70894b760c,5f3a0f8d1accd25cb6cc08ad1c6e291aed6d238d620269102151016dbfaf569d,858f4d02d1ae30511dd1f38ffab347c85c06a4a25df4bedf901dc169c2847916,ffa5a59f49cf9099c50520cc95c548ad2d47883a472689dfb58ffc722a44d51e,bb331765f169503ad878223d54a6f45fd2bb6e289609ae671857e298384463a4,BOSS19_P4_REGIME_CLASSIFIER_V1,1.0.0,H3-C15-MAIN,MAIN,2024,USDJPY,H4,DEAL,RISK_ON,RANGE,LOW,CLASSIFIED,3,3,0,0.05000000,35.34000000,35.34000000,0.00000000,,0.00000000,PARTITION_REALIZED_SEQUENCE,EXIT_TIME_MSC_THEN_SOURCE_DEAL_ID,,,UNAVAILABLE_FROM_SOURCE_BOUND_UNIT_PACKAGE,1.00000000,0,{},UNKNOWN,NO_PREDECLARED_NUMERIC_MAPPING_IN_CONTRACT,BASKET_UNAVAILABLE;SINGLE_YEAR_ABS_NET_GE_50PCT,COMPLETE,1,1,1,UNAVAILABLE_NO_SOURCE_BASKET_ID
BOSS19_P4B_REGIME_AFFINITY_V1,2026-09-02T17:30:00Z,1330a822ed66149ba07d693d8732ced5b9e9ce66d15f34ce8d21ef70894b760c,5f3a0f8d1accd25cb6cc08ad1c6e291aed6d238d620269102151016dbfaf569d,858f4d02d1ae30511dd1f38ffab347c85c06a4a25df4bedf901dc169c2847916,ffa5a59f49cf9099c50520cc95c548ad2d47883a472689dfb58ffc722a44d51e,bb331765f169503ad878223d54a6f45fd2bb6e289609ae671857e298384463a4,BOSS19_P4_REGIME_CLASSIFIER_V1,1.0.0,H3-C15-MAIN,MAIN,2024,USDJPY,H4,DEAL,RISK_ON,RANGE,NORMAL,CLASSIFIED,1,1,0,0.01666667,-3.61000000,0.00000000,-3.61000000,0.00000000,3.61000000,PARTITION_REALIZED_SEQUENCE,EXIT_TIME_MSC_THEN_SOURCE_DEAL_ID,,,UNAVAILABLE_FROM_SOURCE_BOUND_UNIT_PACKAGE,1.00000000,0,{},UNKNOWN,NO_PREDECLARED_NUMERIC_MAPPING_IN_CONTRACT,BASKET_UNAVAILABLE;SINGLE_YEAR_ABS_NET_GE_50PCT,COMPLETE,1,1,1,UNAVAILABLE_NO_SOURCE_BASKET_ID
BOSS19_P4B_REGIME_AFFINITY_V1,2026-09-02T17:30:00Z,1330a822ed66149ba07d693d8732ced5b9e9ce66d15f34ce8d21ef70894b760c,5f3a0f8d1accd25cb6cc08ad1c6e291aed6d238d620269102151016dbfaf569d,858f4d02d1ae30511dd1f38ffab347c85c06a4a25df4bedf901dc169c2847916,ffa5a59f49cf9099c50520cc95c548ad2d47883a472689dfb58ffc722a44d51e,bb331765f169503ad878223d54a6f45fd2bb6e289609ae671857e298384463a4,BOSS19_P4_REGIME_CLASSIFIER_V1,1.0.0,H3-C15-MAIN,MAIN,2024,USDJPY,H4,DEAL,RISK_ON,TRANSITION,NORMAL,CLASSIFIED,2,2,0,0.03333333,-7.32000000,0.00000000,-7.32000000,0.00000000,7.32000000,PARTITION_REALIZED_SEQUENCE,EXIT_TIME_MSC_THEN_SOURCE_DEAL_ID,,,UNAVAILABLE_FROM_SOURCE_BOUND_UNIT_PACKAGE,1.00000000,0,{},UNKNOWN,NO_PREDECLARED_NUMERIC_MAPPING_IN_CONTRACT,BASKET_UNAVAILABLE;SINGLE_YEAR_ABS_NET_GE_50PCT,COMPLETE,1,1,1,UNAVAILABLE_NO_SOURCE_BASKET_ID
BOSS19_P4B_REGIME_AFFINITY_V1,2026-09-02T17:30:00Z,1330a822ed66149ba07d693d8732ced5b9e9ce66d15f34ce8d21ef70894b760c,5f3a0f8d1accd25cb6cc08ad1c6e291aed6d238d620269102151016dbfaf569d,858f4d02d1ae30511dd1f38ffab347c85c06a4a25df4bedf901dc169c2847916,ffa5a59f49cf9099c50520cc95c548ad2d47883a472689dfb58ffc722a44d51e,bb331765f169503ad878223d54a6f45fd2bb6e289609ae671857e298384463a4,BOSS19_P4_REGIME_CLASSIFIER_V1,1.0.0,H3-C15-MAIN,MAIN,2025,USDJPY,H4,DEAL,NEUTRAL,RANGE,NORMAL,CLASSIFIED,1,1,0,0.01666667,13.54000000,13.54000000,0.00000000,,0.00000000,PARTITION_REALIZED_SEQUENCE,EXIT_TIME_MSC_THEN_SOURCE_DEAL_ID,,,UNAVAILABLE_FROM_SOURCE_BOUND_UNIT_PACKAGE,1.00000000,0,{},UNKNOWN,NO_PREDECLARED_NUMERIC_MAPPING_IN_CONTRACT,BASKET_UNAVAILABLE;SINGLE_YEAR_ABS_NET_GE_50PCT,COMPLETE,1,1,1,UNAVAILABLE_NO_SOURCE_BASKET_ID
BOSS19_P4B_REGIME_AFFINITY_V1,2026-09-02T17:30:00Z,1330a822ed66149ba07d693d8732ced5b9e9ce66d15f34ce8d21ef70894b760c,5f3a0f8d1accd25cb6cc08ad1c6e291aed6d238d620269102151016dbfaf569d,858f4d02d1ae30511dd1f38ffab347c85c06a4a25df4bedf901dc169c2847916,ffa5a59f49cf9099c50520cc95c548ad2d47883a472689dfb58ffc722a44d51e,bb331765f169503ad878223d54a6f45fd2bb6e289609ae671857e298384463a4,BOSS19_P4_REGIME_CLASSIFIER_V1,1.0.0,H3-C15-MAIN,MAIN,2025,USDJPY,H4,DEAL,RISK_OFF,RANGE,NORMAL,CLASSIFIED,1,1,0,0.01666667,10.32000000,10.32000000,0.00000000,,0.00000000,PARTITION_REALIZED_SEQUENCE,EXIT_TIME_MSC_THEN_SOURCE_DEAL_ID,,,UNAVAILABLE_FROM_SOURCE_BOUND_UNIT_PACKAGE,1.00000000,0,{},UNKNOWN,NO_PREDECLARED_NUMERIC_MAPPING_IN_CONTRACT,BASKET_UNAVAILABLE;SINGLE_YEAR_ABS_NET_GE_50PCT,COMPLETE,1,1,1,UNAVAILABLE_NO_SOURCE_BASKET_ID
BOSS19_P4B_REGIME_AFFINITY_V1,2026-09-02T17:30:00Z,1330a822ed66149ba07d693d8732ced5b9e9ce66d15f34ce8d21ef70894b760c,5f3a0f8d1accd25cb6cc08ad1c6e291aed6d238d620269102151016dbfaf569d,858f4d02d1ae30511dd1f38ffab347c85c06a4a25df4bedf901dc169c2847916,ffa5a59f49cf9099c50520cc95c548ad2d47883a472689dfb58ffc722a44d51e,bb331765f169503ad878223d54a6f45fd2bb6e289609ae671857e298384463a4,BOSS19_P4_REGIME_CLASSIFIER_V1,1.0.0,H3-C16-BWD,BWD,2020,BTCUSD,M15,DEAL,NEUTRAL,RANGE,LOW,CLASSIFIED,2,2,0,0.08000000,11.38000000,11.38000000,0.00000000,,0.00000000,PARTITION_REALIZED_SEQUENCE,EXIT_TIME_MSC_THEN_SOURCE_DEAL_ID,,,UNAVAILABLE_FROM_SOURCE_BOUND_UNIT_PACKAGE,1.00000000,0,{},UNKNOWN,NO_PREDECLARED_NUMERIC_MAPPING_IN_CONTRACT,BASKET_UNAVAILABLE;SHORT_CALENDAR_SPAN;SINGLE_YEAR_ABS_NET_GE_50PCT,COMPLETE,2,1,1,UNAVAILABLE_NO_SOURCE_BASKET_ID
BOSS19_P4B_REGIME_AFFINITY_V1,2026-09-02T17:30:00Z,1330a822ed66149ba07d693d8732ced5b9e9ce66d15f34ce8d21ef70894b760c,5f3a0f8d1accd25cb6cc08ad1c6e291aed6d238d620269102151016dbfaf569d,858f4d02d1ae30511dd1f38ffab347c85c06a4a25df4bedf901dc169c2847916,ffa5a59f49cf9099c50520cc95c548ad2d47883a472689dfb58ffc722a44d51e,bb331765f169503ad878223d54a6f45fd2bb6e289609ae671857e298384463a4,BOSS19_P4_REGIME_CLASSIFIER_V1,1.0.0,H3-C16-BWD,BWD,2020,BTCUSD,M15,DEAL,NEUTRAL,RANGE,NORMAL,CLASSIFIED,5,5,0,0.20000000,-33.50000000,5.45000000,-38.95000000,0.13992298,38.95000000,PARTITION_REALIZED_SEQUENCE,EXIT_TIME_MSC_THEN_SOURCE_DEAL_ID,,,UNAVAILABLE_FROM_SOURCE_BOUND_UNIT_PACKAGE,1.00000000,0,{},UNKNOWN,NO_PREDECLARED_NUMERIC_MAPPING_IN_CONTRACT,BASKET_UNAVAILABLE;SHORT_CALENDAR_SPAN;SINGLE_YEAR_ABS_NET_GE_50PCT,COMPLETE,5,2,1,UNAVAILABLE_NO_SOURCE_BASKET_ID
BOSS19_P4B_REGIME_AFFINITY_V1,2026-09-02T17:30:00Z,1330a822ed66149ba07d693d8732ced5b9e9ce66d15f34ce8d21ef70894b760c,5f3a0f8d1accd25cb6cc08ad1c6e291aed6d238d620269102151016dbfaf569d,858f4d02d1ae30511dd1f38ffab347c85c06a4a25df4bedf901dc169c2847916,ffa5a59f49cf9099c50520cc95c548ad2d47883a472689dfb58ffc722a44d51e,bb331765f169503ad878223d54a6f45fd2bb6e289609ae671857e298384463a4,BOSS19_P4_REGIME_CLASSIFIER_V1,1.0.0,H3-C16-BWD,BWD,2020,BTCUSD,M15,DEAL,NEUTRAL,TREND_UP,HIGH,CLASSIFIED,5,5,0,0.20000000,25.33000000,25.33000000,0.00000000,,0.00000000,PARTITION_REALIZED_SEQUENCE,EXIT_TIME_MSC_THEN_SOURCE_DEAL_ID,,,UNAVAILABLE_FROM_SOURCE_BOUND_UNIT_PACKAGE,1.00000000,0,{},UNKNOWN,NO_PREDECLARED_NUMERIC_MAPPING_IN_CONTRACT,BASKET_UNAVAILABLE;SHORT_CALENDAR_SPAN;SINGLE_YEAR_ABS_NET_GE_50PCT,COMPLETE,1,1,1,UNAVAILABLE_NO_SOURCE_BASKET_ID
BOSS19_P4B_REGIME_AFFINITY_V1,2026-09-02T17:30:00Z,1330a822ed66149ba07d693d8732ced5b9e9ce66d15f34ce8d21ef70894b760c,5f3a0f8d1accd25cb6cc08ad1c6e291aed6d238d620269102151016dbfaf569d,858f4d02d1ae30511dd1f38ffab347c85c06a4a25df4bedf901dc169c2847916,ffa5a59f49cf9099c50520cc95c548ad2d47883a472689dfb58ffc722a44d51e,bb331765f169503ad878223d54a6f45fd2bb6e289609ae671857e298384463a4,BOSS19_P4_REGIME_CLASSIFIER_V1,1.0.0,H3-C16-BWD,BWD,2020,BTCUSD,M15,DEAL,NEUTRAL,TREND_UP,LOW,CLASSIFIED,1,1,0,0.04000000,9.69000000,9.69000000,0.00000000,,0.00000000,PARTITION_REALIZED_SEQUENCE,EXIT_TIME_MSC_THEN_SOURCE_DEAL_ID,,,UNAVAILABLE_FROM_SOURCE_BOUND_UNIT_PACKAGE,1.00000000,0,{},UNKNOWN,NO_PREDECLARED_NUMERIC_MAPPING_IN_CONTRACT,BASKET_UNAVAILABLE;SHORT_CALENDAR_SPAN;SINGLE_YEAR_ABS_NET_GE_50PCT,COMPLETE,1,1,1,UNAVAILABLE_NO_SOURCE_BASKET_ID
BOSS19_P4B_REGIME_AFFINITY_V1,2026-09-02T17:30:00Z,1330a822ed66149ba07d693d8732ced5b9e9ce66d15f34ce8d21ef70894b760c,5f3a0f8d1accd25cb6cc08ad1c6e291aed6d238d620269102151016dbfaf569d,858f4d02d1ae30511dd1f38ffab347c85c06a4a25df4bedf901dc169c2847916,ffa5a59f49cf9099c50520cc95c548ad2d47883a472689dfb58ffc722a44d51e,bb331765f169503ad878223d54a6f45fd2bb6e289609ae671857e298384463a4,BOSS19_P4_REGIME_CLASSIFIER_V1,1.0.0,H3-C16-BWD,BWD,2020,BTCUSD,M15,DEAL,NEUTRAL,TREND_UP,NORMAL,CLASSIFIED,11,11,0,0.44000000,62.07000000,62.35000000,-0.28000000,222.67857143,0.28000000,PARTITION_REALIZED_SEQUENCE,EXIT_TIME_MSC_THEN_SOURCE_DEAL_ID,,,UNAVAILABLE_FROM_SOURCE_BOUND_UNIT_PACKAGE,1.00000000,0,{},UNKNOWN,NO_PREDECLARED_NUMERIC_MAPPING_IN_CONTRACT,BASKET_UNAVAILABLE;SHORT_CALENDAR_SPAN;SINGLE_YEAR_ABS_NET_GE_50PCT,COMPLETE,8,4,1,UNAVAILABLE_NO_SOURCE_BASKET_ID
BOSS19_P4B_REGIME_AFFINITY_V1,2026-09-02T17:30:00Z,1330a822ed66149ba07d693d8732ced5b9e9ce66d15f34ce8d21ef70894b760c,5f3a0f8d1accd25cb6cc08ad1c6e291aed6d238d620269102151016dbfaf569d,858f4d02d1ae30511dd1f38ffab347c85c06a4a25df4bedf901dc169c2847916,ffa5a59f49cf9099c50520cc95c548ad2d47883a472689dfb58ffc722a44d51e,bb331765f169503ad878223d54a6f45fd2bb6e289609ae671857e298384463a4,BOSS19_P4_REGIME_CLASSIFIER_V1,1.0.0,H3-C16-BWD,BWD,2020,BTCUSD,M15,DEAL,RISK_OFF,RANGE,NORMAL,CLASSIFIED,1,1,0,0.04000000,6.30000000,6.30000000,0.00000000,,0.00000000,PARTITION_REALIZED_SEQUENCE,EXIT_TIME_MSC_THEN_SOURCE_DEAL_ID,,,UNAVAILABLE_FROM_SOURCE_BOUND_UNIT_PACKAGE,1.00000000,0,{},UNKNOWN,NO_PREDECLARED_NUMERIC_MAPPING_IN_CONTRACT,BASKET_UNAVAILABLE;SHORT_CALENDAR_SPAN;SINGLE_YEAR_ABS_NET_GE_50PCT,COMPLETE,1,1,1,UNAVAILABLE_NO_SOURCE_BASKET_ID
BOSS19_P4B_REGIME_AFFINITY_V1,2026-09-02T17:30:00Z,1330a822ed66149ba07d693d8732ced5b9e9ce66d15f34ce8d21ef70894b760c,5f3a0f8d1accd25cb6cc08ad1c6e291aed6d238d620269102151016dbfaf569d,858f4d02d1ae30511dd1f38ffab347c85c06a4a25df4bedf901dc169c2847916,ffa5a59f49cf9099c50520cc95c548ad2d47883a472689dfb58ffc722a44d51e,bb331765f169503ad878223d54a6f45fd2bb6e289609ae671857e298384463a4,BOSS19_P4_REGIME_CLASSIFIER_V1,1.0.0,H3-C16-MAIN,MAIN,2023,BTCUSD,M15,DEAL,NEUTRAL,RANGE,HIGH,CLASSIFIED,1,1,0,0.01098901,20.94000000,20.94000000,0.00000000,,0.00000000,PARTITION_REALIZED_SEQUENCE,EXIT_TIME_MSC_THEN_SOURCE_DEAL_ID,,,UNAVAILABLE_FROM_SOURCE_BOUND_UNIT_PACKAGE,1.00000000,0,{},UNKNOWN,NO_PREDECLARED_NUMERIC_MAPPING_IN_CONTRACT,BASKET_UNAVAILABLE,COMPLETE,1,1,1,UNAVAILABLE_NO_SOURCE_BASKET_ID
BOSS19_P4B_REGIME_AFFINITY_V1,2026-09-02T17:30:00Z,1330a822ed66149ba07d693d8732ced5b9e9ce66d15f34ce8d21ef70894b760c,5f3a0f8d1accd25cb6cc08ad1c6e291aed6d238d620269102151016dbfaf569d,858f4d02d1ae30511dd1f38ffab347c85c06a4a25df4bedf901dc169c2847916,ffa5a59f49cf9099c50520cc95c548ad2d47883a472689dfb58ffc722a44d51e,bb331765f169503ad878223d54a6f45fd2bb6e289609ae671857e298384463a4,BOSS19_P4_REGIME_CLASSIFIER_V1,1.0.0,H3-C16-MAIN,MAIN,2023,BTCUSD,M15,DEAL,NEUTRAL,RANGE,NORMAL,CLASSIFIED,8,8,0,0.08791209,99.62000000,99.62000000,0.00000000,,0.00000000,PARTITION_REALIZED_SEQUENCE,EXIT_TIME_MSC_THEN_SOURCE_DEAL_ID,,,UNAVAILABLE_FROM_SOURCE_BOUND_UNIT_PACKAGE,1.00000000,0,{},UNKNOWN,NO_PREDECLARED_NUMERIC_MAPPING_IN_CONTRACT,BASKET_UNAVAILABLE,COMPLETE,8,4,1,UNAVAILABLE_NO_SOURCE_BASKET_ID
BOSS19_P4B_REGIME_AFFINITY_V1,2026-09-02T17:30:00Z,1330a822ed66149ba07d693d8732ced5b9e9ce66d15f34ce8d21ef70894b760c,5f3a0f8d1accd25cb6cc08ad1c6e291aed6d238d620269102151016dbfaf569d,858f4d02d1ae30511dd1f38ffab347c85c06a4a25df4bedf901dc169c2847916,ffa5a59f49cf9099c50520cc95c548ad2d47883a472689dfb58ffc722a44d51e,bb331765f169503ad878223d54a6f45fd2bb6e289609ae671857e298384463a4,BOSS19_P4_REGIME_CLASSIFIER_V1,1.0.0,H3-C16-MAIN,MAIN,2023,BTCUSD,M15,DEAL,NEUTRAL,TRANSITION,HIGH,CLASSIFIED,1,1,0,0.01098901,1.46000000,1.46000000,0.00000000,,0.00000000,PARTITION_REALIZED_SEQUENCE,EXIT_TIME_MSC_THEN_SOURCE_DEAL_ID,,,UNAVAILABLE_FROM_SOURCE_BOUND_UNIT_PACKAGE,1.00000000,0,{},UNKNOWN,NO_PREDECLARED_NUMERIC_MAPPING_IN_CONTRACT,BASKET_UNAVAILABLE,COMPLETE,1,1,1,UNAVAILABLE_NO_SOURCE_BASKET_ID
BOSS19_P4B_REGIME_AFFINITY_V1,2026-09-02T17:30:00Z,1330a822ed66149ba07d693d8732ced5b9e9ce66d15f34ce8d21ef70894b760c,5f3a0f8d1accd25cb6cc08ad1c6e291aed6d238d620269102151016dbfaf569d,858f4d02d1ae30511dd1f38ffab347c85c06a4a25df4bedf901dc169c2847916,ffa5a59f49cf9099c50520cc95c548ad2d47883a472689dfb58ffc722a44d51e,bb331765f169503ad878223d54a6f45fd2bb6e289609ae671857e298384463a4,BOSS19_P4_REGIME_CLASSIFIER_V1,1.0.0,H3-C16-MAIN,MAIN,2023,BTCUSD,M15,DEAL,NEUTRAL,TREND_UP,EXTREME,CLASSIFIED,4,4,0,0.04395604,76.27000000,76.27000000,0.00000000,,0.00000000,PARTITION_REALIZED_SEQUENCE,EXIT_TIME_MSC_THEN_SOURCE_DEAL_ID,,,UNAVAILABLE_FROM_SOURCE_BOUND_UNIT_PACKAGE,1.00000000,0,{},UNKNOWN,NO_PREDECLARED_NUMERIC_MAPPING_IN_CONTRACT,BASKET_UNAVAILABLE,COMPLETE,1,1,1,UNAVAILABLE_NO_SOURCE_BASKET_ID
BOSS19_P4B_REGIME_AFFINITY_V1,2026-09-02T17:30:00Z,1330a822ed66149ba07d693d8732ced5b9e9ce66d15f34ce8d21ef70894b760c,5f3a0f8d1accd25cb6cc08ad1c6e291aed6d238d620269102151016dbfaf569d,858f4d02d1ae30511dd1f38ffab347c85c06a4a25df4bedf901dc169c2847916,ffa5a59f49cf9099c50520cc95c548ad2d47883a472689dfb58ffc722a44d51e,bb331765f169503ad878223d54a6f45fd2bb6e289609ae671857e298384463a4,BOSS19_P4_REGIME_CLASSIFIER_V1,1.0.0,H3-C16-MAIN,MAIN,2023,BTCUSD,M15,DEAL,NEUTRAL,TREND_UP,HIGH,CLASSIFIED,11,11,0,0.12087912,187.16000000,187.16000000,0.00000000,,0.00000000,PARTITION_REALIZED_SEQUENCE,EXIT_TIME_MSC_THEN_SOURCE_DEAL_ID,,,UNAVAILABLE_FROM_SOURCE_BOUND_UNIT_PACKAGE,1.00000000,0,{},UNKNOWN,NO_PREDECLARED_NUMERIC_MAPPING_IN_CONTRACT,BASKET_UNAVAILABLE,COMPLETE,7,6,1,UNAVAILABLE_NO_SOURCE_BASKET_ID
BOSS19_P4B_REGIME_AFFINITY_V1,2026-09-02T17:30:00Z,1330a822ed66149ba07d693d8732ced5b9e9ce66d15f34ce8d21ef70894b760c,5f3a0f8d1accd25cb6cc08ad1c6e291aed6d238d620269102151016dbfaf569d,858f4d02d1ae30511dd1f38ffab347c85c06a4a25df4bedf901dc169c2847916,ffa5a59f49cf9099c50520cc95c548ad2d47883a472689dfb58ffc722a44d51e,bb331765f169503ad878223d54a6f45fd2bb6e289609ae671857e298384463a4,BOSS19_P4_REGIME_CLASSIFIER_V1,1.0.0,H3-C16-MAIN,MAIN,2023,BTCUSD,M15,DEAL,NEUTRAL,TREND_UP,NORMAL,CLASSIFIED,4,4,0,0.04395604,70.66000000,70.66000000,0.00000000,,0.00000000,PARTITION_REALIZED_SEQUENCE,EXIT_TIME_MSC_THEN_SOURCE_DEAL_ID,,,UNAVAILABLE_FROM_SOURCE_BOUND_UNIT_PACKAGE,1.00000000,0,{},UNKNOWN,NO_PREDECLARED_NUMERIC_MAPPING_IN_CONTRACT,BASKET_UNAVAILABLE,COMPLETE,3,3,1,UNAVAILABLE_NO_SOURCE_BASKET_ID
BOSS19_P4B_REGIME_AFFINITY_V1,2026-09-02T17:30:00Z,1330a822ed66149ba07d693d8732ced5b9e9ce66d15f34ce8d21ef70894b760c,5f3a0f8d1accd25cb6cc08ad1c6e291aed6d238d620269102151016dbfaf569d,858f4d02d1ae30511dd1f38ffab347c85c06a4a25df4bedf901dc169c2847916,ffa5a59f49cf9099c50520cc95c548ad2d47883a472689dfb58ffc722a44d51e,bb331765f169503ad878223d54a6f45fd2bb6e289609ae671857e298384463a4,BOSS19_P4_REGIME_CLASSIFIER_V1,1.0.0,H3-C16-MAIN,MAIN,2023,BTCUSD,M15,DEAL,RISK_OFF,RANGE,EXTREME,CLASSIFIED,2,2,0,0.02197802,7.14000000,7.14000000,0.00000000,,0.00000000,PARTITION_REALIZED_SEQUENCE,EXIT_TIME_MSC_THEN_SOURCE_DEAL_ID,,,UNAVAILABLE_FROM_SOURCE_BOUND_UNIT_PACKAGE,1.00000000,0,{},UNKNOWN,NO_PREDECLARED_NUMERIC_MAPPING_IN_CONTRACT,BASKET_UNAVAILABLE,COMPLETE,1,1,1,UNAVAILABLE_NO_SOURCE_BASKET_ID
BOSS19_P4B_REGIME_AFFINITY_V1,2026-09-02T17:30:00Z,1330a822ed66149ba07d693d8732ced5b9e9ce66d15f34ce8d21ef70894b760c,5f3a0f8d1accd25cb6cc08ad1c6e291aed6d238d620269102151016dbfaf569d,858f4d02d1ae30511dd1f38ffab347c85c06a4a25df4bedf901dc169c2847916,ffa5a59f49cf9099c50520cc95c548ad2d47883a472689dfb58ffc722a44d51e,bb331765f169503ad878223d54a6f45fd2bb6e289609ae671857e298384463a4,BOSS19_P4_REGIME_CLASSIFIER_V1,1.0.0,H3-C16-MAIN,MAIN,2023,BTCUSD,M15,DEAL,RISK_OFF,RANGE,HIGH,CLASSIFIED,2,2,0,0.02197802,27.19000000,27.19000000,0.00000000,,0.00000000,PARTITION_REALIZED_SEQUENCE,EXIT_TIME_MSC_THEN_SOURCE_DEAL_ID,,,UNAVAILABLE_FROM_SOURCE_BOUND_UNIT_PACKAGE,1.00000000,0,{},UNKNOWN,NO_PREDECLARED_NUMERIC_MAPPING_IN_CONTRACT,BASKET_UNAVAILABLE,COMPLETE,2,2,1,UNAVAILABLE_NO_SOURCE_BASKET_ID
BOSS19_P4B_REGIME_AFFINITY_V1,2026-09-02T17:30:00Z,1330a822ed66149ba07d693d8732ced5b9e9ce66d15f34ce8d21ef70894b760c,5f3a0f8d1accd25cb6cc08ad1c6e291aed6d238d620269102151016dbfaf569d,858f4d02d1ae30511dd1f38ffab347c85c06a4a25df4bedf901dc169c2847916,ffa5a59f49cf9099c50520cc95c548ad2d47883a472689dfb58ffc722a44d51e,bb331765f169503ad878223d54a6f45fd2bb6e289609ae671857e298384463a4,BOSS19_P4_REGIME_CLASSIFIER_V1,1.0.0,H3-C16-MAIN,MAIN,2023,BTCUSD,M15,DEAL,RISK_OFF,RANGE,NORMAL,CLASSIFIED,3,3,0,0.03296703,34.11000000,34.11000000,0.00000000,,0.00000000,PARTITION_REALIZED_SEQUENCE,EXIT_TIME_MSC_THEN_SOURCE_DEAL_ID,,,UNAVAILABLE_FROM_SOURCE_BOUND_UNIT_PACKAGE,1.00000000,0,{},UNKNOWN,NO_PREDECLARED_NUMERIC_MAPPING_IN_CONTRACT,BASKET_UNAVAILABLE,COMPLETE,3,2,1,UNAVAILABLE_NO_SOURCE_BASKET_ID
BOSS19_P4B_REGIME_AFFINITY_V1,2026-09-02T17:30:00Z,1330a822ed66149ba07d693d8732ced5b9e9ce66d15f34ce8d21ef70894b760c,5f3a0f8d1accd25cb6cc08ad1c6e291aed6d238d620269102151016dbfaf569d,858f4d02d1ae30511dd1f38ffab347c85c06a4a25df4bedf901dc169c2847916,ffa5a59f49cf9099c50520cc95c548ad2d47883a472689dfb58ffc722a44d51e,bb331765f169503ad878223d54a6f45fd2bb6e289609ae671857e298384463a4,BOSS19_P4_REGIME_CLASSIFIER_V1,1.0.0,H3-C16-MAIN,MAIN,2023,BTCUSD,M15,DEAL,RISK_OFF,TREND_UP,EXTREME,CLASSIFIED,2,2,0,0.02197802,39.53000000,39.53000000,0.00000000,,0.00000000,PARTITION_REALIZED_SEQUENCE,EXIT_TIME_MSC_THEN_SOURCE_DEAL_ID,,,UNAVAILABLE_FROM_SOURCE_BOUND_UNIT_PACKAGE,1.00000000,0,{},UNKNOWN,NO_PREDECLARED_NUMERIC_MAPPING_IN_CONTRACT,BASKET_UNAVAILABLE,COMPLETE,1,1,1,UNAVAILABLE_NO_SOURCE_BASKET_ID
BOSS19_P4B_REGIME_AFFINITY_V1,2026-09-02T17:30:00Z,1330a822ed66149ba07d693d8732ced5b9e9ce66d15f34ce8d21ef70894b760c,5f3a0f8d1accd25cb6cc08ad1c6e291aed6d238d620269102151016dbfaf569d,858f4d02d1ae30511dd1f38ffab347c85c06a4a25df4bedf901dc169c2847916,ffa5a59f49cf9099c50520cc95c548ad2d47883a472689dfb58ffc722a44d51e,bb331765f169503ad878223d54a6f45fd2bb6e289609ae671857e298384463a4,BOSS19_P4_REGIME_CLASSIFIER_V1,1.0.0,H3-C16-MAIN,MAIN,2023,BTCUSD,M15,DEAL,RISK_OFF,TREND_UP,HIGH,CLASSIFIED,2,2,0,0.02197802,39.29000000,39.29000000,0.00000000,,0.00000000,PARTITION_REALIZED_SEQUENCE,EXIT_TIME_MSC_THEN_SOURCE_DEAL_ID,,,UNAVAILABLE_FROM_SOURCE_BOUND_UNIT_PACKAGE,1.00000000,0,{},UNKNOWN,NO_PREDECLARED_NUMERIC_MAPPING_IN_CONTRACT,BASKET_UNAVAILABLE,COMPLETE,2,2,1,UNAVAILABLE_NO_SOURCE_BASKET_ID
BOSS19_P4B_REGIME_AFFINITY_V1,2026-09-02T17:30:00Z,1330a822ed66149ba07d693d8732ced5b9e9ce66d15f34ce8d21ef70894b760c,5f3a0f8d1accd25cb6cc08ad1c6e291aed6d238d620269102151016dbfaf569d,858f4d02d1ae30511dd1f38ffab347c85c06a4a25df4bedf901dc169c2847916,ffa5a59f49cf9099c50520cc95c548ad2d47883a472689dfb58ffc722a44d51e,bb331765f169503ad878223d54a6f45fd2bb6e289609ae671857e298384463a4,BOSS19_P4_REGIME_CLASSIFIER_V1,1.0.0,H3-C16-MAIN,MAIN,2023,BTCUSD,M15,DEAL,RISK_OFF,TREND_UP,LOW,CLASSIFIED,2,2,0,0.02197802,9.96000000,9.96000000,0.00000000,,0.00000000,PARTITION_REALIZED_SEQUENCE,EXIT_TIME_MSC_THEN_SOURCE_DEAL_ID,,,UNAVAILABLE_FROM_SOURCE_BOUND_UNIT_PACKAGE,1.00000000,0,{},UNKNOWN,NO_PREDECLARED_NUMERIC_MAPPING_IN_CONTRACT,BASKET_UNAVAILABLE,COMPLETE,2,1,1,UNAVAILABLE_NO_SOURCE_BASKET_ID
BOSS19_P4B_REGIME_AFFINITY_V1,2026-09-02T17:30:00Z,1330a822ed66149ba07d693d8732ced5b9e9ce66d15f34ce8d21ef70894b760c,5f3a0f8d1accd25cb6cc08ad1c6e291aed6d238d620269102151016dbfaf569d,858f4d02d1ae30511dd1f38ffab347c85c06a4a25df4bedf901dc169c2847916,ffa5a59f49cf9099c50520cc95c548ad2d47883a472689dfb58ffc722a44d51e,bb331765f169503ad878223d54a6f45fd2bb6e289609ae671857e298384463a4,BOSS19_P4_REGIME_CLASSIFIER_V1,1.0.0,H3-C16-MAIN,MAIN,2023,BTCUSD,M15,DEAL,RISK_OFF,TREND_UP,NORMAL,CLASSIFIED,10,10,0,0.10989011,89.82000000,89.82000000,0.00000000,,0.00000000,PARTITION_REALIZED_SEQUENCE,EXIT_TIME_MSC_THEN_SOURCE_DEAL_ID,,,UNAVAILABLE_FROM_SOURCE_BOUND_UNIT_PACKAGE,1.00000000,0,{},UNKNOWN,NO_PREDECLARED_NUMERIC_MAPPING_IN_CONTRACT,BASKET_UNAVAILABLE,COMPLETE,4,1,1,UNAVAILABLE_NO_SOURCE_BASKET_ID
BOSS19_P4B_REGIME_AFFINITY_V1,2026-09-02T17:30:00Z,1330a822ed66149ba07d693d8732ced5b9e9ce66d15f34ce8d21ef70894b760c,5f3a0f8d1accd25cb6cc08ad1c6e291aed6d238d620269102151016dbfaf569d,858f4d02d1ae30511dd1f38ffab347c85c06a4a25df4bedf901dc169c2847916,ffa5a59f49cf9099c50520cc95c548ad2d47883a472689dfb58ffc722a44d51e,bb331765f169503ad878223d54a6f45fd2bb6e289609ae671857e298384463a4,BOSS19_P4_REGIME_CLASSIFIER_V1,1.0.0,H3-C16-MAIN,MAIN,2024,BTCUSD,M15,DEAL,NEUTRAL,RANGE,HIGH,CLASSIFIED,1,1,0,0.01098901,51.68000000,51.68000000,0.00000000,,0.00000000,PARTITION_REALIZED_SEQUENCE,EXIT_TIME_MSC_THEN_SOURCE_DEAL_ID,,,UNAVAILABLE_FROM_SOURCE_BOUND_UNIT_PACKAGE,1.00000000,0,{},UNKNOWN,NO_PREDECLARED_NUMERIC_MAPPING_IN_CONTRACT,BASKET_UNAVAILABLE,COMPLETE,1,1,1,UNAVAILABLE_NO_SOURCE_BASKET_ID
BOSS19_P4B_REGIME_AFFINITY_V1,2026-09-02T17:30:00Z,1330a822ed66149ba07d693d8732ced5b9e9ce66d15f34ce8d21ef70894b760c,5f3a0f8d1accd25cb6cc08ad1c6e291aed6d238d620269102151016dbfaf569d,858f4d02d1ae30511dd1f38ffab347c85c06a4a25df4bedf901dc169c2847916,ffa5a59f49cf9099c50520cc95c548ad2d47883a472689dfb58ffc722a44d51e,bb331765f169503ad878223d54a6f45fd2bb6e289609ae671857e298384463a4,BOSS19_P4_REGIME_CLASSIFIER_V1,1.0.0,H3-C16-MAIN,MAIN,2024,BTCUSD,M15,DEAL,NEUTRAL,RANGE,NORMAL,CLASSIFIED,1,1,0,0.01098901,20.03000000,20.03000000,0.00000000,,0.00000000,PARTITION_REALIZED_SEQUENCE,EXIT_TIME_MSC_THEN_SOURCE_DEAL_ID,,,UNAVAILABLE_FROM_SOURCE_BOUND_UNIT_PACKAGE,1.00000000,0,{},UNKNOWN,NO_PREDECLARED_NUMERIC_MAPPING_IN_CONTRACT,BASKET_UNAVAILABLE,COMPLETE,1,1,1,UNAVAILABLE_NO_SOURCE_BASKET_ID
BOSS19_P4B_REGIME_AFFINITY_V1,2026-09-02T17:30:00Z,1330a822ed66149ba07d693d8732ced5b9e9ce66d15f34ce8d21ef70894b760c,5f3a0f8d1accd25cb6cc08ad1c6e291aed6d238d620269102151016dbfaf569d,858f4d02d1ae30511dd1f38ffab347c85c06a4a25df4bedf901dc169c2847916,ffa5a59f49cf9099c50520cc95c548ad2d47883a472689dfb58ffc722a44d51e,bb331765f169503ad878223d54a6f45fd2bb6e289609ae671857e298384463a4,BOSS19_P4_REGIME_CLASSIFIER_V1,1.0.0,H3-C16-MAIN,MAIN,2024,BTCUSD,M15,DEAL,NEUTRAL,TRANSITION,HIGH,CLASSIFIED,1,1,0,0.01098901,25.18000000,25.18000000,0.00000000,,0.00000000,PARTITION_REALIZED_SEQUENCE,EXIT_TIME_MSC_THEN_SOURCE_DEAL_ID,,,UNAVAILABLE_FROM_SOURCE_BOUND_UNIT_PACKAGE,1.00000000,0,{},UNKNOWN,NO_PREDECLARED_NUMERIC_MAPPING_IN_CONTRACT,BASKET_UNAVAILABLE,COMPLETE,1,1,1,UNAVAILABLE_NO_SOURCE_BASKET_ID
BOSS19_P4B_REGIME_AFFINITY_V1,2026-09-02T17:30:00Z,1330a822ed66149ba07d693d8732ced5b9e9ce66d15f34ce8d21ef70894b760c,5f3a0f8d1accd25cb6cc08ad1c6e291aed6d238d620269102151016dbfaf569d,858f4d02d1ae30511dd1f38ffab347c85c06a4a25df4bedf901dc169c2847916,ffa5a59f49cf9099c50520cc95c548ad2d47883a472689dfb58ffc722a44d51e,bb331765f169503ad878223d54a6f45fd2bb6e289609ae671857e298384463a4,BOSS19_P4_REGIME_CLASSIFIER_V1,1.0.0,H3-C16-MAIN,MAIN,2024,BTCUSD,M15,DEAL,NEUTRAL,TREND_UP,EXTREME,CLASSIFIED,5,5,0,0.05494505,152.76000000,169.98000000,-17.22000000,9.87108014,17.22000000,PARTITION_REALIZED_SEQUENCE,EXIT_TIME_MSC_THEN_SOURCE_DEAL_ID,,,UNAVAILABLE_FROM_SOURCE_BOUND_UNIT_PACKAGE,1.00000000,0,{},UNKNOWN,NO_PREDECLARED_NUMERIC_MAPPING_IN_CONTRACT,BASKET_UNAVAILABLE,COMPLETE,3,2,1,UNAVAILABLE_NO_SOURCE_BASKET_ID
BOSS19_P4B_REGIME_AFFINITY_V1,2026-09-02T17:30:00Z,1330a822ed66149ba07d693d8732ced5b9e9ce66d15f34ce8d21ef70894b760c,5f3a0f8d1accd25cb6cc08ad1c6e291aed6d238d620269102151016dbfaf569d,858f4d02d1ae30511dd1f38ffab347c85c06a4a25df4bedf901dc169c2847916,ffa5a59f49cf9099c50520cc95c548ad2d47883a472689dfb58ffc722a44d51e,bb331765f169503ad878223d54a6f45fd2bb6e289609ae671857e298384463a4,BOSS19_P4_REGIME_CLASSIFIER_V1,1.0.0,H3-C16-MAIN,MAIN,2024,BTCUSD,M15,DEAL,NEUTRAL,TREND_UP,HIGH,CLASSIFIED,4,4,0,0.04395604,109.81000000,119.33000000,-9.52000000,12.53466387,9.52000000,PARTITION_REALIZED_SEQUENCE,EXIT_TIME_MSC_THEN_SOURCE_DEAL_ID,,,UNAVAILABLE_FROM_SOURCE_BOUND_UNIT_PACKAGE,1.00000000,0,{},UNKNOWN,NO_PREDECLARED_NUMERIC_MAPPING_IN_CONTRACT,BASKET_UNAVAILABLE,COMPLETE,3,3,1,UNAVAILABLE_NO_SOURCE_BASKET_ID
BOSS19_P4B_REGIME_AFFINITY_V1,2026-09-02T17:30:00Z,1330a822ed66149ba07d693d8732ced5b9e9ce66d15f34ce8d21ef70894b760c,5f3a0f8d1accd25cb6cc08ad1c6e291aed6d238d620269102151016dbfaf569d,858f4d02d1ae30511dd1f38ffab347c85c06a4a25df4bedf901dc169c2847916,ffa5a59f49cf9099c50520cc95c548ad2d47883a472689dfb58ffc722a44d51e,bb331765f169503ad878223d54a6f45fd2bb6e289609ae671857e298384463a4,BOSS19_P4_REGIME_CLASSIFIER_V1,1.0.0,H3-C16-MAIN,MAIN,2024,BTCUSD,M15,DEAL,NEUTRAL,TREND_UP,NORMAL,CLASSIFIED,1,1,0,0.01098901,-3.14000000,0.00000000,-3.14000000,0.00000000,3.14000000,PARTITION_REALIZED_SEQUENCE,EXIT_TIME_MSC_THEN_SOURCE_DEAL_ID,,,UNAVAILABLE_FROM_SOURCE_BOUND_UNIT_PACKAGE,1.00000000,0,{},UNKNOWN,NO_PREDECLARED_NUMERIC_MAPPING_IN_CONTRACT,BASKET_UNAVAILABLE,COMPLETE,1,1,1,UNAVAILABLE_NO_SOURCE_BASKET_ID
BOSS19_P4B_REGIME_AFFINITY_V1,2026-09-02T17:30:00Z,1330a822ed66149ba07d693d8732ced5b9e9ce66d15f34ce8d21ef70894b760c,5f3a0f8d1accd25cb6cc08ad1c6e291aed6d238d620269102151016dbfaf569d,858f4d02d1ae30511dd1f38ffab347c85c06a4a25df4bedf901dc169c2847916,ffa5a59f49cf9099c50520cc95c548ad2d47883a472689dfb58ffc722a44d51e,bb331765f169503ad878223d54a6f45fd2bb6e289609ae671857e298384463a4,BOSS19_P4_REGIME_CLASSIFIER_V1,1.0.0,H3-C16-MAIN,MAIN,2024,BTCUSD,M15,DEAL,RISK_OFF,TREND_UP,HIGH,CLASSIFIED,1,1,0,0.01098901,35.39000000,35.39000000,0.00000000,,0.00000000,PARTITION_REALIZED_SEQUENCE,EXIT_TIME_MSC_THEN_SOURCE_DEAL_ID,,,UNAVAILABLE_FROM_SOURCE_BOUND_UNIT_PACKAGE,1.00000000,0,{},UNKNOWN,NO_PREDECLARED_NUMERIC_MAPPING_IN_CONTRACT,BASKET_UNAVAILABLE,COMPLETE,1,1,1,UNAVAILABLE_NO_SOURCE_BASKET_ID
BOSS19_P4B_REGIME_AFFINITY_V1,2026-09-02T17:30:00Z,1330a822ed66149ba07d693d8732ced5b9e9ce66d15f34ce8d21ef70894b760c,5f3a0f8d1accd25cb6cc08ad1c6e291aed6d238d620269102151016dbfaf569d,858f4d02d1ae30511dd1f38ffab347c85c06a4a25df4bedf901dc169c2847916,ffa5a59f49cf9099c50520cc95c548ad2d47883a472689dfb58ffc722a44d51e,bb331765f169503ad878223d54a6f45fd2bb6e289609ae671857e298384463a4,BOSS19_P4_REGIME_CLASSIFIER_V1,1.0.0,H3-C16-MAIN,MAIN,2024,BTCUSD,M15,DEAL,RISK_ON,TREND_UP,EXTREME,CLASSIFIED,3,3,0,0.03296703,119.33000000,119.33000000,0.00000000,,0.00000000,PARTITION_REALIZED_SEQUENCE,EXIT_TIME_MSC_THEN_SOURCE_DEAL_ID,,,UNAVAILABLE_FROM_SOURCE_BOUND_UNIT_PACKAGE,1.00000000,0,{},UNKNOWN,NO_PREDECLARED_NUMERIC_MAPPING_IN_CONTRACT,BASKET_UNAVAILABLE,COMPLETE,1,1,1,UNAVAILABLE_NO_SOURCE_BASKET_ID
BOSS19_P4B_REGIME_AFFINITY_V1,2026-09-02T17:30:00Z,1330a822ed66149ba07d693d8732ced5b9e9ce66d15f34ce8d21ef70894b760c,5f3a0f8d1accd25cb6cc08ad1c6e291aed6d238d620269102151016dbfaf569d,858f4d02d1ae30511dd1f38ffab347c85c06a4a25df4bedf901dc169c2847916,ffa5a59f49cf9099c50520cc95c548ad2d47883a472689dfb58ffc722a44d51e,bb331765f169503ad878223d54a6f45fd2bb6e289609ae671857e298384463a4,BOSS19_P4_REGIME_CLASSIFIER_V1,1.0.0,H3-C16-MAIN,MAIN,2024,BTCUSD,M15,DEAL,RISK_ON,TREND_UP,HIGH,CLASSIFIED,9,9,0,0.09890110,404.38000000,404.38000000,0.00000000,,0.00000000,PARTITION_REALIZED_SEQUENCE,EXIT_TIME_MSC_THEN_SOURCE_DEAL_ID,,,UNAVAILABLE_FROM_SOURCE_BOUND_UNIT_PACKAGE,1.00000000,0,{},UNKNOWN,NO_PREDECLARED_NUMERIC_MAPPING_IN_CONTRACT,BASKET_UNAVAILABLE,COMPLETE,3,2,1,UNAVAILABLE_NO_SOURCE_BASKET_ID
BOSS19_P4B_REGIME_AFFINITY_V1,2026-09-02T17:30:00Z,1330a822ed66149ba07d693d8732ced5b9e9ce66d15f34ce8d21ef70894b760c,5f3a0f8d1accd25cb6cc08ad1c6e291aed6d238d620269102151016dbfaf569d,858f4d02d1ae30511dd1f38ffab347c85c06a4a25df4bedf901dc169c2847916,ffa5a59f49cf9099c50520cc95c548ad2d47883a472689dfb58ffc722a44d51e,bb331765f169503ad878223d54a6f45fd2bb6e289609ae671857e298384463a4,BOSS19_P4_REGIME_CLASSIFIER_V1,1.0.0,H3-C16-MAIN,MAIN,2024,BTCUSD,M15,DEAL,RISK_ON,TREND_UP,NORMAL,CLASSIFIED,3,3,0,0.03296703,114.75000000,114.75000000,0.00000000,,0.00000000,PARTITION_REALIZED_SEQUENCE,EXIT_TIME_MSC_THEN_SOURCE_DEAL_ID,,,UNAVAILABLE_FROM_SOURCE_BOUND_UNIT_PACKAGE,1.00000000,0,{},UNKNOWN,NO_PREDECLARED_NUMERIC_MAPPING_IN_CONTRACT,BASKET_UNAVAILABLE,COMPLETE,2,2,1,UNAVAILABLE_NO_SOURCE_BASKET_ID
BOSS19_P4B_REGIME_AFFINITY_V1,2026-09-02T17:30:00Z,1330a822ed66149ba07d693d8732ced5b9e9ce66d15f34ce8d21ef70894b760c,5f3a0f8d1accd25cb6cc08ad1c6e291aed6d238d620269102151016dbfaf569d,858f4d02d1ae30511dd1f38ffab347c85c06a4a25df4bedf901dc169c2847916,ffa5a59f49cf9099c50520cc95c548ad2d47883a472689dfb58ffc722a44d51e,bb331765f169503ad878223d54a6f45fd2bb6e289609ae671857e298384463a4,BOSS19_P4_REGIME_CLASSIFIER_V1,1.0.0,H3-C16-MAIN,MAIN,2025,BTCUSD,M15,DEAL,NEUTRAL,RANGE,HIGH,CLASSIFIED,1,1,0,0.01098901,29.22000000,29.22000000,0.00000000,,0.00000000,PARTITION_REALIZED_SEQUENCE,EXIT_TIME_MSC_THEN_SOURCE_DEAL_ID,,,UNAVAILABLE_FROM_SOURCE_BOUND_UNIT_PACKAGE,1.00000000,0,{},UNKNOWN,NO_PREDECLARED_NUMERIC_MAPPING_IN_CONTRACT,BASKET_UNAVAILABLE,COMPLETE,1,1,1,UNAVAILABLE_NO_SOURCE_BASKET_ID
BOSS19_P4B_REGIME_AFFINITY_V1,2026-09-02T17:30:00Z,1330a822ed66149ba07d693d8732ced5b9e9ce66d15f34ce8d21ef70894b760c,5f3a0f8d1accd25cb6cc08ad1c6e291aed6d238d620269102151016dbfaf569d,858f4d02d1ae30511dd1f38ffab347c85c06a4a25df4bedf901dc169c2847916,ffa5a59f49cf9099c50520cc95c548ad2d47883a472689dfb58ffc722a44d51e,bb331765f169503ad878223d54a6f45fd2bb6e289609ae671857e298384463a4,BOSS19_P4_REGIME_CLASSIFIER_V1,1.0.0,H3-C16-MAIN,MAIN,2025,BTCUSD,M15,DEAL,NEUTRAL,RANGE,NORMAL,CLASSIFIED,2,2,0,0.02197802,-761.38000000,0.00000000,-761.38000000,0.00000000,761.38000000,PARTITION_REALIZED_SEQUENCE,EXIT_TIME_MSC_THEN_SOURCE_DEAL_ID,,,UNAVAILABLE_FROM_SOURCE_BOUND_UNIT_PACKAGE,1.00000000,0,{},UNKNOWN,NO_PREDECLARED_NUMERIC_MAPPING_IN_CONTRACT,BASKET_UNAVAILABLE,COMPLETE,1,1,1,UNAVAILABLE_NO_SOURCE_BASKET_ID
BOSS19_P4B_REGIME_AFFINITY_V1,2026-09-02T17:30:00Z,1330a822ed66149ba07d693d8732ced5b9e9ce66d15f34ce8d21ef70894b760c,5f3a0f8d1accd25cb6cc08ad1c6e291aed6d238d620269102151016dbfaf569d,858f4d02d1ae30511dd1f38ffab347c85c06a4a25df4bedf901dc169c2847916,ffa5a59f49cf9099c50520cc95c548ad2d47883a472689dfb58ffc722a44d51e,bb331765f169503ad878223d54a6f45fd2bb6e289609ae671857e298384463a4,BOSS19_P4_REGIME_CLASSIFIER_V1,1.0.0,H3-C16-MAIN,MAIN,2025,BTCUSD,M15,DEAL,NEUTRAL,TREND_UP,NORMAL,CLASSIFIED,6,6,0,0.06593407,197.81000000,197.81000000,0.00000000,,0.00000000,PARTITION_REALIZED_SEQUENCE,EXIT_TIME_MSC_THEN_SOURCE_DEAL_ID,,,UNAVAILABLE_FROM_SOURCE_BOUND_UNIT_PACKAGE,1.00000000,0,{},UNKNOWN,NO_PREDECLARED_NUMERIC_MAPPING_IN_CONTRACT,BASKET_UNAVAILABLE,COMPLETE,3,1,1,UNAVAILABLE_NO_SOURCE_BASKET_ID
BOSS19_P4B_REGIME_AFFINITY_V1,2026-09-02T17:30:00Z,1330a822ed66149ba07d693d8732ced5b9e9ce66d15f34ce8d21ef70894b760c,5f3a0f8d1accd25cb6cc08ad1c6e291aed6d238d620269102151016dbfaf569d,858f4d02d1ae30511dd1f38ffab347c85c06a4a25df4bedf901dc169c2847916,ffa5a59f49cf9099c50520cc95c548ad2d47883a472689dfb58ffc722a44d51e,bb331765f169503ad878223d54a6f45fd2bb6e289609ae671857e298384463a4,BOSS19_P4_REGIME_CLASSIFIER_V1,1.0.0,H3-C16-MAIN,MAIN,2025,BTCUSD,M15,DEAL,RISK_OFF,TREND_UP,HIGH,CLASSIFIED,1,1,0,0.01098901,21.06000000,21.06000000,0.00000000,,0.00000000,PARTITION_REALIZED_SEQUENCE,EXIT_TIME_MSC_THEN_SOURCE_DEAL_ID,,,UNAVAILABLE_FROM_SOURCE_BOUND_UNIT_PACKAGE,1.00000000,0,{},UNKNOWN,NO_PREDECLARED_NUMERIC_MAPPING_IN_CONTRACT,BASKET_UNAVAILABLE,COMPLETE,1,1,1,UNAVAILABLE_NO_SOURCE_BASKET_ID
BOSS19_P4B_REGIME_AFFINITY_V1,2026-09-02T17:30:00Z,1330a822ed66149ba07d693d8732ced5b9e9ce66d15f34ce8d21ef70894b760c,5f3a0f8d1accd25cb6cc08ad1c6e291aed6d238d620269102151016dbfaf569d,858f4d02d1ae30511dd1f38ffab347c85c06a4a25df4bedf901dc169c2847916,ffa5a59f49cf9099c50520cc95c548ad2d47883a472689dfb58ffc722a44d51e,bb331765f169503ad878223d54a6f45fd2bb6e289609ae671857e298384463a4,BOSS19_P4_REGIME_CLASSIFIER_V1,1.0.0,H3-C17-BWD,BWD,2020,BTCUSD,H1,DEAL,NEUTRAL,RANGE,NORMAL,CLASSIFIED,1,1,0,0.16666667,1.58000000,1.58000000,0.00000000,,0.00000000,PARTITION_REALIZED_SEQUENCE,EXIT_TIME_MSC_THEN_SOURCE_DEAL_ID,,,UNAVAILABLE_FROM_SOURCE_BOUND_UNIT_PACKAGE,1.00000000,0,{},UNKNOWN,NO_PREDECLARED_NUMERIC_MAPPING_IN_CONTRACT,BASKET_UNAVAILABLE;SHORT_CALENDAR_SPAN;SINGLE_TUPLE_ABS_NET_GE_50PCT;SINGLE_TUPLE_PARTICIPATION_GE_50PCT;SINGLE_YEAR_ABS_NET_GE_50PCT,COMPLETE,1,1,1,UNAVAILABLE_NO_SOURCE_BASKET_ID
BOSS19_P4B_REGIME_AFFINITY_V1,2026-09-02T17:30:00Z,1330a822ed66149ba07d693d8732ced5b9e9ce66d15f34ce8d21ef70894b760c,5f3a0f8d1accd25cb6cc08ad1c6e291aed6d238d620269102151016dbfaf569d,858f4d02d1ae30511dd1f38ffab347c85c06a4a25df4bedf901dc169c2847916,ffa5a59f49cf9099c50520cc95c548ad2d47883a472689dfb58ffc722a44d51e,bb331765f169503ad878223d54a6f45fd2bb6e289609ae671857e298384463a4,BOSS19_P4_REGIME_CLASSIFIER_V1,1.0.0,H3-C17-BWD,BWD,2020,BTCUSD,H1,DEAL,STRESS,RANGE,EXTREME,CLASSIFIED,5,5,0,0.83333333,-101.60000000,13.58000000,-115.18000000,0.11790241,115.18000000,PARTITION_REALIZED_SEQUENCE,EXIT_TIME_MSC_THEN_SOURCE_DEAL_ID,,,UNAVAILABLE_FROM_SOURCE_BOUND_UNIT_PACKAGE,1.00000000,0,{},UNKNOWN,NO_PREDECLARED_NUMERIC_MAPPING_IN_CONTRACT,BASKET_UNAVAILABLE;SHORT_CALENDAR_SPAN;SINGLE_TUPLE_ABS_NET_GE_50PCT;SINGLE_TUPLE_PARTICIPATION_GE_50PCT;SINGLE_YEAR_ABS_NET_GE_50PCT,COMPLETE,2,1,1,UNAVAILABLE_NO_SOURCE_BASKET_ID
BOSS19_P4B_REGIME_AFFINITY_V1,2026-09-02T17:30:00Z,1330a822ed66149ba07d693d8732ced5b9e9ce66d15f34ce8d21ef70894b760c,5f3a0f8d1accd25cb6cc08ad1c6e291aed6d238d620269102151016dbfaf569d,858f4d02d1ae30511dd1f38ffab347c85c06a4a25df4bedf901dc169c2847916,ffa5a59f49cf9099c50520cc95c548ad2d47883a472689dfb58ffc722a44d51e,bb331765f169503ad878223d54a6f45fd2bb6e289609ae671857e298384463a4,BOSS19_P4_REGIME_CLASSIFIER_V1,1.0.0,H3-C17-MAIN,MAIN,2023,BTCUSD,H1,DEAL,NEUTRAL,RANGE,NORMAL,CLASSIFIED,6,6,0,0.04511278,27.16000000,27.16000000,0.00000000,,0.00000000,PARTITION_REALIZED_SEQUENCE,EXIT_TIME_MSC_THEN_SOURCE_DEAL_ID,,,UNAVAILABLE_FROM_SOURCE_BOUND_UNIT_PACKAGE,1.00000000,0,{},UNKNOWN,NO_PREDECLARED_NUMERIC_MAPPING_IN_CONTRACT,BASKET_UNAVAILABLE;SINGLE_YEAR_ABS_NET_GE_50PCT,COMPLETE,5,4,1,UNAVAILABLE_NO_SOURCE_BASKET_ID
BOSS19_P4B_REGIME_AFFINITY_V1,2026-09-02T17:30:00Z,1330a822ed66149ba07d693d8732ced5b9e9ce66d15f34ce8d21ef70894b760c,5f3a0f8d1accd25cb6cc08ad1c6e291aed6d238d620269102151016dbfaf569d,858f4d02d1ae30511dd1f38ffab347c85c06a4a25df4bedf901dc169c2847916,ffa5a59f49cf9099c50520cc95c548ad2d47883a472689dfb58ffc722a44d51e,bb331765f169503ad878223d54a6f45fd2bb6e289609ae671857e298384463a4,BOSS19_P4_REGIME_CLASSIFIER_V1,1.0.0,H3-C17-MAIN,MAIN,2023,BTCUSD,H1,DEAL,NEUTRAL,TRANSITION,NORMAL,CLASSIFIED,1,1,0,0.00751880,1.76000000,1.76000000,0.00000000,,0.00000000,PARTITION_REALIZED_SEQUENCE,EXIT_TIME_MSC_THEN_SOURCE_DEAL_ID,,,UNAVAILABLE_FROM_SOURCE_BOUND_UNIT_PACKAGE,1.00000000,0,{},UNKNOWN,NO_PREDECLARED_NUMERIC_MAPPING_IN_CONTRACT,BASKET_UNAVAILABLE;SINGLE_YEAR_ABS_NET_GE_50PCT,COMPLETE,1,1,1,UNAVAILABLE_NO_SOURCE_BASKET_ID
BOSS19_P4B_REGIME_AFFINITY_V1,2026-09-02T17:30:00Z,1330a822ed66149ba07d693d8732ced5b9e9ce66d15f34ce8d21ef70894b760c,5f3a0f8d1accd25cb6cc08ad1c6e291aed6d238d620269102151016dbfaf569d,858f4d02d1ae30511dd1f38ffab347c85c06a4a25df4bedf901dc169c2847916,ffa5a59f49cf9099c50520cc95c548ad2d47883a472689dfb58ffc722a44d51e,bb331765f169503ad878223d54a6f45fd2bb6e289609ae671857e298384463a4,BOSS19_P4_REGIME_CLASSIFIER_V1,1.0.0,H3-C17-MAIN,MAIN,2023,BTCUSD,H1,DEAL,NEUTRAL,TREND_DOWN,NORMAL,CLASSIFIED,1,1,0,0.00751880,4.20000000,4.20000000,0.00000000,,0.00000000,PARTITION_REALIZED_SEQUENCE,EXIT_TIME_MSC_THEN_SOURCE_DEAL_ID,,,UNAVAILABLE_FROM_SOURCE_BOUND_UNIT_PACKAGE,1.00000000,0,{},UNKNOWN,NO_PREDECLARED_NUMERIC_MAPPING_IN_CONTRACT,BASKET_UNAVAILABLE;SINGLE_YEAR_ABS_NET_GE_50PCT,COMPLETE,1,1,1,UNAVAILABLE_NO_SOURCE_BASKET_ID
BOSS19_P4B_REGIME_AFFINITY_V1,2026-09-02T17:30:00Z,1330a822ed66149ba07d693d8732ced5b9e9ce66d15f34ce8d21ef70894b760c,5f3a0f8d1accd25cb6cc08ad1c6e291aed6d238d620269102151016dbfaf569d,858f4d02d1ae30511dd1f38ffab347c85c06a4a25df4bedf901dc169c2847916,ffa5a59f49cf9099c50520cc95c548ad2d47883a472689dfb58ffc722a44d51e,bb331765f169503ad878223d54a6f45fd2bb6e289609ae671857e298384463a4,BOSS19_P4_REGIME_CLASSIFIER_V1,1.0.0,H3-C17-MAIN,MAIN,2023,BTCUSD,H1,DEAL,NEUTRAL,TREND_UP,EXTREME,CLASSIFIED,4,4,0,0.03007519,80.29000000,80.29000000,0.00000000,,0.00000000,PARTITION_REALIZED_SEQUENCE,EXIT_TIME_MSC_THEN_SOURCE_DEAL_ID,,,UNAVAILABLE_FROM_SOURCE_BOUND_UNIT_PACKAGE,1.00000000,0,{},UNKNOWN,NO_PREDECLARED_NUMERIC_MAPPING_IN_CONTRACT,BASKET_UNAVAILABLE;SINGLE_YEAR_ABS_NET_GE_50PCT,COMPLETE,2,2,1,UNAVAILABLE_NO_SOURCE_BASKET_ID
BOSS19_P4B_REGIME_AFFINITY_V1,2026-09-02T17:30:00Z,1330a822ed66149ba07d693d8732ced5b9e9ce66d15f34ce8d21ef70894b760c,5f3a0f8d1accd25cb6cc08ad1c6e291aed6d238d620269102151016dbfaf569d,858f4d02d1ae30511dd1f38ffab347c85c06a4a25df4bedf901dc169c2847916,ffa5a59f49cf9099c50520cc95c548ad2d47883a472689dfb58ffc722a44d51e,bb331765f169503ad878223d54a6f45fd2bb6e289609ae671857e298384463a4,BOSS19_P4_REGIME_CLASSIFIER_V1,1.0.0,H3-C17-MAIN,MAIN,2023,BTCUSD,H1,DEAL,NEUTRAL,TREND_UP,HIGH,CLASSIFIED,5,5,0,0.03759398,136.10000000,136.10000000,0.00000000,,0.00000000,PARTITION_REALIZED_SEQUENCE,EXIT_TIME_MSC_THEN_SOURCE_DEAL_ID,,,UNAVAILABLE_FROM_SOURCE_BOUND_UNIT_PACKAGE,1.00000000,0,{},UNKNOWN,NO_PREDECLARED_NUMERIC_MAPPING_IN_CONTRACT,BASKET_UNAVAILABLE;SINGLE_YEAR_ABS_NET_GE_50PCT,COMPLETE,3,3,1,UNAVAILABLE_NO_SOURCE_BASKET_ID
BOSS19_P4B_REGIME_AFFINITY_V1,2026-09-02T17:30:00Z,1330a822ed66149ba07d693d8732ced5b9e9ce66d15f34ce8d21ef70894b760c,5f3a0f8d1accd25cb6cc08ad1c6e291aed6d238d620269102151016dbfaf569d,858f4d02d1ae30511dd1f38ffab347c85c06a4a25df4bedf901dc169c2847916,ffa5a59f49cf9099c50520cc95c548ad2d47883a472689dfb58ffc722a44d51e,bb331765f169503ad878223d54a6f45fd2bb6e289609ae671857e298384463a4,BOSS19_P4_REGIME_CLASSIFIER_V1,1.0.0,H3-C17-MAIN,MAIN,2023,BTCUSD,H1,DEAL,NEUTRAL,TREND_UP,NORMAL,CLASSIFIED,14,14,0,0.10526316,236.34000000,240.77000000,-4.43000000,54.34988713,4.43000000,PARTITION_REALIZED_SEQUENCE,EXIT_TIME_MSC_THEN_SOURCE_DEAL_ID,,,UNAVAILABLE_FROM_SOURCE_BOUND_UNIT_PACKAGE,1.00000000,0,{},UNKNOWN,NO_PREDECLARED_NUMERIC_MAPPING_IN_CONTRACT,BASKET_UNAVAILABLE;SINGLE_YEAR_ABS_NET_GE_50PCT,COMPLETE,9,5,1,UNAVAILABLE_NO_SOURCE_BASKET_ID
BOSS19_P4B_REGIME_AFFINITY_V1,2026-09-02T17:30:00Z,1330a822ed66149ba07d693d8732ced5b9e9ce66d15f34ce8d21ef70894b760c,5f3a0f8d1accd25cb6cc08ad1c6e291aed6d238d620269102151016dbfaf569d,858f4d02d1ae30511dd1f38ffab347c85c06a4a25df4bedf901dc169c2847916,ffa5a59f49cf9099c50520cc95c548ad2d47883a472689dfb58ffc722a44d51e,bb331765f169503ad878223d54a6f45fd2bb6e289609ae671857e298384463a4,BOSS19_P4_REGIME_CLASSIFIER_V1,1.0.0,H3-C17-MAIN,MAIN,2023,BTCUSD,H1,DEAL,RISK_OFF,RANGE,LOW,CLASSIFIED,2,2,0,0.01503759,7.35000000,7.35000000,0.00000000,,0.00000000,PARTITION_REALIZED_SEQUENCE,EXIT_TIME_MSC_THEN_SOURCE_DEAL_ID,,,UNAVAILABLE_FROM_SOURCE_BOUND_UNIT_PACKAGE,1.00000000,0,{},UNKNOWN,NO_PREDECLARED_NUMERIC_MAPPING_IN_CONTRACT,BASKET_UNAVAILABLE;SINGLE_YEAR_ABS_NET_GE_50PCT,COMPLETE,2,2,1,UNAVAILABLE_NO_SOURCE_BASKET_ID
BOSS19_P4B_REGIME_AFFINITY_V1,2026-09-02T17:30:00Z,1330a822ed66149ba07d693d8732ced5b9e9ce66d15f34ce8d21ef70894b760c,5f3a0f8d1accd25cb6cc08ad1c6e291aed6d238d620269102151016dbfaf569d,858f4d02d1ae30511dd1f38ffab347c85c06a4a25df4bedf901dc169c2847916,ffa5a59f49cf9099c50520cc95c548ad2d47883a472689dfb58ffc722a44d51e,bb331765f169503ad878223d54a6f45fd2bb6e289609ae671857e298384463a4,BOSS19_P4_REGIME_CLASSIFIER_V1,1.0.0,H3-C17-MAIN,MAIN,2023,BTCUSD,H1,DEAL,RISK_OFF,RANGE,NORMAL,CLASSIFIED,2,2,0,0.01503759,28.69000000,28.69000000,0.00000000,,0.00000000,PARTITION_REALIZED_SEQUENCE,EXIT_TIME_MSC_THEN_SOURCE_DEAL_ID,,,UNAVAILABLE_FROM_SOURCE_BOUND_UNIT_PACKAGE,1.00000000,0,{},UNKNOWN,NO_PREDECLARED_NUMERIC_MAPPING_IN_CONTRACT,BASKET_UNAVAILABLE;SINGLE_YEAR_ABS_NET_GE_50PCT,COMPLETE,2,2,1,UNAVAILABLE_NO_SOURCE_BASKET_ID
BOSS19_P4B_REGIME_AFFINITY_V1,2026-09-02T17:30:00Z,1330a822ed66149ba07d693d8732ced5b9e9ce66d15f34ce8d21ef70894b760c,5f3a0f8d1accd25cb6cc08ad1c6e291aed6d238d620269102151016dbfaf569d,858f4d02d1ae30511dd1f38ffab347c85c06a4a25df4bedf901dc169c2847916,ffa5a59f49cf9099c50520cc95c548ad2d47883a472689dfb58ffc722a44d51e,bb331765f169503ad878223d54a6f45fd2bb6e289609ae671857e298384463a4,BOSS19_P4_REGIME_CLASSIFIER_V1,1.0.0,H3-C17-MAIN,MAIN,2023,BTCUSD,H1,DEAL,RISK_OFF,TRANSITION,LOW,CLASSIFIED,1,1,0,0.00751880,5.48000000,5.48000000,0.00000000,,0.00000000,PARTITION_REALIZED_SEQUENCE,EXIT_TIME_MSC_THEN_SOURCE_DEAL_ID,,,UNAVAILABLE_FROM_SOURCE_BOUND_UNIT_PACKAGE,1.00000000,0,{},UNKNOWN,NO_PREDECLARED_NUMERIC_MAPPING_IN_CONTRACT,BASKET_UNAVAILABLE;SINGLE_YEAR_ABS_NET_GE_50PCT,COMPLETE,1,1,1,UNAVAILABLE_NO_SOURCE_BASKET_ID
BOSS19_P4B_REGIME_AFFINITY_V1,2026-09-02T17:30:00Z,1330a822ed66149ba07d693d8732ced5b9e9ce66d15f34ce8d21ef70894b760c,5f3a0f8d1accd25cb6cc08ad1c6e291aed6d238d620269102151016dbfaf569d,858f4d02d1ae30511dd1f38ffab347c85c06a4a25df4bedf901dc169c2847916,ffa5a59f49cf9099c50520cc95c548ad2d47883a472689dfb58ffc722a44d51e,bb331765f169503ad878223d54a6f45fd2bb6e289609ae671857e298384463a4,BOSS19_P4_REGIME_CLASSIFIER_V1,1.0.0,H3-C17-MAIN,MAIN,2023,BTCUSD,H1,DEAL,RISK_OFF,TRANSITION,NORMAL,CLASSIFIED,1,1,0,0.00751880,12.74000000,12.74000000,0.00000000,,0.00000000,PARTITION_REALIZED_SEQUENCE,EXIT_TIME_MSC_THEN_SOURCE_DEAL_ID,,,UNAVAILABLE_FROM_SOURCE_BOUND_UNIT_PACKAGE,1.00000000,0,{},UNKNOWN,NO_PREDECLARED_NUMERIC_MAPPING_IN_CONTRACT,BASKET_UNAVAILABLE;SINGLE_YEAR_ABS_NET_GE_50PCT,COMPLETE,1,1,1,UNAVAILABLE_NO_SOURCE_BASKET_ID
BOSS19_P4B_REGIME_AFFINITY_V1,2026-09-02T17:30:00Z,1330a822ed66149ba07d693d8732ced5b9e9ce66d15f34ce8d21ef70894b760c,5f3a0f8d1accd25cb6cc08ad1c6e291aed6d238d620269102151016dbfaf569d,858f4d02d1ae30511dd1f38ffab347c85c06a4a25df4bedf901dc169c2847916,ffa5a59f49cf9099c50520cc95c548ad2d47883a472689dfb58ffc722a44d51e,bb331765f169503ad878223d54a6f45fd2bb6e289609ae671857e298384463a4,BOSS19_P4_REGIME_CLASSIFIER_V1,1.0.0,H3-C17-MAIN,MAIN,2023,BTCUSD,H1,DEAL,RISK_OFF,TREND_UP,HIGH,CLASSIFIED,3,3,0,0.02255639,72.11000000,72.11000000,0.00000000,,0.00000000,PARTITION_REALIZED_SEQUENCE,EXIT_TIME_MSC_THEN_SOURCE_DEAL_ID,,,UNAVAILABLE_FROM_SOURCE_BOUND_UNIT_PACKAGE,1.00000000,0,{},UNKNOWN,NO_PREDECLARED_NUMERIC_MAPPING_IN_CONTRACT,BASKET_UNAVAILABLE;SINGLE_YEAR_ABS_NET_GE_50PCT,COMPLETE,1,1,1,UNAVAILABLE_NO_SOURCE_BASKET_ID
BOSS19_P4B_REGIME_AFFINITY_V1,2026-09-02T17:30:00Z,1330a822ed66149ba07d693d8732ced5b9e9ce66d15f34ce8d21ef70894b760c,5f3a0f8d1accd25cb6cc08ad1c6e291aed6d238d620269102151016dbfaf569d,858f4d02d1ae30511dd1f38ffab347c85c06a4a25df4bedf901dc169c2847916,ffa5a59f49cf9099c50520cc95c548ad2d47883a472689dfb58ffc722a44d51e,bb331765f169503ad878223d54a6f45fd2bb6e289609ae671857e298384463a4,BOSS19_P4_REGIME_CLASSIFIER_V1,1.0.0,H3-C17-MAIN,MAIN,2023,BTCUSD,H1,DEAL,RISK_OFF,TREND_UP,LOW,CLASSIFIED,4,4,0,0.03007519,28.65000000,28.65000000,0.00000000,,0.00000000,PARTITION_REALIZED_SEQUENCE,EXIT_TIME_MSC_THEN_SOURCE_DEAL_ID,,,UNAVAILABLE_FROM_SOURCE_BOUND_UNIT_PACKAGE,1.00000000,0,{},UNKNOWN,NO_PREDECLARED_NUMERIC_MAPPING_IN_CONTRACT,BASKET_UNAVAILABLE;SINGLE_YEAR_ABS_NET_GE_50PCT,COMPLETE,2,1,1,UNAVAILABLE_NO_SOURCE_BASKET_ID
BOSS19_P4B_REGIME_AFFINITY_V1,2026-09-02T17:30:00Z,1330a822ed66149ba07d693d8732ced5b9e9ce66d15f34ce8d21ef70894b760c,5f3a0f8d1accd25cb6cc08ad1c6e291aed6d238d620269102151016dbfaf569d,858f4d02d1ae30511dd1f38ffab347c85c06a4a25df4bedf901dc169c2847916,ffa5a59f49cf9099c50520cc95c548ad2d47883a472689dfb58ffc722a44d51e,bb331765f169503ad878223d54a6f45fd2bb6e289609ae671857e298384463a4,BOSS19_P4_REGIME_CLASSIFIER_V1,1.0.0,H3-C17-MAIN,MAIN,2023,BTCUSD,H1,DEAL,RISK_OFF,TREND_UP,NORMAL,CLASSIFIED,8,8,0,0.06015038,78.01000000,78.01000000,0.00000000,,0.00000000,PARTITION_REALIZED_SEQUENCE,EXIT_TIME_MSC_THEN_SOURCE_DEAL_ID,,,UNAVAILABLE_FROM_SOURCE_BOUND_UNIT_PACKAGE,1.00000000,0,{},UNKNOWN,NO_PREDECLARED_NUMERIC_MAPPING_IN_CONTRACT,BASKET_UNAVAILABLE;SINGLE_YEAR_ABS_NET_GE_50PCT,COMPLETE,3,1,1,UNAVAILABLE_NO_SOURCE_BASKET_ID
BOSS19_P4B_REGIME_AFFINITY_V1,2026-09-02T17:30:00Z,1330a822ed66149ba07d693d8732ced5b9e9ce66d15f34ce8d21ef70894b760c,5f3a0f8d1accd25cb6cc08ad1c6e291aed6d238d620269102151016dbfaf569d,858f4d02d1ae30511dd1f38ffab347c85c06a4a25df4bedf901dc169c2847916,ffa5a59f49cf9099c50520cc95c548ad2d47883a472689dfb58ffc722a44d51e,bb331765f169503ad878223d54a6f45fd2bb6e289609ae671857e298384463a4,BOSS19_P4_REGIME_CLASSIFIER_V1,1.0.0,H3-C17-MAIN,MAIN,2024,BTCUSD,H1,DEAL,NEUTRAL,RANGE,EXTREME,CLASSIFIED,4,4,0,0.03007519,39.31000000,39.31000000,0.00000000,,0.00000000,PARTITION_REALIZED_SEQUENCE,EXIT_TIME_MSC_THEN_SOURCE_DEAL_ID,,,UNAVAILABLE_FROM_SOURCE_BOUND_UNIT_PACKAGE,1.00000000,0,{},UNKNOWN,NO_PREDECLARED_NUMERIC_MAPPING_IN_CONTRACT,BASKET_UNAVAILABLE;SINGLE_YEAR_ABS_NET_GE_50PCT,COMPLETE,3,1,1,UNAVAILABLE_NO_SOURCE_BASKET_ID
BOSS19_P4B_REGIME_AFFINITY_V1,2026-09-02T17:30:00Z,1330a822ed66149ba07d693d8732ced5b9e9ce66d15f34ce8d21ef70894b760c,5f3a0f8d1accd25cb6cc08ad1c6e291aed6d238d620269102151016dbfaf569d,858f4d02d1ae30511dd1f38ffab347c85c06a4a25df4bedf901dc169c2847916,ffa5a59f49cf9099c50520cc95c548ad2d47883a472689dfb58ffc722a44d51e,bb331765f169503ad878223d54a6f45fd2bb6e289609ae671857e298384463a4,BOSS19_P4_REGIME_CLASSIFIER_V1,1.0.0,H3-C17-MAIN,MAIN,2024,BTCUSD,H1,DEAL,NEUTRAL,RANGE,HIGH,CLASSIFIED,4,4,0,0.03007519,133.44000000,133.44000000,0.00000000,,0.00000000,PARTITION_REALIZED_SEQUENCE,EXIT_TIME_MSC_THEN_SOURCE_DEAL_ID,,,UNAVAILABLE_FROM_SOURCE_BOUND_UNIT_PACKAGE,1.00000000,0,{},UNKNOWN,NO_PREDECLARED_NUMERIC_MAPPING_IN_CONTRACT,BASKET_UNAVAILABLE;SINGLE_YEAR_ABS_NET_GE_50PCT,COMPLETE,3,2,1,UNAVAILABLE_NO_SOURCE_BASKET_ID
BOSS19_P4B_REGIME_AFFINITY_V1,2026-09-02T17:30:00Z,1330a822ed66149ba07d693d8732ced5b9e9ce66d15f34ce8d21ef70894b760c,5f3a0f8d1accd25cb6cc08ad1c6e291aed6d238d620269102151016dbfaf569d,858f4d02d1ae30511dd1f38ffab347c85c06a4a25df4bedf901dc169c2847916,ffa5a59f49cf9099c50520cc95c548ad2d47883a472689dfb58ffc722a44d51e,bb331765f169503ad878223d54a6f45fd2bb6e289609ae671857e298384463a4,BOSS19_P4_REGIME_CLASSIFIER_V1,1.0.0,H3-C17-MAIN,MAIN,2024,BTCUSD,H1,DEAL,NEUTRAL,RANGE,NORMAL,CLASSIFIED,1,1,0,0.00751880,23.01000000,23.01000000,0.00000000,,0.00000000,PARTITION_REALIZED_SEQUENCE,EXIT_TIME_MSC_THEN_SOURCE_DEAL_ID,,,UNAVAILABLE_FROM_SOURCE_BOUND_UNIT_PACKAGE,1.00000000,0,{},UNKNOWN,NO_PREDECLARED_NUMERIC_MAPPING_IN_CONTRACT,BASKET_UNAVAILABLE;SINGLE_YEAR_ABS_NET_GE_50PCT,COMPLETE,1,1,1,UNAVAILABLE_NO_SOURCE_BASKET_ID
BOSS19_P4B_REGIME_AFFINITY_V1,2026-09-02T17:30:00Z,1330a822ed66149ba07d693d8732ced5b9e9ce66d15f34ce8d21ef70894b760c,5f3a0f8d1accd25cb6cc08ad1c6e291aed6d238d620269102151016dbfaf569d,858f4d02d1ae30511dd1f38ffab347c85c06a4a25df4bedf901dc169c2847916,ffa5a59f49cf9099c50520cc95c548ad2d47883a472689dfb58ffc722a44d51e,bb331765f169503ad878223d54a6f45fd2bb6e289609ae671857e298384463a4,BOSS19_P4_REGIME_CLASSIFIER_V1,1.0.0,H3-C17-MAIN,MAIN,2024,BTCUSD,H1,DEAL,NEUTRAL,TRANSITION,EXTREME,CLASSIFIED,4,4,0,0.03007519,38.55000000,38.55000000,0.00000000,,0.00000000,PARTITION_REALIZED_SEQUENCE,EXIT_TIME_MSC_THEN_SOURCE_DEAL_ID,,,UNAVAILABLE_FROM_SOURCE_BOUND_UNIT_PACKAGE,1.00000000,0,{},UNKNOWN,NO_PREDECLARED_NUMERIC_MAPPING_IN_CONTRACT,BASKET_UNAVAILABLE;SINGLE_YEAR_ABS_NET_GE_50PCT,COMPLETE,2,2,1,UNAVAILABLE_NO_SOURCE_BASKET_ID
BOSS19_P4B_REGIME_AFFINITY_V1,2026-09-02T17:30:00Z,1330a822ed66149ba07d693d8732ced5b9e9ce66d15f34ce8d21ef70894b760c,5f3a0f8d1accd25cb6cc08ad1c6e291aed6d238d620269102151016dbfaf569d,858f4d02d1ae30511dd1f38ffab347c85c06a4a25df4bedf901dc169c2847916,ffa5a59f49cf9099c50520cc95c548ad2d47883a472689dfb58ffc722a44d51e,bb331765f169503ad878223d54a6f45fd2bb6e289609ae671857e298384463a4,BOSS19_P4_REGIME_CLASSIFIER_V1,1.0.0,H3-C17-MAIN,MAIN,2024,BTCUSD,H1,DEAL,NEUTRAL,TRANSITION,NORMAL,CLASSIFIED,1,1,0,0.00751880,4.45000000,4.45000000,0.00000000,,0.00000000,PARTITION_REALIZED_SEQUENCE,EXIT_TIME_MSC_THEN_SOURCE_DEAL_ID,,,UNAVAILABLE_FROM_SOURCE_BOUND_UNIT_PACKAGE,1.00000000,0,{},UNKNOWN,NO_PREDECLARED_NUMERIC_MAPPING_IN_CONTRACT,BASKET_UNAVAILABLE;SINGLE_YEAR_ABS_NET_GE_50PCT,COMPLETE,1,1,1,UNAVAILABLE_NO_SOURCE_BASKET_ID
BOSS19_P4B_REGIME_AFFINITY_V1,2026-09-02T17:30:00Z,1330a822ed66149ba07d693d8732ced5b9e9ce66d15f34ce8d21ef70894b760c,5f3a0f8d1accd25cb6cc08ad1c6e291aed6d238d620269102151016dbfaf569d,858f4d02d1ae30511dd1f38ffab347c85c06a4a25df4bedf901dc169c2847916,ffa5a59f49cf9099c50520cc95c548ad2d47883a472689dfb58ffc722a44d51e,bb331765f169503ad878223d54a6f45fd2bb6e289609ae671857e298384463a4,BOSS19_P4_REGIME_CLASSIFIER_V1,1.0.0,H3-C17-MAIN,MAIN,2024,BTCUSD,H1,DEAL,NEUTRAL,TREND_DOWN,EXTREME,CLASSIFIED,1,1,0,0.00751880,9.91000000,9.91000000,0.00000000,,0.00000000,PARTITION_REALIZED_SEQUENCE,EXIT_TIME_MSC_THEN_SOURCE_DEAL_ID,,,UNAVAILABLE_FROM_SOURCE_BOUND_UNIT_PACKAGE,1.00000000,0,{},UNKNOWN,NO_PREDECLARED_NUMERIC_MAPPING_IN_CONTRACT,BASKET_UNAVAILABLE;SINGLE_YEAR_ABS_NET_GE_50PCT,COMPLETE,1,1,1,UNAVAILABLE_NO_SOURCE_BASKET_ID
BOSS19_P4B_REGIME_AFFINITY_V1,2026-09-02T17:30:00Z,1330a822ed66149ba07d693d8732ced5b9e9ce66d15f34ce8d21ef70894b760c,5f3a0f8d1accd25cb6cc08ad1c6e291aed6d238d620269102151016dbfaf569d,858f4d02d1ae30511dd1f38ffab347c85c06a4a25df4bedf901dc169c2847916,ffa5a59f49cf9099c50520cc95c548ad2d47883a472689dfb58ffc722a44d51e,bb331765f169503ad878223d54a6f45fd2bb6e289609ae671857e298384463a4,BOSS19_P4_REGIME_CLASSIFIER_V1,1.0.0,H3-C17-MAIN,MAIN,2024,BTCUSD,H1,DEAL,NEUTRAL,TREND_UP,HIGH,CLASSIFIED,7,7,0,0.05263158,317.78000000,317.78000000,0.00000000,,0.00000000,PARTITION_REALIZED_SEQUENCE,EXIT_TIME_MSC_THEN_SOURCE_DEAL_ID,,,UNAVAILABLE_FROM_SOURCE_BOUND_UNIT_PACKAGE,1.00000000,0,{},UNKNOWN,NO_PREDECLARED_NUMERIC_MAPPING_IN_CONTRACT,BASKET_UNAVAILABLE;SINGLE_YEAR_ABS_NET_GE_50PCT,COMPLETE,4,4,1,UNAVAILABLE_NO_SOURCE_BASKET_ID
BOSS19_P4B_REGIME_AFFINITY_V1,2026-09-02T17:30:00Z,1330a822ed66149ba07d693d8732ced5b9e9ce66d15f34ce8d21ef70894b760c,5f3a0f8d1accd25cb6cc08ad1c6e291aed6d238d620269102151016dbfaf569d,858f4d02d1ae30511dd1f38ffab347c85c06a4a25df4bedf901dc169c2847916,ffa5a59f49cf9099c50520cc95c548ad2d47883a472689dfb58ffc722a44d51e,bb331765f169503ad878223d54a6f45fd2bb6e289609ae671857e298384463a4,BOSS19_P4_REGIME_CLASSIFIER_V1,1.0.0,H3-C17-MAIN,MAIN,2024,BTCUSD,H1,DEAL,NEUTRAL,TREND_UP,NORMAL,CLASSIFIED,6,6,0,0.04511278,144.43000000,169.82000000,-25.39000000,6.68846002,25.39000000,PARTITION_REALIZED_SEQUENCE,EXIT_TIME_MSC_THEN_SOURCE_DEAL_ID,,,UNAVAILABLE_FROM_SOURCE_BOUND_UNIT_PACKAGE,1.00000000,0,{},UNKNOWN,NO_PREDECLARED_NUMERIC_MAPPING_IN_CONTRACT,BASKET_UNAVAILABLE;SINGLE_YEAR_ABS_NET_GE_50PCT,COMPLETE,5,2,1,UNAVAILABLE_NO_SOURCE_BASKET_ID
BOSS19_P4B_REGIME_AFFINITY_V1,2026-09-02T17:30:00Z,1330a822ed66149ba07d693d8732ced5b9e9ce66d15f34ce8d21ef70894b760c,5f3a0f8d1accd25cb6cc08ad1c6e291aed6d238d620269102151016dbfaf569d,858f4d02d1ae30511dd1f38ffab347c85c06a4a25df4bedf901dc169c2847916,ffa5a59f49cf9099c50520cc95c548ad2d47883a472689dfb58ffc722a44d51e,bb331765f169503ad878223d54a6f45fd2bb6e289609ae671857e298384463a4,BOSS19_P4_REGIME_CLASSIFIER_V1,1.0.0,H3-C17-MAIN,MAIN,2024,BTCUSD,H1,DEAL,RISK_OFF,TREND_UP,HIGH,CLASSIFIED,2,2,0,0.01503759,79.73000000,79.73000000,0.00000000,,0.00000000,PARTITION_REALIZED_SEQUENCE,EXIT_TIME_MSC_THEN_SOURCE_DEAL_ID,,,UNAVAILABLE_FROM_SOURCE_BOUND_UNIT_PACKAGE,1.00000000,0,{},UNKNOWN,NO_PREDECLARED_NUMERIC_MAPPING_IN_CONTRACT,BASKET_UNAVAILABLE;SINGLE_YEAR_ABS_NET_GE_50PCT,COMPLETE,1,1,1,UNAVAILABLE_NO_SOURCE_BASKET_ID
BOSS19_P4B_REGIME_AFFINITY_V1,2026-09-02T17:30:00Z,1330a822ed66149ba07d693d8732ced5b9e9ce66d15f34ce8d21ef70894b760c,5f3a0f8d1accd25cb6cc08ad1c6e291aed6d238d620269102151016dbfaf569d,858f4d02d1ae30511dd1f38ffab347c85c06a4a25df4bedf901dc169c2847916,ffa5a59f49cf9099c50520cc95c548ad2d47883a472689dfb58ffc722a44d51e,bb331765f169503ad878223d54a6f45fd2bb6e289609ae671857e298384463a4,BOSS19_P4_REGIME_CLASSIFIER_V1,1.0.0,H3-C17-MAIN,MAIN,2024,BTCUSD,H1,DEAL,RISK_ON,RANGE,HIGH,CLASSIFIED,2,2,0,0.01503759,60.87000000,60.87000000,0.00000000,,0.00000000,PARTITION_REALIZED_SEQUENCE,EXIT_TIME_MSC_THEN_SOURCE_DEAL_ID,,,UNAVAILABLE_FROM_SOURCE_BOUND_UNIT_PACKAGE,1.00000000,0,{},UNKNOWN,NO_PREDECLARED_NUMERIC_MAPPING_IN_CONTRACT,BASKET_UNAVAILABLE;SINGLE_YEAR_ABS_NET_GE_50PCT,COMPLETE,2,2,1,UNAVAILABLE_NO_SOURCE_BASKET_ID
BOSS19_P4B_REGIME_AFFINITY_V1,2026-09-02T17:30:00Z,1330a822ed66149ba07d693d8732ced5b9e9ce66d15f34ce8d21ef70894b760c,5f3a0f8d1accd25cb6cc08ad1c6e291aed6d238d620269102151016dbfaf569d,858f4d02d1ae30511dd1f38ffab347c85c06a4a25df4bedf901dc169c2847916,ffa5a59f49cf9099c50520cc95c548ad2d47883a472689dfb58ffc722a44d51e,bb331765f169503ad878223d54a6f45fd2bb6e289609ae671857e298384463a4,BOSS19_P4_REGIME_CLASSIFIER_V1,1.0.0,H3-C17-MAIN,MAIN,2024,BTCUSD,H1,DEAL,RISK_ON,RANGE,NORMAL,CLASSIFIED,4,4,0,0.03007519,43.49000000,43.49000000,0.00000000,,0.00000000,PARTITION_REALIZED_SEQUENCE,EXIT_TIME_MSC_THEN_SOURCE_DEAL_ID,,,UNAVAILABLE_FROM_SOURCE_BOUND_UNIT_PACKAGE,1.00000000,0,{},UNKNOWN,NO_PREDECLARED_NUMERIC_MAPPING_IN_CONTRACT,BASKET_UNAVAILABLE;SINGLE_YEAR_ABS_NET_GE_50PCT,COMPLETE,3,2,1,UNAVAILABLE_NO_SOURCE_BASKET_ID
BOSS19_P4B_REGIME_AFFINITY_V1,2026-09-02T17:30:00Z,1330a822ed66149ba07d693d8732ced5b9e9ce66d15f34ce8d21ef70894b760c,5f3a0f8d1accd25cb6cc08ad1c6e291aed6d238d620269102151016dbfaf569d,858f4d02d1ae30511dd1f38ffab347c85c06a4a25df4bedf901dc169c2847916,ffa5a59f49cf9099c50520cc95c548ad2d47883a472689dfb58ffc722a44d51e,bb331765f169503ad878223d54a6f45fd2bb6e289609ae671857e298384463a4,BOSS19_P4_REGIME_CLASSIFIER_V1,1.0.0,H3-C17-MAIN,MAIN,2024,BTCUSD,H1,DEAL,RISK_ON,TRANSITION,HIGH,CLASSIFIED,2,2,0,0.01503759,9.07000000,9.07000000,0.00000000,,0.00000000,PARTITION_REALIZED_SEQUENCE,EXIT_TIME_MSC_THEN_SOURCE_DEAL_ID,,,UNAVAILABLE_FROM_SOURCE_BOUND_UNIT_PACKAGE,1.00000000,0,{},UNKNOWN,NO_PREDECLARED_NUMERIC_MAPPING_IN_CONTRACT,BASKET_UNAVAILABLE;SINGLE_YEAR_ABS_NET_GE_50PCT,COMPLETE,1,1,1,UNAVAILABLE_NO_SOURCE_BASKET_ID
BOSS19_P4B_REGIME_AFFINITY_V1,2026-09-02T17:30:00Z,1330a822ed66149ba07d693d8732ced5b9e9ce66d15f34ce8d21ef70894b760c,5f3a0f8d1accd25cb6cc08ad1c6e291aed6d238d620269102151016dbfaf569d,858f4d02d1ae30511dd1f38ffab347c85c06a4a25df4bedf901dc169c2847916,ffa5a59f49cf9099c50520cc95c548ad2d47883a472689dfb58ffc722a44d51e,bb331765f169503ad878223d54a6f45fd2bb6e289609ae671857e298384463a4,BOSS19_P4_REGIME_CLASSIFIER_V1,1.0.0,H3-C17-MAIN,MAIN,2024,BTCUSD,H1,DEAL,RISK_ON,TREND_UP,EXTREME,CLASSIFIED,5,5,0,0.03759398,146.72000000,146.72000000,0.00000000,,0.00000000,PARTITION_REALIZED_SEQUENCE,EXIT_TIME_MSC_THEN_SOURCE_DEAL_ID,,,UNAVAILABLE_FROM_SOURCE_BOUND_UNIT_PACKAGE,1.00000000,0,{},UNKNOWN,NO_PREDECLARED_NUMERIC_MAPPING_IN_CONTRACT,BASKET_UNAVAILABLE;SINGLE_YEAR_ABS_NET_GE_50PCT,COMPLETE,2,2,1,UNAVAILABLE_NO_SOURCE_BASKET_ID
BOSS19_P4B_REGIME_AFFINITY_V1,2026-09-02T17:30:00Z,1330a822ed66149ba07d693d8732ced5b9e9ce66d15f34ce8d21ef70894b760c,5f3a0f8d1accd25cb6cc08ad1c6e291aed6d238d620269102151016dbfaf569d,858f4d02d1ae30511dd1f38ffab347c85c06a4a25df4bedf901dc169c2847916,ffa5a59f49cf9099c50520cc95c548ad2d47883a472689dfb58ffc722a44d51e,bb331765f169503ad878223d54a6f45fd2bb6e289609ae671857e298384463a4,BOSS19_P4_REGIME_CLASSIFIER_V1,1.0.0,H3-C17-MAIN,MAIN,2024,BTCUSD,H1,DEAL,RISK_ON,TREND_UP,HIGH,CLASSIFIED,6,6,0,0.04511278,263.80000000,263.80000000,0.00000000,,0.00000000,PARTITION_REALIZED_SEQUENCE,EXIT_TIME_MSC_THEN_SOURCE_DEAL_ID,,,UNAVAILABLE_FROM_SOURCE_BOUND_UNIT_PACKAGE,1.00000000,0,{},UNKNOWN,NO_PREDECLARED_NUMERIC_MAPPING_IN_CONTRACT,BASKET_UNAVAILABLE;SINGLE_YEAR_ABS_NET_GE_50PCT,COMPLETE,2,2,1,UNAVAILABLE_NO_SOURCE_BASKET_ID
BOSS19_P4B_REGIME_AFFINITY_V1,2026-09-02T17:30:00Z,1330a822ed66149ba07d693d8732ced5b9e9ce66d15f34ce8d21ef70894b760c,5f3a0f8d1accd25cb6cc08ad1c6e291aed6d238d620269102151016dbfaf569d,858f4d02d1ae30511dd1f38ffab347c85c06a4a25df4bedf901dc169c2847916,ffa5a59f49cf9099c50520cc95c548ad2d47883a472689dfb58ffc722a44d51e,bb331765f169503ad878223d54a6f45fd2bb6e289609ae671857e298384463a4,BOSS19_P4_REGIME_CLASSIFIER_V1,1.0.0,H3-C17-MAIN,MAIN,2024,BTCUSD,H1,DEAL,RISK_ON,TREND_UP,NORMAL,CLASSIFIED,9,9,0,0.06766917,312.93000000,312.93000000,0.00000000,,0.00000000,PARTITION_REALIZED_SEQUENCE,EXIT_TIME_MSC_THEN_SOURCE_DEAL_ID,,,UNAVAILABLE_FROM_SOURCE_BOUND_UNIT_PACKAGE,1.00000000,0,{},UNKNOWN,NO_PREDECLARED_NUMERIC_MAPPING_IN_CONTRACT,BASKET_UNAVAILABLE;SINGLE_YEAR_ABS_NET_GE_50PCT,COMPLETE,7,3,1,UNAVAILABLE_NO_SOURCE_BASKET_ID
BOSS19_P4B_REGIME_AFFINITY_V1,2026-09-02T17:30:00Z,1330a822ed66149ba07d693d8732ced5b9e9ce66d15f34ce8d21ef70894b760c,5f3a0f8d1accd25cb6cc08ad1c6e291aed6d238d620269102151016dbfaf569d,858f4d02d1ae30511dd1f38ffab347c85c06a4a25df4bedf901dc169c2847916,ffa5a59f49cf9099c50520cc95c548ad2d47883a472689dfb58ffc722a44d51e,bb331765f169503ad878223d54a6f45fd2bb6e289609ae671857e298384463a4,BOSS19_P4_REGIME_CLASSIFIER_V1,1.0.0,H3-C17-MAIN,MAIN,2025,BTCUSD,H1,DEAL,NEUTRAL,RANGE,EXTREME,CLASSIFIED,2,2,0,0.01503759,2.20000000,13.45000000,-11.25000000,1.19555556,11.25000000,PARTITION_REALIZED_SEQUENCE,EXIT_TIME_MSC_THEN_SOURCE_DEAL_ID,,,UNAVAILABLE_FROM_SOURCE_BOUND_UNIT_PACKAGE,1.00000000,0,{},UNKNOWN,NO_PREDECLARED_NUMERIC_MAPPING_IN_CONTRACT,BASKET_UNAVAILABLE;SINGLE_YEAR_ABS_NET_GE_50PCT,COMPLETE,1,1,1,UNAVAILABLE_NO_SOURCE_BASKET_ID
BOSS19_P4B_REGIME_AFFINITY_V1,2026-09-02T17:30:00Z,1330a822ed66149ba07d693d8732ced5b9e9ce66d15f34ce8d21ef70894b760c,5f3a0f8d1accd25cb6cc08ad1c6e291aed6d238d620269102151016dbfaf569d,858f4d02d1ae30511dd1f38ffab347c85c06a4a25df4bedf901dc169c2847916,ffa5a59f49cf9099c50520cc95c548ad2d47883a472689dfb58ffc722a44d51e,bb331765f169503ad878223d54a6f45fd2bb6e289609ae671857e298384463a4,BOSS19_P4_REGIME_CLASSIFIER_V1,1.0.0,H3-C17-MAIN,MAIN,2025,BTCUSD,H1,DEAL,NEUTRAL,RANGE,HIGH,CLASSIFIED,4,4,0,0.03007519,138.12000000,138.12000000,0.00000000,,0.00000000,PARTITION_REALIZED_SEQUENCE,EXIT_TIME_MSC_THEN_SOURCE_DEAL_ID,,,UNAVAILABLE_FROM_SOURCE_BOUND_UNIT_PACKAGE,1.00000000,0,{},UNKNOWN,NO_PREDECLARED_NUMERIC_MAPPING_IN_CONTRACT,BASKET_UNAVAILABLE;SINGLE_YEAR_ABS_NET_GE_50PCT,COMPLETE,3,2,1,UNAVAILABLE_NO_SOURCE_BASKET_ID
BOSS19_P4B_REGIME_AFFINITY_V1,2026-09-02T17:30:00Z,1330a822ed66149ba07d693d8732ced5b9e9ce66d15f34ce8d21ef70894b760c,5f3a0f8d1accd25cb6cc08ad1c6e291aed6d238d620269102151016dbfaf569d,858f4d02d1ae30511dd1f38ffab347c85c06a4a25df4bedf901dc169c2847916,ffa5a59f49cf9099c50520cc95c548ad2d47883a472689dfb58ffc722a44d51e,bb331765f169503ad878223d54a6f45fd2bb6e289609ae671857e298384463a4,BOSS19_P4_REGIME_CLASSIFIER_V1,1.0.0,H3-C17-MAIN,MAIN,2025,BTCUSD,H1,DEAL,NEUTRAL,RANGE,NORMAL,CLASSIFIED,5,5,0,0.03759398,149.31000000,149.31000000,0.00000000,,0.00000000,PARTITION_REALIZED_SEQUENCE,EXIT_TIME_MSC_THEN_SOURCE_DEAL_ID,,,UNAVAILABLE_FROM_SOURCE_BOUND_UNIT_PACKAGE,1.00000000,0,{},UNKNOWN,NO_PREDECLARED_NUMERIC_MAPPING_IN_CONTRACT,BASKET_UNAVAILABLE;SINGLE_YEAR_ABS_NET_GE_50PCT,COMPLETE,3,2,1,UNAVAILABLE_NO_SOURCE_BASKET_ID
BOSS19_P4B_REGIME_AFFINITY_V1,2026-09-02T17:30:00Z,1330a822ed66149ba07d693d8732ced5b9e9ce66d15f34ce8d21ef70894b760c,5f3a0f8d1accd25cb6cc08ad1c6e291aed6d238d620269102151016dbfaf569d,858f4d02d1ae30511dd1f38ffab347c85c06a4a25df4bedf901dc169c2847916,ffa5a59f49cf9099c50520cc95c548ad2d47883a472689dfb58ffc722a44d51e,bb331765f169503ad878223d54a6f45fd2bb6e289609ae671857e298384463a4,BOSS19_P4_REGIME_CLASSIFIER_V1,1.0.0,H3-C17-MAIN,MAIN,2025,BTCUSD,H1,DEAL,NEUTRAL,TREND_DOWN,HIGH,CLASSIFIED,1,1,0,0.00751880,13.86000000,13.86000000,0.00000000,,0.00000000,PARTITION_REALIZED_SEQUENCE,EXIT_TIME_MSC_THEN_SOURCE_DEAL_ID,,,UNAVAILABLE_FROM_SOURCE_BOUND_UNIT_PACKAGE,1.00000000,0,{},UNKNOWN,NO_PREDECLARED_NUMERIC_MAPPING_IN_CONTRACT,BASKET_UNAVAILABLE;SINGLE_YEAR_ABS_NET_GE_50PCT,COMPLETE,1,1,1,UNAVAILABLE_NO_SOURCE_BASKET_ID
BOSS19_P4B_REGIME_AFFINITY_V1,2026-09-02T17:30:00Z,1330a822ed66149ba07d693d8732ced5b9e9ce66d15f34ce8d21ef70894b760c,5f3a0f8d1accd25cb6cc08ad1c6e291aed6d238d620269102151016dbfaf569d,858f4d02d1ae30511dd1f38ffab347c85c06a4a25df4bedf901dc169c2847916,ffa5a59f49cf9099c50520cc95c548ad2d47883a472689dfb58ffc722a44d51e,bb331765f169503ad878223d54a6f45fd2bb6e289609ae671857e298384463a4,BOSS19_P4_REGIME_CLASSIFIER_V1,1.0.0,H3-C17-MAIN,MAIN,2025,BTCUSD,H1,DEAL,NEUTRAL,TREND_DOWN,NORMAL,CLASSIFIED,1,1,0,0.00751880,8.21000000,8.21000000,0.00000000,,0.00000000,PARTITION_REALIZED_SEQUENCE,EXIT_TIME_MSC_THEN_SOURCE_DEAL_ID,,,UNAVAILABLE_FROM_SOURCE_BOUND_UNIT_PACKAGE,1.00000000,0,{},UNKNOWN,NO_PREDECLARED_NUMERIC_MAPPING_IN_CONTRACT,BASKET_UNAVAILABLE;SINGLE_YEAR_ABS_NET_GE_50PCT,COMPLETE,1,1,1,UNAVAILABLE_NO_SOURCE_BASKET_ID
BOSS19_P4B_REGIME_AFFINITY_V1,2026-09-02T17:30:00Z,1330a822ed66149ba07d693d8732ced5b9e9ce66d15f34ce8d21ef70894b760c,5f3a0f8d1accd25cb6cc08ad1c6e291aed6d238d620269102151016dbfaf569d,858f4d02d1ae30511dd1f38ffab347c85c06a4a25df4bedf901dc169c2847916,ffa5a59f49cf9099c50520cc95c548ad2d47883a472689dfb58ffc722a44d51e,bb331765f169503ad878223d54a6f45fd2bb6e289609ae671857e298384463a4,BOSS19_P4_REGIME_CLASSIFIER_V1,1.0.0,H3-C17-MAIN,MAIN,2025,BTCUSD,H1,DEAL,NEUTRAL,TREND_UP,LOW,CLASSIFIED,3,3,0,0.02255639,113.66000000,113.66000000,0.00000000,,0.00000000,PARTITION_REALIZED_SEQUENCE,EXIT_TIME_MSC_THEN_SOURCE_DEAL_ID,,,UNAVAILABLE_FROM_SOURCE_BOUND_UNIT_PACKAGE,1.00000000,0,{},UNKNOWN,NO_PREDECLARED_NUMERIC_MAPPING_IN_CONTRACT,BASKET_UNAVAILABLE;SINGLE_YEAR_ABS_NET_GE_50PCT,COMPLETE,2,1,1,UNAVAILABLE_NO_SOURCE_BASKET_ID
BOSS19_P4B_REGIME_AFFINITY_V1,2026-09-02T17:30:00Z,1330a822ed66149ba07d693d8732ced5b9e9ce66d15f34ce8d21ef70894b760c,5f3a0f8d1accd25cb6cc08ad1c6e291aed6d238d620269102151016dbfaf569d,858f4d02d1ae30511dd1f38ffab347c85c06a4a25df4bedf901dc169c2847916,ffa5a59f49cf9099c50520cc95c548ad2d47883a472689dfb58ffc722a44d51e,bb331765f169503ad878223d54a6f45fd2bb6e289609ae671857e298384463a4,BOSS19_P4_REGIME_CLASSIFIER_V1,1.0.0,H3-C17-MAIN,MAIN,2025,BTCUSD,H1,DEAL,NEUTRAL,TREND_UP,NORMAL,CLASSIFIED,3,3,0,0.02255639,84.15000000,84.15000000,0.00000000,,0.00000000,PARTITION_REALIZED_SEQUENCE,EXIT_TIME_MSC_THEN_SOURCE_DEAL_ID,,,UNAVAILABLE_FROM_SOURCE_BOUND_UNIT_PACKAGE,1.00000000,0,{},UNKNOWN,NO_PREDECLARED_NUMERIC_MAPPING_IN_CONTRACT,BASKET_UNAVAILABLE;SINGLE_YEAR_ABS_NET_GE_50PCT,COMPLETE,2,1,1,UNAVAILABLE_NO_SOURCE_BASKET_ID
BOSS19_P4B_REGIME_AFFINITY_V1,2026-09-02T17:30:00Z,1330a822ed66149ba07d693d8732ced5b9e9ce66d15f34ce8d21ef70894b760c,5f3a0f8d1accd25cb6cc08ad1c6e291aed6d238d620269102151016dbfaf569d,858f4d02d1ae30511dd1f38ffab347c85c06a4a25df4bedf901dc169c2847916,ffa5a59f49cf9099c50520cc95c548ad2d47883a472689dfb58ffc722a44d51e,bb331765f169503ad878223d54a6f45fd2bb6e289609ae671857e298384463a4,BOSS19_P4_REGIME_CLASSIFIER_V1,1.0.0,H3-C17-MAIN,MAIN,2025,BTCUSD,H1,DEAL,RISK_OFF,RANGE,NORMAL,CLASSIFIED,4,4,0,0.03007519,83.84000000,83.84000000,0.00000000,,0.00000000,PARTITION_REALIZED_SEQUENCE,EXIT_TIME_MSC_THEN_SOURCE_DEAL_ID,,,UNAVAILABLE_FROM_SOURCE_BOUND_UNIT_PACKAGE,1.00000000,0,{},UNKNOWN,NO_PREDECLARED_NUMERIC_MAPPING_IN_CONTRACT,BASKET_UNAVAILABLE;SINGLE_YEAR_ABS_NET_GE_50PCT,COMPLETE,3,1,1,UNAVAILABLE_NO_SOURCE_BASKET_ID
BOSS19_P4B_REGIME_AFFINITY_V1,2026-09-02T17:30:00Z,1330a822ed66149ba07d693d8732ced5b9e9ce66d15f34ce8d21ef70894b760c,5f3a0f8d1accd25cb6cc08ad1c6e291aed6d238d620269102151016dbfaf569d,858f4d02d1ae30511dd1f38ffab347c85c06a4a25df4bedf901dc169c2847916,ffa5a59f49cf9099c50520cc95c548ad2d47883a472689dfb58ffc722a44d51e,bb331765f169503ad878223d54a6f45fd2bb6e289609ae671857e298384463a4,BOSS19_P4_REGIME_CLASSIFIER_V1,1.0.0,H3-C18-BWD,BWD,2020,BTCUSD,H4,DEAL,NEUTRAL,RANGE,LOW,CLASSIFIED,4,4,0,0.07407407,9.99000000,9.99000000,0.00000000,,0.00000000,PARTITION_REALIZED_SEQUENCE,EXIT_TIME_MSC_THEN_SOURCE_DEAL_ID,,,UNAVAILABLE_FROM_SOURCE_BOUND_UNIT_PACKAGE,1.00000000,0,{},UNKNOWN,NO_PREDECLARED_NUMERIC_MAPPING_IN_CONTRACT,BASKET_UNAVAILABLE;SHORT_CALENDAR_SPAN;SINGLE_YEAR_ABS_NET_GE_50PCT,COMPLETE,3,3,1,UNAVAILABLE_NO_SOURCE_BASKET_ID
BOSS19_P4B_REGIME_AFFINITY_V1,2026-09-02T17:30:00Z,1330a822ed66149ba07d693d8732ced5b9e9ce66d15f34ce8d21ef70894b760c,5f3a0f8d1accd25cb6cc08ad1c6e291aed6d238d620269102151016dbfaf569d,858f4d02d1ae30511dd1f38ffab347c85c06a4a25df4bedf901dc169c2847916,ffa5a59f49cf9099c50520cc95c548ad2d47883a472689dfb58ffc722a44d51e,bb331765f169503ad878223d54a6f45fd2bb6e289609ae671857e298384463a4,BOSS19_P4_REGIME_CLASSIFIER_V1,1.0.0,H3-C18-BWD,BWD,2020,BTCUSD,H4,DEAL,NEUTRAL,TRANSITION,HIGH,CLASSIFIED,3,3,0,0.05555556,-1.74000000,0.00000000,-1.74000000,0.00000000,1.74000000,PARTITION_REALIZED_SEQUENCE,EXIT_TIME_MSC_THEN_SOURCE_DEAL_ID,,,UNAVAILABLE_FROM_SOURCE_BOUND_UNIT_PACKAGE,1.00000000,0,{},UNKNOWN,NO_PREDECLARED_NUMERIC_MAPPING_IN_CONTRACT,BASKET_UNAVAILABLE;SHORT_CALENDAR_SPAN;SINGLE_YEAR_ABS_NET_GE_50PCT,COMPLETE,1,1,1,UNAVAILABLE_NO_SOURCE_BASKET_ID
BOSS19_P4B_REGIME_AFFINITY_V1,2026-09-02T17:30:00Z,1330a822ed66149ba07d693d8732ced5b9e9ce66d15f34ce8d21ef70894b760c,5f3a0f8d1accd25cb6cc08ad1c6e291aed6d238d620269102151016dbfaf569d,858f4d02d1ae30511dd1f38ffab347c85c06a4a25df4bedf901dc169c2847916,ffa5a59f49cf9099c50520cc95c548ad2d47883a472689dfb58ffc722a44d51e,bb331765f169503ad878223d54a6f45fd2bb6e289609ae671857e298384463a4,BOSS19_P4_REGIME_CLASSIFIER_V1,1.0.0,H3-C18-BWD,BWD,2020,BTCUSD,H4,DEAL,NEUTRAL,TRANSITION,LOW,CLASSIFIED,1,1,0,0.01851852,2.93000000,2.93000000,0.00000000,,0.00000000,PARTITION_REALIZED_SEQUENCE,EXIT_TIME_MSC_THEN_SOURCE_DEAL_ID,,,UNAVAILABLE_FROM_SOURCE_BOUND_UNIT_PACKAGE,1.00000000,0,{},UNKNOWN,NO_PREDECLARED_NUMERIC_MAPPING_IN_CONTRACT,BASKET_UNAVAILABLE;SHORT_CALENDAR_SPAN;SINGLE_YEAR_ABS_NET_GE_50PCT,COMPLETE,1,1,1,UNAVAILABLE_NO_SOURCE_BASKET_ID
BOSS19_P4B_REGIME_AFFINITY_V1,2026-09-02T17:30:00Z,1330a822ed66149ba07d693d8732ced5b9e9ce66d15f34ce8d21ef70894b760c,5f3a0f8d1accd25cb6cc08ad1c6e291aed6d238d620269102151016dbfaf569d,858f4d02d1ae30511dd1f38ffab347c85c06a4a25df4bedf901dc169c2847916,ffa5a59f49cf9099c50520cc95c548ad2d47883a472689dfb58ffc722a44d51e,bb331765f169503ad878223d54a6f45fd2bb6e289609ae671857e298384463a4,BOSS19_P4_REGIME_CLASSIFIER_V1,1.0.0,H3-C18-BWD,BWD,2020,BTCUSD,H4,DEAL,NEUTRAL,TREND_UP,LOW,CLASSIFIED,6,6,0,0.11111111,34.76000000,34.76000000,0.00000000,,0.00000000,PARTITION_REALIZED_SEQUENCE,EXIT_TIME_MSC_THEN_SOURCE_DEAL_ID,,,UNAVAILABLE_FROM_SOURCE_BOUND_UNIT_PACKAGE,1.00000000,0,{},UNKNOWN,NO_PREDECLARED_NUMERIC_MAPPING_IN_CONTRACT,BASKET_UNAVAILABLE;SHORT_CALENDAR_SPAN;SINGLE_YEAR_ABS_NET_GE_50PCT,COMPLETE,1,1,1,UNAVAILABLE_NO_SOURCE_BASKET_ID
BOSS19_P4B_REGIME_AFFINITY_V1,2026-09-02T17:30:00Z,1330a822ed66149ba07d693d8732ced5b9e9ce66d15f34ce8d21ef70894b760c,5f3a0f8d1accd25cb6cc08ad1c6e291aed6d238d620269102151016dbfaf569d,858f4d02d1ae30511dd1f38ffab347c85c06a4a25df4bedf901dc169c2847916,ffa5a59f49cf9099c50520cc95c548ad2d47883a472689dfb58ffc722a44d51e,bb331765f169503ad878223d54a6f45fd2bb6e289609ae671857e298384463a4,BOSS19_P4_REGIME_CLASSIFIER_V1,1.0.0,H3-C18-BWD,BWD,2020,BTCUSD,H4,DEAL,NEUTRAL,TREND_UP,NORMAL,CLASSIFIED,18,18,0,0.33333333,186.42000000,186.42000000,0.00000000,,0.00000000,PARTITION_REALIZED_SEQUENCE,EXIT_TIME_MSC_THEN_SOURCE_DEAL_ID,,,UNAVAILABLE_FROM_SOURCE_BOUND_UNIT_PACKAGE,1.00000000,0,{},UNKNOWN,NO_PREDECLARED_NUMERIC_MAPPING_IN_CONTRACT,BASKET_UNAVAILABLE;SHORT_CALENDAR_SPAN;SINGLE_YEAR_ABS_NET_GE_50PCT,COMPLETE,7,3,1,UNAVAILABLE_NO_SOURCE_BASKET_ID
BOSS19_P4B_REGIME_AFFINITY_V1,2026-09-02T17:30:00Z,1330a822ed66149ba07d693d8732ced5b9e9ce66d15f34ce8d21ef70894b760c,5f3a0f8d1accd25cb6cc08ad1c6e291aed6d238d620269102151016dbfaf569d,858f4d02d1ae30511dd1f38ffab347c85c06a4a25df4bedf901dc169c2847916,ffa5a59f49cf9099c50520cc95c548ad2d47883a472689dfb58ffc722a44d51e,bb331765f169503ad878223d54a6f45fd2bb6e289609ae671857e298384463a4,BOSS19_P4_REGIME_CLASSIFIER_V1,1.0.0,H3-C18-BWD,BWD,2020,BTCUSD,H4,DEAL,STRESS,TRANSITION,EXTREME,CLASSIFIED,1,1,0,0.01851852,7.66000000,7.66000000,0.00000000,,0.00000000,PARTITION_REALIZED_SEQUENCE,EXIT_TIME_MSC_THEN_SOURCE_DEAL_ID,,,UNAVAILABLE_FROM_SOURCE_BOUND_UNIT_PACKAGE,1.00000000,0,{},UNKNOWN,NO_PREDECLARED_NUMERIC_MAPPING_IN_CONTRACT,BASKET_UNAVAILABLE;SHORT_CALENDAR_SPAN;SINGLE_YEAR_ABS_NET_GE_50PCT,COMPLETE,1,1,1,UNAVAILABLE_NO_SOURCE_BASKET_ID
BOSS19_P4B_REGIME_AFFINITY_V1,2026-09-02T17:30:00Z,1330a822ed66149ba07d693d8732ced5b9e9ce66d15f34ce8d21ef70894b760c,5f3a0f8d1accd25cb6cc08ad1c6e291aed6d238d620269102151016dbfaf569d,858f4d02d1ae30511dd1f38ffab347c85c06a4a25df4bedf901dc169c2847916,ffa5a59f49cf9099c50520cc95c548ad2d47883a472689dfb58ffc722a44d51e,bb331765f169503ad878223d54a6f45fd2bb6e289609ae671857e298384463a4,BOSS19_P4_REGIME_CLASSIFIER_V1,1.0.0,H3-C18-BWD,BWD,2020,BTCUSD,H4,DEAL,STRESS,TREND_UP,LOW,CLASSIFIED,3,3,0,0.05555556,29.20000000,29.20000000,0.00000000,,0.00000000,PARTITION_REALIZED_SEQUENCE,EXIT_TIME_MSC_THEN_SOURCE_DEAL_ID,,,UNAVAILABLE_FROM_SOURCE_BOUND_UNIT_PACKAGE,1.00000000,0,{},UNKNOWN,NO_PREDECLARED_NUMERIC_MAPPING_IN_CONTRACT,BASKET_UNAVAILABLE;SHORT_CALENDAR_SPAN;SINGLE_YEAR_ABS_NET_GE_50PCT,COMPLETE,1,1,1,UNAVAILABLE_NO_SOURCE_BASKET_ID
BOSS19_P4B_REGIME_AFFINITY_V1,2026-09-02T17:30:00Z,1330a822ed66149ba07d693d8732ced5b9e9ce66d15f34ce8d21ef70894b760c,5f3a0f8d1accd25cb6cc08ad1c6e291aed6d238d620269102151016dbfaf569d,858f4d02d1ae30511dd1f38ffab347c85c06a4a25df4bedf901dc169c2847916,ffa5a59f49cf9099c50520cc95c548ad2d47883a472689dfb58ffc722a44d51e,bb331765f169503ad878223d54a6f45fd2bb6e289609ae671857e298384463a4,BOSS19_P4_REGIME_CLASSIFIER_V1,1.0.0,H3-C18-BWD,BWD,2020,BTCUSD,H4,DEAL,STRESS,TREND_UP,NORMAL,CLASSIFIED,7,7,0,0.12962963,54.52000000,54.52000000,0.00000000,,0.00000000,PARTITION_REALIZED_SEQUENCE,EXIT_TIME_MSC_THEN_SOURCE_DEAL_ID,,,UNAVAILABLE_FROM_SOURCE_BOUND_UNIT_PACKAGE,1.00000000,0,{},UNKNOWN,NO_PREDECLARED_NUMERIC_MAPPING_IN_CONTRACT,BASKET_UNAVAILABLE;SHORT_CALENDAR_SPAN;SINGLE_YEAR_ABS_NET_GE_50PCT,COMPLETE,3,3,1,UNAVAILABLE_NO_SOURCE_BASKET_ID
BOSS19_P4B_REGIME_AFFINITY_V1,2026-09-02T17:30:00Z,1330a822ed66149ba07d693d8732ced5b9e9ce66d15f34ce8d21ef70894b760c,5f3a0f8d1accd25cb6cc08ad1c6e291aed6d238d620269102151016dbfaf569d,858f4d02d1ae30511dd1f38ffab347c85c06a4a25df4bedf901dc169c2847916,ffa5a59f49cf9099c50520cc95c548ad2d47883a472689dfb58ffc722a44d51e,bb331765f169503ad878223d54a6f45fd2bb6e289609ae671857e298384463a4,BOSS19_P4_REGIME_CLASSIFIER_V1,1.0.0,H3-C18-BWD,BWD,2022,BTCUSD,H4,DEAL,RISK_OFF,RANGE,LOW,CLASSIFIED,1,1,0,0.01851852,10.96000000,10.96000000,0.00000000,,0.00000000,PARTITION_REALIZED_SEQUENCE,EXIT_TIME_MSC_THEN_SOURCE_DEAL_ID,,,UNAVAILABLE_FROM_SOURCE_BOUND_UNIT_PACKAGE,1.00000000,0,{},UNKNOWN,NO_PREDECLARED_NUMERIC_MAPPING_IN_CONTRACT,BASKET_UNAVAILABLE;SHORT_CALENDAR_SPAN;SINGLE_YEAR_ABS_NET_GE_50PCT,COMPLETE,1,1,1,UNAVAILABLE_NO_SOURCE_BASKET_ID
BOSS19_P4B_REGIME_AFFINITY_V1,2026-09-02T17:30:00Z,1330a822ed66149ba07d693d8732ced5b9e9ce66d15f34ce8d21ef70894b760c,5f3a0f8d1accd25cb6cc08ad1c6e291aed6d238d620269102151016dbfaf569d,858f4d02d1ae30511dd1f38ffab347c85c06a4a25df4bedf901dc169c2847916,ffa5a59f49cf9099c50520cc95c548ad2d47883a472689dfb58ffc722a44d51e,bb331765f169503ad878223d54a6f45fd2bb6e289609ae671857e298384463a4,BOSS19_P4_REGIME_CLASSIFIER_V1,1.0.0,H3-C18-BWD,BWD,2022,BTCUSD,H4,DEAL,RISK_OFF,TRANSITION,LOW,CLASSIFIED,1,1,0,0.01851852,9.86000000,9.86000000,0.00000000,,0.00000000,PARTITION_REALIZED_SEQUENCE,EXIT_TIME_MSC_THEN_SOURCE_DEAL_ID,,,UNAVAILABLE_FROM_SOURCE_BOUND_UNIT_PACKAGE,1.00000000,0,{},UNKNOWN,NO_PREDECLARED_NUMERIC_MAPPING_IN_CONTRACT,BASKET_UNAVAILABLE;SHORT_CALENDAR_SPAN;SINGLE_YEAR_ABS_NET_GE_50PCT,COMPLETE,1,1,1,UNAVAILABLE_NO_SOURCE_BASKET_ID
BOSS19_P4B_REGIME_AFFINITY_V1,2026-09-02T17:30:00Z,1330a822ed66149ba07d693d8732ced5b9e9ce66d15f34ce8d21ef70894b760c,5f3a0f8d1accd25cb6cc08ad1c6e291aed6d238d620269102151016dbfaf569d,858f4d02d1ae30511dd1f38ffab347c85c06a4a25df4bedf901dc169c2847916,ffa5a59f49cf9099c50520cc95c548ad2d47883a472689dfb58ffc722a44d51e,bb331765f169503ad878223d54a6f45fd2bb6e289609ae671857e298384463a4,BOSS19_P4_REGIME_CLASSIFIER_V1,1.0.0,H3-C18-BWD,BWD,2022,BTCUSD,H4,DEAL,RISK_OFF,TREND_DOWN,HIGH,CLASSIFIED,6,6,0,0.11111111,17.66000000,17.66000000,0.00000000,,0.00000000,PARTITION_REALIZED_SEQUENCE,EXIT_TIME_MSC_THEN_SOURCE_DEAL_ID,,,UNAVAILABLE_FROM_SOURCE_BOUND_UNIT_PACKAGE,1.00000000,0,{},UNKNOWN,NO_PREDECLARED_NUMERIC_MAPPING_IN_CONTRACT,BASKET_UNAVAILABLE;SHORT_CALENDAR_SPAN;SINGLE_YEAR_ABS_NET_GE_50PCT,COMPLETE,2,1,1,UNAVAILABLE_NO_SOURCE_BASKET_ID
BOSS19_P4B_REGIME_AFFINITY_V1,2026-09-02T17:30:00Z,1330a822ed66149ba07d693d8732ced5b9e9ce66d15f34ce8d21ef70894b760c,5f3a0f8d1accd25cb6cc08ad1c6e291aed6d238d620269102151016dbfaf569d,858f4d02d1ae30511dd1f38ffab347c85c06a4a25df4bedf901dc169c2847916,ffa5a59f49cf9099c50520cc95c548ad2d47883a472689dfb58ffc722a44d51e,bb331765f169503ad878223d54a6f45fd2bb6e289609ae671857e298384463a4,BOSS19_P4_REGIME_CLASSIFIER_V1,1.0.0,H3-C18-BWD,BWD,2022,BTCUSD,H4,DEAL,RISK_OFF,TREND_DOWN,LOW,CLASSIFIED,2,2,0,0.03703704,2.87000000,2.87000000,0.00000000,,0.00000000,PARTITION_REALIZED_SEQUENCE,EXIT_TIME_MSC_THEN_SOURCE_DEAL_ID,,,UNAVAILABLE_FROM_SOURCE_BOUND_UNIT_PACKAGE,1.00000000,0,{},UNKNOWN,NO_PREDECLARED_NUMERIC_MAPPING_IN_CONTRACT,BASKET_UNAVAILABLE;SHORT_CALENDAR_SPAN;SINGLE_YEAR_ABS_NET_GE_50PCT,COMPLETE,1,1,1,UNAVAILABLE_NO_SOURCE_BASKET_ID
BOSS19_P4B_REGIME_AFFINITY_V1,2026-09-02T17:30:00Z,1330a822ed66149ba07d693d8732ced5b9e9ce66d15f34ce8d21ef70894b760c,5f3a0f8d1accd25cb6cc08ad1c6e291aed6d238d620269102151016dbfaf569d,858f4d02d1ae30511dd1f38ffab347c85c06a4a25df4bedf901dc169c2847916,ffa5a59f49cf9099c50520cc95c548ad2d47883a472689dfb58ffc722a44d51e,bb331765f169503ad878223d54a6f45fd2bb6e289609ae671857e298384463a4,BOSS19_P4_REGIME_CLASSIFIER_V1,1.0.0,H3-C18-BWD,BWD,2022,BTCUSD,H4,DEAL,RISK_OFF,TREND_UP,LOW,CLASSIFIED,1,1,0,0.01851852,7.56000000,7.56000000,0.00000000,,0.00000000,PARTITION_REALIZED_SEQUENCE,EXIT_TIME_MSC_THEN_SOURCE_DEAL_ID,,,UNAVAILABLE_FROM_SOURCE_BOUND_UNIT_PACKAGE,1.00000000,0,{},UNKNOWN,NO_PREDECLARED_NUMERIC_MAPPING_IN_CONTRACT,BASKET_UNAVAILABLE;SHORT_CALENDAR_SPAN;SINGLE_YEAR_ABS_NET_GE_50PCT,COMPLETE,1,1,1,UNAVAILABLE_NO_SOURCE_BASKET_ID
BOSS19_P4B_REGIME_AFFINITY_V1,2026-09-02T17:30:00Z,1330a822ed66149ba07d693d8732ced5b9e9ce66d15f34ce8d21ef70894b760c,5f3a0f8d1accd25cb6cc08ad1c6e291aed6d238d620269102151016dbfaf569d,858f4d02d1ae30511dd1f38ffab347c85c06a4a25df4bedf901dc169c2847916,ffa5a59f49cf9099c50520cc95c548ad2d47883a472689dfb58ffc722a44d51e,bb331765f169503ad878223d54a6f45fd2bb6e289609ae671857e298384463a4,BOSS19_P4_REGIME_CLASSIFIER_V1,1.0.0,H3-C18-MAIN,MAIN,2023,BTCUSD,H4,DEAL,RISK_OFF,RANGE,LOW,CLASSIFIED,2,2,0,1.00000000,-720.21000000,1.22000000,-721.43000000,0.00169109,721.43000000,PARTITION_REALIZED_SEQUENCE,EXIT_TIME_MSC_THEN_SOURCE_DEAL_ID,,,UNAVAILABLE_FROM_SOURCE_BOUND_UNIT_PACKAGE,1.00000000,0,{},UNKNOWN,NO_PREDECLARED_NUMERIC_MAPPING_IN_CONTRACT,BASKET_UNAVAILABLE;SHORT_CALENDAR_SPAN;SINGLE_TUPLE_ABS_NET_GE_50PCT;SINGLE_TUPLE_PARTICIPATION_GE_50PCT;SINGLE_YEAR_ABS_NET_GE_50PCT,COMPLETE,2,1,1,UNAVAILABLE_NO_SOURCE_BASKET_ID
