ea_id,path,expert_name,symbol,period_tf,window_from,window_to,window_years,window_bucket,net_profit,profit_factor,balance_dd_abs,balance_dd_pct,equity_dd_abs,equity_dd_pct,total_trades,quality_label,quality_value,inputs_raw,danger_flags,xray_concept,xray_flags,xray_has_sl,xray_lot_escalation,parse_status,parse_fail_reason
1-1-1,D:\Forex\10_EA_PROJECTS\0. Jobot\1000+ EA BOT MOGUL Bundles\MT4 (ex4)\Forex\1\1-1\1-1-1\1-1-1.html,1-1-1,EURUSD,H1,2023.01.01,2023.12.31,0.997,<=1yr,41121.26,1.37,13288.50,21.53,17326.54,26.90,400,History Quality,100%,Lots_Per_Money=10000 BB_Period=15 BB_Deviations=1.5 RSI_Period=14 RSI_Buy=30 RSI_Sell=70 Body_Engulfing_Ratio=1.8 Multiple=1.6 ATRX=1.0 ATR_Period=14 MagicStart=3917,MONEY_LOT;MARTINGALE;NO_SL_INPUT(heuristic),,,,,ok,
1-1-13,D:\Forex\10_EA_PROJECTS\0. Jobot\1000+ EA BOT MOGUL Bundles\MT4 (ex4)\Forex\1\1-1\1-1-13\1-1-13.html,1-1-13,EURUSD,H1,2023.01.01,2023.12.31,0.997,<=1yr,11814.21,1.43,1474.21,7.26,1542.74,7.59,993,History Quality,100%,Lots_Per_Money=10000 BB_Period=18 BB_Deviations=1.0 RSI_Period=14 RSI_Buy=30 RSI_Sell=70 ATRX=1.0 ATR_Period=14 Multiple=1.8 MinuteToClose=9 MagicStart=7376,MONEY_LOT;MARTINGALE;NO_SL_INPUT(heuristic),,,,,ok,
1-1-14,D:\Forex\10_EA_PROJECTS\0. Jobot\1000+ EA BOT MOGUL Bundles\MT4 (ex4)\Forex\1\1-1\1-1-14\1-1-14.html,1-1-14,EURUSD,H1,2023.01.01,2023.12.31,0.997,<=1yr,79848.52,26.05,934.88,1.07,27799.60,35.02,393,History Quality,100%,Lots_Per_Money=1000000 BB_Period=20 BB_Deviations=1.3 RSI_Period=14 RSI_Buy=30 RSI_Sell=70 ATRX=1.6 ATR_Period=14 Multiple=2 Close_ATR_Period=14 Close_ATRX=1.4 MagicStart=7376,MONEY_LOT;MARTINGALE;NO_SL_INPUT(heuristic),,,,,ok,
1-1-16,D:\Forex\10_EA_PROJECTS\0. Jobot\1000+ EA BOT MOGUL Bundles\MT4 (ex4)\Forex\1\1-1\1-1-16\1-1-16.html,1-1-16,EURUSD,H1,2023.01.01,2023.12.31,0.997,<=1yr,49940.89,3.82,1556.73,3.00,19203.52,33.89,491,History Quality,100%,Lots_Per_Money=100000 BB_Period=19 BB_Deviations=1.0 RSI_Period=14 RSI_Buy=30 RSI_Sell=70 ATRX=1.6 ATR_Period=14 Multiple=2.0 Close_Profit_Percent_1=1 Close_Profit_Percent_2=0.5 Close_Profit_Percent_3=0.1 MagicStart=7376,MONEY_LOT;MARTINGALE;NO_SL_INPUT(heuristic),,,,,ok,
1-1-17,D:\Forex\10_EA_PROJECTS\0. Jobot\1000+ EA BOT MOGUL Bundles\MT4 (ex4)\Forex\1\1-1\1-1-17\1-1-17.html,1-1-17,EURUSD,H1,2023.01.01,2023.12.31,0.997,<=1yr,81588.02,11.19,1685.78,8.62,24276.16,26.34,373,History Quality,100%,Lots_Per_Money=1000000 BB_Period=17 BB_Deviations=1.7 RSI_Period=14 RSI_Buy=30 RSI_Sell=70 ATRX=1.2 ATR_Period=14 Multiple=1.5 Close_Profit_Percent=9 MagicStart=7376,MONEY_LOT;MARTINGALE;NO_SL_INPUT(heuristic),,,,,ok,
1-1-18,D:\Forex\10_EA_PROJECTS\0. Jobot\1000+ EA BOT MOGUL Bundles\MT4 (ex4)\Forex\1\1-1\1-1-18\1-1-18.html,1-1-18,EURUSD,H1,2023.01.01,2023.12.31,0.997,<=1yr,6450.75,1.52,2615.98,14.06,2595.37,14.03,306,History Quality,100%,Lots_Per_Money=100000 BB_Period=15 BB_Deviations=1.9 RSI_Period=14 RSI_Buy=30 RSI_Sell=70 ATRX=1.7 ATR_Period=14 Multiple=1.1 CutLoss_Percent=1 Close_Profit_Percent=9 MagicStart=7376,MONEY_LOT;MARTINGALE;NO_SL_INPUT(heuristic),,,,,ok,
1-1-19,D:\Forex\10_EA_PROJECTS\0. Jobot\1000+ EA BOT MOGUL Bundles\MT4 (ex4)\Forex\1\1-1\1-1-19\1-1-19.html,1-1-19,EURUSD,H1,2023.01.01,2023.12.31,0.997,<=1yr,21889.50,1.56,16709.15,37.71,15516.00,34.07,539,History Quality,100%,Lots_Per_Money=100000 BB_Period=18 BB_Deviations=1.7 RSI_Period=14 RSI_Buy=30 RSI_Sell=70 ATRX=1.0 ATR_Period=14 Multiple=1.1 CutLoss_Percent=14 Close_Profit_Percent=10 MagicStart=7376,MONEY_LOT;MARTINGALE;NO_SL_INPUT(heuristic),,,,,ok,
1-1-2,D:\Forex\10_EA_PROJECTS\0. Jobot\1000+ EA BOT MOGUL Bundles\MT4 (ex4)\Forex\1\1-1\1-1-2\1-1-2.html,1-1-2,EURUSD,H1,2023.01.01,2023.12.31,0.997,<=1yr,386535.75,1.53,156185.61,29.53,208548.77,36.65,330,History Quality,100%,BB_Period=10 BB_Deviations=1.5 RSI_Period=14 RSI_Buy=30 RSI_Sell=70 ATRX=1 ATR_Period=14 Body_Star_Ratio=1.8 Lots_Per_Money=10000 MagicStart=7376,MONEY_LOT;NO_SL_INPUT(heuristic),,,,,ok,
1-1-20,D:\Forex\10_EA_PROJECTS\0. Jobot\1000+ EA BOT MOGUL Bundles\MT4 (ex4)\Forex\1\1-1\1-1-20\1-1-20.html,1-1-20,EURUSD,H1,2023.01.01,2023.12.31,0.997,<=1yr,8774.09,2.96,813.14,5.26,5848.80,40.69,774,History Quality,100%,Lots_Per_Money=100000 BB_Period=20 BB_Deviations=1 RSI_Period=14 RSI_Buy=30 RSI_Sell=70 ATRX=1 ATR_Period=14 Multiple=1.1 Close_ATR_Period=14 Close_ATRX=1.4 Close_Profit_Percent=1.0 Close_Profit_Money=20 MagicStart=7376,MONEY_LOT;MARTINGALE;NO_SL_INPUT(heuristic),,,,,ok,
1-1-21,D:\Forex\10_EA_PROJECTS\0. Jobot\1000+ EA BOT MOGUL Bundles\MT4 (ex4)\Forex\1\1-1\1-1-21\1-1-21.html,1-1-21,EURUSD,H1,2023.01.01,2023.12.31,0.997,<=1yr,150498.98,17.46,3121.99,2.75,48156.48,41.01,402,History Quality,100%,Lots_Per_Money=100000 BB_Period=13 BB_Deviations=1.8 RSI_Period=14 RSI_Buy=30 RSI_Sell=70 ATRX=1.2 ATR_Period=14 Multiple=1.1 Close_ATR_Period=14 Close_ATRX=1.9 EMA_Period=14 MagicStart=7376,MONEY_LOT;MARTINGALE;NO_SL_INPUT(heuristic),,,,,ok,
1-1-22,D:\Forex\10_EA_PROJECTS\0. Jobot\1000+ EA BOT MOGUL Bundles\MT4 (ex4)\Forex\1\1-1\1-1-22\1-1-22.html,12346,EURUSD,H1,2023.01.01,2023.12.31,0.997,<=1yr,18719.52,6.00,405.59,3.18,6016.40,23.86,885,History Quality,100%,Lots_Per_Money=1000000 BB_Period=10 BB_Deviations=1.0 RSI_Period=14 RSI_Buy=30 RSI_Sell=70 ATRX=1.0 ATR_Period=14 Multiple=1.8 TL_Start_ATR=1 TL_Stop_ATR=1.4 TL_Step_ATR=0.1 Close_Profit_Percent=3 MagicStart=7376,MONEY_LOT;MARTINGALE;NO_SL_INPUT(heuristic),,,,,ok,
1-1-23,D:\Forex\10_EA_PROJECTS\0. Jobot\1000+ EA BOT MOGUL Bundles\MT4 (ex4)\Forex\1\1-1\1-1-23\1-1-23.html,1-1-23,EURUSD,H1,2023.01.01,2023.12.31,0.997,<=1yr,20074.51,64.02,302.45,1.09,7414.03,34.87,337,History Quality,100%,"Lots_Per_Money=100000 BB_Period=12 BB_Deviations=2.0 RSI_Period=14 RSI_Buy=30 RSI_Sell=70 ATRX=1.3 ATR_Period=14 Multiple=1.1 TL_Step_ATR=1 TL_Stop_Level=20/5, 30/10, 40/15, 50/20 MagicStart=7376",MONEY_LOT;MARTINGALE;NO_SL_INPUT(heuristic),,,,,ok,
1-1-24,D:\Forex\10_EA_PROJECTS\0. Jobot\1000+ EA BOT MOGUL Bundles\MT4 (ex4)\Forex\1\1-1\1-1-24\1-1-24.html,1-1-24,EURUSD,H1,2023.01.01,2023.12.31,0.997,<=1yr,30176.64,33.65,302.64,0.75,6004.91,29.35,1039,History Quality,100%,Lots_Per_Money=100000 BB_Period=17 BB_Deviations=1.6 RSI_Period=14 RSI_Buy=30 RSI_Sell=70 ATRX=1.8 ATR_Period=14 Multiple=1.3 TL_Stop_Money_Percent=0.1 Percent_Step_TL_Money=10 Percent_Start_TL_Money=140 MagicStart=7376,MONEY_LOT;MARTINGALE;NO_SL_INPUT(heuristic),,,,,ok,
1-1-26,D:\Forex\10_EA_PROJECTS\0. Jobot\1000+ EA BOT MOGUL Bundles\MT4 (ex4)\Forex\1\1-1\1-1-26\1-1-26.html,1-1-26,EURUSD,H1,2023.01.01,2023.12.31,0.997,<=1yr,32468.74,12.16,265.76,0.88,1548.56,7.42,1095,History Quality,100%,Lots_Per_Money=10000 BB_Period=20 BB_Deviations=1.0 RSI_Period=14 RSI_Buy=30 RSI_Sell=70 ATRX=1.3 ATR_Period=14 Multiple=1.5 TLStop_Percent_Profit=3 TLStep_Percent_TLStop=19 TLStart_Percent_TLStop=140 MagicStart=7376,MONEY_LOT;MARTINGALE;NO_SL_INPUT(heuristic),,,,,ok,
1-1-29,D:\Forex\10_EA_PROJECTS\0. Jobot\1000+ EA BOT MOGUL Bundles\MT4 (ex4)\Forex\1\1-1\1-1-29\1-1-29.html,1-1-29,EURUSD,H1,2023.01.01,2023.12.31,0.997,<=1yr,20547.32,10.68,281.16,0.99,516.04,1.94,854,History Quality,100%,Lots_Per_Money=10000 BB_Period=14 BB_Deviations=1.0 RSI_Period=14 RSI_Buy=30 RSI_Sell=70 ATRX=1.0 ATR_Period=14 Multiple=1.5 TL_Start_ATR=5 TL_Stop_ATR=8 TL_Step_ATR=8 MagicStart=7376,MONEY_LOT;MARTINGALE;NO_SL_INPUT(heuristic),,,,,ok,
1-1-3,D:\Forex\10_EA_PROJECTS\0. Jobot\1000+ EA BOT MOGUL Bundles\MT4 (ex4)\Forex\1\1-1\1-1-3\1-1-3.html,1-1-3,EURUSD,H1,2023.01.01,2023.12.31,0.997,<=1yr,61114.21,1.90,18084.90,20.38,21069.66,23.14,365,History Quality,100%,Lots_Per_Money=100000 BB_Period=10 BB_Deviations=1.5 RSI_Period=14 RSI_Buy=30 RSI_Sell=70 ATRX=1.3 ATR_Period=14 Multiple=2.0 Doji_Wick_Percent=70 MagicStart=7376,MONEY_LOT;MARTINGALE;NO_SL_INPUT(heuristic),candle_pattern+reversion,NO_SL;LOT_ESCALATION;NO_CAP,no,yes,ok,
1-1-30,D:\Forex\10_EA_PROJECTS\0. Jobot\1000+ EA BOT MOGUL Bundles\MT4 (ex4)\Forex\1\1-1\1-1-30\1-1-30.html,1-1-30,EURUSD,H1,2023.01.01,2023.12.31,0.997,<=1yr,159129.42,1.63,28899.28,25.14,31396.34,16.90,706,History Quality,100%,Lots_Per_Money=10000 BB_Period=10 BB_Deviations=1.0 RSI_Period=14 RSI_Buy=30 RSI_Sell=70 ATRX=1.0 ATR_Period=14 Multiple=1.7 TL_Step_ATR=5 Zigzag_Period=7 MagicStart=7376,MONEY_LOT;MARTINGALE;NO_SL_INPUT(heuristic),,,,,ok,
1-1-31,D:\Forex\10_EA_PROJECTS\0. Jobot\1000+ EA BOT MOGUL Bundles\MT4 (ex4)\Forex\1\1-1\1-1-31\1-1-31.html,1-1-31,EURUSD,H1,2023.01.01,2023.12.31,0.997,<=1yr,42111.50,6.94,711.87,1.40,11040.40,41.96,679,History Quality,100%,Lots_Per_Money=100000 BB_Period=15 BB_Deviations=1.0 RSI_Period=14 RSI_Buy=30 RSI_Sell=70 ATRX=1.0 ATR_Period=14 Multiple=1.9 Close_Profit_Pips=9 MagicStart=7376,MONEY_LOT;MARTINGALE;NO_SL_INPUT(heuristic),,,,,ok,
1-1-33,D:\Forex\10_EA_PROJECTS\0. Jobot\1000+ EA BOT MOGUL Bundles\MT4 (ex4)\Forex\1\1-1\1-1-33\1-1-33.html,1-1-33,EURUSD,H1,2023.01.01,2023.12.31,0.997,<=1yr,39762.05,3.55,1490.15,3.03,13306.44,28.08,558,History Quality,100%,Lots_Per_Money=100000 BB_Period=20 BB_Deviations=1.0 RSI_Period=14 RSI_Buy=30 RSI_Sell=70 ATRX=1.3 ATR_Period=14 Multiple=1.4 TL_Start_Money_Percent=10 TL_Step_Money_Percent=30 TL_Stop_Money_Percent=58 Close_Profit_Percent=1 MagicStart=7376,MONEY_LOT;MARTINGALE;NO_SL_INPUT(heuristic),,,,,ok,
1-1-34,D:\Forex\10_EA_PROJECTS\0. Jobot\1000+ EA BOT MOGUL Bundles\MT4 (ex4)\Forex\1\1-1\1-1-34\1-1-34.html,1-1-34,EURUSD,H1,2023.01.01,2023.12.31,0.997,<=1yr,109667.93,13.52,2365.38,8.75,40621.50,29.98,240,History Quality,100%,Lots_Per_Money=100000 BB_Period=16 BB_Deviations=1.9 RSI_Period=14 RSI_Buy=30 RSI_Sell=70 ATRX=1.4 ATR_Period=14 Multiple=1.4 TL_Stop_Money_Percent=14 Percent_Step_TL_Money=144 Percent_Start_TL_Money=290 MagicStart=7376,MONEY_LOT;MARTINGALE;NO_SL_INPUT(heuristic),,,,,ok,
1-1-4,D:\Forex\10_EA_PROJECTS\0. Jobot\1000+ EA BOT MOGUL Bundles\MT4 (ex4)\Forex\1\1-1\1-1-4\1-1-4.html,1-1-4,EURUSD,H1,2023.01.01,2023.12.31,0.997,<=1yr,200312.86,1.87,67366.39,26.09,106384.47,39.04,358,History Quality,100%,Lots_Per_Money=100000 BB_Period=18 BB_Deviations=1.4 RSI_Period=14 RSI_Buy=30 RSI_Sell=70 ATRX=1.7 ATR_Period=14 Multiple=1.6 Body_Tower_Ratio=2 MagicStart=7376,MONEY_LOT;MARTINGALE;NO_SL_INPUT(heuristic),,,,,ok,
1-1-5,D:\Forex\10_EA_PROJECTS\0. Jobot\1000+ EA BOT MOGUL Bundles\MT4 (ex4)\Forex\1\1-1\1-1-5\1-1-5.html,1-1-5,EURUSD,H1,2023.01.01,2023.12.31,0.997,<=1yr,192393.25,1.54,227376.77,52.91,66734.73,33.66,101,History Quality,100%,"Lots_Per_Money=100000 BB_Period=19 BB_Deviations=1.5 RSI_Period=14 RSI_Buy=30 RSI_Sell=70 ATRX=1.1 ATR_Period=14 Multiple=1.6 Zigzag=3 FIBO_6_Level=23.6,38.2,50,61.8,78.6,100 Zigzag_Period=3 MagicStart=7376",MONEY_LOT;MARTINGALE;NO_SL_INPUT(heuristic),,,,,ok,
1-1-6,D:\Forex\10_EA_PROJECTS\0. Jobot\1000+ EA BOT MOGUL Bundles\MT4 (ex4)\Forex\1\1-1\1-1-6\1-1-6.html,1-1-6,EURUSD,H1,2023.01.01,2023.12.31,0.997,<=1yr,5522.42,2.45,983.31,6.77,3782.46,30.88,491,History Quality,100%,Lots_Per_Money=10000000 BB_Period=10 BB_Deviations=1.5 RSI_Period=14 RSI_Buy=30 RSI_Sell=70 ATRX=1.3 ATR_Period=14 Multiple=1.1 MagicStart=7376,MONEY_LOT;MARTINGALE;NO_SL_INPUT(heuristic),,,,,ok,
1-1-7,D:\Forex\10_EA_PROJECTS\0. Jobot\1000+ EA BOT MOGUL Bundles\MT4 (ex4)\Forex\1\1-1\1-1-7\1-1-7.html,1-1-7,EURUSD,H1,2023.01.01,2023.12.31,0.997,<=1yr,2809.09,1.47,3434.84,23.27,4205.75,28.25,322,History Quality,100%,Lots_Per_Money=300000 BB_Period=14 BB_Deviations=1.9 RSI_Period=14 RSI_Buy=30 RSI_Sell=70 ATRX=1.9 ATR_Period=14 Multiple=1.0 Fast_EMA_period=12 Slow_EMA_period=26 Signal_SMA_period=9 MagicStart=7376,MONEY_LOT;NO_SL_INPUT(heuristic),,,,,ok,
1-1-8,D:\Forex\10_EA_PROJECTS\0. Jobot\1000+ EA BOT MOGUL Bundles\MT4 (ex4)\Forex\1\1-1\1-1-8\1-1-8.html,1-1-8,EURUSD,H1,2023.01.01,2023.12.31,0.997,<=1yr,17156.60,3.80,462.32,3.53,2469.18,11.06,646,History Quality,100%,Lots_Per_Money=1000000 BB_Period=14 BB_Deviations=1.1 RSI_Period=14 RSI_Buy=30 RSI_Sell=70 ATRX=1.0 ATR_Period=14 Multiple=2.0 BE_Offset_ATR=0.5 BE_Profit_ATR_Pips=1 Close_Profit_Percent=1 MagicStart=7376,MONEY_LOT;MARTINGALE;NO_SL_INPUT(heuristic),,,,,ok,
1-13-1,D:\Forex\10_EA_PROJECTS\0. Jobot\1000+ EA BOT MOGUL Bundles\MT4 (ex4)\Forex\1\1-13\1-13-1\1-13-1.html,1-13-1,EURUSD,H1,2023.01.01,2023.12.31,0.997,<=1yr,6983.54,1.69,1782.61,16.72,2490.04,22.97,473,History Quality,100%,Lots_Per_Money=100000 BB_Period=12 BB_Deviations=1.1 RSI_Period=16 RSI_Buy=30 RSI_Sell=70 Body_Engulfing_Ratio=2.0 ATRX=1.3 ATR_Period=16 Lot_Percent_Incre_Decre=100 Multiple=1.4 Balance_Percent_Incre=4 MagicStart=3917,MONEY_LOT;MARTINGALE;NO_SL_INPUT(heuristic),,,,,ok,
1-13-13,D:\Forex\10_EA_PROJECTS\0. Jobot\1000+ EA BOT MOGUL Bundles\MT4 (ex4)\Forex\1\1-13\1-13-13\1-13-13.html,1-13-13,EURUSD,H1,2023.01.01,2023.12.31,0.997,<=1yr,9835.36,1.70,1651.87,9.03,1766.49,9.65,531,History Quality,100%,Lots_Per_Money=10000 BB_Period=13 BB_Deviations=1.3 RSI_Period=16 RSI_Buy=30 RSI_Sell=70 ATRX=1.0 ATR_Period=16 MinuteToClose=9 Lot_Percent_Incre_Decre=1 Multiple=1.3 Balance_Percent_Incre=1 MagicStart=7376,MONEY_LOT;MARTINGALE;NO_SL_INPUT(heuristic),,,,,ok,
1-13-14,D:\Forex\10_EA_PROJECTS\0. Jobot\1000+ EA BOT MOGUL Bundles\MT4 (ex4)\Forex\1\1-13\1-13-14\1-13-14.html,1-13-14,EURUSD,H1,2023.01.01,2023.12.31,0.997,<=1yr,217956.83,15.18,3986.07,1.81,44635.35,20.28,304,History Quality,100%,Lots_Per_Money=100000 BB_Period=14 BB_Deviations=1.7 RSI_Period=16 RSI_Buy=30 RSI_Sell=70 ATRX=1.7 ATR_Period=16 Close_ATR_Period=16 Close_ATRX=1.6 Lot_Percent_Incre_Decre=1 Multiple=1.3 Balance_Percent_Incre=1 MagicStart=7376,MONEY_LOT;MARTINGALE;NO_SL_INPUT(heuristic),,,,,ok,
1-13-16,D:\Forex\10_EA_PROJECTS\0. Jobot\1000+ EA BOT MOGUL Bundles\MT4 (ex4)\Forex\1\1-13\1-13-16\1-13-16.html,1-13-16,EURUSD,H1,2023.01.01,2023.12.31,0.997,<=1yr,25286.74,3.30,1402.26,4.38,8946.54,25.30,426,History Quality,100%,Lots_Per_Money=100000 BB_Period=17 BB_Deviations=1.2 RSI_Period=16 RSI_Buy=30 RSI_Sell=70 ATRX=1.4 ATR_Period=16 Close_Profit_Percent_1=1 Close_Profit_Percent_2=0.5 Close_Profit_Percent_3=0.1 Lot_Percent_Incre_Decre=1 Multiple=1.3 Balance_Percent_Incre=1 MagicStart=7376,MONEY_LOT;MARTINGALE;NO_SL_INPUT(heuristic),,,,,ok,
1-13-17,D:\Forex\10_EA_PROJECTS\0. Jobot\1000+ EA BOT MOGUL Bundles\MT4 (ex4)\Forex\1\1-13\1-13-17\1-13-17.html,1-13-17,EURUSD,H1,2023.01.01,2023.12.31,0.997,<=1yr,32869.67,3.75,1784.42,4.73,11262.71,28.20,447,History Quality,100%,Lots_Per_Money=100000 BB_Period=19 BB_Deviations=1.1 RSI_Period=16 RSI_Buy=30 RSI_Sell=70 ATRX=1.3 ATR_Period=16 Close_Profit_Percent=1 Lot_Percent_Incre_Decre=1 Multiple=1.3 Balance_Percent_Incre=1 MagicStart=7376,MONEY_LOT;MARTINGALE;NO_SL_INPUT(heuristic),,,,,ok,
1-13-18,D:\Forex\10_EA_PROJECTS\0. Jobot\1000+ EA BOT MOGUL Bundles\MT4 (ex4)\Forex\1\1-13\1-13-18\1-13-18.html,1-13-18,EURUSD,H1,2023.01.01,2023.12.31,0.997,<=1yr,16320.59,2.40,2616.26,19.12,2765.50,20.18,453,History Quality,100%,Lots_Per_Money=100000 BB_Period=10 BB_Deviations=1.3 RSI_Period=16 RSI_Buy=30 RSI_Sell=70 ATRX=1.1 ATR_Period=16 CutLoss_Percent=10 Close_Profit_Percent=1 Lot_Percent_Incre_Decre=1 Multiple=1.3 Balance_Percent_Incre=1 MagicStart=7376,MONEY_LOT;MARTINGALE;NO_SL_INPUT(heuristic),,,,,ok,
1-13-19,D:\Forex\10_EA_PROJECTS\0. Jobot\1000+ EA BOT MOGUL Bundles\MT4 (ex4)\Forex\1\1-13\1-13-19\1-13-19.html,1-13-19,EURUSD,H1,2023.01.01,2023.12.31,0.997,<=1yr,14185.14,2.01,2730.50,19.51,2940.43,16.63,482,History Quality,100%,Lots_Per_Money=100000 BB_Period=14 BB_Deviations=1.3 RSI_Period=16 RSI_Buy=30 RSI_Sell=70 ATRX=1.1 ATR_Period=16 CutLoss_Percent=10 Close_Profit_Percent=1 Lot_Percent_Incre_Decre=1 Multiple=1.3 Balance_Percent_Incre=1 MagicStart=7376,MONEY_LOT;MARTINGALE;NO_SL_INPUT(heuristic),,,,,ok,
1-13-2,D:\Forex\10_EA_PROJECTS\0. Jobot\1000+ EA BOT MOGUL Bundles\MT4 (ex4)\Forex\1\1-13\1-13-2\1-13-2.html,1-13-2,EURUSD,H1,2023.01.01,2023.12.31,0.997,<=1yr,70001.69,2.14,15738.26,16.92,18546.87,19.72,464,History Quality,100%,Lots_Per_Money=100000 BB_Period=18 BB_Deviations=1.0 RSI_Period=16 RSI_Buy=30 RSI_Sell=70 ATRX=1.1 ATR_Period=16 Body_Star_Ratio=1.7 Lot_Percent_Incre_Decre=1 Multiple=1.3 Balance_Percent_Incre=1 MagicStart=7376,MONEY_LOT;MARTINGALE;NO_SL_INPUT(heuristic),,,,,ok,
1-13-20,D:\Forex\10_EA_PROJECTS\0. Jobot\1000+ EA BOT MOGUL Bundles\MT4 (ex4)\Forex\1\1-13\1-13-20\1-13-20.html,1-13-20,EURUSD,H1,2023.01.01,2023.12.31,0.997,<=1yr,32280.00,6.82,328.52,0.85,4278.18,10.81,729,History Quality,100%,Lots_Per_Money=10000 BB_Period=20 BB_Deviations=1.1 RSI_Period=16 RSI_Buy=30 RSI_Sell=70 ATRX=1.1 ATR_Period=16 Close_ATR_Period=16 Close_ATRX=1.3 Close_Profit_Percent=1 Close_Profit_Money=10 Lot_Percent_Incre_Decre=1 Multiple=1.3 Balance_Percent_Incre=1 MagicStart=7376,MONEY_LOT;MARTINGALE;NO_SL_INPUT(heuristic),,,,,ok,
1-13-21,D:\Forex\10_EA_PROJECTS\0. Jobot\1000+ EA BOT MOGUL Bundles\MT4 (ex4)\Forex\1\1-13\1-13-21\1-13-21.html,1-13-21,EURUSD,H1,2023.01.01,2023.12.31,0.997,<=1yr,38388.22,4.35,1633.15,3.75,13434.72,27.98,345,History Quality,100%,Lots_Per_Money=100000 BB_Period=19 BB_Deviations=1.0 RSI_Period=16 RSI_Buy=30 RSI_Sell=70 ATRX=1.9 ATR_Period=16 Close_ATR_Period=16 Close_ATRX=1.8 EMA_Period=13 Close_Profit_Percent=2 Lot_Percent_Incre_Decre=1 Multiple=1.3 Balance_Percent_Incre=1 MagicStart=7376,MONEY_LOT;MARTINGALE;NO_SL_INPUT(heuristic),,,,,ok,
1-13-22,D:\Forex\10_EA_PROJECTS\0. Jobot\1000+ EA BOT MOGUL Bundles\MT4 (ex4)\Forex\1\1-13\1-13-22\1-13-22.html,1-13-22,EURUSD,H1,2023.01.01,2023.12.31,0.997,<=1yr,91333.62,7.09,3499.10,4.45,14102.46,15.42,500,History Quality,100%,Lots_Per_Money=100000 BB_Period=20 BB_Deviations=1.2 RSI_Period=16 RSI_Buy=30 RSI_Sell=70 ATRX=1.3 ATR_Period=16 TL_Start_ATR=2 TL_Stop_ATR=1 TL_Step_ATR=0.1 Close_Profit_Percent=2 Lot_Percent_Incre_Decre=1 Multiple=1.3 Balance_Percent_Incre=1 MagicStart=7376,MONEY_LOT;MARTINGALE;NO_SL_INPUT(heuristic),,,,,ok,
1-13-23,D:\Forex\10_EA_PROJECTS\0. Jobot\1000+ EA BOT MOGUL Bundles\MT4 (ex4)\Forex\1\1-13\1-13-23\1-13-23.html,1-13-23,EURUSD,H1,2023.01.01,2023.12.31,0.997,<=1yr,37074.27,5.43,1298.40,3.03,13830.50,29.38,421,History Quality,100%,"Lots_Per_Money=100000 BB_Period=10 BB_Deviations=1.0 RSI_Period=16 RSI_Buy=30 RSI_Sell=70 ATRX=1.7 ATR_Period=16 TL_Step_ATR=0.1 TL_Stop_Level=20/5, 30/10, 40/15, 50/20 Close_Profit_Percent=2 Lot_Percent_Incre_Decre=1 Multiple=1.3 Balance_Percent_Incre=1 MagicStart=7376",MONEY_LOT;MARTINGALE;NO_SL_INPUT(heuristic),,,,,ok,
1-13-24,D:\Forex\10_EA_PROJECTS\0. Jobot\1000+ EA BOT MOGUL Bundles\MT4 (ex4)\Forex\1\1-13\1-13-24\1-13-24.html,1-13-24,EURUSD,H1,2023.01.01,2023.12.31,0.997,<=1yr,12354.64,1.33,2710.97,16.78,2936.79,18.00,797,History Quality,100%,Lots_Per_Money=10000 BB_Period=13 BB_Deviations=1.4 RSI_Period=12 RSI_Buy=30 RSI_Sell=70 ATRX=1.0 ATR_Period=16 TL_Stop_Money_Percent=1 Percent_Step_TL_Money=0.1 Percent_Start_TL_Money=2 Lot_Percent_Incre_Decre=1 Multiple=1.3 Balance_Percent_Incre=1 MagicStart=7376,MONEY_LOT;MARTINGALE;NO_SL_INPUT(heuristic),,,,,ok,
1-13-26,D:\Forex\10_EA_PROJECTS\0. Jobot\1000+ EA BOT MOGUL Bundles\MT4 (ex4)\Forex\1\1-13\1-13-26\1-13-26.html,1-13-26,EURUSD,H1,2023.01.01,2023.12.31,0.997,<=1yr,32108.52,12.75,323.40,1.30,1547.12,7.17,926,History Quality,100%,Lots_Per_Money=10000 BB_Period=18 BB_Deviations=1.0 RSI_Period=16 RSI_Buy=30 RSI_Sell=70 ATRX=1.5 ATR_Period=16 TLStop_Percent_Profit=1 TLStep_Percent_TLStop=0.1 TLStart_Percent_TLStop=2 Close_Profit_Percent=1 Lot_Percent_Incre_Decre=1 Multiple=1.3 Balance_Percent_Incre=1 MagicStart=7376,MONEY_LOT;MARTINGALE;NO_SL_INPUT(heuristic),,,,,ok,
1-13-29,D:\Forex\10_EA_PROJECTS\0. Jobot\1000+ EA BOT MOGUL Bundles\MT4 (ex4)\Forex\1\1-13\1-13-29\1-13-29.html,1-13-29,EURUSD,H1,2023.01.01,2023.12.31,0.997,<=1yr,16346.68,13.30,173.60,1.40,447.93,1.96,661,History Quality,100%,Lots_Per_Money=10000 BB_Period=16 BB_Deviations=1.1 RSI_Period=16 RSI_Buy=30 RSI_Sell=70 ATRX=1.6 ATR_Period=16 TL_Start_ATR=2 TL_Stop_ATR=1 TL_Step_ATR=0.1 Lot_Percent_Incre_Decre=1 Multiple=1.3 Balance_Percent_Incre=1 MagicStart=7376,MONEY_LOT;MARTINGALE;NO_SL_INPUT(heuristic),,,,,ok,
1-13-3,D:\Forex\10_EA_PROJECTS\0. Jobot\1000+ EA BOT MOGUL Bundles\MT4 (ex4)\Forex\1\1-13\1-13-3\1-13-3.html,1-13-3,EURUSD,H1,2023.01.01,2023.12.31,0.997,<=1yr,33713.08,1.78,10539.71,19.53,11898.54,21.77,494,History Quality,100%,Lots_Per_Money=100000 BB_Period=14 BB_Deviations=1.3 RSI_Period=16 RSI_Buy=30 RSI_Sell=70 ATRX=1.0 ATR_Period=16 Doji_Wick_Percent=70 Lot_Percent_Incre_Decre=1 Multiple=1.3 Balance_Percent_Incre=1 MagicStart=7376,MONEY_LOT;MARTINGALE;NO_SL_INPUT(heuristic),,,,,ok,
1-13-30,D:\Forex\10_EA_PROJECTS\0. Jobot\1000+ EA BOT MOGUL Bundles\MT4 (ex4)\Forex\1\1-13\1-13-30\1-13-30.html,1-13-30,EURUSD,H1,2023.01.01,2023.12.31,0.997,<=1yr,38385.08,1.62,8714.10,15.92,11367.08,19.86,570,History Quality,100%,Lots_Per_Money=10000 BB_Period=20 BB_Deviations=1.3 RSI_Period=16 RSI_Buy=30 RSI_Sell=70 ATRX=1.0 ATR_Period=16 TL_Step_ATR=0.01 Zigzag_Period=7 Lot_Percent_Incre_Decre=1 Multiple=1.3 Balance_Percent_Incre=1 MagicStart=7376,MONEY_LOT;MARTINGALE;NO_SL_INPUT(heuristic),,,,,ok,
1-13-31,D:\Forex\10_EA_PROJECTS\0. Jobot\1000+ EA BOT MOGUL Bundles\MT4 (ex4)\Forex\1\1-13\1-13-31\1-13-31.html,1-13-31,EURUSD,H1,2023.01.01,2023.12.31,0.997,<=1yr,67034.89,4.46,2758.87,4.12,18140.68,25.07,599,History Quality,100%,Lots_Per_Money=100000 BB_Period=17 BB_Deviations=1.1 RSI_Period=14 RSI_Buy=30 RSI_Sell=70 ATRX=1.1 ATR_Period=14 Close_Profit_Pips=70 Close_Profit_Percent=1 Lot_Percent_Incre_Decre=1 Multiple=1.3 Balance_Percent_Incre=1 MagicStart=7376,MONEY_LOT;MARTINGALE;NO_SL_INPUT(heuristic),,,,,ok,
1-13-33,D:\Forex\10_EA_PROJECTS\0. Jobot\1000+ EA BOT MOGUL Bundles\MT4 (ex4)\Forex\1\1-13\1-13-33\1-13-33.html,1-13-33,EURUSD,H1,2023.01.01,2023.12.31,0.997,<=1yr,43053.34,1.60,8497.51,18.28,8674.61,18.59,551,History Quality,100%,Lots_Per_Money=10000 BB_Period=17 BB_Deviations=1.4 RSI_Period=16 RSI_Buy=30 RSI_Sell=70 ATRX=1.1 ATR_Period=16 TL_Start_Money_Percent=2 TL_Step_Money_Percent=0.1 TL_Stop_Money_Percent=1 Close_Profit_Percent=1 Lot_Percent_Incre_Decre=1 Multiple=1.3 Balance_Percent_Incre=1 MagicStart=7376,MONEY_LOT;MARTINGALE;NO_SL_INPUT(heuristic),,,,,ok,
1-13-34,D:\Forex\10_EA_PROJECTS\0. Jobot\1000+ EA BOT MOGUL Bundles\MT4 (ex4)\Forex\1\1-13\1-13-34\1-13-34.html,1-13-34,EURUSD,H1,2023.01.01,2023.12.31,0.997,<=1yr,6580.76,1.19,2086.89,12.93,2781.56,19.51,804,History Quality,100%,Lots_Per_Money=10000 BB_Period=14 BB_Deviations=1.2 RSI_Period=12 RSI_Buy=30 RSI_Sell=70 ATRX=1.9 ATR_Period=19 TL_Stop_Money_Percent=1 Percent_Step_TL_Money=0.1 Percent_Start_TL_Money=2 Close_Profit_Percent=1 Lot_Percent_Incre_Decre=1 Multiple=1.3 Balance_Percent_Incre=1 MagicStart=7376,MONEY_LOT;MARTINGALE;NO_SL_INPUT(heuristic),,,,,ok,
1-13-35,D:\Forex\10_EA_PROJECTS\0. Jobot\1000+ EA BOT MOGUL Bundles\MT4 (ex4)\Forex\1\1-13\1-13-35\1-13-35.html,1-13-35,EURUSD,H1,2023.01.01,2023.12.31,0.997,<=1yr,33711.51,3.64,1840.63,4.76,11979.93,29.09,480,History Quality,100%,Lots_Per_Money=100000 BB_Period=18 BB_Deviations=1.1 RSI_Period=16 RSI_Buy=30 RSI_Sell=70 ATRX=1.2 ATR_Period=16 TL_Start_Money_Percent=2 TL_Step_Money_Percent=0.1 TL_Stop_Money_Percent=1 Close_Profit_Percent=1 Martingale=1 Nearby_Next_Multiply=1 Lot_Percent_Incre_Decre=1 Multiple=1.3 Balance_Percent_Incre=1 MagicStart=7376,MONEY_LOT;MARTINGALE;NO_SL_INPUT(heuristic),,,,,ok,
1-13-4,D:\Forex\10_EA_PROJECTS\0. Jobot\1000+ EA BOT MOGUL Bundles\MT4 (ex4)\Forex\1\1-13\1-13-4\1-13-4.html,1-13-4,EURUSD,H1,2023.01.01,2023.12.31,0.997,<=1yr,113711.87,2.07,26163.35,21.39,48491.44,37.41,472,History Quality,100%,Lots_Per_Money=100000 BB_Period=15 BB_Deviations=1.1 RSI_Period=12 RSI_Buy=30 RSI_Sell=70 ATRX=1.7 ATR_Period=18 Body_Tower_Ratio=2.0 Lot_Percent_Incre_Decre=1 Multiple=1.3 Balance_Percent_Incre=1 MagicStart=7376,MONEY_LOT;MARTINGALE;NO_SL_INPUT(heuristic),,,,,ok,
1-13-5,D:\Forex\10_EA_PROJECTS\0. Jobot\1000+ EA BOT MOGUL Bundles\MT4 (ex4)\Forex\1\1-13\1-13-5\1-13-5.html,1-13-5,EURUSD,H1,2023.01.01,2023.12.31,0.997,<=1yr,33256.44,3.56,1840.63,4.80,12016.86,29.47,466,History Quality,100%,"Lots_Per_Money=100000 BB_Period=16 BB_Deviations=1.0 RSI_Period=16 RSI_Buy=30 RSI_Sell=70 ATRX=1.2 ATR_Period=16 FIBO_6_Level=23.6,38.2,50,61.8,78.6,100 Zigzag_Period=7 Close_Profit_Percent=1 Lot_Percent_Incre_Decre=1 Multiple=1.3 Balance_Percent_Incre=1 MagicStart=7376",MONEY_LOT;MARTINGALE;NO_SL_INPUT(heuristic),,,,,ok,
1-13-7,D:\Forex\10_EA_PROJECTS\0. Jobot\1000+ EA BOT MOGUL Bundles\MT4 (ex4)\Forex\1\1-13\1-13-7\1-13-7.html,1-13-7,EURUSD,H1,2023.01.01,2023.12.31,0.997,<=1yr,69742.60,2.23,14814.80,20.69,21679.96,30.12,1011,History Quality,100%,Lots_Per_Money=100000 BB_Period=10 BB_Deviations=1.0 RSI_Period=10 RSI_Buy=30 RSI_Sell=70 ATRX=1.0 ATR_Period=15 Fast_EMA_period=12 Slow_EMA_period=26 Signal_SMA_period=9 Close_Profit_Percent=1 Lot_Percent_Incre_Decre=1 Multiple=1.3 Balance_Percent_Incre=1 MagicStart=7376,MONEY_LOT;MARTINGALE;NO_SL_INPUT(heuristic),,,,,ok,
1-13-8,D:\Forex\10_EA_PROJECTS\0. Jobot\1000+ EA BOT MOGUL Bundles\MT4 (ex4)\Forex\1\1-13\1-13-8\1-13-8.html,1-13-8,EURUSD,H1,2023.01.01,2023.12.31,0.997,<=1yr,46538.42,3.39,2579.07,5.28,13792.30,26.39,568,History Quality,100%,Lots_Per_Money=100000 BB_Period=19 BB_Deviations=1.2 RSI_Period=13 RSI_Buy=30 RSI_Sell=70 ATRX=1.5 ATR_Period=18 BE_Offset_ATR=0.1 BE_Profit_ATR_Pips=10 Close_Profit_Percent=1 Lot_Percent_Incre_Decre=1 Multiple=1.3 Balance_Percent_Incre=1 MagicStart=7376,MONEY_LOT;MARTINGALE;NO_SL_INPUT(heuristic),,,,,ok,
1-16-1,D:\Forex\10_EA_PROJECTS\0. Jobot\1000+ EA BOT MOGUL Bundles\MT4 (ex4)\Forex\1\1-16\1-16-1\1-16-1.html,1-16-1,EURUSD,H1,2023.01.01,2023.12.31,0.997,<=1yr,14240.78,1.46,3398.90,20.55,4282.44,24.71,390,History Quality,100%,Lots_Per_Money=10000 BB_Period=20 BB_Deviations=1.0 RSI_Period=16 RSI_Buy=30 RSI_Sell=70 Body_Engulfing_Ratio=2 TP_ATR_Period=8 TP_ATRX=1.1 SL_ATR_Period=5 SL_ATRX=1.0 Percent_Invest=1 MagicStart=3917,MONEY_LOT,,,,,ok,
1-16-13,D:\Forex\10_EA_PROJECTS\0. Jobot\1000+ EA BOT MOGUL Bundles\MT4 (ex4)\Forex\1\1-16\1-16-13\1-16-13.html,1-16-13,EURUSD,H1,2023.01.01,2023.12.31,0.997,<=1yr,10032.01,1.34,1359.42,6.89,1500.36,7.60,2216,History Quality,100%,Lots_Per_Money=10000 BB_Period=13 BB_Deviations=1.0 RSI_Period=11 RSI_Buy=30 RSI_Sell=70 MinuteToClose=9 TP_ATR_Period=20 TP_ATRX=1.8 SL_ATR_Period=17 SL_ATRX=1.0 Percent_Invest=1 MagicStart=7376,MONEY_LOT,,,,,ok,
1-16-17,D:\Forex\10_EA_PROJECTS\0. Jobot\1000+ EA BOT MOGUL Bundles\MT4 (ex4)\Forex\1\1-16\1-16-17\1-16-17.html,1-16-17,EURUSD,H1,2023.01.01,2023.12.31,0.997,<=1yr,42452.94,3.79,14062.79,21.14,5933.69,10.73,1339,History Quality,100%,Lots_Per_Money=10000 BB_Period=18 BB_Deviations=1.0 RSI_Period=10 RSI_Buy=30 RSI_Sell=70 Close_Profit_Percent=0.1 DefaultWinRate=100 TP_ATR_Period=19 TP_ATRX=1.1 SL_ATR_Period=16 SL_ATRX=1.0 Percent_Invest=1 MagicStart=7376,MONEY_LOT,,,,,ok,
1-16-18,D:\Forex\10_EA_PROJECTS\0. Jobot\1000+ EA BOT MOGUL Bundles\MT4 (ex4)\Forex\1\1-16\1-16-18\1-16-18.html,1-16-18,EURUSD,H1,2023.01.01,2023.12.31,0.997,<=1yr,47742.04,8.52,5028.93,10.03,5123.60,10.22,1448,History Quality,100%,Lots_Per_Money=10000 BB_Period=18 BB_Deviations=1.1 RSI_Period=10 RSI_Buy=30 RSI_Sell=70 CutLoss_Percent=10 Close_Profit_Percent=0.1 TP_ATR_Period=20 TP_ATRX=1.1 SL_ATR_Period=18 SL_ATRX=1.0 Percent_Invest=1 MagicStart=7376,MONEY_LOT,,,,,ok,
1-16-19,D:\Forex\10_EA_PROJECTS\0. Jobot\1000+ EA BOT MOGUL Bundles\MT4 (ex4)\Forex\1\1-16\1-16-19\1-16-19.html,1-16-19,EURUSD,H1,2023.01.01,2023.12.31,0.997,<=1yr,57604.68,5.45,5792.11,10.04,5902.29,10.23,1508,History Quality,100%,Lots_Per_Money=10000 BB_Period=20 BB_Deviations=1.0 RSI_Period=10 RSI_Buy=30 RSI_Sell=70 CutLoss_Percent=10 Close_Profit_Percent=0.1 TP_ATR_Period=18 TP_ATRX=1.0 SL_ATR_Period=17 SL_ATRX=1.0 Percent_Invest=1 MagicStart=7376,MONEY_LOT,,,,,ok,
1-16-2,D:\Forex\10_EA_PROJECTS\0. Jobot\1000+ EA BOT MOGUL Bundles\MT4 (ex4)\Forex\1\1-16\1-16-2\1-16-2.html,1-16-2,EURUSD,H1,2023.01.01,2023.12.31,0.997,<=1yr,30846.83,2.06,5143.77,21.29,7850.27,17.11,114,History Quality,100%,Lots_Per_Money=10000 BB_Period=19 BB_Deviations=1.9 RSI_Period=16 RSI_Buy=30 RSI_Sell=70 Body_Star_Ratio=1.8 TP_ATR_Period=18 TP_ATRX=1.7 SL_ATR_Period=20 SL_ATRX=2.0 Percent_Invest=1 MagicStart=7376,MONEY_LOT,,,,,ok,
1-16-20,D:\Forex\10_EA_PROJECTS\0. Jobot\1000+ EA BOT MOGUL Bundles\MT4 (ex4)\Forex\1\1-16\1-16-20\1-16-20.html,1-16-20,EURUSD,H1,2023.01.01,2023.12.31,0.997,<=1yr,45213.85,35.02,9.60,0.02,2632.63,9.99,1615,History Quality,100%,Lots_Per_Money=10000 BB_Period=19 BB_Deviations=1 RSI_Period=10 RSI_Buy=30 RSI_Sell=70 Close_ATR_Period=14 Close_ATRX=1 Close_Profit_Percent=0.1 Close_Profit_Money=10.0 TP_ATR_Period=19 TP_ATRX=1 SL_ATR_Period=17 SL_ATRX=1 Percent_Invest=1.0 MagicStart=7376,MONEY_LOT,,,,,ok,
1-16-21,D:\Forex\10_EA_PROJECTS\0. Jobot\1000+ EA BOT MOGUL Bundles\MT4 (ex4)\Forex\1\1-16\1-16-21\1-16-21.html,1-16-21,EURUSD,H1,2023.01.01,2023.12.31,0.997,<=1yr,35954.83,3.12,16073.84,25.91,7907.13,15.60,1201,History Quality,100%,Lots_Per_Money=10000 BB_Period=12 BB_Deviations=1.1 RSI_Period=10 RSI_Buy=30 RSI_Sell=70 Close_ATR_Period=14 Close_ATRX=1.5 EMA_Period=12 Close_Profit_Percent=0.1 TP_ATR_Period=20 TP_ATRX=1.0 SL_ATR_Period=14 SL_ATRX=1.0 Percent_Invest=1 MagicStart=7376,MONEY_LOT,,,,,ok,
1-16-22,D:\Forex\10_EA_PROJECTS\0. Jobot\1000+ EA BOT MOGUL Bundles\MT4 (ex4)\Forex\1\1-16\1-16-22\1-16-22.html,1-16-22,EURUSD,H1,2023.01.01,2023.12.31,0.997,<=1yr,41902.26,3.47,15963.00,23.52,13252.42,23.19,1239,History Quality,100%,Lots_Per_Money=10000 BB_Period=17 BB_Deviations=1.1 RSI_Period=10 RSI_Buy=30 RSI_Sell=70 ATR_Period=17 TL_Start_ATR=2 TL_Stop_ATR=1 TL_Step_ATR=0.1 Close_Profit_Percent=0.1 TP_ATR_Period=13 TP_ATRX=1.0 SL_ATR_Period=17 SL_ATRX=1.0 Percent_Invest=1 MagicStart=7376,MONEY_LOT,,,,,ok,
1-16-23,D:\Forex\10_EA_PROJECTS\0. Jobot\1000+ EA BOT MOGUL Bundles\MT4 (ex4)\Forex\1\1-16\1-16-23\1-16-23.html,1-16-23,EURUSD,H1,2023.01.01,2023.12.31,0.997,<=1yr,61824.86,41.80,208.26,0.58,6298.51,10.73,1436,History Quality,100%,"Lots_Per_Money=10000 BB_Period=18 BB_Deviations=1.0 RSI_Period=10 RSI_Buy=30 RSI_Sell=70 ATR_Period=13 TL_Step_ATR=0.1 TL_Stop_Level=20/5, 30/10, 40/15, 50/20 Close_Profit_Percent=0.1 TP_ATR_Period=18 TP_ATRX=1 SL_ATR_Period=17 SL_ATRX=1 Percent_Invest=1 MagicStart=7376",MONEY_LOT,,,,,ok,
1-16-24,D:\Forex\10_EA_PROJECTS\0. Jobot\1000+ EA BOT MOGUL Bundles\MT4 (ex4)\Forex\1\1-16\1-16-24\1-16-24.html,1-16-24,EURUSD,H1,2023.01.01,2023.12.31,0.997,<=1yr,12246.10,1.41,1590.50,8.25,1951.83,8.85,910,History Quality,100%,Lots_Per_Money=10000 BB_Period=14 BB_Deviations=1.0 RSI_Period=11 RSI_Buy=30 RSI_Sell=70 TL_Stop_Money_Percent=1 Percent_Step_TL_Money=0.1 Percent_Start_TL_Money=2 TP_ATR_Period=19 TP_ATRX=1.9 SL_ATR_Period=11 SL_ATRX=1.1 Percent_Invest=1 MagicStart=7376,MONEY_LOT,,,,,ok,
1-16-26,D:\Forex\10_EA_PROJECTS\0. Jobot\1000+ EA BOT MOGUL Bundles\MT4 (ex4)\Forex\1\1-16\1-16-26\1-16-26.html,1-16-26,EURUSD,H1,2023.01.01,2023.12.31,0.997,<=1yr,40532.34,11.43,595.89,1.29,2506.35,10.25,2660,History Quality,100%,Lots_Per_Money=10000 BB_Period=15 BB_Deviations=1.0 RSI_Period=10 RSI_Buy=30 RSI_Sell=70 TLStop_Percent_Profit=1 TLStep_Percent_TLStop=0.1 TLStart_Percent_TLStop=2 Close_Profit_Percent=0.1 TP_ATR_Period=17 TP_ATRX=1.5 SL_ATR_Period=17 SL_ATRX=1.2 Percent_Invest=1 MagicStart=7376,MONEY_LOT,,,,,ok,
1-16-29,D:\Forex\10_EA_PROJECTS\0. Jobot\1000+ EA BOT MOGUL Bundles\MT4 (ex4)\Forex\1\1-16\1-16-29\1-16-29.html,1-16-29,EURUSD,H1,2023.01.01,2023.12.31,0.997,<=1yr,39631.91,12.09,585.33,1.29,1547.22,4.82,2616,History Quality,100%,Lots_Per_Money=10000 BB_Period=17 BB_Deviations=1.1 RSI_Period=10 RSI_Buy=30 RSI_Sell=70 ATR_Period=15 TL_Start_ATR=2 TL_Stop_ATR=1 TL_Step_ATR=0.1 TP_ATR_Period=18 TP_ATRX=1.7 SL_ATR_Period=16 SL_ATRX=1.2 Percent_Invest=1 MagicStart=7376,MONEY_LOT,,,,,ok,
1-16-3,D:\Forex\10_EA_PROJECTS\0. Jobot\1000+ EA BOT MOGUL Bundles\MT4 (ex4)\Forex\1\1-16\1-16-3\1-16-3.html,1-16-3,EURUSD,H1,2023.01.01,2023.12.31,0.997,<=1yr,13182.45,1.64,3730.74,19.64,4392.39,22.50,128,History Quality,100%,Lots_Per_Money=10000 BB_Period=12 BB_Deviations=1.1 RSI_Period=20 RSI_Buy=30 RSI_Sell=70 Doji_Wick_Percent=70 TP_ATR_Period=8 TP_ATRX=1.5 SL_ATR_Period=10 SL_ATRX=1.0 Percent_Invest=1 MagicStart=7376,MONEY_LOT,,,,,ok,
1-16-31,D:\Forex\10_EA_PROJECTS\0. Jobot\1000+ EA BOT MOGUL Bundles\MT4 (ex4)\Forex\1\1-16\1-16-31\1-16-31.html,1-16-31,EURUSD,H1,2023.01.01,2023.12.31,0.997,<=1yr,18511.61,67.22,55.28,0.29,2283.81,8.06,845,History Quality,100%,Lots_Per_Money=10000 BB_Period=19 BB_Deviations=1.3 RSI_Period=10 RSI_Buy=30 RSI_Sell=70 Close_Profit_Pips=4 Close_Profit_Percent=0.1 Percent_Invest=1 TP_ATR_Period=15 TP_ATRX=1.1 SL_ATR_Period=10 SL_ATRX=1.2 MagicStart=7376,MONEY_LOT,,,,,ok,
1-16-33,D:\Forex\10_EA_PROJECTS\0. Jobot\1000+ EA BOT MOGUL Bundles\MT4 (ex4)\Forex\1\1-16\1-16-33\1-16-33.html,1-16-33,EURUSD,H1,2023.01.01,2023.12.31,0.997,<=1yr,41184.09,6.85,3470.12,8.10,3491.78,8.15,1409,History Quality,100%,Lots_Per_Money=10000 BB_Period=15 BB_Deviations=1.0 RSI_Period=10 RSI_Buy=30 RSI_Sell=70 TL_Start_Money_Percent=2 TL_Step_Money_Percent=0.1 TL_Stop_Money_Percent=1 Close_Profit_Percent=0.1 Percent_Invest=1 TP_ATR_Period=12 TP_ATRX=1.4 SL_ATR_Period=20 SL_ATRX=1.0 MagicStart=7376,MONEY_LOT,,,,,ok,
1-16-34,D:\Forex\10_EA_PROJECTS\0. Jobot\1000+ EA BOT MOGUL Bundles\MT4 (ex4)\Forex\1\1-16\1-16-34\1-16-34.html,1-16-34,EURUSD,H1,2023.01.01,2023.12.31,0.997,<=1yr,25140.30,3.32,588.54,1.92,680.73,2.23,1458,History Quality,100%,Lots_Per_Money=10000 BB_Period=20 BB_Deviations=1.0 RSI_Period=10 RSI_Buy=30 RSI_Sell=70 TL_Stop_Money_Percent=1 Percent_Step_TL_Money=0.1 Percent_Start_TL_Money=2 Close_Profit_Percent=0.1 Percent_Invest=1 TP_ATR_Period=17 TP_ATRX=1.0 SL_ATR_Period=20 SL_ATRX=1.2 MagicStart=7376,MONEY_LOT,,,,,ok,
1-16-35,D:\Forex\10_EA_PROJECTS\0. Jobot\1000+ EA BOT MOGUL Bundles\MT4 (ex4)\Forex\1\1-16\1-16-35\1-16-35.html,1-16-34,EURUSD,H1,2023.01.01,2023.12.31,0.997,<=1yr,25140.30,3.32,588.54,1.92,680.73,2.23,1458,History Quality,100%,Lots_Per_Money=10000 BB_Period=20 BB_Deviations=1.0 RSI_Period=10 RSI_Buy=30 RSI_Sell=70 TL_Stop_Money_Percent=1 Percent_Step_TL_Money=0.1 Percent_Start_TL_Money=2 Close_Profit_Percent=0.1 Percent_Invest=1 TP_ATR_Period=17 TP_ATRX=1.0 SL_ATR_Period=20 SL_ATRX=1.2 MagicStart=7376,MONEY_LOT,,,,,ok,
1-16-4,D:\Forex\10_EA_PROJECTS\0. Jobot\1000+ EA BOT MOGUL Bundles\MT4 (ex4)\Forex\1\1-16\1-16-4\1-16-4.html,1-16-4,EURUSD,H1,2023.01.01,2023.12.31,0.997,<=1yr,30470.43,1.91,8750.74,23.98,11479.58,30.94,73,History Quality,100%,Lots_Per_Money=10000 BB_Period=19 BB_Deviations=1.1 RSI_Period=20 RSI_Buy=30 RSI_Sell=70 Body_Tower_Ratio=2.0 TP_ATR_Period=5 TP_ATRX=1.7 SL_ATR_Period=5 SL_ATRX=1.0 Percent_Invest=1 MagicStart=7376,MONEY_LOT,,,,,ok,
1-16-5,D:\Forex\10_EA_PROJECTS\0. Jobot\1000+ EA BOT MOGUL Bundles\MT4 (ex4)\Forex\1\1-16\1-16-5\1-16-5.html,1-16-5,EURUSD,H1,2023.01.01,2023.12.31,0.997,<=1yr,11719.44,2.55,3352.57,15.18,4882.36,22.98,106,History Quality,100%,"Lots_Per_Money=10000 BB_Period=17 BB_Deviations=1.0 RSI_Period=20 RSI_Buy=30 RSI_Sell=70 FIBO_6_Level=23.6,38.2,50,61.8,78.6,100 Zigzag_Period=2 Close_Profit_Percent=1 TP_ATR_Period=20 TP_ATRX=2.0 SL_ATR_Period=16 SL_ATRX=1.0 Percent_Invest=1 MagicStart=7376",MONEY_LOT,,,,,ok,
1-16-6,D:\Forex\10_EA_PROJECTS\0. Jobot\1000+ EA BOT MOGUL Bundles\MT4 (ex4)\Forex\1\1-16\1-16-6\1-16-6.html,1-16-6,EURUSD,H1,2023.01.01,2023.12.31,0.997,<=1yr,27114.26,1.74,8998.44,27.86,10798.44,33.23,298,History Quality,100%,Lots_Per_Money=10000 BB_Period=14 BB_Deviations=1.2 RSI_Period=11 RSI_Buy=30 RSI_Sell=70 Close_Profit_Percent=1 TP_ATR_Period=17 TP_ATRX=1.4 SL_ATR_Period=5 SL_ATRX=1.8 Percent_Invest=1 MagicStart=7376,MONEY_LOT,,,,,ok,
1-16-7,D:\Forex\10_EA_PROJECTS\0. Jobot\1000+ EA BOT MOGUL Bundles\MT4 (ex4)\Forex\1\1-16\1-16-7\1-16-7.html,1-16-7,EURUSD,H1,2023.01.01,2023.12.31,0.997,<=1yr,15515.32,1.85,7581.47,40.60,7524.42,40.05,118,History Quality,100%,Lots_Per_Money=10000 BB_Period=18 BB_Deviations=1.6 RSI_Period=16 RSI_Buy=30 RSI_Sell=70 Fast_EMA_period=12 Slow_EMA_period=26 Signal_SMA_period=9 Close_Profit_Percent=2 TP_ATR_Period=19 TP_ATRX=1.1 SL_ATR_Period=19 SL_ATRX=1.1 Percent_Invest=1 MagicStart=7376,MONEY_LOT,,,,,ok,
1-18-1,D:\Forex\10_EA_PROJECTS\0. Jobot\1000+ EA BOT MOGUL Bundles\MT4 (ex4)\Forex\1\1-18\1-18-1\1-18-1.html,1-18-1,EURUSD,H1,2023.01.01,2023.12.31,0.997,<=1yr,128441.28,2.06,13431.63,9.22,20954.68,13.91,477,History Quality,100%,Lots_Per_Money=10000 BB_Period=20 BB_Deviations=1.0 RSI_Period=16 RSI_Buy=30 RSI_Sell=70 Body_Engulfing_Ratio=2 BB_Period_ForAddLot=13 BB_Deviations_ForAddLot=1.9 ATR_Period=13 ATRX=1.3 Lot_Percent_Incre_Decre=100 Multiple=1.3 MagicStart=3917,MONEY_LOT;MARTINGALE;NO_SL_INPUT(heuristic),,,,,ok,
1-18-13,D:\Forex\10_EA_PROJECTS\0. Jobot\1000+ EA BOT MOGUL Bundles\MT4 (ex4)\Forex\1\1-18\1-18-13\1-18-13.html,1-18-13,EURUSD,H1,2023.01.01,2023.12.31,0.997,<=1yr,5142.05,1.33,859.40,8.59,997.43,6.66,824,History Quality,100%,Lots_Per_Money=10000 BB_Period=20 BB_Deviations=1 RSI_Period=16 RSI_Buy=30 RSI_Sell=70 MinuteToClose=9 BB_Period_ForAddLot=13 BB_Deviations_ForAddLot=1.8 Lot_Percent_Incre_Decre=100 ATR_Period=17 ATRX=1.2 Multiple=1.3 MagicStart=7376,MONEY_LOT;MARTINGALE;NO_SL_INPUT(heuristic),,,,,ok,
1-18-14,D:\Forex\10_EA_PROJECTS\0. Jobot\1000+ EA BOT MOGUL Bundles\MT4 (ex4)\Forex\1\1-18\1-18-14\1-18-14.html,1-18-14 T,EURUSD,H1,2023.01.01,2023.12.31,0.997,<=1yr,33994.95,5.40,1364.06,3.57,8089.92,22.03,724,History Quality,100%,Lots_Per_Money=10000 BB_Period=20 BB_Deviations=1 RSI_Period=16 RSI_Buy=30 RSI_Sell=70 Close_ATR_Period=11 Close_ATRX=1.5 BB_Period_ForAddLot=13 BB_Deviations_ForAddLot=2.0 Lot_Percent_Incre_Decre=100 ATR_Period=12 ATRX=1.1 Multiple=1.3 Close_Profit_Percent=0.1 MagicStart=7376,MONEY_LOT;MARTINGALE;NO_SL_INPUT(heuristic),,,,,ok,
1-18-17,D:\Forex\10_EA_PROJECTS\0. Jobot\1000+ EA BOT MOGUL Bundles\MT4 (ex4)\Forex\1\1-18\1-18-17\1-18-17.html,1-18-17,EURUSD,H1,2023.01.01,2023.12.31,0.997,<=1yr,30201.81,6.43,1681.32,4.68,5299.96,15.52,636,History Quality,100%,Lots_Per_Money=10000 BB_Period=20 BB_Deviations=1 RSI_Period=16 RSI_Buy=30 RSI_Sell=70 Close_Profit_Percent=0.1 BB_Period_ForAddLot=10 BB_Deviations_ForAddLot=1.7 Lot_Percent_Incre_Decre=100 ATR_Period=18 ATRX=2.0 Multiple=1.3 MagicStart=7376,MONEY_LOT;MARTINGALE;NO_SL_INPUT(heuristic),,,,,ok,
1-18-18,D:\Forex\10_EA_PROJECTS\0. Jobot\1000+ EA BOT MOGUL Bundles\MT4 (ex4)\Forex\1\1-18\1-18-18\1-18-18.html,1-18-18,EURUSD,H1,2023.01.01,2023.12.31,0.997,<=1yr,24749.34,3.58,3269.08,10.04,3525.90,10.83,700,History Quality,100%,Lots_Per_Money=10000 BB_Period=20 BB_Deviations=1 RSI_Period=16 RSI_Buy=30 RSI_Sell=70 CutLoss_Percent=10 Close_Profit_Percent=0.1 BB_Period_ForAddLot=20 BB_Deviations_ForAddLot=1.9 Lot_Percent_Incre_Decre=100 ATR_Period=10 ATRX=1.4 Multiple=1.3 MagicStart=7376,MONEY_LOT;MARTINGALE;NO_SL_INPUT(heuristic),,,,,ok,
1-18-19,D:\Forex\10_EA_PROJECTS\0. Jobot\1000+ EA BOT MOGUL Bundles\MT4 (ex4)\Forex\1\1-18\1-18-19\1-18-19.html,1-18-19,EURUSD,H1,2023.01.01,2023.12.31,0.997,<=1yr,24860.08,3.66,3264.08,10.04,3505.05,10.78,738,History Quality,100%,Lots_Per_Money=10000 BB_Period=20 BB_Deviations=1 RSI_Period=16 RSI_Buy=30 RSI_Sell=70 CutLoss_Percent=10 Close_Profit_Percent=0.1 BB_Period_ForAddLot=20 BB_Deviations_ForAddLot=1.7 Lot_Percent_Incre_Decre=100 ATR_Period=10 ATRX=1.0 Multiple=1.3 MagicStart=7376,MONEY_LOT;MARTINGALE;NO_SL_INPUT(heuristic),,,,,ok,
1-18-2,D:\Forex\10_EA_PROJECTS\0. Jobot\1000+ EA BOT MOGUL Bundles\MT4 (ex4)\Forex\1\1-18\1-18-2\1-18-2.html,1-18-2,EURUSD,H1,2023.01.01,2023.12.31,0.997,<=1yr,327657.47,1.93,65802.71,17.06,93019.64,22.86,356,History Quality,100%,Lots_Per_Money=10000 BB_Period=20 BB_Deviations=1 RSI_Period=16 RSI_Buy=30 RSI_Sell=70 Body_Star_Ratio=1.8 BB_Period_ForAddLot=10 BB_Deviations_ForAddLot=1.7 ATR_Period=16 ATRX=1.4 Lot_Percent_Incre_Decre=100 Multiple=1.3 MagicStart=7376,MONEY_LOT;MARTINGALE;NO_SL_INPUT(heuristic),,,,,ok,
1-18-20,D:\Forex\10_EA_PROJECTS\0. Jobot\1000+ EA BOT MOGUL Bundles\MT4 (ex4)\Forex\1\1-18\1-18-20\1-18-20.html,1-18-20,EURUSD,H1,2023.01.01,2023.12.31,0.997,<=1yr,30109.11,5.84,452.51,4.29,3447.56,24.01,794,History Quality,100%,Lots_Per_Money=10000 BB_Period=20 BB_Deviations=1 RSI_Period=16 RSI_Buy=30 RSI_Sell=70 Close_ATR_Period=18 Close_ATRX=1.1 Close_Profit_Percent=0.1 Close_Profit_Money=10 BB_Period_ForAddLot=10 BB_Deviations_ForAddLot=2.0 Lot_Percent_Incre_Decre=100 ATR_Period=18 ATRX=1.0 Multiple=1.3 MagicStart=7376,MONEY_LOT;MARTINGALE;NO_SL_INPUT(heuristic),,,,,ok,
1-18-21,D:\Forex\10_EA_PROJECTS\0. Jobot\1000+ EA BOT MOGUL Bundles\MT4 (ex4)\Forex\1\1-18\1-18-21\1-18-21.html,1-18-21,EURUSD,H1,2023.01.01,2023.12.31,0.997,<=1yr,37908.58,11.99,1751.24,8.11,7305.02,17.33,533,History Quality,100%,Lots_Per_Money=10000 BB_Period=20 BB_Deviations=1 RSI_Period=16 RSI_Buy=30 RSI_Sell=70 Close_ATR_Period=17 Close_ATRX=1.2 EMA_Period=14 Close_Profit_Percent=0.1 BB_Period_ForAddLot=16 BB_Deviations_ForAddLot=1.4 Lot_Percent_Incre_Decre=100 ATR_Period=19 ATRX=1.5 Multiple=1.3 MagicStart=7376,MONEY_LOT;MARTINGALE;NO_SL_INPUT(heuristic),,,,,ok,
1-18-23,D:\Forex\10_EA_PROJECTS\0. Jobot\1000+ EA BOT MOGUL Bundles\MT4 (ex4)\Forex\1\1-18\1-18-23\1-18-23.html,1-18-23,EURUSD,H1,2023.01.01,2023.12.31,0.997,<=1yr,32594.62,5.07,1610.97,4.30,3523.40,9.91,663,History Quality,100%,"Lots_Per_Money=10000 BB_Period=20 BB_Deviations=1 RSI_Period=16 RSI_Buy=30 RSI_Sell=70 ATR_Period=15 ATRX=1.8 TL_Step_ATR=0.1 TL_Stop_Level=20/5, 30/10, 40/15, 50/20 Close_Profit_Percent=0.1 BB_Period_ForAddLot=19 BB_Deviations_ForAddLot=2.0 Lot_Percent_Incre_Decre=100 Multiple=1.3 MagicStart=7376",MONEY_LOT;MARTINGALE;NO_SL_INPUT(heuristic),,,,,ok,
1-18-26,D:\Forex\10_EA_PROJECTS\0. Jobot\1000+ EA BOT MOGUL Bundles\MT4 (ex4)\Forex\1\1-18\1-18-26\1-18-26.html,1-18-26,EURUSD,H1,2023.01.01,2023.12.31,0.997,<=1yr,16000.06,23.73,113.40,1.08,442.75,1.93,679,History Quality,100%,Lots_Per_Money=10000 BB_Period=13 BB_Deviations=1.0 RSI_Period=16 RSI_Buy=30 RSI_Sell=70 TLStop_Percent_Profit=0.1 TLStep_Percent_TLStop=0.1 TLStart_Percent_TLStop=2 Close_Profit_Percent=0.1 BB_Period_ForAddLot=12 BB_Deviations_ForAddLot=1.3 Lot_Percent_Incre_Decre=10 ATR_Period=17 ATRX=1.0 Multiple=1.3 MagicStart=7376,MONEY_LOT;MARTINGALE;NO_SL_INPUT(heuristic),,,,,ok,
1-18-29,D:\Forex\10_EA_PROJECTS\0. Jobot\1000+ EA BOT MOGUL Bundles\MT4 (ex4)\Forex\1\1-18\1-18-29\1-18-29.html,1-18-29,EURUSD,H1,2023.01.01,2023.12.31,0.997,<=1yr,14854.34,7.89,315.40,1.88,947.27,7.57,791,History Quality,100%,Lots_Per_Money=10000 BB_Period=20 BB_Deviations=1 RSI_Period=16 RSI_Buy=30 RSI_Sell=70 ATR_Period=19 ATRX=1.0 TL_Start_ATR=2 TL_Stop_ATR=1 TL_Step_ATR=0.1 BB_Period_ForAddLot=19 BB_Deviations_ForAddLot=1.3 Lot_Percent_Incre_Decre=100 Multiple=1.3 MagicStart=7376,MONEY_LOT;MARTINGALE;NO_SL_INPUT(heuristic),,,,,ok,
1-18-3,D:\Forex\10_EA_PROJECTS\0. Jobot\1000+ EA BOT MOGUL Bundles\MT4 (ex4)\Forex\1\1-18\1-18-3\1-18-3.html,1-18-3,EURUSD,H1,2023.01.01,2023.12.31,0.997,<=1yr,82533.71,1.85,14029.17,14.52,22276.85,20.63,486,History Quality,100%,Lots_Per_Money=10000 BB_Period=20 BB_Deviations=1 RSI_Period=16 RSI_Buy=30 RSI_Sell=70 Doji_Wick_Percent=60 BB_Period_ForAddLot=14 BB_Deviations_ForAddLot=2.0 Lot_Percent_Incre_Decre=100 ATR_Period=16 ATRX=1.2 Multiple=1.3 MagicStart=7376,MONEY_LOT;MARTINGALE;NO_SL_INPUT(heuristic),,,,,ok,
1-18-30,D:\Forex\10_EA_PROJECTS\0. Jobot\1000+ EA BOT MOGUL Bundles\MT4 (ex4)\Forex\1\1-18\1-18-30\1-18-30.html,1-18-30,EURUSD,H1,2023.01.01,2023.12.31,0.997,<=1yr,33604.29,1.62,8779.67,17.47,9594.50,18.84,652,History Quality,100%,Lots_Per_Money=10000 BB_Period=20 BB_Deviations=1 RSI_Period=16 RSI_Buy=30 RSI_Sell=70 ATR_Period=18 ATRX=1.1 TL_Step_ATR=0.01 Zigzag_Period=7 BB_Period_ForAddLot=14 BB_Deviations_ForAddLot=2.0 Lot_Percent_Incre_Decre=100 Multiple=1.3 MagicStart=7376,MONEY_LOT;MARTINGALE;NO_SL_INPUT(heuristic),,,,,ok,
1-18-31,D:\Forex\10_EA_PROJECTS\0. Jobot\1000+ EA BOT MOGUL Bundles\MT4 (ex4)\Forex\1\1-18\1-18-31\1-18-31.html,1-18-31,EURUSD,H1,2023.01.01,2023.12.31,0.997,<=1yr,29265.68,5.17,1661.64,4.68,5237.40,15.52,655,History Quality,100%,Lots_Per_Money=10000 BB_Period=20 BB_Deviations=1 RSI_Period=16 RSI_Buy=30 RSI_Sell=70 Close_Profit_Pips=10 Close_Profit_Percent=0.1 BB_Period_ForAddLot=13 BB_Deviations_ForAddLot=2.0 Lot_Percent_Incre_Decre=100 ATR_Period=13 ATRX=1.9 Multiple=1.3 MagicStart=7376,MONEY_LOT;MARTINGALE;NO_SL_INPUT(heuristic),,,,,ok,
1-18-33,D:\Forex\10_EA_PROJECTS\0. Jobot\1000+ EA BOT MOGUL Bundles\MT4 (ex4)\Forex\1\1-18\1-18-33\1-18-33.html,1-18-33,EURUSD,H1,2023.01.01,2023.12.31,0.997,<=1yr,27133.43,4.85,1726.89,5.27,3183.64,9.71,691,History Quality,100%,Lots_Per_Money=10000 BB_Period=20 BB_Deviations=1 RSI_Period=16 RSI_Buy=30 RSI_Sell=70 TL_Start_Money_Percent=2 TL_Step_Money_Percent=0.1 TL_Stop_Money_Percent=1 Close_Profit_Percent=0.1 BB_Period_ForAddLot=19 BB_Deviations_ForAddLot=1.6 Lot_Percent_Incre_Decre=100 ATR_Period=11 ATRX=1.4 Multiple=1.3 MagicStart=7376,MONEY_LOT;MARTINGALE;NO_SL_INPUT(heuristic),,,,,ok,
1-18-34,D:\Forex\10_EA_PROJECTS\0. Jobot\1000+ EA BOT MOGUL Bundles\MT4 (ex4)\Forex\1\1-18\1-18-34\1-18-34.html,1-18-34,EURUSD,H1,2023.01.01,2023.12.31,0.997,<=1yr,9070.65,1.76,647.19,6.34,891.89,5.42,783,History Quality,100%,Lots_Per_Money=10000 BB_Period=20 BB_Deviations=1 RSI_Period=16 RSI_Buy=30 RSI_Sell=70 TL_Stop_Money_Percent=1 Percent_Step_TL_Money=0.1 Percent_Start_TL_Money=2 Close_Profit_Percent=0.1 BB_Period_ForAddLot=15 BB_Deviations_ForAddLot=1.8 Lot_Percent_Incre_Decre=100 ATR_Period=13 ATRX=1.2 Multiple=1.3 MagicStart=7376,MONEY_LOT;MARTINGALE;NO_SL_INPUT(heuristic),,,,,ok,
1-18-35,D:\Forex\10_EA_PROJECTS\0. Jobot\1000+ EA BOT MOGUL Bundles\MT4 (ex4)\Forex\1\1-18\1-18-35\1-18-35.html,1-18-35,EURUSD,H1,2023.01.01,2023.12.31,0.997,<=1yr,30380.39,5.35,1681.32,4.68,5299.96,15.52,644,History Quality,100%,Lots_Per_Money=10000 BB_Period=20 BB_Deviations=1 RSI_Period=16 RSI_Buy=30 RSI_Sell=70 TL_Start_Money_Percent=2 TL_Step_Money_Percent=0.1 TL_Stop_Money_Percent=1 Close_Profit_Percent=0.1 BB_Period_ForAddLot=10 BB_Deviations_ForAddLot=1.7 Lot_Percent_Incre_Decre=100 ATR_Period=16 ATRX=1.9 Multiple=1.3 MagicStart=7376,MONEY_LOT;MARTINGALE;NO_SL_INPUT(heuristic),,,,,ok,
1-18-36,D:\Forex\10_EA_PROJECTS\0. Jobot\1000+ EA BOT MOGUL Bundles\MT4 (ex4)\Forex\1\1-18\1-18-36\1-18-36.html,1-18-36 T,EURUSD,H1,2023.01.01,2023.12.31,0.997,<=1yr,31350.88,6.00,1561.14,4.31,3414.72,9.92,671,History Quality,100%,Lots_Per_Money=10000 BB_Period=20 BB_Deviations=1 RSI_Period=16 RSI_Buy=30 RSI_Sell=70 Zigzag_Period=7 BB_Period_ForAddLot=17 BB_Deviations_ForAddLot=1.8 Lot_Percent_Incre_Decre=100 ATR_Period=10 ATRX=1.6 Multiple=1.3 Close_Profit_Percent=0.1 MagicStart=7376,MONEY_LOT;MARTINGALE;NO_SL_INPUT(heuristic),,,,,ok,
1-18-37,D:\Forex\10_EA_PROJECTS\0. Jobot\1000+ EA BOT MOGUL Bundles\MT4 (ex4)\Forex\1\1-18\1-18-37\1-18-37.html,1-18-37 T,EURUSD,H1,2023.01.01,2023.12.31,0.997,<=1yr,30764.39,5.68,1691.79,4.68,5333.15,15.52,655,History Quality,100%,Lots_Per_Money=10000 BB_Period=20 BB_Deviations=1 RSI_Period=16 RSI_Buy=30 RSI_Sell=70 Close_All_Profit_Percent=1 BB_Period_ForAddLot=10 BB_Deviations_ForAddLot=1.7 Lot_Percent_Incre_Decre=100 ATR_Period=15 ATRX=1.7 Multiple=1.3 Close_Profit_Percent=0.1 MagicStart=3191,MONEY_LOT;MARTINGALE;NO_SL_INPUT(heuristic),,,,,ok,
1-18-5,D:\Forex\10_EA_PROJECTS\0. Jobot\1000+ EA BOT MOGUL Bundles\MT4 (ex4)\Forex\1\1-18\1-18-5\1-18-5.html,1-18-5,EURUSD,H1,2023.01.01,2023.12.31,0.997,<=1yr,34802.48,5.21,1371.18,3.52,8382.00,22.33,718,History Quality,100%,"Lots_Per_Money=10000 BB_Period=20 BB_Deviations=1 RSI_Period=16 RSI_Buy=30 RSI_Sell=70 FIBO_6_Level=23.6,38.2,50,61.8,78.6,100 Zigzag_Period=5 Close_Profit_Percent=0.1 BB_Period_ForAddLot=16 BB_Deviations_ForAddLot=2.0 Lot_Percent_Incre_Decre=100 ATR_Period=19 ATRX=1.2 Multiple=1.3 MagicStart=7376",MONEY_LOT;MARTINGALE;NO_SL_INPUT(heuristic),,,,,ok,
1-18-6,D:\Forex\10_EA_PROJECTS\0. Jobot\1000+ EA BOT MOGUL Bundles\MT4 (ex4)\Forex\1\1-18\1-18-6\1-18-6.html,1-18-6,EURUSD,H1,2023.01.01,2023.12.31,0.997,<=1yr,31149.47,5.33,1715.76,4.69,5410.08,15.55,680,History Quality,100%,Lots_Per_Money=10000 BB_Period=20 BB_Deviations=1 RSI_Period=16 RSI_Buy=30 RSI_Sell=70 Close_Profit_Percent=0.1 BB_Period_ForAddLot=10 BB_Deviations_ForAddLot=1.7 Lot_Percent_Incre_Decre=100 ATR_Period=10 ATRX=1.5 Multiple=1.3 MagicStart=7376,MONEY_LOT;MARTINGALE;NO_SL_INPUT(heuristic),,,,,ok,
1-18-7,D:\Forex\10_EA_PROJECTS\0. Jobot\1000+ EA BOT MOGUL Bundles\MT4 (ex4)\Forex\1\1-18\1-18-7\1-18-7.html,1-18-7,EURUSD,H1,2023.01.01,2023.12.31,0.997,<=1yr,31085.18,5.16,1711.47,4.69,5393.15,15.55,704,History Quality,100%,Lots_Per_Money=10000 BB_Period=20 BB_Deviations=1 RSI_Period=16 RSI_Buy=30 RSI_Sell=70 Fast_EMA_period=12 Slow_EMA_period=26 Signal_SMA_period=9 Close_Profit_Percent=0.1 BB_Period_ForAddLot=10 BB_Deviations_ForAddLot=1.7 Lot_Percent_Incre_Decre=100 ATR_Period=10 ATRX=1.3 Multiple=1.3 MagicStart=7376,MONEY_LOT;MARTINGALE;NO_SL_INPUT(heuristic),,,,,ok,
1-18-8,D:\Forex\10_EA_PROJECTS\0. Jobot\1000+ EA BOT MOGUL Bundles\MT4 (ex4)\Forex\1\1-18\1-18-8\1-18-8.html,1-18-8,EURUSD,H1,2023.01.01,2023.12.31,0.997,<=1yr,31634.97,5.13,1740.36,4.69,5487.64,15.55,652,History Quality,100%,Lots_Per_Money=10000 BB_Period=20 BB_Deviations=1 RSI_Period=16 RSI_Buy=30 RSI_Sell=70 ATR_Period=12 ATRX=2.0 BE_Offset_ATR=0.1 BE_Profit_ATR_Pips=10 Close_Profit_Percent=0.1 BB_Period_ForAddLot=13 BB_Deviations_ForAddLot=2.0 Lot_Percent_Incre_Decre=100 Multiple=1.3 MagicStart=7376,MONEY_LOT;MARTINGALE;NO_SL_INPUT(heuristic),,,,,ok,
1-21-13,D:\Forex\10_EA_PROJECTS\0. Jobot\1000+ EA BOT MOGUL Bundles\MT4 (ex4)\Forex\1\1-21\1-21-13\1-21-13.html,1-21-13,EURUSD,H1,2023.01.01,2023.12.31,0.997,<=1yr,8431.85,1.56,1098.32,6.21,1206.16,6.81,708,History Quality,100%,Lots_Per_Money=10000 BB_Period=13 BB_Deviations=1.0 RSI_Period=16 RSI_Buy=30 RSI_Sell=70 MinuteToClose=9 Lot_Percent_Incre_Decre=100 ATR_Period=17 ATRX=1.1 Balance_Percent_Incre=1 MagicStart=7376,MONEY_LOT;NO_SL_INPUT(heuristic),,,,,ok,
1-21-14,D:\Forex\10_EA_PROJECTS\0. Jobot\1000+ EA BOT MOGUL Bundles\MT4 (ex4)\Forex\1\1-21\1-21-14\1-21-14.html,1-21-14 T,EURUSD,H1,2023.01.01,2023.12.31,0.997,<=1yr,39685.67,7.99,720.58,1.53,14589.72,31.90,657,History Quality,100%,Lots_Per_Money=10000 BB_Period=16 BB_Deviations=1.0 RSI_Period=16 RSI_Buy=30 RSI_Sell=70 Close_ATR_Period=12 Close_ATRX=1.9 Lot_Percent_Incre_Decre=100 ATR_Period=16 ATRX=1.0 Balance_Percent_Incre=1 Close_Profit_Percent=0.1 MagicStart=7376,MONEY_LOT;NO_SL_INPUT(heuristic),,,,,ok,
1-21-17,D:\Forex\10_EA_PROJECTS\0. Jobot\1000+ EA BOT MOGUL Bundles\MT4 (ex4)\Forex\1\1-21\1-21-17\1-21-17.html,1-21-17,EURUSD,H1,2023.01.01,2023.12.31,0.997,<=1yr,61554.81,2.21,37492.65,34.38,19487.65,25.47,972,History Quality,100%,Lots_Per_Money=10000 BB_Period=10 BB_Deviations=1.0 RSI_Period=10 RSI_Buy=30 RSI_Sell=70 Close_Profit_Percent=0.1 Lot_Percent_Incre_Decre=100 ATR_Period=10 ATRX=1.8 Balance_Percent_Incre=1 MagicStart=7376,MONEY_LOT;NO_SL_INPUT(heuristic),,,,,ok,
1-21-18,D:\Forex\10_EA_PROJECTS\0. Jobot\1000+ EA BOT MOGUL Bundles\MT4 (ex4)\Forex\1\1-21\1-21-18\1-21-18.html,1-21-18,EURUSD,H1,2023.01.01,2023.12.31,0.997,<=1yr,63160.96,2.32,6770.25,10.03,7383.32,10.94,1422,History Quality,100%,Lots_Per_Money=10000 BB_Period=19 BB_Deviations=1.1 RSI_Period=10 RSI_Buy=30 RSI_Sell=70 CutLoss_Percent=10 Close_Profit_Percent=0.1 Lot_Percent_Incre_Decre=100 ATR_Period=19 ATRX=1.0 Balance_Percent_Incre=1 MagicStart=7376,MONEY_LOT;NO_SL_INPUT(heuristic),,,,,ok,
1-21-19,D:\Forex\10_EA_PROJECTS\0. Jobot\1000+ EA BOT MOGUL Bundles\MT4 (ex4)\Forex\1\1-21\1-21-19\1-21-19.html,1-21-19,EURUSD,H1,2023.01.01,2023.12.31,0.997,<=1yr,57029.72,2.27,6248.69,10.04,6697.70,10.76,1390,History Quality,100%,Lots_Per_Money=10000 BB_Period=17 BB_Deviations=1.1 RSI_Period=10 RSI_Buy=30 RSI_Sell=70 CutLoss_Percent=10 Close_Profit_Percent=0.1 Lot_Percent_Incre_Decre=100 ATR_Period=19 ATRX=1.0 Balance_Percent_Incre=1 MagicStart=7376,MONEY_LOT;NO_SL_INPUT(heuristic),,,,,ok,
1-21-2,D:\Forex\10_EA_PROJECTS\0. Jobot\1000+ EA BOT MOGUL Bundles\MT4 (ex4)\Forex\1\1-21\1-21-2\1-21-2.html,1-21-2,EURUSD,H1,2023.01.01,2023.12.31,0.997,<=1yr,123217.47,1.69,33182.45,21.87,42775.72,27.00,280,History Quality,100%,Lots_Per_Money=10000 BB_Period=20 BB_Deviations=1 RSI_Period=16 RSI_Buy=30 RSI_Sell=70 Body_Star_Ratio=1.3 ATR_Period=10 ATRX=1.8 Lot_Percent_Incre_Decre=100 Balance_Percent_Incre=1 MagicStart=7376,MONEY_LOT;NO_SL_INPUT(heuristic),,,,,ok,
1-21-20,D:\Forex\10_EA_PROJECTS\0. Jobot\1000+ EA BOT MOGUL Bundles\MT4 (ex4)\Forex\1\1-21\1-21-20\1-21-20.html,1-21-20,EURUSD,H1,2023.01.01,2023.12.31,0.997,<=1yr,100136.17,8.85,664.30,0.69,5146.08,9.06,1401,History Quality,100%,Lots_Per_Money=10000 BB_Period=18 BB_Deviations=1.1 RSI_Period=10 RSI_Buy=30 RSI_Sell=70 Close_ATR_Period=10 Close_ATRX=1.3 Close_Profit_Percent=0.1 Close_Profit_Money=10 Lot_Percent_Incre_Decre=100 ATR_Period=18 ATRX=1.0 Balance_Percent_Incre=1 MagicStart=7376,MONEY_LOT;NO_SL_INPUT(heuristic),,,,,ok,
1-21-21,D:\Forex\10_EA_PROJECTS\0. Jobot\1000+ EA BOT MOGUL Bundles\MT4 (ex4)\Forex\1\1-21\1-21-21\1-21-21.html,1-21-21,EURUSD,H1,2023.01.01,2023.12.31,0.997,<=1yr,40808.41,6.22,1201.38,2.44,10828.45,29.81,627,History Quality,100%,Lots_Per_Money=10000 BB_Period=15 BB_Deviations=1.6 RSI_Period=10 RSI_Buy=30 RSI_Sell=70 Close_ATR_Period=10 Close_ATRX=1.0 EMA_Period=13 Close_Profit_Percent=0.1 Lot_Percent_Incre_Decre=100 ATR_Period=10 ATRX=2.0 Balance_Percent_Incre=1 MagicStart=7376,MONEY_LOT;NO_SL_INPUT(heuristic),,,,,ok,
1-21-22,D:\Forex\10_EA_PROJECTS\0. Jobot\1000+ EA BOT MOGUL Bundles\MT4 (ex4)\Forex\1\1-21\1-21-22\1-21-22.html,1-21-22,EURUSD,H1,2023.01.01,2023.12.31,0.997,<=1yr,45067.16,6.28,1667.49,3.30,14113.07,34.97,722,History Quality,100%,Lots_Per_Money=10000 BB_Period=10 BB_Deviations=1.0 RSI_Period=14 RSI_Buy=30 RSI_Sell=70 ATR_Period=18 ATRX=1.0 TL_Start_ATR=2 TL_Stop_ATR=1 TL_Step_ATR=0.1 Close_Profit_Percent=0.1 Lot_Percent_Incre_Decre=100 Balance_Percent_Incre=1 MagicStart=7376,MONEY_LOT;NO_SL_INPUT(heuristic),,,,,ok,
1-21-23,D:\Forex\10_EA_PROJECTS\0. Jobot\1000+ EA BOT MOGUL Bundles\MT4 (ex4)\Forex\1\1-21\1-21-23\1-21-23.html,1-21-23,EURUSD,H1,2023.01.01,2023.12.31,0.997,<=1yr,115832.06,7.38,973.53,0.86,24735.28,25.45,1130,History Quality,100%,"Lots_Per_Money=10000 BB_Period=15 BB_Deviations=1.1 RSI_Period=10 RSI_Buy=30 RSI_Sell=70 ATR_Period=12 ATRX=1.6 TL_Step_ATR=0.1 TL_Stop_Level=20/5, 30/10, 40/15, 50/20 Close_Profit_Percent=0.1 Lot_Percent_Incre_Decre=100 Balance_Percent_Incre=1 MagicStart=7376",MONEY_LOT;NO_SL_INPUT(heuristic),,,,,ok,
1-21-24,D:\Forex\10_EA_PROJECTS\0. Jobot\1000+ EA BOT MOGUL Bundles\MT4 (ex4)\Forex\1\1-21\1-21-24\1-21-24.html,1-21-24,EURUSD,H1,2023.01.01,2023.12.31,0.997,<=1yr,28048.68,1.43,7269.89,16.88,7227.73,16.70,811,History Quality,100%,Lots_Per_Money=100000 BB_Period=15 BB_Deviations=1.2 RSI_Period=13 RSI_Buy=30 RSI_Sell=70 TL_Stop_Money_Percent=1 Percent_Step_TL_Money=0.1 Percent_Start_TL_Money=2 Lot_Percent_Incre_Decre=100 ATR_Period=15 ATRX=1.2 Balance_Percent_Incre=1 MagicStart=7376,MONEY_LOT;NO_SL_INPUT(heuristic),,,,,ok,
1-21-26,D:\Forex\10_EA_PROJECTS\0. Jobot\1000+ EA BOT MOGUL Bundles\MT4 (ex4)\Forex\1\1-21\1-21-26\1-21-26.html,1-21-26,EURUSD,H1,2023.01.01,2023.12.31,0.997,<=1yr,111328.15,9.35,1683.17,1.53,4541.00,9.50,2367,History Quality,100%,Lots_Per_Money=10000 BB_Period=19 BB_Deviations=1.0 RSI_Period=10 RSI_Buy=30 RSI_Sell=70 TLStop_Percent_Profit=1 TLStep_Percent_TLStop=0.1 TLStart_Percent_TLStop=2 Close_Profit_Percent=0.1 Lot_Percent_Incre_Decre=100 ATR_Period=18 ATRX=1.0 Balance_Percent_Incre=1 MagicStart=7376,MONEY_LOT;NO_SL_INPUT(heuristic),,,,,ok,
1-21-29,D:\Forex\10_EA_PROJECTS\0. Jobot\1000+ EA BOT MOGUL Bundles\MT4 (ex4)\Forex\1\1-21\1-21-29\1-21-29.html,1-21-29,EURUSD,H1,2023.01.01,2023.12.31,0.997,<=1yr,30335.56,14.66,134.96,0.56,652.34,1.93,967,History Quality,100%,Lots_Per_Money=10000 BB_Period=17 BB_Deviations=1.2 RSI_Period=12 RSI_Buy=30 RSI_Sell=70 ATR_Period=15 ATRX=1.3 TL_Start_ATR=2 TL_Stop_ATR=1 TL_Step_ATR=0.1 Lot_Percent_Incre_Decre=100 Balance_Percent_Incre=1 MagicStart=7376,MONEY_LOT;NO_SL_INPUT(heuristic),,,,,ok,
1-21-3,D:\Forex\10_EA_PROJECTS\0. Jobot\1000+ EA BOT MOGUL Bundles\MT4 (ex4)\Forex\1\1-21\1-21-3\1-18-3.html,1-21-3,EURUSD,H1,2023.01.01,2023.12.31,0.997,<=1yr,15936.77,2.06,2768.65,12.35,3122.72,13.85,503,History Quality,100%,Lots_Per_Money=100000 BB_Period=10 BB_Deviations=1.0 RSI_Period=16 RSI_Buy=30 RSI_Sell=70 Doji_Wick_Percent=70 Lot_Percent_Incre_Decre=100 ATR_Period=10 ATRX=1.1 Balance_Percent_Incre=1 MagicStart=7376,MONEY_LOT;NO_SL_INPUT(heuristic),,,,,ok,
1-21-30,D:\Forex\10_EA_PROJECTS\0. Jobot\1000+ EA BOT MOGUL Bundles\MT4 (ex4)\Forex\1\1-21\1-21-30\1-21-30.html,1-21-30,EURUSD,H1,2023.01.01,2023.12.31,0.997,<=1yr,40467.91,1.65,10424.34,17.84,11514.70,19.40,634,History Quality,100%,Lots_Per_Money=10000 BB_Period=15 BB_Deviations=1.0 RSI_Period=16 RSI_Buy=30 RSI_Sell=70 ATR_Period=17 ATRX=1.1 TL_Step_ATR=0.01 Zigzag_Period=7 Lot_Percent_Incre_Decre=100 Balance_Percent_Incre=1 MagicStart=7376,MONEY_LOT;NO_SL_INPUT(heuristic),,,,,ok,
1-21-33,D:\Forex\10_EA_PROJECTS\0. Jobot\1000+ EA BOT MOGUL Bundles\MT4 (ex4)\Forex\1\1-21\1-21-33\1-21-33.html,1-21-33,EURUSD,H1,2023.01.01,2023.12.31,0.997,<=1yr,103082.65,3.32,19656.89,21.53,17867.41,19.56,1252,History Quality,100%,Lots_Per_Money=10000 BB_Period=17 BB_Deviations=1.1 RSI_Period=10 RSI_Buy=30 RSI_Sell=70 TL_Start_Money_Percent=2 TL_Step_Money_Percent=0.1 TL_Stop_Money_Percent=1 Close_Profit_Percent=0.1 Lot_Percent_Incre_Decre=100 ATR_Period=12 ATRX=1.6 Balance_Percent_Incre=1 MagicStart=7376,MONEY_LOT;NO_SL_INPUT(heuristic),,,,,ok,
1-21-34,D:\Forex\10_EA_PROJECTS\0. Jobot\1000+ EA BOT MOGUL Bundles\MT4 (ex4)\Forex\1\1-21\1-21-34\1-21-34.html,1-21-34,EURUSD,H1,2023.01.01,2023.12.31,0.997,<=1yr,27893.10,1.90,901.54,4.23,2364.72,6.68,1403,History Quality,100%,Lots_Per_Money=10000 BB_Period=14 BB_Deviations=1.0 RSI_Period=10 RSI_Buy=30 RSI_Sell=70 TL_Stop_Money_Percent=1 Percent_Step_TL_Money=0.1 Percent_Start_TL_Money=2 Close_Profit_Percent=0.1 Lot_Percent_Incre_Decre=100 ATR_Period=14 ATRX=1.3 Balance_Percent_Incre=1 MagicStart=7376,MONEY_LOT;NO_SL_INPUT(heuristic),,,,,ok,
1-21-35,D:\Forex\10_EA_PROJECTS\0. Jobot\1000+ EA BOT MOGUL Bundles\MT4 (ex4)\Forex\1\1-21\1-21-35\1-21-35.html,1-21-35,EURUSD,H1,2023.01.01,2023.12.31,0.997,<=1yr,60247.30,1.87,56430.00,44.55,12623.60,16.62,898,History Quality,100%,Lots_Per_Money=10000 BB_Period=14 BB_Deviations=1.1 RSI_Period=11 RSI_Buy=30 RSI_Sell=70 TL_Start_Money_Percent=2 TL_Step_Money_Percent=0.1 TL_Stop_Money_Percent=1 Close_Profit_Percent=0.1 Lot_Percent_Incre_Decre=100 ATR_Period=13 ATRX=1.6 Balance_Percent_Incre=1 MagicStart=7376,MONEY_LOT;NO_SL_INPUT(heuristic),,,,,ok,
1-21-37,D:\Forex\10_EA_PROJECTS\0. Jobot\1000+ EA BOT MOGUL Bundles\MT4 (ex4)\Forex\1\1-21\1-21-37\1-21-37.html,1-21-37 T,EURUSD,H1,2023.01.01,2023.12.31,0.997,<=1yr,119568.76,5.68,2241.12,2.14,26270.06,25.27,1165,History Quality,100%,Lots_Per_Money=10000 BB_Period=14 BB_Deviations=1.0 RSI_Period=10 RSI_Buy=30 RSI_Sell=70 Close_All_Profit_Percent=0.1 Lot_Percent_Incre_Decre=100 ATR_Period=10 ATRX=2.0 Balance_Percent_Incre=1 Close_Profit_Percent=0.1 MagicStart=3191,MONEY_LOT;NO_SL_INPUT(heuristic),,,,,ok,
1-21-5,D:\Forex\10_EA_PROJECTS\0. Jobot\1000+ EA BOT MOGUL Bundles\MT4 (ex4)\Forex\1\1-21\1-21-5\1-21-5.html,1-21-5,EURUSD,H1,2023.01.01,2023.12.31,0.997,<=1yr,35878.67,5.61,486.72,2.28,12857.31,33.55,661,History Quality,100%,"Lots_Per_Money=10000 BB_Period=20 BB_Deviations=1.0 RSI_Period=16 RSI_Buy=30 RSI_Sell=70 FIBO_6_Level=23.6,38.2,50,61.8,78.6,100 Zigzag_Period=2 Close_Profit_Percent=0.1 Lot_Percent_Incre_Decre=100 ATR_Period=11 ATRX=1.5 Balance_Percent_Incre=1 MagicStart=7376",MONEY_LOT;NO_SL_INPUT(heuristic),,,,,ok,
1-21-6,D:\Forex\10_EA_PROJECTS\0. Jobot\1000+ EA BOT MOGUL Bundles\MT4 (ex4)\Forex\1\1-21\1-21-6\1-21-6.html,1-21-6,EURUSD,H1,2023.01.01,2023.12.31,0.997,<=1yr,27614.86,3.30,4288.75,11.74,12253.05,33.52,659,History Quality,100%,Lots_Per_Money=10000 BB_Period=18 BB_Deviations=1.0 RSI_Period=16 RSI_Buy=30 RSI_Sell=70 Close_Profit_Percent=0.1 Lot_Percent_Incre_Decre=100 ATR_Period=11 ATRX=1.6 Balance_Percent_Incre=1 MagicStart=7376,MONEY_LOT;NO_SL_INPUT(heuristic),,,,,ok,
1-21-7,D:\Forex\10_EA_PROJECTS\0. Jobot\1000+ EA BOT MOGUL Bundles\MT4 (ex4)\Forex\1\1-21\1-21-7\1-21-7.html,1-21-7,EURUSD,H1,2023.01.01,2023.12.31,0.997,<=1yr,28931.71,3.38,3749.92,10.20,6576.16,17.88,669,History Quality,100%,Lots_Per_Money=10000 BB_Period=19 BB_Deviations=1.0 RSI_Period=16 RSI_Buy=30 RSI_Sell=70 Fast_EMA_period=12 Slow_EMA_period=26 Signal_SMA_period=9 Close_Profit_Percent=0.1 Lot_Percent_Incre_Decre=100 ATR_Period=11 ATRX=1.6 Balance_Percent_Incre=1 MagicStart=7376,MONEY_LOT;NO_SL_INPUT(heuristic),,,,,ok,
1-21-8,D:\Forex\10_EA_PROJECTS\0. Jobot\1000+ EA BOT MOGUL Bundles\MT4 (ex4)\Forex\1\1-21\1-21-8\1-21-8.html,1-21-8,EURUSD,H1,2023.01.01,2023.12.31,0.997,<=1yr,25039.08,1.96,20104.20,36.46,13851.00,34.22,658,History Quality,100%,Lots_Per_Money=10000 BB_Period=20 BB_Deviations=1.0 RSI_Period=16 RSI_Buy=30 RSI_Sell=70 ATR_Period=18 ATRX=1.1 BE_Offset_ATR=0.1 BE_Profit_ATR_Pips=2 Close_Profit_Percent=0.1 Lot_Percent_Incre_Decre=100 Balance_Percent_Incre=1 MagicStart=7376,MONEY_LOT;NO_SL_INPUT(heuristic),,,,,ok,
1-21-9,D:\Forex\10_EA_PROJECTS\0. Jobot\1000+ EA BOT MOGUL Bundles\MT4 (ex4)\Forex\1\1-21\1-21-9\1-21-9.html,1-21-9 T,EURUSD,H1,2023.01.01,2023.12.31,0.997,<=1yr,29529.13,4.76,389.00,3.73,12380.40,34.21,694,History Quality,100%,Lots_Per_Money=10000 BB_Period=18 BB_Deviations=1.0 RSI_Period=16 RSI_Buy=30 RSI_Sell=70 BE_Profit_ATR_Pips=2 ATR_Period=13 ATRX=1.2 Lot_Percent_Incre_Decre=100 Balance_Percent_Incre=1 Close_Profit_Percent=0.1 MagicStart=4043,MONEY_LOT;NO_SL_INPUT(heuristic),,,,,ok,
1-22-1,D:\Forex\10_EA_PROJECTS\0. Jobot\1000+ EA BOT MOGUL Bundles\MT4 (ex4)\Forex\1\1-22\1-22-1\1-22-1.html,1-22-1 T,EURUSD,H1,2023.01.01,2023.12.31,0.997,<=1yr,73878.46,2.78,4482.02,12.67,7016.42,19.84,1464,History Quality,100%,Lots_Per_Money=10000 BB_Period=19 BB_Deviations=1.1 RSI_Period=10 RSI_Buy=30 RSI_Sell=70 Body_Engulfing_Ratio=2 ATR_Period=16 ATRX=1.0 Lot_Percent_Incre_Decre=100 Balance_Percent_Incre=1 Close_Profit_Percent=0.1 MagicStart=3917,MONEY_LOT;NO_SL_INPUT(heuristic),,,,,ok,
1-22-13,D:\Forex\10_EA_PROJECTS\0. Jobot\1000+ EA BOT MOGUL Bundles\MT4 (ex4)\Forex\1\1-22\1-22-13\1-22-13.html,1-22-13,EURUSD,H1,2024.01.01,2024.11.09,0.857,<=1yr,5094.45,1.82,978.21,7.42,1314.21,9.72,376,History Quality,100%,Lots_Per_Money=10000 BB_Period=12 BB_Deviations=1.1 RSI_Period=19 RSI_Buy=30 RSI_Sell=70 MinuteToClose=9 Lot_Percent_Incre_Decre=100 ATR_Period=19 ATRX=1.0 Balance_Percent_Incre=1 MagicStart=7376,MONEY_LOT;NO_SL_INPUT(heuristic),,,,,ok,
1-22-14,D:\Forex\10_EA_PROJECTS\0. Jobot\1000+ EA BOT MOGUL Bundles\MT4 (ex4)\Forex\1\1-22\1-22-14\1-22-14.html,1-22-14 T,EURUSD,H1,2024.01.01,2024.11.09,0.857,<=1yr,60639.49,5.56,666.24,0.95,8234.68,16.20,843,History Quality,100%,Lots_Per_Money=10000 BB_Period=10 BB_Deviations=1.0 RSI_Period=10 RSI_Buy=30 RSI_Sell=70 Close_ATR_Period=13 Close_ATRX=1.7 Lot_Percent_Incre_Decre=100 ATR_Period=19 ATRX=1.9 Balance_Percent_Incre=1 Close_Profit_Percent=0.1 MagicStart=7376,MONEY_LOT;NO_SL_INPUT(heuristic),,,,,ok,
1-22-16,D:\Forex\10_EA_PROJECTS\0. Jobot\1000+ EA BOT MOGUL Bundles\MT4 (ex4)\Forex\1\1-22\1-22-16\1-22-16.html,1-22-16 T,EURUSD,H1,2024.01.01,2024.11.09,0.857,<=1yr,19090.07,4.19,599.24,2.06,2702.16,11.13,512,History Quality,100%,Lots_Per_Money=10000 BB_Period=16 BB_Deviations=1.2 RSI_Period=16 RSI_Buy=30 RSI_Sell=70 Close_Profit_Percent_1=2 Close_Profit_Percent_2=1 Close_Profit_Percent_3=0.5 Lot_Percent_Incre_Decre=100 ATR_Period=15 ATRX=1.6 Balance_Percent_Incre=1 Close_Profit_Percent=0.1 MagicStart=7376,MONEY_LOT;NO_SL_INPUT(heuristic),,,,,ok,
1-22-17,D:\Forex\10_EA_PROJECTS\0. Jobot\1000+ EA BOT MOGUL Bundles\MT4 (ex4)\Forex\1\1-22\1-22-17\1-22-17.html,1-22-17,EURUSD,H1,2024.01.01,2024.11.09,0.857,<=1yr,23869.04,4.41,694.19,2.06,2214.09,10.10,594,History Quality,100%,Lots_Per_Money=10000 BB_Period=12 BB_Deviations=1.0 RSI_Period=15 RSI_Buy=30 RSI_Sell=70 Close_Profit_Percent=0.1 Lot_Percent_Incre_Decre=100 ATR_Period=12 ATRX=1.5 Balance_Percent_Incre=1 MagicStart=7376,MONEY_LOT;NO_SL_INPUT(heuristic),,,,,ok,
1-22-18,D:\Forex\10_EA_PROJECTS\0. Jobot\1000+ EA BOT MOGUL Bundles\MT4 (ex4)\Forex\1\1-22\1-22-18\1-22-18.html,1-22-18,EURUSD,H1,2024.01.01,2024.11.09,0.857,<=1yr,25541.60,2.02,2281.78,16.99,3147.93,10.69,1040,History Quality,100%,Lots_Per_Money=10000 BB_Period=19 BB_Deviations=1.0 RSI_Period=11 RSI_Buy=30 RSI_Sell=70 CutLoss_Percent=6 Close_Profit_Percent=0.1 Lot_Percent_Incre_Decre=100 ATR_Period=13 ATRX=2.0 Balance_Percent_Incre=1 MagicStart=7376,MONEY_LOT;NO_SL_INPUT(heuristic),,,,,ok,
1-22-19,D:\Forex\10_EA_PROJECTS\0. Jobot\1000+ EA BOT MOGUL Bundles\MT4 (ex4)\Forex\1\1-22\1-22-19\1-22-19.html,1-22-19,EURUSD,H1,2024.01.01,2024.11.09,0.857,<=1yr,26239.39,2.24,3017.52,10.16,4325.85,14.55,989,History Quality,100%,Lots_Per_Money=10000 BB_Period=16 BB_Deviations=1.0 RSI_Period=11 RSI_Buy=30 RSI_Sell=70 CutLoss_Percent=10 Close_Profit_Percent=0.1 Lot_Percent_Incre_Decre=100 ATR_Period=10 ATRX=2.0 Balance_Percent_Incre=1 MagicStart=7376,MONEY_LOT;NO_SL_INPUT(heuristic),,,,,ok,
1-22-2,D:\Forex\10_EA_PROJECTS\0. Jobot\1000+ EA BOT MOGUL Bundles\MT4 (ex4)\Forex\1\1-22\1-22-2\1-22-2.html,1-22-2 T,EURUSD,H1,2023.01.01,2023.12.31,0.997,<=1yr,87538.99,4.96,3141.23,10.65,4984.32,6.49,993,History Quality,100%,Lots_Per_Money=10000 BB_Period=20 BB_Deviations=1.3 RSI_Period=12 RSI_Buy=30 RSI_Sell=70 Body_Star_Ratio=1.8 ATR_Period=15 ATRX=1.2 Lot_Percent_Incre_Decre=100 Balance_Percent_Incre=1 Close_Profit_Percent=0.1 MagicStart=7376,MONEY_LOT;NO_SL_INPUT(heuristic),,,,,ok,
1-22-20,D:\Forex\10_EA_PROJECTS\0. Jobot\1000+ EA BOT MOGUL Bundles\MT4 (ex4)\Forex\1\1-22\1-22-20\1-22-20.html,1-22-20,EURUSD,H1,2024.01.01,2024.11.09,0.857,<=1yr,49939.39,5.74,398.64,0.87,7125.69,15.74,1185,History Quality,100%,Lots_Per_Money=10000 BB_Period=20 BB_Deviations=1.0 RSI_Period=10 RSI_Buy=30 RSI_Sell=70 Close_ATR_Period=11 Close_ATRX=1.4 Close_Profit_Percent=0.1 Close_Profit_Money=10 Lot_Percent_Incre_Decre=100 ATR_Period=16 ATRX=2.0 Balance_Percent_Incre=1 MagicStart=7376,MONEY_LOT;NO_SL_INPUT(heuristic),,,,,ok,
1-22-21,D:\Forex\10_EA_PROJECTS\0. Jobot\1000+ EA BOT MOGUL Bundles\MT4 (ex4)\Forex\1\1-22\1-22-21\1-22-21.html,1-22-21,EURUSD,H1,2024.01.01,2024.11.09,0.857,<=1yr,63855.59,5.60,696.00,0.95,8639.93,16.20,824,History Quality,100%,Lots_Per_Money=10000 BB_Period=10 BB_Deviations=1.0 RSI_Period=10 RSI_Buy=30 RSI_Sell=70 Close_ATR_Period=15 Close_ATRX=1.4 EMA_Period=14 Close_Profit_Percent=0.1 Lot_Percent_Incre_Decre=100 ATR_Period=19 ATRX=1.9 Balance_Percent_Incre=1 MagicStart=7376,MONEY_LOT;NO_SL_INPUT(heuristic),,,,,ok,
1-22-22,D:\Forex\10_EA_PROJECTS\0. Jobot\1000+ EA BOT MOGUL Bundles\MT4 (ex4)\Forex\1\1-22\1-22-22\1-22-22.html,1-22-22,EURUSD,H1,2024.01.01,2024.11.09,0.857,<=1yr,60613.43,5.20,663.36,0.95,8305.80,16.34,854,History Quality,100%,Lots_Per_Money=10000 BB_Period=10 BB_Deviations=1.0 RSI_Period=10 RSI_Buy=30 RSI_Sell=70 ATR_Period=20 ATRX=1.9 TL_Start_ATR=2 TL_Stop_ATR=1 TL_Step_ATR=0.1 Close_Profit_Percent=0.1 Lot_Percent_Incre_Decre=100 Balance_Percent_Incre=1 MagicStart=7376,MONEY_LOT;NO_SL_INPUT(heuristic),,,,,ok,
1-22-23,D:\Forex\10_EA_PROJECTS\0. Jobot\1000+ EA BOT MOGUL Bundles\MT4 (ex4)\Forex\1\1-22\1-22-23\1-22-23.html,1-22-23,EURUSD,H1,2024.01.01,2024.11.09,0.857,<=1yr,55456.24,5.18,616.32,0.95,7717.20,16.34,855,History Quality,100%,"Lots_Per_Money=10000 BB_Period=10 BB_Deviations=1.0 RSI_Period=10 RSI_Buy=30 RSI_Sell=70 ATR_Period=20 ATRX=1.9 TL_Step_ATR=0.1 TL_Stop_Level=20/5, 30/10, 40/15, 50/20 Close_Profit_Percent=0.1 Lot_Percent_Incre_Decre=100 Balance_Percent_Incre=1 MagicStart=7376",MONEY_LOT;NO_SL_INPUT(heuristic),,,,,ok,
1-22-24,D:\Forex\10_EA_PROJECTS\0. Jobot\1000+ EA BOT MOGUL Bundles\MT4 (ex4)\Forex\1\1-22\1-22-24\1-22-24.html,1-22-24,EURUSD,H1,2024.01.01,2024.11.09,0.857,<=1yr,20948.37,1.33,4051.54,16.79,4295.05,17.63,1065,History Quality,100%,Lots_Per_Money=10000 BB_Period=10 BB_Deviations=1.0 RSI_Period=10 RSI_Buy=30 RSI_Sell=70 TL_Stop_Money_Percent=1 Percent_Step_TL_Money=0.1 Percent_Start_TL_Money=2 Lot_Percent_Incre_Decre=100 ATR_Period=19 ATRX=1.1 Balance_Percent_Incre=1 MagicStart=7376,MONEY_LOT;NO_SL_INPUT(heuristic),,,,,ok,
1-22-26,D:\Forex\10_EA_PROJECTS\0. Jobot\1000+ EA BOT MOGUL Bundles\MT4 (ex4)\Forex\1\1-22\1-22-26\1-22-26.html,1-22-26,EURUSD,H1,2024.01.01,2024.11.09,0.857,<=1yr,22579.13,13.36,217.35,0.69,571.90,1.90,1002,History Quality,100%,Lots_Per_Money=10000 BB_Period=19 BB_Deviations=1.1 RSI_Period=12 RSI_Buy=30 RSI_Sell=70 TLStop_Percent_Profit=1 TLStep_Percent_TLStop=0.1 TLStart_Percent_TLStop=2 Close_Profit_Percent=0.1 Lot_Percent_Incre_Decre=100 ATR_Period=14 ATRX=1.0 Balance_Percent_Incre=1 MagicStart=7376,MONEY_LOT;NO_SL_INPUT(heuristic),,,,,ok,
1-22-29,D:\Forex\10_EA_PROJECTS\0. Jobot\1000+ EA BOT MOGUL Bundles\MT4 (ex4)\Forex\1\1-22\1-22-29\1-22-29.html,1-22-29,EURUSD,H1,2024.01.01,2024.11.09,0.857,<=1yr,20857.28,7.78,242.31,1.23,954.52,4.87,1050,History Quality,100%,Lots_Per_Money=10000 BB_Period=17 BB_Deviations=1.1 RSI_Period=11 RSI_Buy=30 RSI_Sell=70 ATR_Period=19 ATRX=1.0 TL_Start_ATR=2 TL_Stop_ATR=1 TL_Step_ATR=0.1 Lot_Percent_Incre_Decre=100 Balance_Percent_Incre=1 MagicStart=7376,MONEY_LOT;NO_SL_INPUT(heuristic),,,,,ok,
1-22-3,D:\Forex\10_EA_PROJECTS\0. Jobot\1000+ EA BOT MOGUL Bundles\MT4 (ex4)\Forex\1\1-22\1-22-3\1-22-3.html,1-22-3,EURUSD,H1,2024.01.01,2024.11.09,0.857,<=1yr,10870.04,2.16,1683.36,13.03,3898.68,17.12,355,History Quality,100%,Lots_Per_Money=10000 BB_Period=17 BB_Deviations=2.0 RSI_Period=10 RSI_Buy=30 RSI_Sell=70 Doji_Wick_Percent=10 Lot_Percent_Incre_Decre=100 ATR_Period=20 ATRX=1.1 Balance_Percent_Incre=1 MagicStart=7376,MONEY_LOT;NO_SL_INPUT(heuristic),,,,,ok,
1-22-30,D:\Forex\10_EA_PROJECTS\0. Jobot\1000+ EA BOT MOGUL Bundles\MT4 (ex4)\Forex\1\1-22\1-22-30\1-22-30.html,1-22-30,EURUSD,H1,2024.01.01,2024.11.09,0.857,<=1yr,13005.77,1.70,1572.79,6.56,3149.85,12.99,495,History Quality,100%,Lots_Per_Money=10000 BB_Period=16 BB_Deviations=1.7 RSI_Period=10 RSI_Buy=30 RSI_Sell=70 ATR_Period=13 ATRX=1.3 TL_Step_ATR=0.01 Zigzag_Period=2 Lot_Percent_Incre_Decre=100 Balance_Percent_Incre=1 MagicStart=7376,MONEY_LOT;NO_SL_INPUT(heuristic),,,,,ok,
1-22-31,D:\Forex\10_EA_PROJECTS\0. Jobot\1000+ EA BOT MOGUL Bundles\MT4 (ex4)\Forex\1\1-22\1-22-31\1-22-31.html,1-22-31,EURUSD,H1,2024.01.01,2024.11.09,0.857,<=1yr,43934.08,4.00,791.00,3.26,6402.11,15.73,880,History Quality,100%,Lots_Per_Money=10000 BB_Period=10 BB_Deviations=1.0 RSI_Period=10 RSI_Buy=30 RSI_Sell=70 Close_Profit_Pips=10 Close_Profit_Percent=0.1 Lot_Percent_Incre_Decre=100 ATR_Period=10 ATRX=2.0 Balance_Percent_Incre=1 MagicStart=7376,MONEY_LOT;NO_SL_INPUT(heuristic),,,,,ok,
1-22-33,D:\Forex\10_EA_PROJECTS\0. Jobot\1000+ EA BOT MOGUL Bundles\MT4 (ex4)\Forex\1\1-22\1-22-33\1-22-33.html,1-22-33,EURUSD,H1,2024.01.01,2024.11.09,0.857,<=1yr,27631.13,2.75,1523.52,5.24,4796.70,16.66,767,History Quality,100%,Lots_Per_Money=10000 BB_Period=20 BB_Deviations=1.5 RSI_Period=10 RSI_Buy=30 RSI_Sell=70 TL_Start_Money_Percent=2 TL_Step_Money_Percent=0.1 TL_Stop_Money_Percent=1 Close_Profit_Percent=0.1 Lot_Percent_Incre_Decre=100 ATR_Period=10 ATRX=2.0 Balance_Percent_Incre=1 MagicStart=7376,MONEY_LOT;NO_SL_INPUT(heuristic),,,,,ok,
1-22-34,D:\Forex\10_EA_PROJECTS\0. Jobot\1000+ EA BOT MOGUL Bundles\MT4 (ex4)\Forex\1\1-22\1-22-34\1-22-34.html,1-22-34,EURUSD,H1,2024.01.01,2024.11.09,0.857,<=1yr,12454.90,1.56,916.77,5.66,1151.71,5.76,1267,History Quality,100%,Lots_Per_Money=10000 BB_Period=19 BB_Deviations=1.0 RSI_Period=10 RSI_Buy=30 RSI_Sell=70 TL_Stop_Money_Percent=1 Percent_Step_TL_Money=0.1 Percent_Start_TL_Money=2 Close_Profit_Percent=0.1 Lot_Percent_Incre_Decre=100 ATR_Period=16 ATRX=1.4 Balance_Percent_Incre=1 MagicStart=7376,MONEY_LOT;NO_SL_INPUT(heuristic),,,,,ok,
1-22-35,D:\Forex\10_EA_PROJECTS\0. Jobot\1000+ EA BOT MOGUL Bundles\MT4 (ex4)\Forex\1\1-22\1-22-35\1-22-35.html,1-22-35,EURUSD,H1,2024.01.01,2024.11.09,0.857,<=1yr,21002.95,4.01,945.00,2.96,3504.44,11.10,575,History Quality,100%,Lots_Per_Money=10000 BB_Period=20 BB_Deviations=1.4 RSI_Period=14 RSI_Buy=30 RSI_Sell=70 TL_Start_Money_Percent=2 TL_Step_Money_Percent=0.1 TL_Stop_Money_Percent=1 Close_Profit_Percent=0.1 Lot_Percent_Incre_Decre=100 ATR_Period=18 ATRX=1.8 Balance_Percent_Incre=1 MagicStart=7376,MONEY_LOT;NO_SL_INPUT(heuristic),,,,,ok,
1-22-36,D:\Forex\10_EA_PROJECTS\0. Jobot\1000+ EA BOT MOGUL Bundles\MT4 (ex4)\Forex\1\1-22\1-22-36\1-22-36.html,1-22-36 T,EURUSD,H1,2024.01.01,2024.11.09,0.857,<=1yr,19487.85,2.87,930.65,3.77,2699.82,9.53,593,History Quality,100%,Lots_Per_Money=10000 BB_Period=13 BB_Deviations=1.0 RSI_Period=15 RSI_Buy=30 RSI_Sell=70 Zigzag_Period=4 Lot_Percent_Incre_Decre=100 ATR_Period=10 ATRX=1.7 Balance_Percent_Incre=1 Close_Profit_Percent=0.1 MagicStart=7376,MONEY_LOT;NO_SL_INPUT(heuristic),,,,,ok,
1-22-37,D:\Forex\10_EA_PROJECTS\0. Jobot\1000+ EA BOT MOGUL Bundles\MT4 (ex4)\Forex\1\1-22\1-22-37\1-22-37.html,1-22-37,EURUSD,H1,2024.01.01,2024.11.09,0.857,<=1yr,18318.15,4.10,588.69,2.06,1961.34,10.12,496,History Quality,100%,Lots_Per_Money=10000 BB_Period=18 BB_Deviations=1.4 RSI_Period=15 RSI_Buy=30 RSI_Sell=70 Close_All_Profit_Percent=0.1 Lot_Percent_Incre_Decre=100 ATR_Period=16 ATRX=1.7 Balance_Percent_Incre=1 Close_Profit_Percent=0.1 MagicStart=3191,MONEY_LOT;NO_SL_INPUT(heuristic),,,,,ok,
1-22-4,D:\Forex\10_EA_PROJECTS\0. Jobot\1000+ EA BOT MOGUL Bundles\MT4 (ex4)\Forex\1\1-22\1-22-4\1-22-4.html,1-22-4 T,EURUSD,H1,2024.01.01,2024.11.09,0.857,<=1yr,24010.40,2.51,2065.56,11.72,4026.88,15.70,916,History Quality,100%,Lots_Per_Money=10000 BB_Period=10 BB_Deviations=1.0 RSI_Period=10 RSI_Buy=30 RSI_Sell=70 Body_Tower_Ratio=2 Lot_Percent_Incre_Decre=100 ATR_Period=10 ATRX=2.0 Balance_Percent_Incre=1 Close_Profit_Percent=0.1 MagicStart=7376,MONEY_LOT;NO_SL_INPUT(heuristic),,,,,ok,
1-22-5,D:\Forex\10_EA_PROJECTS\0. Jobot\1000+ EA BOT MOGUL Bundles\MT4 (ex4)\Forex\1\1-22\1-22-5\1-22-5.html,1-22-5,EURUSD,H1,2024.01.01,2024.11.09,0.857,<=1yr,13915.34,2.62,961.56,5.19,3193.20,17.65,1118,History Quality,100%,"Lots_Per_Money=100000 BB_Period=16 BB_Deviations=1.2 RSI_Period=10 RSI_Buy=30 RSI_Sell=70 FIBO_6_Level=23.6,38.2,50,61.8,78.6,100 Zigzag_Period=3 Close_Profit_Percent=0.1 Lot_Percent_Incre_Decre=100 ATR_Period=18 ATRX=1.0 Balance_Percent_Incre=1 MagicStart=7376",MONEY_LOT;NO_SL_INPUT(heuristic),,,,,ok,
1-22-6,D:\Forex\10_EA_PROJECTS\0. Jobot\1000+ EA BOT MOGUL Bundles\MT4 (ex4)\Forex\1\1-22\1-22-6\1-22-6.html,1-22-6,EURUSD,H1,2024.01.01,2024.11.09,0.857,<=1yr,43613.01,4.11,1813.53,7.64,6118.97,15.73,915,History Quality,100%,Lots_Per_Money=10000 BB_Period=10 BB_Deviations=1.0 RSI_Period=10 RSI_Buy=30 RSI_Sell=70 Close_Profit_Percent=0.1 Lot_Percent_Incre_Decre=100 ATR_Period=18 ATRX=1.9 Balance_Percent_Incre=1 MagicStart=7376,MONEY_LOT;NO_SL_INPUT(heuristic),,,,,ok,
1-22-7,D:\Forex\10_EA_PROJECTS\0. Jobot\1000+ EA BOT MOGUL Bundles\MT4 (ex4)\Forex\1\1-22\1-22-7\1-22-7.html,1-22-7,EURUSD,H1,2024.01.01,2024.11.09,0.857,<=1yr,25694.22,3.11,2319.77,6.10,5519.28,14.64,661,History Quality,100%,Lots_Per_Money=10000 BB_Period=17 BB_Deviations=1.4 RSI_Period=12 RSI_Buy=30 RSI_Sell=70 Fast_EMA_period=12 Slow_EMA_period=26 Signal_SMA_period=9 Close_Profit_Percent=0.1 Lot_Percent_Incre_Decre=100 ATR_Period=15 ATRX=1.7 Balance_Percent_Incre=1 MagicStart=7376,MONEY_LOT;NO_SL_INPUT(heuristic),,,,,ok,
1-22-8,D:\Forex\10_EA_PROJECTS\0. Jobot\1000+ EA BOT MOGUL Bundles\MT4 (ex4)\Forex\1\1-22\1-22-8\1-22-8.html,1-22-8,EURUSD,H1,2024.01.01,2024.11.09,0.857,<=1yr,18008.02,4.79,231.00,1.04,2572.40,10.90,484,History Quality,100%,Lots_Per_Money=10000 BB_Period=10 BB_Deviations=1.0 RSI_Period=16 RSI_Buy=30 RSI_Sell=70 ATR_Period=15 ATRX=1.7 BE_Offset_ATR=0.1 BE_Profit_ATR_Pips=2 Close_Profit_Percent=0.1 Lot_Percent_Incre_Decre=100 Balance_Percent_Incre=1 MagicStart=7376,MONEY_LOT;NO_SL_INPUT(heuristic),,,,,ok,
1-22-9,D:\Forex\10_EA_PROJECTS\0. Jobot\1000+ EA BOT MOGUL Bundles\MT4 (ex4)\Forex\1\1-22\1-22-9\1-22-9.html,1-22-9 T,EURUSD,H1,2024.01.01,2024.11.09,0.857,<=1yr,41226.99,3.88,1178.20,5.49,6056.05,15.73,878,History Quality,100%,Lots_Per_Money=10000 BB_Period=10 BB_Deviations=1.0 RSI_Period=10 RSI_Buy=30 RSI_Sell=70 BE_Profit_ATR_Pips=1 ATR_Period=10 ATRX=2.0 Lot_Percent_Incre_Decre=100 Balance_Percent_Incre=1 Close_Profit_Percent=0.1 MagicStart=4043,MONEY_LOT;NO_SL_INPUT(heuristic),,,,,ok,
4-1-1,D:\Forex\10_EA_PROJECTS\0. Jobot\1000+ EA BOT MOGUL Bundles\MT4 (ex4)\Forex\4\4-1\4-1-1\4-1-1.html,4-1-1,EURUSD,H1,2023.01.01,2023.12.31,0.997,<=1yr,15578.16,2.30,2878.88,12.11,7212.78,28.06,405,History Quality,100%,Lots_Per_Money=100000 Tenkansen=9 Kijunsen=26 SenkouSpanB=52 ADX_Period=14 ATR_Period=14 ATRX=1.4 Multiple=1.5 Body_Engulfing_Ratio=3.0 MagicStart=6108,MONEY_LOT;MARTINGALE;NO_SL_INPUT(heuristic),,,,,ok,
4-1-13,D:\Forex\10_EA_PROJECTS\0. Jobot\1000+ EA BOT MOGUL Bundles\MT4 (ex4)\Forex\4\4-1\4-1-13\4-1-13.html,4-1-13,EURUSD,H1,2023.01.01,2023.12.31,0.997,<=1yr,13135.51,1.47,3061.68,16.00,4003.11,20.84,348,History Quality,100%,Lots_Per_Money=10000 Tenkansen=4 Kijunsen=20 SenkouSpanB=94 ADX_Period=15 ATR_Period=17 ATRX=2 Multiple=1.3 MinuteToClose=90 MagicStart=6108,MONEY_LOT;MARTINGALE;NO_SL_INPUT(heuristic),,,,,ok,
4-1-14,D:\Forex\10_EA_PROJECTS\0. Jobot\1000+ EA BOT MOGUL Bundles\MT4 (ex4)\Forex\4\4-1\4-1-14\4-1-14.html,4-1-14,EURUSD,H1,2023.01.01,2023.12.31,0.997,<=1yr,9210.93,3.62,2399.25,13.12,2232.25,12.86,628,History Quality,100%,Lots_Per_Money=100000 Tenkansen=9 Kijunsen=26 SenkouSpanB=52 ADX_Period=14 ATR_Period=14 ATRX=0.1 Multiple=0.8 BB_Period=10 Close_ATR_Period=26 Close_ATRX=1.7 MagicStart=6108,MONEY_LOT;NO_SL_INPUT(heuristic),,,,,ok,
4-1-16,D:\Forex\10_EA_PROJECTS\0. Jobot\1000+ EA BOT MOGUL Bundles\MT4 (ex4)\Forex\4\4-1\4-1-16\4-1-16.html,4-1-16,EURUSD,H1,2023.01.01,2023.12.31,0.997,<=1yr,638.86,1.20,2077.69,19.21,3036.25,22.88,73,History Quality,100%,Lots_Per_Money=100000 Tenkansen=9 Kijunsen=26 SenkouSpanB=52 ADX_Period=10 ATR_Period=10 ATRX=1.0 Multiple=0.9 Close_Profit_Percent_1=3 Close_Profit_Percent_2=1 Close_Profit_Percent_3=0.1 MagicStart=6108,MONEY_LOT;NO_SL_INPUT(heuristic),,,,,ok,
4-1-17,D:\Forex\10_EA_PROJECTS\0. Jobot\1000+ EA BOT MOGUL Bundles\MT4 (ex4)\Forex\4\4-1\4-1-17\4-1-17.html,4-1-17,EURUSD,H1,2023.01.01,2023.12.31,0.997,<=1yr,16036.11,1.60,9817.89,27.38,15764.14,47.72,957,History Quality,100%,Lots_Per_Money=100000 Tenkansen=9 Kijunsen=26 SenkouSpanB=52 ADX_Period=10 ATR_Period=10 ATRX=1.0 Multiple=1 Close_Profit_Percent=0.9 MagicStart=6108,MONEY_LOT;NO_SL_INPUT(heuristic),,,,,ok,
4-1-18,D:\Forex\10_EA_PROJECTS\0. Jobot\1000+ EA BOT MOGUL Bundles\MT4 (ex4)\Forex\4\4-1\4-1-18\4-1-18.html,4-1-18,EURUSD,H1,2023.01.01,2023.12.31,0.997,<=1yr,6052.75,1.26,2797.43,14.84,2940.50,15.48,962,History Quality,100%,Lots_Per_Money=100000 Tenkansen=9 Kijunsen=26 SenkouSpanB=52 ADX_Period=10 ATR_Period=13 ATRX=0.4 Multiple=3 Close_Profit_Percent=1 CutLoss_Percent=1 MagicStart=6108,MONEY_LOT;MARTINGALE;NO_SL_INPUT(heuristic),,,,,ok,
4-1-19,D:\Forex\10_EA_PROJECTS\0. Jobot\1000+ EA BOT MOGUL Bundles\MT4 (ex4)\Forex\4\4-1\4-1-19\4-1-19.html,4-1-19,EURUSD,H1,2023.01.01,2023.12.31,0.997,<=1yr,13329.78,1.56,2966.87,19.28,3540.91,22.06,445,History Quality,100%,Lots_Per_Money=100000 Tenkansen=9 Kijunsen=26 SenkouSpanB=52 ADX_Period=10 ATR_Period=17 ATRX=1.4 Multiple=1 Close_Profit_Percent=8 CutLoss_Percent=9 MagicStart=6108,MONEY_LOT;NO_SL_INPUT(heuristic),,,,,ok,
4-1-2,D:\Forex\10_EA_PROJECTS\0. Jobot\1000+ EA BOT MOGUL Bundles\MT4 (ex4)\Forex\4\4-1\4-1-2\4-1-2.html,4-1-2,EURUSD,H1,2023.01.01,2023.12.31,0.997,<=1yr,32517.86,2.33,5573.25,20.02,12184.10,42.84,444,History Quality,100%,Lots_Per_Money=100000 Tenkansen=9 Kijunsen=26 SenkouSpanB=52 ADX_Period=14 ATR_Period=15 ATRX=1.3 Multiple=1.5 Body_Star_Ratio=1.6 MagicStart=6108,MONEY_LOT;MARTINGALE;NO_SL_INPUT(heuristic),,,,,ok,
4-1-20,D:\Forex\10_EA_PROJECTS\0. Jobot\1000+ EA BOT MOGUL Bundles\MT4 (ex4)\Forex\4\4-1\4-1-20\4-1-20.html,4-1-20,EURUSD,H1,2023.01.01,2023.12.31,0.997,<=1yr,7063.91,2.60,482.69,3.15,4005.07,27.14,1095,History Quality,100%,Lots_Per_Money=100000 Tenkansen=9 Kijunsen=26 SenkouSpanB=52 ADX_Period=10 ATR_Period=14 ATRX=0.1 Multiple=1.3 Close_Profit_Percent=1 CutLoss_Percent=1 Close_Profit_Money=10 Close_ATR_Period=26 Close_ATRX=1.3 MagicStart=6108,MONEY_LOT;MARTINGALE;NO_SL_INPUT(heuristic),,,,,ok,
4-1-21,D:\Forex\10_EA_PROJECTS\0. Jobot\1000+ EA BOT MOGUL Bundles\MT4 (ex4)\Forex\4\4-1\4-1-21\4-1-21.html,4-1-21,EURUSD,H1,2023.01.01,2023.12.31,0.997,<=1yr,7681.77,4.57,883.68,4.94,4879.10,29.61,520,History Quality,100%,Lots_Per_Money=100000 Tenkansen=9 Kijunsen=26 SenkouSpanB=52 ADX_Period=14 ATR_Period=14 ATRX=1.1 Multiple=0.8 Close_ATR_Period=26 Close_ATRX=0.1 EMA_Period=19 MagicStart=6108,MONEY_LOT;NO_SL_INPUT(heuristic),,,,,ok,
4-1-22,D:\Forex\10_EA_PROJECTS\0. Jobot\1000+ EA BOT MOGUL Bundles\MT4 (ex4)\Forex\4\4-1\4-1-22\4-1-22.html,4-1-22,EURUSD,H1,2023.01.01,2023.12.31,0.997,<=1yr,10560.00,5.28,2468.61,10.72,4534.15,23.94,2126,History Quality,100%,Lots_Per_Money=100000 Tenkansen=9 Kijunsen=26 SenkouSpanB=52 ADX_Period=14 ATR_Period=14 ATRX=1.0 Multiple=0.8 TL_Start_ATR=1.5 TL_Stop_ATR=0.2 TL_Step_ATR=0.02 MagicStart=6108,MONEY_LOT;NO_SL_INPUT(heuristic),,,,,ok,
4-1-23,D:\Forex\10_EA_PROJECTS\0. Jobot\1000+ EA BOT MOGUL Bundles\MT4 (ex4)\Forex\4\4-1\4-1-23\4-1-23.html,4-1-23,EURUSD,H1,2023.01.01,2023.12.31,0.997,<=1yr,32906.30,2.83,8082.99,15.85,24004.17,46.82,1409,History Quality,100%,"Lots_Per_Money=100000 Tenkansen=9 Kijunsen=26 SenkouSpanB=52 ADX_Period=14 ATR_Period=18 ATRX=0.1 Multiple=1 TL_Step_ATR=0.3 TL_Stop_Level=20/5, 30/10, 40/15, 50/20 Close_Profit_Percent=1.4 MagicStart=6108",MONEY_LOT;NO_SL_INPUT(heuristic),,,,,ok,
4-1-24,D:\Forex\10_EA_PROJECTS\0. Jobot\1000+ EA BOT MOGUL Bundles\MT4 (ex4)\Forex\4\4-1\4-1-24\4-1-24.html,4-1-24,EURUSD,H1,2023.01.01,2023.12.31,0.997,<=1yr,7042.41,1.38,1417.47,11.44,1815.78,14.40,772,History Quality,100%,Lots_Per_Money=100000 Tenkansen=9 Kijunsen=26 SenkouSpanB=52 ADX_Period=14 ATR_Period=14 ATRX=1 Multiple=1.5 TL_Stop_Money_Percent=0.6 Percent_Step_TL_Money=0.10 Percent_Start_TL_Money=1.9 MagicStart=6108,MONEY_LOT;MARTINGALE;NO_SL_INPUT(heuristic),,,,,ok,
4-1-26,D:\Forex\10_EA_PROJECTS\0. Jobot\1000+ EA BOT MOGUL Bundles\MT4 (ex4)\Forex\4\4-1\4-1-26\4-1-26.html,4-1-26,EURUSD,H1,2023.01.01,2023.12.31,0.997,<=1yr,10005.94,4.76,487.26,2.38,1509.24,9.47,1655,History Quality,100%,Lots_Per_Money=100000 Tenkansen=9 Kijunsen=26 SenkouSpanB=52 ADX_Period=14 ATR_Period=14 ATRX=1.0 Multiple=5 TLStop_Percent_Profit=0.1 TLStep_Percent_TLStop=0.04 TLStart_Percent_TLStop=200 MagicStart=6108,MONEY_LOT;MARTINGALE;NO_SL_INPUT(heuristic),,,,,ok,
4-1-29,D:\Forex\10_EA_PROJECTS\0. Jobot\1000+ EA BOT MOGUL Bundles\MT4 (ex4)\Forex\4\4-1\4-1-29\4-1-29.html,4-1-29,EURUSD,H1,2023.01.01,2023.12.31,0.997,<=1yr,8431.83,1.46,16026.88,79.62,2456.96,19.25,397,History Quality,100%,Lots_Per_Money=10000 Tenkansen=9 Kijunsen=26 SenkouSpanB=52 ADX_Period=14 ATR_Period=18 ATRX=0.1 Multiple=1.5 TL_Start_ATR=1.2 TL_Stop_ATR=0.5 TL_Step_ATR=0.07 MagicStart=6108,MONEY_LOT;MARTINGALE;NO_SL_INPUT(heuristic),,,,,ok,
4-1-3,D:\Forex\10_EA_PROJECTS\0. Jobot\1000+ EA BOT MOGUL Bundles\MT4 (ex4)\Forex\4\4-1\4-1-3\4-1-3.html,4-1-3,EURUSD,H1,2023.01.01,2023.12.31,0.997,<=1yr,9829.14,2.27,1598.73,11.61,3103.94,23.19,338,History Quality,100%,Lots_Per_Money=100000 Tenkansen=9 Kijunsen=26 SenkouSpanB=52 ADX_Period=20 ATR_Period=40 ATRX=1.4 Multiple=1.5 Doji_Wick_Percent=89 Close_Profit_Percent=1 MagicStart=6108,MONEY_LOT;MARTINGALE;NO_SL_INPUT(heuristic),,,,,ok,
4-1-30,D:\Forex\10_EA_PROJECTS\0. Jobot\1000+ EA BOT MOGUL Bundles\MT4 (ex4)\Forex\4\4-1\4-1-30\4-1-30.html,4-1-30,EURUSD,H1,2023.01.01,2023.12.31,0.997,<=1yr,4226.37,1.63,866.97,6.76,3095.39,26.64,551,History Quality,100%,Lots_Per_Money=100000 Tenkansen=9 Kijunsen=26 SenkouSpanB=52 ADX_Period=14 ATR_Period=14 ATRX=1 Multiple=1.5 TL_Step_ATR=0.01 Zigzag_Period=9 Close_Profit_Percent=0.5 MagicStart=6108,MONEY_LOT;MARTINGALE;NO_SL_INPUT(heuristic),,,,,ok,
4-1-31,D:\Forex\10_EA_PROJECTS\0. Jobot\1000+ EA BOT MOGUL Bundles\MT4 (ex4)\Forex\4\4-1\4-1-31\4-1-31.html,4-1-31,EURUSD,H1,2023.01.01,2023.12.31,0.997,<=1yr,32094.13,7.04,465.37,3.14,6064.02,25.59,624,History Quality,100%,Lots_Per_Money=100000 Tenkansen=9 Kijunsen=26 SenkouSpanB=52 ADX_Period=13 ATR_Period=13 ATRX=1.1 Multiple=1.5 MagicStart=6108,MONEY_LOT;MARTINGALE;NO_SL_INPUT(heuristic),,,,,ok,
4-1-33,D:\Forex\10_EA_PROJECTS\0. Jobot\1000+ EA BOT MOGUL Bundles\MT4 (ex4)\Forex\4\4-1\4-1-33\4-1-33.html,4-1-33,EURUSD,H1,2023.01.01,2023.12.31,0.997,<=1yr,17374.53,2.84,2833.46,26.77,4615.37,16.84,211,History Quality,100%,Lots_Per_Money=100000 Tenkansen=9 Kijunsen=26 SenkouSpanB=52 ADX_Period=14 ATR_Period=14 ATRX=1.0 Multiple=1 TL_Start_Money_Percent=1.8 TL_Step_Money_Percent=0.03 TL_Stop_Money_Percent=0.8 MagicStart=6108,MONEY_LOT;NO_SL_INPUT(heuristic),,,,,ok,
4-1-34,D:\Forex\10_EA_PROJECTS\0. Jobot\1000+ EA BOT MOGUL Bundles\MT4 (ex4)\Forex\4\4-1\4-1-34\4-1-34.html,4-1-34,EURUSD,H1,2023.01.01,2023.12.31,0.997,<=1yr,3509.10,1.40,2224.42,14.14,2650.40,22.25,902,History Quality,100%,Lots_Per_Money=100000 Tenkansen=9 Kijunsen=26 SenkouSpanB=52 ADX_Period=14 ATR_Period=14 ATRX=0.1 Multiple=0.8 TL_Stop_Money_Percent=0.8 Percent_Step_TL_Money=7 Percent_Start_TL_Money=180 MagicStart=6108,MONEY_LOT;NO_SL_INPUT(heuristic),,,,,ok,
4-1-35,D:\Forex\10_EA_PROJECTS\0. Jobot\1000+ EA BOT MOGUL Bundles\MT4 (ex4)\Forex\4\4-1\4-1-35\4-1-35.html,4-1-35,EURUSD,H1,2023.01.01,2023.12.31,0.997,<=1yr,3122.92,1.46,1818.76,13.05,2086.35,16.48,348,History Quality,100%,Lots_Per_Money=100000 Tenkansen=9 Kijunsen=26 SenkouSpanB=52 ADX_Period=14 ATR_Period=18 ATRX=1.0 Multiple=0.8 TL_Start_Money_Percent=3 TL_Step_Money_Percent=0.5 TL_Stop_Money_Percent=0.9 MagicStart=6108,MONEY_LOT;NO_SL_INPUT(heuristic),,,,,ok,
4-1-36,D:\Forex\10_EA_PROJECTS\0. Jobot\1000+ EA BOT MOGUL Bundles\MT4 (ex4)\Forex\4\4-1\4-1-36\4-1-36.html,4-1-36,EURUSD,H1,2023.01.01,2023.12.31,0.997,<=1yr,78642.15,1.23,67462.91,43.22,26780.89,52.75,483,History Quality,100%,Lots_Per_Money=100000 Tenkansen=9 Kijunsen=26 SenkouSpanB=52 ADX_Period=14 ATR_Period=14 ATRX=1 Multiple=1.3 TL_Start_Money_Percent=2.0 TL_Step_Money_Percent=0.1 TL_Stop_Money_Percent=1.8 Zigzag_Period=5 MagicStart=6108,MONEY_LOT;MARTINGALE;NO_SL_INPUT(heuristic),,,,,ok,
4-1-37,D:\Forex\10_EA_PROJECTS\0. Jobot\1000+ EA BOT MOGUL Bundles\MT4 (ex4)\Forex\4\4-1\4-1-37\4-1-37.html,4-1-37,EURUSD,H1,2023.01.01,2023.12.31,0.997,<=1yr,14834.24,2.95,1128.25,8.44,4892.43,40.72,652,History Quality,100%,Lots_Per_Money=1000000 Tenkansen=9 Kijunsen=26 SenkouSpanB=52 ADX_Period=14 ATR_Period=14 ATRX=1.0 Multiple=1.3 Close_All_Profit_Percent=1.0 Close_Profit_Percent=1.8 MagicStart=6108,MONEY_LOT;MARTINGALE;NO_SL_INPUT(heuristic),,,,,ok,
4-1-4,D:\Forex\10_EA_PROJECTS\0. Jobot\1000+ EA BOT MOGUL Bundles\MT4 (ex4)\Forex\4\4-1\4-1-4\4-1-4.html,4-1-4,EURUSD,H1,2023.01.01,2023.12.31,0.997,<=1yr,61964.49,2.02,12574.74,28.11,20648.50,29.27,1041,History Quality,100%,Lots_Per_Money=100000 Tenkansen=9 Kijunsen=26 SenkouSpanB=52 ADX_Period=14 ATR_Period=22 ATRX=0.1 Multiple=1 Body_Tower_Ratio=2.0 MagicStart=6108,MONEY_LOT;NO_SL_INPUT(heuristic),,,,,ok,
4-1-5,D:\Forex\10_EA_PROJECTS\0. Jobot\1000+ EA BOT MOGUL Bundles\MT4 (ex4)\Forex\4\4-1\4-1-5\4-1-5.html,4-1-5,EURUSD,H1,2023.01.01,2023.12.31,0.997,<=1yr,10398.30,1.57,8374.26,29.11,12377.70,47.56,706,History Quality,100%,"Lots_Per_Money=100000 Tenkansen=9 Kijunsen=26 SenkouSpanB=52 ADX_Period=14 ATR_Period=14 ATRX=1.0 Multiple=1 Body_Tower_Ratio=0.1 Zigzag_Period=14 FIBO_6_Level=23.6,38.2,50,61.8,78.6,100 Close_Profit_Percent=1 MagicStart=6108",MONEY_LOT;NO_SL_INPUT(heuristic),,,,,ok,
4-1-6,D:\Forex\10_EA_PROJECTS\0. Jobot\1000+ EA BOT MOGUL Bundles\MT4 (ex4)\Forex\4\4-1\4-1-6\4-1-6.html,4-1-6,EURUSD,H1,2023.01.01,2023.12.31,0.997,<=1yr,8535.93,2.70,1489.98,7.44,6011.03,31.78,645,History Quality,100%,Lots_Per_Money=100000 Tenkansen=9 Kijunsen=26 SenkouSpanB=52 ADX_Period=14 ATR_Period=84 ATRX=0.8 Multiple=1 Close_Profit_Percent=0.5 MagicStart=6108,MONEY_LOT;NO_SL_INPUT(heuristic),,,,,ok,
4-1-7,D:\Forex\10_EA_PROJECTS\0. Jobot\1000+ EA BOT MOGUL Bundles\MT4 (ex4)\Forex\4\4-1\4-1-7\4-1-7.html,4-1-7,EURUSD,H1,2023.01.01,2023.12.31,0.997,<=1yr,30413.70,2.71,2591.91,6.10,11097.51,40.15,509,History Quality,100%,Lots_Per_Money=100000 Tenkansen=9 Kijunsen=26 SenkouSpanB=52 ADX_Period=14 ATR_Period=14 ATRX=1 Multiple=1.3 Close_Profit_Percent=8.3 Fast_EMA_period=6 Slow_EMA_period=16 Signal_SMA_period=3 MagicStart=6108,MONEY_LOT;MARTINGALE;NO_SL_INPUT(heuristic),,,,,ok,
4-1-8,D:\Forex\10_EA_PROJECTS\0. Jobot\1000+ EA BOT MOGUL Bundles\MT4 (ex4)\Forex\4\4-1\4-1-8\4-1-8.html,4-1-8,EURUSD,H1,2023.01.01,2023.12.31,0.997,<=1yr,20107.33,3.22,654.44,2.15,3796.09,25.58,575,History Quality,100%,Lots_Per_Money=100000 Tenkansen=9 Kijunsen=26 SenkouSpanB=52 ADX_Period=14 ATR_Period=14 ATRX=1 Multiple=1.3 Close_Profit_Percent=1 Fast_EMA_period=7 Slow_EMA_period=20 Signal_SMA_period=4 BE_Profit_ATR_Pips=0.7 BE_Offset_ATR=0.7 MagicStart=6108,MONEY_LOT;MARTINGALE;NO_SL_INPUT(heuristic),,,,,ok,
4-1-9,D:\Forex\10_EA_PROJECTS\0. Jobot\1000+ EA BOT MOGUL Bundles\MT4 (ex4)\Forex\4\4-1\4-1-9\4-1-9.html,4-1-9,EURUSD,H1,2023.01.01,2023.12.31,0.997,<=1yr,18468.51,2.89,1733.20,5.74,10933.48,36.57,644,History Quality,100%,Lots_Per_Money=100000 Tenkansen=9 Kijunsen=26 SenkouSpanB=52 ADX_Period=14 ATR_Period=14 ATRX=1.2 Multiple=1.3 Close_Profit_Percent=1.9 BE_Profit_ATR_Pips=1.0 MagicStart=6108,MONEY_LOT;MARTINGALE;NO_SL_INPUT(heuristic),,,,,ok,
4-2-1,D:\Forex\10_EA_PROJECTS\0. Jobot\1000+ EA BOT MOGUL Bundles\MT4 (ex4)\Forex\4\4-2\4-2-1\4-2-1.html,4-2-1,EURUSD,H1,2023.01.01,2023.12.31,0.997,<=1yr,4534.72,1.36,2813.67,18.51,4125.60,25.42,487,History Quality,100%,Lots_Per_Money=100000 Tenkansen=9 Kijunsen=26 SenkouSpanB=52 ADX_Period=14 ATR_Period=18 ATRX=0.9 Body_Engulfing_Ratio=1.6 MagicStart=6108,MONEY_LOT;NO_SL_INPUT(heuristic),,,,,ok,
4-2-13,D:\Forex\10_EA_PROJECTS\0. Jobot\1000+ EA BOT MOGUL Bundles\MT4 (ex4)\Forex\4\4-2\4-2-13\4-2-13.html,4-2-13,EURUSD,H1,2023.01.01,2023.12.31,0.997,<=1yr,3590.99,1.52,935.90,6.67,1131.06,8.04,580,History Quality,100%,Lots_Per_Money=100000 Tenkansen=9 Kijunsen=26 SenkouSpanB=52 ADX_Period=11 ATR_Period=13 ATRX=1.2 MinuteToClose=101 MagicStart=6108,MONEY_LOT;NO_SL_INPUT(heuristic),,,,,ok,
4-2-14,D:\Forex\10_EA_PROJECTS\0. Jobot\1000+ EA BOT MOGUL Bundles\MT4 (ex4)\Forex\4\4-2\4-2-14\4-2-14.html,4-2-14,EURUSD,H1,2023.01.01,2023.12.31,0.997,<=1yr,134983.93,5.61,23269.91,21.62,57525.89,34.80,279,History Quality,100%,Lots_Per_Money=100000 Tenkansen=9 Kijunsen=26 SenkouSpanB=52 ADX_Period=14 ATR_Period=14 ATRX=1.0 BB_Period=10 Close_ATR_Period=10 Close_ATRX=1.0 MagicStart=6108,MONEY_LOT;NO_SL_INPUT(heuristic),,,,,ok,
4-2-16,D:\Forex\10_EA_PROJECTS\0. Jobot\1000+ EA BOT MOGUL Bundles\MT4 (ex4)\Forex\4\4-2\4-2-16\4-2-16.html,4-2-16,EURUSD,H1,2023.01.01,2023.12.31,0.997,<=1yr,93337.13,28.04,2536.10,2.99,25359.00,25.00,34,History Quality,100%,Lots_Per_Money=100000 Tenkansen=9 Kijunsen=26 SenkouSpanB=52 ADX_Period=30 ATR_Period=50 ATRX=1.9 Close_Profit_Percent_1=2 Close_Profit_Percent_2=1 Close_Profit_Percent_3=0.5 MagicStart=6108,MONEY_LOT;NO_SL_INPUT(heuristic),,,,,ok,
4-2-17,D:\Forex\10_EA_PROJECTS\0. Jobot\1000+ EA BOT MOGUL Bundles\MT4 (ex4)\Forex\4\4-2\4-2-17\4-2-17.html,4-2-17,EURUSD,H1,2023.01.01,2023.12.31,0.997,<=1yr,35357.07,1.44,61945.50,122.95,24026.60,47.45,494,History Quality,100%,Lots_Per_Money=100000 Tenkansen=9 Kijunsen=26 SenkouSpanB=52 ADX_Period=10 ATR_Period=90 ATRX=1.5 Close_Profit_Percent=1.8 MagicStart=6108,MONEY_LOT;NO_SL_INPUT(heuristic),,,,,ok,
4-2-18,D:\Forex\10_EA_PROJECTS\0. Jobot\1000+ EA BOT MOGUL Bundles\MT4 (ex4)\Forex\4\4-2\4-2-18\4-2-18.html,4-2-18,EURUSD,H1,2023.01.01,2023.12.31,0.997,<=1yr,18951.25,1.72,3255.75,10.30,4027.79,12.69,529,History Quality,100%,Lots_Per_Money=100000 Tenkansen=9 Kijunsen=26 SenkouSpanB=52 ADX_Period=14 ATR_Period=18 ATRX=1.3 Close_Profit_Percent=1.7 CutLoss_Percent=10 MagicStart=6108,MONEY_LOT;NO_SL_INPUT(heuristic),,,,,ok,
4-2-19,D:\Forex\10_EA_PROJECTS\0. Jobot\1000+ EA BOT MOGUL Bundles\MT4 (ex4)\Forex\4\4-2\4-2-19\4-2-19.html,4-2-19,EURUSD,H1,2023.01.01,2023.12.31,0.997,<=1yr,16570.18,1.57,3248.06,11.17,4037.79,13.64,569,History Quality,100%,Lots_Per_Money=100000 Tenkansen=9 Kijunsen=26 SenkouSpanB=52 ADX_Period=14 ATR_Period=13 ATRX=1.1 Close_Profit_Percent=1.8 CutLoss_Percent=7 MagicStart=6108,MONEY_LOT;NO_SL_INPUT(heuristic),,,,,ok,
4-2-2,D:\Forex\10_EA_PROJECTS\0. Jobot\1000+ EA BOT MOGUL Bundles\MT4 (ex4)\Forex\4\4-2\4-2-2\4-2-2.html,4-2-2,EURUSD,H1,2023.01.01,2023.12.31,0.997,<=1yr,38079.45,2.43,3954.64,13.15,12631.64,39.81,478,History Quality,100%,Lots_Per_Money=100000 Tenkansen=9 Kijunsen=26 SenkouSpanB=52 ADX_Period=10 ATR_Period=14 ATRX=1.9 Body_Star_Ratio=1.6 MagicStart=6108,MONEY_LOT;NO_SL_INPUT(heuristic),,,,,ok,
4-2-20,D:\Forex\10_EA_PROJECTS\0. Jobot\1000+ EA BOT MOGUL Bundles\MT4 (ex4)\Forex\4\4-2\4-2-20\4-2-20.html,4-2-20,EURUSD,H1,2023.01.01,2023.12.31,0.997,<=1yr,4478.69,2.11,867.60,7.76,2673.11,24.06,499,History Quality,100%,Lots_Per_Money=100000 Tenkansen=9 Kijunsen=26 SenkouSpanB=52 ADX_Period=14 ATR_Period=14 ATRX=1.3 Close_Profit_Percent=0.2 CutLoss_Percent=5 Close_Profit_Money=10 Close_ATR_Period=26 Close_ATRX=1 MagicStart=6108,MONEY_LOT;NO_SL_INPUT(heuristic),,,,,ok,
4-2-21,D:\Forex\10_EA_PROJECTS\0. Jobot\1000+ EA BOT MOGUL Bundles\MT4 (ex4)\Forex\4\4-2\4-2-21\4-2-21.html,4-2-21,EURUSD,H1,2023.01.01,2023.12.31,0.997,<=1yr,15573.87,14.59,493.32,3.57,5735.52,43.54,110,History Quality,100%,Lots_Per_Money=100000 Tenkansen=9 Kijunsen=26 SenkouSpanB=52 ADX_Period=30 ATR_Period=14 ATRX=1.8 Close_ATR_Period=26 Close_ATRX=1 EMA_Period=14 MagicStart=6108,MONEY_LOT;NO_SL_INPUT(heuristic),,,,,ok,
4-2-22,D:\Forex\10_EA_PROJECTS\0. Jobot\1000+ EA BOT MOGUL Bundles\MT4 (ex4)\Forex\4\4-2\4-2-22\4-2-22.html,4-2-22,EURUSD,H1,2023.01.01,2023.12.31,0.997,<=1yr,3143.12,0.00,0.00,0.00,458.04,4.17,34,History Quality,100%,Lots_Per_Money=100000 Tenkansen=9 Kijunsen=26 SenkouSpanB=52 ADX_Period=50 ATR_Period=50 ATRX=0.1 TL_Start_ATR=1.7 TL_Stop_ATR=0.1 TL_Step_ATR=0.02 MagicStart=6108,MONEY_LOT;NO_SL_INPUT(heuristic),,,,,ok,
4-2-23,D:\Forex\10_EA_PROJECTS\0. Jobot\1000+ EA BOT MOGUL Bundles\MT4 (ex4)\Forex\4\4-2\4-2-23\4-2-23.html,4-2-23,EURUSD,H1,2023.01.01,2023.12.31,0.997,<=1yr,64765.08,3.02,15475.50,17.15,41589.90,45.90,691,History Quality,100%,"Lots_Per_Money=100000 Tenkansen=9 Kijunsen=26 SenkouSpanB=52 ADX_Period=13 ATR_Period=12 ATRX=1.0 TL_Step_ATR=1 TL_Stop_Level=20/5, 30/10, 40/15, 50/20 Close_Profit_Percent=1.8 MagicStart=6108",MONEY_LOT;NO_SL_INPUT(heuristic),,,,,ok,
4-2-24,D:\Forex\10_EA_PROJECTS\0. Jobot\1000+ EA BOT MOGUL Bundles\MT4 (ex4)\Forex\4\4-2\4-2-24\4-2-24.html,4-2-24,EURUSD,H1,2023.01.01,2023.12.31,0.997,<=1yr,304160.30,5.73,15839.04,5.12,127222.35,34.60,328,History Quality,100%,Lots_Per_Money=100000 Tenkansen=9 Kijunsen=26 SenkouSpanB=52 ADX_Period=25 ATR_Period=30 ATRX=1.2 TL_Stop_Money_Percent=2 Percent_Step_TL_Money=5 Percent_Start_TL_Money=50 MagicStart=6108,MONEY_LOT;NO_SL_INPUT(heuristic),,,,,ok,
4-2-26,D:\Forex\10_EA_PROJECTS\0. Jobot\1000+ EA BOT MOGUL Bundles\MT4 (ex4)\Forex\4\4-2\4-2-26\4-2-26.html,4-2-26,EURUSD,H1,2023.01.01,2023.12.31,0.997,<=1yr,3296.95,3.69,424.44,3.09,308.39,2.70,2399,History Quality,100%,Lots_Per_Money=100000 Tenkansen=9 Kijunsen=26 SenkouSpanB=52 ADX_Period=10 ATR_Period=12 ATRX=1.0 TLStop_Percent_Profit=25 TLStep_Percent_TLStop=10 TLStart_Percent_TLStop=100 MagicStart=6108,MONEY_LOT;NO_SL_INPUT(heuristic),,,,,ok,
4-2-29,D:\Forex\10_EA_PROJECTS\0. Jobot\1000+ EA BOT MOGUL Bundles\MT4 (ex4)\Forex\4\4-2\4-2-29\4-2-29.html,4-2-29,EURUSD,H1,2023.01.01,2023.12.31,0.997,<=1yr,5468.33,2.71,342.32,2.89,2521.92,22.71,333,History Quality,100%,Lots_Per_Money=10000 Tenkansen=9 Kijunsen=26 SenkouSpanB=52 ADX_Period=15 ATR_Period=16 ATRX=1.1 TL_Start_ATR=2 TL_Stop_ATR=1 TL_Step_ATR=0.1 MagicStart=6108,MONEY_LOT;NO_SL_INPUT(heuristic),,,,,ok,
4-2-3,D:\Forex\10_EA_PROJECTS\0. Jobot\1000+ EA BOT MOGUL Bundles\MT4 (ex4)\Forex\4\4-2\4-2-3\4-2-3.html,4-2-3,EURUSD,H1,2023.01.01,2023.12.31,0.997,<=1yr,1340.26,1.30,1176.49,10.40,2036.27,17.67,385,History Quality,100%,Lots_Per_Money=100000 Tenkansen=9 Kijunsen=26 SenkouSpanB=52 ADX_Period=13 ATR_Period=17 ATRX=1.9 Doji_Wick_Percent=50 MagicStart=6108,MONEY_LOT;NO_SL_INPUT(heuristic),,,,,ok,
4-2-30,D:\Forex\10_EA_PROJECTS\0. Jobot\1000+ EA BOT MOGUL Bundles\MT4 (ex4)\Forex\4\4-2\4-2-30\4-2-30.html,4-2-30,EURUSD,H1,2023.01.01,2023.12.31,0.997,<=1yr,5002.04,1.36,2605.82,17.11,3309.51,23.25,587,History Quality,100%,Lots_Per_Money=100000 Tenkansen=9 Kijunsen=26 SenkouSpanB=52 ADX_Period=11 ATR_Period=16 ATRX=1.1 TL_Step_ATR=0.1 Zigzag_Period=9 Close_Profit_Percent=2 MagicStart=6108,MONEY_LOT;NO_SL_INPUT(heuristic),,,,,ok,
4-2-31,D:\Forex\10_EA_PROJECTS\0. Jobot\1000+ EA BOT MOGUL Bundles\MT4 (ex4)\Forex\4\4-2\4-2-31\4-2-31.html,4-2-31,EURUSD,H1,2023.01.01,2023.12.31,0.997,<=1yr,11415.06,6.47,512.93,4.58,2656.94,23.74,326,History Quality,100%,Lots_Per_Money=100000 Tenkansen=9 Kijunsen=26 SenkouSpanB=52 ADX_Period=20 ATR_Period=90 ATRX=1.1 MagicStart=6108,MONEY_LOT;NO_SL_INPUT(heuristic),,,,,ok,
4-2-33,D:\Forex\10_EA_PROJECTS\0. Jobot\1000+ EA BOT MOGUL Bundles\MT4 (ex4)\Forex\4\4-2\4-2-33\4-2-33.html,4-2-33,EURUSD,H1,2023.01.01,2023.12.31,0.997,<=1yr,25576.23,4.52,2699.70,7.46,6764.70,20.32,49,History Quality,100%,Lots_Per_Money=100000 Tenkansen=9 Kijunsen=26 SenkouSpanB=52 ADX_Period=10 ATR_Period=14 ATRX=1.8 TL_Start_Money_Percent=2 TL_Step_Money_Percent=0.1 TL_Stop_Money_Percent=1 MagicStart=6108,MONEY_LOT;NO_SL_INPUT(heuristic),,,,,ok,
4-2-34,D:\Forex\10_EA_PROJECTS\0. Jobot\1000+ EA BOT MOGUL Bundles\MT4 (ex4)\Forex\4\4-2\4-2-34\4-2-34.html,4-2-34,EURUSD,H1,2023.01.01,2023.12.31,0.997,<=1yr,133202.93,1.75,74012.29,51.74,55299.57,33.44,106,History Quality,100%,Lots_Per_Money=100000 Tenkansen=9 Kijunsen=26 SenkouSpanB=52 ADX_Period=19 ATR_Period=17 ATRX=2.0 TL_Stop_Money_Percent=10 Percent_Step_TL_Money=50 Percent_Start_TL_Money=500 MagicStart=6108,MONEY_LOT;NO_SL_INPUT(heuristic),,,,,ok,
4-2-35,D:\Forex\10_EA_PROJECTS\0. Jobot\1000+ EA BOT MOGUL Bundles\MT4 (ex4)\Forex\4\4-2\4-2-35\4-2-35.html,4-2-35,EURUSD,H1,2023.01.01,2023.12.31,0.997,<=1yr,26144.89,1.36,53365.20,127.84,20430.42,48.46,472,History Quality,100%,Lots_Per_Money=100000 Tenkansen=9 Kijunsen=26 SenkouSpanB=52 ADX_Period=11 ATR_Period=14 ATRX=1.7 TL_Start_Money_Percent=2 TL_Step_Money_Percent=0.1 TL_Stop_Money_Percent=1 MagicStart=6108,MONEY_LOT;NO_SL_INPUT(heuristic),,,,,ok,
4-2-36,D:\Forex\10_EA_PROJECTS\0. Jobot\1000+ EA BOT MOGUL Bundles\MT4 (ex4)\Forex\4\4-2\4-2-36\4-2-36.html,4-2-36,EURUSD,H1,2023.01.01,2023.12.31,0.997,<=1yr,105705.17,1.26,64567.96,35.82,54483.62,36.44,611,History Quality,100%,Lots_Per_Money=100000 Tenkansen=9 Kijunsen=26 SenkouSpanB=52 ADX_Period=15 ATR_Period=15 ATRX=1.5 TL_Start_Money_Percent=2 TL_Step_Money_Percent=0.1 TL_Stop_Money_Percent=1 Zigzag_Period=4 MagicStart=6108,MONEY_LOT;NO_SL_INPUT(heuristic),,,,,ok,
4-2-37,D:\Forex\10_EA_PROJECTS\0. Jobot\1000+ EA BOT MOGUL Bundles\MT4 (ex4)\Forex\4\4-2\4-2-37\4-2-37.html,4-2-37,EURUSD,H1,2023.01.01,2023.12.31,0.997,<=1yr,20065.14,2.20,6030.72,16.71,16652.16,45.73,344,History Quality,100%,Lots_Per_Money=100000 Tenkansen=9 Kijunsen=26 SenkouSpanB=52 ADX_Period=20 ATR_Period=100 ATRX=1.4 Close_All_Profit_Percent=10 Close_Profit_Percent=2 MagicStart=6108,MONEY_LOT;NO_SL_INPUT(heuristic),,,,,ok,
4-2-4,D:\Forex\10_EA_PROJECTS\0. Jobot\1000+ EA BOT MOGUL Bundles\MT4 (ex4)\Forex\4\4-2\4-2-4\4-2-4.html,4-2-4,EURUSD,H1,2023.01.01,2023.12.31,0.997,<=1yr,354094.95,2.01,65215.10,21.12,106668.71,32.46,478,History Quality,100%,Lots_Per_Money=100000 Tenkansen=9 Kijunsen=26 SenkouSpanB=52 ADX_Period=10 ATR_Period=10 ATRX=1.3 Body_Tower_Ratio=2.0 MagicStart=6108,MONEY_LOT;NO_SL_INPUT(heuristic),,,,,ok,
4-2-5,D:\Forex\10_EA_PROJECTS\0. Jobot\1000+ EA BOT MOGUL Bundles\MT4 (ex4)\Forex\4\4-2\4-2-5\4-2-5.html,4-2-5,EURUSD,H1,2023.01.01,2023.12.31,0.997,<=1yr,28108.14,2.28,8340.72,17.96,21782.38,46.62,615,History Quality,100%,"Lots_Per_Money=100000 Tenkansen=9 Kijunsen=26 SenkouSpanB=52 ADX_Period=14 ATR_Period=14 ATRX=1.0 Body_Tower_Ratio=1.0 Zigzag_Period=5 FIBO_6_Level=23.6,38.2,50,61.8,78.6,100 Close_Profit_Percent=0.9 MagicStart=6108",MONEY_LOT;NO_SL_INPUT(heuristic),,,,,ok,
4-2-6,D:\Forex\10_EA_PROJECTS\0. Jobot\1000+ EA BOT MOGUL Bundles\MT4 (ex4)\Forex\4\4-2\4-2-6\4-2-6.html,4-2-6,EURUSD,H1,2023.01.01,2023.12.31,0.997,<=1yr,21120.01,1.92,6900.42,18.15,17994.14,47.06,732,History Quality,100%,Lots_Per_Money=100000 Tenkansen=9 Kijunsen=26 SenkouSpanB=52 ADX_Period=11 ATR_Period=13 ATRX=1.0 Close_Profit_Percent=0.8 MagicStart=6108,MONEY_LOT;NO_SL_INPUT(heuristic),,,,,ok,
4-2-7,D:\Forex\10_EA_PROJECTS\0. Jobot\1000+ EA BOT MOGUL Bundles\MT4 (ex4)\Forex\4\4-2\4-2-7\4-2-7.html,4-2-7,EURUSD,H1,2023.01.01,2023.12.31,0.997,<=1yr,20651.26,2.02,10630.63,27.86,16238.30,41.63,422,History Quality,100%,Lots_Per_Money=100000 Tenkansen=9 Kijunsen=26 SenkouSpanB=52 ADX_Period=10 ATR_Period=10 ATRX=3 Close_Profit_Percent=1.3 Fast_EMA_period=14 Slow_EMA_period=11 Signal_SMA_period=11 MagicStart=6108,MONEY_LOT;NO_SL_INPUT(heuristic),,,,,ok,
4-2-8,D:\Forex\10_EA_PROJECTS\0. Jobot\1000+ EA BOT MOGUL Bundles\MT4 (ex4)\Forex\4\4-2\4-2-8\4-2-8.html,4-2-8,EURUSD,H1,2023.01.01,2023.12.31,0.997,<=1yr,15731.17,2.59,1595.40,6.21,6983.65,27.17,699,History Quality,100%,Lots_Per_Money=1000000 Tenkansen=9 Kijunsen=26 SenkouSpanB=52 ADX_Period=14 ATR_Period=14 ATRX=1 Close_Profit_Percent=2.0 Fast_EMA_period=20 Slow_EMA_period=10 Signal_SMA_period=20 BE_Profit_ATR_Pips=1 BE_Offset_ATR=1 MagicStart=6108,MONEY_LOT;NO_SL_INPUT(heuristic),,,,,ok,
4-2-9,D:\Forex\10_EA_PROJECTS\0. Jobot\1000+ EA BOT MOGUL Bundles\MT4 (ex4)\Forex\4\4-2\4-2-9\4-2-9.html,4-2-9,EURUSD,H1,2023.01.01,2023.12.31,0.997,<=1yr,26297.23,2.31,7631.53,17.37,20516.32,46.39,572,History Quality,100%,Lots_Per_Money=100000 Tenkansen=9 Kijunsen=26 SenkouSpanB=52 ADX_Period=14 ATR_Period=14 ATRX=1.1 Close_Profit_Percent=1.0 BE_Profit_ATR_Pips=1.9 MagicStart=6108,MONEY_LOT;NO_SL_INPUT(heuristic),,,,,ok,
4-3-1,D:\Forex\10_EA_PROJECTS\0. Jobot\1000+ EA BOT MOGUL Bundles\MT4 (ex4)\Forex\4\4-3\4-3-1\4-3-1.html,4-3-1,EURUSD,H1,2023.01.01,2023.12.31,0.997,<=1yr,8211.56,1.86,1462.79,14.48,2788.60,15.93,550,History Quality,100%,Lots_Per_Money=100000 Tenkansen=9 Kijunsen=26 SenkouSpanB=52 ADX_Period=11 ATR_Period=10 ATRX=1.2 Body_Engulfing_Ratio=2.9 MagicStart=6108,MONEY_LOT;NO_SL_INPUT(heuristic),,,,,ok,
4-3-13,D:\Forex\10_EA_PROJECTS\0. Jobot\1000+ EA BOT MOGUL Bundles\MT4 (ex4)\Forex\4\4-3\4-3-13\4-3-13.html,4-3-13,EURUSD,H1,2023.01.01,2023.12.31,0.997,<=1yr,16879.13,1.22,11207.51,30.12,12302.99,32.34,582,History Quality,100%,Lots_Per_Money=10000 Tenkansen=9 Kijunsen=26 SenkouSpanB=52 ADX_Period=11 ATR_Period=17 ATRX=1.1 MinuteToClose=100 MagicStart=6108,MONEY_LOT;NO_SL_INPUT(heuristic),,,,,ok,
4-3-14,D:\Forex\10_EA_PROJECTS\0. Jobot\1000+ EA BOT MOGUL Bundles\MT4 (ex4)\Forex\4\4-3\4-3-14\4-3-14.html,4-3-14,EURUSD,H1,2023.01.01,2023.12.31,0.997,<=1yr,4836.66,4.23,652.06,4.88,1865.30,14.02,411,History Quality,100%,Lots_Per_Money=1000000 Tenkansen=9 Kijunsen=26 SenkouSpanB=52 ADX_Period=14 ATR_Period=14 ATRX=1.0 BB_Period=16 Close_ATR_Period=26 Close_ATRX=1 MagicStart=6108,MONEY_LOT;NO_SL_INPUT(heuristic),,,,,ok,
4-3-16,D:\Forex\10_EA_PROJECTS\0. Jobot\1000+ EA BOT MOGUL Bundles\MT4 (ex4)\Forex\4\4-3\4-3-16\4-3-16.html,4-3-16,EURUSD,H1,2023.01.01,2023.12.31,0.997,<=1yr,1841.23,1.90,1884.79,15.16,12593.22,55.67,73,History Quality,100%,Lots_Per_Money=1000000 Tenkansen=9 Kijunsen=26 SenkouSpanB=52 ADX_Period=10 ATR_Period=10 ATRX=1.0 Close_Profit_Percent_1=1 Close_Profit_Percent_2=0.5 Close_Profit_Percent_3=0.1 MagicStart=6108,MONEY_LOT;NO_SL_INPUT(heuristic),,,,,ok,
4-3-17,D:\Forex\10_EA_PROJECTS\0. Jobot\1000+ EA BOT MOGUL Bundles\MT4 (ex4)\Forex\4\4-3\4-3-17\4-3-17.html,4-3-17,EURUSD,H1,2023.01.01,2023.12.31,0.997,<=1yr,36278.04,2.14,6483.87,12.29,20590.45,43.82,653,History Quality,100%,Lots_Per_Money=100000 Tenkansen=9 Kijunsen=26 SenkouSpanB=52 ADX_Period=10 ATR_Period=10 ATRX=1.7 Close_Profit_Percent=1.7 MagicStart=6108,MONEY_LOT;NO_SL_INPUT(heuristic),,,,,ok,
4-3-18,D:\Forex\10_EA_PROJECTS\0. Jobot\1000+ EA BOT MOGUL Bundles\MT4 (ex4)\Forex\4\4-3\4-3-18\4-3-18.html,4-3-18,EURUSD,H1,2023.01.01,2023.12.31,0.997,<=1yr,7318.61,1.30,3825.00,18.28,4144.52,19.58,679,History Quality,100%,Lots_Per_Money=100000 Tenkansen=9 Kijunsen=26 SenkouSpanB=52 ADX_Period=14 ATR_Period=14 ATRX=1.0 Close_Profit_Percent=1.7 CutLoss_Percent=7 MagicStart=6108,MONEY_LOT;NO_SL_INPUT(heuristic),,,,,ok,
4-3-19,D:\Forex\10_EA_PROJECTS\0. Jobot\1000+ EA BOT MOGUL Bundles\MT4 (ex4)\Forex\4\4-3\4-3-19\4-3-19.html,4-3-19,EURUSD,H1,2023.01.01,2023.12.31,0.997,<=1yr,5936.71,1.48,2196.24,17.04,2633.93,20.44,602,History Quality,100%,Lots_Per_Money=100000 Tenkansen=9 Kijunsen=26 SenkouSpanB=52 ADX_Period=14 ATR_Period=14 ATRX=1.0 Close_Profit_Percent=1.0 CutLoss_Percent=6 MagicStart=6108,MONEY_LOT;NO_SL_INPUT(heuristic),,,,,ok,
4-3-2,D:\Forex\10_EA_PROJECTS\0. Jobot\1000+ EA BOT MOGUL Bundles\MT4 (ex4)\Forex\4\4-3\4-3-2\4-3-2.html,4-3-2,EURUSD,H1,2023.01.01,2023.12.31,0.997,<=1yr,22518.09,2.21,2791.71,12.20,9852.78,39.51,637,History Quality,100%,Lots_Per_Money=100000 Tenkansen=9 Kijunsen=26 SenkouSpanB=52 ADX_Period=10 ATR_Period=50 ATRX=1.0 Body_Star_Ratio=1.5 MagicStart=6108,MONEY_LOT;NO_SL_INPUT(heuristic),,,,,ok,
4-3-20,D:\Forex\10_EA_PROJECTS\0. Jobot\1000+ EA BOT MOGUL Bundles\MT4 (ex4)\Forex\4\4-3\4-3-20\4-3-20.html,4-3-20,EURUSD,H1,2023.01.01,2023.12.31,0.997,<=1yr,2209.59,2.35,537.68,4.84,1653.03,15.72,340,History Quality,100%,Lots_Per_Money=100000 Tenkansen=9 Kijunsen=26 SenkouSpanB=52 ADX_Period=20 ATR_Period=20 ATRX=1.1 Close_Profit_Percent=1.3 CutLoss_Percent=9 Close_Profit_Money=10 Close_ATR_Period=26 Close_ATRX=1 MagicStart=6108,MONEY_LOT;NO_SL_INPUT(heuristic),,,,,ok,
4-3-21,D:\Forex\10_EA_PROJECTS\0. Jobot\1000+ EA BOT MOGUL Bundles\MT4 (ex4)\Forex\4\4-3\4-3-21\4-3-21.html,4-3-21,EURUSD,H1,2023.01.01,2023.12.31,0.997,<=1yr,182284.82,4.86,12084.40,4.11,95008.24,45.45,454,History Quality,100%,Lots_Per_Money=1000000 Tenkansen=9 Kijunsen=26 SenkouSpanB=52 ADX_Period=10 ATR_Period=10 ATRX=1.4 Close_ATR_Period=50 Close_ATRX=5 EMA_Period=25 MagicStart=6108,MONEY_LOT;NO_SL_INPUT(heuristic),,,,,ok,
4-3-22,D:\Forex\10_EA_PROJECTS\0. Jobot\1000+ EA BOT MOGUL Bundles\MT4 (ex4)\Forex\4\4-3\4-3-22\4-3-22.html,4-3-22,EURUSD,H1,2023.01.01,2023.12.31,0.997,<=1yr,20898.28,3.89,7235.05,18.97,10265.85,29.82,2176,History Quality,100%,Lots_Per_Money=1000000 Tenkansen=9 Kijunsen=26 SenkouSpanB=52 ADX_Period=10 ATR_Period=10 ATRX=1.0 TL_Start_ATR=2 TL_Stop_ATR=1 TL_Step_ATR=0.1 MagicStart=6108,MONEY_LOT;NO_SL_INPUT(heuristic),,,,,ok,
4-3-23,D:\Forex\10_EA_PROJECTS\0. Jobot\1000+ EA BOT MOGUL Bundles\MT4 (ex4)\Forex\4\4-3\4-3-23\4-3-23.html,4-3-23,EURUSD,H1,2023.01.01,2023.12.31,0.997,<=1yr,31186.98,2.64,5061.05,10.94,17528.29,38.83,737,History Quality,100%,"Lots_Per_Money=100000 Tenkansen=9 Kijunsen=26 SenkouSpanB=52 ADX_Period=13 ATR_Period=13 ATRX=1.3 TL_Step_ATR=1 TL_Stop_Level=20/5, 30/10, 40/15, 50/20 Close_Profit_Percent=1.7 MagicStart=6108",MONEY_LOT;NO_SL_INPUT(heuristic),,,,,ok,
4-3-24,D:\Forex\10_EA_PROJECTS\0. Jobot\1000+ EA BOT MOGUL Bundles\MT4 (ex4)\Forex\4\4-3\4-3-24\4-3-24.html,4-3-24,EURUSD,H1,2023.01.01,2023.12.31,0.997,<=1yr,83534.31,4.26,5698.15,3.01,38489.79,28.10,290,History Quality,100%,Lots_Per_Money=1000000 Tenkansen=9 Kijunsen=26 SenkouSpanB=52 ADX_Period=11 ATR_Period=15 ATRX=1.0 TL_Stop_Money_Percent=0.5 Percent_Step_TL_Money=10 Percent_Start_TL_Money=50 MagicStart=6108,MONEY_LOT;NO_SL_INPUT(heuristic),,,,,ok,
4-3-26,D:\Forex\10_EA_PROJECTS\0. Jobot\1000+ EA BOT MOGUL Bundles\MT4 (ex4)\Forex\4\4-3\4-3-26\4-3-26.html,4-3-26,EURUSD,H1,2023.01.01,2023.12.31,0.997,<=1yr,17528.02,3.12,4032.18,3.32,2652.94,2.33,2397,History Quality,100%,Lots_Per_Money=100000 Tenkansen=9 Kijunsen=26 SenkouSpanB=52 ADX_Period=10 ATR_Period=10 ATRX=1.0 TLStop_Percent_Profit=1 TLStep_Percent_TLStop=0.1 TLStart_Percent_TLStop=2 MagicStart=6108,MONEY_LOT;NO_SL_INPUT(heuristic),,,,,ok,
4-3-29,D:\Forex\10_EA_PROJECTS\0. Jobot\1000+ EA BOT MOGUL Bundles\MT4 (ex4)\Forex\4\4-3\4-3-29\4-3-29.html,4-3-29,EURUSD,H1,2023.01.01,2023.12.31,0.997,<=1yr,8477.72,1.81,1411.42,8.54,5115.77,37.35,552,History Quality,100%,Lots_Per_Money=10000 Tenkansen=9 Kijunsen=26 SenkouSpanB=52 ADX_Period=4 ATR_Period=6 ATRX=4.1 TL_Start_ATR=2 TL_Stop_ATR=1 TL_Step_ATR=0.1 MagicStart=6108,MONEY_LOT;NO_SL_INPUT(heuristic),,,,,ok,
4-3-3,D:\Forex\10_EA_PROJECTS\0. Jobot\1000+ EA BOT MOGUL Bundles\MT4 (ex4)\Forex\4\4-3\4-3-3\4-3-3.html,4-3-3,EURUSD,H1,2023.01.01,2023.12.31,0.997,<=1yr,4231.45,1.39,2055.36,16.19,3503.33,23.72,530,History Quality,100%,Lots_Per_Money=100000 Tenkansen=9 Kijunsen=26 SenkouSpanB=52 ADX_Period=14 ATR_Period=46 ATRX=1.1 Doji_Wick_Percent=70 MagicStart=6108,MONEY_LOT;NO_SL_INPUT(heuristic),,,,,ok,
4-3-30,D:\Forex\10_EA_PROJECTS\0. Jobot\1000+ EA BOT MOGUL Bundles\MT4 (ex4)\Forex\4\4-3\4-3-30\4-3-30.html,4-3-30,EURUSD,H1,2023.01.01,2023.12.31,0.997,<=1yr,6327.88,1.91,683.33,5.99,1410.13,11.45,550,History Quality,100%,Lots_Per_Money=100000 Tenkansen=9 Kijunsen=26 SenkouSpanB=52 ADX_Period=10 ATR_Period=13 ATRX=1.4 TL_Step_ATR=0.1 Zigzag_Period=9 Close_Profit_Percent=1.9 MagicStart=6108,MONEY_LOT;NO_SL_INPUT(heuristic),,,,,ok,
4-3-31,D:\Forex\10_EA_PROJECTS\0. Jobot\1000+ EA BOT MOGUL Bundles\MT4 (ex4)\Forex\4\4-3\4-3-31\4-3-31.html,4-3-31,EURUSD,H1,2023.01.01,2023.12.31,0.997,<=1yr,7003.46,7.51,175.43,1.64,1377.64,13.64,53,History Quality,100%,Lots_Per_Money=10000 Tenkansen=9 Kijunsen=26 SenkouSpanB=52 ADX_Period=30 ATR_Period=70 ATRX=4.7 MagicStart=6108,MONEY_LOT;NO_SL_INPUT(heuristic),,,,,ok,
4-3-33,D:\Forex\10_EA_PROJECTS\0. Jobot\1000+ EA BOT MOGUL Bundles\MT4 (ex4)\Forex\4\4-3\4-3-33\4-3-33.html,4-3-33,EURUSD,H1,2023.01.01,2023.12.31,0.997,<=1yr,35745.77,12.80,957.09,2.10,10968.69,24.07,97,History Quality,100%,Lots_Per_Money=100000 Tenkansen=9 Kijunsen=26 SenkouSpanB=52 ADX_Period=20 ATR_Period=20 ATRX=2.8 TL_Start_Money_Percent=1.2 TL_Step_Money_Percent=0.09 TL_Stop_Money_Percent=0.4 MagicStart=6108,MONEY_LOT;NO_SL_INPUT(heuristic),,,,,ok,
4-3-34,D:\Forex\10_EA_PROJECTS\0. Jobot\1000+ EA BOT MOGUL Bundles\MT4 (ex4)\Forex\4\4-3\4-3-34\4-3-34.html,4-3-34,EURUSD,H1,2023.01.01,2023.12.31,0.997,<=1yr,11455.16,1.54,2796.58,11.53,9199.94,40.57,609,History Quality,100%,Lots_Per_Money=100000 Tenkansen=9 Kijunsen=26 SenkouSpanB=52 ADX_Period=10 ATR_Period=19 ATRX=1.7 TL_Stop_Money_Percent=1 Percent_Step_TL_Money=10 Percent_Start_TL_Money=100 MagicStart=6108,MONEY_LOT;NO_SL_INPUT(heuristic),,,,,ok,
4-3-35,D:\Forex\10_EA_PROJECTS\0. Jobot\1000+ EA BOT MOGUL Bundles\MT4 (ex4)\Forex\4\4-3\4-3-35\4-3-35.html,4-3-35,EURUSD,H1,2023.01.01,2023.12.31,0.997,<=1yr,25936.93,1.74,5613.20,13.51,15442.64,38.99,595,History Quality,100%,Lots_Per_Money=100000 Tenkansen=9 Kijunsen=26 SenkouSpanB=52 ADX_Period=11 ATR_Period=17 ATRX=1.8 TL_Start_Money_Percent=2 TL_Step_Money_Percent=0.1 TL_Stop_Money_Percent=1 MagicStart=6108,MONEY_LOT;NO_SL_INPUT(heuristic),,,,,ok,
4-3-36,D:\Forex\10_EA_PROJECTS\0. Jobot\1000+ EA BOT MOGUL Bundles\MT4 (ex4)\Forex\4\4-3\4-3-36\4-3-36.html,4-3-36,EURUSD,H1,2023.01.01,2023.12.31,0.997,<=1yr,94637.04,16.16,2563.39,3.57,33318.65,56.44,190,History Quality,100%,Lots_Per_Money=100000 Tenkansen=9 Kijunsen=26 SenkouSpanB=52 ADX_Period=10 ATR_Period=11 ATRX=2.8 TL_Start_Money_Percent=2 TL_Step_Money_Percent=0.1 TL_Stop_Money_Percent=1 Zigzag_Period=1 MagicStart=6108,MONEY_LOT;NO_SL_INPUT(heuristic),,,,,ok,
4-3-37,D:\Forex\10_EA_PROJECTS\0. Jobot\1000+ EA BOT MOGUL Bundles\MT4 (ex4)\Forex\4\4-3\4-3-37\4-3-37.html,4-3-37,EURUSD,H1,2023.01.01,2023.12.31,0.997,<=1yr,32728.76,2.23,4595.95,9.71,25195.59,58.06,736,History Quality,100%,Lots_Per_Money=100000 Tenkansen=9 Kijunsen=26 SenkouSpanB=52 ADX_Period=10 ATR_Period=13 ATRX=1.4 Close_All_Profit_Percent=1 Close_Profit_Percent=1.1 MagicStart=6108,MONEY_LOT;NO_SL_INPUT(heuristic),,,,,ok,
4-3-4,D:\Forex\10_EA_PROJECTS\0. Jobot\1000+ EA BOT MOGUL Bundles\MT4 (ex4)\Forex\4\4-3\4-3-4\4-3-4.html,4-3-4,EURUSD,H1,2023.01.01,2023.12.31,0.997,<=1yr,128270.85,2.24,18924.03,16.27,37982.44,24.15,571,History Quality,100%,Lots_Per_Money=100000 Tenkansen=9 Kijunsen=26 SenkouSpanB=52 ADX_Period=10 ATR_Period=17 ATRX=1.2 Body_Tower_Ratio=2.0 MagicStart=6108,MONEY_LOT;NO_SL_INPUT(heuristic),,,,,ok,
4-3-5,D:\Forex\10_EA_PROJECTS\0. Jobot\1000+ EA BOT MOGUL Bundles\MT4 (ex4)\Forex\4\4-3\4-3-5\4-3-5.html,4-3-5,EURUSD,H1,2023.01.01,2023.12.31,0.997,<=1yr,19332.57,2.25,2115.69,6.73,9521.54,31.82,867,History Quality,100%,"Lots_Per_Money=200000 Tenkansen=9 Kijunsen=26 SenkouSpanB=52 ADX_Period=10 ATR_Period=50 ATRX=1.0 Body_Tower_Ratio=2 Zigzag_Period=5 FIBO_6_Level=23.6,38.2,50,61.8,78.6,100 Close_Profit_Percent=1 MagicStart=6108",MONEY_LOT;NO_SL_INPUT(heuristic),,,,,ok,
4-3-6,D:\Forex\10_EA_PROJECTS\0. Jobot\1000+ EA BOT MOGUL Bundles\MT4 (ex4)\Forex\4\4-3\4-3-6\4-3-6.html,4-3-6,EURUSD,H1,2023.01.01,2023.12.31,0.997,<=1yr,16426.71,1.80,7142.49,23.61,11101.80,36.67,765,History Quality,100%,Lots_Per_Money=100000 Tenkansen=9 Kijunsen=26 SenkouSpanB=52 ADX_Period=10 ATR_Period=15 ATRX=1.2 Close_Profit_Percent=0.9 MagicStart=6108,MONEY_LOT;NO_SL_INPUT(heuristic),,,,,ok,
4-3-7,D:\Forex\10_EA_PROJECTS\0. Jobot\1000+ EA BOT MOGUL Bundles\MT4 (ex4)\Forex\4\4-3\4-3-7\4-3-7.html,4-3-7,EURUSD,H1,2023.01.01,2023.12.31,0.997,<=1yr,2110.14,1.36,1599.96,11.67,6444.06,42.69,187,History Quality,100%,Lots_Per_Money=100000 Tenkansen=9 Kijunsen=26 SenkouSpanB=52 ADX_Period=25 ATR_Period=50 ATRX=1.8 Close_Profit_Percent=1.9 Fast_EMA_period=12 Slow_EMA_period=26 Signal_SMA_period=9 MagicStart=6108,MONEY_LOT;NO_SL_INPUT(heuristic),,,,,ok,
4-3-8,D:\Forex\10_EA_PROJECTS\0. Jobot\1000+ EA BOT MOGUL Bundles\MT4 (ex4)\Forex\4\4-3\4-3-8\4-3-8.html,4-3-8,EURUSD,H1,2023.01.01,2023.12.31,0.997,<=1yr,37941.12,2.34,5384.70,10.10,25932.63,54.69,617,History Quality,100%,Lots_Per_Money=100000 Tenkansen=9 Kijunsen=26 SenkouSpanB=52 ADX_Period=10 ATR_Period=10 ATRX=1.8 Close_Profit_Percent=2 Fast_EMA_period=20 Slow_EMA_period=10 Signal_SMA_period=5 BE_Profit_ATR_Pips=1 BE_Offset_ATR=1 MagicStart=6108,MONEY_LOT;NO_SL_INPUT(heuristic),,,,,ok,
4-3-9,D:\Forex\10_EA_PROJECTS\0. Jobot\1000+ EA BOT MOGUL Bundles\MT4 (ex4)\Forex\4\4-3\4-3-9\4-3-9.html,4-3-9,EURUSD,H1,2023.01.01,2023.12.31,0.997,<=1yr,31691.90,3.05,1989.44,4.57,11805.63,27.37,953,History Quality,100%,Lots_Per_Money=100000 Tenkansen=9 Kijunsen=26 SenkouSpanB=52 ADX_Period=10 ATR_Period=19 ATRX=1.0 Close_Profit_Percent=2 BE_Profit_ATR_Pips=1 MagicStart=6108,MONEY_LOT;NO_SL_INPUT(heuristic),,,,,ok,
4-4-1,D:\Forex\10_EA_PROJECTS\0. Jobot\1000+ EA BOT MOGUL Bundles\MT4 (ex4)\Forex\4\4-4\4-4-1\4-4-1.html,4-4-1,EURUSD,H1,2023.01.01,2023.12.31,0.997,<=1yr,4707.67,1.70,2291.36,21.39,3904.04,25.97,424,History Quality,100%,Lots_Per_Money=100000 Tenkansen=9 Kijunsen=26 SenkouSpanB=52 ADX_Period=14 ATR_Period=14 ATRX=1.2 Body_Engulfing_Ratio=1.9 Multiple=1.3 Lot_Percent_Incre_Decre=19 BB_Period_ForAddLot=14 BB_Deviations_ForAddLot=2.0 MagicStart=6108,MONEY_LOT;MARTINGALE;NO_SL_INPUT(heuristic),,,,,ok,
4-4-13,D:\Forex\10_EA_PROJECTS\0. Jobot\1000+ EA BOT MOGUL Bundles\MT4 (ex4)\Forex\4\4-4\4-4-13\4-4-13.html,4-4-13123,EURUSD,H1,2023.01.01,2023.12.31,0.997,<=1yr,5476.92,1.47,1562.71,13.03,3171.79,26.44,612,History Quality,100%,Lots_Per_Money=10000 Tenkansen=9 Kijunsen=26 SenkouSpanB=52 ADX_Period=13 ATR_Period=15 ATRX=0.1 MinuteToClose=10 Multiple=1.8 BB_Period_ForAddLot=11 BB_Deviations_ForAddLot=0.2 Lot_Percent_Incre_Decre=20 Close_Profit_Percent=0.1 MagicStart=6108,MONEY_LOT;MARTINGALE;NO_SL_INPUT(heuristic),,,,,ok,
4-4-14,D:\Forex\10_EA_PROJECTS\0. Jobot\1000+ EA BOT MOGUL Bundles\MT4 (ex4)\Forex\4\4-4\4-4-14\4-4-14.html,4-4-14,EURUSD,H1,2023.01.01,2023.12.31,0.997,<=1yr,14418.95,3.14,4211.95,17.59,6574.57,24.37,265,History Quality,100%,Lots_Per_Money=100000 Tenkansen=9 Kijunsen=26 SenkouSpanB=52 ADX_Period=14 ATR_Period=14 ATRX=2 BB_Period=14 Close_ATR_Period=26 Close_ATRX=1 Multiple=1 BB_Period_ForAddLot=18 BB_Deviations_ForAddLot=2.0 Lot_Percent_Incre_Decre=10 MagicStart=6108,MONEY_LOT;NO_SL_INPUT(heuristic),,,,,ok,
4-4-16,D:\Forex\10_EA_PROJECTS\0. Jobot\1000+ EA BOT MOGUL Bundles\MT4 (ex4)\Forex\4\4-4\4-4-16\4-4-16.html,4-4-16,EURUSD,H1,2023.01.01,2023.12.31,0.997,<=1yr,1525.91,1.34,3212.82,25.75,15499.30,62.47,46,History Quality,100%,Lots_Per_Money=100000 Tenkansen=9 Kijunsen=26 SenkouSpanB=52 ADX_Period=14 ATR_Period=14 ATRX=2 Close_Profit_Percent_1=1 Close_Profit_Percent_2=1 Close_Profit_Percent_3=1 Multiple=1 BB_Period_ForAddLot=14 BB_Deviations_ForAddLot=1.1 Lot_Percent_Incre_Decre=10 MagicStart=6108,MONEY_LOT;NO_SL_INPUT(heuristic),,,,,ok,
4-4-17,D:\Forex\10_EA_PROJECTS\0. Jobot\1000+ EA BOT MOGUL Bundles\MT4 (ex4)\Forex\4\4-4\4-4-17\4-4-17.html,4-4-17,EURUSD,H1,2023.01.01,2023.12.31,0.997,<=1yr,13305.64,1.83,5882.37,20.15,9788.62,36.32,735,History Quality,100%,Lots_Per_Money=100000 Tenkansen=9 Kijunsen=26 SenkouSpanB=52 ADX_Period=14 ATR_Period=14 ATRX=1.0 Multiple=1 BB_Period_ForAddLot=13 BB_Deviations_ForAddLot=2.0 Lot_Percent_Incre_Decre=50 Close_Profit_Percent=1 MagicStart=6108,MONEY_LOT;NO_SL_INPUT(heuristic),,,,,ok,
4-4-18,D:\Forex\10_EA_PROJECTS\0. Jobot\1000+ EA BOT MOGUL Bundles\MT4 (ex4)\Forex\4\4-4\4-4-18\4-4-18.html,4-4-18,EURUSD,H1,2023.01.01,2023.12.31,0.997,<=1yr,10732.33,2.51,775.66,5.33,2252.41,16.48,433,History Quality,100%,Lots_Per_Money=100000 Tenkansen=9 Kijunsen=26 SenkouSpanB=52 ADX_Period=14 ATR_Period=14 ATRX=2 Close_Profit_Percent=0.5 CutLoss_Percent=20 Multiple=1.5 BB_Period_ForAddLot=12 BB_Deviations_ForAddLot=1.7 Lot_Percent_Incre_Decre=20 MagicStart=6108,MONEY_LOT;MARTINGALE;NO_SL_INPUT(heuristic),,,,,ok,
4-4-19,D:\Forex\10_EA_PROJECTS\0. Jobot\1000+ EA BOT MOGUL Bundles\MT4 (ex4)\Forex\4\4-4\4-4-19\4-4-19.html,4-4-19,EURUSD,H1,2023.01.01,2023.12.31,0.997,<=1yr,12534.83,2.29,1912.07,8.81,6642.00,30.80,427,History Quality,100%,Lots_Per_Money=100000 Tenkansen=9 Kijunsen=26 SenkouSpanB=52 ADX_Period=14 ATR_Period=14 ATRX=2 Close_Profit_Percent=0.8 CutLoss_Percent=40 Multiple=1.5 BB_Period_ForAddLot=12 BB_Deviations_ForAddLot=1.8 Lot_Percent_Incre_Decre=90 MagicStart=6108,MONEY_LOT;MARTINGALE;NO_SL_INPUT(heuristic),,,,,ok,
4-4-2,D:\Forex\10_EA_PROJECTS\0. Jobot\1000+ EA BOT MOGUL Bundles\MT4 (ex4)\Forex\4\4-4\4-4-2\4-4-2.html,4-4-2,EURUSD,H1,2023.01.01,2023.12.31,0.997,<=1yr,5801.66,1.84,1492.67,10.05,3017.39,20.24,520,History Quality,100%,Lots_Per_Money=100000 Tenkansen=9 Kijunsen=26 SenkouSpanB=52 ADX_Period=14 ATR_Period=14 ATRX=1.0 Body_Star_Ratio=1.6 Multiple=1 Lot_Percent_Incre_Decre=1.3 BB_Period_ForAddLot=14 BB_Deviations_ForAddLot=1.7 MagicStart=6108,MONEY_LOT;NO_SL_INPUT(heuristic),,,,,ok,
4-4-20,D:\Forex\10_EA_PROJECTS\0. Jobot\1000+ EA BOT MOGUL Bundles\MT4 (ex4)\Forex\4\4-4\4-4-20\4-4-20.html,4-4-20,EURUSD,H1,2023.01.01,2023.12.31,0.997,<=1yr,8685.32,2.39,1425.41,7.09,4900.45,25.54,459,History Quality,100%,Lots_Per_Money=100000 Tenkansen=9 Kijunsen=26 SenkouSpanB=52 ADX_Period=14 ATR_Period=14 ATRX=2 Close_Profit_Percent=1.0 CutLoss_Percent=50 Close_Profit_Money=100 Close_ATR_Period=26 Close_ATRX=1 Multiple=1.3 BB_Period_ForAddLot=20 BB_Deviations_ForAddLot=2 Lot_Percent_Incre_Decre=100 MagicStart=6108,MONEY_LOT;MARTINGALE;NO_SL_INPUT(heuristic),,,,,ok,
4-4-21,D:\Forex\10_EA_PROJECTS\0. Jobot\1000+ EA BOT MOGUL Bundles\MT4 (ex4)\Forex\4\4-4\4-4-21\4-4-21.html,4-4-21,EURUSD,H1,2023.01.01,2023.12.31,0.997,<=1yr,4013.57,2.03,2013.67,12.56,3214.40,22.84,554,History Quality,100%,Lots_Per_Money=100000 Tenkansen=9 Kijunsen=26 SenkouSpanB=52 ADX_Period=14 ATR_Period=14 ATRX=1 Close_ATR_Period=26 Close_ATRX=1 EMA_Period=55 Multiple=0.5 BB_Period_ForAddLot=20 BB_Deviations_ForAddLot=1.8 Lot_Percent_Incre_Decre=50 MagicStart=6108,MONEY_LOT;NO_SL_INPUT(heuristic),,,,,ok,
4-4-22,D:\Forex\10_EA_PROJECTS\0. Jobot\1000+ EA BOT MOGUL Bundles\MT4 (ex4)\Forex\4\4-4\4-4-22\4-4-22.html,4-4-22,EURUSD,H1,2023.01.01,2023.12.31,0.997,<=1yr,6316.46,7.00,1052.43,6.06,2569.16,16.97,2010,History Quality,100%,Lots_Per_Money=100000 Tenkansen=9 Kijunsen=26 SenkouSpanB=52 ADX_Period=14 ATR_Period=14 ATRX=1 TL_Start_ATR=1.6 TL_Stop_ATR=0.1 TL_Step_ATR=0.2 Multiple=0.5 BB_Period_ForAddLot=20 BB_Deviations_ForAddLot=1.5 Lot_Percent_Incre_Decre=20 MagicStart=6108,MONEY_LOT;NO_SL_INPUT(heuristic),,,,,ok,
4-4-23,D:\Forex\10_EA_PROJECTS\0. Jobot\1000+ EA BOT MOGUL Bundles\MT4 (ex4)\Forex\4\4-4\4-4-23\4-4-23.html,4-4-23,EURUSD,H1,2023.01.01,2023.12.31,0.997,<=1yr,18165.95,2.69,1636.28,5.71,9999.32,38.06,537,History Quality,100%,"Lots_Per_Money=100000 Tenkansen=9 Kijunsen=26 SenkouSpanB=52 ADX_Period=14 ATR_Period=14 ATRX=2 TL_Step_ATR=0.4 TL_Stop_Level=20/5, 30/10, 40/15, 50/20 Close_Profit_Percent=1.0 Multiple=1.5 BB_Period_ForAddLot=11 BB_Deviations_ForAddLot=1.3 Lot_Percent_Incre_Decre=40 MagicStart=6108",MONEY_LOT;MARTINGALE;NO_SL_INPUT(heuristic),,,,,ok,
4-4-24,D:\Forex\10_EA_PROJECTS\0. Jobot\1000+ EA BOT MOGUL Bundles\MT4 (ex4)\Forex\4\4-4\4-4-24\4-4-24.html,4-4-24,EURUSD,H1,2023.01.01,2023.12.31,0.997,<=1yr,17520.37,2.14,7699.32,39.15,3840.91,16.35,272,History Quality,100%,Lots_Per_Money=100000 Tenkansen=9 Kijunsen=26 SenkouSpanB=52 ADX_Period=14 ATR_Period=14 ATRX=1 TL_Stop_Money_Percent=1.7 Percent_Step_TL_Money=1 Percent_Start_TL_Money=2.3 Multiple=1 BB_Period_ForAddLot=13 BB_Deviations_ForAddLot=1.5 Lot_Percent_Incre_Decre=20 MagicStart=6108,MONEY_LOT;NO_SL_INPUT(heuristic),,,,,ok,
4-4-26,D:\Forex\10_EA_PROJECTS\0. Jobot\1000+ EA BOT MOGUL Bundles\MT4 (ex4)\Forex\4\4-4\4-4-26\4-4-26.html,4-4-26,EURUSD,H1,2023.01.01,2023.12.31,0.997,<=1yr,29324.65,2.86,9393.29,19.28,7627.71,21.64,1559,History Quality,100%,Lots_Per_Money=10000 Tenkansen=9 Kijunsen=26 SenkouSpanB=52 ADX_Period=14 ATR_Period=14 ATRX=1 TLStop_Percent_Profit=1.6 TLStep_Percent_TLStop=1 TLStart_Percent_TLStop=3 Multiple=1.5 BB_Period_ForAddLot=11 BB_Deviations_ForAddLot=2.0 Lot_Percent_Incre_Decre=50 MagicStart=6108,MONEY_LOT;MARTINGALE;NO_SL_INPUT(heuristic),,,,,ok,
4-4-29,D:\Forex\10_EA_PROJECTS\0. Jobot\1000+ EA BOT MOGUL Bundles\MT4 (ex4)\Forex\4\4-4\4-4-29\4-4-29.html,4-4-29,EURUSD,H1,2023.01.01,2023.12.31,0.997,<=1yr,6157.08,2.24,1116.60,8.96,2134.17,19.21,370,History Quality,100%,Lots_Per_Money=10000 Tenkansen=9 Kijunsen=26 SenkouSpanB=52 ADX_Period=14 ATR_Period=14 ATRX=1 TL_Start_ATR=3.0 TL_Stop_ATR=1.3 TL_Step_ATR=1 Multiple=1.5 BB_Period_ForAddLot=14 BB_Deviations_ForAddLot=1.0 Lot_Percent_Incre_Decre=60 MagicStart=6108,MONEY_LOT;MARTINGALE;NO_SL_INPUT(heuristic),,,,,ok,
4-4-3,D:\Forex\10_EA_PROJECTS\0. Jobot\1000+ EA BOT MOGUL Bundles\MT4 (ex4)\Forex\4\4-4\4-4-3\4-4-3.html,4-4-3,EURUSD,H1,2023.01.01,2023.12.31,0.997,<=1yr,7791.90,1.60,1979.47,13.02,4521.44,25.41,564,History Quality,100%,Lots_Per_Money=100000 Tenkansen=9 Kijunsen=26 SenkouSpanB=52 ADX_Period=14 ATR_Period=14 ATRX=1 Doji_Wick_Percent=70 Multiple=1.3 BB_Period_ForAddLot=19 BB_Deviations_ForAddLot=1.0 Lot_Percent_Incre_Decre=50 MagicStart=6108,MONEY_LOT;MARTINGALE;NO_SL_INPUT(heuristic),,,,,ok,
4-4-30,D:\Forex\10_EA_PROJECTS\0. Jobot\1000+ EA BOT MOGUL Bundles\MT4 (ex4)\Forex\4\4-4\4-4-30\4-4-30.html,4-4-30,EURUSD,H1,2023.01.01,2023.12.31,0.997,<=1yr,15838.83,2.91,859.74,4.29,2047.02,13.14,513,History Quality,100%,Lots_Per_Money=100000 Tenkansen=9 Kijunsen=26 SenkouSpanB=52 ADX_Period=14 ATR_Period=14 ATRX=1 TL_Step_ATR=0.2 Zigzag_Period=1 Close_Profit_Percent=2.0 Multiple=1.3 BB_Period_ForAddLot=12 BB_Deviations_ForAddLot=1.5 Lot_Percent_Incre_Decre=30 MagicStart=6108,MONEY_LOT;MARTINGALE;NO_SL_INPUT(heuristic),,,,,ok,
4-4-31,D:\Forex\10_EA_PROJECTS\0. Jobot\1000+ EA BOT MOGUL Bundles\MT4 (ex4)\Forex\4\4-4\4-4-31\4-4-31.html,4-4-31,EURUSD,H1,2023.01.01,2023.12.31,0.997,<=1yr,27041.15,6.58,978.70,9.55,9737.65,27.48,564,History Quality,100%,Lots_Per_Money=100000 Tenkansen=9 Kijunsen=26 SenkouSpanB=52 ADX_Period=14 ATR_Period=14 ATRX=1 Multiple=1.5 BB_Period_ForAddLot=10 BB_Deviations_ForAddLot=2.0 Lot_Percent_Incre_Decre=40 MagicStart=6108,MONEY_LOT;MARTINGALE;NO_SL_INPUT(heuristic),,,,,ok,
4-4-33,D:\Forex\10_EA_PROJECTS\0. Jobot\1000+ EA BOT MOGUL Bundles\MT4 (ex4)\Forex\4\4-4\4-4-33\4-4-33.html,4-4-33,EURUSD,H1,2023.01.01,2023.12.31,0.997,<=1yr,4420.28,1.46,4148.42,22.34,5355.77,33.18,135,History Quality,100%,Lots_Per_Money=10000 Tenkansen=9 Kijunsen=26 SenkouSpanB=52 ADX_Period=14 ATR_Period=14 ATRX=1 TL_Start_Money_Percent=1.6 TL_Step_Money_Percent=1 TL_Stop_Money_Percent=2.0 Multiple=0.5 BB_Period_ForAddLot=10 BB_Deviations_ForAddLot=1.5 Lot_Percent_Incre_Decre=90 MagicStart=6108,MONEY_LOT;NO_SL_INPUT(heuristic),,,,,ok,
4-4-34,D:\Forex\10_EA_PROJECTS\0. Jobot\1000+ EA BOT MOGUL Bundles\MT4 (ex4)\Forex\4\4-4\4-4-34\4-4-34.html,4-4-34,EURUSD,H1,2023.01.01,2023.12.31,0.997,<=1yr,12426.10,1.89,1501.47,6.29,2906.24,20.28,562,History Quality,100%,Lots_Per_Money=100000 Tenkansen=9 Kijunsen=26 SenkouSpanB=52 ADX_Period=14 ATR_Period=14 ATRX=1 TL_Stop_Money_Percent=0.9 Percent_Step_TL_Money=10 Percent_Start_TL_Money=100 Multiple=1.5 BB_Period_ForAddLot=12 BB_Deviations_ForAddLot=1.2 Lot_Percent_Incre_Decre=30 MagicStart=6108,MONEY_LOT;MARTINGALE;NO_SL_INPUT(heuristic),,,,,ok,
4-4-35,D:\Forex\10_EA_PROJECTS\0. Jobot\1000+ EA BOT MOGUL Bundles\MT4 (ex4)\Forex\4\4-4\4-4-35\4-4-35.html,4-4-35,EURUSD,H1,2023.01.01,2023.12.31,0.997,<=1yr,12468.28,1.74,6319.25,21.95,10929.30,40.83,725,History Quality,100%,Lots_Per_Money=100000 Tenkansen=9 Kijunsen=26 SenkouSpanB=52 ADX_Period=14 ATR_Period=14 ATRX=1 TL_Start_Money_Percent=2.0 TL_Step_Money_Percent=1 TL_Stop_Money_Percent=0.6 Multiple=1 BB_Period_ForAddLot=20 BB_Deviations_ForAddLot=1.9 Lot_Percent_Incre_Decre=30 Close_Profit_Percent=1 MagicStart=6108,MONEY_LOT;NO_SL_INPUT(heuristic),,,,,ok,
4-4-36,D:\Forex\10_EA_PROJECTS\0. Jobot\1000+ EA BOT MOGUL Bundles\MT4 (ex4)\Forex\4\4-4\4-4-36\4-4-36.html,4-4-36,EURUSD,H1,2023.01.01,2023.12.31,0.997,<=1yr,5691.09,3.53,1719.76,9.88,994.58,7.61,384,History Quality,100%,Lots_Per_Money=100000 Tenkansen=9 Kijunsen=26 SenkouSpanB=52 ADX_Period=14 ATR_Period=14 ATRX=1 TL_Start_Money_Percent=1 TL_Step_Money_Percent=1 TL_Stop_Money_Percent=1 Zigzag_Period=8 Multiple=0.8 BB_Period_ForAddLot=10 BB_Deviations_ForAddLot=2.0 Lot_Percent_Incre_Decre=30 MagicStart=6108,MONEY_LOT;NO_SL_INPUT(heuristic),,,,,ok,
4-4-37,D:\Forex\10_EA_PROJECTS\0. Jobot\1000+ EA BOT MOGUL Bundles\MT4 (ex4)\Forex\4\4-4\4-4-37\4-4-37.html,4-4-37,EURUSD,H1,2023.01.01,2023.12.31,0.997,<=1yr,17603.65,1.88,9285.71,25.17,14616.40,43.49,731,History Quality,100%,Lots_Per_Money=100000 Tenkansen=9 Kijunsen=26 SenkouSpanB=52 ADX_Period=14 ATR_Period=14 ATRX=1 Close_All_Profit_Percent=2 Close_Profit_Percent=1.0 Multiple=1 BB_Period_ForAddLot=17 BB_Deviations_ForAddLot=1.8 Lot_Percent_Incre_Decre=20 MagicStart=6108,MONEY_LOT;NO_SL_INPUT(heuristic),,,,,ok,
4-4-4,D:\Forex\10_EA_PROJECTS\0. Jobot\1000+ EA BOT MOGUL Bundles\MT4 (ex4)\Forex\4\4-4\4-4-4\4-4-4.html,4-4-4,EURUSD,H1,2023.01.01,2023.12.31,0.997,<=1yr,24132.74,2.51,3447.20,13.65,4731.03,18.41,540,History Quality,100%,Lots_Per_Money=100000 Tenkansen=9 Kijunsen=26 SenkouSpanB=52 ADX_Period=14 ATR_Period=14 ATRX=1 Body_Tower_Ratio=2.0 BB_Period_ForAddLot=20 BB_Deviations_ForAddLot=1.2 Multiple=1 Lot_Percent_Incre_Decre=10 MagicStart=6108,MONEY_LOT;NO_SL_INPUT(heuristic),,,,,ok,
4-4-5,D:\Forex\10_EA_PROJECTS\0. Jobot\1000+ EA BOT MOGUL Bundles\MT4 (ex4)\Forex\4\4-4\4-4-5\4-4-5.html,4-4-5,EURUSD,H1,2023.01.01,2023.12.31,0.997,<=1yr,17582.72,2.63,3541.48,12.26,5281.22,18.77,713,History Quality,100%,"Lots_Per_Money=100000 Tenkansen=9 Kijunsen=26 SenkouSpanB=52 ADX_Period=14 ATR_Period=14 ATRX=1 Body_Tower_Ratio=2 Zigzag_Period=2 FIBO_6_Level=23.6,38.2,50,61.8,78.6,100 Close_Profit_Percent=1 BB_Period_ForAddLot=17 BB_Deviations_ForAddLot=1.7 Lot_Percent_Incre_Decre=50 Multiple=1 MagicStart=6108",MONEY_LOT;NO_SL_INPUT(heuristic),,,,,ok,
4-4-6,D:\Forex\10_EA_PROJECTS\0. Jobot\1000+ EA BOT MOGUL Bundles\MT4 (ex4)\Forex\4\4-4\4-4-6\4-4-6.html,4-4-6,EURUSD,H1,2023.01.01,2023.12.31,0.997,<=1yr,12192.51,2.10,2209.45,9.05,9658.53,41.71,441,History Quality,100%,Lots_Per_Money=100000 Tenkansen=9 Kijunsen=26 SenkouSpanB=52 ADX_Period=14 ATR_Period=14 ATRX=2 Close_Profit_Percent=1 BB_Period_ForAddLot=15 BB_Deviations_ForAddLot=1.9 Multiple=1.3 Lot_Percent_Incre_Decre=49 MagicStart=6108,MONEY_LOT;MARTINGALE;NO_SL_INPUT(heuristic),,,,,ok,
4-4-7,D:\Forex\10_EA_PROJECTS\0. Jobot\1000+ EA BOT MOGUL Bundles\MT4 (ex4)\Forex\4\4-4\4-4-7\4-4-7.html,4-4-7T,EURUSD,H1,2023.01.01,2023.12.31,0.997,<=1yr,15944.60,2.32,969.73,4.39,3404.06,16.59,559,History Quality,100%,Lots_Per_Money=100000 Tenkansen=9 Kijunsen=26 SenkouSpanB=52 ADX_Period=14 ATR_Period=14 ATRX=1.0 Fast_EMA_period=12 Slow_EMA_period=26 Signal_SMA_period=9 BB_Period_ForAddLot=10 BB_Deviations_ForAddLot=1.7 Multiple=1.7 Lot_Percent_Incre_Decre=80 Close_Profit_Percent=1 MagicStart=6108,MONEY_LOT;MARTINGALE;NO_SL_INPUT(heuristic),,,,,ok,
4-4-8,D:\Forex\10_EA_PROJECTS\0. Jobot\1000+ EA BOT MOGUL Bundles\MT4 (ex4)\Forex\4\4-4\4-4-8\4-4-8.html,4-4-8,EURUSD,H1,2023.01.01,2023.12.31,0.997,<=1yr,13038.02,1.76,6935.55,23.14,11045.94,40.48,720,History Quality,100%,Lots_Per_Money=100000 Tenkansen=9 Kijunsen=26 SenkouSpanB=52 ADX_Period=14 ATR_Period=14 ATRX=1 Close_Profit_Percent=1 Fast_EMA_period=12 Slow_EMA_period=26 Signal_SMA_period=9 BE_Profit_ATR_Pips=3 BE_Offset_ATR=1 Multiple=1 BB_Period_ForAddLot=12 BB_Deviations_ForAddLot=1.9 Lot_Percent_Incre_Decre=30 MagicStart=6108,MONEY_LOT;NO_SL_INPUT(heuristic),,,,,ok,
4-4-9,D:\Forex\10_EA_PROJECTS\0. Jobot\1000+ EA BOT MOGUL Bundles\MT4 (ex4)\Forex\4\4-4\4-4-9\4-4-9.html,4-4-9,EURUSD,H1,2023.01.01,2023.12.31,0.997,<=1yr,21503.16,3.43,1535.81,4.83,7914.82,26.92,688,History Quality,100%,Lots_Per_Money=100000 Tenkansen=9 Kijunsen=26 SenkouSpanB=52 ADX_Period=14 ATR_Period=14 ATRX=1 Close_Profit_Percent=1.9 BE_Profit_ATR_Pips=1 Multiple=1.3 BB_Period_ForAddLot=17 BB_Deviations_ForAddLot=1.6 Lot_Percent_Incre_Decre=10 MagicStart=6108,MONEY_LOT;MARTINGALE;NO_SL_INPUT(heuristic),,,,,ok,
1-1-1,D:\Forex\10_EA_PROJECTS\0. Jobot\1000+ EA BOT MOGUL Bundles\MT5 (ex5)\Forex\1\1-1\1-1-1\1-1-1.html,1-1-1,EURUSD,H1,2023.01.01,2023.12.31,0.997,<=1yr,41121.26,1.37,13288.50,21.53,17326.54,26.90,400,History Quality,100%,Lots_Per_Money=10000 BB_Period=15 BB_Deviations=1.5 RSI_Period=14 RSI_Buy=30 RSI_Sell=70 Body_Engulfing_Ratio=1.8 Multiple=1.6 ATRX=1.0 ATR_Period=14 MagicStart=3917,MONEY_LOT;MARTINGALE;NO_SL_INPUT(heuristic),,,,,ok,
1-1-13,D:\Forex\10_EA_PROJECTS\0. Jobot\1000+ EA BOT MOGUL Bundles\MT5 (ex5)\Forex\1\1-1\1-1-13\1-1-13.html,1-1-13,EURUSD,H1,2023.01.01,2023.12.31,0.997,<=1yr,11814.21,1.43,1474.21,7.26,1542.74,7.59,993,History Quality,100%,Lots_Per_Money=10000 BB_Period=18 BB_Deviations=1.0 RSI_Period=14 RSI_Buy=30 RSI_Sell=70 ATRX=1.0 ATR_Period=14 Multiple=1.8 MinuteToClose=9 MagicStart=7376,MONEY_LOT;MARTINGALE;NO_SL_INPUT(heuristic),,,,,ok,
1-1-14,D:\Forex\10_EA_PROJECTS\0. Jobot\1000+ EA BOT MOGUL Bundles\MT5 (ex5)\Forex\1\1-1\1-1-14\1-1-14.html,1-1-14,EURUSD,H1,2023.01.01,2023.12.31,0.997,<=1yr,79848.52,26.05,934.88,1.07,27799.60,35.02,393,History Quality,100%,Lots_Per_Money=1000000 BB_Period=20 BB_Deviations=1.3 RSI_Period=14 RSI_Buy=30 RSI_Sell=70 ATRX=1.6 ATR_Period=14 Multiple=2 Close_ATR_Period=14 Close_ATRX=1.4 MagicStart=7376,MONEY_LOT;MARTINGALE;NO_SL_INPUT(heuristic),,,,,ok,
1-1-16,D:\Forex\10_EA_PROJECTS\0. Jobot\1000+ EA BOT MOGUL Bundles\MT5 (ex5)\Forex\1\1-1\1-1-16\1-1-16.html,1-1-16,EURUSD,H1,2023.01.01,2023.12.31,0.997,<=1yr,49940.89,3.82,1556.73,3.00,19203.52,33.89,491,History Quality,100%,Lots_Per_Money=100000 BB_Period=19 BB_Deviations=1.0 RSI_Period=14 RSI_Buy=30 RSI_Sell=70 ATRX=1.6 ATR_Period=14 Multiple=2.0 Close_Profit_Percent_1=1 Close_Profit_Percent_2=0.5 Close_Profit_Percent_3=0.1 MagicStart=7376,MONEY_LOT;MARTINGALE;NO_SL_INPUT(heuristic),,,,,ok,
1-1-17,D:\Forex\10_EA_PROJECTS\0. Jobot\1000+ EA BOT MOGUL Bundles\MT5 (ex5)\Forex\1\1-1\1-1-17\1-1-17.html,1-1-17,EURUSD,H1,2023.01.01,2023.12.31,0.997,<=1yr,81588.02,11.19,1685.78,8.62,24276.16,26.34,373,History Quality,100%,Lots_Per_Money=1000000 BB_Period=17 BB_Deviations=1.7 RSI_Period=14 RSI_Buy=30 RSI_Sell=70 ATRX=1.2 ATR_Period=14 Multiple=1.5 Close_Profit_Percent=9 MagicStart=7376,MONEY_LOT;MARTINGALE;NO_SL_INPUT(heuristic),,,,,ok,
1-1-18,D:\Forex\10_EA_PROJECTS\0. Jobot\1000+ EA BOT MOGUL Bundles\MT5 (ex5)\Forex\1\1-1\1-1-18\1-1-18.html,1-1-18,EURUSD,H1,2023.01.01,2023.12.31,0.997,<=1yr,6450.75,1.52,2615.98,14.06,2595.37,14.03,306,History Quality,100%,Lots_Per_Money=100000 BB_Period=15 BB_Deviations=1.9 RSI_Period=14 RSI_Buy=30 RSI_Sell=70 ATRX=1.7 ATR_Period=14 Multiple=1.1 CutLoss_Percent=1 Close_Profit_Percent=9 MagicStart=7376,MONEY_LOT;MARTINGALE;NO_SL_INPUT(heuristic),,,,,ok,
1-1-19,D:\Forex\10_EA_PROJECTS\0. Jobot\1000+ EA BOT MOGUL Bundles\MT5 (ex5)\Forex\1\1-1\1-1-19\1-1-19.html,1-1-19,EURUSD,H1,2023.01.01,2023.12.31,0.997,<=1yr,21889.50,1.56,16709.15,37.71,15516.00,34.07,539,History Quality,100%,Lots_Per_Money=100000 BB_Period=18 BB_Deviations=1.7 RSI_Period=14 RSI_Buy=30 RSI_Sell=70 ATRX=1.0 ATR_Period=14 Multiple=1.1 CutLoss_Percent=14 Close_Profit_Percent=10 MagicStart=7376,MONEY_LOT;MARTINGALE;NO_SL_INPUT(heuristic),,,,,ok,
1-1-2,D:\Forex\10_EA_PROJECTS\0. Jobot\1000+ EA BOT MOGUL Bundles\MT5 (ex5)\Forex\1\1-1\1-1-2\1-1-2.html,1-1-2,EURUSD,H1,2023.01.01,2023.12.31,0.997,<=1yr,386535.75,1.53,156185.61,29.53,208548.77,36.65,330,History Quality,100%,BB_Period=10 BB_Deviations=1.5 RSI_Period=14 RSI_Buy=30 RSI_Sell=70 ATRX=1 ATR_Period=14 Body_Star_Ratio=1.8 Lots_Per_Money=10000 MagicStart=7376,MONEY_LOT;NO_SL_INPUT(heuristic),,,,,ok,
1-1-20,D:\Forex\10_EA_PROJECTS\0. Jobot\1000+ EA BOT MOGUL Bundles\MT5 (ex5)\Forex\1\1-1\1-1-20\1-1-20.html,1-1-20,EURUSD,H1,2023.01.01,2023.12.31,0.997,<=1yr,8774.09,2.96,813.14,5.26,5848.80,40.69,774,History Quality,100%,Lots_Per_Money=100000 BB_Period=20 BB_Deviations=1 RSI_Period=14 RSI_Buy=30 RSI_Sell=70 ATRX=1 ATR_Period=14 Multiple=1.1 Close_ATR_Period=14 Close_ATRX=1.4 Close_Profit_Percent=1.0 Close_Profit_Money=20 MagicStart=7376,MONEY_LOT;MARTINGALE;NO_SL_INPUT(heuristic),,,,,ok,
1-1-21,D:\Forex\10_EA_PROJECTS\0. Jobot\1000+ EA BOT MOGUL Bundles\MT5 (ex5)\Forex\1\1-1\1-1-21\1-1-21.html,1-1-21,EURUSD,H1,2023.01.01,2023.12.31,0.997,<=1yr,150498.98,17.46,3121.99,2.75,48156.48,41.01,402,History Quality,100%,Lots_Per_Money=100000 BB_Period=13 BB_Deviations=1.8 RSI_Period=14 RSI_Buy=30 RSI_Sell=70 ATRX=1.2 ATR_Period=14 Multiple=1.1 Close_ATR_Period=14 Close_ATRX=1.9 EMA_Period=14 MagicStart=7376,MONEY_LOT;MARTINGALE;NO_SL_INPUT(heuristic),,,,,ok,
1-1-22,D:\Forex\10_EA_PROJECTS\0. Jobot\1000+ EA BOT MOGUL Bundles\MT5 (ex5)\Forex\1\1-1\1-1-22\1-1-22.html,12346,EURUSD,H1,2023.01.01,2023.12.31,0.997,<=1yr,18719.52,6.00,405.59,3.18,6016.40,23.86,885,History Quality,100%,Lots_Per_Money=1000000 BB_Period=10 BB_Deviations=1.0 RSI_Period=14 RSI_Buy=30 RSI_Sell=70 ATRX=1.0 ATR_Period=14 Multiple=1.8 TL_Start_ATR=1 TL_Stop_ATR=1.4 TL_Step_ATR=0.1 Close_Profit_Percent=3 MagicStart=7376,MONEY_LOT;MARTINGALE;NO_SL_INPUT(heuristic),,,,,ok,
1-1-23,D:\Forex\10_EA_PROJECTS\0. Jobot\1000+ EA BOT MOGUL Bundles\MT5 (ex5)\Forex\1\1-1\1-1-23\1-1-23.html,1-1-23,EURUSD,H1,2023.01.01,2023.12.31,0.997,<=1yr,20074.51,64.02,302.45,1.09,7414.03,34.87,337,History Quality,100%,"Lots_Per_Money=100000 BB_Period=12 BB_Deviations=2.0 RSI_Period=14 RSI_Buy=30 RSI_Sell=70 ATRX=1.3 ATR_Period=14 Multiple=1.1 TL_Step_ATR=1 TL_Stop_Level=20/5, 30/10, 40/15, 50/20 MagicStart=7376",MONEY_LOT;MARTINGALE;NO_SL_INPUT(heuristic),,,,,ok,
1-1-24,D:\Forex\10_EA_PROJECTS\0. Jobot\1000+ EA BOT MOGUL Bundles\MT5 (ex5)\Forex\1\1-1\1-1-24\1-1-24.html,1-1-24,EURUSD,H1,2023.01.01,2023.12.31,0.997,<=1yr,30176.64,33.65,302.64,0.75,6004.91,29.35,1039,History Quality,100%,Lots_Per_Money=100000 BB_Period=17 BB_Deviations=1.6 RSI_Period=14 RSI_Buy=30 RSI_Sell=70 ATRX=1.8 ATR_Period=14 Multiple=1.3 TL_Stop_Money_Percent=0.1 Percent_Step_TL_Money=10 Percent_Start_TL_Money=140 MagicStart=7376,MONEY_LOT;MARTINGALE;NO_SL_INPUT(heuristic),,,,,ok,
1-1-26,D:\Forex\10_EA_PROJECTS\0. Jobot\1000+ EA BOT MOGUL Bundles\MT5 (ex5)\Forex\1\1-1\1-1-26\1-1-26.html,1-1-26,EURUSD,H1,2023.01.01,2023.12.31,0.997,<=1yr,32468.74,12.16,265.76,0.88,1548.56,7.42,1095,History Quality,100%,Lots_Per_Money=10000 BB_Period=20 BB_Deviations=1.0 RSI_Period=14 RSI_Buy=30 RSI_Sell=70 ATRX=1.3 ATR_Period=14 Multiple=1.5 TLStop_Percent_Profit=3 TLStep_Percent_TLStop=19 TLStart_Percent_TLStop=140 MagicStart=7376,MONEY_LOT;MARTINGALE;NO_SL_INPUT(heuristic),,,,,ok,
1-1-29,D:\Forex\10_EA_PROJECTS\0. Jobot\1000+ EA BOT MOGUL Bundles\MT5 (ex5)\Forex\1\1-1\1-1-29\1-1-29.html,1-1-29,EURUSD,H1,2023.01.01,2023.12.31,0.997,<=1yr,20547.32,10.68,281.16,0.99,516.04,1.94,854,History Quality,100%,Lots_Per_Money=10000 BB_Period=14 BB_Deviations=1.0 RSI_Period=14 RSI_Buy=30 RSI_Sell=70 ATRX=1.0 ATR_Period=14 Multiple=1.5 TL_Start_ATR=5 TL_Stop_ATR=8 TL_Step_ATR=8 MagicStart=7376,MONEY_LOT;MARTINGALE;NO_SL_INPUT(heuristic),,,,,ok,
1-1-3,D:\Forex\10_EA_PROJECTS\0. Jobot\1000+ EA BOT MOGUL Bundles\MT5 (ex5)\Forex\1\1-1\1-1-3\1-1-3.html,1-1-3,EURUSD,H1,2023.01.01,2023.12.31,0.997,<=1yr,61114.21,1.90,18084.90,20.38,21069.66,23.14,365,History Quality,100%,Lots_Per_Money=100000 BB_Period=10 BB_Deviations=1.5 RSI_Period=14 RSI_Buy=30 RSI_Sell=70 ATRX=1.3 ATR_Period=14 Multiple=2.0 Doji_Wick_Percent=70 MagicStart=7376,MONEY_LOT;MARTINGALE;NO_SL_INPUT(heuristic),candle_pattern+reversion,NO_SL;LOT_ESCALATION;NO_CAP,no,yes,ok,
1-1-30,D:\Forex\10_EA_PROJECTS\0. Jobot\1000+ EA BOT MOGUL Bundles\MT5 (ex5)\Forex\1\1-1\1-1-30\1-1-30.html,1-1-30,EURUSD,H1,2023.01.01,2023.12.31,0.997,<=1yr,159129.42,1.63,28899.28,25.14,31396.34,16.90,706,History Quality,100%,Lots_Per_Money=10000 BB_Period=10 BB_Deviations=1.0 RSI_Period=14 RSI_Buy=30 RSI_Sell=70 ATRX=1.0 ATR_Period=14 Multiple=1.7 TL_Step_ATR=5 Zigzag_Period=7 MagicStart=7376,MONEY_LOT;MARTINGALE;NO_SL_INPUT(heuristic),,,,,ok,
1-1-31,D:\Forex\10_EA_PROJECTS\0. Jobot\1000+ EA BOT MOGUL Bundles\MT5 (ex5)\Forex\1\1-1\1-1-31\1-1-31.html,1-1-31,EURUSD,H1,2023.01.01,2023.12.31,0.997,<=1yr,42111.50,6.94,711.87,1.40,11040.40,41.96,679,History Quality,100%,Lots_Per_Money=100000 BB_Period=15 BB_Deviations=1.0 RSI_Period=14 RSI_Buy=30 RSI_Sell=70 ATRX=1.0 ATR_Period=14 Multiple=1.9 Close_Profit_Pips=9 MagicStart=7376,MONEY_LOT;MARTINGALE;NO_SL_INPUT(heuristic),,,,,ok,
1-1-33,D:\Forex\10_EA_PROJECTS\0. Jobot\1000+ EA BOT MOGUL Bundles\MT5 (ex5)\Forex\1\1-1\1-1-33\1-1-33.html,1-1-33,EURUSD,H1,2023.01.01,2023.12.31,0.997,<=1yr,39762.05,3.55,1490.15,3.03,13306.44,28.08,558,History Quality,100%,Lots_Per_Money=100000 BB_Period=20 BB_Deviations=1.0 RSI_Period=14 RSI_Buy=30 RSI_Sell=70 ATRX=1.3 ATR_Period=14 Multiple=1.4 TL_Start_Money_Percent=10 TL_Step_Money_Percent=30 TL_Stop_Money_Percent=58 Close_Profit_Percent=1 MagicStart=7376,MONEY_LOT;MARTINGALE;NO_SL_INPUT(heuristic),,,,,ok,
1-1-34,D:\Forex\10_EA_PROJECTS\0. Jobot\1000+ EA BOT MOGUL Bundles\MT5 (ex5)\Forex\1\1-1\1-1-34\1-1-34.html,1-1-34,EURUSD,H1,2023.01.01,2023.12.31,0.997,<=1yr,109667.93,13.52,2365.38,8.75,40621.50,29.98,240,History Quality,100%,Lots_Per_Money=100000 BB_Period=16 BB_Deviations=1.9 RSI_Period=14 RSI_Buy=30 RSI_Sell=70 ATRX=1.4 ATR_Period=14 Multiple=1.4 TL_Stop_Money_Percent=14 Percent_Step_TL_Money=144 Percent_Start_TL_Money=290 MagicStart=7376,MONEY_LOT;MARTINGALE;NO_SL_INPUT(heuristic),,,,,ok,
1-1-4,D:\Forex\10_EA_PROJECTS\0. Jobot\1000+ EA BOT MOGUL Bundles\MT5 (ex5)\Forex\1\1-1\1-1-4\1-1-4.html,1-1-4,EURUSD,H1,2023.01.01,2023.12.31,0.997,<=1yr,200312.86,1.87,67366.39,26.09,106384.47,39.04,358,History Quality,100%,Lots_Per_Money=100000 BB_Period=18 BB_Deviations=1.4 RSI_Period=14 RSI_Buy=30 RSI_Sell=70 ATRX=1.7 ATR_Period=14 Multiple=1.6 Body_Tower_Ratio=2 MagicStart=7376,MONEY_LOT;MARTINGALE;NO_SL_INPUT(heuristic),,,,,ok,
1-1-5,D:\Forex\10_EA_PROJECTS\0. Jobot\1000+ EA BOT MOGUL Bundles\MT5 (ex5)\Forex\1\1-1\1-1-5\1-1-5.html,1-1-5,EURUSD,H1,2023.01.01,2023.12.31,0.997,<=1yr,192393.25,1.54,227376.77,52.91,66734.73,33.66,101,History Quality,100%,"Lots_Per_Money=100000 BB_Period=19 BB_Deviations=1.5 RSI_Period=14 RSI_Buy=30 RSI_Sell=70 ATRX=1.1 ATR_Period=14 Multiple=1.6 Zigzag=3 FIBO_6_Level=23.6,38.2,50,61.8,78.6,100 Zigzag_Period=3 MagicStart=7376",MONEY_LOT;MARTINGALE;NO_SL_INPUT(heuristic),,,,,ok,
1-1-6,D:\Forex\10_EA_PROJECTS\0. Jobot\1000+ EA BOT MOGUL Bundles\MT5 (ex5)\Forex\1\1-1\1-1-6\1-1-6.html,1-1-6,EURUSD,H1,2023.01.01,2023.12.31,0.997,<=1yr,5522.42,2.45,983.31,6.77,3782.46,30.88,491,History Quality,100%,Lots_Per_Money=10000000 BB_Period=10 BB_Deviations=1.5 RSI_Period=14 RSI_Buy=30 RSI_Sell=70 ATRX=1.3 ATR_Period=14 Multiple=1.1 MagicStart=7376,MONEY_LOT;MARTINGALE;NO_SL_INPUT(heuristic),,,,,ok,
1-1-7,D:\Forex\10_EA_PROJECTS\0. Jobot\1000+ EA BOT MOGUL Bundles\MT5 (ex5)\Forex\1\1-1\1-1-7\1-1-7.html,1-1-7,EURUSD,H1,2023.01.01,2023.12.31,0.997,<=1yr,2809.09,1.47,3434.84,23.27,4205.75,28.25,322,History Quality,100%,Lots_Per_Money=300000 BB_Period=14 BB_Deviations=1.9 RSI_Period=14 RSI_Buy=30 RSI_Sell=70 ATRX=1.9 ATR_Period=14 Multiple=1.0 Fast_EMA_period=12 Slow_EMA_period=26 Signal_SMA_period=9 MagicStart=7376,MONEY_LOT;NO_SL_INPUT(heuristic),,,,,ok,
1-1-8,D:\Forex\10_EA_PROJECTS\0. Jobot\1000+ EA BOT MOGUL Bundles\MT5 (ex5)\Forex\1\1-1\1-1-8\1-1-8.html,1-1-8,EURUSD,H1,2023.01.01,2023.12.31,0.997,<=1yr,17156.60,3.80,462.32,3.53,2469.18,11.06,646,History Quality,100%,Lots_Per_Money=1000000 BB_Period=14 BB_Deviations=1.1 RSI_Period=14 RSI_Buy=30 RSI_Sell=70 ATRX=1.0 ATR_Period=14 Multiple=2.0 BE_Offset_ATR=0.5 BE_Profit_ATR_Pips=1 Close_Profit_Percent=1 MagicStart=7376,MONEY_LOT;MARTINGALE;NO_SL_INPUT(heuristic),,,,,ok,
1-13-1,D:\Forex\10_EA_PROJECTS\0. Jobot\1000+ EA BOT MOGUL Bundles\MT5 (ex5)\Forex\1\1-13\1-13-1\1-13-1.html,1-13-1,EURUSD,H1,2023.01.01,2023.12.31,0.997,<=1yr,6983.54,1.69,1782.61,16.72,2490.04,22.97,473,History Quality,100%,Lots_Per_Money=100000 BB_Period=12 BB_Deviations=1.1 RSI_Period=16 RSI_Buy=30 RSI_Sell=70 Body_Engulfing_Ratio=2.0 ATRX=1.3 ATR_Period=16 Lot_Percent_Incre_Decre=100 Multiple=1.4 Balance_Percent_Incre=4 MagicStart=3917,MONEY_LOT;MARTINGALE;NO_SL_INPUT(heuristic),,,,,ok,
1-13-13,D:\Forex\10_EA_PROJECTS\0. Jobot\1000+ EA BOT MOGUL Bundles\MT5 (ex5)\Forex\1\1-13\1-13-13\1-13-13.html,1-13-13,EURUSD,H1,2023.01.01,2023.12.31,0.997,<=1yr,9835.36,1.70,1651.87,9.03,1766.49,9.65,531,History Quality,100%,Lots_Per_Money=10000 BB_Period=13 BB_Deviations=1.3 RSI_Period=16 RSI_Buy=30 RSI_Sell=70 ATRX=1.0 ATR_Period=16 MinuteToClose=9 Lot_Percent_Incre_Decre=1 Multiple=1.3 Balance_Percent_Incre=1 MagicStart=7376,MONEY_LOT;MARTINGALE;NO_SL_INPUT(heuristic),,,,,ok,
1-13-14,D:\Forex\10_EA_PROJECTS\0. Jobot\1000+ EA BOT MOGUL Bundles\MT5 (ex5)\Forex\1\1-13\1-13-14\1-13-14.html,1-13-14,EURUSD,H1,2023.01.01,2023.12.31,0.997,<=1yr,217956.83,15.18,3986.07,1.81,44635.35,20.28,304,History Quality,100%,Lots_Per_Money=100000 BB_Period=14 BB_Deviations=1.7 RSI_Period=16 RSI_Buy=30 RSI_Sell=70 ATRX=1.7 ATR_Period=16 Close_ATR_Period=16 Close_ATRX=1.6 Lot_Percent_Incre_Decre=1 Multiple=1.3 Balance_Percent_Incre=1 MagicStart=7376,MONEY_LOT;MARTINGALE;NO_SL_INPUT(heuristic),,,,,ok,
1-13-16,D:\Forex\10_EA_PROJECTS\0. Jobot\1000+ EA BOT MOGUL Bundles\MT5 (ex5)\Forex\1\1-13\1-13-16\1-13-16.html,1-13-16,EURUSD,H1,2023.01.01,2023.12.31,0.997,<=1yr,25286.74,3.30,1402.26,4.38,8946.54,25.30,426,History Quality,100%,Lots_Per_Money=100000 BB_Period=17 BB_Deviations=1.2 RSI_Period=16 RSI_Buy=30 RSI_Sell=70 ATRX=1.4 ATR_Period=16 Close_Profit_Percent_1=1 Close_Profit_Percent_2=0.5 Close_Profit_Percent_3=0.1 Lot_Percent_Incre_Decre=1 Multiple=1.3 Balance_Percent_Incre=1 MagicStart=7376,MONEY_LOT;MARTINGALE;NO_SL_INPUT(heuristic),,,,,ok,
1-13-17,D:\Forex\10_EA_PROJECTS\0. Jobot\1000+ EA BOT MOGUL Bundles\MT5 (ex5)\Forex\1\1-13\1-13-17\1-13-17.html,1-13-17,EURUSD,H1,2023.01.01,2023.12.31,0.997,<=1yr,32869.67,3.75,1784.42,4.73,11262.71,28.20,447,History Quality,100%,Lots_Per_Money=100000 BB_Period=19 BB_Deviations=1.1 RSI_Period=16 RSI_Buy=30 RSI_Sell=70 ATRX=1.3 ATR_Period=16 Close_Profit_Percent=1 Lot_Percent_Incre_Decre=1 Multiple=1.3 Balance_Percent_Incre=1 MagicStart=7376,MONEY_LOT;MARTINGALE;NO_SL_INPUT(heuristic),,,,,ok,
1-13-18,D:\Forex\10_EA_PROJECTS\0. Jobot\1000+ EA BOT MOGUL Bundles\MT5 (ex5)\Forex\1\1-13\1-13-18\1-13-18.html,1-13-18,EURUSD,H1,2023.01.01,2023.12.31,0.997,<=1yr,16320.59,2.40,2616.26,19.12,2765.50,20.18,453,History Quality,100%,Lots_Per_Money=100000 BB_Period=10 BB_Deviations=1.3 RSI_Period=16 RSI_Buy=30 RSI_Sell=70 ATRX=1.1 ATR_Period=16 CutLoss_Percent=10 Close_Profit_Percent=1 Lot_Percent_Incre_Decre=1 Multiple=1.3 Balance_Percent_Incre=1 MagicStart=7376,MONEY_LOT;MARTINGALE;NO_SL_INPUT(heuristic),,,,,ok,
1-13-19,D:\Forex\10_EA_PROJECTS\0. Jobot\1000+ EA BOT MOGUL Bundles\MT5 (ex5)\Forex\1\1-13\1-13-19\1-13-19.html,1-13-19,EURUSD,H1,2023.01.01,2023.12.31,0.997,<=1yr,14185.14,2.01,2730.50,19.51,2940.43,16.63,482,History Quality,100%,Lots_Per_Money=100000 BB_Period=14 BB_Deviations=1.3 RSI_Period=16 RSI_Buy=30 RSI_Sell=70 ATRX=1.1 ATR_Period=16 CutLoss_Percent=10 Close_Profit_Percent=1 Lot_Percent_Incre_Decre=1 Multiple=1.3 Balance_Percent_Incre=1 MagicStart=7376,MONEY_LOT;MARTINGALE;NO_SL_INPUT(heuristic),,,,,ok,
1-13-2,D:\Forex\10_EA_PROJECTS\0. Jobot\1000+ EA BOT MOGUL Bundles\MT5 (ex5)\Forex\1\1-13\1-13-2\1-13-2.html,1-13-2,EURUSD,H1,2023.01.01,2023.12.31,0.997,<=1yr,70001.69,2.14,15738.26,16.92,18546.87,19.72,464,History Quality,100%,Lots_Per_Money=100000 BB_Period=18 BB_Deviations=1.0 RSI_Period=16 RSI_Buy=30 RSI_Sell=70 ATRX=1.1 ATR_Period=16 Body_Star_Ratio=1.7 Lot_Percent_Incre_Decre=1 Multiple=1.3 Balance_Percent_Incre=1 MagicStart=7376,MONEY_LOT;MARTINGALE;NO_SL_INPUT(heuristic),,,,,ok,
1-13-20,D:\Forex\10_EA_PROJECTS\0. Jobot\1000+ EA BOT MOGUL Bundles\MT5 (ex5)\Forex\1\1-13\1-13-20\1-13-20.html,1-13-20,EURUSD,H1,2023.01.01,2023.12.31,0.997,<=1yr,32280.00,6.82,328.52,0.85,4278.18,10.81,729,History Quality,100%,Lots_Per_Money=10000 BB_Period=20 BB_Deviations=1.1 RSI_Period=16 RSI_Buy=30 RSI_Sell=70 ATRX=1.1 ATR_Period=16 Close_ATR_Period=16 Close_ATRX=1.3 Close_Profit_Percent=1 Close_Profit_Money=10 Lot_Percent_Incre_Decre=1 Multiple=1.3 Balance_Percent_Incre=1 MagicStart=7376,MONEY_LOT;MARTINGALE;NO_SL_INPUT(heuristic),,,,,ok,
1-13-21,D:\Forex\10_EA_PROJECTS\0. Jobot\1000+ EA BOT MOGUL Bundles\MT5 (ex5)\Forex\1\1-13\1-13-21\1-13-21.html,1-13-21,EURUSD,H1,2023.01.01,2023.12.31,0.997,<=1yr,38388.22,4.35,1633.15,3.75,13434.72,27.98,345,History Quality,100%,Lots_Per_Money=100000 BB_Period=19 BB_Deviations=1.0 RSI_Period=16 RSI_Buy=30 RSI_Sell=70 ATRX=1.9 ATR_Period=16 Close_ATR_Period=16 Close_ATRX=1.8 EMA_Period=13 Close_Profit_Percent=2 Lot_Percent_Incre_Decre=1 Multiple=1.3 Balance_Percent_Incre=1 MagicStart=7376,MONEY_LOT;MARTINGALE;NO_SL_INPUT(heuristic),,,,,ok,
1-13-22,D:\Forex\10_EA_PROJECTS\0. Jobot\1000+ EA BOT MOGUL Bundles\MT5 (ex5)\Forex\1\1-13\1-13-22\1-13-22.html,1-13-22,EURUSD,H1,2023.01.01,2023.12.31,0.997,<=1yr,91333.62,7.09,3499.10,4.45,14102.46,15.42,500,History Quality,100%,Lots_Per_Money=100000 BB_Period=20 BB_Deviations=1.2 RSI_Period=16 RSI_Buy=30 RSI_Sell=70 ATRX=1.3 ATR_Period=16 TL_Start_ATR=2 TL_Stop_ATR=1 TL_Step_ATR=0.1 Close_Profit_Percent=2 Lot_Percent_Incre_Decre=1 Multiple=1.3 Balance_Percent_Incre=1 MagicStart=7376,MONEY_LOT;MARTINGALE;NO_SL_INPUT(heuristic),,,,,ok,
1-13-23,D:\Forex\10_EA_PROJECTS\0. Jobot\1000+ EA BOT MOGUL Bundles\MT5 (ex5)\Forex\1\1-13\1-13-23\1-13-23.html,1-13-23,EURUSD,H1,2023.01.01,2023.12.31,0.997,<=1yr,37074.27,5.43,1298.40,3.03,13830.50,29.38,421,History Quality,100%,"Lots_Per_Money=100000 BB_Period=10 BB_Deviations=1.0 RSI_Period=16 RSI_Buy=30 RSI_Sell=70 ATRX=1.7 ATR_Period=16 TL_Step_ATR=0.1 TL_Stop_Level=20/5, 30/10, 40/15, 50/20 Close_Profit_Percent=2 Lot_Percent_Incre_Decre=1 Multiple=1.3 Balance_Percent_Incre=1 MagicStart=7376",MONEY_LOT;MARTINGALE;NO_SL_INPUT(heuristic),,,,,ok,
1-13-24,D:\Forex\10_EA_PROJECTS\0. Jobot\1000+ EA BOT MOGUL Bundles\MT5 (ex5)\Forex\1\1-13\1-13-24\1-13-24.html,1-13-24,EURUSD,H1,2023.01.01,2023.12.31,0.997,<=1yr,12354.64,1.33,2710.97,16.78,2936.79,18.00,797,History Quality,100%,Lots_Per_Money=10000 BB_Period=13 BB_Deviations=1.4 RSI_Period=12 RSI_Buy=30 RSI_Sell=70 ATRX=1.0 ATR_Period=16 TL_Stop_Money_Percent=1 Percent_Step_TL_Money=0.1 Percent_Start_TL_Money=2 Lot_Percent_Incre_Decre=1 Multiple=1.3 Balance_Percent_Incre=1 MagicStart=7376,MONEY_LOT;MARTINGALE;NO_SL_INPUT(heuristic),,,,,ok,
1-13-26,D:\Forex\10_EA_PROJECTS\0. Jobot\1000+ EA BOT MOGUL Bundles\MT5 (ex5)\Forex\1\1-13\1-13-26\1-13-26.html,1-13-26,EURUSD,H1,2023.01.01,2023.12.31,0.997,<=1yr,32108.52,12.75,323.40,1.30,1547.12,7.17,926,History Quality,100%,Lots_Per_Money=10000 BB_Period=18 BB_Deviations=1.0 RSI_Period=16 RSI_Buy=30 RSI_Sell=70 ATRX=1.5 ATR_Period=16 TLStop_Percent_Profit=1 TLStep_Percent_TLStop=0.1 TLStart_Percent_TLStop=2 Close_Profit_Percent=1 Lot_Percent_Incre_Decre=1 Multiple=1.3 Balance_Percent_Incre=1 MagicStart=7376,MONEY_LOT;MARTINGALE;NO_SL_INPUT(heuristic),,,,,ok,
1-13-29,D:\Forex\10_EA_PROJECTS\0. Jobot\1000+ EA BOT MOGUL Bundles\MT5 (ex5)\Forex\1\1-13\1-13-29\1-13-29.html,1-13-29,EURUSD,H1,2023.01.01,2023.12.31,0.997,<=1yr,16346.68,13.30,173.60,1.40,447.93,1.96,661,History Quality,100%,Lots_Per_Money=10000 BB_Period=16 BB_Deviations=1.1 RSI_Period=16 RSI_Buy=30 RSI_Sell=70 ATRX=1.6 ATR_Period=16 TL_Start_ATR=2 TL_Stop_ATR=1 TL_Step_ATR=0.1 Lot_Percent_Incre_Decre=1 Multiple=1.3 Balance_Percent_Incre=1 MagicStart=7376,MONEY_LOT;MARTINGALE;NO_SL_INPUT(heuristic),,,,,ok,
1-13-3,D:\Forex\10_EA_PROJECTS\0. Jobot\1000+ EA BOT MOGUL Bundles\MT5 (ex5)\Forex\1\1-13\1-13-3\1-13-3.html,1-13-3,EURUSD,H1,2023.01.01,2023.12.31,0.997,<=1yr,33713.08,1.78,10539.71,19.53,11898.54,21.77,494,History Quality,100%,Lots_Per_Money=100000 BB_Period=14 BB_Deviations=1.3 RSI_Period=16 RSI_Buy=30 RSI_Sell=70 ATRX=1.0 ATR_Period=16 Doji_Wick_Percent=70 Lot_Percent_Incre_Decre=1 Multiple=1.3 Balance_Percent_Incre=1 MagicStart=7376,MONEY_LOT;MARTINGALE;NO_SL_INPUT(heuristic),,,,,ok,
1-13-30,D:\Forex\10_EA_PROJECTS\0. Jobot\1000+ EA BOT MOGUL Bundles\MT5 (ex5)\Forex\1\1-13\1-13-30\1-13-30.html,1-13-30,EURUSD,H1,2023.01.01,2023.12.31,0.997,<=1yr,38385.08,1.62,8714.10,15.92,11367.08,19.86,570,History Quality,100%,Lots_Per_Money=10000 BB_Period=20 BB_Deviations=1.3 RSI_Period=16 RSI_Buy=30 RSI_Sell=70 ATRX=1.0 ATR_Period=16 TL_Step_ATR=0.01 Zigzag_Period=7 Lot_Percent_Incre_Decre=1 Multiple=1.3 Balance_Percent_Incre=1 MagicStart=7376,MONEY_LOT;MARTINGALE;NO_SL_INPUT(heuristic),,,,,ok,
1-13-31,D:\Forex\10_EA_PROJECTS\0. Jobot\1000+ EA BOT MOGUL Bundles\MT5 (ex5)\Forex\1\1-13\1-13-31\1-13-31.html,1-13-31,EURUSD,H1,2023.01.01,2023.12.31,0.997,<=1yr,67034.89,4.46,2758.87,4.12,18140.68,25.07,599,History Quality,100%,Lots_Per_Money=100000 BB_Period=17 BB_Deviations=1.1 RSI_Period=14 RSI_Buy=30 RSI_Sell=70 ATRX=1.1 ATR_Period=14 Close_Profit_Pips=70 Close_Profit_Percent=1 Lot_Percent_Incre_Decre=1 Multiple=1.3 Balance_Percent_Incre=1 MagicStart=7376,MONEY_LOT;MARTINGALE;NO_SL_INPUT(heuristic),,,,,ok,
1-13-33,D:\Forex\10_EA_PROJECTS\0. Jobot\1000+ EA BOT MOGUL Bundles\MT5 (ex5)\Forex\1\1-13\1-13-33\1-13-33.html,1-13-33,EURUSD,H1,2023.01.01,2023.12.31,0.997,<=1yr,43053.34,1.60,8497.51,18.28,8674.61,18.59,551,History Quality,100%,Lots_Per_Money=10000 BB_Period=17 BB_Deviations=1.4 RSI_Period=16 RSI_Buy=30 RSI_Sell=70 ATRX=1.1 ATR_Period=16 TL_Start_Money_Percent=2 TL_Step_Money_Percent=0.1 TL_Stop_Money_Percent=1 Close_Profit_Percent=1 Lot_Percent_Incre_Decre=1 Multiple=1.3 Balance_Percent_Incre=1 MagicStart=7376,MONEY_LOT;MARTINGALE;NO_SL_INPUT(heuristic),,,,,ok,
1-13-34,D:\Forex\10_EA_PROJECTS\0. Jobot\1000+ EA BOT MOGUL Bundles\MT5 (ex5)\Forex\1\1-13\1-13-34\1-13-34.html,1-13-34,EURUSD,H1,2023.01.01,2023.12.31,0.997,<=1yr,6580.76,1.19,2086.89,12.93,2781.56,19.51,804,History Quality,100%,Lots_Per_Money=10000 BB_Period=14 BB_Deviations=1.2 RSI_Period=12 RSI_Buy=30 RSI_Sell=70 ATRX=1.9 ATR_Period=19 TL_Stop_Money_Percent=1 Percent_Step_TL_Money=0.1 Percent_Start_TL_Money=2 Close_Profit_Percent=1 Lot_Percent_Incre_Decre=1 Multiple=1.3 Balance_Percent_Incre=1 MagicStart=7376,MONEY_LOT;MARTINGALE;NO_SL_INPUT(heuristic),,,,,ok,
1-13-35,D:\Forex\10_EA_PROJECTS\0. Jobot\1000+ EA BOT MOGUL Bundles\MT5 (ex5)\Forex\1\1-13\1-13-35\1-13-35.html,1-13-35,EURUSD,H1,2023.01.01,2023.12.31,0.997,<=1yr,33711.51,3.64,1840.63,4.76,11979.93,29.09,480,History Quality,100%,Lots_Per_Money=100000 BB_Period=18 BB_Deviations=1.1 RSI_Period=16 RSI_Buy=30 RSI_Sell=70 ATRX=1.2 ATR_Period=16 TL_Start_Money_Percent=2 TL_Step_Money_Percent=0.1 TL_Stop_Money_Percent=1 Close_Profit_Percent=1 Martingale=1 Nearby_Next_Multiply=1 Lot_Percent_Incre_Decre=1 Multiple=1.3 Balance_Percent_Incre=1 MagicStart=7376,MONEY_LOT;MARTINGALE;NO_SL_INPUT(heuristic),,,,,ok,
1-13-4,D:\Forex\10_EA_PROJECTS\0. Jobot\1000+ EA BOT MOGUL Bundles\MT5 (ex5)\Forex\1\1-13\1-13-4\1-13-4.html,1-13-4,EURUSD,H1,2023.01.01,2023.12.31,0.997,<=1yr,113711.87,2.07,26163.35,21.39,48491.44,37.41,472,History Quality,100%,Lots_Per_Money=100000 BB_Period=15 BB_Deviations=1.1 RSI_Period=12 RSI_Buy=30 RSI_Sell=70 ATRX=1.7 ATR_Period=18 Body_Tower_Ratio=2.0 Lot_Percent_Incre_Decre=1 Multiple=1.3 Balance_Percent_Incre=1 MagicStart=7376,MONEY_LOT;MARTINGALE;NO_SL_INPUT(heuristic),,,,,ok,
1-13-5,D:\Forex\10_EA_PROJECTS\0. Jobot\1000+ EA BOT MOGUL Bundles\MT5 (ex5)\Forex\1\1-13\1-13-5\1-13-5.html,1-13-5,EURUSD,H1,2023.01.01,2023.12.31,0.997,<=1yr,33256.44,3.56,1840.63,4.80,12016.86,29.47,466,History Quality,100%,"Lots_Per_Money=100000 BB_Period=16 BB_Deviations=1.0 RSI_Period=16 RSI_Buy=30 RSI_Sell=70 ATRX=1.2 ATR_Period=16 FIBO_6_Level=23.6,38.2,50,61.8,78.6,100 Zigzag_Period=7 Close_Profit_Percent=1 Lot_Percent_Incre_Decre=1 Multiple=1.3 Balance_Percent_Incre=1 MagicStart=7376",MONEY_LOT;MARTINGALE;NO_SL_INPUT(heuristic),,,,,ok,
1-13-7,D:\Forex\10_EA_PROJECTS\0. Jobot\1000+ EA BOT MOGUL Bundles\MT5 (ex5)\Forex\1\1-13\1-13-7\1-13-7.html,1-13-7,EURUSD,H1,2023.01.01,2023.12.31,0.997,<=1yr,69742.60,2.23,14814.80,20.69,21679.96,30.12,1011,History Quality,100%,Lots_Per_Money=100000 BB_Period=10 BB_Deviations=1.0 RSI_Period=10 RSI_Buy=30 RSI_Sell=70 ATRX=1.0 ATR_Period=15 Fast_EMA_period=12 Slow_EMA_period=26 Signal_SMA_period=9 Close_Profit_Percent=1 Lot_Percent_Incre_Decre=1 Multiple=1.3 Balance_Percent_Incre=1 MagicStart=7376,MONEY_LOT;MARTINGALE;NO_SL_INPUT(heuristic),,,,,ok,
1-13-8,D:\Forex\10_EA_PROJECTS\0. Jobot\1000+ EA BOT MOGUL Bundles\MT5 (ex5)\Forex\1\1-13\1-13-8\1-13-8.html,1-13-8,EURUSD,H1,2023.01.01,2023.12.31,0.997,<=1yr,46538.42,3.39,2579.07,5.28,13792.30,26.39,568,History Quality,100%,Lots_Per_Money=100000 BB_Period=19 BB_Deviations=1.2 RSI_Period=13 RSI_Buy=30 RSI_Sell=70 ATRX=1.5 ATR_Period=18 BE_Offset_ATR=0.1 BE_Profit_ATR_Pips=10 Close_Profit_Percent=1 Lot_Percent_Incre_Decre=1 Multiple=1.3 Balance_Percent_Incre=1 MagicStart=7376,MONEY_LOT;MARTINGALE;NO_SL_INPUT(heuristic),,,,,ok,
1-16-1,D:\Forex\10_EA_PROJECTS\0. Jobot\1000+ EA BOT MOGUL Bundles\MT5 (ex5)\Forex\1\1-16\1-16-1\1-16-1.html,1-16-1,EURUSD,H1,2023.01.01,2023.12.31,0.997,<=1yr,14240.78,1.46,3398.90,20.55,4282.44,24.71,390,History Quality,100%,Lots_Per_Money=10000 BB_Period=20 BB_Deviations=1.0 RSI_Period=16 RSI_Buy=30 RSI_Sell=70 Body_Engulfing_Ratio=2 TP_ATR_Period=8 TP_ATRX=1.1 SL_ATR_Period=5 SL_ATRX=1.0 Percent_Invest=1 MagicStart=3917,MONEY_LOT,,,,,ok,
1-16-13,D:\Forex\10_EA_PROJECTS\0. Jobot\1000+ EA BOT MOGUL Bundles\MT5 (ex5)\Forex\1\1-16\1-16-13\1-16-13.html,1-16-13,EURUSD,H1,2023.01.01,2023.12.31,0.997,<=1yr,10032.01,1.34,1359.42,6.89,1500.36,7.60,2216,History Quality,100%,Lots_Per_Money=10000 BB_Period=13 BB_Deviations=1.0 RSI_Period=11 RSI_Buy=30 RSI_Sell=70 MinuteToClose=9 TP_ATR_Period=20 TP_ATRX=1.8 SL_ATR_Period=17 SL_ATRX=1.0 Percent_Invest=1 MagicStart=7376,MONEY_LOT,,,,,ok,
1-16-17,D:\Forex\10_EA_PROJECTS\0. Jobot\1000+ EA BOT MOGUL Bundles\MT5 (ex5)\Forex\1\1-16\1-16-17\1-16-17.html,1-16-17,EURUSD,H1,2023.01.01,2023.12.31,0.997,<=1yr,42452.94,3.79,14062.79,21.14,5933.69,10.73,1339,History Quality,100%,Lots_Per_Money=10000 BB_Period=18 BB_Deviations=1.0 RSI_Period=10 RSI_Buy=30 RSI_Sell=70 Close_Profit_Percent=0.1 DefaultWinRate=100 TP_ATR_Period=19 TP_ATRX=1.1 SL_ATR_Period=16 SL_ATRX=1.0 Percent_Invest=1 MagicStart=7376,MONEY_LOT,,,,,ok,
1-16-18,D:\Forex\10_EA_PROJECTS\0. Jobot\1000+ EA BOT MOGUL Bundles\MT5 (ex5)\Forex\1\1-16\1-16-18\1-16-18.html,1-16-18,EURUSD,H1,2023.01.01,2023.12.31,0.997,<=1yr,47742.04,8.52,5028.93,10.03,5123.60,10.22,1448,History Quality,100%,Lots_Per_Money=10000 BB_Period=18 BB_Deviations=1.1 RSI_Period=10 RSI_Buy=30 RSI_Sell=70 CutLoss_Percent=10 Close_Profit_Percent=0.1 TP_ATR_Period=20 TP_ATRX=1.1 SL_ATR_Period=18 SL_ATRX=1.0 Percent_Invest=1 MagicStart=7376,MONEY_LOT,,,,,ok,
1-16-19,D:\Forex\10_EA_PROJECTS\0. Jobot\1000+ EA BOT MOGUL Bundles\MT5 (ex5)\Forex\1\1-16\1-16-19\1-16-19.html,1-16-19,EURUSD,H1,2023.01.01,2023.12.31,0.997,<=1yr,57604.68,5.45,5792.11,10.04,5902.29,10.23,1508,History Quality,100%,Lots_Per_Money=10000 BB_Period=20 BB_Deviations=1.0 RSI_Period=10 RSI_Buy=30 RSI_Sell=70 CutLoss_Percent=10 Close_Profit_Percent=0.1 TP_ATR_Period=18 TP_ATRX=1.0 SL_ATR_Period=17 SL_ATRX=1.0 Percent_Invest=1 MagicStart=7376,MONEY_LOT,,,,,ok,
1-16-2,D:\Forex\10_EA_PROJECTS\0. Jobot\1000+ EA BOT MOGUL Bundles\MT5 (ex5)\Forex\1\1-16\1-16-2\1-16-2.html,1-16-2,EURUSD,H1,2023.01.01,2023.12.31,0.997,<=1yr,30846.83,2.06,5143.77,21.29,7850.27,17.11,114,History Quality,100%,Lots_Per_Money=10000 BB_Period=19 BB_Deviations=1.9 RSI_Period=16 RSI_Buy=30 RSI_Sell=70 Body_Star_Ratio=1.8 TP_ATR_Period=18 TP_ATRX=1.7 SL_ATR_Period=20 SL_ATRX=2.0 Percent_Invest=1 MagicStart=7376,MONEY_LOT,,,,,ok,
1-16-20,D:\Forex\10_EA_PROJECTS\0. Jobot\1000+ EA BOT MOGUL Bundles\MT5 (ex5)\Forex\1\1-16\1-16-20\1-16-20.html,1-16-20,EURUSD,H1,2023.01.01,2023.12.31,0.997,<=1yr,45213.85,35.02,9.60,0.02,2632.63,9.99,1615,History Quality,100%,Lots_Per_Money=10000 BB_Period=19 BB_Deviations=1 RSI_Period=10 RSI_Buy=30 RSI_Sell=70 Close_ATR_Period=14 Close_ATRX=1 Close_Profit_Percent=0.1 Close_Profit_Money=10.0 TP_ATR_Period=19 TP_ATRX=1 SL_ATR_Period=17 SL_ATRX=1 Percent_Invest=1.0 MagicStart=7376,MONEY_LOT,,,,,ok,
1-16-21,D:\Forex\10_EA_PROJECTS\0. Jobot\1000+ EA BOT MOGUL Bundles\MT5 (ex5)\Forex\1\1-16\1-16-21\1-16-21.html,1-16-21,EURUSD,H1,2023.01.01,2023.12.31,0.997,<=1yr,35954.83,3.12,16073.84,25.91,7907.13,15.60,1201,History Quality,100%,Lots_Per_Money=10000 BB_Period=12 BB_Deviations=1.1 RSI_Period=10 RSI_Buy=30 RSI_Sell=70 Close_ATR_Period=14 Close_ATRX=1.5 EMA_Period=12 Close_Profit_Percent=0.1 TP_ATR_Period=20 TP_ATRX=1.0 SL_ATR_Period=14 SL_ATRX=1.0 Percent_Invest=1 MagicStart=7376,MONEY_LOT,,,,,ok,
1-16-22,D:\Forex\10_EA_PROJECTS\0. Jobot\1000+ EA BOT MOGUL Bundles\MT5 (ex5)\Forex\1\1-16\1-16-22\1-16-22.html,1-16-22,EURUSD,H1,2023.01.01,2023.12.31,0.997,<=1yr,41902.26,3.47,15963.00,23.52,13252.42,23.19,1239,History Quality,100%,Lots_Per_Money=10000 BB_Period=17 BB_Deviations=1.1 RSI_Period=10 RSI_Buy=30 RSI_Sell=70 ATR_Period=17 TL_Start_ATR=2 TL_Stop_ATR=1 TL_Step_ATR=0.1 Close_Profit_Percent=0.1 TP_ATR_Period=13 TP_ATRX=1.0 SL_ATR_Period=17 SL_ATRX=1.0 Percent_Invest=1 MagicStart=7376,MONEY_LOT,,,,,ok,
1-16-23,D:\Forex\10_EA_PROJECTS\0. Jobot\1000+ EA BOT MOGUL Bundles\MT5 (ex5)\Forex\1\1-16\1-16-23\1-16-23.html,1-16-23,EURUSD,H1,2023.01.01,2023.12.31,0.997,<=1yr,61824.86,41.80,208.26,0.58,6298.51,10.73,1436,History Quality,100%,"Lots_Per_Money=10000 BB_Period=18 BB_Deviations=1.0 RSI_Period=10 RSI_Buy=30 RSI_Sell=70 ATR_Period=13 TL_Step_ATR=0.1 TL_Stop_Level=20/5, 30/10, 40/15, 50/20 Close_Profit_Percent=0.1 TP_ATR_Period=18 TP_ATRX=1 SL_ATR_Period=17 SL_ATRX=1 Percent_Invest=1 MagicStart=7376",MONEY_LOT,,,,,ok,
1-16-24,D:\Forex\10_EA_PROJECTS\0. Jobot\1000+ EA BOT MOGUL Bundles\MT5 (ex5)\Forex\1\1-16\1-16-24\1-16-24.html,1-16-24,EURUSD,H1,2023.01.01,2023.12.31,0.997,<=1yr,12246.10,1.41,1590.50,8.25,1951.83,8.85,910,History Quality,100%,Lots_Per_Money=10000 BB_Period=14 BB_Deviations=1.0 RSI_Period=11 RSI_Buy=30 RSI_Sell=70 TL_Stop_Money_Percent=1 Percent_Step_TL_Money=0.1 Percent_Start_TL_Money=2 TP_ATR_Period=19 TP_ATRX=1.9 SL_ATR_Period=11 SL_ATRX=1.1 Percent_Invest=1 MagicStart=7376,MONEY_LOT,,,,,ok,
1-16-26,D:\Forex\10_EA_PROJECTS\0. Jobot\1000+ EA BOT MOGUL Bundles\MT5 (ex5)\Forex\1\1-16\1-16-26\1-16-26.html,1-16-26,EURUSD,H1,2023.01.01,2023.12.31,0.997,<=1yr,40532.34,11.43,595.89,1.29,2506.35,10.25,2660,History Quality,100%,Lots_Per_Money=10000 BB_Period=15 BB_Deviations=1.0 RSI_Period=10 RSI_Buy=30 RSI_Sell=70 TLStop_Percent_Profit=1 TLStep_Percent_TLStop=0.1 TLStart_Percent_TLStop=2 Close_Profit_Percent=0.1 TP_ATR_Period=17 TP_ATRX=1.5 SL_ATR_Period=17 SL_ATRX=1.2 Percent_Invest=1 MagicStart=7376,MONEY_LOT,,,,,ok,
1-16-29,D:\Forex\10_EA_PROJECTS\0. Jobot\1000+ EA BOT MOGUL Bundles\MT5 (ex5)\Forex\1\1-16\1-16-29\1-16-29.html,1-16-29,EURUSD,H1,2023.01.01,2023.12.31,0.997,<=1yr,39631.91,12.09,585.33,1.29,1547.22,4.82,2616,History Quality,100%,Lots_Per_Money=10000 BB_Period=17 BB_Deviations=1.1 RSI_Period=10 RSI_Buy=30 RSI_Sell=70 ATR_Period=15 TL_Start_ATR=2 TL_Stop_ATR=1 TL_Step_ATR=0.1 TP_ATR_Period=18 TP_ATRX=1.7 SL_ATR_Period=16 SL_ATRX=1.2 Percent_Invest=1 MagicStart=7376,MONEY_LOT,,,,,ok,
1-16-3,D:\Forex\10_EA_PROJECTS\0. Jobot\1000+ EA BOT MOGUL Bundles\MT5 (ex5)\Forex\1\1-16\1-16-3\1-16-3.html,1-16-3,EURUSD,H1,2023.01.01,2023.12.31,0.997,<=1yr,13182.45,1.64,3730.74,19.64,4392.39,22.50,128,History Quality,100%,Lots_Per_Money=10000 BB_Period=12 BB_Deviations=1.1 RSI_Period=20 RSI_Buy=30 RSI_Sell=70 Doji_Wick_Percent=70 TP_ATR_Period=8 TP_ATRX=1.5 SL_ATR_Period=10 SL_ATRX=1.0 Percent_Invest=1 MagicStart=7376,MONEY_LOT,,,,,ok,
1-16-31,D:\Forex\10_EA_PROJECTS\0. Jobot\1000+ EA BOT MOGUL Bundles\MT5 (ex5)\Forex\1\1-16\1-16-31\1-16-31.html,1-16-31,EURUSD,H1,2023.01.01,2023.12.31,0.997,<=1yr,18511.61,67.22,55.28,0.29,2283.81,8.06,845,History Quality,100%,Lots_Per_Money=10000 BB_Period=19 BB_Deviations=1.3 RSI_Period=10 RSI_Buy=30 RSI_Sell=70 Close_Profit_Pips=4 Close_Profit_Percent=0.1 Percent_Invest=1 TP_ATR_Period=15 TP_ATRX=1.1 SL_ATR_Period=10 SL_ATRX=1.2 MagicStart=7376,MONEY_LOT,,,,,ok,
1-16-33,D:\Forex\10_EA_PROJECTS\0. Jobot\1000+ EA BOT MOGUL Bundles\MT5 (ex5)\Forex\1\1-16\1-16-33\1-16-33.html,1-16-33,EURUSD,H1,2023.01.01,2023.12.31,0.997,<=1yr,41184.09,6.85,3470.12,8.10,3491.78,8.15,1409,History Quality,100%,Lots_Per_Money=10000 BB_Period=15 BB_Deviations=1.0 RSI_Period=10 RSI_Buy=30 RSI_Sell=70 TL_Start_Money_Percent=2 TL_Step_Money_Percent=0.1 TL_Stop_Money_Percent=1 Close_Profit_Percent=0.1 Percent_Invest=1 TP_ATR_Period=12 TP_ATRX=1.4 SL_ATR_Period=20 SL_ATRX=1.0 MagicStart=7376,MONEY_LOT,,,,,ok,
1-16-34,D:\Forex\10_EA_PROJECTS\0. Jobot\1000+ EA BOT MOGUL Bundles\MT5 (ex5)\Forex\1\1-16\1-16-34\1-16-34.html,1-16-34,EURUSD,H1,2023.01.01,2023.12.31,0.997,<=1yr,25140.30,3.32,588.54,1.92,680.73,2.23,1458,History Quality,100%,Lots_Per_Money=10000 BB_Period=20 BB_Deviations=1.0 RSI_Period=10 RSI_Buy=30 RSI_Sell=70 TL_Stop_Money_Percent=1 Percent_Step_TL_Money=0.1 Percent_Start_TL_Money=2 Close_Profit_Percent=0.1 Percent_Invest=1 TP_ATR_Period=17 TP_ATRX=1.0 SL_ATR_Period=20 SL_ATRX=1.2 MagicStart=7376,MONEY_LOT,,,,,ok,
1-16-35,D:\Forex\10_EA_PROJECTS\0. Jobot\1000+ EA BOT MOGUL Bundles\MT5 (ex5)\Forex\1\1-16\1-16-35\1-16-35.html,1-16-34,EURUSD,H1,2023.01.01,2023.12.31,0.997,<=1yr,25140.30,3.32,588.54,1.92,680.73,2.23,1458,History Quality,100%,Lots_Per_Money=10000 BB_Period=20 BB_Deviations=1.0 RSI_Period=10 RSI_Buy=30 RSI_Sell=70 TL_Stop_Money_Percent=1 Percent_Step_TL_Money=0.1 Percent_Start_TL_Money=2 Close_Profit_Percent=0.1 Percent_Invest=1 TP_ATR_Period=17 TP_ATRX=1.0 SL_ATR_Period=20 SL_ATRX=1.2 MagicStart=7376,MONEY_LOT,,,,,ok,
1-16-4,D:\Forex\10_EA_PROJECTS\0. Jobot\1000+ EA BOT MOGUL Bundles\MT5 (ex5)\Forex\1\1-16\1-16-4\1-16-4.html,1-16-4,EURUSD,H1,2023.01.01,2023.12.31,0.997,<=1yr,30470.43,1.91,8750.74,23.98,11479.58,30.94,73,History Quality,100%,Lots_Per_Money=10000 BB_Period=19 BB_Deviations=1.1 RSI_Period=20 RSI_Buy=30 RSI_Sell=70 Body_Tower_Ratio=2.0 TP_ATR_Period=5 TP_ATRX=1.7 SL_ATR_Period=5 SL_ATRX=1.0 Percent_Invest=1 MagicStart=7376,MONEY_LOT,,,,,ok,
1-16-5,D:\Forex\10_EA_PROJECTS\0. Jobot\1000+ EA BOT MOGUL Bundles\MT5 (ex5)\Forex\1\1-16\1-16-5\1-16-5.html,1-16-5,EURUSD,H1,2023.01.01,2023.12.31,0.997,<=1yr,11719.44,2.55,3352.57,15.18,4882.36,22.98,106,History Quality,100%,"Lots_Per_Money=10000 BB_Period=17 BB_Deviations=1.0 RSI_Period=20 RSI_Buy=30 RSI_Sell=70 FIBO_6_Level=23.6,38.2,50,61.8,78.6,100 Zigzag_Period=2 Close_Profit_Percent=1 TP_ATR_Period=20 TP_ATRX=2.0 SL_ATR_Period=16 SL_ATRX=1.0 Percent_Invest=1 MagicStart=7376",MONEY_LOT,,,,,ok,
1-16-6,D:\Forex\10_EA_PROJECTS\0. Jobot\1000+ EA BOT MOGUL Bundles\MT5 (ex5)\Forex\1\1-16\1-16-6\1-16-6.html,1-16-6,EURUSD,H1,2023.01.01,2023.12.31,0.997,<=1yr,27114.26,1.74,8998.44,27.86,10798.44,33.23,298,History Quality,100%,Lots_Per_Money=10000 BB_Period=14 BB_Deviations=1.2 RSI_Period=11 RSI_Buy=30 RSI_Sell=70 Close_Profit_Percent=1 TP_ATR_Period=17 TP_ATRX=1.4 SL_ATR_Period=5 SL_ATRX=1.8 Percent_Invest=1 MagicStart=7376,MONEY_LOT,,,,,ok,
1-16-7,D:\Forex\10_EA_PROJECTS\0. Jobot\1000+ EA BOT MOGUL Bundles\MT5 (ex5)\Forex\1\1-16\1-16-7\1-16-7.html,1-16-7,EURUSD,H1,2023.01.01,2023.12.31,0.997,<=1yr,15515.32,1.85,7581.47,40.60,7524.42,40.05,118,History Quality,100%,Lots_Per_Money=10000 BB_Period=18 BB_Deviations=1.6 RSI_Period=16 RSI_Buy=30 RSI_Sell=70 Fast_EMA_period=12 Slow_EMA_period=26 Signal_SMA_period=9 Close_Profit_Percent=2 TP_ATR_Period=19 TP_ATRX=1.1 SL_ATR_Period=19 SL_ATRX=1.1 Percent_Invest=1 MagicStart=7376,MONEY_LOT,,,,,ok,
1-18-1,D:\Forex\10_EA_PROJECTS\0. Jobot\1000+ EA BOT MOGUL Bundles\MT5 (ex5)\Forex\1\1-18\1-18-1\1-18-1.html,1-18-1,EURUSD,H1,2023.01.01,2023.12.31,0.997,<=1yr,128441.28,2.06,13431.63,9.22,20954.68,13.91,477,History Quality,100%,Lots_Per_Money=10000 BB_Period=20 BB_Deviations=1.0 RSI_Period=16 RSI_Buy=30 RSI_Sell=70 Body_Engulfing_Ratio=2 BB_Period_ForAddLot=13 BB_Deviations_ForAddLot=1.9 ATR_Period=13 ATRX=1.3 Lot_Percent_Incre_Decre=100 Multiple=1.3 MagicStart=3917,MONEY_LOT;MARTINGALE;NO_SL_INPUT(heuristic),,,,,ok,
1-18-13,D:\Forex\10_EA_PROJECTS\0. Jobot\1000+ EA BOT MOGUL Bundles\MT5 (ex5)\Forex\1\1-18\1-18-13\1-18-13.html,1-18-13,EURUSD,H1,2023.01.01,2023.12.31,0.997,<=1yr,5142.05,1.33,859.40,8.59,997.43,6.66,824,History Quality,100%,Lots_Per_Money=10000 BB_Period=20 BB_Deviations=1 RSI_Period=16 RSI_Buy=30 RSI_Sell=70 MinuteToClose=9 BB_Period_ForAddLot=13 BB_Deviations_ForAddLot=1.8 Lot_Percent_Incre_Decre=100 ATR_Period=17 ATRX=1.2 Multiple=1.3 MagicStart=7376,MONEY_LOT;MARTINGALE;NO_SL_INPUT(heuristic),,,,,ok,
1-18-14,D:\Forex\10_EA_PROJECTS\0. Jobot\1000+ EA BOT MOGUL Bundles\MT5 (ex5)\Forex\1\1-18\1-18-14\1-18-14.html,1-18-14 T,EURUSD,H1,2023.01.01,2023.12.31,0.997,<=1yr,33994.95,5.40,1364.06,3.57,8089.92,22.03,724,History Quality,100%,Lots_Per_Money=10000 BB_Period=20 BB_Deviations=1 RSI_Period=16 RSI_Buy=30 RSI_Sell=70 Close_ATR_Period=11 Close_ATRX=1.5 BB_Period_ForAddLot=13 BB_Deviations_ForAddLot=2.0 Lot_Percent_Incre_Decre=100 ATR_Period=12 ATRX=1.1 Multiple=1.3 Close_Profit_Percent=0.1 MagicStart=7376,MONEY_LOT;MARTINGALE;NO_SL_INPUT(heuristic),,,,,ok,
1-18-17,D:\Forex\10_EA_PROJECTS\0. Jobot\1000+ EA BOT MOGUL Bundles\MT5 (ex5)\Forex\1\1-18\1-18-17\1-18-17.html,1-18-17,EURUSD,H1,2023.01.01,2023.12.31,0.997,<=1yr,30201.81,6.43,1681.32,4.68,5299.96,15.52,636,History Quality,100%,Lots_Per_Money=10000 BB_Period=20 BB_Deviations=1 RSI_Period=16 RSI_Buy=30 RSI_Sell=70 Close_Profit_Percent=0.1 BB_Period_ForAddLot=10 BB_Deviations_ForAddLot=1.7 Lot_Percent_Incre_Decre=100 ATR_Period=18 ATRX=2.0 Multiple=1.3 MagicStart=7376,MONEY_LOT;MARTINGALE;NO_SL_INPUT(heuristic),,,,,ok,
1-18-18,D:\Forex\10_EA_PROJECTS\0. Jobot\1000+ EA BOT MOGUL Bundles\MT5 (ex5)\Forex\1\1-18\1-18-18\1-18-18.html,1-18-18,EURUSD,H1,2023.01.01,2023.12.31,0.997,<=1yr,24749.34,3.58,3269.08,10.04,3525.90,10.83,700,History Quality,100%,Lots_Per_Money=10000 BB_Period=20 BB_Deviations=1 RSI_Period=16 RSI_Buy=30 RSI_Sell=70 CutLoss_Percent=10 Close_Profit_Percent=0.1 BB_Period_ForAddLot=20 BB_Deviations_ForAddLot=1.9 Lot_Percent_Incre_Decre=100 ATR_Period=10 ATRX=1.4 Multiple=1.3 MagicStart=7376,MONEY_LOT;MARTINGALE;NO_SL_INPUT(heuristic),,,,,ok,
1-18-19,D:\Forex\10_EA_PROJECTS\0. Jobot\1000+ EA BOT MOGUL Bundles\MT5 (ex5)\Forex\1\1-18\1-18-19\1-18-19.html,1-18-19,EURUSD,H1,2023.01.01,2023.12.31,0.997,<=1yr,24860.08,3.66,3264.08,10.04,3505.05,10.78,738,History Quality,100%,Lots_Per_Money=10000 BB_Period=20 BB_Deviations=1 RSI_Period=16 RSI_Buy=30 RSI_Sell=70 CutLoss_Percent=10 Close_Profit_Percent=0.1 BB_Period_ForAddLot=20 BB_Deviations_ForAddLot=1.7 Lot_Percent_Incre_Decre=100 ATR_Period=10 ATRX=1.0 Multiple=1.3 MagicStart=7376,MONEY_LOT;MARTINGALE;NO_SL_INPUT(heuristic),,,,,ok,
1-18-2,D:\Forex\10_EA_PROJECTS\0. Jobot\1000+ EA BOT MOGUL Bundles\MT5 (ex5)\Forex\1\1-18\1-18-2\1-18-2.html,1-18-2,EURUSD,H1,2023.01.01,2023.12.31,0.997,<=1yr,327657.47,1.93,65802.71,17.06,93019.64,22.86,356,History Quality,100%,Lots_Per_Money=10000 BB_Period=20 BB_Deviations=1 RSI_Period=16 RSI_Buy=30 RSI_Sell=70 Body_Star_Ratio=1.8 BB_Period_ForAddLot=10 BB_Deviations_ForAddLot=1.7 ATR_Period=16 ATRX=1.4 Lot_Percent_Incre_Decre=100 Multiple=1.3 MagicStart=7376,MONEY_LOT;MARTINGALE;NO_SL_INPUT(heuristic),,,,,ok,
1-18-20,D:\Forex\10_EA_PROJECTS\0. Jobot\1000+ EA BOT MOGUL Bundles\MT5 (ex5)\Forex\1\1-18\1-18-20\1-18-20.html,1-18-20,EURUSD,H1,2023.01.01,2023.12.31,0.997,<=1yr,30109.11,5.84,452.51,4.29,3447.56,24.01,794,History Quality,100%,Lots_Per_Money=10000 BB_Period=20 BB_Deviations=1 RSI_Period=16 RSI_Buy=30 RSI_Sell=70 Close_ATR_Period=18 Close_ATRX=1.1 Close_Profit_Percent=0.1 Close_Profit_Money=10 BB_Period_ForAddLot=10 BB_Deviations_ForAddLot=2.0 Lot_Percent_Incre_Decre=100 ATR_Period=18 ATRX=1.0 Multiple=1.3 MagicStart=7376,MONEY_LOT;MARTINGALE;NO_SL_INPUT(heuristic),,,,,ok,
1-18-21,D:\Forex\10_EA_PROJECTS\0. Jobot\1000+ EA BOT MOGUL Bundles\MT5 (ex5)\Forex\1\1-18\1-18-21\1-18-21.html,1-18-21,EURUSD,H1,2023.01.01,2023.12.31,0.997,<=1yr,37908.58,11.99,1751.24,8.11,7305.02,17.33,533,History Quality,100%,Lots_Per_Money=10000 BB_Period=20 BB_Deviations=1 RSI_Period=16 RSI_Buy=30 RSI_Sell=70 Close_ATR_Period=17 Close_ATRX=1.2 EMA_Period=14 Close_Profit_Percent=0.1 BB_Period_ForAddLot=16 BB_Deviations_ForAddLot=1.4 Lot_Percent_Incre_Decre=100 ATR_Period=19 ATRX=1.5 Multiple=1.3 MagicStart=7376,MONEY_LOT;MARTINGALE;NO_SL_INPUT(heuristic),,,,,ok,
1-18-23,D:\Forex\10_EA_PROJECTS\0. Jobot\1000+ EA BOT MOGUL Bundles\MT5 (ex5)\Forex\1\1-18\1-18-23\1-18-23.html,1-18-23,EURUSD,H1,2023.01.01,2023.12.31,0.997,<=1yr,32594.62,5.07,1610.97,4.30,3523.40,9.91,663,History Quality,100%,"Lots_Per_Money=10000 BB_Period=20 BB_Deviations=1 RSI_Period=16 RSI_Buy=30 RSI_Sell=70 ATR_Period=15 ATRX=1.8 TL_Step_ATR=0.1 TL_Stop_Level=20/5, 30/10, 40/15, 50/20 Close_Profit_Percent=0.1 BB_Period_ForAddLot=19 BB_Deviations_ForAddLot=2.0 Lot_Percent_Incre_Decre=100 Multiple=1.3 MagicStart=7376",MONEY_LOT;MARTINGALE;NO_SL_INPUT(heuristic),,,,,ok,
1-18-26,D:\Forex\10_EA_PROJECTS\0. Jobot\1000+ EA BOT MOGUL Bundles\MT5 (ex5)\Forex\1\1-18\1-18-26\1-18-26.html,1-18-26,EURUSD,H1,2023.01.01,2023.12.31,0.997,<=1yr,16000.06,23.73,113.40,1.08,442.75,1.93,679,History Quality,100%,Lots_Per_Money=10000 BB_Period=13 BB_Deviations=1.0 RSI_Period=16 RSI_Buy=30 RSI_Sell=70 TLStop_Percent_Profit=0.1 TLStep_Percent_TLStop=0.1 TLStart_Percent_TLStop=2 Close_Profit_Percent=0.1 BB_Period_ForAddLot=12 BB_Deviations_ForAddLot=1.3 Lot_Percent_Incre_Decre=10 ATR_Period=17 ATRX=1.0 Multiple=1.3 MagicStart=7376,MONEY_LOT;MARTINGALE;NO_SL_INPUT(heuristic),,,,,ok,
1-18-29,D:\Forex\10_EA_PROJECTS\0. Jobot\1000+ EA BOT MOGUL Bundles\MT5 (ex5)\Forex\1\1-18\1-18-29\1-18-29.html,1-18-29,EURUSD,H1,2023.01.01,2023.12.31,0.997,<=1yr,14854.34,7.89,315.40,1.88,947.27,7.57,791,History Quality,100%,Lots_Per_Money=10000 BB_Period=20 BB_Deviations=1 RSI_Period=16 RSI_Buy=30 RSI_Sell=70 ATR_Period=19 ATRX=1.0 TL_Start_ATR=2 TL_Stop_ATR=1 TL_Step_ATR=0.1 BB_Period_ForAddLot=19 BB_Deviations_ForAddLot=1.3 Lot_Percent_Incre_Decre=100 Multiple=1.3 MagicStart=7376,MONEY_LOT;MARTINGALE;NO_SL_INPUT(heuristic),,,,,ok,
1-18-3,D:\Forex\10_EA_PROJECTS\0. Jobot\1000+ EA BOT MOGUL Bundles\MT5 (ex5)\Forex\1\1-18\1-18-3\1-18-3.html,1-18-3,EURUSD,H1,2023.01.01,2023.12.31,0.997,<=1yr,82533.71,1.85,14029.17,14.52,22276.85,20.63,486,History Quality,100%,Lots_Per_Money=10000 BB_Period=20 BB_Deviations=1 RSI_Period=16 RSI_Buy=30 RSI_Sell=70 Doji_Wick_Percent=60 BB_Period_ForAddLot=14 BB_Deviations_ForAddLot=2.0 Lot_Percent_Incre_Decre=100 ATR_Period=16 ATRX=1.2 Multiple=1.3 MagicStart=7376,MONEY_LOT;MARTINGALE;NO_SL_INPUT(heuristic),,,,,ok,
1-18-30,D:\Forex\10_EA_PROJECTS\0. Jobot\1000+ EA BOT MOGUL Bundles\MT5 (ex5)\Forex\1\1-18\1-18-30\1-18-30.html,1-18-30,EURUSD,H1,2023.01.01,2023.12.31,0.997,<=1yr,33604.29,1.62,8779.67,17.47,9594.50,18.84,652,History Quality,100%,Lots_Per_Money=10000 BB_Period=20 BB_Deviations=1 RSI_Period=16 RSI_Buy=30 RSI_Sell=70 ATR_Period=18 ATRX=1.1 TL_Step_ATR=0.01 Zigzag_Period=7 BB_Period_ForAddLot=14 BB_Deviations_ForAddLot=2.0 Lot_Percent_Incre_Decre=100 Multiple=1.3 MagicStart=7376,MONEY_LOT;MARTINGALE;NO_SL_INPUT(heuristic),,,,,ok,
1-18-31,D:\Forex\10_EA_PROJECTS\0. Jobot\1000+ EA BOT MOGUL Bundles\MT5 (ex5)\Forex\1\1-18\1-18-31\1-18-31.html,1-18-31,EURUSD,H1,2023.01.01,2023.12.31,0.997,<=1yr,29265.68,5.17,1661.64,4.68,5237.40,15.52,655,History Quality,100%,Lots_Per_Money=10000 BB_Period=20 BB_Deviations=1 RSI_Period=16 RSI_Buy=30 RSI_Sell=70 Close_Profit_Pips=10 Close_Profit_Percent=0.1 BB_Period_ForAddLot=13 BB_Deviations_ForAddLot=2.0 Lot_Percent_Incre_Decre=100 ATR_Period=13 ATRX=1.9 Multiple=1.3 MagicStart=7376,MONEY_LOT;MARTINGALE;NO_SL_INPUT(heuristic),,,,,ok,
1-18-33,D:\Forex\10_EA_PROJECTS\0. Jobot\1000+ EA BOT MOGUL Bundles\MT5 (ex5)\Forex\1\1-18\1-18-33\1-18-33.html,1-18-33,EURUSD,H1,2023.01.01,2023.12.31,0.997,<=1yr,27133.43,4.85,1726.89,5.27,3183.64,9.71,691,History Quality,100%,Lots_Per_Money=10000 BB_Period=20 BB_Deviations=1 RSI_Period=16 RSI_Buy=30 RSI_Sell=70 TL_Start_Money_Percent=2 TL_Step_Money_Percent=0.1 TL_Stop_Money_Percent=1 Close_Profit_Percent=0.1 BB_Period_ForAddLot=19 BB_Deviations_ForAddLot=1.6 Lot_Percent_Incre_Decre=100 ATR_Period=11 ATRX=1.4 Multiple=1.3 MagicStart=7376,MONEY_LOT;MARTINGALE;NO_SL_INPUT(heuristic),,,,,ok,
1-18-34,D:\Forex\10_EA_PROJECTS\0. Jobot\1000+ EA BOT MOGUL Bundles\MT5 (ex5)\Forex\1\1-18\1-18-34\1-18-34.html,1-18-34,EURUSD,H1,2023.01.01,2023.12.31,0.997,<=1yr,9070.65,1.76,647.19,6.34,891.89,5.42,783,History Quality,100%,Lots_Per_Money=10000 BB_Period=20 BB_Deviations=1 RSI_Period=16 RSI_Buy=30 RSI_Sell=70 TL_Stop_Money_Percent=1 Percent_Step_TL_Money=0.1 Percent_Start_TL_Money=2 Close_Profit_Percent=0.1 BB_Period_ForAddLot=15 BB_Deviations_ForAddLot=1.8 Lot_Percent_Incre_Decre=100 ATR_Period=13 ATRX=1.2 Multiple=1.3 MagicStart=7376,MONEY_LOT;MARTINGALE;NO_SL_INPUT(heuristic),,,,,ok,
1-18-35,D:\Forex\10_EA_PROJECTS\0. Jobot\1000+ EA BOT MOGUL Bundles\MT5 (ex5)\Forex\1\1-18\1-18-35\1-18-35.html,1-18-35,EURUSD,H1,2023.01.01,2023.12.31,0.997,<=1yr,30380.39,5.35,1681.32,4.68,5299.96,15.52,644,History Quality,100%,Lots_Per_Money=10000 BB_Period=20 BB_Deviations=1 RSI_Period=16 RSI_Buy=30 RSI_Sell=70 TL_Start_Money_Percent=2 TL_Step_Money_Percent=0.1 TL_Stop_Money_Percent=1 Close_Profit_Percent=0.1 BB_Period_ForAddLot=10 BB_Deviations_ForAddLot=1.7 Lot_Percent_Incre_Decre=100 ATR_Period=16 ATRX=1.9 Multiple=1.3 MagicStart=7376,MONEY_LOT;MARTINGALE;NO_SL_INPUT(heuristic),,,,,ok,
1-18-36,D:\Forex\10_EA_PROJECTS\0. Jobot\1000+ EA BOT MOGUL Bundles\MT5 (ex5)\Forex\1\1-18\1-18-36\1-18-36.html,1-18-36 T,EURUSD,H1,2023.01.01,2023.12.31,0.997,<=1yr,31350.88,6.00,1561.14,4.31,3414.72,9.92,671,History Quality,100%,Lots_Per_Money=10000 BB_Period=20 BB_Deviations=1 RSI_Period=16 RSI_Buy=30 RSI_Sell=70 Zigzag_Period=7 BB_Period_ForAddLot=17 BB_Deviations_ForAddLot=1.8 Lot_Percent_Incre_Decre=100 ATR_Period=10 ATRX=1.6 Multiple=1.3 Close_Profit_Percent=0.1 MagicStart=7376,MONEY_LOT;MARTINGALE;NO_SL_INPUT(heuristic),,,,,ok,
1-18-37,D:\Forex\10_EA_PROJECTS\0. Jobot\1000+ EA BOT MOGUL Bundles\MT5 (ex5)\Forex\1\1-18\1-18-37\1-18-37.html,1-18-37 T,EURUSD,H1,2023.01.01,2023.12.31,0.997,<=1yr,30764.39,5.68,1691.79,4.68,5333.15,15.52,655,History Quality,100%,Lots_Per_Money=10000 BB_Period=20 BB_Deviations=1 RSI_Period=16 RSI_Buy=30 RSI_Sell=70 Close_All_Profit_Percent=1 BB_Period_ForAddLot=10 BB_Deviations_ForAddLot=1.7 Lot_Percent_Incre_Decre=100 ATR_Period=15 ATRX=1.7 Multiple=1.3 Close_Profit_Percent=0.1 MagicStart=3191,MONEY_LOT;MARTINGALE;NO_SL_INPUT(heuristic),,,,,ok,
1-18-5,D:\Forex\10_EA_PROJECTS\0. Jobot\1000+ EA BOT MOGUL Bundles\MT5 (ex5)\Forex\1\1-18\1-18-5\1-18-5.html,1-18-5,EURUSD,H1,2023.01.01,2023.12.31,0.997,<=1yr,34802.48,5.21,1371.18,3.52,8382.00,22.33,718,History Quality,100%,"Lots_Per_Money=10000 BB_Period=20 BB_Deviations=1 RSI_Period=16 RSI_Buy=30 RSI_Sell=70 FIBO_6_Level=23.6,38.2,50,61.8,78.6,100 Zigzag_Period=5 Close_Profit_Percent=0.1 BB_Period_ForAddLot=16 BB_Deviations_ForAddLot=2.0 Lot_Percent_Incre_Decre=100 ATR_Period=19 ATRX=1.2 Multiple=1.3 MagicStart=7376",MONEY_LOT;MARTINGALE;NO_SL_INPUT(heuristic),,,,,ok,
1-18-6,D:\Forex\10_EA_PROJECTS\0. Jobot\1000+ EA BOT MOGUL Bundles\MT5 (ex5)\Forex\1\1-18\1-18-6\1-18-6.html,1-18-6,EURUSD,H1,2023.01.01,2023.12.31,0.997,<=1yr,31149.47,5.33,1715.76,4.69,5410.08,15.55,680,History Quality,100%,Lots_Per_Money=10000 BB_Period=20 BB_Deviations=1 RSI_Period=16 RSI_Buy=30 RSI_Sell=70 Close_Profit_Percent=0.1 BB_Period_ForAddLot=10 BB_Deviations_ForAddLot=1.7 Lot_Percent_Incre_Decre=100 ATR_Period=10 ATRX=1.5 Multiple=1.3 MagicStart=7376,MONEY_LOT;MARTINGALE;NO_SL_INPUT(heuristic),,,,,ok,
1-18-7,D:\Forex\10_EA_PROJECTS\0. Jobot\1000+ EA BOT MOGUL Bundles\MT5 (ex5)\Forex\1\1-18\1-18-7\1-18-7.html,1-18-7,EURUSD,H1,2023.01.01,2023.12.31,0.997,<=1yr,31085.18,5.16,1711.47,4.69,5393.15,15.55,704,History Quality,100%,Lots_Per_Money=10000 BB_Period=20 BB_Deviations=1 RSI_Period=16 RSI_Buy=30 RSI_Sell=70 Fast_EMA_period=12 Slow_EMA_period=26 Signal_SMA_period=9 Close_Profit_Percent=0.1 BB_Period_ForAddLot=10 BB_Deviations_ForAddLot=1.7 Lot_Percent_Incre_Decre=100 ATR_Period=10 ATRX=1.3 Multiple=1.3 MagicStart=7376,MONEY_LOT;MARTINGALE;NO_SL_INPUT(heuristic),,,,,ok,
1-18-8,D:\Forex\10_EA_PROJECTS\0. Jobot\1000+ EA BOT MOGUL Bundles\MT5 (ex5)\Forex\1\1-18\1-18-8\1-18-8.html,1-18-8,EURUSD,H1,2023.01.01,2023.12.31,0.997,<=1yr,31634.97,5.13,1740.36,4.69,5487.64,15.55,652,History Quality,100%,Lots_Per_Money=10000 BB_Period=20 BB_Deviations=1 RSI_Period=16 RSI_Buy=30 RSI_Sell=70 ATR_Period=12 ATRX=2.0 BE_Offset_ATR=0.1 BE_Profit_ATR_Pips=10 Close_Profit_Percent=0.1 BB_Period_ForAddLot=13 BB_Deviations_ForAddLot=2.0 Lot_Percent_Incre_Decre=100 Multiple=1.3 MagicStart=7376,MONEY_LOT;MARTINGALE;NO_SL_INPUT(heuristic),,,,,ok,
1-21-13,D:\Forex\10_EA_PROJECTS\0. Jobot\1000+ EA BOT MOGUL Bundles\MT5 (ex5)\Forex\1\1-21\1-21-13\1-21-13.html,1-21-13,EURUSD,H1,2023.01.01,2023.12.31,0.997,<=1yr,8431.85,1.56,1098.32,6.21,1206.16,6.81,708,History Quality,100%,Lots_Per_Money=10000 BB_Period=13 BB_Deviations=1.0 RSI_Period=16 RSI_Buy=30 RSI_Sell=70 MinuteToClose=9 Lot_Percent_Incre_Decre=100 ATR_Period=17 ATRX=1.1 Balance_Percent_Incre=1 MagicStart=7376,MONEY_LOT;NO_SL_INPUT(heuristic),,,,,ok,
1-21-14,D:\Forex\10_EA_PROJECTS\0. Jobot\1000+ EA BOT MOGUL Bundles\MT5 (ex5)\Forex\1\1-21\1-21-14\1-21-14.html,1-21-14 T,EURUSD,H1,2023.01.01,2023.12.31,0.997,<=1yr,39685.67,7.99,720.58,1.53,14589.72,31.90,657,History Quality,100%,Lots_Per_Money=10000 BB_Period=16 BB_Deviations=1.0 RSI_Period=16 RSI_Buy=30 RSI_Sell=70 Close_ATR_Period=12 Close_ATRX=1.9 Lot_Percent_Incre_Decre=100 ATR_Period=16 ATRX=1.0 Balance_Percent_Incre=1 Close_Profit_Percent=0.1 MagicStart=7376,MONEY_LOT;NO_SL_INPUT(heuristic),,,,,ok,
1-21-17,D:\Forex\10_EA_PROJECTS\0. Jobot\1000+ EA BOT MOGUL Bundles\MT5 (ex5)\Forex\1\1-21\1-21-17\1-21-17.html,1-21-17,EURUSD,H1,2023.01.01,2023.12.31,0.997,<=1yr,61554.81,2.21,37492.65,34.38,19487.65,25.47,972,History Quality,100%,Lots_Per_Money=10000 BB_Period=10 BB_Deviations=1.0 RSI_Period=10 RSI_Buy=30 RSI_Sell=70 Close_Profit_Percent=0.1 Lot_Percent_Incre_Decre=100 ATR_Period=10 ATRX=1.8 Balance_Percent_Incre=1 MagicStart=7376,MONEY_LOT;NO_SL_INPUT(heuristic),,,,,ok,
1-21-18,D:\Forex\10_EA_PROJECTS\0. Jobot\1000+ EA BOT MOGUL Bundles\MT5 (ex5)\Forex\1\1-21\1-21-18\1-21-18.html,1-21-18,EURUSD,H1,2023.01.01,2023.12.31,0.997,<=1yr,63160.96,2.32,6770.25,10.03,7383.32,10.94,1422,History Quality,100%,Lots_Per_Money=10000 BB_Period=19 BB_Deviations=1.1 RSI_Period=10 RSI_Buy=30 RSI_Sell=70 CutLoss_Percent=10 Close_Profit_Percent=0.1 Lot_Percent_Incre_Decre=100 ATR_Period=19 ATRX=1.0 Balance_Percent_Incre=1 MagicStart=7376,MONEY_LOT;NO_SL_INPUT(heuristic),,,,,ok,
1-21-19,D:\Forex\10_EA_PROJECTS\0. Jobot\1000+ EA BOT MOGUL Bundles\MT5 (ex5)\Forex\1\1-21\1-21-19\1-21-19.html,1-21-19,EURUSD,H1,2023.01.01,2023.12.31,0.997,<=1yr,57029.72,2.27,6248.69,10.04,6697.70,10.76,1390,History Quality,100%,Lots_Per_Money=10000 BB_Period=17 BB_Deviations=1.1 RSI_Period=10 RSI_Buy=30 RSI_Sell=70 CutLoss_Percent=10 Close_Profit_Percent=0.1 Lot_Percent_Incre_Decre=100 ATR_Period=19 ATRX=1.0 Balance_Percent_Incre=1 MagicStart=7376,MONEY_LOT;NO_SL_INPUT(heuristic),,,,,ok,
1-21-2,D:\Forex\10_EA_PROJECTS\0. Jobot\1000+ EA BOT MOGUL Bundles\MT5 (ex5)\Forex\1\1-21\1-21-2\1-21-2.html,1-21-2,EURUSD,H1,2023.01.01,2023.12.31,0.997,<=1yr,123217.47,1.69,33182.45,21.87,42775.72,27.00,280,History Quality,100%,Lots_Per_Money=10000 BB_Period=20 BB_Deviations=1 RSI_Period=16 RSI_Buy=30 RSI_Sell=70 Body_Star_Ratio=1.3 ATR_Period=10 ATRX=1.8 Lot_Percent_Incre_Decre=100 Balance_Percent_Incre=1 MagicStart=7376,MONEY_LOT;NO_SL_INPUT(heuristic),,,,,ok,
1-21-20,D:\Forex\10_EA_PROJECTS\0. Jobot\1000+ EA BOT MOGUL Bundles\MT5 (ex5)\Forex\1\1-21\1-21-20\1-21-20.html,1-21-20,EURUSD,H1,2023.01.01,2023.12.31,0.997,<=1yr,100136.17,8.85,664.30,0.69,5146.08,9.06,1401,History Quality,100%,Lots_Per_Money=10000 BB_Period=18 BB_Deviations=1.1 RSI_Period=10 RSI_Buy=30 RSI_Sell=70 Close_ATR_Period=10 Close_ATRX=1.3 Close_Profit_Percent=0.1 Close_Profit_Money=10 Lot_Percent_Incre_Decre=100 ATR_Period=18 ATRX=1.0 Balance_Percent_Incre=1 MagicStart=7376,MONEY_LOT;NO_SL_INPUT(heuristic),,,,,ok,
1-21-21,D:\Forex\10_EA_PROJECTS\0. Jobot\1000+ EA BOT MOGUL Bundles\MT5 (ex5)\Forex\1\1-21\1-21-21\1-21-21.html,1-21-21,EURUSD,H1,2023.01.01,2023.12.31,0.997,<=1yr,40808.41,6.22,1201.38,2.44,10828.45,29.81,627,History Quality,100%,Lots_Per_Money=10000 BB_Period=15 BB_Deviations=1.6 RSI_Period=10 RSI_Buy=30 RSI_Sell=70 Close_ATR_Period=10 Close_ATRX=1.0 EMA_Period=13 Close_Profit_Percent=0.1 Lot_Percent_Incre_Decre=100 ATR_Period=10 ATRX=2.0 Balance_Percent_Incre=1 MagicStart=7376,MONEY_LOT;NO_SL_INPUT(heuristic),,,,,ok,
1-21-22,D:\Forex\10_EA_PROJECTS\0. Jobot\1000+ EA BOT MOGUL Bundles\MT5 (ex5)\Forex\1\1-21\1-21-22\1-21-22.html,1-21-22,EURUSD,H1,2023.01.01,2023.12.31,0.997,<=1yr,45067.16,6.28,1667.49,3.30,14113.07,34.97,722,History Quality,100%,Lots_Per_Money=10000 BB_Period=10 BB_Deviations=1.0 RSI_Period=14 RSI_Buy=30 RSI_Sell=70 ATR_Period=18 ATRX=1.0 TL_Start_ATR=2 TL_Stop_ATR=1 TL_Step_ATR=0.1 Close_Profit_Percent=0.1 Lot_Percent_Incre_Decre=100 Balance_Percent_Incre=1 MagicStart=7376,MONEY_LOT;NO_SL_INPUT(heuristic),,,,,ok,
1-21-23,D:\Forex\10_EA_PROJECTS\0. Jobot\1000+ EA BOT MOGUL Bundles\MT5 (ex5)\Forex\1\1-21\1-21-23\1-21-23.html,1-21-23,EURUSD,H1,2023.01.01,2023.12.31,0.997,<=1yr,115832.06,7.38,973.53,0.86,24735.28,25.45,1130,History Quality,100%,"Lots_Per_Money=10000 BB_Period=15 BB_Deviations=1.1 RSI_Period=10 RSI_Buy=30 RSI_Sell=70 ATR_Period=12 ATRX=1.6 TL_Step_ATR=0.1 TL_Stop_Level=20/5, 30/10, 40/15, 50/20 Close_Profit_Percent=0.1 Lot_Percent_Incre_Decre=100 Balance_Percent_Incre=1 MagicStart=7376",MONEY_LOT;NO_SL_INPUT(heuristic),,,,,ok,
1-21-24,D:\Forex\10_EA_PROJECTS\0. Jobot\1000+ EA BOT MOGUL Bundles\MT5 (ex5)\Forex\1\1-21\1-21-24\1-21-24.html,1-21-24,EURUSD,H1,2023.01.01,2023.12.31,0.997,<=1yr,28048.68,1.43,7269.89,16.88,7227.73,16.70,811,History Quality,100%,Lots_Per_Money=100000 BB_Period=15 BB_Deviations=1.2 RSI_Period=13 RSI_Buy=30 RSI_Sell=70 TL_Stop_Money_Percent=1 Percent_Step_TL_Money=0.1 Percent_Start_TL_Money=2 Lot_Percent_Incre_Decre=100 ATR_Period=15 ATRX=1.2 Balance_Percent_Incre=1 MagicStart=7376,MONEY_LOT;NO_SL_INPUT(heuristic),,,,,ok,
1-21-26,D:\Forex\10_EA_PROJECTS\0. Jobot\1000+ EA BOT MOGUL Bundles\MT5 (ex5)\Forex\1\1-21\1-21-26\1-21-26.html,1-21-26,EURUSD,H1,2023.01.01,2023.12.31,0.997,<=1yr,111328.15,9.35,1683.17,1.53,4541.00,9.50,2367,History Quality,100%,Lots_Per_Money=10000 BB_Period=19 BB_Deviations=1.0 RSI_Period=10 RSI_Buy=30 RSI_Sell=70 TLStop_Percent_Profit=1 TLStep_Percent_TLStop=0.1 TLStart_Percent_TLStop=2 Close_Profit_Percent=0.1 Lot_Percent_Incre_Decre=100 ATR_Period=18 ATRX=1.0 Balance_Percent_Incre=1 MagicStart=7376,MONEY_LOT;NO_SL_INPUT(heuristic),,,,,ok,
1-21-29,D:\Forex\10_EA_PROJECTS\0. Jobot\1000+ EA BOT MOGUL Bundles\MT5 (ex5)\Forex\1\1-21\1-21-29\1-21-29.html,1-21-29,EURUSD,H1,2023.01.01,2023.12.31,0.997,<=1yr,30335.56,14.66,134.96,0.56,652.34,1.93,967,History Quality,100%,Lots_Per_Money=10000 BB_Period=17 BB_Deviations=1.2 RSI_Period=12 RSI_Buy=30 RSI_Sell=70 ATR_Period=15 ATRX=1.3 TL_Start_ATR=2 TL_Stop_ATR=1 TL_Step_ATR=0.1 Lot_Percent_Incre_Decre=100 Balance_Percent_Incre=1 MagicStart=7376,MONEY_LOT;NO_SL_INPUT(heuristic),,,,,ok,
1-21-3,D:\Forex\10_EA_PROJECTS\0. Jobot\1000+ EA BOT MOGUL Bundles\MT5 (ex5)\Forex\1\1-21\1-21-3\1-18-3.html,1-21-3,EURUSD,H1,2023.01.01,2023.12.31,0.997,<=1yr,15936.77,2.06,2768.65,12.35,3122.72,13.85,503,History Quality,100%,Lots_Per_Money=100000 BB_Period=10 BB_Deviations=1.0 RSI_Period=16 RSI_Buy=30 RSI_Sell=70 Doji_Wick_Percent=70 Lot_Percent_Incre_Decre=100 ATR_Period=10 ATRX=1.1 Balance_Percent_Incre=1 MagicStart=7376,MONEY_LOT;NO_SL_INPUT(heuristic),,,,,ok,
1-21-30,D:\Forex\10_EA_PROJECTS\0. Jobot\1000+ EA BOT MOGUL Bundles\MT5 (ex5)\Forex\1\1-21\1-21-30\1-21-30.html,1-21-30,EURUSD,H1,2023.01.01,2023.12.31,0.997,<=1yr,40467.91,1.65,10424.34,17.84,11514.70,19.40,634,History Quality,100%,Lots_Per_Money=10000 BB_Period=15 BB_Deviations=1.0 RSI_Period=16 RSI_Buy=30 RSI_Sell=70 ATR_Period=17 ATRX=1.1 TL_Step_ATR=0.01 Zigzag_Period=7 Lot_Percent_Incre_Decre=100 Balance_Percent_Incre=1 MagicStart=7376,MONEY_LOT;NO_SL_INPUT(heuristic),,,,,ok,
1-21-33,D:\Forex\10_EA_PROJECTS\0. Jobot\1000+ EA BOT MOGUL Bundles\MT5 (ex5)\Forex\1\1-21\1-21-33\1-21-33.html,1-21-33,EURUSD,H1,2023.01.01,2023.12.31,0.997,<=1yr,103082.65,3.32,19656.89,21.53,17867.41,19.56,1252,History Quality,100%,Lots_Per_Money=10000 BB_Period=17 BB_Deviations=1.1 RSI_Period=10 RSI_Buy=30 RSI_Sell=70 TL_Start_Money_Percent=2 TL_Step_Money_Percent=0.1 TL_Stop_Money_Percent=1 Close_Profit_Percent=0.1 Lot_Percent_Incre_Decre=100 ATR_Period=12 ATRX=1.6 Balance_Percent_Incre=1 MagicStart=7376,MONEY_LOT;NO_SL_INPUT(heuristic),,,,,ok,
1-21-34,D:\Forex\10_EA_PROJECTS\0. Jobot\1000+ EA BOT MOGUL Bundles\MT5 (ex5)\Forex\1\1-21\1-21-34\1-21-34.html,1-21-34,EURUSD,H1,2023.01.01,2023.12.31,0.997,<=1yr,27893.10,1.90,901.54,4.23,2364.72,6.68,1403,History Quality,100%,Lots_Per_Money=10000 BB_Period=14 BB_Deviations=1.0 RSI_Period=10 RSI_Buy=30 RSI_Sell=70 TL_Stop_Money_Percent=1 Percent_Step_TL_Money=0.1 Percent_Start_TL_Money=2 Close_Profit_Percent=0.1 Lot_Percent_Incre_Decre=100 ATR_Period=14 ATRX=1.3 Balance_Percent_Incre=1 MagicStart=7376,MONEY_LOT;NO_SL_INPUT(heuristic),,,,,ok,
1-21-35,D:\Forex\10_EA_PROJECTS\0. Jobot\1000+ EA BOT MOGUL Bundles\MT5 (ex5)\Forex\1\1-21\1-21-35\1-21-35.html,1-21-35,EURUSD,H1,2023.01.01,2023.12.31,0.997,<=1yr,60247.30,1.87,56430.00,44.55,12623.60,16.62,898,History Quality,100%,Lots_Per_Money=10000 BB_Period=14 BB_Deviations=1.1 RSI_Period=11 RSI_Buy=30 RSI_Sell=70 TL_Start_Money_Percent=2 TL_Step_Money_Percent=0.1 TL_Stop_Money_Percent=1 Close_Profit_Percent=0.1 Lot_Percent_Incre_Decre=100 ATR_Period=13 ATRX=1.6 Balance_Percent_Incre=1 MagicStart=7376,MONEY_LOT;NO_SL_INPUT(heuristic),,,,,ok,
1-21-37,D:\Forex\10_EA_PROJECTS\0. Jobot\1000+ EA BOT MOGUL Bundles\MT5 (ex5)\Forex\1\1-21\1-21-37\1-21-37.html,1-21-37 T,EURUSD,H1,2023.01.01,2023.12.31,0.997,<=1yr,119568.76,5.68,2241.12,2.14,26270.06,25.27,1165,History Quality,100%,Lots_Per_Money=10000 BB_Period=14 BB_Deviations=1.0 RSI_Period=10 RSI_Buy=30 RSI_Sell=70 Close_All_Profit_Percent=0.1 Lot_Percent_Incre_Decre=100 ATR_Period=10 ATRX=2.0 Balance_Percent_Incre=1 Close_Profit_Percent=0.1 MagicStart=3191,MONEY_LOT;NO_SL_INPUT(heuristic),,,,,ok,
1-21-5,D:\Forex\10_EA_PROJECTS\0. Jobot\1000+ EA BOT MOGUL Bundles\MT5 (ex5)\Forex\1\1-21\1-21-5\1-21-5.html,1-21-5,EURUSD,H1,2023.01.01,2023.12.31,0.997,<=1yr,35878.67,5.61,486.72,2.28,12857.31,33.55,661,History Quality,100%,"Lots_Per_Money=10000 BB_Period=20 BB_Deviations=1.0 RSI_Period=16 RSI_Buy=30 RSI_Sell=70 FIBO_6_Level=23.6,38.2,50,61.8,78.6,100 Zigzag_Period=2 Close_Profit_Percent=0.1 Lot_Percent_Incre_Decre=100 ATR_Period=11 ATRX=1.5 Balance_Percent_Incre=1 MagicStart=7376",MONEY_LOT;NO_SL_INPUT(heuristic),,,,,ok,
1-21-6,D:\Forex\10_EA_PROJECTS\0. Jobot\1000+ EA BOT MOGUL Bundles\MT5 (ex5)\Forex\1\1-21\1-21-6\1-21-6.html,1-21-6,EURUSD,H1,2023.01.01,2023.12.31,0.997,<=1yr,27614.86,3.30,4288.75,11.74,12253.05,33.52,659,History Quality,100%,Lots_Per_Money=10000 BB_Period=18 BB_Deviations=1.0 RSI_Period=16 RSI_Buy=30 RSI_Sell=70 Close_Profit_Percent=0.1 Lot_Percent_Incre_Decre=100 ATR_Period=11 ATRX=1.6 Balance_Percent_Incre=1 MagicStart=7376,MONEY_LOT;NO_SL_INPUT(heuristic),,,,,ok,
1-21-7,D:\Forex\10_EA_PROJECTS\0. Jobot\1000+ EA BOT MOGUL Bundles\MT5 (ex5)\Forex\1\1-21\1-21-7\1-21-7.html,1-21-7,EURUSD,H1,2023.01.01,2023.12.31,0.997,<=1yr,28931.71,3.38,3749.92,10.20,6576.16,17.88,669,History Quality,100%,Lots_Per_Money=10000 BB_Period=19 BB_Deviations=1.0 RSI_Period=16 RSI_Buy=30 RSI_Sell=70 Fast_EMA_period=12 Slow_EMA_period=26 Signal_SMA_period=9 Close_Profit_Percent=0.1 Lot_Percent_Incre_Decre=100 ATR_Period=11 ATRX=1.6 Balance_Percent_Incre=1 MagicStart=7376,MONEY_LOT;NO_SL_INPUT(heuristic),,,,,ok,
1-21-8,D:\Forex\10_EA_PROJECTS\0. Jobot\1000+ EA BOT MOGUL Bundles\MT5 (ex5)\Forex\1\1-21\1-21-8\1-21-8.html,1-21-8,EURUSD,H1,2023.01.01,2023.12.31,0.997,<=1yr,25039.08,1.96,20104.20,36.46,13851.00,34.22,658,History Quality,100%,Lots_Per_Money=10000 BB_Period=20 BB_Deviations=1.0 RSI_Period=16 RSI_Buy=30 RSI_Sell=70 ATR_Period=18 ATRX=1.1 BE_Offset_ATR=0.1 BE_Profit_ATR_Pips=2 Close_Profit_Percent=0.1 Lot_Percent_Incre_Decre=100 Balance_Percent_Incre=1 MagicStart=7376,MONEY_LOT;NO_SL_INPUT(heuristic),,,,,ok,
1-21-9,D:\Forex\10_EA_PROJECTS\0. Jobot\1000+ EA BOT MOGUL Bundles\MT5 (ex5)\Forex\1\1-21\1-21-9\1-21-9.html,1-21-9 T,EURUSD,H1,2023.01.01,2023.12.31,0.997,<=1yr,29529.13,4.76,389.00,3.73,12380.40,34.21,694,History Quality,100%,Lots_Per_Money=10000 BB_Period=18 BB_Deviations=1.0 RSI_Period=16 RSI_Buy=30 RSI_Sell=70 BE_Profit_ATR_Pips=2 ATR_Period=13 ATRX=1.2 Lot_Percent_Incre_Decre=100 Balance_Percent_Incre=1 Close_Profit_Percent=0.1 MagicStart=4043,MONEY_LOT;NO_SL_INPUT(heuristic),,,,,ok,
1-22-1,D:\Forex\10_EA_PROJECTS\0. Jobot\1000+ EA BOT MOGUL Bundles\MT5 (ex5)\Forex\1\1-22\1-22-1\1-22-1.html,1-22-1 T,EURUSD,H1,2023.01.01,2023.12.31,0.997,<=1yr,73878.46,2.78,4482.02,12.67,7016.42,19.84,1464,History Quality,100%,Lots_Per_Money=10000 BB_Period=19 BB_Deviations=1.1 RSI_Period=10 RSI_Buy=30 RSI_Sell=70 Body_Engulfing_Ratio=2 ATR_Period=16 ATRX=1.0 Lot_Percent_Incre_Decre=100 Balance_Percent_Incre=1 Close_Profit_Percent=0.1 MagicStart=3917,MONEY_LOT;NO_SL_INPUT(heuristic),,,,,ok,
1-22-13,D:\Forex\10_EA_PROJECTS\0. Jobot\1000+ EA BOT MOGUL Bundles\MT5 (ex5)\Forex\1\1-22\1-22-13\1-22-13.html,1-22-13,EURUSD,H1,2024.01.01,2024.11.09,0.857,<=1yr,5094.45,1.82,978.21,7.42,1314.21,9.72,376,History Quality,100%,Lots_Per_Money=10000 BB_Period=12 BB_Deviations=1.1 RSI_Period=19 RSI_Buy=30 RSI_Sell=70 MinuteToClose=9 Lot_Percent_Incre_Decre=100 ATR_Period=19 ATRX=1.0 Balance_Percent_Incre=1 MagicStart=7376,MONEY_LOT;NO_SL_INPUT(heuristic),,,,,ok,
1-22-14,D:\Forex\10_EA_PROJECTS\0. Jobot\1000+ EA BOT MOGUL Bundles\MT5 (ex5)\Forex\1\1-22\1-22-14\1-22-14.html,1-22-14 T,EURUSD,H1,2024.01.01,2024.11.09,0.857,<=1yr,60639.49,5.56,666.24,0.95,8234.68,16.20,843,History Quality,100%,Lots_Per_Money=10000 BB_Period=10 BB_Deviations=1.0 RSI_Period=10 RSI_Buy=30 RSI_Sell=70 Close_ATR_Period=13 Close_ATRX=1.7 Lot_Percent_Incre_Decre=100 ATR_Period=19 ATRX=1.9 Balance_Percent_Incre=1 Close_Profit_Percent=0.1 MagicStart=7376,MONEY_LOT;NO_SL_INPUT(heuristic),,,,,ok,
1-22-16,D:\Forex\10_EA_PROJECTS\0. Jobot\1000+ EA BOT MOGUL Bundles\MT5 (ex5)\Forex\1\1-22\1-22-16\1-22-16.html,1-22-16 T,EURUSD,H1,2024.01.01,2024.11.09,0.857,<=1yr,19090.07,4.19,599.24,2.06,2702.16,11.13,512,History Quality,100%,Lots_Per_Money=10000 BB_Period=16 BB_Deviations=1.2 RSI_Period=16 RSI_Buy=30 RSI_Sell=70 Close_Profit_Percent_1=2 Close_Profit_Percent_2=1 Close_Profit_Percent_3=0.5 Lot_Percent_Incre_Decre=100 ATR_Period=15 ATRX=1.6 Balance_Percent_Incre=1 Close_Profit_Percent=0.1 MagicStart=7376,MONEY_LOT;NO_SL_INPUT(heuristic),,,,,ok,
1-22-17,D:\Forex\10_EA_PROJECTS\0. Jobot\1000+ EA BOT MOGUL Bundles\MT5 (ex5)\Forex\1\1-22\1-22-17\1-22-17.html,1-22-17,EURUSD,H1,2024.01.01,2024.11.09,0.857,<=1yr,23869.04,4.41,694.19,2.06,2214.09,10.10,594,History Quality,100%,Lots_Per_Money=10000 BB_Period=12 BB_Deviations=1.0 RSI_Period=15 RSI_Buy=30 RSI_Sell=70 Close_Profit_Percent=0.1 Lot_Percent_Incre_Decre=100 ATR_Period=12 ATRX=1.5 Balance_Percent_Incre=1 MagicStart=7376,MONEY_LOT;NO_SL_INPUT(heuristic),,,,,ok,
1-22-18,D:\Forex\10_EA_PROJECTS\0. Jobot\1000+ EA BOT MOGUL Bundles\MT5 (ex5)\Forex\1\1-22\1-22-18\1-22-18.html,1-22-18,EURUSD,H1,2024.01.01,2024.11.09,0.857,<=1yr,25541.60,2.02,2281.78,16.99,3147.93,10.69,1040,History Quality,100%,Lots_Per_Money=10000 BB_Period=19 BB_Deviations=1.0 RSI_Period=11 RSI_Buy=30 RSI_Sell=70 CutLoss_Percent=6 Close_Profit_Percent=0.1 Lot_Percent_Incre_Decre=100 ATR_Period=13 ATRX=2.0 Balance_Percent_Incre=1 MagicStart=7376,MONEY_LOT;NO_SL_INPUT(heuristic),,,,,ok,
1-22-19,D:\Forex\10_EA_PROJECTS\0. Jobot\1000+ EA BOT MOGUL Bundles\MT5 (ex5)\Forex\1\1-22\1-22-19\1-22-19.html,1-22-19,EURUSD,H1,2024.01.01,2024.11.09,0.857,<=1yr,26239.39,2.24,3017.52,10.16,4325.85,14.55,989,History Quality,100%,Lots_Per_Money=10000 BB_Period=16 BB_Deviations=1.0 RSI_Period=11 RSI_Buy=30 RSI_Sell=70 CutLoss_Percent=10 Close_Profit_Percent=0.1 Lot_Percent_Incre_Decre=100 ATR_Period=10 ATRX=2.0 Balance_Percent_Incre=1 MagicStart=7376,MONEY_LOT;NO_SL_INPUT(heuristic),,,,,ok,
1-22-2,D:\Forex\10_EA_PROJECTS\0. Jobot\1000+ EA BOT MOGUL Bundles\MT5 (ex5)\Forex\1\1-22\1-22-2\1-22-2.html,1-22-2 T,EURUSD,H1,2023.01.01,2023.12.31,0.997,<=1yr,87538.99,4.96,3141.23,10.65,4984.32,6.49,993,History Quality,100%,Lots_Per_Money=10000 BB_Period=20 BB_Deviations=1.3 RSI_Period=12 RSI_Buy=30 RSI_Sell=70 Body_Star_Ratio=1.8 ATR_Period=15 ATRX=1.2 Lot_Percent_Incre_Decre=100 Balance_Percent_Incre=1 Close_Profit_Percent=0.1 MagicStart=7376,MONEY_LOT;NO_SL_INPUT(heuristic),,,,,ok,
1-22-20,D:\Forex\10_EA_PROJECTS\0. Jobot\1000+ EA BOT MOGUL Bundles\MT5 (ex5)\Forex\1\1-22\1-22-20\1-22-20.html,1-22-20,EURUSD,H1,2024.01.01,2024.11.09,0.857,<=1yr,49939.39,5.74,398.64,0.87,7125.69,15.74,1185,History Quality,100%,Lots_Per_Money=10000 BB_Period=20 BB_Deviations=1.0 RSI_Period=10 RSI_Buy=30 RSI_Sell=70 Close_ATR_Period=11 Close_ATRX=1.4 Close_Profit_Percent=0.1 Close_Profit_Money=10 Lot_Percent_Incre_Decre=100 ATR_Period=16 ATRX=2.0 Balance_Percent_Incre=1 MagicStart=7376,MONEY_LOT;NO_SL_INPUT(heuristic),,,,,ok,
1-22-21,D:\Forex\10_EA_PROJECTS\0. Jobot\1000+ EA BOT MOGUL Bundles\MT5 (ex5)\Forex\1\1-22\1-22-21\1-22-21.html,1-22-21,EURUSD,H1,2024.01.01,2024.11.09,0.857,<=1yr,63855.59,5.60,696.00,0.95,8639.93,16.20,824,History Quality,100%,Lots_Per_Money=10000 BB_Period=10 BB_Deviations=1.0 RSI_Period=10 RSI_Buy=30 RSI_Sell=70 Close_ATR_Period=15 Close_ATRX=1.4 EMA_Period=14 Close_Profit_Percent=0.1 Lot_Percent_Incre_Decre=100 ATR_Period=19 ATRX=1.9 Balance_Percent_Incre=1 MagicStart=7376,MONEY_LOT;NO_SL_INPUT(heuristic),,,,,ok,
1-22-22,D:\Forex\10_EA_PROJECTS\0. Jobot\1000+ EA BOT MOGUL Bundles\MT5 (ex5)\Forex\1\1-22\1-22-22\1-22-22.html,1-22-22,EURUSD,H1,2024.01.01,2024.11.09,0.857,<=1yr,60613.43,5.20,663.36,0.95,8305.80,16.34,854,History Quality,100%,Lots_Per_Money=10000 BB_Period=10 BB_Deviations=1.0 RSI_Period=10 RSI_Buy=30 RSI_Sell=70 ATR_Period=20 ATRX=1.9 TL_Start_ATR=2 TL_Stop_ATR=1 TL_Step_ATR=0.1 Close_Profit_Percent=0.1 Lot_Percent_Incre_Decre=100 Balance_Percent_Incre=1 MagicStart=7376,MONEY_LOT;NO_SL_INPUT(heuristic),,,,,ok,
1-22-23,D:\Forex\10_EA_PROJECTS\0. Jobot\1000+ EA BOT MOGUL Bundles\MT5 (ex5)\Forex\1\1-22\1-22-23\1-22-23.html,1-22-23,EURUSD,H1,2024.01.01,2024.11.09,0.857,<=1yr,55456.24,5.18,616.32,0.95,7717.20,16.34,855,History Quality,100%,"Lots_Per_Money=10000 BB_Period=10 BB_Deviations=1.0 RSI_Period=10 RSI_Buy=30 RSI_Sell=70 ATR_Period=20 ATRX=1.9 TL_Step_ATR=0.1 TL_Stop_Level=20/5, 30/10, 40/15, 50/20 Close_Profit_Percent=0.1 Lot_Percent_Incre_Decre=100 Balance_Percent_Incre=1 MagicStart=7376",MONEY_LOT;NO_SL_INPUT(heuristic),,,,,ok,
1-22-24,D:\Forex\10_EA_PROJECTS\0. Jobot\1000+ EA BOT MOGUL Bundles\MT5 (ex5)\Forex\1\1-22\1-22-24\1-22-24.html,1-22-24,EURUSD,H1,2024.01.01,2024.11.09,0.857,<=1yr,20948.37,1.33,4051.54,16.79,4295.05,17.63,1065,History Quality,100%,Lots_Per_Money=10000 BB_Period=10 BB_Deviations=1.0 RSI_Period=10 RSI_Buy=30 RSI_Sell=70 TL_Stop_Money_Percent=1 Percent_Step_TL_Money=0.1 Percent_Start_TL_Money=2 Lot_Percent_Incre_Decre=100 ATR_Period=19 ATRX=1.1 Balance_Percent_Incre=1 MagicStart=7376,MONEY_LOT;NO_SL_INPUT(heuristic),,,,,ok,
1-22-26,D:\Forex\10_EA_PROJECTS\0. Jobot\1000+ EA BOT MOGUL Bundles\MT5 (ex5)\Forex\1\1-22\1-22-26\1-22-26.html,1-22-26,EURUSD,H1,2024.01.01,2024.11.09,0.857,<=1yr,22579.13,13.36,217.35,0.69,571.90,1.90,1002,History Quality,100%,Lots_Per_Money=10000 BB_Period=19 BB_Deviations=1.1 RSI_Period=12 RSI_Buy=30 RSI_Sell=70 TLStop_Percent_Profit=1 TLStep_Percent_TLStop=0.1 TLStart_Percent_TLStop=2 Close_Profit_Percent=0.1 Lot_Percent_Incre_Decre=100 ATR_Period=14 ATRX=1.0 Balance_Percent_Incre=1 MagicStart=7376,MONEY_LOT;NO_SL_INPUT(heuristic),,,,,ok,
1-22-29,D:\Forex\10_EA_PROJECTS\0. Jobot\1000+ EA BOT MOGUL Bundles\MT5 (ex5)\Forex\1\1-22\1-22-29\1-22-29.html,1-22-29,EURUSD,H1,2024.01.01,2024.11.09,0.857,<=1yr,20857.28,7.78,242.31,1.23,954.52,4.87,1050,History Quality,100%,Lots_Per_Money=10000 BB_Period=17 BB_Deviations=1.1 RSI_Period=11 RSI_Buy=30 RSI_Sell=70 ATR_Period=19 ATRX=1.0 TL_Start_ATR=2 TL_Stop_ATR=1 TL_Step_ATR=0.1 Lot_Percent_Incre_Decre=100 Balance_Percent_Incre=1 MagicStart=7376,MONEY_LOT;NO_SL_INPUT(heuristic),,,,,ok,
1-22-3,D:\Forex\10_EA_PROJECTS\0. Jobot\1000+ EA BOT MOGUL Bundles\MT5 (ex5)\Forex\1\1-22\1-22-3\1-22-3.html,1-22-3,EURUSD,H1,2024.01.01,2024.11.09,0.857,<=1yr,10870.04,2.16,1683.36,13.03,3898.68,17.12,355,History Quality,100%,Lots_Per_Money=10000 BB_Period=17 BB_Deviations=2.0 RSI_Period=10 RSI_Buy=30 RSI_Sell=70 Doji_Wick_Percent=10 Lot_Percent_Incre_Decre=100 ATR_Period=20 ATRX=1.1 Balance_Percent_Incre=1 MagicStart=7376,MONEY_LOT;NO_SL_INPUT(heuristic),,,,,ok,
1-22-30,D:\Forex\10_EA_PROJECTS\0. Jobot\1000+ EA BOT MOGUL Bundles\MT5 (ex5)\Forex\1\1-22\1-22-30\1-22-30.html,1-22-30,EURUSD,H1,2024.01.01,2024.11.09,0.857,<=1yr,13005.77,1.70,1572.79,6.56,3149.85,12.99,495,History Quality,100%,Lots_Per_Money=10000 BB_Period=16 BB_Deviations=1.7 RSI_Period=10 RSI_Buy=30 RSI_Sell=70 ATR_Period=13 ATRX=1.3 TL_Step_ATR=0.01 Zigzag_Period=2 Lot_Percent_Incre_Decre=100 Balance_Percent_Incre=1 MagicStart=7376,MONEY_LOT;NO_SL_INPUT(heuristic),,,,,ok,
1-22-31,D:\Forex\10_EA_PROJECTS\0. Jobot\1000+ EA BOT MOGUL Bundles\MT5 (ex5)\Forex\1\1-22\1-22-31\1-22-31.html,1-22-31,EURUSD,H1,2024.01.01,2024.11.09,0.857,<=1yr,43934.08,4.00,791.00,3.26,6402.11,15.73,880,History Quality,100%,Lots_Per_Money=10000 BB_Period=10 BB_Deviations=1.0 RSI_Period=10 RSI_Buy=30 RSI_Sell=70 Close_Profit_Pips=10 Close_Profit_Percent=0.1 Lot_Percent_Incre_Decre=100 ATR_Period=10 ATRX=2.0 Balance_Percent_Incre=1 MagicStart=7376,MONEY_LOT;NO_SL_INPUT(heuristic),,,,,ok,
1-22-33,D:\Forex\10_EA_PROJECTS\0. Jobot\1000+ EA BOT MOGUL Bundles\MT5 (ex5)\Forex\1\1-22\1-22-33\1-22-33.html,1-22-33,EURUSD,H1,2024.01.01,2024.11.09,0.857,<=1yr,27631.13,2.75,1523.52,5.24,4796.70,16.66,767,History Quality,100%,Lots_Per_Money=10000 BB_Period=20 BB_Deviations=1.5 RSI_Period=10 RSI_Buy=30 RSI_Sell=70 TL_Start_Money_Percent=2 TL_Step_Money_Percent=0.1 TL_Stop_Money_Percent=1 Close_Profit_Percent=0.1 Lot_Percent_Incre_Decre=100 ATR_Period=10 ATRX=2.0 Balance_Percent_Incre=1 MagicStart=7376,MONEY_LOT;NO_SL_INPUT(heuristic),,,,,ok,
1-22-34,D:\Forex\10_EA_PROJECTS\0. Jobot\1000+ EA BOT MOGUL Bundles\MT5 (ex5)\Forex\1\1-22\1-22-34\1-22-34.html,1-22-34,EURUSD,H1,2024.01.01,2024.11.09,0.857,<=1yr,12454.90,1.56,916.77,5.66,1151.71,5.76,1267,History Quality,100%,Lots_Per_Money=10000 BB_Period=19 BB_Deviations=1.0 RSI_Period=10 RSI_Buy=30 RSI_Sell=70 TL_Stop_Money_Percent=1 Percent_Step_TL_Money=0.1 Percent_Start_TL_Money=2 Close_Profit_Percent=0.1 Lot_Percent_Incre_Decre=100 ATR_Period=16 ATRX=1.4 Balance_Percent_Incre=1 MagicStart=7376,MONEY_LOT;NO_SL_INPUT(heuristic),,,,,ok,
1-22-35,D:\Forex\10_EA_PROJECTS\0. Jobot\1000+ EA BOT MOGUL Bundles\MT5 (ex5)\Forex\1\1-22\1-22-35\1-22-35.html,1-22-35,EURUSD,H1,2024.01.01,2024.11.09,0.857,<=1yr,21002.95,4.01,945.00,2.96,3504.44,11.10,575,History Quality,100%,Lots_Per_Money=10000 BB_Period=20 BB_Deviations=1.4 RSI_Period=14 RSI_Buy=30 RSI_Sell=70 TL_Start_Money_Percent=2 TL_Step_Money_Percent=0.1 TL_Stop_Money_Percent=1 Close_Profit_Percent=0.1 Lot_Percent_Incre_Decre=100 ATR_Period=18 ATRX=1.8 Balance_Percent_Incre=1 MagicStart=7376,MONEY_LOT;NO_SL_INPUT(heuristic),,,,,ok,
1-22-36,D:\Forex\10_EA_PROJECTS\0. Jobot\1000+ EA BOT MOGUL Bundles\MT5 (ex5)\Forex\1\1-22\1-22-36\1-22-36.html,1-22-36 T,EURUSD,H1,2024.01.01,2024.11.09,0.857,<=1yr,19487.85,2.87,930.65,3.77,2699.82,9.53,593,History Quality,100%,Lots_Per_Money=10000 BB_Period=13 BB_Deviations=1.0 RSI_Period=15 RSI_Buy=30 RSI_Sell=70 Zigzag_Period=4 Lot_Percent_Incre_Decre=100 ATR_Period=10 ATRX=1.7 Balance_Percent_Incre=1 Close_Profit_Percent=0.1 MagicStart=7376,MONEY_LOT;NO_SL_INPUT(heuristic),,,,,ok,
1-22-37,D:\Forex\10_EA_PROJECTS\0. Jobot\1000+ EA BOT MOGUL Bundles\MT5 (ex5)\Forex\1\1-22\1-22-37\1-22-37.html,1-22-37,EURUSD,H1,2024.01.01,2024.11.09,0.857,<=1yr,18318.15,4.10,588.69,2.06,1961.34,10.12,496,History Quality,100%,Lots_Per_Money=10000 BB_Period=18 BB_Deviations=1.4 RSI_Period=15 RSI_Buy=30 RSI_Sell=70 Close_All_Profit_Percent=0.1 Lot_Percent_Incre_Decre=100 ATR_Period=16 ATRX=1.7 Balance_Percent_Incre=1 Close_Profit_Percent=0.1 MagicStart=3191,MONEY_LOT;NO_SL_INPUT(heuristic),,,,,ok,
1-22-4,D:\Forex\10_EA_PROJECTS\0. Jobot\1000+ EA BOT MOGUL Bundles\MT5 (ex5)\Forex\1\1-22\1-22-4\1-22-4.html,1-22-4 T,EURUSD,H1,2024.01.01,2024.11.09,0.857,<=1yr,24010.40,2.51,2065.56,11.72,4026.88,15.70,916,History Quality,100%,Lots_Per_Money=10000 BB_Period=10 BB_Deviations=1.0 RSI_Period=10 RSI_Buy=30 RSI_Sell=70 Body_Tower_Ratio=2 Lot_Percent_Incre_Decre=100 ATR_Period=10 ATRX=2.0 Balance_Percent_Incre=1 Close_Profit_Percent=0.1 MagicStart=7376,MONEY_LOT;NO_SL_INPUT(heuristic),,,,,ok,
1-22-5,D:\Forex\10_EA_PROJECTS\0. Jobot\1000+ EA BOT MOGUL Bundles\MT5 (ex5)\Forex\1\1-22\1-22-5\1-22-5.html,1-22-5,EURUSD,H1,2024.01.01,2024.11.09,0.857,<=1yr,13915.34,2.62,961.56,5.19,3193.20,17.65,1118,History Quality,100%,"Lots_Per_Money=100000 BB_Period=16 BB_Deviations=1.2 RSI_Period=10 RSI_Buy=30 RSI_Sell=70 FIBO_6_Level=23.6,38.2,50,61.8,78.6,100 Zigzag_Period=3 Close_Profit_Percent=0.1 Lot_Percent_Incre_Decre=100 ATR_Period=18 ATRX=1.0 Balance_Percent_Incre=1 MagicStart=7376",MONEY_LOT;NO_SL_INPUT(heuristic),,,,,ok,
1-22-6,D:\Forex\10_EA_PROJECTS\0. Jobot\1000+ EA BOT MOGUL Bundles\MT5 (ex5)\Forex\1\1-22\1-22-6\1-22-6.html,1-22-6,EURUSD,H1,2024.01.01,2024.11.09,0.857,<=1yr,43613.01,4.11,1813.53,7.64,6118.97,15.73,915,History Quality,100%,Lots_Per_Money=10000 BB_Period=10 BB_Deviations=1.0 RSI_Period=10 RSI_Buy=30 RSI_Sell=70 Close_Profit_Percent=0.1 Lot_Percent_Incre_Decre=100 ATR_Period=18 ATRX=1.9 Balance_Percent_Incre=1 MagicStart=7376,MONEY_LOT;NO_SL_INPUT(heuristic),,,,,ok,
1-22-7,D:\Forex\10_EA_PROJECTS\0. Jobot\1000+ EA BOT MOGUL Bundles\MT5 (ex5)\Forex\1\1-22\1-22-7\1-22-7.html,1-22-7,EURUSD,H1,2024.01.01,2024.11.09,0.857,<=1yr,25694.22,3.11,2319.77,6.10,5519.28,14.64,661,History Quality,100%,Lots_Per_Money=10000 BB_Period=17 BB_Deviations=1.4 RSI_Period=12 RSI_Buy=30 RSI_Sell=70 Fast_EMA_period=12 Slow_EMA_period=26 Signal_SMA_period=9 Close_Profit_Percent=0.1 Lot_Percent_Incre_Decre=100 ATR_Period=15 ATRX=1.7 Balance_Percent_Incre=1 MagicStart=7376,MONEY_LOT;NO_SL_INPUT(heuristic),,,,,ok,
1-22-8,D:\Forex\10_EA_PROJECTS\0. Jobot\1000+ EA BOT MOGUL Bundles\MT5 (ex5)\Forex\1\1-22\1-22-8\1-22-8.html,1-22-8,EURUSD,H1,2024.01.01,2024.11.09,0.857,<=1yr,18008.02,4.79,231.00,1.04,2572.40,10.90,484,History Quality,100%,Lots_Per_Money=10000 BB_Period=10 BB_Deviations=1.0 RSI_Period=16 RSI_Buy=30 RSI_Sell=70 ATR_Period=15 ATRX=1.7 BE_Offset_ATR=0.1 BE_Profit_ATR_Pips=2 Close_Profit_Percent=0.1 Lot_Percent_Incre_Decre=100 Balance_Percent_Incre=1 MagicStart=7376,MONEY_LOT;NO_SL_INPUT(heuristic),,,,,ok,
1-22-9,D:\Forex\10_EA_PROJECTS\0. Jobot\1000+ EA BOT MOGUL Bundles\MT5 (ex5)\Forex\1\1-22\1-22-9\1-22-9.html,1-22-9 T,EURUSD,H1,2024.01.01,2024.11.09,0.857,<=1yr,41226.99,3.88,1178.20,5.49,6056.05,15.73,878,History Quality,100%,Lots_Per_Money=10000 BB_Period=10 BB_Deviations=1.0 RSI_Period=10 RSI_Buy=30 RSI_Sell=70 BE_Profit_ATR_Pips=1 ATR_Period=10 ATRX=2.0 Lot_Percent_Incre_Decre=100 Balance_Percent_Incre=1 Close_Profit_Percent=0.1 MagicStart=4043,MONEY_LOT;NO_SL_INPUT(heuristic),,,,,ok,
MG-211,D:\Forex\10_EA_PROJECTS\0. Jobot\1000+ EA BOT MOGUL Bundles\MT5 (ex5)\Forex\2\2-1\MG-211\ReportTester-5029898263.html,2-1-1a,EURUSD,H1,2024.01.01,2024.09.15,0.706,<=1yr,5726.99,1.39,1660.41,12.67,2146.88,16.02,1431,History Quality,100%,Lots_Per_Money=100000.0 Body_Engulfing_Ratio=2.0 ATR_Period=14 Multiple=1.2 ATRX=1 SignalPeriod=24 FastEmaPeriod=12 SlowEmaPeriod=26 MA_Short_Period=10 MA_Long_Period=12 MagicStart=3917,MONEY_LOT;MARTINGALE;NO_SL_INPUT(heuristic),,,,,ok,
MG-212,D:\Forex\10_EA_PROJECTS\0. Jobot\1000+ EA BOT MOGUL Bundles\MT5 (ex5)\Forex\2\2-1\MG-212\ReportTester-5029898263.html,2-1-2,EURUSD,H1,2024.01.01,2024.09.15,0.706,<=1yr,11007.74,1.11,37450.97,69.43,40299.55,71.30,709,History Quality,100%,Lots_Per_Money=100000.0 ATR_Period=14 Multiple=1.3 ATRX=1 SignalPeriod=9 FastEmaPeriod=10 SlowEmaPeriod=20 MA_Short_Period=10 MA_Long_Period=21 Body_Star_Ratio=5 MagicStart=3917,MONEY_LOT;MARTINGALE;NO_SL_INPUT(heuristic),,,,,ok,
4-1-1,D:\Forex\10_EA_PROJECTS\0. Jobot\1000+ EA BOT MOGUL Bundles\MT5 (ex5)\Forex\4\4-1\4-1-1\4-1-1.html,4-1-1,EURUSD,H1,2023.01.01,2023.12.31,0.997,<=1yr,15578.16,2.30,2878.88,12.11,7212.78,28.06,405,History Quality,100%,Lots_Per_Money=100000 Tenkansen=9 Kijunsen=26 SenkouSpanB=52 ADX_Period=14 ATR_Period=14 ATRX=1.4 Multiple=1.5 Body_Engulfing_Ratio=3.0 MagicStart=6108,MONEY_LOT;MARTINGALE;NO_SL_INPUT(heuristic),,,,,ok,
4-1-13,D:\Forex\10_EA_PROJECTS\0. Jobot\1000+ EA BOT MOGUL Bundles\MT5 (ex5)\Forex\4\4-1\4-1-13\4-1-13.html,4-1-13,EURUSD,H1,2023.01.01,2023.12.31,0.997,<=1yr,13135.51,1.47,3061.68,16.00,4003.11,20.84,348,History Quality,100%,Lots_Per_Money=10000 Tenkansen=4 Kijunsen=20 SenkouSpanB=94 ADX_Period=15 ATR_Period=17 ATRX=2 Multiple=1.3 MinuteToClose=90 MagicStart=6108,MONEY_LOT;MARTINGALE;NO_SL_INPUT(heuristic),,,,,ok,
4-1-14,D:\Forex\10_EA_PROJECTS\0. Jobot\1000+ EA BOT MOGUL Bundles\MT5 (ex5)\Forex\4\4-1\4-1-14\4-1-14.html,4-1-14,EURUSD,H1,2023.01.01,2023.12.31,0.997,<=1yr,9210.93,3.62,2399.25,13.12,2232.25,12.86,628,History Quality,100%,Lots_Per_Money=100000 Tenkansen=9 Kijunsen=26 SenkouSpanB=52 ADX_Period=14 ATR_Period=14 ATRX=0.1 Multiple=0.8 BB_Period=10 Close_ATR_Period=26 Close_ATRX=1.7 MagicStart=6108,MONEY_LOT;NO_SL_INPUT(heuristic),,,,,ok,
4-1-16,D:\Forex\10_EA_PROJECTS\0. Jobot\1000+ EA BOT MOGUL Bundles\MT5 (ex5)\Forex\4\4-1\4-1-16\4-1-16.html,4-1-16,EURUSD,H1,2023.01.01,2023.12.31,0.997,<=1yr,638.86,1.20,2077.69,19.21,3036.25,22.88,73,History Quality,100%,Lots_Per_Money=100000 Tenkansen=9 Kijunsen=26 SenkouSpanB=52 ADX_Period=10 ATR_Period=10 ATRX=1.0 Multiple=0.9 Close_Profit_Percent_1=3 Close_Profit_Percent_2=1 Close_Profit_Percent_3=0.1 MagicStart=6108,MONEY_LOT;NO_SL_INPUT(heuristic),,,,,ok,
4-1-17,D:\Forex\10_EA_PROJECTS\0. Jobot\1000+ EA BOT MOGUL Bundles\MT5 (ex5)\Forex\4\4-1\4-1-17\4-1-17.html,4-1-17,EURUSD,H1,2023.01.01,2023.12.31,0.997,<=1yr,16036.11,1.60,9817.89,27.38,15764.14,47.72,957,History Quality,100%,Lots_Per_Money=100000 Tenkansen=9 Kijunsen=26 SenkouSpanB=52 ADX_Period=10 ATR_Period=10 ATRX=1.0 Multiple=1 Close_Profit_Percent=0.9 MagicStart=6108,MONEY_LOT;NO_SL_INPUT(heuristic),,,,,ok,
4-1-18,D:\Forex\10_EA_PROJECTS\0. Jobot\1000+ EA BOT MOGUL Bundles\MT5 (ex5)\Forex\4\4-1\4-1-18\4-1-18.html,4-1-18,EURUSD,H1,2023.01.01,2023.12.31,0.997,<=1yr,6052.75,1.26,2797.43,14.84,2940.50,15.48,962,History Quality,100%,Lots_Per_Money=100000 Tenkansen=9 Kijunsen=26 SenkouSpanB=52 ADX_Period=10 ATR_Period=13 ATRX=0.4 Multiple=3 Close_Profit_Percent=1 CutLoss_Percent=1 MagicStart=6108,MONEY_LOT;MARTINGALE;NO_SL_INPUT(heuristic),,,,,ok,
4-1-19,D:\Forex\10_EA_PROJECTS\0. Jobot\1000+ EA BOT MOGUL Bundles\MT5 (ex5)\Forex\4\4-1\4-1-19\4-1-19.html,4-1-19,EURUSD,H1,2023.01.01,2023.12.31,0.997,<=1yr,13329.78,1.56,2966.87,19.28,3540.91,22.06,445,History Quality,100%,Lots_Per_Money=100000 Tenkansen=9 Kijunsen=26 SenkouSpanB=52 ADX_Period=10 ATR_Period=17 ATRX=1.4 Multiple=1 Close_Profit_Percent=8 CutLoss_Percent=9 MagicStart=6108,MONEY_LOT;NO_SL_INPUT(heuristic),,,,,ok,
4-1-2,D:\Forex\10_EA_PROJECTS\0. Jobot\1000+ EA BOT MOGUL Bundles\MT5 (ex5)\Forex\4\4-1\4-1-2\4-1-2.html,4-1-2,EURUSD,H1,2023.01.01,2023.12.31,0.997,<=1yr,32517.86,2.33,5573.25,20.02,12184.10,42.84,444,History Quality,100%,Lots_Per_Money=100000 Tenkansen=9 Kijunsen=26 SenkouSpanB=52 ADX_Period=14 ATR_Period=15 ATRX=1.3 Multiple=1.5 Body_Star_Ratio=1.6 MagicStart=6108,MONEY_LOT;MARTINGALE;NO_SL_INPUT(heuristic),,,,,ok,
4-1-20,D:\Forex\10_EA_PROJECTS\0. Jobot\1000+ EA BOT MOGUL Bundles\MT5 (ex5)\Forex\4\4-1\4-1-20\4-1-20.html,4-1-20,EURUSD,H1,2023.01.01,2023.12.31,0.997,<=1yr,7063.91,2.60,482.69,3.15,4005.07,27.14,1095,History Quality,100%,Lots_Per_Money=100000 Tenkansen=9 Kijunsen=26 SenkouSpanB=52 ADX_Period=10 ATR_Period=14 ATRX=0.1 Multiple=1.3 Close_Profit_Percent=1 CutLoss_Percent=1 Close_Profit_Money=10 Close_ATR_Period=26 Close_ATRX=1.3 MagicStart=6108,MONEY_LOT;MARTINGALE;NO_SL_INPUT(heuristic),,,,,ok,
4-1-21,D:\Forex\10_EA_PROJECTS\0. Jobot\1000+ EA BOT MOGUL Bundles\MT5 (ex5)\Forex\4\4-1\4-1-21\4-1-21.html,4-1-21,EURUSD,H1,2023.01.01,2023.12.31,0.997,<=1yr,7681.77,4.57,883.68,4.94,4879.10,29.61,520,History Quality,100%,Lots_Per_Money=100000 Tenkansen=9 Kijunsen=26 SenkouSpanB=52 ADX_Period=14 ATR_Period=14 ATRX=1.1 Multiple=0.8 Close_ATR_Period=26 Close_ATRX=0.1 EMA_Period=19 MagicStart=6108,MONEY_LOT;NO_SL_INPUT(heuristic),,,,,ok,
4-1-22,D:\Forex\10_EA_PROJECTS\0. Jobot\1000+ EA BOT MOGUL Bundles\MT5 (ex5)\Forex\4\4-1\4-1-22\4-1-22.html,4-1-22,EURUSD,H1,2023.01.01,2023.12.31,0.997,<=1yr,10560.00,5.28,2468.61,10.72,4534.15,23.94,2126,History Quality,100%,Lots_Per_Money=100000 Tenkansen=9 Kijunsen=26 SenkouSpanB=52 ADX_Period=14 ATR_Period=14 ATRX=1.0 Multiple=0.8 TL_Start_ATR=1.5 TL_Stop_ATR=0.2 TL_Step_ATR=0.02 MagicStart=6108,MONEY_LOT;NO_SL_INPUT(heuristic),,,,,ok,
4-1-23,D:\Forex\10_EA_PROJECTS\0. Jobot\1000+ EA BOT MOGUL Bundles\MT5 (ex5)\Forex\4\4-1\4-1-23\4-1-23.html,4-1-23,EURUSD,H1,2023.01.01,2023.12.31,0.997,<=1yr,32906.30,2.83,8082.99,15.85,24004.17,46.82,1409,History Quality,100%,"Lots_Per_Money=100000 Tenkansen=9 Kijunsen=26 SenkouSpanB=52 ADX_Period=14 ATR_Period=18 ATRX=0.1 Multiple=1 TL_Step_ATR=0.3 TL_Stop_Level=20/5, 30/10, 40/15, 50/20 Close_Profit_Percent=1.4 MagicStart=6108",MONEY_LOT;NO_SL_INPUT(heuristic),,,,,ok,
4-1-24,D:\Forex\10_EA_PROJECTS\0. Jobot\1000+ EA BOT MOGUL Bundles\MT5 (ex5)\Forex\4\4-1\4-1-24\4-1-24.html,4-1-24,EURUSD,H1,2023.01.01,2023.12.31,0.997,<=1yr,7042.41,1.38,1417.47,11.44,1815.78,14.40,772,History Quality,100%,Lots_Per_Money=100000 Tenkansen=9 Kijunsen=26 SenkouSpanB=52 ADX_Period=14 ATR_Period=14 ATRX=1 Multiple=1.5 TL_Stop_Money_Percent=0.6 Percent_Step_TL_Money=0.10 Percent_Start_TL_Money=1.9 MagicStart=6108,MONEY_LOT;MARTINGALE;NO_SL_INPUT(heuristic),,,,,ok,
4-1-26,D:\Forex\10_EA_PROJECTS\0. Jobot\1000+ EA BOT MOGUL Bundles\MT5 (ex5)\Forex\4\4-1\4-1-26\4-1-26.html,4-1-26,EURUSD,H1,2023.01.01,2023.12.31,0.997,<=1yr,10005.94,4.76,487.26,2.38,1509.24,9.47,1655,History Quality,100%,Lots_Per_Money=100000 Tenkansen=9 Kijunsen=26 SenkouSpanB=52 ADX_Period=14 ATR_Period=14 ATRX=1.0 Multiple=5 TLStop_Percent_Profit=0.1 TLStep_Percent_TLStop=0.04 TLStart_Percent_TLStop=200 MagicStart=6108,MONEY_LOT;MARTINGALE;NO_SL_INPUT(heuristic),,,,,ok,
4-1-29,D:\Forex\10_EA_PROJECTS\0. Jobot\1000+ EA BOT MOGUL Bundles\MT5 (ex5)\Forex\4\4-1\4-1-29\4-1-29.html,4-1-29,EURUSD,H1,2023.01.01,2023.12.31,0.997,<=1yr,8431.83,1.46,16026.88,79.62,2456.96,19.25,397,History Quality,100%,Lots_Per_Money=10000 Tenkansen=9 Kijunsen=26 SenkouSpanB=52 ADX_Period=14 ATR_Period=18 ATRX=0.1 Multiple=1.5 TL_Start_ATR=1.2 TL_Stop_ATR=0.5 TL_Step_ATR=0.07 MagicStart=6108,MONEY_LOT;MARTINGALE;NO_SL_INPUT(heuristic),,,,,ok,
4-1-3,D:\Forex\10_EA_PROJECTS\0. Jobot\1000+ EA BOT MOGUL Bundles\MT5 (ex5)\Forex\4\4-1\4-1-3\4-1-3.html,4-1-3,EURUSD,H1,2023.01.01,2023.12.31,0.997,<=1yr,9829.14,2.27,1598.73,11.61,3103.94,23.19,338,History Quality,100%,Lots_Per_Money=100000 Tenkansen=9 Kijunsen=26 SenkouSpanB=52 ADX_Period=20 ATR_Period=40 ATRX=1.4 Multiple=1.5 Doji_Wick_Percent=89 Close_Profit_Percent=1 MagicStart=6108,MONEY_LOT;MARTINGALE;NO_SL_INPUT(heuristic),,,,,ok,
4-1-30,D:\Forex\10_EA_PROJECTS\0. Jobot\1000+ EA BOT MOGUL Bundles\MT5 (ex5)\Forex\4\4-1\4-1-30\4-1-30.html,4-1-30,EURUSD,H1,2023.01.01,2023.12.31,0.997,<=1yr,4226.37,1.63,866.97,6.76,3095.39,26.64,551,History Quality,100%,Lots_Per_Money=100000 Tenkansen=9 Kijunsen=26 SenkouSpanB=52 ADX_Period=14 ATR_Period=14 ATRX=1 Multiple=1.5 TL_Step_ATR=0.01 Zigzag_Period=9 Close_Profit_Percent=0.5 MagicStart=6108,MONEY_LOT;MARTINGALE;NO_SL_INPUT(heuristic),,,,,ok,
4-1-31,D:\Forex\10_EA_PROJECTS\0. Jobot\1000+ EA BOT MOGUL Bundles\MT5 (ex5)\Forex\4\4-1\4-1-31\4-1-31.html,4-1-31,EURUSD,H1,2023.01.01,2023.12.31,0.997,<=1yr,32094.13,7.04,465.37,3.14,6064.02,25.59,624,History Quality,100%,Lots_Per_Money=100000 Tenkansen=9 Kijunsen=26 SenkouSpanB=52 ADX_Period=13 ATR_Period=13 ATRX=1.1 Multiple=1.5 MagicStart=6108,MONEY_LOT;MARTINGALE;NO_SL_INPUT(heuristic),,,,,ok,
4-1-33,D:\Forex\10_EA_PROJECTS\0. Jobot\1000+ EA BOT MOGUL Bundles\MT5 (ex5)\Forex\4\4-1\4-1-33\4-1-33.html,4-1-33,EURUSD,H1,2023.01.01,2023.12.31,0.997,<=1yr,17374.53,2.84,2833.46,26.77,4615.37,16.84,211,History Quality,100%,Lots_Per_Money=100000 Tenkansen=9 Kijunsen=26 SenkouSpanB=52 ADX_Period=14 ATR_Period=14 ATRX=1.0 Multiple=1 TL_Start_Money_Percent=1.8 TL_Step_Money_Percent=0.03 TL_Stop_Money_Percent=0.8 MagicStart=6108,MONEY_LOT;NO_SL_INPUT(heuristic),,,,,ok,
4-1-34,D:\Forex\10_EA_PROJECTS\0. Jobot\1000+ EA BOT MOGUL Bundles\MT5 (ex5)\Forex\4\4-1\4-1-34\4-1-34.html,4-1-34,EURUSD,H1,2023.01.01,2023.12.31,0.997,<=1yr,3509.10,1.40,2224.42,14.14,2650.40,22.25,902,History Quality,100%,Lots_Per_Money=100000 Tenkansen=9 Kijunsen=26 SenkouSpanB=52 ADX_Period=14 ATR_Period=14 ATRX=0.1 Multiple=0.8 TL_Stop_Money_Percent=0.8 Percent_Step_TL_Money=7 Percent_Start_TL_Money=180 MagicStart=6108,MONEY_LOT;NO_SL_INPUT(heuristic),,,,,ok,
4-1-35,D:\Forex\10_EA_PROJECTS\0. Jobot\1000+ EA BOT MOGUL Bundles\MT5 (ex5)\Forex\4\4-1\4-1-35\4-1-35.html,4-1-35,EURUSD,H1,2023.01.01,2023.12.31,0.997,<=1yr,3122.92,1.46,1818.76,13.05,2086.35,16.48,348,History Quality,100%,Lots_Per_Money=100000 Tenkansen=9 Kijunsen=26 SenkouSpanB=52 ADX_Period=14 ATR_Period=18 ATRX=1.0 Multiple=0.8 TL_Start_Money_Percent=3 TL_Step_Money_Percent=0.5 TL_Stop_Money_Percent=0.9 MagicStart=6108,MONEY_LOT;NO_SL_INPUT(heuristic),,,,,ok,
4-1-36,D:\Forex\10_EA_PROJECTS\0. Jobot\1000+ EA BOT MOGUL Bundles\MT5 (ex5)\Forex\4\4-1\4-1-36\4-1-36.html,4-1-36,EURUSD,H1,2023.01.01,2023.12.31,0.997,<=1yr,78642.15,1.23,67462.91,43.22,26780.89,52.75,483,History Quality,100%,Lots_Per_Money=100000 Tenkansen=9 Kijunsen=26 SenkouSpanB=52 ADX_Period=14 ATR_Period=14 ATRX=1 Multiple=1.3 TL_Start_Money_Percent=2.0 TL_Step_Money_Percent=0.1 TL_Stop_Money_Percent=1.8 Zigzag_Period=5 MagicStart=6108,MONEY_LOT;MARTINGALE;NO_SL_INPUT(heuristic),,,,,ok,
4-1-37,D:\Forex\10_EA_PROJECTS\0. Jobot\1000+ EA BOT MOGUL Bundles\MT5 (ex5)\Forex\4\4-1\4-1-37\4-1-37.html,4-1-37,EURUSD,H1,2023.01.01,2023.12.31,0.997,<=1yr,14834.24,2.95,1128.25,8.44,4892.43,40.72,652,History Quality,100%,Lots_Per_Money=1000000 Tenkansen=9 Kijunsen=26 SenkouSpanB=52 ADX_Period=14 ATR_Period=14 ATRX=1.0 Multiple=1.3 Close_All_Profit_Percent=1.0 Close_Profit_Percent=1.8 MagicStart=6108,MONEY_LOT;MARTINGALE;NO_SL_INPUT(heuristic),,,,,ok,
4-1-4,D:\Forex\10_EA_PROJECTS\0. Jobot\1000+ EA BOT MOGUL Bundles\MT5 (ex5)\Forex\4\4-1\4-1-4\4-1-4.html,4-1-4,EURUSD,H1,2023.01.01,2023.12.31,0.997,<=1yr,61964.49,2.02,12574.74,28.11,20648.50,29.27,1041,History Quality,100%,Lots_Per_Money=100000 Tenkansen=9 Kijunsen=26 SenkouSpanB=52 ADX_Period=14 ATR_Period=22 ATRX=0.1 Multiple=1 Body_Tower_Ratio=2.0 MagicStart=6108,MONEY_LOT;NO_SL_INPUT(heuristic),,,,,ok,
4-1-5,D:\Forex\10_EA_PROJECTS\0. Jobot\1000+ EA BOT MOGUL Bundles\MT5 (ex5)\Forex\4\4-1\4-1-5\4-1-5.html,4-1-5,EURUSD,H1,2023.01.01,2023.12.31,0.997,<=1yr,10398.30,1.57,8374.26,29.11,12377.70,47.56,706,History Quality,100%,"Lots_Per_Money=100000 Tenkansen=9 Kijunsen=26 SenkouSpanB=52 ADX_Period=14 ATR_Period=14 ATRX=1.0 Multiple=1 Body_Tower_Ratio=0.1 Zigzag_Period=14 FIBO_6_Level=23.6,38.2,50,61.8,78.6,100 Close_Profit_Percent=1 MagicStart=6108",MONEY_LOT;NO_SL_INPUT(heuristic),,,,,ok,
4-1-6,D:\Forex\10_EA_PROJECTS\0. Jobot\1000+ EA BOT MOGUL Bundles\MT5 (ex5)\Forex\4\4-1\4-1-6\4-1-6.html,4-1-6,EURUSD,H1,2023.01.01,2023.12.31,0.997,<=1yr,8535.93,2.70,1489.98,7.44,6011.03,31.78,645,History Quality,100%,Lots_Per_Money=100000 Tenkansen=9 Kijunsen=26 SenkouSpanB=52 ADX_Period=14 ATR_Period=84 ATRX=0.8 Multiple=1 Close_Profit_Percent=0.5 MagicStart=6108,MONEY_LOT;NO_SL_INPUT(heuristic),,,,,ok,
4-1-7,D:\Forex\10_EA_PROJECTS\0. Jobot\1000+ EA BOT MOGUL Bundles\MT5 (ex5)\Forex\4\4-1\4-1-7\4-1-7.html,4-1-7,EURUSD,H1,2023.01.01,2023.12.31,0.997,<=1yr,30413.70,2.71,2591.91,6.10,11097.51,40.15,509,History Quality,100%,Lots_Per_Money=100000 Tenkansen=9 Kijunsen=26 SenkouSpanB=52 ADX_Period=14 ATR_Period=14 ATRX=1 Multiple=1.3 Close_Profit_Percent=8.3 Fast_EMA_period=6 Slow_EMA_period=16 Signal_SMA_period=3 MagicStart=6108,MONEY_LOT;MARTINGALE;NO_SL_INPUT(heuristic),,,,,ok,
4-1-8,D:\Forex\10_EA_PROJECTS\0. Jobot\1000+ EA BOT MOGUL Bundles\MT5 (ex5)\Forex\4\4-1\4-1-8\4-1-8.html,4-1-8,EURUSD,H1,2023.01.01,2023.12.31,0.997,<=1yr,20107.33,3.22,654.44,2.15,3796.09,25.58,575,History Quality,100%,Lots_Per_Money=100000 Tenkansen=9 Kijunsen=26 SenkouSpanB=52 ADX_Period=14 ATR_Period=14 ATRX=1 Multiple=1.3 Close_Profit_Percent=1 Fast_EMA_period=7 Slow_EMA_period=20 Signal_SMA_period=4 BE_Profit_ATR_Pips=0.7 BE_Offset_ATR=0.7 MagicStart=6108,MONEY_LOT;MARTINGALE;NO_SL_INPUT(heuristic),,,,,ok,
4-1-9,D:\Forex\10_EA_PROJECTS\0. Jobot\1000+ EA BOT MOGUL Bundles\MT5 (ex5)\Forex\4\4-1\4-1-9\4-1-9.html,4-1-9,EURUSD,H1,2023.01.01,2023.12.31,0.997,<=1yr,18468.51,2.89,1733.20,5.74,10933.48,36.57,644,History Quality,100%,Lots_Per_Money=100000 Tenkansen=9 Kijunsen=26 SenkouSpanB=52 ADX_Period=14 ATR_Period=14 ATRX=1.2 Multiple=1.3 Close_Profit_Percent=1.9 BE_Profit_ATR_Pips=1.0 MagicStart=6108,MONEY_LOT;MARTINGALE;NO_SL_INPUT(heuristic),,,,,ok,
4-2-1,D:\Forex\10_EA_PROJECTS\0. Jobot\1000+ EA BOT MOGUL Bundles\MT5 (ex5)\Forex\4\4-2\4-2-1\4-2-1.html,4-2-1,EURUSD,H1,2023.01.01,2023.12.31,0.997,<=1yr,4534.72,1.36,2813.67,18.51,4125.60,25.42,487,History Quality,100%,Lots_Per_Money=100000 Tenkansen=9 Kijunsen=26 SenkouSpanB=52 ADX_Period=14 ATR_Period=18 ATRX=0.9 Body_Engulfing_Ratio=1.6 MagicStart=6108,MONEY_LOT;NO_SL_INPUT(heuristic),,,,,ok,
4-2-13,D:\Forex\10_EA_PROJECTS\0. Jobot\1000+ EA BOT MOGUL Bundles\MT5 (ex5)\Forex\4\4-2\4-2-13\4-2-13.html,4-2-13,EURUSD,H1,2023.01.01,2023.12.31,0.997,<=1yr,3590.99,1.52,935.90,6.67,1131.06,8.04,580,History Quality,100%,Lots_Per_Money=100000 Tenkansen=9 Kijunsen=26 SenkouSpanB=52 ADX_Period=11 ATR_Period=13 ATRX=1.2 MinuteToClose=101 MagicStart=6108,MONEY_LOT;NO_SL_INPUT(heuristic),,,,,ok,
4-2-14,D:\Forex\10_EA_PROJECTS\0. Jobot\1000+ EA BOT MOGUL Bundles\MT5 (ex5)\Forex\4\4-2\4-2-14\4-2-14.html,4-2-14,EURUSD,H1,2023.01.01,2023.12.31,0.997,<=1yr,134983.93,5.61,23269.91,21.62,57525.89,34.80,279,History Quality,100%,Lots_Per_Money=100000 Tenkansen=9 Kijunsen=26 SenkouSpanB=52 ADX_Period=14 ATR_Period=14 ATRX=1.0 BB_Period=10 Close_ATR_Period=10 Close_ATRX=1.0 MagicStart=6108,MONEY_LOT;NO_SL_INPUT(heuristic),,,,,ok,
4-2-16,D:\Forex\10_EA_PROJECTS\0. Jobot\1000+ EA BOT MOGUL Bundles\MT5 (ex5)\Forex\4\4-2\4-2-16\4-2-16.html,4-2-16,EURUSD,H1,2023.01.01,2023.12.31,0.997,<=1yr,93337.13,28.04,2536.10,2.99,25359.00,25.00,34,History Quality,100%,Lots_Per_Money=100000 Tenkansen=9 Kijunsen=26 SenkouSpanB=52 ADX_Period=30 ATR_Period=50 ATRX=1.9 Close_Profit_Percent_1=2 Close_Profit_Percent_2=1 Close_Profit_Percent_3=0.5 MagicStart=6108,MONEY_LOT;NO_SL_INPUT(heuristic),,,,,ok,
4-2-17,D:\Forex\10_EA_PROJECTS\0. Jobot\1000+ EA BOT MOGUL Bundles\MT5 (ex5)\Forex\4\4-2\4-2-17\4-2-17.html,4-2-17,EURUSD,H1,2023.01.01,2023.12.31,0.997,<=1yr,35357.07,1.44,61945.50,122.95,24026.60,47.45,494,History Quality,100%,Lots_Per_Money=100000 Tenkansen=9 Kijunsen=26 SenkouSpanB=52 ADX_Period=10 ATR_Period=90 ATRX=1.5 Close_Profit_Percent=1.8 MagicStart=6108,MONEY_LOT;NO_SL_INPUT(heuristic),,,,,ok,
4-2-18,D:\Forex\10_EA_PROJECTS\0. Jobot\1000+ EA BOT MOGUL Bundles\MT5 (ex5)\Forex\4\4-2\4-2-18\4-2-18.html,4-2-18,EURUSD,H1,2023.01.01,2023.12.31,0.997,<=1yr,18951.25,1.72,3255.75,10.30,4027.79,12.69,529,History Quality,100%,Lots_Per_Money=100000 Tenkansen=9 Kijunsen=26 SenkouSpanB=52 ADX_Period=14 ATR_Period=18 ATRX=1.3 Close_Profit_Percent=1.7 CutLoss_Percent=10 MagicStart=6108,MONEY_LOT;NO_SL_INPUT(heuristic),,,,,ok,
4-2-19,D:\Forex\10_EA_PROJECTS\0. Jobot\1000+ EA BOT MOGUL Bundles\MT5 (ex5)\Forex\4\4-2\4-2-19\4-2-19.html,4-2-19,EURUSD,H1,2023.01.01,2023.12.31,0.997,<=1yr,16570.18,1.57,3248.06,11.17,4037.79,13.64,569,History Quality,100%,Lots_Per_Money=100000 Tenkansen=9 Kijunsen=26 SenkouSpanB=52 ADX_Period=14 ATR_Period=13 ATRX=1.1 Close_Profit_Percent=1.8 CutLoss_Percent=7 MagicStart=6108,MONEY_LOT;NO_SL_INPUT(heuristic),,,,,ok,
4-2-2,D:\Forex\10_EA_PROJECTS\0. Jobot\1000+ EA BOT MOGUL Bundles\MT5 (ex5)\Forex\4\4-2\4-2-2\4-2-2.html,4-2-2,EURUSD,H1,2023.01.01,2023.12.31,0.997,<=1yr,38079.45,2.43,3954.64,13.15,12631.64,39.81,478,History Quality,100%,Lots_Per_Money=100000 Tenkansen=9 Kijunsen=26 SenkouSpanB=52 ADX_Period=10 ATR_Period=14 ATRX=1.9 Body_Star_Ratio=1.6 MagicStart=6108,MONEY_LOT;NO_SL_INPUT(heuristic),,,,,ok,
4-2-20,D:\Forex\10_EA_PROJECTS\0. Jobot\1000+ EA BOT MOGUL Bundles\MT5 (ex5)\Forex\4\4-2\4-2-20\4-2-20.html,4-2-20,EURUSD,H1,2023.01.01,2023.12.31,0.997,<=1yr,4478.69,2.11,867.60,7.76,2673.11,24.06,499,History Quality,100%,Lots_Per_Money=100000 Tenkansen=9 Kijunsen=26 SenkouSpanB=52 ADX_Period=14 ATR_Period=14 ATRX=1.3 Close_Profit_Percent=0.2 CutLoss_Percent=5 Close_Profit_Money=10 Close_ATR_Period=26 Close_ATRX=1 MagicStart=6108,MONEY_LOT;NO_SL_INPUT(heuristic),,,,,ok,
4-2-21,D:\Forex\10_EA_PROJECTS\0. Jobot\1000+ EA BOT MOGUL Bundles\MT5 (ex5)\Forex\4\4-2\4-2-21\4-2-21.html,4-2-21,EURUSD,H1,2023.01.01,2023.12.31,0.997,<=1yr,15573.87,14.59,493.32,3.57,5735.52,43.54,110,History Quality,100%,Lots_Per_Money=100000 Tenkansen=9 Kijunsen=26 SenkouSpanB=52 ADX_Period=30 ATR_Period=14 ATRX=1.8 Close_ATR_Period=26 Close_ATRX=1 EMA_Period=14 MagicStart=6108,MONEY_LOT;NO_SL_INPUT(heuristic),,,,,ok,
4-2-22,D:\Forex\10_EA_PROJECTS\0. Jobot\1000+ EA BOT MOGUL Bundles\MT5 (ex5)\Forex\4\4-2\4-2-22\4-2-22.html,4-2-22,EURUSD,H1,2023.01.01,2023.12.31,0.997,<=1yr,3143.12,0.00,0.00,0.00,458.04,4.17,34,History Quality,100%,Lots_Per_Money=100000 Tenkansen=9 Kijunsen=26 SenkouSpanB=52 ADX_Period=50 ATR_Period=50 ATRX=0.1 TL_Start_ATR=1.7 TL_Stop_ATR=0.1 TL_Step_ATR=0.02 MagicStart=6108,MONEY_LOT;NO_SL_INPUT(heuristic),,,,,ok,
4-2-23,D:\Forex\10_EA_PROJECTS\0. Jobot\1000+ EA BOT MOGUL Bundles\MT5 (ex5)\Forex\4\4-2\4-2-23\4-2-23.html,4-2-23,EURUSD,H1,2023.01.01,2023.12.31,0.997,<=1yr,64765.08,3.02,15475.50,17.15,41589.90,45.90,691,History Quality,100%,"Lots_Per_Money=100000 Tenkansen=9 Kijunsen=26 SenkouSpanB=52 ADX_Period=13 ATR_Period=12 ATRX=1.0 TL_Step_ATR=1 TL_Stop_Level=20/5, 30/10, 40/15, 50/20 Close_Profit_Percent=1.8 MagicStart=6108",MONEY_LOT;NO_SL_INPUT(heuristic),,,,,ok,
4-2-24,D:\Forex\10_EA_PROJECTS\0. Jobot\1000+ EA BOT MOGUL Bundles\MT5 (ex5)\Forex\4\4-2\4-2-24\4-2-24.html,4-2-24,EURUSD,H1,2023.01.01,2023.12.31,0.997,<=1yr,304160.30,5.73,15839.04,5.12,127222.35,34.60,328,History Quality,100%,Lots_Per_Money=100000 Tenkansen=9 Kijunsen=26 SenkouSpanB=52 ADX_Period=25 ATR_Period=30 ATRX=1.2 TL_Stop_Money_Percent=2 Percent_Step_TL_Money=5 Percent_Start_TL_Money=50 MagicStart=6108,MONEY_LOT;NO_SL_INPUT(heuristic),,,,,ok,
4-2-26,D:\Forex\10_EA_PROJECTS\0. Jobot\1000+ EA BOT MOGUL Bundles\MT5 (ex5)\Forex\4\4-2\4-2-26\4-2-26.html,4-2-26,EURUSD,H1,2023.01.01,2023.12.31,0.997,<=1yr,3296.95,3.69,424.44,3.09,308.39,2.70,2399,History Quality,100%,Lots_Per_Money=100000 Tenkansen=9 Kijunsen=26 SenkouSpanB=52 ADX_Period=10 ATR_Period=12 ATRX=1.0 TLStop_Percent_Profit=25 TLStep_Percent_TLStop=10 TLStart_Percent_TLStop=100 MagicStart=6108,MONEY_LOT;NO_SL_INPUT(heuristic),,,,,ok,
4-2-29,D:\Forex\10_EA_PROJECTS\0. Jobot\1000+ EA BOT MOGUL Bundles\MT5 (ex5)\Forex\4\4-2\4-2-29\4-2-29.html,4-2-29,EURUSD,H1,2023.01.01,2023.12.31,0.997,<=1yr,5468.33,2.71,342.32,2.89,2521.92,22.71,333,History Quality,100%,Lots_Per_Money=10000 Tenkansen=9 Kijunsen=26 SenkouSpanB=52 ADX_Period=15 ATR_Period=16 ATRX=1.1 TL_Start_ATR=2 TL_Stop_ATR=1 TL_Step_ATR=0.1 MagicStart=6108,MONEY_LOT;NO_SL_INPUT(heuristic),,,,,ok,
4-2-3,D:\Forex\10_EA_PROJECTS\0. Jobot\1000+ EA BOT MOGUL Bundles\MT5 (ex5)\Forex\4\4-2\4-2-3\4-2-3.html,4-2-3,EURUSD,H1,2023.01.01,2023.12.31,0.997,<=1yr,1340.26,1.30,1176.49,10.40,2036.27,17.67,385,History Quality,100%,Lots_Per_Money=100000 Tenkansen=9 Kijunsen=26 SenkouSpanB=52 ADX_Period=13 ATR_Period=17 ATRX=1.9 Doji_Wick_Percent=50 MagicStart=6108,MONEY_LOT;NO_SL_INPUT(heuristic),,,,,ok,
4-2-30,D:\Forex\10_EA_PROJECTS\0. Jobot\1000+ EA BOT MOGUL Bundles\MT5 (ex5)\Forex\4\4-2\4-2-30\4-2-30.html,4-2-30,EURUSD,H1,2023.01.01,2023.12.31,0.997,<=1yr,5002.04,1.36,2605.82,17.11,3309.51,23.25,587,History Quality,100%,Lots_Per_Money=100000 Tenkansen=9 Kijunsen=26 SenkouSpanB=52 ADX_Period=11 ATR_Period=16 ATRX=1.1 TL_Step_ATR=0.1 Zigzag_Period=9 Close_Profit_Percent=2 MagicStart=6108,MONEY_LOT;NO_SL_INPUT(heuristic),,,,,ok,
4-2-31,D:\Forex\10_EA_PROJECTS\0. Jobot\1000+ EA BOT MOGUL Bundles\MT5 (ex5)\Forex\4\4-2\4-2-31\4-2-31.html,4-2-31,EURUSD,H1,2023.01.01,2023.12.31,0.997,<=1yr,11415.06,6.47,512.93,4.58,2656.94,23.74,326,History Quality,100%,Lots_Per_Money=100000 Tenkansen=9 Kijunsen=26 SenkouSpanB=52 ADX_Period=20 ATR_Period=90 ATRX=1.1 MagicStart=6108,MONEY_LOT;NO_SL_INPUT(heuristic),,,,,ok,
4-2-33,D:\Forex\10_EA_PROJECTS\0. Jobot\1000+ EA BOT MOGUL Bundles\MT5 (ex5)\Forex\4\4-2\4-2-33\4-2-33.html,4-2-33,EURUSD,H1,2023.01.01,2023.12.31,0.997,<=1yr,25576.23,4.52,2699.70,7.46,6764.70,20.32,49,History Quality,100%,Lots_Per_Money=100000 Tenkansen=9 Kijunsen=26 SenkouSpanB=52 ADX_Period=10 ATR_Period=14 ATRX=1.8 TL_Start_Money_Percent=2 TL_Step_Money_Percent=0.1 TL_Stop_Money_Percent=1 MagicStart=6108,MONEY_LOT;NO_SL_INPUT(heuristic),,,,,ok,
4-2-34,D:\Forex\10_EA_PROJECTS\0. Jobot\1000+ EA BOT MOGUL Bundles\MT5 (ex5)\Forex\4\4-2\4-2-34\4-2-34.html,4-2-34,EURUSD,H1,2023.01.01,2023.12.31,0.997,<=1yr,133202.93,1.75,74012.29,51.74,55299.57,33.44,106,History Quality,100%,Lots_Per_Money=100000 Tenkansen=9 Kijunsen=26 SenkouSpanB=52 ADX_Period=19 ATR_Period=17 ATRX=2.0 TL_Stop_Money_Percent=10 Percent_Step_TL_Money=50 Percent_Start_TL_Money=500 MagicStart=6108,MONEY_LOT;NO_SL_INPUT(heuristic),,,,,ok,
4-2-35,D:\Forex\10_EA_PROJECTS\0. Jobot\1000+ EA BOT MOGUL Bundles\MT5 (ex5)\Forex\4\4-2\4-2-35\4-2-35.html,4-2-35,EURUSD,H1,2023.01.01,2023.12.31,0.997,<=1yr,26144.89,1.36,53365.20,127.84,20430.42,48.46,472,History Quality,100%,Lots_Per_Money=100000 Tenkansen=9 Kijunsen=26 SenkouSpanB=52 ADX_Period=11 ATR_Period=14 ATRX=1.7 TL_Start_Money_Percent=2 TL_Step_Money_Percent=0.1 TL_Stop_Money_Percent=1 MagicStart=6108,MONEY_LOT;NO_SL_INPUT(heuristic),,,,,ok,
4-2-36,D:\Forex\10_EA_PROJECTS\0. Jobot\1000+ EA BOT MOGUL Bundles\MT5 (ex5)\Forex\4\4-2\4-2-36\4-2-36.html,4-2-36,EURUSD,H1,2023.01.01,2023.12.31,0.997,<=1yr,105705.17,1.26,64567.96,35.82,54483.62,36.44,611,History Quality,100%,Lots_Per_Money=100000 Tenkansen=9 Kijunsen=26 SenkouSpanB=52 ADX_Period=15 ATR_Period=15 ATRX=1.5 TL_Start_Money_Percent=2 TL_Step_Money_Percent=0.1 TL_Stop_Money_Percent=1 Zigzag_Period=4 MagicStart=6108,MONEY_LOT;NO_SL_INPUT(heuristic),,,,,ok,
4-2-37,D:\Forex\10_EA_PROJECTS\0. Jobot\1000+ EA BOT MOGUL Bundles\MT5 (ex5)\Forex\4\4-2\4-2-37\4-2-37.html,4-2-37,EURUSD,H1,2023.01.01,2023.12.31,0.997,<=1yr,20065.14,2.20,6030.72,16.71,16652.16,45.73,344,History Quality,100%,Lots_Per_Money=100000 Tenkansen=9 Kijunsen=26 SenkouSpanB=52 ADX_Period=20 ATR_Period=100 ATRX=1.4 Close_All_Profit_Percent=10 Close_Profit_Percent=2 MagicStart=6108,MONEY_LOT;NO_SL_INPUT(heuristic),,,,,ok,
4-2-4,D:\Forex\10_EA_PROJECTS\0. Jobot\1000+ EA BOT MOGUL Bundles\MT5 (ex5)\Forex\4\4-2\4-2-4\4-2-4.html,4-2-4,EURUSD,H1,2023.01.01,2023.12.31,0.997,<=1yr,354094.95,2.01,65215.10,21.12,106668.71,32.46,478,History Quality,100%,Lots_Per_Money=100000 Tenkansen=9 Kijunsen=26 SenkouSpanB=52 ADX_Period=10 ATR_Period=10 ATRX=1.3 Body_Tower_Ratio=2.0 MagicStart=6108,MONEY_LOT;NO_SL_INPUT(heuristic),,,,,ok,
4-2-5,D:\Forex\10_EA_PROJECTS\0. Jobot\1000+ EA BOT MOGUL Bundles\MT5 (ex5)\Forex\4\4-2\4-2-5\4-2-5.html,4-2-5,EURUSD,H1,2023.01.01,2023.12.31,0.997,<=1yr,28108.14,2.28,8340.72,17.96,21782.38,46.62,615,History Quality,100%,"Lots_Per_Money=100000 Tenkansen=9 Kijunsen=26 SenkouSpanB=52 ADX_Period=14 ATR_Period=14 ATRX=1.0 Body_Tower_Ratio=1.0 Zigzag_Period=5 FIBO_6_Level=23.6,38.2,50,61.8,78.6,100 Close_Profit_Percent=0.9 MagicStart=6108",MONEY_LOT;NO_SL_INPUT(heuristic),,,,,ok,
4-2-6,D:\Forex\10_EA_PROJECTS\0. Jobot\1000+ EA BOT MOGUL Bundles\MT5 (ex5)\Forex\4\4-2\4-2-6\4-2-6.html,4-2-6,EURUSD,H1,2023.01.01,2023.12.31,0.997,<=1yr,21120.01,1.92,6900.42,18.15,17994.14,47.06,732,History Quality,100%,Lots_Per_Money=100000 Tenkansen=9 Kijunsen=26 SenkouSpanB=52 ADX_Period=11 ATR_Period=13 ATRX=1.0 Close_Profit_Percent=0.8 MagicStart=6108,MONEY_LOT;NO_SL_INPUT(heuristic),,,,,ok,
4-2-7,D:\Forex\10_EA_PROJECTS\0. Jobot\1000+ EA BOT MOGUL Bundles\MT5 (ex5)\Forex\4\4-2\4-2-7\4-2-7.html,4-2-7,EURUSD,H1,2023.01.01,2023.12.31,0.997,<=1yr,20651.26,2.02,10630.63,27.86,16238.30,41.63,422,History Quality,100%,Lots_Per_Money=100000 Tenkansen=9 Kijunsen=26 SenkouSpanB=52 ADX_Period=10 ATR_Period=10 ATRX=3 Close_Profit_Percent=1.3 Fast_EMA_period=14 Slow_EMA_period=11 Signal_SMA_period=11 MagicStart=6108,MONEY_LOT;NO_SL_INPUT(heuristic),,,,,ok,
4-2-8,D:\Forex\10_EA_PROJECTS\0. Jobot\1000+ EA BOT MOGUL Bundles\MT5 (ex5)\Forex\4\4-2\4-2-8\4-2-8.html,4-2-8,EURUSD,H1,2023.01.01,2023.12.31,0.997,<=1yr,15731.17,2.59,1595.40,6.21,6983.65,27.17,699,History Quality,100%,Lots_Per_Money=1000000 Tenkansen=9 Kijunsen=26 SenkouSpanB=52 ADX_Period=14 ATR_Period=14 ATRX=1 Close_Profit_Percent=2.0 Fast_EMA_period=20 Slow_EMA_period=10 Signal_SMA_period=20 BE_Profit_ATR_Pips=1 BE_Offset_ATR=1 MagicStart=6108,MONEY_LOT;NO_SL_INPUT(heuristic),,,,,ok,
4-2-9,D:\Forex\10_EA_PROJECTS\0. Jobot\1000+ EA BOT MOGUL Bundles\MT5 (ex5)\Forex\4\4-2\4-2-9\4-2-9.html,4-2-9,EURUSD,H1,2023.01.01,2023.12.31,0.997,<=1yr,26297.23,2.31,7631.53,17.37,20516.32,46.39,572,History Quality,100%,Lots_Per_Money=100000 Tenkansen=9 Kijunsen=26 SenkouSpanB=52 ADX_Period=14 ATR_Period=14 ATRX=1.1 Close_Profit_Percent=1.0 BE_Profit_ATR_Pips=1.9 MagicStart=6108,MONEY_LOT;NO_SL_INPUT(heuristic),,,,,ok,
4-3-1,D:\Forex\10_EA_PROJECTS\0. Jobot\1000+ EA BOT MOGUL Bundles\MT5 (ex5)\Forex\4\4-3\4-3-1\4-3-1.html,4-3-1,EURUSD,H1,2023.01.01,2023.12.31,0.997,<=1yr,8211.56,1.86,1462.79,14.48,2788.60,15.93,550,History Quality,100%,Lots_Per_Money=100000 Tenkansen=9 Kijunsen=26 SenkouSpanB=52 ADX_Period=11 ATR_Period=10 ATRX=1.2 Body_Engulfing_Ratio=2.9 MagicStart=6108,MONEY_LOT;NO_SL_INPUT(heuristic),,,,,ok,
4-3-13,D:\Forex\10_EA_PROJECTS\0. Jobot\1000+ EA BOT MOGUL Bundles\MT5 (ex5)\Forex\4\4-3\4-3-13\4-3-13.html,4-3-13,EURUSD,H1,2023.01.01,2023.12.31,0.997,<=1yr,16879.13,1.22,11207.51,30.12,12302.99,32.34,582,History Quality,100%,Lots_Per_Money=10000 Tenkansen=9 Kijunsen=26 SenkouSpanB=52 ADX_Period=11 ATR_Period=17 ATRX=1.1 MinuteToClose=100 MagicStart=6108,MONEY_LOT;NO_SL_INPUT(heuristic),,,,,ok,
4-3-14,D:\Forex\10_EA_PROJECTS\0. Jobot\1000+ EA BOT MOGUL Bundles\MT5 (ex5)\Forex\4\4-3\4-3-14\4-3-14.html,4-3-14,EURUSD,H1,2023.01.01,2023.12.31,0.997,<=1yr,4836.66,4.23,652.06,4.88,1865.30,14.02,411,History Quality,100%,Lots_Per_Money=1000000 Tenkansen=9 Kijunsen=26 SenkouSpanB=52 ADX_Period=14 ATR_Period=14 ATRX=1.0 BB_Period=16 Close_ATR_Period=26 Close_ATRX=1 MagicStart=6108,MONEY_LOT;NO_SL_INPUT(heuristic),,,,,ok,
4-3-16,D:\Forex\10_EA_PROJECTS\0. Jobot\1000+ EA BOT MOGUL Bundles\MT5 (ex5)\Forex\4\4-3\4-3-16\4-3-16.html,4-3-16,EURUSD,H1,2023.01.01,2023.12.31,0.997,<=1yr,1841.23,1.90,1884.79,15.16,12593.22,55.67,73,History Quality,100%,Lots_Per_Money=1000000 Tenkansen=9 Kijunsen=26 SenkouSpanB=52 ADX_Period=10 ATR_Period=10 ATRX=1.0 Close_Profit_Percent_1=1 Close_Profit_Percent_2=0.5 Close_Profit_Percent_3=0.1 MagicStart=6108,MONEY_LOT;NO_SL_INPUT(heuristic),,,,,ok,
4-3-17,D:\Forex\10_EA_PROJECTS\0. Jobot\1000+ EA BOT MOGUL Bundles\MT5 (ex5)\Forex\4\4-3\4-3-17\4-3-17.html,4-3-17,EURUSD,H1,2023.01.01,2023.12.31,0.997,<=1yr,36278.04,2.14,6483.87,12.29,20590.45,43.82,653,History Quality,100%,Lots_Per_Money=100000 Tenkansen=9 Kijunsen=26 SenkouSpanB=52 ADX_Period=10 ATR_Period=10 ATRX=1.7 Close_Profit_Percent=1.7 MagicStart=6108,MONEY_LOT;NO_SL_INPUT(heuristic),,,,,ok,
4-3-18,D:\Forex\10_EA_PROJECTS\0. Jobot\1000+ EA BOT MOGUL Bundles\MT5 (ex5)\Forex\4\4-3\4-3-18\4-3-18.html,4-3-18,EURUSD,H1,2023.01.01,2023.12.31,0.997,<=1yr,7318.61,1.30,3825.00,18.28,4144.52,19.58,679,History Quality,100%,Lots_Per_Money=100000 Tenkansen=9 Kijunsen=26 SenkouSpanB=52 ADX_Period=14 ATR_Period=14 ATRX=1.0 Close_Profit_Percent=1.7 CutLoss_Percent=7 MagicStart=6108,MONEY_LOT;NO_SL_INPUT(heuristic),,,,,ok,
4-3-19,D:\Forex\10_EA_PROJECTS\0. Jobot\1000+ EA BOT MOGUL Bundles\MT5 (ex5)\Forex\4\4-3\4-3-19\4-3-19.html,4-3-19,EURUSD,H1,2023.01.01,2023.12.31,0.997,<=1yr,5936.71,1.48,2196.24,17.04,2633.93,20.44,602,History Quality,100%,Lots_Per_Money=100000 Tenkansen=9 Kijunsen=26 SenkouSpanB=52 ADX_Period=14 ATR_Period=14 ATRX=1.0 Close_Profit_Percent=1.0 CutLoss_Percent=6 MagicStart=6108,MONEY_LOT;NO_SL_INPUT(heuristic),,,,,ok,
4-3-2,D:\Forex\10_EA_PROJECTS\0. Jobot\1000+ EA BOT MOGUL Bundles\MT5 (ex5)\Forex\4\4-3\4-3-2\4-3-2.html,4-3-2,EURUSD,H1,2023.01.01,2023.12.31,0.997,<=1yr,22518.09,2.21,2791.71,12.20,9852.78,39.51,637,History Quality,100%,Lots_Per_Money=100000 Tenkansen=9 Kijunsen=26 SenkouSpanB=52 ADX_Period=10 ATR_Period=50 ATRX=1.0 Body_Star_Ratio=1.5 MagicStart=6108,MONEY_LOT;NO_SL_INPUT(heuristic),,,,,ok,
4-3-20,D:\Forex\10_EA_PROJECTS\0. Jobot\1000+ EA BOT MOGUL Bundles\MT5 (ex5)\Forex\4\4-3\4-3-20\4-3-20.html,4-3-20,EURUSD,H1,2023.01.01,2023.12.31,0.997,<=1yr,2209.59,2.35,537.68,4.84,1653.03,15.72,340,History Quality,100%,Lots_Per_Money=100000 Tenkansen=9 Kijunsen=26 SenkouSpanB=52 ADX_Period=20 ATR_Period=20 ATRX=1.1 Close_Profit_Percent=1.3 CutLoss_Percent=9 Close_Profit_Money=10 Close_ATR_Period=26 Close_ATRX=1 MagicStart=6108,MONEY_LOT;NO_SL_INPUT(heuristic),,,,,ok,
4-3-21,D:\Forex\10_EA_PROJECTS\0. Jobot\1000+ EA BOT MOGUL Bundles\MT5 (ex5)\Forex\4\4-3\4-3-21\4-3-21.html,4-3-21,EURUSD,H1,2023.01.01,2023.12.31,0.997,<=1yr,182284.82,4.86,12084.40,4.11,95008.24,45.45,454,History Quality,100%,Lots_Per_Money=1000000 Tenkansen=9 Kijunsen=26 SenkouSpanB=52 ADX_Period=10 ATR_Period=10 ATRX=1.4 Close_ATR_Period=50 Close_ATRX=5 EMA_Period=25 MagicStart=6108,MONEY_LOT;NO_SL_INPUT(heuristic),,,,,ok,
4-3-22,D:\Forex\10_EA_PROJECTS\0. Jobot\1000+ EA BOT MOGUL Bundles\MT5 (ex5)\Forex\4\4-3\4-3-22\4-3-22.html,4-3-22,EURUSD,H1,2023.01.01,2023.12.31,0.997,<=1yr,20898.28,3.89,7235.05,18.97,10265.85,29.82,2176,History Quality,100%,Lots_Per_Money=1000000 Tenkansen=9 Kijunsen=26 SenkouSpanB=52 ADX_Period=10 ATR_Period=10 ATRX=1.0 TL_Start_ATR=2 TL_Stop_ATR=1 TL_Step_ATR=0.1 MagicStart=6108,MONEY_LOT;NO_SL_INPUT(heuristic),,,,,ok,
4-3-23,D:\Forex\10_EA_PROJECTS\0. Jobot\1000+ EA BOT MOGUL Bundles\MT5 (ex5)\Forex\4\4-3\4-3-23\4-3-23.html,4-3-23,EURUSD,H1,2023.01.01,2023.12.31,0.997,<=1yr,31186.98,2.64,5061.05,10.94,17528.29,38.83,737,History Quality,100%,"Lots_Per_Money=100000 Tenkansen=9 Kijunsen=26 SenkouSpanB=52 ADX_Period=13 ATR_Period=13 ATRX=1.3 TL_Step_ATR=1 TL_Stop_Level=20/5, 30/10, 40/15, 50/20 Close_Profit_Percent=1.7 MagicStart=6108",MONEY_LOT;NO_SL_INPUT(heuristic),,,,,ok,
4-3-24,D:\Forex\10_EA_PROJECTS\0. Jobot\1000+ EA BOT MOGUL Bundles\MT5 (ex5)\Forex\4\4-3\4-3-24\4-3-24.html,4-3-24,EURUSD,H1,2023.01.01,2023.12.31,0.997,<=1yr,83534.31,4.26,5698.15,3.01,38489.79,28.10,290,History Quality,100%,Lots_Per_Money=1000000 Tenkansen=9 Kijunsen=26 SenkouSpanB=52 ADX_Period=11 ATR_Period=15 ATRX=1.0 TL_Stop_Money_Percent=0.5 Percent_Step_TL_Money=10 Percent_Start_TL_Money=50 MagicStart=6108,MONEY_LOT;NO_SL_INPUT(heuristic),,,,,ok,
4-3-26,D:\Forex\10_EA_PROJECTS\0. Jobot\1000+ EA BOT MOGUL Bundles\MT5 (ex5)\Forex\4\4-3\4-3-26\4-3-26.html,4-3-26,EURUSD,H1,2023.01.01,2023.12.31,0.997,<=1yr,17528.02,3.12,4032.18,3.32,2652.94,2.33,2397,History Quality,100%,Lots_Per_Money=100000 Tenkansen=9 Kijunsen=26 SenkouSpanB=52 ADX_Period=10 ATR_Period=10 ATRX=1.0 TLStop_Percent_Profit=1 TLStep_Percent_TLStop=0.1 TLStart_Percent_TLStop=2 MagicStart=6108,MONEY_LOT;NO_SL_INPUT(heuristic),,,,,ok,
4-3-29,D:\Forex\10_EA_PROJECTS\0. Jobot\1000+ EA BOT MOGUL Bundles\MT5 (ex5)\Forex\4\4-3\4-3-29\4-3-29.html,4-3-29,EURUSD,H1,2023.01.01,2023.12.31,0.997,<=1yr,8477.72,1.81,1411.42,8.54,5115.77,37.35,552,History Quality,100%,Lots_Per_Money=10000 Tenkansen=9 Kijunsen=26 SenkouSpanB=52 ADX_Period=4 ATR_Period=6 ATRX=4.1 TL_Start_ATR=2 TL_Stop_ATR=1 TL_Step_ATR=0.1 MagicStart=6108,MONEY_LOT;NO_SL_INPUT(heuristic),,,,,ok,
4-3-3,D:\Forex\10_EA_PROJECTS\0. Jobot\1000+ EA BOT MOGUL Bundles\MT5 (ex5)\Forex\4\4-3\4-3-3\4-3-3.html,4-3-3,EURUSD,H1,2023.01.01,2023.12.31,0.997,<=1yr,4231.45,1.39,2055.36,16.19,3503.33,23.72,530,History Quality,100%,Lots_Per_Money=100000 Tenkansen=9 Kijunsen=26 SenkouSpanB=52 ADX_Period=14 ATR_Period=46 ATRX=1.1 Doji_Wick_Percent=70 MagicStart=6108,MONEY_LOT;NO_SL_INPUT(heuristic),,,,,ok,
4-3-30,D:\Forex\10_EA_PROJECTS\0. Jobot\1000+ EA BOT MOGUL Bundles\MT5 (ex5)\Forex\4\4-3\4-3-30\4-3-30.html,4-3-30,EURUSD,H1,2023.01.01,2023.12.31,0.997,<=1yr,6327.88,1.91,683.33,5.99,1410.13,11.45,550,History Quality,100%,Lots_Per_Money=100000 Tenkansen=9 Kijunsen=26 SenkouSpanB=52 ADX_Period=10 ATR_Period=13 ATRX=1.4 TL_Step_ATR=0.1 Zigzag_Period=9 Close_Profit_Percent=1.9 MagicStart=6108,MONEY_LOT;NO_SL_INPUT(heuristic),,,,,ok,
4-3-31,D:\Forex\10_EA_PROJECTS\0. Jobot\1000+ EA BOT MOGUL Bundles\MT5 (ex5)\Forex\4\4-3\4-3-31\4-3-31.html,4-3-31,EURUSD,H1,2023.01.01,2023.12.31,0.997,<=1yr,7003.46,7.51,175.43,1.64,1377.64,13.64,53,History Quality,100%,Lots_Per_Money=10000 Tenkansen=9 Kijunsen=26 SenkouSpanB=52 ADX_Period=30 ATR_Period=70 ATRX=4.7 MagicStart=6108,MONEY_LOT;NO_SL_INPUT(heuristic),,,,,ok,
4-3-33,D:\Forex\10_EA_PROJECTS\0. Jobot\1000+ EA BOT MOGUL Bundles\MT5 (ex5)\Forex\4\4-3\4-3-33\4-3-33.html,4-3-33,EURUSD,H1,2023.01.01,2023.12.31,0.997,<=1yr,35745.77,12.80,957.09,2.10,10968.69,24.07,97,History Quality,100%,Lots_Per_Money=100000 Tenkansen=9 Kijunsen=26 SenkouSpanB=52 ADX_Period=20 ATR_Period=20 ATRX=2.8 TL_Start_Money_Percent=1.2 TL_Step_Money_Percent=0.09 TL_Stop_Money_Percent=0.4 MagicStart=6108,MONEY_LOT;NO_SL_INPUT(heuristic),,,,,ok,
4-3-34,D:\Forex\10_EA_PROJECTS\0. Jobot\1000+ EA BOT MOGUL Bundles\MT5 (ex5)\Forex\4\4-3\4-3-34\4-3-34.html,4-3-34,EURUSD,H1,2023.01.01,2023.12.31,0.997,<=1yr,11455.16,1.54,2796.58,11.53,9199.94,40.57,609,History Quality,100%,Lots_Per_Money=100000 Tenkansen=9 Kijunsen=26 SenkouSpanB=52 ADX_Period=10 ATR_Period=19 ATRX=1.7 TL_Stop_Money_Percent=1 Percent_Step_TL_Money=10 Percent_Start_TL_Money=100 MagicStart=6108,MONEY_LOT;NO_SL_INPUT(heuristic),,,,,ok,
4-3-35,D:\Forex\10_EA_PROJECTS\0. Jobot\1000+ EA BOT MOGUL Bundles\MT5 (ex5)\Forex\4\4-3\4-3-35\4-3-35.html,4-3-35,EURUSD,H1,2023.01.01,2023.12.31,0.997,<=1yr,25936.93,1.74,5613.20,13.51,15442.64,38.99,595,History Quality,100%,Lots_Per_Money=100000 Tenkansen=9 Kijunsen=26 SenkouSpanB=52 ADX_Period=11 ATR_Period=17 ATRX=1.8 TL_Start_Money_Percent=2 TL_Step_Money_Percent=0.1 TL_Stop_Money_Percent=1 MagicStart=6108,MONEY_LOT;NO_SL_INPUT(heuristic),,,,,ok,
4-3-36,D:\Forex\10_EA_PROJECTS\0. Jobot\1000+ EA BOT MOGUL Bundles\MT5 (ex5)\Forex\4\4-3\4-3-36\4-3-36.html,4-3-36,EURUSD,H1,2023.01.01,2023.12.31,0.997,<=1yr,94637.04,16.16,2563.39,3.57,33318.65,56.44,190,History Quality,100%,Lots_Per_Money=100000 Tenkansen=9 Kijunsen=26 SenkouSpanB=52 ADX_Period=10 ATR_Period=11 ATRX=2.8 TL_Start_Money_Percent=2 TL_Step_Money_Percent=0.1 TL_Stop_Money_Percent=1 Zigzag_Period=1 MagicStart=6108,MONEY_LOT;NO_SL_INPUT(heuristic),,,,,ok,
4-3-37,D:\Forex\10_EA_PROJECTS\0. Jobot\1000+ EA BOT MOGUL Bundles\MT5 (ex5)\Forex\4\4-3\4-3-37\4-3-37.html,4-3-37,EURUSD,H1,2023.01.01,2023.12.31,0.997,<=1yr,32728.76,2.23,4595.95,9.71,25195.59,58.06,736,History Quality,100%,Lots_Per_Money=100000 Tenkansen=9 Kijunsen=26 SenkouSpanB=52 ADX_Period=10 ATR_Period=13 ATRX=1.4 Close_All_Profit_Percent=1 Close_Profit_Percent=1.1 MagicStart=6108,MONEY_LOT;NO_SL_INPUT(heuristic),,,,,ok,
4-3-4,D:\Forex\10_EA_PROJECTS\0. Jobot\1000+ EA BOT MOGUL Bundles\MT5 (ex5)\Forex\4\4-3\4-3-4\4-3-4.html,4-3-4,EURUSD,H1,2023.01.01,2023.12.31,0.997,<=1yr,128270.85,2.24,18924.03,16.27,37982.44,24.15,571,History Quality,100%,Lots_Per_Money=100000 Tenkansen=9 Kijunsen=26 SenkouSpanB=52 ADX_Period=10 ATR_Period=17 ATRX=1.2 Body_Tower_Ratio=2.0 MagicStart=6108,MONEY_LOT;NO_SL_INPUT(heuristic),,,,,ok,
4-3-5,D:\Forex\10_EA_PROJECTS\0. Jobot\1000+ EA BOT MOGUL Bundles\MT5 (ex5)\Forex\4\4-3\4-3-5\4-3-5.html,4-3-5,EURUSD,H1,2023.01.01,2023.12.31,0.997,<=1yr,19332.57,2.25,2115.69,6.73,9521.54,31.82,867,History Quality,100%,"Lots_Per_Money=200000 Tenkansen=9 Kijunsen=26 SenkouSpanB=52 ADX_Period=10 ATR_Period=50 ATRX=1.0 Body_Tower_Ratio=2 Zigzag_Period=5 FIBO_6_Level=23.6,38.2,50,61.8,78.6,100 Close_Profit_Percent=1 MagicStart=6108",MONEY_LOT;NO_SL_INPUT(heuristic),,,,,ok,
4-3-6,D:\Forex\10_EA_PROJECTS\0. Jobot\1000+ EA BOT MOGUL Bundles\MT5 (ex5)\Forex\4\4-3\4-3-6\4-3-6.html,4-3-6,EURUSD,H1,2023.01.01,2023.12.31,0.997,<=1yr,16426.71,1.80,7142.49,23.61,11101.80,36.67,765,History Quality,100%,Lots_Per_Money=100000 Tenkansen=9 Kijunsen=26 SenkouSpanB=52 ADX_Period=10 ATR_Period=15 ATRX=1.2 Close_Profit_Percent=0.9 MagicStart=6108,MONEY_LOT;NO_SL_INPUT(heuristic),,,,,ok,
4-3-7,D:\Forex\10_EA_PROJECTS\0. Jobot\1000+ EA BOT MOGUL Bundles\MT5 (ex5)\Forex\4\4-3\4-3-7\4-3-7.html,4-3-7,EURUSD,H1,2023.01.01,2023.12.31,0.997,<=1yr,2110.14,1.36,1599.96,11.67,6444.06,42.69,187,History Quality,100%,Lots_Per_Money=100000 Tenkansen=9 Kijunsen=26 SenkouSpanB=52 ADX_Period=25 ATR_Period=50 ATRX=1.8 Close_Profit_Percent=1.9 Fast_EMA_period=12 Slow_EMA_period=26 Signal_SMA_period=9 MagicStart=6108,MONEY_LOT;NO_SL_INPUT(heuristic),,,,,ok,
4-3-8,D:\Forex\10_EA_PROJECTS\0. Jobot\1000+ EA BOT MOGUL Bundles\MT5 (ex5)\Forex\4\4-3\4-3-8\4-3-8.html,4-3-8,EURUSD,H1,2023.01.01,2023.12.31,0.997,<=1yr,37941.12,2.34,5384.70,10.10,25932.63,54.69,617,History Quality,100%,Lots_Per_Money=100000 Tenkansen=9 Kijunsen=26 SenkouSpanB=52 ADX_Period=10 ATR_Period=10 ATRX=1.8 Close_Profit_Percent=2 Fast_EMA_period=20 Slow_EMA_period=10 Signal_SMA_period=5 BE_Profit_ATR_Pips=1 BE_Offset_ATR=1 MagicStart=6108,MONEY_LOT;NO_SL_INPUT(heuristic),,,,,ok,
4-3-9,D:\Forex\10_EA_PROJECTS\0. Jobot\1000+ EA BOT MOGUL Bundles\MT5 (ex5)\Forex\4\4-3\4-3-9\4-3-9.html,4-3-9,EURUSD,H1,2023.01.01,2023.12.31,0.997,<=1yr,31691.90,3.05,1989.44,4.57,11805.63,27.37,953,History Quality,100%,Lots_Per_Money=100000 Tenkansen=9 Kijunsen=26 SenkouSpanB=52 ADX_Period=10 ATR_Period=19 ATRX=1.0 Close_Profit_Percent=2 BE_Profit_ATR_Pips=1 MagicStart=6108,MONEY_LOT;NO_SL_INPUT(heuristic),,,,,ok,
4-4-1,D:\Forex\10_EA_PROJECTS\0. Jobot\1000+ EA BOT MOGUL Bundles\MT5 (ex5)\Forex\4\4-4\4-4-1\4-4-1.html,4-4-1,EURUSD,H1,2023.01.01,2023.12.31,0.997,<=1yr,4707.67,1.70,2291.36,21.39,3904.04,25.97,424,History Quality,100%,Lots_Per_Money=100000 Tenkansen=9 Kijunsen=26 SenkouSpanB=52 ADX_Period=14 ATR_Period=14 ATRX=1.2 Body_Engulfing_Ratio=1.9 Multiple=1.3 Lot_Percent_Incre_Decre=19 BB_Period_ForAddLot=14 BB_Deviations_ForAddLot=2.0 MagicStart=6108,MONEY_LOT;MARTINGALE;NO_SL_INPUT(heuristic),,,,,ok,
4-4-13,D:\Forex\10_EA_PROJECTS\0. Jobot\1000+ EA BOT MOGUL Bundles\MT5 (ex5)\Forex\4\4-4\4-4-13\4-4-13.html,4-4-13123,EURUSD,H1,2023.01.01,2023.12.31,0.997,<=1yr,5476.92,1.47,1562.71,13.03,3171.79,26.44,612,History Quality,100%,Lots_Per_Money=10000 Tenkansen=9 Kijunsen=26 SenkouSpanB=52 ADX_Period=13 ATR_Period=15 ATRX=0.1 MinuteToClose=10 Multiple=1.8 BB_Period_ForAddLot=11 BB_Deviations_ForAddLot=0.2 Lot_Percent_Incre_Decre=20 Close_Profit_Percent=0.1 MagicStart=6108,MONEY_LOT;MARTINGALE;NO_SL_INPUT(heuristic),,,,,ok,
4-4-14,D:\Forex\10_EA_PROJECTS\0. Jobot\1000+ EA BOT MOGUL Bundles\MT5 (ex5)\Forex\4\4-4\4-4-14\4-4-14.html,4-4-14,EURUSD,H1,2023.01.01,2023.12.31,0.997,<=1yr,14418.95,3.14,4211.95,17.59,6574.57,24.37,265,History Quality,100%,Lots_Per_Money=100000 Tenkansen=9 Kijunsen=26 SenkouSpanB=52 ADX_Period=14 ATR_Period=14 ATRX=2 BB_Period=14 Close_ATR_Period=26 Close_ATRX=1 Multiple=1 BB_Period_ForAddLot=18 BB_Deviations_ForAddLot=2.0 Lot_Percent_Incre_Decre=10 MagicStart=6108,MONEY_LOT;NO_SL_INPUT(heuristic),,,,,ok,
4-4-16,D:\Forex\10_EA_PROJECTS\0. Jobot\1000+ EA BOT MOGUL Bundles\MT5 (ex5)\Forex\4\4-4\4-4-16\4-4-16.html,4-4-16,EURUSD,H1,2023.01.01,2023.12.31,0.997,<=1yr,1525.91,1.34,3212.82,25.75,15499.30,62.47,46,History Quality,100%,Lots_Per_Money=100000 Tenkansen=9 Kijunsen=26 SenkouSpanB=52 ADX_Period=14 ATR_Period=14 ATRX=2 Close_Profit_Percent_1=1 Close_Profit_Percent_2=1 Close_Profit_Percent_3=1 Multiple=1 BB_Period_ForAddLot=14 BB_Deviations_ForAddLot=1.1 Lot_Percent_Incre_Decre=10 MagicStart=6108,MONEY_LOT;NO_SL_INPUT(heuristic),,,,,ok,
4-4-17,D:\Forex\10_EA_PROJECTS\0. Jobot\1000+ EA BOT MOGUL Bundles\MT5 (ex5)\Forex\4\4-4\4-4-17\4-4-17.html,4-4-17,EURUSD,H1,2023.01.01,2023.12.31,0.997,<=1yr,13305.64,1.83,5882.37,20.15,9788.62,36.32,735,History Quality,100%,Lots_Per_Money=100000 Tenkansen=9 Kijunsen=26 SenkouSpanB=52 ADX_Period=14 ATR_Period=14 ATRX=1.0 Multiple=1 BB_Period_ForAddLot=13 BB_Deviations_ForAddLot=2.0 Lot_Percent_Incre_Decre=50 Close_Profit_Percent=1 MagicStart=6108,MONEY_LOT;NO_SL_INPUT(heuristic),,,,,ok,
4-4-18,D:\Forex\10_EA_PROJECTS\0. Jobot\1000+ EA BOT MOGUL Bundles\MT5 (ex5)\Forex\4\4-4\4-4-18\4-4-18.html,4-4-18,EURUSD,H1,2023.01.01,2023.12.31,0.997,<=1yr,10732.33,2.51,775.66,5.33,2252.41,16.48,433,History Quality,100%,Lots_Per_Money=100000 Tenkansen=9 Kijunsen=26 SenkouSpanB=52 ADX_Period=14 ATR_Period=14 ATRX=2 Close_Profit_Percent=0.5 CutLoss_Percent=20 Multiple=1.5 BB_Period_ForAddLot=12 BB_Deviations_ForAddLot=1.7 Lot_Percent_Incre_Decre=20 MagicStart=6108,MONEY_LOT;MARTINGALE;NO_SL_INPUT(heuristic),,,,,ok,
4-4-19,D:\Forex\10_EA_PROJECTS\0. Jobot\1000+ EA BOT MOGUL Bundles\MT5 (ex5)\Forex\4\4-4\4-4-19\4-4-19.html,4-4-19,EURUSD,H1,2023.01.01,2023.12.31,0.997,<=1yr,12534.83,2.29,1912.07,8.81,6642.00,30.80,427,History Quality,100%,Lots_Per_Money=100000 Tenkansen=9 Kijunsen=26 SenkouSpanB=52 ADX_Period=14 ATR_Period=14 ATRX=2 Close_Profit_Percent=0.8 CutLoss_Percent=40 Multiple=1.5 BB_Period_ForAddLot=12 BB_Deviations_ForAddLot=1.8 Lot_Percent_Incre_Decre=90 MagicStart=6108,MONEY_LOT;MARTINGALE;NO_SL_INPUT(heuristic),,,,,ok,
4-4-2,D:\Forex\10_EA_PROJECTS\0. Jobot\1000+ EA BOT MOGUL Bundles\MT5 (ex5)\Forex\4\4-4\4-4-2\4-4-2.html,4-4-2,EURUSD,H1,2023.01.01,2023.12.31,0.997,<=1yr,5801.66,1.84,1492.67,10.05,3017.39,20.24,520,History Quality,100%,Lots_Per_Money=100000 Tenkansen=9 Kijunsen=26 SenkouSpanB=52 ADX_Period=14 ATR_Period=14 ATRX=1.0 Body_Star_Ratio=1.6 Multiple=1 Lot_Percent_Incre_Decre=1.3 BB_Period_ForAddLot=14 BB_Deviations_ForAddLot=1.7 MagicStart=6108,MONEY_LOT;NO_SL_INPUT(heuristic),,,,,ok,
4-4-20,D:\Forex\10_EA_PROJECTS\0. Jobot\1000+ EA BOT MOGUL Bundles\MT5 (ex5)\Forex\4\4-4\4-4-20\4-4-20.html,4-4-20,EURUSD,H1,2023.01.01,2023.12.31,0.997,<=1yr,8685.32,2.39,1425.41,7.09,4900.45,25.54,459,History Quality,100%,Lots_Per_Money=100000 Tenkansen=9 Kijunsen=26 SenkouSpanB=52 ADX_Period=14 ATR_Period=14 ATRX=2 Close_Profit_Percent=1.0 CutLoss_Percent=50 Close_Profit_Money=100 Close_ATR_Period=26 Close_ATRX=1 Multiple=1.3 BB_Period_ForAddLot=20 BB_Deviations_ForAddLot=2 Lot_Percent_Incre_Decre=100 MagicStart=6108,MONEY_LOT;MARTINGALE;NO_SL_INPUT(heuristic),,,,,ok,
4-4-21,D:\Forex\10_EA_PROJECTS\0. Jobot\1000+ EA BOT MOGUL Bundles\MT5 (ex5)\Forex\4\4-4\4-4-21\4-4-21.html,4-4-21,EURUSD,H1,2023.01.01,2023.12.31,0.997,<=1yr,4013.57,2.03,2013.67,12.56,3214.40,22.84,554,History Quality,100%,Lots_Per_Money=100000 Tenkansen=9 Kijunsen=26 SenkouSpanB=52 ADX_Period=14 ATR_Period=14 ATRX=1 Close_ATR_Period=26 Close_ATRX=1 EMA_Period=55 Multiple=0.5 BB_Period_ForAddLot=20 BB_Deviations_ForAddLot=1.8 Lot_Percent_Incre_Decre=50 MagicStart=6108,MONEY_LOT;NO_SL_INPUT(heuristic),,,,,ok,
4-4-22,D:\Forex\10_EA_PROJECTS\0. Jobot\1000+ EA BOT MOGUL Bundles\MT5 (ex5)\Forex\4\4-4\4-4-22\4-4-22.html,4-4-22,EURUSD,H1,2023.01.01,2023.12.31,0.997,<=1yr,6316.46,7.00,1052.43,6.06,2569.16,16.97,2010,History Quality,100%,Lots_Per_Money=100000 Tenkansen=9 Kijunsen=26 SenkouSpanB=52 ADX_Period=14 ATR_Period=14 ATRX=1 TL_Start_ATR=1.6 TL_Stop_ATR=0.1 TL_Step_ATR=0.2 Multiple=0.5 BB_Period_ForAddLot=20 BB_Deviations_ForAddLot=1.5 Lot_Percent_Incre_Decre=20 MagicStart=6108,MONEY_LOT;NO_SL_INPUT(heuristic),,,,,ok,
4-4-23,D:\Forex\10_EA_PROJECTS\0. Jobot\1000+ EA BOT MOGUL Bundles\MT5 (ex5)\Forex\4\4-4\4-4-23\4-4-23.html,4-4-23,EURUSD,H1,2023.01.01,2023.12.31,0.997,<=1yr,18165.95,2.69,1636.28,5.71,9999.32,38.06,537,History Quality,100%,"Lots_Per_Money=100000 Tenkansen=9 Kijunsen=26 SenkouSpanB=52 ADX_Period=14 ATR_Period=14 ATRX=2 TL_Step_ATR=0.4 TL_Stop_Level=20/5, 30/10, 40/15, 50/20 Close_Profit_Percent=1.0 Multiple=1.5 BB_Period_ForAddLot=11 BB_Deviations_ForAddLot=1.3 Lot_Percent_Incre_Decre=40 MagicStart=6108",MONEY_LOT;MARTINGALE;NO_SL_INPUT(heuristic),,,,,ok,
4-4-24,D:\Forex\10_EA_PROJECTS\0. Jobot\1000+ EA BOT MOGUL Bundles\MT5 (ex5)\Forex\4\4-4\4-4-24\4-4-24.html,4-4-24,EURUSD,H1,2023.01.01,2023.12.31,0.997,<=1yr,17520.37,2.14,7699.32,39.15,3840.91,16.35,272,History Quality,100%,Lots_Per_Money=100000 Tenkansen=9 Kijunsen=26 SenkouSpanB=52 ADX_Period=14 ATR_Period=14 ATRX=1 TL_Stop_Money_Percent=1.7 Percent_Step_TL_Money=1 Percent_Start_TL_Money=2.3 Multiple=1 BB_Period_ForAddLot=13 BB_Deviations_ForAddLot=1.5 Lot_Percent_Incre_Decre=20 MagicStart=6108,MONEY_LOT;NO_SL_INPUT(heuristic),,,,,ok,
4-4-26,D:\Forex\10_EA_PROJECTS\0. Jobot\1000+ EA BOT MOGUL Bundles\MT5 (ex5)\Forex\4\4-4\4-4-26\4-4-26.html,4-4-26,EURUSD,H1,2023.01.01,2023.12.31,0.997,<=1yr,29324.65,2.86,9393.29,19.28,7627.71,21.64,1559,History Quality,100%,Lots_Per_Money=10000 Tenkansen=9 Kijunsen=26 SenkouSpanB=52 ADX_Period=14 ATR_Period=14 ATRX=1 TLStop_Percent_Profit=1.6 TLStep_Percent_TLStop=1 TLStart_Percent_TLStop=3 Multiple=1.5 BB_Period_ForAddLot=11 BB_Deviations_ForAddLot=2.0 Lot_Percent_Incre_Decre=50 MagicStart=6108,MONEY_LOT;MARTINGALE;NO_SL_INPUT(heuristic),,,,,ok,
4-4-29,D:\Forex\10_EA_PROJECTS\0. Jobot\1000+ EA BOT MOGUL Bundles\MT5 (ex5)\Forex\4\4-4\4-4-29\4-4-29.html,4-4-29,EURUSD,H1,2023.01.01,2023.12.31,0.997,<=1yr,6157.08,2.24,1116.60,8.96,2134.17,19.21,370,History Quality,100%,Lots_Per_Money=10000 Tenkansen=9 Kijunsen=26 SenkouSpanB=52 ADX_Period=14 ATR_Period=14 ATRX=1 TL_Start_ATR=3.0 TL_Stop_ATR=1.3 TL_Step_ATR=1 Multiple=1.5 BB_Period_ForAddLot=14 BB_Deviations_ForAddLot=1.0 Lot_Percent_Incre_Decre=60 MagicStart=6108,MONEY_LOT;MARTINGALE;NO_SL_INPUT(heuristic),,,,,ok,
4-4-3,D:\Forex\10_EA_PROJECTS\0. Jobot\1000+ EA BOT MOGUL Bundles\MT5 (ex5)\Forex\4\4-4\4-4-3\4-4-3.html,4-4-3,EURUSD,H1,2023.01.01,2023.12.31,0.997,<=1yr,7791.90,1.60,1979.47,13.02,4521.44,25.41,564,History Quality,100%,Lots_Per_Money=100000 Tenkansen=9 Kijunsen=26 SenkouSpanB=52 ADX_Period=14 ATR_Period=14 ATRX=1 Doji_Wick_Percent=70 Multiple=1.3 BB_Period_ForAddLot=19 BB_Deviations_ForAddLot=1.0 Lot_Percent_Incre_Decre=50 MagicStart=6108,MONEY_LOT;MARTINGALE;NO_SL_INPUT(heuristic),,,,,ok,
4-4-30,D:\Forex\10_EA_PROJECTS\0. Jobot\1000+ EA BOT MOGUL Bundles\MT5 (ex5)\Forex\4\4-4\4-4-30\4-4-30.html,4-4-30,EURUSD,H1,2023.01.01,2023.12.31,0.997,<=1yr,15838.83,2.91,859.74,4.29,2047.02,13.14,513,History Quality,100%,Lots_Per_Money=100000 Tenkansen=9 Kijunsen=26 SenkouSpanB=52 ADX_Period=14 ATR_Period=14 ATRX=1 TL_Step_ATR=0.2 Zigzag_Period=1 Close_Profit_Percent=2.0 Multiple=1.3 BB_Period_ForAddLot=12 BB_Deviations_ForAddLot=1.5 Lot_Percent_Incre_Decre=30 MagicStart=6108,MONEY_LOT;MARTINGALE;NO_SL_INPUT(heuristic),,,,,ok,
4-4-31,D:\Forex\10_EA_PROJECTS\0. Jobot\1000+ EA BOT MOGUL Bundles\MT5 (ex5)\Forex\4\4-4\4-4-31\4-4-31.html,4-4-31,EURUSD,H1,2023.01.01,2023.12.31,0.997,<=1yr,27041.15,6.58,978.70,9.55,9737.65,27.48,564,History Quality,100%,Lots_Per_Money=100000 Tenkansen=9 Kijunsen=26 SenkouSpanB=52 ADX_Period=14 ATR_Period=14 ATRX=1 Multiple=1.5 BB_Period_ForAddLot=10 BB_Deviations_ForAddLot=2.0 Lot_Percent_Incre_Decre=40 MagicStart=6108,MONEY_LOT;MARTINGALE;NO_SL_INPUT(heuristic),,,,,ok,
4-4-33,D:\Forex\10_EA_PROJECTS\0. Jobot\1000+ EA BOT MOGUL Bundles\MT5 (ex5)\Forex\4\4-4\4-4-33\4-4-33.html,4-4-33,EURUSD,H1,2023.01.01,2023.12.31,0.997,<=1yr,4420.28,1.46,4148.42,22.34,5355.77,33.18,135,History Quality,100%,Lots_Per_Money=10000 Tenkansen=9 Kijunsen=26 SenkouSpanB=52 ADX_Period=14 ATR_Period=14 ATRX=1 TL_Start_Money_Percent=1.6 TL_Step_Money_Percent=1 TL_Stop_Money_Percent=2.0 Multiple=0.5 BB_Period_ForAddLot=10 BB_Deviations_ForAddLot=1.5 Lot_Percent_Incre_Decre=90 MagicStart=6108,MONEY_LOT;NO_SL_INPUT(heuristic),,,,,ok,
4-4-34,D:\Forex\10_EA_PROJECTS\0. Jobot\1000+ EA BOT MOGUL Bundles\MT5 (ex5)\Forex\4\4-4\4-4-34\4-4-34.html,4-4-34,EURUSD,H1,2023.01.01,2023.12.31,0.997,<=1yr,12426.10,1.89,1501.47,6.29,2906.24,20.28,562,History Quality,100%,Lots_Per_Money=100000 Tenkansen=9 Kijunsen=26 SenkouSpanB=52 ADX_Period=14 ATR_Period=14 ATRX=1 TL_Stop_Money_Percent=0.9 Percent_Step_TL_Money=10 Percent_Start_TL_Money=100 Multiple=1.5 BB_Period_ForAddLot=12 BB_Deviations_ForAddLot=1.2 Lot_Percent_Incre_Decre=30 MagicStart=6108,MONEY_LOT;MARTINGALE;NO_SL_INPUT(heuristic),,,,,ok,
4-4-35,D:\Forex\10_EA_PROJECTS\0. Jobot\1000+ EA BOT MOGUL Bundles\MT5 (ex5)\Forex\4\4-4\4-4-35\4-4-35.html,4-4-35,EURUSD,H1,2023.01.01,2023.12.31,0.997,<=1yr,12468.28,1.74,6319.25,21.95,10929.30,40.83,725,History Quality,100%,Lots_Per_Money=100000 Tenkansen=9 Kijunsen=26 SenkouSpanB=52 ADX_Period=14 ATR_Period=14 ATRX=1 TL_Start_Money_Percent=2.0 TL_Step_Money_Percent=1 TL_Stop_Money_Percent=0.6 Multiple=1 BB_Period_ForAddLot=20 BB_Deviations_ForAddLot=1.9 Lot_Percent_Incre_Decre=30 Close_Profit_Percent=1 MagicStart=6108,MONEY_LOT;NO_SL_INPUT(heuristic),,,,,ok,
4-4-36,D:\Forex\10_EA_PROJECTS\0. Jobot\1000+ EA BOT MOGUL Bundles\MT5 (ex5)\Forex\4\4-4\4-4-36\4-4-36.html,4-4-36,EURUSD,H1,2023.01.01,2023.12.31,0.997,<=1yr,5691.09,3.53,1719.76,9.88,994.58,7.61,384,History Quality,100%,Lots_Per_Money=100000 Tenkansen=9 Kijunsen=26 SenkouSpanB=52 ADX_Period=14 ATR_Period=14 ATRX=1 TL_Start_Money_Percent=1 TL_Step_Money_Percent=1 TL_Stop_Money_Percent=1 Zigzag_Period=8 Multiple=0.8 BB_Period_ForAddLot=10 BB_Deviations_ForAddLot=2.0 Lot_Percent_Incre_Decre=30 MagicStart=6108,MONEY_LOT;NO_SL_INPUT(heuristic),,,,,ok,
4-4-37,D:\Forex\10_EA_PROJECTS\0. Jobot\1000+ EA BOT MOGUL Bundles\MT5 (ex5)\Forex\4\4-4\4-4-37\4-4-37.html,4-4-37,EURUSD,H1,2023.01.01,2023.12.31,0.997,<=1yr,17603.65,1.88,9285.71,25.17,14616.40,43.49,731,History Quality,100%,Lots_Per_Money=100000 Tenkansen=9 Kijunsen=26 SenkouSpanB=52 ADX_Period=14 ATR_Period=14 ATRX=1 Close_All_Profit_Percent=2 Close_Profit_Percent=1.0 Multiple=1 BB_Period_ForAddLot=17 BB_Deviations_ForAddLot=1.8 Lot_Percent_Incre_Decre=20 MagicStart=6108,MONEY_LOT;NO_SL_INPUT(heuristic),,,,,ok,
4-4-4,D:\Forex\10_EA_PROJECTS\0. Jobot\1000+ EA BOT MOGUL Bundles\MT5 (ex5)\Forex\4\4-4\4-4-4\4-4-4.html,4-4-4,EURUSD,H1,2023.01.01,2023.12.31,0.997,<=1yr,24132.74,2.51,3447.20,13.65,4731.03,18.41,540,History Quality,100%,Lots_Per_Money=100000 Tenkansen=9 Kijunsen=26 SenkouSpanB=52 ADX_Period=14 ATR_Period=14 ATRX=1 Body_Tower_Ratio=2.0 BB_Period_ForAddLot=20 BB_Deviations_ForAddLot=1.2 Multiple=1 Lot_Percent_Incre_Decre=10 MagicStart=6108,MONEY_LOT;NO_SL_INPUT(heuristic),,,,,ok,
4-4-5,D:\Forex\10_EA_PROJECTS\0. Jobot\1000+ EA BOT MOGUL Bundles\MT5 (ex5)\Forex\4\4-4\4-4-5\4-4-5.html,4-4-5,EURUSD,H1,2023.01.01,2023.12.31,0.997,<=1yr,17582.72,2.63,3541.48,12.26,5281.22,18.77,713,History Quality,100%,"Lots_Per_Money=100000 Tenkansen=9 Kijunsen=26 SenkouSpanB=52 ADX_Period=14 ATR_Period=14 ATRX=1 Body_Tower_Ratio=2 Zigzag_Period=2 FIBO_6_Level=23.6,38.2,50,61.8,78.6,100 Close_Profit_Percent=1 BB_Period_ForAddLot=17 BB_Deviations_ForAddLot=1.7 Lot_Percent_Incre_Decre=50 Multiple=1 MagicStart=6108",MONEY_LOT;NO_SL_INPUT(heuristic),,,,,ok,
4-4-6,D:\Forex\10_EA_PROJECTS\0. Jobot\1000+ EA BOT MOGUL Bundles\MT5 (ex5)\Forex\4\4-4\4-4-6\4-4-6.html,4-4-6,EURUSD,H1,2023.01.01,2023.12.31,0.997,<=1yr,12192.51,2.10,2209.45,9.05,9658.53,41.71,441,History Quality,100%,Lots_Per_Money=100000 Tenkansen=9 Kijunsen=26 SenkouSpanB=52 ADX_Period=14 ATR_Period=14 ATRX=2 Close_Profit_Percent=1 BB_Period_ForAddLot=15 BB_Deviations_ForAddLot=1.9 Multiple=1.3 Lot_Percent_Incre_Decre=49 MagicStart=6108,MONEY_LOT;MARTINGALE;NO_SL_INPUT(heuristic),,,,,ok,
4-4-7,D:\Forex\10_EA_PROJECTS\0. Jobot\1000+ EA BOT MOGUL Bundles\MT5 (ex5)\Forex\4\4-4\4-4-7\4-4-7.html,4-4-7T,EURUSD,H1,2023.01.01,2023.12.31,0.997,<=1yr,15944.60,2.32,969.73,4.39,3404.06,16.59,559,History Quality,100%,Lots_Per_Money=100000 Tenkansen=9 Kijunsen=26 SenkouSpanB=52 ADX_Period=14 ATR_Period=14 ATRX=1.0 Fast_EMA_period=12 Slow_EMA_period=26 Signal_SMA_period=9 BB_Period_ForAddLot=10 BB_Deviations_ForAddLot=1.7 Multiple=1.7 Lot_Percent_Incre_Decre=80 Close_Profit_Percent=1 MagicStart=6108,MONEY_LOT;MARTINGALE;NO_SL_INPUT(heuristic),,,,,ok,
4-4-8,D:\Forex\10_EA_PROJECTS\0. Jobot\1000+ EA BOT MOGUL Bundles\MT5 (ex5)\Forex\4\4-4\4-4-8\4-4-8.html,4-4-8,EURUSD,H1,2023.01.01,2023.12.31,0.997,<=1yr,13038.02,1.76,6935.55,23.14,11045.94,40.48,720,History Quality,100%,Lots_Per_Money=100000 Tenkansen=9 Kijunsen=26 SenkouSpanB=52 ADX_Period=14 ATR_Period=14 ATRX=1 Close_Profit_Percent=1 Fast_EMA_period=12 Slow_EMA_period=26 Signal_SMA_period=9 BE_Profit_ATR_Pips=3 BE_Offset_ATR=1 Multiple=1 BB_Period_ForAddLot=12 BB_Deviations_ForAddLot=1.9 Lot_Percent_Incre_Decre=30 MagicStart=6108,MONEY_LOT;NO_SL_INPUT(heuristic),,,,,ok,
4-4-9,D:\Forex\10_EA_PROJECTS\0. Jobot\1000+ EA BOT MOGUL Bundles\MT5 (ex5)\Forex\4\4-4\4-4-9\4-4-9.html,4-4-9,EURUSD,H1,2023.01.01,2023.12.31,0.997,<=1yr,21503.16,3.43,1535.81,4.83,7914.82,26.92,688,History Quality,100%,Lots_Per_Money=100000 Tenkansen=9 Kijunsen=26 SenkouSpanB=52 ADX_Period=14 ATR_Period=14 ATRX=1 Close_Profit_Percent=1.9 BE_Profit_ATR_Pips=1 Multiple=1.3 BB_Period_ForAddLot=17 BB_Deviations_ForAddLot=1.6 Lot_Percent_Incre_Decre=10 MagicStart=6108,MONEY_LOT;MARTINGALE;NO_SL_INPUT(heuristic),,,,,ok,
201.1.1,D:\Forex\10_EA_PROJECTS\0. Jobot\1000+ EA BOT MOGUL Bundles\MT5 (ex5)\THS\2\201\201.1\201.1.1\202.1.1.html,(TXE5199) 202.1.1 THS SD MFI DCA CA,TRUE,H4,2024.01.01,2024.12.31,0.999,<=1yr,12004.90,25.36,81.45,0.08,1789.41,1.65,11,History Quality,54%,Investment_Percentage_Bot=100 Total_Trades_Per_Symbol=999 SD_Distance_Period=10 SD_Distance_Multiplier=1.0 Volume_period_MFI=12 Volune_Level_MFI=40 Lot_percent_Money_per_trade=10 Close_all_percent_profit=1 MagicStart=7785 Wallet_Address=,MONEY_LOT;NO_SL_INPUT(heuristic),,,,,ok,
201.1.4,D:\Forex\10_EA_PROJECTS\0. Jobot\1000+ EA BOT MOGUL Bundles\MT5 (ex5)\THS\2\201\201.1\201.1.4\201.1.4.html,(JWU0468) 201.1.4 THS SD Vol DCA STOC,CCET,H4,2024.01.01,2024.12.31,0.999,<=1yr,65237.93,484.85,134.83,0.13,59356.00,29.84,1,History Quality,54%,Investment_Percentage_Bot=100 Total_Trades_Per_Symbol=999 SD_Distance_Period=15 SD_Distance_Multiplier=1.1 STO_close_period=16 STO_close_level=100 Lot_percent_Money_per_trade=10 MagicStart=7785 Wallet_Address=,MONEY_LOT;MARTINGALE;NO_SL_INPUT(heuristic),,,,,ok,
201.1.5,D:\Forex\10_EA_PROJECTS\0. Jobot\1000+ EA BOT MOGUL Bundles\MT5 (ex5)\THS\2\201\201.1\201.1.5\201.1.5.html,(CRH7413) 201.1.5 THS SD Vol DCA MACDC,CCET,H4,2024.01.01,2024.12.31,0.999,<=1yr,44874.06,29.51,213.95,0.15,34832.27,22.90,10,History Quality,54%,Investment_Percentage_Bot=100 Total_Trades_Per_Symbol=999 SD_Distance_Period=19 SD_Distance_Multiplier=1.1 Lot_percent_Money_per_trade=10 MACD_fast_close=12 MACD_slow_close=26 MACD_signal_close=9 MagicStart=7785 Wallet_Address=,MONEY_LOT;MARTINGALE;NO_SL_INPUT(heuristic),,,,,ok,
201.1.6,D:\Forex\10_EA_PROJECTS\0. Jobot\1000+ EA BOT MOGUL Bundles\MT5 (ex5)\THS\2\201\201.1\201.1.6\201.1.6.html,(EJI6580) 201.1.6 THS SD Vol DCA EMAC,CCET,H4,2024.01.01,2024.12.31,0.999,<=1yr,57225.63,74.67,215.13,0.14,33788.98,18.62,8,History Quality,54%,Investment_Percentage_Bot=100 Total_Trades_Per_Symbol=999 SD_Distance_Period=10 SD_Distance_Multiplier=4.7 Lot_percent_Money_per_trade=10 Close_EMA_fast_period=52 Close_EMA_slow_period=20 Close_EMA_trend_period=40 MagicStart=7785 Wallet_Address=,MONEY_LOT;MARTINGALE;NO_SL_INPUT(heuristic),,,,,ok,
201.2.2,D:\Forex\10_EA_PROJECTS\0. Jobot\1000+ EA BOT MOGUL Bundles\MT5 (ex5)\THS\2\201\201.2\201.2.2\201.2.2.html,(ASM7675) 201.2.2 THS SD Vol Plus TL,CCET,H4,2024.01.01,2024.12.31,0.999,<=1yr,38539.69,3.54,8097.35,5.52,33675.18,22.52,15,History Quality,54%,Investment_Percentage_Bot=100 Total_Trades_Per_Symbol=999 SD_Distance_Period=10 SD_Distance_Multiplier=1.0 TL_Start_Money_percent=3 TL_Step_Money_percent=0.1 TL_Stop_Money_percent=1 Initial_Trade_Percent=2 Volume_Plus_Step_Percent=2 MagicStart=7785 Wallet_Address=,MONEY_LOT;NO_SL_INPUT(heuristic),,,,,ok,
201.2.3,D:\Forex\10_EA_PROJECTS\0. Jobot\1000+ EA BOT MOGUL Bundles\MT5 (ex5)\THS\2\201\201.2\201.2.3\201.2.3.html,(SLV0932) 201.2.3 THS SD Vol Plus RSIC,ADVANC,H4,2024.01.01,2024.12.31,0.999,<=1yr,20018.45,160.45,125.55,0.13,7600.00,7.53,1,History Quality,54%,Investment_Percentage_Bot=100 Total_Trades_Per_Symbol=999 SD_Distance_Period=20 SD_Distance_Multiplier=5.0 RSI_close_period=13 RSI_close_level=100 Initial_Trade_Percent=2 Volume_Plus_Step_Percent=2 MagicStart=7785 Wallet_Address=,MONEY_LOT;MARTINGALE;NO_SL_INPUT(heuristic),,,,,ok,
201.2.4,D:\Forex\10_EA_PROJECTS\0. Jobot\1000+ EA BOT MOGUL Bundles\MT5 (ex5)\THS\2\201\201.2\201.2.4\201.2.4.html,(NTT8592) 201.2.4 THS SD Vol Plus STOC,DELTA,H4,2024.01.01,2024.12.31,0.999,<=1yr,43088.10,291.41,148.37,0.15,17225.00,16.26,1,History Quality,54%,Investment_Percentage_Bot=100 Total_Trades_Per_Symbol=999 SD_Distance_Period=17 SD_Distance_Multiplier=4.6 STO_close_period=16 STO_close_level=100 Initial_Trade_Percent=2 Volume_Plus_Step_Percent=2 MagicStart=7785 Wallet_Address=,MONEY_LOT;MARTINGALE;NO_SL_INPUT(heuristic),,,,,ok,
201.2.5,D:\Forex\10_EA_PROJECTS\0. Jobot\1000+ EA BOT MOGUL Bundles\MT5 (ex5)\THS\2\201\201.2\201.2.5\201.2.5.html,(FPE7044) 201.2.5 THS SD Vol Plus MACDC,CCET,H4,2024.01.01,2024.12.31,0.999,<=1yr,58249.91,18.78,1860.60,1.16,38460.21,21.82,8,History Quality,54%,Investment_Percentage_Bot=100 Total_Trades_Per_Symbol=999 SD_Distance_Period=20 SD_Distance_Multiplier=1.3 MACD_fast_close=12 MACD_slow_close=26 MACD_signal_close=9 Initial_Trade_Percent=2 Volume_Plus_Step_Percent=2 MagicStart=7785 Wallet_Address=,MONEY_LOT;MARTINGALE;NO_SL_INPUT(heuristic),,,,,ok,
201.2.6,D:\Forex\10_EA_PROJECTS\0. Jobot\1000+ EA BOT MOGUL Bundles\MT5 (ex5)\THS\2\201\201.2\201.2.6\201.2.6.html,(YSR5514) 201.2.6 THS SD Vol Plus EMAC,CCET,H4,2024.01.01,2024.12.31,0.999,<=1yr,75476.20,18.72,2563.32,1.44,36077.37,17.95,18,History Quality,54%,Investment_Percentage_Bot=100 Total_Trades_Per_Symbol=999 SD_Distance_Period=18 SD_Distance_Multiplier=1.0 Close_EMA_fast_period=5 Close_EMA_slow_period=20 Close_EMA_trend_period=40 Initial_Trade_Percent=2 Volume_Plus_Step_Percent=2 MagicStart=7785 Wallet_Address=,MONEY_LOT;NO_SL_INPUT(heuristic),,,,,ok,
201.3.3,D:\Forex\10_EA_PROJECTS\0. Jobot\1000+ EA BOT MOGUL Bundles\MT5 (ex5)\THS\2\201\201.3\201.3.3\201.3.3.html,(NRK0454) 201.3.3 THS SD Vol Multiply RSIC,CCET,H4,2024.01.01,2024.12.31,0.999,<=1yr,87165.30,6.84,13371.57,6.67,44838.00,22.12,18,History Quality,54%,Investment_Percentage_Bot=100 Total_Trades_Per_Symbol=999 SD_Distance_Period=10 SD_Distance_Multiplier=1.0 RSI_close_period=11 RSI_close_level=80 Initial_Trade_Percent=8 Trade_Volume_Multiplier=1.2 MagicStart=7785 Wallet_Address=,MONEY_LOT;MARTINGALE;NO_SL_INPUT(heuristic),,,,,ok,
201.3.4,D:\Forex\10_EA_PROJECTS\0. Jobot\1000+ EA BOT MOGUL Bundles\MT5 (ex5)\THS\2\201\201.3\201.3.4\201.3.4.html,(CGF0349) 201.3.4 THS SD Vol Multiply STOC,CCET,H4,2024.01.01,2024.12.31,0.999,<=1yr,66505.15,14.14,2645.37,1.56,31734.00,27.24,29,History Quality,54%,Investment_Percentage_Bot=100 Total_Trades_Per_Symbol=999 SD_Distance_Period=13 SD_Distance_Multiplier=1.4 STO_close_period=10 STO_close_level=90 Initial_Trade_Percent=6 Trade_Volume_Multiplier=1.2 MagicStart=7785 Wallet_Address=,MONEY_LOT;MARTINGALE;NO_SL_INPUT(heuristic),,,,,ok,
201.3.5,D:\Forex\10_EA_PROJECTS\0. Jobot\1000+ EA BOT MOGUL Bundles\MT5 (ex5)\THS\2\201\201.3\201.3.5\201.3.5.html,(YOD4862) 201.3.5 THS SD Vol Multiply MACDC,CCET,H4,2024.01.01,2024.12.31,0.999,<=1yr,41424.99,12.08,2412.05,1.68,31579.84,24.92,10,History Quality,54%,Investment_Percentage_Bot=100 Total_Trades_Per_Symbol=999 SD_Distance_Period=20 SD_Distance_Multiplier=1.8 MACD_fast_close=12 MACD_slow_close=26 MACD_signal_close=9 Initial_Trade_Percent=10 Trade_Volume_Multiplier=1.2 MagicStart=7785 Wallet_Address=,MONEY_LOT;MARTINGALE;NO_SL_INPUT(heuristic),,,,,ok,
201.3.6,D:\Forex\10_EA_PROJECTS\0. Jobot\1000+ EA BOT MOGUL Bundles\MT5 (ex5)\THS\2\201\201.3\201.3.6\201.3.6.html,(ZSB9945) 201.3.6 THS SD Vol Multiply EMAC,CCET,H4,2024.01.01,2024.12.31,0.999,<=1yr,61956.20,38.50,889.20,0.55,31890.97,17.07,16,History Quality,54%,Investment_Percentage_Bot=100 Total_Trades_Per_Symbol=999 SD_Distance_Period=20 SD_Distance_Multiplier=1.8 Close_EMA_fast_period=5 Close_EMA_slow_period=20 Close_EMA_trend_period=40 Initial_Trade_Percent=5 Trade_Volume_Multiplier=1.2 MagicStart=7785 Wallet_Address=,MONEY_LOT;MARTINGALE;NO_SL_INPUT(heuristic),,,,,ok,
201.4.1,D:\Forex\10_EA_PROJECTS\0. Jobot\1000+ EA BOT MOGUL Bundles\MT5 (ex5)\THS\2\201\201.4\201.4.1\201.4.1.html,(POQ5350) 201.4.1 THS SD Vol Log CA,DELTA,H4,2024.01.01,2024.12.31,0.999,<=1yr,19144.65,5.86,215.93,0.18,9488.22,8.06,48,History Quality,54%,Investment_Percentage_Bot=100 Total_Trades_Per_Symbol=999 SD_Distance_Period=18 SD_Distance_Multiplier=1.1 Close_all_percent_profit=0.4 Initial_Trade_Percent=1.2 MagicStart=7785 Wallet_Address=,MONEY_LOT;MARTINGALE;NO_SL_INPUT(heuristic),,,,,ok,
201.4.2,D:\Forex\10_EA_PROJECTS\0. Jobot\1000+ EA BOT MOGUL Bundles\MT5 (ex5)\THS\2\201\201.4\201.4.2\201.4.2.html,(HXO4749) 201.4.2 THS SD Vol Log TL,CCET,H4,2024.01.01,2024.12.31,0.999,<=1yr,38539.69,3.54,8097.35,5.52,33675.18,22.52,15,History Quality,54%,Investment_Percentage_Bot=100 Total_Trades_Per_Symbol=999 SD_Distance_Period=10 SD_Distance_Multiplier=1.0 TL_Start_Money_percent=3 TL_Step_Money_percent=0.1 TL_Stop_Money_percent=1 Initial_Trade_Percent=2 MagicStart=7785 Wallet_Address=,MONEY_LOT;NO_SL_INPUT(heuristic),,,,,ok,
201.4.3,D:\Forex\10_EA_PROJECTS\0. Jobot\1000+ EA BOT MOGUL Bundles\MT5 (ex5)\THS\2\201\201.4\201.4.3\201.4.3.html,(OKO6308) 201.4.3 THS SD Vol Log RSIC,CCET,H4,2024.01.01,2024.12.31,0.999,<=1yr,64537.53,52.30,241.84,0.15,36166.56,28.79,13,History Quality,54%,Investment_Percentage_Bot=100 Total_Trades_Per_Symbol=999 SD_Distance_Period=16 SD_Distance_Multiplier=1.0 RSI_close_period=11 RSI_close_level=80 Initial_Trade_Percent=2 MagicStart=7785 Wallet_Address=,MONEY_LOT;NO_SL_INPUT(heuristic),,,,,ok,
201.4.4,D:\Forex\10_EA_PROJECTS\0. Jobot\1000+ EA BOT MOGUL Bundles\MT5 (ex5)\THS\2\201\201.4\201.4.4\201.4.4.html,(VGR2019) 201.4.4 THS SD Vol Log STOC,CCET,H4,2024.01.01,2024.12.31,0.999,<=1yr,31171.22,8.88,2353.55,1.76,18394.93,17.30,31,History Quality,54%,Investment_Percentage_Bot=100 Total_Trades_Per_Symbol=999 SD_Distance_Period=20 SD_Distance_Multiplier=1.0 STO_close_period=11 STO_close_level=80 Initial_Trade_Percent=2 MagicStart=7785 Wallet_Address=,MONEY_LOT;NO_SL_INPUT(heuristic),,,,,ok,
201.4.5,D:\Forex\10_EA_PROJECTS\0. Jobot\1000+ EA BOT MOGUL Bundles\MT5 (ex5)\THS\2\201\201.4\201.4.5\201.4.5.html,(AXK9178) 201.4.5 THS SD Vol Log MACDC,CCET,H4,2024.01.01,2024.12.31,0.999,<=1yr,41528.05,132.28,149.94,0.15,13568.00,8.90,9,History Quality,54%,Investment_Percentage_Bot=100.0 Total_Trades_Per_Symbol=999 SD_Distance_Period=11 SD_Distance_Multiplier=5.0 MACD_fast_close=12 MACD_slow_close=26 MACD_signal_close=9 Initial_Trade_Percent=2.0 MagicStart=7785 Wallet_Address=,MONEY_LOT;MARTINGALE;NO_SL_INPUT(heuristic),,,,,ok,
201.4.6,D:\Forex\10_EA_PROJECTS\0. Jobot\1000+ EA BOT MOGUL Bundles\MT5 (ex5)\THS\2\201\201.4\201.4.6\201.4.6.html,(AQV0685) 201.4.6 THS SD Vol Log EMAC,CCET,H4,2024.01.01,2024.12.31,0.999,<=1yr,75476.20,18.72,2563.32,1.44,36077.37,17.95,18,History Quality,54%,Investment_Percentage_Bot=100 Total_Trades_Per_Symbol=999 SD_Distance_Period=18 SD_Distance_Multiplier=1.0 Close_EMA_fast_period=5 Close_EMA_slow_period=20 Close_EMA_trend_period=40 Initial_Trade_Percent=2 MagicStart=7785 Wallet_Address=,MONEY_LOT;NO_SL_INPUT(heuristic),,,,,ok,
201.5.1,D:\Forex\10_EA_PROJECTS\0. Jobot\1000+ EA BOT MOGUL Bundles\MT5 (ex5)\THS\2\201\201.5\201.5.1\201.5.1.html,(VBB0351) 201.5.1 THS SD Vol RSI Lot CA,CCET,H4,2024.01.01,2024.12.31,0.999,<=1yr,38820.55,6.89,2983.65,2.10,14015.09,10.85,31,History Quality,54%,Investment_Percentage_Bot=100 Total_Trades_Per_Symbol=999 SD_Distance_Period=20 SD_Distance_Multiplier=1.0 Close_all_percent_profit=1 Initial_Trade_Percent=2 RSI_Lot_Multiplier=14 MagicStart=7785 Wallet_Address=,MONEY_LOT;MARTINGALE;NO_SL_INPUT(heuristic),,,,,ok,
201.5.2,D:\Forex\10_EA_PROJECTS\0. Jobot\1000+ EA BOT MOGUL Bundles\MT5 (ex5)\THS\2\201\201.5\201.5.2\201.5.2.html,(MDS6024) 201.5.2 THS SD Vol RSI Lot TL,CCET,H4,2024.01.01,2024.12.31,0.999,<=1yr,31224.97,7.96,3026.12,2.25,18895.02,17.36,14,History Quality,54%,Investment_Percentage_Bot=100 Total_Trades_Per_Symbol=999 SD_Distance_Period=18 SD_Distance_Multiplier=1.5 TL_Start_Money_percent=2 TL_Step_Money_percent=0.1 TL_Stop_Money_percent=1 Initial_Trade_Percent=2 RSI_Lot_Multiplier=15 MagicStart=7785 Wallet_Address=,MONEY_LOT;MARTINGALE;NO_SL_INPUT(heuristic),,,,,ok,
201.5.3,D:\Forex\10_EA_PROJECTS\0. Jobot\1000+ EA BOT MOGUL Bundles\MT5 (ex5)\THS\2\201\201.5\201.5.3\201.5.3.html,(RHD6233) 201.5.3 THS SD Vol RSI Lot RSIC,CCET,H4,2024.01.01,2024.12.31,0.999,<=1yr,23020.04,12.73,499.61,0.40,7310.39,6.35,55,History Quality,54%,Investment_Percentage_Bot=100 Total_Trades_Per_Symbol=999 SD_Distance_Period=20 SD_Distance_Multiplier=1.5 RSI_close_period=10 RSI_close_level=60 Initial_Trade_Percent=2 RSI_Lot_Multiplier=14 MagicStart=7785 Wallet_Address=,MONEY_LOT;MARTINGALE;NO_SL_INPUT(heuristic),,,,,ok,
201.5.4,D:\Forex\10_EA_PROJECTS\0. Jobot\1000+ EA BOT MOGUL Bundles\MT5 (ex5)\THS\2\201\201.5\201.5.4\201.5.4.html,(NSH2620) 201.5.4 THS SD Vol RSI Lot STOC,CCET,H4,2024.01.01,2024.12.31,0.999,<=1yr,24260.41,8.34,1791.50,1.42,10499.41,9.67,36,History Quality,54%,Investment_Percentage_Bot=100 Total_Trades_Per_Symbol=999 SD_Distance_Period=19 SD_Distance_Multiplier=1.5 STO_close_period=10 STO_close_level=80 Initial_Trade_Percent=2 RSI_Lot_Multiplier=14 MagicStart=7785 Wallet_Address=,MONEY_LOT;MARTINGALE;NO_SL_INPUT(heuristic),,,,,ok,
201.5.5,D:\Forex\10_EA_PROJECTS\0. Jobot\1000+ EA BOT MOGUL Bundles\MT5 (ex5)\THS\2\201\201.5\201.5.5\201.5.5.html,(KZV2305) 201.5.5 THS SD Vol RSI Lot MACDC,CCET,H4,2024.01.01,2024.12.31,0.999,<=1yr,42588.35,102.41,189.23,0.13,13800.02,8.98,10,History Quality,54%,Investment_Percentage_Bot=100 Total_Trades_Per_Symbol=999 SD_Distance_Period=18 SD_Distance_Multiplier=5.0 MACD_fast_close=12 MACD_slow_close=26 MACD_signal_close=9 Initial_Trade_Percent=2 RSI_Lot_Multiplier=14 MagicStart=7785 Wallet_Address=,MONEY_LOT;MARTINGALE;NO_SL_INPUT(heuristic),,,,,ok,
201.5.6,D:\Forex\10_EA_PROJECTS\0. Jobot\1000+ EA BOT MOGUL Bundles\MT5 (ex5)\THS\2\201\201.5\201.5.6\201.5.6.html,(GUF6137) 201.5.6 THS SD Vol RSI Lot EMAC,CCET,H4,2024.01.01,2024.12.31,0.999,<=1yr,72520.12,18.02,2596.75,1.48,35572.31,18.23,21,History Quality,54%,Investment_Percentage_Bot=100 Total_Trades_Per_Symbol=999 SD_Distance_Period=13 SD_Distance_Multiplier=1.5 Close_EMA_fast_period=5 Close_EMA_slow_period=20 Close_EMA_trend_period=40 Initial_Trade_Percent=2 RSI_Lot_Multiplier=14 MagicStart=7785 Wallet_Address=,MONEY_LOT;MARTINGALE;NO_SL_INPUT(heuristic),,,,,ok,
202.1.2,D:\Forex\10_EA_PROJECTS\0. Jobot\1000+ EA BOT MOGUL Bundles\MT5 (ex5)\THS\2\202\202.1\202.1.2\202.1.2.html,(VRP3835) 202.1.2 THS SD MFI DCA TL,TRUE,H4,2024.01.01,2024.12.31,0.999,<=1yr,15712.65,32.35,148.46,0.14,4204.14,3.82,8,History Quality,54%,Investment_Percentage_Bot=100 Total_Trades_Per_Symbol=999 SD_Distance_Period=11 SD_Distance_Multiplier=1.0 Volume_period_MFI=11 Volune_Level_MFI=40 Lot_percent_Money_per_trade=10 TL_Start_Money_percent=2 TL_Step_Money_percent=0.1 TL_Stop_Money_percent=1 MagicStart=7785 Wallet_Address=,MONEY_LOT;NO_SL_INPUT(heuristic),,,,,ok,
202.1.3,D:\Forex\10_EA_PROJECTS\0. Jobot\1000+ EA BOT MOGUL Bundles\MT5 (ex5)\THS\2\202\202.1\202.1.3\202.1.3.html,(PLO3645) 202.1.3 THS SD MFI DCA RSIC,TRUE,H1,2024.01.01,2024.12.31,0.999,<=1yr,96041.91,703.57,136.70,0.14,16900.00,10.51,1,History Quality,54%,Investment_Percentage_Bot=100 Total_Trades_Per_Symbol=999 SD_Distance_Period=20 SD_Distance_Multiplier=1.0 Volume_period_MFI=14 Volune_Level_MFI=60 RSI_close_period=20 RSI_close_level=90 Lot_percent_Money_per_trade=10 MagicStart=7785 Wallet_Address=,MONEY_LOT;NO_SL_INPUT(heuristic),,,,,ok,
202.1.4,D:\Forex\10_EA_PROJECTS\0. Jobot\1000+ EA BOT MOGUL Bundles\MT5 (ex5)\THS\2\202\202.1\202.1.4\202.1.4.html,(CAX4898) 202.1.4 THS SD MFI DCA STOC,TRUE,H1,2024.01.01,2024.12.31,0.999,<=1yr,96041.91,703.57,136.70,0.14,16900.00,10.51,1,History Quality,54%,Investment_Percentage_Bot=100 Total_Trades_Per_Symbol=999 SD_Distance_Period=20 SD_Distance_Multiplier=1.0 Volume_period_MFI=14 Volune_Level_MFI=60 STO_close_period=20 STO_close_level=100 Lot_percent_Money_per_trade=10 MagicStart=7785 Wallet_Address=,MONEY_LOT;NO_SL_INPUT(heuristic),,,,,ok,
202.2.1,D:\Forex\10_EA_PROJECTS\0. Jobot\1000+ EA BOT MOGUL Bundles\MT5 (ex5)\THS\2\202\202.2\202.2.1\202.2.1.html,(BPH3359) 202.2.1 THS SD MFI Plus CA,TRUE,H1,2024.01.01,2024.12.31,0.999,<=1yr,30862.52,10.18,190.23,0.15,7205.00,5.89,25,History Quality,54%,Investment_Percentage_Bot=100 Total_Trades_Per_Symbol=999 SD_Distance_Period=20 SD_Distance_Multiplier=1.0 Volume_period_MFI=14 Volune_Level_MFI=60 Close_all_percent_profit=1 Initial_Trade_Percent=8 Volume_Plus_Step_Percent=2 MagicStart=7785 Wallet_Address=,MONEY_LOT;NO_SL_INPUT(heuristic),,,,,ok,
202.2.2,D:\Forex\10_EA_PROJECTS\0. Jobot\1000+ EA BOT MOGUL Bundles\MT5 (ex5)\THS\2\202\202.2\202.2.2\202.2.2.html,(QQY4787) 202.2.2 THS SD MFI Plus TL,CCET,H1,2024.01.01,2024.12.31,0.999,<=1yr,25990.06,2.84,8684.51,6.73,18545.62,17.02,18,History Quality,54%,Investment_Percentage_Bot=100 Total_Trades_Per_Symbol=999 SD_Distance_Period=20 SD_Distance_Multiplier=1.0 Volume_period_MFI=14 Volune_Level_MFI=50 TL_Start_Money_percent=2 TL_Step_Money_percent=0.1 TL_Stop_Money_percent=1 Initial_Trade_Percent=9 Volume_Plus_Step_Percent=2 MagicStart=7785 Wallet_Address=,MONEY_LOT;NO_SL_INPUT(heuristic),,,,,ok,
202.2.3,D:\Forex\10_EA_PROJECTS\0. Jobot\1000+ EA BOT MOGUL Bundles\MT5 (ex5)\THS\2\202\202.2\202.2.3\202.2.3.html,(ZJI0258) 202.2.3 THS SD MFI Plus RSIC,TRUE,H1,2024.01.01,2024.12.31,0.999,<=1yr,111985.94,759.15,147.71,0.15,19000.00,11.02,1,History Quality,54%,Investment_Percentage_Bot=100 Total_Trades_Per_Symbol=999 SD_Distance_Period=20 SD_Distance_Multiplier=1.0 Volume_period_MFI=14 Volune_Level_MFI=30 RSI_close_period=20 RSI_close_level=80 Initial_Trade_Percent=5 Volume_Plus_Step_Percent=2 MagicStart=7785 Wallet_Address=,MONEY_LOT;NO_SL_INPUT(heuristic),,,,,ok,
202.2.4,D:\Forex\10_EA_PROJECTS\0. Jobot\1000+ EA BOT MOGUL Bundles\MT5 (ex5)\THS\2\202\202.2\202.2.4\202.2.4.html,(UJP7121) 202.2.4 THS SD MFI Plus STOC,TRUE,H1,2024.01.01,2024.12.31,0.999,<=1yr,111149.72,747.32,148.93,0.15,19000.00,11.07,1,History Quality,54%,Investment_Percentage_Bot=100 Total_Trades_Per_Symbol=999 SD_Distance_Period=20 SD_Distance_Multiplier=1.5 Volume_period_MFI=14 Volune_Level_MFI=30 STO_close_period=20 STO_close_level=100 Initial_Trade_Percent=6 Volume_Plus_Step_Percent=2 MagicStart=7785 Wallet_Address=,MONEY_LOT;MARTINGALE;NO_SL_INPUT(heuristic),,,,,ok,
202.2.5,D:\Forex\10_EA_PROJECTS\0. Jobot\1000+ EA BOT MOGUL Bundles\MT5 (ex5)\THS\2\202\202.2\202.2.5\202.2.5.html,(IQB1097) 202.2.5 THS SD MFI Plus MACDC,TRUE,H1,2024.01.01,2024.12.31,0.999,<=1yr,29399.24,12.85,252.70,0.22,8272.84,6.97,18,History Quality,54%,Investment_Percentage_Bot=100 Total_Trades_Per_Symbol=999 SD_Distance_Period=20 SD_Distance_Multiplier=1.0 Volume_period_MFI=14 Volune_Level_MFI=60 MACD_fast_close=12 MACD_slow_close=26 MACD_signal_close=9 Initial_Trade_Percent=5 Volume_Plus_Step_Percent=2 MagicStart=7785 Wallet_Address=,MONEY_LOT;NO_SL_INPUT(heuristic),,,,,ok,
202.2.6,D:\Forex\10_EA_PROJECTS\0. Jobot\1000+ EA BOT MOGUL Bundles\MT5 (ex5)\THS\2\202\202.2\202.2.6\202.2.6.html,(VMZ1789) 202.2.6 THS SD MFI Plus EMAC,CCET,H1,2024.01.01,2024.12.31,0.999,<=1yr,110721.49,181.28,257.41,0.12,38111.68,15.87,5,History Quality,54%,Investment_Percentage_Bot=100 Total_Trades_Per_Symbol=999 SD_Distance_Period=20 SD_Distance_Multiplier=1.0 Volume_period_MFI=14 Volune_Level_MFI=30 Close_EMA_fast_period=5 Close_EMA_slow_period=20 Close_EMA_trend_period=40 Initial_Trade_Percent=7 Volume_Plus_Step_Percent=2 MagicStart=7785 Wallet_Address=,MONEY_LOT;NO_SL_INPUT(heuristic),,,,,ok,
202.3.1,D:\Forex\10_EA_PROJECTS\0. Jobot\1000+ EA BOT MOGUL Bundles\MT5 (ex5)\THS\2\202\202.3\202.3.1\202.3.1.html,(DTH0010) 202.3.1 THS SD MFI Multiply CA,TRUE,H1,2024.01.01,2024.12.31,0.999,<=1yr,31335.81,9.78,189.76,0.15,7260.00,5.92,26,History Quality,54%,Investment_Percentage_Bot=100 Total_Trades_Per_Symbol=999 SD_Distance_Period=20 SD_Distance_Multiplier=1.0 Volume_period_MFI=14 Volune_Level_MFI=60 Close_all_percent_profit=1 Initial_Trade_Percent=9 Trade_Volume_Multiplier=1.2 MagicStart=7785 Wallet_Address=,MONEY_LOT;MARTINGALE;NO_SL_INPUT(heuristic),,,,,ok,
202.3.3,D:\Forex\10_EA_PROJECTS\0. Jobot\1000+ EA BOT MOGUL Bundles\MT5 (ex5)\THS\2\202\202.3\202.3.3\202.3.3.html,(WYJ5387) 202.3.3 THS SD MFI Multiply RSIC,TRUE,H1,2024.01.01,2024.12.31,0.999,<=1yr,113261.16,760.33,149.16,0.15,19200.00,11.08,1,History Quality,54%,Investment_Percentage_Bot=100 Total_Trades_Per_Symbol=999 SD_Distance_Period=20 SD_Distance_Multiplier=1.0 Volume_period_MFI=14 Volune_Level_MFI=30 RSI_close_period=20 RSI_close_level=90 Initial_Trade_Percent=3 Trade_Volume_Multiplier=1.2 MagicStart=7785 Wallet_Address=,MONEY_LOT;MARTINGALE;NO_SL_INPUT(heuristic),,,,,ok,
202.3.4,D:\Forex\10_EA_PROJECTS\0. Jobot\1000+ EA BOT MOGUL Bundles\MT5 (ex5)\THS\2\202\202.3\202.3.4\202.3.4.html,(NUQ8496) 202.3.4 THS SD MFI Multiply STOC,TRUE,H1,2024.01.01,2024.12.31,0.999,<=1yr,110588.86,739.29,149.79,0.15,19000.00,11.11,1,History Quality,54%,Investment_Percentage_Bot=100 Total_Trades_Per_Symbol=999 SD_Distance_Period=20 SD_Distance_Multiplier=2.0 Volume_period_MFI=14 Volune_Level_MFI=40 STO_close_period=20 STO_close_level=100 Initial_Trade_Percent=10 Trade_Volume_Multiplier=1.2 MagicStart=7785 Wallet_Address=,MONEY_LOT;MARTINGALE;NO_SL_INPUT(heuristic),,,,,ok,
202.3.5,D:\Forex\10_EA_PROJECTS\0. Jobot\1000+ EA BOT MOGUL Bundles\MT5 (ex5)\THS\2\202\202.3\202.3.5\202.3.5.html,(YTD7853) 202.3.5 THS SD MFI Multiply MACDC,TRUE,H1,2024.01.01,2024.12.31,0.999,<=1yr,29649.70,16.43,175.30,0.14,8474.58,6.96,17,History Quality,54%,Investment_Percentage_Bot=100 Total_Trades_Per_Symbol=999 SD_Distance_Period=20 SD_Distance_Multiplier=1.5 Volume_period_MFI=14 Volune_Level_MFI=60 MACD_fast_close=12 MACD_slow_close=26 MACD_signal_close=9 Initial_Trade_Percent=9 Trade_Volume_Multiplier=1.2 MagicStart=7785 Wallet_Address=,MONEY_LOT;MARTINGALE;NO_SL_INPUT(heuristic),,,,,ok,
202.3.6,D:\Forex\10_EA_PROJECTS\0. Jobot\1000+ EA BOT MOGUL Bundles\MT5 (ex5)\THS\2\202\202.3\202.3.6\202.3.6.html,(ZOF4185) 202.3.6 THS SD MFI Multiply EMAC,TRUE,H1,2024.01.01,2024.12.31,0.999,<=1yr,82942.60,77.28,259.90,0.15,17861.94,10.76,5,History Quality,54%,Investment_Percentage_Bot=100 Total_Trades_Per_Symbol=999 SD_Distance_Period=20 SD_Distance_Multiplier=1.0 Volume_period_MFI=14 Volune_Level_MFI=70 Close_EMA_fast_period=5 Close_EMA_slow_period=20 Close_EMA_trend_period=40 Initial_Trade_Percent=9 Trade_Volume_Multiplier=1.2 MagicStart=7785 Wallet_Address=,MONEY_LOT;MARTINGALE;NO_SL_INPUT(heuristic),,,,,ok,
202.4.1,D:\Forex\10_EA_PROJECTS\0. Jobot\1000+ EA BOT MOGUL Bundles\MT5 (ex5)\THS\2\202\202.4\202.4.1\202.4.1.html,(XFD5749) 202.4.1 THS SD MFI Log CA,TRUE,H1,2024.01.01,2024.12.31,0.999,<=1yr,31335.81,9.78,189.76,0.15,7260.00,5.92,26,History Quality,54%,Investment_Percentage_Bot=100 Total_Trades_Per_Symbol=999 SD_Distance_Period=20 SD_Distance_Multiplier=1.0 Volume_period_MFI=14 Volune_Level_MFI=60 Close_all_percent_profit=1 Initial_Trade_Percent=9 MagicStart=7785 Wallet_Address=,MONEY_LOT;NO_SL_INPUT(heuristic),,,,,ok,
202.4.2,D:\Forex\10_EA_PROJECTS\0. Jobot\1000+ EA BOT MOGUL Bundles\MT5 (ex5)\THS\2\202\202.4\202.4.2\202.4.2.html,(GJW6060) 202.4.2 THS SD MFI Log TL,TRUE,H1,2024.01.01,2024.12.31,0.999,<=1yr,27344.40,10.80,400.40,0.31,7409.56,5.98,17,History Quality,54%,Investment_Percentage_Bot=100 Total_Trades_Per_Symbol=999 SD_Distance_Period=20 SD_Distance_Multiplier=1.0 Volume_period_MFI=14 Volune_Level_MFI=60 TL_Start_Money_percent=2 TL_Step_Money_percent=0.1 TL_Stop_Money_percent=1 Initial_Trade_Percent=7 MagicStart=7785 Wallet_Address=,MONEY_LOT;NO_SL_INPUT(heuristic),,,,,ok,
202.4.3,D:\Forex\10_EA_PROJECTS\0. Jobot\1000+ EA BOT MOGUL Bundles\MT5 (ex5)\THS\2\202\202.4\202.4.3\202.4.3.html,(PQU9125) 202.4.3 THS SD MFI Log RSIC,TRUE,H1,2024.01.01,2024.12.31,0.999,<=1yr,113261.16,760.33,149.16,0.15,19200.00,11.08,1,History Quality,54%,Investment_Percentage_Bot=100 Total_Trades_Per_Symbol=999 SD_Distance_Period=20 SD_Distance_Multiplier=1.0 Volume_period_MFI=14 Volune_Level_MFI=30 RSI_close_period=20 RSI_close_level=80 Initial_Trade_Percent=3 MagicStart=7785 Wallet_Address=,MONEY_LOT;NO_SL_INPUT(heuristic),,,,,ok,
202.4.4,D:\Forex\10_EA_PROJECTS\0. Jobot\1000+ EA BOT MOGUL Bundles\MT5 (ex5)\THS\2\202\202.4\202.4.4\202.4.4.html,(VWU8125) 202.4.4 THS SD MFI Log STOC,TRUE,H1,2024.01.01,2024.12.31,0.999,<=1yr,107429.10,744.25,144.54,0.14,18400.00,10.88,1,History Quality,54%,Investment_Percentage_Bot=100 Total_Trades_Per_Symbol=999 SD_Distance_Period=20 SD_Distance_Multiplier=2.0 Volume_period_MFI=14 Volune_Level_MFI=40 STO_close_period=20 STO_close_level=100 Initial_Trade_Percent=4 MagicStart=7785 Wallet_Address=,MONEY_LOT;MARTINGALE;NO_SL_INPUT(heuristic),,,,,ok,
202.4.5,D:\Forex\10_EA_PROJECTS\0. Jobot\1000+ EA BOT MOGUL Bundles\MT5 (ex5)\THS\2\202\202.4\202.4.5\202.4.5.html,(YSL2048) 202.4.5 THS SD MFI Log MACDC,TRUE,H1,2024.01.01,2024.12.31,0.999,<=1yr,27473.28,12.28,187.64,0.15,8319.37,7.06,17,History Quality,54%,Investment_Percentage_Bot=100 Total_Trades_Per_Symbol=999 SD_Distance_Period=20 SD_Distance_Multiplier=1.0 Volume_period_MFI=14 Volune_Level_MFI=60 MACD_fast_close=12 MACD_slow_close=26 MACD_signal_close=9 Initial_Trade_Percent=4 MagicStart=7785 Wallet_Address=,MONEY_LOT;NO_SL_INPUT(heuristic),,,,,ok,
202.4.6,D:\Forex\10_EA_PROJECTS\0. Jobot\1000+ EA BOT MOGUL Bundles\MT5 (ex5)\THS\2\202\202.4\202.4.6\202.4.6.html,(KXD3048) 202.4.6 THS SD MFI Log EMAC,TRUE,H1,2024.01.01,2024.12.31,0.999,<=1yr,78817.77,62.22,246.31,0.14,16572.01,10.09,7,History Quality,54%,Investment_Percentage_Bot=100 Total_Trades_Per_Symbol=999 SD_Distance_Period=20 SD_Distance_Multiplier=1.0 Volume_period_MFI=14 Volune_Level_MFI=60 Close_EMA_fast_period=5 Close_EMA_slow_period=20 Close_EMA_trend_period=40 Initial_Trade_Percent=8 MagicStart=7785 Wallet_Address=,MONEY_LOT;NO_SL_INPUT(heuristic),,,,,ok,
202.5.1,D:\Forex\10_EA_PROJECTS\0. Jobot\1000+ EA BOT MOGUL Bundles\MT5 (ex5)\THS\2\202\202.5\202.5.1\202.5.1.html,(ILW3713) 202.5.1 THS SD MFI RSI Lot CA,TRUE,H1,2024.01.01,2024.12.31,0.999,<=1yr,36352.83,9.21,777.50,0.57,6216.67,4.99,29,History Quality,54%,Investment_Percentage_Bot=100 Total_Trades_Per_Symbol=999 SD_Distance_Period=20 SD_Distance_Multiplier=1.0 Volume_period_MFI=14 Volune_Level_MFI=50 Close_all_percent_profit=1 Initial_Trade_Percent=9 RSI_Lot_Multiplier=14 MagicStart=7785 Wallet_Address=,MONEY_LOT;MARTINGALE;NO_SL_INPUT(heuristic),,,,,ok,
202.5.2,D:\Forex\10_EA_PROJECTS\0. Jobot\1000+ EA BOT MOGUL Bundles\MT5 (ex5)\THS\2\202\202.5\202.5.2\202.5.2.html,(JBN7181) 202.5.2 THS SD MFI RSI Lot TL,TRUE,H1,2024.01.01,2024.12.31,0.999,<=1yr,37099.02,10.41,980.95,0.79,10350.00,8.24,20,History Quality,54%,Investment_Percentage_Bot=100 Total_Trades_Per_Symbol=999 SD_Distance_Period=20 SD_Distance_Multiplier=1.0 Volume_period_MFI=14 Volune_Level_MFI=60 TL_Start_Money_percent=2 TL_Step_Money_percent=0.1 TL_Stop_Money_percent=1 Initial_Trade_Percent=9 RSI_Lot_Multiplier=14 MagicStart=7785 Wallet_Address=,MONEY_LOT;MARTINGALE;NO_SL_INPUT(heuristic),,,,,ok,
202.5.3,D:\Forex\10_EA_PROJECTS\0. Jobot\1000+ EA BOT MOGUL Bundles\MT5 (ex5)\THS\2\202\202.5\202.5.3\202.5.3.html,(SPN7264) 202.5.3 THS SD MFI RSI Lot RSIC,TRUE,H1,2024.01.01,2024.12.31,0.999,<=1yr,113321.31,761.49,149.01,0.15,19200.00,11.08,1,History Quality,54%,Investment_Percentage_Bot=100 Total_Trades_Per_Symbol=999 SD_Distance_Period=20 SD_Distance_Multiplier=1.0 Volume_period_MFI=14 Volune_Level_MFI=30 RSI_close_period=20 RSI_close_level=80 Initial_Trade_Percent=7 RSI_Lot_Multiplier=14 MagicStart=7785 Wallet_Address=,MONEY_LOT;MARTINGALE;NO_SL_INPUT(heuristic),,,,,ok,
202.5.4,D:\Forex\10_EA_PROJECTS\0. Jobot\1000+ EA BOT MOGUL Bundles\MT5 (ex5)\THS\2\202\202.5\202.5.4\202.5.4.html,(LZY9279) 202.5.4 THS SD MFI RSI Lot STOC,TRUE,H1,2024.01.01,2024.12.31,0.999,<=1yr,109874.46,745.81,147.52,0.15,18800.00,11.01,1,History Quality,54%,Investment_Percentage_Bot=100 Total_Trades_Per_Symbol=999 SD_Distance_Period=20 SD_Distance_Multiplier=2.0 Volume_period_MFI=14 Volune_Level_MFI=40 STO_close_period=20 STO_close_level=100 Initial_Trade_Percent=9 RSI_Lot_Multiplier=14 MagicStart=7785 Wallet_Address=,MONEY_LOT;MARTINGALE;NO_SL_INPUT(heuristic),,,,,ok,
202.5.5,D:\Forex\10_EA_PROJECTS\0. Jobot\1000+ EA BOT MOGUL Bundles\MT5 (ex5)\THS\2\202\202.5\202.5.5\202.5.5.html,(MCT1185) 202.5.5 THS SD MFI RSI Lot MACDC,TRUE,H1,2024.01.01,2024.12.31,0.999,<=1yr,31180.73,13.12,253.56,0.19,8558.49,6.88,20,History Quality,54%,Investment_Percentage_Bot=100 Total_Trades_Per_Symbol=999 SD_Distance_Period=20 SD_Distance_Multiplier=1.5 Volume_period_MFI=14 Volune_Level_MFI=60 MACD_fast_close=12 MACD_slow_close=26 MACD_signal_close=9 Initial_Trade_Percent=7 RSI_Lot_Multiplier=14 MagicStart=7785 Wallet_Address=,MONEY_LOT;MARTINGALE;NO_SL_INPUT(heuristic),,,,,ok,
202.5.6,D:\Forex\10_EA_PROJECTS\0. Jobot\1000+ EA BOT MOGUL Bundles\MT5 (ex5)\THS\2\202\202.5\202.5.6\202.5.6.html,(AIT2866) 202.5.6 THS SD MFI RSI Lot EMAC,TRUE,H1,2024.01.01,2024.12.31,0.999,<=1yr,79259.63,76.01,246.35,0.14,18121.37,11.04,5,History Quality,54%,Investment_Percentage_Bot=100 Total_Trades_Per_Symbol=999 SD_Distance_Period=20 SD_Distance_Multiplier=1.0 Volume_period_MFI=14 Volune_Level_MFI=70 Close_EMA_fast_period=5 Close_EMA_slow_period=20 Close_EMA_trend_period=40 Initial_Trade_Percent=3 RSI_Lot_Multiplier=14 MagicStart=7785 Wallet_Address=,MONEY_LOT;MARTINGALE;NO_SL_INPUT(heuristic),,,,,ok,
203.1.1,D:\Forex\10_EA_PROJECTS\0. Jobot\1000+ EA BOT MOGUL Bundles\MT5 (ex5)\THS\2\203\203.1\203.1.1\203.1.1.html,(HXT1058) 203.1.1 THS SD VolMFI DCA CA,CCET,H4,2024.01.01,2024.12.31,0.999,<=1yr,6528.88,43.28,47.41,0.05,4582.77,4.54,6,History Quality,54%,Investment_Percentage_Bot=100 Total_Trades_Per_Symbol=999 SD_Distance_Period=10 SD_Distance_Multiplier=3.0 Volume_period_MFI=18 Volune_Level_MFI=50 Lot_percent_Money_per_trade=10 Close_all_percent_profit=1 MagicStart=7785 Wallet_Address=,MONEY_LOT;MARTINGALE;NO_SL_INPUT(heuristic),,,,,ok,
203.1.2,D:\Forex\10_EA_PROJECTS\0. Jobot\1000+ EA BOT MOGUL Bundles\MT5 (ex5)\THS\2\203\203.1\203.1.2\203.1.2.html,(GBB6439) 203.1.2 THS SD VolMFI DCA TL,ITC,H4,2024.01.01,2024.12.31,0.999,<=1yr,6227.85,32.76,76.82,0.07,3848.24,3.63,3,History Quality,53%,Investment_Percentage_Bot=100 Total_Trades_Per_Symbol=999 SD_Distance_Period=11 SD_Distance_Multiplier=2.5 Volume_period_MFI=16 Volune_Level_MFI=50 Lot_percent_Money_per_trade=10 TL_Start_Money_percent=2 TL_Step_Money_percent=0.1 TL_Stop_Money_percent=1 MagicStart=7785 Wallet_Address=,MONEY_LOT;MARTINGALE;NO_SL_INPUT(heuristic),,,,,ok,
203.1.3,D:\Forex\10_EA_PROJECTS\0. Jobot\1000+ EA BOT MOGUL Bundles\MT5 (ex5)\THS\2\203\203.1\203.1.3\203.1.3.html,(JPH7285) 203.1.3 THS SD VolMFI DCA RSIC,INTUCH,H4,2024.01.01,2024.12.31,0.999,<=1yr,30231.29,203.99,148.93,0.15,6300.00,5.33,1,History Quality,54%,Investment_Percentage_Bot=100 Total_Trades_Per_Symbol=999 SD_Distance_Period=20 SD_Distance_Multiplier=1.0 Volume_period_MFI=14 Volune_Level_MFI=50 RSI_close_period=20 RSI_close_level=90 Lot_percent_Money_per_trade=10 MagicStart=7785 Wallet_Address=,MONEY_LOT;NO_SL_INPUT(heuristic),,,,,ok,
203.1.4,D:\Forex\10_EA_PROJECTS\0. Jobot\1000+ EA BOT MOGUL Bundles\MT5 (ex5)\THS\2\203\203.1\203.1.4\203.1.4.html,(WDN8918) 203.1.4 THS SD VolMFI DCA STOC,TRUE,H1,2024.01.01,2024.12.31,0.999,<=1yr,87911.36,626.35,140.58,0.14,16400.00,10.67,1,History Quality,54%,Investment_Percentage_Bot=100 Total_Trades_Per_Symbol=999 SD_Distance_Period=20 SD_Distance_Multiplier=1.0 Volume_period_MFI=12 Volune_Level_MFI=40 STO_close_period=18 STO_close_level=100 Lot_percent_Money_per_trade=10 MagicStart=7785 Wallet_Address=,MONEY_LOT;NO_SL_INPUT(heuristic),,,,,ok,
203.1.5,D:\Forex\10_EA_PROJECTS\0. Jobot\1000+ EA BOT MOGUL Bundles\MT5 (ex5)\THS\2\203\203.1\203.1.5\203.1.5.html,(CEY1087) 203.1.5 THS SD VolMFI DCA MACDC,DELTA,H1,2024.01.01,2024.12.31,0.999,<=1yr,6786.66,19.05,79.17,0.08,2781.43,2.62,9,History Quality,54%,Investment_Percentage_Bot=100 Total_Trades_Per_Symbol=999 SD_Distance_Period=10 SD_Distance_Multiplier=1.0 Volume_period_MFI=17 Volune_Level_MFI=70 Lot_percent_Money_per_trade=10 MACD_fast_close=12 MACD_slow_close=26 MACD_signal_close=9 MagicStart=7785 Wallet_Address=,MONEY_LOT;NO_SL_INPUT(heuristic),,,,,ok,
203.1.6,D:\Forex\10_EA_PROJECTS\0. Jobot\1000+ EA BOT MOGUL Bundles\MT5 (ex5)\THS\2\203\203.1\203.1.6\203.1.6.html,(CFE7878) 203.1.6 THS SD VolMFI DCA EMAC,TLI,H4,2024.01.01,2024.12.31,0.999,<=1yr,27935.36,164.29,142.26,0.14,19203.18,18.98,2,History Quality,54%,Investment_Percentage_Bot=100 Total_Trades_Per_Symbol=999 SD_Distance_Period=20 SD_Distance_Multiplier=2.5 Volume_period_MFI=14 Volune_Level_MFI=40 Lot_percent_Money_per_trade=10 Close_EMA_fast_period=5 Close_EMA_slow_period=20 Close_EMA_trend_period=40 MagicStart=7785 Wallet_Address=,MONEY_LOT;MARTINGALE;NO_SL_INPUT(heuristic),,,,,ok,
203.2.1,D:\Forex\10_EA_PROJECTS\0. Jobot\1000+ EA BOT MOGUL Bundles\MT5 (ex5)\THS\2\203\203.2\203.2.1\203.2.1.html,(QOD0423) 203.2.1 THS SD VolMFI Plus CA,CCET,H1,2024.01.01,2024.12.31,0.999,<=1yr,16273.78,15.93,158.40,0.14,10127.58,9.02,13,History Quality,54%,Investment_Percentage_Bot=100 Total_Trades_Per_Symbol=999 SD_Distance_Period=20 SD_Distance_Multiplier=1.0 Volume_period_MFI=14 Volune_Level_MFI=40 Close_all_percent_profit=1 Initial_Trade_Percent=8 Volume_Plus_Step_Percent=2 MagicStart=7785 Wallet_Address=,MONEY_LOT;NO_SL_INPUT(heuristic),,,,,ok,
203.2.2,D:\Forex\10_EA_PROJECTS\0. Jobot\1000+ EA BOT MOGUL Bundles\MT5 (ex5)\THS\2\203\203.2\203.2.2\203.2.2.html,(ADX1713) 203.2.2 THS SD VolMFI Plus TL,CCET,H1,2024.01.01,2024.12.31,0.999,<=1yr,18105.92,23.97,159.31,0.15,6224.15,5.91,7,History Quality,54%,Investment_Percentage_Bot=100 Total_Trades_Per_Symbol=999 SD_Distance_Period=20 SD_Distance_Multiplier=1.0 Volume_period_MFI=14 Volune_Level_MFI=80 TL_Start_Money_percent=2 TL_Step_Money_percent=0.1 TL_Stop_Money_percent=1 Initial_Trade_Percent=9 Volume_Plus_Step_Percent=2 MagicStart=7785 Wallet_Address=,MONEY_LOT;NO_SL_INPUT(heuristic),,,,,ok,
203.2.3,D:\Forex\10_EA_PROJECTS\0. Jobot\1000+ EA BOT MOGUL Bundles\MT5 (ex5)\THS\2\203\203.2\203.2.3\203.2.3.html,(RTC9516) 203.2.3 THS SD VolMFI Plus RSIC,TRUE,H1,2024.01.01,2024.12.31,0.999,<=1yr,111767.29,747.66,149.69,0.15,19100.00,11.11,1,History Quality,54%,Investment_Percentage_Bot=100 Total_Trades_Per_Symbol=999 SD_Distance_Period=20 SD_Distance_Multiplier=1.5 Volume_period_MFI=14 Volune_Level_MFI=40 RSI_close_period=20 RSI_close_level=80 Initial_Trade_Percent=5 Volume_Plus_Step_Percent=2 MagicStart=7785 Wallet_Address=,MONEY_LOT;MARTINGALE;NO_SL_INPUT(heuristic),,,,,ok,
203.2.4,D:\Forex\10_EA_PROJECTS\0. Jobot\1000+ EA BOT MOGUL Bundles\MT5 (ex5)\THS\2\203\203.2\203.2.4\203.2.4.html,(XLW0755) 203.2.4 THS SD VolMFI Plus STOC,ITC,H1,2024.01.01,2024.12.31,0.999,<=1yr,7732.17,8.59,208.14,0.20,2434.44,2.42,22,History Quality,53%,Investment_Percentage_Bot=100 Total_Trades_Per_Symbol=999 SD_Distance_Period=20 SD_Distance_Multiplier=1.0 Volume_period_MFI=14 Volune_Level_MFI=40 STO_close_period=20 STO_close_level=80 Initial_Trade_Percent=8 Volume_Plus_Step_Percent=2 MagicStart=7785 Wallet_Address=,MONEY_LOT;NO_SL_INPUT(heuristic),,,,,ok,
203.2.5,D:\Forex\10_EA_PROJECTS\0. Jobot\1000+ EA BOT MOGUL Bundles\MT5 (ex5)\THS\2\203\203.2\203.2.5\203.2.5.html,(QXS1921) 203.2.5 THS SD VolMFI Plus MACDC,SCB,H1,2024.01.01,2024.12.31,0.999,<=1yr,7783.45,6.27,599.75,0.55,4560.15,4.27,10,History Quality,54%,Investment_Percentage_Bot=100 Total_Trades_Per_Symbol=999 SD_Distance_Period=20 SD_Distance_Multiplier=1.0 Volume_period_MFI=14 Volune_Level_MFI=30 MACD_fast_close=12 MACD_slow_close=26 MACD_signal_close=9 Initial_Trade_Percent=4 Volume_Plus_Step_Percent=2 MagicStart=7785 Wallet_Address=,MONEY_LOT;NO_SL_INPUT(heuristic),,,,,ok,
203.2.6,D:\Forex\10_EA_PROJECTS\0. Jobot\1000+ EA BOT MOGUL Bundles\MT5 (ex5)\THS\2\203\203.2\203.2.6\203.2.6.html,(HLR9310) 203.2.6 THS SD VolMFI Plus EMAC,CCET,H1,2024.01.01,2024.12.31,0.999,<=1yr,55992.84,81.28,208.21,0.14,20144.49,12.17,6,History Quality,54%,Investment_Percentage_Bot=100 Total_Trades_Per_Symbol=999 SD_Distance_Period=20 SD_Distance_Multiplier=1.0 Volume_period_MFI=14 Volune_Level_MFI=80 Close_EMA_fast_period=5 Close_EMA_slow_period=20 Close_EMA_trend_period=40 Initial_Trade_Percent=10 Volume_Plus_Step_Percent=2 MagicStart=7785 Wallet_Address=,MONEY_LOT;NO_SL_INPUT(heuristic),,,,,ok,
203.3.1,D:\Forex\10_EA_PROJECTS\0. Jobot\1000+ EA BOT MOGUL Bundles\MT5 (ex5)\THS\2\203\203.3\203.3.1\203.3.1.html,(TMM8317) 203.3.1 THS SD VolMFI Multiply CA,CCET,H1,2024.01.01,2024.12.31,0.999,<=1yr,8274.13,45.38,61.44,0.06,2204.00,2.14,8,History Quality,54%,Investment_Percentage_Bot=100 Total_Trades_Per_Symbol=999 SD_Distance_Period=20 SD_Distance_Multiplier=4.5 Volume_period_MFI=14 Volune_Level_MFI=80 Close_all_percent_profit=0.9 Initial_Trade_Percent=10 Trade_Volume_Multiplier=1.2 MagicStart=7785 Wallet_Address=,MONEY_LOT;MARTINGALE;NO_SL_INPUT(heuristic),,,,,ok,
203.3.2,D:\Forex\10_EA_PROJECTS\0. Jobot\1000+ EA BOT MOGUL Bundles\MT5 (ex5)\THS\2\203\203.3\203.3.2\203.3.2.html,(GXB7686) 203.3.2 THS SD VolMFI Multiply TL,CCET,H1,2024.01.01,2024.12.31,0.999,<=1yr,18433.04,31.84,155.00,0.14,6817.57,6.25,7,History Quality,54%,Investment_Percentage_Bot=100 Total_Trades_Per_Symbol=999 SD_Distance_Period=20 SD_Distance_Multiplier=1.5 Volume_period_MFI=14 Volune_Level_MFI=80 TL_Start_Money_percent=2 TL_Step_Money_percent=0.1 TL_Stop_Money_percent=1 Initial_Trade_Percent=9 Trade_Volume_Multiplier=1.2 MagicStart=7785 Wallet_Address=,MONEY_LOT;MARTINGALE;NO_SL_INPUT(heuristic),,,,,ok,
203.3.3,D:\Forex\10_EA_PROJECTS\0. Jobot\1000+ EA BOT MOGUL Bundles\MT5 (ex5)\THS\2\203\203.3\203.3.3\203.3.3.html,(PZU8292) 203.3.3 THS SD VolMFI Multiply RSIC,TRUE,H1,2024.01.01,2024.12.31,0.999,<=1yr,109276.87,745.55,146.77,0.15,18700.00,10.98,1,History Quality,54%,Investment_Percentage_Bot=100 Total_Trades_Per_Symbol=999 SD_Distance_Period=20 SD_Distance_Multiplier=1.0 Volume_period_MFI=14 Volune_Level_MFI=30 RSI_close_period=20 RSI_close_level=100 Initial_Trade_Percent=9 Trade_Volume_Multiplier=1.2 MagicStart=7785 Wallet_Address=,MONEY_LOT;MARTINGALE;NO_SL_INPUT(heuristic),,,,,ok,
203.3.4,D:\Forex\10_EA_PROJECTS\0. Jobot\1000+ EA BOT MOGUL Bundles\MT5 (ex5)\THS\2\203\203.3\203.3.4\203.3.4.html,(NLM2125) 203.3.4 THS SD VolMFI Multiply STOC,CCET,H1,2024.01.01,2024.12.31,0.999,<=1yr,26422.25,177.38,149.80,0.15,9234.00,7.03,1,History Quality,54%,Investment_Percentage_Bot=100 Total_Trades_Per_Symbol=999 SD_Distance_Period=20 SD_Distance_Multiplier=3.5 Volume_period_MFI=14 Volune_Level_MFI=20 STO_close_period=20 STO_close_level=100 Initial_Trade_Percent=3 Trade_Volume_Multiplier=1.2 MagicStart=7785 Wallet_Address=,MONEY_LOT;MARTINGALE;NO_SL_INPUT(heuristic),,,,,ok,
203.3.5,D:\Forex\10_EA_PROJECTS\0. Jobot\1000+ EA BOT MOGUL Bundles\MT5 (ex5)\THS\2\203\203.3\203.3.5\203.3.5.html,(MBD7733) 203.3.5 THS SD VolMFI Multiply MACDC,CCET,H1,2024.01.01,2024.12.31,0.999,<=1yr,29000.81,19.39,1293.50,0.99,18011.73,17.59,9,History Quality,54%,Investment_Percentage_Bot=100 Total_Trades_Per_Symbol=999 SD_Distance_Period=20 SD_Distance_Multiplier=2.0 Volume_period_MFI=14 Volune_Level_MFI=60 MACD_fast_close=12 MACD_slow_close=26 MACD_signal_close=9 Initial_Trade_Percent=10 Trade_Volume_Multiplier=1.2 MagicStart=7785 Wallet_Address=,MONEY_LOT;MARTINGALE;NO_SL_INPUT(heuristic),,,,,ok,
203.3.6,D:\Forex\10_EA_PROJECTS\0. Jobot\1000+ EA BOT MOGUL Bundles\MT5 (ex5)\THS\2\203\203.3\203.3.6\203.3.6.html,(TKD1147) 203.3.6 THS SD VolMFI Multiply EMAC,CCET,H1,2024.01.01,2024.12.31,0.999,<=1yr,59743.35,47.79,693.73,0.43,20410.37,12.05,7,History Quality,54%,Investment_Percentage_Bot=100 Total_Trades_Per_Symbol=999 SD_Distance_Period=20 SD_Distance_Multiplier=2.5 Volume_period_MFI=14 Volune_Level_MFI=50 Close_EMA_fast_period=5 Close_EMA_slow_period=20 Close_EMA_trend_period=40 Initial_Trade_Percent=9 Trade_Volume_Multiplier=1.2 MagicStart=7785 Wallet_Address=,MONEY_LOT;MARTINGALE;NO_SL_INPUT(heuristic),,,,,ok,
203.4.1,D:\Forex\10_EA_PROJECTS\0. Jobot\1000+ EA BOT MOGUL Bundles\MT5 (ex5)\THS\2\203\203.4\203.4.1\203.4.1.html,(SCK8071) 203.4.1 THS SD VolMFI Log CA,ITC,H1,2024.01.01,2024.12.31,0.999,<=1yr,11590.13,13.46,159.80,0.15,6337.38,6.03,10,History Quality,53%,Investment_Percentage_Bot=100 Total_Trades_Per_Symbol=999 SD_Distance_Period=20 SD_Distance_Multiplier=1.0 Volume_period_MFI=14 Volune_Level_MFI=60 Close_all_percent_profit=1 Initial_Trade_Percent=6 MagicStart=7785 Wallet_Address=,MONEY_LOT;NO_SL_INPUT(heuristic),,,,,ok,
203.4.2,D:\Forex\10_EA_PROJECTS\0. Jobot\1000+ EA BOT MOGUL Bundles\MT5 (ex5)\THS\2\203\203.4\203.4.2\203.4.2.html,(XFO4522) 203.4.2 THS SD VolMFI Log TL,CCET,H1,2024.01.01,2024.12.31,0.999,<=1yr,13089.89,23.93,220.45,0.19,6967.42,6.60,6,History Quality,54%,Investment_Percentage_Bot=100 Total_Trades_Per_Symbol=999 SD_Distance_Period=20 SD_Distance_Multiplier=3.0 Volume_period_MFI=14 Volune_Level_MFI=50 TL_Start_Money_percent=2 TL_Step_Money_percent=0.1 TL_Stop_Money_percent=1 Initial_Trade_Percent=6 MagicStart=7785 Wallet_Address=,MONEY_LOT;MARTINGALE;NO_SL_INPUT(heuristic),,,,,ok,
203.4.3,D:\Forex\10_EA_PROJECTS\0. Jobot\1000+ EA BOT MOGUL Bundles\MT5 (ex5)\THS\2\203\203.4\203.4.3\203.4.3.html,(FNZ1180) 203.4.3 THS SD VolMFI Log RSIC,TRUE,H1,2024.01.01,2024.12.31,0.999,<=1yr,110969.46,744.81,149.19,0.15,19000.00,11.09,1,History Quality,54%,Investment_Percentage_Bot=100 Total_Trades_Per_Symbol=999 SD_Distance_Period=20 SD_Distance_Multiplier=1.0 Volume_period_MFI=14 Volune_Level_MFI=50 RSI_close_period=20 RSI_close_level=100 Initial_Trade_Percent=10 MagicStart=7785 Wallet_Address=,MONEY_LOT;NO_SL_INPUT(heuristic),,,,,ok,
203.4.4,D:\Forex\10_EA_PROJECTS\0. Jobot\1000+ EA BOT MOGUL Bundles\MT5 (ex5)\THS\2\203\203.4\203.4.4\203.4.4.html,(YPO0477) 203.4.4 THS SD VolMFI Log STOC,CCET,H1,2024.01.01,2024.12.31,0.999,<=1yr,15727.78,7.63,1439.45,1.23,12996.54,11.08,17,History Quality,54%,Investment_Percentage_Bot=100 Total_Trades_Per_Symbol=999 SD_Distance_Period=20 SD_Distance_Multiplier=1.0 Volume_period_MFI=14 Volune_Level_MFI=40 STO_close_period=20 STO_close_level=90 Initial_Trade_Percent=9 MagicStart=7785 Wallet_Address=,MONEY_LOT;NO_SL_INPUT(heuristic),,,,,ok,
203.4.5,D:\Forex\10_EA_PROJECTS\0. Jobot\1000+ EA BOT MOGUL Bundles\MT5 (ex5)\THS\2\203\203.4\203.4.5\203.4.5.html,(MJT6021) 203.4.5 THS SD VolMFI Log MACDC,ITC,H1,2024.01.01,2024.12.31,0.999,<=1yr,18120.64,23.38,158.52,0.14,7387.78,6.45,13,History Quality,53%,Investment_Percentage_Bot=100 Total_Trades_Per_Symbol=999 SD_Distance_Period=20 SD_Distance_Multiplier=1.5 Volume_period_MFI=14 Volune_Level_MFI=40 MACD_fast_close=12 MACD_slow_close=26 MACD_signal_close=9 Initial_Trade_Percent=8 MagicStart=7785 Wallet_Address=,MONEY_LOT;MARTINGALE;NO_SL_INPUT(heuristic),,,,,ok,
203.4.6,D:\Forex\10_EA_PROJECTS\0. Jobot\1000+ EA BOT MOGUL Bundles\MT5 (ex5)\THS\2\203\203.4\203.4.6\203.4.6.html,(DIR8870) 203.4.6 THS SD VolMFI Log EMAC,CCET,H1,2024.01.01,2024.12.31,0.999,<=1yr,61249.45,45.75,771.87,0.48,21489.68,12.62,7,History Quality,54%,Investment_Percentage_Bot=100 Total_Trades_Per_Symbol=999 SD_Distance_Period=20 SD_Distance_Multiplier=2.5 Volume_period_MFI=14 Volune_Level_MFI=50 Close_EMA_fast_period=5 Close_EMA_slow_period=20 Close_EMA_trend_period=40 Initial_Trade_Percent=10 MagicStart=7785 Wallet_Address=,MONEY_LOT;MARTINGALE;NO_SL_INPUT(heuristic),,,,,ok,
203.5.1,D:\Forex\10_EA_PROJECTS\0. Jobot\1000+ EA BOT MOGUL Bundles\MT5 (ex5)\THS\2\203\203.5\203.5.1\203.5.1.html,(HRI1710) 203.5.1 THS SD VolMFI RSI Lot CA,TRUE,H1,2024.01.01,2024.12.31,0.999,<=1yr,25326.23,10.04,467.25,0.37,3960.00,3.24,22,History Quality,54%,Investment_Percentage_Bot=100 Total_Trades_Per_Symbol=999 SD_Distance_Period=20 SD_Distance_Multiplier=1.0 Volume_period_MFI=14 Volune_Level_MFI=60 Close_all_percent_profit=1 Initial_Trade_Percent=8 RSI_Lot_Multiplier=14 MagicStart=7785 Wallet_Address=,MONEY_LOT;MARTINGALE;NO_SL_INPUT(heuristic),,,,,ok,
203.5.2,D:\Forex\10_EA_PROJECTS\0. Jobot\1000+ EA BOT MOGUL Bundles\MT5 (ex5)\THS\2\203\203.5\203.5.2\203.5.2.html,(HNV2110) 203.5.2 THS SD VolMFI RSI Lot TL,CCET,H1,2024.01.01,2024.12.31,0.999,<=1yr,21902.38,35.91,150.47,0.14,12984.46,10.66,10,History Quality,54%,Investment_Percentage_Bot=100 Total_Trades_Per_Symbol=999 SD_Distance_Period=20 SD_Distance_Multiplier=5.0 Volume_period_MFI=14 Volune_Level_MFI=50 TL_Start_Money_percent=2 TL_Step_Money_percent=0.1 TL_Stop_Money_percent=1 Initial_Trade_Percent=10 RSI_Lot_Multiplier=14 MagicStart=7785 Wallet_Address=,MONEY_LOT;MARTINGALE;NO_SL_INPUT(heuristic),,,,,ok,
203.5.3,D:\Forex\10_EA_PROJECTS\0. Jobot\1000+ EA BOT MOGUL Bundles\MT5 (ex5)\THS\2\203\203.5\203.5.3\203.5.3.html,(TTH7993) 203.5.3 THS SD VolMFI RSI Lot RSIC,TRUE,H1,2024.01.01,2024.12.31,0.999,<=1yr,110241.66,742.62,148.65,0.15,18900.00,11.06,1,History Quality,54%,Investment_Percentage_Bot=100 Total_Trades_Per_Symbol=999 SD_Distance_Period=20 SD_Distance_Multiplier=1.5 Volume_period_MFI=14 Volune_Level_MFI=30 RSI_close_period=20 RSI_close_level=90 Initial_Trade_Percent=3 RSI_Lot_Multiplier=14 MagicStart=7785 Wallet_Address=,MONEY_LOT;MARTINGALE;NO_SL_INPUT(heuristic),,,,,ok,
203.5.4,D:\Forex\10_EA_PROJECTS\0. Jobot\1000+ EA BOT MOGUL Bundles\MT5 (ex5)\THS\2\203\203.5\203.5.4\203.5.4.html,(TEX8998) 203.5.4 THS SD VolMFI RSI Lot STOC,TRUE,H1,2024.01.01,2024.12.31,0.999,<=1yr,111777.33,747.93,149.65,0.15,19100.00,11.11,1,History Quality,54%,Investment_Percentage_Bot=100 Total_Trades_Per_Symbol=999 SD_Distance_Period=20 SD_Distance_Multiplier=1.5 Volume_period_MFI=14 Volune_Level_MFI=30 STO_close_period=20 STO_close_level=100 Initial_Trade_Percent=7 RSI_Lot_Multiplier=14 MagicStart=7785 Wallet_Address=,MONEY_LOT;MARTINGALE;NO_SL_INPUT(heuristic),,,,,ok,
203.5.5,D:\Forex\10_EA_PROJECTS\0. Jobot\1000+ EA BOT MOGUL Bundles\MT5 (ex5)\THS\2\203\203.5\203.5.5\203.5.5.html,(DXH0947) 203.5.5 THS SD VolMFI RSI Lot MACDC,ITC,H1,2024.01.01,2024.12.31,0.999,<=1yr,23502.76,23.61,165.49,0.15,10425.80,8.73,13,History Quality,53%,Investment_Percentage_Bot=100 Total_Trades_Per_Symbol=999 SD_Distance_Period=20 SD_Distance_Multiplier=1.0 Volume_period_MFI=14 Volune_Level_MFI=40 MACD_fast_close=12 MACD_slow_close=26 MACD_signal_close=9 Initial_Trade_Percent=3 RSI_Lot_Multiplier=14 MagicStart=7785 Wallet_Address=,MONEY_LOT;MARTINGALE;NO_SL_INPUT(heuristic),,,,,ok,
203.5.6,D:\Forex\10_EA_PROJECTS\0. Jobot\1000+ EA BOT MOGUL Bundles\MT5 (ex5)\THS\2\203\203.5\203.5.6\203.5.6.html,(FRX9250) 203.5.6 THS SD VolMFI RSI Lot EMAC,TRUE,H1,2024.01.01,2024.12.31,0.999,<=1yr,79579.28,66.03,260.07,0.15,15803.14,9.48,8,History Quality,54%,Investment_Percentage_Bot=100 Total_Trades_Per_Symbol=999 SD_Distance_Period=20 SD_Distance_Multiplier=1.0 Volume_period_MFI=14 Volune_Level_MFI=60 Close_EMA_fast_period=5 Close_EMA_slow_period=20 Close_EMA_trend_period=40 Initial_Trade_Percent=5 RSI_Lot_Multiplier=14 MagicStart=7785 Wallet_Address=,MONEY_LOT;MARTINGALE;NO_SL_INPUT(heuristic),,,,,ok,
204.1.1,D:\Forex\10_EA_PROJECTS\0. Jobot\1000+ EA BOT MOGUL Bundles\MT5 (ex5)\THS\2\204\204.1\204.1.1\204.1.1.html,(KHW4919) 204.1.1 THS SD VolM RSIup DCA CA,TRUE,H1,2024.01.01,2024.12.31,0.999,<=1yr,45681.35,77.88,185.81,0.15,7865.00,5.94,4,History Quality,54%,Investment_Percentage_Bot=100 Total_Trades_Per_Symbol=999 SD_Distance_Period=20 SD_Distance_Multiplier=1.0 Volume_period_MFI=14 Volune_Level_MFI=20 RSI_Period=20 RSI_Level=50 Lot_percent_Money_per_trade=10 Close_all_percent_profit=10 MagicStart=7785 Wallet_Address=,MONEY_LOT;NO_SL_INPUT(heuristic),,,,,ok,
204.1.2,D:\Forex\10_EA_PROJECTS\0. Jobot\1000+ EA BOT MOGUL Bundles\MT5 (ex5)\THS\2\204\204.1\204.1.2\204.1.2.html,(OMK8155) 204.1.2 THS SD VolM RSIup DCA TL,CCET,H1,2024.01.01,2024.12.31,0.999,<=1yr,13388.44,12.76,855.57,0.75,5992.04,5.73,6,History Quality,54%,Investment_Percentage_Bot=100 Total_Trades_Per_Symbol=999 SD_Distance_Period=20 SD_Distance_Multiplier=2.0 Volume_period_MFI=14 Volune_Level_MFI=30 RSI_Period=20 RSI_Level=60 Lot_percent_Money_per_trade=10 TL_Start_Money_percent=2 TL_Step_Money_percent=0.1 TL_Stop_Money_percent=1 MagicStart=7785 Wallet_Address=,MONEY_LOT;MARTINGALE;NO_SL_INPUT(heuristic),,,,,ok,
204.1.3,D:\Forex\10_EA_PROJECTS\0. Jobot\1000+ EA BOT MOGUL Bundles\MT5 (ex5)\THS\2\204\204.1\204.1.3\204.1.3.html,(GQF6854) 204.1.3 THS SD VolM RSIup DCA RSIC,TRUE,H1,2024.01.01,2024.12.31,0.999,<=1yr,76138.63,551.57,138.29,0.14,15200.00,10.52,1,History Quality,54%,Investment_Percentage_Bot=100 Total_Trades_Per_Symbol=999 SD_Distance_Period=20 SD_Distance_Multiplier=2.0 RSI_Period=20 RSI_Level=60 Volume_period_MFI=14 Volune_Level_MFI=30 RSI_close_period=20 RSI_close_level=90 Lot_percent_Money_per_trade=10 MagicStart=7785 Wallet_Address=,MONEY_LOT;MARTINGALE;NO_SL_INPUT(heuristic),,,,,ok,
204.1.4,D:\Forex\10_EA_PROJECTS\0. Jobot\1000+ EA BOT MOGUL Bundles\MT5 (ex5)\THS\2\204\204.1\204.1.4\204.1.4.html,(EQV8176) 204.1.4 THS SD VolM RSIup DCA STOC,TRUE,H1,2024.01.01,2024.12.31,0.999,<=1yr,68744.18,488.34,141.06,0.14,14700.00,10.64,1,History Quality,54%,Investment_Percentage_Bot=100 Total_Trades_Per_Symbol=999 SD_Distance_Period=20 SD_Distance_Multiplier=2.5 Volume_period_MFI=14 Volune_Level_MFI=50 RSI_Period=20 RSI_Level=60 STO_close_period=20 STO_close_level=100 Lot_percent_Money_per_trade=10 MagicStart=7785 Wallet_Address=,MONEY_LOT;MARTINGALE;NO_SL_INPUT(heuristic),,,,,ok,
204.1.5,D:\Forex\10_EA_PROJECTS\0. Jobot\1000+ EA BOT MOGUL Bundles\MT5 (ex5)\THS\2\204\204.1\204.1.5\204.1.5.html,(QGO5232) 204.1.5 THS SD VolM RSIup DCA MACDC,CCET,H1,2024.01.01,2024.12.31,0.999,<=1yr,15168.80,23.19,394.02,0.34,4362.42,4.20,10,History Quality,54%,Investment_Percentage_Bot=100 Total_Trades_Per_Symbol=999 SD_Distance_Period=20 SD_Distance_Multiplier=1.0 Volume_period_MFI=14 Volune_Level_MFI=70 RSI_Period=20 RSI_Level=60 Lot_percent_Money_per_trade=10 MACD_fast_close=12 MACD_slow_close=26 MACD_signal_close=9 MagicStart=7785 Wallet_Address=,MONEY_LOT;NO_SL_INPUT(heuristic),,,,,ok,
204.1.6,D:\Forex\10_EA_PROJECTS\0. Jobot\1000+ EA BOT MOGUL Bundles\MT5 (ex5)\THS\2\204\204.1\204.1.6\204.1.6.html,(DCZ9519) 204.1.6 THS SD VolM RSIup DCA EMAC,TRUE,H1,2024.01.01,2024.12.31,0.999,<=1yr,32606.56,46.69,158.64,0.14,9521.25,7.29,7,History Quality,54%,Investment_Percentage_Bot=100 Total_Trades_Per_Symbol=999 SD_Distance_Period=20 SD_Distance_Multiplier=1.0 Volume_period_MFI=14 Volune_Level_MFI=30 RSI_Period=20 RSI_Level=50 Lot_percent_Money_per_trade=10 Close_EMA_fast_period=5 Close_EMA_slow_period=20 Close_EMA_trend_period=40 MagicStart=7785 Wallet_Address=,MONEY_LOT;NO_SL_INPUT(heuristic),,,,,ok,
204.2.1,D:\Forex\10_EA_PROJECTS\0. Jobot\1000+ EA BOT MOGUL Bundles\MT5 (ex5)\THS\2\204\204.2\204.2.1\204.2.1.html,(DMI5383) 204.2.1 THS SD VolM RSIup Plus CA,TRUE,H1,2024.01.01,2024.12.31,0.999,<=1yr,13847.59,9.89,433.90,0.38,5351.30,4.70,14,History Quality,54%,Investment_Percentage_Bot=100 Total_Trades_Per_Symbol=999 SD_Distance_Period=20 SD_Distance_Multiplier=1.5 Volume_period_MFI=14 Volune_Level_MFI=30 RSI_Period=20 RSI_Level=60 Close_all_percent_profit=1 Initial_Trade_Percent=10 Volume_Plus_Step_Percent=2 MagicStart=7785 Wallet_Address=,MONEY_LOT;MARTINGALE;NO_SL_INPUT(heuristic),,,,,ok,
204.2.2,D:\Forex\10_EA_PROJECTS\0. Jobot\1000+ EA BOT MOGUL Bundles\MT5 (ex5)\THS\2\204\204.2\204.2.2\204.2.2.html,(KVI1131) 204.2.2 THS SD VolM RSIup Plus TL,TRUE,H1,2024.01.01,2024.12.31,0.999,<=1yr,15229.94,14.22,163.31,0.15,6474.44,5.87,9,History Quality,54%,Investment_Percentage_Bot=100 Total_Trades_Per_Symbol=999 SD_Distance_Period=20 SD_Distance_Multiplier=1.0 Volume_period_MFI=14 Volune_Level_MFI=30 RSI_Period=20 RSI_Level=50 TL_Start_Money_percent=2 TL_Step_Money_percent=0.1 TL_Stop_Money_percent=1 Initial_Trade_Percent=8 Volume_Plus_Step_Percent=2 MagicStart=7785 Wallet_Address=,MONEY_LOT;NO_SL_INPUT(heuristic),,,,,ok,
204.2.3,D:\Forex\10_EA_PROJECTS\0. Jobot\1000+ EA BOT MOGUL Bundles\MT5 (ex5)\THS\2\204\204.2\204.2.3\204.2.3.html,(QPZ0194) 204.2.3 THS SD VolM RSIup Plus RSIC,TRUE,H1,2024.01.01,2024.12.31,0.999,<=1yr,111159.75,747.54,148.90,0.15,19000.00,11.07,1,History Quality,54%,Investment_Percentage_Bot=100 Total_Trades_Per_Symbol=999 SD_Distance_Period=20 SD_Distance_Multiplier=1.0 Volume_period_MFI=14 Volune_Level_MFI=40 RSI_Period=20 RSI_Level=50 RSI_close_period=20 RSI_close_level=80 Initial_Trade_Percent=10 Volume_Plus_Step_Percent=2 MagicStart=7785 Wallet_Address=,MONEY_LOT;NO_SL_INPUT(heuristic),,,,,ok,
204.2.4,D:\Forex\10_EA_PROJECTS\0. Jobot\1000+ EA BOT MOGUL Bundles\MT5 (ex5)\THS\2\204\204.2\204.2.4\204.2.4.html,(YYO0532) 204.2.4 THS SD VolM RSIup Plus STOC,DELTA,H1,2024.01.01,2024.12.31,0.999,<=1yr,48846.71,350.50,139.76,0.14,17225.00,15.42,1,History Quality,54%,Investment_Percentage_Bot=100 Total_Trades_Per_Symbol=999 SD_Distance_Period=20 SD_Distance_Multiplier=3.0 Volume_period_MFI=14 Volune_Level_MFI=30 RSI_Period=20 RSI_Level=50 STO_close_period=20 STO_close_level=100 Initial_Trade_Percent=4 Volume_Plus_Step_Percent=2 MagicStart=7785 Wallet_Address=,MONEY_LOT;MARTINGALE;NO_SL_INPUT(heuristic),,,,,ok,
204.2.5,D:\Forex\10_EA_PROJECTS\0. Jobot\1000+ EA BOT MOGUL Bundles\MT5 (ex5)\THS\2\204\204.2\204.2.5\204.2.5.html,(RWQ8845) 204.2.5 THS SD VolM RSIup Plus MACDC,CCET,H1,2024.01.01,2024.12.31,0.999,<=1yr,19811.96,9.16,2234.12,1.83,10220.00,8.27,5,History Quality,54%,Investment_Percentage_Bot=100 Total_Trades_Per_Symbol=999 SD_Distance_Period=20 SD_Distance_Multiplier=1.0 Volume_period_MFI=14 Volune_Level_MFI=30 RSI_Period=20 RSI_Level=70 MACD_fast_close=12 MACD_slow_close=26 MACD_signal_close=9 Initial_Trade_Percent=3 Volume_Plus_Step_Percent=2 MagicStart=7785 Wallet_Address=,MONEY_LOT;NO_SL_INPUT(heuristic),,,,,ok,
204.2.6,D:\Forex\10_EA_PROJECTS\0. Jobot\1000+ EA BOT MOGUL Bundles\MT5 (ex5)\THS\2\204\204.2\204.2.6\204.2.6.html,(LZK2482) 204.2.6 THS SD VolM RSIup Plus EMAC,CCET,H1,2024.01.01,2024.12.31,0.999,<=1yr,45866.02,196.03,142.94,0.14,16120.00,10.83,4,History Quality,54%,Investment_Percentage_Bot=100 Total_Trades_Per_Symbol=999 SD_Distance_Period=20 SD_Distance_Multiplier=1.5 Volume_period_MFI=14 Volune_Level_MFI=70 RSI_Period=20 RSI_Level=50 Close_EMA_fast_period=5 Close_EMA_slow_period=20 Close_EMA_trend_period=40 Initial_Trade_Percent=7 Volume_Plus_Step_Percent=2 MagicStart=7785 Wallet_Address=,MONEY_LOT;MARTINGALE;NO_SL_INPUT(heuristic),,,,,ok,
204.3.1,D:\Forex\10_EA_PROJECTS\0. Jobot\1000+ EA BOT MOGUL Bundles\MT5 (ex5)\THS\2\204\204.3\204.3.1\204.3.1.html,(OJR1182) 204.3.1 THS SD VolM RSIup Multiply CA,CCET,H1,2024.01.01,2024.12.31,0.999,<=1yr,15528.07,14.14,169.19,0.15,6510.15,6.11,12,History Quality,54%,Investment_Percentage_Bot=100 Total_Trades_Per_Symbol=999 SD_Distance_Period=20 SD_Distance_Multiplier=1.0 Volume_period_MFI=14 Volune_Level_MFI=30 RSI_Period=20 RSI_Level=50 Close_all_percent_profit=1 Initial_Trade_Percent=4 Trade_Volume_Multiplier=1.2 MagicStart=7785 Wallet_Address=,MONEY_LOT;MARTINGALE;NO_SL_INPUT(heuristic),,,,,ok,
204.3.2,D:\Forex\10_EA_PROJECTS\0. Jobot\1000+ EA BOT MOGUL Bundles\MT5 (ex5)\THS\2\204\204.3\204.3.2\204.3.2.html,(AJA6672) 204.3.2 THS SD VolM RSIup Multiply TL,CCET,H1,2024.01.01,2024.12.31,0.999,<=1yr,20639.54,14.74,720.89,0.59,15316.51,14.34,7,History Quality,54%,Investment_Percentage_Bot=100 Total_Trades_Per_Symbol=999 SD_Distance_Period=20 SD_Distance_Multiplier=1.0 Volume_period_MFI=14 Volune_Level_MFI=40 RSI_Period=20 RSI_Level=50 TL_Start_Money_percent=3 TL_Step_Money_percent=0.1 TL_Stop_Money_percent=1 Initial_Trade_Percent=4 Trade_Volume_Multiplier=1.2 MagicStart=7785 Wallet_Address=,MONEY_LOT;MARTINGALE;NO_SL_INPUT(heuristic),,,,,ok,
204.3.3,D:\Forex\10_EA_PROJECTS\0. Jobot\1000+ EA BOT MOGUL Bundles\MT5 (ex5)\THS\2\204\204.3\204.3.3\204.3.3.html,(ZRL5578) 204.3.3 THS SD VolM RSIup Multiply RSIC,TRUE,H1,2024.01.01,2024.12.31,0.999,<=1yr,109175.03,752.48,145.28,0.15,18600.00,10.91,1,History Quality,54%,Investment_Percentage_Bot=100 Total_Trades_Per_Symbol=999 SD_Distance_Period=20 SD_Distance_Multiplier=1.0 Volume_period_MFI=14 Volune_Level_MFI=30 RSI_Period=20 RSI_Level=50 RSI_close_period=20 RSI_close_level=80 Initial_Trade_Percent=7 Trade_Volume_Multiplier=1.2 MagicStart=7785 Wallet_Address=,MONEY_LOT;MARTINGALE;NO_SL_INPUT(heuristic),,,,,ok,
204.3.4,D:\Forex\10_EA_PROJECTS\0. Jobot\1000+ EA BOT MOGUL Bundles\MT5 (ex5)\THS\2\204\204.3\204.3.4\204.3.4.html,(NUS0397) 204.3.4 THS SD VolM RSIup Multiply STOC,DELTA,H1,2024.01.01,2024.12.31,0.999,<=1yr,48571.32,347.57,140.15,0.14,17225.00,15.46,1,History Quality,54%,Investment_Percentage_Bot=100 Total_Trades_Per_Symbol=999 SD_Distance_Period=20 SD_Distance_Multiplier=3.0 Volume_period_MFI=14 Volune_Level_MFI=60 RSI_Period=20 RSI_Level=50 STO_close_period=20 STO_close_level=100 Initial_Trade_Percent=8 Trade_Volume_Multiplier=1.2 MagicStart=7785 Wallet_Address=,MONEY_LOT;MARTINGALE;NO_SL_INPUT(heuristic),,,,,ok,
204.3.5,D:\Forex\10_EA_PROJECTS\0. Jobot\1000+ EA BOT MOGUL Bundles\MT5 (ex5)\THS\2\204\204.3\204.3.5\204.3.5.html,(SRG3536) 204.3.5 THS SD VolM RSIup Multiply MACDC,CCET,H1,2024.01.01,2024.12.31,0.999,<=1yr,17755.42,6.28,3111.50,2.57,9912.00,8.11,5,History Quality,54%,Investment_Percentage_Bot=100 Total_Trades_Per_Symbol=999 SD_Distance_Period=20 SD_Distance_Multiplier=1.5 Volume_period_MFI=14 Volune_Level_MFI=60 RSI_Period=20 RSI_Level=70 MACD_fast_close=12 MACD_slow_close=26 MACD_signal_close=9 Initial_Trade_Percent=9 Trade_Volume_Multiplier=1.2 MagicStart=7785 Wallet_Address=,MONEY_LOT;MARTINGALE;NO_SL_INPUT(heuristic),,,,,ok,
204.3.6,D:\Forex\10_EA_PROJECTS\0. Jobot\1000+ EA BOT MOGUL Bundles\MT5 (ex5)\THS\2\204\204.3\204.3.6\204.3.6.html,(MOK6599) 204.3.6 THS SD VolM RSIup Multiply EMAC,CCET,H1,2024.01.01,2024.12.31,0.999,<=1yr,52149.71,67.63,600.84,0.39,26782.15,16.13,5,History Quality,54%,Investment_Percentage_Bot=100 Total_Trades_Per_Symbol=999 SD_Distance_Period=20 SD_Distance_Multiplier=2.5 Volume_period_MFI=14 Volune_Level_MFI=50 RSI_Period=20 RSI_Level=50 Close_EMA_fast_period=5 Close_EMA_slow_period=20 Close_EMA_trend_period=40 Initial_Trade_Percent=6 Trade_Volume_Multiplier=1.2 MagicStart=7785 Wallet_Address=,MONEY_LOT;MARTINGALE;NO_SL_INPUT(heuristic),,,,,ok,
204.4.1,D:\Forex\10_EA_PROJECTS\0. Jobot\1000+ EA BOT MOGUL Bundles\MT5 (ex5)\THS\2\204\204.4\204.4.1\204.4.1.html,(YQP6750) 204.4.1 THS SD VolM RSIup Log CA,CCET,H1,2024.01.01,2024.12.31,0.999,<=1yr,15528.07,14.14,169.19,0.15,6510.15,6.11,12,History Quality,54%,Investment_Percentage_Bot=100 Total_Trades_Per_Symbol=999 SD_Distance_Period=20 SD_Distance_Multiplier=1.0 Volume_period_MFI=14 Volune_Level_MFI=30 RSI_Period=20 RSI_Level=50 Close_all_percent_profit=1 Initial_Trade_Percent=4 MagicStart=7785 Wallet_Address=,MONEY_LOT;NO_SL_INPUT(heuristic),,,,,ok,
204.4.2,D:\Forex\10_EA_PROJECTS\0. Jobot\1000+ EA BOT MOGUL Bundles\MT5 (ex5)\THS\2\204\204.4\204.4.2\204.4.2.html,(TSJ0166) 204.4.2 THS SD VolM RSIup Log TL,ADVANC,H1,2024.01.01,2024.12.31,0.999,<=1yr,13073.00,17.51,378.45,0.33,9429.75,9.43,4,History Quality,54%,Investment_Percentage_Bot=100 Total_Trades_Per_Symbol=999 SD_Distance_Period=20 SD_Distance_Multiplier=1.0 Volume_period_MFI=14 Volune_Level_MFI=60 RSI_Period=20 RSI_Level=60 TL_Start_Money_percent=3 TL_Step_Money_percent=0.1 TL_Stop_Money_percent=1 Initial_Trade_Percent=10 MagicStart=7785 Wallet_Address=,MONEY_LOT;NO_SL_INPUT(heuristic),,,,,ok,
204.4.3,D:\Forex\10_EA_PROJECTS\0. Jobot\1000+ EA BOT MOGUL Bundles\MT5 (ex5)\THS\2\204\204.4\204.4.3\204.4.3.html,(PPQ8420) 204.4.3 THS SD VolM RSIup Log RSIC,TRUE,H1,2024.01.01,2024.12.31,0.999,<=1yr,109999.65,747.62,147.33,0.15,18800.00,11.00,1,History Quality,54%,Investment_Percentage_Bot=100 Total_Trades_Per_Symbol=999 SD_Distance_Period=20 SD_Distance_Multiplier=1.0 Volume_period_MFI=14 Volune_Level_MFI=30 RSI_Period=20 RSI_Level=50 RSI_close_period=20 RSI_close_level=80 Initial_Trade_Percent=2 MagicStart=7785 Wallet_Address=,MONEY_LOT;NO_SL_INPUT(heuristic),,,,,ok,
204.4.4,D:\Forex\10_EA_PROJECTS\0. Jobot\1000+ EA BOT MOGUL Bundles\MT5 (ex5)\THS\2\204\204.4\204.4.4\204.4.4.html,(LJM5943) 204.4.4 THS SD VolM RSIup Log STOC,TRUE,H1,2024.01.01,2024.12.31,0.999,<=1yr,110552.17,747.27,148.14,0.15,18900.00,11.04,1,History Quality,54%,Investment_Percentage_Bot=100 Total_Trades_Per_Symbol=999 SD_Distance_Period=20 SD_Distance_Multiplier=1.0 Volume_period_MFI=14 Volune_Level_MFI=40 RSI_Period=20 RSI_Level=50 STO_close_period=20 STO_close_level=100 Initial_Trade_Percent=6 MagicStart=7785 Wallet_Address=,MONEY_LOT;NO_SL_INPUT(heuristic),,,,,ok,
204.4.5,D:\Forex\10_EA_PROJECTS\0. Jobot\1000+ EA BOT MOGUL Bundles\MT5 (ex5)\THS\2\204\204.4\204.4.5\204.4.5.html,(UXX9511) 204.4.5 THS SD VolM RSIup Log MACDC,TRUE,H1,2024.01.01,2024.12.31,0.999,<=1yr,16526.75,8.42,1148.12,0.98,9007.12,8.15,11,History Quality,54%,Investment_Percentage_Bot=100 Total_Trades_Per_Symbol=999 SD_Distance_Period=20 SD_Distance_Multiplier=1.0 Volume_period_MFI=14 Volune_Level_MFI=20 RSI_Period=20 RSI_Level=60 MACD_fast_close=12 MACD_slow_close=26 MACD_signal_close=9 Initial_Trade_Percent=8 MagicStart=7785 Wallet_Address=,MONEY_LOT;NO_SL_INPUT(heuristic),,,,,ok,
204.4.6,D:\Forex\10_EA_PROJECTS\0. Jobot\1000+ EA BOT MOGUL Bundles\MT5 (ex5)\THS\2\204\204.4\204.4.6\204.4.6.html,(IWG7657) 204.4.6 THS SD VolM RSIup Log EMAC,TRUE,H1,2024.01.01,2024.12.31,0.999,<=1yr,81301.87,57.23,327.22,0.18,16157.40,9.50,8,History Quality,54%,Investment_Percentage_Bot=100 Total_Trades_Per_Symbol=999 SD_Distance_Period=20 SD_Distance_Multiplier=1.0 Volume_period_MFI=14 Volune_Level_MFI=40 RSI_Period=20 RSI_Level=50 Close_EMA_fast_period=5 Close_EMA_slow_period=20 Close_EMA_trend_period=40 Initial_Trade_Percent=9 MagicStart=7785 Wallet_Address=,MONEY_LOT;NO_SL_INPUT(heuristic),,,,,ok,
204.5.1,D:\Forex\10_EA_PROJECTS\0. Jobot\1000+ EA BOT MOGUL Bundles\MT5 (ex5)\THS\2\204\204.5\204.5.1\204.5.1.html,(QLR9739) 204.5.1 THS SD VolM RSIup RSI Lot CA,TRUE,H1,2024.01.01,2024.12.31,0.999,<=1yr,17854.72,10.62,160.93,0.14,5885.00,5.15,15,History Quality,54%,Investment_Percentage_Bot=100 Total_Trades_Per_Symbol=999 SD_Distance_Period=20 SD_Distance_Multiplier=1.0 Volume_period_MFI=14 Volune_Level_MFI=30 RSI_Period=20 RSI_Level=50 Close_all_percent_profit=1 Initial_Trade_Percent=10 RSI_Lot_Multiplier=14 MagicStart=7785 Wallet_Address=,MONEY_LOT;MARTINGALE;NO_SL_INPUT(heuristic),,,,,ok,
204.5.2,D:\Forex\10_EA_PROJECTS\0. Jobot\1000+ EA BOT MOGUL Bundles\MT5 (ex5)\THS\2\204\204.5\204.5.2\204.5.2.html,(GAH8953) 204.5.2 THS SD VolM RSIup RSI Lot TL,TRUE,H1,2024.01.01,2024.12.31,0.999,<=1yr,16356.67,6.03,1371.76,1.17,10763.03,9.61,14,History Quality,54%,Investment_Percentage_Bot=100 Total_Trades_Per_Symbol=999 SD_Distance_Period=20 SD_Distance_Multiplier=1.0 Volume_period_MFI=14 Volune_Level_MFI=30 RSI_Period=20 RSI_Level=60 TL_Start_Money_percent=2 TL_Step_Money_percent=0.1 TL_Stop_Money_percent=1 Initial_Trade_Percent=10 RSI_Lot_Multiplier=14 MagicStart=7785 Wallet_Address=,MONEY_LOT;MARTINGALE;NO_SL_INPUT(heuristic),,,,,ok,
204.5.4,D:\Forex\10_EA_PROJECTS\0. Jobot\1000+ EA BOT MOGUL Bundles\MT5 (ex5)\THS\2\204\204.5\204.5.4\204.5.4.html,(TVN2280) 204.5.4 THS SD VolM RSIup RSI Lot STOC,DELTA,H1,2024.01.01,2024.12.31,0.999,<=1yr,25420.82,20.46,171.45,0.14,5422.84,5.36,12,History Quality,54%,Investment_Percentage_Bot=100 Total_Trades_Per_Symbol=999 SD_Distance_Period=20 SD_Distance_Multiplier=1.0 Volume_period_MFI=14 Volune_Level_MFI=30 RSI_Period=20 RSI_Level=50 STO_close_period=20 STO_close_level=90 Initial_Trade_Percent=8 RSI_Lot_Multiplier=14 MagicStart=7785 Wallet_Address=,MONEY_LOT;MARTINGALE;NO_SL_INPUT(heuristic),,,,,ok,
204.5.5,D:\Forex\10_EA_PROJECTS\0. Jobot\1000+ EA BOT MOGUL Bundles\MT5 (ex5)\THS\2\204\204.5\204.5.5\204.5.5.html,(FFU9257) 204.5.5 THS SD VolM RSIup RSI Lot MACDC,CCET,H1,2024.01.01,2024.12.31,0.999,<=1yr,19326.95,9.39,2093.91,1.72,10164.00,8.28,5,History Quality,54%,Investment_Percentage_Bot=100 Total_Trades_Per_Symbol=999 SD_Distance_Period=20 SD_Distance_Multiplier=1.5 Volume_period_MFI=14 Volune_Level_MFI=30 RSI_Period=20 RSI_Level=70 MACD_fast_close=12 MACD_slow_close=26 MACD_signal_close=9 Initial_Trade_Percent=5 RSI_Lot_Multiplier=14 MagicStart=7785 Wallet_Address=,MONEY_LOT;MARTINGALE;NO_SL_INPUT(heuristic),,,,,ok,
204.5.6,D:\Forex\10_EA_PROJECTS\0. Jobot\1000+ EA BOT MOGUL Bundles\MT5 (ex5)\THS\2\204\204.5\204.5.6\204.5.6.html,(GCX9916) 204.5.6 THS SD VolM RSIup RSI Lot EMAC,CCET,H1,2024.01.01,2024.12.31,0.999,<=1yr,46548.80,215.15,148.55,0.15,16520.00,11.05,5,History Quality,54%,Investment_Percentage_Bot=100 Total_Trades_Per_Symbol=999 SD_Distance_Period=20 SD_Distance_Multiplier=4.0 Volume_period_MFI=14 Volune_Level_MFI=30 RSI_Period=20 RSI_Level=50 Close_EMA_fast_period=5 Close_EMA_slow_period=20 Close_EMA_trend_period=40 Initial_Trade_Percent=1 RSI_Lot_Multiplier=14 MagicStart=7785 Wallet_Address=,MONEY_LOT;MARTINGALE;NO_SL_INPUT(heuristic),,,,,ok,
205.1.1,D:\Forex\10_EA_PROJECTS\0. Jobot\1000+ EA BOT MOGUL Bundles\MT5 (ex5)\THS\2\205\205.1\205.1.1\205.1.1.html,(WOW5278) 205.1.1 THS SD VolM RSIlow DCA CA,CCET,H1,2024.01.01,2024.12.31,0.999,<=1yr,14166.46,15.92,524.19,0.46,8550.51,8.25,12,History Quality,54%,Investment_Percentage_Bot=100 Total_Trades_Per_Symbol=999 SD_Distance_Period=20 SD_Distance_Multiplier=1.0 Volume_period_MFI=14 Volune_Level_MFI=50 RSI_Period=20 RSI_Level=50 Lot_percent_Money_per_trade=10 Close_all_percent_profit=1 MagicStart=7785 Wallet_Address=,MONEY_LOT;NO_SL_INPUT(heuristic),,,,,ok,
205.1.2,D:\Forex\10_EA_PROJECTS\0. Jobot\1000+ EA BOT MOGUL Bundles\MT5 (ex5)\THS\2\205\205.1\205.1.2\205.1.2.html,(BDT7612) 205.1.2 THS SD VolM RSIlow DCA TL,CCET,H1,2024.01.01,2024.12.31,0.999,<=1yr,21763.29,18.51,661.84,0.54,9432.35,8.61,10,History Quality,54%,Investment_Percentage_Bot=100 Total_Trades_Per_Symbol=999 SD_Distance_Period=20 SD_Distance_Multiplier=1.5 Volume_period_MFI=14 Volune_Level_MFI=30 RSI_Period=20 RSI_Level=50 Lot_percent_Money_per_trade=10 TL_Start_Money_percent=2 TL_Step_Money_percent=0.1 TL_Stop_Money_percent=1 MagicStart=7785 Wallet_Address=,MONEY_LOT;MARTINGALE;NO_SL_INPUT(heuristic),,,,,ok,
205.1.3,D:\Forex\10_EA_PROJECTS\0. Jobot\1000+ EA BOT MOGUL Bundles\MT5 (ex5)\THS\2\205\205.1\205.1.3\205.1.3.html,(LCR2749) 205.1.3 THS SD VolM RSIlow DCA RSIC,TRUE,H1,2024.01.01,2024.12.31,0.999,<=1yr,76911.50,536.00,143.76,0.14,15600.00,10.80,1,History Quality,54%,Investment_Percentage_Bot=100 Total_Trades_Per_Symbol=999 SD_Distance_Period=20 SD_Distance_Multiplier=1.0 RSI_Period=20 RSI_Level=50 Volume_period_MFI=14 Volune_Level_MFI=30 RSI_close_period=20 RSI_close_level=90 Lot_percent_Money_per_trade=10 MagicStart=7785 Wallet_Address=,MONEY_LOT;NO_SL_INPUT(heuristic),,,,,ok,
205.1.4,D:\Forex\10_EA_PROJECTS\0. Jobot\1000+ EA BOT MOGUL Bundles\MT5 (ex5)\THS\2\205\205.1\205.1.4\205.1.4.html,(GZB5567) 205.1.4 THS SD VolM RSIlow DCA STOC,TRUE,H1,2024.01.01,2024.12.31,0.999,<=1yr,76911.50,536.00,143.76,0.14,15600.00,10.80,1,History Quality,54%,Investment_Percentage_Bot=100 Total_Trades_Per_Symbol=999 SD_Distance_Period=20 SD_Distance_Multiplier=1.0 Volume_period_MFI=14 Volune_Level_MFI=30 RSI_Period=20 RSI_Level=50 STO_close_period=20 STO_close_level=100 Lot_percent_Money_per_trade=10 MagicStart=7785 Wallet_Address=,MONEY_LOT;NO_SL_INPUT(heuristic),,,,,ok,
205.1.5,D:\Forex\10_EA_PROJECTS\0. Jobot\1000+ EA BOT MOGUL Bundles\MT5 (ex5)\THS\2\205\205.1\205.1.5\205.1.5.html,(YWU2703) 205.1.5 THS SD VolM RSIlow DCA MACDC,CCET,H1,2024.01.01,2024.12.31,0.999,<=1yr,9155.93,19.47,148.54,0.14,3235.73,2.98,16,History Quality,54%,Investment_Percentage_Bot=100 Total_Trades_Per_Symbol=999 SD_Distance_Period=20 SD_Distance_Multiplier=3.0 Volume_period_MFI=14 Volune_Level_MFI=50 RSI_Period=20 RSI_Level=50 Lot_percent_Money_per_trade=10 MACD_fast_close=12 MACD_slow_close=26 MACD_signal_close=9 MagicStart=7785 Wallet_Address=,MONEY_LOT;MARTINGALE;NO_SL_INPUT(heuristic),,,,,ok,
205.1.6,D:\Forex\10_EA_PROJECTS\0. Jobot\1000+ EA BOT MOGUL Bundles\MT5 (ex5)\THS\2\205\205.1\205.1.6\205.1.6.html,(NDG5808) 205.1.6 THS SD VolM RSIlow DCA EMAC,TRUE,H1,2024.01.01,2024.12.31,0.999,<=1yr,38157.91,45.18,188.98,0.14,9133.72,6.96,6,History Quality,54%,Investment_Percentage_Bot=100 Total_Trades_Per_Symbol=999 SD_Distance_Period=20 SD_Distance_Multiplier=1.0 Volume_period_MFI=14 Volune_Level_MFI=30 RSI_Period=20 RSI_Level=50 Lot_percent_Money_per_trade=10 Close_EMA_fast_period=5 Close_EMA_slow_period=20 Close_EMA_trend_period=40 MagicStart=7785 Wallet_Address=,MONEY_LOT;NO_SL_INPUT(heuristic),,,,,ok,
205.2.1,D:\Forex\10_EA_PROJECTS\0. Jobot\1000+ EA BOT MOGUL Bundles\MT5 (ex5)\THS\2\205\205.2\205.2.1\205.2.1.html,(VYQ5625) 205.2.1 THS SD VolM RSIlow Plus CA,CCET,H1,2024.01.01,2024.12.31,0.999,<=1yr,15873.01,9.39,972.67,0.83,6271.36,5.56,15,History Quality,54%,Investment_Percentage_Bot=100 Total_Trades_Per_Symbol=999 SD_Distance_Period=20 SD_Distance_Multiplier=1.0 Volume_period_MFI=14 Volune_Level_MFI=30 RSI_Period=20 RSI_Level=50 Close_all_percent_profit=1 Initial_Trade_Percent=9 Volume_Plus_Step_Percent=2 MagicStart=7785 Wallet_Address=,MONEY_LOT;NO_SL_INPUT(heuristic),,,,,ok,
205.2.2,D:\Forex\10_EA_PROJECTS\0. Jobot\1000+ EA BOT MOGUL Bundles\MT5 (ex5)\THS\2\205\205.2\205.2.2\205.2.2.html,(PJC8429) 205.2.2 THS SD VolM RSIlow Plus TL,DELTA,H1,2024.01.01,2024.12.31,0.999,<=1yr,17300.86,29.33,158.59,0.14,4247.10,4.23,6,History Quality,54%,Investment_Percentage_Bot=100 Total_Trades_Per_Symbol=999 SD_Distance_Period=20 SD_Distance_Multiplier=1.0 Volume_period_MFI=14 Volune_Level_MFI=50 RSI_Period=20 RSI_Level=50 TL_Start_Money_percent=2 TL_Step_Money_percent=0.1 TL_Stop_Money_percent=1 Initial_Trade_Percent=6 Volume_Plus_Step_Percent=2 MagicStart=7785 Wallet_Address=,MONEY_LOT;NO_SL_INPUT(heuristic),,,,,ok,
205.2.3,D:\Forex\10_EA_PROJECTS\0. Jobot\1000+ EA BOT MOGUL Bundles\MT5 (ex5)\THS\2\205\205.2\205.2.3\205.2.3.html,(OJF0900) 205.2.3 THS SD VolM RSIlow Plus RSIC,TLI,H1,2024.01.01,2024.12.31,0.999,<=1yr,38744.55,262.08,148.40,0.15,7095.00,6.10,1,History Quality,54%,Investment_Percentage_Bot=100 Total_Trades_Per_Symbol=999 SD_Distance_Period=20 SD_Distance_Multiplier=4.5 Volume_period_MFI=14 Volune_Level_MFI=30 RSI_Period=20 RSI_Level=60 RSI_close_period=20 RSI_close_level=100 Initial_Trade_Percent=3 Volume_Plus_Step_Percent=2 MagicStart=7785 Wallet_Address=,MONEY_LOT;MARTINGALE;NO_SL_INPUT(heuristic),,,,,ok,
205.2.4,D:\Forex\10_EA_PROJECTS\0. Jobot\1000+ EA BOT MOGUL Bundles\MT5 (ex5)\THS\2\205\205.2\205.2.4\205.2.4.html,(FDV9426) 205.2.4 THS SD VolM RSIlow Plus STOC,TRUE,H1,2024.01.01,2024.12.31,0.999,<=1yr,77804.48,540.90,144.11,0.14,15700.00,10.82,1,History Quality,54%,Investment_Percentage_Bot=100 Total_Trades_Per_Symbol=999 SD_Distance_Period=20 SD_Distance_Multiplier=2.0 Volume_period_MFI=14 Volune_Level_MFI=30 RSI_Period=20 RSI_Level=60 STO_close_period=20 STO_close_level=100 Initial_Trade_Percent=8 Volume_Plus_Step_Percent=2 MagicStart=7785 Wallet_Address=,MONEY_LOT;MARTINGALE;NO_SL_INPUT(heuristic),,,,,ok,
205.2.5,D:\Forex\10_EA_PROJECTS\0. Jobot\1000+ EA BOT MOGUL Bundles\MT5 (ex5)\THS\2\205\205.2\205.2.5\205.2.5.html,(REG9317) 205.2.5 THS SD VolM RSIlow Plus MACDC,CCET,H1,2024.01.01,2024.12.31,0.999,<=1yr,21481.26,82.42,139.95,0.14,9548.00,7.81,5,History Quality,54%,Investment_Percentage_Bot=100 Total_Trades_Per_Symbol=999 SD_Distance_Period=20 SD_Distance_Multiplier=1.0 Volume_period_MFI=14 Volune_Level_MFI=60 RSI_Period=20 RSI_Level=70 MACD_fast_close=12 MACD_slow_close=26 MACD_signal_close=9 Initial_Trade_Percent=8 Volume_Plus_Step_Percent=2 MagicStart=7785 Wallet_Address=,MONEY_LOT;NO_SL_INPUT(heuristic),,,,,ok,
205.2.6,D:\Forex\10_EA_PROJECTS\0. Jobot\1000+ EA BOT MOGUL Bundles\MT5 (ex5)\THS\2\205\205.2\205.2.6\205.2.6.html,(EXP1265) 205.2.6 THS SD VolM RSIlow Plus EMAC,CCET,H1,2024.01.01,2024.12.31,0.999,<=1yr,53372.85,112.53,150.49,0.14,17000.00,10.93,8,History Quality,54%,Investment_Percentage_Bot=100 Total_Trades_Per_Symbol=999 SD_Distance_Period=20 SD_Distance_Multiplier=3.0 Volume_period_MFI=14 Volune_Level_MFI=50 RSI_Period=20 RSI_Level=50 Close_EMA_fast_period=5 Close_EMA_slow_period=20 Close_EMA_trend_period=40 Initial_Trade_Percent=9 Volume_Plus_Step_Percent=2 MagicStart=7785 Wallet_Address=,MONEY_LOT;MARTINGALE;NO_SL_INPUT(heuristic),,,,,ok,
205.3.1,D:\Forex\10_EA_PROJECTS\0. Jobot\1000+ EA BOT MOGUL Bundles\MT5 (ex5)\THS\2\205\205.3\205.3.1\205.3.1.html,(LPH1729) 205.3.1 THS SD VolM RSIlow Multiply CA,CCET,H1,2024.01.01,2024.12.31,0.999,<=1yr,15873.01,9.39,972.67,0.83,6271.36,5.56,15,History Quality,54%,Investment_Percentage_Bot=100 Total_Trades_Per_Symbol=999 SD_Distance_Period=20 SD_Distance_Multiplier=1.0 Volume_period_MFI=14 Volune_Level_MFI=30 RSI_Period=20 RSI_Level=50 Close_all_percent_profit=1 Initial_Trade_Percent=9 Trade_Volume_Multiplier=1.2 MagicStart=7785 Wallet_Address=,MONEY_LOT;MARTINGALE;NO_SL_INPUT(heuristic),,,,,ok,
205.3.2,D:\Forex\10_EA_PROJECTS\0. Jobot\1000+ EA BOT MOGUL Bundles\MT5 (ex5)\THS\2\205\205.3\205.3.2\205.3.2.html,(YDE0075) 205.3.2 THS SD VolM RSIlow Multiply TL,CCET,H1,2024.01.01,2024.12.31,0.999,<=1yr,18677.75,12.18,1141.73,0.95,10604.31,9.01,7,History Quality,54%,Investment_Percentage_Bot=100 Total_Trades_Per_Symbol=999 SD_Distance_Period=20 SD_Distance_Multiplier=2.0 Volume_period_MFI=14 Volune_Level_MFI=50 RSI_Period=20 RSI_Level=50 TL_Start_Money_percent=2 TL_Step_Money_percent=0.1 TL_Stop_Money_percent=1 Initial_Trade_Percent=10 Trade_Volume_Multiplier=1.2 MagicStart=7785 Wallet_Address=,MONEY_LOT;MARTINGALE;NO_SL_INPUT(heuristic),,,,,ok,
205.3.3,D:\Forex\10_EA_PROJECTS\0. Jobot\1000+ EA BOT MOGUL Bundles\MT5 (ex5)\THS\2\205\205.3\205.3.3\205.3.3.html,(TPB8490) 205.3.3 THS SD VolM RSIlow Multiply RSIC,CCET,H1,2024.01.01,2024.12.31,0.999,<=1yr,30699.78,205.84,149.87,0.15,11479.68,8.61,1,History Quality,54%,Investment_Percentage_Bot=100 Total_Trades_Per_Symbol=999 SD_Distance_Period=20 SD_Distance_Multiplier=2.5 Volume_period_MFI=14 Volune_Level_MFI=30 RSI_Period=20 RSI_Level=50 RSI_close_period=20 RSI_close_level=100 Initial_Trade_Percent=1 Trade_Volume_Multiplier=1.2 MagicStart=7785 Wallet_Address=,MONEY_LOT;MARTINGALE;NO_SL_INPUT(heuristic),,,,,ok,
205.3.4,D:\Forex\10_EA_PROJECTS\0. Jobot\1000+ EA BOT MOGUL Bundles\MT5 (ex5)\THS\2\205\205.3\205.3.4\205.3.4.html,(TUY4555) 205.3.4 THS SD VolM RSIlow Multiply STOC,CCET,H1,2024.01.01,2024.12.31,0.999,<=1yr,32285.49,21.07,611.05,0.46,7980.48,6.18,21,History Quality,54%,Investment_Percentage_Bot=100 Total_Trades_Per_Symbol=999 SD_Distance_Period=20 SD_Distance_Multiplier=1.0 Volume_period_MFI=14 Volune_Level_MFI=30 RSI_Period=20 RSI_Level=50 STO_close_period=20 STO_close_level=90 Initial_Trade_Percent=10 Trade_Volume_Multiplier=1.2 MagicStart=7785 Wallet_Address=,MONEY_LOT;MARTINGALE;NO_SL_INPUT(heuristic),,,,,ok,
205.3.5,D:\Forex\10_EA_PROJECTS\0. Jobot\1000+ EA BOT MOGUL Bundles\MT5 (ex5)\THS\2\205\205.3\205.3.5\205.3.5.html,(PXD4352) 205.3.5 THS SD VolM RSIlow Multiply MACDC,CCET,H1,2024.01.01,2024.12.31,0.999,<=1yr,21490.80,14.70,1264.18,1.03,9968.00,8.07,6,History Quality,54%,Investment_Percentage_Bot=100 Total_Trades_Per_Symbol=999 SD_Distance_Period=20 SD_Distance_Multiplier=1.0 Volume_period_MFI=14 Volune_Level_MFI=30 RSI_Period=20 RSI_Level=70 MACD_fast_close=12 MACD_slow_close=26 MACD_signal_close=9 Initial_Trade_Percent=7 Trade_Volume_Multiplier=1.2 MagicStart=7785 Wallet_Address=,MONEY_LOT;MARTINGALE;NO_SL_INPUT(heuristic),,,,,ok,
205.3.6,D:\Forex\10_EA_PROJECTS\0. Jobot\1000+ EA BOT MOGUL Bundles\MT5 (ex5)\THS\2\205\205.3\205.3.6\205.3.6.html,(ODM3908) 205.3.6 THS SD VolM RSIlow Multiply EMAC,CCET,H1,2024.01.01,2024.12.31,0.999,<=1yr,58907.19,69.29,215.13,0.14,17840.00,11.00,9,History Quality,54%,Investment_Percentage_Bot=100 Total_Trades_Per_Symbol=999 SD_Distance_Period=20 SD_Distance_Multiplier=2.5 Volume_period_MFI=14 Volune_Level_MFI=30 RSI_Period=20 RSI_Level=50 Close_EMA_fast_period=5 Close_EMA_slow_period=20 Close_EMA_trend_period=40 Initial_Trade_Percent=10 Trade_Volume_Multiplier=1.2 MagicStart=7785 Wallet_Address=,MONEY_LOT;MARTINGALE;NO_SL_INPUT(heuristic),,,,,ok,
205.4.1,D:\Forex\10_EA_PROJECTS\0. Jobot\1000+ EA BOT MOGUL Bundles\MT5 (ex5)\THS\2\205\205.4\205.4.1\205.4.1.html,(UJT5945) 205.4.1 THS SD VolM RSIlow Log CA,CCET,H1,2024.01.01,2024.12.31,0.999,<=1yr,15873.01,9.39,972.67,0.83,6271.36,5.56,15,History Quality,54%,Investment_Percentage_Bot=100 Total_Trades_Per_Symbol=999 SD_Distance_Period=20 SD_Distance_Multiplier=1.0 Volume_period_MFI=14 Volune_Level_MFI=30 RSI_Period=20 RSI_Level=50 Close_all_percent_profit=1 Initial_Trade_Percent=9 MagicStart=7785 Wallet_Address=,MONEY_LOT;NO_SL_INPUT(heuristic),,,,,ok,
205.4.2,D:\Forex\10_EA_PROJECTS\0. Jobot\1000+ EA BOT MOGUL Bundles\MT5 (ex5)\THS\2\205\205.4\205.4.2\205.4.2.html,(RAN8315) 205.4.2 THS SD VolM RSIlow Log TL,CCET,H1,2024.01.01,2024.12.31,0.999,<=1yr,15801.49,22.98,219.07,0.19,7444.19,7.06,8,History Quality,54%,Investment_Percentage_Bot=100 Total_Trades_Per_Symbol=999 SD_Distance_Period=20 SD_Distance_Multiplier=1.5 Volume_period_MFI=14 Volune_Level_MFI=50 RSI_Period=20 RSI_Level=60 TL_Start_Money_percent=2 TL_Step_Money_percent=0.1 TL_Stop_Money_percent=1 Initial_Trade_Percent=8 MagicStart=7785 Wallet_Address=,MONEY_LOT;MARTINGALE;NO_SL_INPUT(heuristic),,,,,ok,
205.4.3,D:\Forex\10_EA_PROJECTS\0. Jobot\1000+ EA BOT MOGUL Bundles\MT5 (ex5)\THS\2\205\205.4\205.4.3\205.4.3.html,(POP3366) 205.4.3 THS SD VolM RSIlow Log RSIC,CCET,H1,2024.01.01,2024.12.31,0.999,<=1yr,28968.04,73.13,186.83,0.15,8077.90,7.95,3,History Quality,54%,Investment_Percentage_Bot=100 Total_Trades_Per_Symbol=999 SD_Distance_Period=20 SD_Distance_Multiplier=2.5 Volume_period_MFI=20 Volune_Level_MFI=60 RSI_Period=20 RSI_Level=50 RSI_close_period=20 RSI_close_level=80 Initial_Trade_Percent=8 MagicStart=7785 Wallet_Address=,MONEY_LOT;MARTINGALE;NO_SL_INPUT(heuristic),,,,,ok,
205.4.4,D:\Forex\10_EA_PROJECTS\0. Jobot\1000+ EA BOT MOGUL Bundles\MT5 (ex5)\THS\2\205\205.4\205.4.4\205.4.4.html,(CKG6268) 205.4.4 THS SD VolM RSIlow Log STOC,CCET,H1,2024.01.01,2024.12.31,0.999,<=1yr,31946.29,20.47,607.93,0.46,7901.34,6.20,21,History Quality,54%,Investment_Percentage_Bot=100 Total_Trades_Per_Symbol=999 SD_Distance_Period=20 SD_Distance_Multiplier=1.0 Volume_period_MFI=20 Volune_Level_MFI=30 RSI_Period=20 RSI_Level=50 STO_close_period=20 STO_close_level=90 Initial_Trade_Percent=10 MagicStart=7785 Wallet_Address=,MONEY_LOT;NO_SL_INPUT(heuristic),,,,,ok,
205.4.5,D:\Forex\10_EA_PROJECTS\0. Jobot\1000+ EA BOT MOGUL Bundles\MT5 (ex5)\THS\2\205\205.4\205.4.5\205.4.5.html,(PMG3200) 205.4.5 THS SD VolM RSIlow Log MACDC,CCET,H1,2024.01.01,2024.12.31,0.999,<=1yr,21481.26,82.42,139.95,0.14,9548.00,7.81,5,History Quality,54%,Investment_Percentage_Bot=100 Total_Trades_Per_Symbol=999 SD_Distance_Period=20 SD_Distance_Multiplier=1.0 Volume_period_MFI=20 Volune_Level_MFI=70 RSI_Period=20 RSI_Level=70 MACD_fast_close=12 MACD_slow_close=26 MACD_signal_close=9 Initial_Trade_Percent=8 MagicStart=7785 Wallet_Address=,MONEY_LOT;NO_SL_INPUT(heuristic),,,,,ok,
205.4.6,D:\Forex\10_EA_PROJECTS\0. Jobot\1000+ EA BOT MOGUL Bundles\MT5 (ex5)\THS\2\205\205.4\205.4.6\205.4.6.html,(KAX7672) 205.4.6 THS SD VolM RSIlow Log EMAC,CCET,H1,2024.01.01,2024.12.31,0.999,<=1yr,53826.16,113.74,151.66,0.15,17280.00,11.01,8,History Quality,54%,Investment_Percentage_Bot=100 Total_Trades_Per_Symbol=999 SD_Distance_Period=20 SD_Distance_Multiplier=3.5 Volume_period_MFI=20 Volune_Level_MFI=50 RSI_Period=20 RSI_Level=50 Close_EMA_fast_period=5 Close_EMA_slow_period=20 Close_EMA_trend_period=40 Initial_Trade_Percent=9 MagicStart=7785 Wallet_Address=,MONEY_LOT;MARTINGALE;NO_SL_INPUT(heuristic),,,,,ok,
205.5.1,D:\Forex\10_EA_PROJECTS\0. Jobot\1000+ EA BOT MOGUL Bundles\MT5 (ex5)\THS\2\205\205.5\205.5.1\205.5.1.html,(LLX0387) 205.5.1 THS SD VolM RSIlow RSI Lot CA,CCET,H1,2024.01.01,2024.12.31,0.999,<=1yr,17162.86,19.48,302.20,0.26,10993.15,9.76,16,History Quality,54%,Investment_Percentage_Bot=100 Total_Trades_Per_Symbol=999 SD_Distance_Period=20 SD_Distance_Multiplier=4.0 Volume_period_MFI=20 Volune_Level_MFI=40 RSI_Period=20 RSI_Level=50 Close_all_percent_profit=1 Initial_Trade_Percent=6 RSI_Lot_Multiplier=14 MagicStart=7785 Wallet_Address=,MONEY_LOT;MARTINGALE;NO_SL_INPUT(heuristic),,,,,ok,
205.5.2,D:\Forex\10_EA_PROJECTS\0. Jobot\1000+ EA BOT MOGUL Bundles\MT5 (ex5)\THS\2\205\205.5\205.5.2\205.5.2.html,(ZEC7514) 205.5.2 THS SD VolM RSIlow RSI Lot TL,CCET,H1,2024.01.01,2024.12.31,0.999,<=1yr,28699.25,38.51,159.58,0.15,12294.18,11.13,11,History Quality,54%,Investment_Percentage_Bot=100 Total_Trades_Per_Symbol=999 SD_Distance_Period=20 SD_Distance_Multiplier=3.5 Volume_period_MFI=14 Volune_Level_MFI=50 RSI_Period=20 RSI_Level=50 TL_Start_Money_percent=2 TL_Step_Money_percent=0.1 TL_Stop_Money_percent=1 Initial_Trade_Percent=10 RSI_Lot_Multiplier=14 MagicStart=7785 Wallet_Address=,MONEY_LOT;MARTINGALE;NO_SL_INPUT(heuristic),,,,,ok,
205.5.3,D:\Forex\10_EA_PROJECTS\0. Jobot\1000+ EA BOT MOGUL Bundles\MT5 (ex5)\THS\2\205\205.5\205.5.3\205.5.3.html,(JBT8176) 205.5.3 THS SD VolM RSIlow RSI Lot RSIC,CCET,H1,2024.01.01,2024.12.31,0.999,<=1yr,33886.98,57.94,168.45,0.13,13398.00,9.45,5,History Quality,54%,Investment_Percentage_Bot=100 Total_Trades_Per_Symbol=999 SD_Distance_Period=20 SD_Distance_Multiplier=1.0 Volume_period_MFI=20 Volune_Level_MFI=60 RSI_Period=20 RSI_Level=50 RSI_close_period=20 RSI_close_level=70 Initial_Trade_Percent=7 RSI_Lot_Multiplier=14 MagicStart=7785 Wallet_Address=,MONEY_LOT;MARTINGALE;NO_SL_INPUT(heuristic),,,,,ok,
205.5.4,D:\Forex\10_EA_PROJECTS\0. Jobot\1000+ EA BOT MOGUL Bundles\MT5 (ex5)\THS\2\205\205.5\205.5.4\205.5.4.html,(YOX8472) 205.5.4 THS SD VolM RSIlow RSI Lot STOC,CCET,H1,2024.01.01,2024.12.31,0.999,<=1yr,40946.65,18.18,1002.51,0.71,12773.84,9.45,22,History Quality,54%,Investment_Percentage_Bot=100 Total_Trades_Per_Symbol=999 SD_Distance_Period=20 SD_Distance_Multiplier=1.0 Volume_period_MFI=20 Volune_Level_MFI=30 RSI_Period=20 RSI_Level=50 STO_close_period=20 STO_close_level=90 Initial_Trade_Percent=6 RSI_Lot_Multiplier=14 MagicStart=7785 Wallet_Address=,MONEY_LOT;MARTINGALE;NO_SL_INPUT(heuristic),,,,,ok,
205.5.5,D:\Forex\10_EA_PROJECTS\0. Jobot\1000+ EA BOT MOGUL Bundles\MT5 (ex5)\THS\2\205\205.5\205.5.5\205.5.5.html,(BTC5255) 205.5.5 THS SD VolM RSIlow RSI Lot MACDC,CCET,H1,2024.01.01,2024.12.31,0.999,<=1yr,21945.27,96.18,138.06,0.14,9492.00,7.73,5,History Quality,54%,Investment_Percentage_Bot=100 Total_Trades_Per_Symbol=999 SD_Distance_Period=20 SD_Distance_Multiplier=1.0 Volume_period_MFI=20 Volune_Level_MFI=70 RSI_Period=20 RSI_Level=70 MACD_fast_close=12 MACD_slow_close=26 MACD_signal_close=9 Initial_Trade_Percent=4 RSI_Lot_Multiplier=14 MagicStart=7785 Wallet_Address=,MONEY_LOT;MARTINGALE;NO_SL_INPUT(heuristic),,,,,ok,
205.5.6,D:\Forex\10_EA_PROJECTS\0. Jobot\1000+ EA BOT MOGUL Bundles\MT5 (ex5)\THS\2\205\205.5\205.5.6\205.5.6.html,(JQN4891) 205.5.6 THS SD VolM RSIlow RSI Lot EMAC,CCET,H1,2024.01.01,2024.12.31,0.999,<=1yr,58052.39,57.23,343.18,0.22,17659.83,10.38,10,History Quality,54%,Investment_Percentage_Bot=100 Total_Trades_Per_Symbol=999 SD_Distance_Period=20 SD_Distance_Multiplier=3.0 Volume_period_MFI=20 Volune_Level_MFI=50 RSI_Period=20 RSI_Level=50 Close_EMA_fast_period=5 Close_EMA_slow_period=20 Close_EMA_trend_period=40 Initial_Trade_Percent=6 RSI_Lot_Multiplier=14 MagicStart=7785 Wallet_Address=,MONEY_LOT;MARTINGALE;NO_SL_INPUT(heuristic),,,,,ok,
206.1.1,D:\Forex\10_EA_PROJECTS\0. Jobot\1000+ EA BOT MOGUL Bundles\MT5 (ex5)\THS\2\206\206.1\206.1.1\206.1.1.html,(ACD9968) 206.1.1 THS SD VolM STOup DCA CA,CCET,H1,2024.01.01,2024.12.31,0.999,<=1yr,15226.58,13.60,676.99,0.58,9808.88,8.65,15,History Quality,54%,Investment_Percentage_Bot=100 Total_Trades_Per_Symbol=999 SD_Distance_Period=20 SD_Distance_Multiplier=1.0 Volume_period_MFI=14 Volune_Level_MFI=30 Lot_percent_Money_per_trade=10 Close_all_percent_profit=1 STO_K=5 STO_D=3 STO_SLow=3 STO_Level=50 MagicStart=7785 Wallet_Address=,MONEY_LOT;NO_SL_INPUT(heuristic),,,,,ok,
206.1.2,D:\Forex\10_EA_PROJECTS\0. Jobot\1000+ EA BOT MOGUL Bundles\MT5 (ex5)\THS\2\206\206.1\206.1.2\206.1.2.html,(DCS8668) 206.1.2 THS SD VolM STOup DCA TL,CCET,H1,2024.01.01,2024.12.31,0.999,<=1yr,16007.97,18.82,548.67,0.47,9052.58,8.42,7,History Quality,54%,Investment_Percentage_Bot=100 Total_Trades_Per_Symbol=999 SD_Distance_Period=20 SD_Distance_Multiplier=1.0 Volume_period_MFI=20 Volune_Level_MFI=30 Lot_percent_Money_per_trade=10 TL_Start_Money_percent=2 TL_Step_Money_percent=0.1 TL_Stop_Money_percent=1 STO_K=5 STO_D=3 STO_SLow=3 STO_Level=90 MagicStart=7785 Wallet_Address=,MONEY_LOT;NO_SL_INPUT(heuristic),,,,,ok,
206.1.3,D:\Forex\10_EA_PROJECTS\0. Jobot\1000+ EA BOT MOGUL Bundles\MT5 (ex5)\THS\2\206\206.1\206.1.3\206.1.3.html,(VBJ2116) 206.1.3 THS SD VolM STOup DCA RSIC,TRUE,H1,2024.01.01,2024.12.31,0.999,<=1yr,98093.31,717.17,136.97,0.14,17100.00,10.53,1,History Quality,54%,Investment_Percentage_Bot=100 Total_Trades_Per_Symbol=999 SD_Distance_Period=20 SD_Distance_Multiplier=1.5 Volume_period_MFI=20 Volune_Level_MFI=30 RSI_close_period=20 RSI_close_level=80 Lot_percent_Money_per_trade=10 STO_K=5 STO_D=3 STO_SLow=3 STO_Level=60 MagicStart=7785 Wallet_Address=,MONEY_LOT;MARTINGALE;NO_SL_INPUT(heuristic),,,,,ok,
206.1.4,D:\Forex\10_EA_PROJECTS\0. Jobot\1000+ EA BOT MOGUL Bundles\MT5 (ex5)\THS\2\206\206.1\206.1.4\206.1.4.html,(AKH5009) 206.1.4 THS SD VolM STOup DCA STOC,TRUE,H1,2024.01.01,2024.12.31,0.999,<=1yr,86722.90,617.37,140.70,0.14,16300.00,10.67,1,History Quality,54%,Investment_Percentage_Bot=100 Total_Trades_Per_Symbol=999 SD_Distance_Period=20 SD_Distance_Multiplier=3.0 Volume_period_MFI=20 Volune_Level_MFI=30 STO_close_period=20 STO_close_level=100 Lot_percent_Money_per_trade=10 STO_K=5 STO_D=3 STO_SLow=3 STO_Level=60 MagicStart=7785 Wallet_Address=,MONEY_LOT;MARTINGALE;NO_SL_INPUT(heuristic),,,,,ok,
206.1.5,D:\Forex\10_EA_PROJECTS\0. Jobot\1000+ EA BOT MOGUL Bundles\MT5 (ex5)\THS\2\206\206.1\206.1.5\206.1.5.html,(RMQ6094) 206.1.5 THS SD VolM STOup DCA MACDC,CCET,H1,2024.01.01,2024.12.31,0.999,<=1yr,31383.70,40.53,446.55,0.34,18040.65,17.44,11,History Quality,54%,Investment_Percentage_Bot=100 Total_Trades_Per_Symbol=999 SD_Distance_Period=20 SD_Distance_Multiplier=4.0 Volume_period_MFI=14 Volune_Level_MFI=50 Lot_percent_Money_per_trade=10 MACD_fast_close=12 MACD_slow_close=26 MACD_signal_close=9 STO_K=5 STO_D=3 STO_SLow=3 STO_Level=60 MagicStart=7785 Wallet_Address=,MONEY_LOT;MARTINGALE;NO_SL_INPUT(heuristic),,,,,ok,
206.1.6,D:\Forex\10_EA_PROJECTS\0. Jobot\1000+ EA BOT MOGUL Bundles\MT5 (ex5)\THS\2\206\206.1\206.1.6\206.1.6.html,(ROZ2647) 206.1.6 THS SD VolM STOup DCA EMAC,CCET,H1,2024.01.01,2024.12.31,0.999,<=1yr,45907.16,53.98,499.09,0.34,16160.00,10.89,7,History Quality,54%,Investment_Percentage_Bot=100 Total_Trades_Per_Symbol=999 SD_Distance_Period=20 SD_Distance_Multiplier=4.5 Volume_period_MFI=14 Volune_Level_MFI=30 Lot_percent_Money_per_trade=10 Close_EMA_fast_period=5 Close_EMA_slow_period=20 Close_EMA_trend_period=40 STO_K=5 STO_D=3 STO_SLow=3 STO_Level=80 MagicStart=7785 Wallet_Address=,MONEY_LOT;MARTINGALE;NO_SL_INPUT(heuristic),,,,,ok,
206.2.1,D:\Forex\10_EA_PROJECTS\0. Jobot\1000+ EA BOT MOGUL Bundles\MT5 (ex5)\THS\2\206\206.2\206.2.1\206.2.1.html,(DLV1663) 206.2.1 THS SD VolM STOup Plus CA,CCET,H1,2024.01.01,2024.12.31,0.999,<=1yr,19522.59,12.69,537.50,0.45,5601.05,5.43,17,History Quality,54%,Investment_Percentage_Bot=100 Total_Trades_Per_Symbol=999 SD_Distance_Period=20 SD_Distance_Multiplier=1.0 Volume_period_MFI=14 Volune_Level_MFI=30 Close_all_percent_profit=1 Initial_Trade_Percent=8 Volume_Plus_Step_Percent=2 STO_K=5 STO_D=3 STO_SLow=3 STO_Level=40 MagicStart=7785 Wallet_Address=,MONEY_LOT;NO_SL_INPUT(heuristic),,,,,ok,
206.2.2,D:\Forex\10_EA_PROJECTS\0. Jobot\1000+ EA BOT MOGUL Bundles\MT5 (ex5)\THS\2\206\206.2\206.2.2\206.2.2.html,(RMG8812) 206.2.2 THS SD VolM STOup Plus TL,CCET,H1,2024.01.01,2024.12.31,0.999,<=1yr,19692.50,14.64,270.75,0.23,12445.64,10.67,12,History Quality,54%,Investment_Percentage_Bot=100 Total_Trades_Per_Symbol=999 SD_Distance_Period=20 SD_Distance_Multiplier=1.5 Volume_period_MFI=14 Volune_Level_MFI=30 TL_Start_Money_percent=2 TL_Step_Money_percent=0.1 TL_Stop_Money_percent=1 Initial_Trade_Percent=6 Volume_Plus_Step_Percent=2 STO_K=5 STO_D=3 STO_SLow=3 STO_Level=30 MagicStart=7785 Wallet_Address=,MONEY_LOT;MARTINGALE;NO_SL_INPUT(heuristic),,,,,ok,
206.2.3,D:\Forex\10_EA_PROJECTS\0. Jobot\1000+ EA BOT MOGUL Bundles\MT5 (ex5)\THS\2\206\206.2\206.2.3\206.2.3.html,(OXX3293) 206.2.3 THS SD VolM STOup Plus RSIC,CCET,H1,2024.01.01,2024.12.31,0.999,<=1yr,34147.16,112.98,149.19,0.15,11516.48,8.89,3,History Quality,54%,Investment_Percentage_Bot=100 Total_Trades_Per_Symbol=999 SD_Distance_Period=20 SD_Distance_Multiplier=1.5 Volume_period_MFI=20 Volune_Level_MFI=60 RSI_close_period=20 RSI_close_level=80 Initial_Trade_Percent=4 Volume_Plus_Step_Percent=2 STO_K=5 STO_D=3 STO_SLow=3 STO_Level=40 MagicStart=7785 Wallet_Address=,MONEY_LOT;MARTINGALE;NO_SL_INPUT(heuristic),,,,,ok,
206.2.4,D:\Forex\10_EA_PROJECTS\0. Jobot\1000+ EA BOT MOGUL Bundles\MT5 (ex5)\THS\2\206\206.2\206.2.4\206.2.4.html,(IWI5008) 206.2.4 THS SD VolM STOup Plus STOC,CCET,H1,2024.01.01,2024.12.31,0.999,<=1yr,9455.05,13.04,256.01,0.23,2629.97,2.60,12,History Quality,54%,Investment_Percentage_Bot=100 Total_Trades_Per_Symbol=999 SD_Distance_Period=20 SD_Distance_Multiplier=1.0 Volume_period_MFI=14 Volune_Level_MFI=70 STO_close_period=20 STO_close_level=90 Initial_Trade_Percent=8 Volume_Plus_Step_Percent=2 STO_K=5 STO_D=3 STO_SLow=3 STO_Level=60 MagicStart=7785 Wallet_Address=,MONEY_LOT;NO_SL_INPUT(heuristic),,,,,ok,
206.2.5,D:\Forex\10_EA_PROJECTS\0. Jobot\1000+ EA BOT MOGUL Bundles\MT5 (ex5)\THS\2\206\206.2\206.2.5\206.2.5.html,(KCU2541) 206.2.5 THS SD VolM STOup Plus MACDC,CCET,H1,2024.01.01,2024.12.31,0.999,<=1yr,61662.74,21.61,1899.39,1.16,23825.46,19.68,13,History Quality,54%,Investment_Percentage_Bot=100 Total_Trades_Per_Symbol=999 SD_Distance_Period=20 SD_Distance_Multiplier=1.0 Volume_period_MFI=20 Volune_Level_MFI=30 MACD_fast_close=12 MACD_slow_close=26 MACD_signal_close=9 Initial_Trade_Percent=8 Volume_Plus_Step_Percent=2 STO_K=5 STO_D=3 STO_SLow=3 STO_Level=50 MagicStart=7785 Wallet_Address=,MONEY_LOT;NO_SL_INPUT(heuristic),,,,,ok,
206.2.6,D:\Forex\10_EA_PROJECTS\0. Jobot\1000+ EA BOT MOGUL Bundles\MT5 (ex5)\THS\2\206\206.2\206.2.6\206.2.6.html,(KFC1664) 206.2.6 THS SD VolM STOup Plus EMAC,CCET,H1,2024.01.01,2024.12.31,0.999,<=1yr,47473.48,106.60,214.87,0.15,16680.00,11.05,6,History Quality,54%,Investment_Percentage_Bot=100 Total_Trades_Per_Symbol=999 SD_Distance_Period=20 SD_Distance_Multiplier=3.5 Volume_period_MFI=14 Volune_Level_MFI=40 Close_EMA_fast_period=5 Close_EMA_slow_period=20 Close_EMA_trend_period=40 Initial_Trade_Percent=4 Volume_Plus_Step_Percent=2 STO_K=5 STO_D=3 STO_SLow=3 STO_Level=50 MagicStart=7785 Wallet_Address=,MONEY_LOT;MARTINGALE;NO_SL_INPUT(heuristic),,,,,ok,
206.3.4,D:\Forex\10_EA_PROJECTS\0. Jobot\1000+ EA BOT MOGUL Bundles\MT5 (ex5)\THS\2\206\206.3\206.3.4\206.3.4.html,(TGT9674) 206.3.4 THS SD VolM STOup Multiply STOC,CCET,H1,2024.01.01,2024.12.31,0.999,<=1yr,148884.78,24.62,1466.10,0.14,40085.20,3.95,16,History Quality,54%,Investment_Percentage_Bot=100 Total_Trades_Per_Symbol=999 SD_Distance_Period=20 SD_Distance_Multiplier=1.0 Volume_period_MFI=20 Volune_Level_MFI=30 STO_close_period=20 STO_close_level=80 Initial_Trade_Percent=9 Trade_Volume_Multiplier=1.2 STO_K=5 STO_D=3 STO_SLow=3 STO_Level=20 MagicStart=7785 Wallet_Address=,MONEY_LOT;MARTINGALE;NO_SL_INPUT(heuristic),,,,,ok,
206.3.5,D:\Forex\10_EA_PROJECTS\0. Jobot\1000+ EA BOT MOGUL Bundles\MT5 (ex5)\THS\2\206\206.3\206.3.5\206.3.5.html,(RAF7798) 206.3.5 THS SD VolM STOup Multiply MACDC,CCET,H1,2024.01.01,2024.12.31,0.999,<=1yr,688882.36,19.59,24923.66,1.45,257449.36,14.68,13,History Quality,54%,Investment_Percentage_Bot=100 Total_Trades_Per_Symbol=999 SD_Distance_Period=20 SD_Distance_Multiplier=1.0 Volume_period_MFI=20 Volune_Level_MFI=30 MACD_fast_close=12 MACD_slow_close=26 MACD_signal_close=9 Initial_Trade_Percent=10 Trade_Volume_Multiplier=1.2 STO_K=5 STO_D=3 STO_SLow=3 STO_Level=50 MagicStart=7785 Wallet_Address=,MONEY_LOT;MARTINGALE;NO_SL_INPUT(heuristic),,,,,ok,
206.3.6,D:\Forex\10_EA_PROJECTS\0. Jobot\1000+ EA BOT MOGUL Bundles\MT5 (ex5)\THS\2\206\206.3\206.3.6\206.3.6.html,(UUN8579) 206.3.6 THS SD VolM STOup Multiply EMAC,CCET,H1,2024.01.01,2024.12.31,0.999,<=1yr,563733.08,21.96,22273.17,1.40,183005.96,10.64,7,History Quality,54%,Investment_Percentage_Bot=100 Total_Trades_Per_Symbol=999 SD_Distance_Period=20 SD_Distance_Multiplier=1.5 Volume_period_MFI=20 Volune_Level_MFI=30 Close_EMA_fast_period=5 Close_EMA_slow_period=20 Close_EMA_trend_period=40 Initial_Trade_Percent=2 Trade_Volume_Multiplier=1.2 STO_K=5 STO_D=3 STO_SLow=3 STO_Level=40 MagicStart=7785 Wallet_Address=,MONEY_LOT;MARTINGALE;NO_SL_INPUT(heuristic),,,,,ok,
206.4.1,D:\Forex\10_EA_PROJECTS\0. Jobot\1000+ EA BOT MOGUL Bundles\MT5 (ex5)\THS\2\206\206.4\206.4.1\206.4.1.html,(XDJ1378) 206.4.1 THS SD VolM STOup Log CA,CCET,H1,2024.01.01,2024.12.31,0.999,<=1yr,163949.26,6.93,15969.18,1.35,86012.09,7.63,14,History Quality,54%,Investment_Percentage_Bot=100 Total_Trades_Per_Symbol=999 SD_Distance_Period=20 SD_Distance_Multiplier=1.0 Volume_period_MFI=20 Volune_Level_MFI=50 Close_all_percent_profit=1 Initial_Trade_Percent=7 STO_K=5 STO_D=3 STO_SLow=3 STO_Level=70 MagicStart=7785 Wallet_Address=,MONEY_LOT;NO_SL_INPUT(heuristic),,,,,ok,
206.4.2,D:\Forex\10_EA_PROJECTS\0. Jobot\1000+ EA BOT MOGUL Bundles\MT5 (ex5)\THS\2\206\206.4\206.4.2\206.4.2.html,(GYD3505) 206.4.2 THS SD VolM STOup Log TL,CCET,H1,2024.01.01,2024.12.31,0.999,<=1yr,198759.18,16.35,2033.75,0.17,88734.24,7.62,11,History Quality,54%,Investment_Percentage_Bot=100 Total_Trades_Per_Symbol=999 SD_Distance_Period=20 SD_Distance_Multiplier=1.0 Volume_period_MFI=20 Volune_Level_MFI=30 TL_Start_Money_percent=2 TL_Step_Money_percent=0.1 TL_Stop_Money_percent=1 Initial_Trade_Percent=3 STO_K=5 STO_D=3 STO_SLow=3 STO_Level=40 MagicStart=7785 Wallet_Address=,MONEY_LOT;NO_SL_INPUT(heuristic),,,,,ok,
206.4.3,D:\Forex\10_EA_PROJECTS\0. Jobot\1000+ EA BOT MOGUL Bundles\MT5 (ex5)\THS\2\206\206.4\206.4.3\206.4.3.html,(FVK8340) 206.4.3 THS SD VolM STOup Log RSIC,CCET,H1,2024.01.01,2024.12.31,0.999,<=1yr,118917.99,35.76,1334.20,0.13,69668.20,6.78,7,History Quality,54%,Investment_Percentage_Bot=100 Total_Trades_Per_Symbol=999 SD_Distance_Period=20 SD_Distance_Multiplier=5.0 Volume_period_MFI=20 Volune_Level_MFI=40 RSI_close_period=20 RSI_close_level=70 Initial_Trade_Percent=10 STO_K=5 STO_D=3 STO_SLow=3 STO_Level=20 MagicStart=7785 Wallet_Address=,MONEY_LOT;MARTINGALE;NO_SL_INPUT(heuristic),,,,,ok,
206.4.4,D:\Forex\10_EA_PROJECTS\0. Jobot\1000+ EA BOT MOGUL Bundles\MT5 (ex5)\THS\2\206\206.4\206.4.4\206.4.4.html,(IMK5781) 206.4.4 THS SD VolM STOup Log STOC,CCET,H1,2024.01.01,2024.12.31,0.999,<=1yr,171611.69,12.18,6868.95,0.58,54614.00,4.69,19,History Quality,54%,Investment_Percentage_Bot=100 Total_Trades_Per_Symbol=999 SD_Distance_Period=20 SD_Distance_Multiplier=1.0 Volume_period_MFI=20 Volune_Level_MFI=30 STO_close_period=20 STO_close_level=90 Initial_Trade_Percent=4 STO_K=5 STO_D=3 STO_SLow=3 STO_Level=50 MagicStart=7785 Wallet_Address=,MONEY_LOT;NO_SL_INPUT(heuristic),,,,,ok,
206.4.5,D:\Forex\10_EA_PROJECTS\0. Jobot\1000+ EA BOT MOGUL Bundles\MT5 (ex5)\THS\2\206\206.4\206.4.5\206.4.5.html,(CSE1068) 206.4.5 THS SD VolM STOup Log MACDC,CCET,H1,2024.01.01,2024.12.31,0.999,<=1yr,617402.19,21.46,19043.38,1.16,238680.28,19.72,13,History Quality,54%,Investment_Percentage_Bot=100 Total_Trades_Per_Symbol=999 SD_Distance_Period=20 SD_Distance_Multiplier=1.0 Volume_period_MFI=20 Volune_Level_MFI=30 MACD_fast_close=12 MACD_slow_close=26 MACD_signal_close=9 Initial_Trade_Percent=8 STO_K=5 STO_D=3 STO_SLow=3 STO_Level=50 MagicStart=7785 Wallet_Address=,MONEY_LOT;NO_SL_INPUT(heuristic),,,,,ok,
206.4.6,D:\Forex\10_EA_PROJECTS\0. Jobot\1000+ EA BOT MOGUL Bundles\MT5 (ex5)\THS\2\206\206.4\206.4.6\206.4.6.html,(AAN3736) 206.4.6 THS SD VolM STOup Log EMAC,CCET,H1,2024.01.01,2024.12.31,0.999,<=1yr,577699.39,18.10,28958.79,1.80,232529.02,13.37,6,History Quality,54%,Investment_Percentage_Bot=100 Total_Trades_Per_Symbol=999 SD_Distance_Period=20 SD_Distance_Multiplier=2.0 Volume_period_MFI=20 Volune_Level_MFI=30 Close_EMA_fast_period=5 Close_EMA_slow_period=20 Close_EMA_trend_period=40 Initial_Trade_Percent=8 STO_K=5 STO_D=3 STO_SLow=3 STO_Level=40 MagicStart=7785 Wallet_Address=,MONEY_LOT;MARTINGALE;NO_SL_INPUT(heuristic),,,,,ok,
206.5.1,D:\Forex\10_EA_PROJECTS\0. Jobot\1000+ EA BOT MOGUL Bundles\MT5 (ex5)\THS\2\206\206.5\206.5.1\206.2.1.html,(RWS1909) 206.5.1 THS SD VolM STOup RSI Lot CA,CCET,H1,2024.01.01,2024.12.31,0.999,<=1yr,260873.18,10.28,8858.95,0.70,91871.84,7.60,23,History Quality,54%,Investment_Percentage_Bot=100 Total_Trades_Per_Symbol=999 SD_Distance_Period=20 SD_Distance_Multiplier=1.0 Volume_period_MFI=20 Volune_Level_MFI=30 Close_all_percent_profit=1 Initial_Trade_Percent=8 RSI_Lot_Multiplier=14 STO_K=5 STO_D=3 STO_SLow=3 STO_Level=40 MagicStart=7785 Wallet_Address=,MONEY_LOT;MARTINGALE;NO_SL_INPUT(heuristic),,,,,ok,
206.5.2,D:\Forex\10_EA_PROJECTS\0. Jobot\1000+ EA BOT MOGUL Bundles\MT5 (ex5)\THS\2\206\206.5\206.5.2\206.5.2.html,(XIS3293) 206.5.2 THS SD VolM STOup RSI Lot TL,CCET,H1,2024.01.01,2024.12.31,0.999,<=1yr,174303.36,12.79,7916.29,0.67,87183.26,7.40,8,History Quality,54%,Investment_Percentage_Bot=100 Total_Trades_Per_Symbol=999 SD_Distance_Period=20 SD_Distance_Multiplier=1.0 Volume_period_MFI=20 Volune_Level_MFI=30 TL_Start_Money_percent=2 TL_Step_Money_percent=0.1 TL_Stop_Money_percent=1 Initial_Trade_Percent=4 RSI_Lot_Multiplier=14 STO_K=5 STO_D=3 STO_SLow=3 STO_Level=20 MagicStart=7785 Wallet_Address=,MONEY_LOT;MARTINGALE;NO_SL_INPUT(heuristic),,,,,ok,
206.5.3,D:\Forex\10_EA_PROJECTS\0. Jobot\1000+ EA BOT MOGUL Bundles\MT5 (ex5)\THS\2\206\206.5\206.5.3\206.5.3.html,(ANE7954) 206.5.3 THS SD VolM STOup RSI Lot RSIC,CCET,H1,2024.01.01,2024.12.31,0.999,<=1yr,257127.46,37.09,5030.32,0.40,65116.53,5.28,3,History Quality,54%,Investment_Percentage_Bot=100 Total_Trades_Per_Symbol=999 SD_Distance_Period=20 SD_Distance_Multiplier=4.0 Volume_period_MFI=20 Volune_Level_MFI=60 RSI_close_period=20 RSI_close_level=80 Initial_Trade_Percent=5 RSI_Lot_Multiplier=14 STO_K=5 STO_D=3 STO_SLow=3 STO_Level=40 MagicStart=7785 Wallet_Address=,MONEY_LOT;MARTINGALE;NO_SL_INPUT(heuristic),,,,,ok,
206.5.4,D:\Forex\10_EA_PROJECTS\0. Jobot\1000+ EA BOT MOGUL Bundles\MT5 (ex5)\THS\2\206\206.5\206.5.4\206.5.4.html,(YBZ4813) 206.5.4 THS SD VolM STOup RSI Lot STOC,CCET,H1,2024.01.01,2024.12.31,0.999,<=1yr,461308.96,5.47,86044.47,5.56,299766.00,19.15,18,History Quality,54%,Investment_Percentage_Bot=100 Total_Trades_Per_Symbol=999 SD_Distance_Period=20 SD_Distance_Multiplier=1.0 Volume_period_MFI=20 Volune_Level_MFI=30 STO_close_period=20 STO_close_level=90 Initial_Trade_Percent=10 RSI_Lot_Multiplier=14 STO_K=5 STO_D=3 STO_SLow=3 STO_Level=40 MagicStart=7785 Wallet_Address=,MONEY_LOT;MARTINGALE;NO_SL_INPUT(heuristic),,,,,ok,
206.5.5,D:\Forex\10_EA_PROJECTS\0. Jobot\1000+ EA BOT MOGUL Bundles\MT5 (ex5)\THS\2\206\206.5\206.5.5\206.5.5.html,(YYN8164) 206.5.5 THS SD VolM STOup RSI Lot MACDC,CCET,H1,2024.01.01,2024.12.31,0.999,<=1yr,606422.04,18.60,22945.43,1.41,257864.71,15.40,14,History Quality,54%,Investment_Percentage_Bot=100 Total_Trades_Per_Symbol=999 SD_Distance_Period=20 SD_Distance_Multiplier=1.0 Volume_period_MFI=20 Volune_Level_MFI=30 MACD_fast_close=12 MACD_slow_close=26 MACD_signal_close=9 Initial_Trade_Percent=5 RSI_Lot_Multiplier=14 STO_K=5 STO_D=3 STO_SLow=3 STO_Level=50 MagicStart=7785 Wallet_Address=,MONEY_LOT;MARTINGALE;NO_SL_INPUT(heuristic),,,,,ok,
206.5.6,D:\Forex\10_EA_PROJECTS\0. Jobot\1000+ EA BOT MOGUL Bundles\MT5 (ex5)\THS\2\206\206.5\206.5.6\206.5.6.html,(CRA8717) 206.5.6 THS SD VolM STOup RSI Lot EMAC,CCET,H1,2024.01.01,2024.12.31,0.999,<=1yr,643994.71,53.96,3739.06,0.23,315842.24,17.84,9,History Quality,54%,Investment_Percentage_Bot=100 Total_Trades_Per_Symbol=999 SD_Distance_Period=20 SD_Distance_Multiplier=1.0 Volume_period_MFI=20 Volune_Level_MFI=30 Close_EMA_fast_period=5 Close_EMA_slow_period=20 Close_EMA_trend_period=40 Initial_Trade_Percent=7 RSI_Lot_Multiplier=14 STO_K=5 STO_D=3 STO_SLow=3 STO_Level=20 MagicStart=7785 Wallet_Address=,MONEY_LOT;MARTINGALE;NO_SL_INPUT(heuristic),,,,,ok,
207.1.1,D:\Forex\10_EA_PROJECTS\0. Jobot\1000+ EA BOT MOGUL Bundles\MT5 (ex5)\THS\2\207\207.1\207.1.1\207.1.1.html,(KKV3913) 207.1.1 THS SD VolM STOlow DCA CA,TRUE,H1,2024.01.01,2024.12.31,0.999,<=1yr,175607.90,15.29,2429.44,0.21,42331.69,3.79,17,History Quality,54%,Investment_Percentage_Bot=100 Total_Trades_Per_Symbol=999 SD_Distance_Period=20 SD_Distance_Multiplier=1.0 Volume_period_MFI=20 Volune_Level_MFI=30 Lot_percent_Money_per_trade=10 Close_all_percent_profit=1 STO_K=5 STO_D=3 STO_SLow=3 STO_Level=70 MagicStart=7785 Wallet_Address=,MONEY_LOT;NO_SL_INPUT(heuristic),,,,,ok,
207.1.2,D:\Forex\10_EA_PROJECTS\0. Jobot\1000+ EA BOT MOGUL Bundles\MT5 (ex5)\THS\2\207\207.1\207.1.2\207.1.2.html,(FDR7936) 207.1.2 THS SD VolM STOlow DCA TL,TRUE,H1,2024.01.01,2024.12.31,0.999,<=1yr,194764.08,20.74,2476.16,0.21,62379.45,5.58,10,History Quality,54%,Investment_Percentage_Bot=100 Total_Trades_Per_Symbol=999 SD_Distance_Period=20 SD_Distance_Multiplier=1.0 Volume_period_MFI=20 Volune_Level_MFI=50 Lot_percent_Money_per_trade=10 TL_Start_Money_percent=2 TL_Step_Money_percent=0.1 TL_Stop_Money_percent=1 STO_K=5 STO_D=3 STO_SLow=3 STO_Level=70 MagicStart=7785 Wallet_Address=,MONEY_LOT;NO_SL_INPUT(heuristic),,,,,ok,
207.1.3,D:\Forex\10_EA_PROJECTS\0. Jobot\1000+ EA BOT MOGUL Bundles\MT5 (ex5)\THS\2\207\207.1\207.1.3\207.1.3.html,(EVM9144) 207.1.3 THS SD VolM STOlow DCA RSIC,TRUE,H1,2024.01.01,2024.12.31,0.999,<=1yr,373415.51,42.08,3262.84,0.24,75405.00,5.94,10,History Quality,54%,Investment_Percentage_Bot=100 Total_Trades_Per_Symbol=999 SD_Distance_Period=20 SD_Distance_Multiplier=1.0 Volume_period_MFI=20 Volune_Level_MFI=30 RSI_close_period=20 RSI_close_level=70 Lot_percent_Money_per_trade=10 STO_K=5 STO_D=3 STO_SLow=3 STO_Level=30 MagicStart=7785 Wallet_Address=,MONEY_LOT;NO_SL_INPUT(heuristic),,,,,ok,
207.1.4,D:\Forex\10_EA_PROJECTS\0. Jobot\1000+ EA BOT MOGUL Bundles\MT5 (ex5)\THS\2\207\207.1\207.1.4\207.1.4.html,(YLV3811) 207.1.4 THS SD VolM STOlow DCA STOC,TRUE,H1,2024.01.01,2024.12.31,0.999,<=1yr,491126.66,333.84,1475.56,0.15,106560.00,7.20,1,History Quality,54%,Investment_Percentage_Bot=100 Total_Trades_Per_Symbol=999 SD_Distance_Period=20 SD_Distance_Multiplier=3.0 Volume_period_MFI=20 Volune_Level_MFI=70 STO_close_period=20 STO_close_level=100 Lot_percent_Money_per_trade=10 STO_K=5 STO_D=3 STO_SLow=3 STO_Level=70 MagicStart=7785 Wallet_Address=,MONEY_LOT;MARTINGALE;NO_SL_INPUT(heuristic),,,,,ok,
207.1.5,D:\Forex\10_EA_PROJECTS\0. Jobot\1000+ EA BOT MOGUL Bundles\MT5 (ex5)\THS\2\207\207.1\207.1.5\207.1.5.html,(MJX7909) 207.1.5 THS SD VolM STOlow DCA MACDC,CCET,H1,2024.01.01,2024.12.31,0.999,<=1yr,251360.21,56.42,1167.52,0.11,120508.68,11.80,13,History Quality,54%,Investment_Percentage_Bot=100 Total_Trades_Per_Symbol=999 SD_Distance_Period=20 SD_Distance_Multiplier=1.0 Volume_period_MFI=20 Volune_Level_MFI=60 Lot_percent_Money_per_trade=10 MACD_fast_close=12 MACD_slow_close=26 MACD_signal_close=9 STO_K=5 STO_D=3 STO_SLow=3 STO_Level=50 MagicStart=7785 Wallet_Address=,MONEY_LOT;NO_SL_INPUT(heuristic),,,,,ok,
207.1.6,D:\Forex\10_EA_PROJECTS\0. Jobot\1000+ EA BOT MOGUL Bundles\MT5 (ex5)\THS\2\207\207.1\207.1.6\207.1.6.html,(APK1167) 207.1.6 THS SD VolM STOlow DCA EMAC,CCET,H1,2024.01.01,2024.12.31,0.999,<=1yr,458010.53,68.40,2750.25,0.19,160240.00,10.84,10,History Quality,54%,Investment_Percentage_Bot=100 Total_Trades_Per_Symbol=999 SD_Distance_Period=20 SD_Distance_Multiplier=4.5 Volume_period_MFI=20 Volune_Level_MFI=40 Lot_percent_Money_per_trade=10 Close_EMA_fast_period=5 Close_EMA_slow_period=20 Close_EMA_trend_period=40 STO_K=5 STO_D=3 STO_SLow=3 STO_Level=60 MagicStart=7785 Wallet_Address=,MONEY_LOT;MARTINGALE;NO_SL_INPUT(heuristic),,,,,ok,
207.2.1,D:\Forex\10_EA_PROJECTS\0. Jobot\1000+ EA BOT MOGUL Bundles\MT5 (ex5)\THS\2\207\207.2\207.2.1\207.2.1.html,(IXF1635) 207.2.1 THS SD VolM STOlow Plus CA,TRUE,H1,2024.01.01,2024.12.31,0.999,<=1yr,183815.10,13.89,1570.49,0.14,48848.44,4.42,17,History Quality,54%,Investment_Percentage_Bot=100 Total_Trades_Per_Symbol=999 SD_Distance_Period=20 SD_Distance_Multiplier=1.0 Volume_period_MFI=20 Volune_Level_MFI=40 Close_all_percent_profit=1 Initial_Trade_Percent=6 Volume_Plus_Step_Percent=2 STO_K=5 STO_D=3 STO_SLow=3 STO_Level=60 MagicStart=7785 Wallet_Address=,MONEY_LOT;NO_SL_INPUT(heuristic),,,,,ok,
207.2.2,D:\Forex\10_EA_PROJECTS\0. Jobot\1000+ EA BOT MOGUL Bundles\MT5 (ex5)\THS\2\207\207.2\207.2.2\207.2.2.html,(KDT4788) 207.2.2 THS SD VolM STOlow Plus TL,TRUE,H1,2024.01.01,2024.12.31,0.999,<=1yr,197712.88,13.68,5712.82,0.47,68230.83,6.30,10,History Quality,54%,Investment_Percentage_Bot=100 Total_Trades_Per_Symbol=999 SD_Distance_Period=20 SD_Distance_Multiplier=1.5 Volume_period_MFI=20 Volune_Level_MFI=40 TL_Start_Money_percent=2 TL_Step_Money_percent=0.1 TL_Stop_Money_percent=1 Initial_Trade_Percent=10 Volume_Plus_Step_Percent=2 STO_K=5 STO_D=3 STO_SLow=3 STO_Level=70 MagicStart=7785 Wallet_Address=,MONEY_LOT;MARTINGALE;NO_SL_INPUT(heuristic),,,,,ok,
207.2.3,D:\Forex\10_EA_PROJECTS\0. Jobot\1000+ EA BOT MOGUL Bundles\MT5 (ex5)\THS\2\207\207.2\207.2.3\207.2.3.html,(WXU5729) 207.2.3 THS SD VolM STOlow Plus RSIC,TRUE,H1,2024.01.01,2024.12.31,0.999,<=1yr,458288.27,47.39,2076.01,0.14,95420.00,7.85,9,History Quality,54%,Investment_Percentage_Bot=100 Total_Trades_Per_Symbol=999 SD_Distance_Period=20 SD_Distance_Multiplier=1.0 Volume_period_MFI=20 Volune_Level_MFI=30 RSI_close_period=20 RSI_close_level=70 Initial_Trade_Percent=5 Volume_Plus_Step_Percent=2 STO_K=5 STO_D=3 STO_SLow=3 STO_Level=80 MagicStart=7785 Wallet_Address=,MONEY_LOT;NO_SL_INPUT(heuristic),,,,,ok,
207.2.4,D:\Forex\10_EA_PROJECTS\0. Jobot\1000+ EA BOT MOGUL Bundles\MT5 (ex5)\THS\2\207\207.2\207.2.4\207.2.4.html,(BVB9126) 207.2.4 THS SD VolM STOlow Plus STOC,TRUE,H1,2024.01.01,2024.12.31,0.999,<=1yr,161790.07,11.73,2406.09,0.21,50365.00,4.79,33,History Quality,54%,Investment_Percentage_Bot=100 Total_Trades_Per_Symbol=999 SD_Distance_Period=20 SD_Distance_Multiplier=1.0 Volume_period_MFI=20 Volune_Level_MFI=30 STO_close_period=20 STO_close_level=90 Initial_Trade_Percent=10 Volume_Plus_Step_Percent=2 STO_K=5 STO_D=3 STO_SLow=3 STO_Level=40 MagicStart=7785 Wallet_Address=,MONEY_LOT;NO_SL_INPUT(heuristic),,,,,ok,
207.2.5,D:\Forex\10_EA_PROJECTS\0. Jobot\1000+ EA BOT MOGUL Bundles\MT5 (ex5)\THS\2\207\207.2\207.2.5\207.2.5.html,(YAP2165) 207.2.5 THS SD VolM STOlow Plus MACDC,CCET,H1,2024.01.01,2024.12.31,0.999,<=1yr,384583.63,11.91,26952.93,1.91,202817.76,13.80,15,History Quality,54%,Investment_Percentage_Bot=100 Total_Trades_Per_Symbol=999 SD_Distance_Period=20 SD_Distance_Multiplier=1.0 Volume_period_MFI=20 Volune_Level_MFI=30 MACD_fast_close=12 MACD_slow_close=26 MACD_signal_close=9 Initial_Trade_Percent=8 Volume_Plus_Step_Percent=2 STO_K=5 STO_D=3 STO_SLow=3 STO_Level=50 MagicStart=7785 Wallet_Address=,MONEY_LOT;NO_SL_INPUT(heuristic),,,,,ok,
207.2.6,D:\Forex\10_EA_PROJECTS\0. Jobot\1000+ EA BOT MOGUL Bundles\MT5 (ex5)\THS\2\207\207.2\207.2.6\207.2.6.html,(TUO8085) 207.2.6 THS SD VolM STOlow Plus EMAC,CCET,H1,2024.01.01,2024.12.31,0.999,<=1yr,610094.69,31.15,13503.83,0.83,246548.59,14.43,8,History Quality,54%,Investment_Percentage_Bot=100 Total_Trades_Per_Symbol=999 SD_Distance_Period=20 SD_Distance_Multiplier=1.9 Volume_period_MFI=20 Volune_Level_MFI=30 Close_EMA_fast_period=5 Close_EMA_slow_period=20 Close_EMA_trend_period=40 Initial_Trade_Percent=10 Volume_Plus_Step_Percent=2 STO_K=5 STO_D=3 STO_SLow=3 STO_Level=80 MagicStart=7785 Wallet_Address=,MONEY_LOT;MARTINGALE;NO_SL_INPUT(heuristic),,,,,ok,
