path,parent_ea_folder,type,scan_folder
D:\Forex\10_EA_PROJECTS\0. Jobot\1000+ EA BOT MOGUL Bundles\MT4 (ex4)\Forex\1\1-1\1-1-1\1-1-1.html,1-1-1,html,BOT MOGUL Bundles
D:\Forex\10_EA_PROJECTS\0. Jobot\1000+ EA BOT MOGUL Bundles\MT4 (ex4)\Forex\1\1-1\1-1-13\1-1-13.html,1-1-13,html,BOT MOGUL Bundles
D:\Forex\10_EA_PROJECTS\0. Jobot\1000+ EA BOT MOGUL Bundles\MT4 (ex4)\Forex\1\1-1\1-1-14\1-1-14.html,1-1-14,html,BOT MOGUL Bundles
D:\Forex\10_EA_PROJECTS\0. Jobot\1000+ EA BOT MOGUL Bundles\MT4 (ex4)\Forex\1\1-1\1-1-16\1-1-16.html,1-1-16,html,BOT MOGUL Bundles
D:\Forex\10_EA_PROJECTS\0. Jobot\1000+ EA BOT MOGUL Bundles\MT4 (ex4)\Forex\1\1-1\1-1-17\1-1-17.html,1-1-17,html,BOT MOGUL Bundles
D:\Forex\10_EA_PROJECTS\0. Jobot\1000+ EA BOT MOGUL Bundles\MT4 (ex4)\Forex\1\1-1\1-1-18\1-1-18.html,1-1-18,html,BOT MOGUL Bundles
D:\Forex\10_EA_PROJECTS\0. Jobot\1000+ EA BOT MOGUL Bundles\MT4 (ex4)\Forex\1\1-1\1-1-19\1-1-19.html,1-1-19,html,BOT MOGUL Bundles
D:\Forex\10_EA_PROJECTS\0. Jobot\1000+ EA BOT MOGUL Bundles\MT4 (ex4)\Forex\1\1-1\1-1-2\1-1-2.html,1-1-2,html,BOT MOGUL Bundles
D:\Forex\10_EA_PROJECTS\0. Jobot\1000+ EA BOT MOGUL Bundles\MT4 (ex4)\Forex\1\1-1\1-1-20\1-1-20.html,1-1-20,html,BOT MOGUL Bundles
D:\Forex\10_EA_PROJECTS\0. Jobot\1000+ EA BOT MOGUL Bundles\MT4 (ex4)\Forex\1\1-1\1-1-21\1-1-21.html,1-1-21,html,BOT MOGUL Bundles
D:\Forex\10_EA_PROJECTS\0. Jobot\1000+ EA BOT MOGUL Bundles\MT4 (ex4)\Forex\1\1-1\1-1-22\1-1-22.html,1-1-22,html,BOT MOGUL Bundles
D:\Forex\10_EA_PROJECTS\0. Jobot\1000+ EA BOT MOGUL Bundles\MT4 (ex4)\Forex\1\1-1\1-1-23\1-1-23.html,1-1-23,html,BOT MOGUL Bundles
D:\Forex\10_EA_PROJECTS\0. Jobot\1000+ EA BOT MOGUL Bundles\MT4 (ex4)\Forex\1\1-1\1-1-24\1-1-24.html,1-1-24,html,BOT MOGUL Bundles
D:\Forex\10_EA_PROJECTS\0. Jobot\1000+ EA BOT MOGUL Bundles\MT4 (ex4)\Forex\1\1-1\1-1-26\1-1-26.html,1-1-26,html,BOT MOGUL Bundles
D:\Forex\10_EA_PROJECTS\0. Jobot\1000+ EA BOT MOGUL Bundles\MT4 (ex4)\Forex\1\1-1\1-1-29\1-1-29.html,1-1-29,html,BOT MOGUL Bundles
D:\Forex\10_EA_PROJECTS\0. Jobot\1000+ EA BOT MOGUL Bundles\MT4 (ex4)\Forex\1\1-1\1-1-3\1-1-3.html,1-1-3,html,BOT MOGUL Bundles
D:\Forex\10_EA_PROJECTS\0. Jobot\1000+ EA BOT MOGUL Bundles\MT4 (ex4)\Forex\1\1-1\1-1-30\1-1-30.html,1-1-30,html,BOT MOGUL Bundles
D:\Forex\10_EA_PROJECTS\0. Jobot\1000+ EA BOT MOGUL Bundles\MT4 (ex4)\Forex\1\1-1\1-1-31\1-1-31.html,1-1-31,html,BOT MOGUL Bundles
D:\Forex\10_EA_PROJECTS\0. Jobot\1000+ EA BOT MOGUL Bundles\MT4 (ex4)\Forex\1\1-1\1-1-33\1-1-33.html,1-1-33,html,BOT MOGUL Bundles
D:\Forex\10_EA_PROJECTS\0. Jobot\1000+ EA BOT MOGUL Bundles\MT4 (ex4)\Forex\1\1-1\1-1-34\1-1-34.html,1-1-34,html,BOT MOGUL Bundles
D:\Forex\10_EA_PROJECTS\0. Jobot\1000+ EA BOT MOGUL Bundles\MT4 (ex4)\Forex\1\1-1\1-1-4\1-1-4.html,1-1-4,html,BOT MOGUL Bundles
D:\Forex\10_EA_PROJECTS\0. Jobot\1000+ EA BOT MOGUL Bundles\MT4 (ex4)\Forex\1\1-1\1-1-5\1-1-5.html,1-1-5,html,BOT MOGUL Bundles
D:\Forex\10_EA_PROJECTS\0. Jobot\1000+ EA BOT MOGUL Bundles\MT4 (ex4)\Forex\1\1-1\1-1-6\1-1-6.html,1-1-6,html,BOT MOGUL Bundles
D:\Forex\10_EA_PROJECTS\0. Jobot\1000+ EA BOT MOGUL Bundles\MT4 (ex4)\Forex\1\1-1\1-1-7\1-1-7.html,1-1-7,html,BOT MOGUL Bundles
D:\Forex\10_EA_PROJECTS\0. Jobot\1000+ EA BOT MOGUL Bundles\MT4 (ex4)\Forex\1\1-1\1-1-8\1-1-8.html,1-1-8,html,BOT MOGUL Bundles
D:\Forex\10_EA_PROJECTS\0. Jobot\1000+ EA BOT MOGUL Bundles\MT4 (ex4)\Forex\1\1-13\1-13-1\1-13-1.html,1-13-1,html,BOT MOGUL Bundles
D:\Forex\10_EA_PROJECTS\0. Jobot\1000+ EA BOT MOGUL Bundles\MT4 (ex4)\Forex\1\1-13\1-13-13\1-13-13.html,1-13-13,html,BOT MOGUL Bundles
D:\Forex\10_EA_PROJECTS\0. Jobot\1000+ EA BOT MOGUL Bundles\MT4 (ex4)\Forex\1\1-13\1-13-14\1-13-14.html,1-13-14,html,BOT MOGUL Bundles
D:\Forex\10_EA_PROJECTS\0. Jobot\1000+ EA BOT MOGUL Bundles\MT4 (ex4)\Forex\1\1-13\1-13-16\1-13-16.html,1-13-16,html,BOT MOGUL Bundles
D:\Forex\10_EA_PROJECTS\0. Jobot\1000+ EA BOT MOGUL Bundles\MT4 (ex4)\Forex\1\1-13\1-13-17\1-13-17.html,1-13-17,html,BOT MOGUL Bundles
D:\Forex\10_EA_PROJECTS\0. Jobot\1000+ EA BOT MOGUL Bundles\MT4 (ex4)\Forex\1\1-13\1-13-18\1-13-18.html,1-13-18,html,BOT MOGUL Bundles
D:\Forex\10_EA_PROJECTS\0. Jobot\1000+ EA BOT MOGUL Bundles\MT4 (ex4)\Forex\1\1-13\1-13-19\1-13-19.html,1-13-19,html,BOT MOGUL Bundles
D:\Forex\10_EA_PROJECTS\0. Jobot\1000+ EA BOT MOGUL Bundles\MT4 (ex4)\Forex\1\1-13\1-13-2\1-13-2.html,1-13-2,html,BOT MOGUL Bundles
D:\Forex\10_EA_PROJECTS\0. Jobot\1000+ EA BOT MOGUL Bundles\MT4 (ex4)\Forex\1\1-13\1-13-20\1-13-20.html,1-13-20,html,BOT MOGUL Bundles
D:\Forex\10_EA_PROJECTS\0. Jobot\1000+ EA BOT MOGUL Bundles\MT4 (ex4)\Forex\1\1-13\1-13-21\1-13-21.html,1-13-21,html,BOT MOGUL Bundles
D:\Forex\10_EA_PROJECTS\0. Jobot\1000+ EA BOT MOGUL Bundles\MT4 (ex4)\Forex\1\1-13\1-13-22\1-13-22.html,1-13-22,html,BOT MOGUL Bundles
D:\Forex\10_EA_PROJECTS\0. Jobot\1000+ EA BOT MOGUL Bundles\MT4 (ex4)\Forex\1\1-13\1-13-23\1-13-23.html,1-13-23,html,BOT MOGUL Bundles
D:\Forex\10_EA_PROJECTS\0. Jobot\1000+ EA BOT MOGUL Bundles\MT4 (ex4)\Forex\1\1-13\1-13-24\1-13-24.html,1-13-24,html,BOT MOGUL Bundles
D:\Forex\10_EA_PROJECTS\0. Jobot\1000+ EA BOT MOGUL Bundles\MT4 (ex4)\Forex\1\1-13\1-13-26\1-13-26.html,1-13-26,html,BOT MOGUL Bundles
D:\Forex\10_EA_PROJECTS\0. Jobot\1000+ EA BOT MOGUL Bundles\MT4 (ex4)\Forex\1\1-13\1-13-29\1-13-29.html,1-13-29,html,BOT MOGUL Bundles
D:\Forex\10_EA_PROJECTS\0. Jobot\1000+ EA BOT MOGUL Bundles\MT4 (ex4)\Forex\1\1-13\1-13-3\1-13-3.html,1-13-3,html,BOT MOGUL Bundles
D:\Forex\10_EA_PROJECTS\0. Jobot\1000+ EA BOT MOGUL Bundles\MT4 (ex4)\Forex\1\1-13\1-13-30\1-13-30.html,1-13-30,html,BOT MOGUL Bundles
D:\Forex\10_EA_PROJECTS\0. Jobot\1000+ EA BOT MOGUL Bundles\MT4 (ex4)\Forex\1\1-13\1-13-31\1-13-31.html,1-13-31,html,BOT MOGUL Bundles
D:\Forex\10_EA_PROJECTS\0. Jobot\1000+ EA BOT MOGUL Bundles\MT4 (ex4)\Forex\1\1-13\1-13-33\1-13-33.html,1-13-33,html,BOT MOGUL Bundles
D:\Forex\10_EA_PROJECTS\0. Jobot\1000+ EA BOT MOGUL Bundles\MT4 (ex4)\Forex\1\1-13\1-13-34\1-13-34.html,1-13-34,html,BOT MOGUL Bundles
D:\Forex\10_EA_PROJECTS\0. Jobot\1000+ EA BOT MOGUL Bundles\MT4 (ex4)\Forex\1\1-13\1-13-35\1-13-35.html,1-13-35,html,BOT MOGUL Bundles
D:\Forex\10_EA_PROJECTS\0. Jobot\1000+ EA BOT MOGUL Bundles\MT4 (ex4)\Forex\1\1-13\1-13-4\1-13-4.html,1-13-4,html,BOT MOGUL Bundles
D:\Forex\10_EA_PROJECTS\0. Jobot\1000+ EA BOT MOGUL Bundles\MT4 (ex4)\Forex\1\1-13\1-13-5\1-13-5.html,1-13-5,html,BOT MOGUL Bundles
D:\Forex\10_EA_PROJECTS\0. Jobot\1000+ EA BOT MOGUL Bundles\MT4 (ex4)\Forex\1\1-13\1-13-7\1-13-7.html,1-13-7,html,BOT MOGUL Bundles
D:\Forex\10_EA_PROJECTS\0. Jobot\1000+ EA BOT MOGUL Bundles\MT4 (ex4)\Forex\1\1-13\1-13-8\1-13-8.html,1-13-8,html,BOT MOGUL Bundles
D:\Forex\10_EA_PROJECTS\0. Jobot\1000+ EA BOT MOGUL Bundles\MT4 (ex4)\Forex\1\1-16\1-16-1\1-16-1.html,1-16-1,html,BOT MOGUL Bundles
D:\Forex\10_EA_PROJECTS\0. Jobot\1000+ EA BOT MOGUL Bundles\MT4 (ex4)\Forex\1\1-16\1-16-13\1-16-13.html,1-16-13,html,BOT MOGUL Bundles
D:\Forex\10_EA_PROJECTS\0. Jobot\1000+ EA BOT MOGUL Bundles\MT4 (ex4)\Forex\1\1-16\1-16-17\1-16-17.html,1-16-17,html,BOT MOGUL Bundles
D:\Forex\10_EA_PROJECTS\0. Jobot\1000+ EA BOT MOGUL Bundles\MT4 (ex4)\Forex\1\1-16\1-16-18\1-16-18.html,1-16-18,html,BOT MOGUL Bundles
D:\Forex\10_EA_PROJECTS\0. Jobot\1000+ EA BOT MOGUL Bundles\MT4 (ex4)\Forex\1\1-16\1-16-19\1-16-19.html,1-16-19,html,BOT MOGUL Bundles
D:\Forex\10_EA_PROJECTS\0. Jobot\1000+ EA BOT MOGUL Bundles\MT4 (ex4)\Forex\1\1-16\1-16-2\1-16-2.html,1-16-2,html,BOT MOGUL Bundles
D:\Forex\10_EA_PROJECTS\0. Jobot\1000+ EA BOT MOGUL Bundles\MT4 (ex4)\Forex\1\1-16\1-16-20\1-16-20.html,1-16-20,html,BOT MOGUL Bundles
D:\Forex\10_EA_PROJECTS\0. Jobot\1000+ EA BOT MOGUL Bundles\MT4 (ex4)\Forex\1\1-16\1-16-21\1-16-21.html,1-16-21,html,BOT MOGUL Bundles
D:\Forex\10_EA_PROJECTS\0. Jobot\1000+ EA BOT MOGUL Bundles\MT4 (ex4)\Forex\1\1-16\1-16-22\1-16-22.html,1-16-22,html,BOT MOGUL Bundles
D:\Forex\10_EA_PROJECTS\0. Jobot\1000+ EA BOT MOGUL Bundles\MT4 (ex4)\Forex\1\1-16\1-16-23\1-16-23.html,1-16-23,html,BOT MOGUL Bundles
D:\Forex\10_EA_PROJECTS\0. Jobot\1000+ EA BOT MOGUL Bundles\MT4 (ex4)\Forex\1\1-16\1-16-24\1-16-24.html,1-16-24,html,BOT MOGUL Bundles
D:\Forex\10_EA_PROJECTS\0. Jobot\1000+ EA BOT MOGUL Bundles\MT4 (ex4)\Forex\1\1-16\1-16-26\1-16-26.html,1-16-26,html,BOT MOGUL Bundles
D:\Forex\10_EA_PROJECTS\0. Jobot\1000+ EA BOT MOGUL Bundles\MT4 (ex4)\Forex\1\1-16\1-16-29\1-16-29.html,1-16-29,html,BOT MOGUL Bundles
D:\Forex\10_EA_PROJECTS\0. Jobot\1000+ EA BOT MOGUL Bundles\MT4 (ex4)\Forex\1\1-16\1-16-3\1-16-3.html,1-16-3,html,BOT MOGUL Bundles
D:\Forex\10_EA_PROJECTS\0. Jobot\1000+ EA BOT MOGUL Bundles\MT4 (ex4)\Forex\1\1-16\1-16-31\1-16-31.html,1-16-31,html,BOT MOGUL Bundles
D:\Forex\10_EA_PROJECTS\0. Jobot\1000+ EA BOT MOGUL Bundles\MT4 (ex4)\Forex\1\1-16\1-16-33\1-16-33.html,1-16-33,html,BOT MOGUL Bundles
D:\Forex\10_EA_PROJECTS\0. Jobot\1000+ EA BOT MOGUL Bundles\MT4 (ex4)\Forex\1\1-16\1-16-34\1-16-34.html,1-16-34,html,BOT MOGUL Bundles
D:\Forex\10_EA_PROJECTS\0. Jobot\1000+ EA BOT MOGUL Bundles\MT4 (ex4)\Forex\1\1-16\1-16-35\1-16-35.html,1-16-35,html,BOT MOGUL Bundles
D:\Forex\10_EA_PROJECTS\0. Jobot\1000+ EA BOT MOGUL Bundles\MT4 (ex4)\Forex\1\1-16\1-16-4\1-16-4.html,1-16-4,html,BOT MOGUL Bundles
D:\Forex\10_EA_PROJECTS\0. Jobot\1000+ EA BOT MOGUL Bundles\MT4 (ex4)\Forex\1\1-16\1-16-5\1-16-5.html,1-16-5,html,BOT MOGUL Bundles
D:\Forex\10_EA_PROJECTS\0. Jobot\1000+ EA BOT MOGUL Bundles\MT4 (ex4)\Forex\1\1-16\1-16-6\1-16-6.html,1-16-6,html,BOT MOGUL Bundles
D:\Forex\10_EA_PROJECTS\0. Jobot\1000+ EA BOT MOGUL Bundles\MT4 (ex4)\Forex\1\1-16\1-16-7\1-16-7.html,1-16-7,html,BOT MOGUL Bundles
D:\Forex\10_EA_PROJECTS\0. Jobot\1000+ EA BOT MOGUL Bundles\MT4 (ex4)\Forex\1\1-18\1-18-1\1-18-1.html,1-18-1,html,BOT MOGUL Bundles
D:\Forex\10_EA_PROJECTS\0. Jobot\1000+ EA BOT MOGUL Bundles\MT4 (ex4)\Forex\1\1-18\1-18-13\1-18-13.html,1-18-13,html,BOT MOGUL Bundles
D:\Forex\10_EA_PROJECTS\0. Jobot\1000+ EA BOT MOGUL Bundles\MT4 (ex4)\Forex\1\1-18\1-18-14\1-18-14.html,1-18-14,html,BOT MOGUL Bundles
D:\Forex\10_EA_PROJECTS\0. Jobot\1000+ EA BOT MOGUL Bundles\MT4 (ex4)\Forex\1\1-18\1-18-17\1-18-17.html,1-18-17,html,BOT MOGUL Bundles
D:\Forex\10_EA_PROJECTS\0. Jobot\1000+ EA BOT MOGUL Bundles\MT4 (ex4)\Forex\1\1-18\1-18-18\1-18-18.html,1-18-18,html,BOT MOGUL Bundles
D:\Forex\10_EA_PROJECTS\0. Jobot\1000+ EA BOT MOGUL Bundles\MT4 (ex4)\Forex\1\1-18\1-18-19\1-18-19.html,1-18-19,html,BOT MOGUL Bundles
D:\Forex\10_EA_PROJECTS\0. Jobot\1000+ EA BOT MOGUL Bundles\MT4 (ex4)\Forex\1\1-18\1-18-2\1-18-2.html,1-18-2,html,BOT MOGUL Bundles
D:\Forex\10_EA_PROJECTS\0. Jobot\1000+ EA BOT MOGUL Bundles\MT4 (ex4)\Forex\1\1-18\1-18-20\1-18-20.html,1-18-20,html,BOT MOGUL Bundles
D:\Forex\10_EA_PROJECTS\0. Jobot\1000+ EA BOT MOGUL Bundles\MT4 (ex4)\Forex\1\1-18\1-18-21\1-18-21.html,1-18-21,html,BOT MOGUL Bundles
D:\Forex\10_EA_PROJECTS\0. Jobot\1000+ EA BOT MOGUL Bundles\MT4 (ex4)\Forex\1\1-18\1-18-23\1-18-23.html,1-18-23,html,BOT MOGUL Bundles
D:\Forex\10_EA_PROJECTS\0. Jobot\1000+ EA BOT MOGUL Bundles\MT4 (ex4)\Forex\1\1-18\1-18-26\1-18-26.html,1-18-26,html,BOT MOGUL Bundles
D:\Forex\10_EA_PROJECTS\0. Jobot\1000+ EA BOT MOGUL Bundles\MT4 (ex4)\Forex\1\1-18\1-18-29\1-18-29.html,1-18-29,html,BOT MOGUL Bundles
D:\Forex\10_EA_PROJECTS\0. Jobot\1000+ EA BOT MOGUL Bundles\MT4 (ex4)\Forex\1\1-18\1-18-3\1-18-3.html,1-18-3,html,BOT MOGUL Bundles
D:\Forex\10_EA_PROJECTS\0. Jobot\1000+ EA BOT MOGUL Bundles\MT4 (ex4)\Forex\1\1-18\1-18-30\1-18-30.html,1-18-30,html,BOT MOGUL Bundles
D:\Forex\10_EA_PROJECTS\0. Jobot\1000+ EA BOT MOGUL Bundles\MT4 (ex4)\Forex\1\1-18\1-18-31\1-18-31.html,1-18-31,html,BOT MOGUL Bundles
D:\Forex\10_EA_PROJECTS\0. Jobot\1000+ EA BOT MOGUL Bundles\MT4 (ex4)\Forex\1\1-18\1-18-33\1-18-33.html,1-18-33,html,BOT MOGUL Bundles
D:\Forex\10_EA_PROJECTS\0. Jobot\1000+ EA BOT MOGUL Bundles\MT4 (ex4)\Forex\1\1-18\1-18-34\1-18-34.html,1-18-34,html,BOT MOGUL Bundles
D:\Forex\10_EA_PROJECTS\0. Jobot\1000+ EA BOT MOGUL Bundles\MT4 (ex4)\Forex\1\1-18\1-18-35\1-18-35.html,1-18-35,html,BOT MOGUL Bundles
D:\Forex\10_EA_PROJECTS\0. Jobot\1000+ EA BOT MOGUL Bundles\MT4 (ex4)\Forex\1\1-18\1-18-36\1-18-36.html,1-18-36,html,BOT MOGUL Bundles
D:\Forex\10_EA_PROJECTS\0. Jobot\1000+ EA BOT MOGUL Bundles\MT4 (ex4)\Forex\1\1-18\1-18-37\1-18-37.html,1-18-37,html,BOT MOGUL Bundles
D:\Forex\10_EA_PROJECTS\0. Jobot\1000+ EA BOT MOGUL Bundles\MT4 (ex4)\Forex\1\1-18\1-18-5\1-18-5.html,1-18-5,html,BOT MOGUL Bundles
D:\Forex\10_EA_PROJECTS\0. Jobot\1000+ EA BOT MOGUL Bundles\MT4 (ex4)\Forex\1\1-18\1-18-6\1-18-6.html,1-18-6,html,BOT MOGUL Bundles
D:\Forex\10_EA_PROJECTS\0. Jobot\1000+ EA BOT MOGUL Bundles\MT4 (ex4)\Forex\1\1-18\1-18-7\1-18-7.html,1-18-7,html,BOT MOGUL Bundles
D:\Forex\10_EA_PROJECTS\0. Jobot\1000+ EA BOT MOGUL Bundles\MT4 (ex4)\Forex\1\1-18\1-18-8\1-18-8.html,1-18-8,html,BOT MOGUL Bundles
D:\Forex\10_EA_PROJECTS\0. Jobot\1000+ EA BOT MOGUL Bundles\MT4 (ex4)\Forex\1\1-21\1-21-13\1-21-13.html,1-21-13,html,BOT MOGUL Bundles
D:\Forex\10_EA_PROJECTS\0. Jobot\1000+ EA BOT MOGUL Bundles\MT4 (ex4)\Forex\1\1-21\1-21-14\1-21-14.html,1-21-14,html,BOT MOGUL Bundles
D:\Forex\10_EA_PROJECTS\0. Jobot\1000+ EA BOT MOGUL Bundles\MT4 (ex4)\Forex\1\1-21\1-21-17\1-21-17.html,1-21-17,html,BOT MOGUL Bundles
D:\Forex\10_EA_PROJECTS\0. Jobot\1000+ EA BOT MOGUL Bundles\MT4 (ex4)\Forex\1\1-21\1-21-18\1-21-18.html,1-21-18,html,BOT MOGUL Bundles
D:\Forex\10_EA_PROJECTS\0. Jobot\1000+ EA BOT MOGUL Bundles\MT4 (ex4)\Forex\1\1-21\1-21-19\1-21-19.html,1-21-19,html,BOT MOGUL Bundles
D:\Forex\10_EA_PROJECTS\0. Jobot\1000+ EA BOT MOGUL Bundles\MT4 (ex4)\Forex\1\1-21\1-21-2\1-21-2.html,1-21-2,html,BOT MOGUL Bundles
D:\Forex\10_EA_PROJECTS\0. Jobot\1000+ EA BOT MOGUL Bundles\MT4 (ex4)\Forex\1\1-21\1-21-20\1-21-20.html,1-21-20,html,BOT MOGUL Bundles
D:\Forex\10_EA_PROJECTS\0. Jobot\1000+ EA BOT MOGUL Bundles\MT4 (ex4)\Forex\1\1-21\1-21-21\1-21-21.html,1-21-21,html,BOT MOGUL Bundles
D:\Forex\10_EA_PROJECTS\0. Jobot\1000+ EA BOT MOGUL Bundles\MT4 (ex4)\Forex\1\1-21\1-21-22\1-21-22.html,1-21-22,html,BOT MOGUL Bundles
D:\Forex\10_EA_PROJECTS\0. Jobot\1000+ EA BOT MOGUL Bundles\MT4 (ex4)\Forex\1\1-21\1-21-23\1-21-23.html,1-21-23,html,BOT MOGUL Bundles
D:\Forex\10_EA_PROJECTS\0. Jobot\1000+ EA BOT MOGUL Bundles\MT4 (ex4)\Forex\1\1-21\1-21-24\1-21-24.html,1-21-24,html,BOT MOGUL Bundles
D:\Forex\10_EA_PROJECTS\0. Jobot\1000+ EA BOT MOGUL Bundles\MT4 (ex4)\Forex\1\1-21\1-21-26\1-21-26.html,1-21-26,html,BOT MOGUL Bundles
D:\Forex\10_EA_PROJECTS\0. Jobot\1000+ EA BOT MOGUL Bundles\MT4 (ex4)\Forex\1\1-21\1-21-29\1-21-29.html,1-21-29,html,BOT MOGUL Bundles
D:\Forex\10_EA_PROJECTS\0. Jobot\1000+ EA BOT MOGUL Bundles\MT4 (ex4)\Forex\1\1-21\1-21-3\1-18-3.html,1-21-3,html,BOT MOGUL Bundles
D:\Forex\10_EA_PROJECTS\0. Jobot\1000+ EA BOT MOGUL Bundles\MT4 (ex4)\Forex\1\1-21\1-21-30\1-21-30.html,1-21-30,html,BOT MOGUL Bundles
D:\Forex\10_EA_PROJECTS\0. Jobot\1000+ EA BOT MOGUL Bundles\MT4 (ex4)\Forex\1\1-21\1-21-33\1-21-33.html,1-21-33,html,BOT MOGUL Bundles
D:\Forex\10_EA_PROJECTS\0. Jobot\1000+ EA BOT MOGUL Bundles\MT4 (ex4)\Forex\1\1-21\1-21-34\1-21-34.html,1-21-34,html,BOT MOGUL Bundles
D:\Forex\10_EA_PROJECTS\0. Jobot\1000+ EA BOT MOGUL Bundles\MT4 (ex4)\Forex\1\1-21\1-21-35\1-21-35.html,1-21-35,html,BOT MOGUL Bundles
D:\Forex\10_EA_PROJECTS\0. Jobot\1000+ EA BOT MOGUL Bundles\MT4 (ex4)\Forex\1\1-21\1-21-37\1-21-37.html,1-21-37,html,BOT MOGUL Bundles
D:\Forex\10_EA_PROJECTS\0. Jobot\1000+ EA BOT MOGUL Bundles\MT4 (ex4)\Forex\1\1-21\1-21-5\1-21-5.html,1-21-5,html,BOT MOGUL Bundles
D:\Forex\10_EA_PROJECTS\0. Jobot\1000+ EA BOT MOGUL Bundles\MT4 (ex4)\Forex\1\1-21\1-21-6\1-21-6.html,1-21-6,html,BOT MOGUL Bundles
D:\Forex\10_EA_PROJECTS\0. Jobot\1000+ EA BOT MOGUL Bundles\MT4 (ex4)\Forex\1\1-21\1-21-7\1-21-7.html,1-21-7,html,BOT MOGUL Bundles
D:\Forex\10_EA_PROJECTS\0. Jobot\1000+ EA BOT MOGUL Bundles\MT4 (ex4)\Forex\1\1-21\1-21-8\1-21-8.html,1-21-8,html,BOT MOGUL Bundles
D:\Forex\10_EA_PROJECTS\0. Jobot\1000+ EA BOT MOGUL Bundles\MT4 (ex4)\Forex\1\1-21\1-21-9\1-21-9.html,1-21-9,html,BOT MOGUL Bundles
D:\Forex\10_EA_PROJECTS\0. Jobot\1000+ EA BOT MOGUL Bundles\MT4 (ex4)\Forex\1\1-22\1-22-1\1-22-1.html,1-22-1,html,BOT MOGUL Bundles
D:\Forex\10_EA_PROJECTS\0. Jobot\1000+ EA BOT MOGUL Bundles\MT4 (ex4)\Forex\1\1-22\1-22-13\1-22-13.html,1-22-13,html,BOT MOGUL Bundles
D:\Forex\10_EA_PROJECTS\0. Jobot\1000+ EA BOT MOGUL Bundles\MT4 (ex4)\Forex\1\1-22\1-22-14\1-22-14.html,1-22-14,html,BOT MOGUL Bundles
D:\Forex\10_EA_PROJECTS\0. Jobot\1000+ EA BOT MOGUL Bundles\MT4 (ex4)\Forex\1\1-22\1-22-16\1-22-16.html,1-22-16,html,BOT MOGUL Bundles
D:\Forex\10_EA_PROJECTS\0. Jobot\1000+ EA BOT MOGUL Bundles\MT4 (ex4)\Forex\1\1-22\1-22-17\1-22-17.html,1-22-17,html,BOT MOGUL Bundles
D:\Forex\10_EA_PROJECTS\0. Jobot\1000+ EA BOT MOGUL Bundles\MT4 (ex4)\Forex\1\1-22\1-22-18\1-22-18.html,1-22-18,html,BOT MOGUL Bundles
D:\Forex\10_EA_PROJECTS\0. Jobot\1000+ EA BOT MOGUL Bundles\MT4 (ex4)\Forex\1\1-22\1-22-19\1-22-19.html,1-22-19,html,BOT MOGUL Bundles
D:\Forex\10_EA_PROJECTS\0. Jobot\1000+ EA BOT MOGUL Bundles\MT4 (ex4)\Forex\1\1-22\1-22-2\1-22-2.html,1-22-2,html,BOT MOGUL Bundles
D:\Forex\10_EA_PROJECTS\0. Jobot\1000+ EA BOT MOGUL Bundles\MT4 (ex4)\Forex\1\1-22\1-22-20\1-22-20.html,1-22-20,html,BOT MOGUL Bundles
D:\Forex\10_EA_PROJECTS\0. Jobot\1000+ EA BOT MOGUL Bundles\MT4 (ex4)\Forex\1\1-22\1-22-21\1-22-21.html,1-22-21,html,BOT MOGUL Bundles
D:\Forex\10_EA_PROJECTS\0. Jobot\1000+ EA BOT MOGUL Bundles\MT4 (ex4)\Forex\1\1-22\1-22-22\1-22-22.html,1-22-22,html,BOT MOGUL Bundles
D:\Forex\10_EA_PROJECTS\0. Jobot\1000+ EA BOT MOGUL Bundles\MT4 (ex4)\Forex\1\1-22\1-22-23\1-22-23.html,1-22-23,html,BOT MOGUL Bundles
D:\Forex\10_EA_PROJECTS\0. Jobot\1000+ EA BOT MOGUL Bundles\MT4 (ex4)\Forex\1\1-22\1-22-24\1-22-24.html,1-22-24,html,BOT MOGUL Bundles
D:\Forex\10_EA_PROJECTS\0. Jobot\1000+ EA BOT MOGUL Bundles\MT4 (ex4)\Forex\1\1-22\1-22-26\1-22-26.html,1-22-26,html,BOT MOGUL Bundles
D:\Forex\10_EA_PROJECTS\0. Jobot\1000+ EA BOT MOGUL Bundles\MT4 (ex4)\Forex\1\1-22\1-22-29\1-22-29.html,1-22-29,html,BOT MOGUL Bundles
D:\Forex\10_EA_PROJECTS\0. Jobot\1000+ EA BOT MOGUL Bundles\MT4 (ex4)\Forex\1\1-22\1-22-3\1-22-3.html,1-22-3,html,BOT MOGUL Bundles
D:\Forex\10_EA_PROJECTS\0. Jobot\1000+ EA BOT MOGUL Bundles\MT4 (ex4)\Forex\1\1-22\1-22-30\1-22-30.html,1-22-30,html,BOT MOGUL Bundles
D:\Forex\10_EA_PROJECTS\0. Jobot\1000+ EA BOT MOGUL Bundles\MT4 (ex4)\Forex\1\1-22\1-22-31\1-22-31.html,1-22-31,html,BOT MOGUL Bundles
D:\Forex\10_EA_PROJECTS\0. Jobot\1000+ EA BOT MOGUL Bundles\MT4 (ex4)\Forex\1\1-22\1-22-33\1-22-33.html,1-22-33,html,BOT MOGUL Bundles
D:\Forex\10_EA_PROJECTS\0. Jobot\1000+ EA BOT MOGUL Bundles\MT4 (ex4)\Forex\1\1-22\1-22-34\1-22-34.html,1-22-34,html,BOT MOGUL Bundles
D:\Forex\10_EA_PROJECTS\0. Jobot\1000+ EA BOT MOGUL Bundles\MT4 (ex4)\Forex\1\1-22\1-22-35\1-22-35.html,1-22-35,html,BOT MOGUL Bundles
D:\Forex\10_EA_PROJECTS\0. Jobot\1000+ EA BOT MOGUL Bundles\MT4 (ex4)\Forex\1\1-22\1-22-36\1-22-36.html,1-22-36,html,BOT MOGUL Bundles
D:\Forex\10_EA_PROJECTS\0. Jobot\1000+ EA BOT MOGUL Bundles\MT4 (ex4)\Forex\1\1-22\1-22-37\1-22-37.html,1-22-37,html,BOT MOGUL Bundles
D:\Forex\10_EA_PROJECTS\0. Jobot\1000+ EA BOT MOGUL Bundles\MT4 (ex4)\Forex\1\1-22\1-22-4\1-22-4.html,1-22-4,html,BOT MOGUL Bundles
D:\Forex\10_EA_PROJECTS\0. Jobot\1000+ EA BOT MOGUL Bundles\MT4 (ex4)\Forex\1\1-22\1-22-5\1-22-5.html,1-22-5,html,BOT MOGUL Bundles
D:\Forex\10_EA_PROJECTS\0. Jobot\1000+ EA BOT MOGUL Bundles\MT4 (ex4)\Forex\1\1-22\1-22-6\1-22-6.html,1-22-6,html,BOT MOGUL Bundles
D:\Forex\10_EA_PROJECTS\0. Jobot\1000+ EA BOT MOGUL Bundles\MT4 (ex4)\Forex\1\1-22\1-22-7\1-22-7.html,1-22-7,html,BOT MOGUL Bundles
D:\Forex\10_EA_PROJECTS\0. Jobot\1000+ EA BOT MOGUL Bundles\MT4 (ex4)\Forex\1\1-22\1-22-8\1-22-8.html,1-22-8,html,BOT MOGUL Bundles
D:\Forex\10_EA_PROJECTS\0. Jobot\1000+ EA BOT MOGUL Bundles\MT4 (ex4)\Forex\1\1-22\1-22-9\1-22-9.html,1-22-9,html,BOT MOGUL Bundles
D:\Forex\10_EA_PROJECTS\0. Jobot\1000+ EA BOT MOGUL Bundles\MT4 (ex4)\Forex\4\4-1\4-1-1\4-1-1.html,4-1-1,html,BOT MOGUL Bundles
D:\Forex\10_EA_PROJECTS\0. Jobot\1000+ EA BOT MOGUL Bundles\MT4 (ex4)\Forex\4\4-1\4-1-13\4-1-13.html,4-1-13,html,BOT MOGUL Bundles
D:\Forex\10_EA_PROJECTS\0. Jobot\1000+ EA BOT MOGUL Bundles\MT4 (ex4)\Forex\4\4-1\4-1-14\4-1-14.html,4-1-14,html,BOT MOGUL Bundles
D:\Forex\10_EA_PROJECTS\0. Jobot\1000+ EA BOT MOGUL Bundles\MT4 (ex4)\Forex\4\4-1\4-1-16\4-1-16.html,4-1-16,html,BOT MOGUL Bundles
D:\Forex\10_EA_PROJECTS\0. Jobot\1000+ EA BOT MOGUL Bundles\MT4 (ex4)\Forex\4\4-1\4-1-17\4-1-17.html,4-1-17,html,BOT MOGUL Bundles
D:\Forex\10_EA_PROJECTS\0. Jobot\1000+ EA BOT MOGUL Bundles\MT4 (ex4)\Forex\4\4-1\4-1-18\4-1-18.html,4-1-18,html,BOT MOGUL Bundles
D:\Forex\10_EA_PROJECTS\0. Jobot\1000+ EA BOT MOGUL Bundles\MT4 (ex4)\Forex\4\4-1\4-1-19\4-1-19.html,4-1-19,html,BOT MOGUL Bundles
D:\Forex\10_EA_PROJECTS\0. Jobot\1000+ EA BOT MOGUL Bundles\MT4 (ex4)\Forex\4\4-1\4-1-2\4-1-2.html,4-1-2,html,BOT MOGUL Bundles
D:\Forex\10_EA_PROJECTS\0. Jobot\1000+ EA BOT MOGUL Bundles\MT4 (ex4)\Forex\4\4-1\4-1-20\4-1-20.html,4-1-20,html,BOT MOGUL Bundles
D:\Forex\10_EA_PROJECTS\0. Jobot\1000+ EA BOT MOGUL Bundles\MT4 (ex4)\Forex\4\4-1\4-1-21\4-1-21.html,4-1-21,html,BOT MOGUL Bundles
D:\Forex\10_EA_PROJECTS\0. Jobot\1000+ EA BOT MOGUL Bundles\MT4 (ex4)\Forex\4\4-1\4-1-22\4-1-22.html,4-1-22,html,BOT MOGUL Bundles
D:\Forex\10_EA_PROJECTS\0. Jobot\1000+ EA BOT MOGUL Bundles\MT4 (ex4)\Forex\4\4-1\4-1-23\4-1-23.html,4-1-23,html,BOT MOGUL Bundles
D:\Forex\10_EA_PROJECTS\0. Jobot\1000+ EA BOT MOGUL Bundles\MT4 (ex4)\Forex\4\4-1\4-1-24\4-1-24.html,4-1-24,html,BOT MOGUL Bundles
D:\Forex\10_EA_PROJECTS\0. Jobot\1000+ EA BOT MOGUL Bundles\MT4 (ex4)\Forex\4\4-1\4-1-26\4-1-26.html,4-1-26,html,BOT MOGUL Bundles
D:\Forex\10_EA_PROJECTS\0. Jobot\1000+ EA BOT MOGUL Bundles\MT4 (ex4)\Forex\4\4-1\4-1-29\4-1-29.html,4-1-29,html,BOT MOGUL Bundles
D:\Forex\10_EA_PROJECTS\0. Jobot\1000+ EA BOT MOGUL Bundles\MT4 (ex4)\Forex\4\4-1\4-1-3\4-1-3.html,4-1-3,html,BOT MOGUL Bundles
D:\Forex\10_EA_PROJECTS\0. Jobot\1000+ EA BOT MOGUL Bundles\MT4 (ex4)\Forex\4\4-1\4-1-30\4-1-30.html,4-1-30,html,BOT MOGUL Bundles
D:\Forex\10_EA_PROJECTS\0. Jobot\1000+ EA BOT MOGUL Bundles\MT4 (ex4)\Forex\4\4-1\4-1-31\4-1-31.html,4-1-31,html,BOT MOGUL Bundles
D:\Forex\10_EA_PROJECTS\0. Jobot\1000+ EA BOT MOGUL Bundles\MT4 (ex4)\Forex\4\4-1\4-1-33\4-1-33.html,4-1-33,html,BOT MOGUL Bundles
D:\Forex\10_EA_PROJECTS\0. Jobot\1000+ EA BOT MOGUL Bundles\MT4 (ex4)\Forex\4\4-1\4-1-34\4-1-34.html,4-1-34,html,BOT MOGUL Bundles
D:\Forex\10_EA_PROJECTS\0. Jobot\1000+ EA BOT MOGUL Bundles\MT4 (ex4)\Forex\4\4-1\4-1-35\4-1-35.html,4-1-35,html,BOT MOGUL Bundles
D:\Forex\10_EA_PROJECTS\0. Jobot\1000+ EA BOT MOGUL Bundles\MT4 (ex4)\Forex\4\4-1\4-1-36\4-1-36.html,4-1-36,html,BOT MOGUL Bundles
D:\Forex\10_EA_PROJECTS\0. Jobot\1000+ EA BOT MOGUL Bundles\MT4 (ex4)\Forex\4\4-1\4-1-37\4-1-37.html,4-1-37,html,BOT MOGUL Bundles
D:\Forex\10_EA_PROJECTS\0. Jobot\1000+ EA BOT MOGUL Bundles\MT4 (ex4)\Forex\4\4-1\4-1-4\4-1-4.html,4-1-4,html,BOT MOGUL Bundles
D:\Forex\10_EA_PROJECTS\0. Jobot\1000+ EA BOT MOGUL Bundles\MT4 (ex4)\Forex\4\4-1\4-1-5\4-1-5.html,4-1-5,html,BOT MOGUL Bundles
D:\Forex\10_EA_PROJECTS\0. Jobot\1000+ EA BOT MOGUL Bundles\MT4 (ex4)\Forex\4\4-1\4-1-6\4-1-6.html,4-1-6,html,BOT MOGUL Bundles
D:\Forex\10_EA_PROJECTS\0. Jobot\1000+ EA BOT MOGUL Bundles\MT4 (ex4)\Forex\4\4-1\4-1-7\4-1-7.html,4-1-7,html,BOT MOGUL Bundles
D:\Forex\10_EA_PROJECTS\0. Jobot\1000+ EA BOT MOGUL Bundles\MT4 (ex4)\Forex\4\4-1\4-1-8\4-1-8.html,4-1-8,html,BOT MOGUL Bundles
D:\Forex\10_EA_PROJECTS\0. Jobot\1000+ EA BOT MOGUL Bundles\MT4 (ex4)\Forex\4\4-1\4-1-9\4-1-9.html,4-1-9,html,BOT MOGUL Bundles
D:\Forex\10_EA_PROJECTS\0. Jobot\1000+ EA BOT MOGUL Bundles\MT4 (ex4)\Forex\4\4-2\4-2-1\4-2-1.html,4-2-1,html,BOT MOGUL Bundles
D:\Forex\10_EA_PROJECTS\0. Jobot\1000+ EA BOT MOGUL Bundles\MT4 (ex4)\Forex\4\4-2\4-2-13\4-2-13.html,4-2-13,html,BOT MOGUL Bundles
D:\Forex\10_EA_PROJECTS\0. Jobot\1000+ EA BOT MOGUL Bundles\MT4 (ex4)\Forex\4\4-2\4-2-14\4-2-14.html,4-2-14,html,BOT MOGUL Bundles
D:\Forex\10_EA_PROJECTS\0. Jobot\1000+ EA BOT MOGUL Bundles\MT4 (ex4)\Forex\4\4-2\4-2-16\4-2-16.html,4-2-16,html,BOT MOGUL Bundles
D:\Forex\10_EA_PROJECTS\0. Jobot\1000+ EA BOT MOGUL Bundles\MT4 (ex4)\Forex\4\4-2\4-2-17\4-2-17.html,4-2-17,html,BOT MOGUL Bundles
D:\Forex\10_EA_PROJECTS\0. Jobot\1000+ EA BOT MOGUL Bundles\MT4 (ex4)\Forex\4\4-2\4-2-18\4-2-18.html,4-2-18,html,BOT MOGUL Bundles
D:\Forex\10_EA_PROJECTS\0. Jobot\1000+ EA BOT MOGUL Bundles\MT4 (ex4)\Forex\4\4-2\4-2-19\4-2-19.html,4-2-19,html,BOT MOGUL Bundles
D:\Forex\10_EA_PROJECTS\0. Jobot\1000+ EA BOT MOGUL Bundles\MT4 (ex4)\Forex\4\4-2\4-2-2\4-2-2.html,4-2-2,html,BOT MOGUL Bundles
D:\Forex\10_EA_PROJECTS\0. Jobot\1000+ EA BOT MOGUL Bundles\MT4 (ex4)\Forex\4\4-2\4-2-20\4-2-20.html,4-2-20,html,BOT MOGUL Bundles
D:\Forex\10_EA_PROJECTS\0. Jobot\1000+ EA BOT MOGUL Bundles\MT4 (ex4)\Forex\4\4-2\4-2-21\4-2-21.html,4-2-21,html,BOT MOGUL Bundles
D:\Forex\10_EA_PROJECTS\0. Jobot\1000+ EA BOT MOGUL Bundles\MT4 (ex4)\Forex\4\4-2\4-2-22\4-2-22.html,4-2-22,html,BOT MOGUL Bundles
D:\Forex\10_EA_PROJECTS\0. Jobot\1000+ EA BOT MOGUL Bundles\MT4 (ex4)\Forex\4\4-2\4-2-23\4-2-23.html,4-2-23,html,BOT MOGUL Bundles
D:\Forex\10_EA_PROJECTS\0. Jobot\1000+ EA BOT MOGUL Bundles\MT4 (ex4)\Forex\4\4-2\4-2-24\4-2-24.html,4-2-24,html,BOT MOGUL Bundles
D:\Forex\10_EA_PROJECTS\0. Jobot\1000+ EA BOT MOGUL Bundles\MT4 (ex4)\Forex\4\4-2\4-2-26\4-2-26.html,4-2-26,html,BOT MOGUL Bundles
D:\Forex\10_EA_PROJECTS\0. Jobot\1000+ EA BOT MOGUL Bundles\MT4 (ex4)\Forex\4\4-2\4-2-29\4-2-29.html,4-2-29,html,BOT MOGUL Bundles
D:\Forex\10_EA_PROJECTS\0. Jobot\1000+ EA BOT MOGUL Bundles\MT4 (ex4)\Forex\4\4-2\4-2-3\4-2-3.html,4-2-3,html,BOT MOGUL Bundles
D:\Forex\10_EA_PROJECTS\0. Jobot\1000+ EA BOT MOGUL Bundles\MT4 (ex4)\Forex\4\4-2\4-2-30\4-2-30.html,4-2-30,html,BOT MOGUL Bundles
D:\Forex\10_EA_PROJECTS\0. Jobot\1000+ EA BOT MOGUL Bundles\MT4 (ex4)\Forex\4\4-2\4-2-31\4-2-31.html,4-2-31,html,BOT MOGUL Bundles
D:\Forex\10_EA_PROJECTS\0. Jobot\1000+ EA BOT MOGUL Bundles\MT4 (ex4)\Forex\4\4-2\4-2-33\4-2-33.html,4-2-33,html,BOT MOGUL Bundles
D:\Forex\10_EA_PROJECTS\0. Jobot\1000+ EA BOT MOGUL Bundles\MT4 (ex4)\Forex\4\4-2\4-2-34\4-2-34.html,4-2-34,html,BOT MOGUL Bundles
D:\Forex\10_EA_PROJECTS\0. Jobot\1000+ EA BOT MOGUL Bundles\MT4 (ex4)\Forex\4\4-2\4-2-35\4-2-35.html,4-2-35,html,BOT MOGUL Bundles
D:\Forex\10_EA_PROJECTS\0. Jobot\1000+ EA BOT MOGUL Bundles\MT4 (ex4)\Forex\4\4-2\4-2-36\4-2-36.html,4-2-36,html,BOT MOGUL Bundles
D:\Forex\10_EA_PROJECTS\0. Jobot\1000+ EA BOT MOGUL Bundles\MT4 (ex4)\Forex\4\4-2\4-2-37\4-2-37.html,4-2-37,html,BOT MOGUL Bundles
D:\Forex\10_EA_PROJECTS\0. Jobot\1000+ EA BOT MOGUL Bundles\MT4 (ex4)\Forex\4\4-2\4-2-4\4-2-4.html,4-2-4,html,BOT MOGUL Bundles
D:\Forex\10_EA_PROJECTS\0. Jobot\1000+ EA BOT MOGUL Bundles\MT4 (ex4)\Forex\4\4-2\4-2-5\4-2-5.html,4-2-5,html,BOT MOGUL Bundles
D:\Forex\10_EA_PROJECTS\0. Jobot\1000+ EA BOT MOGUL Bundles\MT4 (ex4)\Forex\4\4-2\4-2-6\4-2-6.html,4-2-6,html,BOT MOGUL Bundles
D:\Forex\10_EA_PROJECTS\0. Jobot\1000+ EA BOT MOGUL Bundles\MT4 (ex4)\Forex\4\4-2\4-2-7\4-2-7.html,4-2-7,html,BOT MOGUL Bundles
D:\Forex\10_EA_PROJECTS\0. Jobot\1000+ EA BOT MOGUL Bundles\MT4 (ex4)\Forex\4\4-2\4-2-8\4-2-8.html,4-2-8,html,BOT MOGUL Bundles
D:\Forex\10_EA_PROJECTS\0. Jobot\1000+ EA BOT MOGUL Bundles\MT4 (ex4)\Forex\4\4-2\4-2-9\4-2-9.html,4-2-9,html,BOT MOGUL Bundles
D:\Forex\10_EA_PROJECTS\0. Jobot\1000+ EA BOT MOGUL Bundles\MT4 (ex4)\Forex\4\4-3\4-3-1\4-3-1.html,4-3-1,html,BOT MOGUL Bundles
D:\Forex\10_EA_PROJECTS\0. Jobot\1000+ EA BOT MOGUL Bundles\MT4 (ex4)\Forex\4\4-3\4-3-13\4-3-13.html,4-3-13,html,BOT MOGUL Bundles
D:\Forex\10_EA_PROJECTS\0. Jobot\1000+ EA BOT MOGUL Bundles\MT4 (ex4)\Forex\4\4-3\4-3-14\4-3-14.html,4-3-14,html,BOT MOGUL Bundles
D:\Forex\10_EA_PROJECTS\0. Jobot\1000+ EA BOT MOGUL Bundles\MT4 (ex4)\Forex\4\4-3\4-3-16\4-3-16.html,4-3-16,html,BOT MOGUL Bundles
D:\Forex\10_EA_PROJECTS\0. Jobot\1000+ EA BOT MOGUL Bundles\MT4 (ex4)\Forex\4\4-3\4-3-17\4-3-17.html,4-3-17,html,BOT MOGUL Bundles
D:\Forex\10_EA_PROJECTS\0. Jobot\1000+ EA BOT MOGUL Bundles\MT4 (ex4)\Forex\4\4-3\4-3-18\4-3-18.html,4-3-18,html,BOT MOGUL Bundles
D:\Forex\10_EA_PROJECTS\0. Jobot\1000+ EA BOT MOGUL Bundles\MT4 (ex4)\Forex\4\4-3\4-3-19\4-3-19.html,4-3-19,html,BOT MOGUL Bundles
D:\Forex\10_EA_PROJECTS\0. Jobot\1000+ EA BOT MOGUL Bundles\MT4 (ex4)\Forex\4\4-3\4-3-2\4-3-2.html,4-3-2,html,BOT MOGUL Bundles
D:\Forex\10_EA_PROJECTS\0. Jobot\1000+ EA BOT MOGUL Bundles\MT4 (ex4)\Forex\4\4-3\4-3-20\4-3-20.html,4-3-20,html,BOT MOGUL Bundles
D:\Forex\10_EA_PROJECTS\0. Jobot\1000+ EA BOT MOGUL Bundles\MT4 (ex4)\Forex\4\4-3\4-3-21\4-3-21.html,4-3-21,html,BOT MOGUL Bundles
D:\Forex\10_EA_PROJECTS\0. Jobot\1000+ EA BOT MOGUL Bundles\MT4 (ex4)\Forex\4\4-3\4-3-22\4-3-22.html,4-3-22,html,BOT MOGUL Bundles
D:\Forex\10_EA_PROJECTS\0. Jobot\1000+ EA BOT MOGUL Bundles\MT4 (ex4)\Forex\4\4-3\4-3-23\4-3-23.html,4-3-23,html,BOT MOGUL Bundles
D:\Forex\10_EA_PROJECTS\0. Jobot\1000+ EA BOT MOGUL Bundles\MT4 (ex4)\Forex\4\4-3\4-3-24\4-3-24.html,4-3-24,html,BOT MOGUL Bundles
D:\Forex\10_EA_PROJECTS\0. Jobot\1000+ EA BOT MOGUL Bundles\MT4 (ex4)\Forex\4\4-3\4-3-26\4-3-26.html,4-3-26,html,BOT MOGUL Bundles
D:\Forex\10_EA_PROJECTS\0. Jobot\1000+ EA BOT MOGUL Bundles\MT4 (ex4)\Forex\4\4-3\4-3-29\4-3-29.html,4-3-29,html,BOT MOGUL Bundles
D:\Forex\10_EA_PROJECTS\0. Jobot\1000+ EA BOT MOGUL Bundles\MT4 (ex4)\Forex\4\4-3\4-3-3\4-3-3.html,4-3-3,html,BOT MOGUL Bundles
D:\Forex\10_EA_PROJECTS\0. Jobot\1000+ EA BOT MOGUL Bundles\MT4 (ex4)\Forex\4\4-3\4-3-30\4-3-30.html,4-3-30,html,BOT MOGUL Bundles
D:\Forex\10_EA_PROJECTS\0. Jobot\1000+ EA BOT MOGUL Bundles\MT4 (ex4)\Forex\4\4-3\4-3-31\4-3-31.html,4-3-31,html,BOT MOGUL Bundles
D:\Forex\10_EA_PROJECTS\0. Jobot\1000+ EA BOT MOGUL Bundles\MT4 (ex4)\Forex\4\4-3\4-3-33\4-3-33.html,4-3-33,html,BOT MOGUL Bundles
D:\Forex\10_EA_PROJECTS\0. Jobot\1000+ EA BOT MOGUL Bundles\MT4 (ex4)\Forex\4\4-3\4-3-34\4-3-34.html,4-3-34,html,BOT MOGUL Bundles
D:\Forex\10_EA_PROJECTS\0. Jobot\1000+ EA BOT MOGUL Bundles\MT4 (ex4)\Forex\4\4-3\4-3-35\4-3-35.html,4-3-35,html,BOT MOGUL Bundles
D:\Forex\10_EA_PROJECTS\0. Jobot\1000+ EA BOT MOGUL Bundles\MT4 (ex4)\Forex\4\4-3\4-3-36\4-3-36.html,4-3-36,html,BOT MOGUL Bundles
D:\Forex\10_EA_PROJECTS\0. Jobot\1000+ EA BOT MOGUL Bundles\MT4 (ex4)\Forex\4\4-3\4-3-37\4-3-37.html,4-3-37,html,BOT MOGUL Bundles
D:\Forex\10_EA_PROJECTS\0. Jobot\1000+ EA BOT MOGUL Bundles\MT4 (ex4)\Forex\4\4-3\4-3-4\4-3-4.html,4-3-4,html,BOT MOGUL Bundles
D:\Forex\10_EA_PROJECTS\0. Jobot\1000+ EA BOT MOGUL Bundles\MT4 (ex4)\Forex\4\4-3\4-3-5\4-3-5.html,4-3-5,html,BOT MOGUL Bundles
D:\Forex\10_EA_PROJECTS\0. Jobot\1000+ EA BOT MOGUL Bundles\MT4 (ex4)\Forex\4\4-3\4-3-6\4-3-6.html,4-3-6,html,BOT MOGUL Bundles
D:\Forex\10_EA_PROJECTS\0. Jobot\1000+ EA BOT MOGUL Bundles\MT4 (ex4)\Forex\4\4-3\4-3-7\4-3-7.html,4-3-7,html,BOT MOGUL Bundles
D:\Forex\10_EA_PROJECTS\0. Jobot\1000+ EA BOT MOGUL Bundles\MT4 (ex4)\Forex\4\4-3\4-3-8\4-3-8.html,4-3-8,html,BOT MOGUL Bundles
D:\Forex\10_EA_PROJECTS\0. Jobot\1000+ EA BOT MOGUL Bundles\MT4 (ex4)\Forex\4\4-3\4-3-9\4-3-9.html,4-3-9,html,BOT MOGUL Bundles
D:\Forex\10_EA_PROJECTS\0. Jobot\1000+ EA BOT MOGUL Bundles\MT4 (ex4)\Forex\4\4-4\4-4-1\4-4-1.html,4-4-1,html,BOT MOGUL Bundles
D:\Forex\10_EA_PROJECTS\0. Jobot\1000+ EA BOT MOGUL Bundles\MT4 (ex4)\Forex\4\4-4\4-4-13\4-4-13.html,4-4-13,html,BOT MOGUL Bundles
D:\Forex\10_EA_PROJECTS\0. Jobot\1000+ EA BOT MOGUL Bundles\MT4 (ex4)\Forex\4\4-4\4-4-14\4-4-14.html,4-4-14,html,BOT MOGUL Bundles
D:\Forex\10_EA_PROJECTS\0. Jobot\1000+ EA BOT MOGUL Bundles\MT4 (ex4)\Forex\4\4-4\4-4-16\4-4-16.html,4-4-16,html,BOT MOGUL Bundles
D:\Forex\10_EA_PROJECTS\0. Jobot\1000+ EA BOT MOGUL Bundles\MT4 (ex4)\Forex\4\4-4\4-4-17\4-4-17.html,4-4-17,html,BOT MOGUL Bundles
D:\Forex\10_EA_PROJECTS\0. Jobot\1000+ EA BOT MOGUL Bundles\MT4 (ex4)\Forex\4\4-4\4-4-18\4-4-18.html,4-4-18,html,BOT MOGUL Bundles
D:\Forex\10_EA_PROJECTS\0. Jobot\1000+ EA BOT MOGUL Bundles\MT4 (ex4)\Forex\4\4-4\4-4-19\4-4-19.html,4-4-19,html,BOT MOGUL Bundles
D:\Forex\10_EA_PROJECTS\0. Jobot\1000+ EA BOT MOGUL Bundles\MT4 (ex4)\Forex\4\4-4\4-4-2\4-4-2.html,4-4-2,html,BOT MOGUL Bundles
D:\Forex\10_EA_PROJECTS\0. Jobot\1000+ EA BOT MOGUL Bundles\MT4 (ex4)\Forex\4\4-4\4-4-20\4-4-20.html,4-4-20,html,BOT MOGUL Bundles
D:\Forex\10_EA_PROJECTS\0. Jobot\1000+ EA BOT MOGUL Bundles\MT4 (ex4)\Forex\4\4-4\4-4-21\4-4-21.html,4-4-21,html,BOT MOGUL Bundles
D:\Forex\10_EA_PROJECTS\0. Jobot\1000+ EA BOT MOGUL Bundles\MT4 (ex4)\Forex\4\4-4\4-4-22\4-4-22.html,4-4-22,html,BOT MOGUL Bundles
D:\Forex\10_EA_PROJECTS\0. Jobot\1000+ EA BOT MOGUL Bundles\MT4 (ex4)\Forex\4\4-4\4-4-23\4-4-23.html,4-4-23,html,BOT MOGUL Bundles
D:\Forex\10_EA_PROJECTS\0. Jobot\1000+ EA BOT MOGUL Bundles\MT4 (ex4)\Forex\4\4-4\4-4-24\4-4-24.html,4-4-24,html,BOT MOGUL Bundles
D:\Forex\10_EA_PROJECTS\0. Jobot\1000+ EA BOT MOGUL Bundles\MT4 (ex4)\Forex\4\4-4\4-4-26\4-4-26.html,4-4-26,html,BOT MOGUL Bundles
D:\Forex\10_EA_PROJECTS\0. Jobot\1000+ EA BOT MOGUL Bundles\MT4 (ex4)\Forex\4\4-4\4-4-29\4-4-29.html,4-4-29,html,BOT MOGUL Bundles
D:\Forex\10_EA_PROJECTS\0. Jobot\1000+ EA BOT MOGUL Bundles\MT4 (ex4)\Forex\4\4-4\4-4-3\4-4-3.html,4-4-3,html,BOT MOGUL Bundles
D:\Forex\10_EA_PROJECTS\0. Jobot\1000+ EA BOT MOGUL Bundles\MT4 (ex4)\Forex\4\4-4\4-4-30\4-4-30.html,4-4-30,html,BOT MOGUL Bundles
D:\Forex\10_EA_PROJECTS\0. Jobot\1000+ EA BOT MOGUL Bundles\MT4 (ex4)\Forex\4\4-4\4-4-31\4-4-31.html,4-4-31,html,BOT MOGUL Bundles
D:\Forex\10_EA_PROJECTS\0. Jobot\1000+ EA BOT MOGUL Bundles\MT4 (ex4)\Forex\4\4-4\4-4-33\4-4-33.html,4-4-33,html,BOT MOGUL Bundles
D:\Forex\10_EA_PROJECTS\0. Jobot\1000+ EA BOT MOGUL Bundles\MT4 (ex4)\Forex\4\4-4\4-4-34\4-4-34.html,4-4-34,html,BOT MOGUL Bundles
D:\Forex\10_EA_PROJECTS\0. Jobot\1000+ EA BOT MOGUL Bundles\MT4 (ex4)\Forex\4\4-4\4-4-35\4-4-35.html,4-4-35,html,BOT MOGUL Bundles
D:\Forex\10_EA_PROJECTS\0. Jobot\1000+ EA BOT MOGUL Bundles\MT4 (ex4)\Forex\4\4-4\4-4-36\4-4-36.html,4-4-36,html,BOT MOGUL Bundles
D:\Forex\10_EA_PROJECTS\0. Jobot\1000+ EA BOT MOGUL Bundles\MT4 (ex4)\Forex\4\4-4\4-4-37\4-4-37.html,4-4-37,html,BOT MOGUL Bundles
D:\Forex\10_EA_PROJECTS\0. Jobot\1000+ EA BOT MOGUL Bundles\MT4 (ex4)\Forex\4\4-4\4-4-4\4-4-4.html,4-4-4,html,BOT MOGUL Bundles
D:\Forex\10_EA_PROJECTS\0. Jobot\1000+ EA BOT MOGUL Bundles\MT4 (ex4)\Forex\4\4-4\4-4-5\4-4-5.html,4-4-5,html,BOT MOGUL Bundles
D:\Forex\10_EA_PROJECTS\0. Jobot\1000+ EA BOT MOGUL Bundles\MT4 (ex4)\Forex\4\4-4\4-4-6\4-4-6.html,4-4-6,html,BOT MOGUL Bundles
D:\Forex\10_EA_PROJECTS\0. Jobot\1000+ EA BOT MOGUL Bundles\MT4 (ex4)\Forex\4\4-4\4-4-7\4-4-7.html,4-4-7,html,BOT MOGUL Bundles
D:\Forex\10_EA_PROJECTS\0. Jobot\1000+ EA BOT MOGUL Bundles\MT4 (ex4)\Forex\4\4-4\4-4-8\4-4-8.html,4-4-8,html,BOT MOGUL Bundles
D:\Forex\10_EA_PROJECTS\0. Jobot\1000+ EA BOT MOGUL Bundles\MT4 (ex4)\Forex\4\4-4\4-4-9\4-4-9.html,4-4-9,html,BOT MOGUL Bundles
D:\Forex\10_EA_PROJECTS\0. Jobot\1000+ EA BOT MOGUL Bundles\MT5 (ex5)\Forex\1\1-1\1-1-1\1-1-1.html,1-1-1,html,BOT MOGUL Bundles
D:\Forex\10_EA_PROJECTS\0. Jobot\1000+ EA BOT MOGUL Bundles\MT5 (ex5)\Forex\1\1-1\1-1-13\1-1-13.html,1-1-13,html,BOT MOGUL Bundles
D:\Forex\10_EA_PROJECTS\0. Jobot\1000+ EA BOT MOGUL Bundles\MT5 (ex5)\Forex\1\1-1\1-1-14\1-1-14.html,1-1-14,html,BOT MOGUL Bundles
D:\Forex\10_EA_PROJECTS\0. Jobot\1000+ EA BOT MOGUL Bundles\MT5 (ex5)\Forex\1\1-1\1-1-16\1-1-16.html,1-1-16,html,BOT MOGUL Bundles
D:\Forex\10_EA_PROJECTS\0. Jobot\1000+ EA BOT MOGUL Bundles\MT5 (ex5)\Forex\1\1-1\1-1-17\1-1-17.html,1-1-17,html,BOT MOGUL Bundles
D:\Forex\10_EA_PROJECTS\0. Jobot\1000+ EA BOT MOGUL Bundles\MT5 (ex5)\Forex\1\1-1\1-1-18\1-1-18.html,1-1-18,html,BOT MOGUL Bundles
D:\Forex\10_EA_PROJECTS\0. Jobot\1000+ EA BOT MOGUL Bundles\MT5 (ex5)\Forex\1\1-1\1-1-19\1-1-19.html,1-1-19,html,BOT MOGUL Bundles
D:\Forex\10_EA_PROJECTS\0. Jobot\1000+ EA BOT MOGUL Bundles\MT5 (ex5)\Forex\1\1-1\1-1-2\1-1-2.html,1-1-2,html,BOT MOGUL Bundles
D:\Forex\10_EA_PROJECTS\0. Jobot\1000+ EA BOT MOGUL Bundles\MT5 (ex5)\Forex\1\1-1\1-1-20\1-1-20.html,1-1-20,html,BOT MOGUL Bundles
D:\Forex\10_EA_PROJECTS\0. Jobot\1000+ EA BOT MOGUL Bundles\MT5 (ex5)\Forex\1\1-1\1-1-21\1-1-21.html,1-1-21,html,BOT MOGUL Bundles
D:\Forex\10_EA_PROJECTS\0. Jobot\1000+ EA BOT MOGUL Bundles\MT5 (ex5)\Forex\1\1-1\1-1-22\1-1-22.html,1-1-22,html,BOT MOGUL Bundles
D:\Forex\10_EA_PROJECTS\0. Jobot\1000+ EA BOT MOGUL Bundles\MT5 (ex5)\Forex\1\1-1\1-1-23\1-1-23.html,1-1-23,html,BOT MOGUL Bundles
D:\Forex\10_EA_PROJECTS\0. Jobot\1000+ EA BOT MOGUL Bundles\MT5 (ex5)\Forex\1\1-1\1-1-24\1-1-24.html,1-1-24,html,BOT MOGUL Bundles
D:\Forex\10_EA_PROJECTS\0. Jobot\1000+ EA BOT MOGUL Bundles\MT5 (ex5)\Forex\1\1-1\1-1-26\1-1-26.html,1-1-26,html,BOT MOGUL Bundles
D:\Forex\10_EA_PROJECTS\0. Jobot\1000+ EA BOT MOGUL Bundles\MT5 (ex5)\Forex\1\1-1\1-1-29\1-1-29.html,1-1-29,html,BOT MOGUL Bundles
D:\Forex\10_EA_PROJECTS\0. Jobot\1000+ EA BOT MOGUL Bundles\MT5 (ex5)\Forex\1\1-1\1-1-3\1-1-3.html,1-1-3,html,BOT MOGUL Bundles
D:\Forex\10_EA_PROJECTS\0. Jobot\1000+ EA BOT MOGUL Bundles\MT5 (ex5)\Forex\1\1-1\1-1-30\1-1-30.html,1-1-30,html,BOT MOGUL Bundles
D:\Forex\10_EA_PROJECTS\0. Jobot\1000+ EA BOT MOGUL Bundles\MT5 (ex5)\Forex\1\1-1\1-1-31\1-1-31.html,1-1-31,html,BOT MOGUL Bundles
D:\Forex\10_EA_PROJECTS\0. Jobot\1000+ EA BOT MOGUL Bundles\MT5 (ex5)\Forex\1\1-1\1-1-33\1-1-33.html,1-1-33,html,BOT MOGUL Bundles
D:\Forex\10_EA_PROJECTS\0. Jobot\1000+ EA BOT MOGUL Bundles\MT5 (ex5)\Forex\1\1-1\1-1-34\1-1-34.html,1-1-34,html,BOT MOGUL Bundles
D:\Forex\10_EA_PROJECTS\0. Jobot\1000+ EA BOT MOGUL Bundles\MT5 (ex5)\Forex\1\1-1\1-1-4\1-1-4.html,1-1-4,html,BOT MOGUL Bundles
D:\Forex\10_EA_PROJECTS\0. Jobot\1000+ EA BOT MOGUL Bundles\MT5 (ex5)\Forex\1\1-1\1-1-5\1-1-5.html,1-1-5,html,BOT MOGUL Bundles
D:\Forex\10_EA_PROJECTS\0. Jobot\1000+ EA BOT MOGUL Bundles\MT5 (ex5)\Forex\1\1-1\1-1-6\1-1-6.html,1-1-6,html,BOT MOGUL Bundles
D:\Forex\10_EA_PROJECTS\0. Jobot\1000+ EA BOT MOGUL Bundles\MT5 (ex5)\Forex\1\1-1\1-1-7\1-1-7.html,1-1-7,html,BOT MOGUL Bundles
D:\Forex\10_EA_PROJECTS\0. Jobot\1000+ EA BOT MOGUL Bundles\MT5 (ex5)\Forex\1\1-1\1-1-8\1-1-8.html,1-1-8,html,BOT MOGUL Bundles
D:\Forex\10_EA_PROJECTS\0. Jobot\1000+ EA BOT MOGUL Bundles\MT5 (ex5)\Forex\1\1-13\1-13-1\1-13-1.html,1-13-1,html,BOT MOGUL Bundles
D:\Forex\10_EA_PROJECTS\0. Jobot\1000+ EA BOT MOGUL Bundles\MT5 (ex5)\Forex\1\1-13\1-13-13\1-13-13.html,1-13-13,html,BOT MOGUL Bundles
D:\Forex\10_EA_PROJECTS\0. Jobot\1000+ EA BOT MOGUL Bundles\MT5 (ex5)\Forex\1\1-13\1-13-14\1-13-14.html,1-13-14,html,BOT MOGUL Bundles
D:\Forex\10_EA_PROJECTS\0. Jobot\1000+ EA BOT MOGUL Bundles\MT5 (ex5)\Forex\1\1-13\1-13-16\1-13-16.html,1-13-16,html,BOT MOGUL Bundles
D:\Forex\10_EA_PROJECTS\0. Jobot\1000+ EA BOT MOGUL Bundles\MT5 (ex5)\Forex\1\1-13\1-13-17\1-13-17.html,1-13-17,html,BOT MOGUL Bundles
D:\Forex\10_EA_PROJECTS\0. Jobot\1000+ EA BOT MOGUL Bundles\MT5 (ex5)\Forex\1\1-13\1-13-18\1-13-18.html,1-13-18,html,BOT MOGUL Bundles
D:\Forex\10_EA_PROJECTS\0. Jobot\1000+ EA BOT MOGUL Bundles\MT5 (ex5)\Forex\1\1-13\1-13-19\1-13-19.html,1-13-19,html,BOT MOGUL Bundles
D:\Forex\10_EA_PROJECTS\0. Jobot\1000+ EA BOT MOGUL Bundles\MT5 (ex5)\Forex\1\1-13\1-13-2\1-13-2.html,1-13-2,html,BOT MOGUL Bundles
D:\Forex\10_EA_PROJECTS\0. Jobot\1000+ EA BOT MOGUL Bundles\MT5 (ex5)\Forex\1\1-13\1-13-20\1-13-20.html,1-13-20,html,BOT MOGUL Bundles
D:\Forex\10_EA_PROJECTS\0. Jobot\1000+ EA BOT MOGUL Bundles\MT5 (ex5)\Forex\1\1-13\1-13-21\1-13-21.html,1-13-21,html,BOT MOGUL Bundles
D:\Forex\10_EA_PROJECTS\0. Jobot\1000+ EA BOT MOGUL Bundles\MT5 (ex5)\Forex\1\1-13\1-13-22\1-13-22.html,1-13-22,html,BOT MOGUL Bundles
D:\Forex\10_EA_PROJECTS\0. Jobot\1000+ EA BOT MOGUL Bundles\MT5 (ex5)\Forex\1\1-13\1-13-23\1-13-23.html,1-13-23,html,BOT MOGUL Bundles
D:\Forex\10_EA_PROJECTS\0. Jobot\1000+ EA BOT MOGUL Bundles\MT5 (ex5)\Forex\1\1-13\1-13-24\1-13-24.html,1-13-24,html,BOT MOGUL Bundles
D:\Forex\10_EA_PROJECTS\0. Jobot\1000+ EA BOT MOGUL Bundles\MT5 (ex5)\Forex\1\1-13\1-13-26\1-13-26.html,1-13-26,html,BOT MOGUL Bundles
D:\Forex\10_EA_PROJECTS\0. Jobot\1000+ EA BOT MOGUL Bundles\MT5 (ex5)\Forex\1\1-13\1-13-29\1-13-29.html,1-13-29,html,BOT MOGUL Bundles
D:\Forex\10_EA_PROJECTS\0. Jobot\1000+ EA BOT MOGUL Bundles\MT5 (ex5)\Forex\1\1-13\1-13-3\1-13-3.html,1-13-3,html,BOT MOGUL Bundles
D:\Forex\10_EA_PROJECTS\0. Jobot\1000+ EA BOT MOGUL Bundles\MT5 (ex5)\Forex\1\1-13\1-13-30\1-13-30.html,1-13-30,html,BOT MOGUL Bundles
D:\Forex\10_EA_PROJECTS\0. Jobot\1000+ EA BOT MOGUL Bundles\MT5 (ex5)\Forex\1\1-13\1-13-31\1-13-31.html,1-13-31,html,BOT MOGUL Bundles
D:\Forex\10_EA_PROJECTS\0. Jobot\1000+ EA BOT MOGUL Bundles\MT5 (ex5)\Forex\1\1-13\1-13-33\1-13-33.html,1-13-33,html,BOT MOGUL Bundles
D:\Forex\10_EA_PROJECTS\0. Jobot\1000+ EA BOT MOGUL Bundles\MT5 (ex5)\Forex\1\1-13\1-13-34\1-13-34.html,1-13-34,html,BOT MOGUL Bundles
D:\Forex\10_EA_PROJECTS\0. Jobot\1000+ EA BOT MOGUL Bundles\MT5 (ex5)\Forex\1\1-13\1-13-35\1-13-35.html,1-13-35,html,BOT MOGUL Bundles
D:\Forex\10_EA_PROJECTS\0. Jobot\1000+ EA BOT MOGUL Bundles\MT5 (ex5)\Forex\1\1-13\1-13-4\1-13-4.html,1-13-4,html,BOT MOGUL Bundles
D:\Forex\10_EA_PROJECTS\0. Jobot\1000+ EA BOT MOGUL Bundles\MT5 (ex5)\Forex\1\1-13\1-13-5\1-13-5.html,1-13-5,html,BOT MOGUL Bundles
D:\Forex\10_EA_PROJECTS\0. Jobot\1000+ EA BOT MOGUL Bundles\MT5 (ex5)\Forex\1\1-13\1-13-7\1-13-7.html,1-13-7,html,BOT MOGUL Bundles
D:\Forex\10_EA_PROJECTS\0. Jobot\1000+ EA BOT MOGUL Bundles\MT5 (ex5)\Forex\1\1-13\1-13-8\1-13-8.html,1-13-8,html,BOT MOGUL Bundles
D:\Forex\10_EA_PROJECTS\0. Jobot\1000+ EA BOT MOGUL Bundles\MT5 (ex5)\Forex\1\1-16\1-16-1\1-16-1.html,1-16-1,html,BOT MOGUL Bundles
D:\Forex\10_EA_PROJECTS\0. Jobot\1000+ EA BOT MOGUL Bundles\MT5 (ex5)\Forex\1\1-16\1-16-13\1-16-13.html,1-16-13,html,BOT MOGUL Bundles
D:\Forex\10_EA_PROJECTS\0. Jobot\1000+ EA BOT MOGUL Bundles\MT5 (ex5)\Forex\1\1-16\1-16-17\1-16-17.html,1-16-17,html,BOT MOGUL Bundles
D:\Forex\10_EA_PROJECTS\0. Jobot\1000+ EA BOT MOGUL Bundles\MT5 (ex5)\Forex\1\1-16\1-16-18\1-16-18.html,1-16-18,html,BOT MOGUL Bundles
D:\Forex\10_EA_PROJECTS\0. Jobot\1000+ EA BOT MOGUL Bundles\MT5 (ex5)\Forex\1\1-16\1-16-19\1-16-19.html,1-16-19,html,BOT MOGUL Bundles
D:\Forex\10_EA_PROJECTS\0. Jobot\1000+ EA BOT MOGUL Bundles\MT5 (ex5)\Forex\1\1-16\1-16-2\1-16-2.html,1-16-2,html,BOT MOGUL Bundles
D:\Forex\10_EA_PROJECTS\0. Jobot\1000+ EA BOT MOGUL Bundles\MT5 (ex5)\Forex\1\1-16\1-16-20\1-16-20.html,1-16-20,html,BOT MOGUL Bundles
D:\Forex\10_EA_PROJECTS\0. Jobot\1000+ EA BOT MOGUL Bundles\MT5 (ex5)\Forex\1\1-16\1-16-21\1-16-21.html,1-16-21,html,BOT MOGUL Bundles
D:\Forex\10_EA_PROJECTS\0. Jobot\1000+ EA BOT MOGUL Bundles\MT5 (ex5)\Forex\1\1-16\1-16-22\1-16-22.html,1-16-22,html,BOT MOGUL Bundles
D:\Forex\10_EA_PROJECTS\0. Jobot\1000+ EA BOT MOGUL Bundles\MT5 (ex5)\Forex\1\1-16\1-16-23\1-16-23.html,1-16-23,html,BOT MOGUL Bundles
D:\Forex\10_EA_PROJECTS\0. Jobot\1000+ EA BOT MOGUL Bundles\MT5 (ex5)\Forex\1\1-16\1-16-24\1-16-24.html,1-16-24,html,BOT MOGUL Bundles
D:\Forex\10_EA_PROJECTS\0. Jobot\1000+ EA BOT MOGUL Bundles\MT5 (ex5)\Forex\1\1-16\1-16-26\1-16-26.html,1-16-26,html,BOT MOGUL Bundles
D:\Forex\10_EA_PROJECTS\0. Jobot\1000+ EA BOT MOGUL Bundles\MT5 (ex5)\Forex\1\1-16\1-16-29\1-16-29.html,1-16-29,html,BOT MOGUL Bundles
D:\Forex\10_EA_PROJECTS\0. Jobot\1000+ EA BOT MOGUL Bundles\MT5 (ex5)\Forex\1\1-16\1-16-3\1-16-3.html,1-16-3,html,BOT MOGUL Bundles
D:\Forex\10_EA_PROJECTS\0. Jobot\1000+ EA BOT MOGUL Bundles\MT5 (ex5)\Forex\1\1-16\1-16-31\1-16-31.html,1-16-31,html,BOT MOGUL Bundles
D:\Forex\10_EA_PROJECTS\0. Jobot\1000+ EA BOT MOGUL Bundles\MT5 (ex5)\Forex\1\1-16\1-16-33\1-16-33.html,1-16-33,html,BOT MOGUL Bundles
D:\Forex\10_EA_PROJECTS\0. Jobot\1000+ EA BOT MOGUL Bundles\MT5 (ex5)\Forex\1\1-16\1-16-34\1-16-34.html,1-16-34,html,BOT MOGUL Bundles
D:\Forex\10_EA_PROJECTS\0. Jobot\1000+ EA BOT MOGUL Bundles\MT5 (ex5)\Forex\1\1-16\1-16-35\1-16-35.html,1-16-35,html,BOT MOGUL Bundles
D:\Forex\10_EA_PROJECTS\0. Jobot\1000+ EA BOT MOGUL Bundles\MT5 (ex5)\Forex\1\1-16\1-16-4\1-16-4.html,1-16-4,html,BOT MOGUL Bundles
D:\Forex\10_EA_PROJECTS\0. Jobot\1000+ EA BOT MOGUL Bundles\MT5 (ex5)\Forex\1\1-16\1-16-5\1-16-5.html,1-16-5,html,BOT MOGUL Bundles
D:\Forex\10_EA_PROJECTS\0. Jobot\1000+ EA BOT MOGUL Bundles\MT5 (ex5)\Forex\1\1-16\1-16-6\1-16-6.html,1-16-6,html,BOT MOGUL Bundles
D:\Forex\10_EA_PROJECTS\0. Jobot\1000+ EA BOT MOGUL Bundles\MT5 (ex5)\Forex\1\1-16\1-16-7\1-16-7.html,1-16-7,html,BOT MOGUL Bundles
D:\Forex\10_EA_PROJECTS\0. Jobot\1000+ EA BOT MOGUL Bundles\MT5 (ex5)\Forex\1\1-18\1-18-1\1-18-1.html,1-18-1,html,BOT MOGUL Bundles
D:\Forex\10_EA_PROJECTS\0. Jobot\1000+ EA BOT MOGUL Bundles\MT5 (ex5)\Forex\1\1-18\1-18-13\1-18-13.html,1-18-13,html,BOT MOGUL Bundles
D:\Forex\10_EA_PROJECTS\0. Jobot\1000+ EA BOT MOGUL Bundles\MT5 (ex5)\Forex\1\1-18\1-18-14\1-18-14.html,1-18-14,html,BOT MOGUL Bundles
D:\Forex\10_EA_PROJECTS\0. Jobot\1000+ EA BOT MOGUL Bundles\MT5 (ex5)\Forex\1\1-18\1-18-17\1-18-17.html,1-18-17,html,BOT MOGUL Bundles
D:\Forex\10_EA_PROJECTS\0. Jobot\1000+ EA BOT MOGUL Bundles\MT5 (ex5)\Forex\1\1-18\1-18-18\1-18-18.html,1-18-18,html,BOT MOGUL Bundles
D:\Forex\10_EA_PROJECTS\0. Jobot\1000+ EA BOT MOGUL Bundles\MT5 (ex5)\Forex\1\1-18\1-18-19\1-18-19.html,1-18-19,html,BOT MOGUL Bundles
D:\Forex\10_EA_PROJECTS\0. Jobot\1000+ EA BOT MOGUL Bundles\MT5 (ex5)\Forex\1\1-18\1-18-2\1-18-2.html,1-18-2,html,BOT MOGUL Bundles
D:\Forex\10_EA_PROJECTS\0. Jobot\1000+ EA BOT MOGUL Bundles\MT5 (ex5)\Forex\1\1-18\1-18-20\1-18-20.html,1-18-20,html,BOT MOGUL Bundles
D:\Forex\10_EA_PROJECTS\0. Jobot\1000+ EA BOT MOGUL Bundles\MT5 (ex5)\Forex\1\1-18\1-18-21\1-18-21.html,1-18-21,html,BOT MOGUL Bundles
D:\Forex\10_EA_PROJECTS\0. Jobot\1000+ EA BOT MOGUL Bundles\MT5 (ex5)\Forex\1\1-18\1-18-23\1-18-23.html,1-18-23,html,BOT MOGUL Bundles
D:\Forex\10_EA_PROJECTS\0. Jobot\1000+ EA BOT MOGUL Bundles\MT5 (ex5)\Forex\1\1-18\1-18-26\1-18-26.html,1-18-26,html,BOT MOGUL Bundles
D:\Forex\10_EA_PROJECTS\0. Jobot\1000+ EA BOT MOGUL Bundles\MT5 (ex5)\Forex\1\1-18\1-18-29\1-18-29.html,1-18-29,html,BOT MOGUL Bundles
D:\Forex\10_EA_PROJECTS\0. Jobot\1000+ EA BOT MOGUL Bundles\MT5 (ex5)\Forex\1\1-18\1-18-3\1-18-3.html,1-18-3,html,BOT MOGUL Bundles
D:\Forex\10_EA_PROJECTS\0. Jobot\1000+ EA BOT MOGUL Bundles\MT5 (ex5)\Forex\1\1-18\1-18-30\1-18-30.html,1-18-30,html,BOT MOGUL Bundles
D:\Forex\10_EA_PROJECTS\0. Jobot\1000+ EA BOT MOGUL Bundles\MT5 (ex5)\Forex\1\1-18\1-18-31\1-18-31.html,1-18-31,html,BOT MOGUL Bundles
D:\Forex\10_EA_PROJECTS\0. Jobot\1000+ EA BOT MOGUL Bundles\MT5 (ex5)\Forex\1\1-18\1-18-33\1-18-33.html,1-18-33,html,BOT MOGUL Bundles
D:\Forex\10_EA_PROJECTS\0. Jobot\1000+ EA BOT MOGUL Bundles\MT5 (ex5)\Forex\1\1-18\1-18-34\1-18-34.html,1-18-34,html,BOT MOGUL Bundles
D:\Forex\10_EA_PROJECTS\0. Jobot\1000+ EA BOT MOGUL Bundles\MT5 (ex5)\Forex\1\1-18\1-18-35\1-18-35.html,1-18-35,html,BOT MOGUL Bundles
D:\Forex\10_EA_PROJECTS\0. Jobot\1000+ EA BOT MOGUL Bundles\MT5 (ex5)\Forex\1\1-18\1-18-36\1-18-36.html,1-18-36,html,BOT MOGUL Bundles
D:\Forex\10_EA_PROJECTS\0. Jobot\1000+ EA BOT MOGUL Bundles\MT5 (ex5)\Forex\1\1-18\1-18-37\1-18-37.html,1-18-37,html,BOT MOGUL Bundles
D:\Forex\10_EA_PROJECTS\0. Jobot\1000+ EA BOT MOGUL Bundles\MT5 (ex5)\Forex\1\1-18\1-18-5\1-18-5.html,1-18-5,html,BOT MOGUL Bundles
D:\Forex\10_EA_PROJECTS\0. Jobot\1000+ EA BOT MOGUL Bundles\MT5 (ex5)\Forex\1\1-18\1-18-6\1-18-6.html,1-18-6,html,BOT MOGUL Bundles
D:\Forex\10_EA_PROJECTS\0. Jobot\1000+ EA BOT MOGUL Bundles\MT5 (ex5)\Forex\1\1-18\1-18-7\1-18-7.html,1-18-7,html,BOT MOGUL Bundles
D:\Forex\10_EA_PROJECTS\0. Jobot\1000+ EA BOT MOGUL Bundles\MT5 (ex5)\Forex\1\1-18\1-18-8\1-18-8.html,1-18-8,html,BOT MOGUL Bundles
D:\Forex\10_EA_PROJECTS\0. Jobot\1000+ EA BOT MOGUL Bundles\MT5 (ex5)\Forex\1\1-21\1-21-13\1-21-13.html,1-21-13,html,BOT MOGUL Bundles
D:\Forex\10_EA_PROJECTS\0. Jobot\1000+ EA BOT MOGUL Bundles\MT5 (ex5)\Forex\1\1-21\1-21-14\1-21-14.html,1-21-14,html,BOT MOGUL Bundles
D:\Forex\10_EA_PROJECTS\0. Jobot\1000+ EA BOT MOGUL Bundles\MT5 (ex5)\Forex\1\1-21\1-21-17\1-21-17.html,1-21-17,html,BOT MOGUL Bundles
D:\Forex\10_EA_PROJECTS\0. Jobot\1000+ EA BOT MOGUL Bundles\MT5 (ex5)\Forex\1\1-21\1-21-18\1-21-18.html,1-21-18,html,BOT MOGUL Bundles
D:\Forex\10_EA_PROJECTS\0. Jobot\1000+ EA BOT MOGUL Bundles\MT5 (ex5)\Forex\1\1-21\1-21-19\1-21-19.html,1-21-19,html,BOT MOGUL Bundles
D:\Forex\10_EA_PROJECTS\0. Jobot\1000+ EA BOT MOGUL Bundles\MT5 (ex5)\Forex\1\1-21\1-21-2\1-21-2.html,1-21-2,html,BOT MOGUL Bundles
D:\Forex\10_EA_PROJECTS\0. Jobot\1000+ EA BOT MOGUL Bundles\MT5 (ex5)\Forex\1\1-21\1-21-20\1-21-20.html,1-21-20,html,BOT MOGUL Bundles
D:\Forex\10_EA_PROJECTS\0. Jobot\1000+ EA BOT MOGUL Bundles\MT5 (ex5)\Forex\1\1-21\1-21-21\1-21-21.html,1-21-21,html,BOT MOGUL Bundles
D:\Forex\10_EA_PROJECTS\0. Jobot\1000+ EA BOT MOGUL Bundles\MT5 (ex5)\Forex\1\1-21\1-21-22\1-21-22.html,1-21-22,html,BOT MOGUL Bundles
D:\Forex\10_EA_PROJECTS\0. Jobot\1000+ EA BOT MOGUL Bundles\MT5 (ex5)\Forex\1\1-21\1-21-23\1-21-23.html,1-21-23,html,BOT MOGUL Bundles
D:\Forex\10_EA_PROJECTS\0. Jobot\1000+ EA BOT MOGUL Bundles\MT5 (ex5)\Forex\1\1-21\1-21-24\1-21-24.html,1-21-24,html,BOT MOGUL Bundles
D:\Forex\10_EA_PROJECTS\0. Jobot\1000+ EA BOT MOGUL Bundles\MT5 (ex5)\Forex\1\1-21\1-21-26\1-21-26.html,1-21-26,html,BOT MOGUL Bundles
D:\Forex\10_EA_PROJECTS\0. Jobot\1000+ EA BOT MOGUL Bundles\MT5 (ex5)\Forex\1\1-21\1-21-29\1-21-29.html,1-21-29,html,BOT MOGUL Bundles
D:\Forex\10_EA_PROJECTS\0. Jobot\1000+ EA BOT MOGUL Bundles\MT5 (ex5)\Forex\1\1-21\1-21-3\1-18-3.html,1-21-3,html,BOT MOGUL Bundles
D:\Forex\10_EA_PROJECTS\0. Jobot\1000+ EA BOT MOGUL Bundles\MT5 (ex5)\Forex\1\1-21\1-21-30\1-21-30.html,1-21-30,html,BOT MOGUL Bundles
D:\Forex\10_EA_PROJECTS\0. Jobot\1000+ EA BOT MOGUL Bundles\MT5 (ex5)\Forex\1\1-21\1-21-33\1-21-33.html,1-21-33,html,BOT MOGUL Bundles
D:\Forex\10_EA_PROJECTS\0. Jobot\1000+ EA BOT MOGUL Bundles\MT5 (ex5)\Forex\1\1-21\1-21-34\1-21-34.html,1-21-34,html,BOT MOGUL Bundles
D:\Forex\10_EA_PROJECTS\0. Jobot\1000+ EA BOT MOGUL Bundles\MT5 (ex5)\Forex\1\1-21\1-21-35\1-21-35.html,1-21-35,html,BOT MOGUL Bundles
D:\Forex\10_EA_PROJECTS\0. Jobot\1000+ EA BOT MOGUL Bundles\MT5 (ex5)\Forex\1\1-21\1-21-37\1-21-37.html,1-21-37,html,BOT MOGUL Bundles
D:\Forex\10_EA_PROJECTS\0. Jobot\1000+ EA BOT MOGUL Bundles\MT5 (ex5)\Forex\1\1-21\1-21-5\1-21-5.html,1-21-5,html,BOT MOGUL Bundles
D:\Forex\10_EA_PROJECTS\0. Jobot\1000+ EA BOT MOGUL Bundles\MT5 (ex5)\Forex\1\1-21\1-21-6\1-21-6.html,1-21-6,html,BOT MOGUL Bundles
D:\Forex\10_EA_PROJECTS\0. Jobot\1000+ EA BOT MOGUL Bundles\MT5 (ex5)\Forex\1\1-21\1-21-7\1-21-7.html,1-21-7,html,BOT MOGUL Bundles
D:\Forex\10_EA_PROJECTS\0. Jobot\1000+ EA BOT MOGUL Bundles\MT5 (ex5)\Forex\1\1-21\1-21-8\1-21-8.html,1-21-8,html,BOT MOGUL Bundles
D:\Forex\10_EA_PROJECTS\0. Jobot\1000+ EA BOT MOGUL Bundles\MT5 (ex5)\Forex\1\1-21\1-21-9\1-21-9.html,1-21-9,html,BOT MOGUL Bundles
D:\Forex\10_EA_PROJECTS\0. Jobot\1000+ EA BOT MOGUL Bundles\MT5 (ex5)\Forex\1\1-22\1-22-1\1-22-1.html,1-22-1,html,BOT MOGUL Bundles
D:\Forex\10_EA_PROJECTS\0. Jobot\1000+ EA BOT MOGUL Bundles\MT5 (ex5)\Forex\1\1-22\1-22-13\1-22-13.html,1-22-13,html,BOT MOGUL Bundles
D:\Forex\10_EA_PROJECTS\0. Jobot\1000+ EA BOT MOGUL Bundles\MT5 (ex5)\Forex\1\1-22\1-22-14\1-22-14.html,1-22-14,html,BOT MOGUL Bundles
D:\Forex\10_EA_PROJECTS\0. Jobot\1000+ EA BOT MOGUL Bundles\MT5 (ex5)\Forex\1\1-22\1-22-16\1-22-16.html,1-22-16,html,BOT MOGUL Bundles
D:\Forex\10_EA_PROJECTS\0. Jobot\1000+ EA BOT MOGUL Bundles\MT5 (ex5)\Forex\1\1-22\1-22-17\1-22-17.html,1-22-17,html,BOT MOGUL Bundles
D:\Forex\10_EA_PROJECTS\0. Jobot\1000+ EA BOT MOGUL Bundles\MT5 (ex5)\Forex\1\1-22\1-22-18\1-22-18.html,1-22-18,html,BOT MOGUL Bundles
D:\Forex\10_EA_PROJECTS\0. Jobot\1000+ EA BOT MOGUL Bundles\MT5 (ex5)\Forex\1\1-22\1-22-19\1-22-19.html,1-22-19,html,BOT MOGUL Bundles
D:\Forex\10_EA_PROJECTS\0. Jobot\1000+ EA BOT MOGUL Bundles\MT5 (ex5)\Forex\1\1-22\1-22-2\1-22-2.html,1-22-2,html,BOT MOGUL Bundles
D:\Forex\10_EA_PROJECTS\0. Jobot\1000+ EA BOT MOGUL Bundles\MT5 (ex5)\Forex\1\1-22\1-22-20\1-22-20.html,1-22-20,html,BOT MOGUL Bundles
D:\Forex\10_EA_PROJECTS\0. Jobot\1000+ EA BOT MOGUL Bundles\MT5 (ex5)\Forex\1\1-22\1-22-21\1-22-21.html,1-22-21,html,BOT MOGUL Bundles
D:\Forex\10_EA_PROJECTS\0. Jobot\1000+ EA BOT MOGUL Bundles\MT5 (ex5)\Forex\1\1-22\1-22-22\1-22-22.html,1-22-22,html,BOT MOGUL Bundles
D:\Forex\10_EA_PROJECTS\0. Jobot\1000+ EA BOT MOGUL Bundles\MT5 (ex5)\Forex\1\1-22\1-22-23\1-22-23.html,1-22-23,html,BOT MOGUL Bundles
D:\Forex\10_EA_PROJECTS\0. Jobot\1000+ EA BOT MOGUL Bundles\MT5 (ex5)\Forex\1\1-22\1-22-24\1-22-24.html,1-22-24,html,BOT MOGUL Bundles
D:\Forex\10_EA_PROJECTS\0. Jobot\1000+ EA BOT MOGUL Bundles\MT5 (ex5)\Forex\1\1-22\1-22-26\1-22-26.html,1-22-26,html,BOT MOGUL Bundles
D:\Forex\10_EA_PROJECTS\0. Jobot\1000+ EA BOT MOGUL Bundles\MT5 (ex5)\Forex\1\1-22\1-22-29\1-22-29.html,1-22-29,html,BOT MOGUL Bundles
D:\Forex\10_EA_PROJECTS\0. Jobot\1000+ EA BOT MOGUL Bundles\MT5 (ex5)\Forex\1\1-22\1-22-3\1-22-3.html,1-22-3,html,BOT MOGUL Bundles
D:\Forex\10_EA_PROJECTS\0. Jobot\1000+ EA BOT MOGUL Bundles\MT5 (ex5)\Forex\1\1-22\1-22-30\1-22-30.html,1-22-30,html,BOT MOGUL Bundles
D:\Forex\10_EA_PROJECTS\0. Jobot\1000+ EA BOT MOGUL Bundles\MT5 (ex5)\Forex\1\1-22\1-22-31\1-22-31.html,1-22-31,html,BOT MOGUL Bundles
D:\Forex\10_EA_PROJECTS\0. Jobot\1000+ EA BOT MOGUL Bundles\MT5 (ex5)\Forex\1\1-22\1-22-33\1-22-33.html,1-22-33,html,BOT MOGUL Bundles
D:\Forex\10_EA_PROJECTS\0. Jobot\1000+ EA BOT MOGUL Bundles\MT5 (ex5)\Forex\1\1-22\1-22-34\1-22-34.html,1-22-34,html,BOT MOGUL Bundles
D:\Forex\10_EA_PROJECTS\0. Jobot\1000+ EA BOT MOGUL Bundles\MT5 (ex5)\Forex\1\1-22\1-22-35\1-22-35.html,1-22-35,html,BOT MOGUL Bundles
D:\Forex\10_EA_PROJECTS\0. Jobot\1000+ EA BOT MOGUL Bundles\MT5 (ex5)\Forex\1\1-22\1-22-36\1-22-36.html,1-22-36,html,BOT MOGUL Bundles
D:\Forex\10_EA_PROJECTS\0. Jobot\1000+ EA BOT MOGUL Bundles\MT5 (ex5)\Forex\1\1-22\1-22-37\1-22-37.html,1-22-37,html,BOT MOGUL Bundles
D:\Forex\10_EA_PROJECTS\0. Jobot\1000+ EA BOT MOGUL Bundles\MT5 (ex5)\Forex\1\1-22\1-22-4\1-22-4.html,1-22-4,html,BOT MOGUL Bundles
D:\Forex\10_EA_PROJECTS\0. Jobot\1000+ EA BOT MOGUL Bundles\MT5 (ex5)\Forex\1\1-22\1-22-5\1-22-5.html,1-22-5,html,BOT MOGUL Bundles
D:\Forex\10_EA_PROJECTS\0. Jobot\1000+ EA BOT MOGUL Bundles\MT5 (ex5)\Forex\1\1-22\1-22-6\1-22-6.html,1-22-6,html,BOT MOGUL Bundles
D:\Forex\10_EA_PROJECTS\0. Jobot\1000+ EA BOT MOGUL Bundles\MT5 (ex5)\Forex\1\1-22\1-22-7\1-22-7.html,1-22-7,html,BOT MOGUL Bundles
D:\Forex\10_EA_PROJECTS\0. Jobot\1000+ EA BOT MOGUL Bundles\MT5 (ex5)\Forex\1\1-22\1-22-8\1-22-8.html,1-22-8,html,BOT MOGUL Bundles
D:\Forex\10_EA_PROJECTS\0. Jobot\1000+ EA BOT MOGUL Bundles\MT5 (ex5)\Forex\1\1-22\1-22-9\1-22-9.html,1-22-9,html,BOT MOGUL Bundles
D:\Forex\10_EA_PROJECTS\0. Jobot\1000+ EA BOT MOGUL Bundles\MT5 (ex5)\Forex\2\2-1\MG-211\ReportTester-5029898263.html,MG-211,html,BOT MOGUL Bundles
D:\Forex\10_EA_PROJECTS\0. Jobot\1000+ EA BOT MOGUL Bundles\MT5 (ex5)\Forex\2\2-1\MG-212\ReportTester-5029898263.html,MG-212,html,BOT MOGUL Bundles
D:\Forex\10_EA_PROJECTS\0. Jobot\1000+ EA BOT MOGUL Bundles\MT5 (ex5)\Forex\4\4-1\4-1-1\4-1-1.html,4-1-1,html,BOT MOGUL Bundles
D:\Forex\10_EA_PROJECTS\0. Jobot\1000+ EA BOT MOGUL Bundles\MT5 (ex5)\Forex\4\4-1\4-1-13\4-1-13.html,4-1-13,html,BOT MOGUL Bundles
D:\Forex\10_EA_PROJECTS\0. Jobot\1000+ EA BOT MOGUL Bundles\MT5 (ex5)\Forex\4\4-1\4-1-14\4-1-14.html,4-1-14,html,BOT MOGUL Bundles
D:\Forex\10_EA_PROJECTS\0. Jobot\1000+ EA BOT MOGUL Bundles\MT5 (ex5)\Forex\4\4-1\4-1-16\4-1-16.html,4-1-16,html,BOT MOGUL Bundles
D:\Forex\10_EA_PROJECTS\0. Jobot\1000+ EA BOT MOGUL Bundles\MT5 (ex5)\Forex\4\4-1\4-1-17\4-1-17.html,4-1-17,html,BOT MOGUL Bundles
D:\Forex\10_EA_PROJECTS\0. Jobot\1000+ EA BOT MOGUL Bundles\MT5 (ex5)\Forex\4\4-1\4-1-18\4-1-18.html,4-1-18,html,BOT MOGUL Bundles
D:\Forex\10_EA_PROJECTS\0. Jobot\1000+ EA BOT MOGUL Bundles\MT5 (ex5)\Forex\4\4-1\4-1-19\4-1-19.html,4-1-19,html,BOT MOGUL Bundles
D:\Forex\10_EA_PROJECTS\0. Jobot\1000+ EA BOT MOGUL Bundles\MT5 (ex5)\Forex\4\4-1\4-1-2\4-1-2.html,4-1-2,html,BOT MOGUL Bundles
D:\Forex\10_EA_PROJECTS\0. Jobot\1000+ EA BOT MOGUL Bundles\MT5 (ex5)\Forex\4\4-1\4-1-20\4-1-20.html,4-1-20,html,BOT MOGUL Bundles
D:\Forex\10_EA_PROJECTS\0. Jobot\1000+ EA BOT MOGUL Bundles\MT5 (ex5)\Forex\4\4-1\4-1-21\4-1-21.html,4-1-21,html,BOT MOGUL Bundles
D:\Forex\10_EA_PROJECTS\0. Jobot\1000+ EA BOT MOGUL Bundles\MT5 (ex5)\Forex\4\4-1\4-1-22\4-1-22.html,4-1-22,html,BOT MOGUL Bundles
D:\Forex\10_EA_PROJECTS\0. Jobot\1000+ EA BOT MOGUL Bundles\MT5 (ex5)\Forex\4\4-1\4-1-23\4-1-23.html,4-1-23,html,BOT MOGUL Bundles
D:\Forex\10_EA_PROJECTS\0. Jobot\1000+ EA BOT MOGUL Bundles\MT5 (ex5)\Forex\4\4-1\4-1-24\4-1-24.html,4-1-24,html,BOT MOGUL Bundles
D:\Forex\10_EA_PROJECTS\0. Jobot\1000+ EA BOT MOGUL Bundles\MT5 (ex5)\Forex\4\4-1\4-1-26\4-1-26.html,4-1-26,html,BOT MOGUL Bundles
D:\Forex\10_EA_PROJECTS\0. Jobot\1000+ EA BOT MOGUL Bundles\MT5 (ex5)\Forex\4\4-1\4-1-29\4-1-29.html,4-1-29,html,BOT MOGUL Bundles
D:\Forex\10_EA_PROJECTS\0. Jobot\1000+ EA BOT MOGUL Bundles\MT5 (ex5)\Forex\4\4-1\4-1-3\4-1-3.html,4-1-3,html,BOT MOGUL Bundles
D:\Forex\10_EA_PROJECTS\0. Jobot\1000+ EA BOT MOGUL Bundles\MT5 (ex5)\Forex\4\4-1\4-1-30\4-1-30.html,4-1-30,html,BOT MOGUL Bundles
D:\Forex\10_EA_PROJECTS\0. Jobot\1000+ EA BOT MOGUL Bundles\MT5 (ex5)\Forex\4\4-1\4-1-31\4-1-31.html,4-1-31,html,BOT MOGUL Bundles
D:\Forex\10_EA_PROJECTS\0. Jobot\1000+ EA BOT MOGUL Bundles\MT5 (ex5)\Forex\4\4-1\4-1-33\4-1-33.html,4-1-33,html,BOT MOGUL Bundles
D:\Forex\10_EA_PROJECTS\0. Jobot\1000+ EA BOT MOGUL Bundles\MT5 (ex5)\Forex\4\4-1\4-1-34\4-1-34.html,4-1-34,html,BOT MOGUL Bundles
D:\Forex\10_EA_PROJECTS\0. Jobot\1000+ EA BOT MOGUL Bundles\MT5 (ex5)\Forex\4\4-1\4-1-35\4-1-35.html,4-1-35,html,BOT MOGUL Bundles
D:\Forex\10_EA_PROJECTS\0. Jobot\1000+ EA BOT MOGUL Bundles\MT5 (ex5)\Forex\4\4-1\4-1-36\4-1-36.html,4-1-36,html,BOT MOGUL Bundles
D:\Forex\10_EA_PROJECTS\0. Jobot\1000+ EA BOT MOGUL Bundles\MT5 (ex5)\Forex\4\4-1\4-1-37\4-1-37.html,4-1-37,html,BOT MOGUL Bundles
D:\Forex\10_EA_PROJECTS\0. Jobot\1000+ EA BOT MOGUL Bundles\MT5 (ex5)\Forex\4\4-1\4-1-4\4-1-4.html,4-1-4,html,BOT MOGUL Bundles
D:\Forex\10_EA_PROJECTS\0. Jobot\1000+ EA BOT MOGUL Bundles\MT5 (ex5)\Forex\4\4-1\4-1-5\4-1-5.html,4-1-5,html,BOT MOGUL Bundles
D:\Forex\10_EA_PROJECTS\0. Jobot\1000+ EA BOT MOGUL Bundles\MT5 (ex5)\Forex\4\4-1\4-1-6\4-1-6.html,4-1-6,html,BOT MOGUL Bundles
D:\Forex\10_EA_PROJECTS\0. Jobot\1000+ EA BOT MOGUL Bundles\MT5 (ex5)\Forex\4\4-1\4-1-7\4-1-7.html,4-1-7,html,BOT MOGUL Bundles
D:\Forex\10_EA_PROJECTS\0. Jobot\1000+ EA BOT MOGUL Bundles\MT5 (ex5)\Forex\4\4-1\4-1-8\4-1-8.html,4-1-8,html,BOT MOGUL Bundles
D:\Forex\10_EA_PROJECTS\0. Jobot\1000+ EA BOT MOGUL Bundles\MT5 (ex5)\Forex\4\4-1\4-1-9\4-1-9.html,4-1-9,html,BOT MOGUL Bundles
D:\Forex\10_EA_PROJECTS\0. Jobot\1000+ EA BOT MOGUL Bundles\MT5 (ex5)\Forex\4\4-2\4-2-1\4-2-1.html,4-2-1,html,BOT MOGUL Bundles
D:\Forex\10_EA_PROJECTS\0. Jobot\1000+ EA BOT MOGUL Bundles\MT5 (ex5)\Forex\4\4-2\4-2-13\4-2-13.html,4-2-13,html,BOT MOGUL Bundles
D:\Forex\10_EA_PROJECTS\0. Jobot\1000+ EA BOT MOGUL Bundles\MT5 (ex5)\Forex\4\4-2\4-2-14\4-2-14.html,4-2-14,html,BOT MOGUL Bundles
D:\Forex\10_EA_PROJECTS\0. Jobot\1000+ EA BOT MOGUL Bundles\MT5 (ex5)\Forex\4\4-2\4-2-16\4-2-16.html,4-2-16,html,BOT MOGUL Bundles
D:\Forex\10_EA_PROJECTS\0. Jobot\1000+ EA BOT MOGUL Bundles\MT5 (ex5)\Forex\4\4-2\4-2-17\4-2-17.html,4-2-17,html,BOT MOGUL Bundles
D:\Forex\10_EA_PROJECTS\0. Jobot\1000+ EA BOT MOGUL Bundles\MT5 (ex5)\Forex\4\4-2\4-2-18\4-2-18.html,4-2-18,html,BOT MOGUL Bundles
D:\Forex\10_EA_PROJECTS\0. Jobot\1000+ EA BOT MOGUL Bundles\MT5 (ex5)\Forex\4\4-2\4-2-19\4-2-19.html,4-2-19,html,BOT MOGUL Bundles
D:\Forex\10_EA_PROJECTS\0. Jobot\1000+ EA BOT MOGUL Bundles\MT5 (ex5)\Forex\4\4-2\4-2-2\4-2-2.html,4-2-2,html,BOT MOGUL Bundles
D:\Forex\10_EA_PROJECTS\0. Jobot\1000+ EA BOT MOGUL Bundles\MT5 (ex5)\Forex\4\4-2\4-2-20\4-2-20.html,4-2-20,html,BOT MOGUL Bundles
D:\Forex\10_EA_PROJECTS\0. Jobot\1000+ EA BOT MOGUL Bundles\MT5 (ex5)\Forex\4\4-2\4-2-21\4-2-21.html,4-2-21,html,BOT MOGUL Bundles
D:\Forex\10_EA_PROJECTS\0. Jobot\1000+ EA BOT MOGUL Bundles\MT5 (ex5)\Forex\4\4-2\4-2-22\4-2-22.html,4-2-22,html,BOT MOGUL Bundles
D:\Forex\10_EA_PROJECTS\0. Jobot\1000+ EA BOT MOGUL Bundles\MT5 (ex5)\Forex\4\4-2\4-2-23\4-2-23.html,4-2-23,html,BOT MOGUL Bundles
D:\Forex\10_EA_PROJECTS\0. Jobot\1000+ EA BOT MOGUL Bundles\MT5 (ex5)\Forex\4\4-2\4-2-24\4-2-24.html,4-2-24,html,BOT MOGUL Bundles
D:\Forex\10_EA_PROJECTS\0. Jobot\1000+ EA BOT MOGUL Bundles\MT5 (ex5)\Forex\4\4-2\4-2-26\4-2-26.html,4-2-26,html,BOT MOGUL Bundles
D:\Forex\10_EA_PROJECTS\0. Jobot\1000+ EA BOT MOGUL Bundles\MT5 (ex5)\Forex\4\4-2\4-2-29\4-2-29.html,4-2-29,html,BOT MOGUL Bundles
D:\Forex\10_EA_PROJECTS\0. Jobot\1000+ EA BOT MOGUL Bundles\MT5 (ex5)\Forex\4\4-2\4-2-3\4-2-3.html,4-2-3,html,BOT MOGUL Bundles
D:\Forex\10_EA_PROJECTS\0. Jobot\1000+ EA BOT MOGUL Bundles\MT5 (ex5)\Forex\4\4-2\4-2-30\4-2-30.html,4-2-30,html,BOT MOGUL Bundles
D:\Forex\10_EA_PROJECTS\0. Jobot\1000+ EA BOT MOGUL Bundles\MT5 (ex5)\Forex\4\4-2\4-2-31\4-2-31.html,4-2-31,html,BOT MOGUL Bundles
D:\Forex\10_EA_PROJECTS\0. Jobot\1000+ EA BOT MOGUL Bundles\MT5 (ex5)\Forex\4\4-2\4-2-33\4-2-33.html,4-2-33,html,BOT MOGUL Bundles
D:\Forex\10_EA_PROJECTS\0. Jobot\1000+ EA BOT MOGUL Bundles\MT5 (ex5)\Forex\4\4-2\4-2-34\4-2-34.html,4-2-34,html,BOT MOGUL Bundles
D:\Forex\10_EA_PROJECTS\0. Jobot\1000+ EA BOT MOGUL Bundles\MT5 (ex5)\Forex\4\4-2\4-2-35\4-2-35.html,4-2-35,html,BOT MOGUL Bundles
D:\Forex\10_EA_PROJECTS\0. Jobot\1000+ EA BOT MOGUL Bundles\MT5 (ex5)\Forex\4\4-2\4-2-36\4-2-36.html,4-2-36,html,BOT MOGUL Bundles
D:\Forex\10_EA_PROJECTS\0. Jobot\1000+ EA BOT MOGUL Bundles\MT5 (ex5)\Forex\4\4-2\4-2-37\4-2-37.html,4-2-37,html,BOT MOGUL Bundles
D:\Forex\10_EA_PROJECTS\0. Jobot\1000+ EA BOT MOGUL Bundles\MT5 (ex5)\Forex\4\4-2\4-2-4\4-2-4.html,4-2-4,html,BOT MOGUL Bundles
D:\Forex\10_EA_PROJECTS\0. Jobot\1000+ EA BOT MOGUL Bundles\MT5 (ex5)\Forex\4\4-2\4-2-5\4-2-5.html,4-2-5,html,BOT MOGUL Bundles
D:\Forex\10_EA_PROJECTS\0. Jobot\1000+ EA BOT MOGUL Bundles\MT5 (ex5)\Forex\4\4-2\4-2-6\4-2-6.html,4-2-6,html,BOT MOGUL Bundles
D:\Forex\10_EA_PROJECTS\0. Jobot\1000+ EA BOT MOGUL Bundles\MT5 (ex5)\Forex\4\4-2\4-2-7\4-2-7.html,4-2-7,html,BOT MOGUL Bundles
D:\Forex\10_EA_PROJECTS\0. Jobot\1000+ EA BOT MOGUL Bundles\MT5 (ex5)\Forex\4\4-2\4-2-8\4-2-8.html,4-2-8,html,BOT MOGUL Bundles
D:\Forex\10_EA_PROJECTS\0. Jobot\1000+ EA BOT MOGUL Bundles\MT5 (ex5)\Forex\4\4-2\4-2-9\4-2-9.html,4-2-9,html,BOT MOGUL Bundles
D:\Forex\10_EA_PROJECTS\0. Jobot\1000+ EA BOT MOGUL Bundles\MT5 (ex5)\Forex\4\4-3\4-3-1\4-3-1.html,4-3-1,html,BOT MOGUL Bundles
D:\Forex\10_EA_PROJECTS\0. Jobot\1000+ EA BOT MOGUL Bundles\MT5 (ex5)\Forex\4\4-3\4-3-13\4-3-13.html,4-3-13,html,BOT MOGUL Bundles
D:\Forex\10_EA_PROJECTS\0. Jobot\1000+ EA BOT MOGUL Bundles\MT5 (ex5)\Forex\4\4-3\4-3-14\4-3-14.html,4-3-14,html,BOT MOGUL Bundles
D:\Forex\10_EA_PROJECTS\0. Jobot\1000+ EA BOT MOGUL Bundles\MT5 (ex5)\Forex\4\4-3\4-3-16\4-3-16.html,4-3-16,html,BOT MOGUL Bundles
D:\Forex\10_EA_PROJECTS\0. Jobot\1000+ EA BOT MOGUL Bundles\MT5 (ex5)\Forex\4\4-3\4-3-17\4-3-17.html,4-3-17,html,BOT MOGUL Bundles
D:\Forex\10_EA_PROJECTS\0. Jobot\1000+ EA BOT MOGUL Bundles\MT5 (ex5)\Forex\4\4-3\4-3-18\4-3-18.html,4-3-18,html,BOT MOGUL Bundles
D:\Forex\10_EA_PROJECTS\0. Jobot\1000+ EA BOT MOGUL Bundles\MT5 (ex5)\Forex\4\4-3\4-3-19\4-3-19.html,4-3-19,html,BOT MOGUL Bundles
D:\Forex\10_EA_PROJECTS\0. Jobot\1000+ EA BOT MOGUL Bundles\MT5 (ex5)\Forex\4\4-3\4-3-2\4-3-2.html,4-3-2,html,BOT MOGUL Bundles
D:\Forex\10_EA_PROJECTS\0. Jobot\1000+ EA BOT MOGUL Bundles\MT5 (ex5)\Forex\4\4-3\4-3-20\4-3-20.html,4-3-20,html,BOT MOGUL Bundles
D:\Forex\10_EA_PROJECTS\0. Jobot\1000+ EA BOT MOGUL Bundles\MT5 (ex5)\Forex\4\4-3\4-3-21\4-3-21.html,4-3-21,html,BOT MOGUL Bundles
D:\Forex\10_EA_PROJECTS\0. Jobot\1000+ EA BOT MOGUL Bundles\MT5 (ex5)\Forex\4\4-3\4-3-22\4-3-22.html,4-3-22,html,BOT MOGUL Bundles
D:\Forex\10_EA_PROJECTS\0. Jobot\1000+ EA BOT MOGUL Bundles\MT5 (ex5)\Forex\4\4-3\4-3-23\4-3-23.html,4-3-23,html,BOT MOGUL Bundles
D:\Forex\10_EA_PROJECTS\0. Jobot\1000+ EA BOT MOGUL Bundles\MT5 (ex5)\Forex\4\4-3\4-3-24\4-3-24.html,4-3-24,html,BOT MOGUL Bundles
D:\Forex\10_EA_PROJECTS\0. Jobot\1000+ EA BOT MOGUL Bundles\MT5 (ex5)\Forex\4\4-3\4-3-26\4-3-26.html,4-3-26,html,BOT MOGUL Bundles
D:\Forex\10_EA_PROJECTS\0. Jobot\1000+ EA BOT MOGUL Bundles\MT5 (ex5)\Forex\4\4-3\4-3-29\4-3-29.html,4-3-29,html,BOT MOGUL Bundles
D:\Forex\10_EA_PROJECTS\0. Jobot\1000+ EA BOT MOGUL Bundles\MT5 (ex5)\Forex\4\4-3\4-3-3\4-3-3.html,4-3-3,html,BOT MOGUL Bundles
D:\Forex\10_EA_PROJECTS\0. Jobot\1000+ EA BOT MOGUL Bundles\MT5 (ex5)\Forex\4\4-3\4-3-30\4-3-30.html,4-3-30,html,BOT MOGUL Bundles
D:\Forex\10_EA_PROJECTS\0. Jobot\1000+ EA BOT MOGUL Bundles\MT5 (ex5)\Forex\4\4-3\4-3-31\4-3-31.html,4-3-31,html,BOT MOGUL Bundles
D:\Forex\10_EA_PROJECTS\0. Jobot\1000+ EA BOT MOGUL Bundles\MT5 (ex5)\Forex\4\4-3\4-3-33\4-3-33.html,4-3-33,html,BOT MOGUL Bundles
D:\Forex\10_EA_PROJECTS\0. Jobot\1000+ EA BOT MOGUL Bundles\MT5 (ex5)\Forex\4\4-3\4-3-34\4-3-34.html,4-3-34,html,BOT MOGUL Bundles
D:\Forex\10_EA_PROJECTS\0. Jobot\1000+ EA BOT MOGUL Bundles\MT5 (ex5)\Forex\4\4-3\4-3-35\4-3-35.html,4-3-35,html,BOT MOGUL Bundles
D:\Forex\10_EA_PROJECTS\0. Jobot\1000+ EA BOT MOGUL Bundles\MT5 (ex5)\Forex\4\4-3\4-3-36\4-3-36.html,4-3-36,html,BOT MOGUL Bundles
D:\Forex\10_EA_PROJECTS\0. Jobot\1000+ EA BOT MOGUL Bundles\MT5 (ex5)\Forex\4\4-3\4-3-37\4-3-37.html,4-3-37,html,BOT MOGUL Bundles
D:\Forex\10_EA_PROJECTS\0. Jobot\1000+ EA BOT MOGUL Bundles\MT5 (ex5)\Forex\4\4-3\4-3-4\4-3-4.html,4-3-4,html,BOT MOGUL Bundles
D:\Forex\10_EA_PROJECTS\0. Jobot\1000+ EA BOT MOGUL Bundles\MT5 (ex5)\Forex\4\4-3\4-3-5\4-3-5.html,4-3-5,html,BOT MOGUL Bundles
D:\Forex\10_EA_PROJECTS\0. Jobot\1000+ EA BOT MOGUL Bundles\MT5 (ex5)\Forex\4\4-3\4-3-6\4-3-6.html,4-3-6,html,BOT MOGUL Bundles
D:\Forex\10_EA_PROJECTS\0. Jobot\1000+ EA BOT MOGUL Bundles\MT5 (ex5)\Forex\4\4-3\4-3-7\4-3-7.html,4-3-7,html,BOT MOGUL Bundles
D:\Forex\10_EA_PROJECTS\0. Jobot\1000+ EA BOT MOGUL Bundles\MT5 (ex5)\Forex\4\4-3\4-3-8\4-3-8.html,4-3-8,html,BOT MOGUL Bundles
D:\Forex\10_EA_PROJECTS\0. Jobot\1000+ EA BOT MOGUL Bundles\MT5 (ex5)\Forex\4\4-3\4-3-9\4-3-9.html,4-3-9,html,BOT MOGUL Bundles
D:\Forex\10_EA_PROJECTS\0. Jobot\1000+ EA BOT MOGUL Bundles\MT5 (ex5)\Forex\4\4-4\4-4-1\4-4-1.html,4-4-1,html,BOT MOGUL Bundles
D:\Forex\10_EA_PROJECTS\0. Jobot\1000+ EA BOT MOGUL Bundles\MT5 (ex5)\Forex\4\4-4\4-4-13\4-4-13.html,4-4-13,html,BOT MOGUL Bundles
D:\Forex\10_EA_PROJECTS\0. Jobot\1000+ EA BOT MOGUL Bundles\MT5 (ex5)\Forex\4\4-4\4-4-14\4-4-14.html,4-4-14,html,BOT MOGUL Bundles
D:\Forex\10_EA_PROJECTS\0. Jobot\1000+ EA BOT MOGUL Bundles\MT5 (ex5)\Forex\4\4-4\4-4-16\4-4-16.html,4-4-16,html,BOT MOGUL Bundles
D:\Forex\10_EA_PROJECTS\0. Jobot\1000+ EA BOT MOGUL Bundles\MT5 (ex5)\Forex\4\4-4\4-4-17\4-4-17.html,4-4-17,html,BOT MOGUL Bundles
D:\Forex\10_EA_PROJECTS\0. Jobot\1000+ EA BOT MOGUL Bundles\MT5 (ex5)\Forex\4\4-4\4-4-18\4-4-18.html,4-4-18,html,BOT MOGUL Bundles
D:\Forex\10_EA_PROJECTS\0. Jobot\1000+ EA BOT MOGUL Bundles\MT5 (ex5)\Forex\4\4-4\4-4-19\4-4-19.html,4-4-19,html,BOT MOGUL Bundles
D:\Forex\10_EA_PROJECTS\0. Jobot\1000+ EA BOT MOGUL Bundles\MT5 (ex5)\Forex\4\4-4\4-4-2\4-4-2.html,4-4-2,html,BOT MOGUL Bundles
D:\Forex\10_EA_PROJECTS\0. Jobot\1000+ EA BOT MOGUL Bundles\MT5 (ex5)\Forex\4\4-4\4-4-20\4-4-20.html,4-4-20,html,BOT MOGUL Bundles
D:\Forex\10_EA_PROJECTS\0. Jobot\1000+ EA BOT MOGUL Bundles\MT5 (ex5)\Forex\4\4-4\4-4-21\4-4-21.html,4-4-21,html,BOT MOGUL Bundles
D:\Forex\10_EA_PROJECTS\0. Jobot\1000+ EA BOT MOGUL Bundles\MT5 (ex5)\Forex\4\4-4\4-4-22\4-4-22.html,4-4-22,html,BOT MOGUL Bundles
D:\Forex\10_EA_PROJECTS\0. Jobot\1000+ EA BOT MOGUL Bundles\MT5 (ex5)\Forex\4\4-4\4-4-23\4-4-23.html,4-4-23,html,BOT MOGUL Bundles
D:\Forex\10_EA_PROJECTS\0. Jobot\1000+ EA BOT MOGUL Bundles\MT5 (ex5)\Forex\4\4-4\4-4-24\4-4-24.html,4-4-24,html,BOT MOGUL Bundles
D:\Forex\10_EA_PROJECTS\0. Jobot\1000+ EA BOT MOGUL Bundles\MT5 (ex5)\Forex\4\4-4\4-4-26\4-4-26.html,4-4-26,html,BOT MOGUL Bundles
D:\Forex\10_EA_PROJECTS\0. Jobot\1000+ EA BOT MOGUL Bundles\MT5 (ex5)\Forex\4\4-4\4-4-29\4-4-29.html,4-4-29,html,BOT MOGUL Bundles
D:\Forex\10_EA_PROJECTS\0. Jobot\1000+ EA BOT MOGUL Bundles\MT5 (ex5)\Forex\4\4-4\4-4-3\4-4-3.html,4-4-3,html,BOT MOGUL Bundles
D:\Forex\10_EA_PROJECTS\0. Jobot\1000+ EA BOT MOGUL Bundles\MT5 (ex5)\Forex\4\4-4\4-4-30\4-4-30.html,4-4-30,html,BOT MOGUL Bundles
D:\Forex\10_EA_PROJECTS\0. Jobot\1000+ EA BOT MOGUL Bundles\MT5 (ex5)\Forex\4\4-4\4-4-31\4-4-31.html,4-4-31,html,BOT MOGUL Bundles
D:\Forex\10_EA_PROJECTS\0. Jobot\1000+ EA BOT MOGUL Bundles\MT5 (ex5)\Forex\4\4-4\4-4-33\4-4-33.html,4-4-33,html,BOT MOGUL Bundles
D:\Forex\10_EA_PROJECTS\0. Jobot\1000+ EA BOT MOGUL Bundles\MT5 (ex5)\Forex\4\4-4\4-4-34\4-4-34.html,4-4-34,html,BOT MOGUL Bundles
D:\Forex\10_EA_PROJECTS\0. Jobot\1000+ EA BOT MOGUL Bundles\MT5 (ex5)\Forex\4\4-4\4-4-35\4-4-35.html,4-4-35,html,BOT MOGUL Bundles
D:\Forex\10_EA_PROJECTS\0. Jobot\1000+ EA BOT MOGUL Bundles\MT5 (ex5)\Forex\4\4-4\4-4-36\4-4-36.html,4-4-36,html,BOT MOGUL Bundles
D:\Forex\10_EA_PROJECTS\0. Jobot\1000+ EA BOT MOGUL Bundles\MT5 (ex5)\Forex\4\4-4\4-4-37\4-4-37.html,4-4-37,html,BOT MOGUL Bundles
D:\Forex\10_EA_PROJECTS\0. Jobot\1000+ EA BOT MOGUL Bundles\MT5 (ex5)\Forex\4\4-4\4-4-4\4-4-4.html,4-4-4,html,BOT MOGUL Bundles
D:\Forex\10_EA_PROJECTS\0. Jobot\1000+ EA BOT MOGUL Bundles\MT5 (ex5)\Forex\4\4-4\4-4-5\4-4-5.html,4-4-5,html,BOT MOGUL Bundles
D:\Forex\10_EA_PROJECTS\0. Jobot\1000+ EA BOT MOGUL Bundles\MT5 (ex5)\Forex\4\4-4\4-4-6\4-4-6.html,4-4-6,html,BOT MOGUL Bundles
D:\Forex\10_EA_PROJECTS\0. Jobot\1000+ EA BOT MOGUL Bundles\MT5 (ex5)\Forex\4\4-4\4-4-7\4-4-7.html,4-4-7,html,BOT MOGUL Bundles
D:\Forex\10_EA_PROJECTS\0. Jobot\1000+ EA BOT MOGUL Bundles\MT5 (ex5)\Forex\4\4-4\4-4-8\4-4-8.html,4-4-8,html,BOT MOGUL Bundles
D:\Forex\10_EA_PROJECTS\0. Jobot\1000+ EA BOT MOGUL Bundles\MT5 (ex5)\Forex\4\4-4\4-4-9\4-4-9.html,4-4-9,html,BOT MOGUL Bundles
D:\Forex\10_EA_PROJECTS\0. Jobot\1000+ EA BOT MOGUL Bundles\MT5 (ex5)\THS\2\201\201.1\201.1.1\202.1.1.html,201.1.1,html,BOT MOGUL Bundles
D:\Forex\10_EA_PROJECTS\0. Jobot\1000+ EA BOT MOGUL Bundles\MT5 (ex5)\THS\2\201\201.1\201.1.4\201.1.4.html,201.1.4,html,BOT MOGUL Bundles
D:\Forex\10_EA_PROJECTS\0. Jobot\1000+ EA BOT MOGUL Bundles\MT5 (ex5)\THS\2\201\201.1\201.1.5\201.1.5.html,201.1.5,html,BOT MOGUL Bundles
D:\Forex\10_EA_PROJECTS\0. Jobot\1000+ EA BOT MOGUL Bundles\MT5 (ex5)\THS\2\201\201.1\201.1.6\201.1.6.html,201.1.6,html,BOT MOGUL Bundles
D:\Forex\10_EA_PROJECTS\0. Jobot\1000+ EA BOT MOGUL Bundles\MT5 (ex5)\THS\2\201\201.2\201.2.2\201.2.2.html,201.2.2,html,BOT MOGUL Bundles
D:\Forex\10_EA_PROJECTS\0. Jobot\1000+ EA BOT MOGUL Bundles\MT5 (ex5)\THS\2\201\201.2\201.2.3\201.2.3.html,201.2.3,html,BOT MOGUL Bundles
D:\Forex\10_EA_PROJECTS\0. Jobot\1000+ EA BOT MOGUL Bundles\MT5 (ex5)\THS\2\201\201.2\201.2.4\201.2.4.html,201.2.4,html,BOT MOGUL Bundles
D:\Forex\10_EA_PROJECTS\0. Jobot\1000+ EA BOT MOGUL Bundles\MT5 (ex5)\THS\2\201\201.2\201.2.5\201.2.5.html,201.2.5,html,BOT MOGUL Bundles
D:\Forex\10_EA_PROJECTS\0. Jobot\1000+ EA BOT MOGUL Bundles\MT5 (ex5)\THS\2\201\201.2\201.2.6\201.2.6.html,201.2.6,html,BOT MOGUL Bundles
D:\Forex\10_EA_PROJECTS\0. Jobot\1000+ EA BOT MOGUL Bundles\MT5 (ex5)\THS\2\201\201.3\201.3.3\201.3.3.html,201.3.3,html,BOT MOGUL Bundles
D:\Forex\10_EA_PROJECTS\0. Jobot\1000+ EA BOT MOGUL Bundles\MT5 (ex5)\THS\2\201\201.3\201.3.4\201.3.4.html,201.3.4,html,BOT MOGUL Bundles
D:\Forex\10_EA_PROJECTS\0. Jobot\1000+ EA BOT MOGUL Bundles\MT5 (ex5)\THS\2\201\201.3\201.3.5\201.3.5.html,201.3.5,html,BOT MOGUL Bundles
D:\Forex\10_EA_PROJECTS\0. Jobot\1000+ EA BOT MOGUL Bundles\MT5 (ex5)\THS\2\201\201.3\201.3.6\201.3.6.html,201.3.6,html,BOT MOGUL Bundles
D:\Forex\10_EA_PROJECTS\0. Jobot\1000+ EA BOT MOGUL Bundles\MT5 (ex5)\THS\2\201\201.4\201.4.1\201.4.1.html,201.4.1,html,BOT MOGUL Bundles
D:\Forex\10_EA_PROJECTS\0. Jobot\1000+ EA BOT MOGUL Bundles\MT5 (ex5)\THS\2\201\201.4\201.4.2\201.4.2.html,201.4.2,html,BOT MOGUL Bundles
D:\Forex\10_EA_PROJECTS\0. Jobot\1000+ EA BOT MOGUL Bundles\MT5 (ex5)\THS\2\201\201.4\201.4.3\201.4.3.html,201.4.3,html,BOT MOGUL Bundles
D:\Forex\10_EA_PROJECTS\0. Jobot\1000+ EA BOT MOGUL Bundles\MT5 (ex5)\THS\2\201\201.4\201.4.4\201.4.4.html,201.4.4,html,BOT MOGUL Bundles
D:\Forex\10_EA_PROJECTS\0. Jobot\1000+ EA BOT MOGUL Bundles\MT5 (ex5)\THS\2\201\201.4\201.4.5\201.4.5.html,201.4.5,html,BOT MOGUL Bundles
D:\Forex\10_EA_PROJECTS\0. Jobot\1000+ EA BOT MOGUL Bundles\MT5 (ex5)\THS\2\201\201.4\201.4.6\201.4.6.html,201.4.6,html,BOT MOGUL Bundles
D:\Forex\10_EA_PROJECTS\0. Jobot\1000+ EA BOT MOGUL Bundles\MT5 (ex5)\THS\2\201\201.5\201.5.1\201.5.1.html,201.5.1,html,BOT MOGUL Bundles
D:\Forex\10_EA_PROJECTS\0. Jobot\1000+ EA BOT MOGUL Bundles\MT5 (ex5)\THS\2\201\201.5\201.5.2\201.5.2.html,201.5.2,html,BOT MOGUL Bundles
D:\Forex\10_EA_PROJECTS\0. Jobot\1000+ EA BOT MOGUL Bundles\MT5 (ex5)\THS\2\201\201.5\201.5.3\201.5.3.html,201.5.3,html,BOT MOGUL Bundles
D:\Forex\10_EA_PROJECTS\0. Jobot\1000+ EA BOT MOGUL Bundles\MT5 (ex5)\THS\2\201\201.5\201.5.4\201.5.4.html,201.5.4,html,BOT MOGUL Bundles
D:\Forex\10_EA_PROJECTS\0. Jobot\1000+ EA BOT MOGUL Bundles\MT5 (ex5)\THS\2\201\201.5\201.5.5\201.5.5.html,201.5.5,html,BOT MOGUL Bundles
D:\Forex\10_EA_PROJECTS\0. Jobot\1000+ EA BOT MOGUL Bundles\MT5 (ex5)\THS\2\201\201.5\201.5.6\201.5.6.html,201.5.6,html,BOT MOGUL Bundles
D:\Forex\10_EA_PROJECTS\0. Jobot\1000+ EA BOT MOGUL Bundles\MT5 (ex5)\THS\2\202\202.1\202.1.2\202.1.2.html,202.1.2,html,BOT MOGUL Bundles
D:\Forex\10_EA_PROJECTS\0. Jobot\1000+ EA BOT MOGUL Bundles\MT5 (ex5)\THS\2\202\202.1\202.1.3\202.1.3.html,202.1.3,html,BOT MOGUL Bundles
D:\Forex\10_EA_PROJECTS\0. Jobot\1000+ EA BOT MOGUL Bundles\MT5 (ex5)\THS\2\202\202.1\202.1.4\202.1.4.html,202.1.4,html,BOT MOGUL Bundles
D:\Forex\10_EA_PROJECTS\0. Jobot\1000+ EA BOT MOGUL Bundles\MT5 (ex5)\THS\2\202\202.2\202.2.1\202.2.1.html,202.2.1,html,BOT MOGUL Bundles
D:\Forex\10_EA_PROJECTS\0. Jobot\1000+ EA BOT MOGUL Bundles\MT5 (ex5)\THS\2\202\202.2\202.2.2\202.2.2.html,202.2.2,html,BOT MOGUL Bundles
D:\Forex\10_EA_PROJECTS\0. Jobot\1000+ EA BOT MOGUL Bundles\MT5 (ex5)\THS\2\202\202.2\202.2.3\202.2.3.html,202.2.3,html,BOT MOGUL Bundles
D:\Forex\10_EA_PROJECTS\0. Jobot\1000+ EA BOT MOGUL Bundles\MT5 (ex5)\THS\2\202\202.2\202.2.4\202.2.4.html,202.2.4,html,BOT MOGUL Bundles
D:\Forex\10_EA_PROJECTS\0. Jobot\1000+ EA BOT MOGUL Bundles\MT5 (ex5)\THS\2\202\202.2\202.2.5\202.2.5.html,202.2.5,html,BOT MOGUL Bundles
D:\Forex\10_EA_PROJECTS\0. Jobot\1000+ EA BOT MOGUL Bundles\MT5 (ex5)\THS\2\202\202.2\202.2.6\202.2.6.html,202.2.6,html,BOT MOGUL Bundles
D:\Forex\10_EA_PROJECTS\0. Jobot\1000+ EA BOT MOGUL Bundles\MT5 (ex5)\THS\2\202\202.3\202.3.1\202.3.1.html,202.3.1,html,BOT MOGUL Bundles
D:\Forex\10_EA_PROJECTS\0. Jobot\1000+ EA BOT MOGUL Bundles\MT5 (ex5)\THS\2\202\202.3\202.3.3\202.3.3.html,202.3.3,html,BOT MOGUL Bundles
D:\Forex\10_EA_PROJECTS\0. Jobot\1000+ EA BOT MOGUL Bundles\MT5 (ex5)\THS\2\202\202.3\202.3.4\202.3.4.html,202.3.4,html,BOT MOGUL Bundles
D:\Forex\10_EA_PROJECTS\0. Jobot\1000+ EA BOT MOGUL Bundles\MT5 (ex5)\THS\2\202\202.3\202.3.5\202.3.5.html,202.3.5,html,BOT MOGUL Bundles
D:\Forex\10_EA_PROJECTS\0. Jobot\1000+ EA BOT MOGUL Bundles\MT5 (ex5)\THS\2\202\202.3\202.3.6\202.3.6.html,202.3.6,html,BOT MOGUL Bundles
D:\Forex\10_EA_PROJECTS\0. Jobot\1000+ EA BOT MOGUL Bundles\MT5 (ex5)\THS\2\202\202.4\202.4.1\202.4.1.html,202.4.1,html,BOT MOGUL Bundles
D:\Forex\10_EA_PROJECTS\0. Jobot\1000+ EA BOT MOGUL Bundles\MT5 (ex5)\THS\2\202\202.4\202.4.2\202.4.2.html,202.4.2,html,BOT MOGUL Bundles
D:\Forex\10_EA_PROJECTS\0. Jobot\1000+ EA BOT MOGUL Bundles\MT5 (ex5)\THS\2\202\202.4\202.4.3\202.4.3.html,202.4.3,html,BOT MOGUL Bundles
D:\Forex\10_EA_PROJECTS\0. Jobot\1000+ EA BOT MOGUL Bundles\MT5 (ex5)\THS\2\202\202.4\202.4.4\202.4.4.html,202.4.4,html,BOT MOGUL Bundles
D:\Forex\10_EA_PROJECTS\0. Jobot\1000+ EA BOT MOGUL Bundles\MT5 (ex5)\THS\2\202\202.4\202.4.5\202.4.5.html,202.4.5,html,BOT MOGUL Bundles
D:\Forex\10_EA_PROJECTS\0. Jobot\1000+ EA BOT MOGUL Bundles\MT5 (ex5)\THS\2\202\202.4\202.4.6\202.4.6.html,202.4.6,html,BOT MOGUL Bundles
D:\Forex\10_EA_PROJECTS\0. Jobot\1000+ EA BOT MOGUL Bundles\MT5 (ex5)\THS\2\202\202.5\202.5.1\202.5.1.html,202.5.1,html,BOT MOGUL Bundles
D:\Forex\10_EA_PROJECTS\0. Jobot\1000+ EA BOT MOGUL Bundles\MT5 (ex5)\THS\2\202\202.5\202.5.2\202.5.2.html,202.5.2,html,BOT MOGUL Bundles
D:\Forex\10_EA_PROJECTS\0. Jobot\1000+ EA BOT MOGUL Bundles\MT5 (ex5)\THS\2\202\202.5\202.5.3\202.5.3.html,202.5.3,html,BOT MOGUL Bundles
D:\Forex\10_EA_PROJECTS\0. Jobot\1000+ EA BOT MOGUL Bundles\MT5 (ex5)\THS\2\202\202.5\202.5.4\202.5.4.html,202.5.4,html,BOT MOGUL Bundles
D:\Forex\10_EA_PROJECTS\0. Jobot\1000+ EA BOT MOGUL Bundles\MT5 (ex5)\THS\2\202\202.5\202.5.5\202.5.5.html,202.5.5,html,BOT MOGUL Bundles
D:\Forex\10_EA_PROJECTS\0. Jobot\1000+ EA BOT MOGUL Bundles\MT5 (ex5)\THS\2\202\202.5\202.5.6\202.5.6.html,202.5.6,html,BOT MOGUL Bundles
D:\Forex\10_EA_PROJECTS\0. Jobot\1000+ EA BOT MOGUL Bundles\MT5 (ex5)\THS\2\203\203.1\203.1.1\203.1.1.html,203.1.1,html,BOT MOGUL Bundles
D:\Forex\10_EA_PROJECTS\0. Jobot\1000+ EA BOT MOGUL Bundles\MT5 (ex5)\THS\2\203\203.1\203.1.2\203.1.2.html,203.1.2,html,BOT MOGUL Bundles
D:\Forex\10_EA_PROJECTS\0. Jobot\1000+ EA BOT MOGUL Bundles\MT5 (ex5)\THS\2\203\203.1\203.1.3\203.1.3.html,203.1.3,html,BOT MOGUL Bundles
D:\Forex\10_EA_PROJECTS\0. Jobot\1000+ EA BOT MOGUL Bundles\MT5 (ex5)\THS\2\203\203.1\203.1.4\203.1.4.html,203.1.4,html,BOT MOGUL Bundles
D:\Forex\10_EA_PROJECTS\0. Jobot\1000+ EA BOT MOGUL Bundles\MT5 (ex5)\THS\2\203\203.1\203.1.5\203.1.5.html,203.1.5,html,BOT MOGUL Bundles
D:\Forex\10_EA_PROJECTS\0. Jobot\1000+ EA BOT MOGUL Bundles\MT5 (ex5)\THS\2\203\203.1\203.1.6\203.1.6.html,203.1.6,html,BOT MOGUL Bundles
D:\Forex\10_EA_PROJECTS\0. Jobot\1000+ EA BOT MOGUL Bundles\MT5 (ex5)\THS\2\203\203.2\203.2.1\203.2.1.html,203.2.1,html,BOT MOGUL Bundles
D:\Forex\10_EA_PROJECTS\0. Jobot\1000+ EA BOT MOGUL Bundles\MT5 (ex5)\THS\2\203\203.2\203.2.2\203.2.2.html,203.2.2,html,BOT MOGUL Bundles
D:\Forex\10_EA_PROJECTS\0. Jobot\1000+ EA BOT MOGUL Bundles\MT5 (ex5)\THS\2\203\203.2\203.2.3\203.2.3.html,203.2.3,html,BOT MOGUL Bundles
D:\Forex\10_EA_PROJECTS\0. Jobot\1000+ EA BOT MOGUL Bundles\MT5 (ex5)\THS\2\203\203.2\203.2.4\203.2.4.html,203.2.4,html,BOT MOGUL Bundles
D:\Forex\10_EA_PROJECTS\0. Jobot\1000+ EA BOT MOGUL Bundles\MT5 (ex5)\THS\2\203\203.2\203.2.5\203.2.5.html,203.2.5,html,BOT MOGUL Bundles
D:\Forex\10_EA_PROJECTS\0. Jobot\1000+ EA BOT MOGUL Bundles\MT5 (ex5)\THS\2\203\203.2\203.2.6\203.2.6.html,203.2.6,html,BOT MOGUL Bundles
D:\Forex\10_EA_PROJECTS\0. Jobot\1000+ EA BOT MOGUL Bundles\MT5 (ex5)\THS\2\203\203.3\203.3.1\203.3.1.html,203.3.1,html,BOT MOGUL Bundles
D:\Forex\10_EA_PROJECTS\0. Jobot\1000+ EA BOT MOGUL Bundles\MT5 (ex5)\THS\2\203\203.3\203.3.2\203.3.2.html,203.3.2,html,BOT MOGUL Bundles
D:\Forex\10_EA_PROJECTS\0. Jobot\1000+ EA BOT MOGUL Bundles\MT5 (ex5)\THS\2\203\203.3\203.3.3\203.3.3.html,203.3.3,html,BOT MOGUL Bundles
D:\Forex\10_EA_PROJECTS\0. Jobot\1000+ EA BOT MOGUL Bundles\MT5 (ex5)\THS\2\203\203.3\203.3.4\203.3.4.html,203.3.4,html,BOT MOGUL Bundles
D:\Forex\10_EA_PROJECTS\0. Jobot\1000+ EA BOT MOGUL Bundles\MT5 (ex5)\THS\2\203\203.3\203.3.5\203.3.5.html,203.3.5,html,BOT MOGUL Bundles
D:\Forex\10_EA_PROJECTS\0. Jobot\1000+ EA BOT MOGUL Bundles\MT5 (ex5)\THS\2\203\203.3\203.3.6\203.3.6.html,203.3.6,html,BOT MOGUL Bundles
D:\Forex\10_EA_PROJECTS\0. Jobot\1000+ EA BOT MOGUL Bundles\MT5 (ex5)\THS\2\203\203.4\203.4.1\203.4.1.html,203.4.1,html,BOT MOGUL Bundles
D:\Forex\10_EA_PROJECTS\0. Jobot\1000+ EA BOT MOGUL Bundles\MT5 (ex5)\THS\2\203\203.4\203.4.2\203.4.2.html,203.4.2,html,BOT MOGUL Bundles
D:\Forex\10_EA_PROJECTS\0. Jobot\1000+ EA BOT MOGUL Bundles\MT5 (ex5)\THS\2\203\203.4\203.4.3\203.4.3.html,203.4.3,html,BOT MOGUL Bundles
D:\Forex\10_EA_PROJECTS\0. Jobot\1000+ EA BOT MOGUL Bundles\MT5 (ex5)\THS\2\203\203.4\203.4.4\203.4.4.html,203.4.4,html,BOT MOGUL Bundles
D:\Forex\10_EA_PROJECTS\0. Jobot\1000+ EA BOT MOGUL Bundles\MT5 (ex5)\THS\2\203\203.4\203.4.5\203.4.5.html,203.4.5,html,BOT MOGUL Bundles
D:\Forex\10_EA_PROJECTS\0. Jobot\1000+ EA BOT MOGUL Bundles\MT5 (ex5)\THS\2\203\203.4\203.4.6\203.4.6.html,203.4.6,html,BOT MOGUL Bundles
D:\Forex\10_EA_PROJECTS\0. Jobot\1000+ EA BOT MOGUL Bundles\MT5 (ex5)\THS\2\203\203.5\203.5.1\203.5.1.html,203.5.1,html,BOT MOGUL Bundles
D:\Forex\10_EA_PROJECTS\0. Jobot\1000+ EA BOT MOGUL Bundles\MT5 (ex5)\THS\2\203\203.5\203.5.2\203.5.2.html,203.5.2,html,BOT MOGUL Bundles
D:\Forex\10_EA_PROJECTS\0. Jobot\1000+ EA BOT MOGUL Bundles\MT5 (ex5)\THS\2\203\203.5\203.5.3\203.5.3.html,203.5.3,html,BOT MOGUL Bundles
D:\Forex\10_EA_PROJECTS\0. Jobot\1000+ EA BOT MOGUL Bundles\MT5 (ex5)\THS\2\203\203.5\203.5.4\203.5.4.html,203.5.4,html,BOT MOGUL Bundles
D:\Forex\10_EA_PROJECTS\0. Jobot\1000+ EA BOT MOGUL Bundles\MT5 (ex5)\THS\2\203\203.5\203.5.5\203.5.5.html,203.5.5,html,BOT MOGUL Bundles
D:\Forex\10_EA_PROJECTS\0. Jobot\1000+ EA BOT MOGUL Bundles\MT5 (ex5)\THS\2\203\203.5\203.5.6\203.5.6.html,203.5.6,html,BOT MOGUL Bundles
D:\Forex\10_EA_PROJECTS\0. Jobot\1000+ EA BOT MOGUL Bundles\MT5 (ex5)\THS\2\204\204.1\204.1.1\204.1.1.html,204.1.1,html,BOT MOGUL Bundles
D:\Forex\10_EA_PROJECTS\0. Jobot\1000+ EA BOT MOGUL Bundles\MT5 (ex5)\THS\2\204\204.1\204.1.2\204.1.2.html,204.1.2,html,BOT MOGUL Bundles
D:\Forex\10_EA_PROJECTS\0. Jobot\1000+ EA BOT MOGUL Bundles\MT5 (ex5)\THS\2\204\204.1\204.1.3\204.1.3.html,204.1.3,html,BOT MOGUL Bundles
D:\Forex\10_EA_PROJECTS\0. Jobot\1000+ EA BOT MOGUL Bundles\MT5 (ex5)\THS\2\204\204.1\204.1.4\204.1.4.html,204.1.4,html,BOT MOGUL Bundles
D:\Forex\10_EA_PROJECTS\0. Jobot\1000+ EA BOT MOGUL Bundles\MT5 (ex5)\THS\2\204\204.1\204.1.5\204.1.5.html,204.1.5,html,BOT MOGUL Bundles
D:\Forex\10_EA_PROJECTS\0. Jobot\1000+ EA BOT MOGUL Bundles\MT5 (ex5)\THS\2\204\204.1\204.1.6\204.1.6.html,204.1.6,html,BOT MOGUL Bundles
D:\Forex\10_EA_PROJECTS\0. Jobot\1000+ EA BOT MOGUL Bundles\MT5 (ex5)\THS\2\204\204.2\204.2.1\204.2.1.html,204.2.1,html,BOT MOGUL Bundles
D:\Forex\10_EA_PROJECTS\0. Jobot\1000+ EA BOT MOGUL Bundles\MT5 (ex5)\THS\2\204\204.2\204.2.2\204.2.2.html,204.2.2,html,BOT MOGUL Bundles
D:\Forex\10_EA_PROJECTS\0. Jobot\1000+ EA BOT MOGUL Bundles\MT5 (ex5)\THS\2\204\204.2\204.2.3\204.2.3.html,204.2.3,html,BOT MOGUL Bundles
D:\Forex\10_EA_PROJECTS\0. Jobot\1000+ EA BOT MOGUL Bundles\MT5 (ex5)\THS\2\204\204.2\204.2.4\204.2.4.html,204.2.4,html,BOT MOGUL Bundles
D:\Forex\10_EA_PROJECTS\0. Jobot\1000+ EA BOT MOGUL Bundles\MT5 (ex5)\THS\2\204\204.2\204.2.5\204.2.5.html,204.2.5,html,BOT MOGUL Bundles
D:\Forex\10_EA_PROJECTS\0. Jobot\1000+ EA BOT MOGUL Bundles\MT5 (ex5)\THS\2\204\204.2\204.2.6\204.2.6.html,204.2.6,html,BOT MOGUL Bundles
D:\Forex\10_EA_PROJECTS\0. Jobot\1000+ EA BOT MOGUL Bundles\MT5 (ex5)\THS\2\204\204.3\204.3.1\204.3.1.html,204.3.1,html,BOT MOGUL Bundles
D:\Forex\10_EA_PROJECTS\0. Jobot\1000+ EA BOT MOGUL Bundles\MT5 (ex5)\THS\2\204\204.3\204.3.2\204.3.2.html,204.3.2,html,BOT MOGUL Bundles
D:\Forex\10_EA_PROJECTS\0. Jobot\1000+ EA BOT MOGUL Bundles\MT5 (ex5)\THS\2\204\204.3\204.3.3\204.3.3.html,204.3.3,html,BOT MOGUL Bundles
D:\Forex\10_EA_PROJECTS\0. Jobot\1000+ EA BOT MOGUL Bundles\MT5 (ex5)\THS\2\204\204.3\204.3.4\204.3.4.html,204.3.4,html,BOT MOGUL Bundles
D:\Forex\10_EA_PROJECTS\0. Jobot\1000+ EA BOT MOGUL Bundles\MT5 (ex5)\THS\2\204\204.3\204.3.5\204.3.5.html,204.3.5,html,BOT MOGUL Bundles
D:\Forex\10_EA_PROJECTS\0. Jobot\1000+ EA BOT MOGUL Bundles\MT5 (ex5)\THS\2\204\204.3\204.3.6\204.3.6.html,204.3.6,html,BOT MOGUL Bundles
D:\Forex\10_EA_PROJECTS\0. Jobot\1000+ EA BOT MOGUL Bundles\MT5 (ex5)\THS\2\204\204.4\204.4.1\204.4.1.html,204.4.1,html,BOT MOGUL Bundles
D:\Forex\10_EA_PROJECTS\0. Jobot\1000+ EA BOT MOGUL Bundles\MT5 (ex5)\THS\2\204\204.4\204.4.2\204.4.2.html,204.4.2,html,BOT MOGUL Bundles
D:\Forex\10_EA_PROJECTS\0. Jobot\1000+ EA BOT MOGUL Bundles\MT5 (ex5)\THS\2\204\204.4\204.4.3\204.4.3.html,204.4.3,html,BOT MOGUL Bundles
D:\Forex\10_EA_PROJECTS\0. Jobot\1000+ EA BOT MOGUL Bundles\MT5 (ex5)\THS\2\204\204.4\204.4.4\204.4.4.html,204.4.4,html,BOT MOGUL Bundles
D:\Forex\10_EA_PROJECTS\0. Jobot\1000+ EA BOT MOGUL Bundles\MT5 (ex5)\THS\2\204\204.4\204.4.5\204.4.5.html,204.4.5,html,BOT MOGUL Bundles
D:\Forex\10_EA_PROJECTS\0. Jobot\1000+ EA BOT MOGUL Bundles\MT5 (ex5)\THS\2\204\204.4\204.4.6\204.4.6.html,204.4.6,html,BOT MOGUL Bundles
D:\Forex\10_EA_PROJECTS\0. Jobot\1000+ EA BOT MOGUL Bundles\MT5 (ex5)\THS\2\204\204.5\204.5.1\204.5.1.html,204.5.1,html,BOT MOGUL Bundles
D:\Forex\10_EA_PROJECTS\0. Jobot\1000+ EA BOT MOGUL Bundles\MT5 (ex5)\THS\2\204\204.5\204.5.2\204.5.2.html,204.5.2,html,BOT MOGUL Bundles
D:\Forex\10_EA_PROJECTS\0. Jobot\1000+ EA BOT MOGUL Bundles\MT5 (ex5)\THS\2\204\204.5\204.5.4\204.5.4.html,204.5.4,html,BOT MOGUL Bundles
D:\Forex\10_EA_PROJECTS\0. Jobot\1000+ EA BOT MOGUL Bundles\MT5 (ex5)\THS\2\204\204.5\204.5.5\204.5.5.html,204.5.5,html,BOT MOGUL Bundles
D:\Forex\10_EA_PROJECTS\0. Jobot\1000+ EA BOT MOGUL Bundles\MT5 (ex5)\THS\2\204\204.5\204.5.6\204.5.6.html,204.5.6,html,BOT MOGUL Bundles
D:\Forex\10_EA_PROJECTS\0. Jobot\1000+ EA BOT MOGUL Bundles\MT5 (ex5)\THS\2\205\205.1\205.1.1\205.1.1.html,205.1.1,html,BOT MOGUL Bundles
D:\Forex\10_EA_PROJECTS\0. Jobot\1000+ EA BOT MOGUL Bundles\MT5 (ex5)\THS\2\205\205.1\205.1.2\205.1.2.html,205.1.2,html,BOT MOGUL Bundles
D:\Forex\10_EA_PROJECTS\0. Jobot\1000+ EA BOT MOGUL Bundles\MT5 (ex5)\THS\2\205\205.1\205.1.3\205.1.3.html,205.1.3,html,BOT MOGUL Bundles
D:\Forex\10_EA_PROJECTS\0. Jobot\1000+ EA BOT MOGUL Bundles\MT5 (ex5)\THS\2\205\205.1\205.1.4\205.1.4.html,205.1.4,html,BOT MOGUL Bundles
D:\Forex\10_EA_PROJECTS\0. Jobot\1000+ EA BOT MOGUL Bundles\MT5 (ex5)\THS\2\205\205.1\205.1.5\205.1.5.html,205.1.5,html,BOT MOGUL Bundles
D:\Forex\10_EA_PROJECTS\0. Jobot\1000+ EA BOT MOGUL Bundles\MT5 (ex5)\THS\2\205\205.1\205.1.6\205.1.6.html,205.1.6,html,BOT MOGUL Bundles
D:\Forex\10_EA_PROJECTS\0. Jobot\1000+ EA BOT MOGUL Bundles\MT5 (ex5)\THS\2\205\205.2\205.2.1\205.2.1.html,205.2.1,html,BOT MOGUL Bundles
D:\Forex\10_EA_PROJECTS\0. Jobot\1000+ EA BOT MOGUL Bundles\MT5 (ex5)\THS\2\205\205.2\205.2.2\205.2.2.html,205.2.2,html,BOT MOGUL Bundles
D:\Forex\10_EA_PROJECTS\0. Jobot\1000+ EA BOT MOGUL Bundles\MT5 (ex5)\THS\2\205\205.2\205.2.3\205.2.3.html,205.2.3,html,BOT MOGUL Bundles
D:\Forex\10_EA_PROJECTS\0. Jobot\1000+ EA BOT MOGUL Bundles\MT5 (ex5)\THS\2\205\205.2\205.2.4\205.2.4.html,205.2.4,html,BOT MOGUL Bundles
D:\Forex\10_EA_PROJECTS\0. Jobot\1000+ EA BOT MOGUL Bundles\MT5 (ex5)\THS\2\205\205.2\205.2.5\205.2.5.html,205.2.5,html,BOT MOGUL Bundles
D:\Forex\10_EA_PROJECTS\0. Jobot\1000+ EA BOT MOGUL Bundles\MT5 (ex5)\THS\2\205\205.2\205.2.6\205.2.6.html,205.2.6,html,BOT MOGUL Bundles
D:\Forex\10_EA_PROJECTS\0. Jobot\1000+ EA BOT MOGUL Bundles\MT5 (ex5)\THS\2\205\205.3\205.3.1\205.3.1.html,205.3.1,html,BOT MOGUL Bundles
D:\Forex\10_EA_PROJECTS\0. Jobot\1000+ EA BOT MOGUL Bundles\MT5 (ex5)\THS\2\205\205.3\205.3.2\205.3.2.html,205.3.2,html,BOT MOGUL Bundles
D:\Forex\10_EA_PROJECTS\0. Jobot\1000+ EA BOT MOGUL Bundles\MT5 (ex5)\THS\2\205\205.3\205.3.3\205.3.3.html,205.3.3,html,BOT MOGUL Bundles
D:\Forex\10_EA_PROJECTS\0. Jobot\1000+ EA BOT MOGUL Bundles\MT5 (ex5)\THS\2\205\205.3\205.3.4\205.3.4.html,205.3.4,html,BOT MOGUL Bundles
D:\Forex\10_EA_PROJECTS\0. Jobot\1000+ EA BOT MOGUL Bundles\MT5 (ex5)\THS\2\205\205.3\205.3.5\205.3.5.html,205.3.5,html,BOT MOGUL Bundles
D:\Forex\10_EA_PROJECTS\0. Jobot\1000+ EA BOT MOGUL Bundles\MT5 (ex5)\THS\2\205\205.3\205.3.6\205.3.6.html,205.3.6,html,BOT MOGUL Bundles
D:\Forex\10_EA_PROJECTS\0. Jobot\1000+ EA BOT MOGUL Bundles\MT5 (ex5)\THS\2\205\205.4\205.4.1\205.4.1.html,205.4.1,html,BOT MOGUL Bundles
D:\Forex\10_EA_PROJECTS\0. Jobot\1000+ EA BOT MOGUL Bundles\MT5 (ex5)\THS\2\205\205.4\205.4.2\205.4.2.html,205.4.2,html,BOT MOGUL Bundles
D:\Forex\10_EA_PROJECTS\0. Jobot\1000+ EA BOT MOGUL Bundles\MT5 (ex5)\THS\2\205\205.4\205.4.3\205.4.3.html,205.4.3,html,BOT MOGUL Bundles
D:\Forex\10_EA_PROJECTS\0. Jobot\1000+ EA BOT MOGUL Bundles\MT5 (ex5)\THS\2\205\205.4\205.4.4\205.4.4.html,205.4.4,html,BOT MOGUL Bundles
D:\Forex\10_EA_PROJECTS\0. Jobot\1000+ EA BOT MOGUL Bundles\MT5 (ex5)\THS\2\205\205.4\205.4.5\205.4.5.html,205.4.5,html,BOT MOGUL Bundles
D:\Forex\10_EA_PROJECTS\0. Jobot\1000+ EA BOT MOGUL Bundles\MT5 (ex5)\THS\2\205\205.4\205.4.6\205.4.6.html,205.4.6,html,BOT MOGUL Bundles
D:\Forex\10_EA_PROJECTS\0. Jobot\1000+ EA BOT MOGUL Bundles\MT5 (ex5)\THS\2\205\205.5\205.5.1\205.5.1.html,205.5.1,html,BOT MOGUL Bundles
D:\Forex\10_EA_PROJECTS\0. Jobot\1000+ EA BOT MOGUL Bundles\MT5 (ex5)\THS\2\205\205.5\205.5.2\205.5.2.html,205.5.2,html,BOT MOGUL Bundles
D:\Forex\10_EA_PROJECTS\0. Jobot\1000+ EA BOT MOGUL Bundles\MT5 (ex5)\THS\2\205\205.5\205.5.3\205.5.3.html,205.5.3,html,BOT MOGUL Bundles
D:\Forex\10_EA_PROJECTS\0. Jobot\1000+ EA BOT MOGUL Bundles\MT5 (ex5)\THS\2\205\205.5\205.5.4\205.5.4.html,205.5.4,html,BOT MOGUL Bundles
D:\Forex\10_EA_PROJECTS\0. Jobot\1000+ EA BOT MOGUL Bundles\MT5 (ex5)\THS\2\205\205.5\205.5.5\205.5.5.html,205.5.5,html,BOT MOGUL Bundles
D:\Forex\10_EA_PROJECTS\0. Jobot\1000+ EA BOT MOGUL Bundles\MT5 (ex5)\THS\2\205\205.5\205.5.6\205.5.6.html,205.5.6,html,BOT MOGUL Bundles
D:\Forex\10_EA_PROJECTS\0. Jobot\1000+ EA BOT MOGUL Bundles\MT5 (ex5)\THS\2\206\206.1\206.1.1\206.1.1.html,206.1.1,html,BOT MOGUL Bundles
D:\Forex\10_EA_PROJECTS\0. Jobot\1000+ EA BOT MOGUL Bundles\MT5 (ex5)\THS\2\206\206.1\206.1.2\206.1.2.html,206.1.2,html,BOT MOGUL Bundles
D:\Forex\10_EA_PROJECTS\0. Jobot\1000+ EA BOT MOGUL Bundles\MT5 (ex5)\THS\2\206\206.1\206.1.3\206.1.3.html,206.1.3,html,BOT MOGUL Bundles
D:\Forex\10_EA_PROJECTS\0. Jobot\1000+ EA BOT MOGUL Bundles\MT5 (ex5)\THS\2\206\206.1\206.1.4\206.1.4.html,206.1.4,html,BOT MOGUL Bundles
D:\Forex\10_EA_PROJECTS\0. Jobot\1000+ EA BOT MOGUL Bundles\MT5 (ex5)\THS\2\206\206.1\206.1.5\206.1.5.html,206.1.5,html,BOT MOGUL Bundles
D:\Forex\10_EA_PROJECTS\0. Jobot\1000+ EA BOT MOGUL Bundles\MT5 (ex5)\THS\2\206\206.1\206.1.6\206.1.6.html,206.1.6,html,BOT MOGUL Bundles
D:\Forex\10_EA_PROJECTS\0. Jobot\1000+ EA BOT MOGUL Bundles\MT5 (ex5)\THS\2\206\206.2\206.2.1\206.2.1.html,206.2.1,html,BOT MOGUL Bundles
D:\Forex\10_EA_PROJECTS\0. Jobot\1000+ EA BOT MOGUL Bundles\MT5 (ex5)\THS\2\206\206.2\206.2.2\206.2.2.html,206.2.2,html,BOT MOGUL Bundles
D:\Forex\10_EA_PROJECTS\0. Jobot\1000+ EA BOT MOGUL Bundles\MT5 (ex5)\THS\2\206\206.2\206.2.3\206.2.3.html,206.2.3,html,BOT MOGUL Bundles
D:\Forex\10_EA_PROJECTS\0. Jobot\1000+ EA BOT MOGUL Bundles\MT5 (ex5)\THS\2\206\206.2\206.2.4\206.2.4.html,206.2.4,html,BOT MOGUL Bundles
D:\Forex\10_EA_PROJECTS\0. Jobot\1000+ EA BOT MOGUL Bundles\MT5 (ex5)\THS\2\206\206.2\206.2.5\206.2.5.html,206.2.5,html,BOT MOGUL Bundles
D:\Forex\10_EA_PROJECTS\0. Jobot\1000+ EA BOT MOGUL Bundles\MT5 (ex5)\THS\2\206\206.2\206.2.6\206.2.6.html,206.2.6,html,BOT MOGUL Bundles
D:\Forex\10_EA_PROJECTS\0. Jobot\1000+ EA BOT MOGUL Bundles\MT5 (ex5)\THS\2\206\206.3\206.3.4\206.3.4.html,206.3.4,html,BOT MOGUL Bundles
D:\Forex\10_EA_PROJECTS\0. Jobot\1000+ EA BOT MOGUL Bundles\MT5 (ex5)\THS\2\206\206.3\206.3.5\206.3.5.html,206.3.5,html,BOT MOGUL Bundles
D:\Forex\10_EA_PROJECTS\0. Jobot\1000+ EA BOT MOGUL Bundles\MT5 (ex5)\THS\2\206\206.3\206.3.6\206.3.6.html,206.3.6,html,BOT MOGUL Bundles
D:\Forex\10_EA_PROJECTS\0. Jobot\1000+ EA BOT MOGUL Bundles\MT5 (ex5)\THS\2\206\206.4\206.4.1\206.4.1.html,206.4.1,html,BOT MOGUL Bundles
D:\Forex\10_EA_PROJECTS\0. Jobot\1000+ EA BOT MOGUL Bundles\MT5 (ex5)\THS\2\206\206.4\206.4.2\206.4.2.html,206.4.2,html,BOT MOGUL Bundles
D:\Forex\10_EA_PROJECTS\0. Jobot\1000+ EA BOT MOGUL Bundles\MT5 (ex5)\THS\2\206\206.4\206.4.3\206.4.3.html,206.4.3,html,BOT MOGUL Bundles
D:\Forex\10_EA_PROJECTS\0. Jobot\1000+ EA BOT MOGUL Bundles\MT5 (ex5)\THS\2\206\206.4\206.4.4\206.4.4.html,206.4.4,html,BOT MOGUL Bundles
D:\Forex\10_EA_PROJECTS\0. Jobot\1000+ EA BOT MOGUL Bundles\MT5 (ex5)\THS\2\206\206.4\206.4.5\206.4.5.html,206.4.5,html,BOT MOGUL Bundles
D:\Forex\10_EA_PROJECTS\0. Jobot\1000+ EA BOT MOGUL Bundles\MT5 (ex5)\THS\2\206\206.4\206.4.6\206.4.6.html,206.4.6,html,BOT MOGUL Bundles
D:\Forex\10_EA_PROJECTS\0. Jobot\1000+ EA BOT MOGUL Bundles\MT5 (ex5)\THS\2\206\206.5\206.5.1\206.2.1.html,206.5.1,html,BOT MOGUL Bundles
D:\Forex\10_EA_PROJECTS\0. Jobot\1000+ EA BOT MOGUL Bundles\MT5 (ex5)\THS\2\206\206.5\206.5.2\206.5.2.html,206.5.2,html,BOT MOGUL Bundles
D:\Forex\10_EA_PROJECTS\0. Jobot\1000+ EA BOT MOGUL Bundles\MT5 (ex5)\THS\2\206\206.5\206.5.3\206.5.3.html,206.5.3,html,BOT MOGUL Bundles
D:\Forex\10_EA_PROJECTS\0. Jobot\1000+ EA BOT MOGUL Bundles\MT5 (ex5)\THS\2\206\206.5\206.5.4\206.5.4.html,206.5.4,html,BOT MOGUL Bundles
D:\Forex\10_EA_PROJECTS\0. Jobot\1000+ EA BOT MOGUL Bundles\MT5 (ex5)\THS\2\206\206.5\206.5.5\206.5.5.html,206.5.5,html,BOT MOGUL Bundles
D:\Forex\10_EA_PROJECTS\0. Jobot\1000+ EA BOT MOGUL Bundles\MT5 (ex5)\THS\2\206\206.5\206.5.6\206.5.6.html,206.5.6,html,BOT MOGUL Bundles
D:\Forex\10_EA_PROJECTS\0. Jobot\1000+ EA BOT MOGUL Bundles\MT5 (ex5)\THS\2\207\207.1\207.1.1\207.1.1.html,207.1.1,html,BOT MOGUL Bundles
D:\Forex\10_EA_PROJECTS\0. Jobot\1000+ EA BOT MOGUL Bundles\MT5 (ex5)\THS\2\207\207.1\207.1.2\207.1.2.html,207.1.2,html,BOT MOGUL Bundles
D:\Forex\10_EA_PROJECTS\0. Jobot\1000+ EA BOT MOGUL Bundles\MT5 (ex5)\THS\2\207\207.1\207.1.3\207.1.3.html,207.1.3,html,BOT MOGUL Bundles
D:\Forex\10_EA_PROJECTS\0. Jobot\1000+ EA BOT MOGUL Bundles\MT5 (ex5)\THS\2\207\207.1\207.1.4\207.1.4.html,207.1.4,html,BOT MOGUL Bundles
D:\Forex\10_EA_PROJECTS\0. Jobot\1000+ EA BOT MOGUL Bundles\MT5 (ex5)\THS\2\207\207.1\207.1.5\207.1.5.html,207.1.5,html,BOT MOGUL Bundles
D:\Forex\10_EA_PROJECTS\0. Jobot\1000+ EA BOT MOGUL Bundles\MT5 (ex5)\THS\2\207\207.1\207.1.6\207.1.6.html,207.1.6,html,BOT MOGUL Bundles
D:\Forex\10_EA_PROJECTS\0. Jobot\1000+ EA BOT MOGUL Bundles\MT5 (ex5)\THS\2\207\207.2\207.2.1\207.2.1.html,207.2.1,html,BOT MOGUL Bundles
D:\Forex\10_EA_PROJECTS\0. Jobot\1000+ EA BOT MOGUL Bundles\MT5 (ex5)\THS\2\207\207.2\207.2.2\207.2.2.html,207.2.2,html,BOT MOGUL Bundles
D:\Forex\10_EA_PROJECTS\0. Jobot\1000+ EA BOT MOGUL Bundles\MT5 (ex5)\THS\2\207\207.2\207.2.3\207.2.3.html,207.2.3,html,BOT MOGUL Bundles
D:\Forex\10_EA_PROJECTS\0. Jobot\1000+ EA BOT MOGUL Bundles\MT5 (ex5)\THS\2\207\207.2\207.2.4\207.2.4.html,207.2.4,html,BOT MOGUL Bundles
D:\Forex\10_EA_PROJECTS\0. Jobot\1000+ EA BOT MOGUL Bundles\MT5 (ex5)\THS\2\207\207.2\207.2.5\207.2.5.html,207.2.5,html,BOT MOGUL Bundles
D:\Forex\10_EA_PROJECTS\0. Jobot\1000+ EA BOT MOGUL Bundles\MT5 (ex5)\THS\2\207\207.2\207.2.6\207.2.6.html,207.2.6,html,BOT MOGUL Bundles
D:\Forex\10_EA_PROJECTS\.Final EA\++Link Download AW Recovery\AW Recovery EA v3.3@LifeInDreamsWorld\AW Recovery EA v3.3\Presets\AWRecovery m5.set,Presets,set,.Final EA
D:\Forex\10_EA_PROJECTS\.Final EA\++Link Download AW Recovery\Link download AW Recover v3.3fix\Presets\AW-EUH4-DD20_.set,Presets,set,.Final EA
D:\Forex\10_EA_PROJECTS\.Final EA\++Link Download AW Recovery\Link download AW Recover v3.3fix\Presets\AW-GUH4-DD20_.set,Presets,set,.Final EA
D:\Forex\10_EA_PROJECTS\.Final EA\++Link Download AW Recovery\Link download AW Recover v3.3fix\Presets\AW-no direction.set,Presets,set,.Final EA
D:\Forex\10_EA_PROJECTS\.Final EA\++Link Download AW Recovery\Link download AW Recover v3.3fix\Presets\AW-XUH4-DD15_.set,Presets,set,.Final EA
D:\Forex\10_EA_PROJECTS\.Final EA\++Link Download AW Recovery\Link download AW Recover v3.3fix\Presets\AWRecovery_GU_H4_WhenDD150us.set,Presets,set,.Final EA
D:\Forex\10_EA_PROJECTS\.Final EA\++Link Download AW Recovery\Link download AW Recover v3.3fix\Presets\AWRecovery_XU_H4_WhenDD150us-balance1000us.set,Presets,set,.Final EA
D:\Forex\10_EA_PROJECTS\.Final EA\++Link Download AW Recovery\Link download AW Recover v3.3fix\คู่มือ AW\วิธีแบ่งปิดกำไรทางมือถือ\AW-123.set,วิธีแบ่งปิดกำไรทางมือถือ,set,.Final EA
D:\Forex\10_EA_PROJECTS\.Final EA\++Link Download AW Recovery\Link download AW Recover v3.3fix\คู่มือ AW\วิธีแบ่งปิดกำไรทางมือถือ\AW-456.set,วิธีแบ่งปิดกำไรทางมือถือ,set,.Final EA
D:\Forex\10_EA_PROJECTS\.Final EA\++Link Download AW Recovery\Link download AW Recover v3.3fix - ENG\Presets\AW for Gold if DD30_.set,Presets,set,.Final EA
D:\Forex\10_EA_PROJECTS\.Final EA\++Link Download AW Recovery\Link download AW Recover v3.3fix - ENG\Presets\AW-EUH4-DD20_.set,Presets,set,.Final EA
D:\Forex\10_EA_PROJECTS\.Final EA\++Link Download AW Recovery\Link download AW Recover v3.3fix - ENG\Presets\AW-GUH4-DD20_.set,Presets,set,.Final EA
D:\Forex\10_EA_PROJECTS\.Final EA\++Link Download AW Recovery\Link download AW Recover v3.3fix - ENG\Presets\AW-no direction.set,Presets,set,.Final EA
D:\Forex\10_EA_PROJECTS\.Final EA\++Link Download AW Recovery\Link download AW Recover v3.3fix - ENG\Presets\AW-XUH4-DD15_.set,Presets,set,.Final EA
D:\Forex\10_EA_PROJECTS\.Final EA\++Link Download AW Recovery\Link download AW Recover v3.3fix - ENG\Presets\AWRecovery_GU_H4_WhenDD150us.set,Presets,set,.Final EA
D:\Forex\10_EA_PROJECTS\.Final EA\++Link Download AW Recovery\Link download AW Recover v3.3fix - ENG\Presets\AWRecovery_XU_H4_WhenDD150us-balance1000us.set,Presets,set,.Final EA
D:\Forex\10_EA_PROJECTS\.Final EA\. MQL4\Presets\BRN2073_TF15.set,Presets,set,.Final EA
D:\Forex\10_EA_PROJECTS\.Final EA\. MQL4\Presets\EURNZD PEGA ICMARKETS SIGNAL.set,Presets,set,.Final EA
D:\Forex\10_EA_PROJECTS\.Final EA\. MQL4\Presets\EURNZD_NEWS_FILTER_FREE_CO_V1.set,Presets,set,.Final EA
D:\Forex\10_EA_PROJECTS\.Final EA\. MQL4\Presets\EURUSD Pegasus pro NO FILTER.set,Presets,set,.Final EA
D:\Forex\10_EA_PROJECTS\.Final EA\. MQL4\Presets\EURUSD_NEWS_FILTER_FREE_CO_V1.set,Presets,set,.Final EA
D:\Forex\10_EA_PROJECTS\.Final EA\. MQL4\Presets\EURUSD_NO_FILTER_FREE_CO_V1.set,Presets,set,.Final EA
D:\Forex\10_EA_PROJECTS\.Final EA\. MQL4\Presets\Garrys Ai_EU_H1.set,Presets,set,.Final EA
D:\Forex\10_EA_PROJECTS\.Final EA\. MQL4\Presets\GBPJPY_NEWS_FILTER_FREE_CO_V1.set,Presets,set,.Final EA
D:\Forex\10_EA_PROJECTS\.Final EA\. MQL4\Presets\GBPJPY_NO_FILTER_FREE_CO_V1.set,Presets,set,.Final EA
D:\Forex\10_EA_PROJECTS\.Final EA\. MQL4\Presets\GBPNZD_NEWS_FILTER_FREE_CO_V1.set,Presets,set,.Final EA
D:\Forex\10_EA_PROJECTS\.Final EA\. MQL4\Presets\GBPNZD_NO_FILTER_FREE_CO_V1.set,Presets,set,.Final EA
D:\Forex\10_EA_PROJECTS\.Final EA\. MQL4\Presets\GBPUSD PEGA ICMARKETS SIGNAL.set,Presets,set,.Final EA
D:\Forex\10_EA_PROJECTS\.Final EA\. MQL4\Presets\GBPUSD_NEWS_FILTER_FREE_CO_V1.set,Presets,set,.Final EA
D:\Forex\10_EA_PROJECTS\.Final EA\. MQL4\Presets\GBPUSD_NO_FILTER_FREE_CO_V1.set,Presets,set,.Final EA
D:\Forex\10_EA_PROJECTS\.Final EA\. MQL4\Presets\GodBlass_TF15.set,Presets,set,.Final EA
D:\Forex\10_EA_PROJECTS\.Final EA\. MQL4\Presets\NZDPUSD PEGA ICMARKETS SIGNAL.set,Presets,set,.Final EA
D:\Forex\10_EA_PROJECTS\.Final EA\. MQL4\Presets\NZDUSD_NEWS_FILTER_FREE_CO_V1.set,Presets,set,.Final EA
D:\Forex\10_EA_PROJECTS\.Final EA\. MQL4\Presets\NZDUSD_NO_FILTER_FREE_CO_V1.set,Presets,set,.Final EA
D:\Forex\10_EA_PROJECTS\.Final EA\. MQL4\Presets\Re minkwan.set,Presets,set,.Final EA
D:\Forex\10_EA_PROJECTS\.Final EA\. MQL4\Presets\USDCAD PEGA ICMARKETS SIGNAL.set,Presets,set,.Final EA
D:\Forex\10_EA_PROJECTS\.Final EA\. MQL4\Presets\USDCAD Pegasus pro NOFILTER.set,Presets,set,.Final EA
D:\Forex\10_EA_PROJECTS\.Final EA\. MQL4\Presets\EA Golden Elephant\Aggressive settings Gold m5.set,EA Golden Elephant,set,.Final EA
D:\Forex\10_EA_PROJECTS\.Final EA\. MQL4\Presets\EA Golden Elephant\Conservative settings Gold m5.set,EA Golden Elephant,set,.Final EA
D:\Forex\10_EA_PROJECTS\.Final EA\. MQL4\Presets\EA Golden Elephant\EA Golden Elephant Universal Settings M5.set,EA Golden Elephant,set,.Final EA
D:\Forex\10_EA_PROJECTS\.Final EA\. MQL4\Presets\EA Golden Elephant\EA_Golden_Elephant_m15_GBPUSD.set,EA Golden Elephant,set,.Final EA
D:\Forex\10_EA_PROJECTS\.Final EA\. MQL4\Presets\EA Golden Elephant\EA_Golden_Elephant_m5_EURUSD.set,EA Golden Elephant,set,.Final EA
D:\Forex\10_EA_PROJECTS\.Final EA\. MQL4\Presets\EA Golden Elephant\EA_Golden_Elephant_m5_XAUUSD.set,EA Golden Elephant,set,.Final EA
D:\Forex\10_EA_PROJECTS\.Final EA\. MQL4\Presets\EA Golden Elephant\Golden Mammoth\Aggressive settings Gold m5.set,Golden Mammoth,set,.Final EA
D:\Forex\10_EA_PROJECTS\.Final EA\. MQL4\Presets\EA Golden Elephant\Golden Mammoth\Conservative settings Gold m5.set,Golden Mammoth,set,.Final EA
D:\Forex\10_EA_PROJECTS\.Final EA\. MQL4\Presets\EA Golden Elephant\Golden Mammoth\EA Golden Elephant Universal Settings M5.set,Golden Mammoth,set,.Final EA
D:\Forex\10_EA_PROJECTS\.Final EA\. MQL4\Presets\EA Golden Elephant\Golden Mammoth\EA_Golden_Elephant_m15_GBPUSD.set,Golden Mammoth,set,.Final EA
D:\Forex\10_EA_PROJECTS\.Final EA\. MQL4\Presets\EA Golden Elephant\Golden Mammoth\EA_Golden_Elephant_m5_EURUSD.set,Golden Mammoth,set,.Final EA
D:\Forex\10_EA_PROJECTS\.Final EA\. MQL4\Presets\EA Golden Elephant\Golden Mammoth\EA_Golden_Elephant_m5_XAUUSD.set,Golden Mammoth,set,.Final EA
D:\Forex\10_EA_PROJECTS\.Final EA\. MQL4\Presets\Game Changer Preset\GameChanger_mt4_audcad_m15.set,Game Changer Preset,set,.Final EA
D:\Forex\10_EA_PROJECTS\.Final EA\. MQL4\Presets\Game Changer Preset\GameChanger_mt4_eurusd_m15.set,Game Changer Preset,set,.Final EA
D:\Forex\10_EA_PROJECTS\.Final EA\. MQL4\Presets\Game Changer Preset\GameChanger_mt4_gbpusd_m15.set,Game Changer Preset,set,.Final EA
D:\Forex\10_EA_PROJECTS\.Final EA\. MQL4\Presets\Game Changer Preset\GameChanger_mt4_nzdcad_m15.set,Game Changer Preset,set,.Final EA
D:\Forex\10_EA_PROJECTS\.Final EA\. MQL4\Presets\Game Changer Preset\GameChanger_mt4_xauusd_m15_2digit.set,Game Changer Preset,set,.Final EA
D:\Forex\10_EA_PROJECTS\.Final EA\. MQL4\Presets\Game Changer Preset\GameChanger_mt4_xauusd_m15_3digit.set,Game Changer Preset,set,.Final EA
D:\Forex\10_EA_PROJECTS\.Final EA\. MQL4\Presets\Goldex\Goldex AI v1.4 - FTMO set.set,Goldex,set,.Final EA
D:\Forex\10_EA_PROJECTS\.Final EA\. MQL4\Presets\Goldex\Goldex AI v1.4 High risk set.set,Goldex,set,.Final EA
D:\Forex\10_EA_PROJECTS\.Final EA\. MQL4\Presets\Goldex\Goldex AI v1.4 Mid risk set.set,Goldex,set,.Final EA
D:\Forex\10_EA_PROJECTS\.Final EA\. MQL4\Presets\Goldex\Goldex AI v1.4 Very low risk set.set,Goldex,set,.Final EA
D:\Forex\10_EA_PROJECTS\.Final EA\. MQL4\Presets\Goldstuff\Goldstuff V7 mt4 15min 2 digit.set,Goldstuff,set,.Final EA
D:\Forex\10_EA_PROJECTS\.Final EA\. MQL4\Presets\Goldstuff\Goldstuff V7 mt4 15min 3 digit.set,Goldstuff,set,.Final EA
D:\Forex\10_EA_PROJECTS\.Final EA\. MQL5\Presets\btcusd semi hft mt5 fix.set,Presets,set,.Final EA
D:\Forex\10_EA_PROJECTS\.Final EA\. MQL5\Presets\eurusd semi hft mt5 fix.set,Presets,set,.Final EA
D:\Forex\10_EA_PROJECTS\.Final EA\. MQL5\Presets\gbpusd semi hft mt5 fix.set,Presets,set,.Final EA
D:\Forex\10_EA_PROJECTS\.Final EA\. MQL5\Presets\usdjpy semi hft mt5 fix.set,Presets,set,.Final EA
D:\Forex\10_EA_PROJECTS\.Final EA\. MQL5\Presets\vr-lollipop-v23.072-audusd-h1-mt5-5d.set,Presets,set,.Final EA
D:\Forex\10_EA_PROJECTS\.Final EA\. MQL5\Presets\vr-lollipop-v23.072-eurusd-h1-mt5-5d.set,Presets,set,.Final EA
D:\Forex\10_EA_PROJECTS\.Final EA\. MQL5\Presets\vr-lollipop-v23.072-gbpusd-h1-mt5-5d.set,Presets,set,.Final EA
D:\Forex\10_EA_PROJECTS\.Final EA\. MQL5\Presets\vr-lollipop-v23.072-nzdusd-h1-mt5-5d.set,Presets,set,.Final EA
D:\Forex\10_EA_PROJECTS\.Final EA\. MQL5\Presets\vr-lollipop-v23.072-usdcad-h1-mt5-5d.set,Presets,set,.Final EA
D:\Forex\10_EA_PROJECTS\.Final EA\. MQL5\Presets\vr-lollipop-v23.072-usdchf-h1-mt5-5d.set,Presets,set,.Final EA
D:\Forex\10_EA_PROJECTS\.Final EA\. MQL5\Presets\vr-lollipop-v23.072-usdjpy-h1-mt5-5d.set,Presets,set,.Final EA
D:\Forex\10_EA_PROJECTS\.Final EA\. MQL5\Presets\xauusd semi hft mt5 fix.set,Presets,set,.Final EA
D:\Forex\10_EA_PROJECTS\.Final EA\. MQL5\Profiles\SymbolSets\forex.all.set,SymbolSets,set,.Final EA
D:\Forex\10_EA_PROJECTS\.Final EA\. MQL5\Profiles\SymbolSets\forex.crosses.set,SymbolSets,set,.Final EA
D:\Forex\10_EA_PROJECTS\.Final EA\. MQL5\Profiles\SymbolSets\forex.major.set,SymbolSets,set,.Final EA
D:\Forex\10_EA_PROJECTS\.Final EA\. MQL5\Profiles\Tester\!!PK Grid Increasing Martingale Close ATR1.1.set,Tester,set,.Final EA
D:\Forex\10_EA_PROJECTS\.Final EA\. MQL5\Profiles\Tester\!!PK Turbo Matingale .set,Tester,set,.Final EA
D:\Forex\10_EA_PROJECTS\.Final EA\. MQL5\Profiles\Tester\!!PK  Hedging.set,Tester,set,.Final EA
D:\Forex\10_EA_PROJECTS\.Final EA\. MQL5\Profiles\Tester\(BHG9354) SCALPION_OBV.set,Tester,set,.Final EA
D:\Forex\10_EA_PROJECTS\.Final EA\. MQL5\Profiles\Tester\(Boss) Gold Robot Scalping Time Bomb rev1.set,Tester,set,.Final EA
D:\Forex\10_EA_PROJECTS\.Final EA\. MQL5\Profiles\Tester\(Boss) grow up rev 1 dynamic lot.set,Tester,set,.Final EA
D:\Forex\10_EA_PROJECTS\.Final EA\. MQL5\Profiles\Tester\(Boss) grow up rev 1.1 dynamic lot.set,Tester,set,.Final EA
D:\Forex\10_EA_PROJECTS\.Final EA\. MQL5\Profiles\Tester\(Boss) grow up rev 1.2 dynamic lot.set,Tester,set,.Final EA
D:\Forex\10_EA_PROJECTS\.Final EA\. MQL5\Profiles\Tester\(Boss) grow up rev 1.22 dynamic lot.set,Tester,set,.Final EA
D:\Forex\10_EA_PROJECTS\.Final EA\. MQL5\Profiles\Tester\(Boss) grow up rev 1.3 dynamic lot.set,Tester,set,.Final EA
D:\Forex\10_EA_PROJECTS\.Final EA\. MQL5\Profiles\Tester\(Boss) grow up rev 1.4 dynamic lot with hedging.set,Tester,set,.Final EA
D:\Forex\10_EA_PROJECTS\.Final EA\. MQL5\Profiles\Tester\(Boss) grow up rev 1.42 dynamic lot with hedging.set,Tester,set,.Final EA
D:\Forex\10_EA_PROJECTS\.Final EA\. MQL5\Profiles\Tester\(Boss) grow up rev 1.44 dynamic lot with hedging.set,Tester,set,.Final EA
D:\Forex\10_EA_PROJECTS\.Final EA\. MQL5\Profiles\Tester\(Boss) grow up.set,Tester,set,.Final EA
"D:\Forex\10_EA_PROJECTS\.Final EA\. MQL5\Profiles\Tester\(Boss) Hedging Balance (XauM1 30,000).set",Tester,set,.Final EA
D:\Forex\10_EA_PROJECTS\.Final EA\. MQL5\Profiles\Tester\(Boss) Hedging Balance.set,Tester,set,.Final EA
D:\Forex\10_EA_PROJECTS\.Final EA\. MQL5\Profiles\Tester\(Boss) Infinix EA.set,Tester,set,.Final EA
D:\Forex\10_EA_PROJECTS\.Final EA\. MQL5\Profiles\Tester\(BOSS) Price Action - Trend Line -Fibo-Advance MM rev1.1.set,Tester,set,.Final EA
D:\Forex\10_EA_PROJECTS\.Final EA\. MQL5\Profiles\Tester\(BOSS) Price Action - Trend Line -Fibo-Advance MM rev1.11.set,Tester,set,.Final EA
D:\Forex\10_EA_PROJECTS\.Final EA\. MQL5\Profiles\Tester\(BOSS) Price Action - Trend Line -Fibo-Advance MM rev1.12.set,Tester,set,.Final EA
D:\Forex\10_EA_PROJECTS\.Final EA\. MQL5\Profiles\Tester\(BOSS) Price Action - Trend Line -Fibo-Advance MM rev1.4.set,Tester,set,.Final EA
D:\Forex\10_EA_PROJECTS\.Final EA\. MQL5\Profiles\Tester\(BOSS) Price Action - Trend Line -Fibo-Advance MM rev1.42.set,Tester,set,.Final EA
D:\Forex\10_EA_PROJECTS\.Final EA\. MQL5\Profiles\Tester\(BOSS) Price Action - Trend Line -Fibo-Advance MM rev1.43.set,Tester,set,.Final EA
D:\Forex\10_EA_PROJECTS\.Final EA\. MQL5\Profiles\Tester\(BOSS) Price Action - Trend Line -Fibo-Advance MM rev1.52.set,Tester,set,.Final EA
D:\Forex\10_EA_PROJECTS\.Final EA\. MQL5\Profiles\Tester\(BOSS) Price Action - Trend Line -Fibo-Advance MM rev1.55.set,Tester,set,.Final EA
D:\Forex\10_EA_PROJECTS\.Final EA\. MQL5\Profiles\Tester\(BOSS) Price Action - Trend Line -Fibo-Advance MM rev1.set,Tester,set,.Final EA
D:\Forex\10_EA_PROJECTS\.Final EA\. MQL5\Profiles\Tester\(BOSS) Price Action - Trend Line -Fibo-Advance MM .set,Tester,set,.Final EA
D:\Forex\10_EA_PROJECTS\.Final EA\. MQL5\Profiles\Tester\(Boss) PSAR follow trend rev 1.1 lot plus.set,Tester,set,.Final EA
D:\Forex\10_EA_PROJECTS\.Final EA\. MQL5\Profiles\Tester\(Boss) PSAR follow trend rev 1.12 lot plus .set,Tester,set,.Final EA
D:\Forex\10_EA_PROJECTS\.Final EA\. MQL5\Profiles\Tester\(Boss) PSAR follow trend rev 1.13 lot plus .set,Tester,set,.Final EA
D:\Forex\10_EA_PROJECTS\.Final EA\. MQL5\Profiles\Tester\(Boss) PSAR follow trend rev 1.131 lot plus .set,Tester,set,.Final EA
D:\Forex\10_EA_PROJECTS\.Final EA\. MQL5\Profiles\Tester\(Boss) PSAR follow trend rev 1.14 lot plus .set,Tester,set,.Final EA
D:\Forex\10_EA_PROJECTS\.Final EA\. MQL5\Profiles\Tester\(Boss) PSAR follow trend rev 1.23 lot plus .set,Tester,set,.Final EA
D:\Forex\10_EA_PROJECTS\.Final EA\. MQL5\Profiles\Tester\(Boss) PSAR follow trend rev 1.2 lot plus .set,Tester,set,.Final EA
D:\Forex\10_EA_PROJECTS\.Final EA\. MQL5\Profiles\Tester\(Boss)Advance MM Connect DL by WOBR rev 1.1.set,Tester,set,.Final EA
D:\Forex\10_EA_PROJECTS\.Final EA\. MQL5\Profiles\Tester\(Boss)Advance MM Connect DL by WOBR rev 1.2.set,Tester,set,.Final EA
D:\Forex\10_EA_PROJECTS\.Final EA\. MQL5\Profiles\Tester\(Boss)Advance MM Connect DL by WOBR rev 1.21.set,Tester,set,.Final EA
D:\Forex\10_EA_PROJECTS\.Final EA\. MQL5\Profiles\Tester\(Boss)Advance MM Connect DL by WOBR rev 1.22.set,Tester,set,.Final EA
D:\Forex\10_EA_PROJECTS\.Final EA\. MQL5\Profiles\Tester\(Boss)Advance MM Connect DL by WOBR rev 1.3.set,Tester,set,.Final EA
D:\Forex\10_EA_PROJECTS\.Final EA\. MQL5\Profiles\Tester\(Boss)Advance MM Connect DL by WOBR rev 1.5.set,Tester,set,.Final EA
D:\Forex\10_EA_PROJECTS\.Final EA\. MQL5\Profiles\Tester\(Boss)Advance MM Connect DL by WOBR rev 1.set,Tester,set,.Final EA
D:\Forex\10_EA_PROJECTS\.Final EA\. MQL5\Profiles\Tester\(Boss)Advance MM_Envelope.set,Tester,set,.Final EA
D:\Forex\10_EA_PROJECTS\.Final EA\. MQL5\Profiles\Tester\(Boss)Advance MM_RSI.set,Tester,set,.Final EA
D:\Forex\10_EA_PROJECTS\.Final EA\. MQL5\Profiles\Tester\(Boss)Advance MM_SAR.set,Tester,set,.Final EA
D:\Forex\10_EA_PROJECTS\.Final EA\. MQL5\Profiles\Tester\(Boss)RSI_OBOS rev 5 (MM ATR and TP percent and pip).set,Tester,set,.Final EA
D:\Forex\10_EA_PROJECTS\.Final EA\. MQL5\Profiles\Tester\(Boss)  Supermax .set,Tester,set,.Final EA
D:\Forex\10_EA_PROJECTS\.Final EA\. MQL5\Profiles\Tester\(BPF5786) 4.2.31-ICHIMOKU+ADX Plus ATR Money Keeper.set,Tester,set,.Final EA
D:\Forex\10_EA_PROJECTS\.Final EA\. MQL5\Profiles\Tester\(CGI3435) SWINGALA_RSI.set,Tester,set,.Final EA
D:\Forex\10_EA_PROJECTS\.Final EA\. MQL5\Profiles\Tester\(EHK7023) TRENDRA_EMA.set,Tester,set,.Final EA
D:\Forex\10_EA_PROJECTS\.Final EA\. MQL5\Profiles\Tester\(ERH7330) SWINGALA_MEAN.set,Tester,set,.Final EA
D:\Forex\10_EA_PROJECTS\.Final EA\. MQL5\Profiles\Tester\(ETY1579) 106.1.1 THS ATR VolM STOup DCA CA.set,Tester,set,.Final EA
D:\Forex\10_EA_PROJECTS\.Final EA\. MQL5\Profiles\Tester\(EXJ9087) TRENDRA_ENV.set,Tester,set,.Final EA
D:\Forex\10_EA_PROJECTS\.Final EA\. MQL5\Profiles\Tester\(Jobot) Price Action - Trend Line -Fibo -Martingale .set,Tester,set,.Final EA
D:\Forex\10_EA_PROJECTS\.Final EA\. MQL5\Profiles\Tester\(Jobot) Trend Line by Zigzag Martingale.set,Tester,set,.Final EA
D:\Forex\10_EA_PROJECTS\.Final EA\. MQL5\Profiles\Tester\(JobotX) BITCOIN STOCKs DCA.set,Tester,set,.Final EA
D:\Forex\10_EA_PROJECTS\.Final EA\. MQL5\Profiles\Tester\(KKA0637) MARTINGATE_SAR.set,Tester,set,.Final EA
D:\Forex\10_EA_PROJECTS\.Final EA\. MQL5\Profiles\Tester\(KNL8472) SCALPION_FRACTALS.set,Tester,set,.Final EA
D:\Forex\10_EA_PROJECTS\.Final EA\. MQL5\Profiles\Tester\(MZE0187) TRENDRA_SAR.set,Tester,set,.Final EA
D:\Forex\10_EA_PROJECTS\.Final EA\. MQL5\Profiles\Tester\(Niyombot) Price Action Close All Lot.d H1.set,Tester,set,.Final EA
D:\Forex\10_EA_PROJECTS\.Final EA\. MQL5\Profiles\Tester\(Niyombot) Vote Close All Lot.D H1 V6.set,Tester,set,.Final EA
D:\Forex\10_EA_PROJECTS\.Final EA\. MQL5\Profiles\Tester\(OH) 2way EA v05G.set,Tester,set,.Final EA
D:\Forex\10_EA_PROJECTS\.Final EA\. MQL5\Profiles\Tester\(oh) Advance Dashboard Manual-Semi-Auto.set,Tester,set,.Final EA
D:\Forex\10_EA_PROJECTS\.Final EA\. MQL5\Profiles\Tester\(Oh) Arbitrage Super Profit V04.set,Tester,set,.Final EA
D:\Forex\10_EA_PROJECTS\.Final EA\. MQL5\Profiles\Tester\(Oh) CCI Currencies Strength ATR  Ranking Nearby  V09.set,Tester,set,.Final EA
D:\Forex\10_EA_PROJECTS\.Final EA\. MQL5\Profiles\Tester\(oh) continue v06.set,Tester,set,.Final EA
D:\Forex\10_EA_PROJECTS\.Final EA\. MQL5\Profiles\Tester\(Oh) EA Dashboard V04A.set,Tester,set,.Final EA
D:\Forex\10_EA_PROJECTS\.Final EA\. MQL5\Profiles\Tester\(oh) fibo gold v06.set,Tester,set,.Final EA
D:\Forex\10_EA_PROJECTS\.Final EA\. MQL5\Profiles\Tester\(oh) Grid Lot Full Hedging Snowball EA .set,Tester,set,.Final EA
D:\Forex\10_EA_PROJECTS\.Final EA\. MQL5\Profiles\Tester\(Oh) Grid Upper lower V23.set,Tester,set,.Final EA
D:\Forex\10_EA_PROJECTS\.Final EA\. MQL5\Profiles\Tester\(oh) Master GRID ATR Accumulative Deduction -B V22A.set,Tester,set,.Final EA
D:\Forex\10_EA_PROJECTS\.Final EA\. MQL5\Profiles\Tester\(oh) pun lot hedging v15.set,Tester,set,.Final EA
D:\Forex\10_EA_PROJECTS\.Final EA\. MQL5\Profiles\Tester\(Oh) ZZ EA V05A.set,Tester,set,.Final EA
D:\Forex\10_EA_PROJECTS\.Final EA\. MQL5\Profiles\Tester\(oh)  Bot V00.set,Tester,set,.Final EA
D:\Forex\10_EA_PROJECTS\.Final EA\. MQL5\Profiles\Tester\(OH)  Fibo Harmonic Pattern V01A.set,Tester,set,.Final EA
D:\Forex\10_EA_PROJECTS\.Final EA\. MQL5\Profiles\Tester\(OH) Recovery Hedging System with SL V02.set,Tester,set,.Final EA
D:\Forex\10_EA_PROJECTS\.Final EA\. MQL5\Profiles\Tester\(OH) Recovery Hedging System with SL V04.set,Tester,set,.Final EA
D:\Forex\10_EA_PROJECTS\.Final EA\. MQL5\Profiles\Tester\(OH) Recovery Hedging System with SL V05.set,Tester,set,.Final EA
D:\Forex\10_EA_PROJECTS\.Final EA\. MQL5\Profiles\Tester\(Patha) Cal 3 Arbitrage Fibo + MACD Sum Confirmation.set,Tester,set,.Final EA
D:\Forex\10_EA_PROJECTS\.Final EA\. MQL5\Profiles\Tester\(Patha) Correlation with CCI + MACD Confirmation.set,Tester,set,.Final EA
D:\Forex\10_EA_PROJECTS\.Final EA\. MQL5\Profiles\Tester\(POR1) Xau_M15_R09.set,Tester,set,.Final EA
D:\Forex\10_EA_PROJECTS\.Final EA\. MQL5\Profiles\Tester\(PrinnbotX) G Scalping (Exness) (24) (9).set,Tester,set,.Final EA
D:\Forex\10_EA_PROJECTS\.Final EA\. MQL5\Profiles\Tester\(PrinnbotX) G Scalping (Gold) (18).set,Tester,set,.Final EA
D:\Forex\10_EA_PROJECTS\.Final EA\. MQL5\Profiles\Tester\(Rhyme) Range Breakout-Pending.set,Tester,set,.Final EA
D:\Forex\10_EA_PROJECTS\.Final EA\. MQL5\Profiles\Tester\(Rhyme)  In&Out Side Bar.set,Tester,set,.Final EA
"D:\Forex\10_EA_PROJECTS\.Final EA\. MQL5\Profiles\Tester\(Rhyme) Sniper (Breakout, Reversal, Order Block).set",Tester,set,.Final EA
D:\Forex\10_EA_PROJECTS\.Final EA\. MQL5\Profiles\Tester\(ST) EA03 Count MACD v1.set,Tester,set,.Final EA
D:\Forex\10_EA_PROJECTS\.Final EA\. MQL5\Profiles\Tester\(TKE5201) HEDGATRON_STO.set,Tester,set,.Final EA
D:\Forex\10_EA_PROJECTS\.Final EA\. MQL5\Profiles\Tester\(TUL7343) TRENDRA_ADX.set,Tester,set,.Final EA
D:\Forex\10_EA_PROJECTS\.Final EA\. MQL5\Profiles\Tester\(WVJ9100) HEDGATRON_ICHIMOKU.set,Tester,set,.Final EA
D:\Forex\10_EA_PROJECTS\.Final EA\. MQL5\Profiles\Tester\(  Niyombot )  Supermax User 2041163.set,Tester,set,.Final EA
D:\Forex\10_EA_PROJECTS\.Final EA\. MQL5\Profiles\Tester\11198621.set,Tester,set,.Final EA
D:\Forex\10_EA_PROJECTS\.Final EA\. MQL5\Profiles\Tester\143 E4.5 Grid  (1).set,Tester,set,.Final EA
D:\Forex\10_EA_PROJECTS\.Final EA\. MQL5\Profiles\Tester\143 E4.7.4 v1.set,Tester,set,.Final EA
D:\Forex\10_EA_PROJECTS\.Final EA\. MQL5\Profiles\Tester\143 E4.7.4 v2.set,Tester,set,.Final EA
D:\Forex\10_EA_PROJECTS\.Final EA\. MQL5\Profiles\Tester\143 Scalping Ema Multi TF by Korn.set,Tester,set,.Final EA
D:\Forex\10_EA_PROJECTS\.Final EA\. MQL5\Profiles\Tester\43.Fast Shot Arbitrage 6.6.68.set,Tester,set,.Final EA
D:\Forex\10_EA_PROJECTS\.Final EA\. MQL5\Profiles\Tester\50-100 Pullback.set,Tester,set,.Final EA
D:\Forex\10_EA_PROJECTS\.Final EA\. MQL5\Profiles\Tester\AAA#IRSI SUMPIP LOT MARTINGLESEQUENCE.set,Tester,set,.Final EA
D:\Forex\10_EA_PROJECTS\.Final EA\. MQL5\Profiles\Tester\AccountLive[ProMax].set,Tester,set,.Final EA
D:\Forex\10_EA_PROJECTS\.Final EA\. MQL5\Profiles\Tester\Advance Grid V1.set,Tester,set,.Final EA
D:\Forex\10_EA_PROJECTS\.Final EA\. MQL5\Profiles\Tester\Advance MM Connect DL by WOBR.set,Tester,set,.Final EA
D:\Forex\10_EA_PROJECTS\.Final EA\. MQL5\Profiles\Tester\Ai Close 26.set,Tester,set,.Final EA
D:\Forex\10_EA_PROJECTS\.Final EA\. MQL5\Profiles\Tester\Alpha V1.0.set,Tester,set,.Final EA
D:\Forex\10_EA_PROJECTS\.Final EA\. MQL5\Profiles\Tester\barcode btc03แมว.set,Tester,set,.Final EA
D:\Forex\10_EA_PROJECTS\.Final EA\. MQL5\Profiles\Tester\barcode btc03แมว1.set,Tester,set,.Final EA
D:\Forex\10_EA_PROJECTS\.Final EA\. MQL5\Profiles\Tester\barcode eu 02 แมว.set,Tester,set,.Final EA
D:\Forex\10_EA_PROJECTS\.Final EA\. MQL5\Profiles\Tester\BARCODE RE-MASTER 27111.set,Tester,set,.Final EA
D:\Forex\10_EA_PROJECTS\.Final EA\. MQL5\Profiles\Tester\barcode uj 02 แมว.set,Tester,set,.Final EA
D:\Forex\10_EA_PROJECTS\.Final EA\. MQL5\Profiles\Tester\barcode xau 03 แมว.set,Tester,set,.Final EA
D:\Forex\10_EA_PROJECTS\.Final EA\. MQL5\Profiles\Tester\barcode xau 03 แมว1.set,Tester,set,.Final EA
D:\Forex\10_EA_PROJECTS\.Final EA\. MQL5\Profiles\Tester\BB + RSI.set,Tester,set,.Final EA
D:\Forex\10_EA_PROJECTS\.Final EA\. MQL5\Profiles\Tester\Ben_CR_2025_v1.2 (10) (2) (5) (16) (4).set,Tester,set,.Final EA
D:\Forex\10_EA_PROJECTS\.Final EA\. MQL5\Profiles\Tester\Black Wolf EA.set,Tester,set,.Final EA
D:\Forex\10_EA_PROJECTS\.Final EA\. MQL5\Profiles\Tester\BMA 5   27.5.68.set,Tester,set,.Final EA
D:\Forex\10_EA_PROJECTS\.Final EA\. MQL5\Profiles\Tester\BOO - EA Gold Mean Reversion _ Fibo Scalping V4.2.set,Tester,set,.Final EA
D:\Forex\10_EA_PROJECTS\.Final EA\. MQL5\Profiles\Tester\BS Pofit888.set,Tester,set,.Final EA
D:\Forex\10_EA_PROJECTS\.Final EA\. MQL5\Profiles\Tester\BT 51 (2).set,Tester,set,.Final EA
D:\Forex\10_EA_PROJECTS\.Final EA\. MQL5\Profiles\Tester\candleanglepro10x.set,Tester,set,.Final EA
D:\Forex\10_EA_PROJECTS\.Final EA\. MQL5\Profiles\Tester\CHICKEN LITTILE EA 2 SYSTEM.set,Tester,set,.Final EA
D:\Forex\10_EA_PROJECTS\.Final EA\. MQL5\Profiles\Tester\DynGridMAX AI BBQTH V2.5c (EXP25122125).set,Tester,set,.Final EA
D:\Forex\10_EA_PROJECTS\.Final EA\. MQL5\Profiles\Tester\EA ExtraGold(M12)cent.set,Tester,set,.Final EA
D:\Forex\10_EA_PROJECTS\.Final EA\. MQL5\Profiles\Tester\EA ExtraGold(SP20-40)M12.set,Tester,set,.Final EA
D:\Forex\10_EA_PROJECTS\.Final EA\. MQL5\Profiles\Tester\EA ExtraGold(V2)M12.set,Tester,set,.Final EA
D:\Forex\10_EA_PROJECTS\.Final EA\. MQL5\Profiles\Tester\EA GOLD CENTER V.2 Expried 11.04.2025.set,Tester,set,.Final EA
D:\Forex\10_EA_PROJECTS\.Final EA\. MQL5\Profiles\Tester\EA Golden Fighter V.2.2.set,Tester,set,.Final EA
D:\Forex\10_EA_PROJECTS\.Final EA\. MQL5\Profiles\Tester\EA Hunter Pro - Interstellar  ID.set,Tester,set,.Final EA
D:\Forex\10_EA_PROJECTS\.Final EA\. MQL5\Profiles\Tester\EA Re Mink-Kwan 2.2.set,Tester,set,.Final EA
D:\Forex\10_EA_PROJECTS\.Final EA\. MQL5\Profiles\Tester\EA SuperRichGold(M12).set,Tester,set,.Final EA
D:\Forex\10_EA_PROJECTS\.Final EA\. MQL5\Profiles\Tester\EA SuperRichGold(V4) M12.set,Tester,set,.Final EA
D:\Forex\10_EA_PROJECTS\.Final EA\. MQL5\Profiles\Tester\EA2 WOBR AI AGENT Manager v2.3.set,Tester,set,.Final EA
D:\Forex\10_EA_PROJECTS\.Final EA\. MQL5\Profiles\Tester\EA  NO WAY  1.0.set,Tester,set,.Final EA
D:\Forex\10_EA_PROJECTS\.Final EA\. MQL5\Profiles\Tester\EMA + PSAR.set,Tester,set,.Final EA
D:\Forex\10_EA_PROJECTS\.Final EA\. MQL5\Profiles\Tester\EnhancedTrendFollowingEA.set,Tester,set,.Final EA
D:\Forex\10_EA_PROJECTS\.Final EA\. MQL5\Profiles\Tester\EQE7906 1-1-22 BB RSI x ATR Flex Trail mq5.set,Tester,set,.Final EA
D:\Forex\10_EA_PROJECTS\.Final EA\. MQL5\Profiles\Tester\ESQ1004 1-13-17 BB RSI X Pyramid All Perfect mq5.set,Tester,set,.Final EA
D:\Forex\10_EA_PROJECTS\.Final EA\. MQL5\Profiles\Tester\EX162 - EMA Rising and EMA Crossover.set,Tester,set,.Final EA
D:\Forex\10_EA_PROJECTS\.Final EA\. MQL5\Profiles\Tester\EX170 - Zone Trading Strategy.set,Tester,set,.Final EA
D:\Forex\10_EA_PROJECTS\.Final EA\. MQL5\Profiles\Tester\EX172 - Robot CCI V.5.set,Tester,set,.Final EA
D:\Forex\10_EA_PROJECTS\.Final EA\. MQL5\Profiles\Tester\EX177 - Grid Trading System and Hedging Lots rev 2.2.set,Tester,set,.Final EA
D:\Forex\10_EA_PROJECTS\.Final EA\. MQL5\Profiles\Tester\EX177-Custom1- Grid T-S-H Lots MT5 [Idea from Student]1.set,Tester,set,.Final EA
D:\Forex\10_EA_PROJECTS\.Final EA\. MQL5\Profiles\Tester\EX52 - )XAUUSD Mua  Mua   v1.set,Tester,set,.Final EA
D:\Forex\10_EA_PROJECTS\.Final EA\. MQL5\Profiles\Tester\EX98 - Gold Robot Scalping V9 [Pending Order Strategy].set,Tester,set,.Final EA
D:\Forex\10_EA_PROJECTS\.Final EA\. MQL5\Profiles\Tester\fastclose5.1ใช้กับbarcodesetแมว03.set,Tester,set,.Final EA
D:\Forex\10_EA_PROJECTS\.Final EA\. MQL5\Profiles\Tester\FAST_Rebalance  2.2 .set,Tester,set,.Final EA
D:\Forex\10_EA_PROJECTS\.Final EA\. MQL5\Profiles\Tester\Follow Trend Pro 1.4.set,Tester,set,.Final EA
D:\Forex\10_EA_PROJECTS\.Final EA\. MQL5\Profiles\Tester\Ghost Bot 01 G07 (1).set,Tester,set,.Final EA
D:\Forex\10_EA_PROJECTS\.Final EA\. MQL5\Profiles\Tester\Ghost by JOMHOD MA5.set,Tester,set,.Final EA
D:\Forex\10_EA_PROJECTS\.Final EA\. MQL5\Profiles\Tester\GOF4884 1-1-1 BB RSI x ATR Engulfing Pro mq5.set,Tester,set,.Final EA
D:\Forex\10_EA_PROJECTS\.Final EA\. MQL5\Profiles\Tester\Grid 10 Order Martingale (2).set,Tester,set,.Final EA
D:\Forex\10_EA_PROJECTS\.Final EA\. MQL5\Profiles\Tester\Grid 10 vy 1.set,Tester,set,.Final EA
D:\Forex\10_EA_PROJECTS\.Final EA\. MQL5\Profiles\Tester\Grid Profit-2-way.set,Tester,set,.Final EA
D:\Forex\10_EA_PROJECTS\.Final EA\. MQL5\Profiles\Tester\Grid Profit-2-way  RV1[LOCK]V3.set,Tester,set,.Final EA
D:\Forex\10_EA_PROJECTS\.Final EA\. MQL5\Profiles\Tester\Grid with Hedging 5.set,Tester,set,.Final EA
D:\Forex\10_EA_PROJECTS\.Final EA\. MQL5\Profiles\Tester\Grid197 MO ATR.set,Tester,set,.Final EA
D:\Forex\10_EA_PROJECTS\.Final EA\. MQL5\Profiles\Tester\GridHedgeCasgflow Rebalance.set,Tester,set,.Final EA
D:\Forex\10_EA_PROJECTS\.Final EA\. MQL5\Profiles\Tester\Grizzy[BUY]v1.0.set,Tester,set,.Final EA
D:\Forex\10_EA_PROJECTS\.Final EA\. MQL5\Profiles\Tester\HedgeEA_2ways_XAUUSD_Plus1.set,Tester,set,.Final EA
D:\Forex\10_EA_PROJECTS\.Final EA\. MQL5\Profiles\Tester\HedgeEA_XAUUSD_MultiGroups News Detected.set,Tester,set,.Final EA
"D:\Forex\10_EA_PROJECTS\.Final EA\. MQL5\Profiles\Tester\Hedging Rebalance [XauM1 30,000-0.01]20250630.set",Tester,set,.Final EA
D:\Forex\10_EA_PROJECTS\.Final EA\. MQL5\Profiles\Tester\Lot Rebate v2.0.set,Tester,set,.Final EA
D:\Forex\10_EA_PROJECTS\.Final EA\. MQL5\Profiles\Tester\M01 EU H1 RSI ADX MTG.set,Tester,set,.Final EA
D:\Forex\10_EA_PROJECTS\.Final EA\. MQL5\Profiles\Tester\M03 XAU M5 TB Scalping.set,Tester,set,.Final EA
D:\Forex\10_EA_PROJECTS\.Final EA\. MQL5\Profiles\Tester\M08 EURGBP RSI ADX H1.set,Tester,set,.Final EA
D:\Forex\10_EA_PROJECTS\.Final EA\. MQL5\Profiles\Tester\M12 XAU H1 MAADX Engulf Trend.set,Tester,set,.Final EA
D:\Forex\10_EA_PROJECTS\.Final EA\. MQL5\Profiles\Tester\mastermind MT5.set,Tester,set,.Final EA
D:\Forex\10_EA_PROJECTS\.Final EA\. MQL5\Profiles\Tester\ME100 BOT V5 [XauH1].set,Tester,set,.Final EA
D:\Forex\10_EA_PROJECTS\.Final EA\. MQL5\Profiles\Tester\min CCI 2Currencies Strength Carry Trade Trailing .set,Tester,set,.Final EA
D:\Forex\10_EA_PROJECTS\.Final EA\. MQL5\Profiles\Tester\MN V1.0.set,Tester,set,.Final EA
D:\Forex\10_EA_PROJECTS\.Final EA\. MQL5\Profiles\Tester\Moving Average.set,Tester,set,.Final EA
D:\Forex\10_EA_PROJECTS\.Final EA\. MQL5\Profiles\Tester\Multi-pair Trend Following.set,Tester,set,.Final EA
D:\Forex\10_EA_PROJECTS\.Final EA\. MQL5\Profiles\Tester\No.38 Demand Supply.set,Tester,set,.Final EA
D:\Forex\10_EA_PROJECTS\.Final EA\. MQL5\Profiles\Tester\No.44 STO wave Lotdivided.set,Tester,set,.Final EA
D:\Forex\10_EA_PROJECTS\.Final EA\. MQL5\Profiles\Tester\PUMLOT V. 7  + HEDGING REBALANCE EQUITY   EX6.set,Tester,set,.Final EA
D:\Forex\10_EA_PROJECTS\.Final EA\. MQL5\Profiles\Tester\PuN LoT XTime-r1.set,Tester,set,.Final EA
D:\Forex\10_EA_PROJECTS\.Final EA\. MQL5\Profiles\Tester\RoyalPrince_Goldy_Free_Trial.set,Tester,set,.Final EA
D:\Forex\10_EA_PROJECTS\.Final EA\. MQL5\Profiles\Tester\RSI Scalping  Gold Low Spread Ver 1.41.set,Tester,set,.Final EA
D:\Forex\10_EA_PROJECTS\.Final EA\. MQL5\Profiles\Tester\Scalping Trading v2.3.set,Tester,set,.Final EA
D:\Forex\10_EA_PROJECTS\.Final EA\. MQL5\Profiles\Tester\Scalping-EA-AsReMix.set,Tester,set,.Final EA
D:\Forex\10_EA_PROJECTS\.Final EA\. MQL5\Profiles\Tester\SEMI HFT EA MT5 FIX.set,Tester,set,.Final EA
D:\Forex\10_EA_PROJECTS\.Final EA\. MQL5\Profiles\Tester\Semiauto Trailing V1.20.set,Tester,set,.Final EA
D:\Forex\10_EA_PROJECTS\.Final EA\. MQL5\Profiles\Tester\SmartProfitPatternEA_Momentum.set,Tester,set,.Final EA
D:\Forex\10_EA_PROJECTS\.Final EA\. MQL5\Profiles\Tester\so cool  AV  order  unlimit mt5 FINAL.set,Tester,set,.Final EA
D:\Forex\10_EA_PROJECTS\.Final EA\. MQL5\Profiles\Tester\SRISUTTHO GHOST BOT SN.XAUUSD NO.00000191 EX-30-04-25.set,Tester,set,.Final EA
D:\Forex\10_EA_PROJECTS\.Final EA\. MQL5\Profiles\Tester\SurfGold V1.0.set,Tester,set,.Final EA
D:\Forex\10_EA_PROJECTS\.Final EA\. MQL5\Profiles\Tester\The Day Zone v2.set,Tester,set,.Final EA
D:\Forex\10_EA_PROJECTS\.Final EA\. MQL5\Profiles\Tester\Trend is King V11(no zigzag).set,Tester,set,.Final EA
D:\Forex\10_EA_PROJECTS\.Final EA\. MQL5\Profiles\Tester\V#IRSI SUMPIP LOT MARTINGLESEQUENCE.set,Tester,set,.Final EA
D:\Forex\10_EA_PROJECTS\.Final EA\. MQL5\Profiles\Tester\Vietcombank V1.set,Tester,set,.Final EA
D:\Forex\10_EA_PROJECTS\.Final EA\. MQL5\Profiles\Tester\VR Lollipop V23.93 EA.set,Tester,set,.Final EA
D:\Forex\10_EA_PROJECTS\.Final EA\. MQL5\Profiles\Tester\Winning Pro 2.5 (Update).set,Tester,set,.Final EA
D:\Forex\10_EA_PROJECTS\.Final EA\. MQL5\Profiles\Tester\Winning  Semi auto RobotV3.set,Tester,set,.Final EA
D:\Forex\10_EA_PROJECTS\.Final EA\. MQL5\Profiles\Tester\XAU PRO Trend.set,Tester,set,.Final EA
D:\Forex\10_EA_PROJECTS\.Final EA\. MQL5\Profiles\Tester\[189] - MGS[FastClose].set,Tester,set,.Final EA
D:\Forex\10_EA_PROJECTS\.Final EA\. MQL5\Profiles\Tester\[EX-127 - [Upgrade] .set,Tester,set,.Final EA
D:\Forex\10_EA_PROJECTS\.Final EA\. MQL5\Profiles\Tester\Work\(Niyombot) Price Action Close All Lot.d H1_XAUUSD_H1.set,Work,set,.Final EA
D:\Forex\10_EA_PROJECTS\.Final EA\AW Recovery\(old)AW Recovery EA V3.3\AW Recovery set 003.set,(old)AW Recovery EA V3.3,set,.Final EA
D:\Forex\10_EA_PROJECTS\.Final EA\AW Recovery\(old)AW Recovery EA V3.3\Presets\AW-123.set,Presets,set,.Final EA
D:\Forex\10_EA_PROJECTS\.Final EA\AW Recovery\(old)AW Recovery EA V3.3\Presets\AW-456.set,Presets,set,.Final EA
D:\Forex\10_EA_PROJECTS\.Final EA\AW Recovery\(old)AW Recovery EA V3.3\Presets\AW-EUH4-DD20_.set,Presets,set,.Final EA
D:\Forex\10_EA_PROJECTS\.Final EA\AW Recovery\(old)AW Recovery EA V3.3\Presets\AW-GUH4-DD20_.set,Presets,set,.Final EA
D:\Forex\10_EA_PROJECTS\.Final EA\AW Recovery\(old)AW Recovery EA V3.3\Presets\AW-XUH4-DD15_.set,Presets,set,.Final EA
D:\Forex\10_EA_PROJECTS\.Final EA\AW Recovery\(old)AW Recovery EA V3.3\Presets\วิธีแบ่งปิดกำไรทางมือถือ\AW-123.set,วิธีแบ่งปิดกำไรทางมือถือ,set,.Final EA
D:\Forex\10_EA_PROJECTS\.Final EA\AW Recovery\(old)AW Recovery EA V3.3\Presets\วิธีแบ่งปิดกำไรทางมือถือ\AW-456.set,วิธีแบ่งปิดกำไรทางมือถือ,set,.Final EA
D:\Forex\10_EA_PROJECTS\.Final EA\AW Recovery\++Link Download AW Recovery\AW Recovery EA v3.3@LifeInDreamsWorld\AW Recovery EA v3.3\Presets\AWRecovery m5.set,Presets,set,.Final EA
D:\Forex\10_EA_PROJECTS\.Final EA\AW Recovery\++Link Download AW Recovery\Link download AW Recover v3.3fix\Presets\AW-EUH4-DD20_.set,Presets,set,.Final EA
D:\Forex\10_EA_PROJECTS\.Final EA\AW Recovery\++Link Download AW Recovery\Link download AW Recover v3.3fix\Presets\AW-GUH4-DD20_.set,Presets,set,.Final EA
D:\Forex\10_EA_PROJECTS\.Final EA\AW Recovery\++Link Download AW Recovery\Link download AW Recover v3.3fix\Presets\AW-no direction.set,Presets,set,.Final EA
D:\Forex\10_EA_PROJECTS\.Final EA\AW Recovery\++Link Download AW Recovery\Link download AW Recover v3.3fix\Presets\AW-XUH4-DD15_.set,Presets,set,.Final EA
D:\Forex\10_EA_PROJECTS\.Final EA\AW Recovery\++Link Download AW Recovery\Link download AW Recover v3.3fix\Presets\AWRecovery_GU_H4_WhenDD150us.set,Presets,set,.Final EA
D:\Forex\10_EA_PROJECTS\.Final EA\AW Recovery\++Link Download AW Recovery\Link download AW Recover v3.3fix\Presets\AWRecovery_XU_H4_WhenDD150us-balance1000us.set,Presets,set,.Final EA
D:\Forex\10_EA_PROJECTS\.Final EA\AW Recovery\++Link Download AW Recovery\Link download AW Recover v3.3fix\คู่มือ AW\วิธีแบ่งปิดกำไรทางมือถือ\AW-123.set,วิธีแบ่งปิดกำไรทางมือถือ,set,.Final EA
D:\Forex\10_EA_PROJECTS\.Final EA\AW Recovery\++Link Download AW Recovery\Link download AW Recover v3.3fix\คู่มือ AW\วิธีแบ่งปิดกำไรทางมือถือ\AW-456.set,วิธีแบ่งปิดกำไรทางมือถือ,set,.Final EA
D:\Forex\10_EA_PROJECTS\.Final EA\AW Recovery\++Link Download AW Recovery\Link download AW Recover v3.3fix - ENG\Presets\AW for Gold if DD30_.set,Presets,set,.Final EA
D:\Forex\10_EA_PROJECTS\.Final EA\AW Recovery\++Link Download AW Recovery\Link download AW Recover v3.3fix - ENG\Presets\AW-EUH4-DD20_.set,Presets,set,.Final EA
D:\Forex\10_EA_PROJECTS\.Final EA\AW Recovery\++Link Download AW Recovery\Link download AW Recover v3.3fix - ENG\Presets\AW-GUH4-DD20_.set,Presets,set,.Final EA
D:\Forex\10_EA_PROJECTS\.Final EA\AW Recovery\++Link Download AW Recovery\Link download AW Recover v3.3fix - ENG\Presets\AW-no direction.set,Presets,set,.Final EA
D:\Forex\10_EA_PROJECTS\.Final EA\AW Recovery\++Link Download AW Recovery\Link download AW Recover v3.3fix - ENG\Presets\AW-XUH4-DD15_.set,Presets,set,.Final EA
D:\Forex\10_EA_PROJECTS\.Final EA\AW Recovery\++Link Download AW Recovery\Link download AW Recover v3.3fix - ENG\Presets\AWRecovery_GU_H4_WhenDD150us.set,Presets,set,.Final EA
D:\Forex\10_EA_PROJECTS\.Final EA\AW Recovery\++Link Download AW Recovery\Link download AW Recover v3.3fix - ENG\Presets\AWRecovery_XU_H4_WhenDD150us-balance1000us.set,Presets,set,.Final EA
D:\Forex\10_EA_PROJECTS\.Final EA\AW Recovery\Presets\AW-123.set,Presets,set,.Final EA
D:\Forex\10_EA_PROJECTS\.Final EA\AW Recovery\Presets\AW-456.set,Presets,set,.Final EA
D:\Forex\10_EA_PROJECTS\.Final EA\AW Recovery\Presets\AW-EUH4-DD20_.set,Presets,set,.Final EA
D:\Forex\10_EA_PROJECTS\.Final EA\AW Recovery\Presets\AW-GUH4-DD20_.set,Presets,set,.Final EA
D:\Forex\10_EA_PROJECTS\.Final EA\AW Recovery\Presets\AW-XUH4-DD15_.set,Presets,set,.Final EA
D:\Forex\10_EA_PROJECTS\.Final EA\AW Recovery\Presets\วิธีแบ่งปิดกำไรทางมือถือ\AW-123.set,วิธีแบ่งปิดกำไรทางมือถือ,set,.Final EA
D:\Forex\10_EA_PROJECTS\.Final EA\AW Recovery\Presets\วิธีแบ่งปิดกำไรทางมือถือ\AW-456.set,วิธีแบ่งปิดกำไรทางมือถือ,set,.Final EA
D:\Forex\10_EA_PROJECTS\.Final EA\burengnong\Burengnong207.set,burengnong,set,.Final EA
D:\Forex\10_EA_PROJECTS\.Final EA\burengnong\Combo-God_Blassing+BRN2073+RMK\MQL4\Presets\BRN2073_TF15.set,Presets,set,.Final EA
D:\Forex\10_EA_PROJECTS\.Final EA\burengnong\Combo-God_Blassing+BRN2073+RMK\MQL4\Presets\GodBlass_TF15.set,Presets,set,.Final EA
D:\Forex\10_EA_PROJECTS\.Final EA\burengnong\Combo-God_Blassing+BRN2073+RMK\MQL4\Presets\RMK.set,Presets,set,.Final EA
D:\Forex\10_EA_PROJECTS\.Final EA\burengnong\MQL4\Presets\BuRengNong209_InsideNEWS\Bureng_209_Gold_M15_THB.set,BuRengNong209_InsideNEWS,set,.Final EA
D:\Forex\10_EA_PROJECTS\.Final EA\burengnong\MQL4\Presets\BuRengNong209_InsideNEWS\Scalper Inside_4EXTRADER.set,BuRengNong209_InsideNEWS,set,.Final EA
D:\Forex\10_EA_PROJECTS\.Final EA\EA Game Changer V2.0 MT4\EA Game Changer V2.0 MT4\Game changer Preset\GameChanger_mt4_audcad_m15.set,Game changer Preset,set,.Final EA
D:\Forex\10_EA_PROJECTS\.Final EA\EA Game Changer V2.0 MT4\EA Game Changer V2.0 MT4\Game changer Preset\GameChanger_mt4_eurusd_m15.set,Game changer Preset,set,.Final EA
D:\Forex\10_EA_PROJECTS\.Final EA\EA Game Changer V2.0 MT4\EA Game Changer V2.0 MT4\Game changer Preset\GameChanger_mt4_gbpusd_m15.set,Game changer Preset,set,.Final EA
D:\Forex\10_EA_PROJECTS\.Final EA\EA Game Changer V2.0 MT4\EA Game Changer V2.0 MT4\Game changer Preset\GameChanger_mt4_nzdcad_m15.set,Game changer Preset,set,.Final EA
D:\Forex\10_EA_PROJECTS\.Final EA\EA Game Changer V2.0 MT4\EA Game Changer V2.0 MT4\Game changer Preset\GameChanger_mt4_xauusd_m15_2digit.set,Game changer Preset,set,.Final EA
D:\Forex\10_EA_PROJECTS\.Final EA\EA Game Changer V2.0 MT4\EA Game Changer V2.0 MT4\Game changer Preset\GameChanger_mt4_xauusd_m15_3digit.set,Game changer Preset,set,.Final EA
D:\Forex\10_EA_PROJECTS\.Final EA\EA Gold Stuff MT5\Presets\EA_Gold_Stuff_mt5_audusd_m15.set,Presets,set,.Final EA
D:\Forex\10_EA_PROJECTS\.Final EA\EA Gold Stuff MT5\Presets\EA_Gold_Stuff_mt5_euraud_m15.set,Presets,set,.Final EA
D:\Forex\10_EA_PROJECTS\.Final EA\EA Gold Stuff MT5\Presets\EA_Gold_Stuff_mt5_eurusd_m15.set,Presets,set,.Final EA
D:\Forex\10_EA_PROJECTS\.Final EA\EA Gold Stuff MT5\Presets\EA_Gold_Stuff_mt5_gbpchf_m15.set,Presets,set,.Final EA
D:\Forex\10_EA_PROJECTS\.Final EA\EA Gold Stuff MT5\Presets\EA_Gold_Stuff_mt5_gbpnzd_m15.set,Presets,set,.Final EA
D:\Forex\10_EA_PROJECTS\.Final EA\EA Gold Stuff MT5\Presets\EA_Gold_Stuff_mt5_gbpusd_m15.set,Presets,set,.Final EA
D:\Forex\10_EA_PROJECTS\.Final EA\EA Gold Stuff MT5\Presets\EA_Gold_Stuff_mt5_nzdusd_m15.set,Presets,set,.Final EA
D:\Forex\10_EA_PROJECTS\.Final EA\EA Gold Stuff MT5\Presets\EA_Gold_Stuff_mt5_usdcad_m15.set,Presets,set,.Final EA
D:\Forex\10_EA_PROJECTS\.Final EA\EA Gold Stuff MT5\Presets\EA_Gold_Stuff_mt5_xauusd_2_digits.set,Presets,set,.Final EA
D:\Forex\10_EA_PROJECTS\.Final EA\EA Gold Stuff MT5\Presets\ea_gold_stuff_mt5_xauusd_m15_2digits.set,Presets,set,.Final EA
D:\Forex\10_EA_PROJECTS\.Final EA\EA Gold Stuff MT5\Presets\EA_Gold_Stuff_mt5_xauusd_m15_3digits.set,Presets,set,.Final EA
D:\Forex\10_EA_PROJECTS\.Final EA\EA Gold Stuff MT5\Presets\EA_GS_mt5_audusd_m15.set,Presets,set,.Final EA
D:\Forex\10_EA_PROJECTS\.Final EA\EA Gold Stuff MT5\Presets\EA_GS_mt5_eurusd_m15.set,Presets,set,.Final EA
D:\Forex\10_EA_PROJECTS\.Final EA\EA Gold Stuff MT5\Presets\EA_GS_mt5_GBPUSD_m15.set,Presets,set,.Final EA
D:\Forex\10_EA_PROJECTS\.Final EA\EA Gold Stuff MT5\Presets\EA_GS_mt5_nzdusd_m15.set,Presets,set,.Final EA
D:\Forex\10_EA_PROJECTS\.Final EA\EA Gold Stuff MT5\Presets\gold suff m15 exness mt5 100k.set,Presets,set,.Final EA
D:\Forex\10_EA_PROJECTS\.Final EA\EA Gold Stuff MT5\Presets\gold suff m5  mt5 2 points.set,Presets,set,.Final EA
D:\Forex\10_EA_PROJECTS\.Final EA\EA Gold Stuff MT5\Presets\gold suff m5 exness mt5.set,Presets,set,.Final EA
D:\Forex\10_EA_PROJECTS\.Final EA\EA Gold Stuff MT5\Presets\Gold suff m5 exness.set,Presets,set,.Final EA
D:\Forex\10_EA_PROJECTS\.Final EA\MT5_AIgen\AI-GOLD\HEDGATRON\H1\ReportTester-5034685717.html,H1,html,.Final EA
D:\Forex\10_EA_PROJECTS\.Final EA\MT5_AIgen\AI-GOLD\HEDGATRON\H2\ReportTester-5034685717.html,H2,html,.Final EA
D:\Forex\10_EA_PROJECTS\.Final EA\MT5_AIgen\AI-GOLD\HEDGATRON\H3\ReportTester-5034685717.html,H3,html,.Final EA
D:\Forex\10_EA_PROJECTS\.Final EA\MT5_AIgen\AI-GOLD\HEDGATRON\H4\ReportTester-5034685717.html,H4,html,.Final EA
D:\Forex\10_EA_PROJECTS\.Final EA\MT5_AIgen\AI-GOLD\HEDGATRON\H5\ReportTester-5034685717.html,H5,html,.Final EA
D:\Forex\10_EA_PROJECTS\.Final EA\MT5_AIgen\AI-GOLD\MARTINGATE\M1\ReportTester-5034685717.html,M1,html,.Final EA
D:\Forex\10_EA_PROJECTS\.Final EA\MT5_AIgen\AI-GOLD\MARTINGATE\M2\ReportTester-5034685717.html,M2,html,.Final EA
D:\Forex\10_EA_PROJECTS\.Final EA\MT5_AIgen\AI-GOLD\MARTINGATE\M3\ReportTester-5034685717.html,M3,html,.Final EA
D:\Forex\10_EA_PROJECTS\.Final EA\MT5_AIgen\AI-GOLD\SCALPION\SC1\ReportTester-5034685717.html,SC1,html,.Final EA
D:\Forex\10_EA_PROJECTS\.Final EA\MT5_AIgen\AI-GOLD\SCALPION\SC2\ReportTester-5034685717.html,SC2,html,.Final EA
D:\Forex\10_EA_PROJECTS\.Final EA\MT5_AIgen\AI-GOLD\SCALPION\SC3\ReportTester-5034685717.html,SC3,html,.Final EA
D:\Forex\10_EA_PROJECTS\.Final EA\MT5_AIgen\AI-GOLD\SCALPION\SC4\ReportTester-5034685717.html,SC4,html,.Final EA
D:\Forex\10_EA_PROJECTS\.Final EA\MT5_AIgen\AI-GOLD\SCALPION\SC5\ReportTester-5034685717.html,SC5,html,.Final EA
D:\Forex\10_EA_PROJECTS\.Final EA\MT5_AIgen\AI-GOLD\SCALPION\SC6\ReportTester-5034685717.html,SC6,html,.Final EA
D:\Forex\10_EA_PROJECTS\.Final EA\MT5_AIgen\AI-GOLD\SWINGALA\SW1\ReportTester-5034685717.html,SW1,html,.Final EA
D:\Forex\10_EA_PROJECTS\.Final EA\MT5_AIgen\AI-GOLD\SWINGALA\SW2\ReportTester-5034685717.html,SW2,html,.Final EA
D:\Forex\10_EA_PROJECTS\.Final EA\MT5_AIgen\AI-GOLD\SWINGALA\SW3\ReportTester-5034685717.html,SW3,html,.Final EA
D:\Forex\10_EA_PROJECTS\.Final EA\MT5_AIgen\AI-GOLD\SWINGALA\SW4\ReportTester-5034685717.html,SW4,html,.Final EA
D:\Forex\10_EA_PROJECTS\.Final EA\MT5_AIgen\AI-GOLD\SWINGALA\SW5\ReportTester-5034685717.html,SW5,html,.Final EA
D:\Forex\10_EA_PROJECTS\.Final EA\MT5_AIgen\AI-GOLD\TRENDRA\T1\ReportTester-5034685717.html,T1,html,.Final EA
D:\Forex\10_EA_PROJECTS\.Final EA\MT5_AIgen\AI-GOLD\TRENDRA\T2\ReportTester-5034685717.html,T2,html,.Final EA
D:\Forex\10_EA_PROJECTS\.Final EA\MT5_AIgen\AI-GOLD\TRENDRA\T3\ReportTester-5034685717.html,T3,html,.Final EA
D:\Forex\10_EA_PROJECTS\.Final EA\MT5_AIgen\AI-GOLD\TRENDRA\T4\ReportTester-5034685717.html,T4,html,.Final EA
D:\Forex\10_EA_PROJECTS\.Final EA\Pegasus Pro  EA  V1.2\Pegasus Pro  EA  V1.2\MQL4\Presets\EURNZD PEGA ICMARKETS SIGNAL.set,Presets,set,.Final EA
D:\Forex\10_EA_PROJECTS\.Final EA\Pegasus Pro  EA  V1.2\Pegasus Pro  EA  V1.2\MQL4\Presets\EURNZD_NEWS_FILTER_FREE_CO_V1.set,Presets,set,.Final EA
D:\Forex\10_EA_PROJECTS\.Final EA\Pegasus Pro  EA  V1.2\Pegasus Pro  EA  V1.2\MQL4\Presets\EURUSD Pegasus pro NO FILTER.set,Presets,set,.Final EA
D:\Forex\10_EA_PROJECTS\.Final EA\Pegasus Pro  EA  V1.2\Pegasus Pro  EA  V1.2\MQL4\Presets\EURUSD_NEWS_FILTER_FREE_CO_V1.set,Presets,set,.Final EA
D:\Forex\10_EA_PROJECTS\.Final EA\Pegasus Pro  EA  V1.2\Pegasus Pro  EA  V1.2\MQL4\Presets\EURUSD_NO_FILTER_FREE_CO_V1.set,Presets,set,.Final EA
D:\Forex\10_EA_PROJECTS\.Final EA\Pegasus Pro  EA  V1.2\Pegasus Pro  EA  V1.2\MQL4\Presets\GBPJPY_NEWS_FILTER_FREE_CO_V1.set,Presets,set,.Final EA
D:\Forex\10_EA_PROJECTS\.Final EA\Pegasus Pro  EA  V1.2\Pegasus Pro  EA  V1.2\MQL4\Presets\GBPJPY_NO_FILTER_FREE_CO_V1.set,Presets,set,.Final EA
D:\Forex\10_EA_PROJECTS\.Final EA\Pegasus Pro  EA  V1.2\Pegasus Pro  EA  V1.2\MQL4\Presets\GBPNZD_NEWS_FILTER_FREE_CO_V1.set,Presets,set,.Final EA
D:\Forex\10_EA_PROJECTS\.Final EA\Pegasus Pro  EA  V1.2\Pegasus Pro  EA  V1.2\MQL4\Presets\GBPNZD_NO_FILTER_FREE_CO_V1.set,Presets,set,.Final EA
D:\Forex\10_EA_PROJECTS\.Final EA\Pegasus Pro  EA  V1.2\Pegasus Pro  EA  V1.2\MQL4\Presets\GBPUSD PEGA ICMARKETS SIGNAL.set,Presets,set,.Final EA
D:\Forex\10_EA_PROJECTS\.Final EA\Pegasus Pro  EA  V1.2\Pegasus Pro  EA  V1.2\MQL4\Presets\GBPUSD_NEWS_FILTER_FREE_CO_V1.set,Presets,set,.Final EA
D:\Forex\10_EA_PROJECTS\.Final EA\Pegasus Pro  EA  V1.2\Pegasus Pro  EA  V1.2\MQL4\Presets\GBPUSD_NO_FILTER_FREE_CO_V1.set,Presets,set,.Final EA
D:\Forex\10_EA_PROJECTS\.Final EA\Pegasus Pro  EA  V1.2\Pegasus Pro  EA  V1.2\MQL4\Presets\NZDPUSD PEGA ICMARKETS SIGNAL.set,Presets,set,.Final EA
D:\Forex\10_EA_PROJECTS\.Final EA\Pegasus Pro  EA  V1.2\Pegasus Pro  EA  V1.2\MQL4\Presets\NZDUSD_NEWS_FILTER_FREE_CO_V1.set,Presets,set,.Final EA
D:\Forex\10_EA_PROJECTS\.Final EA\Pegasus Pro  EA  V1.2\Pegasus Pro  EA  V1.2\MQL4\Presets\NZDUSD_NO_FILTER_FREE_CO_V1.set,Presets,set,.Final EA
D:\Forex\10_EA_PROJECTS\.Final EA\Pegasus Pro  EA  V1.2\Pegasus Pro  EA  V1.2\MQL4\Presets\USDCAD PEGA ICMARKETS SIGNAL.set,Presets,set,.Final EA
D:\Forex\10_EA_PROJECTS\.Final EA\Pegasus Pro  EA  V1.2\Pegasus Pro  EA  V1.2\MQL4\Presets\USDCAD Pegasus pro NOFILTER.set,Presets,set,.Final EA
