Pass,Profit,Expected Payoff,Profit Factor,Recovery Factor,Sharpe Ratio,Equity DD %,Trades,InpSwingPeriod,InpRiskReward,InpLotMultiplier,InpMinGapPts,InpTakeProfitUSD,InpDailyTargetUSD,InpSLBufferPts,InpMaxRecoverySteps,reject_reasons,score
2204,13460.15,19.823490,1.372148,8.868022,3.965344,7.3650,679,7,2.0,1.0,100,120,260,30,7,MAX_RECOVERY_STEPS_GT_3,178.2910
2053,13467.44,19.775977,1.369663,8.872825,3.960087,7.3629,681,7,2.0,1.0,100,120,260,45,7,MAX_RECOVERY_STEPS_GT_3,178.2583
1929,13403.62,19.740236,1.370876,8.840097,3.945135,7.3775,679,7,2.0,1.0,100,120,260,15,7,MAX_RECOVERY_STEPS_GT_3,177.5823
2222,13057.41,20.181468,1.372726,8.548335,4.144651,7.3722,647,7,2.0,1.2,450,120,300,45,7,MAX_RECOVERY_STEPS_GT_3,174.6419
1939,12963.88,20.161555,1.371769,8.541062,4.112186,7.3667,643,7,2.0,1.0,450,120,300,30,7,MAX_RECOVERY_STEPS_GT_3,174.0773
1980,13018.00,20.277259,1.371403,8.522534,4.124488,7.3913,642,7,2.0,1.0,450,120,300,45,7,MAX_RECOVERY_STEPS_GT_3,173.8929
1846,11485.65,18.921993,1.347565,8.197829,3.703940,6.7580,607,7,2.0,1.0,450,120,220,45,5,MAX_RECOVERY_STEPS_GT_3,163.4763
1583,11142.43,17.771021,1.320194,8.395948,3.581025,7.6606,627,7,2.0,1.0,450,120,260,30,5,MAX_RECOVERY_STEPS_GT_3,163.2919
1923,11440.99,18.817418,1.348425,8.166361,3.694773,6.7718,608,7,2.0,1.0,450,120,220,15,5,MAX_RECOVERY_STEPS_GT_3,162.9181
2216,13137.78,19.377257,1.356179,8.299135,3.691418,10.2813,678,7,2.0,1.2,100,120,300,45,7,MAX_RECOVERY_STEPS_GT_3,162.7845
1768,11081.88,17.674450,1.318666,8.348498,3.558408,8.1456,627,7,2.0,1.0,450,120,260,15,5,MAX_RECOVERY_STEPS_GT_3,161.6882
1845,11775.96,17.549866,1.340003,8.098731,3.626520,7.2460,671,6,2.0,1.2,100,120,260,15,5,MAX_RECOVERY_STEPS_GT_3,161.4248
1713,11794.95,17.604403,1.339815,8.113465,3.597932,7.2382,670,6,2.0,1.2,100,120,260,30,5,MAX_RECOVERY_STEPS_GT_3,161.3579
1196,11803.12,17.642930,1.338314,8.120761,3.592472,7.2343,669,6,2.0,1.2,100,120,260,45,5,MAX_RECOVERY_STEPS_GT_3,161.3547
1063,11140.49,17.767927,1.318318,8.243605,3.572695,7.7940,627,7,2.0,1.0,450,120,260,45,5,MAX_RECOVERY_STEPS_GT_3,160.6967
1716,11405.97,18.104714,1.320289,8.201545,3.617166,7.9062,630,7,2.0,1.0,450,120,300,30,5,MAX_RECOVERY_STEPS_GT_3,160.6205
1885,11396.14,18.117870,1.317946,8.196244,3.605885,7.8807,629,7,2.0,1.0,450,120,300,45,5,MAX_RECOVERY_STEPS_GT_3,160.3576
1075,6281.53,8.999327,1.335564,5.231339,2.779053,8.3005,698,5,1.0,1.2,200,160,100,15,3,,156.1569
1791,11814.94,17.983166,1.352973,7.343991,3.776230,7.9092,657,6,2.0,1.2,100,120,220,45,5,MAX_RECOVERY_STEPS_GT_3,151.0784
1916,11824.60,17.970517,1.355210,7.301389,3.790149,7.9536,658,6,2.0,1.2,100,120,220,30,5,MAX_RECOVERY_STEPS_GT_3,150.6227
622,6364.32,13.231435,1.276282,4.947003,2.660678,8.9215,481,7,2.0,2.0,150,120,100,15,3,,144.8295
1775,9669.77,13.973656,1.329473,7.159027,3.325291,6.4708,692,7,1.5,1.4,150,120,220,30,7,MAX_RECOVERY_STEPS_GT_3,144.1255
834,6810.67,13.328121,1.321207,4.417866,3.108448,8.5143,511,7,2.0,1.4,400,40,260,45,3,,144.0829
917,6632.02,12.927914,1.333494,4.341634,3.175266,8.5070,513,7,2.0,1.4,400,40,100,15,3,,143.9856
1457,6736.15,13.182290,1.318139,4.409803,3.104589,8.4780,511,7,2.0,1.4,400,40,220,45,3,,143.8223
1794,9656.05,13.953829,1.329005,7.144110,3.320190,6.4790,692,7,1.5,1.4,150,120,220,15,7,MAX_RECOVERY_STEPS_GT_3,143.8177
1545,9551.29,13.963874,1.323674,7.143288,3.314507,6.4526,684,7,1.5,1.4,150,120,220,15,5,MAX_RECOVERY_STEPS_GT_3,143.4269
1618,11376.79,18.742652,1.338969,6.980311,3.596740,8.6378,607,7,2.0,1.2,400,120,220,15,5,MAX_RECOVERY_STEPS_GT_3,141.5304
1807,11143.84,18.358880,1.340453,7.012321,3.538195,8.5627,607,7,2.0,1.2,450,120,220,15,5,MAX_RECOVERY_STEPS_GT_3,141.4507
1972,9320.16,14.770460,1.310931,7.043332,3.262400,7.2391,631,7,2.0,1.0,450,120,220,45,7,MAX_RECOVERY_STEPS_GT_3,139.1440
1232,7372.56,11.872077,1.278330,4.555800,2.576514,10.7446,621,5,1.5,1.6,100,120,220,45,3,,138.5079
935,7323.11,11.754591,1.276349,4.515198,2.572221,10.7940,623,5,1.5,1.6,150,120,220,45,3,,137.7311
1976,11112.55,16.390192,1.302864,6.920129,3.580067,10.6042,678,6,2.0,1.2,450,120,300,45,7,MAX_RECOVERY_STEPS_GT_3,137.7198
775,11931.60,18.356308,1.315142,6.862645,3.331002,8.2377,650,6,2.0,1.4,350,120,300,45,5,MAX_RECOVERY_STEPS_GT_3,137.6459
616,11879.64,18.248295,1.315071,6.829224,3.321590,8.2616,651,6,2.0,1.4,350,120,300,30,5,MAX_RECOVERY_STEPS_GT_3,137.0076
652,8814.25,13.602238,1.318246,7.025322,3.076029,7.6285,648,7,1.5,1.4,400,120,180,30,5,MAX_RECOVERY_STEPS_GT_3,136.7888
68,7216.90,11.677832,1.273137,4.474182,2.521133,10.8225,618,5,1.5,1.6,200,120,220,15,3,,136.3339
1074,8479.05,17.164069,1.285731,4.128932,2.924940,11.3402,494,7,2.0,2.0,150,160,260,15,3,,133.8724
2162,12326.63,18.876922,1.318738,6.546828,3.411232,8.6980,653,6,2.0,1.4,350,120,300,15,5,MAX_RECOVERY_STEPS_GT_3,133.5249
2253,13755.79,21.260881,1.389471,5.969281,4.098185,9.8607,647,6,2.0,2.0,450,120,260,15,5,MAX_RECOVERY_STEPS_GT_3,133.4405
2039,12076.71,18.811075,1.324567,6.440088,3.519052,8.7245,642,6,2.0,1.4,350,120,260,45,5,MAX_RECOVERY_STEPS_GT_3,132.8921
1061,11080.13,17.449024,1.300406,6.713888,3.343149,9.5952,635,7,2.0,1.2,400,120,300,45,5,MAX_RECOVERY_STEPS_GT_3,132.7513
2278,12053.04,18.745008,1.325465,6.424382,3.519984,8.7376,643,6,2.0,1.4,350,120,260,30,5,MAX_RECOVERY_STEPS_GT_3,132.6840
799,5616.61,12.565123,1.249444,4.365806,2.471154,9.1320,447,7,2.0,2.0,400,120,100,15,3,,132.1648
1749,11031.29,17.344796,1.300343,6.681864,3.332499,9.6238,636,7,2.0,1.2,400,120,300,30,5,MAX_RECOVERY_STEPS_GT_3,132.1178
1525,10131.52,14.598732,1.314005,6.586907,3.285238,8.7908,694,7,1.5,1.8,100,120,260,45,5,MAX_RECOVERY_STEPS_GT_3,132.0772
2032,13351.68,20.541046,1.358452,6.201747,3.845758,10.8074,650,7,2.0,1.0,100,120,260,30,5,MAX_RECOVERY_STEPS_GT_3,132.0223
1915,11011.63,17.313884,1.300475,6.667533,3.323108,9.6501,636,7,2.0,1.2,400,120,300,15,5,MAX_RECOVERY_STEPS_GT_3,131.7721
1953,13285.13,20.438662,1.356832,6.189984,3.823832,10.8120,650,7,2.0,1.0,100,120,260,15,5,MAX_RECOVERY_STEPS_GT_3,131.5311
1932,14004.70,21.612191,1.385106,5.819482,4.155270,10.1403,648,6,2.0,2.0,450,120,260,45,5,MAX_RECOVERY_STEPS_GT_3,131.4148
1406,14004.70,21.612191,1.385106,5.819482,4.155270,10.1403,648,6,2.0,1.6,450,120,260,45,5,MAX_RECOVERY_STEPS_GT_3,131.4148
2166,13988.01,21.553174,1.386841,5.810374,4.159099,10.1512,649,6,2.0,2.0,450,120,260,30,5,MAX_RECOVERY_STEPS_GT_3,131.3700
2015,13988.01,21.553174,1.386841,5.810374,4.159099,10.1512,649,6,2.0,1.6,450,120,260,30,5,MAX_RECOVERY_STEPS_GT_3,131.3700
1882,13372.33,20.541214,1.360337,6.216017,3.759774,11.1468,651,7,2.0,1.2,100,120,300,15,5,MAX_RECOVERY_STEPS_GT_3,131.0598
2349,10937.89,17.417022,1.299863,6.594970,3.337832,9.5730,628,7,2.0,1.2,400,120,260,45,5,MAX_RECOVERY_STEPS_GT_3,130.7508
2110,13368.41,20.535192,1.358038,6.182095,3.783522,11.1208,651,7,2.0,1.2,150,120,300,45,5,MAX_RECOVERY_STEPS_GT_3,130.7372
2056,13355.91,20.484525,1.359583,6.172033,3.788009,11.1334,652,7,2.0,1.2,150,120,300,30,5,MAX_RECOVERY_STEPS_GT_3,130.6782
1529,10916.83,17.383487,1.301591,6.579892,3.337281,9.5860,628,7,2.0,1.2,400,120,260,30,5,MAX_RECOVERY_STEPS_GT_3,130.5535
2082,11857.67,17.489189,1.327358,6.346056,3.453606,9.3823,678,7,2.0,1.2,100,120,300,15,7,MAX_RECOVERY_STEPS_GT_3,130.5402
988,12025.71,16.890042,1.327816,6.192085,3.873398,11.8971,712,6,2.0,1.2,100,120,220,30,7,MAX_RECOVERY_STEPS_GT_3,129.8251
2244,13300.68,20.525741,1.357322,6.149096,3.731146,11.0379,648,7,2.0,1.2,100,120,260,30,5,MAX_RECOVERY_STEPS_GT_3,129.7162
1764,10858.45,17.290525,1.300230,6.542338,3.318982,9.6197,628,7,2.0,1.2,400,120,260,15,5,MAX_RECOVERY_STEPS_GT_3,129.6900
1836,12018.04,16.903010,1.325908,6.192919,3.861965,11.8981,711,6,2.0,1.2,100,120,220,45,7,MAX_RECOVERY_STEPS_GT_3,129.6515
1770,11314.88,18.017325,1.331270,6.544819,3.354836,11.1566,628,7,2.0,1.2,100,120,220,45,5,MAX_RECOVERY_STEPS_GT_3,129.5560
2133,10227.65,15.590930,1.303236,6.401363,3.337652,8.4644,656,7,2.0,1.0,300,120,260,45,7,MAX_RECOVERY_STEPS_GT_3,129.3382
1931,13266.72,20.504977,1.354216,6.137652,3.718418,11.0201,647,7,2.0,1.2,100,120,260,45,5,MAX_RECOVERY_STEPS_GT_3,129.2986
2261,13155.75,20.239615,1.354165,6.110598,3.739084,11.0438,650,7,2.0,1.2,150,120,260,30,5,MAX_RECOVERY_STEPS_GT_3,129.0566
1330,11566.89,17.060310,1.313319,5.945367,3.920562,9.1204,678,6,2.0,1.2,450,120,220,30,7,MAX_RECOVERY_STEPS_GT_3,128.8770
1315,11302.11,17.968378,1.331820,6.492742,3.353023,11.2101,629,7,2.0,1.2,100,120,220,30,5,MAX_RECOVERY_STEPS_GT_3,128.7197
1950,13166.64,20.287581,1.352786,6.087916,3.735426,11.0837,649,7,2.0,1.2,150,120,260,45,5,MAX_RECOVERY_STEPS_GT_3,128.5748
1496,11409.33,16.902711,1.317559,6.263253,3.373430,9.3390,675,7,2.0,1.2,100,120,260,15,7,MAX_RECOVERY_STEPS_GT_3,127.9384
296,4718.03,8.720943,1.239340,4.140402,2.355670,9.3444,541,7,1.5,1.2,500,40,180,30,3,,127.9139
1256,13293.24,20.482650,1.354845,5.967436,3.818836,11.1751,649,7,2.0,1.0,100,120,260,45,5,MAX_RECOVERY_STEPS_GT_3,127.6274
1925,11299.49,17.878940,1.323397,6.375824,3.402109,11.4243,632,7,2.0,1.0,100,120,220,45,5,MAX_RECOVERY_STEPS_GT_3,126.9465
2088,11426.03,16.952567,1.315911,6.200263,3.375514,9.4306,674,7,2.0,1.2,100,120,260,45,7,MAX_RECOVERY_STEPS_GT_3,126.8408
2243,11403.23,16.893674,1.316761,6.186883,3.374665,9.4424,675,7,2.0,1.2,100,120,260,30,7,MAX_RECOVERY_STEPS_GT_3,126.6501
2314,11274.08,17.810553,1.324482,6.355031,3.400503,11.4458,633,7,2.0,1.0,100,120,220,15,5,MAX_RECOVERY_STEPS_GT_3,126.6323
1712,10075.27,15.841619,1.296836,6.305990,3.276559,8.5922,636,7,2.0,1.2,400,120,260,45,7,MAX_RECOVERY_STEPS_GT_3,126.5574
949,10054.47,15.784097,1.297781,6.290610,3.276741,8.6041,637,7,2.0,1.2,400,120,260,30,7,MAX_RECOVERY_STEPS_GT_3,126.3512
2189,14527.65,21.146507,1.373012,5.616179,4.028342,11.4322,687,7,2.0,1.2,150,120,300,45,7,MAX_RECOVERY_STEPS_GT_3,125.9410
1228,11837.23,16.395055,1.313555,6.090332,3.678116,11.8570,722,6,2.0,1.2,100,120,260,15,7,MAX_RECOVERY_STEPS_GT_3,125.8008
2232,14498.54,21.073459,1.373825,5.604925,4.027217,11.4462,688,7,2.0,1.2,150,120,300,30,7,MAX_RECOVERY_STEPS_GT_3,125.7723
373,11901.22,16.529472,1.313309,6.093534,3.661515,11.8586,720,6,2.0,1.2,100,120,260,45,7,MAX_RECOVERY_STEPS_GT_3,125.7043
1365,10003.23,15.703658,1.296655,6.256203,3.256378,8.6346,637,7,2.0,1.2,400,120,260,15,7,MAX_RECOVERY_STEPS_GT_3,125.5298
1838,11878.42,16.474924,1.314107,6.077193,3.661349,11.8798,721,6,2.0,1.2,100,120,260,30,7,MAX_RECOVERY_STEPS_GT_3,125.4486
2390,14470.26,21.062969,1.369312,5.593992,4.004020,11.4613,687,7,2.0,1.2,200,120,300,45,7,MAX_RECOVERY_STEPS_GT_3,125.1719
2114,14439.82,20.988110,1.372517,5.582225,4.008949,11.4753,688,7,2.0,1.2,150,120,300,15,7,MAX_RECOVERY_STEPS_GT_3,125.1391
206,7660.36,12.661752,1.297623,3.534077,2.734847,11.5249,605,5,1.5,1.0,200,120,140,30,3,,124.4196
937,7281.39,11.412837,1.326759,6.077295,3.360289,7.9584,638,7,1.5,1.2,500,40,180,45,7,MAX_RECOVERY_STEPS_GT_3,124.4038
2395,15817.42,22.957068,1.401633,5.182590,4.297886,11.7990,689,7,2.0,1.2,200,160,300,15,7,MAX_RECOVERY_STEPS_GT_3,123.3676
2295,15819.10,22.992878,1.400321,5.184160,4.277232,11.7964,688,7,2.0,1.2,200,160,300,45,7,MAX_RECOVERY_STEPS_GT_3,123.1284
1651,11993.90,17.332225,1.314684,5.882304,3.453704,9.7796,692,6,2.0,1.6,300,120,260,30,7,MAX_RECOVERY_STEPS_GT_3,122.9327
1691,10650.27,16.851693,1.324961,5.846560,3.530715,9.3438,632,7,2.0,1.0,450,120,260,15,7,MAX_RECOVERY_STEPS_GT_3,122.5203
1388,10348.61,17.363440,1.309087,6.330277,3.196593,11.9857,596,7,2.0,2.0,400,120,220,15,5,MAX_RECOVERY_STEPS_GT_3,122.0439
1952,10832.85,17.167750,1.324791,5.799450,3.556053,9.4449,631,7,2.0,1.2,450,120,260,45,7,MAX_RECOVERY_STEPS_GT_3,122.0168
2338,11586.96,16.841512,1.309198,5.883259,3.380536,9.5999,688,6,2.0,1.4,200,120,260,45,7,MAX_RECOVERY_STEPS_GT_3,121.9783
2248,11576.50,16.801887,1.310319,5.877052,3.383514,9.6056,689,6,2.0,1.4,200,120,260,30,7,MAX_RECOVERY_STEPS_GT_3,121.9565
1405,10694.76,16.948906,1.323922,5.803444,3.541662,9.4180,631,7,2.0,1.0,450,120,260,45,7,MAX_RECOVERY_STEPS_GT_3,121.8656
1803,10680.84,16.900063,1.325573,5.794947,3.545011,9.4254,632,7,2.0,1.0,450,120,260,30,7,MAX_RECOVERY_STEPS_GT_3,121.8279
2237,12299.80,18.523795,1.327319,5.664065,3.697209,10.2023,664,6,2.0,2.0,100,120,260,45,5,MAX_RECOVERY_STEPS_GT_3,121.7821
2041,12299.80,18.523795,1.327319,5.664065,3.697209,10.2023,664,6,2.0,1.6,100,120,260,45,5,MAX_RECOVERY_STEPS_GT_3,121.7821
1692,8171.15,12.418161,1.294298,6.155756,2.883739,6.8976,658,7,1.5,1.4,400,120,180,30,7,MAX_RECOVERY_STEPS_GT_3,121.6826
1602,7171.60,11.365452,1.323193,5.935576,3.324880,8.0869,631,7,1.5,1.2,500,40,180,30,5,MAX_RECOVERY_STEPS_GT_3,121.4900
2304,11751.53,17.006556,1.312652,5.783632,3.455620,9.7824,691,6,2.0,1.4,200,120,260,15,7,MAX_RECOVERY_STEPS_GT_3,121.2618
1966,12057.85,18.522043,1.323014,5.692821,3.626629,10.0868,651,6,2.0,1.4,200,120,260,45,5,MAX_RECOVERY_STEPS_GT_3,121.1889
2102,12048.29,18.478972,1.324227,5.685891,3.630830,10.0950,652,6,2.0,1.4,200,120,260,30,5,MAX_RECOVERY_STEPS_GT_3,121.1690
2050,12239.12,17.434644,1.319940,5.717719,3.510899,10.0565,702,6,2.0,1.8,150,120,300,45,7,MAX_RECOVERY_STEPS_GT_3,121.1244
1814,9274.80,13.364265,1.302036,6.028195,3.099430,8.8083,694,7,1.5,1.4,150,120,260,30,7,MAX_RECOVERY_STEPS_GT_3,120.9702
1470,9235.06,13.423052,1.302639,6.004083,3.124686,8.8123,688,7,1.5,1.4,150,120,260,45,5,MAX_RECOVERY_STEPS_GT_3,120.7718
2165,13931.82,20.338423,1.360555,5.385839,3.929068,11.6586,685,7,2.0,1.2,150,120,260,30,7,MAX_RECOVERY_STEPS_GT_3,120.4590
2302,12008.93,17.353945,1.314271,5.727183,3.464789,9.9900,692,6,2.0,1.4,200,120,300,45,7,MAX_RECOVERY_STEPS_GT_3,120.4573
2079,13945.70,20.388450,1.359322,5.391205,3.923658,11.6521,684,7,2.0,1.2,150,120,260,45,7,MAX_RECOVERY_STEPS_GT_3,120.4427
2154,12159.74,18.340483,1.324302,5.595135,3.685569,10.2758,663,6,2.0,1.4,150,120,260,45,5,MAX_RECOVERY_STEPS_GT_3,120.3536
1676,12159.74,18.340483,1.324302,5.595135,3.685569,10.2758,663,6,2.0,1.8,150,120,260,45,5,MAX_RECOVERY_STEPS_GT_3,120.3536
2177,11923.63,16.912950,1.324938,5.711180,3.392170,9.9443,705,6,2.0,1.6,100,120,260,15,7,MAX_RECOVERY_STEPS_GT_3,119.9909
1531,13874.77,20.255139,1.359288,5.363785,3.909820,11.6878,685,7,2.0,1.2,150,120,260,15,7,MAX_RECOVERY_STEPS_GT_3,119.8278
2119,12134.43,17.871031,1.324533,5.720658,3.364574,10.1706,679,6,2.0,1.8,400,120,300,45,7,MAX_RECOVERY_STEPS_GT_3,119.3768
2289,11975.86,17.011165,1.324184,5.643879,3.404481,10.0654,704,6,2.0,1.8,100,120,260,45,7,MAX_RECOVERY_STEPS_GT_3,118.9589
1548,10343.73,15.888986,1.313998,5.946552,3.080173,9.6479,651,7,2.0,2.0,400,120,260,30,7,MAX_RECOVERY_STEPS_GT_3,118.8843
1376,6722.30,9.284945,1.357110,5.800937,2.934809,7.8950,724,5,1.0,1.8,250,200,100,45,5,MAX_RECOVERY_STEPS_GT_3,117.7481
1903,11664.20,18.056037,1.329703,5.278253,3.872535,10.2156,646,6,2.0,1.2,450,120,220,15,5,MAX_RECOVERY_STEPS_GT_3,117.2407
1922,10478.65,16.022401,1.297746,5.608925,3.357365,9.3331,654,6,2.0,1.6,300,120,260,30,5,MAX_RECOVERY_STEPS_GT_3,116.5111
1973,12598.44,18.609217,1.326574,5.397697,3.585459,10.7722,677,6,2.0,1.8,400,120,260,30,7,MAX_RECOVERY_STEPS_GT_3,116.2941
1776,12748.02,18.830162,1.326992,5.385683,3.609550,10.9003,677,6,2.0,2.0,450,120,300,45,7,MAX_RECOVERY_STEPS_GT_3,116.2905
1733,12748.02,18.830162,1.326992,5.385683,3.609550,10.9003,677,6,2.0,1.6,450,120,300,45,7,MAX_RECOVERY_STEPS_GT_3,116.2905
1873,12593.85,18.629956,1.324964,5.397812,3.576268,10.7711,676,6,2.0,1.6,400,120,260,45,7,MAX_RECOVERY_STEPS_GT_3,116.1323
2112,12699.12,18.730265,1.327015,5.362985,3.605841,10.9283,678,6,2.0,1.6,450,120,300,30,7,MAX_RECOVERY_STEPS_GT_3,115.8700
2078,12699.12,18.730265,1.327015,5.362985,3.605841,10.9283,678,6,2.0,2.0,450,120,300,30,7,MAX_RECOVERY_STEPS_GT_3,115.8700
2275,14784.41,21.426681,1.368302,4.980733,4.040380,11.9946,690,7,2.0,1.2,150,160,300,30,7,MAX_RECOVERY_STEPS_GT_3,115.8612
1917,10423.03,15.937355,1.296374,5.576467,3.338651,9.3628,654,6,2.0,1.6,300,120,260,15,5,MAX_RECOVERY_STEPS_GT_3,115.7256
1751,10279.22,15.183486,1.291327,5.537567,3.381645,9.3473,677,6,2.0,1.2,450,120,260,15,7,MAX_RECOVERY_STEPS_GT_3,115.6707
2312,12667.62,18.683805,1.326565,5.347650,3.602306,10.9476,678,6,2.0,2.0,450,120,300,15,7,MAX_RECOVERY_STEPS_GT_3,115.5500
1485,12667.62,18.683805,1.326565,5.347650,3.602306,10.9476,678,6,2.0,1.6,450,120,300,15,7,MAX_RECOVERY_STEPS_GT_3,115.5500
1987,14724.56,21.339942,1.366985,4.960069,4.022729,12.0246,690,7,2.0,1.2,150,160,300,15,7,MAX_RECOVERY_STEPS_GT_3,115.2627
2139,14735.83,21.387271,1.366073,4.964869,4.006461,12.0173,689,7,2.0,1.2,150,160,300,45,7,MAX_RECOVERY_STEPS_GT_3,115.1402
2347,10468.78,15.982870,1.295668,5.533006,3.343400,9.4461,655,6,2.0,1.6,300,120,260,45,5,MAX_RECOVERY_STEPS_GT_3,115.0337
2386,11350.98,16.841217,1.309581,5.729433,3.310362,12.8365,674,7,2.0,1.2,200,120,260,15,7,MAX_RECOVERY_STEPS_GT_3,114.7807
1675,12106.11,17.596090,1.327685,5.307393,3.532036,10.6981,688,6,2.0,1.4,350,120,220,30,7,MAX_RECOVERY_STEPS_GT_3,114.4441
200,12089.90,17.598108,1.325737,5.316485,3.520120,10.6774,687,6,2.0,1.4,350,120,220,45,7,MAX_RECOVERY_STEPS_GT_3,114.3956
2036,12054.75,17.521439,1.326671,5.303150,3.514648,10.6906,688,6,2.0,1.4,350,120,220,15,7,MAX_RECOVERY_STEPS_GT_3,114.1544
1060,6880.22,10.683571,1.295069,5.743616,3.012455,8.4816,644,7,1.5,1.2,500,40,300,45,7,MAX_RECOVERY_STEPS_GT_3,114.0684
694,6412.81,8.796722,1.355633,5.588846,2.836898,7.9984,729,5,1.0,1.8,250,200,100,45,7,MAX_RECOVERY_STEPS_GT_3,113.2571
1655,10711.79,17.764163,1.318991,5.612940,3.164300,11.1617,603,7,2.0,2.0,400,120,260,30,5,MAX_RECOVERY_STEPS_GT_3,112.5779
1588,6795.71,10.618297,1.291947,5.673067,2.977570,8.5307,640,7,1.5,1.2,500,40,300,15,7,MAX_RECOVERY_STEPS_GT_3,112.3937
1819,10685.62,17.691424,1.315640,5.600988,3.144943,11.1779,604,7,2.0,2.0,400,120,260,45,5,MAX_RECOVERY_STEPS_GT_3,112.0696
1298,6763.78,10.618179,1.291602,5.646412,2.980257,8.5464,637,7,1.5,1.2,500,40,300,30,5,MAX_RECOVERY_STEPS_GT_3,111.9310
1610,9210.43,13.604771,1.303315,5.495778,3.177845,10.1617,677,7,1.5,1.4,300,120,300,45,5,MAX_RECOVERY_STEPS_GT_3,111.9137
1077,6756.70,10.607064,1.291360,5.640501,2.977124,8.5486,637,7,1.5,1.2,500,40,300,15,5,MAX_RECOVERY_STEPS_GT_3,111.7964
1706,10341.10,15.597436,1.294290,5.367344,3.293520,9.6607,663,6,2.0,1.2,450,120,260,15,5,MAX_RECOVERY_STEPS_GT_3,111.7946
1179,7505.19,11.185082,1.272623,5.648819,2.831733,7.8827,671,7,1.5,1.2,250,80,180,45,5,MAX_RECOVERY_STEPS_GT_3,111.4705
1831,10630.73,17.629735,1.316577,5.568714,3.136467,11.2159,603,7,2.0,1.4,400,120,260,15,5,MAX_RECOVERY_STEPS_GT_3,111.4461
2084,11081.71,17.261231,1.310260,5.197166,3.411195,10.2066,642,6,2.0,1.4,350,120,260,15,5,MAX_RECOVERY_STEPS_GT_3,110.3929
2339,13903.16,20.266997,1.353071,4.806956,3.823519,12.0947,686,7,2.0,1.2,150,160,260,15,7,MAX_RECOVERY_STEPS_GT_3,109.9350
2202,13895.53,20.255875,1.352417,4.805814,3.820483,12.0954,686,7,2.0,1.2,150,160,260,30,7,MAX_RECOVERY_STEPS_GT_3,109.8599
2208,13898.34,20.289547,1.351715,4.808282,3.803396,12.0908,685,7,2.0,1.2,150,160,260,45,7,MAX_RECOVERY_STEPS_GT_3,109.6941
1633,8859.69,13.243184,1.295253,5.433659,3.043259,10.0902,669,7,1.5,1.8,300,120,260,15,5,MAX_RECOVERY_STEPS_GT_3,109.1501
1937,9396.94,14.845087,1.264520,5.469124,2.899250,9.1722,633,6,2.0,1.6,300,120,220,15,5,MAX_RECOVERY_STEPS_GT_3,108.0222
891,6570.84,10.479809,1.331183,5.326600,3.152620,10.2434,627,7,1.5,1.4,400,40,100,15,5,MAX_RECOVERY_STEPS_GT_3,107.9671
543,6718.60,10.630696,1.335395,5.255476,3.230214,10.4198,632,7,1.5,1.4,400,40,100,30,7,MAX_RECOVERY_STEPS_GT_3,107.7572
828,6329.14,9.812620,1.290893,5.547741,2.698914,8.3670,645,7,1.5,1.6,350,40,140,15,7,MAX_RECOVERY_STEPS_GT_3,107.7250
854,6707.12,10.612532,1.334822,5.242805,3.223273,10.4312,632,7,1.5,1.4,400,40,100,15,7,MAX_RECOVERY_STEPS_GT_3,107.4583
1616,12513.54,19.281263,1.360653,4.664010,3.881866,12.2131,649,6,2.5,1.2,150,120,260,30,5,MAX_RECOVERY_STEPS_GT_3,107.2741
1312,8866.48,13.233552,1.294896,5.316719,3.055319,10.2993,670,7,1.5,1.4,300,120,260,45,5,MAX_RECOVERY_STEPS_GT_3,107.2708
1156,6878.42,10.714050,1.316198,5.365006,3.055314,10.3898,642,7,1.5,1.4,400,40,180,15,7,MAX_RECOVERY_STEPS_GT_3,107.2380
1517,12499.64,19.259846,1.360253,4.658830,3.877186,12.2204,649,6,2.5,1.2,150,120,260,15,5,MAX_RECOVERY_STEPS_GT_3,107.1199
1714,8861.90,13.246487,1.294980,5.309706,3.040513,10.3237,669,7,1.5,1.4,300,120,260,30,5,MAX_RECOVERY_STEPS_GT_3,106.9747
487,6169.40,13.529386,1.220179,2.986981,2.437841,12.3746,456,7,2.0,2.0,400,160,180,30,3,,106.6389
1281,6470.56,10.336358,1.324510,5.252973,3.124340,10.2272,626,7,1.5,1.4,400,40,100,45,5,MAX_RECOVERY_STEPS_GT_3,106.3013
2070,11738.43,18.059123,1.326696,4.886289,3.483445,11.2702,650,6,2.0,1.6,450,120,300,15,5,MAX_RECOVERY_STEPS_GT_3,106.1938
683,12387.66,18.854886,1.351162,4.617093,3.871836,12.2533,657,6,2.5,1.0,150,120,260,30,5,MAX_RECOVERY_STEPS_GT_3,106.1410
1907,12394.16,19.186006,1.360211,4.619515,3.852283,12.2803,646,6,2.5,1.2,150,120,260,45,5,MAX_RECOVERY_STEPS_GT_3,106.1122
65,6615.80,10.484628,1.328786,5.178708,3.200576,10.4152,631,7,1.5,1.4,400,40,100,45,7,MAX_RECOVERY_STEPS_GT_3,106.0178
661,12373.38,18.833151,1.350757,4.611770,3.867000,12.2609,657,6,2.5,1.0,150,120,260,15,5,MAX_RECOVERY_STEPS_GT_3,105.9824
1422,6722.02,10.552622,1.311149,5.347116,2.972023,10.3776,637,7,1.5,1.4,400,40,180,45,5,MAX_RECOVERY_STEPS_GT_3,105.8251
484,4142.93,6.296246,1.232391,2.927245,1.932724,10.0400,658,6,1.0,1.0,100,160,100,45,3,,105.7931
1411,6715.74,10.542763,1.310875,5.338299,2.971590,10.3822,637,7,1.5,1.4,400,40,180,30,5,MAX_RECOVERY_STEPS_GT_3,105.6702
1863,11837.85,18.212077,1.327754,4.890320,3.416403,11.2944,650,6,2.0,1.6,450,120,300,30,5,MAX_RECOVERY_STEPS_GT_3,105.6416
1647,11837.85,18.212077,1.327754,4.890320,3.416403,11.2944,650,6,2.0,2.0,450,120,300,30,5,MAX_RECOVERY_STEPS_GT_3,105.6416
1571,10191.79,15.280045,1.263337,5.353815,3.106096,12.2719,667,6,2.0,2.0,250,120,300,30,5,MAX_RECOVERY_STEPS_GT_3,105.4832
1327,5106.92,9.302222,1.201315,2.992435,1.997221,10.2330,549,7,1.5,1.4,400,120,180,30,3,,105.0215
1948,11878.54,18.302835,1.327084,4.847137,3.427844,11.3971,649,6,2.0,2.0,450,120,300,45,5,MAX_RECOVERY_STEPS_GT_3,104.9676
872,11878.54,18.302835,1.327084,4.847137,3.427844,11.3971,649,6,2.0,1.6,450,120,300,45,5,MAX_RECOVERY_STEPS_GT_3,104.9676
1842,12236.92,18.710887,1.349521,4.560909,3.826936,12.3386,654,6,2.5,1.0,150,120,260,45,5,MAX_RECOVERY_STEPS_GT_3,104.5712
252,12239.58,18.714954,1.350102,4.561901,3.821400,12.3388,654,6,2.5,1.0,100,120,260,45,5,MAX_RECOVERY_STEPS_GT_3,104.5522
2109,17195.75,24.957547,1.392954,4.066247,4.446874,15.2932,689,6,2.5,2.0,400,160,300,30,7,MAX_RECOVERY_STEPS_GT_3,104.3047
1307,17178.61,24.932671,1.392650,4.062559,4.437259,15.3019,689,6,2.5,2.0,400,160,300,45,7,MAX_RECOVERY_STEPS_GT_3,104.1236
1844,17154.21,24.897257,1.392020,4.056069,4.430565,15.3169,689,6,2.5,2.0,400,160,300,15,7,MAX_RECOVERY_STEPS_GT_3,103.9071
509,6729.68,10.907099,1.236175,5.332763,2.827199,8.4459,617,5,2.5,1.2,100,200,100,30,5,MAX_RECOVERY_STEPS_GT_3,103.5736
2097,9571.66,14.350315,1.253128,5.338468,2.929072,11.8855,667,6,2.0,2.0,250,120,260,45,5,MAX_RECOVERY_STEPS_GT_3,103.2790
1035,9526.46,14.303994,1.253523,5.342010,2.921863,11.8995,666,6,2.0,1.4,250,120,260,15,5,MAX_RECOVERY_STEPS_GT_3,103.2202
2012,9554.37,14.345901,1.253939,5.327933,2.932230,11.9075,666,6,2.0,2.0,250,120,260,30,5,MAX_RECOVERY_STEPS_GT_3,103.1316
1936,12188.41,16.788444,1.301149,4.594424,3.705487,12.1295,726,6,2.0,1.2,100,160,260,45,7,MAX_RECOVERY_STEPS_GT_3,103.0502
1613,14127.62,20.211187,1.345428,4.307621,4.012153,13.5112,699,6,2.0,1.4,350,120,260,45,7,MAX_RECOVERY_STEPS_GT_3,102.6619
2052,14106.35,20.151929,1.346393,4.300349,4.012675,13.5248,700,6,2.0,1.4,350,120,260,30,7,MAX_RECOVERY_STEPS_GT_3,102.5792
2320,14549.88,20.995498,1.358418,4.268116,4.018772,13.8061,693,7,2.0,1.2,100,160,300,30,7,MAX_RECOVERY_STEPS_GT_3,102.3617
2236,13289.96,20.798059,1.339358,4.497037,3.782716,12.9804,639,6,2.5,1.2,150,160,300,45,5,MAX_RECOVERY_STEPS_GT_3,102.3573
1895,13277.21,20.778106,1.339033,4.492723,3.779399,12.9872,639,6,2.5,1.2,150,160,300,30,5,MAX_RECOVERY_STEPS_GT_3,102.2335
1821,13267.32,20.762629,1.338820,4.489377,3.770897,12.9924,639,6,2.5,1.2,150,160,300,15,5,MAX_RECOVERY_STEPS_GT_3,102.0797
2259,14515.23,20.945498,1.358151,4.257952,4.008726,13.8253,693,7,2.0,1.2,100,160,300,15,7,MAX_RECOVERY_STEPS_GT_3,102.0591
1977,14040.23,20.057471,1.344878,4.279410,3.995421,13.5636,700,6,2.0,1.4,350,120,260,15,7,MAX_RECOVERY_STEPS_GT_3,101.9599
1753,5767.95,12.457775,1.202920,2.901544,2.083716,11.7489,463,7,2.0,1.2,400,200,260,30,3,,101.8621
1454,12491.82,17.042046,1.294464,4.755582,3.353427,12.1521,733,5,2.5,1.2,150,200,300,45,7,MAX_RECOVERY_STEPS_GT_3,101.8376
2023,11622.01,17.320432,1.308880,4.885538,3.451718,14.3597,671,6,2.0,1.6,100,120,300,30,5,MAX_RECOVERY_STEPS_GT_3,101.7761
1657,12306.49,19.168988,1.315773,4.599336,3.579476,12.4117,642,6,2.5,1.0,150,160,300,45,5,MAX_RECOVERY_STEPS_GT_3,101.2675
1547,12006.73,18.443518,1.330069,4.475114,3.721030,12.5015,651,6,2.5,1.2,150,120,300,30,5,MAX_RECOVERY_STEPS_GT_3,101.1910
1181,6519.89,10.030600,1.287722,5.202967,2.796778,10.4524,650,7,1.5,1.4,400,40,220,45,7,MAX_RECOVERY_STEPS_GT_3,101.0853
1159,12281.01,19.129299,1.315326,4.589814,3.572347,12.4259,642,6,2.5,1.0,150,160,300,30,5,MAX_RECOVERY_STEPS_GT_3,101.0079
1250,6516.32,10.025108,1.285950,5.200118,2.789280,10.4524,650,7,1.5,1.4,400,40,260,45,7,MAX_RECOVERY_STEPS_GT_3,100.9038
2149,12595.03,18.522103,1.378590,4.140963,4.019523,13.0680,680,7,2.0,1.0,100,80,260,30,7,MAX_RECOVERY_STEPS_GT_3,100.8905
2077,12267.50,19.108255,1.314979,4.584764,3.568008,12.4333,642,6,2.5,1.0,150,160,300,15,5,MAX_RECOVERY_STEPS_GT_3,100.8610
1431,6511.85,10.018231,1.285768,5.188146,2.789246,10.4655,650,7,1.5,1.4,400,40,260,30,7,MAX_RECOVERY_STEPS_GT_3,100.6996
2324,12204.00,19.039002,1.313691,4.561032,3.588284,12.4723,641,6,2.5,1.0,100,160,300,30,5,MAX_RECOVERY_STEPS_GT_3,100.5699
1924,12192.04,17.417200,1.323907,4.429909,3.644450,12.4878,700,6,2.0,1.8,150,120,220,15,7,MAX_RECOVERY_STEPS_GT_3,100.3405
1473,6563.34,10.035688,1.281120,5.113587,2.844430,10.4451,654,7,1.5,1.8,300,40,260,15,5,MAX_RECOVERY_STEPS_GT_3,100.0777
2051,13278.30,19.160606,1.325765,4.258418,3.831094,12.5831,693,6,2.5,1.0,150,200,260,15,7,MAX_RECOVERY_STEPS_GT_3,100.0284
2121,11466.90,17.114776,1.304970,4.773122,3.458862,14.4349,670,6,2.0,1.8,150,120,300,15,5,MAX_RECOVERY_STEPS_GT_3,99.8424
2316,11618.99,17.847911,1.321710,4.430637,3.691205,12.4503,651,6,2.5,1.0,100,120,300,45,5,MAX_RECOVERY_STEPS_GT_3,99.8006
2161,12762.46,18.685886,1.373377,4.116909,3.973523,13.2511,683,7,2.0,1.0,100,80,300,15,7,MAX_RECOVERY_STEPS_GT_3,99.7941
1780,11599.10,17.817358,1.320609,4.423052,3.689351,12.4602,651,6,2.5,1.0,150,120,300,45,5,MAX_RECOVERY_STEPS_GT_3,99.6079
1908,13244.06,19.111198,1.323589,4.248459,3.805938,12.5998,693,6,2.5,1.0,150,200,260,45,7,MAX_RECOVERY_STEPS_GT_3,99.5142
1729,6513.80,9.959939,1.281228,5.086403,2.834461,10.4876,654,7,1.5,1.4,300,40,220,15,5,MAX_RECOVERY_STEPS_GT_3,99.4983
2197,13232.84,19.095007,1.323315,4.244342,3.805181,12.6059,693,6,2.5,1.0,150,200,260,30,7,MAX_RECOVERY_STEPS_GT_3,99.4223
865,13863.85,21.901817,1.334448,4.213962,3.952033,13.3446,633,6,2.5,2.0,400,160,300,30,5,MAX_RECOVERY_STEPS_GT_3,99.3967
2150,13864.46,21.902780,1.334645,4.214147,3.950828,13.3449,633,6,2.5,2.0,400,160,300,45,5,MAX_RECOVERY_STEPS_GT_3,99.3943
2199,13857.03,21.891043,1.334772,4.211889,3.950951,13.3477,633,6,2.5,2.0,400,160,300,15,5,MAX_RECOVERY_STEPS_GT_3,99.3590
1348,12700.72,19.783053,1.395888,4.005993,4.107325,13.5041,642,7,2.0,1.4,150,80,260,15,5,MAX_RECOVERY_STEPS_GT_3,99.3361
1018,10737.74,16.647659,1.306655,5.074642,3.012219,14.3596,645,7,2.0,2.0,150,120,300,30,5,MAX_RECOVERY_STEPS_GT_3,99.3264
2080,12901.24,18.806472,1.311898,4.329261,3.697849,12.3247,686,6,2.5,1.0,300,200,260,15,7,MAX_RECOVERY_STEPS_GT_3,99.2948
34,4653.30,10.050324,1.208296,2.796622,2.077836,12.2514,463,7,2.0,1.4,350,120,100,15,3,,99.2573
687,7056.84,15.858067,1.247658,2.559590,2.401588,14.1342,445,6,3.0,1.0,200,160,260,15,3,,99.0023
1906,13044.55,19.586411,1.312115,4.437163,3.476067,12.2416,666,6,2.5,2.0,400,200,300,15,7,MAX_RECOVERY_STEPS_GT_3,98.5888
1864,11365.62,15.655124,1.259806,4.645570,3.328370,11.8082,726,6,2.0,1.2,100,160,300,30,7,MAX_RECOVERY_STEPS_GT_3,98.5734
1811,11206.39,17.056910,1.295501,4.769834,3.391019,14.4347,657,6,2.0,1.4,200,120,300,30,5,MAX_RECOVERY_STEPS_GT_3,98.4675
1426,11989.79,16.401902,1.287075,4.650847,3.235562,12.2698,731,5,2.5,1.0,200,200,300,15,7,MAX_RECOVERY_STEPS_GT_3,98.4371
2019,13060.10,19.609760,1.312385,4.421846,3.480455,12.2860,666,6,2.5,2.0,400,200,300,45,7,MAX_RECOVERY_STEPS_GT_3,98.3669
2174,12293.03,18.051439,1.364408,4.053801,3.966093,13.2054,681,7,2.0,1.0,100,80,260,45,7,MAX_RECOVERY_STEPS_GT_3,98.2508
2198,13045.50,19.587838,1.312036,4.416903,3.476428,12.2923,666,6,2.5,2.0,400,200,300,30,7,MAX_RECOVERY_STEPS_GT_3,98.2254
1857,11634.24,17.762198,1.318935,4.336280,3.698609,12.6899,655,6,2.5,1.0,150,120,300,30,5,MAX_RECOVERY_STEPS_GT_3,98.1394
2356,13015.92,19.426746,1.316302,4.389825,3.551232,12.8354,670,7,2.0,1.2,150,200,300,30,7,MAX_RECOVERY_STEPS_GT_3,98.1072
1902,11592.12,18.400190,1.292988,4.464191,3.509046,11.7580,630,6,2.5,1.0,400,160,300,30,5,MAX_RECOVERY_STEPS_GT_3,97.9944
2005,10340.01,16.412714,1.284290,4.729521,3.091824,10.9727,630,6,2.0,1.4,400,120,220,15,5,MAX_RECOVERY_STEPS_GT_3,97.8140
541,6310.03,9.752751,1.282745,4.968606,2.845192,10.4477,647,7,1.5,1.4,300,40,180,15,5,MAX_RECOVERY_STEPS_GT_3,97.7377
702,4440.22,7.551395,1.213062,2.784483,2.004937,14.3865,588,7,1.5,1.8,300,40,300,45,3,,97.6301
431,4537.65,7.390309,1.193812,2.645906,2.063266,13.1716,614,5,1.5,2.0,150,40,180,45,3,,97.3390
1744,12940.10,19.313582,1.314498,4.363371,3.527878,12.8796,670,7,2.0,1.2,150,200,300,15,7,MAX_RECOVERY_STEPS_GT_3,97.3227
2100,11405.10,18.017536,1.301693,4.528079,3.292891,11.5520,633,6,2.5,1.0,350,160,300,30,5,MAX_RECOVERY_STEPS_GT_3,97.2924
2359,12484.57,19.722859,1.322447,4.245239,3.666351,12.2502,633,6,2.5,2.0,400,160,260,15,5,MAX_RECOVERY_STEPS_GT_3,97.2126
2352,12520.16,19.779084,1.323089,4.237600,3.676966,12.2807,633,6,2.5,2.0,400,160,260,45,5,MAX_RECOVERY_STEPS_GT_3,97.2079
1104,5508.34,10.315243,1.196473,2.671449,2.026606,12.8473,534,5,2.0,1.4,400,160,220,15,3,,97.1803
508,6517.84,9.950901,1.287208,4.856051,2.932590,10.6032,655,7,1.5,1.4,300,40,180,15,7,MAX_RECOVERY_STEPS_GT_3,97.1112
2340,12508.78,19.761106,1.322813,4.233749,3.674742,12.2856,633,6,2.5,2.0,400,160,260,30,5,MAX_RECOVERY_STEPS_GT_3,97.1066
1896,12487.83,19.980528,1.308641,4.396906,3.484531,12.3084,625,6,2.5,2.0,450,160,300,30,5,MAX_RECOVERY_STEPS_GT_3,97.0037
2091,11626.46,16.375296,1.284130,4.364680,3.520831,12.0924,710,6,2.0,1.2,250,160,300,45,7,MAX_RECOVERY_STEPS_GT_3,96.9254
1462,13349.22,19.207511,1.331008,4.293693,3.538537,13.4059,695,6,2.0,1.4,350,120,300,30,7,MAX_RECOVERY_STEPS_GT_3,96.8921
2217,12935.92,19.278569,1.309817,4.363727,3.489828,12.8780,671,7,2.0,1.2,150,200,300,45,7,MAX_RECOVERY_STEPS_GT_3,96.7979
2176,13327.87,19.176791,1.330994,4.285999,3.534171,13.4202,695,6,2.0,1.4,350,120,300,15,7,MAX_RECOVERY_STEPS_GT_3,96.7048
1476,11225.34,16.411316,1.271494,4.529068,3.337311,12.1890,684,6,2.0,1.2,100,160,300,30,5,MAX_RECOVERY_STEPS_GT_3,96.5687
1564,12210.58,17.930367,1.359582,4.068607,3.781597,13.1342,681,7,2.0,1.2,150,80,260,15,7,MAX_RECOVERY_STEPS_GT_3,96.5033
2101,13097.94,19.462021,1.328830,4.136174,3.824444,13.7686,673,6,2.0,2.0,450,120,260,30,7,MAX_RECOVERY_STEPS_GT_3,96.4370
1568,13097.94,19.462021,1.328830,4.136174,3.824444,13.7686,673,6,2.0,1.6,450,120,260,30,7,MAX_RECOVERY_STEPS_GT_3,96.4370
1801,13101.95,19.496949,1.326993,4.138225,3.817984,13.7643,672,6,2.0,1.6,450,120,260,45,7,MAX_RECOVERY_STEPS_GT_3,96.3318
1645,13101.95,19.496949,1.326993,4.138225,3.817984,13.7643,672,6,2.0,2.0,450,120,260,45,7,MAX_RECOVERY_STEPS_GT_3,96.3318
1825,12091.54,17.886893,1.296722,4.262267,3.654609,12.7218,676,6,2.5,1.0,400,160,300,45,7,MAX_RECOVERY_STEPS_GT_3,96.3021
1078,4114.70,6.767599,1.181235,2.607574,1.826617,10.9944,608,6,1.5,2.0,150,40,220,15,3,,96.2728
1678,13501.54,19.205605,1.330032,4.244393,3.555526,13.5853,703,6,2.0,1.4,350,120,300,45,7,MAX_RECOVERY_STEPS_GT_3,96.2207
2341,12254.80,17.890219,1.353801,4.083341,3.735493,13.1700,685,7,2.0,1.2,150,80,300,15,7,MAX_RECOVERY_STEPS_GT_3,96.0972
959,10599.22,15.819731,1.319138,4.591229,3.386073,14.8254,670,6,2.0,1.2,100,120,220,15,5,MAX_RECOVERY_STEPS_GT_3,95.9796
1589,12360.53,19.496104,1.321525,4.328705,3.471794,12.6818,634,7,3.0,1.2,200,200,260,15,7,MAX_RECOVERY_STEPS_GT_3,95.9211
320,6367.73,9.811602,1.282995,4.832935,2.869791,10.5410,649,7,1.5,1.8,300,40,140,45,7,MAX_RECOVERY_STEPS_GT_3,95.9029
2233,13036.53,19.370773,1.327371,4.116002,3.804973,13.8073,673,6,2.0,1.6,450,120,260,15,7,MAX_RECOVERY_STEPS_GT_3,95.8115
2184,13036.53,19.370773,1.327371,4.116002,3.804973,13.8073,673,6,2.0,2.0,450,120,260,15,7,MAX_RECOVERY_STEPS_GT_3,95.8115
2086,12274.69,19.119455,1.377009,3.906214,4.000019,13.6485,642,7,2.0,2.0,150,80,260,45,5,MAX_RECOVERY_STEPS_GT_3,95.7193
1123,6384.24,9.806820,1.283579,4.811721,2.880333,10.5748,651,7,1.5,1.4,300,40,140,15,7,MAX_RECOVERY_STEPS_GT_3,95.7068
2113,12037.50,17.806953,1.295405,4.242096,3.633433,12.7544,676,6,2.5,1.0,400,160,300,15,7,MAX_RECOVERY_STEPS_GT_3,95.6756
1186,4742.45,9.738090,1.168844,2.679729,1.833534,11.1995,487,6,2.0,2.0,300,200,220,30,3,,95.3298
2180,12821.55,18.663100,1.329437,4.153765,3.655722,13.7107,687,7,2.0,1.0,100,160,300,15,7,MAX_RECOVERY_STEPS_GT_3,95.1662
2274,12819.88,18.660670,1.328912,4.153224,3.647769,13.7119,687,7,2.0,1.0,100,160,300,30,7,MAX_RECOVERY_STEPS_GT_3,95.0579
2160,12831.95,18.705466,1.328582,4.157134,3.640482,13.7047,686,7,2.0,1.0,100,160,300,45,7,MAX_RECOVERY_STEPS_GT_3,95.0325
2207,11746.25,17.350443,1.312400,4.272405,3.429417,12.5879,677,7,2.0,1.0,100,160,260,30,7,MAX_RECOVERY_STEPS_GT_3,94.7533
1984,11961.33,17.642080,1.301604,4.311461,3.345649,12.4472,678,7,2.0,1.0,250,160,300,45,7,MAX_RECOVERY_STEPS_GT_3,94.4143
1909,11871.83,18.637096,1.314103,4.130165,3.630786,13.0681,637,6,2.5,1.0,150,160,260,45,5,MAX_RECOVERY_STEPS_GT_3,93.6081
1701,11580.42,17.005022,1.299201,4.196975,3.482832,12.6497,681,6,2.0,1.2,450,160,300,45,7,MAX_RECOVERY_STEPS_GT_3,93.5941
1853,11852.02,18.605997,1.313642,4.123274,3.624100,13.0790,637,6,2.5,1.0,150,160,260,30,5,MAX_RECOVERY_STEPS_GT_3,93.3988
1221,8194.94,12.158665,1.264819,4.674836,2.823724,10.8761,674,7,1.5,1.4,200,120,300,45,5,MAX_RECOVERY_STEPS_GT_3,93.3032
1203,6161.91,12.274721,1.209831,2.290426,2.308227,14.3531,502,6,2.0,2.0,300,200,260,45,3,,92.8114
2351,10536.98,16.387216,1.291343,4.383632,3.288335,12.8998,643,6,2.0,2.0,500,120,260,30,5,MAX_RECOVERY_STEPS_GT_3,92.8093
2391,7784.87,11.939985,1.264941,4.566844,2.847737,9.9154,652,7,2.0,1.2,150,120,180,30,7,MAX_RECOVERY_STEPS_GT_3,92.5612
1890,11792.07,17.495653,1.296446,4.284240,3.225659,12.4634,674,7,2.0,1.2,350,160,300,30,7,MAX_RECOVERY_STEPS_GT_3,92.4643
2182,12122.76,18.202342,1.305422,4.143655,3.465984,13.0880,666,7,2.0,1.2,150,200,260,30,7,MAX_RECOVERY_STEPS_GT_3,92.3745
1862,12857.72,19.048474,1.312494,3.945562,3.774315,13.8451,675,6,2.5,1.2,400,160,300,30,7,MAX_RECOVERY_STEPS_GT_3,92.3215
2030,10773.53,16.249668,1.296028,4.182937,3.429515,12.4751,663,6,2.0,1.2,100,160,260,30,5,MAX_RECOVERY_STEPS_GT_3,92.2883
1392,6005.89,9.428399,1.267055,4.708545,2.661603,9.5229,637,7,1.5,1.4,400,40,260,45,5,MAX_RECOVERY_STEPS_GT_3,92.2666
1286,6172.74,12.175030,1.214255,2.329934,2.195224,14.5524,507,6,2.0,1.6,100,200,260,15,3,,92.2665
1550,6003.59,9.424788,1.266794,4.706742,2.660708,9.5294,637,7,1.5,1.4,400,40,300,15,5,MAX_RECOVERY_STEPS_GT_3,92.2125
2040,11873.03,16.841177,1.288795,4.626715,3.177164,16.6826,705,6,2.5,1.0,150,200,300,15,7,MAX_RECOVERY_STEPS_GT_3,92.1976
1654,11928.65,17.237934,1.274162,4.144267,3.374893,11.9346,692,6,2.5,1.0,300,200,300,15,7,MAX_RECOVERY_STEPS_GT_3,92.0371
1860,12825.66,19.000978,1.311765,3.935278,3.763679,13.8647,675,6,2.5,1.2,400,160,300,15,7,MAX_RECOVERY_STEPS_GT_3,91.9958
2286,8064.53,11.687725,1.222121,4.813179,2.448419,9.4622,690,6,2.0,1.4,300,120,300,45,7,MAX_RECOVERY_STEPS_GT_3,91.9909
1393,9106.61,13.294321,1.283543,4.342374,2.989753,10.2958,685,7,1.5,1.4,300,160,300,45,5,MAX_RECOVERY_STEPS_GT_3,91.9412
1324,9106.61,13.294321,1.283543,4.342374,2.989753,10.2958,685,7,1.5,1.8,300,160,300,45,5,MAX_RECOVERY_STEPS_GT_3,91.9412
2169,12815.07,18.985289,1.311286,3.932933,3.759033,13.8695,675,6,2.5,1.2,400,160,300,45,7,MAX_RECOVERY_STEPS_GT_3,91.8863
2145,10513.94,14.913390,1.249868,4.524421,2.903479,11.6996,705,6,2.0,1.6,150,200,300,15,7,MAX_RECOVERY_STEPS_GT_3,91.8639
1957,10513.94,14.913390,1.249868,4.524421,2.903479,11.6996,705,6,2.0,1.4,150,200,300,15,7,MAX_RECOVERY_STEPS_GT_3,91.8639
2194,11610.30,17.432883,1.278607,4.079673,3.504902,12.0672,666,6,2.5,1.2,400,200,300,15,7,MAX_RECOVERY_STEPS_GT_3,91.8342
2400,11728.11,17.400757,1.294913,4.261002,3.205141,12.4993,674,7,2.0,1.2,350,160,300,15,7,MAX_RECOVERY_STEPS_GT_3,91.7819
1788,10908.58,16.379249,1.298938,4.137586,3.435808,12.6504,666,6,2.0,1.2,100,160,260,45,5,MAX_RECOVERY_STEPS_GT_3,91.6728
1539,9094.92,13.296667,1.283179,4.335870,2.973005,10.3032,684,7,1.5,1.4,300,160,300,30,5,MAX_RECOVERY_STEPS_GT_3,91.6344
811,10985.51,16.926826,1.322837,4.021242,3.573877,12.9068,649,6,2.5,1.0,100,120,220,30,5,MAX_RECOVERY_STEPS_GT_3,91.6327
1570,11933.36,19.278449,1.358976,4.158038,3.235954,12.9470,619,7,2.5,2.0,150,120,260,45,5,MAX_RECOVERY_STEPS_GT_3,91.5674
1765,9082.12,13.277953,1.282789,4.328839,2.968556,10.3112,684,7,1.5,1.8,300,160,300,15,5,MAX_RECOVERY_STEPS_GT_3,91.4548
2083,11920.23,19.257237,1.358581,4.153463,3.232354,12.9544,619,7,2.5,2.0,150,120,260,30,5,MAX_RECOVERY_STEPS_GT_3,91.4335
2212,10529.31,14.935191,1.239787,4.671057,2.673541,11.7385,705,6,2.0,2.0,250,200,300,15,7,MAX_RECOVERY_STEPS_GT_3,91.3723
2181,11987.52,17.551274,1.323518,4.041727,3.553173,14.1140,683,7,2.0,1.0,100,120,300,15,7,MAX_RECOVERY_STEPS_GT_3,91.2949
1919,10955.20,16.880123,1.320606,4.010147,3.560229,12.9243,649,6,2.5,1.2,150,120,220,15,5,MAX_RECOVERY_STEPS_GT_3,91.2156
1516,10942.28,16.860216,1.320577,4.005418,3.563701,12.9327,649,6,2.5,1.0,150,120,220,30,5,MAX_RECOVERY_STEPS_GT_3,91.1618
1024,6093.74,9.177319,1.266075,4.667994,2.662868,10.3021,664,7,1.5,1.4,200,40,220,15,7,MAX_RECOVERY_STEPS_GT_3,91.1313
1213,6601.55,14.413865,1.226868,2.225202,2.389707,15.8482,458,5,3.0,1.2,300,160,260,15,3,,91.0413
2134,11867.88,17.846436,1.301304,4.089200,3.449784,13.1472,665,7,2.0,1.0,100,200,260,30,7,MAX_RECOVERY_STEPS_GT_3,91.0388
1665,11614.80,16.521764,1.267174,4.394801,3.023020,12.7507,703,6,2.0,1.4,350,200,300,15,7,MAX_RECOVERY_STEPS_GT_3,91.0099
1191,11614.80,16.521764,1.267174,4.394801,3.023020,12.7507,703,6,2.0,1.8,350,200,300,15,7,MAX_RECOVERY_STEPS_GT_3,91.0099
1497,10928.00,16.838213,1.320158,4.000190,3.558742,12.9409,649,6,2.5,1.0,150,120,220,15,5,MAX_RECOVERY_STEPS_GT_3,91.0021
2250,11775.71,16.703135,1.269156,4.265202,3.245128,13.1752,705,6,2.0,1.8,250,200,300,45,7,MAX_RECOVERY_STEPS_GT_3,90.9274
377,10933.24,16.846287,1.319848,4.002108,3.542576,12.9382,649,6,2.5,1.2,150,120,220,30,5,MAX_RECOVERY_STEPS_GT_3,90.8643
2022,11744.84,18.237329,1.282864,4.119941,3.402446,12.4614,644,6,2.5,1.0,150,200,260,30,5,MAX_RECOVERY_STEPS_GT_3,90.8426
2270,11962.69,17.540601,1.320266,4.034171,3.517108,14.1299,682,7,2.0,1.0,100,120,300,45,7,MAX_RECOVERY_STEPS_GT_3,90.6613
1690,8923.42,13.398529,1.285408,4.368850,2.824290,10.1598,666,7,1.5,1.4,400,160,300,45,5,MAX_RECOVERY_STEPS_GT_3,90.5492
2028,11940.36,17.482225,1.321248,4.026234,3.513695,14.1526,683,7,2.0,1.0,100,120,300,30,7,MAX_RECOVERY_STEPS_GT_3,90.5183
590,7276.96,13.913881,1.211125,2.112252,2.544748,16.7814,523,5,2.5,1.0,200,200,260,15,3,,90.4929
2263,10826.39,15.120656,1.263787,4.405216,2.951263,12.3199,716,6,2.0,1.6,100,160,300,15,7,MAX_RECOVERY_STEPS_GT_3,90.4527
2142,12081.59,18.587062,1.303159,3.985929,3.597478,13.5771,650,6,2.0,2.0,300,160,300,45,5,MAX_RECOVERY_STEPS_GT_3,90.4083
1750,12081.59,18.587062,1.303159,3.985929,3.597478,13.5771,650,6,2.0,1.6,300,160,300,45,5,MAX_RECOVERY_STEPS_GT_3,90.4083
1552,8916.67,13.408526,1.285192,4.364584,2.810077,10.1648,665,7,1.5,1.4,400,160,300,30,5,MAX_RECOVERY_STEPS_GT_3,90.3118
1284,5877.26,9.226468,1.261624,4.607700,2.618681,9.5294,637,7,1.5,1.4,400,40,220,15,5,MAX_RECOVERY_STEPS_GT_3,90.0625
1499,8033.44,11.676512,1.222250,4.771641,2.447005,10.5226,688,6,2.0,2.0,300,120,300,15,7,MAX_RECOVERY_STEPS_GT_3,90.0416
1009,5878.22,9.099412,1.257380,4.608453,2.611087,9.4990,646,7,1.5,1.6,350,40,220,30,5,MAX_RECOVERY_STEPS_GT_3,90.0148
922,10820.71,16.750325,1.319535,3.968092,3.509891,12.9875,646,6,2.5,1.2,150,120,220,45,5,MAX_RECOVERY_STEPS_GT_3,89.8579
2061,11112.36,16.438402,1.288147,4.031959,3.434991,12.8022,676,6,2.0,1.2,250,160,300,45,5,MAX_RECOVERY_STEPS_GT_3,89.7651
1150,6437.85,13.874677,1.220897,2.172828,2.373614,16.0015,464,5,3.0,1.0,200,160,260,15,3,,89.7057
411,3945.18,7.922048,1.169536,2.399934,1.766465,11.7992,498,5,2.0,1.4,150,120,100,15,3,,89.5253
1270,7622.37,11.854386,1.222487,4.633378,2.495049,8.9768,643,6,2.0,1.4,350,120,220,15,5,MAX_RECOVERY_STEPS_GT_3,89.4629
234,2712.51,6.322867,1.159469,2.334788,1.726264,9.1516,429,7,4.0,1.8,200,40,180,30,3,,89.3688
1566,11360.84,16.137557,1.262577,4.318496,3.003581,12.8663,704,6,2.0,2.0,300,200,300,45,7,MAX_RECOVERY_STEPS_GT_3,89.2443
125,11360.84,16.137557,1.262577,4.318496,3.003581,12.8663,704,6,2.0,1.6,300,200,300,45,7,MAX_RECOVERY_STEPS_GT_3,89.2443
713,4420.40,9.306105,1.158039,2.496061,1.582404,11.4883,475,6,2.0,2.0,300,200,220,15,3,,89.0063
2325,10487.78,16.387156,1.267436,4.118847,3.253676,11.8119,640,6,2.5,1.0,250,160,260,30,5,MAX_RECOVERY_STEPS_GT_3,88.8922
1679,9633.23,13.880735,1.287208,4.134096,2.996698,10.7959,694,7,1.5,1.4,150,160,300,30,5,MAX_RECOVERY_STEPS_GT_3,88.8065
2235,11147.38,16.539139,1.269725,4.163074,3.249155,13.1791,674,6,2.0,1.6,100,160,300,30,5,MAX_RECOVERY_STEPS_GT_3,88.7654
2193,11147.38,16.539139,1.269725,4.163074,3.249155,13.1791,674,6,2.0,2.0,100,160,300,30,5,MAX_RECOVERY_STEPS_GT_3,88.7654
1732,10736.42,15.882278,1.272665,4.116268,3.248908,12.5595,676,6,2.0,1.2,450,160,300,15,7,MAX_RECOVERY_STEPS_GT_3,88.7303
2173,10996.92,16.267633,1.268436,4.122031,3.241045,12.6463,676,6,2.5,1.0,150,200,220,30,7,MAX_RECOVERY_STEPS_GT_3,88.6162
1079,11704.02,18.519019,1.366286,3.621607,3.881028,14.3539,632,7,2.0,2.0,150,80,220,30,5,MAX_RECOVERY_STEPS_GT_3,88.6103
1998,11895.35,17.042049,1.292942,4.428682,3.168581,17.3276,698,6,2.5,1.2,150,200,300,15,7,MAX_RECOVERY_STEPS_GT_3,88.4950
2020,11765.11,17.907321,1.283777,4.068466,3.214622,12.7837,657,6,2.5,2.0,450,200,300,30,7,MAX_RECOVERY_STEPS_GT_3,88.0332
2033,12593.30,20.746787,1.294860,4.049462,3.414994,14.3297,607,7,4.0,1.0,150,200,220,30,7,MAX_RECOVERY_STEPS_GT_3,87.9844
625,5785.89,11.954318,1.203007,2.123652,2.202424,14.8481,484,6,2.0,2.0,450,200,260,45,3,,87.9738
2044,11754.94,17.891842,1.283268,4.064950,3.212983,12.7907,657,6,2.5,2.0,450,200,300,45,7,MAX_RECOVERY_STEPS_GT_3,87.9328
1834,11750.84,17.885601,1.283433,4.063532,3.210878,12.7905,657,6,2.5,2.0,450,200,300,15,7,MAX_RECOVERY_STEPS_GT_3,87.8944
2382,11037.12,15.479832,1.263892,4.183199,3.093053,12.9699,713,6,2.0,1.4,150,160,300,15,7,MAX_RECOVERY_STEPS_GT_3,87.8694
2333,11428.23,17.315500,1.296703,4.110608,3.104965,12.8547,660,7,2.0,1.2,400,160,300,30,7,MAX_RECOVERY_STEPS_GT_3,87.8104
2322,11211.38,15.746320,1.266705,4.119953,3.190517,13.2104,712,6,2.0,1.4,150,160,300,30,7,MAX_RECOVERY_STEPS_GT_3,87.7923
2067,11149.01,16.541558,1.269858,4.101600,3.257131,13.3490,674,6,2.0,1.8,150,160,300,30,5,MAX_RECOVERY_STEPS_GT_3,87.7246
391,5141.89,11.178022,1.193069,2.161266,2.134421,14.1487,460,7,2.0,1.6,450,80,220,30,3,,87.6845
2402,11399.45,17.271894,1.296415,4.107940,3.087992,12.8540,660,7,2.0,1.2,400,160,300,15,7,MAX_RECOVERY_STEPS_GT_3,87.5770
969,9323.83,13.058585,1.284668,4.110492,2.898667,10.6541,714,7,1.5,1.4,150,160,260,45,7,MAX_RECOVERY_STEPS_GT_3,87.4844
1367,5306.98,11.056208,1.201140,2.097944,2.213463,14.8095,480,7,2.0,2.0,350,80,180,15,3,,87.3829
2242,11266.45,17.413369,1.299969,4.015114,3.241694,13.0503,647,7,2.0,1.0,450,160,300,30,7,MAX_RECOVERY_STEPS_GT_3,87.3583
1122,6033.58,12.091343,1.210080,2.042242,2.294774,15.6092,499,6,2.0,1.8,350,200,260,30,3,,87.3485
2130,11392.67,17.287815,1.295166,4.105496,3.074260,12.8552,659,7,2.0,1.2,400,160,300,45,7,MAX_RECOVERY_STEPS_GT_3,87.3402
2305,11242.94,17.403932,1.302023,4.006736,3.231580,13.0649,646,7,2.0,1.0,450,160,300,45,7,MAX_RECOVERY_STEPS_GT_3,87.1598
1798,11508.02,18.412832,1.317607,3.806972,3.564857,13.7585,625,6,2.5,1.2,150,160,220,30,5,MAX_RECOVERY_STEPS_GT_3,87.0418
2163,11234.59,17.364127,1.299431,4.003760,3.231941,13.0693,647,7,2.0,1.0,450,160,300,15,7,MAX_RECOVERY_STEPS_GT_3,87.0329
1101,12632.09,20.708344,1.297012,4.140339,3.155249,14.3840,610,7,4.0,1.0,100,200,260,45,7,MAX_RECOVERY_STEPS_GT_3,86.8225
2196,11499.61,16.334673,1.264793,4.023136,3.280897,13.6268,704,6,2.0,1.8,250,160,300,30,7,MAX_RECOVERY_STEPS_GT_3,86.8214
1865,11499.61,16.334673,1.264793,4.023136,3.280897,13.6268,704,6,2.0,1.6,250,160,300,30,7,MAX_RECOVERY_STEPS_GT_3,86.8214
1617,11499.61,16.334673,1.264793,4.023136,3.280897,13.6268,704,6,2.0,2.0,250,160,300,30,7,MAX_RECOVERY_STEPS_GT_3,86.8214
570,6014.32,12.004631,1.205686,2.036688,2.258531,15.6699,501,6,2.0,2.0,300,200,260,30,3,,86.6951
2186,10951.85,15.667883,1.259778,4.175983,3.005458,12.9639,699,6,2.0,2.0,300,160,300,15,7,MAX_RECOVERY_STEPS_GT_3,86.6915
2159,12539.40,20.692079,1.293500,3.995055,3.391600,14.4751,606,7,4.0,1.0,100,200,220,30,7,MAX_RECOVERY_STEPS_GT_3,86.6710
2156,11387.34,16.770751,1.273530,3.854314,3.466131,13.1823,679,6,2.5,1.2,400,160,260,30,7,MAX_RECOVERY_STEPS_GT_3,86.6245
1524,11366.14,18.332484,1.275450,3.859103,3.536818,13.2395,620,6,2.5,1.2,400,160,300,30,5,MAX_RECOVERY_STEPS_GT_3,86.5483
1940,11362.93,18.327306,1.275288,3.858013,3.536248,13.2342,620,6,2.5,1.2,400,160,300,45,5,MAX_RECOVERY_STEPS_GT_3,86.5253
647,5973.60,12.067879,1.208176,2.023104,2.256771,15.6642,495,6,2.0,1.8,350,200,260,45,3,,86.4616
162,6482.12,8.712527,1.328856,4.372071,2.724090,13.4312,744,5,1.0,1.2,200,160,100,15,7,MAX_RECOVERY_STEPS_GT_3,86.4555
1241,8279.65,13.892030,1.337472,3.644485,3.599199,11.4114,596,7,2.0,1.2,400,40,220,45,5,MAX_RECOVERY_STEPS_GT_3,86.4312
1239,6489.21,8.722056,1.329017,4.367397,2.726318,13.4589,744,5,1.0,1.2,200,160,100,30,7,MAX_RECOVERY_STEPS_GT_3,86.3837
1614,11991.24,19.185984,1.276473,3.856659,3.392440,12.5285,625,6,2.5,2.0,400,200,300,30,5,MAX_RECOVERY_STEPS_GT_3,86.3408
2063,11165.80,15.815581,1.256662,4.077386,3.136849,13.3435,706,6,2.0,1.8,250,160,300,15,7,MAX_RECOVERY_STEPS_GT_3,86.0831
879,8127.27,12.600419,1.254869,4.376441,2.595332,10.6665,645,7,2.0,2.0,400,120,260,15,7,MAX_RECOVERY_STEPS_GT_3,85.9985
1240,12597.38,20.685353,1.291804,4.127568,3.101045,14.4114,609,7,4.0,1.0,100,200,260,30,7,MAX_RECOVERY_STEPS_GT_3,85.8421
2108,10969.29,15.692833,1.259791,4.124444,3.011904,13.1119,699,6,2.0,2.0,300,160,300,30,7,MAX_RECOVERY_STEPS_GT_3,85.8145
1892,10969.29,15.692833,1.259791,4.124444,3.011904,13.1119,699,6,2.0,1.6,300,160,300,30,7,MAX_RECOVERY_STEPS_GT_3,85.8145
1299,8701.21,14.477887,1.268536,3.932626,3.324653,11.6338,601,6,3.0,1.0,200,160,100,15,7,MAX_RECOVERY_STEPS_GT_3,85.6104
1771,11131.04,17.781214,1.298548,3.841933,3.357652,13.1750,626,6,2.5,2.0,450,120,300,45,5,MAX_RECOVERY_STEPS_GT_3,85.3531
583,4112.97,10.386288,1.134978,2.367668,1.621076,11.5518,396,6,3.5,1.8,200,160,300,30,3,,85.3015
2132,11472.43,16.319246,1.266907,3.988926,3.178888,13.6849,703,6,2.0,1.4,350,160,300,30,7,MAX_RECOVERY_STEPS_GT_3,85.2789
2117,11420.98,16.246060,1.265616,3.983905,3.179609,13.6798,703,6,2.0,1.4,350,160,300,15,7,MAX_RECOVERY_STEPS_GT_3,85.1460
592,3317.65,5.604139,1.149877,2.212091,1.685936,12.7479,592,5,1.5,1.8,150,40,100,45,3,,85.1049
2401,10891.90,15.923830,1.310542,3.748305,3.402167,13.6234,684,7,2.0,1.2,150,80,300,30,7,MAX_RECOVERY_STEPS_GT_3,84.9845
1880,11791.24,19.235302,1.274897,3.815404,3.341558,12.5764,613,6,2.5,2.0,450,200,300,30,5,MAX_RECOVERY_STEPS_GT_3,84.8291
1861,10864.32,16.071479,1.260932,4.003257,3.151075,13.3168,676,6,2.0,2.0,450,200,300,45,7,MAX_RECOVERY_STEPS_GT_3,84.8014
1817,11209.01,17.848742,1.308967,3.752146,3.452475,13.8063,628,6,2.5,1.0,150,160,220,15,5,MAX_RECOVERY_STEPS_GT_3,84.6292
1951,10608.84,15.601235,1.303661,3.728627,3.395680,13.4894,680,7,2.0,1.2,150,80,260,45,7,MAX_RECOVERY_STEPS_GT_3,84.3458
1359,3444.26,9.840743,1.153912,2.147174,1.880909,11.5125,350,7,4.0,1.0,100,200,100,30,3,,84.3108
1565,10440.27,15.939344,1.280610,3.890760,3.154701,12.5726,655,7,2.0,1.0,350,160,260,45,7,MAX_RECOVERY_STEPS_GT_3,84.2199
1598,11098.98,17.022975,1.294108,3.742903,3.436661,14.1156,652,7,2.0,1.2,400,120,300,45,7,MAX_RECOVERY_STEPS_GT_3,83.7290
1050,3792.11,7.966618,1.183856,2.038878,1.833689,12.8260,476,6,2.0,1.8,350,120,100,15,3,,83.6599
1336,9664.53,14.533128,1.241010,4.051976,2.828659,11.1727,665,6,2.5,1.0,350,200,300,30,7,MAX_RECOVERY_STEPS_GT_3,83.4266
1667,11882.78,16.167048,1.258440,3.838256,3.213453,13.5759,735,5,2.5,1.0,200,200,260,30,7,MAX_RECOVERY_STEPS_GT_3,83.4041
1339,11888.34,16.152636,1.258561,3.838217,3.213490,13.5871,736,5,2.5,1.0,200,200,260,15,7,MAX_RECOVERY_STEPS_GT_3,83.3974
1697,11057.17,16.932879,1.294243,3.728426,3.427429,14.1513,653,7,2.0,1.2,400,120,300,30,7,MAX_RECOVERY_STEPS_GT_3,83.3748
1911,10865.12,16.072663,1.262724,3.909273,3.160525,13.5932,676,6,2.0,2.0,450,200,300,30,7,MAX_RECOVERY_STEPS_GT_3,83.2175
1833,10865.12,16.072663,1.262724,3.909273,3.160525,13.5932,676,6,2.0,1.6,450,200,300,30,7,MAX_RECOVERY_STEPS_GT_3,83.2175
1898,12149.50,17.840675,1.303540,3.592284,3.619791,15.2615,681,6,2.0,1.2,100,160,300,45,5,MAX_RECOVERY_STEPS_GT_3,83.1956
1609,10496.40,16.503774,1.279171,3.754802,3.345632,13.0749,636,6,2.0,2.0,300,160,260,30,5,MAX_RECOVERY_STEPS_GT_3,83.1934
1453,10496.40,16.503774,1.279171,3.754802,3.345632,13.0749,636,6,2.0,1.6,300,160,260,30,5,MAX_RECOVERY_STEPS_GT_3,83.1934
1028,4769.82,10.346681,1.172320,2.005129,2.031445,14.4980,461,7,2.0,1.6,450,80,260,45,3,,82.9956
1672,10279.68,15.598907,1.278922,3.859912,3.087513,12.5815,659,7,2.0,1.2,350,160,260,30,7,MAX_RECOVERY_STEPS_GT_3,82.9924
1290,4382.43,9.652930,1.143797,2.275287,1.488132,12.2743,454,7,3.0,1.6,500,160,300,45,3,,82.9913
1465,10831.87,16.023476,1.261991,3.894787,3.149509,13.6223,676,6,2.0,2.0,450,200,300,15,7,MAX_RECOVERY_STEPS_GT_3,82.8129
2264,12127.69,17.704657,1.285642,3.766059,3.307595,14.7287,685,6,2.0,1.4,400,160,300,30,7,MAX_RECOVERY_STEPS_GT_3,82.7394
1724,10585.90,16.592320,1.279243,3.735031,3.331802,13.1806,638,6,2.0,2.0,300,160,260,45,5,MAX_RECOVERY_STEPS_GT_3,82.7075
1727,10978.09,15.956526,1.288341,3.748170,3.224350,13.6561,688,6,2.5,1.0,150,160,220,30,7,MAX_RECOVERY_STEPS_GT_3,82.4883
1848,10581.24,16.957115,1.280375,3.812716,3.182447,13.0477,624,6,2.5,2.0,450,120,300,30,5,MAX_RECOVERY_STEPS_GT_3,82.3760
1585,10092.03,15.040283,1.271008,3.839040,3.082284,12.6501,671,6,2.0,1.2,450,160,260,45,7,MAX_RECOVERY_STEPS_GT_3,82.3453
1899,11874.47,17.488174,1.288310,3.712895,3.367237,14.8142,679,6,2.0,1.6,450,160,300,30,7,MAX_RECOVERY_STEPS_GT_3,82.3168
2127,12084.14,17.641080,1.284860,3.750788,3.295358,14.7635,685,6,2.0,1.4,400,160,300,15,7,MAX_RECOVERY_STEPS_GT_3,82.2971
1144,10778.12,16.762240,1.278818,3.715414,3.310636,13.3259,643,6,2.0,1.6,300,160,260,15,5,MAX_RECOVERY_STEPS_GT_3,82.1799
2215,11835.15,17.430265,1.287705,3.711509,3.353051,14.8037,679,6,2.0,1.6,450,160,300,15,7,MAX_RECOVERY_STEPS_GT_3,82.1260
266,3844.80,6.408000,1.154344,2.102086,1.742649,14.8784,600,5,1.5,2.0,400,40,260,30,3,,81.9996
1076,7640.41,12.423431,1.254222,3.910438,3.002898,11.0043,615,6,2.0,1.2,450,120,140,15,7,MAX_RECOVERY_STEPS_GT_3,81.9841
470,4686.63,8.398978,1.172348,1.986045,1.739945,14.0922,558,7,1.5,1.4,400,120,300,45,3,,81.6264
2146,10047.55,15.293075,1.238522,3.832939,3.078761,12.1108,657,6,2.5,1.0,400,200,300,45,7,MAX_RECOVERY_STEPS_GT_3,81.5065
1110,6831.85,11.698373,1.243758,3.914495,3.048535,10.8285,584,6,2.5,1.2,150,120,100,30,5,MAX_RECOVERY_STEPS_GT_3,81.4989
1793,11116.60,17.958966,1.336460,3.731154,3.090842,13.8434,619,7,2.5,2.0,150,120,220,15,5,MAX_RECOVERY_STEPS_GT_3,81.4409
1888,10985.05,16.822435,1.268152,4.085150,3.067028,16.4620,653,6,2.5,1.0,150,200,300,30,5,MAX_RECOVERY_STEPS_GT_3,81.3995
1823,10992.20,16.833384,1.268446,4.086563,3.064182,16.4723,653,6,2.5,1.0,150,200,300,15,5,MAX_RECOVERY_STEPS_GT_3,81.3938
1432,3662.79,7.583416,1.175431,1.972912,1.745573,12.9559,483,6,2.0,2.0,250,160,100,15,3,,81.3738
1057,3662.79,7.583416,1.175431,1.972912,1.745573,12.9559,483,6,2.0,1.6,250,160,100,15,3,,81.3738
1553,7010.76,10.785785,1.270087,3.985696,2.652245,10.2342,650,7,1.5,1.4,400,80,180,30,5,MAX_RECOVERY_STEPS_GT_3,81.2710
1275,13649.58,19.499400,1.322442,3.383844,3.721258,16.5685,700,6,2.5,1.0,150,160,300,45,7,MAX_RECOVERY_STEPS_GT_3,81.1983
1935,13636.09,19.480129,1.322124,3.380500,3.717748,16.5772,700,6,2.5,1.0,150,160,300,30,7,MAX_RECOVERY_STEPS_GT_3,81.0847
1494,7674.83,12.520114,1.261369,3.841256,3.054250,11.5760,613,6,2.5,1.0,100,120,100,45,7,MAX_RECOVERY_STEPS_GT_3,81.0126
312,2886.75,6.590753,1.136087,2.022029,1.661990,11.1949,438,5,4.0,1.2,500,40,220,30,3,,80.9800
1962,13622.58,19.460829,1.321805,3.377150,3.708561,16.5859,700,6,2.5,1.0,150,160,300,15,7,MAX_RECOVERY_STEPS_GT_3,80.9142
1989,8052.77,11.877242,1.237505,4.316728,2.510727,13.3131,678,6,2.0,1.6,100,120,220,15,7,MAX_RECOVERY_STEPS_GT_3,80.9072
102,2775.24,4.579604,1.130998,1.972004,1.453038,10.7814,606,6,1.5,1.0,150,40,100,45,3,,80.8025
1702,7971.11,12.169634,1.239576,4.032493,2.699057,11.2775,655,6,2.0,1.6,450,120,180,45,7,MAX_RECOVERY_STEPS_GT_3,80.6728
1542,7971.11,12.169634,1.239576,4.032493,2.699057,11.2775,655,6,2.0,2.0,450,120,180,45,7,MAX_RECOVERY_STEPS_GT_3,80.6728
1387,7951.18,12.102253,1.240216,4.019970,2.699229,11.2958,657,6,2.0,1.6,450,120,180,30,7,MAX_RECOVERY_STEPS_GT_3,80.5057
1353,7313.75,11.777375,1.250395,3.943679,2.769940,10.6848,621,7,2.0,1.0,400,120,180,45,7,MAX_RECOVERY_STEPS_GT_3,80.3250
889,4121.29,8.694705,1.157420,1.965842,1.775823,13.5711,474,7,2.0,1.2,400,80,220,45,3,,80.3023
2155,9878.68,15.197969,1.237926,3.873916,3.005358,12.9259,650,6,2.0,1.8,300,160,300,30,5,MAX_RECOVERY_STEPS_GT_3,80.2037
1958,9878.68,15.197969,1.237926,3.873916,3.005358,12.9259,650,6,2.0,1.6,300,160,300,30,5,MAX_RECOVERY_STEPS_GT_3,80.2037
1287,9878.68,15.197969,1.237926,3.873916,3.005358,12.9259,650,6,2.0,2.0,300,160,300,30,5,MAX_RECOVERY_STEPS_GT_3,80.2037
1889,9538.51,14.279207,1.226967,3.982194,2.756493,12.0948,668,6,2.0,1.4,350,200,300,30,5,MAX_RECOVERY_STEPS_GT_3,80.0400
1805,9538.51,14.279207,1.226967,3.982194,2.756493,12.0948,668,6,2.0,1.8,350,200,300,30,5,MAX_RECOVERY_STEPS_GT_3,80.0400
1928,8307.90,12.005636,1.230174,4.029186,2.572540,11.0703,692,6,2.0,1.6,300,160,260,45,7,MAX_RECOVERY_STEPS_GT_3,79.9746
1209,8307.90,12.005636,1.230174,4.029186,2.572540,11.0703,692,6,2.0,2.0,300,160,260,45,7,MAX_RECOVERY_STEPS_GT_3,79.9746
2262,12656.63,19.653152,1.335251,3.388475,3.570161,15.7542,644,7,2.0,1.2,150,160,260,30,5,MAX_RECOVERY_STEPS_GT_3,79.8858
1136,9464.96,14.105753,1.225507,3.978730,2.745074,12.0661,671,6,2.0,1.8,350,200,300,15,5,MAX_RECOVERY_STEPS_GT_3,79.8633
2307,13458.96,19.282178,1.322808,3.336588,3.685416,16.7013,698,6,2.5,1.0,100,160,300,45,7,MAX_RECOVERY_STEPS_GT_3,79.8606
862,5305.32,8.250886,1.244912,4.141513,2.396537,9.7077,643,7,1.5,1.4,200,40,220,45,5,MAX_RECOVERY_STEPS_GT_3,79.8491
1646,9811.46,15.094554,1.236737,3.875061,2.972670,12.9019,650,6,2.0,2.0,300,160,300,15,5,MAX_RECOVERY_STEPS_GT_3,79.8476
2075,13452.84,19.273410,1.322697,3.335070,3.684003,16.7051,698,6,2.5,1.0,100,160,300,30,7,MAX_RECOVERY_STEPS_GT_3,79.8122
1891,10428.51,15.179782,1.275252,3.721796,3.041479,13.4892,687,6,2.5,1.2,150,160,220,15,7,MAX_RECOVERY_STEPS_GT_3,79.7171
2035,7212.59,11.727789,1.261061,3.841797,2.858187,10.8651,615,7,2.0,1.0,450,120,180,30,7,MAX_RECOVERY_STEPS_GT_3,79.6998
2303,9802.48,14.003543,1.228413,3.902681,2.829758,12.5511,700,6,2.0,1.4,200,160,300,15,7,MAX_RECOVERY_STEPS_GT_3,79.6722
1420,8284.48,12.076501,1.231121,4.015491,2.569932,11.0867,686,6,2.0,1.6,300,160,260,30,7,MAX_RECOVERY_STEPS_GT_3,79.6591
2231,13439.33,19.254054,1.322373,3.331721,3.674834,16.7139,698,6,2.5,1.0,100,160,300,15,7,MAX_RECOVERY_STEPS_GT_3,79.6416
2131,12683.59,19.513215,1.333095,3.336364,3.637073,15.9531,650,7,2.0,1.0,100,160,260,45,5,MAX_RECOVERY_STEPS_GT_3,79.5583
1395,8582.15,12.583798,1.261858,3.887266,2.614169,10.9387,682,7,1.5,1.4,400,200,300,45,7,MAX_RECOVERY_STEPS_GT_3,79.5232
501,7186.30,11.704072,1.258470,3.846129,2.837618,10.8358,614,7,2.0,1.0,450,120,180,45,7,MAX_RECOVERY_STEPS_GT_3,79.4762
2376,13457.26,20.545435,1.345381,3.274583,3.749170,16.9502,655,7,2.0,1.2,150,160,300,45,5,MAX_RECOVERY_STEPS_GT_3,79.4443
1694,10556.56,15.233131,1.249888,3.714404,3.037032,12.9825,693,5,2.5,1.2,100,160,260,45,5,MAX_RECOVERY_STEPS_GT_3,79.4317
2260,10046.56,14.393352,1.234326,3.817677,2.944433,12.9155,698,6,2.0,1.4,200,160,300,30,7,MAX_RECOVERY_STEPS_GT_3,79.4070
1587,6509.09,9.922393,1.233281,4.117358,2.344519,9.7353,656,7,1.5,1.8,350,120,220,15,5,MAX_RECOVERY_STEPS_GT_3,79.3140
1828,12611.34,19.613281,1.334904,3.376892,3.538906,15.7856,643,7,2.0,1.2,150,160,260,45,5,MAX_RECOVERY_STEPS_GT_3,79.3127
2007,9644.35,14.860324,1.255099,3.818229,2.943868,12.8626,649,6,2.0,1.2,450,160,300,30,5,MAX_RECOVERY_STEPS_GT_3,79.2991
1068,8552.13,12.539780,1.270803,3.823018,2.665060,11.0742,682,7,1.5,1.4,400,160,300,45,7,MAX_RECOVERY_STEPS_GT_3,79.2039
447,7148.87,9.792973,1.241422,3.819412,2.813528,11.0602,730,6,1.5,1.0,200,80,180,45,7,MAX_RECOVERY_STEPS_GT_3,79.1784
1501,8565.00,12.577093,1.261368,3.877917,2.599134,10.9510,681,7,1.5,1.4,400,200,300,15,7,MAX_RECOVERY_STEPS_GT_3,79.1778
1310,8217.92,11.979475,1.229378,3.999124,2.546445,11.0865,686,6,2.0,2.0,300,160,260,15,7,MAX_RECOVERY_STEPS_GT_3,79.0847
1091,8217.92,11.979475,1.229378,3.999124,2.546445,11.0865,686,6,2.0,1.6,300,160,260,15,7,MAX_RECOVERY_STEPS_GT_3,79.0847
1567,9592.69,14.780724,1.253912,3.818092,2.924608,12.8361,649,6,2.0,1.2,450,160,300,15,5,MAX_RECOVERY_STEPS_GT_3,79.0688
1218,11935.56,15.561356,1.260193,3.521406,3.361450,14.5555,767,5,2.5,1.0,200,160,300,45,7,MAX_RECOVERY_STEPS_GT_3,79.0435
531,5108.59,11.428613,1.176495,1.987801,1.764348,15.4534,447,5,3.0,1.4,100,160,260,30,3,,79.0337
1847,10516.77,15.175714,1.249011,3.700404,3.025785,13.0053,693,5,2.5,1.2,100,160,260,15,5,MAX_RECOVERY_STEPS_GT_3,79.0313
1185,8547.46,12.551336,1.270783,3.819394,2.652241,11.0797,681,7,1.5,1.4,400,160,300,15,7,MAX_RECOVERY_STEPS_GT_3,78.9974
1777,11921.10,15.542503,1.259887,3.517327,3.357554,14.5630,767,5,2.5,1.0,200,160,300,30,7,MAX_RECOVERY_STEPS_GT_3,78.9164
1662,10963.43,17.740178,1.278381,3.484591,3.398022,13.8502,618,6,2.5,1.2,400,160,260,15,5,MAX_RECOVERY_STEPS_GT_3,78.6825
2060,10102.70,15.518740,1.246191,3.793943,2.964869,13.2711,651,6,2.0,1.4,350,160,300,30,5,MAX_RECOVERY_STEPS_GT_3,78.6006
1578,7693.79,12.865870,1.311260,3.410776,3.313254,11.6839,598,7,2.0,1.2,400,40,180,30,5,MAX_RECOVERY_STEPS_GT_3,78.5574
63,5466.28,11.605690,1.177691,1.892697,1.872316,16.1073,471,5,3.0,1.2,450,160,260,15,3,,78.4658
1704,8438.99,12.021353,1.262938,3.785998,2.648924,11.1171,702,7,1.5,1.8,300,160,300,45,7,MAX_RECOVERY_STEPS_GT_3,78.3610
1628,8438.99,12.021353,1.262938,3.785998,2.648924,11.1171,702,7,1.5,1.4,300,160,300,45,7,MAX_RECOVERY_STEPS_GT_3,78.3610
1877,13333.16,20.449632,1.342938,3.244149,3.715201,17.0382,652,7,2.0,1.2,150,160,300,30,5,MAX_RECOVERY_STEPS_GT_3,78.3521
1808,11700.12,16.834705,1.261591,3.661849,3.076634,14.4659,695,6,3.0,1.2,150,200,300,30,7,MAX_RECOVERY_STEPS_GT_3,78.2693
1559,3972.47,8.310607,1.144760,1.906862,1.711823,13.6555,478,7,2.0,1.2,400,80,260,45,3,,78.2160
1592,11032.46,16.973015,1.280710,3.450113,3.394076,14.2739,650,6,2.0,1.8,200,160,260,15,5,MAX_RECOVERY_STEPS_GT_3,78.1906
191,3106.32,5.488198,1.161288,1.947036,1.612959,14.6045,566,7,1.5,1.6,350,40,100,30,3,,78.0937
2366,9838.45,14.884191,1.251541,3.797823,2.881714,13.3181,661,6,2.5,2.0,400,160,260,45,7,MAX_RECOVERY_STEPS_GT_3,77.9688
1996,8171.64,11.460926,1.231466,4.024467,2.353576,10.9506,713,6,2.0,1.6,100,160,260,15,7,MAX_RECOVERY_STEPS_GT_3,77.9492
2329,9800.57,14.826884,1.250686,3.804702,2.869115,13.2766,661,6,2.5,2.0,400,160,260,15,7,MAX_RECOVERY_STEPS_GT_3,77.9469
2255,9826.11,14.865522,1.251226,3.793059,2.878564,13.3255,661,6,2.5,2.0,400,160,260,30,7,MAX_RECOVERY_STEPS_GT_3,77.8397
1599,8738.33,14.094081,1.266922,3.695526,2.962246,12.3239,620,6,2.0,1.6,450,120,180,30,5,MAX_RECOVERY_STEPS_GT_3,77.8352
1155,6593.02,12.558133,1.207485,1.731269,2.152112,18.9951,525,5,2.0,1.4,400,200,260,15,3,,77.7545
1596,8703.13,14.059984,1.264468,3.702877,2.939900,12.2822,619,6,2.0,1.6,450,120,180,45,5,MAX_RECOVERY_STEPS_GT_3,77.6543
1730,8500.60,12.630906,1.275356,3.722211,2.682869,11.2837,673,7,1.5,1.4,400,160,260,30,5,MAX_RECOVERY_STEPS_GT_3,77.6235
349,4399.64,8.834618,1.131619,2.062712,1.407062,13.6004,498,4,2.5,1.6,450,200,260,15,3,,77.6116
1416,5136.32,7.853700,1.235359,4.038146,2.349371,9.7017,654,7,1.5,1.4,150,40,180,15,7,MAX_RECOVERY_STEPS_GT_3,77.5724
2294,10029.76,15.219666,1.238149,3.697117,3.004871,13.3844,659,6,2.0,1.4,200,160,300,30,5,MAX_RECOVERY_STEPS_GT_3,77.2086
1800,10687.65,16.317023,1.250967,3.584583,3.186861,14.1219,655,6,2.0,1.6,250,160,300,30,5,MAX_RECOVERY_STEPS_GT_3,77.1759
1797,10687.65,16.317023,1.250967,3.584583,3.186861,14.1219,655,6,2.0,2.0,250,160,300,30,5,MAX_RECOVERY_STEPS_GT_3,77.1759
1815,10687.65,16.317023,1.250967,3.584583,3.186861,14.1219,655,6,2.0,1.8,250,160,300,30,5,MAX_RECOVERY_STEPS_GT_3,77.1759
1328,5194.59,9.276054,1.172770,1.847011,1.871891,17.4306,560,5,2.0,1.4,150,120,260,15,3,,77.1516
999,4280.90,9.346943,1.154217,1.917983,1.663458,14.4770,458,7,2.0,2.0,400,120,180,45,3,,77.1128
360,10003.52,17.488671,1.277283,3.560466,3.108114,12.9528,572,7,3.0,1.2,200,200,220,30,5,MAX_RECOVERY_STEPS_GT_3,76.8229
863,2970.46,4.909851,1.116423,1.886677,1.305313,11.4631,605,6,1.5,1.8,300,80,140,15,3,,76.8005
850,10996.39,15.754140,1.246469,3.701765,2.908660,14.1020,698,6,3.0,1.2,150,200,300,15,7,MAX_RECOVERY_STEPS_GT_3,76.7867
1069,4598.34,9.721649,1.160921,1.800418,1.833057,15.2313,473,7,2.0,1.2,400,120,260,30,3,,76.7478
1087,4354.89,9.830451,1.169282,1.816089,1.828023,15.1867,443,7,2.0,2.0,400,160,140,30,3,,76.7284
1855,9015.39,13.536622,1.214243,3.837071,2.719021,12.2453,666,6,2.0,2.0,300,200,300,45,5,MAX_RECOVERY_STEPS_GT_3,76.5724
1408,9015.39,13.536622,1.214243,3.837071,2.719021,12.2453,666,6,2.0,1.6,300,200,300,45,5,MAX_RECOVERY_STEPS_GT_3,76.5724
1806,8368.36,12.110507,1.262719,3.628903,2.742029,11.3882,691,7,1.5,1.4,300,160,260,15,5,MAX_RECOVERY_STEPS_GT_3,76.4388
2055,11326.06,17.371258,1.283389,3.412810,3.355794,15.2643,652,6,2.0,1.6,450,160,300,30,5,MAX_RECOVERY_STEPS_GT_3,76.3289
1812,10594.00,15.788376,1.276923,3.375466,3.281579,14.1970,671,6,2.5,1.0,350,160,220,45,7,MAX_RECOVERY_STEPS_GT_3,75.9864
757,3147.82,5.399348,1.132550,1.993174,1.238464,13.5033,583,7,1.5,1.6,100,80,220,45,3,,75.6200
2301,9250.64,13.994917,1.217118,3.899752,2.762494,14.4190,661,6,2.0,1.4,200,160,300,15,5,MAX_RECOVERY_STEPS_GT_3,75.4857
2076,13688.02,19.866502,1.308872,3.273667,3.431857,17.1383,689,6,2.5,2.0,350,160,300,30,7,MAX_RECOVERY_STEPS_GT_3,75.3550
1439,13685.24,19.862467,1.308696,3.273002,3.429445,17.1408,689,6,2.5,2.0,350,160,300,45,7,MAX_RECOVERY_STEPS_GT_3,75.3104
911,5404.73,9.720737,1.185198,1.705732,2.024012,18.8773,556,5,2.0,1.4,150,120,220,15,3,,75.3005
2257,4103.75,9.724526,1.137446,2.253631,1.491045,17.7782,422,6,3.5,1.0,450,160,300,45,3,,75.2721
2073,12781.81,20.516549,1.275828,3.515320,3.050872,15.0383,623,7,4.0,1.0,100,200,300,30,7,MAX_RECOVERY_STEPS_GT_3,75.1374
1735,13363.22,19.172482,1.320349,3.094312,3.715960,17.7727,697,6,2.0,2.0,250,160,300,45,7,MAX_RECOVERY_STEPS_GT_3,75.0980
1505,13363.22,19.172482,1.320349,3.094312,3.715960,17.7727,697,6,2.0,1.8,250,160,300,45,7,MAX_RECOVERY_STEPS_GT_3,75.0980
1576,12768.01,20.494398,1.275530,3.510946,3.047621,15.0482,623,7,4.0,1.0,100,200,300,15,7,MAX_RECOVERY_STEPS_GT_3,75.0101
222,3891.35,7.011441,1.151918,1.783779,1.484328,14.0082,555,7,1.5,1.6,100,120,220,45,3,,74.9815
2178,9579.30,14.669678,1.245809,3.729574,2.727583,13.3931,653,6,2.5,2.0,400,200,260,15,7,MAX_RECOVERY_STEPS_GT_3,74.8693
2367,7136.55,10.845821,1.208768,3.930684,2.322787,10.5029,658,7,2.0,1.2,350,120,260,15,7,MAX_RECOVERY_STEPS_GT_3,74.8598
2094,10276.77,16.629078,1.256071,3.420824,3.211868,13.7520,618,6,2.5,1.0,400,160,260,45,5,MAX_RECOVERY_STEPS_GT_3,74.8581
2418,9578.79,14.668897,1.245631,3.729376,2.726917,13.3943,653,6,2.5,2.0,400,200,260,30,7,MAX_RECOVERY_STEPS_GT_3,74.8517
1486,11840.74,19.221981,1.260478,3.539981,3.035727,14.5472,616,7,4.0,1.0,150,200,260,45,7,MAX_RECOVERY_STEPS_GT_3,74.8374
1708,10746.53,14.601264,1.269900,3.280792,3.314878,14.8525,736,5,2.5,1.2,100,160,220,15,7,MAX_RECOVERY_STEPS_GT_3,74.3574
2096,10752.97,17.371519,1.292687,3.231284,3.440445,15.0147,619,6,2.5,1.0,400,120,260,45,5,MAX_RECOVERY_STEPS_GT_3,74.3195
41,3774.84,8.501892,1.122488,1.884678,1.377108,12.7409,444,7,3.0,1.2,500,160,260,30,3,,74.2695
1526,4450.34,9.100900,1.146134,1.783225,1.650161,15.3286,489,7,2.0,1.4,150,120,260,15,3,,74.1812
1175,4665.30,7.346929,1.232659,3.852213,2.401826,10.1659,635,7,1.5,1.4,300,40,100,15,5,MAX_RECOVERY_STEPS_GT_3,74.1495
1757,13186.68,20.163119,1.340697,2.977793,3.844699,18.1880,654,7,2.0,1.0,100,160,300,30,5,MAX_RECOVERY_STEPS_GT_3,74.1489
1594,11802.27,19.190683,1.256082,3.527847,2.986768,14.5730,615,7,4.0,1.0,150,200,260,30,7,MAX_RECOVERY_STEPS_GT_3,73.9475
962,11788.47,19.168244,1.255783,3.523090,2.983328,14.5832,615,7,4.0,1.0,150,200,260,15,7,MAX_RECOVERY_STEPS_GT_3,73.8121
2062,13125.95,20.070260,1.339373,2.972470,3.824224,18.1912,654,7,2.0,1.0,100,160,300,15,5,MAX_RECOVERY_STEPS_GT_3,73.7837
2153,10341.07,15.342834,1.261067,3.314371,3.293406,14.9401,674,6,2.5,1.0,400,120,260,15,7,MAX_RECOVERY_STEPS_GT_3,73.6580
483,5132.24,9.132100,1.158079,1.832341,1.766793,18.8917,562,5,2.0,1.0,250,160,300,45,3,,73.6105
2224,13132.15,20.110490,1.338371,2.973874,3.806217,18.1870,653,7,2.0,1.0,100,160,300,45,5,MAX_RECOVERY_STEPS_GT_3,73.5835
1688,9346.84,15.099903,1.310851,3.266458,3.173469,13.8070,619,7,2.0,1.4,400,80,300,30,5,MAX_RECOVERY_STEPS_GT_3,73.5592
1685,9960.85,15.711120,1.288740,3.190709,3.457149,15.0540,634,6,2.5,1.0,150,120,180,30,5,MAX_RECOVERY_STEPS_GT_3,73.5108
1632,12111.68,17.376872,1.301658,3.088934,3.561748,16.6874,697,6,2.5,1.0,150,160,260,45,7,MAX_RECOVERY_STEPS_GT_3,73.4976
2268,10319.38,15.333403,1.260519,3.307812,3.289343,14.9547,673,6,2.5,1.0,400,120,260,30,7,MAX_RECOVERY_STEPS_GT_3,73.4571
1782,12099.75,17.359756,1.301363,3.085892,3.558797,16.6948,697,6,2.5,1.0,150,160,260,30,7,MAX_RECOVERY_STEPS_GT_3,73.3973
1717,12080.62,17.332310,1.301696,3.081013,3.565289,16.7073,697,6,2.5,1.0,150,160,260,15,7,MAX_RECOVERY_STEPS_GT_3,73.3761
699,3770.96,6.337748,1.132473,1.776978,1.347798,14.0274,595,6,1.5,1.8,100,120,220,45,3,,73.3218
1756,13361.06,19.252248,1.323446,3.047520,3.614534,17.9589,694,6,2.0,1.4,350,160,300,45,7,MAX_RECOVERY_STEPS_GT_3,73.2229
1884,12180.47,16.940848,1.295745,3.079757,3.603961,17.1645,719,6,2.0,1.2,100,160,300,45,7,MAX_RECOVERY_STEPS_GT_3,73.0799
40,4620.34,7.230579,1.271788,3.635172,2.208427,7.9981,639,7,1.0,1.8,400,120,100,15,5,MAX_RECOVERY_STEPS_GT_3,72.9655
2068,10500.82,15.934476,1.265491,3.227734,3.311983,14.8253,659,6,2.5,1.0,400,160,220,15,7,MAX_RECOVERY_STEPS_GT_3,72.7024
2172,13079.06,19.968031,1.333714,2.965410,3.735121,18.2495,655,7,2.0,1.2,100,160,300,45,5,MAX_RECOVERY_STEPS_GT_3,72.5096
1893,10462.17,15.875827,1.264217,3.216596,3.296617,14.8500,659,6,2.5,1.0,400,160,220,45,7,MAX_RECOVERY_STEPS_GT_3,72.2881
1640,10523.15,16.442422,1.285220,3.142749,3.377098,15.1223,640,6,2.0,1.8,200,160,220,30,5,MAX_RECOVERY_STEPS_GT_3,72.1526
1419,8739.87,14.738398,1.263155,3.376984,3.019234,13.1381,593,7,2.0,1.2,400,120,180,30,5,MAX_RECOVERY_STEPS_GT_3,72.1332
2029,9307.45,14.797218,1.263841,3.823429,2.616197,16.0652,629,7,2.0,2.0,150,160,260,30,5,MAX_RECOVERY_STEPS_GT_3,72.1090
1930,9992.65,15.026541,1.254657,3.286040,3.219769,14.8474,665,6,2.5,1.2,400,120,260,45,7,MAX_RECOVERY_STEPS_GT_3,72.0807
1837,9538.67,13.724705,1.221142,3.617284,2.610370,13.1591,695,6,3.0,1.0,200,200,300,15,7,MAX_RECOVERY_STEPS_GT_3,72.0099
1669,9959.02,14.931064,1.254986,3.282753,3.213689,14.8611,667,6,2.5,1.0,400,120,260,45,7,MAX_RECOVERY_STEPS_GT_3,71.9775
1551,8957.32,14.195436,1.298818,3.120811,3.285110,13.9723,631,7,2.0,1.2,400,80,260,15,5,MAX_RECOVERY_STEPS_GT_3,71.8481
1883,11708.96,16.799082,1.281379,3.203397,3.284870,16.4982,697,6,2.5,1.2,150,160,300,45,7,MAX_RECOVERY_STEPS_GT_3,71.7617
2011,11695.47,16.779727,1.281055,3.199706,3.281208,16.5077,697,6,2.5,1.2,150,160,300,30,7,MAX_RECOVERY_STEPS_GT_3,71.6402
2025,9877.55,15.034323,1.256615,3.261511,3.223275,14.8988,657,6,2.5,1.0,400,120,300,45,7,MAX_RECOVERY_STEPS_GT_3,71.5829
2124,12792.11,19.178576,1.320717,2.962536,3.690470,18.2948,667,6,2.0,2.0,100,160,300,45,5,MAX_RECOVERY_STEPS_GT_3,71.5387
1983,11681.96,16.760344,1.280730,3.196010,3.272390,16.5172,697,6,2.5,1.2,150,160,300,15,7,MAX_RECOVERY_STEPS_GT_3,71.4671
1308,9084.42,14.488708,1.315111,3.136777,3.249106,14.7737,627,7,2.0,1.2,150,80,260,15,5,MAX_RECOVERY_STEPS_GT_3,71.3425
1904,8116.09,12.390977,1.245504,3.859512,2.458538,15.1746,655,7,2.0,1.4,400,120,300,30,7,MAX_RECOVERY_STEPS_GT_3,71.2764
1872,8754.55,14.258225,1.272655,3.461240,2.736275,13.1308,614,7,2.0,1.0,450,200,260,30,7,MAX_RECOVERY_STEPS_GT_3,71.2160
692,3326.37,5.845993,1.120595,1.671568,1.359136,13.7856,569,6,1.5,1.2,450,120,140,30,3,,71.1347
1663,6080.49,9.397975,1.219781,3.889398,2.122222,11.3050,647,7,1.5,1.4,400,120,220,15,5,MAX_RECOVERY_STEPS_GT_3,70.9726
1248,10701.19,15.599402,1.241696,3.307042,3.108831,15.2791,686,6,3.0,1.0,200,200,260,15,7,MAX_RECOVERY_STEPS_GT_3,70.9690
94,4817.88,7.299818,1.208082,3.823107,2.119130,9.9728,660,7,1.5,1.4,200,40,260,15,7,MAX_RECOVERY_STEPS_GT_3,70.6909
1680,9458.49,14.484671,1.239056,3.496178,2.758492,14.0995,653,6,2.5,2.0,450,160,260,30,7,MAX_RECOVERY_STEPS_GT_3,70.5330
758,2425.72,4.225993,1.132668,1.687234,1.234945,13.5242,574,7,1.5,1.6,200,40,100,30,3,,70.4852
1445,9409.38,14.610839,1.296781,3.190431,3.110323,14.8512,644,7,2.0,1.4,150,80,300,30,5,MAX_RECOVERY_STEPS_GT_3,70.4303
1625,8164.20,12.113056,1.230386,3.700403,2.569514,14.6702,674,6,2.0,1.2,100,120,300,45,5,MAX_RECOVERY_STEPS_GT_3,70.3711
1384,6082.98,10.037921,1.220643,3.533945,2.573278,10.8144,606,6,2.0,1.8,200,120,100,30,5,MAX_RECOVERY_STEPS_GT_3,70.1858
2089,9425.46,14.434089,1.238342,3.483493,2.749060,14.1244,653,6,2.5,2.0,450,160,260,15,7,MAX_RECOVERY_STEPS_GT_3,70.1770
926,6077.89,10.029521,1.220623,3.530373,2.570844,10.8177,606,6,2.0,1.4,200,160,100,15,5,MAX_RECOVERY_STEPS_GT_3,70.1007
1347,9162.62,14.497816,1.254322,3.778945,2.521433,16.1326,632,7,2.0,2.0,150,160,260,45,5,MAX_RECOVERY_STEPS_GT_3,70.0505
1269,8109.36,12.013867,1.229737,3.673050,2.554542,14.7294,675,6,2.0,1.2,100,120,300,30,5,MAX_RECOVERY_STEPS_GT_3,69.7042
1246,10364.66,18.088412,1.299132,3.157060,3.113154,14.7144,573,7,3.0,1.6,500,160,260,15,5,MAX_RECOVERY_STEPS_GT_3,69.6678
1748,8637.09,14.044049,1.255802,3.461995,2.595825,13.0612,615,7,2.0,1.2,400,200,260,45,7,MAX_RECOVERY_STEPS_GT_3,69.2721
1249,4220.63,7.963453,1.140611,1.760848,1.493274,18.0891,530,5,2.0,1.0,350,160,220,45,3,,69.2417
2137,11320.23,16.406130,1.280506,3.010075,3.344087,16.6790,690,6,2.5,1.2,150,160,260,15,7,MAX_RECOVERY_STEPS_GT_3,68.9122
821,2577.57,5.484191,1.109808,1.516744,1.447286,12.6516,470,3,4.0,1.2,300,40,220,30,3,,68.8885
2092,12381.59,17.438859,1.312288,2.993057,3.323860,17.8451,710,6,2.0,1.6,100,160,300,45,7,MAX_RECOVERY_STEPS_GT_3,68.8412
2017,12381.59,17.438859,1.312288,2.993057,3.323860,17.8451,710,6,2.0,2.0,100,160,300,45,7,MAX_RECOVERY_STEPS_GT_3,68.8412
2277,12569.59,18.164147,1.308960,2.967725,3.399778,18.0544,692,6,2.0,1.8,300,160,300,45,7,MAX_RECOVERY_STEPS_GT_3,68.8325
2107,12569.59,18.164147,1.308960,2.967725,3.399778,18.0544,692,6,2.0,1.6,300,160,300,45,7,MAX_RECOVERY_STEPS_GT_3,68.8325
518,12569.59,18.164147,1.308960,2.967725,3.399778,18.0544,692,6,2.0,2.0,300,160,300,45,7,MAX_RECOVERY_STEPS_GT_3,68.8325
731,3474.68,6.329107,1.129281,1.585338,1.308890,14.3165,549,7,1.5,1.4,400,120,220,45,3,,68.7942
1721,11331.42,16.422348,1.280689,3.002226,3.347441,16.7230,690,6,2.5,1.2,150,160,260,45,7,MAX_RECOVERY_STEPS_GT_3,68.7872
243,2913.57,5.909878,1.129628,1.466132,1.552837,14.0421,493,5,3.5,1.6,150,40,260,45,3,,68.7065
2104,8376.27,13.149560,1.219035,3.636733,2.282519,12.2496,637,6,2.5,2.0,150,160,300,30,5,MAX_RECOVERY_STEPS_GT_3,68.6310
1933,12718.24,18.897831,1.315370,2.873185,3.585139,18.7089,673,6,2.0,2.0,450,160,300,45,7,MAX_RECOVERY_STEPS_GT_3,68.5098
1773,12718.24,18.897831,1.315370,2.873185,3.585139,18.7089,673,6,2.0,1.6,450,160,300,45,7,MAX_RECOVERY_STEPS_GT_3,68.5098
2276,12688.70,19.581327,1.311415,2.823042,3.664284,18.3464,648,6,2.0,2.0,250,160,300,45,5,MAX_RECOVERY_STEPS_GT_3,68.4738
2002,12688.70,19.581327,1.311415,2.823042,3.664284,18.3464,648,6,2.0,1.8,250,160,300,45,5,MAX_RECOVERY_STEPS_GT_3,68.4738
1969,12688.70,19.581327,1.311415,2.823042,3.664284,18.3464,648,6,2.0,1.6,250,160,300,45,5,MAX_RECOVERY_STEPS_GT_3,68.4738
2152,10970.58,17.303754,1.280806,3.133538,3.154157,16.2156,634,7,2.0,1.2,150,200,300,45,5,MAX_RECOVERY_STEPS_GT_3,68.4566
163,2092.03,3.090148,1.097943,1.504419,0.909720,10.5009,677,6,1.0,1.0,200,160,140,30,3,PF_LT_1_10,68.2079
1296,8066.98,11.968813,1.243844,3.708888,2.368207,15.3342,674,7,2.0,1.4,300,120,300,45,7,MAX_RECOVERY_STEPS_GT_3,68.1110
716,3729.77,7.158868,1.155636,1.462666,1.595341,16.3568,521,7,1.5,1.4,400,160,140,30,3,,68.0202
604,9580.66,15.378266,1.247164,3.298648,2.790628,13.9297,623,6,3.0,1.2,150,200,300,15,5,MAX_RECOVERY_STEPS_GT_3,68.0114
1279,5537.49,10.943656,1.180517,1.394079,2.069041,20.7737,506,6,2.0,1.6,300,200,300,45,3,,67.9886
1103,5537.49,10.943656,1.180517,1.394079,2.069041,20.7737,506,6,2.0,2.0,300,200,300,45,3,,67.9886
1593,5695.74,10.932322,1.182130,1.377003,2.129992,21.4566,521,6,2.0,2.0,300,160,300,30,3,,67.8723
505,3970.92,8.272750,1.130462,1.615003,1.364732,15.4857,480,7,2.0,1.2,300,200,300,45,3,,67.6983
1938,12552.11,18.060590,1.302149,2.900606,3.423255,18.2740,695,6,2.0,1.4,350,160,260,45,7,MAX_RECOVERY_STEPS_GT_3,67.5927
845,6324.49,14.276501,1.196211,1.384439,2.166626,21.8653,443,5,3.0,1.0,200,200,260,45,3,,67.5527
2223,12422.61,17.951749,1.300640,2.904046,3.415783,18.2008,692,6,2.0,1.4,350,160,260,15,7,MAX_RECOVERY_STEPS_GT_3,67.4970
701,5610.64,11.176574,1.185727,1.353243,2.133316,21.3524,502,6,2.0,1.8,350,200,300,45,3,,67.4861
2164,12469.07,18.018887,1.301525,2.892928,3.433693,18.2782,692,6,2.0,1.4,350,160,260,30,7,MAX_RECOVERY_STEPS_GT_3,67.4706
807,2974.18,3.970868,1.122702,1.513385,1.349262,16.4304,749,3,1.0,1.6,150,160,100,15,3,,67.2586
1715,8999.64,13.996330,1.249287,3.261271,2.751494,13.9473,643,6,2.0,1.2,450,160,260,15,5,MAX_RECOVERY_STEPS_GT_3,67.1078
2143,8865.45,13.702396,1.245238,3.354364,2.569013,13.5049,647,6,2.0,1.4,350,160,260,30,5,MAX_RECOVERY_STEPS_GT_3,67.0586
1237,5637.27,10.861792,1.179155,1.363164,2.090193,21.5239,519,6,2.0,2.0,300,160,300,45,3,,67.0241
1725,9470.63,12.885211,1.234018,3.351320,2.584813,14.1835,735,5,2.5,1.2,100,200,300,45,7,MAX_RECOVERY_STEPS_GT_3,67.0237
2141,8918.33,13.720508,1.245439,3.340862,2.564404,13.5891,650,6,2.0,1.4,350,160,260,45,5,MAX_RECOVERY_STEPS_GT_3,66.7853
1396,2845.43,5.771663,1.123711,1.488281,1.378714,14.3078,493,5,2.0,1.4,200,120,100,15,3,,66.7375
1720,7667.29,11.634734,1.227935,3.345298,2.381794,11.4832,659,7,1.5,1.4,400,200,300,30,5,MAX_RECOVERY_STEPS_GT_3,66.4432
1841,11501.77,16.742023,1.294677,2.795485,3.526617,18.1978,687,6,2.5,1.0,150,120,260,30,7,MAX_RECOVERY_STEPS_GT_3,66.2400
1429,11481.89,16.713086,1.294982,2.790653,3.532977,18.2132,687,6,2.5,1.0,150,120,260,15,7,MAX_RECOVERY_STEPS_GT_3,66.2133
1251,5717.17,11.935637,1.231522,3.408535,2.475164,10.4824,479,7,3.5,1.2,500,160,100,30,5,MAX_RECOVERY_STEPS_GT_3,66.1055
1941,9123.71,14.482079,1.237316,3.115734,2.997133,14.6092,630,6,2.5,1.0,400,120,300,30,5,MAX_RECOVERY_STEPS_GT_3,66.0442
1779,10463.08,16.399812,1.285323,2.976830,3.127197,16.1007,638,6,2.0,2.0,450,160,260,30,5,MAX_RECOVERY_STEPS_GT_3,65.9357
88,2444.83,3.850126,1.132800,1.484054,1.170733,14.9955,635,7,1.0,1.2,400,40,300,30,3,,65.9154
912,5719.81,9.548932,1.203096,3.446707,2.354532,10.7753,599,6,2.0,1.4,300,160,100,30,5,MAX_RECOVERY_STEPS_GT_3,65.8410
1316,7928.87,11.230694,1.246092,3.208783,2.495951,12.3863,706,7,1.5,1.8,300,160,260,45,7,MAX_RECOVERY_STEPS_GT_3,65.8053
810,2602.75,3.723534,1.127081,1.322959,1.267081,14.6136,699,6,1.0,1.0,100,40,220,30,3,,65.7138
2058,12335.54,19.184355,1.322787,2.711853,3.626500,19.0852,643,6,2.0,2.0,450,160,300,45,5,MAX_RECOVERY_STEPS_GT_3,65.6916
1786,8667.74,15.287019,1.231189,3.249326,2.732090,13.2504,567,7,3.0,1.2,200,200,220,15,5,MAX_RECOVERY_STEPS_GT_3,65.6858
1098,8452.79,12.092690,1.205470,3.228363,2.588567,12.6662,699,5,2.5,1.0,350,160,300,15,5,MAX_RECOVERY_STEPS_GT_3,65.5152
1410,7900.15,11.205887,1.245442,3.195996,2.476531,12.4109,705,7,1.5,1.8,300,160,260,15,7,MAX_RECOVERY_STEPS_GT_3,65.3527
1385,8658.69,13.722171,1.274440,2.909780,3.146200,14.7874,631,7,2.0,1.4,300,80,300,45,5,MAX_RECOVERY_STEPS_GT_3,65.3129
557,4794.88,7.721224,1.169687,1.337365,1.829721,21.0649,621,5,1.5,1.8,150,200,180,45,3,,65.2877
2279,8529.91,13.539540,1.286130,2.976574,3.028006,15.0681,630,7,2.0,1.0,100,80,260,45,5,MAX_RECOVERY_STEPS_GT_3,65.1265
1252,4589.63,10.199178,1.145518,1.514150,1.590017,18.6021,450,7,2.5,1.4,450,160,220,30,3,,65.1064
454,4069.85,6.429463,1.130605,1.355474,1.586088,18.1191,633,5,1.5,1.6,200,80,260,30,3,,65.0990
1210,4643.41,7.154715,1.208452,3.639664,1.929191,10.6565,649,7,1.5,1.6,350,40,300,45,7,MAX_RECOVERY_STEPS_GT_3,64.9880
927,5495.42,11.742350,1.186709,1.304950,2.024493,21.5699,468,7,2.0,1.6,250,200,260,15,3,,64.9035
2129,11778.01,17.020246,1.284496,2.770938,3.400625,17.9018,692,6,2.0,1.4,200,160,300,45,7,MAX_RECOVERY_STEPS_GT_3,64.8202
984,9892.78,12.699332,1.260724,3.010905,2.945857,15.7681,779,5,2.0,1.4,150,160,300,15,7,MAX_RECOVERY_STEPS_GT_3,64.7722
278,3712.34,6.467491,1.116047,1.431506,1.436149,16.8391,574,4,2.0,1.8,400,120,260,30,3,,64.7450
595,2551.93,3.956481,1.154072,1.393028,1.289971,16.6197,645,7,1.0,1.0,350,40,140,30,3,,64.7343
2144,12013.80,17.904322,1.298164,2.801314,3.384201,18.6855,671,6,2.0,2.0,450,160,260,45,7,MAX_RECOVERY_STEPS_GT_3,64.4675
33,4727.91,7.650340,1.167491,1.318520,1.795404,21.1491,618,5,1.5,1.8,150,200,180,30,3,,64.4076
842,3812.32,7.247757,1.136086,1.403720,1.490450,17.3574,526,5,2.0,1.4,400,120,260,30,3,,64.3149
1607,9294.74,13.668735,1.251258,3.024765,2.915380,15.4090,680,6,2.0,1.4,350,160,220,30,7,MAX_RECOVERY_STEPS_GT_3,64.1902
356,4257.31,8.078387,1.174349,1.207703,1.943952,20.1498,527,6,2.0,1.4,500,40,220,45,3,,64.1347
372,3679.22,8.324027,1.123624,1.515018,1.358695,16.4911,442,7,2.5,1.0,350,160,220,15,3,,64.0036
1670,11161.27,16.365499,1.289613,2.721312,3.471538,18.4316,682,6,2.5,1.0,100,120,260,45,7,MAX_RECOVERY_STEPS_GT_3,63.8771
2285,11827.54,18.365745,1.299543,2.745942,3.414900,18.4490,644,6,2.0,1.4,350,160,300,45,5,MAX_RECOVERY_STEPS_GT_3,63.7971
635,4799.79,7.361641,1.218586,3.469485,2.066318,11.1195,652,7,1.5,1.6,350,40,220,30,7,MAX_RECOVERY_STEPS_GT_3,63.7267
1597,9775.16,12.645744,1.253793,3.011197,2.861079,15.7024,773,5,2.0,1.4,150,160,300,45,7,MAX_RECOVERY_STEPS_GT_3,63.7062
688,4442.01,6.854954,1.200157,3.524845,1.952187,10.2506,648,7,1.5,1.4,200,40,260,15,5,MAX_RECOVERY_STEPS_GT_3,63.5775
1523,8586.72,12.372795,1.266475,2.863003,2.892687,14.0513,694,7,1.5,1.4,150,160,220,45,7,MAX_RECOVERY_STEPS_GT_3,63.5446
745,3940.03,7.710431,1.147386,1.334518,1.610695,18.3697,511,5,2.0,1.4,400,120,220,15,3,,63.5096
1719,11622.79,17.690700,1.292402,2.687673,3.470142,18.2882,657,6,3.0,1.2,400,160,300,45,7,MAX_RECOVERY_STEPS_GT_3,63.5019
944,4141.84,7.859279,1.172364,1.183582,1.918183,20.1648,527,6,2.0,1.4,500,40,220,15,3,,63.3700
1482,4254.07,6.678289,1.208174,3.383012,2.145383,10.3044,637,7,1.5,1.4,150,40,100,45,5,MAX_RECOVERY_STEPS_GT_3,63.3469
1285,7470.94,11.035362,1.235178,3.121671,2.455956,12.3057,677,7,1.5,1.4,300,160,220,30,5,MAX_RECOVERY_STEPS_GT_3,63.2559
1849,10783.37,15.404814,1.289062,2.764307,3.229753,17.5163,700,6,2.0,1.4,150,160,220,15,7,MAX_RECOVERY_STEPS_GT_3,63.2514
330,2839.81,4.514801,1.146459,1.436308,1.194799,17.3726,629,7,1.0,1.6,350,120,140,45,3,,63.1772
2271,8198.99,13.097428,1.214705,3.283484,2.395596,13.1138,626,6,2.5,2.0,350,160,260,45,5,MAX_RECOVERY_STEPS_GT_3,63.0287
2283,10452.26,14.783960,1.232914,3.028613,2.914126,16.6351,707,6,2.5,1.0,200,160,300,45,7,MAX_RECOVERY_STEPS_GT_3,62.9865
285,4521.36,6.966656,1.203360,3.543997,1.888875,10.6565,649,7,1.5,1.6,350,40,220,45,7,MAX_RECOVERY_STEPS_GT_3,62.9106
1747,8187.88,13.079681,1.214427,3.278535,2.392647,13.1236,626,6,2.5,2.0,350,160,260,30,5,MAX_RECOVERY_STEPS_GT_3,62.8979
1340,11057.36,16.236946,1.286226,2.695977,3.435180,18.5156,681,6,2.5,1.0,150,120,260,45,7,MAX_RECOVERY_STEPS_GT_3,62.8479
952,7313.68,10.523281,1.233385,3.122035,2.363079,12.1797,695,7,1.5,1.8,300,160,220,15,7,MAX_RECOVERY_STEPS_GT_3,62.5996
2247,9794.19,15.546333,1.265358,2.847719,3.123860,16.2944,630,6,2.5,2.0,400,120,300,45,5,MAX_RECOVERY_STEPS_GT_3,62.5857
1854,10242.73,16.958162,1.304494,2.827117,3.046546,16.4438,604,7,2.0,1.0,450,200,260,30,5,MAX_RECOVERY_STEPS_GT_3,62.5469
666,2215.40,3.076944,1.102540,1.241816,1.094553,13.9515,720,5,1.0,1.2,300,40,140,30,3,,62.5276
786,8690.70,12.875111,1.221567,3.025441,2.731737,14.2642,675,5,2.5,1.2,100,160,220,15,5,MAX_RECOVERY_STEPS_GT_3,62.3250
2188,8780.95,12.951254,1.272600,2.855686,2.979022,15.7734,678,7,2.0,1.2,100,80,260,30,7,MAX_RECOVERY_STEPS_GT_3,62.3146
1132,5518.30,10.471157,1.204065,3.380752,2.232989,10.9895,527,7,4.0,1.0,100,200,100,30,7,MAX_RECOVERY_STEPS_GT_3,62.2838
1605,9376.78,16.864712,1.276552,2.817906,3.108991,15.4143,556,7,3.0,1.6,500,160,180,15,5,MAX_RECOVERY_STEPS_GT_3,62.1719
1492,4157.31,6.405716,1.163494,3.479299,1.848185,8.9883,649,7,1.5,1.8,300,80,140,30,5,MAX_RECOVERY_STEPS_GT_3,61.9577
1781,7116.42,10.701383,1.229332,3.071712,2.417824,12.2096,665,7,1.5,1.4,250,200,220,30,5,MAX_RECOVERY_STEPS_GT_3,61.6872
1273,6089.76,9.918176,1.214300,3.181809,2.486692,12.6995,614,6,2.5,1.2,100,120,100,30,7,MAX_RECOVERY_STEPS_GT_3,61.6715
1586,9974.49,16.139951,1.277159,2.859577,2.946515,16.0199,618,7,2.0,1.2,350,160,260,15,5,MAX_RECOVERY_STEPS_GT_3,61.6513
1142,6665.81,9.563572,1.264920,2.859451,2.789015,14.0597,697,5,1.5,2.0,400,40,140,45,5,MAX_RECOVERY_STEPS_GT_3,61.4725
171,2236.82,5.523012,1.089328,1.489614,0.950406,13.1120,405,5,3.5,1.0,200,160,140,15,3,PF_LT_1_10,61.1445
1851,7422.59,10.804352,1.184804,3.255722,2.179442,12.1907,687,5,2.5,1.0,200,160,300,30,5,MAX_RECOVERY_STEPS_GT_3,60.9951
2228,9519.49,14.600445,1.280891,2.920635,2.762183,16.2345,652,6,2.5,2.0,150,120,260,30,5,MAX_RECOVERY_STEPS_GT_3,60.8552
409,3852.33,8.656921,1.128340,1.429415,1.304313,17.9250,445,7,2.5,1.8,300,160,260,30,3,,60.7496
1682,7896.84,12.338812,1.270441,2.691988,3.059090,15.1099,640,7,2.0,1.2,400,80,260,15,7,MAX_RECOVERY_STEPS_GT_3,60.3956
1858,8875.17,14.154976,1.233555,2.862478,2.938047,15.5445,627,6,2.5,1.0,400,120,300,45,5,MAX_RECOVERY_STEPS_GT_3,60.2334
2252,10732.52,17.144601,1.286218,2.762575,3.052683,17.5553,626,7,2.0,1.0,450,160,300,45,5,MAX_RECOVERY_STEPS_GT_3,60.2258
784,9346.41,14.401248,1.225730,2.912743,2.823018,15.5917,649,6,3.0,1.2,400,200,260,15,7,MAX_RECOVERY_STEPS_GT_3,60.0565
1088,4158.30,6.839309,1.142199,1.360553,1.460990,21.4348,608,5,1.5,1.6,150,120,260,45,3,,60.0383
178,3051.42,4.897945,1.113039,1.252312,1.244154,17.1558,623,6,1.5,1.8,200,80,180,45,3,,60.0213
1201,5129.97,8.181770,1.191012,3.205049,2.176329,10.8885,627,6,2.0,1.4,350,120,100,15,7,MAX_RECOVERY_STEPS_GT_3,59.9804
1176,8170.34,11.161667,1.213166,3.029148,2.685920,15.9188,732,5,2.0,1.2,400,120,300,15,7,MAX_RECOVERY_STEPS_GT_3,59.7398
1979,8059.13,11.679899,1.224489,3.310670,2.366058,16.9487,690,6,2.0,2.0,250,120,300,30,7,MAX_RECOVERY_STEPS_GT_3,59.7260
2350,9505.30,14.511908,1.279210,2.883233,2.726358,16.4022,655,6,2.5,2.0,150,120,260,45,5,MAX_RECOVERY_STEPS_GT_3,59.7116
1934,9353.30,14.323583,1.224318,2.915299,2.780190,15.5850,653,6,3.0,1.2,400,200,260,30,7,MAX_RECOVERY_STEPS_GT_3,59.6857
1114,5112.82,8.206774,1.191103,3.194933,2.165954,10.9014,623,6,2.0,1.4,350,120,100,30,7,MAX_RECOVERY_STEPS_GT_3,59.6469
321,2152.15,3.092170,1.103512,1.077120,1.122605,14.7178,696,6,1.0,1.6,300,40,140,30,3,,59.3633
677,5087.78,8.179711,1.189181,3.179882,2.165382,10.9202,622,6,2.0,1.8,350,200,100,45,7,MAX_RECOVERY_STEPS_GT_3,59.2987
1852,10023.02,16.873771,1.279642,2.762517,2.979068,16.8556,594,7,2.0,1.4,400,160,260,30,5,MAX_RECOVERY_STEPS_GT_3,59.2864
1451,10023.02,16.873771,1.279642,2.762517,2.979068,16.8556,594,7,2.0,2.0,400,160,260,30,5,MAX_RECOVERY_STEPS_GT_3,59.2864
1452,11889.49,17.614059,1.279060,2.414070,3.528770,18.8470,675,6,3.0,1.0,350,160,300,30,7,MAX_RECOVERY_STEPS_GT_3,59.2371
1619,7863.89,12.807638,1.263458,2.713792,2.943122,14.8639,614,7,2.0,1.2,400,80,180,15,5,MAX_RECOVERY_STEPS_GT_3,59.2258
1184,7357.79,10.868227,1.193433,3.063078,2.382744,13.0876,677,6,2.5,1.2,150,120,300,30,7,MAX_RECOVERY_STEPS_GT_3,59.1890
1612,7786.83,11.076572,1.195676,3.044585,2.355110,13.1700,703,5,2.5,1.0,200,160,260,15,5,MAX_RECOVERY_STEPS_GT_3,59.1579
1023,7333.05,10.643033,1.188948,3.054534,2.393375,13.1017,689,6,2.5,1.0,100,120,300,15,7,MAX_RECOVERY_STEPS_GT_3,59.1523
1643,7349.33,10.855731,1.193246,3.061315,2.380335,13.0895,677,6,2.5,1.2,150,120,300,15,7,MAX_RECOVERY_STEPS_GT_3,59.1254
1137,11875.99,17.594059,1.278743,2.411109,3.524809,18.8571,675,6,3.0,1.0,350,160,300,15,7,MAX_RECOVERY_STEPS_GT_3,59.1231
1532,7788.10,11.078378,1.195549,3.042714,2.353223,13.1785,703,5,2.5,1.0,200,160,260,30,5,MAX_RECOVERY_STEPS_GT_3,59.0970
1329,11851.79,17.558207,1.278275,2.412279,3.519229,18.8379,675,6,3.0,1.0,350,160,300,45,7,MAX_RECOVERY_STEPS_GT_3,59.0794
1323,7355.61,10.865007,1.193367,3.064889,2.365866,13.0799,677,6,2.5,1.2,150,120,300,45,7,MAX_RECOVERY_STEPS_GT_3,59.0532
1668,8088.10,13.593445,1.207641,3.047020,2.511348,13.8228,595,6,2.5,2.0,450,200,220,15,5,MAX_RECOVERY_STEPS_GT_3,59.0429
993,6241.94,8.981209,1.260534,2.659540,2.873343,14.0313,695,5,1.5,1.8,400,40,100,15,5,MAX_RECOVERY_STEPS_GT_3,58.9572
1710,2032.07,2.734953,1.088185,1.133670,1.029754,14.5549,743,3,1.0,1.0,450,160,100,30,3,PF_LT_1_10,58.9392
656,2713.93,4.377306,1.098097,1.246941,1.106828,16.2508,620,6,1.5,1.0,250,80,220,45,3,PF_LT_1_10,58.9189
1154,10090.44,15.915521,1.222583,3.063725,2.492757,15.8307,634,6,3.5,1.6,450,200,260,45,7,MAX_RECOVERY_STEPS_GT_3,58.7794
741,4501.11,8.573543,1.140660,1.127137,1.807712,21.6706,525,6,2.0,1.2,100,120,260,45,3,,58.6531
1755,5725.29,7.643912,1.155029,3.077782,2.396329,12.3241,749,3,3.0,1.4,450,40,260,45,5,MAX_RECOVERY_STEPS_GT_3,58.6298
1731,9338.49,15.512442,1.268314,2.596340,3.185655,16.6011,602,6,2.5,2.0,400,160,180,45,5,MAX_RECOVERY_STEPS_GT_3,58.5406
1288,4461.79,8.498648,1.139605,1.118680,1.792232,21.6951,525,6,2.0,1.2,100,120,260,15,3,,58.2855
2211,10740.14,16.781469,1.272993,2.548173,3.294184,18.2995,640,6,2.0,1.8,250,160,260,45,5,MAX_RECOVERY_STEPS_GT_3,58.2727
1443,7302.12,14.374252,1.223323,2.982113,2.491012,12.6125,508,7,3.5,1.2,450,200,180,15,5,MAX_RECOVERY_STEPS_GT_3,58.2313
259,8531.15,14.683563,1.251996,2.517351,3.355988,16.3529,581,6,2.5,2.0,450,200,140,30,5,MAX_RECOVERY_STEPS_GT_3,58.0821
2008,5010.09,11.059801,1.147242,1.181909,1.933697,23.5420,453,6,2.5,1.2,400,160,300,30,3,,57.9451
1683,8801.91,13.417546,1.243909,2.853964,2.695593,15.9984,656,6,2.0,2.0,450,160,220,30,7,MAX_RECOVERY_STEPS_GT_3,57.8765
2000,11427.21,18.312837,1.242053,2.797982,2.850911,17.3917,624,7,4.0,1.0,150,200,300,45,7,MAX_RECOVERY_STEPS_GT_3,57.7085
223,2180.81,3.097741,1.106175,1.086077,1.080878,16.1186,704,5,1.0,2.0,150,40,100,15,3,,57.5641
1758,10661.92,18.288027,1.291787,2.581216,3.132968,17.9154,583,7,3.0,1.6,500,160,300,30,5,MAX_RECOVERY_STEPS_GT_3,57.4215
1689,7440.15,11.324429,1.209375,3.019946,2.272670,13.3730,657,6,2.5,2.0,100,120,260,30,5,MAX_RECOVERY_STEPS_GT_3,57.4122
246,4217.72,8.750456,1.137253,1.147716,1.678772,21.2195,482,7,2.0,1.2,400,120,300,45,3,,57.3385
951,10652.51,18.303282,1.292634,2.578938,3.126785,17.9372,582,7,3.0,1.6,500,160,300,15,5,MAX_RECOVERY_STEPS_GT_3,57.3100
2213,8981.46,14.301688,1.250619,2.671622,2.943534,16.2011,628,6,2.5,2.0,400,120,260,45,5,MAX_RECOVERY_STEPS_GT_3,57.3022
714,5987.66,8.445219,1.234183,2.626731,2.834485,13.8663,709,5,1.5,1.2,450,40,300,45,5,MAX_RECOVERY_STEPS_GT_3,57.2965
426,1688.56,2.297361,1.072712,1.045503,0.851219,12.7859,735,3,1.0,1.2,400,120,100,15,3,PF_LT_1_10,57.2409
1423,7445.38,11.280879,1.208841,3.022535,2.246292,13.3682,660,6,2.5,2.0,100,120,260,45,5,MAX_RECOVERY_STEPS_GT_3,57.2198
693,11436.41,18.356998,1.239455,2.800235,2.809123,17.4459,623,7,4.0,1.0,150,200,300,15,7,MAX_RECOVERY_STEPS_GT_3,57.1588
239,5949.02,8.426374,1.233391,2.629971,2.811806,13.8204,706,5,1.5,1.2,450,40,300,15,5,MAX_RECOVERY_STEPS_GT_3,57.1263
2251,2699.97,5.498921,1.090630,1.219747,1.029411,15.0048,491,7,2.0,1.0,100,120,260,30,3,PF_LT_1_10,57.1209
1790,8459.97,13.891576,1.219464,2.949276,2.459729,14.5076,609,6,3.0,1.0,200,200,260,15,5,MAX_RECOVERY_STEPS_GT_3,57.0385
1433,4439.21,8.375868,1.140806,1.075278,1.784080,22.3148,530,6,2.0,1.2,100,120,220,45,3,,56.9115
240,1843.63,2.711221,1.080698,1.037583,0.868514,13.1757,680,5,1.0,1.8,250,160,140,15,3,PF_LT_1_10,56.8986
451,4059.49,6.005163,1.217741,2.976711,1.964721,9.7997,676,6,1.0,1.8,250,200,100,30,7,MAX_RECOVERY_STEPS_GT_3,56.8461
1557,3634.26,7.327137,1.128883,1.135000,1.569031,20.2597,496,7,2.5,2.0,400,80,180,45,3,,56.8174
1639,7013.02,10.283021,1.192010,2.976386,2.173789,12.1648,682,7,1.5,1.4,150,200,300,15,5,MAX_RECOVERY_STEPS_GT_3,56.7556
1874,11372.73,18.254783,1.237676,2.784642,2.797664,17.4374,623,7,4.0,1.0,150,200,300,30,7,MAX_RECOVERY_STEPS_GT_3,56.7264
2037,9497.57,13.626356,1.237455,2.687629,2.915466,17.3301,697,6,2.0,1.2,100,200,260,30,7,MAX_RECOVERY_STEPS_GT_3,56.6898
193,2551.89,6.004447,1.082779,1.209788,1.063838,14.4682,425,4,3.5,1.4,350,200,180,15,3,PF_LT_1_10,56.6680
1435,4296.06,7.100926,1.198940,3.052415,1.983116,9.9379,605,7,1.5,1.4,150,160,100,15,7,MAX_RECOVERY_STEPS_GT_3,56.4457
744,5622.21,12.195683,1.160463,1.123301,1.853715,24.2644,461,5,3.0,1.6,150,200,300,45,3,,56.2824
1259,8574.76,13.697700,1.238611,2.729329,2.779161,15.8844,626,6,2.0,1.6,300,160,220,30,5,MAX_RECOVERY_STEPS_GT_3,56.2519
584,2010.29,3.045894,1.090677,1.115502,0.828434,14.5831,660,7,1.0,2.0,200,120,300,30,3,PF_LT_1_10,56.1246
1624,7707.22,12.781459,1.246635,2.676592,2.754472,14.7384,603,7,2.5,2.0,400,80,300,15,5,MAX_RECOVERY_STEPS_GT_3,56.1076
1544,9377.14,15.576645,1.266410,2.689811,2.798045,16.5875,602,7,2.0,1.2,400,200,260,30,5,MAX_RECOVERY_STEPS_GT_3,56.0355
989,3808.44,7.105299,1.140770,1.095198,1.622836,21.8201,536,6,2.0,1.8,200,80,260,15,3,,55.9605
1752,8779.35,13.025742,1.220252,2.647397,2.931993,16.5225,674,6,2.5,1.0,400,120,220,30,7,MAX_RECOVERY_STEPS_GT_3,55.9310
1480,6678.26,9.735073,1.196138,2.962217,2.088039,12.0270,686,7,1.5,1.6,350,200,300,45,7,MAX_RECOVERY_STEPS_GT_3,55.8852
280,3186.57,4.828136,1.143482,1.012918,1.266788,19.2618,660,7,1.0,1.0,150,200,260,15,3,,55.7912
1886,8406.86,13.386720,1.234569,2.755724,2.682702,15.6317,628,6,2.0,1.6,300,160,220,15,5,MAX_RECOVERY_STEPS_GT_3,55.7896
265,3041.71,5.112118,1.096726,1.149846,1.132644,17.6650,595,6,1.5,1.2,450,120,220,15,3,PF_LT_1_10,55.7824
62,3058.05,7.841154,1.120464,1.098765,1.488754,18.2796,390,6,3.5,1.8,350,160,140,45,3,,55.7502
1914,9539.46,15.511317,1.270226,2.681032,2.759519,16.7595,615,7,2.0,1.0,450,160,260,15,5,MAX_RECOVERY_STEPS_GT_3,55.7126
822,10736.70,17.289372,1.295930,2.464213,3.182470,18.9702,621,6,2.0,2.0,450,200,260,30,5,MAX_RECOVERY_STEPS_GT_3,55.6210
1649,9712.45,14.116933,1.258067,2.512469,3.006863,17.4954,688,6,2.0,1.4,200,160,220,30,7,MAX_RECOVERY_STEPS_GT_3,55.4783
1163,2726.39,4.491582,1.099043,1.194538,1.086474,18.1905,607,5,1.5,1.0,350,80,180,30,3,PF_LT_1_10,55.4553
215,2205.51,3.430031,1.097346,1.037633,0.889683,14.8326,643,7,1.0,1.6,400,200,220,45,3,PF_LT_1_10,55.3578
1450,10162.57,16.524504,1.251365,2.740146,2.776413,17.6855,615,7,2.0,2.0,400,160,300,30,5,MAX_RECOVERY_STEPS_GT_3,55.3085
1206,7296.19,10.467991,1.199015,2.839327,2.261879,12.9352,697,7,1.5,1.4,150,200,300,45,7,MAX_RECOVERY_STEPS_GT_3,55.2572
589,2713.80,4.470840,1.098586,1.187846,1.081257,18.2160,607,5,1.5,1.0,350,80,180,15,3,PF_LT_1_10,55.2499
587,10127.33,16.467203,1.250949,2.742772,2.763597,17.6502,615,7,2.0,2.0,400,160,300,15,5,MAX_RECOVERY_STEPS_GT_3,55.2299
1020,7488.85,12.098304,1.242118,2.767600,2.493103,14.4513,619,7,2.0,1.4,400,80,260,30,5,MAX_RECOVERY_STEPS_GT_3,55.1649
1620,11260.32,16.831570,1.260587,2.515975,3.161510,19.6541,669,6,2.5,2.0,450,120,260,15,7,MAX_RECOVERY_STEPS_GT_3,55.0777
974,4088.41,6.882845,1.193987,3.000822,1.937848,9.7945,594,7,1.5,1.6,100,120,100,45,5,MAX_RECOVERY_STEPS_GT_3,54.9569
1305,11236.79,16.821542,1.260020,2.510717,3.154755,19.6738,668,6,2.5,2.0,450,120,260,30,7,MAX_RECOVERY_STEPS_GT_3,54.8617
141,5995.19,8.201354,1.197477,2.916417,2.352497,14.4647,731,5,1.5,1.0,350,80,180,15,5,MAX_RECOVERY_STEPS_GT_3,54.8229
934,1697.14,4.767247,1.076755,1.147468,0.827762,11.9069,356,6,4.0,1.2,350,160,140,15,3,PF_LT_1_10,54.8221
1468,8647.71,14.061317,1.210884,2.835994,2.460838,14.8503,615,6,3.0,1.2,400,200,260,30,5,MAX_RECOVERY_STEPS_GT_3,54.8184
117,5156.58,7.495029,1.182166,2.895036,2.104961,11.2586,688,6,1.5,1.8,300,80,140,15,7,MAX_RECOVERY_STEPS_GT_3,54.7475
1652,3843.22,7.748427,1.108672,1.142350,1.379563,20.3725,496,6,2.5,1.0,150,160,300,30,3,,54.2947
650,3193.95,6.287303,1.100704,1.216706,1.102357,18.7364,508,5,2.5,1.6,250,160,220,15,3,,54.1692
160,2715.32,4.665498,1.105552,1.085824,1.098975,18.0066,582,5,1.5,1.4,100,160,140,30,3,,54.0355
361,1753.61,2.681361,1.076536,1.062292,0.688474,13.9191,654,7,1.0,1.4,400,120,300,15,3,PF_LT_1_10,54.0146
1012,2945.86,6.725708,1.124497,1.010763,1.447612,18.9381,438,5,3.0,1.6,150,200,100,15,3,,53.9993
84,2689.49,4.819875,1.107082,1.019936,1.283922,18.5490,558,5,2.0,1.8,200,40,260,15,3,,53.9435
630,3666.67,7.591449,1.132769,1.036872,1.556094,21.3527,483,5,3.5,1.2,200,80,260,30,3,,53.8710
1943,2108.92,2.869279,1.094570,1.018467,1.035870,17.6393,735,3,1.0,1.6,250,160,100,45,3,PF_LT_1_10,53.8330
1010,7838.25,12.807598,1.206107,2.847508,2.322567,14.1998,612,6,3.0,1.2,400,200,260,15,5,MAX_RECOVERY_STEPS_GT_3,53.7743
941,3411.86,9.503788,1.122759,1.106009,1.338559,18.6997,359,7,4.0,1.4,350,200,260,45,3,,53.6672
1095,8519.88,11.420751,1.179958,3.002241,2.173786,15.6112,746,5,3.0,1.6,150,200,300,45,7,MAX_RECOVERY_STEPS_GT_3,53.5965
1113,8678.92,14.181242,1.255610,2.596567,2.778650,16.8167,612,6,2.0,2.0,450,200,220,15,5,MAX_RECOVERY_STEPS_GT_3,53.5836
364,1978.48,2.834499,1.083739,0.977611,0.847517,15.3872,698,6,1.0,2.0,150,120,220,15,3,PF_LT_1_10,53.5662
437,2521.26,5.155951,1.090407,1.243231,0.926193,17.3044,489,5,2.5,1.0,500,160,220,45,3,PF_LT_1_10,53.5557
1722,8158.31,12.767308,1.230321,2.720343,2.498965,15.5768,639,6,2.0,1.4,350,160,220,30,5,MAX_RECOVERY_STEPS_GT_3,53.3716
1448,7207.90,14.561414,1.218106,2.727331,2.545737,13.6291,495,7,4.0,1.0,150,200,180,45,5,MAX_RECOVERY_STEPS_GT_3,53.3215
1036,3201.53,6.811766,1.116352,1.065330,1.362079,19.8024,470,7,2.5,1.4,500,80,260,15,3,,53.2252
1099,3359.03,7.997690,1.110357,1.169220,1.208700,19.1523,420,7,2.5,2.0,400,160,260,15,3,,53.1846
152,1924.67,4.009729,1.088960,1.143248,0.916984,15.9444,480,7,2.5,2.0,450,40,140,15,3,PF_LT_1_10,53.1184
560,4879.21,7.030562,1.162817,2.917298,1.995101,11.3881,694,6,1.5,1.0,200,80,180,45,5,MAX_RECOVERY_STEPS_GT_3,53.0972
56,2416.54,5.406130,1.117293,0.925494,1.406604,17.9630,447,6,3.5,1.0,250,40,180,30,3,,53.0921
1205,2842.23,5.765172,1.097806,1.130957,1.117294,18.2796,493,5,2.5,1.0,350,160,180,30,3,PF_LT_1_10,53.0890
15,4983.57,7.307287,1.167311,3.017639,1.800443,11.1253,682,7,1.5,1.8,250,80,260,45,7,MAX_RECOVERY_STEPS_GT_3,53.0092
1506,10581.33,14.475144,1.250363,2.375462,3.161525,19.4548,731,5,3.0,1.0,200,160,260,15,7,MAX_RECOVERY_STEPS_GT_3,52.9548
1157,9051.90,15.264587,1.253741,2.627212,2.693723,16.9447,593,7,2.0,2.0,400,160,260,45,5,MAX_RECOVERY_STEPS_GT_3,52.8901
244,3250.02,8.207121,1.105924,1.107880,1.204138,18.1326,396,6,4.0,2.0,450,200,300,45,3,,52.8900
2284,9565.40,15.135127,1.250279,2.641128,2.661324,17.4893,632,7,2.0,1.2,400,160,300,45,5,MAX_RECOVERY_STEPS_GT_3,52.8140
928,7046.18,10.152997,1.222848,2.673869,2.284754,13.6919,694,7,1.5,1.8,300,160,220,30,7,MAX_RECOVERY_STEPS_GT_3,52.7624
1162,7779.26,11.858628,1.262630,2.580845,2.618084,16.3509,656,7,2.0,2.0,400,80,300,30,7,MAX_RECOVERY_STEPS_GT_3,52.7255
1314,7569.27,12.531904,1.243848,2.502370,2.768648,15.4082,604,7,2.5,2.0,400,80,180,15,5,MAX_RECOVERY_STEPS_GT_3,52.6801
965,4422.53,9.784358,1.137878,1.032968,1.614219,22.9173,452,7,2.5,1.4,500,200,260,15,3,,52.6301
261,7561.27,12.560249,1.244249,2.500031,2.765165,15.4135,602,7,2.5,2.0,400,80,180,30,5,MAX_RECOVERY_STEPS_GT_3,52.5853
1491,7560.41,12.579717,1.244221,2.500061,2.765213,15.4131,601,7,2.5,2.0,400,80,180,45,5,MAX_RECOVERY_STEPS_GT_3,52.5710
617,1824.98,2.538220,1.081034,0.846803,0.948638,15.4157,719,4,1.0,1.0,400,200,100,15,3,PF_LT_1_10,52.4383
1981,9471.84,15.034667,1.251291,2.615295,2.646991,17.5682,630,7,2.0,1.2,400,160,300,30,5,MAX_RECOVERY_STEPS_GT_3,52.1486
682,1784.27,4.383956,1.085646,1.073607,0.875863,14.6490,407,7,2.5,1.8,300,160,100,30,3,PF_LT_1_10,51.9880
1810,9174.22,13.985091,1.252326,2.459332,2.850170,17.6814,656,7,2.0,1.2,350,160,260,15,7,MAX_RECOVERY_STEPS_GT_3,51.9639
1334,6937.99,10.806838,1.253414,2.527363,2.529900,14.8068,642,7,1.5,1.4,400,160,180,30,7,MAX_RECOVERY_STEPS_GT_3,51.9512
2106,9635.86,14.644164,1.247338,2.383822,3.086856,18.8092,658,6,2.5,1.2,350,120,300,45,7,MAX_RECOVERY_STEPS_GT_3,51.9296
23,6786.14,13.491332,1.205258,2.771391,2.307740,12.9582,503,7,3.5,1.2,450,200,180,45,5,MAX_RECOVERY_STEPS_GT_3,51.8612
1169,7515.59,12.484369,1.240920,2.500063,2.709624,15.4510,602,7,2.5,2.0,400,80,220,15,5,MAX_RECOVERY_STEPS_GT_3,51.8460
1233,9991.84,14.544163,1.259598,2.413127,3.022054,19.5766,687,6,2.5,1.2,150,120,260,15,7,MAX_RECOVERY_STEPS_GT_3,51.8217
1728,8452.64,13.545897,1.228477,2.567178,2.674136,16.3627,624,6,2.5,2.0,450,120,260,45,5,MAX_RECOVERY_STEPS_GT_3,51.7511
921,9752.47,14.032331,1.230287,2.523546,2.832584,18.5802,695,6,3.0,1.0,200,160,260,15,7,MAX_RECOVERY_STEPS_GT_3,51.7476
1056,4755.02,8.445861,1.174054,2.840582,2.126012,11.3890,563,6,2.5,1.0,400,120,100,30,5,MAX_RECOVERY_STEPS_GT_3,51.7143
1696,9743.95,14.020072,1.230121,2.521635,2.828739,18.5865,695,6,3.0,1.0,200,160,260,30,7,MAX_RECOVERY_STEPS_GT_3,51.6629
1389,7498.34,12.497233,1.240449,2.494632,2.702471,15.4631,600,7,2.5,2.0,400,80,220,30,5,MAX_RECOVERY_STEPS_GT_3,51.6248
1399,8510.26,13.616416,1.226672,2.550219,2.703395,16.4877,625,6,2.5,2.0,450,120,260,15,5,MAX_RECOVERY_STEPS_GT_3,51.6192
1358,8501.85,13.624760,1.226508,2.547982,2.703013,16.4925,624,6,2.5,2.0,450,120,260,30,5,MAX_RECOVERY_STEPS_GT_3,51.5519
496,9713.35,13.976043,1.229280,2.516940,2.825791,18.5949,695,6,3.0,1.0,200,160,260,45,7,MAX_RECOVERY_STEPS_GT_3,51.5082
1681,7522.87,10.902710,1.219195,2.583368,2.367634,14.3519,690,7,1.5,1.4,250,200,260,30,7,MAX_RECOVERY_STEPS_GT_3,51.4950
632,4834.14,7.414325,1.277111,2.740007,2.251243,15.4651,652,7,1.0,1.2,350,200,100,45,7,MAX_RECOVERY_STEPS_GT_3,51.4847
168,4834.14,7.414325,1.277111,2.740007,2.251243,15.4651,652,7,1.0,1.2,350,160,100,45,7,MAX_RECOVERY_STEPS_GT_3,51.4847
1574,8104.81,12.224449,1.258335,2.520725,2.625073,17.0147,663,7,2.0,1.4,300,80,300,15,7,MAX_RECOVERY_STEPS_GT_3,51.2095
1109,10556.60,16.067884,1.268738,2.357494,3.100208,20.2561,657,6,2.0,2.0,450,200,260,45,7,MAX_RECOVERY_STEPS_GT_3,51.1270
2210,10818.69,15.747729,1.261047,2.336226,3.150665,20.8588,687,6,2.0,1.8,250,160,260,45,7,MAX_RECOVERY_STEPS_GT_3,50.8798
1623,10818.69,15.747729,1.261047,2.336226,3.150665,20.8588,687,6,2.0,2.0,250,160,260,45,7,MAX_RECOVERY_STEPS_GT_3,50.8798
1787,9070.91,13.869893,1.249571,2.432421,2.802287,17.7693,654,7,2.0,1.2,350,160,260,45,7,MAX_RECOVERY_STEPS_GT_3,50.7993
425,2302.83,5.061165,1.111777,0.877763,1.279657,18.1318,455,6,3.5,2.0,350,40,140,30,3,,50.7685
967,1921.14,4.674307,1.082153,0.962934,0.994743,15.2870,411,7,4.0,1.0,150,80,220,30,3,PF_LT_1_10,50.7544
1534,10595.20,16.004834,1.269090,2.318785,3.130159,20.5479,662,6,2.0,2.0,450,200,260,30,7,MAX_RECOVERY_STEPS_GT_3,50.5988
76,1827.85,2.728134,1.074949,0.860760,0.788857,15.2990,670,6,1.0,2.0,400,120,300,45,3,PF_LT_1_10,50.5497
1397,4845.56,7.253832,1.166513,2.972663,1.717963,11.7207,668,7,1.5,1.4,400,80,300,30,7,MAX_RECOVERY_STEPS_GT_3,50.4983
194,2880.35,4.966121,1.097644,0.997175,1.151021,20.1990,580,4,2.0,1.8,250,120,220,15,3,PF_LT_1_10,50.3725
1677,7048.15,10.695220,1.214560,2.613620,2.209449,13.6696,659,7,1.5,1.4,400,200,260,30,5,MAX_RECOVERY_STEPS_GT_3,50.3432
1543,7308.98,11.158748,1.209919,2.690835,2.296363,15.3035,655,6,2.5,2.0,150,120,180,45,5,MAX_RECOVERY_STEPS_GT_3,50.3208
1172,7731.31,11.678716,1.243631,2.524806,2.528743,16.6689,662,7,2.0,1.4,300,80,300,45,7,MAX_RECOVERY_STEPS_GT_3,50.0067
1362,7141.84,9.988587,1.179892,2.661430,2.215094,14.1618,715,5,2.0,1.2,350,160,300,30,5,MAX_RECOVERY_STEPS_GT_3,49.9454
1990,9259.06,14.071520,1.239992,2.439696,2.818619,18.6416,658,7,2.0,1.0,100,200,260,45,7,MAX_RECOVERY_STEPS_GT_3,49.8410
572,3061.07,5.241558,1.112775,0.969875,1.152703,21.0228,584,6,1.5,1.0,150,200,180,30,3,,49.6683
893,1650.35,3.402784,1.071214,0.876433,0.839278,14.4055,485,5,2.0,1.4,400,120,100,15,3,PF_LT_1_10,49.4989
408,1928.04,4.691095,1.077249,0.992387,0.819692,15.1096,411,7,2.5,2.0,300,200,140,30,3,PF_LT_1_10,49.4904
355,1258.96,2.001526,1.048873,0.807155,0.607352,12.8389,629,3,1.5,1.8,300,120,100,15,3,PF_LT_1_10,49.0999
1343,7713.89,10.581468,1.208146,2.561418,2.613854,18.0372,729,5,2.0,1.0,400,120,300,15,7,MAX_RECOVERY_STEPS_GT_3,49.0572
801,1860.09,2.727405,1.078182,0.848411,0.784702,16.6678,682,6,1.0,1.8,100,200,220,30,3,PF_LT_1_10,48.9811
1772,9599.42,15.022567,1.259295,2.412551,2.756580,19.0786,639,7,2.0,1.0,450,200,300,15,7,MAX_RECOVERY_STEPS_GT_3,48.8634
2221,9592.22,15.058430,1.258065,2.411105,2.744657,19.0839,637,7,2.0,1.0,450,200,300,45,7,MAX_RECOVERY_STEPS_GT_3,48.6409
766,2429.02,4.456917,1.078652,0.954717,0.947825,18.3615,545,4,2.5,1.2,150,120,220,45,3,PF_LT_1_10,48.5182
2072,8823.34,11.780160,1.208225,2.553404,2.593178,18.7341,749,5,2.5,1.0,200,160,260,15,7,MAX_RECOVERY_STEPS_GT_3,48.4515
204,1688.24,3.743326,1.096846,0.921282,0.982588,17.5509,451,7,4.0,1.6,250,40,220,15,3,PF_LT_1_10,48.2606
342,4390.13,9.606411,1.123831,0.942375,1.533073,24.4895,457,5,3.0,1.4,200,200,260,45,3,,48.1367
1255,5076.64,7.050889,1.155266,2.645640,1.954908,11.7649,720,6,1.5,1.0,200,120,220,45,7,MAX_RECOVERY_STEPS_GT_3,48.0884
1634,8973.11,14.042426,1.253728,2.345525,2.723796,18.3802,639,7,2.0,1.2,400,160,260,15,7,MAX_RECOVERY_STEPS_GT_3,47.8602
279,1733.84,4.249608,1.071926,0.858800,0.916146,15.5482,408,7,4.0,1.6,350,80,140,15,3,PF_LT_1_10,47.5985
844,3242.23,6.869131,1.094789,0.957025,1.171485,20.9644,472,5,3.0,2.0,300,200,260,30,3,PF_LT_1_10,47.5945
173,6308.97,9.277897,1.174623,2.570243,2.197187,14.1628,680,5,2.5,1.2,150,120,260,45,5,MAX_RECOVERY_STEPS_GT_3,47.5107
2175,9006.49,13.584449,1.232801,2.391597,2.686841,18.7563,663,7,2.0,1.2,100,200,260,15,7,MAX_RECOVERY_STEPS_GT_3,47.3575
843,1365.64,2.677725,1.050724,0.771932,0.782557,14.0214,510,4,3.5,1.8,500,40,180,30,3,PF_LT_1_10,47.3227
1344,8950.22,14.320352,1.247535,2.344432,2.696125,18.3413,625,6,2.0,1.2,450,200,260,30,5,MAX_RECOVERY_STEPS_GT_3,47.1856
337,1547.39,2.258964,1.074665,0.745479,0.779027,16.6932,685,6,1.0,1.0,350,40,140,45,3,PF_LT_1_10,47.1133
1921,9728.66,13.400358,1.234847,2.121632,3.201845,20.8189,726,5,2.5,1.2,300,120,300,45,7,MAX_RECOVERY_STEPS_GT_3,46.9442
1894,9032.78,14.113719,1.236680,2.338735,2.707925,18.4829,640,7,2.0,1.0,350,200,300,15,7,MAX_RECOVERY_STEPS_GT_3,46.9238
460,1531.69,3.819676,1.072086,0.837923,0.768688,14.7300,401,7,2.5,1.0,400,200,100,45,3,PF_LT_1_10,46.5972
418,4520.69,10.321210,1.137377,0.892075,1.587205,25.8933,438,5,3.0,1.6,200,200,260,15,3,EQUITY_DD_GT_25,46.5069
105,3586.43,5.336949,1.175178,2.629830,1.625708,9.7743,672,6,1.0,1.6,400,200,100,30,5,MAX_RECOVERY_STEPS_GT_3,46.4998
211,5392.15,7.316350,1.169088,2.587690,2.067033,13.8619,737,5,1.5,1.8,250,80,220,15,5,MAX_RECOVERY_STEPS_GT_3,46.4656
631,10400.70,15.734796,1.244355,2.225458,3.015217,21.1377,661,6,2.5,2.0,450,120,260,45,7,MAX_RECOVERY_STEPS_GT_3,46.3644
311,2654.58,5.496025,1.103635,0.832120,1.186487,20.7050,483,6,2.0,2.0,300,200,140,30,3,,46.3552
1947,10024.61,14.677321,1.252681,2.286203,2.754186,20.2500,683,6,2.0,1.4,200,200,260,30,7,MAX_RECOVERY_STEPS_GT_3,46.1482
615,3946.85,7.941348,1.128652,0.864453,1.542297,25.7333,497,6,2.0,1.6,450,120,300,45,3,EQUITY_DD_GT_25,46.0860
1082,1499.62,2.048661,1.068896,0.740934,0.779577,17.6099,732,3,1.0,1.0,300,200,100,45,3,PF_LT_1_10,45.9391
1055,8402.72,14.051371,1.216484,2.242059,2.800555,17.6336,598,6,3.0,1.0,350,160,180,30,5,MAX_RECOVERY_STEPS_GT_3,45.7973
706,2159.39,4.694326,1.078764,0.885558,0.863377,17.9402,460,7,2.5,2.0,400,80,300,45,3,PF_LT_1_10,45.7968
276,3632.45,4.773259,1.175154,2.405723,1.933425,10.4859,761,5,1.0,1.8,250,40,100,15,7,MAX_RECOVERY_STEPS_GT_3,45.7836
885,2067.75,3.808011,1.113352,0.883307,1.037220,21.5791,543,7,1.5,1.4,200,160,100,45,3,,45.4852
213,7889.13,13.555206,1.183277,2.414269,2.497609,16.1980,582,6,3.0,1.2,400,200,220,15,5,MAX_RECOVERY_STEPS_GT_3,45.4261
715,3361.72,5.047628,1.207536,2.639935,1.674388,12.0201,666,7,1.0,1.2,350,40,100,15,7,MAX_RECOVERY_STEPS_GT_3,45.3777
58,2096.34,3.716915,1.091777,0.904655,0.825072,19.8155,564,7,1.5,2.0,450,80,300,30,3,PF_LT_1_10,45.3595
867,4377.84,7.004544,1.173860,2.488413,1.952545,11.6184,625,7,1.5,1.4,300,200,140,45,7,MAX_RECOVERY_STEPS_GT_3,45.1122
1707,7160.59,10.624021,1.216332,2.341677,2.246495,15.2464,674,7,1.5,1.4,400,200,260,45,7,MAX_RECOVERY_STEPS_GT_3,45.0749
1656,8161.90,13.380164,1.246133,2.196155,2.812507,18.6951,610,6,2.0,2.0,450,160,180,30,5,MAX_RECOVERY_STEPS_GT_3,45.0432
1783,7685.86,12.599770,1.198989,2.398406,2.420088,16.3816,610,6,3.0,1.0,200,200,220,30,5,MAX_RECOVERY_STEPS_GT_3,45.0409
1477,4964.57,6.885673,1.147592,2.600054,1.831980,12.4495,721,6,1.5,1.0,200,120,260,15,7,MAX_RECOVERY_STEPS_GT_3,45.0292
1428,7971.51,12.633138,1.192573,2.366374,2.458623,16.5061,631,7,2.5,1.0,350,200,300,15,7,MAX_RECOVERY_STEPS_GT_3,45.0146
1189,7591.46,12.547868,1.198340,2.381806,2.440319,16.3943,605,6,3.0,1.0,200,200,220,15,5,MAX_RECOVERY_STEPS_GT_3,44.8376
1897,1235.64,1.674309,1.051487,0.617956,0.627194,15.1090,738,3,1.0,1.0,500,120,100,15,3,PF_LT_1_10,44.8303
1319,7138.83,10.607474,1.215946,2.333531,2.229734,15.2710,673,7,1.5,1.4,400,200,260,15,7,MAX_RECOVERY_STEPS_GT_3,44.7169
1345,5826.84,8.312183,1.234411,2.143056,2.612168,16.4353,701,5,1.5,2.0,400,40,140,30,7,MAX_RECOVERY_STEPS_GT_3,44.6630
1490,5200.05,8.754293,1.201922,2.303384,2.400880,14.2694,594,6,2.0,1.2,450,160,100,15,7,MAX_RECOVERY_STEPS_GT_3,44.5893
2337,5799.67,8.682141,1.181216,2.511071,1.971241,13.8963,668,7,2.0,1.2,150,120,220,15,7,MAX_RECOVERY_STEPS_GT_3,44.4882
1673,9879.05,15.781230,1.268123,2.110705,2.959892,20.9003,626,6,2.0,2.0,450,200,260,15,5,MAX_RECOVERY_STEPS_GT_3,44.4458
950,4251.83,6.346015,1.148901,2.632076,1.582412,11.1752,670,7,1.5,1.4,350,80,220,45,7,MAX_RECOVERY_STEPS_GT_3,43.8039
1332,6430.95,10.899915,1.209090,2.291979,2.368161,15.3021,590,7,2.5,2.0,400,80,140,30,5,MAX_RECOVERY_STEPS_GT_3,43.6610
1762,9536.83,15.113835,1.248465,2.189375,2.801813,20.5888,631,7,3.0,1.2,200,160,260,30,7,MAX_RECOVERY_STEPS_GT_3,43.6312
793,2594.82,4.288959,1.088190,0.824166,0.920686,21.6484,605,5,1.5,1.4,100,160,300,30,3,PF_LT_1_10,43.6182
803,6423.32,10.905467,1.208796,2.289260,2.364463,15.3091,589,7,2.5,2.0,400,80,140,45,5,MAX_RECOVERY_STEPS_GT_3,43.5464
108,2544.94,5.731847,1.085183,0.817489,1.001294,20.4785,444,7,2.5,1.4,200,120,220,15,3,PF_LT_1_10,43.2978
192,3048.98,5.604743,1.114166,0.819499,1.241119,24.7808,544,5,2.0,1.8,100,80,260,15,3,,43.2584
582,2560.32,4.224950,1.087070,0.812952,0.909305,21.7185,606,5,1.5,1.8,150,160,300,30,3,PF_LT_1_10,43.2099
1460,5718.35,8.076766,1.193255,2.094288,2.687099,16.5473,708,5,3.0,1.6,150,40,140,15,7,MAX_RECOVERY_STEPS_GT_3,43.0517
39,2793.10,6.006667,1.090286,0.778332,1.136873,21.9405,465,4,3.5,1.6,500,120,260,45,3,PF_LT_1_10,42.9145
1498,7895.33,12.775615,1.203983,2.302799,2.397818,17.1576,618,6,3.0,1.0,200,160,260,45,5,MAX_RECOVERY_STEPS_GT_3,42.8467
2122,8418.44,12.716677,1.215934,2.209941,2.598979,18.7896,662,7,2.0,1.0,250,200,260,30,7,MAX_RECOVERY_STEPS_GT_3,42.8154
1918,8380.06,13.322830,1.241005,2.207422,2.565874,18.8867,629,7,2.0,1.0,450,160,260,45,7,MAX_RECOVERY_STEPS_GT_3,42.7169
709,9076.68,12.589015,1.204657,2.011702,2.938062,19.8519,721,5,3.0,1.0,200,200,260,15,7,MAX_RECOVERY_STEPS_GT_3,42.4352
621,1874.17,5.279352,1.081948,0.724135,1.030327,18.9971,355,7,4.0,1.0,150,120,100,15,3,PF_LT_1_10,42.2455
2027,6334.79,9.483219,1.222284,2.351496,2.071326,16.2985,668,7,2.0,2.0,150,80,300,15,7,MAX_RECOVERY_STEPS_GT_3,41.9177
924,1310.04,1.694748,1.053788,0.664705,0.621313,18.1805,773,3,1.0,1.0,100,40,100,15,3,PF_LT_1_10,41.9047
836,1402.07,1.839987,1.057716,0.644544,0.704163,18.9394,762,3,1.0,1.0,100,40,100,30,3,PF_LT_1_10,41.7036
968,2415.78,4.746130,1.087704,0.762802,1.037274,22.2885,509,5,2.5,1.6,250,80,300,45,3,PF_LT_1_10,41.6175
578,1395.52,1.831391,1.057408,0.640808,0.701168,18.9576,762,3,1.0,1.0,100,40,100,45,3,PF_LT_1_10,41.5817
1190,5263.75,7.519643,1.213796,2.011875,2.576430,16.3808,700,5,1.5,1.2,450,40,140,15,7,MAX_RECOVERY_STEPS_GT_3,41.4002
825,1711.49,4.576176,1.068344,0.716248,0.793227,17.4007,374,6,4.0,1.4,200,160,180,30,3,PF_LT_1_10,41.3858
1225,8442.34,13.464657,1.227611,2.089016,2.749401,19.7821,627,6,2.0,2.0,300,200,260,30,5,MAX_RECOVERY_STEPS_GT_3,41.2354
166,4287.42,5.454733,1.181445,2.129654,2.052176,12.3512,786,4,1.0,2.0,350,120,100,45,7,MAX_RECOVERY_STEPS_GT_3,41.1394
392,4285.51,5.452303,1.181442,2.127754,2.051320,12.3575,786,4,1.0,1.8,350,160,100,30,7,MAX_RECOVERY_STEPS_GT_3,41.0937
1522,9058.04,12.493848,1.201977,1.977565,2.892005,20.1090,725,5,3.0,1.0,200,200,260,30,7,MAX_RECOVERY_STEPS_GT_3,41.0509
436,1521.12,2.697021,1.062254,0.630344,0.756968,18.5251,564,5,2.0,1.2,300,40,260,30,3,PF_LT_1_10,40.7913
1580,2058.02,4.243340,1.087115,0.660049,1.037509,21.3241,485,6,2.5,2.0,450,40,220,45,3,PF_LT_1_10,40.6935
363,2273.48,4.857863,1.071145,0.687885,1.031270,21.2166,468,3,3.5,1.0,100,80,300,45,3,PF_LT_1_10,40.4836
2043,2153.78,4.404458,1.091650,0.656338,1.075308,22.0514,489,6,2.5,1.8,400,40,300,45,3,PF_LT_1_10,40.4068
434,1488.76,2.989478,1.060869,0.643794,0.774202,18.3410,498,5,3.0,1.2,500,40,180,30,3,PF_LT_1_10,40.3788
567,1622.13,2.538545,1.078164,0.588680,0.677357,19.1667,639,7,1.0,1.2,450,160,220,30,3,PF_LT_1_10,40.2791
1942,7159.13,11.274220,1.181266,2.363935,2.031641,16.2661,635,7,4.0,1.0,350,120,300,30,7,MAX_RECOVERY_STEPS_GT_3,40.2514
405,1961.09,4.119937,1.065675,0.649555,0.955508,20.1554,476,4,3.5,1.8,150,80,300,45,3,PF_LT_1_10,40.1911
1703,10158.77,16.385113,1.243906,2.148622,2.646929,21.7564,620,7,4.0,1.0,450,160,300,45,7,MAX_RECOVERY_STEPS_GT_3,40.0642
555,1605.74,2.512895,1.077379,0.582351,0.670625,19.1987,639,7,1.0,1.2,450,160,220,15,3,PF_LT_1_10,40.0428
1985,7774.67,11.535119,1.196421,2.239358,2.314275,18.6425,674,6,2.5,2.0,350,160,260,45,7,MAX_RECOVERY_STEPS_GT_3,39.7528
2410,7407.19,11.155407,1.177072,2.272772,2.212920,17.5202,664,6,2.5,2.0,450,160,300,45,7,MAX_RECOVERY_STEPS_GT_3,39.5834
995,3896.35,5.894629,1.136733,2.527783,1.441468,11.6771,661,7,1.5,1.4,200,80,300,15,5,MAX_RECOVERY_STEPS_GT_3,39.4956
2148,7396.39,11.139142,1.176821,2.269193,2.209962,17.5310,664,6,2.5,2.0,450,160,300,30,7,MAX_RECOVERY_STEPS_GT_3,39.4730
2374,7388.03,11.126551,1.176726,2.266371,2.208343,17.5395,664,6,2.5,2.0,450,160,300,15,7,MAX_RECOVERY_STEPS_GT_3,39.3967
1170,8613.78,12.556531,1.198064,2.102589,2.599975,20.3085,686,6,3.0,1.0,200,160,220,30,7,MAX_RECOVERY_STEPS_GT_3,39.2075
783,7768.34,12.570129,1.200321,2.154025,2.371258,18.0057,618,6,3.0,1.0,200,160,260,15,5,MAX_RECOVERY_STEPS_GT_3,39.1401
1671,7713.90,11.444955,1.194886,2.221374,2.295335,18.7038,674,6,2.5,2.0,350,160,260,15,7,MAX_RECOVERY_STEPS_GT_3,39.1359
53,1417.29,1.887204,1.052208,0.515928,0.752879,19.8780,751,4,1.0,1.0,450,40,260,30,3,PF_LT_1_10,38.9500
1111,5733.91,8.714149,1.196758,2.177280,2.088896,15.7196,658,7,2.0,2.0,400,80,300,45,7,MAX_RECOVERY_STEPS_GT_3,38.8381
263,6469.28,9.831733,1.170940,2.321293,2.106322,17.2221,658,5,3.0,1.0,200,200,260,15,5,MAX_RECOVERY_STEPS_GT_3,38.8336
1804,6166.33,9.634891,1.211757,1.912527,2.643977,17.5181,640,6,2.0,2.0,250,40,260,45,5,MAX_RECOVERY_STEPS_GT_3,38.7435
341,2128.39,4.165147,1.075874,0.684161,0.893756,22.4352,511,5,2.5,1.6,250,80,260,30,3,PF_LT_1_10,38.2975
184,3921.12,5.749443,1.191634,2.362804,1.621513,14.1131,682,7,1.0,1.8,150,80,220,30,7,MAX_RECOVERY_STEPS_GT_3,38.1321
833,2082.23,4.012004,1.070472,0.639382,0.867934,21.7424,519,5,2.0,1.8,450,120,220,45,3,PF_LT_1_10,38.1011
729,4234.54,5.273400,1.157577,2.236805,1.710024,12.6804,803,4,1.0,2.0,350,120,140,45,5,MAX_RECOVERY_STEPS_GT_3,38.0683
936,954.66,1.335189,1.035900,0.456581,0.371272,16.0288,715,5,1.0,1.8,300,160,300,45,3,PF_LT_1_10,38.0607
304,2210.00,4.966292,1.070288,0.689277,0.920342,22.0103,445,4,3.5,2.0,350,160,220,15,3,PF_LT_1_10,38.0524
963,2086.52,3.922030,1.070724,0.633311,0.868209,21.9130,532,5,2.0,1.4,400,120,220,45,3,PF_LT_1_10,38.0048
611,2068.07,4.220551,1.061064,0.626485,0.920734,21.4799,490,4,3.5,1.8,450,80,300,30,3,PF_LT_1_10,38.0000
846,5023.52,7.681223,1.178622,2.059748,2.172978,14.8975,654,6,1.5,1.0,200,200,140,30,5,MAX_RECOVERY_STEPS_GT_3,37.8554
1558,6027.80,8.698124,1.139483,2.290328,1.880885,15.1208,693,3,3.0,1.2,350,160,260,30,5,MAX_RECOVERY_STEPS_GT_3,37.8146
1535,5702.77,8.411165,1.162013,2.161172,2.065626,15.5095,678,5,2.5,1.2,150,120,220,30,5,MAX_RECOVERY_STEPS_GT_3,37.6700
985,8257.53,13.318597,1.231773,1.949549,2.699802,20.6070,620,6,2.0,1.2,450,200,220,15,5,MAX_RECOVERY_STEPS_GT_3,37.6108
897,4035.04,5.199794,1.171369,2.025897,1.887557,12.4282,776,4,1.0,1.8,350,160,100,30,5,MAX_RECOVERY_STEPS_GT_3,37.3656
67,910.73,1.708687,1.042274,0.470997,0.488170,15.9778,533,6,1.5,1.0,500,200,100,30,3,PF_LT_1_10,37.3225
1040,1080.61,2.501412,1.049200,0.547516,0.558892,16.7020,432,6,2.5,2.0,400,160,100,15,3,PF_LT_1_10,37.1930
857,3907.99,5.747044,1.189368,2.313680,1.619399,14.2336,680,7,1.0,1.8,150,80,220,30,5,MAX_RECOVERY_STEPS_GT_3,37.1150
1521,8134.16,11.926921,1.190099,2.078307,2.454777,20.0602,682,6,3.0,1.0,200,160,220,15,7,MAX_RECOVERY_STEPS_GT_3,37.1135
300,6015.98,10.647752,1.187659,2.029443,2.484332,17.3606,565,6,3.5,1.6,450,200,100,15,7,MAX_RECOVERY_STEPS_GT_3,37.0997
1208,7939.14,11.573090,1.207706,1.934413,2.577967,19.8078,686,6,2.5,1.0,100,120,260,15,7,MAX_RECOVERY_STEPS_GT_3,37.0658
1513,7974.98,11.762507,1.209804,1.932008,2.589434,19.8656,678,6,2.5,1.2,150,120,260,45,7,MAX_RECOVERY_STEPS_GT_3,37.0521
1421,6829.17,11.104341,1.186849,2.029043,2.342001,17.1503,615,6,2.5,2.0,450,120,220,30,5,MAX_RECOVERY_STEPS_GT_3,37.0153
512,6001.66,10.641241,1.187195,2.025767,2.478666,17.3685,564,6,3.5,1.6,450,200,100,30,7,MAX_RECOVERY_STEPS_GT_3,36.9408
2059,5606.88,8.209195,1.159660,2.135572,2.034510,15.5149,683,5,2.5,1.0,200,120,220,30,5,MAX_RECOVERY_STEPS_GT_3,36.9095
1143,5714.71,9.070968,1.193544,2.048122,2.201096,16.3676,630,7,2.0,2.0,350,80,180,15,5,MAX_RECOVERY_STEPS_GT_3,36.7231
298,1050.22,2.092072,1.050264,0.573772,0.514270,17.9598,502,7,2.5,1.4,250,40,260,45,3,PF_LT_1_10,36.6533
235,8291.36,11.189420,1.182280,2.077645,2.266802,18.9238,741,5,3.0,1.6,150,200,260,45,7,MAX_RECOVERY_STEPS_GT_3,36.6496
1824,6831.47,11.090049,1.186697,2.010486,2.344921,17.2834,616,6,2.5,2.0,450,120,220,15,5,MAX_RECOVERY_STEPS_GT_3,36.6166
254,1185.83,1.682028,1.043950,0.465303,0.465995,18.5570,705,5,1.0,1.8,400,160,300,45,3,PF_LT_1_10,36.5023
1705,5964.63,9.276252,1.189240,2.135121,2.099811,16.9989,643,7,2.0,2.0,150,80,180,30,5,MAX_RECOVERY_STEPS_GT_3,36.4177
1014,5427.18,7.665508,1.206145,1.920799,2.351845,17.4169,708,5,1.5,2.0,400,40,220,15,5,MAX_RECOVERY_STEPS_GT_3,36.3588
1161,5934.80,10.522695,1.185318,2.009651,2.455826,17.3923,564,6,3.5,1.6,450,200,100,45,7,MAX_RECOVERY_STEPS_GT_3,36.3429
14,5015.47,7.775922,1.190141,1.929116,2.358631,16.5651,645,5,4.0,2.0,500,40,300,30,5,MAX_RECOVERY_STEPS_GT_3,36.0219
1211,5010.40,7.768062,1.189949,1.926721,2.356158,16.5711,645,5,4.0,2.0,500,40,300,15,5,MAX_RECOVERY_STEPS_GT_3,35.9448
990,6796.79,9.197280,1.185979,1.992621,2.294173,18.1779,739,5,2.5,1.2,150,120,260,45,7,MAX_RECOVERY_STEPS_GT_3,35.9252
1165,5692.22,8.028519,1.217155,1.804036,2.479786,17.9994,709,5,1.5,2.0,450,40,260,30,7,MAX_RECOVERY_STEPS_GT_3,35.7057
537,1411.14,3.002426,1.045497,0.520445,0.685516,19.2004,470,4,3.5,1.8,150,80,300,30,3,PF_LT_1_10,35.6336
859,9227.12,14.646222,1.213270,1.971379,2.561368,21.4964,630,6,3.5,1.8,200,160,300,30,5,MAX_RECOVERY_STEPS_GT_3,35.4667
792,6527.99,9.772440,1.191220,1.914136,2.393584,18.3306,668,6,2.5,1.2,400,80,260,15,7,MAX_RECOVERY_STEPS_GT_3,35.1507
1126,1429.45,2.486000,1.050881,0.575275,0.548306,20.5602,575,7,1.5,1.4,300,160,260,30,3,PF_LT_1_10,35.1498
1967,8670.74,13.360154,1.207319,1.911240,2.552606,20.7903,649,6,3.0,1.8,400,160,260,45,7,MAX_RECOVERY_STEPS_GT_3,35.1093
992,3141.23,4.552507,1.164449,2.267987,1.467133,13.1442,690,6,1.0,1.0,100,160,100,30,7,MAX_RECOVERY_STEPS_GT_3,35.1016
161,1611.00,2.712121,1.057790,0.554256,0.645150,21.6815,594,5,1.5,1.4,400,120,140,15,3,PF_LT_1_10,35.0614
157,935.25,1.673077,1.042148,0.440487,0.492881,17.9531,559,5,2.5,2.0,150,40,220,15,3,PF_LT_1_10,34.9209
796,7394.89,11.908035,1.207948,1.951581,2.446421,19.7799,621,6,2.0,2.0,300,200,220,15,5,MAX_RECOVERY_STEPS_GT_3,34.8491
488,4065.49,6.867382,1.149055,2.195236,1.798727,14.0644,592,6,2.0,1.4,300,160,100,45,5,MAX_RECOVERY_STEPS_GT_3,34.7453
1992,6747.86,9.143442,1.170039,1.973168,2.290171,18.5499,738,5,2.5,1.0,200,120,260,15,7,MAX_RECOVERY_STEPS_GT_3,34.5646
1573,1422.72,2.500387,1.051279,0.558641,0.524317,20.5807,569,7,1.5,1.4,400,160,300,45,3,PF_LT_1_10,34.5606
344,1004.05,1.737111,1.036631,0.457311,0.442045,18.2472,578,5,1.5,1.8,500,80,180,45,3,PF_LT_1_10,34.4247
309,4993.23,8.053597,1.141795,2.316421,1.504273,13.9725,620,7,4.0,1.2,350,120,260,15,7,MAX_RECOVERY_STEPS_GT_3,34.3386
916,6229.35,10.871466,1.174626,1.974243,2.294233,17.3005,573,6,4.0,2.0,450,200,140,15,7,MAX_RECOVERY_STEPS_GT_3,34.2077
1637,5398.81,8.836023,1.190983,1.941229,2.188956,16.6517,611,7,2.0,1.0,450,80,220,15,5,MAX_RECOVERY_STEPS_GT_3,34.1383
973,5309.75,7.436625,1.200538,1.829592,2.341848,17.9345,714,5,1.5,2.0,400,40,220,15,7,MAX_RECOVERY_STEPS_GT_3,34.0147
1355,2212.87,4.718273,1.074551,0.605622,0.968373,25.2026,469,5,2.5,1.2,100,200,140,30,3,PF_LT_1_10;EQUITY_DD_GT_25,33.9407
1306,5537.82,8.860512,1.174615,1.978605,2.081715,16.2713,625,7,2.0,1.2,400,120,220,30,7,MAX_RECOVERY_STEPS_GT_3,33.7797
888,6310.49,11.032325,1.185852,2.002408,2.182357,17.5619,572,7,3.5,1.2,450,200,180,15,7,MAX_RECOVERY_STEPS_GT_3,33.6169
576,6361.57,11.737214,1.198024,1.910691,2.350877,17.9098,542,7,2.5,1.0,350,160,140,45,5,MAX_RECOVERY_STEPS_GT_3,33.5319
1253,5509.66,8.829583,1.172646,1.969811,2.066334,16.2895,624,7,2.0,1.2,400,120,220,45,7,MAX_RECOVERY_STEPS_GT_3,33.3748
401,872.05,1.588434,1.039709,0.390121,0.476333,18.2970,549,5,2.0,2.0,250,40,140,15,3,PF_LT_1_10,33.3274
1013,4378.00,8.275992,1.166648,2.127205,1.803392,14.3376,529,7,4.0,1.0,100,200,100,45,7,MAX_RECOVERY_STEPS_GT_3,33.3157
827,5376.37,9.704639,1.184064,2.040515,2.028253,16.3844,554,7,3.5,1.4,350,160,140,30,7,MAX_RECOVERY_STEPS_GT_3,33.2737
1601,5137.72,7.819970,1.178036,2.011613,1.875164,15.8006,657,7,2.0,1.4,400,80,260,15,7,MAX_RECOVERY_STEPS_GT_3,33.1509
358,4696.90,7.063008,1.180938,1.774524,2.279892,16.2110,665,5,2.5,1.2,450,40,140,45,5,MAX_RECOVERY_STEPS_GT_3,33.1449
1736,6307.99,8.559009,1.169861,2.018208,2.044229,18.1205,737,5,2.0,1.4,150,120,300,30,5,MAX_RECOVERY_STEPS_GT_3,33.0699
1711,5477.31,8.763696,1.172797,1.957406,2.057118,16.3255,625,7,2.0,1.2,400,120,220,15,7,MAX_RECOVERY_STEPS_GT_3,33.0568
690,4857.09,7.612994,1.130481,2.247883,1.503712,14.0768,638,7,4.0,1.0,100,120,300,15,7,MAX_RECOVERY_STEPS_GT_3,32.9729
1827,6169.02,8.325263,1.168904,1.941048,2.107072,17.7508,741,5,2.5,1.2,100,120,260,15,7,MAX_RECOVERY_STEPS_GT_3,32.8816
1320,1161.27,1.500349,1.040225,0.443858,0.456052,21.1611,774,3,1.0,1.6,350,120,180,30,3,PF_LT_1_10,32.8136
1554,5069.84,6.688443,1.150832,2.027490,1.836170,15.7048,758,5,1.5,1.6,150,120,220,45,7,MAX_RECOVERY_STEPS_GT_3,32.7423
740,6272.13,8.510353,1.169064,2.005965,2.031963,18.1630,737,5,2.0,1.4,150,120,300,15,5,MAX_RECOVERY_STEPS_GT_3,32.6668
728,3423.81,4.367105,1.153029,1.905695,1.669686,12.2453,784,5,1.0,1.2,300,40,140,45,7,MAX_RECOVERY_STEPS_GT_3,32.6558
946,5030.09,8.022472,1.146517,2.089793,1.752889,14.8881,627,7,4.0,1.4,350,120,220,45,7,MAX_RECOVERY_STEPS_GT_3,32.6103
1092,5016.25,7.015734,1.198725,1.727192,2.335625,17.5986,715,5,1.5,1.2,450,40,300,45,7,MAX_RECOVERY_STEPS_GT_3,32.6093
138,390.57,0.612179,1.016559,0.239699,0.170532,14.7921,638,6,1.0,1.0,450,160,220,15,3,PF_LT_1_10,32.4394
644,6762.50,10.683254,1.182331,1.864005,2.339339,19.1709,633,5,2.5,1.0,200,200,180,45,5,MAX_RECOVERY_STEPS_GT_3,32.1541
457,4113.78,5.455942,1.180456,1.824948,1.833263,14.1374,754,5,1.0,1.8,300,160,140,15,7,MAX_RECOVERY_STEPS_GT_3,32.1148
449,2737.10,6.042163,1.082010,0.595604,0.939270,26.6092,453,6,3.0,1.2,150,200,300,15,3,PF_LT_1_10;EQUITY_DD_GT_25,32.1060
183,4540.56,6.628555,1.177779,1.791431,2.097676,15.8612,685,6,1.5,2.0,250,40,220,45,7,MAX_RECOVERY_STEPS_GT_3,32.0930
704,453.84,0.646496,1.017132,0.230105,0.175783,15.8735,702,5,1.0,2.0,350,200,260,15,3,PF_LT_1_10,31.9877
75,5153.37,7.490363,1.180434,1.673292,2.422015,17.5618,688,5,2.0,1.0,350,40,260,45,5,MAX_RECOVERY_STEPS_GT_3,31.9658
1856,4707.78,7.390549,1.130496,2.199013,1.478517,14.0682,637,7,4.0,1.0,100,120,260,45,7,MAX_RECOVERY_STEPS_GT_3,31.9098
1743,4724.18,7.427956,1.128704,2.206674,1.465971,14.0497,636,7,4.0,1.0,100,120,260,15,7,MAX_RECOVERY_STEPS_GT_3,31.8526
403,1434.63,3.253129,1.052374,0.485593,0.697421,21.8887,441,6,3.5,2.0,400,80,220,15,3,PF_LT_1_10,31.8421
1723,7903.40,12.426730,1.203798,1.814388,2.405674,20.6434,636,7,3.0,1.2,200,160,300,30,7,MAX_RECOVERY_STEPS_GT_3,31.6708
1474,5497.44,7.593149,1.150394,1.984413,1.931652,17.0593,724,5,2.0,1.4,150,120,220,30,5,MAX_RECOVERY_STEPS_GT_3,31.6241
485,1470.52,1.940000,1.055169,0.396900,0.796947,24.9828,758,4,1.0,1.2,450,40,180,45,3,PF_LT_1_10,31.6098
1217,6153.34,8.182633,1.168874,1.941858,2.044190,18.3275,752,5,2.0,1.4,150,120,260,15,7,MAX_RECOVERY_STEPS_GT_3,31.5640
1404,2479.89,4.283057,1.080749,0.532985,0.946183,27.7248,579,7,1.5,1.8,300,160,220,45,3,PF_LT_1_10;EQUITY_DD_GT_25,31.5244
2090,6178.14,8.440082,1.162280,1.920353,2.036652,17.9196,732,5,2.5,1.0,150,120,260,15,7,MAX_RECOVERY_STEPS_GT_3,31.4372
765,3248.72,4.791622,1.166937,2.114419,1.425934,13.9155,678,7,1.0,1.8,200,80,260,45,7,MAX_RECOVERY_STEPS_GT_3,31.4299
74,1275.03,3.382042,1.049885,0.447665,0.679831,20.7146,377,5,4.0,1.2,350,160,100,30,3,PF_LT_1_10,31.4250
1483,2462.08,4.281878,1.080331,0.529028,0.938024,27.7577,575,7,1.5,1.8,300,160,220,30,3,PF_LT_1_10;EQUITY_DD_GT_25,31.2633
1658,3754.13,4.458587,1.142451,1.899037,1.681201,13.2508,842,3,1.0,1.4,350,200,100,45,5,MAX_RECOVERY_STEPS_GT_3,31.2595
2379,3753.12,4.457387,1.142468,1.898094,1.680335,13.2536,842,3,1.0,1.8,350,160,100,30,5,MAX_RECOVERY_STEPS_GT_3,31.2334
1044,5217.83,10.311917,1.177597,1.903734,2.116243,16.3728,506,7,3.5,1.4,350,160,140,30,5,MAX_RECOVERY_STEPS_GT_3,31.1245
1264,4671.28,6.635341,1.131269,2.180793,1.551438,15.8804,704,5,2.0,1.4,400,120,300,45,5,MAX_RECOVERY_STEPS_GT_3,31.0998
2239,4990.64,7.761493,1.199741,1.737349,2.253989,17.6640,643,7,2.0,1.0,100,40,300,45,7,MAX_RECOVERY_STEPS_GT_3,31.0753
1832,6487.09,10.793827,1.170103,1.899470,2.193166,18.4700,601,6,2.5,1.0,500,160,220,45,5,MAX_RECOVERY_STEPS_GT_3,31.0426
1354,4982.11,6.967986,1.143465,1.951733,1.704426,14.9189,715,5,1.5,2.0,450,80,260,15,5,MAX_RECOVERY_STEPS_GT_3,30.9299
1684,5175.04,7.747066,1.177963,2.021066,1.727722,16.6898,668,7,2.0,1.4,150,80,260,15,7,MAX_RECOVERY_STEPS_GT_3,30.9245
550,1003.17,2.394200,1.039334,0.427508,0.448138,19.0284,419,7,2.5,1.8,250,160,140,30,3,PF_LT_1_10,30.9239
1262,6648.57,10.028009,1.195260,1.824645,2.334621,20.4174,663,6,2.0,1.8,150,80,260,15,5,MAX_RECOVERY_STEPS_GT_3,30.8448
1839,6305.48,9.852313,1.183057,1.777523,2.315657,18.9965,640,6,2.5,2.0,400,80,300,30,5,MAX_RECOVERY_STEPS_GT_3,30.7262
603,988.82,2.247318,1.050356,0.399845,0.573475,20.4670,440,6,4.0,1.6,450,40,220,45,3,PF_LT_1_10,30.7146
593,5088.08,9.118423,1.172529,1.996218,1.865417,16.2281,558,7,3.5,1.4,350,160,140,45,7,MAX_RECOVERY_STEPS_GT_3,30.6777
519,4992.56,7.716476,1.174359,1.862312,1.978356,16.6611,647,7,2.0,1.2,400,80,220,15,7,MAX_RECOVERY_STEPS_GT_3,30.5666
2342,3632.24,4.329249,1.140745,1.885928,1.621848,13.1347,839,3,1.0,2.0,400,160,100,30,7,MAX_RECOVERY_STEPS_GT_3,30.4880
2267,3632.24,4.329249,1.140745,1.885928,1.621848,13.1347,839,3,1.0,1.8,400,120,100,30,7,MAX_RECOVERY_STEPS_GT_3,30.4880
1829,3632.24,4.329249,1.140745,1.885928,1.621848,13.1347,839,3,1.0,1.8,400,160,100,30,7,MAX_RECOVERY_STEPS_GT_3,30.4880
1260,6769.48,10.430632,1.194414,1.824431,2.277186,20.1402,649,6,2.0,1.2,450,200,260,45,7,MAX_RECOVERY_STEPS_GT_3,30.4307
830,3257.66,4.950851,1.118637,2.086826,1.272496,11.5792,658,7,1.5,1.4,300,80,220,15,5,MAX_RECOVERY_STEPS_GT_3,30.3134
896,5189.98,7.119314,1.147060,1.999954,1.757040,16.7602,729,5,2.0,1.4,400,120,220,45,7,MAX_RECOVERY_STEPS_GT_3,30.1996
1100,4272.37,6.173945,1.143347,1.913141,1.772024,15.2526,692,6,1.5,1.0,200,80,180,30,5,MAX_RECOVERY_STEPS_GT_3,30.1533
1644,5930.43,8.101680,1.162904,1.901486,1.995332,18.3279,732,5,2.0,1.4,150,120,260,15,5,MAX_RECOVERY_STEPS_GT_3,30.1490
1504,1929.69,3.613652,1.063879,0.488524,0.795646,25.8104,534,5,2.0,1.0,400,120,300,15,3,PF_LT_1_10;EQUITY_DD_GT_25,30.1410
852,1074.26,2.719646,1.045239,0.422508,0.507227,20.0815,395,7,2.5,1.0,350,160,140,45,3,PF_LT_1_10,30.0754
601,5166.65,7.087311,1.148235,1.990043,1.755118,16.8030,729,5,2.0,1.4,400,120,220,15,7,MAX_RECOVERY_STEPS_GT_3,30.0098
176,648.99,1.556331,1.027404,0.323310,0.323686,16.9444,417,7,3.5,1.2,250,80,180,15,3,PF_LT_1_10,29.9940
1015,5771.32,8.678677,1.200988,1.735814,2.180494,18.5619,665,7,1.5,1.4,150,200,180,45,7,MAX_RECOVERY_STEPS_GT_3,29.9881
1105,4254.77,6.148512,1.142875,1.904501,1.766956,15.2752,692,6,1.5,1.0,200,80,180,15,5,MAX_RECOVERY_STEPS_GT_3,29.9206
594,745.96,1.665089,1.039814,0.339638,0.441621,18.9790,448,6,4.0,1.4,200,40,260,45,3,PF_LT_1_10,29.9024
1349,1314.25,2.966704,1.043662,0.437746,0.506548,21.0633,443,7,3.0,1.6,500,160,260,45,3,PF_LT_1_10,29.8696
876,3176.96,4.763058,1.156993,2.128488,1.271089,13.6968,667,7,1.0,1.2,350,120,180,30,5,MAX_RECOVERY_STEPS_GT_3,29.8139
351,6475.14,9.781178,1.187795,1.806922,2.278846,20.3370,662,6,2.0,1.8,200,80,260,15,5,MAX_RECOVERY_STEPS_GT_3,29.7554
1049,4885.84,6.296186,1.140433,1.964757,1.794672,16.6849,776,5,1.5,1.6,200,80,260,30,7,MAX_RECOVERY_STEPS_GT_3,29.7543
919,4502.24,6.563032,1.160186,1.745778,2.117702,16.9129,686,5,4.0,2.0,500,40,260,45,7,MAX_RECOVERY_STEPS_GT_3,29.7258
562,4849.74,6.840254,1.181018,1.716844,2.107332,17.4124,709,5,1.5,2.0,400,40,260,30,5,MAX_RECOVERY_STEPS_GT_3,29.6916
634,3154.55,4.652729,1.163564,2.052447,1.376266,14.0532,678,7,1.0,1.8,200,80,260,15,5,MAX_RECOVERY_STEPS_GT_3,29.6733
1489,4913.63,7.606238,1.171862,1.840180,1.936577,16.6878,646,7,2.0,1.2,400,80,220,30,7,MAX_RECOVERY_STEPS_GT_3,29.6437
1693,6666.30,10.287500,1.188623,1.825328,2.204162,19.9806,648,6,2.0,2.0,450,200,220,15,7,MAX_RECOVERY_STEPS_GT_3,29.6369
2234,7003.57,10.314536,1.186851,1.777705,2.333962,21.1132,679,6,2.5,1.0,150,160,180,45,7,MAX_RECOVERY_STEPS_GT_3,29.4109
2293,6986.72,10.289720,1.186401,1.773090,2.329088,21.1329,679,6,2.5,1.0,150,160,180,15,7,MAX_RECOVERY_STEPS_GT_3,29.2451
49,3191.22,4.080844,1.142827,1.776235,1.559414,12.2453,782,5,1.0,1.2,300,40,140,45,5,MAX_RECOVERY_STEPS_GT_3,29.1379
272,1335.50,3.042141,1.049778,0.425421,0.660817,22.9577,439,6,3.5,1.6,450,80,180,30,3,PF_LT_1_10,29.1217
1530,6552.51,11.200872,1.183175,1.753438,2.331577,19.8316,585,6,2.5,2.0,450,200,180,45,5,MAX_RECOVERY_STEPS_GT_3,28.8639
1988,7140.55,10.968587,1.209616,1.670242,2.547971,22.4387,651,6,2.0,1.2,100,160,180,30,5,MAX_RECOVERY_STEPS_GT_3,28.8137
112,1796.88,3.396749,1.071951,0.465182,0.805260,26.8459,529,6,2.0,1.8,100,80,140,45,3,PF_LT_1_10;EQUITY_DD_GT_25,28.7891
598,924.56,1.273499,1.033341,0.325200,0.378912,22.0945,726,5,1.0,1.2,200,160,300,45,3,PF_LT_1_10,28.7829
1949,5820.81,9.024512,1.170624,1.728012,2.196353,18.5250,645,6,2.5,1.2,400,80,260,15,5,MAX_RECOVERY_STEPS_GT_3,28.7502
456,1112.34,1.885322,1.035846,0.367490,0.441878,22.1205,590,6,1.5,1.0,400,160,220,15,3,PF_LT_1_10,28.6259
134,852.64,1.232139,1.029542,0.347086,0.390823,22.4312,692,3,1.5,2.0,200,40,220,15,3,PF_LT_1_10,28.5431
808,1048.43,2.723195,1.041746,0.369822,0.564656,20.9684,385,5,4.0,1.2,500,160,100,45,3,PF_LT_1_10,28.5171
1621,6166.55,9.149184,1.179351,1.722303,2.241993,19.9906,674,6,2.0,1.2,300,160,220,30,7,MAX_RECOVERY_STEPS_GT_3,28.2549
1366,6309.91,9.546006,1.185610,1.766205,2.212202,20.4800,661,6,2.0,1.8,200,80,260,30,5,MAX_RECOVERY_STEPS_GT_3,28.1333
465,2981.31,4.289655,1.090037,1.917241,1.405505,11.8919,695,3,4.0,1.2,300,40,220,30,5,PF_LT_1_10;MAX_RECOVERY_STEPS_GT_3,28.1139
1400,5258.48,7.555287,1.136186,1.872731,1.787532,16.9348,696,5,2.0,1.2,400,120,300,45,5,MAX_RECOVERY_STEPS_GT_3,27.9831
1881,4974.17,6.029297,1.116695,1.940314,1.596948,15.5637,825,3,2.5,2.0,100,160,220,30,7,MAX_RECOVERY_STEPS_GT_3,27.9692
1039,5134.00,9.007018,1.137110,1.884971,1.799585,15.7294,570,7,4.0,1.4,350,120,260,30,5,MAX_RECOVERY_STEPS_GT_3,27.9038
957,3096.41,4.712953,1.109113,2.012904,1.187769,11.6544,657,7,1.5,1.6,250,80,260,30,5,MAX_RECOVERY_STEPS_GT_3,27.8388
700,4145.10,5.571371,1.134247,1.769240,1.874447,16.0886,744,4,2.5,1.6,450,40,260,45,7,MAX_RECOVERY_STEPS_GT_3,27.7479
880,7254.81,9.951728,1.173156,1.824205,2.048339,20.6847,729,5,3.0,1.4,100,160,260,30,7,MAX_RECOVERY_STEPS_GT_3,27.7127
654,617.90,1.052641,1.025189,0.245857,0.359950,20.1719,587,4,2.0,1.6,250,40,100,15,3,PF_LT_1_10,27.6574
544,1284.87,2.188876,1.039476,0.373537,0.494082,23.6120,587,6,1.5,2.0,100,200,260,45,3,PF_LT_1_10,27.6193
956,4726.74,6.610825,1.175531,1.629085,2.091306,17.9458,715,5,1.5,2.0,400,40,260,30,7,MAX_RECOVERY_STEPS_GT_3,27.3213
1280,2005.65,4.642708,1.061918,0.498250,0.710666,26.3366,432,7,2.5,2.0,350,200,260,45,3,PF_LT_1_10;EQUITY_DD_GT_25,27.3179
90,377.18,0.562955,1.015831,0.182884,0.144387,18.5880,670,6,1.0,2.0,300,120,260,15,3,PF_LT_1_10,27.1956
1560,4779.48,7.154910,1.161850,1.907314,1.611842,16.8272,668,7,2.0,2.0,150,80,260,45,7,MAX_RECOVERY_STEPS_GT_3,27.1328
2328,6662.15,10.155716,1.171546,1.654054,2.256130,20.1397,656,6,2.5,1.0,350,120,300,45,7,MAX_RECOVERY_STEPS_GT_3,26.9111
668,3832.47,5.720104,1.144350,1.623144,2.074556,16.5346,670,5,4.0,1.2,500,40,100,30,7,MAX_RECOVERY_STEPS_GT_3,26.7911
1871,6059.01,8.949793,1.156848,1.731012,2.025352,18.8509,677,5,2.5,1.2,450,160,300,30,5,MAX_RECOVERY_STEPS_GT_3,26.7882
1022,4311.81,6.285437,1.165531,1.620043,1.975375,16.7754,686,6,1.5,2.0,250,40,300,15,7,MAX_RECOVERY_STEPS_GT_3,26.6734
257,1942.86,4.625857,1.063696,0.463736,0.777892,26.9653,420,7,3.5,1.4,350,160,300,30,3,PF_LT_1_10;EQUITY_DD_GT_25,26.5774
986,6282.31,10.051696,1.167467,1.708798,2.176170,19.8994,625,5,2.5,1.0,150,200,180,45,5,MAX_RECOVERY_STEPS_GT_3,26.4455
1401,698.58,1.236425,1.026618,0.274303,0.267354,20.5807,565,7,1.5,1.4,400,160,260,45,3,PF_LT_1_10,26.4436
50,4236.72,6.528074,1.159448,1.643063,2.035181,17.1193,649,5,4.0,1.8,450,40,260,30,5,MAX_RECOVERY_STEPS_GT_3,26.4251
920,4330.90,6.240490,1.149298,1.628507,1.998647,16.9656,694,6,1.5,2.0,150,80,100,15,7,MAX_RECOVERY_STEPS_GT_3,26.3605
1769,6684.65,9.787189,1.157516,1.701890,2.169568,20.4526,683,6,3.0,1.0,200,120,220,45,7,MAX_RECOVERY_STEPS_GT_3,26.2934
780,6910.56,9.251084,1.183839,1.720620,2.145844,21.6096,747,5,2.0,1.4,150,160,300,15,5,MAX_RECOVERY_STEPS_GT_3,26.2259
1638,6931.74,9.279438,1.184016,1.715760,2.155445,21.6862,747,5,2.0,1.4,150,160,300,30,5,MAX_RECOVERY_STEPS_GT_3,26.1738
915,5683.69,9.137765,1.171925,1.551649,2.383193,19.7869,622,6,2.5,2.0,450,80,140,15,5,MAX_RECOVERY_STEPS_GT_3,26.1073
96,559.99,1.062600,1.025140,0.227575,0.307634,20.0756,527,6,2.5,1.2,300,40,140,15,3,PF_LT_1_10,26.0877
1674,6240.25,9.272288,1.189065,1.848339,1.776247,20.0166,673,7,2.0,2.0,150,160,260,30,7,MAX_RECOVERY_STEPS_GT_3,25.8193
2136,149.63,0.201658,1.005712,0.073080,0.070879,17.7494,742,3,1.0,1.0,500,120,140,30,3,PF_LT_1_10,25.7804
1227,4814.69,7.765629,1.167867,1.705746,1.903570,17.5571,620,7,2.0,1.6,450,80,180,30,5,MAX_RECOVERY_STEPS_GT_3,25.6932
929,1629.30,3.182227,1.055671,0.397631,0.689319,26.8753,512,6,2.0,1.4,400,80,300,45,3,PF_LT_1_10;EQUITY_DD_GT_25,25.6847
797,122.02,0.208938,1.004247,0.068407,0.064276,16.3648,584,4,2.0,1.8,500,40,180,15,3,PF_LT_1_10,25.5836
942,4138.19,5.945675,1.147930,1.604852,1.978281,17.1284,696,5,4.0,1.8,450,40,260,30,7,MAX_RECOVERY_STEPS_GT_3,25.4910
559,4096.89,6.051536,1.159426,1.579061,1.946804,16.6600,677,6,1.5,2.0,250,40,180,45,7,MAX_RECOVERY_STEPS_GT_3,25.4617
481,3973.39,5.843221,1.129373,1.621382,1.945957,16.3268,680,4,4.0,2.0,100,40,140,15,5,MAX_RECOVERY_STEPS_GT_3,25.4172
1001,4127.01,5.929612,1.147398,1.600888,1.971969,17.1413,696,5,4.0,1.8,450,40,260,45,7,MAX_RECOVERY_STEPS_GT_3,25.3287
468,3790.93,7.947442,1.136048,1.818864,1.646194,14.0771,477,7,4.0,1.4,350,160,100,15,5,MAX_RECOVERY_STEPS_GT_3,25.3238
1642,153.61,0.204269,1.005745,0.074425,0.070074,18.1531,752,3,1.0,1.0,450,120,140,15,3,PF_LT_1_10,25.3113
753,5495.79,7.569959,1.148204,1.808212,1.764431,18.6603,726,5,2.0,1.4,400,120,300,30,7,MAX_RECOVERY_STEPS_GT_3,25.3102
359,4083.55,6.014065,1.143635,1.584276,2.031711,17.2143,679,5,3.5,1.2,150,40,100,45,7,MAX_RECOVERY_STEPS_GT_3,25.1931
511,6059.98,10.430258,1.179994,1.695920,2.022208,19.2657,581,7,2.0,1.6,450,200,220,15,5,MAX_RECOVERY_STEPS_GT_3,25.1718
894,5390.09,7.274076,1.140788,1.820460,1.816753,19.1110,741,5,2.0,1.4,150,120,260,45,5,MAX_RECOVERY_STEPS_GT_3,25.1639
1153,6959.60,11.171108,1.202251,1.571701,2.425911,22.6643,623,6,2.0,1.4,300,160,180,15,5,MAX_RECOVERY_STEPS_GT_3,25.0961
116,1861.86,4.280138,1.058854,0.463077,0.638387,27.0444,435,7,2.5,1.8,150,200,300,15,3,PF_LT_1_10;EQUITY_DD_GT_25,25.0819
2004,5719.75,7.911134,1.155120,1.581509,2.127289,19.5431,723,5,2.5,1.0,350,120,220,45,7,MAX_RECOVERY_STEPS_GT_3,24.8329
439,293.48,0.700430,1.011824,0.147633,0.149965,17.1198,419,7,3.5,1.4,150,80,140,45,3,PF_LT_1_10,24.7167
772,5343.05,7.665782,1.138988,1.788750,1.830654,19.1189,697,5,2.0,1.2,400,120,300,30,5,MAX_RECOVERY_STEPS_GT_3,24.6884
954,653.25,1.070902,1.024902,0.247638,0.325371,22.7939,610,4,1.5,1.4,150,200,100,30,3,PF_LT_1_10,24.5281
877,990.14,2.513046,1.036064,0.321191,0.450549,22.6773,394,6,4.0,1.4,350,120,260,30,3,PF_LT_1_10,24.4965
1508,6944.79,11.147335,1.201229,1.546906,2.425243,22.9250,623,6,2.0,2.0,300,160,180,30,5,MAX_RECOVERY_STEPS_GT_3,24.3614
340,340.40,0.499120,1.013516,0.154724,0.172612,20.9262,682,3,1.5,1.4,150,40,100,15,3,PF_LT_1_10,24.3217
1214,5761.16,8.447449,1.162737,1.672257,2.002080,20.0927,682,6,2.5,1.0,100,80,260,45,7,MAX_RECOVERY_STEPS_GT_3,24.3126
1125,1483.57,2.903268,1.050797,0.362571,0.634210,26.9174,511,6,2.0,1.4,400,80,260,45,3,PF_LT_1_10;EQUITY_DD_GT_25,24.2995
1086,6001.14,10.311237,1.174550,1.680017,1.959956,19.3230,582,7,2.0,1.6,450,200,220,45,5,MAX_RECOVERY_STEPS_GT_3,24.0363
489,3486.69,5.543227,1.140550,1.690762,1.575956,14.8264,629,7,3.0,1.2,150,40,300,15,7,MAX_RECOVERY_STEPS_GT_3,23.9776
2384,4258.71,6.612904,1.170772,1.589569,1.877337,17.4687,644,7,2.0,1.2,100,40,300,15,7,MAX_RECOVERY_STEPS_GT_3,23.9608
1187,6174.26,8.948203,1.173291,1.636823,2.007190,20.6721,690,6,2.0,2.0,300,160,220,30,7,MAX_RECOVERY_STEPS_GT_3,23.8272
1666,6718.21,10.596546,1.188387,1.538379,2.389239,22.7108,634,6,2.0,2.0,250,160,180,30,5,MAX_RECOVERY_STEPS_GT_3,23.7249
2346,4310.51,6.652022,1.169356,1.572031,1.906803,17.7458,648,7,2.0,1.2,150,40,260,15,7,MAX_RECOVERY_STEPS_GT_3,23.6934
1813,4946.73,7.495045,1.167788,1.702007,1.794703,18.8336,660,7,2.0,2.0,150,80,220,45,7,MAX_RECOVERY_STEPS_GT_3,23.6513
971,3912.18,5.882977,1.143415,1.651566,1.619516,15.6623,665,6,1.5,1.6,250,160,140,30,7,MAX_RECOVERY_STEPS_GT_3,23.6495
275,4882.09,6.079813,1.131327,1.634030,1.759166,17.1181,803,4,2.0,1.6,300,120,180,45,7,MAX_RECOVERY_STEPS_GT_3,23.5979
1590,4536.45,5.472195,1.106733,1.804468,1.440420,15.7357,829,3,2.5,1.8,250,160,220,30,7,MAX_RECOVERY_STEPS_GT_3,23.5923
4,5073.21,6.495787,1.129360,1.657029,1.737759,17.3203,781,4,2.5,1.2,150,120,260,45,7,MAX_RECOVERY_STEPS_GT_3,23.5129
1247,4858.56,8.553803,1.131604,1.693468,1.773053,16.5026,568,7,4.0,1.4,350,120,220,45,5,MAX_RECOVERY_STEPS_GT_3,23.4791
2370,4302.01,6.638904,1.168163,1.569103,1.886819,17.7540,648,7,2.0,1.2,150,40,300,30,7,MAX_RECOVERY_STEPS_GT_3,23.3938
1774,5340.64,8.517767,1.142062,1.759458,1.697426,17.9914,627,6,3.0,1.8,150,160,260,45,5,MAX_RECOVERY_STEPS_GT_3,23.3761
1876,4996.62,7.199741,1.149025,1.700080,1.794101,18.9502,694,6,2.0,1.2,100,80,260,30,7,MAX_RECOVERY_STEPS_GT_3,23.3304
2399,6412.86,9.745988,1.196430,1.528418,2.345156,22.9501,658,7,2.0,1.2,150,160,180,45,7,MAX_RECOVERY_STEPS_GT_3,23.3192
1533,4140.74,6.541453,1.115155,1.849659,1.336786,14.9662,633,7,4.0,1.0,100,120,220,30,7,MAX_RECOVERY_STEPS_GT_3,23.2970
232,413.64,0.565082,1.015321,0.139204,0.223845,22.3373,732,4,1.0,1.2,500,40,220,30,3,PF_LT_1_10,23.2648
1386,5379.73,7.023146,1.150061,1.756945,1.759794,19.6997,766,5,1.5,1.6,150,120,260,45,7,MAX_RECOVERY_STEPS_GT_3,23.2545
672,6330.55,8.429494,1.163730,1.617242,2.024323,20.9574,751,5,2.0,1.0,300,160,300,45,7,MAX_RECOVERY_STEPS_GT_3,23.2488
1866,5634.69,8.576393,1.166369,1.612145,2.054346,20.5077,657,6,2.5,1.0,150,80,260,30,5,MAX_RECOVERY_STEPS_GT_3,23.1424
1796,4523.27,5.456297,1.106347,1.786054,1.435157,15.8476,829,3,2.5,1.8,250,160,220,45,7,MAX_RECOVERY_STEPS_GT_3,23.1090
722,1203.77,2.417209,1.044332,0.324190,0.566311,26.4356,498,5,3.0,1.0,200,80,260,30,3,PF_LT_1_10;EQUITY_DD_GT_25,23.0710
106,916.34,1.545261,1.024948,0.270072,0.338966,24.3327,593,4,2.0,1.8,450,160,300,45,3,PF_LT_1_10,23.0443
354,2824.95,3.645097,1.123341,1.565824,1.393793,12.6120,775,4,1.0,1.0,400,200,100,15,7,MAX_RECOVERY_STEPS_GT_3,23.0203
2024,5989.81,9.771305,1.154188,1.550371,2.163851,20.0346,613,6,3.0,1.2,400,120,260,45,5,MAX_RECOVERY_STEPS_GT_3,23.0012
1318,4333.23,6.834748,1.146759,1.730247,1.544730,16.5212,634,7,2.0,2.0,350,80,260,45,5,MAX_RECOVERY_STEPS_GT_3,22.9359
336,4106.38,6.497437,1.114161,1.834311,1.330508,15.0004,632,7,4.0,1.0,150,120,220,15,7,MAX_RECOVERY_STEPS_GT_3,22.8967
2323,5922.08,9.124931,1.174900,1.546942,2.168242,21.1991,649,6,2.0,1.6,450,160,180,30,7,MAX_RECOVERY_STEPS_GT_3,22.8016
1007,5486.47,7.630695,1.154189,1.635711,1.893332,19.8485,719,5,2.0,1.4,150,120,220,15,5,MAX_RECOVERY_STEPS_GT_3,22.7906
1073,4073.04,6.444684,1.115393,1.819418,1.337033,15.0377,632,7,4.0,1.0,150,120,220,45,7,MAX_RECOVERY_STEPS_GT_3,22.7202
1291,7186.59,11.723638,1.169581,1.563223,2.224542,21.8902,613,6,3.5,1.8,200,160,260,30,5,MAX_RECOVERY_STEPS_GT_3,22.7113
1128,6808.23,8.922975,1.189227,1.589872,2.093802,22.5878,763,5,2.0,1.4,150,160,260,15,7,MAX_RECOVERY_STEPS_GT_3,22.7078
987,5588.98,8.481002,1.165086,1.598724,2.038301,20.5659,659,6,2.5,1.0,150,80,260,15,5,MAX_RECOVERY_STEPS_GT_3,22.6716
802,3921.60,5.228800,1.103153,1.703607,1.487578,15.3644,750,4,4.0,1.6,300,80,220,45,7,MAX_RECOVERY_STEPS_GT_3,22.5638
1356,4341.93,6.669631,1.150203,1.607509,1.747898,17.3030,651,7,2.0,2.0,400,80,180,15,7,MAX_RECOVERY_STEPS_GT_3,22.5561
1375,6830.02,9.242246,1.158448,1.583343,2.069870,21.5501,739,5,3.0,1.0,200,160,300,15,7,MAX_RECOVERY_STEPS_GT_3,22.5494
868,5046.93,8.468003,1.155029,1.668136,1.779830,18.1885,596,7,2.5,2.0,400,120,180,30,5,MAX_RECOVERY_STEPS_GT_3,22.4579
874,646.65,1.124609,1.020008,0.205839,0.244815,22.7858,575,6,1.5,1.0,400,200,260,45,3,PF_LT_1_10,22.4307
221,141.84,0.230260,1.005016,0.058068,0.076068,19.4148,616,3,2.0,1.8,100,40,260,15,3,PF_LT_1_10,22.3804
1759,6356.04,9.416356,1.172479,1.501641,2.261909,22.2153,675,6,2.0,2.0,250,160,180,45,7,MAX_RECOVERY_STEPS_GT_3,22.3430
898,2828.77,4.209479,1.133871,1.777994,1.106791,13.4279,672,7,1.0,1.8,400,120,260,30,7,MAX_RECOVERY_STEPS_GT_3,22.3242
147,722.98,1.398414,1.027598,0.234403,0.375405,23.9072,517,5,2.5,1.0,100,80,100,45,3,PF_LT_1_10,22.2946
1052,6037.05,8.599786,1.157707,1.587498,1.953558,20.6377,702,5,2.0,1.2,400,160,300,15,5,MAX_RECOVERY_STEPS_GT_3,22.1211
126,2739.12,3.987074,1.131260,1.783096,1.130954,13.9876,687,7,1.0,2.0,200,120,300,30,5,MAX_RECOVERY_STEPS_GT_3,22.0488
705,4251.17,6.969131,1.171018,1.484580,1.890209,17.5564,610,7,2.0,1.4,400,40,260,45,5,MAX_RECOVERY_STEPS_GT_3,21.9286
1148,6513.54,11.134256,1.177102,1.483962,2.312751,21.9206,585,7,4.0,1.0,100,120,140,30,7,MAX_RECOVERY_STEPS_GT_3,21.8947
814,4717.74,6.682351,1.132943,1.650004,1.684235,18.1276,706,5,2.0,1.4,400,120,220,15,5,MAX_RECOVERY_STEPS_GT_3,21.8512
1081,4095.11,6.680440,1.171306,1.455449,1.990748,18.1373,613,7,2.0,2.0,400,40,140,30,7,MAX_RECOVERY_STEPS_GT_3,21.7749
2414,4523.72,5.913359,1.101119,1.691698,1.474925,16.0165,765,3,2.5,1.4,350,160,260,45,5,MAX_RECOVERY_STEPS_GT_3,21.7059
671,3768.18,7.674501,1.138035,1.688298,1.600308,15.3022,491,7,3.5,1.4,300,200,100,30,5,MAX_RECOVERY_STEPS_GT_3,21.6945
1741,5802.32,8.926646,1.146440,1.592959,1.855962,19.2836,650,5,3.0,1.0,200,160,260,30,5,MAX_RECOVERY_STEPS_GT_3,21.6260
960,5090.62,6.833047,1.153094,1.594421,1.838594,19.6676,745,5,1.5,1.8,150,200,180,45,7,MAX_RECOVERY_STEPS_GT_3,21.6047
1084,4417.29,6.101229,1.126461,1.641548,1.564275,17.0168,724,5,2.0,1.4,150,120,180,45,5,MAX_RECOVERY_STEPS_GT_3,21.4806
790,4544.58,7.341809,1.135233,1.619755,1.774017,17.8384,619,5,2.5,1.0,200,200,140,30,5,MAX_RECOVERY_STEPS_GT_3,21.4787
887,4029.62,6.595123,1.161599,1.455993,1.913555,17.4239,611,7,2.0,2.0,400,40,140,15,5,MAX_RECOVERY_STEPS_GT_3,21.4661
768,4650.95,6.740507,1.148227,1.483325,1.923705,18.7218,690,5,2.0,1.2,400,120,140,15,7,MAX_RECOVERY_STEPS_GT_3,21.3913
884,892.76,1.962110,1.030988,0.274120,0.374868,24.5985,455,5,3.0,1.0,200,160,220,30,3,PF_LT_1_10,21.3732
225,448.56,0.809675,1.016997,0.152293,0.256741,22.6857,554,4,3.0,2.0,300,40,180,30,3,PF_LT_1_10,21.3624
788,4659.32,6.762438,1.148385,1.480658,1.930046,18.7686,689,5,2.0,1.2,400,120,140,30,7,MAX_RECOVERY_STEPS_GT_3,21.3540
756,3857.03,6.684627,1.139451,1.587824,1.633363,15.7253,577,7,2.0,1.0,450,200,140,30,5,MAX_RECOVERY_STEPS_GT_3,21.3328
1152,7087.00,9.512752,1.163017,1.607343,1.959602,22.2345,745,5,3.0,1.4,100,160,300,30,7,MAX_RECOVERY_STEPS_GT_3,21.2739
1427,4903.93,7.686411,1.158223,1.594256,1.828741,19.2012,638,7,2.5,2.0,400,80,260,45,7,MAX_RECOVERY_STEPS_GT_3,21.2639
573,2951.21,4.020722,1.132834,1.630097,1.355489,14.9144,734,5,1.0,2.0,350,120,140,30,5,MAX_RECOVERY_STEPS_GT_3,21.2339
393,5511.70,8.875523,1.149375,1.669736,1.696767,18.8964,621,7,3.0,1.6,500,160,260,15,7,MAX_RECOVERY_STEPS_GT_3,21.1934
1006,3875.14,5.792436,1.114854,1.648533,1.522239,16.0754,669,5,2.5,1.0,200,200,140,15,7,MAX_RECOVERY_STEPS_GT_3,21.1745
368,4131.58,6.728958,1.172938,1.442445,1.912249,17.9578,614,7,2.0,1.4,400,40,260,45,7,MAX_RECOVERY_STEPS_GT_3,21.0999
1446,4254.08,6.494779,1.142856,1.574198,1.560832,16.4159,655,7,1.5,1.4,400,200,220,15,5,MAX_RECOVERY_STEPS_GT_3,21.0064
48,3455.55,4.943562,1.086061,1.715875,1.146604,13.2757,699,4,2.5,1.6,500,120,260,45,5,PF_LT_1_10;MAX_RECOVERY_STEPS_GT_3,20.9989
732,5544.26,7.754210,1.141531,1.603472,1.798591,19.8181,715,5,2.0,1.0,250,160,300,45,5,MAX_RECOVERY_STEPS_GT_3,20.9820
614,5369.64,7.703931,1.152493,1.601353,1.869779,20.6423,697,6,2.0,1.8,150,80,220,30,7,MAX_RECOVERY_STEPS_GT_3,20.9265
900,3524.68,4.895389,1.110809,1.514851,1.694705,16.3082,720,4,2.5,1.6,450,40,300,30,5,MAX_RECOVERY_STEPS_GT_3,20.7406
410,3558.72,5.703077,1.132420,1.478297,1.741290,16.1067,624,5,2.0,1.8,450,120,100,45,5,MAX_RECOVERY_STEPS_GT_3,20.5877
1108,4635.71,7.562333,1.156665,1.526748,1.920076,19.2805,613,7,4.0,1.0,150,80,140,15,7,MAX_RECOVERY_STEPS_GT_3,20.5237
2074,5597.67,8.829132,1.140825,1.613910,1.720128,18.9348,634,6,2.5,2.0,350,160,300,45,5,MAX_RECOVERY_STEPS_GT_3,20.4730
809,5591.15,7.941974,1.136190,1.536072,1.878678,19.9749,704,4,2.5,1.2,350,160,260,45,5,MAX_RECOVERY_STEPS_GT_3,20.4202
228,546.38,1.233363,1.019116,0.196738,0.216787,22.5010,443,5,3.5,2.0,450,160,220,30,3,PF_LT_1_10,20.3886
1975,5585.69,8.810237,1.140523,1.610280,1.716813,18.9477,634,6,2.5,2.0,350,160,300,30,5,MAX_RECOVERY_STEPS_GT_3,20.3534
655,2560.86,3.382906,1.121140,1.450526,1.323937,12.7368,757,5,1.0,2.0,150,40,100,15,5,MAX_RECOVERY_STEPS_GT_3,20.2334
979,4609.99,7.532663,1.155796,1.518877,1.910778,19.3074,612,7,4.0,1.0,150,80,140,30,7,MAX_RECOVERY_STEPS_GT_3,20.2228
494,959.43,1.946105,1.034966,0.262071,0.447776,26.6492,493,5,3.0,1.6,400,80,300,45,3,PF_LT_1_10;EQUITY_DD_GT_25,20.1762
114,159.95,0.353091,1.005642,0.065337,0.073829,19.4169,453,4,3.0,1.6,500,120,140,15,3,PF_LT_1_10,20.1669
2151,5271.72,7.673537,1.146672,1.568848,1.834636,20.2731,687,6,2.5,1.0,150,80,300,45,7,MAX_RECOVERY_STEPS_GT_3,20.1350
1096,4782.26,6.551041,1.134755,1.644315,1.682885,19.5804,730,5,2.0,1.2,150,120,220,15,5,MAX_RECOVERY_STEPS_GT_3,20.1047
448,4255.15,6.941517,1.138160,1.588727,1.616861,17.1854,613,7,3.0,1.8,100,80,260,30,5,MAX_RECOVERY_STEPS_GT_3,20.0974
1309,4056.13,6.595333,1.170337,1.415955,1.872700,18.0447,615,7,2.0,1.4,400,40,260,30,7,MAX_RECOVERY_STEPS_GT_3,20.0883
1695,4763.37,6.923503,1.108844,1.679514,1.477710,17.4331,688,3,3.0,1.2,350,160,260,45,5,MAX_RECOVERY_STEPS_GT_3,20.0699
1019,5668.73,8.052173,1.155964,1.598658,1.698996,20.1849,704,5,2.0,1.4,400,160,300,45,5,MAX_RECOVERY_STEPS_GT_3,20.0411
696,3176.91,4.449454,1.118221,1.456169,1.583219,15.3354,714,5,1.5,1.0,200,80,100,30,7,MAX_RECOVERY_STEPS_GT_3,19.9984
847,2596.84,3.875881,1.153810,1.578924,1.244260,14.5182,670,7,1.0,1.2,350,40,180,15,7,MAX_RECOVERY_STEPS_GT_3,19.9578
1234,4500.24,6.512648,1.130506,1.519407,1.680516,17.8220,691,5,2.0,1.4,400,120,180,30,5,MAX_RECOVERY_STEPS_GT_3,19.8991
1304,4698.52,8.171339,1.133806,1.598914,1.641973,17.3046,575,7,3.0,1.6,500,120,300,45,5,MAX_RECOVERY_STEPS_GT_3,19.8847
514,3491.90,5.422205,1.131920,1.457618,1.682038,16.1626,644,5,2.0,1.8,450,120,100,45,7,MAX_RECOVERY_STEPS_GT_3,19.8527
424,2664.96,3.553280,1.110541,1.483641,1.233845,12.4803,750,5,1.0,1.4,350,80,140,15,7,MAX_RECOVERY_STEPS_GT_3,19.8181
1117,4337.75,5.626135,1.121664,1.497423,1.647575,17.1717,771,4,2.0,1.8,400,120,180,15,7,MAX_RECOVERY_STEPS_GT_3,19.7582
882,3267.42,6.996617,1.123516,1.587590,1.560640,14.4510,467,7,4.0,1.0,150,160,100,15,5,MAX_RECOVERY_STEPS_GT_3,19.7072
1850,4182.24,5.075534,1.094013,1.667287,1.255338,15.2046,824,3,2.5,1.8,450,160,260,15,7,PF_LT_1_10;MAX_RECOVERY_STEPS_GT_3,19.6987
820,3800.17,5.638234,1.135821,1.406741,1.793538,17.2022,674,5,2.0,1.2,400,40,180,45,5,MAX_RECOVERY_STEPS_GT_3,19.6762
673,5300.58,6.901797,1.126716,1.516310,1.819624,19.6021,768,4,2.5,1.2,350,160,220,30,7,MAX_RECOVERY_STEPS_GT_3,19.5037
1687,4808.79,7.209580,1.142738,1.567198,1.701655,19.1479,667,6,2.5,2.0,450,80,300,45,7,MAX_RECOVERY_STEPS_GT_3,19.4758
1002,4578.39,7.420405,1.124802,1.650239,1.515037,17.4312,617,7,4.0,1.2,350,120,220,45,7,MAX_RECOVERY_STEPS_GT_3,19.4581
563,2463.68,3.738513,1.133912,1.547042,1.186741,13.3875,659,7,1.0,1.0,400,40,260,45,5,MAX_RECOVERY_STEPS_GT_3,19.3411
137,3273.44,4.341432,1.115223,1.500848,1.461164,15.4172,754,4,1.5,1.4,150,200,100,45,7,MAX_RECOVERY_STEPS_GT_3,19.2932
1053,3993.37,5.846808,1.129845,1.490853,1.623566,17.1747,683,5,2.0,1.0,250,160,140,45,7,MAX_RECOVERY_STEPS_GT_3,19.2872
1581,3809.47,6.307070,1.159939,1.420050,1.748232,17.2319,604,7,2.0,1.4,400,40,260,30,5,MAX_RECOVERY_STEPS_GT_3,19.2360
1511,3809.47,6.307070,1.159939,1.420050,1.748232,17.2319,604,7,2.0,2.0,400,40,260,30,5,MAX_RECOVERY_STEPS_GT_3,19.2360
528,31.80,0.060000,1.001444,0.013681,0.018130,20.1765,530,6,2.5,1.4,300,40,140,15,3,PF_LT_1_10,18.8126
608,4404.49,5.712698,1.123198,1.455183,1.667525,17.7365,771,4,2.0,1.8,400,120,180,45,7,MAX_RECOVERY_STEPS_GT_3,18.7334
1377,4157.74,6.347695,1.135330,1.472783,1.684133,17.8260,655,5,2.0,1.0,250,160,140,30,5,MAX_RECOVERY_STEPS_GT_3,18.7144
526,4258.51,5.723804,1.130259,1.597221,1.530105,18.5315,744,5,1.5,1.6,200,80,260,30,5,MAX_RECOVERY_STEPS_GT_3,18.7099
258,23.19,0.037223,1.000785,0.008610,0.010335,21.2358,623,4,1.5,2.0,350,80,180,45,3,PF_LT_1_10,18.6886
591,4725.60,6.939207,1.137610,1.561764,1.648402,19.2787,681,6,2.5,1.2,150,80,260,15,7,MAX_RECOVERY_STEPS_GT_3,18.6838
565,6967.56,11.024620,1.165532,1.335472,2.434472,24.2222,632,4,4.0,1.6,300,160,220,15,5,MAX_RECOVERY_STEPS_GT_3,18.6161
490,2463.69,3.293703,1.112389,1.458728,1.142052,12.4079,748,5,1.0,2.0,100,200,140,15,7,MAX_RECOVERY_STEPS_GT_3,18.5774
1226,5458.19,9.346216,1.159502,1.555155,1.783528,20.2321,584,7,3.0,1.6,450,160,260,15,5,MAX_RECOVERY_STEPS_GT_3,18.5386
1118,5295.46,7.963098,1.146075,1.538211,1.669890,19.6579,665,7,2.0,1.4,300,160,300,45,7,MAX_RECOVERY_STEPS_GT_3,18.4429
1064,2646.69,3.991991,1.097945,1.488451,1.255950,13.0728,663,5,2.0,1.0,250,160,100,45,7,PF_LT_1_10;MAX_RECOVERY_STEPS_GT_3,18.4218
1041,3815.73,6.164346,1.161837,1.406130,1.742122,17.9771,619,7,2.0,1.4,400,40,180,45,7,MAX_RECOVERY_STEPS_GT_3,18.3557
1200,3837.42,6.864794,1.110498,1.549427,1.457057,15.1909,559,7,4.0,1.4,350,120,180,45,5,MAX_RECOVERY_STEPS_GT_3,18.3547
1085,840.62,1.910500,1.028530,0.247683,0.332630,26.1616,440,7,2.5,2.0,400,120,260,45,3,PF_LT_1_10;EQUITY_DD_GT_25,18.3522
1243,5038.38,8.627363,1.150211,1.401002,2.025761,20.0865,584,6,3.0,1.2,400,160,140,45,7,MAX_RECOVERY_STEPS_GT_3,18.2883
159,3786.75,6.167345,1.146495,1.377706,1.907175,18.5495,614,7,3.5,1.4,300,40,180,30,7,MAX_RECOVERY_STEPS_GT_3,18.2701
1048,3686.23,5.879155,1.150694,1.468278,1.581333,17.2167,627,7,2.0,2.0,200,40,220,45,5,MAX_RECOVERY_STEPS_GT_3,18.2520
203,4475.59,6.007503,1.106569,1.460392,1.730779,18.3715,745,4,3.5,1.6,400,80,220,15,7,MAX_RECOVERY_STEPS_GT_3,18.1356
2069,5329.15,8.161026,1.161212,1.453051,1.965045,21.6888,653,6,2.5,1.0,150,80,220,30,5,MAX_RECOVERY_STEPS_GT_3,18.0552
1379,2698.59,3.588551,1.113062,1.443420,1.200072,13.2981,752,5,1.0,1.2,200,160,140,15,7,MAX_RECOVERY_STEPS_GT_3,18.0008
1276,5324.43,8.153798,1.161330,1.452061,1.955801,21.6918,653,6,2.5,1.2,150,80,220,45,5,MAX_RECOVERY_STEPS_GT_3,17.9461
1258,5296.66,6.887724,1.126401,1.464719,1.818631,20.2662,769,4,2.5,1.2,350,160,220,45,7,MAX_RECOVERY_STEPS_GT_3,17.9100
771,5090.30,8.079841,1.147312,1.446009,1.881577,20.3063,630,6,2.5,2.0,450,80,260,30,5,MAX_RECOVERY_STEPS_GT_3,17.8394
841,5088.69,8.090127,1.147266,1.445860,1.881251,20.3052,629,6,2.5,2.0,450,80,260,45,5,MAX_RECOVERY_STEPS_GT_3,17.8185
1840,6664.79,10.301066,1.173320,1.479752,2.007357,23.4151,647,7,2.0,1.4,150,160,300,30,5,MAX_RECOVERY_STEPS_GT_3,17.8132
495,444.51,0.869883,1.016721,0.133153,0.210977,24.5275,511,5,2.0,1.8,400,200,140,15,3,PF_LT_1_10,17.7816
1424,6677.08,10.336037,1.173275,1.482481,1.998702,23.4059,646,7,2.0,2.0,150,160,300,45,5,MAX_RECOVERY_STEPS_GT_3,17.7689
724,4122.27,6.735735,1.129065,1.534125,1.518172,17.2999,612,7,4.0,1.4,350,120,180,45,7,MAX_RECOVERY_STEPS_GT_3,17.7550
533,189.95,0.502513,1.007839,0.076166,0.082679,20.8215,378,5,4.0,1.8,450,200,140,30,3,PF_LT_1_10,17.7528
148,334.13,0.803197,1.009975,0.112082,0.133800,22.3888,416,4,4.0,2.0,300,200,220,15,3,PF_LT_1_10,17.6117
205,2582.22,3.475397,1.110717,1.436242,1.130524,12.9833,743,5,1.0,1.2,200,160,140,45,5,MAX_RECOVERY_STEPS_GT_3,17.4351
310,2286.54,2.988941,1.112200,1.348212,1.214545,12.5096,765,5,1.0,2.0,350,40,100,45,7,MAX_RECOVERY_STEPS_GT_3,17.4274
597,5251.95,7.097230,1.140849,1.481864,1.732924,20.6727,740,5,2.5,1.6,250,80,260,30,7,MAX_RECOVERY_STEPS_GT_3,17.3056
1266,4517.26,6.063436,1.115841,1.574726,1.465984,18.6505,745,5,2.5,1.6,250,120,220,45,7,MAX_RECOVERY_STEPS_GT_3,17.2132
131,641.47,1.265227,1.018973,0.171090,0.265141,26.0536,507,4,3.0,1.6,100,120,260,30,3,PF_LT_1_10;EQUITY_DD_GT_25,17.1811
1369,5132.08,7.614362,1.143262,1.437533,1.807630,20.5595,674,6,3.0,1.0,350,80,300,45,7,MAX_RECOVERY_STEPS_GT_3,17.1767
1515,6970.25,11.894625,1.175912,1.362457,2.369934,25.0588,586,6,3.5,1.8,200,160,180,15,5,EQUITY_DD_GT_25;MAX_RECOVERY_STEPS_GT_3,17.0791
1520,5686.35,8.694725,1.142700,1.528646,1.759470,21.3944,654,6,2.5,2.0,450,200,260,30,7,MAX_RECOVERY_STEPS_GT_3,17.0316
502,302.85,0.729759,1.011926,0.108310,0.152369,23.0180,415,6,4.0,1.8,200,80,300,45,3,PF_LT_1_10,17.0241
1134,5504.21,7.634133,1.150726,1.540113,1.809458,22.8607,721,5,2.0,1.0,300,160,300,30,5,MAX_RECOVERY_STEPS_GT_3,16.7909
733,3879.88,7.744271,1.132179,1.672780,1.541845,18.7753,501,7,3.5,1.4,350,160,140,45,5,MAX_RECOVERY_STEPS_GT_3,16.7031
1244,5470.21,8.263157,1.160316,1.387262,1.949536,22.0982,662,6,2.0,2.0,300,160,180,30,7,MAX_RECOVERY_STEPS_GT_3,16.5898
1700,5127.88,7.937895,1.150101,1.435235,1.745083,20.3836,646,7,2.0,2.0,400,160,260,45,7,MAX_RECOVERY_STEPS_GT_3,16.5651
586,-6.44,-0.014771,0.999775,-0.002878,-0.002631,20.5148,436,5,4.0,1.2,250,120,220,15,3,PF_LT_1_10,16.5335
139,2912.06,4.148234,1.097559,1.401707,1.396277,15.3325,702,4,4.0,1.4,250,40,140,15,5,PF_LT_1_10;MAX_RECOVERY_STEPS_GT_3,16.4600
227,100.49,0.225314,1.004081,0.037089,0.046968,21.8051,446,7,2.0,1.4,450,160,140,45,3,PF_LT_1_10,16.4244
1440,4511.04,6.908178,1.134577,1.421570,1.524278,18.0074,653,7,1.5,1.2,500,200,260,30,5,MAX_RECOVERY_STEPS_GT_3,16.2517
2003,4010.55,7.567075,1.105387,1.496111,1.519592,16.3975,530,7,4.0,1.0,150,120,300,30,5,MAX_RECOVERY_STEPS_GT_3,16.2258
748,2387.12,3.578891,1.120166,1.571508,0.986249,14.2860,667,7,1.0,2.0,200,120,140,30,5,MAX_RECOVERY_STEPS_GT_3,16.2199
871,487.83,0.633545,1.016722,0.119810,0.210361,27.9676,770,3,1.0,1.8,400,160,180,30,3,PF_LT_1_10;EQUITY_DD_GT_25,16.1688
535,4498.89,7.175263,1.147496,1.314109,2.036992,21.0953,627,5,3.5,1.2,150,80,100,30,5,MAX_RECOVERY_STEPS_GT_3,16.1361
293,855.84,1.110039,1.028836,0.182152,0.352757,30.6346,771,4,1.0,2.0,200,200,220,30,3,PF_LT_1_10;EQUITY_DD_GT_25,15.9355
2013,6634.17,9.239791,1.148911,1.343736,2.192201,24.7507,718,6,2.0,1.2,100,160,300,15,7,MAX_RECOVERY_STEPS_GT_3,15.9062
1456,4641.13,7.509919,1.153406,1.282626,2.101840,21.5707,618,6,2.5,1.2,150,80,100,45,5,MAX_RECOVERY_STEPS_GT_3,15.8913
419,3502.84,5.640644,1.115104,1.420506,1.467261,16.4842,621,5,3.0,2.0,300,160,100,30,7,MAX_RECOVERY_STEPS_GT_3,15.8506
1403,2407.82,3.721515,1.080841,1.484540,1.098368,13.1221,647,5,2.5,1.0,200,200,100,30,7,PF_LT_1_10;MAX_RECOVERY_STEPS_GT_3,15.7815
1062,5587.33,8.840712,1.151906,1.488585,1.719471,21.5818,632,7,3.0,1.6,450,160,260,15,7,MAX_RECOVERY_STEPS_GT_3,15.7643
214,-350.08,-0.648296,0.985359,-0.168955,-0.178499,18.4818,540,5,1.5,1.2,500,120,100,15,3,PF_LT_1_10,15.7044
11,3287.60,4.617416,1.107945,1.348046,1.520729,16.8017,712,5,3.5,1.8,100,40,300,45,7,MAX_RECOVERY_STEPS_GT_3,15.6878
2010,4072.53,7.486268,1.107479,1.505913,1.417802,16.4475,544,7,4.0,1.0,450,120,300,30,5,MAX_RECOVERY_STEPS_GT_3,15.5992
1737,3372.22,5.501175,1.138170,1.369368,1.547590,17.3011,613,7,2.0,1.2,100,40,220,45,5,MAX_RECOVERY_STEPS_GT_3,15.5343
1556,4454.81,6.864114,1.134514,1.407029,1.578737,18.8393,649,7,2.0,1.4,400,120,260,45,7,MAX_RECOVERY_STEPS_GT_3,15.4925
1407,2790.32,4.429079,1.102259,1.417860,1.267662,14.5854,630,6,2.0,1.4,250,120,100,15,7,MAX_RECOVERY_STEPS_GT_3,15.4163
91,2129.85,3.197973,1.118114,1.412592,1.049214,13.3345,666,7,1.0,1.0,350,40,300,45,7,MAX_RECOVERY_STEPS_GT_3,15.3928
711,-35.70,-0.060922,0.998824,-0.012038,-0.016738,22.9966,586,3,2.0,1.2,300,80,180,30,3,PF_LT_1_10,15.3864
1350,2775.38,4.426443,1.101048,1.445510,1.197366,14.3089,627,6,2.0,1.4,300,160,100,30,7,MAX_RECOVERY_STEPS_GT_3,15.3671
1151,2775.38,4.426443,1.101048,1.445510,1.197366,14.3089,627,6,2.0,2.0,300,120,100,30,7,MAX_RECOVERY_STEPS_GT_3,15.3671
861,2775.38,4.426443,1.101048,1.445510,1.197366,14.3089,627,6,2.0,2.0,300,160,100,30,7,MAX_RECOVERY_STEPS_GT_3,15.3671
1608,3840.59,8.241609,1.128892,1.386625,1.748502,17.5143,466,7,4.0,1.0,100,200,140,15,5,MAX_RECOVERY_STEPS_GT_3,15.3559
1569,6361.50,8.482000,1.174935,1.337259,2.069082,24.8213,750,5,2.0,1.4,150,160,220,45,7,MAX_RECOVERY_STEPS_GT_3,15.2676
1254,2764.57,4.409203,1.100655,1.438981,1.192507,14.3265,627,6,2.0,1.4,300,160,100,15,7,MAX_RECOVERY_STEPS_GT_3,15.1803
362,5256.68,8.451254,1.152173,1.474673,1.609839,20.7388,622,7,2.5,1.4,300,160,220,15,5,MAX_RECOVERY_STEPS_GT_3,15.1720
903,3406.41,5.621139,1.142081,1.323551,1.552146,17.1146,606,7,2.0,1.4,400,40,220,45,5,MAX_RECOVERY_STEPS_GT_3,15.1704
972,4268.90,6.786804,1.144154,1.394528,1.688068,19.8500,629,7,2.5,2.0,400,80,180,45,7,MAX_RECOVERY_STEPS_GT_3,15.1442
1033,3114.71,4.533785,1.119439,1.312817,1.453842,16.5466,687,6,1.5,1.0,200,40,260,45,7,MAX_RECOVERY_STEPS_GT_3,14.9268
461,186.78,0.378864,1.005835,0.057101,0.082976,24.3058,493,4,3.0,1.4,300,120,180,15,3,PF_LT_1_10,14.8598
1481,3978.62,5.920565,1.126143,1.497163,1.274149,17.9281,672,7,2.0,2.0,150,120,260,15,7,MAX_RECOVERY_STEPS_GT_3,14.6895
1802,4947.64,7.853397,1.122368,1.402357,1.643137,19.7130,630,6,3.0,1.2,150,160,300,30,5,MAX_RECOVERY_STEPS_GT_3,14.5678
2021,343.29,0.459558,1.014921,0.105541,0.175748,28.8375,747,3,1.0,1.0,250,80,100,30,3,PF_LT_1_10;EQUITY_DD_GT_25,14.4295
209,3939.48,6.827522,1.124033,1.395301,1.550830,17.9822,577,7,4.0,1.0,150,80,300,15,5,MAX_RECOVERY_STEPS_GT_3,14.4129
580,3619.12,4.944153,1.090855,1.387705,1.384101,16.9698,732,4,3.5,1.8,450,80,220,45,7,PF_LT_1_10;MAX_RECOVERY_STEPS_GT_3,14.2823
268,3020.32,3.570118,1.106665,1.250697,1.452447,16.1120,846,4,1.0,1.4,350,40,140,15,7,MAX_RECOVERY_STEPS_GT_3,14.1940
627,-213.10,-0.507381,0.991689,-0.095570,-0.099193,20.1196,420,5,3.5,1.2,100,160,140,15,3,PF_LT_1_10,14.1401
2045,3814.24,7.142772,1.099999,1.442749,1.406978,16.5348,534,7,4.0,1.0,150,120,260,30,5,PF_LT_1_10;MAX_RECOVERY_STEPS_GT_3,13.9049
1378,5217.75,7.846241,1.136428,1.469540,1.562547,21.3856,665,5,2.5,1.2,100,200,260,45,5,MAX_RECOVERY_STEPS_GT_3,13.8897
177,2335.73,3.017739,1.070370,1.402934,0.916711,12.5981,774,4,1.5,1.6,300,80,140,45,7,PF_LT_1_10;MAX_RECOVERY_STEPS_GT_3,13.7242
71,4443.97,7.532153,1.121940,1.362283,1.688695,19.6534,590,6,4.0,1.2,200,80,300,15,5,MAX_RECOVERY_STEPS_GT_3,13.6556
256,3346.99,4.610179,1.087194,1.358930,1.319511,16.4733,726,4,3.5,1.8,450,80,180,45,7,PF_LT_1_10;MAX_RECOVERY_STEPS_GT_3,13.5364
384,-187.15,-0.512740,0.991618,-0.081294,-0.094725,20.1876,365,7,4.0,1.4,100,200,140,30,3,PF_LT_1_10,13.5291
1459,4470.84,6.942298,1.174323,1.169905,1.990703,22.0904,644,6,2.0,2.0,300,40,300,45,7,MAX_RECOVERY_STEPS_GT_3,13.4839
498,-535.73,-1.005122,0.979752,-0.296075,-0.284021,17.6247,533,3,2.5,1.6,150,120,100,15,3,PF_LT_1_10,13.4746
1412,3999.52,7.129269,1.125507,1.325991,1.702024,19.0741,561,6,3.0,1.2,150,160,140,45,5,MAX_RECOVERY_STEPS_GT_3,13.4280
1495,4333.76,6.373176,1.130817,1.356160,1.635283,20.6538,680,6,2.5,1.2,150,80,180,45,7,MAX_RECOVERY_STEPS_GT_3,13.3704
133,-424.27,-0.710670,0.985419,-0.186812,-0.189835,20.8752,597,4,2.0,1.2,500,80,300,30,3,PF_LT_1_10,13.2675
2123,3743.43,6.831077,1.102493,1.415965,1.364802,16.6062,548,7,4.0,1.0,100,120,260,30,5,MAX_RECOVERY_STEPS_GT_3,13.2476
2380,3426.55,4.630473,1.096604,1.267454,1.619511,18.5521,740,3,3.0,1.4,400,40,180,45,5,PF_LT_1_10;MAX_RECOVERY_STEPS_GT_3,13.0388
1875,4293.96,6.914589,1.121506,1.399943,1.437145,18.8846,621,6,3.0,1.0,350,160,260,30,5,MAX_RECOVERY_STEPS_GT_3,12.9802
1734,5225.79,7.954018,1.135653,1.434030,1.585021,21.8069,657,5,2.5,1.0,200,200,260,15,5,MAX_RECOVERY_STEPS_GT_3,12.9388
947,4797.81,7.615571,1.138759,1.293852,1.802532,21.4733,630,6,2.5,2.0,450,80,220,15,5,MAX_RECOVERY_STEPS_GT_3,12.9206
1843,5220.60,7.958232,1.135518,1.433191,1.584145,21.7872,656,5,2.5,1.0,200,200,260,30,5,MAX_RECOVERY_STEPS_GT_3,12.9195
516,3097.59,5.086355,1.126129,1.293492,1.429844,17.0842,609,7,2.5,2.0,150,40,260,45,5,MAX_RECOVERY_STEPS_GT_3,12.8631
18,-26.85,-0.046213,0.999157,-0.008413,-0.011369,25.2485,581,4,2.0,1.4,350,80,300,45,3,PF_LT_1_10;EQUITY_DD_GT_25,12.7324
674,3001.20,5.112777,1.129994,1.220069,1.626872,17.7355,587,7,4.0,1.8,200,40,180,15,5,MAX_RECOVERY_STEPS_GT_3,12.7233
2054,2221.29,2.613282,1.084268,1.258671,1.023673,12.8786,850,3,1.0,1.6,250,160,100,30,5,PF_LT_1_10;MAX_RECOVERY_STEPS_GT_3,12.7225
30,3880.84,5.871165,1.121462,1.260598,1.588696,18.9284,661,5,2.0,1.2,400,120,140,30,5,MAX_RECOVERY_STEPS_GT_3,12.7163
1146,5953.03,8.504329,1.158986,1.192942,2.148048,25.2383,700,5,2.5,1.0,350,160,180,45,7,EQUITY_DD_GT_25;MAX_RECOVERY_STEPS_GT_3,12.6297
513,2762.38,3.815442,1.094777,1.230546,1.447949,16.7513,724,4,2.5,1.2,450,40,100,45,7,PF_LT_1_10;MAX_RECOVERY_STEPS_GT_3,12.5345
994,4219.05,7.467345,1.126546,1.256290,1.788939,19.8865,565,6,4.0,1.2,350,160,140,30,7,MAX_RECOVERY_STEPS_GT_3,12.4800
1335,4392.63,6.575793,1.158064,1.230929,1.800902,21.8902,668,6,2.0,1.8,200,40,260,30,7,MAX_RECOVERY_STEPS_GT_3,12.4761
54,4220.85,7.470531,1.126572,1.253542,1.789882,19.9247,565,6,4.0,1.2,350,160,140,15,7,MAX_RECOVERY_STEPS_GT_3,12.4042
2103,3702.30,6.634946,1.101182,1.400408,1.300492,16.6612,558,7,4.0,1.0,100,120,260,45,5,MAX_RECOVERY_STEPS_GT_3,12.3815
385,4897.38,6.727170,1.111617,1.336811,1.523961,20.4165,728,5,3.0,1.4,250,200,260,45,7,MAX_RECOVERY_STEPS_GT_3,12.1473
1754,-101.98,-0.128600,0.996493,-0.030511,-0.048160,26.6044,793,3,1.0,1.0,100,40,220,45,3,PF_LT_1_10;EQUITY_DD_GT_25,12.0127
1029,4872.82,6.693434,1.111151,1.329617,1.517325,20.4505,728,5,3.0,1.4,250,200,260,30,7,MAX_RECOVERY_STEPS_GT_3,11.9036
914,-113.23,-0.142787,0.996106,-0.033864,-0.053458,26.6330,793,3,1.0,1.0,100,40,220,30,3,PF_LT_1_10;EQUITY_DD_GT_25,11.8616
264,-366.25,-0.861765,0.984834,-0.162747,-0.165677,20.5783,425,5,3.5,1.0,300,200,140,30,3,PF_LT_1_10,11.7487
817,4401.89,6.932110,1.163748,1.117367,2.017421,22.7210,635,6,2.0,1.6,250,40,220,30,5,MAX_RECOVERY_STEPS_GT_3,11.6731
588,4896.99,6.644491,1.131939,1.300592,1.647852,22.0321,737,5,2.5,1.6,250,80,220,45,7,MAX_RECOVERY_STEPS_GT_3,11.6152
78,4.53,0.010559,1.000154,0.001460,0.001750,24.6351,429,7,3.5,1.4,450,160,300,30,3,PF_LT_1_10,11.6135
370,-290.00,-0.544090,0.989748,-0.099856,-0.153208,23.0232,533,4,2.5,1.2,450,80,100,15,3,PF_LT_1_10,11.5977
1198,8.52,0.016448,1.000271,0.002451,0.004227,25.7821,518,3,3.5,1.4,350,80,180,45,3,PF_LT_1_10;EQUITY_DD_GT_25,11.5543
532,3790.82,6.805781,1.128324,1.226735,1.693332,19.3174,557,7,4.0,1.0,150,80,140,45,5,MAX_RECOVERY_STEPS_GT_3,11.4974
164,4265.29,6.492070,1.127085,1.287114,1.532527,20.1418,657,7,2.0,1.4,300,120,220,15,7,MAX_RECOVERY_STEPS_GT_3,11.4282
2269,4238.74,5.194534,1.112647,1.432404,1.580452,22.4458,816,3,2.5,1.6,450,40,220,45,7,MAX_RECOVERY_STEPS_GT_3,11.4176
669,3819.87,4.733420,1.088928,1.284180,1.451294,18.7379,807,3,3.0,2.0,300,80,180,45,7,PF_LT_1_10;MAX_RECOVERY_STEPS_GT_3,11.3126
2227,4228.60,5.182108,1.112378,1.428615,1.576548,22.4630,816,3,2.5,1.6,450,40,220,30,7,MAX_RECOVERY_STEPS_GT_3,11.2866
2009,4964.39,7.236720,1.127286,1.281189,1.699337,22.3256,686,6,2.5,1.0,150,120,300,15,7,MAX_RECOVERY_STEPS_GT_3,11.1577
1257,3991.14,5.422745,1.121724,1.299170,1.429119,19.8990,736,5,1.5,2.0,400,80,260,15,5,MAX_RECOVERY_STEPS_GT_3,11.1559
335,245.29,0.523006,1.008292,0.065224,0.103016,27.5322,469,6,3.0,2.0,350,120,300,30,3,PF_LT_1_10;EQUITY_DD_GT_25,11.0827
1946,4959.77,7.229985,1.127106,1.274026,1.698197,22.4137,686,6,2.5,1.0,150,120,300,30,7,MAX_RECOVERY_STEPS_GT_3,10.9245
2299,-295.58,-0.398893,0.988099,-0.106698,-0.158800,25.4205,741,3,1.0,1.0,450,80,100,15,3,PF_LT_1_10;EQUITY_DD_GT_25,10.8904
2140,4305.64,6.322526,1.113292,1.389849,1.315247,19.9875,681,6,2.5,2.0,100,160,300,45,7,MAX_RECOVERY_STEPS_GT_3,10.8618
1927,4961.65,7.232726,1.127161,1.274758,1.687307,22.4089,686,6,2.5,1.0,150,120,300,45,7,MAX_RECOVERY_STEPS_GT_3,10.8352
2273,4421.03,6.628231,1.162059,1.122140,1.882178,22.6996,667,6,2.0,2.0,250,40,300,15,7,MAX_RECOVERY_STEPS_GT_3,10.8255
890,2934.63,4.315632,1.087520,1.476105,1.179765,18.6791,680,4,4.0,1.6,100,80,140,30,5,PF_LT_1_10;MAX_RECOVERY_STEPS_GT_3,10.7691
388,4918.08,8.049231,1.144840,1.257281,1.727782,22.1968,611,7,2.5,1.4,500,200,220,15,7,MAX_RECOVERY_STEPS_GT_3,10.7579
2258,4304.40,6.311437,1.113621,1.379076,1.321060,20.0524,682,6,2.5,2.0,150,160,300,45,7,MAX_RECOVERY_STEPS_GT_3,10.7057
762,3136.47,4.558823,1.126087,1.175293,1.441652,18.5020,688,5,2.0,1.4,400,40,180,45,7,MAX_RECOVERY_STEPS_GT_3,10.6534
86,1999.78,3.105248,1.098927,1.368269,0.856845,14.2673,644,7,1.0,1.2,450,160,140,45,5,PF_LT_1_10;MAX_RECOVERY_STEPS_GT_3,10.6341
585,2996.18,4.630881,1.105903,1.251255,1.251964,16.7581,647,6,1.5,1.2,450,120,140,45,5,MAX_RECOVERY_STEPS_GT_3,10.6263
2393,4293.35,6.295235,1.113378,1.374875,1.318333,20.0714,682,6,2.5,2.0,150,160,300,15,7,MAX_RECOVERY_STEPS_GT_3,10.5785
51,2547.41,3.735205,1.100590,1.206434,1.235199,16.2603,682,5,1.5,2.0,150,120,100,30,5,MAX_RECOVERY_STEPS_GT_3,10.4734
1761,5055.69,8.468492,1.142388,1.235279,1.726632,22.0295,597,7,3.0,1.2,350,160,300,30,5,MAX_RECOVERY_STEPS_GT_3,10.4001
2118,4264.85,6.253446,1.112500,1.366072,1.311025,20.0512,682,6,2.5,2.0,150,160,300,30,7,MAX_RECOVERY_STEPS_GT_3,10.3527
737,2963.88,4.674890,1.124736,1.248617,1.233483,17.2998,634,7,2.0,1.4,150,40,260,45,7,MAX_RECOVERY_STEPS_GT_3,10.2092
695,3635.62,6.574358,1.126123,1.191628,1.619976,19.3055,553,7,4.0,1.0,150,80,140,30,5,MAX_RECOVERY_STEPS_GT_3,10.0397
938,2659.80,4.836000,1.109081,1.232787,1.245405,15.7629,550,7,2.0,1.4,450,200,100,30,5,MAX_RECOVERY_STEPS_GT_3,10.0353
3,2906.10,4.087342,1.113046,1.160954,1.358171,17.8318,711,5,2.0,1.2,300,40,140,45,7,MAX_RECOVERY_STEPS_GT_3,10.0075
376,3534.95,4.902843,1.096510,1.271176,1.255942,18.1504,721,5,1.5,1.2,450,200,260,15,5,PF_LT_1_10;MAX_RECOVERY_STEPS_GT_3,9.9919
646,1889.61,2.492889,1.089947,1.092052,0.990918,12.8655,758,5,1.0,2.0,350,40,100,30,5,PF_LT_1_10;MAX_RECOVERY_STEPS_GT_3,9.9443
318,3249.33,4.750482,1.120151,1.226426,1.460179,19.7263,684,5,3.0,1.4,100,40,220,45,5,MAX_RECOVERY_STEPS_GT_3,9.9280
1321,4186.91,5.775048,1.127608,1.269484,1.421898,20.7579,725,5,1.5,2.0,400,200,220,15,5,MAX_RECOVERY_STEPS_GT_3,9.9115
1338,-519.94,-1.160580,0.983184,-0.200645,-0.214647,21.4668,448,4,4.0,1.6,300,160,220,15,3,PF_LT_1_10,9.8951
1051,-521.32,-1.163661,0.983148,-0.200329,-0.215333,21.5406,448,4,4.0,1.6,300,160,220,30,3,PF_LT_1_10,9.8032
2135,4737.61,6.926330,1.127211,1.278166,1.649531,22.9031,684,6,2.5,1.0,150,120,180,45,7,MAX_RECOVERY_STEPS_GT_3,9.7767
2111,5018.31,7.744306,1.140784,1.276258,1.631891,22.8610,648,6,2.5,2.0,200,120,300,30,5,MAX_RECOVERY_STEPS_GT_3,9.7233
1867,3714.97,6.328739,1.106537,1.276578,1.320015,18.0608,587,7,3.0,1.2,200,120,260,30,5,MAX_RECOVERY_STEPS_GT_3,9.6479
553,2743.81,3.947928,1.111396,1.125222,1.378489,17.6964,695,5,2.0,1.2,400,40,100,45,7,MAX_RECOVERY_STEPS_GT_3,9.6269
2288,3500.33,5.645694,1.093527,1.362579,1.139854,17.5924,620,6,3.0,1.8,250,160,260,30,5,PF_LT_1_10;MAX_RECOVERY_STEPS_GT_3,9.6071
187,1768.44,2.406041,1.075438,1.272524,0.737946,12.9392,735,6,1.0,1.4,200,80,220,45,5,PF_LT_1_10;MAX_RECOVERY_STEPS_GT_3,9.4648
2396,2611.34,3.268260,1.070399,1.234484,1.111033,15.8396,799,3,3.0,1.4,400,40,180,45,7,PF_LT_1_10;MAX_RECOVERY_STEPS_GT_3,9.3897
678,2460.68,3.640059,1.097356,1.173009,1.202593,16.2872,676,5,1.5,1.6,200,120,100,45,5,PF_LT_1_10;MAX_RECOVERY_STEPS_GT_3,9.3714
324,-14.21,-0.028139,0.999477,-0.004062,-0.006751,27.4378,505,5,3.0,1.2,150,80,220,45,3,PF_LT_1_10;EQUITY_DD_GT_25,9.1422
619,3734.93,6.439534,1.124764,1.164495,1.604396,19.9182,580,7,2.0,1.2,400,120,140,45,5,MAX_RECOVERY_STEPS_GT_3,9.1295
445,437.02,0.735724,1.011666,0.098686,0.164119,31.7815,594,3,2.0,1.4,200,160,260,30,3,PF_LT_1_10;EQUITY_DD_GT_25,9.0962
493,-209.03,-0.512328,0.992157,-0.068472,-0.091092,24.6332,408,7,4.0,1.2,250,120,300,45,3,PF_LT_1_10,9.0562
651,1812.51,2.742073,1.089920,1.255470,0.783733,13.5777,661,7,1.0,2.0,200,200,140,30,5,PF_LT_1_10;MAX_RECOVERY_STEPS_GT_3,8.8725
1008,2297.90,3.335123,1.070556,1.156368,1.059830,14.6223,689,3,2.5,1.4,450,80,100,15,5,PF_LT_1_10;MAX_RECOVERY_STEPS_GT_3,8.8583
860,3436.84,4.847447,1.105597,1.191704,1.362575,19.3955,709,5,1.5,1.2,450,200,180,45,5,MAX_RECOVERY_STEPS_GT_3,8.6410
1742,5090.86,8.237638,1.133829,1.210948,1.750187,23.4092,618,6,3.0,1.0,200,160,220,30,5,MAX_RECOVERY_STEPS_GT_3,8.6331
175,3825.80,6.473435,1.112492,1.283580,1.329149,19.4034,591,7,3.0,2.0,100,160,220,15,5,MAX_RECOVERY_STEPS_GT_3,8.5541
1171,2377.05,3.440014,1.091479,1.115201,1.150648,15.7929,691,5,1.5,1.0,350,80,100,30,5,PF_LT_1_10;MAX_RECOVERY_STEPS_GT_3,8.5447
819,2213.23,3.426053,1.086225,1.142029,1.113573,15.0933,646,6,1.5,1.0,200,80,100,45,7,PF_LT_1_10;MAX_RECOVERY_STEPS_GT_3,8.5073
779,3250.96,5.723521,1.106716,1.199749,1.368729,18.0701,568,7,4.0,1.0,150,80,180,45,5,MAX_RECOVERY_STEPS_GT_3,8.4742
442,1858.55,3.046803,1.084396,1.145450,0.959766,13.2709,610,7,2.5,1.2,450,40,220,30,7,PF_LT_1_10;MAX_RECOVERY_STEPS_GT_3,8.4518
686,3221.82,5.682222,1.106674,1.199156,1.358387,17.9926,567,7,4.0,1.0,150,80,180,30,5,MAX_RECOVERY_STEPS_GT_3,8.4246
1954,4645.59,8.325430,1.115375,1.290965,1.485976,21.0338,558,7,4.0,1.0,450,160,300,30,5,MAX_RECOVERY_STEPS_GT_3,8.3160
1333,2220.03,2.849846,1.091021,1.052940,1.096897,14.8993,779,5,1.0,1.2,350,40,300,15,7,PF_LT_1_10;MAX_RECOVERY_STEPS_GT_3,8.1797
1178,4598.30,7.357280,1.123629,1.256764,1.426229,21.3447,625,7,3.0,1.6,500,160,300,15,7,MAX_RECOVERY_STEPS_GT_3,8.0548
1212,3200.71,4.426985,1.093007,1.262354,1.088379,18.0248,723,6,1.5,1.0,200,160,300,45,7,PF_LT_1_10;MAX_RECOVERY_STEPS_GT_3,8.0449
1910,4567.89,7.049213,1.126868,1.191590,1.663318,22.8823,648,6,2.5,1.0,200,120,220,30,5,MAX_RECOVERY_STEPS_GT_3,8.0297
1541,3532.75,5.410031,1.130843,1.060583,1.753459,21.7815,653,6,3.0,1.0,200,40,180,15,7,MAX_RECOVERY_STEPS_GT_3,7.9800
1507,5477.23,8.625559,1.132799,1.314156,1.665827,24.8763,635,7,3.0,1.2,200,200,260,45,7,MAX_RECOVERY_STEPS_GT_3,7.9771
1194,4224.65,5.892120,1.118619,1.125514,1.663467,22.3912,717,5,2.0,1.0,300,80,180,45,7,MAX_RECOVERY_STEPS_GT_3,7.9119
233,2714.90,3.760249,1.089669,1.110752,1.294490,17.6792,722,4,2.0,1.8,500,40,140,45,5,PF_LT_1_10;MAX_RECOVERY_STEPS_GT_3,7.8870
128,4650.79,7.155062,1.130629,1.244622,1.453985,22.1117,650,7,3.0,1.8,150,160,300,15,7,MAX_RECOVERY_STEPS_GT_3,7.8583
939,4574.11,7.318576,1.122734,1.250153,1.423748,21.3771,625,7,3.0,1.6,500,160,300,45,7,MAX_RECOVERY_STEPS_GT_3,7.8486
1368,4646.68,7.019154,1.129577,1.170395,1.597360,22.5183,662,7,2.0,2.0,400,160,300,15,7,MAX_RECOVERY_STEPS_GT_3,7.8232
712,4005.20,6.664226,1.126457,1.155448,1.565765,21.0918,601,7,2.0,2.0,400,160,180,30,5,MAX_RECOVERY_STEPS_GT_3,7.6935
288,12.58,0.025673,1.000457,0.003296,0.006690,28.7489,490,5,3.0,1.4,300,80,140,30,3,PF_LT_1_10;EQUITY_DD_GT_25,7.6399
348,3146.85,4.118914,1.080744,1.152431,1.200562,17.6293,764,4,2.5,1.2,200,120,180,30,7,PF_LT_1_10;MAX_RECOVERY_STEPS_GT_3,7.5364
339,3677.93,5.481267,1.120078,1.105995,1.526779,20.8153,671,5,2.0,1.4,400,160,140,30,7,MAX_RECOVERY_STEPS_GT_3,7.5068
975,-361.32,-0.724088,0.986475,-0.121553,-0.157866,25.6306,499,6,2.5,1.2,450,80,220,15,3,PF_LT_1_10;EQUITY_DD_GT_25,7.4965
1301,3982.24,6.626023,1.125912,1.148626,1.555720,21.1234,601,7,2.0,2.0,400,160,180,15,5,MAX_RECOVERY_STEPS_GT_3,7.4223
77,3862.17,6.458478,1.122872,1.160330,1.497644,20.6194,598,7,2.0,2.0,400,160,180,45,5,MAX_RECOVERY_STEPS_GT_3,7.4126
1391,2545.88,3.319270,1.100734,1.133548,1.023922,16.3858,767,5,1.0,1.2,200,200,180,15,7,MAX_RECOVERY_STEPS_GT_3,7.3781
931,3907.46,5.472633,1.111063,1.147175,1.365097,20.2832,714,6,1.5,1.8,100,160,220,15,5,MAX_RECOVERY_STEPS_GT_3,7.3597
813,324.90,0.697210,1.010855,0.071603,0.133703,31.0444,466,5,2.5,1.0,250,200,180,30,3,PF_LT_1_10;EQUITY_DD_GT_25,7.3573
2034,4356.49,6.313754,1.117452,1.171748,1.539840,22.3823,690,6,2.5,1.2,150,120,220,30,7,MAX_RECOVERY_STEPS_GT_3,7.2621
350,338.33,0.704854,1.011208,0.081106,0.136190,31.5020,480,6,2.5,1.6,400,120,260,15,3,PF_LT_1_10;EQUITY_DD_GT_25,7.1947
1572,4343.34,6.294696,1.117098,1.167979,1.535286,22.4024,690,6,2.5,1.2,150,120,220,15,7,MAX_RECOVERY_STEPS_GT_3,7.1169
1292,2531.87,3.482627,1.090896,1.121661,1.134449,17.0944,727,5,2.5,1.2,150,40,140,15,7,PF_LT_1_10;MAX_RECOVERY_STEPS_GT_3,7.1034
230,-570.02,-1.236486,0.979185,-0.207132,-0.266625,23.3334,461,5,4.0,2.0,150,80,260,30,3,PF_LT_1_10,7.0839
1229,3881.63,6.809877,1.114308,1.126730,1.622586,20.9684,570,6,3.0,1.0,350,160,140,30,5,MAX_RECOVERY_STEPS_GT_3,7.0492
1912,4303.72,6.246328,1.117644,1.167696,1.517935,22.3033,689,6,2.5,1.0,100,120,220,30,7,MAX_RECOVERY_STEPS_GT_3,7.0431
908,4341.37,7.128686,1.123885,1.194013,1.420562,21.2043,609,7,3.0,1.8,150,160,300,45,5,MAX_RECOVERY_STEPS_GT_3,6.8773
873,5411.55,7.312905,1.131647,1.177732,1.740523,25.4328,740,5,2.5,1.6,250,160,220,45,7,EQUITY_DD_GT_25;MAX_RECOVERY_STEPS_GT_3,6.8653
2241,4126.83,6.540143,1.123547,1.190609,1.371010,20.9650,631,7,2.0,1.2,450,160,300,45,7,MAX_RECOVERY_STEPS_GT_3,6.8131
59,-581.21,-1.364343,0.976575,-0.208976,-0.269017,23.0979,426,6,3.0,1.2,500,160,140,30,3,PF_LT_1_10,6.7235
760,2923.04,4.093894,1.121792,0.999904,1.489957,19.9301,714,5,1.5,1.8,150,40,100,45,7,MAX_RECOVERY_STEPS_GT_3,6.7062
1261,4264.12,6.179884,1.114800,1.151444,1.517830,22.4386,690,6,2.5,1.0,150,120,220,30,7,MAX_RECOVERY_STEPS_GT_3,6.5308
816,-220.09,-0.280013,0.992887,-0.058250,-0.094067,30.3435,786,3,1.0,1.0,100,120,300,30,3,PF_LT_1_10;EQUITY_DD_GT_25,6.5244
1968,3417.51,5.459281,1.094571,1.188790,1.160012,18.2839,626,6,3.0,1.0,350,160,300,30,5,PF_LT_1_10;MAX_RECOVERY_STEPS_GT_3,6.4529
607,4868.00,6.914773,1.116451,1.139628,1.656727,23.9433,704,5,3.5,1.0,200,160,300,45,7,MAX_RECOVERY_STEPS_GT_3,6.4395
1042,4933.00,7.744113,1.151351,1.135412,1.764133,25.0960,637,6,2.0,2.0,300,160,180,45,5,EQUITY_DD_GT_25;MAX_RECOVERY_STEPS_GT_3,6.4211
2049,4250.97,6.160826,1.114446,1.147664,1.513234,22.4589,690,6,2.5,1.0,150,120,220,15,7,MAX_RECOVERY_STEPS_GT_3,6.3849
1629,3332.54,4.443387,1.092438,1.294708,1.192512,20.7550,750,3,2.5,1.8,300,80,260,15,5,PF_LT_1_10;MAX_RECOVERY_STEPS_GT_3,6.3413
1027,4855.38,6.896847,1.116149,1.136253,1.652417,23.9648,704,5,3.5,1.0,200,160,300,30,7,MAX_RECOVERY_STEPS_GT_3,6.3031
1025,3624.32,6.903467,1.106367,1.164807,1.457483,19.8374,525,6,4.0,1.2,350,160,140,30,5,MAX_RECOVERY_STEPS_GT_3,6.2771
1826,4535.59,6.611647,1.115579,1.186957,1.479868,22.9178,686,6,2.5,2.0,350,120,260,45,7,MAX_RECOVERY_STEPS_GT_3,6.2147
1974,4772.55,7.457109,1.118469,1.178736,1.601292,23.4668,640,7,3.0,1.2,200,120,220,45,7,MAX_RECOVERY_STEPS_GT_3,6.2093
1582,5409.60,7.897226,1.141257,1.171812,1.514793,24.1473,685,7,2.0,2.0,200,160,300,15,7,MAX_RECOVERY_STEPS_GT_3,6.1829
1080,4359.06,7.228955,1.123853,1.176706,1.511950,22.2967,603,7,3.0,1.6,500,160,180,45,7,MAX_RECOVERY_STEPS_GT_3,6.1427
547,2369.38,3.414092,1.092350,1.061855,1.156509,17.2753,694,5,2.5,1.2,450,40,140,45,7,PF_LT_1_10;MAX_RECOVERY_STEPS_GT_3,6.0938
1718,3382.21,5.402891,1.093701,1.177064,1.149856,18.3180,626,6,3.0,1.0,350,160,300,45,5,PF_LT_1_10;MAX_RECOVERY_STEPS_GT_3,6.0864
707,3944.51,6.077827,1.120855,1.200998,1.344630,21.5993,649,7,2.5,1.0,350,160,220,45,7,MAX_RECOVERY_STEPS_GT_3,6.0157
1604,-949.02,-1.250356,0.964972,-0.333302,-0.426429,24.0003,759,3,1.0,1.6,300,160,140,45,3,PF_LT_1_10,5.7098
1133,3554.31,4.580296,1.107310,1.122597,1.386751,21.3187,776,5,1.5,1.6,150,80,260,45,7,MAX_RECOVERY_STEPS_GT_3,5.6570
1238,2506.77,4.574398,1.102735,1.102914,1.150426,16.8315,548,7,2.0,2.0,400,120,100,30,5,MAX_RECOVERY_STEPS_GT_3,5.5279
1093,3191.72,5.999474,1.084619,1.161183,1.209473,17.6241,532,7,4.0,1.0,150,120,220,15,5,PF_LT_1_10;MAX_RECOVERY_STEPS_GT_3,5.5211
1004,3512.20,4.537726,1.106612,1.121500,1.363988,21.1934,774,5,1.5,1.6,150,80,260,15,7,MAX_RECOVERY_STEPS_GT_3,5.5178
925,4882.46,7.375317,1.132725,1.109020,1.618768,24.0500,662,7,2.0,2.0,400,160,300,30,7,MAX_RECOVERY_STEPS_GT_3,5.5067
858,-468.83,-1.250213,0.978415,-0.168560,-0.235488,24.3742,375,6,4.0,1.4,350,120,100,15,3,PF_LT_1_10,5.4693
463,-506.58,-0.865949,0.984016,-0.140278,-0.214190,27.6282,585,4,2.0,1.4,300,120,180,30,3,PF_LT_1_10;EQUITY_DD_GT_25,5.3978
438,-298.78,-0.662483,0.990782,-0.090462,-0.116410,27.7058,451,4,3.0,1.6,200,200,260,15,3,PF_LT_1_10;EQUITY_DD_GT_25,5.3522
1216,3773.28,6.267907,1.102052,1.224884,1.107052,19.3978,602,7,3.5,1.4,350,160,300,30,5,MAX_RECOVERY_STEPS_GT_3,5.2249
739,4294.25,5.470382,1.113989,1.116666,1.449932,22.6452,785,5,1.5,1.8,150,160,300,15,7,MAX_RECOVERY_STEPS_GT_3,5.2118
156,4634.61,6.305592,1.119375,1.178100,1.407829,23.3769,735,5,2.0,1.0,300,200,300,15,7,MAX_RECOVERY_STEPS_GT_3,5.1929
1030,2003.14,3.583435,1.082265,1.076135,0.972375,14.6217,559,7,2.0,2.0,450,200,100,45,7,PF_LT_1_10;MAX_RECOVERY_STEPS_GT_3,5.1863
881,2301.69,3.340624,1.089256,1.031172,1.124000,17.2213,689,5,2.5,1.2,450,40,180,15,7,PF_LT_1_10;MAX_RECOVERY_STEPS_GT_3,5.1597
151,-490.92,-1.203235,0.981019,-0.158724,-0.215409,25.3984,408,7,4.0,1.0,100,120,260,45,3,PF_LT_1_10;EQUITY_DD_GT_25,5.1512
369,-1149.72,-1.760674,0.952129,-0.497183,-0.466891,21.2308,653,6,1.0,1.8,350,160,180,45,3,PF_LT_1_10,5.0495
663,4835.79,7.315870,1.130779,1.098569,1.603040,24.1153,661,7,2.0,2.0,400,160,300,45,7,MAX_RECOVERY_STEPS_GT_3,5.0086
1204,4472.75,6.577574,1.110608,1.167515,1.296160,21.9825,680,5,3.0,1.6,150,200,300,30,5,MAX_RECOVERY_STEPS_GT_3,4.9173
367,2578.92,3.276900,1.066963,1.094507,1.051960,17.2629,787,3,4.0,2.0,300,80,140,45,7,PF_LT_1_10;MAX_RECOVERY_STEPS_GT_3,4.8549
1413,2413.73,4.520094,1.090403,1.134592,1.057094,16.5512,534,7,3.5,1.2,450,160,100,30,7,PF_LT_1_10;MAX_RECOVERY_STEPS_GT_3,4.7279
181,-815.94,-1.641730,0.972203,-0.290189,-0.409790,23.4394,497,3,3.0,1.2,400,80,220,30,3,PF_LT_1_10,4.5491
2336,2605.19,3.450583,1.080117,1.239528,1.102469,20.1596,755,3,3.0,1.4,150,40,220,45,5,PF_LT_1_10;MAX_RECOVERY_STEPS_GT_3,4.5328
1268,-661.49,-0.855744,0.976309,-0.185433,-0.299179,28.2655,773,3,1.0,1.0,100,80,140,30,3,PF_LT_1_10;EQUITY_DD_GT_25,4.4789
1119,5882.39,9.351971,1.148087,1.073024,1.775051,26.2474,629,7,3.5,1.4,350,160,300,45,7,EQUITY_DD_GT_25;MAX_RECOVERY_STEPS_GT_3,4.4589
718,3567.63,6.215383,1.117391,1.080098,1.442529,21.2335,574,7,3.0,1.6,500,80,180,45,5,MAX_RECOVERY_STEPS_GT_3,4.2391
966,2322.97,4.200669,1.087459,1.117866,1.001657,16.4674,553,7,3.5,1.4,300,200,100,30,7,PF_LT_1_10;MAX_RECOVERY_STEPS_GT_3,4.1462
93,3243.05,5.325205,1.122448,0.948249,1.746170,22.6601,609,6,4.0,1.8,400,40,220,45,5,MAX_RECOVERY_STEPS_GT_3,4.1005
338,-495.99,-1.114584,0.981126,-0.144051,-0.263020,26.5959,445,7,3.0,1.4,100,80,140,30,3,PF_LT_1_10;EQUITY_DD_GT_25,3.9905
226,-406.38,-0.698247,0.988089,-0.106976,-0.175892,29.7495,582,4,2.0,1.2,150,160,180,30,3,PF_LT_1_10;EQUITY_DD_GT_25,3.8344
476,3553.55,5.351732,1.083974,1.094592,1.196575,19.8413,664,6,4.0,1.4,350,120,260,15,7,PF_LT_1_10;MAX_RECOVERY_STEPS_GT_3,3.7766
27,-104.99,-0.223859,0.996373,-0.024372,-0.051749,30.7783,469,7,3.0,1.2,450,80,300,45,3,PF_LT_1_10;EQUITY_DD_GT_25,3.7560
219,4032.17,6.137245,1.124976,1.056848,1.540667,23.5847,657,6,2.0,1.4,400,80,220,15,5,MAX_RECOVERY_STEPS_GT_3,3.7337
1016,37.23,0.075671,1.001363,0.007947,0.017222,32.2371,492,5,2.0,1.2,400,120,140,45,3,PF_LT_1_10;EQUITY_DD_GT_25,3.7018
794,2279.13,3.949965,1.091190,1.023771,1.099755,16.8638,577,7,2.0,2.0,350,200,100,45,7,PF_LT_1_10;MAX_RECOVERY_STEPS_GT_3,3.6916
1164,2679.80,3.563564,1.087454,1.051975,1.049724,18.3637,752,5,1.5,1.0,150,80,220,30,5,PF_LT_1_10;MAX_RECOVERY_STEPS_GT_3,3.6412
685,4287.06,5.929544,1.124636,1.018490,1.613262,24.4900,723,5,2.0,1.0,250,160,180,15,7,MAX_RECOVERY_STEPS_GT_3,3.5278
763,1480.33,1.925007,1.068462,0.892179,0.769622,13.0849,769,5,1.0,1.8,250,40,100,45,5,PF_LT_1_10;MAX_RECOVERY_STEPS_GT_3,3.5134
1127,4130.81,7.324131,1.128106,1.075656,1.544727,23.1915,564,7,3.0,1.6,450,160,180,45,5,MAX_RECOVERY_STEPS_GT_3,3.3586
800,1807.76,2.317641,1.076488,0.887484,0.910101,14.7168,780,4,1.0,1.0,350,200,100,15,7,PF_LT_1_10;MAX_RECOVERY_STEPS_GT_3,3.3341
1245,3601.35,5.189265,1.094817,1.083598,1.286195,21.5590,694,6,2.5,1.2,200,120,220,45,7,PF_LT_1_10;MAX_RECOVERY_STEPS_GT_3,3.2787
1603,3721.99,5.465477,1.098401,1.125958,1.210889,21.4843,681,6,2.5,2.0,300,120,260,45,7,PF_LT_1_10;MAX_RECOVERY_STEPS_GT_3,3.2507
381,2097.72,3.168761,1.074820,0.959094,1.065594,16.6067,662,5,3.0,1.2,300,40,140,30,5,PF_LT_1_10;MAX_RECOVERY_STEPS_GT_3,3.2390
273,2516.97,2.982192,1.096151,1.146380,1.086228,20.3796,844,3,1.0,2.0,300,120,100,45,5,PF_LT_1_10;MAX_RECOVERY_STEPS_GT_3,3.2262
643,4498.25,6.683878,1.130358,1.017655,1.647466,25.0244,673,5,2.0,1.4,400,160,180,45,5,EQUITY_DD_GT_25;MAX_RECOVERY_STEPS_GT_3,3.1361
2245,-754.96,-0.955646,0.974028,-0.218586,-0.383021,28.2606,790,3,1.0,1.0,100,40,300,30,3,PF_LT_1_10;EQUITY_DD_GT_25,3.0693
1442,3902.94,5.288537,1.106716,1.076409,1.397099,23.1673,738,5,2.5,1.0,200,80,300,45,7,MAX_RECOVERY_STEPS_GT_3,3.0029
2385,3915.02,6.194652,1.117081,1.077770,1.315965,22.0395,632,7,2.0,1.2,450,160,300,30,7,MAX_RECOVERY_STEPS_GT_3,2.9627
1289,-369.29,-0.777453,0.987634,-0.098719,-0.144900,29.6325,475,6,2.5,1.0,100,120,300,30,3,PF_LT_1_10;EQUITY_DD_GT_25,2.8641
549,5661.70,7.820028,1.137235,1.037631,1.869419,28.4627,724,5,3.0,1.0,200,160,220,30,7,EQUITY_DD_GT_25;MAX_RECOVERY_STEPS_GT_3,2.7375
901,-711.69,-1.242042,0.975626,-0.204752,-0.276454,28.1592,573,7,1.5,1.4,150,200,260,45,3,PF_LT_1_10;EQUITY_DD_GT_25,2.7058
165,2680.32,3.681758,1.105247,0.955343,1.302264,20.5614,728,5,1.5,1.0,250,40,180,45,5,MAX_RECOVERY_STEPS_GT_3,2.7029
720,-794.46,-1.006920,0.972587,-0.232414,-0.403405,28.1879,789,3,1.0,1.0,100,40,260,30,3,PF_LT_1_10;EQUITY_DD_GT_25,2.6948
823,3162.78,4.167036,1.094197,1.100339,1.032246,20.0811,759,5,1.5,1.6,200,120,260,30,5,PF_LT_1_10;MAX_RECOVERY_STEPS_GT_3,2.6085
1282,2277.42,3.974555,1.083647,1.055984,0.970507,16.8587,573,7,2.5,1.0,350,160,140,15,7,PF_LT_1_10;MAX_RECOVERY_STEPS_GT_3,2.5665
681,-804.54,-1.019696,0.972239,-0.235270,-0.408515,28.2172,789,3,1.0,1.0,100,40,260,15,3,PF_LT_1_10;EQUITY_DD_GT_25,2.5535
2147,-807.23,-1.023105,0.972169,-0.235916,-0.410206,28.1959,789,3,1.0,1.0,100,40,260,45,3,PF_LT_1_10;EQUITY_DD_GT_25,2.5500
658,2140.48,3.646474,1.100731,0.931737,1.155679,17.4882,587,7,2.0,1.6,500,40,100,15,5,MAX_RECOVERY_STEPS_GT_3,2.5285
100,2366.48,3.691856,1.074538,0.945556,1.112616,17.3546,641,4,2.5,1.2,450,80,100,30,5,PF_LT_1_10;MAX_RECOVERY_STEPS_GT_3,2.4332
0,2303.88,3.096613,1.054972,0.988892,0.937852,16.6292,744,4,3.5,1.2,300,80,300,45,7,PF_LT_1_10;MAX_RECOVERY_STEPS_GT_3,2.3328
1591,-199.69,-0.386996,0.993463,-0.046986,-0.076673,31.9510,516,6,2.5,2.0,100,120,220,45,3,PF_LT_1_10;EQUITY_DD_GT_25,2.3299
1220,3549.50,5.174198,1.082747,1.016123,1.303523,21.1877,686,3,3.0,1.2,300,120,220,30,5,PF_LT_1_10;MAX_RECOVERY_STEPS_GT_3,2.3227
2047,-779.09,-0.984943,0.973676,-0.207572,-0.322836,29.5339,791,3,1.0,1.0,250,120,220,15,3,PF_LT_1_10;EQUITY_DD_GT_25,2.2960
329,3400.18,5.440288,1.122177,1.005991,1.456120,22.8052,625,7,4.0,2.0,100,80,140,45,7,MAX_RECOVERY_STEPS_GT_3,2.1897
904,-130.74,-0.269012,0.995120,-0.028555,-0.060302,32.1592,486,5,2.0,1.2,400,120,140,15,3,PF_LT_1_10;EQUITY_DD_GT_25,2.1497
66,4907.49,7.195733,1.134279,1.020831,1.729521,26.9954,682,5,2.5,1.0,200,200,180,45,7,EQUITY_DD_GT_25;MAX_RECOVERY_STEPS_GT_3,2.1096
201,2109.17,3.556779,1.101312,0.918108,1.126441,17.5300,593,7,2.0,1.6,500,40,100,15,7,MAX_RECOVERY_STEPS_GT_3,2.0720
1409,-1248.50,-1.981746,0.953439,-0.569202,-0.640843,21.1657,630,3,1.5,1.4,450,160,100,45,3,PF_LT_1_10,2.0251
1528,4523.46,7.772268,1.129018,1.072983,1.506542,24.4068,582,7,3.0,1.2,200,160,260,15,5,MAX_RECOVERY_STEPS_GT_3,1.9637
64,3729.51,5.165526,1.089305,0.966470,1.382761,21.9647,722,4,4.0,1.6,300,160,220,30,7,PF_LT_1_10;MAX_RECOVERY_STEPS_GT_3,1.9574
964,-129.62,-0.316146,0.996037,-0.028626,-0.060032,31.4481,410,4,4.0,1.6,250,200,260,15,3,PF_LT_1_10;EQUITY_DD_GT_25,1.9510
895,5516.76,8.579720,1.142171,1.074491,1.743737,27.9427,643,7,2.0,1.2,300,200,300,30,7,EQUITY_DD_GT_25;MAX_RECOVERY_STEPS_GT_3,1.9436
188,-461.27,-1.002761,0.984624,-0.118141,-0.248571,29.0438,460,3,3.5,1.2,350,160,100,30,3,PF_LT_1_10;EQUITY_DD_GT_25,1.9229
466,1873.85,2.882846,1.070363,0.907411,0.948386,15.7287,650,6,1.5,1.0,250,80,100,30,5,PF_LT_1_10;MAX_RECOVERY_STEPS_GT_3,1.9059
167,1525.33,2.166662,1.066383,0.855078,0.707333,13.4041,704,6,1.0,1.8,400,80,140,15,7,PF_LT_1_10;MAX_RECOVERY_STEPS_GT_3,1.9006
1038,1859.50,3.178632,1.089644,0.928052,0.966439,15.9521,585,7,2.0,1.4,400,40,100,45,5,PF_LT_1_10;MAX_RECOVERY_STEPS_GT_3,1.8671
47,2200.52,3.554960,1.094298,0.962014,1.027726,17.5895,619,7,2.5,1.4,200,40,220,15,5,PF_LT_1_10;MAX_RECOVERY_STEPS_GT_3,1.8436
1021,5116.97,7.019163,1.136811,1.027063,1.613304,26.7027,729,5,2.0,1.4,400,200,260,15,7,EQUITY_DD_GT_25;MAX_RECOVERY_STEPS_GT_3,1.8426
1466,-447.23,-0.903495,0.985087,-0.110581,-0.179358,30.2385,495,7,2.0,1.4,300,120,220,45,3,PF_LT_1_10;EQUITY_DD_GT_25,1.8110
1471,3926.86,6.164615,1.112149,1.067470,1.354066,23.1256,637,7,2.5,2.0,400,160,220,30,7,MAX_RECOVERY_STEPS_GT_3,1.7906
492,2431.35,3.463462,1.107218,0.859687,1.292925,20.0563,702,5,1.5,1.2,100,40,100,45,7,MAX_RECOVERY_STEPS_GT_3,1.7253
923,3696.28,5.119501,1.088536,0.958305,1.372777,22.0018,722,4,4.0,1.6,300,160,220,45,7,PF_LT_1_10;MAX_RECOVERY_STEPS_GT_3,1.6471
1357,-1279.44,-2.474739,0.953572,-0.636769,-0.722310,18.7260,517,3,2.5,2.0,300,120,100,15,3,PF_LT_1_10,1.5149
421,-718.69,-1.299620,0.975122,-0.203683,-0.356892,28.2594,553,3,2.0,1.4,150,160,140,30,3,PF_LT_1_10;EQUITY_DD_GT_25,1.4938
1380,2658.53,4.490760,1.078392,1.038099,0.938292,17.5254,592,7,3.0,1.2,200,120,300,30,5,PF_LT_1_10;MAX_RECOVERY_STEPS_GT_3,1.4541
248,-186.74,-0.425376,0.993798,-0.040870,-0.084011,31.7901,439,6,3.0,1.2,200,160,180,30,3,PF_LT_1_10;EQUITY_DD_GT_25,1.4531
267,2913.76,4.761046,1.083844,0.963570,1.268476,19.8827,612,5,3.5,1.6,350,120,140,45,5,PF_LT_1_10;MAX_RECOVERY_STEPS_GT_3,1.4133
428,2189.95,3.155548,1.085065,0.901763,1.031551,18.0205,694,5,2.0,2.0,500,40,260,15,7,PF_LT_1_10;MAX_RECOVERY_STEPS_GT_3,1.2039
1611,4096.88,6.087489,1.100868,1.107379,1.259660,23.5108,673,6,3.0,1.0,350,200,300,15,7,MAX_RECOVERY_STEPS_GT_3,1.1874
101,2058.89,2.741531,1.052152,0.944207,0.832178,15.9857,751,3,4.0,1.0,450,80,140,15,7,PF_LT_1_10;MAX_RECOVERY_STEPS_GT_3,1.1568
1502,2051.15,3.662768,1.093876,0.922101,1.089744,17.4412,560,7,4.0,1.0,150,40,100,45,5,PF_LT_1_10;MAX_RECOVERY_STEPS_GT_3,1.1108
1661,2618.34,4.430355,1.077245,1.026615,0.926577,17.5148,591,7,3.0,1.2,200,120,300,45,5,PF_LT_1_10;MAX_RECOVERY_STEPS_GT_3,1.1028
997,3988.20,5.839239,1.112210,0.991446,1.383644,23.6325,683,6,2.0,2.0,300,120,220,15,7,MAX_RECOVERY_STEPS_GT_3,1.0277
886,3918.09,6.000138,1.123905,0.956880,1.569137,24.7320,653,6,2.0,1.4,350,120,140,15,7,MAX_RECOVERY_STEPS_GT_3,0.9905
433,2039.28,3.503918,1.078104,0.956412,0.952045,16.6719,582,7,2.0,2.0,300,200,100,45,7,PF_LT_1_10;MAX_RECOVERY_STEPS_GT_3,0.9279
961,3088.49,4.729694,1.100059,0.953014,1.266938,21.1801,653,5,2.0,1.4,400,160,140,30,5,MAX_RECOVERY_STEPS_GT_3,0.9234
1487,3069.32,4.966537,1.108306,0.973658,1.337330,21.8625,618,7,2.5,2.0,400,80,140,45,7,MAX_RECOVERY_STEPS_GT_3,0.8971
1920,-844.18,-1.087861,0.971598,-0.221607,-0.378713,30.0423,776,3,1.0,1.0,100,80,180,45,3,PF_LT_1_10;EQUITY_DD_GT_25,0.8439
2377,-839.05,-1.079858,0.971771,-0.219983,-0.375604,30.1172,777,3,1.0,1.0,100,80,180,15,3,PF_LT_1_10;EQUITY_DD_GT_25,0.8156
478,3861.53,5.763478,1.114921,1.006396,1.414947,24.2135,670,6,2.5,2.0,450,80,260,30,7,MAX_RECOVERY_STEPS_GT_3,0.7136
69,3859.16,5.768550,1.114851,1.005975,1.414160,24.2141,669,6,2.5,2.0,450,80,260,45,7,MAX_RECOVERY_STEPS_GT_3,0.6808
1467,5461.91,8.067814,1.146021,1.000267,1.780699,28.9130,677,6,2.0,2.0,300,200,260,30,7,EQUITY_DD_GT_25;MAX_RECOVERY_STEPS_GT_3,0.6285
1131,2111.34,3.548471,1.099711,0.888660,1.088515,18.0299,595,7,2.0,1.4,400,40,100,15,7,PF_LT_1_10;MAX_RECOVERY_STEPS_GT_3,0.6247
103,4912.39,7.181857,1.131417,0.994808,1.691134,27.5418,684,5,2.5,1.2,150,200,180,15,7,EQUITY_DD_GT_25;MAX_RECOVERY_STEPS_GT_3,0.6105
208,4098.01,5.456738,1.099031,1.048176,1.282572,23.7208,751,5,3.0,2.0,150,120,300,30,7,PF_LT_1_10;MAX_RECOVERY_STEPS_GT_3,0.5985
503,4385.73,6.177085,1.103271,0.981884,1.468797,24.7661,710,5,3.5,1.2,100,160,300,45,7,MAX_RECOVERY_STEPS_GT_3,0.5043
878,2495.66,3.510070,1.075728,0.948769,0.905184,18.0882,711,6,1.5,1.0,200,160,220,15,5,PF_LT_1_10;MAX_RECOVERY_STEPS_GT_3,0.4758
789,5431.56,8.022984,1.145334,0.996414,1.770479,28.9229,677,6,2.0,2.0,300,200,260,15,7,EQUITY_DD_GT_25;MAX_RECOVERY_STEPS_GT_3,0.4174
1418,2105.91,3.539345,1.099404,0.882178,1.085613,18.1084,595,7,2.0,2.0,400,40,100,30,7,PF_LT_1_10;MAX_RECOVERY_STEPS_GT_3,0.3908
1461,5440.36,8.059793,1.144883,0.998358,1.760045,28.9054,675,6,2.0,2.0,300,200,260,45,7,EQUITY_DD_GT_25;MAX_RECOVERY_STEPS_GT_3,0.3233
785,4365.53,6.148634,1.102832,0.976214,1.462243,24.8157,710,5,3.5,1.2,100,160,300,15,7,MAX_RECOVERY_STEPS_GT_3,0.2687
1145,4921.51,7.836799,1.134538,0.979467,1.777990,27.8874,628,5,2.5,1.2,150,200,180,15,5,EQUITY_DD_GT_25;MAX_RECOVERY_STEPS_GT_3,0.1480
150,3208.43,5.191634,1.102418,0.996528,1.281860,22.2752,618,7,4.0,1.0,100,80,180,45,7,MAX_RECOVERY_STEPS_GT_3,0.0537
55,4416.32,6.571905,1.113492,0.956499,1.558845,25.6220,672,5,2.5,1.8,400,160,220,30,5,EQUITY_DD_GT_25;MAX_RECOVERY_STEPS_GT_3,-0.0301
782,4448.45,6.600074,1.113410,0.967498,1.530403,25.5624,674,5,2.5,1.6,250,160,220,15,5,EQUITY_DD_GT_25;MAX_RECOVERY_STEPS_GT_3,-0.0362
1370,1836.45,3.279375,1.074644,0.918974,0.872410,15.9527,560,7,2.0,2.0,400,120,100,15,7,PF_LT_1_10;MAX_RECOVERY_STEPS_GT_3,-0.1038
730,-632.71,-0.808059,0.979857,-0.136590,-0.277616,33.0882,783,3,1.0,1.0,450,80,300,30,3,PF_LT_1_10;EQUITY_DD_GT_25,-0.2359
2057,3100.77,4.785139,1.113099,0.895346,1.405436,22.9117,648,6,2.5,1.0,150,40,300,30,5,MAX_RECOVERY_STEPS_GT_3,-0.2435
534,-835.22,-1.807835,0.974736,-0.231200,-0.359772,28.2731,462,4,3.5,1.6,400,120,300,45,3,PF_LT_1_10;EQUITY_DD_GT_25,-0.2777
1561,3102.18,4.885323,1.093117,1.022465,1.029428,20.7427,635,7,2.5,2.0,400,120,260,45,7,PF_LT_1_10;MAX_RECOVERY_STEPS_GT_3,-0.3784
1527,3093.48,4.871622,1.092867,1.019470,1.026626,20.7566,635,7,2.5,2.0,400,120,260,30,7,PF_LT_1_10;MAX_RECOVERY_STEPS_GT_3,-0.4811
1277,5371.47,8.663661,1.134135,1.037146,1.741631,28.9380,620,7,3.0,1.2,200,200,220,30,7,EQUITY_DD_GT_25;MAX_RECOVERY_STEPS_GT_3,-0.5145
1509,4701.23,6.612138,1.106479,0.981921,1.512648,26.2188,711,6,2.0,1.2,100,200,300,15,7,EQUITY_DD_GT_25;MAX_RECOVERY_STEPS_GT_3,-0.5299
2265,4255.10,6.193741,1.107317,1.004047,1.400860,25.2670,687,6,2.5,2.0,350,120,300,30,7,EQUITY_DD_GT_25;MAX_RECOVERY_STEPS_GT_3,-0.5532
883,3501.23,5.479233,1.108303,0.917145,1.372342,23.0879,639,7,2.0,2.0,400,120,220,15,7,MAX_RECOVERY_STEPS_GT_3,-0.5551
2363,2684.81,4.124132,1.102904,0.855948,1.361841,21.8912,651,6,2.5,2.0,400,40,260,45,7,MAX_RECOVERY_STEPS_GT_3,-0.5678
158,-1287.23,-2.750491,0.951085,-0.555168,-0.691948,21.1160,468,3,3.5,1.8,150,200,100,15,3,PF_LT_1_10,-0.6125
1622,5368.68,8.673150,1.133806,1.033209,1.739411,29.0101,619,7,3.0,1.2,200,200,220,45,7,EQUITY_DD_GT_25;MAX_RECOVERY_STEPS_GT_3,-0.7095
1065,3365.22,5.324715,1.105430,0.909573,1.366529,22.9130,632,7,2.0,2.0,400,160,180,30,7,MAX_RECOVERY_STEPS_GT_3,-0.7855
331,2969.81,4.561920,1.120933,0.861761,1.392994,23.0890,651,6,2.0,1.8,350,40,180,30,7,MAX_RECOVERY_STEPS_GT_3,-0.8329
1158,2257.67,3.339749,1.096414,0.861243,1.103953,20.0744,676,6,1.5,1.0,150,40,300,45,5,PF_LT_1_10;MAX_RECOVERY_STEPS_GT_3,-0.9706
605,3464.80,4.893785,1.087615,0.921654,1.246113,22.5722,708,4,2.5,1.2,350,160,220,30,5,PF_LT_1_10;MAX_RECOVERY_STEPS_GT_3,-1.0018
773,3784.46,5.640030,1.113099,0.955582,1.402848,24.9187,671,6,2.5,2.0,450,80,220,15,7,MAX_RECOVERY_STEPS_GT_3,-1.1038
1900,4625.60,6.608000,1.105975,0.995290,1.492962,26.7041,700,6,3.0,1.2,150,120,300,45,7,EQUITY_DD_GT_25;MAX_RECOVERY_STEPS_GT_3,-1.1640
864,3211.91,4.866530,1.076155,0.954182,1.081674,20.8530,660,6,4.0,1.4,350,120,300,15,7,PF_LT_1_10;MAX_RECOVERY_STEPS_GT_3,-1.1942
525,2027.00,2.908178,1.058593,0.874748,0.830536,17.2253,697,4,2.5,1.0,100,200,140,15,7,PF_LT_1_10;MAX_RECOVERY_STEPS_GT_3,-1.2224
1089,2235.79,3.493422,1.081706,0.871677,1.098433,19.5278,640,5,3.5,1.2,150,40,100,30,5,PF_LT_1_10;MAX_RECOVERY_STEPS_GT_3,-1.2534
2126,1968.31,2.488382,1.052589,0.887014,0.767986,16.7783,791,3,4.0,1.4,200,80,180,45,7,PF_LT_1_10;MAX_RECOVERY_STEPS_GT_3,-1.3241
269,-1017.81,-1.830594,0.965521,-0.353776,-0.434775,27.8451,556,3,2.5,1.0,400,80,300,15,3,PF_LT_1_10;EQUITY_DD_GT_25,-1.3324
1447,-709.94,-2.022621,0.974167,-0.190559,-0.329072,28.6259,351,7,4.0,1.0,100,200,260,45,3,PF_LT_1_10;EQUITY_DD_GT_25,-1.3901
140,1781.94,2.720519,1.054324,0.818414,0.877793,16.3446,655,4,3.5,1.4,300,80,100,45,5,PF_LT_1_10;MAX_RECOVERY_STEPS_GT_3,-1.4099
1005,3367.40,5.413826,1.093886,0.923506,1.240718,22.1253,622,6,3.0,1.2,150,120,220,15,5,PF_LT_1_10;MAX_RECOVERY_STEPS_GT_3,-1.4352
1166,4817.27,7.189955,1.133944,0.972589,1.567174,27.8227,670,6,2.0,2.0,300,200,220,30,7,EQUITY_DD_GT_25;MAX_RECOVERY_STEPS_GT_3,-1.4586
57,-1207.61,-3.072799,0.954595,-0.455870,-0.589550,23.1529,393,4,4.0,1.0,500,160,140,30,3,PF_LT_1_10,-1.4919
909,2722.86,3.620824,1.071864,0.976068,0.972997,20.6608,752,4,4.0,1.6,250,80,260,45,7,PF_LT_1_10;MAX_RECOVERY_STEPS_GT_3,-1.5453
552,-955.51,-1.214117,0.969520,-0.239349,-0.423022,31.3977,787,3,1.0,1.6,150,160,220,30,3,PF_LT_1_10;EQUITY_DD_GT_25,-1.5645
606,-61.42,-0.162487,0.997802,-0.011782,-0.027691,34.6040,378,7,3.5,1.4,350,200,180,30,3,PF_LT_1_10;EQUITY_DD_GT_25,-1.6554
1193,-828.39,-1.060679,0.972974,-0.185466,-0.365061,32.7503,781,3,1.0,1.8,300,80,260,30,3,PF_LT_1_10;EQUITY_DD_GT_25,-1.6789
815,1786.06,3.223935,1.065678,0.924041,0.699262,15.5374,554,7,2.5,1.4,300,160,140,15,5,PF_LT_1_10;MAX_RECOVERY_STEPS_GT_3,-1.6856
667,1783.62,3.219531,1.065532,0.923137,0.698122,15.5382,554,7,2.5,2.0,300,200,140,45,5,PF_LT_1_10;MAX_RECOVERY_STEPS_GT_3,-1.7178
1295,3018.33,4.511704,1.077222,0.934251,0.986004,20.3733,669,5,3.0,1.6,150,200,260,45,5,PF_LT_1_10;MAX_RECOVERY_STEPS_GT_3,-1.8051
1011,4929.59,7.963796,1.136320,0.940982,1.761424,28.8552,619,6,2.0,1.8,250,200,180,45,5,EQUITY_DD_GT_25;MAX_RECOVERY_STEPS_GT_3,-1.8184
818,2820.00,3.785235,1.080235,0.843579,1.211899,21.6217,745,4,2.5,1.2,350,80,140,45,7,PF_LT_1_10;MAX_RECOVERY_STEPS_GT_3,-1.9551
1606,-1073.98,-1.382214,0.963682,-0.277042,-0.448988,30.8762,777,3,1.0,1.0,450,200,220,15,3,PF_LT_1_10;EQUITY_DD_GT_25,-1.9681
491,1984.47,2.851250,1.081755,0.836852,0.925270,18.8493,696,5,2.0,2.0,100,40,100,30,5,PF_LT_1_10;MAX_RECOVERY_STEPS_GT_3,-2.0172
1083,4865.59,7.937341,1.128619,0.952974,1.531751,26.9971,613,7,3.5,1.2,500,160,260,15,7,EQUITY_DD_GT_25;MAX_RECOVERY_STEPS_GT_3,-2.0928
735,2456.74,3.612853,1.104329,0.817812,0.931384,19.4312,680,7,1.0,1.8,400,200,260,45,5,MAX_RECOVERY_STEPS_GT_3,-2.1422
2014,-911.36,-2.483270,0.966611,-0.267830,-0.395550,27.7048,367,7,4.0,1.0,150,200,260,30,3,PF_LT_1_10;EQUITY_DD_GT_25,-2.1445
122,-648.02,-1.472773,0.978492,-0.152196,-0.282957,31.3072,440,6,3.0,1.8,200,160,220,45,3,PF_LT_1_10;EQUITY_DD_GT_25,-2.1482
2319,-1046.11,-1.342888,0.964752,-0.271820,-0.455801,31.0881,779,3,1.0,1.0,100,120,260,45,3,PF_LT_1_10;EQUITY_DD_GT_25,-2.1747
933,-1222.72,-2.440559,0.944859,-0.486127,-0.636151,23.9834,501,7,2.5,1.4,300,40,300,45,3,PF_LT_1_10,-2.2063
8,2477.92,3.389767,1.088378,0.806231,1.239349,21.6911,731,4,2.0,1.6,250,40,100,15,5,PF_LT_1_10;MAX_RECOVERY_STEPS_GT_3,-2.2102
795,4693.69,6.953615,1.130649,0.958056,1.518433,27.8020,675,6,2.0,2.0,300,200,220,45,7,EQUITY_DD_GT_25;MAX_RECOVERY_STEPS_GT_3,-2.2448
119,4674.99,6.895265,1.130868,0.953889,1.520960,27.8434,678,6,2.0,2.0,300,200,220,15,7,EQUITY_DD_GT_25;MAX_RECOVERY_STEPS_GT_3,-2.2906
1124,4088.39,7.024725,1.111715,0.883405,1.606234,25.7290,582,6,3.5,1.6,300,160,180,30,5,EQUITY_DD_GT_25;MAX_RECOVERY_STEPS_GT_3,-2.2929
1168,4701.30,7.112405,1.125828,0.915708,1.680747,28.4509,661,6,2.0,1.8,250,200,180,45,7,EQUITY_DD_GT_25;MAX_RECOVERY_STEPS_GT_3,-2.4005
670,-1027.28,-1.313657,0.966681,-0.256938,-0.450311,31.6102,782,3,1.0,1.0,100,160,220,45,3,PF_LT_1_10;EQUITY_DD_GT_25,-2.4556
1659,-1028.75,-1.315537,0.966621,-0.257123,-0.451588,31.6552,782,3,1.0,1.0,100,160,220,30,3,PF_LT_1_10;EQUITY_DD_GT_25,-2.5272
1641,3393.58,5.455916,1.095427,0.888926,1.265145,22.8681,622,6,3.0,1.0,200,120,220,30,5,PF_LT_1_10;MAX_RECOVERY_STEPS_GT_3,-2.5339
1816,-1024.82,-1.310512,0.966731,-0.255958,-0.449716,31.7003,782,3,1.0,1.0,100,160,220,15,3,PF_LT_1_10;EQUITY_DD_GT_25,-2.5413
2365,2696.59,4.167836,1.102344,0.816142,1.329774,22.7730,647,6,2.5,2.0,400,40,300,30,7,MAX_RECOVERY_STEPS_GT_3,-2.6145
9,-1240.54,-2.595272,0.954287,-0.424174,-0.590254,25.4817,478,6,3.0,1.0,450,80,220,30,3,PF_LT_1_10;EQUITY_DD_GT_25,-2.6146
2383,2685.95,4.151391,1.101943,0.815261,1.322514,22.7410,647,6,2.5,2.0,400,40,300,45,7,MAX_RECOVERY_STEPS_GT_3,-2.6813
1458,2633.74,3.673278,1.087433,0.860677,0.994943,20.7654,717,5,1.5,1.6,400,200,180,15,7,PF_LT_1_10;MAX_RECOVERY_STEPS_GT_3,-2.6819
2326,2690.85,4.158964,1.102126,0.813855,1.325587,22.7921,647,6,2.5,2.0,400,40,300,15,7,MAX_RECOVERY_STEPS_GT_3,-2.7241
703,-805.17,-2.075180,0.974467,-0.208090,-0.377367,29.6179,388,4,4.0,1.4,350,120,300,30,3,PF_LT_1_10;EQUITY_DD_GT_25,-2.7873
462,-624.81,-1.562025,0.979240,-0.149121,-0.356850,30.8876,400,4,4.0,1.0,150,120,140,15,3,PF_LT_1_10;EQUITY_DD_GT_25,-2.8827
2298,2834.59,4.528099,1.109375,0.774457,1.479019,23.7325,626,6,2.5,2.0,400,40,260,45,5,MAX_RECOVERY_STEPS_GT_3,-2.8837
190,3705.13,5.816531,1.101653,0.972659,1.210468,24.2505,637,6,2.5,1.4,250,160,220,15,5,MAX_RECOVERY_STEPS_GT_3,-2.8956
2313,-1467.55,-3.149249,0.949259,-0.581807,-0.668392,22.8171,466,3,4.0,1.4,150,120,140,45,3,PF_LT_1_10,-2.9103
2281,2469.34,2.975108,1.065140,0.917118,0.950073,20.6436,830,3,3.0,1.4,100,40,300,45,7,PF_LT_1_10;MAX_RECOVERY_STEPS_GT_3,-3.0003
2421,-1530.13,-1.984604,0.944830,-0.514558,-0.705939,26.0772,771,3,1.0,1.0,400,80,140,30,3,PF_LT_1_10;EQUITY_DD_GT_25,-3.0014
182,1629.05,2.756430,1.066146,0.830246,0.724309,16.0971,591,7,2.0,1.8,150,160,100,15,7,PF_LT_1_10;MAX_RECOVERY_STEPS_GT_3,-3.0472
2105,2821.65,4.507428,1.108876,0.770842,1.472696,23.7525,626,6,2.5,2.0,400,40,260,30,5,MAX_RECOVERY_STEPS_GT_3,-3.0491
2230,5005.87,8.035104,1.129661,0.939475,1.595775,28.3868,623,7,2.0,1.2,400,200,300,45,7,EQUITY_DD_GT_25;MAX_RECOVERY_STEPS_GT_3,-3.0732
529,2088.19,3.084476,1.052651,0.866275,0.822706,18.2507,677,4,3.5,2.0,350,80,260,30,5,PF_LT_1_10;MAX_RECOVERY_STEPS_GT_3,-3.1213
387,1582.45,2.560599,1.067624,0.814466,0.740293,16.5480,618,7,3.0,1.2,300,40,220,30,7,PF_LT_1_10;MAX_RECOVERY_STEPS_GT_3,-3.2510
1484,3152.54,4.073049,1.094558,0.896721,1.197750,23.8203,774,5,1.5,1.6,100,80,300,45,7,PF_LT_1_10;MAX_RECOVERY_STEPS_GT_3,-3.2702
1066,-1099.85,-1.404662,0.962092,-0.273610,-0.472232,31.7886,783,3,1.0,1.0,350,200,220,30,3,PF_LT_1_10;EQUITY_DD_GT_25,-3.2996
958,1244.85,1.733774,1.050516,0.731185,0.526962,14.1216,718,6,1.0,1.6,350,120,220,15,7,PF_LT_1_10;MAX_RECOVERY_STEPS_GT_3,-3.3180
1167,-1027.75,-2.608503,0.954288,-0.335569,-0.538852,26.6095,394,6,3.5,1.6,450,160,100,15,3,PF_LT_1_10;EQUITY_DD_GT_25,-3.3248
25,3805.10,5.226786,1.100101,0.848065,1.296800,24.5289,728,6,1.5,2.0,100,200,260,30,7,MAX_RECOVERY_STEPS_GT_3,-3.3396
1540,2390.17,4.337877,1.087846,0.838386,1.104785,20.1233,551,6,3.0,1.0,200,160,100,15,5,PF_LT_1_10;MAX_RECOVERY_STEPS_GT_3,-3.3832
1026,-948.53,-2.269211,0.964576,-0.276340,-0.398414,29.2017,418,7,4.0,1.0,150,160,220,45,3,PF_LT_1_10;EQUITY_DD_GT_25,-3.4397
1479,3711.59,5.490518,1.103426,0.925849,1.206680,24.6260,676,5,2.0,1.0,400,200,260,30,5,MAX_RECOVERY_STEPS_GT_3,-3.4638
1390,2032.68,2.366333,1.071664,0.727847,0.967190,18.8375,859,3,1.0,1.6,350,80,100,30,5,PF_LT_1_10;MAX_RECOVERY_STEPS_GT_3,-3.4908
1964,2795.23,4.401937,1.100784,0.787910,1.351747,23.2320,635,6,2.5,2.0,350,40,300,45,5,MAX_RECOVERY_STEPS_GT_3,-3.5458
52,4809.49,7.538386,1.129642,0.892201,1.707960,29.3354,638,6,2.0,1.8,100,200,180,45,5,EQUITY_DD_GT_25;MAX_RECOVERY_STEPS_GT_3,-3.6834
38,3369.54,5.740273,1.087969,0.920272,1.087936,22.1269,587,7,3.5,1.2,250,160,300,30,5,PF_LT_1_10;MAX_RECOVERY_STEPS_GT_3,-3.7194
2408,2734.67,3.946133,1.068465,0.901933,0.855045,20.3920,693,6,2.5,2.0,200,160,300,45,7,PF_LT_1_10;MAX_RECOVERY_STEPS_GT_3,-3.7273
1183,1994.61,2.631412,1.053934,0.858887,0.669471,17.7160,758,5,1.5,1.8,150,200,300,15,5,PF_LT_1_10;MAX_RECOVERY_STEPS_GT_3,-3.7962
2048,4347.99,6.460609,1.102620,0.946942,1.377011,27.0179,673,6,3.0,1.0,350,200,260,15,7,EQUITY_DD_GT_25;MAX_RECOVERY_STEPS_GT_3,-4.0673
308,1869.48,2.189087,1.066805,0.707989,0.886164,18.1981,854,3,1.0,1.8,400,80,100,30,5,PF_LT_1_10;MAX_RECOVERY_STEPS_GT_3,-4.0833
31,2705.56,3.583523,1.083382,0.892179,0.922161,21.6381,755,5,1.5,1.6,150,160,220,15,5,PF_LT_1_10;MAX_RECOVERY_STEPS_GT_3,-4.0903
1767,3324.27,5.210455,1.102196,0.833610,1.339393,24.4704,638,6,2.0,2.0,450,200,180,30,7,MAX_RECOVERY_STEPS_GT_3,-4.1131
1488,4476.85,6.535547,1.107240,0.947734,1.445547,27.9955,685,6,2.0,1.2,100,200,300,15,5,EQUITY_DD_GT_25;MAX_RECOVERY_STEPS_GT_3,-4.1456
1120,2669.32,4.075298,1.081658,0.822630,1.061932,21.4036,655,5,3.0,1.2,450,80,180,30,5,PF_LT_1_10;MAX_RECOVERY_STEPS_GT_3,-4.1757
1188,2855.83,5.045636,1.078716,0.886738,0.993004,20.5739,566,7,3.5,1.2,450,160,220,30,5,PF_LT_1_10;MAX_RECOVERY_STEPS_GT_3,-4.1889
856,3914.59,6.116547,1.097647,0.905828,1.210705,24.5385,640,7,4.0,1.4,350,160,300,45,7,PF_LT_1_10;MAX_RECOVERY_STEPS_GT_3,-4.2339
297,2348.91,2.816439,1.060567,0.821697,0.854545,19.6431,834,4,1.5,1.8,250,80,300,45,7,PF_LT_1_10;MAX_RECOVERY_STEPS_GT_3,-4.4065
1746,3662.47,5.687065,1.101692,0.881645,1.339472,25.5566,644,6,2.5,2.0,400,160,180,45,7,EQUITY_DD_GT_25;MAX_RECOVERY_STEPS_GT_3,-4.4581
453,2856.23,4.295083,1.089628,0.836052,1.101493,22.5993,665,6,1.5,1.2,500,160,180,30,5,PF_LT_1_10;MAX_RECOVERY_STEPS_GT_3,-4.4984
1,3012.13,4.827131,1.098516,0.901147,1.075746,23.0550,624,6,3.0,2.0,150,160,140,30,7,PF_LT_1_10;MAX_RECOVERY_STEPS_GT_3,-4.5229
2372,3651.99,5.670792,1.101401,0.879042,1.335852,25.5731,644,6,2.5,2.0,400,160,180,30,7,EQUITY_DD_GT_25;MAX_RECOVERY_STEPS_GT_3,-4.5685
905,1010.71,1.411606,1.048540,0.655713,0.506656,13.9815,716,6,1.0,1.0,100,40,260,15,5,PF_LT_1_10;MAX_RECOVERY_STEPS_GT_3,-4.6713
564,2999.61,4.807067,1.098142,0.897643,1.069896,23.0716,624,6,3.0,2.0,150,160,140,45,7,PF_LT_1_10;MAX_RECOVERY_STEPS_GT_3,-4.6733
301,1937.75,3.352509,1.072852,0.794033,0.934798,19.0169,578,6,2.0,2.0,450,200,100,30,5,PF_LT_1_10;MAX_RECOVERY_STEPS_GT_3,-4.7860
1140,2635.96,3.905126,1.095724,0.810254,1.112248,22.8613,675,6,2.0,1.8,200,40,220,15,7,PF_LT_1_10;MAX_RECOVERY_STEPS_GT_3,-4.8461
290,1551.43,2.009624,1.056058,0.707614,0.773861,17.5357,772,4,1.5,1.0,300,40,100,30,7,PF_LT_1_10;MAX_RECOVERY_STEPS_GT_3,-4.9523
613,3335.60,4.751567,1.080958,0.853741,1.130778,23.8258,702,5,3.5,1.6,400,120,260,15,7,PF_LT_1_10;MAX_RECOVERY_STEPS_GT_3,-4.9757
2364,3528.74,5.346576,1.090757,0.879329,1.257454,25.1013,660,6,2.5,2.0,400,120,300,30,7,PF_LT_1_10;EQUITY_DD_GT_25;MAX_RECOVERY_STEPS_GT_3,-4.9876
1438,-1241.45,-3.150888,0.952161,-0.398218,-0.562674,26.9552,394,7,3.5,1.2,100,120,220,45,3,PF_LT_1_10;EQUITY_DD_GT_25,-4.9920
422,2867.36,5.349552,1.100741,0.836853,1.301683,23.5568,536,6,3.5,1.8,200,200,100,30,5,MAX_RECOVERY_STEPS_GT_3,-5.0818
1960,2275.52,2.837307,1.060275,0.828200,0.937723,20.9916,802,3,3.0,1.4,450,40,260,45,7,PF_LT_1_10;MAX_RECOVERY_STEPS_GT_3,-5.1423
2306,3519.94,5.309110,1.090195,0.877220,1.238061,25.1145,663,6,2.5,2.0,400,120,300,45,7,PF_LT_1_10;EQUITY_DD_GT_25;MAX_RECOVERY_STEPS_GT_3,-5.2103
1177,2770.80,4.342947,1.082749,0.862549,0.977127,21.9675,638,7,2.5,2.0,400,120,220,30,7,PF_LT_1_10;MAX_RECOVERY_STEPS_GT_3,-5.2556
1414,2365.35,3.262552,1.054208,0.769285,0.929338,20.1481,725,3,3.0,1.6,450,80,260,15,5,PF_LT_1_10;MAX_RECOVERY_STEPS_GT_3,-5.2651
124,1958.61,2.901644,1.087375,0.715341,0.766181,18.6314,675,7,1.0,1.0,400,160,260,45,7,PF_LT_1_10;MAX_RECOVERY_STEPS_GT_3,-5.2855
95,2889.49,5.033955,1.093681,0.816058,1.210026,22.9703,574,7,2.0,1.0,500,200,180,15,5,PF_LT_1_10;MAX_RECOVERY_STEPS_GT_3,-5.2997
764,-734.74,-1.696859,0.974701,-0.167544,-0.323303,33.2734,433,7,3.0,1.8,150,200,180,45,3,PF_LT_1_10;EQUITY_DD_GT_25,-5.3740
618,3721.29,5.787387,1.093004,0.929321,1.136285,24.9866,643,7,4.0,1.0,150,160,300,45,7,PF_LT_1_10;MAX_RECOVERY_STEPS_GT_3,-5.3798
149,2818.27,3.458000,1.071686,0.907726,1.084022,23.9655,815,3,2.5,1.8,400,40,180,45,7,PF_LT_1_10;MAX_RECOVERY_STEPS_GT_3,-5.3843
2066,3736.42,5.819969,1.091888,0.932960,1.126806,24.9639,642,7,4.0,1.0,150,160,300,30,7,PF_LT_1_10;MAX_RECOVERY_STEPS_GT_3,-5.4385
1070,2523.58,4.157463,1.086285,0.766010,1.137801,21.8924,607,7,2.0,2.0,400,120,140,30,7,PF_LT_1_10;MAX_RECOVERY_STEPS_GT_3,-5.4495
1222,2108.70,3.087408,1.089929,0.722880,0.802237,19.4150,683,7,1.0,1.2,350,200,260,15,5,PF_LT_1_10;MAX_RECOVERY_STEPS_GT_3,-5.4734
19,3159.70,4.758584,1.077618,0.829167,1.188500,23.8255,664,4,4.0,1.8,100,120,220,45,5,PF_LT_1_10;MAX_RECOVERY_STEPS_GT_3,-5.4859
624,2912.94,4.653259,1.083137,0.892707,0.973672,22.4586,626,7,3.0,1.2,450,160,220,30,7,PF_LT_1_10;MAX_RECOVERY_STEPS_GT_3,-5.5139
1635,2990.04,4.716151,1.079785,0.820407,1.107448,22.7777,634,6,3.0,1.0,200,120,260,30,5,PF_LT_1_10;MAX_RECOVERY_STEPS_GT_3,-5.6080
1944,-1618.33,-2.082793,0.948434,-0.471815,-0.698713,29.0391,777,3,1.0,1.0,450,120,260,45,3,PF_LT_1_10;EQUITY_DD_GT_25,-5.7161
727,2979.29,4.219958,1.084566,0.819452,1.194880,24.5062,706,5,3.5,1.2,200,80,260,30,7,PF_LT_1_10;MAX_RECOVERY_STEPS_GT_3,-5.7174
347,2266.39,3.192099,1.054229,0.789128,0.809558,19.7689,710,3,2.5,2.0,450,160,220,15,5,PF_LT_1_10;MAX_RECOVERY_STEPS_GT_3,-5.7590
1956,3877.69,5.974869,1.120524,0.827403,1.484265,27.9849,649,7,2.0,1.2,150,200,180,15,7,EQUITY_DD_GT_25;MAX_RECOVERY_STEPS_GT_3,-5.8996
395,1718.43,2.194674,1.048123,0.836777,0.705786,19.2448,783,3,4.0,2.0,350,40,300,45,7,PF_LT_1_10;MAX_RECOVERY_STEPS_GT_3,-5.9407
910,-1089.41,-1.409327,0.963755,-0.243339,-0.512712,34.0968,773,3,1.0,1.0,100,160,180,45,3,PF_LT_1_10;EQUITY_DD_GT_25,-5.9619
2191,3652.60,5.671739,1.091052,0.912167,1.116341,25.0217,644,7,4.0,1.0,100,160,300,45,7,PF_LT_1_10;EQUITY_DD_GT_25;MAX_RECOVERY_STEPS_GT_3,-5.9670
212,1897.50,2.628116,1.054263,0.738264,0.756276,18.7758,722,3,3.0,1.8,150,80,140,30,5,PF_LT_1_10;MAX_RECOVERY_STEPS_GT_3,-6.0463
82,3226.48,5.601528,1.089347,0.791988,1.296410,24.0531,576,6,4.0,1.4,200,160,180,15,5,PF_LT_1_10;MAX_RECOVERY_STEPS_GT_3,-6.0508
1000,-1096.91,-1.417196,0.963534,-0.244891,-0.515940,34.1268,774,3,1.0,1.0,100,160,180,30,3,PF_LT_1_10;EQUITY_DD_GT_25,-6.0612
443,-1260.87,-2.643333,0.959937,-0.336422,-0.542663,30.0142,477,3,3.5,1.2,150,160,180,15,3,PF_LT_1_10;EQUITY_DD_GT_25,-6.0779
1887,-1401.13,-1.810245,0.952610,-0.381020,-0.608372,31.3815,774,3,1.0,1.0,450,160,220,30,3,PF_LT_1_10;EQUITY_DD_GT_25,-6.1155
115,1704.43,2.176794,1.047731,0.829475,0.700142,19.2606,783,3,4.0,1.6,350,40,300,15,7,PF_LT_1_10;MAX_RECOVERY_STEPS_GT_3,-6.1464
113,-1219.45,-3.118798,0.957623,-0.366886,-0.569526,28.3797,391,4,4.0,2.0,250,160,180,15,3,PF_LT_1_10;EQUITY_DD_GT_25,-6.1517
2397,2986.33,3.695953,1.073590,0.846852,1.088093,24.0076,808,3,4.0,1.8,200,80,300,45,7,PF_LT_1_10;MAX_RECOVERY_STEPS_GT_3,-6.1566
1577,-1375.80,-1.745939,0.954800,-0.348045,-0.571376,32.2134,788,3,1.0,1.0,250,160,220,15,3,PF_LT_1_10;EQUITY_DD_GT_25,-6.1725
1512,5504.64,7.886304,1.133145,0.837279,1.814070,32.7538,698,6,2.0,1.2,100,200,260,45,7,EQUITY_DD_GT_25;MAX_RECOVERY_STEPS_GT_3,-6.2209
322,3072.19,4.822904,1.074540,0.789299,1.143673,23.1818,637,6,4.0,2.0,400,120,180,45,7,PF_LT_1_10;MAX_RECOVERY_STEPS_GT_3,-6.2970
1959,3226.32,5.341589,1.088492,0.827988,1.217798,24.4188,604,6,3.0,1.2,400,160,220,15,5,PF_LT_1_10;MAX_RECOVERY_STEPS_GT_3,-6.3658
2120,-1122.11,-1.449755,0.962909,-0.249665,-0.526671,34.2685,774,3,1.0,1.0,100,200,180,15,3,PF_LT_1_10;EQUITY_DD_GT_25,-6.4321
1444,2616.70,4.133807,1.078732,0.824303,0.933830,21.9977,633,7,2.5,2.0,400,120,220,45,7,PF_LT_1_10;MAX_RECOVERY_STEPS_GT_3,-6.5876
1094,3327.97,4.974544,1.102623,0.815056,1.284894,26.2428,669,6,2.5,2.0,450,80,180,30,7,EQUITY_DD_GT_25;MAX_RECOVERY_STEPS_GT_3,-6.6036
676,-1292.87,-1.674702,0.959034,-0.299058,-0.587102,33.1825,772,3,1.0,1.0,500,80,260,30,3,PF_LT_1_10;EQUITY_DD_GT_25,-6.6097
1394,3088.11,3.889307,1.068137,0.802169,1.121521,24.0995,794,3,3.5,1.6,400,80,300,45,7,PF_LT_1_10;MAX_RECOVERY_STEPS_GT_3,-6.7428
72,-1755.92,-3.263792,0.948990,-0.604437,-0.649181,26.7662,538,3,2.5,1.4,250,200,220,45,3,PF_LT_1_10;EQUITY_DD_GT_25,-6.7774
1160,1228.10,1.680027,1.036732,0.631592,0.542922,15.5246,731,3,2.5,1.4,150,160,100,30,7,PF_LT_1_10;MAX_RECOVERY_STEPS_GT_3,-6.8267
2357,-1143.70,-1.477649,0.962258,-0.252698,-0.537073,34.4833,774,3,1.0,1.0,100,200,180,30,3,PF_LT_1_10;EQUITY_DD_GT_25,-6.8621
1835,4599.03,6.665261,1.122623,0.874764,1.394814,29.5273,690,6,2.0,1.8,350,200,260,15,7,EQUITY_DD_GT_25;MAX_RECOVERY_STEPS_GT_3,-6.9147
1173,4599.03,6.665261,1.122623,0.874764,1.394814,29.5273,690,6,2.0,1.4,350,200,260,15,7,EQUITY_DD_GT_25;MAX_RECOVERY_STEPS_GT_3,-6.9147
446,2000.69,2.891171,1.082528,0.672833,0.803469,19.8577,692,7,1.0,1.4,150,160,220,45,7,PF_LT_1_10;MAX_RECOVERY_STEPS_GT_3,-6.9275
697,4787.92,7.722452,1.128493,0.844119,1.510968,29.5523,620,7,3.5,1.2,450,160,260,15,7,EQUITY_DD_GT_25;MAX_RECOVERY_STEPS_GT_3,-6.9429
577,-1360.73,-1.769480,0.955921,-0.321509,-0.604759,32.9512,769,3,1.0,1.8,500,80,260,15,3,PF_LT_1_10;EQUITY_DD_GT_25,-6.9544
1373,-1278.91,-3.392334,0.952452,-0.359342,-0.551836,28.9843,377,7,4.0,1.0,150,200,260,15,3,PF_LT_1_10;EQUITY_DD_GT_25,-6.9681
326,2990.71,5.001187,1.077408,0.764524,1.283962,24.2732,598,4,3.5,1.2,350,160,140,45,5,PF_LT_1_10;MAX_RECOVERY_STEPS_GT_3,-7.0729
1129,3264.60,4.953869,1.085130,0.825246,1.171071,25.1897,659,6,2.5,2.0,400,120,260,15,7,PF_LT_1_10;EQUITY_DD_GT_25;MAX_RECOVERY_STEPS_GT_3,-7.1121
10,-1453.21,-3.243772,0.945221,-0.470001,-0.665121,27.4262,448,5,4.0,1.4,500,80,220,15,3,PF_LT_1_10;EQUITY_DD_GT_25,-7.1299
2031,2515.70,4.429049,1.065325,0.849864,0.822150,20.6390,568,7,4.0,1.0,150,160,300,30,5,PF_LT_1_10;MAX_RECOVERY_STEPS_GT_3,-7.1388
2042,4570.09,6.661939,1.121521,0.872766,1.378590,29.4946,686,6,2.0,1.4,350,200,260,45,7,EQUITY_DD_GT_25;MAX_RECOVERY_STEPS_GT_3,-7.1779
1300,4570.09,6.661939,1.121521,0.872766,1.378590,29.4946,686,6,2.0,1.8,350,200,260,45,7,EQUITY_DD_GT_25;MAX_RECOVERY_STEPS_GT_3,-7.1779
558,2982.25,4.987040,1.077198,0.761950,1.280122,24.2958,598,4,3.5,1.2,350,160,140,30,5,PF_LT_1_10;MAX_RECOVERY_STEPS_GT_3,-7.1886
475,-1020.32,-2.340183,0.963603,-0.253656,-0.460398,32.2990,436,5,3.0,1.0,300,200,180,30,3,PF_LT_1_10;EQUITY_DD_GT_25,-7.2129
2205,2042.56,2.493968,1.047656,0.767819,0.688641,19.4335,819,3,2.5,1.4,350,120,180,45,7,PF_LT_1_10;MAX_RECOVERY_STEPS_GT_3,-7.2273
721,-1180.97,-1.510192,0.960656,-0.249834,-0.523516,34.8959,782,3,1.0,1.8,250,80,180,30,3,PF_LT_1_10;EQUITY_DD_GT_25,-7.2348
1563,3710.00,6.022727,1.094066,0.782745,1.384743,26.5079,616,6,3.0,1.2,400,120,300,45,5,PF_LT_1_10;EQUITY_DD_GT_25;MAX_RECOVERY_STEPS_GT_3,-7.2736
1784,3266.98,4.942481,1.084944,0.822790,1.158073,25.2582,661,6,2.5,2.0,400,120,260,45,7,PF_LT_1_10;EQUITY_DD_GT_25;MAX_RECOVERY_STEPS_GT_3,-7.3379
1536,-1565.57,-2.033208,0.947440,-0.406860,-0.681716,31.3289,770,3,1.0,1.6,400,80,180,30,3,PF_LT_1_10;EQUITY_DD_GT_25,-7.3543
981,-1545.67,-2.028438,0.947797,-0.396583,-0.671797,31.5539,762,3,1.0,1.6,350,80,180,30,3,PF_LT_1_10;EQUITY_DD_GT_25,-7.3585
1870,3599.75,5.824838,1.091704,0.779817,1.341938,26.1589,618,6,3.0,1.0,400,120,300,45,5,PF_LT_1_10;EQUITY_DD_GT_25;MAX_RECOVERY_STEPS_GT_3,-7.4360
506,1469.58,1.720820,1.045675,0.707870,0.606148,17.9163,854,3,1.5,1.4,300,40,180,30,7,PF_LT_1_10;MAX_RECOVERY_STEPS_GT_3,-7.4866
2128,1982.03,2.387988,1.052811,0.762196,0.773558,20.4891,830,3,3.0,1.4,100,40,260,30,7,PF_LT_1_10;MAX_RECOVERY_STEPS_GT_3,-7.5790
804,2056.51,3.382418,1.069297,0.754154,0.845966,20.4704,608,7,3.0,1.8,100,80,260,15,5,PF_LT_1_10;MAX_RECOVERY_STEPS_GT_3,-7.6531
1698,3582.95,5.436950,1.085873,0.840954,1.109405,25.6462,659,6,3.0,1.2,400,200,300,15,7,PF_LT_1_10;EQUITY_DD_GT_25;MAX_RECOVERY_STEPS_GT_3,-7.8558
365,2038.74,2.839471,1.060581,0.713198,0.784287,20.5212,718,4,2.0,1.4,450,80,220,15,5,PF_LT_1_10;MAX_RECOVERY_STEPS_GT_3,-7.9449
1032,4237.46,6.834613,1.102838,0.859531,1.306849,27.9038,620,6,3.0,1.2,400,200,300,15,5,EQUITY_DD_GT_25;MAX_RECOVERY_STEPS_GT_3,-7.9479
747,1282.26,2.078217,1.052214,0.607234,0.661272,16.6699,617,6,1.5,1.2,450,120,100,45,7,PF_LT_1_10;MAX_RECOVERY_STEPS_GT_3,-7.9997
207,-1790.29,-3.552163,0.940324,-0.673918,-0.848870,24.5955,504,3,2.5,2.0,450,200,140,15,3,PF_LT_1_10,-8.0007
1595,2606.53,3.274535,1.073985,0.824919,1.069123,24.9841,796,3,2.0,1.8,450,40,180,45,7,PF_LT_1_10;MAX_RECOVERY_STEPS_GT_3,-8.0232
1913,2757.49,4.322085,1.071344,0.838979,0.859519,22.6937,638,7,4.0,1.0,150,160,260,45,7,PF_LT_1_10;MAX_RECOVERY_STEPS_GT_3,-8.0625
307,2642.79,3.717004,1.058808,0.785215,0.823894,22.0991,711,5,4.0,1.8,450,160,300,45,7,PF_LT_1_10;MAX_RECOVERY_STEPS_GT_3,-8.1221
2388,-1775.10,-3.317944,0.943400,-0.561149,-0.708722,27.7772,535,3,2.5,1.4,350,160,180,45,3,PF_LT_1_10;EQUITY_DD_GT_25,-8.1752
918,-1515.12,-1.965136,0.946474,-0.403413,-0.692652,31.9440,771,3,1.0,1.0,300,200,180,45,3,PF_LT_1_10;EQUITY_DD_GT_25,-8.1839
1130,-1359.70,-1.736526,0.951265,-0.335497,-0.646805,33.3178,783,3,1.0,1.0,200,200,180,30,3,PF_LT_1_10;EQUITY_DD_GT_25,-8.1876
848,2216.91,3.284311,1.084139,0.713510,0.970555,22.7476,675,6,2.0,1.4,150,40,180,15,7,PF_LT_1_10;MAX_RECOVERY_STEPS_GT_3,-8.1927
636,2250.76,3.108785,1.059122,0.751473,0.826562,21.6498,724,3,3.0,2.0,150,80,220,30,5,PF_LT_1_10;MAX_RECOVERY_STEPS_GT_3,-8.2474
2331,-1522.43,-1.972060,0.946259,-0.405085,-0.695694,31.9778,772,3,1.0,1.0,300,200,180,30,3,PF_LT_1_10;EQUITY_DD_GT_25,-8.2875
169,2642.77,3.962174,1.081584,0.723700,1.084276,23.9186,667,5,2.0,1.4,400,120,140,15,5,PF_LT_1_10;MAX_RECOVERY_STEPS_GT_3,-8.2987
180,2740.26,3.892415,1.079035,0.744242,1.132808,24.9949,704,5,3.5,1.2,200,80,180,45,7,PF_LT_1_10;MAX_RECOVERY_STEPS_GT_3,-8.3658
1121,2816.06,3.841828,1.068275,0.783107,0.920034,23.4461,733,5,3.0,1.4,250,120,300,15,7,PF_LT_1_10;MAX_RECOVERY_STEPS_GT_3,-8.3907
1926,2592.34,3.138426,1.054782,0.826315,0.869997,23.1124,826,3,3.0,1.6,100,120,220,30,7,PF_LT_1_10;MAX_RECOVERY_STEPS_GT_3,-8.4266
1991,5570.17,8.744380,1.142570,0.832855,1.700668,33.2783,637,6,2.0,1.4,350,200,260,30,5,EQUITY_DD_GT_25;MAX_RECOVERY_STEPS_GT_3,-8.5594
441,1544.20,2.002853,1.052094,0.608298,0.728059,18.9223,771,4,1.5,1.6,350,40,180,15,7,PF_LT_1_10;MAX_RECOVERY_STEPS_GT_3,-8.7063
1475,3543.35,6.046672,1.094060,0.741412,1.366491,26.6767,586,6,3.0,1.2,150,200,180,15,5,PF_LT_1_10;EQUITY_DD_GT_25;MAX_RECOVERY_STEPS_GT_3,-8.7907
237,2830.00,3.413752,1.061112,0.854095,0.886595,24.2085,829,3,3.0,2.0,300,120,300,15,7,PF_LT_1_10;MAX_RECOVERY_STEPS_GT_3,-8.8189
1192,3424.69,5.119118,1.077928,0.801900,1.112855,25.8264,669,6,3.5,1.8,350,160,300,45,7,PF_LT_1_10;EQUITY_DD_GT_25;MAX_RECOVERY_STEPS_GT_3,-8.8377
386,-1423.20,-3.176786,0.944822,-0.454919,-0.763512,28.2332,448,5,4.0,1.0,200,80,100,45,3,PF_LT_1_10;EQUITY_DD_GT_25,-8.8700
1197,-1440.71,-3.539828,0.946865,-0.441675,-0.583307,29.4928,407,7,4.0,1.0,150,160,260,15,3,PF_LT_1_10;EQUITY_DD_GT_25,-8.8950
978,2866.74,3.868745,1.065199,0.713354,1.024286,23.7997,741,4,4.0,1.6,300,160,260,45,7,PF_LT_1_10;MAX_RECOVERY_STEPS_GT_3,-8.9011
291,1933.71,2.571423,1.066324,0.695659,0.795791,21.3799,752,4,1.5,1.8,200,200,140,30,5,PF_LT_1_10;MAX_RECOVERY_STEPS_GT_3,-8.9749
1859,2809.04,4.395994,1.070931,0.821890,0.862651,23.3165,639,7,4.0,1.0,100,160,260,30,7,PF_LT_1_10;MAX_RECOVERY_STEPS_GT_3,-9.0093
2006,2797.04,4.377214,1.070628,0.818236,0.858973,23.3378,639,7,4.0,1.0,100,160,260,15,7,PF_LT_1_10;MAX_RECOVERY_STEPS_GT_3,-9.1430
1425,2863.65,3.864575,1.065081,0.708013,1.022041,23.9210,741,4,4.0,1.6,300,160,260,15,7,PF_LT_1_10;MAX_RECOVERY_STEPS_GT_3,-9.1549
612,-1680.68,-2.642579,0.946442,-0.457664,-0.776479,30.6239,636,4,1.5,1.6,300,80,300,30,3,PF_LT_1_10;EQUITY_DD_GT_25,-9.1672
2064,5162.31,7.774563,1.121301,0.794550,1.724555,33.0593,664,5,2.5,1.0,200,200,220,45,5,EQUITY_DD_GT_25;MAX_RECOVERY_STEPS_GT_3,-9.1950
2378,3058.32,4.793605,1.082997,0.763351,1.038351,24.6518,638,6,3.0,1.8,250,120,260,30,5,PF_LT_1_10;MAX_RECOVERY_STEPS_GT_3,-9.2000
316,3969.79,6.222241,1.106308,0.753064,1.440436,28.9700,638,5,3.0,1.0,200,160,220,30,5,EQUITY_DD_GT_25;MAX_RECOVERY_STEPS_GT_3,-9.2437
1648,5154.65,7.763027,1.121119,0.793325,1.722002,33.0716,664,5,2.5,1.0,200,200,220,30,5,EQUITY_DD_GT_25;MAX_RECOVERY_STEPS_GT_3,-9.2638
1971,5097.19,7.344654,1.123527,0.798187,1.627569,32.7852,694,6,2.0,1.2,100,200,260,15,7,EQUITY_DD_GT_25;MAX_RECOVERY_STEPS_GT_3,-9.3074
28,3668.83,4.802134,1.078816,0.767526,1.126624,26.4311,764,4,2.5,1.2,350,200,260,15,7,PF_LT_1_10;EQUITY_DD_GT_25;MAX_RECOVERY_STEPS_GT_3,-9.3452
698,-958.98,-2.159865,0.968478,-0.195479,-0.456260,35.1750,444,7,3.0,1.8,150,160,180,45,3,PF_LT_1_10;EQUITY_DD_GT_25,-9.4652
774,1517.94,2.219211,1.064506,0.590420,0.577695,18.2493,684,7,1.0,1.2,400,160,300,45,7,PF_LT_1_10;MAX_RECOVERY_STEPS_GT_3,-9.4778
1664,2118.20,2.712164,1.051817,0.697862,0.832107,21.9265,781,3,4.0,1.4,350,80,180,45,7,PF_LT_1_10;MAX_RECOVERY_STEPS_GT_3,-9.6501
1778,2592.47,3.823702,1.069750,0.776840,0.829671,23.4055,678,6,2.5,2.0,200,160,260,30,7,PF_LT_1_10;MAX_RECOVERY_STEPS_GT_3,-9.7141
118,1927.56,3.201927,1.065482,0.707333,0.751178,20.5939,602,7,3.0,1.6,200,80,220,45,5,PF_LT_1_10;MAX_RECOVERY_STEPS_GT_3,-9.7353
1302,1917.09,3.200484,1.072823,0.675158,0.885942,21.5983,599,7,2.5,2.0,400,80,100,15,7,PF_LT_1_10;MAX_RECOVERY_STEPS_GT_3,-9.8667
1455,1194.76,1.547617,1.043699,0.527956,0.524016,16.8167,772,5,1.0,1.2,350,120,220,45,7,PF_LT_1_10;MAX_RECOVERY_STEPS_GT_3,-9.8937
305,1736.38,2.576231,1.046434,0.706466,0.682128,20.4708,674,4,4.0,1.6,250,80,180,45,5,PF_LT_1_10;MAX_RECOVERY_STEPS_GT_3,-10.0247
778,2296.73,2.825006,1.051259,0.716966,0.776921,22.1162,813,3,2.5,1.8,400,120,220,15,7,PF_LT_1_10;MAX_RECOVERY_STEPS_GT_3,-10.0733
805,2090.46,3.206227,1.074063,0.650796,1.018983,23.3603,652,6,3.5,1.8,200,40,180,30,7,PF_LT_1_10;MAX_RECOVERY_STEPS_GT_3,-10.1289
1046,1490.64,2.163483,1.062099,0.573162,0.561507,18.4574,689,7,1.0,1.2,350,160,300,45,5,PF_LT_1_10;MAX_RECOVERY_STEPS_GT_3,-10.1747
869,1240.33,1.842987,1.033432,0.553464,0.509534,16.6562,673,3,4.0,1.4,150,80,180,15,5,PF_LT_1_10;MAX_RECOVERY_STEPS_GT_3,-10.1856
397,2671.93,4.330519,1.077213,0.742904,0.935569,23.7819,617,7,3.5,1.2,450,120,260,30,7,PF_LT_1_10;MAX_RECOVERY_STEPS_GT_3,-10.1863
2183,2097.35,3.297720,1.082393,0.633038,1.047798,23.5164,636,6,2.5,1.2,400,40,260,30,7,PF_LT_1_10;MAX_RECOVERY_STEPS_GT_3,-10.2280
36,-1845.32,-4.109844,0.935641,-0.670796,-0.905945,25.2250,449,3,4.0,1.0,400,80,220,30,3,PF_LT_1_10;EQUITY_DD_GT_25,-10.2297
653,1481.38,1.882313,1.041861,0.649888,0.508173,18.6242,787,4,1.5,1.8,200,120,300,30,5,PF_LT_1_10;MAX_RECOVERY_STEPS_GT_3,-10.3132
416,-1971.96,-4.857044,0.924377,-0.897790,-0.930535,21.4823,406,4,4.0,1.4,450,160,140,15,3,PF_LT_1_10,-10.3978
1337,1830.73,2.799281,1.075938,0.606978,0.935436,22.3623,654,6,2.0,2.0,300,40,100,45,7,PF_LT_1_10;MAX_RECOVERY_STEPS_GT_3,-10.4597
982,3096.57,4.749340,1.078911,0.729341,1.088499,25.8169,652,5,3.0,1.6,350,160,220,15,5,PF_LT_1_10;EQUITY_DD_GT_25;MAX_RECOVERY_STEPS_GT_3,-10.5307
1792,-1488.84,-1.933558,0.950349,-0.322390,-0.680823,35.1743,770,3,1.0,1.0,450,80,220,15,3,PF_LT_1_10;EQUITY_DD_GT_25,-10.5910
2187,3754.90,6.115472,1.097165,0.779678,1.238901,28.1311,614,6,3.0,1.8,250,200,220,45,5,PF_LT_1_10;EQUITY_DD_GT_25;MAX_RECOVERY_STEPS_GT_3,-10.6235
417,3055.84,5.296083,1.085245,0.755030,1.136938,25.9012,577,7,3.5,1.0,250,200,180,15,7,PF_LT_1_10;EQUITY_DD_GT_25;MAX_RECOVERY_STEPS_GT_3,-10.6323
315,-1910.10,-4.179650,0.932080,-0.716485,-0.931062,24.7859,457,3,4.0,1.2,450,80,180,15,3,PF_LT_1_10,-10.6496
639,-1648.54,-2.116226,0.944841,-0.383154,-0.733820,34.0015,779,3,1.0,1.0,300,80,220,30,3,PF_LT_1_10;EQUITY_DD_GT_25,-10.8179
2354,-1501.13,-1.949519,0.949978,-0.323570,-0.686914,35.3115,770,3,1.0,1.0,450,80,220,30,3,PF_LT_1_10;EQUITY_DD_GT_25,-10.8473
2238,2426.78,3.075767,1.056402,0.698607,0.829420,23.1956,789,3,2.5,1.4,350,160,180,30,7,PF_LT_1_10;MAX_RECOVERY_STEPS_GT_3,-10.8740
1493,-1537.73,-1.948961,0.949357,-0.334079,-0.687149,35.2303,789,3,1.0,1.0,250,80,220,30,3,PF_LT_1_10;EQUITY_DD_GT_25,-10.9315
568,3198.92,5.053586,1.076656,0.729847,1.095280,25.9965,633,5,3.5,1.2,100,160,300,45,5,PF_LT_1_10;EQUITY_DD_GT_25;MAX_RECOVERY_STEPS_GT_3,-10.9700
1660,2626.01,4.090358,1.082397,0.691873,1.026448,24.9880,642,6,2.0,1.4,350,120,180,45,5,PF_LT_1_10;MAX_RECOVERY_STEPS_GT_3,-10.9747
875,-1552.81,-2.014021,0.945361,-0.366297,-0.690031,34.7377,771,3,1.0,1.0,400,200,180,15,3,PF_LT_1_10;EQUITY_DD_GT_25,-10.9924
943,3410.92,5.060712,1.091385,0.769081,1.156561,28.0340,674,5,2.5,1.2,100,200,220,30,5,PF_LT_1_10;EQUITY_DD_GT_25;MAX_RECOVERY_STEPS_GT_3,-11.0065
2095,-1546.75,-1.960393,0.949049,-0.335853,-0.691209,35.2672,789,3,1.0,1.0,250,80,220,15,3,PF_LT_1_10;EQUITY_DD_GT_25,-11.0538
832,1142.99,1.393890,1.044857,0.580487,0.551017,18.6875,820,3,1.0,1.0,450,200,100,45,5,PF_LT_1_10;MAX_RECOVERY_STEPS_GT_3,-11.0660
295,1826.14,2.579294,1.052720,0.661981,0.754166,21.9320,708,4,2.5,1.8,450,80,180,15,5,PF_LT_1_10;MAX_RECOVERY_STEPS_GT_3,-11.0888
579,2999.04,3.758195,1.072535,0.723098,0.908335,25.1398,798,4,2.0,1.8,300,200,300,45,7,PF_LT_1_10;EQUITY_DD_GT_25;MAX_RECOVERY_STEPS_GT_3,-11.1997
155,1761.66,2.653102,1.045885,0.640220,0.637663,20.1632,664,4,3.5,1.4,200,120,220,15,5,PF_LT_1_10;MAX_RECOVERY_STEPS_GT_3,-11.2434
2394,-1216.13,-1.527802,0.962604,-0.241429,-0.512656,38.5017,796,3,1.0,1.0,100,160,300,30,3,PF_LT_1_10;EQUITY_DD_GT_25,-11.2589
1766,-1220.45,-1.533229,0.962461,-0.242591,-0.514376,38.4811,796,3,1.0,1.0,100,160,300,15,3,PF_LT_1_10;EQUITY_DD_GT_25,-11.2738
980,5236.15,8.207132,1.133662,0.788191,1.595467,33.7224,638,6,2.0,1.8,350,200,260,45,5,EQUITY_DD_GT_25;MAX_RECOVERY_STEPS_GT_3,-11.2788
679,2368.33,3.178966,1.088971,0.617439,1.103255,25.7479,745,5,1.5,2.0,150,40,300,15,7,PF_LT_1_10;EQUITY_DD_GT_25;MAX_RECOVERY_STEPS_GT_3,-11.3052
32,2246.63,3.641216,1.088882,0.604656,1.150849,25.0227,617,6,3.0,1.4,350,40,300,15,5,PF_LT_1_10;EQUITY_DD_GT_25;MAX_RECOVERY_STEPS_GT_3,-11.4004
325,2122.95,3.532363,1.061238,0.705264,0.802531,22.3824,601,6,3.5,1.6,250,200,140,15,7,PF_LT_1_10;MAX_RECOVERY_STEPS_GT_3,-11.4641
16,3182.84,4.566485,1.074014,0.720948,1.022513,26.3744,697,4,2.5,1.0,100,200,260,45,5,PF_LT_1_10;EQUITY_DD_GT_25;MAX_RECOVERY_STEPS_GT_3,-11.4709
389,2914.30,4.429027,1.069310,0.678326,1.089000,25.7396,658,4,4.0,1.4,350,120,300,45,5,PF_LT_1_10;EQUITY_DD_GT_25;MAX_RECOVERY_STEPS_GT_3,-11.5396
306,-1949.15,-3.777422,0.936683,-0.620881,-0.872291,28.0543,516,3,3.0,1.0,250,120,220,30,3,PF_LT_1_10;EQUITY_DD_GT_25,-11.5460
710,-1797.11,-2.339987,0.938087,-0.448168,-0.828234,32.8336,768,3,1.0,1.0,450,80,180,15,3,PF_LT_1_10;EQUITY_DD_GT_25,-11.5721
1149,2819.12,4.644349,1.072448,0.711468,0.989326,24.8592,607,6,3.5,1.8,200,120,260,15,5,PF_LT_1_10;MAX_RECOVERY_STEPS_GT_3,-11.6491
770,3378.90,5.013205,1.090423,0.754690,1.146795,28.2843,674,5,2.5,1.2,100,200,220,45,5,PF_LT_1_10;EQUITY_DD_GT_25;MAX_RECOVERY_STEPS_GT_3,-11.6700
1034,1272.95,1.648899,1.048156,0.568015,0.495390,18.7392,772,5,1.0,1.8,250,120,300,15,7,PF_LT_1_10;MAX_RECOVERY_STEPS_GT_3,-11.6910
404,1821.19,2.565056,1.054914,0.573997,0.774537,21.5849,710,4,2.0,1.4,450,80,140,15,5,PF_LT_1_10;MAX_RECOVERY_STEPS_GT_3,-11.7140
236,1821.19,2.565056,1.054914,0.573997,0.774537,21.5849,710,4,2.0,2.0,450,80,140,15,5,PF_LT_1_10;MAX_RECOVERY_STEPS_GT_3,-11.7140
838,2062.92,2.776474,1.059075,0.610933,0.732680,22.0584,743,5,1.5,1.2,450,200,260,15,7,PF_LT_1_10;MAX_RECOVERY_STEPS_GT_3,-11.8802
303,2820.68,3.740955,1.070710,0.694824,0.932164,25.4663,754,4,2.0,1.8,300,200,300,45,5,PF_LT_1_10;EQUITY_DD_GT_25;MAX_RECOVERY_STEPS_GT_3,-11.9304
542,1860.50,2.346154,1.051329,0.672352,0.685258,22.2287,793,3,2.5,2.0,100,80,180,45,5,PF_LT_1_10;MAX_RECOVERY_STEPS_GT_3,-12.0098
1799,2271.09,3.645409,1.065319,0.675914,0.820716,23.1024,623,7,3.0,1.2,400,120,260,45,7,PF_LT_1_10;MAX_RECOVERY_STEPS_GT_3,-12.0553
277,2936.44,4.782476,1.077352,0.698240,1.005245,25.6229,614,6,3.5,1.8,100,120,300,15,5,PF_LT_1_10;EQUITY_DD_GT_25;MAX_RECOVERY_STEPS_GT_3,-12.2745
328,-1888.94,-2.866373,0.926551,-0.605028,-1.084851,28.5002,659,3,1.5,1.6,250,40,100,45,3,PF_LT_1_10;EQUITY_DD_GT_25,-12.2806
1398,3021.78,4.699502,1.075675,0.678587,1.096577,26.4756,643,6,3.0,1.2,400,120,260,45,7,PF_LT_1_10;EQUITY_DD_GT_25;MAX_RECOVERY_STEPS_GT_3,-12.2809
839,2298.28,4.025009,1.077142,0.675605,0.918867,23.8984,571,7,3.0,1.6,500,80,260,15,5,PF_LT_1_10;MAX_RECOVERY_STEPS_GT_3,-12.3491
497,-1802.84,-3.351004,0.943842,-0.459426,-0.734489,32.3738,538,3,2.5,1.4,300,120,300,45,3,PF_LT_1_10;EQUITY_DD_GT_25,-12.3647
1478,3039.34,4.704861,1.095733,0.679702,1.208729,28.3336,646,6,2.0,2.0,450,80,220,15,5,PF_LT_1_10;EQUITY_DD_GT_25;MAX_RECOVERY_STEPS_GT_3,-12.6186
486,934.86,1.387033,1.033121,0.445881,0.458627,16.8211,674,5,1.5,1.4,500,80,100,45,5,PF_LT_1_10;MAX_RECOVERY_STEPS_GT_3,-12.6556
195,596.06,0.779163,1.022535,0.378927,0.236523,14.0156,765,5,1.0,1.8,350,80,260,45,5,PF_LT_1_10;MAX_RECOVERY_STEPS_GT_3,-12.6828
459,2412.00,3.541850,1.073692,0.627617,0.979208,25.3411,681,5,2.0,1.4,200,200,140,45,5,PF_LT_1_10;EQUITY_DD_GT_25;MAX_RECOVERY_STEPS_GT_3,-12.6892
638,1001.53,1.300688,1.037138,0.445275,0.412484,16.9744,770,5,1.0,2.0,100,200,260,45,5,PF_LT_1_10;MAX_RECOVERY_STEPS_GT_3,-12.7647
996,1649.57,2.569424,1.066720,0.556038,0.783356,21.9015,642,6,2.0,1.4,500,40,220,15,7,PF_LT_1_10;MAX_RECOVERY_STEPS_GT_3,-12.7763
892,2604.59,3.422589,1.073037,0.676631,0.829338,25.1059,761,5,1.5,1.8,150,200,260,45,5,PF_LT_1_10;EQUITY_DD_GT_25;MAX_RECOVERY_STEPS_GT_3,-12.8256
1997,3489.28,5.086414,1.088225,0.717720,1.032302,28.0907,686,6,2.5,2.0,150,200,300,15,7,PF_LT_1_10;EQUITY_DD_GT_25;MAX_RECOVERY_STEPS_GT_3,-12.9875
37,2652.37,4.124992,1.067585,0.664859,0.937206,25.2097,643,5,4.0,1.2,100,200,180,30,7,PF_LT_1_10;EQUITY_DD_GT_25;MAX_RECOVERY_STEPS_GT_3,-13.0293
1341,1424.00,2.267516,1.059563,0.539039,0.714584,20.8794,628,6,2.0,2.0,450,40,220,15,5,PF_LT_1_10;MAX_RECOVERY_STEPS_GT_3,-13.0557
2116,-2013.76,-5.034400,0.927891,-0.758030,-0.994877,24.9612,400,3,4.0,1.4,150,160,140,45,3,PF_LT_1_10,-13.0822
202,1308.44,2.159142,1.036914,0.529133,0.628980,19.1369,606,3,3.5,1.0,500,160,100,30,5,PF_LT_1_10;MAX_RECOVERY_STEPS_GT_3,-13.1341
812,1653.74,2.349063,1.057354,0.566553,0.715010,22.1837,704,5,1.5,1.4,100,160,140,45,5,PF_LT_1_10;MAX_RECOVERY_STEPS_GT_3,-13.1378
283,2240.15,2.916862,1.044784,0.645539,0.686635,22.8271,768,3,3.5,1.2,450,200,300,15,7,PF_LT_1_10;MAX_RECOVERY_STEPS_GT_3,-13.1556
17,-1480.69,-2.488555,0.958115,-0.299714,-0.673509,36.7049,595,4,2.0,1.4,250,160,180,30,3,PF_LT_1_10;EQUITY_DD_GT_25,-13.2427
319,3514.14,6.111548,1.080624,0.692120,1.264701,28.4245,575,6,4.0,1.4,400,160,220,15,5,PF_LT_1_10;EQUITY_DD_GT_25;MAX_RECOVERY_STEPS_GT_3,-13.2874
548,2084.20,3.345425,1.063035,0.681240,0.676645,22.8949,623,7,2.5,2.0,100,160,220,15,5,PF_LT_1_10;MAX_RECOVERY_STEPS_GT_3,-13.3405
2420,2354.10,2.983650,1.054346,0.645270,0.805079,24.3447,789,3,2.5,1.4,350,160,180,45,7,PF_LT_1_10;MAX_RECOVERY_STEPS_GT_3,-13.4046
546,1409.61,2.258990,1.059476,0.533713,0.696620,21.0077,624,6,2.0,1.4,450,40,300,45,5,PF_LT_1_10;MAX_RECOVERY_STEPS_GT_3,-13.5366
153,-1634.11,-3.216752,0.947712,-0.430303,-0.592824,34.7396,508,3,3.0,1.8,350,200,220,30,3,PF_LT_1_10;EQUITY_DD_GT_25,-13.6432
229,-2149.38,-3.797491,0.925185,-0.822307,-1.181563,25.1422,566,3,2.5,1.6,350,40,180,30,3,PF_LT_1_10;EQUITY_DD_GT_25,-13.8537
2266,2523.83,3.900819,1.080436,0.654286,1.000656,26.7130,647,6,2.0,2.0,450,80,300,30,5,PF_LT_1_10;EQUITY_DD_GT_25;MAX_RECOVERY_STEPS_GT_3,-13.9147
829,1980.05,2.650669,1.050713,0.604363,0.697547,23.1120,747,4,4.0,1.6,300,120,220,45,7,PF_LT_1_10;MAX_RECOVERY_STEPS_GT_3,-13.9285
640,1785.87,2.927656,1.068963,0.553954,0.951583,24.0325,610,6,4.0,1.4,150,40,140,15,5,PF_LT_1_10;MAX_RECOVERY_STEPS_GT_3,-13.9929
945,3555.31,5.021624,1.084567,0.676204,1.166859,29.7464,708,4,2.5,1.6,450,200,220,15,7,PF_LT_1_10;EQUITY_DD_GT_25;MAX_RECOVERY_STEPS_GT_3,-14.1465
500,2846.60,3.942659,1.073063,0.630869,0.970872,26.9910,722,4,2.0,1.4,500,200,260,15,5,PF_LT_1_10;EQUITY_DD_GT_25;MAX_RECOVERY_STEPS_GT_3,-14.2369
515,1237.49,1.742944,1.044118,0.481945,0.604203,20.6399,710,5,3.0,1.4,200,40,180,30,7,PF_LT_1_10;MAX_RECOVERY_STEPS_GT_3,-14.3338
755,2835.38,3.938028,1.072901,0.628629,0.965844,27.0024,720,4,2.0,1.4,500,200,260,30,5,PF_LT_1_10;EQUITY_DD_GT_25;MAX_RECOVERY_STEPS_GT_3,-14.3458
569,-1595.74,-2.780035,0.949454,-0.327947,-0.699438,36.6677,574,4,2.0,1.8,300,200,220,45,3,PF_LT_1_10;EQUITY_DD_GT_25,-14.4839
2171,2472.40,3.949521,1.068638,0.623772,0.906509,25.4070,626,6,2.5,2.0,350,160,180,45,5,PF_LT_1_10;EQUITY_DD_GT_25;MAX_RECOVERY_STEPS_GT_3,-14.4853
659,2807.74,3.894230,1.071639,0.622350,0.950353,27.0529,721,4,2.0,1.4,500,200,260,45,5,PF_LT_1_10;EQUITY_DD_GT_25;MAX_RECOVERY_STEPS_GT_3,-14.7135
1970,2451.38,3.915942,1.068054,0.618351,0.898743,25.4412,626,6,2.5,2.0,350,160,180,15,5,PF_LT_1_10;EQUITY_DD_GT_25;MAX_RECOVERY_STEPS_GT_3,-14.7163
1195,1101.64,1.547247,1.034759,0.453574,0.536245,19.7227,712,4,2.5,1.2,350,40,180,30,5,PF_LT_1_10;MAX_RECOVERY_STEPS_GT_3,-14.7338
414,2580.78,4.389082,1.064063,0.637200,0.937986,25.5153,588,6,3.5,1.4,500,200,180,45,7,PF_LT_1_10;EQUITY_DD_GT_25;MAX_RECOVERY_STEPS_GT_3,-14.7479
1317,3114.48,4.641550,1.091171,0.682982,1.048001,29.0362,671,6,2.0,1.8,350,200,220,45,7,PF_LT_1_10;EQUITY_DD_GT_25;MAX_RECOVERY_STEPS_GT_3,-14.7848
2158,1718.09,2.688717,1.066827,0.527984,0.858726,23.8608,639,6,2.5,1.2,400,40,220,30,7,PF_LT_1_10;MAX_RECOVERY_STEPS_GT_3,-14.7994
1449,3182.94,4.612957,1.093800,0.689303,1.118608,30.0675,690,6,2.0,1.8,200,80,260,30,7,PF_LT_1_10;EQUITY_DD_GT_25;MAX_RECOVERY_STEPS_GT_3,-14.8238
45,1289.35,1.676658,1.035215,0.503291,0.492212,20.2705,769,4,1.5,2.0,450,120,220,15,5,PF_LT_1_10;MAX_RECOVERY_STEPS_GT_3,-14.9759
455,540.57,0.906997,1.024482,0.337540,0.280543,14.5755,596,7,3.0,1.2,450,40,180,15,7,PF_LT_1_10;MAX_RECOVERY_STEPS_GT_3,-14.9806
1905,971.51,1.125736,1.032701,0.448668,0.384659,18.6866,863,3,1.0,1.0,450,120,220,15,5,PF_LT_1_10;MAX_RECOVERY_STEPS_GT_3,-15.2170
7,1159.91,1.466384,1.045374,0.470454,0.520836,20.5995,791,4,1.0,1.4,150,160,140,15,7,PF_LT_1_10;MAX_RECOVERY_STEPS_GT_3,-15.2862
726,980.73,1.145713,1.034413,0.450318,0.400992,18.9886,856,3,1.0,1.0,450,120,180,45,5,PF_LT_1_10;MAX_RECOVERY_STEPS_GT_3,-15.3268
675,1760.84,2.747020,1.055986,0.536729,0.808409,23.7693,641,5,3.0,1.0,200,160,100,30,7,PF_LT_1_10;MAX_RECOVERY_STEPS_GT_3,-15.3911
1141,3014.99,4.395029,1.090172,0.667305,1.106042,29.9958,686,6,2.0,1.8,200,80,220,30,7,PF_LT_1_10;EQUITY_DD_GT_25;MAX_RECOVERY_STEPS_GT_3,-15.4614
250,-1752.28,-3.106879,0.948157,-0.374812,-0.774941,36.1770,564,3,2.0,1.4,450,200,220,15,3,PF_LT_1_10;EQUITY_DD_GT_25,-15.5414
394,671.22,0.905830,1.027826,0.351450,0.323967,16.9822,741,5,1.0,2.0,500,40,260,45,7,PF_LT_1_10;MAX_RECOVERY_STEPS_GT_3,-15.5577
787,1724.72,3.241955,1.059256,0.552349,0.773408,22.6111,532,6,3.5,1.6,450,200,100,30,5,PF_LT_1_10;MAX_RECOVERY_STEPS_GT_3,-15.5777
1325,1725.83,3.244041,1.059285,0.552207,0.774445,22.6268,532,6,3.5,1.6,450,200,100,45,5,PF_LT_1_10;MAX_RECOVERY_STEPS_GT_3,-15.5867
1383,1422.12,2.362326,1.059232,0.502459,0.719993,22.2699,602,6,3.0,1.0,200,40,260,15,5,PF_LT_1_10;MAX_RECOVERY_STEPS_GT_3,-15.6029
953,2279.23,3.228371,1.069272,0.564834,0.986303,27.1129,706,5,2.5,1.2,300,80,140,15,7,PF_LT_1_10;EQUITY_DD_GT_25;MAX_RECOVERY_STEPS_GT_3,-15.6358
1636,1394.32,1.659905,1.032055,0.554949,0.453726,21.1146,840,3,2.5,2.0,250,120,260,30,7,PF_LT_1_10;MAX_RECOVERY_STEPS_GT_3,-15.6569
837,2618.30,3.596566,1.081493,0.618584,0.997051,28.4450,728,5,2.0,1.4,150,80,180,45,7,PF_LT_1_10;EQUITY_DD_GT_25;MAX_RECOVERY_STEPS_GT_3,-15.7233
1263,2005.09,2.931418,1.066932,0.587893,0.808432,25.6274,684,6,1.5,1.0,200,80,300,15,5,PF_LT_1_10;EQUITY_DD_GT_25;MAX_RECOVERY_STEPS_GT_3,-15.7336
1326,2251.76,3.992482,1.065848,0.635873,0.794055,24.7575,564,7,3.0,1.2,350,200,220,30,5,PF_LT_1_10;MAX_RECOVERY_STEPS_GT_3,-15.7427
262,659.19,0.889595,1.027328,0.344961,0.318157,17.0017,741,5,1.0,1.4,500,40,300,30,7,PF_LT_1_10;MAX_RECOVERY_STEPS_GT_3,-15.7600
210,1525.34,2.364868,1.050707,0.505334,0.723118,22.7696,645,5,3.5,1.0,300,40,220,30,5,PF_LT_1_10;MAX_RECOVERY_STEPS_GT_3,-15.7606
464,1615.83,2.738695,1.066693,0.483125,0.881353,23.7010,590,6,3.0,1.2,500,40,100,30,5,PF_LT_1_10;MAX_RECOVERY_STEPS_GT_3,-15.8101
196,1095.06,1.498030,1.026983,0.437370,0.408517,19.1540,731,3,2.5,1.6,450,120,220,30,5,PF_LT_1_10;MAX_RECOVERY_STEPS_GT_3,-15.8471
1363,1806.37,2.491545,1.057584,0.551075,0.693319,24.1412,725,5,1.5,1.0,350,160,180,30,5,PF_LT_1_10;MAX_RECOVERY_STEPS_GT_3,-15.8515
645,2033.70,2.545307,1.050562,0.584753,0.749226,25.0596,799,3,4.0,2.0,300,80,300,30,7,PF_LT_1_10;EQUITY_DD_GT_25;MAX_RECOVERY_STEPS_GT_3,-16.0214
1223,3212.04,4.918897,1.094936,0.637480,1.171802,30.5944,653,6,2.0,1.8,350,200,180,45,7,PF_LT_1_10;EQUITY_DD_GT_25;MAX_RECOVERY_STEPS_GT_3,-16.1757
831,1541.77,2.328958,1.043044,0.528463,0.509252,21.6260,662,6,3.0,1.6,200,160,260,30,7,PF_LT_1_10;MAX_RECOVERY_STEPS_GT_3,-16.1972
1818,3336.42,5.390016,1.095950,0.652851,1.233923,31.1495,619,7,2.0,1.0,250,200,220,30,5,PF_LT_1_10;EQUITY_DD_GT_25;MAX_RECOVERY_STEPS_GT_3,-16.3781
179,863.47,1.244193,1.034568,0.404957,0.330714,18.6843,694,6,1.0,1.6,450,160,300,15,5,PF_LT_1_10;MAX_RECOVERY_STEPS_GT_3,-16.4838
13,1757.70,2.886207,1.072840,0.473294,0.972691,25.4461,609,6,3.0,1.6,450,40,100,15,5,PF_LT_1_10;EQUITY_DD_GT_25;MAX_RECOVERY_STEPS_GT_3,-16.5807
467,1726.21,2.862703,1.052718,0.492209,0.847390,24.0585,603,4,3.5,1.0,350,200,100,15,5,PF_LT_1_10;MAX_RECOVERY_STEPS_GT_3,-16.6906
109,1544.21,2.237986,1.054549,0.468812,0.687260,23.4855,690,5,1.5,1.0,450,200,140,30,7,PF_LT_1_10;MAX_RECOVERY_STEPS_GT_3,-16.7394
2409,-1685.71,-2.123060,0.945107,-0.342692,-0.739883,39.4438,794,3,1.0,1.0,200,160,260,30,3,PF_LT_1_10;EQUITY_DD_GT_25,-16.7930
734,1615.93,2.697713,1.061888,0.479647,0.805018,24.0679,599,6,3.5,1.4,450,40,220,45,5,PF_LT_1_10;MAX_RECOVERY_STEPS_GT_3,-17.1054
260,3041.25,4.835056,1.072523,0.629205,1.005899,28.9222,629,6,3.5,2.0,500,120,300,15,7,PF_LT_1_10;EQUITY_DD_GT_25;MAX_RECOVERY_STEPS_GT_3,-17.1649
313,1389.88,2.031988,1.045438,0.423032,0.773338,23.6357,684,4,3.0,1.6,450,40,100,15,5,PF_LT_1_10;MAX_RECOVERY_STEPS_GT_3,-17.2273
2,824.76,1.221867,1.029788,0.358858,0.356036,18.5785,675,5,1.5,2.0,500,160,140,45,7,PF_LT_1_10;MAX_RECOVERY_STEPS_GT_3,-17.2532
399,1155.80,1.372684,1.041765,0.391157,0.582005,21.6513,842,4,1.0,2.0,200,40,180,45,7,PF_LT_1_10;MAX_RECOVERY_STEPS_GT_3,-17.2545
2387,1147.31,1.365845,1.043192,0.381083,0.544339,21.3001,840,3,1.0,1.6,350,80,100,15,5,PF_LT_1_10;MAX_RECOVERY_STEPS_GT_3,-17.3151
749,1137.93,1.817780,1.046714,0.430708,0.557702,21.2793,626,6,2.0,1.4,500,40,180,30,5,PF_LT_1_10;MAX_RECOVERY_STEPS_GT_3,-17.3507
107,923.92,1.316125,1.027932,0.365398,0.432850,19.7030,702,4,4.0,1.0,200,80,100,15,7,PF_LT_1_10;MAX_RECOVERY_STEPS_GT_3,-17.3946
1430,3170.73,4.840809,1.093595,0.611803,1.156250,31.2713,655,6,2.0,1.8,350,200,180,30,7,PF_LT_1_10;EQUITY_DD_GT_25;MAX_RECOVERY_STEPS_GT_3,-17.5677
241,1282.64,2.010408,1.042907,0.427936,0.656873,22.4020,638,6,3.5,1.2,300,40,180,15,7,PF_LT_1_10;MAX_RECOVERY_STEPS_GT_3,-17.6373
1995,2557.17,3.066151,1.068623,0.668574,0.915941,29.6342,834,3,2.5,1.6,100,80,260,15,7,PF_LT_1_10;EQUITY_DD_GT_25;MAX_RECOVERY_STEPS_GT_3,-17.6926
142,2223.58,3.033533,1.053792,0.512121,0.840217,26.5635,733,3,3.0,1.8,350,80,300,45,5,PF_LT_1_10;EQUITY_DD_GT_25;MAX_RECOVERY_STEPS_GT_3,-17.7977
769,2322.44,4.544892,1.068917,0.550186,0.911552,25.8664,511,7,3.5,1.0,250,200,180,15,5,PF_LT_1_10;EQUITY_DD_GT_25;MAX_RECOVERY_STEPS_GT_3,-17.7981
665,1168.22,1.436925,1.044933,0.360403,0.632819,22.5315,813,4,1.0,1.8,350,40,100,30,7,PF_LT_1_10;MAX_RECOVERY_STEPS_GT_3,-18.1468
198,1552.03,2.013009,1.061630,0.421857,0.654941,24.1563,771,5,1.0,1.4,300,160,220,45,5,PF_LT_1_10;MAX_RECOVERY_STEPS_GT_3,-18.1772
146,-2299.29,-4.562083,0.920853,-0.740033,-1.201056,28.7481,504,3,3.0,1.2,100,80,140,15,3,PF_LT_1_10;EQUITY_DD_GT_25,-18.1789
353,2385.21,4.140990,1.084029,0.536838,1.151671,29.3032,576,6,4.0,2.0,200,80,100,30,5,PF_LT_1_10;EQUITY_DD_GT_25;MAX_RECOVERY_STEPS_GT_3,-18.2324
20,762.57,1.065042,1.030631,0.347181,0.302218,19.1303,716,6,1.0,1.2,250,200,260,30,5,PF_LT_1_10;MAX_RECOVERY_STEPS_GT_3,-18.2731
2415,1498.33,1.694943,1.048838,0.523719,0.554059,24.5646,884,3,1.0,1.6,150,120,180,30,7,PF_LT_1_10;MAX_RECOVERY_STEPS_GT_3,-18.6227
602,953.63,1.211728,1.035673,0.340649,0.393262,20.3551,787,5,1.0,2.0,100,160,260,45,7,PF_LT_1_10;MAX_RECOVERY_STEPS_GT_3,-18.6584
507,1539.67,1.917397,1.045383,0.462605,0.634130,24.4914,803,3,1.5,1.8,150,200,140,15,7,PF_LT_1_10;MAX_RECOVERY_STEPS_GT_3,-18.7511
1115,-2212.31,-2.789798,0.930090,-0.480710,-0.909297,37.6624,793,3,1.0,1.0,350,160,260,30,3,PF_LT_1_10;EQUITY_DD_GT_25,-18.9453
1434,968.53,1.282821,1.037754,0.340735,0.378700,20.5826,755,5,1.0,1.2,400,160,300,30,5,PF_LT_1_10;MAX_RECOVERY_STEPS_GT_3,-18.9954
2300,1785.80,2.169866,1.047602,0.633011,0.597425,26.6906,823,3,2.5,2.0,250,80,220,30,7,PF_LT_1_10;EQUITY_DD_GT_25;MAX_RECOVERY_STEPS_GT_3,-19.0003
172,1417.31,1.930940,1.036589,0.512299,0.522700,24.2233,734,3,2.5,1.2,500,80,260,30,5,PF_LT_1_10;MAX_RECOVERY_STEPS_GT_3,-19.1672
691,2056.93,3.433940,1.059731,0.540684,0.776753,26.5676,599,6,3.0,2.0,150,160,180,30,5,PF_LT_1_10;EQUITY_DD_GT_25;MAX_RECOVERY_STEPS_GT_3,-19.3271
189,1072.01,1.316966,1.032961,0.430234,0.464778,22.6248,814,3,2.0,1.0,250,40,220,30,7,PF_LT_1_10;MAX_RECOVERY_STEPS_GT_3,-19.3588
390,746.92,0.872570,1.026938,0.315157,0.298587,19.6029,856,3,1.0,1.6,150,120,140,45,5,PF_LT_1_10;MAX_RECOVERY_STEPS_GT_3,-19.4940
571,561.34,0.775331,1.023490,0.278853,0.236944,18.6796,724,6,1.0,1.4,200,80,260,45,5,PF_LT_1_10;MAX_RECOVERY_STEPS_GT_3,-19.7605
35,-1825.52,-4.225741,0.928563,-0.431832,-0.971444,35.2571,432,5,3.0,1.2,500,120,100,15,3,PF_LT_1_10;EQUITY_DD_GT_25,-19.8293
684,2776.59,4.206955,1.068351,0.527036,1.047092,30.4245,660,4,3.5,1.6,500,120,220,30,5,PF_LT_1_10;EQUITY_DD_GT_25;MAX_RECOVERY_STEPS_GT_3,-19.9238
2417,1134.76,1.614168,1.028479,0.441465,0.433116,22.8741,703,3,4.0,1.8,200,80,300,45,5,PF_LT_1_10;MAX_RECOVERY_STEPS_GT_3,-19.9316
2392,337.15,0.399941,1.012288,0.167833,0.157157,16.3752,843,3,1.0,2.0,400,40,100,30,7,PF_LT_1_10;MAX_RECOVERY_STEPS_GT_3,-19.9625
1297,1485.66,2.328621,1.049844,0.460518,0.614932,24.7132,638,6,2.0,2.0,450,80,180,30,5,PF_LT_1_10;MAX_RECOVERY_STEPS_GT_3,-19.9971
866,1512.74,1.944396,1.056189,0.394199,0.634500,25.0011,778,5,1.0,1.8,300,160,220,45,7,PF_LT_1_10;EQUITY_DD_GT_25;MAX_RECOVERY_STEPS_GT_3,-20.0203
199,589.49,0.818736,1.023072,0.272631,0.229120,18.8326,720,6,1.0,1.0,250,160,260,45,7,PF_LT_1_10;MAX_RECOVERY_STEPS_GT_3,-20.1162
970,1495.49,1.922224,1.055549,0.389339,0.627818,25.0469,778,5,1.0,1.8,300,160,220,30,7,PF_LT_1_10;EQUITY_DD_GT_25;MAX_RECOVERY_STEPS_GT_3,-20.2461
1003,1703.82,2.765942,1.043911,0.482587,0.616139,24.9427,616,5,3.5,1.2,100,160,220,30,5,PF_LT_1_10;MAX_RECOVERY_STEPS_GT_3,-20.3423
504,1076.40,1.855862,1.044931,0.384556,0.560869,22.7037,580,6,4.0,1.2,200,40,140,45,5,PF_LT_1_10;MAX_RECOVERY_STEPS_GT_3,-20.4709
754,2746.86,4.466439,1.071614,0.536702,0.965325,29.9092,615,6,4.0,1.8,150,200,180,45,7,PF_LT_1_10;EQUITY_DD_GT_25;MAX_RECOVERY_STEPS_GT_3,-20.5216
282,816.63,1.327854,1.037190,0.322538,0.452726,21.1705,615,6,2.0,1.4,400,40,100,45,5,PF_LT_1_10;MAX_RECOVERY_STEPS_GT_3,-20.5436
1575,1873.02,2.541411,1.056291,0.473978,0.674073,26.9397,737,5,1.5,1.6,450,120,260,45,7,PF_LT_1_10;EQUITY_DD_GT_25;MAX_RECOVERY_STEPS_GT_3,-20.5705
777,1837.49,3.135648,1.052978,0.483310,0.692517,25.7583,586,6,2.5,2.0,500,200,180,15,5,PF_LT_1_10;EQUITY_DD_GT_25;MAX_RECOVERY_STEPS_GT_3,-20.5907
1037,1845.61,2.796379,1.052777,0.502487,0.740358,27.3018,660,6,4.0,1.2,200,80,300,15,7,PF_LT_1_10;EQUITY_DD_GT_25;MAX_RECOVERY_STEPS_GT_3,-20.6227
1436,1336.41,1.737854,1.051623,0.365951,0.559070,24.3664,769,5,1.0,1.8,250,160,220,45,5,PF_LT_1_10;MAX_RECOVERY_STEPS_GT_3,-20.6847
743,1762.53,2.889393,1.044523,0.483489,0.634811,25.3977,610,5,3.5,1.2,200,160,220,30,5,PF_LT_1_10;EQUITY_DD_GT_25;MAX_RECOVERY_STEPS_GT_3,-20.7229
110,1074.59,1.288477,1.033411,0.338492,0.412053,22.3023,834,4,1.0,2.0,400,120,300,45,5,PF_LT_1_10;MAX_RECOVERY_STEPS_GT_3,-20.8582
287,608.28,0.876484,1.016362,0.238005,0.291775,19.4146,694,3,3.5,1.4,450,160,100,15,7,PF_LT_1_10;MAX_RECOVERY_STEPS_GT_3,-21.0186
1374,2133.62,3.128475,1.066338,0.479059,0.892710,29.4159,682,5,2.0,1.2,400,80,260,15,5,PF_LT_1_10;EQUITY_DD_GT_25;MAX_RECOVERY_STEPS_GT_3,-21.0546
1274,810.50,1.040436,1.029964,0.283914,0.327929,20.8905,779,5,1.0,1.2,200,200,220,15,5,PF_LT_1_10;MAX_RECOVERY_STEPS_GT_3,-21.0766
136,-1659.49,-3.647231,0.950717,-0.294802,-0.825558,40.2956,455,3,3.0,1.4,450,120,260,30,3,PF_LT_1_10;EQUITY_DD_GT_25,-21.2572
932,1782.98,2.705584,1.050981,0.485695,0.715705,27.3355,659,6,4.0,1.2,200,80,260,15,7,PF_LT_1_10;EQUITY_DD_GT_25;MAX_RECOVERY_STEPS_GT_3,-21.2700
551,1775.69,2.439135,1.052317,0.424539,0.695579,27.0146,728,4,2.0,1.8,400,80,220,45,5,PF_LT_1_10;EQUITY_DD_GT_25;MAX_RECOVERY_STEPS_GT_3,-21.3747
1294,2470.85,4.492455,1.061906,0.530567,0.803509,28.1750,550,7,3.5,1.2,450,200,260,15,5,PF_LT_1_10;EQUITY_DD_GT_25;MAX_RECOVERY_STEPS_GT_3,-21.5571
1364,730.75,0.821067,1.023644,0.292905,0.280675,20.8287,890,3,1.0,1.8,200,80,180,45,5,PF_LT_1_10;MAX_RECOVERY_STEPS_GT_3,-21.6012
1726,1545.60,1.894118,1.041080,0.530010,0.518963,26.6295,816,3,2.5,1.4,300,80,220,45,7,PF_LT_1_10;EQUITY_DD_GT_25;MAX_RECOVERY_STEPS_GT_3,-21.6050
87,1468.37,1.856346,1.040750,0.438813,0.512995,25.4473,791,4,1.5,2.0,200,160,260,30,5,PF_LT_1_10;EQUITY_DD_GT_25;MAX_RECOVERY_STEPS_GT_3,-21.6642
1207,1965.35,2.873319,1.048629,0.451847,0.723810,27.7101,684,4,2.5,1.2,350,200,220,15,5,PF_LT_1_10;EQUITY_DD_GT_25;MAX_RECOVERY_STEPS_GT_3,-21.7802
2206,1461.11,2.632631,1.037693,0.441238,0.497510,23.6528,555,7,4.0,1.0,100,160,300,15,5,PF_LT_1_10;MAX_RECOVERY_STEPS_GT_3,-21.8113
849,3083.20,4.700000,1.076256,0.529432,1.063187,32.5276,656,6,3.5,1.6,450,120,220,45,7,PF_LT_1_10;EQUITY_DD_GT_25;MAX_RECOVERY_STEPS_GT_3,-21.8778
281,2354.69,3.702343,1.074766,0.479300,1.011689,31.0009,636,6,3.0,1.4,350,80,100,45,7,PF_LT_1_10;EQUITY_DD_GT_25;MAX_RECOVERY_STEPS_GT_3,-22.0148
435,1543.68,2.233980,1.042216,0.418769,0.546810,25.7592,691,5,3.0,1.8,200,160,180,30,7,PF_LT_1_10;EQUITY_DD_GT_25;MAX_RECOVERY_STEPS_GT_3,-22.0406
1763,1417.68,2.554378,1.036504,0.428200,0.484773,23.6345,555,7,4.0,1.0,100,160,300,30,5,PF_LT_1_10;MAX_RECOVERY_STEPS_GT_3,-22.1756
85,1078.89,1.579634,1.033907,0.329782,0.501371,23.8748,683,4,2.5,1.4,150,80,100,15,5,PF_LT_1_10;MAX_RECOVERY_STEPS_GT_3,-22.2060
380,-2369.70,-3.696880,0.922865,-0.552366,-1.026377,37.6239,641,3,1.5,1.0,150,160,180,15,3,PF_LT_1_10;EQUITY_DD_GT_25,-22.2405
2018,2025.91,2.437918,1.055170,0.533289,0.747507,29.8249,831,3,2.5,1.6,100,80,220,15,7,PF_LT_1_10;EQUITY_DD_GT_25;MAX_RECOVERY_STEPS_GT_3,-22.3716
759,3052.96,4.653902,1.075508,0.520894,1.053785,32.7431,656,6,3.5,1.8,450,120,220,15,7,PF_LT_1_10;EQUITY_DD_GT_25;MAX_RECOVERY_STEPS_GT_3,-22.3998
689,2346.07,3.196281,1.050028,0.457387,0.787312,29.3516,734,4,4.0,1.6,300,200,260,15,7,PF_LT_1_10;EQUITY_DD_GT_25;MAX_RECOVERY_STEPS_GT_3,-22.5640
284,1462.20,1.947004,1.043354,0.396516,0.525064,25.8821,751,5,1.5,1.2,450,160,300,30,7,PF_LT_1_10;EQUITY_DD_GT_25;MAX_RECOVERY_STEPS_GT_3,-22.6117
472,-2479.45,-4.625840,0.922837,-0.582185,-1.047647,36.1552,536,3,2.0,2.0,300,200,220,30,3,PF_LT_1_10;EQUITY_DD_GT_25,-22.6390
1219,2571.65,4.108067,1.077117,0.496601,0.970216,31.4332,626,6,2.0,2.0,300,200,180,45,5,PF_LT_1_10;EQUITY_DD_GT_25;MAX_RECOVERY_STEPS_GT_3,-22.6409
1180,375.55,0.609659,1.014575,0.185459,0.165224,18.3400,616,7,2.0,2.0,150,80,100,30,7,PF_LT_1_10;MAX_RECOVERY_STEPS_GT_3,-23.0760
851,1938.34,2.481869,1.037273,0.458416,0.610232,27.8311,781,3,4.0,1.4,350,160,220,30,7,PF_LT_1_10;EQUITY_DD_GT_25;MAX_RECOVERY_STEPS_GT_3,-23.1450
1986,3188.92,6.062586,1.075837,0.546875,1.009725,31.8501,526,7,4.0,1.0,200,200,300,30,5,PF_LT_1_10;EQUITY_DD_GT_25;MAX_RECOVERY_STEPS_GT_3,-23.1567
2016,3005.40,5.524632,1.071785,0.537044,0.953748,31.3560,544,7,4.0,1.0,150,200,300,30,5,PF_LT_1_10;EQUITY_DD_GT_25;MAX_RECOVERY_STEPS_GT_3,-23.2475
826,1326.26,1.792243,1.037054,0.397664,0.561270,26.4932,740,3,2.0,1.6,450,80,140,45,5,PF_LT_1_10;EQUITY_DD_GT_25;MAX_RECOVERY_STEPS_GT_3,-23.2542
623,185.56,0.230796,1.005052,0.088544,0.081242,17.2608,804,3,3.0,2.0,100,80,140,45,7,PF_LT_1_10;MAX_RECOVERY_STEPS_GT_3,-23.3028
906,3209.36,4.937477,1.080444,0.505636,1.102065,33.8497,650,5,3.0,1.6,400,200,220,15,5,PF_LT_1_10;EQUITY_DD_GT_25;MAX_RECOVERY_STEPS_GT_3,-23.3085
2179,2786.49,5.066345,1.067658,0.528977,0.873327,30.5170,550,7,4.0,1.0,100,200,300,30,5,PF_LT_1_10;EQUITY_DD_GT_25;MAX_RECOVERY_STEPS_GT_3,-23.3341
127,704.86,0.855413,1.025283,0.274721,0.281450,22.1107,824,4,1.0,2.0,200,200,300,30,5,PF_LT_1_10;MAX_RECOVERY_STEPS_GT_3,-23.3602
1135,1893.00,2.708155,1.061692,0.427905,0.748520,29.6091,699,5,2.0,1.4,400,80,220,15,5,PF_LT_1_10;EQUITY_DD_GT_25;MAX_RECOVERY_STEPS_GT_3,-23.5357
482,2039.29,2.968399,1.047181,0.444214,0.747798,29.3226,687,4,4.0,1.8,150,200,180,30,7,PF_LT_1_10;EQUITY_DD_GT_25;MAX_RECOVERY_STEPS_GT_3,-23.5607
907,-2532.82,-3.226522,0.921468,-0.547536,-1.108868,39.0285,785,3,1.0,1.0,450,160,260,45,3,PF_LT_1_10;EQUITY_DD_GT_25,-23.8845
286,-2431.11,-3.757512,0.922040,-0.539189,-1.041268,39.1456,647,3,1.5,1.8,350,200,180,45,3,PF_LT_1_10;EQUITY_DD_GT_25,-23.9610
274,330.26,0.467790,1.008482,0.134722,0.142980,19.1792,706,3,4.0,2.0,250,80,300,45,5,PF_LT_1_10;MAX_RECOVERY_STEPS_GT_3,-24.1024
26,212.76,0.267960,1.006359,0.107406,0.097163,18.3740,794,3,3.0,1.8,100,40,140,15,7,PF_LT_1_10;MAX_RECOVERY_STEPS_GT_3,-24.1371
81,1230.10,1.433683,1.035826,0.321694,0.459622,25.4256,858,4,1.0,1.6,400,200,300,30,7,PF_LT_1_10;EQUITY_DD_GT_25;MAX_RECOVERY_STEPS_GT_3,-24.2201
899,1426.94,2.126587,1.045116,0.379574,0.581408,27.2563,671,6,2.5,1.4,250,80,180,45,7,PF_LT_1_10;EQUITY_DD_GT_25;MAX_RECOVERY_STEPS_GT_3,-24.3216
2226,722.94,0.821523,1.021957,0.242285,0.313224,22.6948,880,3,1.0,2.0,400,40,220,30,5,PF_LT_1_10;MAX_RECOVERY_STEPS_GT_3,-24.3373
1503,1996.20,3.061656,1.062674,0.444199,0.825383,30.6582,652,6,2.0,1.2,100,80,220,15,5,PF_LT_1_10;EQUITY_DD_GT_25;MAX_RECOVERY_STEPS_GT_3,-24.3670
97,1155.13,1.375155,1.025257,0.333791,0.363346,24.6495,840,3,2.0,1.4,350,160,300,30,7,PF_LT_1_10;MAX_RECOVERY_STEPS_GT_3,-24.4775
540,1761.65,2.714407,1.050364,0.388661,0.754563,29.0246,649,5,3.5,1.6,400,80,180,30,5,PF_LT_1_10;EQUITY_DD_GT_25;MAX_RECOVERY_STEPS_GT_3,-24.5390
767,2201.53,2.975041,1.050539,0.433131,0.783596,30.6790,740,4,2.5,1.2,350,200,220,15,7,PF_LT_1_10;EQUITY_DD_GT_25;MAX_RECOVERY_STEPS_GT_3,-24.6122
1381,2558.38,4.093408,1.073527,0.468582,0.936685,32.4919,625,7,2.0,2.0,150,200,220,30,5,PF_LT_1_10;EQUITY_DD_GT_25;MAX_RECOVERY_STEPS_GT_3,-24.8135
345,2342.79,2.980649,1.057138,0.417259,0.921273,32.0621,786,4,2.0,1.0,200,160,180,15,7,PF_LT_1_10;EQUITY_DD_GT_25;MAX_RECOVERY_STEPS_GT_3,-24.8317
61,699.53,0.886603,1.027987,0.226000,0.339674,23.3456,789,4,1.0,1.0,300,80,100,15,7,PF_LT_1_10;MAX_RECOVERY_STEPS_GT_3,-24.8987
948,1587.74,2.484726,1.046376,0.409428,0.625644,28.2021,639,5,3.5,1.2,200,80,300,15,5,PF_LT_1_10;EQUITY_DD_GT_25;MAX_RECOVERY_STEPS_GT_3,-24.8991
746,-2631.96,-4.530052,0.907649,-0.776644,-1.491928,32.0468,581,3,2.5,1.8,400,40,180,45,3,PF_LT_1_10;EQUITY_DD_GT_25,-24.9574
554,336.96,0.435912,1.009830,0.131396,0.140178,19.9226,773,4,1.5,1.8,250,80,300,45,5,PF_LT_1_10;MAX_RECOVERY_STEPS_GT_3,-25.0219
1961,1177.64,1.450296,1.032393,0.397865,0.418130,26.6068,812,3,2.5,1.8,300,80,260,30,7,PF_LT_1_10;EQUITY_DD_GT_25;MAX_RECOVERY_STEPS_GT_3,-25.0563
2335,1164.88,1.434581,1.032042,0.393453,0.413531,26.6316,812,3,2.5,1.8,300,80,260,15,7,PF_LT_1_10;EQUITY_DD_GT_25;MAX_RECOVERY_STEPS_GT_3,-25.2169
1740,426.13,0.551982,1.012922,0.193913,0.178851,21.3326,772,3,4.0,1.4,100,80,140,45,7,PF_LT_1_10;MAX_RECOVERY_STEPS_GT_3,-25.2366
662,1032.45,1.416255,1.030617,0.281353,0.451331,25.6740,729,4,2.0,1.8,250,80,140,30,5,PF_LT_1_10;EQUITY_DD_GT_25;MAX_RECOVERY_STEPS_GT_3,-25.4874
46,244.06,0.340866,1.006772,0.102534,0.107347,19.8671,716,3,2.0,1.6,500,120,140,15,5,PF_LT_1_10;MAX_RECOVERY_STEPS_GT_3,-25.8700
1868,726.72,0.824881,1.023178,0.239430,0.312373,23.9833,881,3,1.0,1.6,350,40,220,30,5,PF_LT_1_10;MAX_RECOVERY_STEPS_GT_3,-25.8902
870,1290.84,1.967744,1.042178,0.336900,0.530427,27.5689,656,6,2.0,2.0,300,80,220,15,5,PF_LT_1_10;EQUITY_DD_GT_25;MAX_RECOVERY_STEPS_GT_3,-26.2318
719,1029.09,1.590556,1.033400,0.284052,0.463507,25.9532,647,4,2.5,1.0,100,120,100,15,5,PF_LT_1_10;EQUITY_DD_GT_25;MAX_RECOVERY_STEPS_GT_3,-26.3216
1342,2662.72,4.102804,1.072596,0.460654,0.894871,33.6637,649,7,2.0,2.0,350,200,260,45,7,PF_LT_1_10;EQUITY_DD_GT_25;MAX_RECOVERY_STEPS_GT_3,-26.3943
1236,1595.53,2.289139,1.053398,0.363177,0.635569,29.8557,697,5,2.0,1.4,400,80,180,45,5,PF_LT_1_10;EQUITY_DD_GT_25;MAX_RECOVERY_STEPS_GT_3,-26.3997
1102,610.86,1.060521,1.021670,0.199170,0.306876,22.4932,576,7,2.0,2.0,400,160,140,30,7,PF_LT_1_10;MAX_RECOVERY_STEPS_GT_3,-26.6431
581,601.37,1.045861,1.021342,0.195999,0.302347,22.5157,575,7,2.0,1.4,400,160,140,15,7,PF_LT_1_10;MAX_RECOVERY_STEPS_GT_3,-26.7934
1901,2288.54,4.342581,1.056583,0.438764,0.792618,30.9110,527,7,4.0,1.0,150,200,260,15,5,PF_LT_1_10;EQUITY_DD_GT_25;MAX_RECOVERY_STEPS_GT_3,-26.9323
1830,1524.75,2.353009,1.042611,0.342852,0.637730,29.2377,648,6,2.0,1.2,500,80,260,15,5,PF_LT_1_10;EQUITY_DD_GT_25;MAX_RECOVERY_STEPS_GT_3,-27.0543
398,176.42,0.233979,1.004056,0.068901,0.072195,20.1030,754,3,3.5,1.8,400,120,140,15,7,PF_LT_1_10;MAX_RECOVERY_STEPS_GT_3,-27.1380
302,471.69,0.616588,1.010508,0.160297,0.182549,22.5740,765,3,3.5,1.0,450,120,220,30,7,PF_LT_1_10;MAX_RECOVERY_STEPS_GT_3,-27.2552
599,1233.88,1.886667,1.035787,0.319823,0.492555,27.6844,654,5,3.5,1.2,100,80,300,15,5,PF_LT_1_10;EQUITY_DD_GT_25;MAX_RECOVERY_STEPS_GT_3,-27.2860
2290,1807.67,3.017813,1.045897,0.380246,0.693014,30.0261,599,6,3.5,1.6,250,160,220,30,5,PF_LT_1_10;EQUITY_DD_GT_25;MAX_RECOVERY_STEPS_GT_3,-27.3301
1760,2215.93,4.196837,1.055705,0.427835,0.765870,30.8946,528,7,4.0,1.0,100,200,260,15,5,PF_LT_1_10;EQUITY_DD_GT_25;MAX_RECOVERY_STEPS_GT_3,-27.3968
224,-2719.17,-4.656113,0.894448,-0.781012,-1.579517,33.0214,584,3,2.5,1.2,250,40,260,30,3,PF_LT_1_10;EQUITY_DD_GT_25,-27.4875
294,1193.88,1.776607,1.039654,0.315312,0.515889,28.3944,672,6,2.0,2.0,200,80,140,30,7,PF_LT_1_10;EQUITY_DD_GT_25;MAX_RECOVERY_STEPS_GT_3,-27.5999
44,712.50,1.213799,1.021920,0.221746,0.309273,23.7945,587,7,3.5,1.8,400,80,180,30,5,PF_LT_1_10;MAX_RECOVERY_STEPS_GT_3,-27.6253
238,1105.52,1.359803,1.030742,0.296110,0.406084,27.3307,813,4,1.5,1.6,100,200,260,30,7,PF_LT_1_10;EQUITY_DD_GT_25;MAX_RECOVERY_STEPS_GT_3,-27.6656
1500,770.98,1.219905,1.026068,0.215720,0.375107,24.9887,632,7,2.0,1.4,300,80,140,15,7,PF_LT_1_10;MAX_RECOVERY_STEPS_GT_3,-27.6731
314,1635.90,2.749412,1.043018,0.358807,0.627574,29.3405,595,6,4.0,1.2,100,120,260,15,5,PF_LT_1_10;EQUITY_DD_GT_25;MAX_RECOVERY_STEPS_GT_3,-27.7272
1464,1082.00,1.680124,1.036556,0.289498,0.465327,27.3775,644,6,2.0,1.4,350,80,180,30,5,PF_LT_1_10;EQUITY_DD_GT_25;MAX_RECOVERY_STEPS_GT_3,-27.8368
1112,817.43,1.387827,1.028352,0.238533,0.411879,25.3285,589,5,3.0,1.0,200,160,100,15,5,PF_LT_1_10;EQUITY_DD_GT_25;MAX_RECOVERY_STEPS_GT_3,-27.8821
471,352.39,0.507036,1.009832,0.130915,0.155063,22.4568,695,3,2.5,1.6,400,120,140,15,5,PF_LT_1_10;MAX_RECOVERY_STEPS_GT_3,-27.9849
940,92.84,0.108079,1.003154,0.038601,0.042072,20.1460,859,3,1.0,1.0,450,40,220,45,7,PF_LT_1_10;MAX_RECOVERY_STEPS_GT_3,-28.0187
129,688.47,0.765818,1.022383,0.212915,0.300165,25.3012,899,3,1.0,1.8,250,40,220,45,7,PF_LT_1_10;EQUITY_DD_GT_25;MAX_RECOVERY_STEPS_GT_3,-28.0384
185,829.40,0.993293,1.019771,0.262041,0.259039,25.6672,835,3,2.0,1.6,150,120,300,45,7,PF_LT_1_10;EQUITY_DD_GT_25;MAX_RECOVERY_STEPS_GT_3,-28.1729
1600,2389.59,4.376538,1.055975,0.440503,0.751861,31.8837,546,7,4.0,1.0,150,200,300,45,5,PF_LT_1_10;EQUITY_DD_GT_25;MAX_RECOVERY_STEPS_GT_3,-28.1804
2292,941.28,1.461615,1.031003,0.273370,0.373908,26.5143,644,6,2.0,1.4,350,80,300,30,5,PF_LT_1_10;EQUITY_DD_GT_25;MAX_RECOVERY_STEPS_GT_3,-28.2218
400,364.29,0.519672,1.009180,0.141591,0.144668,22.9003,701,3,4.0,1.6,200,80,300,15,5,PF_LT_1_10;MAX_RECOVERY_STEPS_GT_3,-28.4064
89,1185.98,1.696681,1.028572,0.290347,0.388710,27.6897,699,4,3.0,1.4,150,160,300,45,5,PF_LT_1_10;EQUITY_DD_GT_25;MAX_RECOVERY_STEPS_GT_3,-28.4066
29,1002.68,1.468053,1.030575,0.262080,0.442179,27.5985,683,5,3.5,1.0,450,80,220,15,7,PF_LT_1_10;EQUITY_DD_GT_25;MAX_RECOVERY_STEPS_GT_3,-28.4366
1820,360.06,0.403655,1.011681,0.138040,0.132087,22.9556,892,3,1.0,1.6,200,80,180,30,7,PF_LT_1_10;MAX_RECOVERY_STEPS_GT_3,-28.5664
1139,900.52,1.235281,1.030550,0.253184,0.363984,27.1704,729,5,1.5,1.0,200,120,140,15,5,PF_LT_1_10;EQUITY_DD_GT_25;MAX_RECOVERY_STEPS_GT_3,-28.6474
530,1874.48,2.866177,1.039354,0.373040,0.563644,30.4641,654,6,4.0,2.0,450,200,300,30,7,PF_LT_1_10;EQUITY_DD_GT_25;MAX_RECOVERY_STEPS_GT_3,-28.6674
556,-2377.70,-4.862372,0.922018,-0.477242,-1.341856,39.5270,489,3,3.0,1.6,350,80,100,30,3,PF_LT_1_10;EQUITY_DD_GT_25,-28.7532
145,-2783.51,-6.077533,0.902373,-0.708667,-1.406346,35.2450,458,4,3.0,1.2,450,120,140,30,3,PF_LT_1_10;EQUITY_DD_GT_25,-28.8616
289,-30.49,-0.042703,0.999006,-0.013073,-0.014042,19.6973,714,4,2.5,1.2,250,80,140,15,5,PF_LT_1_10;MAX_RECOVERY_STEPS_GT_3,-29.0081
2296,2359.88,3.653065,1.051048,0.378240,0.861261,33.8787,646,6,3.5,1.0,100,200,220,45,7,PF_LT_1_10;EQUITY_DD_GT_25;MAX_RECOVERY_STEPS_GT_3,-29.1730
1215,2258.95,3.371567,1.063272,0.407289,0.710787,33.6535,670,7,2.0,2.0,150,200,260,15,7,PF_LT_1_10;EQUITY_DD_GT_25;MAX_RECOVERY_STEPS_GT_3,-29.2516
708,653.84,1.113867,1.021981,0.202753,0.273995,24.6394,587,6,3.0,2.0,150,160,140,45,5,PF_LT_1_10;MAX_RECOVERY_STEPS_GT_3,-29.3041
723,3.34,0.006398,1.000131,0.001492,0.001614,18.2877,522,7,4.0,1.4,350,160,100,15,7,PF_LT_1_10;MAX_RECOVERY_STEPS_GT_3,-29.4433
1067,933.79,1.215872,1.027056,0.240278,0.373273,27.6649,768,5,1.5,1.0,200,120,300,30,7,PF_LT_1_10;EQUITY_DD_GT_25;MAX_RECOVERY_STEPS_GT_3,-29.4471
120,979.65,1.500230,1.028624,0.256192,0.402490,27.7620,653,5,3.5,1.2,100,80,260,15,5,PF_LT_1_10;EQUITY_DD_GT_25;MAX_RECOVERY_STEPS_GT_3,-29.6264
1097,648.27,1.050681,1.024023,0.196466,0.303931,25.5306,617,6,2.0,1.4,500,80,100,15,7,PF_LT_1_10;EQUITY_DD_GT_25;MAX_RECOVERY_STEPS_GT_3,-29.6712
1346,1341.71,2.136481,1.042986,0.309394,0.551929,30.0457,628,6,3.0,1.0,350,80,180,15,5,PF_LT_1_10;EQUITY_DD_GT_25;MAX_RECOVERY_STEPS_GT_3,-29.7478
440,241.25,0.344151,1.007925,0.078815,0.118454,23.1529,701,4,2.0,2.0,100,80,100,30,5,PF_LT_1_10;MAX_RECOVERY_STEPS_GT_3,-30.0187
73,143.32,0.171847,1.005106,0.050007,0.070735,22.3232,834,4,1.0,1.2,200,40,220,45,7,PF_LT_1_10;MAX_RECOVERY_STEPS_GT_3,-30.0800
2358,555.90,0.830942,1.012082,0.173107,0.200465,25.1258,669,3,4.0,1.8,200,200,220,30,5,PF_LT_1_10;EQUITY_DD_GT_25;MAX_RECOVERY_STEPS_GT_3,-30.2917
1017,348.80,0.603460,1.014513,0.121476,0.190796,23.3898,578,6,4.0,1.2,200,40,220,45,5,PF_LT_1_10;MAX_RECOVERY_STEPS_GT_3,-30.3982
317,326.77,0.431664,1.007845,0.099804,0.128778,24.0728,757,4,3.5,1.8,250,80,300,30,7,PF_LT_1_10;MAX_RECOVERY_STEPS_GT_3,-30.6646
1361,1162.44,1.677403,1.030255,0.332014,0.376503,30.0418,693,5,3.0,1.4,100,160,300,30,5,PF_LT_1_10;EQUITY_DD_GT_25;MAX_RECOVERY_STEPS_GT_3,-30.7648
5,12.84,0.018343,1.000294,0.004896,0.004745,21.6470,700,3,3.5,1.0,200,120,300,30,5,PF_LT_1_10;MAX_RECOVERY_STEPS_GT_3,-30.8388
527,1086.38,1.684310,1.031283,0.260164,0.460895,29.3463,645,5,4.0,1.2,100,80,300,45,5,PF_LT_1_10;EQUITY_DD_GT_25;MAX_RECOVERY_STEPS_GT_3,-30.8518
1265,1274.07,1.987629,1.037333,0.286009,0.496591,30.2523,641,6,2.0,1.4,350,120,220,30,5,PF_LT_1_10;EQUITY_DD_GT_25;MAX_RECOVERY_STEPS_GT_3,-30.9459
332,-98.03,-0.152457,0.996760,-0.041112,-0.046112,19.9630,643,4,2.5,2.0,300,120,100,30,5,PF_LT_1_10;MAX_RECOVERY_STEPS_GT_3,-30.9611
2065,-83.70,-0.093939,0.997178,-0.036681,-0.031890,20.9447,891,3,1.0,1.0,100,120,220,15,5,PF_LT_1_10;MAX_RECOVERY_STEPS_GT_3,-31.1015
1106,49.36,0.058553,1.002015,0.020017,0.025237,22.5027,843,3,1.0,1.0,200,40,100,30,7,PF_LT_1_10;MAX_RECOVERY_STEPS_GT_3,-31.3554
217,671.52,0.889430,1.020309,0.171918,0.352867,27.9938,755,4,3.0,1.8,300,40,300,45,7,PF_LT_1_10;EQUITY_DD_GT_25;MAX_RECOVERY_STEPS_GT_3,-31.4385
499,427.79,0.625424,1.012910,0.122512,0.216939,25.7474,684,3,4.0,1.8,250,80,100,45,5,PF_LT_1_10;EQUITY_DD_GT_25;MAX_RECOVERY_STEPS_GT_3,-31.4526
806,435.91,0.737580,1.014563,0.125234,0.220254,25.0114,591,4,4.0,1.6,300,200,100,30,5,PF_LT_1_10;EQUITY_DD_GT_25;MAX_RECOVERY_STEPS_GT_3,-31.7621
2218,123.37,0.143956,1.004295,0.044351,0.051044,23.4655,857,3,1.0,1.4,150,200,140,45,7,PF_LT_1_10;MAX_RECOVERY_STEPS_GT_3,-31.7709
2214,0.92,0.001082,1.000037,0.000380,0.000450,22.3333,850,3,1.0,1.0,200,40,100,15,7,PF_LT_1_10;MAX_RECOVERY_STEPS_GT_3,-31.7880
1043,1477.50,2.352707,1.038996,0.331483,0.517932,31.7133,628,6,2.5,1.0,100,200,220,30,5,PF_LT_1_10;EQUITY_DD_GT_25;MAX_RECOVERY_STEPS_GT_3,-31.8294
130,170.89,0.191796,1.005087,0.053526,0.063900,23.8908,891,3,1.0,2.0,450,120,300,15,7,PF_LT_1_10;MAX_RECOVERY_STEPS_GT_3,-31.9636
2343,117.52,0.130869,1.003710,0.041973,0.044904,23.8623,898,3,1.0,1.6,150,120,220,30,7,PF_LT_1_10;MAX_RECOVERY_STEPS_GT_3,-32.3675
1537,16.21,0.019275,1.000663,0.006350,0.008415,23.0558,841,3,1.0,1.0,100,40,100,45,7,PF_LT_1_10;MAX_RECOVERY_STEPS_GT_3,-32.4562
1352,13.85,0.016468,1.000567,0.005421,0.007185,23.0889,841,3,1.0,1.0,100,40,100,30,7,PF_LT_1_10;MAX_RECOVERY_STEPS_GT_3,-32.5267
2229,-258.97,-0.307931,0.990741,-0.106617,-0.127000,20.3420,841,3,1.0,1.6,350,40,100,30,5,PF_LT_1_10;MAX_RECOVERY_STEPS_GT_3,-32.6037
2098,219.94,0.260284,1.008699,0.073195,0.109373,25.1808,845,3,1.0,2.0,150,40,100,30,7,PF_LT_1_10;EQUITY_DD_GT_25;MAX_RECOVERY_STEPS_GT_3,-32.6109
60,1163.72,1.841329,1.038316,0.241135,0.545450,31.3799,632,6,2.0,2.0,200,80,100,30,5,PF_LT_1_10;EQUITY_DD_GT_25;MAX_RECOVERY_STEPS_GT_3,-32.6329
2327,477.21,0.538612,1.013984,0.127719,0.186764,26.8022,886,3,1.0,2.0,400,160,220,30,5,PF_LT_1_10;EQUITY_DD_GT_25;MAX_RECOVERY_STEPS_GT_3,-32.6512
642,-329.88,-0.396014,0.987484,-0.141426,-0.168414,19.5943,833,3,1.0,1.0,350,40,100,30,5,PF_LT_1_10;MAX_RECOVERY_STEPS_GT_3,-32.7567
98,98.44,0.147586,1.002769,0.031501,0.043852,23.6322,667,3,3.5,1.0,400,120,140,45,5,PF_LT_1_10;MAX_RECOVERY_STEPS_GT_3,-32.7729
2373,-119.24,-0.131177,0.996258,-0.046189,-0.046948,22.1146,909,3,1.0,1.4,250,80,180,30,7,PF_LT_1_10;MAX_RECOVERY_STEPS_GT_3,-32.8308
216,-517.28,-0.749681,0.983328,-0.269920,-0.262652,17.1970,690,3,2.0,1.2,400,200,100,45,7,PF_LT_1_10;MAX_RECOVERY_STEPS_GT_3,-33.0381
1809,-67.26,-0.095812,0.998198,-0.026815,-0.028212,22.7588,702,3,4.0,1.4,200,80,180,45,5,PF_LT_1_10;MAX_RECOVERY_STEPS_GT_3,-33.0580
2170,992.59,1.619233,1.027747,0.248298,0.337842,29.6899,613,7,4.0,1.0,450,120,300,30,7,PF_LT_1_10;EQUITY_DD_GT_25;MAX_RECOVERY_STEPS_GT_3,-33.3004
2403,-482.06,-0.627682,0.985890,-0.261760,-0.227161,18.0273,768,3,2.5,2.0,250,80,100,45,7,PF_LT_1_10;MAX_RECOVERY_STEPS_GT_3,-33.3246
649,-64.48,-0.076038,0.997419,-0.025610,-0.032082,23.0100,848,3,1.0,1.0,100,40,100,15,7,PF_LT_1_10;MAX_RECOVERY_STEPS_GT_3,-33.4073
423,771.05,1.135567,1.017407,0.186478,0.301159,29.1514,679,3,4.0,1.0,150,160,220,30,5,PF_LT_1_10;EQUITY_DD_GT_25;MAX_RECOVERY_STEPS_GT_3,-33.4781
333,-180.90,-0.281776,0.994012,-0.067753,-0.075792,21.4556,642,7,2.5,1.4,300,80,220,45,7,PF_LT_1_10;MAX_RECOVERY_STEPS_GT_3,-33.5591
1331,112.48,0.163726,1.003063,0.042846,0.046936,25.0562,687,3,4.0,1.4,400,80,180,30,5,PF_LT_1_10;EQUITY_DD_GT_25;MAX_RECOVERY_STEPS_GT_3,-33.9777
2138,-3085.81,-5.432764,0.885880,-0.806166,-1.774960,36.2035,568,3,2.5,1.6,450,40,220,30,3,PF_LT_1_10;EQUITY_DD_GT_25,-34.1662
2195,933.06,1.524608,1.026125,0.228676,0.319764,30.0023,612,7,4.0,1.0,450,120,260,45,7,PF_LT_1_10;EQUITY_DD_GT_25;MAX_RECOVERY_STEPS_GT_3,-34.2512
1653,-241.27,-0.274795,0.992465,-0.084800,-0.091842,22.5738,878,3,1.0,1.0,450,120,260,30,5,PF_LT_1_10;MAX_RECOVERY_STEPS_GT_3,-34.5427
596,-250.48,-0.284636,0.992124,-0.088111,-0.095114,22.5755,880,3,1.0,1.0,450,120,260,30,7,PF_LT_1_10;MAX_RECOVERY_STEPS_GT_3,-34.6391
660,-343.01,-0.409809,0.986264,-0.147259,-0.165142,21.6299,837,3,1.0,1.0,100,40,100,15,5,PF_LT_1_10;MAX_RECOVERY_STEPS_GT_3,-35.2969
781,-251.09,-0.298917,0.989738,-0.105075,-0.117905,22.7154,840,3,1.0,1.0,150,40,100,15,5,PF_LT_1_10;MAX_RECOVERY_STEPS_GT_3,-35.3728
2254,-327.34,-0.369876,0.989403,-0.127175,-0.123658,22.3928,885,3,1.0,1.6,150,120,220,30,5,PF_LT_1_10;MAX_RECOVERY_STEPS_GT_3,-35.3865
247,1421.46,2.467812,1.041255,0.258882,0.600736,33.9286,576,6,3.5,1.4,100,120,140,30,5,PF_LT_1_10;EQUITY_DD_GT_25;MAX_RECOVERY_STEPS_GT_3,-35.4405
1519,249.09,0.285654,1.007273,0.067768,0.108539,27.5000,872,3,1.0,1.6,400,40,260,15,5,PF_LT_1_10;EQUITY_DD_GT_25;MAX_RECOVERY_STEPS_GT_3,-35.5190
510,-372.19,-0.533223,0.988146,-0.156253,-0.188696,21.7426,698,3,4.0,1.8,150,120,100,15,7,PF_LT_1_10;MAX_RECOVERY_STEPS_GT_3,-35.7653
717,-277.88,-0.370507,0.992658,-0.092974,-0.104130,23.5136,750,4,4.0,1.8,100,120,220,45,7,PF_LT_1_10;MAX_RECOVERY_STEPS_GT_3,-35.9092
725,1291.27,2.001969,1.027577,0.240864,0.404255,32.8493,645,6,4.0,2.0,450,200,260,45,7,PF_LT_1_10;EQUITY_DD_GT_25;MAX_RECOVERY_STEPS_GT_3,-35.9385
853,-251.51,-0.305973,0.990058,-0.093881,-0.129813,23.2852,822,3,1.0,1.0,350,160,100,30,5,PF_LT_1_10;MAX_RECOVERY_STEPS_GT_3,-35.9966
1322,676.31,1.032534,1.019983,0.160463,0.280592,30.5309,655,5,3.0,1.6,150,80,180,15,5,PF_LT_1_10;EQUITY_DD_GT_25;MAX_RECOVERY_STEPS_GT_3,-36.0295
12,202.59,0.253872,1.005617,0.053898,0.078935,27.4420,798,4,1.5,1.6,350,200,260,30,7,PF_LT_1_10;EQUITY_DD_GT_25;MAX_RECOVERY_STEPS_GT_3,-36.0347
1058,-454.73,-0.516739,0.984968,-0.174949,-0.185177,21.7745,880,3,1.0,1.0,450,80,180,15,7,PF_LT_1_10;MAX_RECOVERY_STEPS_GT_3,-36.1315
382,36.36,0.052849,1.001163,0.010739,0.016525,26.3147,688,5,2.5,1.6,100,80,100,45,7,PF_LT_1_10;EQUITY_DD_GT_25;MAX_RECOVERY_STEPS_GT_3,-36.3638
218,87.17,0.120734,1.002787,0.031682,0.031332,26.9331,722,4,2.5,2.0,200,120,180,30,5,PF_LT_1_10;EQUITY_DD_GT_25;MAX_RECOVERY_STEPS_GT_3,-36.3900
111,635.87,0.845572,1.016936,0.165477,0.266253,31.3681,752,3,2.0,1.4,500,80,260,15,5,PF_LT_1_10;EQUITY_DD_GT_25;MAX_RECOVERY_STEPS_GT_3,-36.5863
545,-192.62,-0.257513,0.993895,-0.061434,-0.090789,24.6539,748,4,1.5,1.6,300,80,100,30,5,PF_LT_1_10;MAX_RECOVERY_STEPS_GT_3,-36.6278
22,-516.03,-0.602135,0.982699,-0.198227,-0.213880,21.7127,857,3,1.0,1.2,500,80,180,30,5,PF_LT_1_10;MAX_RECOVERY_STEPS_GT_3,-36.7730
1417,-262.98,-0.299863,0.990759,-0.098566,-0.103195,24.4835,877,3,1.0,1.0,100,120,180,45,5,PF_LT_1_10;MAX_RECOVERY_STEPS_GT_3,-37.2141
1472,-290.51,-0.479389,0.988747,-0.111200,-0.132204,23.0197,606,6,2.5,2.0,100,160,100,15,7,PF_LT_1_10;MAX_RECOVERY_STEPS_GT_3,-37.3504
600,-274.31,-0.312782,0.990360,-0.102576,-0.107602,24.5430,877,3,1.0,1.0,100,120,180,30,5,PF_LT_1_10;MAX_RECOVERY_STEPS_GT_3,-37.4037
2201,270.20,0.405706,1.008795,0.069444,0.110279,28.9849,666,6,2.0,1.6,450,80,300,15,7,PF_LT_1_10;EQUITY_DD_GT_25;MAX_RECOVERY_STEPS_GT_3,-37.6802
517,294.79,0.389934,1.007333,0.068596,0.113763,29.4504,756,4,4.0,2.0,300,120,260,15,7,PF_LT_1_10;EQUITY_DD_GT_25;MAX_RECOVERY_STEPS_GT_3,-37.7699
522,-357.33,-0.426408,0.985596,-0.137125,-0.183711,23.6536,838,3,1.0,1.0,100,40,100,45,5,PF_LT_1_10;MAX_RECOVERY_STEPS_GT_3,-37.7824
2412,-348.95,-0.435100,0.991327,-0.142093,-0.119130,24.2975,802,3,4.0,1.8,200,120,260,30,7,PF_LT_1_10;MAX_RECOVERY_STEPS_GT_3,-37.7832
521,-356.58,-0.425513,0.985618,-0.136779,-0.183218,23.6728,838,3,1.0,1.0,100,40,100,30,5,PF_LT_1_10;MAX_RECOVERY_STEPS_GT_3,-37.7946
1615,-427.43,-0.512506,0.984456,-0.151273,-0.195206,23.5016,834,3,1.0,1.0,450,160,140,30,5,PF_LT_1_10;MAX_RECOVERY_STEPS_GT_3,-37.9671
1272,-178.65,-0.309083,0.993883,-0.056180,-0.091168,24.4588,578,5,3.0,1.0,350,160,100,30,5,PF_LT_1_10;MAX_RECOVERY_STEPS_GT_3,-38.0619
1514,479.78,0.782675,1.013859,0.119213,0.175516,30.1308,613,7,3.5,1.2,450,120,260,45,7,PF_LT_1_10;EQUITY_DD_GT_25;MAX_RECOVERY_STEPS_GT_3,-38.1315
1562,-318.41,-0.362241,0.990354,-0.097959,-0.118400,25.1349,879,3,1.0,1.0,450,120,300,30,5,PF_LT_1_10;EQUITY_DD_GT_25;MAX_RECOVERY_STEPS_GT_3,-38.1529
2168,-305.23,-0.346459,0.990749,-0.093160,-0.114400,25.2591,881,3,1.0,1.0,450,120,300,15,5,PF_LT_1_10;EQUITY_DD_GT_25;MAX_RECOVERY_STEPS_GT_3,-38.1761
231,927.91,1.425361,1.022384,0.180261,0.372054,33.5062,651,4,3.0,1.0,250,200,180,30,5,PF_LT_1_10;EQUITY_DD_GT_25;MAX_RECOVERY_STEPS_GT_3,-38.2356
1047,-599.26,-0.682528,0.981818,-0.215483,-0.233052,22.8293,878,3,1.0,1.0,450,80,300,30,7,PF_LT_1_10;MAX_RECOVERY_STEPS_GT_3,-38.5943
1441,-481.60,-0.576077,0.982446,-0.170981,-0.219525,23.5513,836,3,1.0,1.0,450,160,140,30,7,PF_LT_1_10;MAX_RECOVERY_STEPS_GT_3,-38.6359
1510,1815.18,2.788295,1.047455,0.273502,0.617799,38.2674,651,7,2.0,2.0,400,200,300,15,7,PF_LT_1_10;EQUITY_DD_GT_25;MAX_RECOVERY_STEPS_GT_3,-38.7718
444,12.69,0.018233,1.000304,0.003225,0.005399,28.2095,696,3,3.5,1.4,300,80,220,15,5,PF_LT_1_10;EQUITY_DD_GT_25;MAX_RECOVERY_STEPS_GT_3,-38.7892
473,387.58,0.553686,1.009461,0.083123,0.160912,30.9810,700,4,3.0,1.8,300,120,220,45,5,PF_LT_1_10;EQUITY_DD_GT_25;MAX_RECOVERY_STEPS_GT_3,-38.7963
1059,1220.52,1.784386,1.026957,0.205395,0.516639,36.1604,684,3,3.0,1.2,350,160,180,45,5,PF_LT_1_10;EQUITY_DD_GT_25;MAX_RECOVERY_STEPS_GT_3,-38.8200
469,-851.48,-1.136822,0.974086,-0.455944,-0.420595,18.3904,749,3,3.5,1.8,100,80,100,15,7,PF_LT_1_10;MAX_RECOVERY_STEPS_GT_3,-39.0206
135,290.18,0.462807,1.008020,0.068960,0.125098,29.7946,627,5,3.5,2.0,300,120,220,30,5,PF_LT_1_10;EQUITY_DD_GT_25;MAX_RECOVERY_STEPS_GT_3,-39.0852
143,-34.90,-0.041400,0.998851,-0.008849,-0.015271,28.3543,843,4,1.0,1.2,400,80,220,45,7,PF_LT_1_10;EQUITY_DD_GT_25;MAX_RECOVERY_STEPS_GT_3,-39.3508
2375,-201.56,-0.298607,0.993514,-0.059158,-0.081703,26.7477,675,6,2.0,1.4,300,80,300,30,7,PF_LT_1_10;EQUITY_DD_GT_25;MAX_RECOVERY_STEPS_GT_3,-39.3858
2220,124.70,0.187801,1.004081,0.031836,0.051976,29.2331,664,6,2.0,2.0,450,80,260,15,7,PF_LT_1_10;EQUITY_DD_GT_25;MAX_RECOVERY_STEPS_GT_3,-39.3915
1107,259.98,0.414641,1.008727,0.070628,0.109519,29.9845,627,6,2.0,1.2,100,80,140,45,5,PF_LT_1_10;EQUITY_DD_GT_25;MAX_RECOVERY_STEPS_GT_3,-39.4342
1231,-283.89,-0.449193,0.990730,-0.085832,-0.138360,25.3961,632,5,3.0,1.4,250,200,100,45,7,PF_LT_1_10;EQUITY_DD_GT_25;MAX_RECOVERY_STEPS_GT_3,-39.4423
271,225.68,0.369362,1.007258,0.053353,0.114355,29.6306,611,6,3.0,1.0,450,80,100,15,7,PF_LT_1_10;EQUITY_DD_GT_25;MAX_RECOVERY_STEPS_GT_3,-39.5174
474,-813.73,-1.082088,0.980581,-0.324941,-0.339803,21.4211,752,3,3.0,2.0,400,120,140,15,7,PF_LT_1_10;MAX_RECOVERY_STEPS_GT_3,-39.6571
70,-545.63,-0.778359,0.979454,-0.193059,-0.292092,23.4353,701,4,1.5,1.2,450,120,100,45,7,PF_LT_1_10;MAX_RECOVERY_STEPS_GT_3,-39.6583
334,-227.66,-0.303952,0.992593,-0.079870,-0.104986,26.7969,749,3,2.0,1.2,400,40,180,30,5,PF_LT_1_10;EQUITY_DD_GT_25;MAX_RECOVERY_STEPS_GT_3,-39.6634
1955,-778.57,-0.919209,0.971066,-0.329912,-0.351519,21.0053,847,3,1.0,1.0,450,80,140,15,7,PF_LT_1_10;MAX_RECOVERY_STEPS_GT_3,-39.6829
752,0.64,0.000841,1.000016,0.000157,0.000249,28.9501,761,4,4.0,1.4,350,120,260,45,7,PF_LT_1_10;EQUITY_DD_GT_25;MAX_RECOVERY_STEPS_GT_3,-39.7344
383,383.86,0.533139,1.011704,0.080694,0.165075,31.8841,720,5,2.0,1.6,350,80,140,45,7,PF_LT_1_10;EQUITY_DD_GT_25;MAX_RECOVERY_STEPS_GT_3,-39.7982
375,225.35,0.333852,1.007250,0.054615,0.095220,30.5274,675,6,2.0,2.0,400,80,180,45,7,PF_LT_1_10;EQUITY_DD_GT_25;MAX_RECOVERY_STEPS_GT_3,-39.8522
1415,-495.72,-0.568486,0.981231,-0.182714,-0.231918,24.5709,872,3,1.0,1.0,100,40,140,30,7,PF_LT_1_10;MAX_RECOVERY_STEPS_GT_3,-40.2019
251,-72.58,-0.096388,0.998494,-0.017743,-0.026715,29.1810,753,3,3.0,2.0,450,200,220,15,7,PF_LT_1_10;EQUITY_DD_GT_25;MAX_RECOVERY_STEPS_GT_3,-40.6032
121,74.64,0.111904,1.002108,0.018018,0.029608,29.8867,667,5,3.0,1.4,350,80,260,15,5,PF_LT_1_10;EQUITY_DD_GT_25;MAX_RECOVERY_STEPS_GT_3,-40.6580
776,-543.35,-0.626701,0.979271,-0.202302,-0.254196,24.4912,867,3,1.0,1.0,100,40,140,15,5,PF_LT_1_10;MAX_RECOVERY_STEPS_GT_3,-40.6914
2167,-542.62,-0.625859,0.979298,-0.201276,-0.253916,24.5699,867,3,1.0,1.0,100,40,140,30,5,PF_LT_1_10;MAX_RECOVERY_STEPS_GT_3,-40.7668
629,-27.14,-0.039736,0.999204,-0.007086,-0.011079,29.5940,683,5,3.0,2.0,150,120,140,45,7,PF_LT_1_10;EQUITY_DD_GT_25;MAX_RECOVERY_STEPS_GT_3,-41.0006
174,311.51,0.405612,1.009328,0.079129,0.147947,32.7694,768,3,2.0,1.0,500,40,180,45,7,PF_LT_1_10;EQUITY_DD_GT_25;MAX_RECOVERY_STEPS_GT_3,-41.1746
1549,-784.03,-0.880933,0.975155,-0.290247,-0.306322,23.3007,890,3,1.0,1.6,200,80,220,45,5,PF_LT_1_10;MAX_RECOVERY_STEPS_GT_3,-41.2473
2246,-1041.65,-1.224031,0.964578,-0.509863,-0.421614,19.3561,851,3,1.0,1.6,450,80,180,30,5,PF_LT_1_10;MAX_RECOVERY_STEPS_GT_3,-41.3312
327,-471.74,-0.658855,0.985803,-0.141989,-0.197647,26.4846,716,5,4.0,1.4,100,80,180,45,7,PF_LT_1_10;EQUITY_DD_GT_25;MAX_RECOVERY_STEPS_GT_3,-41.3847
2287,368.98,0.543417,1.010974,0.083746,0.129336,32.7549,679,6,2.5,2.0,150,120,260,45,7,PF_LT_1_10;EQUITY_DD_GT_25;MAX_RECOVERY_STEPS_GT_3,-41.4877
2192,369.16,0.545288,1.011008,0.083692,0.130664,32.7759,677,6,2.5,2.0,150,120,260,15,7,PF_LT_1_10;EQUITY_DD_GT_25;MAX_RECOVERY_STEPS_GT_3,-41.5278
220,6.93,0.009340,1.000156,0.001578,0.002498,30.5012,742,4,4.0,1.6,450,120,300,15,7,PF_LT_1_10;EQUITY_DD_GT_25;MAX_RECOVERY_STEPS_GT_3,-41.5439
242,-564.10,-0.982753,0.979934,-0.208848,-0.266290,23.5943,574,4,4.0,1.8,500,120,100,45,5,PF_LT_1_10;MAX_RECOVERY_STEPS_GT_3,-41.6111
609,-532.97,-0.582481,0.984066,-0.157042,-0.204803,26.3887,915,3,1.0,1.6,250,120,300,15,7,PF_LT_1_10;EQUITY_DD_GT_25;MAX_RECOVERY_STEPS_GT_3,-41.6278
80,-3630.39,-5.799345,0.889855,-0.680316,-1.708674,45.5865,626,4,1.5,1.6,250,80,300,30,3,PF_LT_1_10;EQUITY_DD_GT_25,-41.9075
2157,-456.49,-0.672297,0.985548,-0.136666,-0.190342,26.8871,679,6,2.0,1.4,350,80,300,15,7,PF_LT_1_10;EQUITY_DD_GT_25;MAX_RECOVERY_STEPS_GT_3,-42.0237
430,-39.28,-0.062152,0.998703,-0.010581,-0.017459,29.7297,632,6,2.0,2.0,450,80,140,30,5,PF_LT_1_10;EQUITY_DD_GT_25;MAX_RECOVERY_STEPS_GT_3,-42.0258
1546,-357.44,-0.514302,0.990974,-0.094707,-0.152114,28.1303,695,3,3.5,1.6,400,80,180,45,5,PF_LT_1_10;EQUITY_DD_GT_25;MAX_RECOVERY_STEPS_GT_3,-42.0854
83,-841.75,-0.936318,0.973548,-0.317255,-0.330020,23.4312,899,3,1.0,1.2,150,80,300,45,5,PF_LT_1_10;MAX_RECOVERY_STEPS_GT_3,-42.1023
539,-442.48,-0.616267,0.987967,-0.135669,-0.161138,27.5514,718,5,3.0,2.0,150,120,180,30,7,PF_LT_1_10;EQUITY_DD_GT_25;MAX_RECOVERY_STEPS_GT_3,-42.1293
2362,257.51,0.379249,1.007592,0.059245,0.090189,32.7291,679,6,2.5,2.0,150,120,300,45,7,PF_LT_1_10;EQUITY_DD_GT_25;MAX_RECOVERY_STEPS_GT_3,-42.3899
2225,253.59,0.375133,1.007498,0.058333,0.089772,32.7408,676,6,2.5,2.0,150,120,300,30,7,PF_LT_1_10;EQUITY_DD_GT_25;MAX_RECOVERY_STEPS_GT_3,-42.4699
352,-310.25,-0.454912,0.989624,-0.084585,-0.150776,28.5738,682,5,3.0,1.8,150,80,100,15,7,PF_LT_1_10;EQUITY_DD_GT_25;MAX_RECOVERY_STEPS_GT_3,-42.6854
1650,443.17,0.695714,1.012703,0.092091,0.168298,33.7677,637,6,2.0,1.4,350,120,220,45,5,PF_LT_1_10;EQUITY_DD_GT_25;MAX_RECOVERY_STEPS_GT_3,-42.6907
1869,705.26,1.135684,1.021962,0.135258,0.284902,35.5226,621,6,2.0,1.4,350,200,180,15,5,PF_LT_1_10;EQUITY_DD_GT_25;MAX_RECOVERY_STEPS_GT_3,-42.7565
855,-131.71,-0.218787,0.996124,-0.032523,-0.057871,29.3177,602,5,3.5,1.8,450,120,140,45,5,PF_LT_1_10;EQUITY_DD_GT_25;MAX_RECOVERY_STEPS_GT_3,-42.7835
738,-215.73,-0.354819,0.994644,-0.054873,-0.076474,29.0236,608,5,4.0,1.8,450,160,300,45,5,PF_LT_1_10;EQUITY_DD_GT_25;MAX_RECOVERY_STEPS_GT_3,-42.9179
2398,-456.50,-0.674298,0.989008,-0.122034,-0.158090,28.2245,677,6,3.5,1.6,250,160,300,45,7,PF_LT_1_10;EQUITY_DD_GT_25;MAX_RECOVERY_STEPS_GT_3,-42.9941
2416,-448.70,-0.613817,0.988386,-0.143976,-0.175351,28.1907,731,3,2.5,1.4,350,160,180,45,5,PF_LT_1_10;EQUITY_DD_GT_25;MAX_RECOVERY_STEPS_GT_3,-43.1485
2407,-678.09,-0.837148,0.984211,-0.197385,-0.243021,26.9286,810,3,2.5,1.6,200,160,220,45,7,PF_LT_1_10;EQUITY_DD_GT_25;MAX_RECOVERY_STEPS_GT_3,-43.2579
1202,-999.93,-1.126047,0.968515,-0.376375,-0.377631,23.4992,888,3,1.0,1.6,150,80,260,15,5,PF_LT_1_10;MAX_RECOVERY_STEPS_GT_3,-43.7229
680,-269.49,-0.425063,0.992041,-0.074060,-0.116874,29.4484,634,5,3.0,1.6,200,120,140,30,5,PF_LT_1_10;EQUITY_DD_GT_25;MAX_RECOVERY_STEPS_GT_3,-43.8391
2332,-106.31,-0.160589,0.996580,-0.025403,-0.044193,31.2259,662,6,2.0,2.0,450,80,260,45,7,PF_LT_1_10;EQUITY_DD_GT_25;MAX_RECOVERY_STEPS_GT_3,-43.9566
1630,-106.31,-0.160589,0.996580,-0.025403,-0.044193,31.2259,662,6,2.0,1.6,450,80,260,45,7,PF_LT_1_10;EQUITY_DD_GT_25;MAX_RECOVERY_STEPS_GT_3,-43.9566
43,51.52,0.085157,1.001670,0.010934,0.024761,31.9166,605,6,3.0,2.0,450,80,140,15,5,PF_LT_1_10;EQUITY_DD_GT_25;MAX_RECOVERY_STEPS_GT_3,-44.1612
2330,91.76,0.141387,1.002248,0.018684,0.031698,32.7347,649,6,3.0,1.8,300,200,220,45,7,PF_LT_1_10;EQUITY_DD_GT_25;MAX_RECOVERY_STEPS_GT_3,-44.2884
144,-639.20,-1.027653,0.982432,-0.183546,-0.235107,27.1154,622,7,4.0,1.4,450,120,300,15,7,PF_LT_1_10;EQUITY_DD_GT_25;MAX_RECOVERY_STEPS_GT_3,-44.3719
2115,-142.69,-0.241847,0.995894,-0.034410,-0.056202,30.5249,590,7,4.0,1.0,450,120,180,30,7,PF_LT_1_10;EQUITY_DD_GT_25;MAX_RECOVERY_STEPS_GT_3,-44.4232
402,-573.12,-0.887183,0.985780,-0.155566,-0.200011,28.2104,646,6,4.0,1.6,500,160,300,15,7,PF_LT_1_10;EQUITY_DD_GT_25;MAX_RECOVERY_STEPS_GT_3,-44.4552
24,-445.42,-0.565254,0.991458,-0.108554,-0.150508,30.0431,788,3,4.0,1.6,300,200,260,45,7,PF_LT_1_10;EQUITY_DD_GT_25;MAX_RECOVERY_STEPS_GT_3,-44.4841
2411,-971.07,-1.091090,0.967629,-0.332589,-0.405543,24.4356,890,3,1.0,1.4,250,80,140,45,7,PF_LT_1_10;MAX_RECOVERY_STEPS_GT_3,-44.5000
346,-970.82,-1.090809,0.967625,-0.332247,-0.405709,24.4493,890,3,1.0,1.6,250,80,140,30,7,PF_LT_1_10;MAX_RECOVERY_STEPS_GT_3,-44.5131
1372,-266.31,-0.461542,0.992217,-0.066103,-0.108934,29.5197,577,6,3.5,1.6,450,160,180,30,5,PF_LT_1_10;EQUITY_DD_GT_25;MAX_RECOVERY_STEPS_GT_3,-44.5341
458,-312.41,-0.493539,0.989366,-0.076106,-0.150745,29.7621,633,5,3.0,1.8,300,80,100,45,5,PF_LT_1_10;EQUITY_DD_GT_25;MAX_RECOVERY_STEPS_GT_3,-44.6929
2282,-971.02,-1.125168,0.966164,-0.352414,-0.429505,24.1220,863,3,1.0,1.0,400,80,140,30,5,PF_LT_1_10;MAX_RECOVERY_STEPS_GT_3,-44.7119
641,-267.86,-0.434133,0.992583,-0.063410,-0.101906,30.2675,617,7,4.0,2.0,250,120,300,15,7,PF_LT_1_10;EQUITY_DD_GT_25;MAX_RECOVERY_STEPS_GT_3,-44.7365
561,-904.39,-1.054068,0.972659,-0.285835,-0.363102,25.8125,858,3,1.0,1.0,500,80,300,15,5,PF_LT_1_10;EQUITY_DD_GT_25;MAX_RECOVERY_STEPS_GT_3,-44.8505
420,-1114.40,-1.788764,0.964426,-0.456075,-0.444702,21.9992,623,7,2.5,2.0,250,160,180,30,7,PF_LT_1_10;MAX_RECOVERY_STEPS_GT_3,-45.0323
21,-850.82,-1.075626,0.982228,-0.261875,-0.309418,27.1458,791,3,3.5,1.8,100,160,220,45,7,PF_LT_1_10;EQUITY_DD_GT_25;MAX_RECOVERY_STEPS_GT_3,-45.2193
2203,-785.61,-1.179595,0.975201,-0.249986,-0.325016,26.5674,666,6,2.0,1.4,350,80,300,45,7,PF_LT_1_10;EQUITY_DD_GT_25;MAX_RECOVERY_STEPS_GT_3,-45.2345
524,-310.05,-0.368230,0.990200,-0.068908,-0.126596,31.7102,842,4,1.0,1.0,400,160,260,45,5,PF_LT_1_10;EQUITY_DD_GT_25;MAX_RECOVERY_STEPS_GT_3,-45.6948
1745,-394.32,-0.516802,0.991498,-0.090017,-0.154957,31.3203,763,3,3.0,1.4,400,160,180,45,7,PF_LT_1_10;EQUITY_DD_GT_25;MAX_RECOVERY_STEPS_GT_3,-45.7818
406,-167.80,-0.226451,0.996106,-0.034756,-0.061639,32.9325,741,4,3.0,1.8,250,200,220,30,7,PF_LT_1_10;EQUITY_DD_GT_25;MAX_RECOVERY_STEPS_GT_3,-45.7930
1224,-867.55,-0.969330,0.974001,-0.254176,-0.349940,27.2062,895,3,1.0,1.0,350,80,260,30,7,PF_LT_1_10;EQUITY_DD_GT_25;MAX_RECOVERY_STEPS_GT_3,-45.8694
633,-1065.40,-1.209308,0.962641,-0.400498,-0.428726,24.4112,881,3,1.0,1.0,100,80,180,45,5,PF_LT_1_10;MAX_RECOVERY_STEPS_GT_3,-45.8957
538,-362.19,-0.476566,0.992521,-0.080903,-0.137119,31.7176,760,3,3.0,1.8,350,200,180,30,7,PF_LT_1_10;EQUITY_DD_GT_25;MAX_RECOVERY_STEPS_GT_3,-45.9076
628,-1056.81,-1.199557,0.962897,-0.395351,-0.424742,24.5357,881,3,1.0,1.0,100,80,180,15,5,PF_LT_1_10;MAX_RECOVERY_STEPS_GT_3,-45.9191
840,-206.43,-0.283558,0.995483,-0.043229,-0.078712,32.7771,728,3,3.0,2.0,300,160,220,15,5,PF_LT_1_10;EQUITY_DD_GT_25;MAX_RECOVERY_STEPS_GT_3,-45.9262
1945,-1069.60,-1.214075,0.962481,-0.401104,-0.430252,24.4734,881,3,1.0,1.0,100,80,180,30,5,PF_LT_1_10;MAX_RECOVERY_STEPS_GT_3,-46.0003
664,-3829.31,-6.059035,0.874351,-0.694980,-1.860248,47.1717,632,4,1.5,1.8,300,80,180,30,3,PF_LT_1_10;EQUITY_DD_GT_25,-46.0024
1303,-732.09,-0.819810,0.976014,-0.207751,-0.296200,28.5903,893,3,1.0,1.0,200,200,220,15,7,PF_LT_1_10;EQUITY_DD_GT_25;MAX_RECOVERY_STEPS_GT_3,-46.2261
1822,-617.34,-0.786420,0.986847,-0.162694,-0.214835,30.1842,785,3,3.0,1.8,400,120,260,30,7,PF_LT_1_10;EQUITY_DD_GT_25;MAX_RECOVERY_STEPS_GT_3,-46.2702
1579,-742.44,-0.859306,0.975731,-0.210228,-0.308930,28.6570,864,3,1.0,1.0,450,200,220,15,5,PF_LT_1_10;EQUITY_DD_GT_25;MAX_RECOVERY_STEPS_GT_3,-46.4805
477,-1005.85,-1.294530,0.966149,-0.349817,-0.503900,25.1042,777,3,1.5,1.4,250,120,100,30,5,PF_LT_1_10;EQUITY_DD_GT_25;MAX_RECOVERY_STEPS_GT_3,-46.5961
998,-754.54,-0.875336,0.975359,-0.213690,-0.311678,28.6828,862,3,1.0,1.0,450,200,220,30,5,PF_LT_1_10;EQUITY_DD_GT_25;MAX_RECOVERY_STEPS_GT_3,-46.6039
1054,-658.77,-1.048997,0.979945,-0.172837,-0.252930,28.9788,628,7,3.0,1.8,100,120,220,45,7,PF_LT_1_10;EQUITY_DD_GT_25;MAX_RECOVERY_STEPS_GT_3,-46.6269
761,164.65,0.263019,1.004652,0.030587,0.066129,35.1329,626,5,3.5,1.6,400,120,220,15,5,PF_LT_1_10;EQUITY_DD_GT_25;MAX_RECOVERY_STEPS_GT_3,-46.8514
1584,-691.66,-0.890167,0.984400,-0.171810,-0.256612,30.1913,777,3,3.0,1.8,250,160,180,30,7,PF_LT_1_10;EQUITY_DD_GT_25;MAX_RECOVERY_STEPS_GT_3,-46.9188
2240,-202.17,-0.295139,0.994000,-0.042562,-0.080518,33.3957,685,6,2.0,1.4,350,80,260,45,7,PF_LT_1_10;EQUITY_DD_GT_25;MAX_RECOVERY_STEPS_GT_3,-46.9427
371,25.22,0.038980,1.000566,0.004680,0.010141,34.9624,647,4,3.0,1.8,500,160,180,45,5,PF_LT_1_10;EQUITY_DD_GT_25;MAX_RECOVERY_STEPS_GT_3,-47.5080
123,-687.46,-1.077524,0.982312,-0.176059,-0.300125,29.5426,638,3,3.5,1.0,500,200,140,45,5,PF_LT_1_10;EQUITY_DD_GT_25;MAX_RECOVERY_STEPS_GT_3,-47.5980
983,-221.76,-0.322326,0.993201,-0.045167,-0.092316,34.0218,688,6,2.0,1.4,350,80,220,45,7,PF_LT_1_10;EQUITY_DD_GT_25;MAX_RECOVERY_STEPS_GT_3,-47.8362
1267,-932.23,-1.379038,0.975458,-0.258673,-0.323632,28.8380,676,6,3.5,1.8,200,160,300,45,7,PF_LT_1_10;EQUITY_DD_GT_25;MAX_RECOVERY_STEPS_GT_3,-47.9238
2085,-1386.13,-1.713387,0.947765,-0.637964,-0.650173,20.8829,809,3,1.0,1.6,500,40,300,15,5,PF_LT_1_10;MAX_RECOVERY_STEPS_GT_3,-47.9589
270,-1385.85,-1.713041,0.947776,-0.634544,-0.650251,20.9782,809,3,1.0,1.6,500,40,260,30,7,PF_LT_1_10;MAX_RECOVERY_STEPS_GT_3,-48.0224
79,-1005.76,-1.406657,0.967008,-0.374122,-0.480894,26.2266,715,3,4.0,1.6,250,40,220,15,5,PF_LT_1_10;EQUITY_DD_GT_25;MAX_RECOVERY_STEPS_GT_3,-48.0474
2249,-360.00,-0.488467,0.990562,-0.091516,-0.140327,33.3033,737,3,2.5,1.4,350,120,180,30,5,PF_LT_1_10;EQUITY_DD_GT_25;MAX_RECOVERY_STEPS_GT_3,-48.0703
1311,-173.84,-0.326154,0.995580,-0.037270,-0.067821,33.0961,533,7,4.0,1.0,100,200,220,30,5,PF_LT_1_10;EQUITY_DD_GT_25;MAX_RECOVERY_STEPS_GT_3,-48.4930
742,-923.62,-1.056773,0.968408,-0.267985,-0.444319,28.6672,874,3,1.0,1.0,100,40,220,15,7,PF_LT_1_10;EQUITY_DD_GT_25;MAX_RECOVERY_STEPS_GT_3,-48.9693
1999,-922.74,-1.055767,0.968438,-0.267251,-0.443983,28.7038,874,3,1.0,1.0,100,40,220,30,7,PF_LT_1_10;EQUITY_DD_GT_25;MAX_RECOVERY_STEPS_GT_3,-48.9978
480,-1103.66,-1.659639,0.972709,-0.327344,-0.476167,27.4828,665,3,4.0,1.0,400,120,180,45,5,PF_LT_1_10;EQUITY_DD_GT_25;MAX_RECOVERY_STEPS_GT_3,-49.1064
2001,-1273.71,-1.450695,0.955739,-0.456368,-0.522512,25.4771,878,3,1.0,1.0,200,80,220,15,5,PF_LT_1_10;EQUITY_DD_GT_25;MAX_RECOVERY_STEPS_GT_3,-49.1923
323,-1417.40,-2.096746,0.943460,-0.563372,-0.603442,22.8711,676,6,1.0,1.4,500,160,180,30,5,PF_LT_1_10;MAX_RECOVERY_STEPS_GT_3,-49.2521
2404,-1040.47,-1.237182,0.962456,-0.322091,-0.458978,28.0008,841,3,1.0,1.8,350,160,140,30,5,PF_LT_1_10;EQUITY_DD_GT_25;MAX_RECOVERY_STEPS_GT_3,-49.3361
2360,-818.76,-0.967801,0.969741,-0.249225,-0.343702,30.0934,846,3,1.0,1.0,150,200,140,30,5,PF_LT_1_10;EQUITY_DD_GT_25;MAX_RECOVERY_STEPS_GT_3,-49.3465
610,-613.22,-0.905790,0.983340,-0.133516,-0.239653,32.8540,677,5,3.0,1.6,200,200,180,45,7,PF_LT_1_10;EQUITY_DD_GT_25;MAX_RECOVERY_STEPS_GT_3,-49.7357
99,-764.75,-0.965593,0.980665,-0.208258,-0.261342,31.9447,792,3,1.5,2.0,500,200,260,45,5,PF_LT_1_10;EQUITY_DD_GT_25;MAX_RECOVERY_STEPS_GT_3,-49.7477
452,-1329.61,-1.856997,0.969349,-0.412045,-0.499201,27.1227,716,3,4.0,1.6,350,200,180,45,7,PF_LT_1_10;EQUITY_DD_GT_25;MAX_RECOVERY_STEPS_GT_3,-49.7927
1879,-704.91,-0.862803,0.982568,-0.209294,-0.248833,32.2222,817,3,2.5,1.6,200,120,220,45,7,PF_LT_1_10;EQUITY_DD_GT_25;MAX_RECOVERY_STEPS_GT_3,-49.9045
626,-1027.99,-1.177537,0.964367,-0.303043,-0.492809,28.5971,873,3,1.0,1.0,100,40,220,45,5,PF_LT_1_10;EQUITY_DD_GT_25;MAX_RECOVERY_STEPS_GT_3,-50.0374
835,-1033.32,-1.183643,0.964169,-0.305125,-0.495234,28.5714,873,3,1.0,1.0,100,40,220,15,5,PF_LT_1_10;EQUITY_DD_GT_25;MAX_RECOVERY_STEPS_GT_3,-50.0690
575,-1032.44,-1.182635,0.964200,-0.304310,-0.494911,28.6087,873,3,1.0,1.0,100,40,220,30,5,PF_LT_1_10;EQUITY_DD_GT_25;MAX_RECOVERY_STEPS_GT_3,-50.0972
379,-979.22,-1.339562,0.972069,-0.255050,-0.468622,29.8545,731,4,3.0,1.4,250,80,140,45,7,PF_LT_1_10;EQUITY_DD_GT_25;MAX_RECOVERY_STEPS_GT_3,-50.3150
2348,-323.21,-0.534231,0.991591,-0.062769,-0.128977,34.7308,605,6,3.5,1.6,250,120,260,45,5,PF_LT_1_10;EQUITY_DD_GT_25;MAX_RECOVERY_STEPS_GT_3,-50.5597
2297,-230.08,-0.338353,0.993448,-0.047603,-0.078711,36.3758,680,6,2.5,2.0,200,120,300,45,7,PF_LT_1_10;EQUITY_DD_GT_25;MAX_RECOVERY_STEPS_GT_3,-50.6671
2087,-431.56,-0.481652,0.987473,-0.086559,-0.175876,35.1653,896,3,1.0,1.2,400,160,220,30,7,PF_LT_1_10;EQUITY_DD_GT_25;MAX_RECOVERY_STEPS_GT_3,-50.6940
415,-337.42,-0.557719,0.991221,-0.065409,-0.134695,34.8057,605,6,3.5,1.8,250,120,260,15,5,PF_LT_1_10;EQUITY_DD_GT_25;MAX_RECOVERY_STEPS_GT_3,-50.7593
186,-482.18,-0.831345,0.984936,-0.101115,-0.210466,33.3787,580,7,3.5,2.0,350,120,140,45,7,PF_LT_1_10;EQUITY_DD_GT_25;MAX_RECOVERY_STEPS_GT_3,-50.9174
620,-1562.29,-2.134276,0.958067,-0.578116,-0.634849,24.6400,732,3,2.5,1.6,350,160,140,30,7,PF_LT_1_10;MAX_RECOVERY_STEPS_GT_3,-51.0559
374,-927.64,-1.295587,0.973819,-0.235504,-0.363223,31.6801,716,5,3.5,1.8,300,80,300,45,7,PF_LT_1_10;EQUITY_DD_GT_25;MAX_RECOVERY_STEPS_GT_3,-51.0972
520,-1504.40,-1.889950,0.950550,-0.610059,-0.722600,23.3655,796,3,1.5,1.4,200,80,100,45,7,PF_LT_1_10;MAX_RECOVERY_STEPS_GT_3,-51.1462
736,-1108.92,-1.270241,0.961339,-0.325622,-0.532803,28.9141,873,3,1.0,1.0,100,40,180,45,5,PF_LT_1_10;EQUITY_DD_GT_25;MAX_RECOVERY_STEPS_GT_3,-51.2624
2071,-639.32,-1.179557,0.983717,-0.149674,-0.232373,32.4566,542,7,4.0,1.0,100,200,260,45,5,PF_LT_1_10;EQUITY_DD_GT_25;MAX_RECOVERY_STEPS_GT_3,-51.3438
1313,-1119.02,-1.281810,0.960983,-0.327981,-0.537653,28.9747,873,3,1.0,1.0,100,40,180,30,5,PF_LT_1_10;EQUITY_DD_GT_25;MAX_RECOVERY_STEPS_GT_3,-51.4315
292,-1221.93,-1.955088,0.957743,-0.378874,-0.616906,26.8691,625,4,3.0,2.0,200,160,100,15,5,PF_LT_1_10;EQUITY_DD_GT_25;MAX_RECOVERY_STEPS_GT_3,-51.6455
976,-1114.49,-1.269351,0.961487,-0.320908,-0.535673,29.2896,878,3,1.0,1.0,100,40,180,30,7,PF_LT_1_10;EQUITY_DD_GT_25;MAX_RECOVERY_STEPS_GT_3,-51.6658
1795,-562.97,-0.675024,0.977081,-0.155229,-0.275818,33.9895,834,3,1.0,1.0,200,160,100,15,7,PF_LT_1_10;EQUITY_DD_GT_25;MAX_RECOVERY_STEPS_GT_3,-51.6762
657,-1135.42,-1.300596,0.960433,-0.331864,-0.545903,29.0702,873,3,1.0,1.0,100,40,180,15,5,PF_LT_1_10;EQUITY_DD_GT_25;MAX_RECOVERY_STEPS_GT_3,-51.7061
2272,-1432.09,-1.598315,0.955080,-0.450063,-0.594394,27.0809,896,3,1.0,1.6,300,80,220,15,7,PF_LT_1_10;EQUITY_DD_GT_25;MAX_RECOVERY_STEPS_GT_3,-51.7642
751,-271.77,-0.451445,0.992561,-0.049464,-0.106681,36.0932,602,6,3.5,2.0,500,120,300,15,5,PF_LT_1_10;EQUITY_DD_GT_25;MAX_RECOVERY_STEPS_GT_3,-51.7810
299,-1217.18,-1.787342,0.969866,-0.336679,-0.545154,29.1598,681,3,3.5,1.2,350,80,220,30,5,PF_LT_1_10;EQUITY_DD_GT_25;MAX_RECOVERY_STEPS_GT_3,-51.8196
1739,-1207.74,-1.521083,0.965891,-0.382202,-0.456383,29.4744,794,3,1.5,1.4,450,160,180,45,5,PF_LT_1_10;EQUITY_DD_GT_25;MAX_RECOVERY_STEPS_GT_3,-51.8600
154,-756.60,-1.351071,0.980953,-0.178950,-0.261208,32.5460,560,7,4.0,2.0,250,200,260,45,5,PF_LT_1_10;EQUITY_DD_GT_25;MAX_RECOVERY_STEPS_GT_3,-52.0182
2185,-1007.78,-1.220073,0.968902,-0.306798,-0.423767,31.1881,826,3,2.5,1.4,150,40,220,30,7,PF_LT_1_10;EQUITY_DD_GT_25;MAX_RECOVERY_STEPS_GT_3,-52.3538
2315,-1164.79,-1.427439,0.954621,-0.386270,-0.548215,29.0205,816,3,1.0,1.6,450,40,140,15,5,PF_LT_1_10;EQUITY_DD_GT_25;MAX_RECOVERY_STEPS_GT_3,-52.6891
1174,-1344.16,-1.548571,0.954592,-0.408369,-0.566059,28.8234,868,3,1.0,1.0,100,160,180,45,5,PF_LT_1_10;EQUITY_DD_GT_25;MAX_RECOVERY_STEPS_GT_3,-52.9635
2321,-750.08,-1.138209,0.983018,-0.150881,-0.263422,34.9605,659,6,3.5,1.6,250,200,260,45,7,PF_LT_1_10;EQUITY_DD_GT_25;MAX_RECOVERY_STEPS_GT_3,-53.0301
1293,-1355.04,-1.561106,0.954221,-0.411581,-0.570544,28.8548,868,3,1.0,1.0,100,160,180,30,5,PF_LT_1_10;EQUITY_DD_GT_25;MAX_RECOVERY_STEPS_GT_3,-53.1072
955,-1316.08,-1.579928,0.955438,-0.384005,-0.570408,29.3237,833,3,1.0,1.0,500,160,180,15,7,PF_LT_1_10;EQUITY_DD_GT_25;MAX_RECOVERY_STEPS_GT_3,-53.2123
2334,-1382.15,-1.596016,0.953189,-0.423331,-0.588399,28.7676,866,3,1.0,1.0,100,200,180,30,5,PF_LT_1_10;EQUITY_DD_GT_25;MAX_RECOVERY_STEPS_GT_3,-53.3935
1631,-699.55,-1.074578,0.981758,-0.138764,-0.297487,35.1513,651,6,3.0,1.0,350,120,220,45,7,PF_LT_1_10;EQUITY_DD_GT_25;MAX_RECOVERY_STEPS_GT_3,-53.5764
132,-1412.68,-1.851481,0.954565,-0.456327,-0.574010,28.8869,763,4,1.5,1.0,200,80,220,30,5,PF_LT_1_10;EQUITY_DD_GT_25;MAX_RECOVERY_STEPS_GT_3,-53.8395
2219,-876.24,-1.114809,0.978617,-0.234092,-0.311305,34.7280,786,3,2.5,1.4,250,160,180,30,7,PF_LT_1_10;EQUITY_DD_GT_25;MAX_RECOVERY_STEPS_GT_3,-54.0464
92,-1470.70,-1.859292,0.959973,-0.434973,-0.543403,29.7760,791,3,1.5,1.2,400,120,260,45,5,PF_LT_1_10;EQUITY_DD_GT_25;MAX_RECOVERY_STEPS_GT_3,-54.0908
1994,-1190.04,-1.388611,0.962195,-0.307226,-0.510656,31.8010,857,3,1.0,2.0,150,160,180,30,5,PF_LT_1_10;EQUITY_DD_GT_25;MAX_RECOVERY_STEPS_GT_3,-54.1993
648,-1179.30,-1.831211,0.966159,-0.308099,-0.659745,30.2621,644,3,3.0,1.2,300,120,100,15,5,PF_LT_1_10;EQUITY_DD_GT_25;MAX_RECOVERY_STEPS_GT_3,-54.5179
1283,-1581.80,-1.938480,0.956883,-0.511880,-0.570937,29.2655,816,3,1.5,1.4,450,120,300,45,7,PF_LT_1_10;EQUITY_DD_GT_25;MAX_RECOVERY_STEPS_GT_3,-55.0153
1271,-1215.32,-1.373243,0.959696,-0.318240,-0.592714,31.6387,885,3,1.0,1.0,100,40,260,30,7,PF_LT_1_10;EQUITY_DD_GT_25;MAX_RECOVERY_STEPS_GT_3,-55.0778
1402,-1523.84,-1.743524,0.948434,-0.468779,-0.645103,29.0409,874,3,1.0,1.0,150,200,180,30,5,PF_LT_1_10;EQUITY_DD_GT_25;MAX_RECOVERY_STEPS_GT_3,-55.1366
913,-1221.42,-1.394315,0.958433,-0.319917,-0.594328,31.6470,876,3,1.0,1.0,100,40,260,15,7,PF_LT_1_10;EQUITY_DD_GT_25;MAX_RECOVERY_STEPS_GT_3,-55.1733
2209,-1230.99,-1.434720,0.961783,-0.311288,-0.511175,32.5539,858,3,1.0,1.8,350,160,220,15,7,PF_LT_1_10;EQUITY_DD_GT_25;MAX_RECOVERY_STEPS_GT_3,-55.1833
1182,-1236.41,-1.421161,0.957578,-0.325856,-0.601801,31.5571,870,3,1.0,1.0,100,40,260,45,5,PF_LT_1_10;EQUITY_DD_GT_25;MAX_RECOVERY_STEPS_GT_3,-55.2591
2081,-1231.12,-1.413456,0.957846,-0.322177,-0.599779,31.6936,871,3,1.0,1.0,100,40,300,30,5,PF_LT_1_10;EQUITY_DD_GT_25;MAX_RECOVERY_STEPS_GT_3,-55.3382
343,-1289.52,-1.495963,0.958902,-0.331355,-0.538679,32.1320,862,3,1.0,1.4,250,160,180,45,7,PF_LT_1_10;EQUITY_DD_GT_25;MAX_RECOVERY_STEPS_GT_3,-55.3539
566,-1246.21,-1.432425,0.957237,-0.327933,-0.606572,31.6138,870,3,1.0,1.0,100,40,260,30,5,PF_LT_1_10;EQUITY_DD_GT_25;MAX_RECOVERY_STEPS_GT_3,-55.4180
2200,-1326.31,-1.549428,0.957027,-0.349517,-0.536784,31.9775,856,3,1.0,1.6,300,160,220,45,5,PF_LT_1_10;EQUITY_DD_GT_25;MAX_RECOVERY_STEPS_GT_3,-55.4877
1963,-1323.75,-1.550059,0.956961,-0.348320,-0.536545,32.0440,854,3,1.0,1.6,300,160,220,15,5,PF_LT_1_10;EQUITY_DD_GT_25;MAX_RECOVERY_STEPS_GT_3,-55.5494
2038,-1278.61,-2.010393,0.965370,-0.324190,-0.629793,31.1400,636,3,3.5,1.2,100,160,140,45,5,PF_LT_1_10;EQUITY_DD_GT_25;MAX_RECOVERY_STEPS_GT_3,-55.6551
1878,-1339.06,-1.564322,0.956614,-0.352612,-0.542400,32.0266,856,3,1.0,1.6,300,160,220,30,5,PF_LT_1_10;EQUITY_DD_GT_25;MAX_RECOVERY_STEPS_GT_3,-55.6636
1090,-1486.08,-1.818947,0.953142,-0.385423,-0.597533,31.1708,817,4,1.0,1.8,350,200,260,15,7,PF_LT_1_10;EQUITY_DD_GT_25;MAX_RECOVERY_STEPS_GT_3,-55.8017
2046,-1155.93,-1.694912,0.974395,-0.245290,-0.460666,34.7618,682,3,3.5,1.4,350,160,180,45,5,PF_LT_1_10;EQUITY_DD_GT_25;MAX_RECOVERY_STEPS_GT_3,-56.1535
1147,-740.02,-1.378063,0.981911,-0.147121,-0.277369,36.3995,537,7,4.0,1.0,150,200,260,30,5,PF_LT_1_10;EQUITY_DD_GT_25;MAX_RECOVERY_STEPS_GT_3,-56.6216
1437,-1064.34,-1.296395,0.956399,-0.298393,-0.525765,33.7162,821,3,1.0,1.0,200,160,100,15,5,PF_LT_1_10;EQUITY_DD_GT_25;MAX_RECOVERY_STEPS_GT_3,-56.7190
1382,-1317.03,-1.602226,0.959493,-0.384738,-0.563191,32.5129,822,3,2.5,1.6,100,40,260,30,7,PF_LT_1_10;EQUITY_DD_GT_25;MAX_RECOVERY_STEPS_GT_3,-56.8362
1469,-778.32,-1.446691,0.980620,-0.155719,-0.290972,36.3538,538,7,4.0,1.0,100,200,260,30,5,PF_LT_1_10;EQUITY_DD_GT_25;MAX_RECOVERY_STEPS_GT_3,-56.8627
2419,-1353.63,-1.527799,0.955636,-0.394177,-0.553047,32.8270,886,3,1.0,1.6,150,120,220,15,7,PF_LT_1_10;EQUITY_DD_GT_25;MAX_RECOVERY_STEPS_GT_3,-57.3883
1978,-1051.35,-1.238339,0.961815,-0.270108,-0.460572,35.3610,849,3,1.0,1.0,150,200,140,30,7,PF_LT_1_10;EQUITY_DD_GT_25;MAX_RECOVERY_STEPS_GT_3,-57.4270
249,-309.18,-0.393860,0.990865,-0.068338,-0.111710,41.7516,785,3,2.5,1.4,200,80,220,45,5,PF_LT_1_10;EQUITY_DD_GT_25;MAX_RECOVERY_STEPS_GT_3,-57.5638
396,-1480.20,-2.619823,0.960903,-0.398267,-0.538252,31.9587,565,6,4.0,1.4,200,200,260,45,5,PF_LT_1_10;EQUITY_DD_GT_25;MAX_RECOVERY_STEPS_GT_3,-58.0039
2355,-1570.19,-2.389939,0.959270,-0.378656,-0.585236,32.9721,657,6,3.5,1.6,250,160,220,30,7,PF_LT_1_10;EQUITY_DD_GT_25;MAX_RECOVERY_STEPS_GT_3,-58.1386
930,-1500.04,-1.861092,0.942928,-0.468742,-0.694995,31.1064,806,3,1.0,1.0,500,120,140,30,5,PF_LT_1_10;EQUITY_DD_GT_25;MAX_RECOVERY_STEPS_GT_3,-58.3063
2344,-1756.38,-2.009588,0.942788,-0.527620,-0.732115,30.3873,874,3,1.0,1.0,200,160,220,15,5,PF_LT_1_10;EQUITY_DD_GT_25;MAX_RECOVERY_STEPS_GT_3,-58.7026
1071,-1005.91,-1.222248,0.958125,-0.255011,-0.495525,36.2351,823,3,1.0,1.0,150,120,100,30,5,PF_LT_1_10;EQUITY_DD_GT_25;MAX_RECOVERY_STEPS_GT_3,-58.7282
2317,-1628.75,-2.046168,0.933747,-0.535801,-0.835124,29.2549,796,3,1.0,1.6,450,40,100,15,5,PF_LT_1_10;EQUITY_DD_GT_25;MAX_RECOVERY_STEPS_GT_3,-58.8130
637,-1629.95,-2.045107,0.934080,-0.535984,-0.835747,29.2665,797,3,1.0,1.6,450,40,100,15,7,PF_LT_1_10;EQUITY_DD_GT_25;MAX_RECOVERY_STEPS_GT_3,-58.8242
1138,-1728.35,-2.713265,0.961412,-0.452621,-0.697142,31.5838,637,3,4.0,1.0,500,160,220,45,5,PF_LT_1_10;EQUITY_DD_GT_25;MAX_RECOVERY_STEPS_GT_3,-58.9119
429,-1270.57,-2.190638,0.961615,-0.286102,-0.563526,34.1244,580,6,3.5,1.2,500,80,260,15,5,PF_LT_1_10;EQUITY_DD_GT_25;MAX_RECOVERY_STEPS_GT_3,-58.9338
2190,-1642.07,-1.868111,0.952043,-0.400015,-0.641751,33.2939,879,3,1.0,1.0,450,160,300,45,5,PF_LT_1_10;EQUITY_DD_GT_25;MAX_RECOVERY_STEPS_GT_3,-59.0489
2291,-1023.70,-1.236353,0.957921,-0.257694,-0.504806,36.4579,828,3,1.0,1.0,150,160,100,30,7,PF_LT_1_10;EQUITY_DD_GT_25;MAX_RECOVERY_STEPS_GT_3,-59.1357
2405,-1651.17,-1.878464,0.951773,-0.402085,-0.645872,33.3234,879,3,1.0,1.0,450,160,300,30,5,PF_LT_1_10;EQUITY_DD_GT_25;MAX_RECOVERY_STEPS_GT_3,-59.1660
42,-1749.74,-2.217668,0.938835,-0.452951,-0.729149,31.9905,789,4,1.0,1.0,500,200,260,30,5,PF_LT_1_10;EQUITY_DD_GT_25;MAX_RECOVERY_STEPS_GT_3,-59.6151
977,-1748.55,-2.661416,0.949415,-0.501174,-0.909162,29.7172,657,3,3.0,2.0,300,120,100,15,5,PF_LT_1_10;EQUITY_DD_GT_25;MAX_RECOVERY_STEPS_GT_3,-59.6546
523,-1553.64,-1.853986,0.943107,-0.423479,-0.696611,33.1596,838,3,1.0,1.8,400,80,140,45,7,PF_LT_1_10;EQUITY_DD_GT_25;MAX_RECOVERY_STEPS_GT_3,-60.1011
902,-1773.33,-2.040656,0.946810,-0.436626,-0.687032,33.3549,869,3,1.0,1.0,450,160,260,30,5,PF_LT_1_10;EQUITY_DD_GT_25;MAX_RECOVERY_STEPS_GT_3,-60.3072
1278,-1070.77,-1.304227,0.955189,-0.265638,-0.525308,37.0923,821,3,1.0,1.0,100,120,100,30,5,PF_LT_1_10;EQUITY_DD_GT_25;MAX_RECOVERY_STEPS_GT_3,-60.3168
1785,-948.91,-1.107246,0.965509,-0.230214,-0.399966,39.1270,857,3,1.0,1.6,200,120,140,15,7,PF_LT_1_10;EQUITY_DD_GT_25;MAX_RECOVERY_STEPS_GT_3,-60.6125
1518,-1826.09,-2.103790,0.943246,-0.468286,-0.759449,32.6042,868,3,1.0,1.0,450,200,260,30,5,PF_LT_1_10;EQUITY_DD_GT_25;MAX_RECOVERY_STEPS_GT_3,-60.7302
1230,-1104.65,-1.316627,0.954913,-0.272300,-0.548069,37.3397,839,3,1.0,1.0,100,80,100,30,7,PF_LT_1_10;EQUITY_DD_GT_25;MAX_RECOVERY_STEPS_GT_3,-60.9509
1627,-1850.54,-2.129505,0.942454,-0.473750,-0.769114,32.7084,869,3,1.0,1.0,450,200,260,30,7,PF_LT_1_10;EQUITY_DD_GT_25;MAX_RECOVERY_STEPS_GT_3,-61.0616
170,-1718.91,-2.494790,0.941599,-0.532516,-0.884020,31.0877,689,3,2.0,1.2,150,160,100,45,5,PF_LT_1_10;EQUITY_DD_GT_25;MAX_RECOVERY_STEPS_GT_3,-61.3344
357,-1033.67,-1.349439,0.965837,-0.254420,-0.436700,39.3873,766,3,2.5,1.0,100,40,300,30,5,PF_LT_1_10;EQUITY_DD_GT_25;MAX_RECOVERY_STEPS_GT_3,-61.6438
2361,-1607.80,-1.902722,0.941788,-0.395739,-0.721362,35.2203,845,3,1.0,1.6,350,80,140,15,5,PF_LT_1_10;EQUITY_DD_GT_25;MAX_RECOVERY_STEPS_GT_3,-62.4515
450,-949.88,-1.224072,0.971471,-0.217060,-0.382039,41.2532,776,3,2.5,1.6,200,80,140,30,5,PF_LT_1_10;EQUITY_DD_GT_25;MAX_RECOVERY_STEPS_GT_3,-62.5786
2353,-2047.65,-2.356329,0.932968,-0.602947,-0.806535,31.8654,869,3,1.0,1.6,300,120,300,30,5,PF_LT_1_10;EQUITY_DD_GT_25;MAX_RECOVERY_STEPS_GT_3,-62.6942
432,-2203.63,-3.189045,0.928841,-0.798880,-1.174718,26.1342,691,3,3.0,1.0,250,120,100,15,7,PF_LT_1_10;EQUITY_DD_GT_25;MAX_RECOVERY_STEPS_GT_3,-62.7106
427,-1655.02,-2.542273,0.955535,-0.344667,-0.669276,36.5245,651,6,3.5,1.6,350,120,220,15,7,PF_LT_1_10;EQUITY_DD_GT_25;MAX_RECOVERY_STEPS_GT_3,-62.9484
1116,-1660.73,-1.958408,0.940692,-0.414973,-0.734169,35.5079,848,3,1.0,1.6,350,80,140,15,7,PF_LT_1_10;EQUITY_DD_GT_25;MAX_RECOVERY_STEPS_GT_3,-63.2515
1555,-1177.92,-1.626961,0.967746,-0.281360,-0.388076,40.9814,724,3,2.5,1.8,250,200,220,30,5,PF_LT_1_10;EQUITY_DD_GT_25;MAX_RECOVERY_STEPS_GT_3,-63.4077
536,-1256.04,-1.518791,0.948766,-0.291559,-0.622072,39.4181,827,3,1.0,1.0,200,160,100,30,5,PF_LT_1_10;EQUITY_DD_GT_25;MAX_RECOVERY_STEPS_GT_3,-64.6890
197,-1960.75,-2.678620,0.947276,-0.539334,-0.728739,35.5875,732,3,2.5,1.6,200,200,180,15,5,PF_LT_1_10;EQUITY_DD_GT_25;MAX_RECOVERY_STEPS_GT_3,-64.9277
2369,-1391.54,-1.743784,0.964197,-0.319169,-0.510192,40.7023,798,3,2.5,1.6,200,120,180,30,7,PF_LT_1_10;EQUITY_DD_GT_25;MAX_RECOVERY_STEPS_GT_3,-64.9853
2345,-2294.37,-2.664774,0.922100,-0.681449,-0.958606,31.8036,861,3,1.0,1.6,300,80,220,30,5,PF_LT_1_10;EQUITY_DD_GT_25;MAX_RECOVERY_STEPS_GT_3,-65.6986
1031,-2019.93,-2.543992,0.922360,-0.587684,-0.930755,33.2210,794,3,1.0,2.0,500,160,140,15,5,PF_LT_1_10;EQUITY_DD_GT_25;MAX_RECOVERY_STEPS_GT_3,-65.7054
1738,-1319.02,-1.742431,0.964744,-0.296144,-0.444135,42.3175,757,3,2.5,2.0,250,120,260,15,5,PF_LT_1_10;EQUITY_DD_GT_25;MAX_RECOVERY_STEPS_GT_3,-65.8985
1993,-1804.29,-2.166014,0.935266,-0.466828,-0.784932,36.5086,833,3,1.0,1.6,300,200,140,30,5,PF_LT_1_10;EQUITY_DD_GT_25;MAX_RECOVERY_STEPS_GT_3,-65.9278
104,-1402.11,-1.663238,0.946910,-0.335383,-0.596716,40.4595,843,3,1.0,1.6,100,160,140,15,5,PF_LT_1_10;EQUITY_DD_GT_25;MAX_RECOVERY_STEPS_GT_3,-66.4075
1371,-1976.79,-2.236188,0.935521,-0.492475,-0.829143,36.5704,884,3,1.0,1.0,100,200,220,45,7,PF_LT_1_10;EQUITY_DD_GT_25;MAX_RECOVERY_STEPS_GT_3,-66.8198
479,-2303.98,-3.764673,0.935369,-0.601225,-0.954717,33.2416,612,6,3.5,1.6,250,160,180,15,7,PF_LT_1_10;EQUITY_DD_GT_25;MAX_RECOVERY_STEPS_GT_3,-66.9747
378,-2146.77,-3.282523,0.941049,-0.478303,-0.824275,36.6449,654,6,3.5,1.8,300,120,300,15,7,PF_LT_1_10;EQUITY_DD_GT_25;MAX_RECOVERY_STEPS_GT_3,-67.1116
1982,-1520.93,-1.819294,0.944083,-0.334906,-0.675979,40.9397,836,3,1.0,1.2,200,200,140,30,7,PF_LT_1_10;EQUITY_DD_GT_25;MAX_RECOVERY_STEPS_GT_3,-67.8681
2125,-1067.03,-1.262757,0.960042,-0.217513,-0.457774,45.0217,845,3,1.0,1.0,100,120,140,30,5,PF_LT_1_10;EQUITY_DD_GT_25;MAX_RECOVERY_STEPS_GT_3,-68.2650
991,-2006.22,-2.256715,0.936418,-0.464916,-0.783489,38.5373,889,3,1.0,1.0,100,200,300,45,5,PF_LT_1_10;EQUITY_DD_GT_25;MAX_RECOVERY_STEPS_GT_3,-68.2788
245,-2185.39,-2.535255,0.925324,-0.528925,-0.927454,36.6248,862,3,1.0,2.0,300,80,180,15,7,PF_LT_1_10;EQUITY_DD_GT_25;MAX_RECOVERY_STEPS_GT_3,-68.7718
2368,-1437.13,-1.714952,0.948382,-0.287752,-0.592327,43.2859,838,3,1.0,1.6,350,120,180,45,5,PF_LT_1_10;EQUITY_DD_GT_25;MAX_RECOVERY_STEPS_GT_3,-68.9893
1351,-1440.93,-1.719487,0.948232,-0.288618,-0.593972,43.2751,838,3,1.0,1.6,350,120,180,30,5,PF_LT_1_10;EQUITY_DD_GT_25;MAX_RECOVERY_STEPS_GT_3,-69.0110
1709,-2019.59,-2.351094,0.925095,-0.488108,-0.912150,37.9780,859,3,1.0,1.0,100,80,140,15,5,PF_LT_1_10;EQUITY_DD_GT_25;MAX_RECOVERY_STEPS_GT_3,-69.6384
2371,-2139.80,-2.465207,0.927436,-0.520605,-0.940158,37.4518,868,3,1.0,1.0,100,120,180,30,7,PF_LT_1_10;EQUITY_DD_GT_25;MAX_RECOVERY_STEPS_GT_3,-69.6926
2310,-2191.71,-2.501952,0.926872,-0.536407,-0.964329,37.2257,876,3,1.0,1.0,100,160,180,45,7,PF_LT_1_10;EQUITY_DD_GT_25;MAX_RECOVERY_STEPS_GT_3,-69.9197
824,-2192.94,-2.503356,0.926799,-0.536558,-0.963327,37.2452,876,3,1.0,1.0,100,160,180,15,7,PF_LT_1_10;EQUITY_DD_GT_25;MAX_RECOVERY_STEPS_GT_3,-69.9379
1360,-2198.44,-2.509635,0.926624,-0.537997,-0.967185,37.2342,876,3,1.0,1.0,100,160,180,30,7,PF_LT_1_10;EQUITY_DD_GT_25;MAX_RECOVERY_STEPS_GT_3,-69.9910
2280,-2083.87,-2.457394,0.927031,-0.535376,-0.901379,37.9273,848,3,1.0,1.0,250,120,220,15,5,PF_LT_1_10;EQUITY_DD_GT_25;MAX_RECOVERY_STEPS_GT_3,-70.1111
1235,-2148.33,-2.518558,0.926905,-0.476554,-0.934807,39.0758,853,3,1.0,1.6,350,80,180,30,5,PF_LT_1_10;EQUITY_DD_GT_25;MAX_RECOVERY_STEPS_GT_3,-70.9457
1045,-2770.66,-4.579603,0.913030,-0.810369,-1.097074,32.1775,605,7,4.0,1.4,200,120,220,45,7,PF_LT_1_10;EQUITY_DD_GT_25;MAX_RECOVERY_STEPS_GT_3,-71.1404
750,-2363.37,-2.679558,0.925063,-0.552712,-0.939816,38.6318,882,3,1.0,1.0,100,200,260,30,5,PF_LT_1_10;EQUITY_DD_GT_25;MAX_RECOVERY_STEPS_GT_3,-71.6698
1789,-2151.57,-2.601657,0.921126,-0.505982,-1.006816,39.4488,827,3,1.0,1.0,250,160,140,45,5,PF_LT_1_10;EQUITY_DD_GT_25;MAX_RECOVERY_STEPS_GT_3,-72.7570
1242,-1523.65,-2.028828,0.958059,-0.307043,-0.520550,47.3228,751,3,2.5,1.4,250,120,220,15,5,PF_LT_1_10;EQUITY_DD_GT_25;MAX_RECOVERY_STEPS_GT_3,-73.0664
1686,-2506.68,-2.881241,0.918886,-0.599495,-1.083853,38.3018,870,3,1.0,1.0,150,160,220,30,5,PF_LT_1_10;EQUITY_DD_GT_25;MAX_RECOVERY_STEPS_GT_3,-73.6321
2093,-2503.94,-2.878092,0.919068,-0.594550,-1.082813,38.4622,870,3,1.0,1.2,150,160,220,30,5,PF_LT_1_10;EQUITY_DD_GT_25;MAX_RECOVERY_STEPS_GT_3,-73.7336
255,-2521.08,-2.897793,0.918420,-0.601149,-1.090047,38.4206,870,3,1.0,1.0,150,160,220,15,5,PF_LT_1_10;EQUITY_DD_GT_25;MAX_RECOVERY_STEPS_GT_3,-73.8777
1072,-2540.23,-2.971029,0.908622,-0.663382,-1.189926,36.6103,855,3,1.0,1.0,250,80,140,30,5,PF_LT_1_10;EQUITY_DD_GT_25;MAX_RECOVERY_STEPS_GT_3,-73.9806
2381,-2090.95,-2.477429,0.926579,-0.447075,-0.892452,42.5270,844,3,1.0,1.0,250,120,220,45,5,PF_LT_1_10;EQUITY_DD_GT_25;MAX_RECOVERY_STEPS_GT_3,-74.2328
2311,-2410.10,-2.886347,0.914733,-0.596720,-1.060717,38.9216,835,3,1.0,1.0,300,120,180,45,5,PF_LT_1_10;EQUITY_DD_GT_25;MAX_RECOVERY_STEPS_GT_3,-74.2482
2026,-2417.59,-2.874661,0.910835,-0.610646,-1.125511,38.1578,841,3,1.0,1.0,300,80,140,30,5,PF_LT_1_10;EQUITY_DD_GT_25;MAX_RECOVERY_STEPS_GT_3,-74.3249
1199,-2364.50,-2.714696,0.921918,-0.537418,-0.950934,41.4712,871,3,1.0,1.6,200,120,300,15,5,PF_LT_1_10;EQUITY_DD_GT_25;MAX_RECOVERY_STEPS_GT_3,-75.0689
2309,-2537.27,-2.838110,0.920890,-0.542841,-1.017522,41.3778,894,3,1.0,1.0,150,200,260,30,7,PF_LT_1_10;EQUITY_DD_GT_25;MAX_RECOVERY_STEPS_GT_3,-75.7400
2406,-2052.24,-2.718199,0.944830,-0.410957,-0.699486,47.6617,755,3,2.5,1.6,200,160,220,45,5,PF_LT_1_10;EQUITY_DD_GT_25;MAX_RECOVERY_STEPS_GT_3,-77.2842
253,-2605.96,-3.706913,0.932908,-0.571276,-0.973990,43.2022,703,3,3.0,2.0,100,160,180,45,5,PF_LT_1_10;EQUITY_DD_GT_25;MAX_RECOVERY_STEPS_GT_3,-77.4999
2099,-2829.03,-3.244300,0.910366,-0.619381,-1.223379,41.6134,872,3,1.0,1.0,100,160,220,45,7,PF_LT_1_10;EQUITY_DD_GT_25;MAX_RECOVERY_STEPS_GT_3,-79.5978
1626,-2837.73,-3.254278,0.910075,-0.620369,-1.227551,41.6800,872,3,1.0,1.0,100,160,220,30,7,PF_LT_1_10;EQUITY_DD_GT_25;MAX_RECOVERY_STEPS_GT_3,-79.7444
791,-2868.70,-3.304954,0.907438,-0.633471,-1.234683,41.5561,868,3,1.0,1.0,100,160,220,45,5,PF_LT_1_10;EQUITY_DD_GT_25;MAX_RECOVERY_STEPS_GT_3,-79.9559
1965,-2878.44,-3.316175,0.907068,-0.634803,-1.240914,41.6200,868,3,1.0,1.0,100,160,220,15,5,PF_LT_1_10;EQUITY_DD_GT_25;MAX_RECOVERY_STEPS_GT_3,-80.1278
2256,-3148.48,-3.699741,0.890986,-0.818657,-1.415130,37.4748,851,3,1.0,1.0,250,80,220,15,5,PF_LT_1_10;EQUITY_DD_GT_25;MAX_RECOVERY_STEPS_GT_3,-80.2164
2308,-3116.47,-4.026447,0.907054,-0.732240,-1.309142,41.9055,774,3,4.0,1.4,150,120,140,45,7,PF_LT_1_10;EQUITY_DD_GT_25;MAX_RECOVERY_STEPS_GT_3,-82.6147
407,-3521.70,-5.707780,0.887262,-0.867965,-1.394915,38.8788,617,7,3.5,1.4,150,120,220,15,7,PF_LT_1_10;EQUITY_DD_GT_25;MAX_RECOVERY_STEPS_GT_3,-83.7547
2318,-3334.99,-4.047318,0.883106,-0.754285,-1.526805,42.6136,824,3,1.0,1.0,300,200,180,30,5,PF_LT_1_10;EQUITY_DD_GT_25;MAX_RECOVERY_STEPS_GT_3,-86.8099
2413,-2558.39,-3.724003,0.933048,-0.458528,-0.872513,53.3979,687,3,4.0,1.8,200,120,260,45,5,PF_LT_1_10;EQUITY_DD_GT_25;MAX_RECOVERY_STEPS_GT_3,-87.2096
1463,-3763.75,-4.267290,0.882284,-0.751806,-1.691702,45.4696,882,3,1.0,1.0,100,160,260,30,5,PF_LT_1_10;EQUITY_DD_GT_25;MAX_RECOVERY_STEPS_GT_3,-91.8777
574,-3774.25,-4.240730,0.883013,-0.758046,-1.698805,45.3728,890,3,1.0,1.0,100,160,260,15,7,PF_LT_1_10;EQUITY_DD_GT_25;MAX_RECOVERY_STEPS_GT_3,-91.9006
1538,-3775.45,-4.242079,0.883035,-0.757739,-1.697683,45.4001,890,3,1.0,1.0,100,160,260,30,7,PF_LT_1_10;EQUITY_DD_GT_25;MAX_RECOVERY_STEPS_GT_3,-91.9168
1699,-3769.24,-4.273515,0.882076,-0.752844,-1.694757,45.4899,882,3,1.0,1.0,100,160,260,15,5,PF_LT_1_10;EQUITY_DD_GT_25;MAX_RECOVERY_STEPS_GT_3,-91.9554
366,-3618.43,-5.118006,0.890097,-0.690162,-1.553386,48.5124,707,3,2.5,1.0,100,120,140,45,5,PF_LT_1_10;EQUITY_DD_GT_25;MAX_RECOVERY_STEPS_GT_3,-92.9478
798,-3963.94,-4.657979,0.872863,-0.818277,-1.725261,45.7125,851,3,1.0,1.6,300,160,260,15,5,PF_LT_1_10;EQUITY_DD_GT_25;MAX_RECOVERY_STEPS_GT_3,-93.8316
413,-3994.39,-5.649774,0.877914,-0.843086,-1.676639,46.3780,707,3,2.5,1.4,200,200,140,15,5,PF_LT_1_10;EQUITY_DD_GT_25;MAX_RECOVERY_STEPS_GT_3,-94.3393
2389,-3554.46,-5.234845,0.905225,-0.637050,-1.250667,53.4009,679,3,4.0,1.8,200,120,260,30,5,PF_LT_1_10;EQUITY_DD_GT_25;MAX_RECOVERY_STEPS_GT_3,-94.7606
412,-3837.83,-4.411299,0.883222,-0.643090,-1.678960,50.3712,870,3,1.0,1.8,100,160,300,30,5,PF_LT_1_10;EQUITY_DD_GT_25;MAX_RECOVERY_STEPS_GT_3,-95.9686
6,-4226.12,-5.627324,0.886324,-0.648665,-1.500481,59.1004,751,3,4.0,2.0,350,120,300,15,7,PF_LT_1_10;EQUITY_DD_GT_25;MAX_RECOVERY_STEPS_GT_3,-104.6339
